test_id,true_label,predicted_label,confidence
0,49,30,0.15925750136375427
1,33,33,0.20330195128917694
2,72,45,0.1291014850139618
3,51,72,0.09453897923231125
4,71,71,0.9249975681304932
5,92,6,0.1616690754890442
6,15,27,0.11465484648942947
7,14,74,0.2211969643831253
8,23,71,0.7551712989807129
9,0,0,0.3876098096370697
10,71,87,0.43147432804107666
11,75,75,0.1678374856710434
12,81,58,0.4519983232021332
13,69,69,0.44270381331443787
14,40,20,0.2619221806526184
15,43,63,0.08798731118440628
16,92,0,0.40539446473121643
17,97,97,0.26318904757499695
18,70,70,0.7517971396446228
19,53,92,0.26278653740882874
20,70,61,0.788530170917511
21,49,39,0.2581561207771301
22,75,3,0.30538761615753174
23,29,47,0.18531379103660583
24,21,21,0.853613555431366
25,16,87,0.26033806800842285
26,39,39,0.36103594303131104
27,8,8,0.6300397515296936
28,8,16,0.1756245642900467
29,70,2,0.2577172517776489
30,20,20,0.9198116660118103
31,61,61,0.5498570203781128
32,41,41,0.5766475796699524
33,93,73,0.28211939334869385
34,56,96,0.13908599317073822
35,73,8,0.07398880273103714
36,58,26,0.3721142113208771
37,11,35,0.36115023493766785
38,25,25,0.5526540279388428
39,37,85,0.1316174417734146
40,63,63,0.2729928493499756
41,24,3,0.13086998462677002
42,49,72,0.19913744926452637
43,73,73,0.22432690858840942
44,56,56,0.9346579313278198
45,22,22,0.7268863916397095
46,41,1,0.4831027090549469
47,58,57,0.16939371824264526
48,75,19,0.13022005558013916
49,17,32,0.25598791241645813
50,4,72,0.08860412985086441
51,6,45,0.21934863924980164
52,9,9,0.529642641544342
53,57,87,0.3043692409992218
54,2,5,0.2207319140434265
55,32,38,0.12141606956720352
56,71,71,0.4875923991203308
57,52,52,0.9210301637649536
58,42,42,0.10799644142389297
59,69,30,0.4391624927520752
60,77,7,0.1304667741060257
61,27,33,0.16523224115371704
62,15,38,0.21819007396697998
63,65,33,0.16987702250480652
64,7,92,0.3216347098350525
65,35,92,0.1482023447751999
66,43,32,0.091652512550354
67,82,14,0.23570828139781952
68,63,63,0.43397897481918335
69,92,92,0.24986426532268524
70,66,8,0.12490151822566986
71,90,37,0.18335168063640594
72,67,23,0.21632124483585358
73,91,91,0.19374710321426392
74,32,67,0.13920308649539948
75,32,98,0.08651889860630035
76,82,82,0.9922438263893127
77,10,10,0.43359753489494324
78,77,35,0.17208267748355865
79,22,61,0.8314961791038513
80,71,71,0.5029413104057312
81,78,45,0.06827760487794876
82,54,54,0.4779053032398224
83,6,14,0.1710195541381836
84,29,1,0.49787864089012146
85,89,89,0.2650558650493622
86,78,5,0.3169996738433838
87,33,33,0.392634779214859
88,11,36,0.16496604681015015
89,67,30,0.1751500517129898
90,22,21,0.23108986020088196
91,18,9,0.14526717364788055
92,27,4,0.18816031515598297
93,21,43,0.18146935105323792
94,13,13,0.45192426443099976
95,21,31,0.14069364964962006
96,50,32,0.1986078917980194
97,75,7,0.19084617495536804
98,37,68,0.2836743891239166
99,35,89,0.19295614957809448
100,26,51,0.1686701625585556
101,83,53,0.5882129073143005
102,47,47,0.7856541275978088
103,95,7,0.2363414317369461
104,43,4,0.258510559797287
105,69,69,0.8445799350738525
106,76,76,0.35317274928092957
107,17,17,0.7826535105705261
108,57,57,0.23312145471572876
109,59,59,0.3181326985359192
110,25,5,0.5860646963119507
111,20,20,0.6629518270492554
112,27,27,0.19578105211257935
113,0,83,0.28313934803009033
114,9,94,0.25597748160362244
115,71,68,0.3781806230545044
116,8,48,0.5327640175819397
117,43,43,0.34810951352119446
118,57,40,0.3459120988845825
119,56,56,0.8973780870437622
120,85,85,0.3171366751194
121,10,26,0.30275240540504456
122,19,38,0.18280164897441864
123,92,62,0.3162458837032318
124,33,33,0.7442986369132996
125,20,20,0.14812377095222473
126,21,3,0.2465696781873703
127,50,66,0.10896558314561844
128,70,58,0.24913430213928223
129,46,21,0.16702400147914886
130,11,20,0.18019267916679382
131,16,16,0.8310406804084778
132,1,2,0.11364375054836273
133,74,63,0.5694000124931335
134,33,3,0.1985694319009781
135,91,91,0.6277918219566345
136,60,60,0.6541789770126343
137,64,97,0.18201898038387299
138,52,52,0.8987739682197571
139,23,23,0.3676203787326813
140,4,63,0.1700030267238617
141,11,20,0.2038051337003708
142,52,52,0.9591307044029236
143,37,47,0.09030445665121078
144,24,72,0.1681416928768158
145,95,30,0.5689880847930908
146,25,86,0.19453291594982147
147,39,39,0.19737030565738678
148,51,91,0.15490496158599854
149,58,68,0.336957186460495
150,58,45,0.3516847491264343
151,77,8,0.1217121109366417
152,18,91,0.24869538843631744
153,59,68,0.3250606060028076
154,45,45,0.29777005314826965
155,66,97,0.1476908028125763
156,58,58,0.8836660981178284
157,20,5,0.7356230020523071
158,24,24,0.37654897570610046
159,4,42,0.26895564794540405
160,36,2,0.09486155956983566
161,8,8,0.08283457159996033
162,87,79,0.1437356173992157
163,10,40,0.4004562497138977
164,30,97,0.09396448731422424
165,47,52,0.4176465570926666
166,54,54,0.9752248525619507
167,99,33,0.13333576917648315
168,51,43,0.11410967260599136
169,83,0,0.4087618291378021
170,9,95,0.2121463268995285
171,37,26,0.08093331009149551
172,4,27,0.12064880132675171
173,83,16,0.34579187631607056
174,95,95,0.7620237469673157
175,83,83,0.3428778052330017
176,32,95,0.2577453851699829
177,73,30,0.20818784832954407
178,18,18,0.1961718499660492
179,40,40,0.419001042842865
180,39,37,0.09895020723342896
181,64,66,0.16330234706401825
182,22,22,0.5482769012451172
183,80,65,0.17234328389167786
184,28,50,0.1315828412771225
185,28,38,0.16985668241977692
186,40,98,0.13628146052360535
187,95,95,0.2193048745393753
188,98,83,0.0870242714881897
189,83,62,0.4330544173717499
190,12,58,0.4212609827518463
191,24,7,0.7686309814453125
192,45,21,0.13384421169757843
193,13,82,0.8341612219810486
194,94,94,0.9705872535705566
195,24,20,0.31385865807533264
196,58,48,0.3523266315460205
197,63,42,0.28303250670433044
198,7,77,0.26099562644958496
199,87,87,0.5742586851119995
200,6,77,0.2733120024204254
201,78,39,0.1510973423719406
202,68,68,0.5366696119308472
203,60,60,0.3649633526802063
204,6,63,0.23343367874622345
205,23,23,0.2712927460670471
206,44,20,0.2858145534992218
207,31,31,0.6028741002082825
208,80,3,0.13339416682720184
209,93,52,0.3422487676143646
210,73,95,0.2433042824268341
211,98,98,0.2770827114582062
212,49,49,0.23076355457305908
213,90,33,0.09770878404378891
214,97,97,0.44643649458885193
215,59,3,0.11362051218748093
216,2,57,0.23952694237232208
217,67,95,0.3410903513431549
218,16,83,0.18807452917099
219,81,81,0.16989800333976746
220,94,33,0.14997772872447968
221,27,68,0.1496172547340393
222,76,23,0.4362901449203491
223,77,94,0.1210918128490448
224,12,87,0.20170456171035767
225,18,39,0.11362401396036148
226,0,0,0.8925508856773376
227,76,17,0.3751189708709717
228,79,48,0.173760786652565
229,71,71,0.46390148997306824
230,89,12,0.16262508928775787
231,57,53,0.2747873365879059
232,47,59,0.33100050687789917
233,24,24,0.684269905090332
234,65,65,0.22929850220680237
235,0,70,0.3656230866909027
236,32,97,0.12866884469985962
237,36,43,0.20805689692497253
238,82,82,0.9564422965049744
239,31,31,0.2038242667913437
240,23,68,0.4115091860294342
241,24,24,0.7412732839584351
242,34,34,0.2515510320663452
243,21,58,0.39404332637786865
244,11,86,0.28574156761169434
245,53,62,0.745919406414032
246,80,65,0.12076631933450699
247,44,91,0.1749621033668518
248,4,4,0.17208901047706604
249,39,39,0.2734415829181671
250,91,91,0.41894954442977905
251,16,32,0.18083451688289642
252,36,76,0.09484884887933731
253,68,23,0.1532306969165802
254,50,24,0.2532293200492859
255,97,66,0.21488696336746216
256,58,65,0.08046726882457733
257,31,4,0.1751774102449417
258,6,36,0.1145959123969078
259,42,43,0.2700824439525604
260,80,80,0.14603836834430695
261,76,67,0.19423185288906097
262,89,12,0.19601137936115265
263,55,72,0.10324326902627945
264,19,48,0.31367018818855286
265,91,54,0.27642595767974854
266,70,43,0.18355697393417358
267,1,1,0.5776476263999939
268,6,5,0.15655027329921722
269,62,45,0.2629956007003784
270,99,61,0.7974947690963745
271,51,91,0.21046407520771027
272,96,52,0.7551348209381104
273,83,33,0.20094779133796692
274,42,42,0.2597566545009613
275,18,91,0.6100332736968994
276,67,93,0.4400359094142914
277,66,50,0.14608626067638397
278,40,69,0.18442516028881073
279,62,62,0.6162517666816711
280,78,78,0.23345570266246796
281,84,22,0.20705638825893402
282,28,28,0.757006049156189
283,89,58,0.673059344291687
284,30,30,0.4167843759059906
285,66,29,0.09947700053453445
286,18,18,0.18399497866630554
287,38,3,0.22245179116725922
288,42,42,0.1322808563709259
289,92,92,0.2929196059703827
290,27,65,0.11840290576219559
291,11,59,0.09075962752103806
292,86,94,0.259985089302063
293,44,27,0.18120324611663818
294,96,41,0.18698759377002716
295,12,12,0.2333773523569107
296,16,87,0.4468788504600525
297,67,63,0.2533314526081085
298,43,33,0.307895690202713
299,89,48,0.4335503578186035
300,96,33,0.2949182391166687
301,12,9,0.1227928176522255
302,40,27,0.18649254739284515
303,7,24,0.5149956345558167
304,86,95,0.19551175832748413
305,77,38,0.0772363692522049
306,76,76,0.7713344097137451
307,31,4,0.2985547184944153
308,18,96,0.15424469113349915
309,28,28,0.8792710304260254
310,19,46,0.17496857047080994
311,18,14,0.2036011964082718
312,41,41,0.7553697824478149
313,42,33,0.6230975389480591
314,43,4,0.08713337033987045
315,31,26,0.24618344008922577
316,93,4,0.08432477712631226
317,15,50,0.21602942049503326
318,10,16,0.24461695551872253
319,8,8,0.9066650867462158
320,37,89,0.41746947169303894
321,89,31,0.41178086400032043
322,32,42,0.14056625962257385
323,67,67,0.4550750255584717
324,12,17,0.2509298324584961
325,2,57,0.2178608626127243
326,19,97,0.2542816400527954
327,91,98,0.1435336172580719
328,94,94,0.14863765239715576
329,7,89,0.5401204228401184
330,71,71,0.7611528038978577
331,36,53,0.2099631279706955
332,61,61,0.31138288974761963
333,62,92,0.40765318274497986
334,5,23,0.322320818901062
335,60,60,0.40796777606010437
336,45,67,0.32148075103759766
337,91,73,0.23614850640296936
338,34,97,0.37507960200309753
339,95,93,0.31125500798225403
340,9,32,0.05973348394036293
341,40,0,0.33614879846572876
342,68,68,0.9243614673614502
343,62,1,0.2714861035346985
344,99,99,0.350666344165802
345,66,66,0.4074014723300934
346,46,21,0.9127659797668457
347,7,7,0.43225547671318054
348,10,73,0.1114441379904747
349,10,4,0.21102318167686462
350,68,68,0.9682384729385376
351,34,34,0.10169333219528198
352,37,95,0.5856248140335083
353,58,89,0.27624183893203735
354,48,58,0.30857786536216736
355,40,40,0.6487542390823364
356,96,63,0.13022960722446442
357,14,14,0.19026942551136017
358,11,45,0.24164451658725739
359,66,65,0.08315401524305344
360,64,63,0.10733059048652649
361,39,38,0.09437724947929382
362,33,60,0.2377541959285736
363,94,94,0.21720893681049347
364,63,63,0.861916184425354
365,10,61,0.2149379402399063
366,89,26,0.2866770327091217
367,92,54,0.9496163725852966
368,90,33,0.10474871098995209
369,65,27,0.06293722987174988
370,90,81,0.14553512632846832
371,33,33,0.8292130827903748
372,28,56,0.224999338388443
373,29,41,0.24236473441123962
374,87,94,0.173139750957489
375,86,61,0.2320205420255661
376,7,7,0.3020617961883545
377,0,83,0.5511801242828369
378,94,94,0.9946771860122681
379,11,43,0.15974825620651245
380,26,26,0.11972873657941818
381,6,6,0.21186195313930511
382,41,41,0.9836108684539795
383,21,17,0.21805308759212494
384,69,69,0.9232724905014038
385,27,63,0.11740048974752426
386,29,92,0.2205115109682083
387,67,95,0.4101811349391937
388,85,85,0.5919185280799866
389,65,39,0.22385767102241516
390,40,9,0.2105904370546341
391,57,9,0.47495174407958984
392,72,31,0.09752288460731506
393,30,30,0.4227048456668854
394,74,50,0.12863413989543915
395,27,78,0.10873063653707504
396,3,4,0.2902918756008148
397,49,68,0.6750407218933105
398,52,52,0.8491503596305847
399,95,30,0.17717376351356506
400,40,40,0.5165140628814697
401,93,59,0.09391598403453827
402,77,78,0.11334913969039917
403,91,68,0.26934725046157837
404,6,6,0.40563127398490906
405,57,1,0.21559880673885345
406,72,95,0.8407050371170044
407,16,16,0.28573334217071533
408,98,46,0.251753032207489
409,89,48,0.19530943036079407
410,40,40,0.4298533499240875
411,96,47,0.3848375380039215
412,71,71,0.8659326434135437
413,3,96,0.0709630623459816
414,2,91,0.1752246469259262
415,66,8,0.20454084873199463
416,27,65,0.06790086627006531
417,8,33,0.14514800906181335
418,53,82,0.8325884342193604
419,33,42,0.3375777304172516
420,55,63,0.17254211008548737
421,81,21,0.10708574205636978
422,88,8,0.06700257956981659
423,96,33,0.23384101688861847
424,68,71,0.5785561203956604
425,42,42,0.24170458316802979
426,77,77,0.28351977467536926
427,10,20,0.17077992856502533
428,27,63,0.301870733499527
429,32,21,0.23407931625843048
430,79,63,0.14076869189739227
431,98,29,0.2749638557434082
432,18,95,0.24239425361156464
433,51,40,0.29906922578811646
434,2,2,0.2240506112575531
435,19,97,0.0832475945353508
436,31,37,0.233638733625412
437,67,30,0.14599739015102386
438,36,61,0.45034709572792053
439,10,47,0.24407759308815002
440,16,22,0.2668602466583252
441,5,84,0.1360778659582138
442,81,59,0.1678561568260193
443,85,52,0.339983195066452
444,26,14,0.12130722403526306
445,85,58,0.51728755235672
446,65,77,0.1543227583169937
447,22,7,0.2835897207260132
448,55,47,0.2709381878376007
449,85,95,0.14540262520313263
450,22,40,0.23821879923343658
451,22,83,0.3173125684261322
452,10,10,0.1424880474805832
453,18,41,0.2526790201663971
454,98,36,0.2192668318748474
455,9,86,0.4362008273601532
456,26,80,0.187672421336174
457,27,51,0.16348980367183685
458,7,7,0.1842735856771469
459,5,5,0.20335392653942108
460,58,12,0.1454455703496933
461,87,87,0.7249235510826111
462,76,73,0.25371143221855164
463,2,87,0.8259584307670593
464,54,6,0.3298886716365814
465,38,79,0.2485404759645462
466,33,33,0.21590137481689453
467,17,17,0.26096096634864807
468,6,82,0.4537513256072998
469,0,0,0.7812320590019226
470,79,51,0.11991530656814575
471,97,97,0.12488844245672226
472,14,80,0.11385992169380188
473,14,7,0.625523030757904
474,73,4,0.12082332372665405
475,79,54,0.12843425571918488
476,8,5,0.13169234991073608
477,42,42,0.1938871592283249
478,4,4,0.1670665144920349
479,25,87,0.24854698777198792
480,37,37,0.3027414381504059
481,75,75,0.9344716668128967
482,74,32,0.16171696782112122
483,41,21,0.07680702209472656
484,0,0,0.7898133993148804
485,99,67,0.1931041181087494
486,79,79,0.10449682176113129
487,87,87,0.4708366394042969
488,67,73,0.45244625210762024
489,72,21,0.136435404419899
490,38,31,0.09562301635742188
491,25,94,0.123844675719738
492,49,60,0.631168007850647
493,3,9,0.18076872825622559
494,74,97,0.13527745008468628
495,69,1,0.09455330669879913
496,36,36,0.11596491932868958
497,77,74,0.1172637790441513
498,89,89,0.313181072473526
499,71,71,0.40738266706466675
500,31,66,0.1344388723373413
501,50,28,0.11807595193386078
502,90,90,0.23159487545490265
503,11,9,0.12100504338741302
504,2,21,0.44340622425079346
505,41,41,0.9946451187133789
506,38,74,0.23215626180171967
507,58,58,0.8595304489135742
508,47,47,0.995573878288269
509,93,95,0.544721245765686
510,68,68,0.8991703987121582
511,11,11,0.5573816895484924
512,35,36,0.19171689450740814
513,67,93,0.14566293358802795
514,54,41,0.1143188551068306
515,53,53,0.591883659362793
516,30,73,0.6141538023948669
517,36,36,0.19701792299747467
518,83,83,0.44743114709854126
519,54,54,0.8018506765365601
520,64,43,0.09091925621032715
521,46,58,0.420463889837265
522,45,87,0.10109123587608337
523,98,21,0.12249016761779785
524,62,25,0.2218804806470871
525,46,40,0.10300196707248688
526,95,73,0.5529785752296448
527,88,88,0.15710964798927307
528,37,94,0.101540207862854
529,18,18,0.14666716754436493
530,29,33,0.14477108418941498
531,63,63,0.6123273372650146
532,8,8,0.26337799429893494
533,33,68,0.5236701369285583
534,35,9,0.12953831255435944
535,6,65,0.43114593625068665
536,76,76,0.4213877022266388
537,19,37,0.18424482643604279
538,99,39,0.41097941994667053
539,53,53,0.2534438669681549
540,15,43,0.28337347507476807
541,57,51,0.1388569474220276
542,2,36,0.17258711159229279
543,27,27,0.14575734734535217
544,27,23,0.36918923258781433
545,93,67,0.13120566308498383
546,81,58,0.11709874868392944
547,54,54,0.1363203227519989
548,71,68,0.4551145136356354
549,26,88,0.13365839421749115
550,25,33,0.7464509606361389
551,35,35,0.29323041439056396
552,30,30,0.2022370994091034
553,72,72,0.14680366218090057
554,8,8,0.23168794810771942
555,42,5,0.11841904371976852
556,62,62,0.44588133692741394
557,56,4,0.15072281658649445
558,78,77,0.12286796420812607
559,47,47,0.13619457185268402
560,73,73,0.13018091022968292
561,43,63,0.16693463921546936
562,20,20,0.9897863864898682
563,83,83,0.6444406509399414
564,63,4,0.10134276002645493
565,49,37,0.22620534896850586
566,28,94,0.7685773372650146
567,26,45,0.23631705343723297
568,45,45,0.197670578956604
569,36,8,0.08771180361509323
570,36,36,0.14752522110939026
571,68,68,0.9700047373771667
572,1,45,0.12735119462013245
573,2,2,0.2338743954896927
574,99,30,0.0985451266169548
575,9,49,0.3535946011543274
576,65,22,0.1438710242509842
577,38,14,0.16132622957229614
578,58,81,0.3885912299156189
579,96,67,0.20224979519844055
580,38,4,0.1605699062347412
581,87,16,0.4334835112094879
582,82,83,0.2852797508239746
583,22,22,0.6603168249130249
584,83,0,0.3385218381881714
585,41,41,0.9876006841659546
586,7,97,0.21039707958698273
587,12,63,0.12053859978914261
588,10,58,0.38213402032852173
589,35,11,0.09813541173934937
590,44,18,0.11245878040790558
591,81,12,0.42567527294158936
592,91,91,0.9459139704704285
593,56,47,0.40992453694343567
594,9,41,0.40610456466674805
595,24,7,0.3593517243862152
596,3,6,0.2004784792661667
597,30,73,0.4819474220275879
598,1,1,0.2281510829925537
599,39,88,0.120355986058712
600,98,9,0.3141067624092102
601,72,55,0.18755796551704407
602,83,82,0.596816897392273
603,80,94,0.3235280215740204
604,43,43,0.5824230909347534
605,84,84,0.12079383432865143
606,66,66,0.2001841962337494
607,4,45,0.15012021362781525
608,64,97,0.16757766902446747
609,77,43,0.1492740660905838
610,98,83,0.4992524981498718
611,82,82,0.983596682548523
612,81,89,0.30926382541656494
613,20,20,0.5985749959945679
614,0,92,0.2947433292865753
615,48,48,0.3791152238845825
616,46,21,0.3224670886993408
617,33,33,0.4244546592235565
618,22,22,0.44216424226760864
619,13,58,0.7827423810958862
620,17,17,0.5001369714736938
621,39,14,0.5035566091537476
622,76,76,0.5104406476020813
623,0,92,0.334881067276001
624,17,17,0.6118003129959106
625,64,77,0.15328344702720642
626,48,48,0.7394855618476868
627,90,35,0.09689930826425552
628,93,93,0.22848190367221832
629,82,82,0.9512884616851807
630,75,75,0.38894397020339966
631,96,4,0.08978061378002167
632,97,22,0.23232588171958923
633,3,80,0.1334856152534485
634,83,83,0.5020653009414673
635,60,68,0.6497728228569031
636,61,22,0.49196475744247437
637,32,32,0.7345076203346252
638,26,10,0.41544458270072937
639,84,74,0.06310273706912994
640,41,19,0.3509168326854706
641,12,21,0.7794017791748047
642,85,85,0.24826517701148987
643,12,69,0.6359215974807739
644,8,8,0.3254585564136505
645,82,82,0.3506213426589966
646,72,41,0.09122823178768158
647,94,94,0.9762287735939026
648,7,74,0.23128856718540192
649,22,22,0.32889294624328613
650,15,46,0.19562439620494843
651,66,20,0.23301149904727936
652,89,89,0.23640227317810059
653,97,12,0.13681063055992126
654,19,89,0.19559098780155182
655,0,0,0.1760414093732834
656,19,88,0.188298299908638
657,5,23,0.18681751191616058
658,56,56,0.11199025064706802
659,36,97,0.17363038659095764
660,45,45,0.08420884609222412
661,1,48,0.736874520778656
662,94,94,0.2591385841369629
663,66,80,0.24281632900238037
664,86,87,0.4545210599899292
665,82,82,0.9973969459533691
666,17,17,0.3052595853805542
667,64,33,0.09202171117067337
668,99,50,0.1042635589838028
669,34,19,0.19565728306770325
670,30,30,0.07654277235269547
671,73,30,0.3153470754623413
672,83,83,0.5439935922622681
673,6,79,0.0938764438033104
674,1,22,0.20216253399848938
675,28,28,0.2667361795902252
676,77,79,0.1336105465888977
677,91,91,0.8339180946350098
678,74,34,0.0670430064201355
679,68,68,0.7002864480018616
680,14,1,0.1664704531431198
681,14,14,0.7272815108299255
682,1,91,0.29270297288894653
683,92,0,0.19241413474082947
684,97,97,0.2382366806268692
685,45,45,0.10437142848968506
686,7,14,0.2807559072971344
687,21,21,0.22189731895923615
688,37,73,0.24314768612384796
689,32,27,0.09721685945987701
690,73,30,0.23108422756195068
691,88,5,0.1953352689743042
692,86,87,0.4774337708950043
693,92,62,0.8637692332267761
694,14,3,0.11751120537519455
695,86,75,0.17504890263080597
696,74,4,0.2704868018627167
697,25,25,0.16180042922496796
698,93,73,0.5159161686897278
699,78,39,0.24255378544330597
700,77,42,0.14460159838199615
701,88,33,0.15892452001571655
702,42,42,0.14250272512435913
703,10,91,0.46908921003341675
704,65,18,0.18085536360740662
705,26,42,0.48708391189575195
706,31,27,0.14492124319076538
707,85,85,0.12804071605205536
708,78,45,0.3934042453765869
709,29,58,0.1437828093767166
710,32,32,0.19862015545368195
711,81,87,0.12852135300636292
712,97,97,0.1565495729446411
713,1,93,0.44500014185905457
714,82,82,0.9910914301872253
715,0,83,0.4163103699684143
716,21,83,0.1336500495672226
717,15,31,0.18853992223739624
718,56,96,0.312095046043396
719,57,57,0.18962807953357697
720,97,97,0.2156551331281662
721,76,76,0.350333571434021
722,60,53,0.49979469180107117
723,87,28,0.19997110962867737
724,46,11,0.18274477124214172
725,1,73,0.7730355858802795
726,61,61,0.3920397460460663
727,75,21,0.34377652406692505
728,62,62,0.8831511735916138
729,21,19,0.376201331615448
730,61,61,0.7204381823539734
731,78,43,0.19415520131587982
732,90,27,0.17056596279144287
733,68,58,0.25942373275756836
734,94,94,0.8081411123275757
735,88,88,0.1492733210325241
736,95,69,0.2112192064523697
737,3,77,0.1605599820613861
738,83,83,0.7994437217712402
739,32,77,0.11019396036863327
740,93,2,0.3892142176628113
741,77,57,0.13019074499607086
742,38,88,0.09798731654882431
743,63,10,0.14274954795837402
744,61,61,0.2229694426059723
745,41,41,0.535350501537323
746,88,86,0.2972419261932373
747,83,0,0.14536991715431213
748,35,98,0.1087804064154625
749,82,82,0.8810892701148987
750,50,74,0.24823375046253204
751,15,14,0.1690099686384201
752,48,26,0.4031125009059906
753,25,62,0.47371309995651245
754,4,4,0.17930488288402557
755,71,71,0.5980504751205444
756,8,7,0.06177318096160889
757,98,78,0.12003826349973679
758,67,10,0.2048775851726532
759,7,24,0.5139725208282471
760,85,12,0.8833118677139282
761,25,5,0.20566564798355103
762,96,96,0.6958727836608887
763,60,71,0.4336409866809845
764,55,77,0.10623446106910706
765,80,80,0.10678082704544067
766,13,82,0.4215564429759979
767,90,33,0.7956179976463318
768,54,54,0.8467554450035095
769,15,12,0.2562720775604248
770,76,76,0.8032566905021667
771,39,8,0.16732728481292725
772,95,95,0.5924047827720642
773,24,24,0.6705175638198853
774,7,7,0.27887311577796936
775,64,75,0.17788806557655334
776,70,70,0.6686109900474548
777,88,33,0.24061577022075653
778,81,37,0.2874831259250641
779,0,0,0.4255695044994354
780,12,49,0.28551197052001953
781,64,33,0.1058277040719986
782,31,82,0.5287006497383118
783,79,37,0.11353965848684311
784,86,87,0.741089403629303
785,60,60,0.37637677788734436
786,22,22,0.7716526389122009
787,38,8,0.17158140242099762
788,82,82,0.9914514422416687
789,14,32,0.4089049696922302
790,48,48,0.9939606189727783
791,33,7,0.1823878437280655
792,55,87,0.06950180977582932
793,53,53,0.2337716668844223
794,40,65,0.14246581494808197
795,1,41,0.26173946261405945
796,58,58,0.2791910171508789
797,94,94,0.5144708752632141
798,70,62,0.6310272216796875
799,29,4,0.14007486402988434
800,86,87,0.27001485228538513
801,23,23,0.09330576658248901
802,46,46,0.14290963113307953
803,58,85,0.22399750351905823
804,99,40,0.19569405913352966
805,78,78,0.2979711890220642
806,10,22,0.3869125545024872
807,53,53,0.6439372897148132
808,37,17,0.24328863620758057
809,97,34,0.15276280045509338
810,65,2,0.1164206862449646
811,15,17,0.3628365099430084
812,77,26,0.25504758954048157
813,52,52,0.7296546101570129
814,63,63,0.1860283613204956
815,32,93,0.3984086513519287
816,6,6,0.42861947417259216
817,36,36,0.8897282481193542
818,6,69,0.2786189019680023
819,7,6,0.3299993872642517
820,36,97,0.12574656307697296
821,74,4,0.09698177129030228
822,13,13,0.11322101205587387
823,22,16,0.15222537517547607
824,32,71,0.5091952085494995
825,54,87,0.1638224720954895
826,62,62,0.7289044260978699
827,84,5,0.2093689739704132
828,57,40,0.0814652219414711
829,25,23,0.20129550993442535
830,11,11,0.6313214302062988
831,62,82,0.6655517816543579
832,85,77,0.13153287768363953
833,31,7,0.16217279434204102
834,26,58,0.25573626160621643
835,16,97,0.1286998689174652
836,96,76,0.48985928297042847
837,71,23,0.4910559058189392
838,90,17,0.34814000129699707
839,39,97,0.1646880954504013
840,20,5,0.36826297640800476
841,47,82,0.5752913355827332
842,35,35,0.3739118278026581
843,19,19,0.09939447045326233
844,52,29,0.2446839064359665
845,66,74,0.10136910527944565
846,32,37,0.10221527516841888
847,53,24,0.3023701608181
848,53,53,0.28805920481681824
849,21,21,0.4373335540294647
850,98,20,0.34537938237190247
851,6,6,0.6516146659851074
852,88,6,0.26466092467308044
853,71,23,0.30316445231437683
854,45,1,0.11932341754436493
855,98,0,0.26573604345321655
856,55,58,0.15448296070098877
857,99,58,0.1416510045528412
858,24,24,0.5662153959274292
859,93,29,0.21040579676628113
860,67,27,0.0785573422908783
861,33,96,0.53139328956604
862,16,16,0.853598415851593
863,33,73,0.1873621642589569
864,9,87,0.5349578261375427
865,10,5,0.3785897195339203
866,46,35,0.11864671856164932
867,68,68,0.8270974159240723
868,24,24,0.7357434034347534
869,96,47,0.32571157813072205
870,22,46,0.1360645890235901
871,40,88,0.11343128234148026
872,63,51,0.08669582009315491
873,53,53,0.8907317519187927
874,10,1,0.29624950885772705
875,14,42,0.30561140179634094
876,41,38,0.09486650675535202
877,77,77,0.3566381335258484
878,54,92,0.39012351632118225
879,84,94,0.25011134147644043
880,20,20,0.29345008730888367
881,29,45,0.1719362884759903
882,76,93,0.17874006927013397
883,36,34,0.24484045803546906
884,1,92,0.21273812651634216
885,26,26,0.4093877077102661
886,99,63,0.229732483625412
887,2,2,0.22845573723316193
888,96,47,0.1647026240825653
889,69,69,0.9516224265098572
890,36,36,0.13733261823654175
891,18,77,0.1517704427242279
892,90,90,0.23377393186092377
893,66,66,0.08073916286230087
894,52,47,0.5072566270828247
895,37,37,0.3008095324039459
896,99,32,0.1254722625017166
897,97,80,0.11882749199867249
898,12,49,0.5460004806518555
899,55,27,0.21598507463932037
900,15,77,0.07090891152620316
901,85,5,0.15780122578144073
902,15,17,0.3001945912837982
903,16,9,0.4175461530685425
904,33,18,0.23665571212768555
905,99,57,0.15619304776191711
906,80,12,0.35497811436653137
907,28,28,0.6620504260063171
908,69,99,0.34526515007019043
909,51,88,0.13162235915660858
910,72,80,0.09745548665523529
911,39,87,0.17523397505283356
912,8,8,0.39362144470214844
913,56,56,0.2527569532394409
914,59,52,0.4335208237171173
915,15,64,0.1127144992351532
916,21,21,0.24278241395950317
917,77,28,0.12826164066791534
918,45,8,0.15101154148578644
919,21,63,0.2013024240732193
920,80,97,0.39588841795921326
921,89,89,0.2045040875673294
922,37,37,0.42157647013664246
923,48,58,0.3468075096607208
924,47,59,0.24258239567279816
925,56,47,0.1971072405576706
926,65,65,0.128993958234787
927,96,96,0.31322911381721497
928,14,83,0.39574727416038513
929,52,63,0.19863490760326385
930,2,2,0.1526326984167099
931,60,23,0.33780261874198914
932,9,9,0.34871381521224976
933,68,68,0.5324316620826721
934,22,16,0.21062952280044556
935,23,23,0.2841908633708954
936,44,96,0.15020382404327393
937,19,47,0.4979119300842285
938,54,92,0.24840408563613892
939,97,79,0.49843913316726685
940,23,71,0.4270767867565155
941,54,54,0.3529512882232666
942,62,62,0.6156929135322571
943,56,69,0.1951361894607544
944,23,71,0.3815963864326477
945,42,88,0.6812164783477783
946,81,72,0.17139175534248352
947,66,33,0.11425865441560745
948,87,22,0.8487316370010376
949,47,47,0.45488440990448
950,47,52,0.5008794665336609
951,45,65,0.09993471950292587
952,42,88,0.25241824984550476
953,51,35,0.2172507345676422
954,10,10,0.15991538763046265
955,35,27,0.3242831230163574
956,68,71,0.5067120790481567
957,13,72,0.2433527559041977
958,55,95,0.4366456866264343
959,34,38,0.14922824501991272
960,74,31,0.1150730773806572
961,47,47,0.5266828536987305
962,40,55,0.16630405187606812
963,51,34,0.2524907886981964
964,6,45,0.23943540453910828
965,3,72,0.1678001433610916
966,76,30,0.2541925311088562
967,52,52,0.7554174065589905
968,53,62,0.4460159242153168
969,34,34,0.429535835981369
970,60,60,0.9594053626060486
971,63,63,0.38216692209243774
972,28,87,0.1486145406961441
973,24,20,0.2768504023551941
974,36,81,0.18408596515655518
975,69,69,0.9380032420158386
976,82,33,0.7828445434570312
977,90,90,0.35088226199150085
978,70,70,0.4670880436897278
979,75,53,0.17993566393852234
980,77,91,0.08794386684894562
981,43,43,0.14738042652606964
982,43,87,0.1331738382577896
983,78,33,0.10892517864704132
984,81,72,0.13099636137485504
985,80,20,0.10141327232122421
986,66,39,0.1657935380935669
987,35,87,0.21901503205299377
988,84,84,0.18477830290794373
989,21,21,0.4246053695678711
990,49,49,0.44255197048187256
991,96,33,0.8011035919189453
992,15,15,0.4108337461948395
993,37,37,0.1580873429775238
994,2,35,0.26318392157554626
995,89,37,0.18466858565807343
996,36,36,0.17332935333251953
997,9,12,0.4653317332267761
998,53,53,0.5632018446922302
999,91,91,0.09930390864610672
1000,65,97,0.16794614493846893
1001,67,23,0.26938557624816895
1002,94,94,0.7669984102249146
1003,40,53,0.24505050480365753
1004,72,52,0.22583293914794922
1005,90,85,0.2731817066669464
1006,86,7,0.4792320430278778
1007,85,93,0.22823752462863922
1008,30,95,0.4694143831729889
1009,92,82,0.1096184030175209
1010,25,70,0.2829307019710541
1011,60,34,0.14532358944416046
1012,2,5,0.23533950746059418
1013,29,85,0.1482734978199005
1014,0,92,0.30962997674942017
1015,9,9,0.6875206232070923
1016,37,37,0.24983908236026764
1017,1,64,0.08180095255374908
1018,50,36,0.13745072484016418
1019,90,18,0.19870918989181519
1020,27,63,0.12406593561172485
1021,52,52,0.742797315120697
1022,36,43,0.4501456916332245
1023,48,89,0.25370925664901733
1024,71,23,0.30120745301246643
1025,12,81,0.2096737027168274
1026,97,14,0.159780815243721
1027,0,0,0.9469789862632751
1028,3,21,0.2618091106414795
1029,41,41,0.29757463932037354
1030,21,21,0.8036819696426392
1031,16,86,0.47485673427581787
1032,51,92,0.35692232847213745
1033,72,75,0.11121176183223724
1034,13,85,0.2768232226371765
1035,63,38,0.36450231075286865
1036,81,78,0.12364126741886139
1037,73,73,0.1685762107372284
1038,55,95,0.2762259542942047
1039,30,93,0.24624717235565186
1040,28,86,0.0960189700126648
1041,10,22,0.5060685276985168
1042,84,53,0.3789483904838562
1043,8,8,0.16147854924201965
1044,6,88,0.12191792577505112
1045,9,68,0.20481657981872559
1046,93,55,0.06495815515518188
1047,2,87,0.26887762546539307
1048,78,97,0.06768716871738434
1049,26,45,0.2726142406463623
1050,16,6,0.3481726050376892
1051,17,17,0.39424386620521545
1052,39,74,0.15622374415397644
1053,67,67,0.38907554745674133
1054,20,20,0.9358394145965576
1055,3,3,0.12238506227731705
1056,81,13,0.2970028817653656
1057,26,36,0.20599569380283356
1058,96,17,0.41980528831481934
1059,45,95,0.06667064875364304
1060,15,19,0.6930870413780212
1061,29,80,0.1720854490995407
1062,57,57,0.18041154742240906
1063,60,60,0.3579949140548706
1064,49,60,0.39152371883392334
1065,36,36,0.12542618811130524
1066,23,23,0.440725177526474
1067,63,63,0.2012619525194168
1068,72,85,0.3097723424434662
1069,19,19,0.6770273447036743
1070,41,41,0.8003509044647217
1071,55,63,0.2266053408384323
1072,26,1,0.15071076154708862
1073,25,86,0.21464204788208008
1074,49,17,0.2668687105178833
1075,28,95,0.19453079998493195
1076,20,20,0.25262731313705444
1077,33,33,0.24333076179027557
1078,7,7,0.6996075510978699
1079,45,56,0.16892826557159424
1080,7,7,0.18737450242042542
1081,89,48,0.22384709119796753
1082,1,92,0.24534659087657928
1083,90,90,0.3551648259162903
1084,42,27,0.14274857938289642
1085,15,77,0.19835108518600464
1086,23,23,0.5888370871543884
1087,93,69,0.4586852192878723
1088,96,96,0.29286786913871765
1089,59,52,0.5173003673553467
1090,29,9,0.17411784827709198
1091,29,21,0.1506815403699875
1092,75,90,0.2866370975971222
1093,93,93,0.7777979969978333
1094,8,52,0.14405091106891632
1095,70,70,0.12723210453987122
1096,48,48,0.4163488447666168
1097,82,53,0.2782632112503052
1098,84,55,0.1312517672777176
1099,81,68,0.18245349824428558
1100,72,67,0.10100461542606354
1101,38,38,0.20275910198688507
1102,80,97,0.138478085398674
1103,63,63,0.4906482398509979
1104,76,76,0.9721860885620117
1105,4,33,0.2730221450328827
1106,54,39,0.16877959668636322
1107,60,23,0.432423859834671
1108,1,88,0.15040786564350128
1109,49,49,0.2951921820640564
1110,1,1,0.37917712330818176
1111,92,65,0.10510117560625076
1112,77,36,0.11497387290000916
1113,30,95,0.26948732137680054
1114,98,24,0.18032972514629364
1115,62,43,0.3872709572315216
1116,25,58,0.28769177198410034
1117,26,47,0.6370528936386108
1118,55,22,0.14178095757961273
1119,25,63,0.11458375304937363
1120,21,21,0.13901033997535706
1121,25,94,0.10002104192972183
1122,82,93,0.18644626438617706
1123,80,66,0.1823316514492035
1124,19,66,0.230554461479187
1125,93,63,0.15262241661548615
1126,35,2,0.3634231388568878
1127,61,22,0.2617240846157074
1128,81,85,0.11504977941513062
1129,69,60,0.2170652449131012
1130,9,9,0.20928338170051575
1131,91,23,0.25336962938308716
1132,96,47,0.36341413855552673
1133,34,38,0.08480094373226166
1134,23,27,0.4581128656864166
1135,9,9,0.34627896547317505
1136,0,0,0.8817816376686096
1137,28,83,0.37704989314079285
1138,51,70,0.31515923142433167
1139,91,74,0.09805585443973541
1140,65,65,0.0883643627166748
1141,33,23,0.1705634742975235
1142,5,5,0.476096510887146
1143,13,32,0.1364811807870865
1144,52,52,0.8915669322013855
1145,58,84,0.20914217829704285
1146,65,2,0.1324666142463684
1147,32,47,0.15390309691429138
1148,37,33,0.5832916498184204
1149,63,63,0.5412691235542297
1150,61,87,0.4692683815956116
1151,19,17,0.3708341717720032
1152,2,98,0.26845937967300415
1153,49,49,0.27621763944625854
1154,64,65,0.18832428753376007
1155,58,58,0.6696569919586182
1156,93,75,0.0879841074347496
1157,62,62,0.45179685950279236
1158,52,52,0.8300471901893616
1159,53,61,0.18372052907943726
1160,41,83,0.23236247897148132
1161,33,18,0.20074757933616638
1162,84,45,0.24760664999485016
1163,22,87,0.36070388555526733
1164,67,61,0.27633583545684814
1165,44,77,0.206434965133667
1166,95,12,0.15066248178482056
1167,24,24,0.3443305492401123
1168,46,21,0.23128899931907654
1169,98,7,0.2345995008945465
1170,31,19,0.20713914930820465
1171,83,92,0.5157148838043213
1172,16,16,0.3173321485519409
1173,2,2,0.5500279068946838
1174,47,47,0.3946399986743927
1175,51,46,0.19877402484416962
1176,3,4,0.1558273881673813
1177,18,79,0.2804107666015625
1178,60,60,0.9853532910346985
1179,38,38,0.20081132650375366
1180,95,71,0.1709953397512436
1181,89,33,0.22774024307727814
1182,11,14,0.4677813649177551
1183,63,4,0.20072387158870697
1184,15,19,0.09527237713336945
1185,49,95,0.37528133392333984
1186,63,63,0.6898190379142761
1187,85,89,0.24194157123565674
1188,12,37,0.3122430741786957
1189,38,27,0.09484491497278214
1190,66,66,0.09625288844108582
1191,99,26,0.3538719713687897
1192,72,66,0.08890408277511597
1193,83,82,0.14675039052963257
1194,12,12,0.49842455983161926
1195,93,47,0.2868918180465698
1196,51,42,0.1588394194841385
1197,21,21,0.5409884452819824
1198,47,52,0.7227279543876648
1199,21,21,0.7316664457321167
1200,43,4,0.22209541499614716
1201,77,80,0.10154785215854645
1202,55,4,0.15713487565517426
1203,36,65,0.1893751323223114
1204,57,54,0.5308796167373657
1205,69,69,0.15413975715637207
1206,5,5,0.3401085436344147
1207,29,52,0.8289310336112976
1208,41,11,0.14673496782779694
1209,14,65,0.19134899973869324
1210,41,41,0.18499387800693512
1211,77,4,0.12315166741609573
1212,58,58,0.3396592140197754
1213,60,60,0.7719333171844482
1214,45,26,0.8143628239631653
1215,88,61,0.18163348734378815
1216,19,12,0.35563141107559204
1217,19,19,0.3649694621562958
1218,48,45,0.09608566015958786
1219,5,17,0.12135237455368042
1220,81,84,0.07155370712280273
1221,69,79,0.18774253129959106
1222,77,27,0.08407559990882874
1223,60,71,0.3547091782093048
1224,88,34,0.1731783151626587
1225,92,62,0.7463849186897278
1226,31,31,0.409066766500473
1227,34,5,0.1882268488407135
1228,36,36,0.21807493269443512
1229,30,30,0.3205454647541046
1230,64,63,0.10779473930597305
1231,82,82,0.7832207083702087
1232,88,88,0.15394824743270874
1233,7,66,0.2675417363643646
1234,38,65,0.2120153158903122
1235,57,4,0.081073097884655
1236,92,54,0.800255298614502
1237,23,53,0.25582703948020935
1238,11,46,0.10031906515359879
1239,41,14,0.06878698617219925
1240,38,24,0.2678205966949463
1241,90,32,0.13935671746730804
1242,76,76,0.4088307023048401
1243,28,9,0.2628648281097412
1244,24,7,0.5875023007392883
1245,6,6,0.605028510093689
1246,84,2,0.1842355728149414
1247,76,76,0.21694059669971466
1248,88,53,0.23031650483608246
1249,28,9,0.4574061334133148
1250,98,40,0.14043326675891876
1251,96,96,0.597773551940918
1252,93,74,0.16656124591827393
1253,64,36,0.15684930980205536
1254,45,88,0.27883321046829224
1255,54,54,0.45233476161956787
1256,26,10,0.33342570066452026
1257,79,14,0.14454598724842072
1258,70,70,0.3455982506275177
1259,46,2,0.12614019215106964
1260,89,89,0.17293448746204376
1261,89,17,0.2347755879163742
1262,64,63,0.1235165074467659
1263,93,52,0.3389049768447876
1264,39,78,0.14185397326946259
1265,53,53,0.6691582202911377
1266,36,63,0.21681581437587738
1267,50,59,0.09798606485128403
1268,56,56,0.6166285276412964
1269,84,86,0.19679486751556396
1270,46,35,0.3091525733470917
1271,13,85,0.38780373334884644
1272,5,73,0.24654076993465424
1273,51,31,0.20407265424728394
1274,5,5,0.31508517265319824
1275,56,56,0.18320254981517792
1276,68,33,0.16410915553569794
1277,70,42,0.306018590927124
1278,92,92,0.4505942165851593
1279,93,93,0.8772355318069458
1280,28,33,0.20616626739501953
1281,18,79,0.23132915794849396
1282,37,39,0.09490573406219482
1283,50,5,0.236134871840477
1284,81,52,0.23582389950752258
1285,67,73,0.34266403317451477
1286,41,41,0.8290568590164185
1287,35,90,0.09275145828723907
1288,99,7,0.19731354713439941
1289,41,41,0.8731281757354736
1290,79,79,0.2144453525543213
1291,90,49,0.4327370226383209
1292,59,59,0.2016495168209076
1293,59,17,0.3612504303455353
1294,35,35,0.2928100824356079
1295,16,22,0.26722827553749084
1296,17,17,0.31727221608161926
1297,64,86,0.11143993586301804
1298,90,93,0.32839667797088623
1299,96,0,0.2957305312156677
1300,3,36,0.19706517457962036
1301,88,83,0.15630051493644714
1302,3,31,0.7569887042045593
1303,45,89,0.15462981164455414
1304,0,0,0.34173503518104553
1305,68,74,0.11090857535600662
1306,33,33,0.831514835357666
1307,49,73,0.32000693678855896
1308,0,0,0.2671961486339569
1309,18,14,0.13433752954006195
1310,22,36,0.17509670555591583
1311,72,72,0.19443067908287048
1312,4,14,0.14694024622440338
1313,66,38,0.15026099979877472
1314,5,78,0.3709282875061035
1315,46,51,0.16245652735233307
1316,79,6,0.356704980134964
1317,70,83,0.28551608324050903
1318,9,87,0.4036681652069092
1319,49,46,0.17358683049678802
1320,34,34,0.10473323613405228
1321,48,48,0.28236687183380127
1322,71,71,0.38796547055244446
1323,37,16,0.18446214497089386
1324,42,8,0.34745532274246216
1325,6,7,0.568630039691925
1326,91,20,0.5979632139205933
1327,58,58,0.5736511945724487
1328,42,7,0.27128931879997253
1329,17,37,0.0933523178100586
1330,1,62,0.2083856612443924
1331,5,5,0.13450230658054352
1332,65,80,0.21628828346729279
1333,5,5,0.3378908336162567
1334,38,19,0.17726656794548035
1335,47,52,0.6819323301315308
1336,38,63,0.46452587842941284
1337,63,63,0.631283164024353
1338,61,2,0.2252325713634491
1339,28,28,0.14926333725452423
1340,99,99,0.1662362515926361
1341,20,20,0.9482779502868652
1342,88,88,0.45760324597358704
1343,50,50,0.11878073215484619
1344,53,53,0.25974977016448975
1345,97,97,0.26138705015182495
1346,59,59,0.3067869246006012
1347,78,45,0.2421553134918213
1348,35,11,0.15168437361717224
1349,50,44,0.11069422960281372
1350,6,82,0.4759170413017273
1351,98,35,0.24055267870426178
1352,33,5,0.22503311932086945
1353,65,73,0.364310085773468
1354,23,30,0.1557459682226181
1355,68,68,0.9505754709243774
1356,26,84,0.12248080968856812
1357,96,52,0.4349149763584137
1358,17,17,0.8486182689666748
1359,65,97,0.11908112466335297
1360,47,47,0.7799261212348938
1361,12,69,0.145665243268013
1362,94,94,0.9346750974655151
1363,81,16,0.25668907165527344
1364,76,76,0.8857928514480591
1365,91,86,0.17521899938583374
1366,72,63,0.17082875967025757
1367,35,91,0.14217683672904968
1368,18,18,0.15213631093502045
1369,96,47,0.37051302194595337
1370,92,29,0.09882394969463348
1371,98,46,0.2097945213317871
1372,19,41,0.17339268326759338
1373,0,57,0.42120108008384705
1374,43,34,0.17101937532424927
1375,50,32,0.18935689330101013
1376,43,43,0.3217790424823761
1377,44,52,0.1265610307455063
1378,73,75,0.2969552278518677
1379,4,77,0.06640259921550751
1380,53,53,0.7292876243591309
1381,37,27,0.137658029794693
1382,8,58,0.12880858778953552
1383,25,84,0.14433497190475464
1384,52,87,0.20205798745155334
1385,29,29,0.22357097268104553
1386,44,27,0.16956375539302826
1387,12,33,0.6946627497673035
1388,38,65,0.18705610930919647
1389,5,39,0.22173629701137543
1390,25,4,0.10691878199577332
1391,41,41,0.638567328453064
1392,81,83,0.12660233676433563
1393,23,23,0.5482845902442932
1394,68,91,0.177201509475708
1395,59,52,0.41088706254959106
1396,81,5,0.22702085971832275
1397,43,36,0.16653083264827728
1398,8,8,0.6008377075195312
1399,11,11,0.13347823917865753
1400,18,74,0.08654498308897018
1401,92,92,0.5761620402336121
1402,5,5,0.27688854932785034
1403,34,80,0.23478728532791138
1404,48,48,0.8421319723129272
1405,80,33,0.16023482382297516
1406,25,86,0.08591509610414505
1407,31,34,0.11511356383562088
1408,8,19,0.16789434850215912
1409,88,88,0.4007488489151001
1410,10,78,0.3936220705509186
1411,50,63,0.17925609648227692
1412,76,12,0.2072533369064331
1413,50,25,0.35609591007232666
1414,95,95,0.6697839498519897
1415,94,94,0.3854524791240692
1416,83,7,0.21685825288295746
1417,52,52,0.9697228670120239
1418,44,33,0.20294763147830963
1419,16,82,0.36977386474609375
1420,99,14,0.08986658602952957
1421,68,68,0.6052782535552979
1422,28,83,0.16952821612358093
1423,15,43,0.1122683584690094
1424,47,96,0.6343920826911926
1425,34,38,0.09948697686195374
1426,57,33,0.1585194617509842
1427,13,58,0.47822022438049316
1428,22,22,0.7484992742538452
1429,9,65,0.35902783274650574
1430,90,87,0.8480919599533081
1431,50,97,0.4656309485435486
1432,34,14,0.271602600812912
1433,43,43,0.31339359283447266
1434,20,20,0.697053849697113
1435,87,37,0.1824415922164917
1436,91,91,0.7743802666664124
1437,80,32,0.1413479745388031
1438,9,9,0.8098903894424438
1439,17,43,0.12485940009355545
1440,19,47,0.22681847214698792
1441,57,57,0.35837993025779724
1442,14,7,0.13127188384532928
1443,27,73,0.25051960349082947
1444,46,46,0.34178271889686584
1445,13,13,0.3440571129322052
1446,44,44,0.07557235658168793
1447,24,61,0.5414822101593018
1448,10,28,0.14151214063167572
1449,84,91,0.20102016627788544
1450,4,3,0.15667453408241272
1451,56,56,0.9092684388160706
1452,29,3,0.16546307504177094
1453,29,37,0.08078719675540924
1454,51,91,0.368369460105896
1455,78,27,0.1267872303724289
1456,62,62,0.2939506471157074
1457,53,53,0.31305551528930664
1458,17,37,0.32164305448532104
1459,28,95,0.13372477889060974
1460,28,24,0.18133728206157684
1461,11,11,0.3404969573020935
1462,65,97,0.13527709245681763
1463,48,48,0.2272159606218338
1464,48,13,0.16389258205890656
1465,12,71,0.6107601523399353
1466,55,30,0.39062732458114624
1467,66,65,0.11212615668773651
1468,98,46,0.6361229419708252
1469,8,8,0.6307348012924194
1470,94,94,0.13162440061569214
1471,25,25,0.12249061465263367
1472,70,92,0.25209560990333557
1473,54,9,0.21870121359825134
1474,12,38,0.1285545527935028
1475,86,86,0.45410633087158203
1476,3,77,0.2557273209095001
1477,76,76,0.3600633144378662
1478,13,16,0.17669950425624847
1479,2,32,0.12004241347312927
1480,7,24,0.21395955979824066
1481,91,39,0.2665431499481201
1482,55,4,0.15977978706359863
1483,45,26,0.2793157398700714
1484,51,92,0.29299503564834595
1485,53,53,0.8085266351699829
1486,28,28,0.47106051445007324
1487,9,9,0.31084829568862915
1488,87,87,0.39515936374664307
1489,13,58,0.538249135017395
1490,30,97,0.11799028515815735
1491,58,58,0.9412997961044312
1492,61,26,0.2898596227169037
1493,31,32,0.11884360015392303
1494,70,54,0.29242902994155884
1495,39,2,0.16425612568855286
1496,3,75,0.1672346442937851
1497,47,33,0.3660503327846527
1498,34,43,0.11796674877405167
1499,26,3,0.18529027700424194
1500,50,35,0.15111084282398224
1501,59,96,0.5511686205863953
1502,64,65,0.4813476800918579
1503,37,17,0.29544028639793396
1504,92,92,0.44545120000839233
1505,14,14,0.2372603416442871
1506,26,26,0.5526488423347473
1507,37,46,0.36654970049858093
1508,94,94,0.9922744631767273
1509,29,6,0.15999984741210938
1510,15,12,0.16592420637607574
1511,63,61,0.18901880085468292
1512,7,95,0.14808006584644318
1513,32,69,0.15249337255954742
1514,9,9,0.8629617691040039
1515,43,43,0.23483267426490784
1516,12,85,0.14119666814804077
1517,27,31,0.2080201953649521
1518,78,22,0.14096124470233917
1519,97,36,0.1805763691663742
1520,55,4,0.17831405997276306
1521,11,4,0.09851288795471191
1522,69,69,0.4787749946117401
1523,66,75,0.5963866114616394
1524,31,21,0.19510518014431
1525,20,20,0.969164252281189
1526,54,54,0.38232049345970154
1527,45,85,0.23760639131069183
1528,86,86,0.8564411401748657
1529,84,5,0.2579726576805115
1530,55,3,0.0963853970170021
1531,3,63,0.16423891484737396
1532,6,45,0.17837339639663696
1533,54,14,0.21860264241695404
1534,69,69,0.40511947870254517
1535,47,47,0.8214478492736816
1536,62,92,0.8569570779800415
1537,57,50,0.10260496288537979
1538,85,89,0.26285430788993835
1539,30,73,0.41841408610343933
1540,16,2,0.14551417529582977
1541,11,87,0.2953196167945862
1542,82,14,0.14921331405639648
1543,65,1,0.13612622022628784
1544,59,47,0.6784853935241699
1545,81,48,0.23075655102729797
1546,39,63,0.19881470501422882
1547,79,97,0.10806035995483398
1548,25,25,0.33562353253364563
1549,44,78,0.2473696917295456
1550,16,6,0.2603874206542969
1551,23,49,0.40249574184417725
1552,17,17,0.4154684841632843
1553,49,72,0.16534991562366486
1554,69,95,0.15252257883548737
1555,74,7,0.33369171619415283
1556,63,63,0.17491969466209412
1557,10,75,0.3509983420372009
1558,56,56,0.578227698802948
1559,43,21,0.43866467475891113
1560,22,92,0.14091916382312775
1561,11,98,0.2484809011220932
1562,9,9,0.3431638479232788
1563,17,76,0.21691839396953583
1564,31,38,0.15451876819133759
1565,52,52,0.6560987830162048
1566,52,96,0.4467570185661316
1567,36,33,0.18934573233127594
1568,58,58,0.5399665236473083
1569,79,21,0.26488786935806274
1570,42,31,0.0869622677564621
1571,32,58,0.23311671614646912
1572,15,97,0.1310843676328659
1573,15,17,0.16685236990451813
1574,79,33,0.2791595458984375
1575,56,47,0.35429683327674866
1576,3,72,0.16789484024047852
1577,77,95,0.3954486548900604
1578,57,92,0.3909324109554291
1579,5,5,0.43006500601768494
1580,76,23,0.4263049364089966
1581,84,14,0.12202080339193344
1582,47,52,0.9263423681259155
1583,79,33,0.31441041827201843
1584,64,50,0.21190862357616425
1585,3,21,0.15735331177711487
1586,22,25,0.428562730550766
1587,84,36,0.12581583857536316
1588,15,49,0.24791990220546722
1589,83,92,0.37320172786712646
1590,19,82,0.3869849741458893
1591,64,75,0.1581982672214508
1592,61,24,0.3003571331501007
1593,33,33,0.8434560298919678
1594,16,38,0.16181372106075287
1595,76,76,0.4106995463371277
1596,96,96,0.2307007610797882
1597,87,87,0.3121955990791321
1598,92,92,0.3529731035232544
1599,39,39,0.13924892246723175
1600,60,60,0.3437289595603943
1601,59,95,0.4296547770500183
1602,74,37,0.15944644808769226
1603,27,45,0.1917249709367752
1604,68,68,0.9523770213127136
1605,7,33,0.08970636874437332
1606,23,23,0.37752753496170044
1607,42,88,0.2211928516626358
1608,47,92,0.263469398021698
1609,2,32,0.11460282653570175
1610,20,5,0.21219322085380554
1611,80,85,0.10021495074033737
1612,24,6,0.21690300107002258
1613,17,76,0.2831788957118988
1614,12,58,0.20562994480133057
1615,55,12,0.15157930552959442
1616,13,13,0.1169762834906578
1617,17,37,0.5441068410873413
1618,67,63,0.08532609045505524
1619,21,21,0.4107964336872101
1620,42,42,0.4274890422821045
1621,21,21,0.23217789828777313
1622,46,3,0.06370808929204941
1623,79,79,0.10002916306257248
1624,21,4,0.22436951100826263
1625,61,61,0.4337894022464752
1626,64,38,0.2369837611913681
1627,41,41,0.9614226818084717
1628,16,83,0.16182121634483337
1629,40,51,0.21503084897994995
1630,54,70,0.14805465936660767
1631,70,92,0.5293076038360596
1632,65,21,0.25078776478767395
1633,84,95,0.1706533282995224
1634,64,4,0.24209825694561005
1635,37,84,0.11022450029850006
1636,59,52,0.7217093110084534
1637,92,92,0.4025759994983673
1638,71,51,0.20301933586597443
1639,17,17,0.8204259872436523
1640,96,52,0.34788820147514343
1641,94,94,0.8084537386894226
1642,39,71,0.3214160203933716
1643,93,65,0.15574564039707184
1644,79,96,0.13738948106765747
1645,34,88,0.23655308783054352
1646,26,47,0.22228051722049713
1647,33,33,0.7268158197402954
1648,24,2,0.14003819227218628
1649,12,12,0.22204317152500153
1650,53,53,0.4216972887516022
1651,88,63,0.1704312264919281
1652,20,20,0.6406745314598083
1653,47,47,0.7164300084114075
1654,98,87,0.15338429808616638
1655,25,68,0.17117761075496674
1656,45,41,0.21200494468212128
1657,25,5,0.27958783507347107
1658,61,10,0.6028732657432556
1659,56,47,0.48362281918525696
1660,68,68,0.8440829515457153
1661,27,50,0.06920924037694931
1662,13,58,0.3924238681793213
1663,92,92,0.3674198389053345
1664,12,21,0.3601328730583191
1665,46,46,0.40817946195602417
1666,76,76,0.8754544258117676
1667,67,67,0.47666722536087036
1668,27,44,0.0942104384303093
1669,2,24,0.09425581991672516
1670,78,69,0.41422244906425476
1671,48,48,0.9429852366447449
1672,3,4,0.18171340227127075
1673,98,39,0.14788416028022766
1674,20,6,0.34381115436553955
1675,8,8,0.9572062492370605
1676,43,15,0.08020821213722229
1677,57,0,0.7064988017082214
1678,63,3,0.19056154787540436
1679,7,7,0.5629227757453918
1680,10,10,0.2827552855014801
1681,47,56,0.5039008259773254
1682,46,5,0.3169289231300354
1683,52,96,0.17819802463054657
1684,90,13,0.25125688314437866
1685,69,69,0.2901693880558014
1686,78,27,0.15912866592407227
1687,15,63,0.08632943779230118
1688,78,63,0.32963547110557556
1689,29,43,0.21718625724315643
1690,61,22,0.16518212854862213
1691,5,94,0.28304117918014526
1692,30,27,0.2683221399784088
1693,86,26,0.21040570735931396
1694,85,80,0.14875848591327667
1695,33,33,0.423431396484375
1696,10,50,0.08091861754655838
1697,44,4,0.1608286201953888
1698,34,80,0.08402170985937119
1699,24,24,0.17355555295944214
1700,56,28,0.1975565254688263
1701,61,22,0.6174234747886658
1702,62,1,0.25499963760375977
1703,38,24,0.2021796852350235
1704,72,27,0.06487078964710236
1705,44,1,0.3176800012588501
1706,53,53,0.6851493120193481
1707,7,7,0.5920595526695251
1708,38,96,0.20315565168857574
1709,17,68,0.4951183497905731
1710,40,78,0.2632240951061249
1711,91,7,0.2494015395641327
1712,83,62,0.5310995578765869
1713,82,82,0.7712545394897461
1714,10,61,0.7373290657997131
1715,21,21,0.2890201807022095
1716,30,30,0.3984014689922333
1717,65,64,0.13170850276947021
1718,47,52,0.462093710899353
1719,57,0,0.6154281497001648
1720,16,87,0.20939898490905762
1721,81,26,0.1382085233926773
1722,30,95,0.4196755290031433
1723,72,80,0.06718359142541885
1724,96,47,0.43697866797447205
1725,88,63,0.09798567742109299
1726,62,92,0.14574044942855835
1727,95,30,0.4196609556674957
1728,27,18,0.2613137662410736
1729,61,61,0.4404330253601074
1730,2,36,0.5032263994216919
1731,50,33,0.3078506886959076
1732,21,4,0.10779546946287155
1733,87,84,0.16481554508209229
1734,5,45,0.10315508395433426
1735,69,21,0.3453916907310486
1736,37,19,0.4826309084892273
1737,59,27,0.1641656458377838
1738,0,0,0.9179568290710449
1739,78,27,0.09240017086267471
1740,20,21,0.2298881858587265
1741,85,85,0.7597498893737793
1742,54,54,0.24088449776172638
1743,53,53,0.6315516233444214
1744,73,73,0.33289045095443726
1745,69,49,0.4815554916858673
1746,3,21,0.28092679381370544
1747,35,75,0.23420265316963196
1748,49,71,0.2810356616973877
1749,33,33,0.6693311333656311
1750,73,73,0.26366326212882996
1751,99,79,0.08094345778226852
1752,97,33,0.15155339241027832
1753,89,89,0.15770584344863892
1754,3,66,0.07420461624860764
1755,54,66,0.1488056480884552
1756,90,89,0.3609071969985962
1757,45,80,0.16128036379814148
1758,11,46,0.5734403133392334
1759,1,36,0.1749706119298935
1760,51,42,0.30309754610061646
1761,28,87,0.18482263386249542
1762,79,43,0.3337397277355194
1763,47,52,0.45200222730636597
1764,54,20,0.22542014718055725
1765,83,83,0.5585075616836548
1766,40,32,0.19947080314159393
1767,14,18,0.16300086677074432
1768,26,67,0.25737690925598145
1769,27,30,0.3466367721557617
1770,12,12,0.2406514436006546
1771,42,43,0.23578272759914398
1772,44,27,0.16125693917274475
1773,29,29,0.3345406949520111
1774,59,96,0.2729102671146393
1775,8,21,0.07948056608438492
1776,17,52,0.17691200971603394
1777,56,56,0.22435759007930756
1778,46,80,0.18680202960968018
1779,80,14,0.17501713335514069
1780,1,91,0.14949768781661987
1781,82,82,0.9458189010620117
1782,51,18,0.18914315104484558
1783,34,92,0.19755277037620544
1784,86,86,0.7193635106086731
1785,96,52,0.7015916109085083
1786,86,86,0.46008190512657166
1787,93,63,0.2657037377357483
1788,38,38,0.24264585971832275
1789,20,20,0.22027188539505005
1790,19,33,0.13424111902713776
1791,2,57,0.1259593367576599
1792,20,25,0.35020923614501953
1793,91,5,0.25229477882385254
1794,55,82,0.3213813304901123
1795,65,97,0.10774990916252136
1796,64,64,0.0887383297085762
1797,90,58,0.23711244761943817
1798,70,36,0.13697390258312225
1799,34,1,0.08920236676931381
1800,11,11,0.29314789175987244
1801,55,74,0.12513147294521332
1802,68,68,0.9393011331558228
1803,52,52,0.5882948637008667
1804,6,64,0.127314954996109
1805,79,93,0.06032895669341087
1806,22,5,0.31158655881881714
1807,22,91,0.38131675124168396
1808,86,86,0.4239751994609833
1809,10,22,0.1981358379125595
1810,1,1,0.38799354434013367
1811,75,20,0.1551818549633026
1812,48,87,0.3240155875682831
1813,5,22,0.20659507811069489
1814,90,33,0.21903562545776367
1815,67,77,0.14863747358322144
1816,99,95,0.6473360061645508
1817,33,33,0.10339579731225967
1818,82,82,0.5263325572013855
1819,76,76,0.4172281324863434
1820,51,97,0.15194694697856903
1821,92,54,0.1169331967830658
1822,65,94,0.6194897890090942
1823,77,77,0.20276986062526703
1824,70,54,0.2940919101238251
1825,12,12,0.8542807102203369
1826,91,73,0.2685927450656891
1827,83,94,0.46811485290527344
1828,95,95,0.4435770511627197
1829,48,48,0.32489994168281555
1830,52,52,0.7223920226097107
1831,30,30,0.5204651355743408
1832,49,76,0.31424373388290405
1833,11,2,0.12262288480997086
1834,3,3,0.18616704642772675
1835,17,17,0.5161129832267761
1836,80,65,0.1037524938583374
1837,94,94,0.38187259435653687
1838,29,3,0.10998201370239258
1839,87,22,0.22049963474273682
1840,49,93,0.18649469316005707
1841,64,74,0.07797667384147644
1842,57,24,0.21346232295036316
1843,42,67,0.07127907872200012
1844,95,73,0.2915556728839874
1845,28,68,0.09007945656776428
1846,16,45,0.2700469195842743
1847,99,75,0.2017904818058014
1848,46,46,0.2871052622795105
1849,31,33,0.13445419073104858
1850,25,63,0.08684112131595612
1851,2,2,0.1578424721956253
1852,95,73,0.26495063304901123
1853,21,21,0.16486212611198425
1854,83,83,0.3873128592967987
1855,59,52,0.8712792992591858
1856,56,56,0.9826647639274597
1857,28,28,0.30549806356430054
1858,17,17,0.414179265499115
1859,53,53,0.4975106716156006
1860,71,71,0.6281765699386597
1861,7,16,0.16649962961673737
1862,94,94,0.24890603125095367
1863,53,53,0.4235211908817291
1864,89,89,0.8866333961486816
1865,10,36,0.10424382239580154
1866,28,23,0.1366473287343979
1867,7,7,0.36662524938583374
1868,36,54,0.31192976236343384
1869,79,26,0.09573381394147873
1870,53,53,0.7409562468528748
1871,87,87,0.2663462162017822
1872,43,44,0.08478673547506332
1873,76,17,0.6363819241523743
1874,69,69,0.13581649959087372
1875,22,97,0.23767125606536865
1876,17,17,0.8392971754074097
1877,6,6,0.7307945489883423
1878,53,62,0.22146748006343842
1879,68,68,0.4895305335521698
1880,44,56,0.39710304141044617
1881,89,96,0.2839704751968384
1882,15,5,0.11299950629472733
1883,80,18,0.26649731397628784
1884,45,6,0.4051477611064911
1885,95,95,0.5160166025161743
1886,37,71,0.12862293422222137
1887,80,97,0.08312855660915375
1888,28,28,0.22437961399555206
1889,13,26,0.1499914973974228
1890,23,23,0.39897286891937256
1891,52,52,0.8971772193908691
1892,24,24,0.7567502856254578
1893,21,18,0.21827563643455505
1894,55,68,0.498993456363678
1895,99,28,0.37637147307395935
1896,98,56,0.36511820554733276
1897,21,21,0.20702438056468964
1898,59,76,0.1727493703365326
1899,9,83,0.20900492370128632
1900,81,87,0.28703030943870544
1901,88,66,0.1368793249130249
1902,93,29,0.10982604324817657
1903,61,61,0.4604475200176239
1904,17,17,0.7075151205062866
1905,44,93,0.36492615938186646
1906,49,17,0.2262524962425232
1907,81,81,0.17104114592075348
1908,78,45,0.09405871480703354
1909,94,36,0.27006661891937256
1910,40,40,0.7863630652427673
1911,60,60,0.8817803263664246
1912,80,43,0.07698626071214676
1913,58,58,0.2571660280227661
1914,4,14,0.2479727864265442
1915,88,26,0.2413344532251358
1916,18,91,0.5615041255950928
1917,24,94,0.05367189645767212
1918,36,36,0.25285604596138
1919,26,85,0.2847612798213959
1920,74,74,0.32882797718048096
1921,88,78,0.1236177533864975
1922,56,47,0.3180166780948639
1923,3,65,0.13780713081359863
1924,65,32,0.08145632594823837
1925,0,0,0.9437704086303711
1926,43,43,0.33152613043785095
1927,22,87,0.18297572433948517
1928,47,7,0.13148336112499237
1929,65,95,0.48464640974998474
1930,22,94,0.18481266498565674
1931,69,69,0.9225577116012573
1932,9,9,0.9822529554367065
1933,78,78,0.16953153908252716
1934,4,27,0.17114503681659698
1935,69,16,0.1803409308195114
1936,46,35,0.22073417901992798
1937,97,64,0.15435078740119934
1938,29,44,0.10077288001775742
1939,18,77,0.3633963465690613
1940,64,58,0.09810815751552582
1941,98,98,0.19206561148166656
1942,65,33,0.12250253558158875
1943,36,36,0.8810456395149231
1944,94,87,0.5633538365364075
1945,84,26,0.3002331554889679
1946,91,83,0.2984394133090973
1947,20,20,0.6129975318908691
1948,36,5,0.3058270215988159
1949,50,63,0.26671937108039856
1950,76,76,0.7857793569564819
1951,29,75,0.16848595440387726
1952,63,86,0.07619267702102661
1953,6,45,0.13520167768001556
1954,30,30,0.10311736166477203
1955,99,61,0.1082361489534378
1956,55,95,0.5605801939964294
1957,21,3,0.20214350521564484
1958,38,80,0.13592934608459473
1959,83,83,0.6035068035125732
1960,67,49,0.42361482977867126
1961,31,31,0.48898065090179443
1962,49,49,0.3604666590690613
1963,39,39,0.5926358103752136
1964,66,16,0.07344909012317657
1965,66,66,0.231306254863739
1966,53,53,0.9440997838973999
1967,54,54,0.45305511355400085
1968,41,41,0.9415819048881531
1969,36,36,0.21167370676994324
1970,61,10,0.2189084142446518
1971,88,88,0.22853679955005646
1972,30,30,0.5854575634002686
1973,19,58,0.1574186533689499
1974,95,95,0.9369294047355652
1975,41,41,0.9574458003044128
1976,89,48,0.09575843065977097
1977,19,75,0.7847855687141418
1978,46,11,0.34875285625457764
1979,78,92,0.12838299572467804
1980,37,17,0.42914217710494995
1981,31,76,0.25324493646621704
1982,22,22,0.9253329634666443
1983,2,54,0.18281464278697968
1984,78,48,0.19052916765213013
1985,13,85,0.39781296253204346
1986,73,30,0.2591450810432434
1987,51,9,0.5253153443336487
1988,95,95,0.49515044689178467
1989,2,35,0.10350776463747025
1990,38,34,0.07295069098472595
1991,98,43,0.14835818111896515
1992,28,9,0.2660519778728485
1993,18,99,0.10275690257549286
1994,42,43,0.19587665796279907
1995,7,7,0.1386002153158188
1996,88,27,0.1517767608165741
1997,61,87,0.14692255854606628
1998,12,81,0.28733524680137634
1999,8,84,0.104197196662426
2000,92,62,0.2334611415863037
2001,41,41,0.7535486221313477
2002,33,33,0.17628665268421173
2003,65,58,0.16121748089790344
2004,17,17,0.6356815099716187
2005,51,19,0.3422600328922272
2006,99,71,0.31890052556991577
2007,35,11,0.4726128578186035
2008,67,73,0.7213680744171143
2009,63,6,0.2937832474708557
2010,63,36,0.25486159324645996
2011,9,9,0.4628463089466095
2012,58,45,0.23523108661174774
2013,96,96,0.6560770869255066
2014,77,50,0.1393134742975235
2015,1,1,0.8002955913543701
2016,36,64,0.2819526493549347
2017,53,6,0.28871622681617737
2018,83,62,0.5215094685554504
2019,13,58,0.5447613000869751
2020,98,2,0.2424813061952591
2021,21,3,0.14883258938789368
2022,35,11,0.2237320840358734
2023,39,39,0.4712320566177368
2024,49,49,0.296409547328949
2025,81,32,0.1641477346420288
2026,35,94,0.3132968246936798
2027,3,21,0.3416650891304016
2028,77,50,0.11600559949874878
2029,89,33,0.10636656731367111
2030,30,95,0.7425386309623718
2031,85,85,0.8762316703796387
2032,59,52,0.7238373160362244
2033,48,24,0.08598067611455917
2034,98,41,0.31783971190452576
2035,38,38,0.19830675423145294
2036,80,66,0.13926814496517181
2037,39,94,0.12567467987537384
2038,82,5,0.21391355991363525
2039,43,88,0.47381675243377686
2040,12,12,0.512146532535553
2041,21,21,0.6281927227973938
2042,18,9,0.09278729557991028
2043,25,0,0.15251995623111725
2044,5,5,0.09669148176908493
2045,25,33,0.10290049761533737
2046,63,63,0.617023229598999
2047,78,77,0.08226560056209564
2048,4,4,0.2011958807706833
2049,40,40,0.5837114453315735
2050,29,76,0.615498960018158
2051,15,79,0.08915683627128601
2052,39,73,0.42945191264152527
2053,49,49,0.21377897262573242
2054,93,95,0.6307733654975891
2055,39,45,0.7434781193733215
2056,77,18,0.13757967948913574
2057,69,72,0.3203509747982025
2058,53,53,0.6122767329216003
2059,64,80,0.08365491777658463
2060,12,12,0.33768078684806824
2061,57,15,0.11865533888339996
2062,5,5,0.7785444259643555
2063,17,17,0.3250866234302521
2064,97,97,0.26062318682670593
2065,37,17,0.19306237995624542
2066,48,48,0.8549365401268005
2067,79,33,0.3036099374294281
2068,5,5,0.7741438746452332
2069,83,0,0.5518857836723328
2070,16,87,0.33821985125541687
2071,41,91,0.5494974851608276
2072,48,45,0.2534564137458801
2073,54,26,0.10854627192020416
2074,79,79,0.0914609357714653
2075,67,65,0.12568674981594086
2076,73,73,0.48884451389312744
2077,0,92,0.2115107774734497
2078,19,38,0.07512912899255753
2079,14,21,0.47590014338493347
2080,29,44,0.08306884765625
2081,84,20,0.5389364361763
2082,48,48,0.1623111069202423
2083,36,5,0.2967469096183777
2084,76,85,0.1307159960269928
2085,95,95,0.27084842324256897
2086,20,20,0.9846028089523315
2087,59,52,0.8337810635566711
2088,57,8,0.12050233036279678
2089,67,5,0.10883273929357529
2090,6,34,0.14792317152023315
2091,71,71,0.30540308356285095
2092,21,21,0.9436666965484619
2093,7,45,0.22127121686935425
2094,91,58,0.12366416305303574
2095,92,10,0.22889336943626404
2096,87,87,0.30740582942962646
2097,91,75,0.3787347674369812
2098,16,13,0.38452282547950745
2099,86,79,0.1706753969192505
2100,58,58,0.27659469842910767
2101,89,89,0.6645906567573547
2102,97,38,0.1543809324502945
2103,83,43,0.12134953588247299
2104,72,7,0.16532674431800842
2105,85,72,0.14222075045108795
2106,41,20,0.3349192142486572
2107,3,51,0.07595266401767731
2108,20,20,0.6807333827018738
2109,10,27,0.07990025728940964
2110,74,96,0.1361689567565918
2111,49,17,0.4537656307220459
2112,63,72,0.16844666004180908
2113,91,91,0.13283471763134003
2114,56,56,0.25457605719566345
2115,92,92,0.4130784571170807
2116,19,7,0.2385042905807495
2117,64,30,0.25067293643951416
2118,28,28,0.31367239356040955
2119,11,7,0.07325980812311172
2120,41,9,0.16403840482234955
2121,81,81,0.17238204181194305
2122,90,85,0.28025829792022705
2123,89,89,0.3327844738960266
2124,86,40,0.399519681930542
2125,22,36,0.12596723437309265
2126,41,36,0.11546260863542557
2127,50,87,0.4076414406299591
2128,27,27,0.14243069291114807
2129,87,8,0.1684429794549942
2130,21,31,0.31504759192466736
2131,34,54,0.16861936450004578
2132,36,36,0.7570379972457886
2133,90,33,0.3571845591068268
2134,94,16,0.1533341258764267
2135,71,71,0.4016941487789154
2136,31,38,0.21868199110031128
2137,62,62,0.6934714317321777
2138,95,95,0.8490774035453796
2139,33,96,0.4158201217651367
2140,38,77,0.12972156703472137
2141,95,95,0.27438440918922424
2142,41,21,0.07936488091945648
2143,24,75,0.3541598916053772
2144,89,85,0.19691696763038635
2145,15,50,0.19524845480918884
2146,81,41,0.09035356342792511
2147,8,8,0.11238135397434235
2148,48,48,0.23377421498298645
2149,30,30,0.3149116337299347
2150,52,52,0.6458119750022888
2151,79,79,0.11640923470258713
2152,20,47,0.6428240537643433
2153,68,68,0.9730393290519714
2154,16,45,0.27322518825531006
2155,78,75,0.2408151775598526
2156,45,11,0.25733014941215515
2157,31,37,0.2937970459461212
2158,66,65,0.22568510472774506
2159,52,52,0.9059019684791565
2160,43,43,0.11953072249889374
2161,20,20,0.6755217909812927
2162,98,40,0.16188165545463562
2163,24,24,0.9049587845802307
2164,71,49,0.3763316869735718
2165,49,37,0.11579356342554092
2166,44,39,0.3244124948978424
2167,46,51,0.11921205371618271
2168,62,51,0.21776001155376434
2169,22,88,0.1741391122341156
2170,11,37,0.4525844156742096
2171,89,89,0.5978161692619324
2172,99,4,0.11483053863048553
2173,73,39,0.07683098316192627
2174,26,26,0.44792440533638
2175,53,57,0.29655721783638
2176,10,10,0.35313880443573
2177,41,19,0.16879971325397491
2178,12,37,0.1924743503332138
2179,2,3,0.11471720039844513
2180,4,82,0.3300773799419403
2181,39,30,0.16678647696971893
2182,19,17,0.18381503224372864
2183,56,56,0.5681225061416626
2184,74,80,0.06953785568475723
2185,79,24,0.14442919194698334
2186,73,68,0.4058937728404999
2187,46,50,0.13436324894428253
2188,3,63,0.4202130138874054
2189,22,10,0.20048852264881134
2190,6,6,0.10492028295993805
2191,59,59,0.2726045250892639
2192,54,15,0.1301797330379486
2193,87,87,0.7688714265823364
2194,2,6,0.16154055297374725
2195,87,3,0.11553792655467987
2196,49,60,0.30316975712776184
2197,91,91,0.27579808235168457
2198,37,5,0.1380997747182846
2199,53,89,0.27314844727516174
2200,51,27,0.0861043706536293
2201,7,14,0.14528781175613403
2202,99,7,0.26540571451187134
2203,13,58,0.2704334855079651
2204,25,54,0.13078539073467255
2205,66,66,0.19919855892658234
2206,80,32,0.23099306225776672
2207,22,73,0.19621510803699493
2208,73,76,0.27944517135620117
2209,83,2,0.18017521500587463
2210,14,87,0.19375696778297424
2211,42,56,0.34131112694740295
2212,86,5,0.17685426771640778
2213,22,22,0.22296836972236633
2214,90,68,0.35266944766044617
2215,74,63,0.17184743285179138
2216,24,24,0.37534916400909424
2217,84,34,0.15264998376369476
2218,91,75,0.6641406416893005
2219,97,97,0.6739699840545654
2220,88,34,0.20365002751350403
2221,4,43,0.06856332719326019
2222,26,26,0.8170427083969116
2223,22,36,0.08445743471384048
2224,19,19,0.3217151463031769
2225,67,67,0.23445738852024078
2226,73,73,0.22430475056171417
2227,84,75,0.24797166883945465
2228,98,58,0.3080255091190338
2229,6,62,0.4480791389942169
2230,35,63,0.13784313201904297
2231,29,29,0.1511351317167282
2232,51,21,0.1422562450170517
2233,59,59,0.16783574223518372
2234,62,62,0.4325331151485443
2235,60,60,0.9134148359298706
2236,68,68,0.896003782749176
2237,44,5,0.08699987083673477
2238,83,83,0.598548412322998
2239,0,0,0.3637923002243042
2240,41,41,0.18426282703876495
2241,90,33,0.3009558618068695
2242,48,48,0.6893923282623291
2243,82,82,0.40114641189575195
2244,67,73,0.27414464950561523
2245,28,95,0.5427795648574829
2246,28,28,0.3129226863384247
2247,71,71,0.3306938409805298
2248,79,8,0.3268738389015198
2249,43,43,0.3361806571483612
2250,17,37,0.32517996430397034
2251,5,97,0.1476566642522812
2252,17,17,0.5631958842277527
2253,7,7,0.31846657395362854
2254,84,84,0.17076343297958374
2255,57,82,0.4410717189311981
2256,27,27,0.10795615613460541
2257,57,57,0.47864392399787903
2258,68,68,0.35981523990631104
2259,26,1,0.30514928698539734
2260,59,56,0.35903990268707275
2261,4,80,0.10984634608030319
2262,87,86,0.31344765424728394
2263,99,10,0.4932810962200165
2264,3,21,0.3289572298526764
2265,66,35,0.2044508010149002
2266,38,77,0.18444198369979858
2267,15,15,0.4374416768550873
2268,75,75,0.7592273354530334
2269,20,84,0.24463589489459991
2270,47,47,0.9219285845756531
2271,0,47,0.33417269587516785
2272,14,14,0.3038354218006134
2273,85,69,0.3672748804092407
2274,62,62,0.5664512515068054
2275,55,24,0.20362426340579987
2276,63,63,0.48653048276901245
2277,69,69,0.3737647533416748
2278,3,3,0.17731548845767975
2279,77,30,0.30918800830841064
2280,73,95,0.2304762750864029
2281,38,34,0.4031834900379181
2282,59,33,0.09316747635602951
2283,52,47,0.4053601324558258
2284,84,52,0.2752494812011719
2285,37,17,0.25940969586372375
2286,60,68,0.44106778502464294
2287,21,21,0.32022538781166077
2288,96,47,0.47416117787361145
2289,68,68,0.7687193751335144
2290,16,36,0.13240161538124084
2291,19,19,0.8118907809257507
2292,40,94,0.4128468632698059
2293,70,83,0.2329503744840622
2294,61,22,0.6815516948699951
2295,10,28,0.18415816128253937
2296,57,21,0.20700733363628387
2297,81,37,0.16155573725700378
2298,68,68,0.771964967250824
2299,12,1,0.15289264917373657
2300,10,43,0.3762357831001282
2301,38,21,0.11036895215511322
2302,10,22,0.12077423185110092
2303,47,47,0.47666576504707336
2304,76,71,0.36390796303749084
2305,11,43,0.05828370153903961
2306,72,95,0.5620239973068237
2307,23,73,0.1807270646095276
2308,1,21,0.5650737285614014
2309,14,3,0.3024940490722656
2310,31,19,0.26469334959983826
2311,30,12,0.19197313487529755
2312,93,33,0.2514094114303589
2313,54,92,0.30979952216148376
2314,9,21,0.543692409992218
2315,15,19,0.2505483627319336
2316,2,2,0.16308686137199402
2317,26,26,0.24416863918304443
2318,65,43,0.06237444281578064
2319,32,93,0.1692183017730713
2320,12,12,0.4419891834259033
2321,58,13,0.2673660218715668
2322,73,73,0.2807435691356659
2323,76,76,0.8473845720291138
2324,95,7,0.11043979227542877
2325,67,67,0.32991844415664673
2326,95,30,0.4663170874118805
2327,26,62,0.3405035734176636
2328,92,70,0.4354938566684723
2329,47,39,0.3597060739994049
2330,84,63,0.12397060543298721
2331,29,88,0.1121639609336853
2332,51,18,0.22579717636108398
2333,44,79,0.11773720383644104
2334,45,94,0.1265684962272644
2335,60,60,0.9717560410499573
2336,34,34,0.7084895372390747
2337,97,35,0.07753133028745651
2338,1,1,0.36328035593032837
2339,93,93,0.12894925475120544
2340,97,43,0.25041940808296204
2341,19,34,0.26063719391822815
2342,19,91,0.21929632127285004
2343,92,82,0.4127803146839142
2344,69,65,0.1905926764011383
2345,65,2,0.159422367811203
2346,95,95,0.4239161014556885
2347,78,77,0.07251948863267899
2348,5,5,0.17173120379447937
2349,34,33,0.1710273176431656
2350,76,76,0.6287837028503418
2351,25,50,0.10497379302978516
2352,50,5,0.106747105717659
2353,30,30,0.35994893312454224
2354,69,69,0.7036033868789673
2355,59,52,0.5990582704544067
2356,34,80,0.08974301069974899
2357,77,4,0.07574771344661713
2358,46,46,0.3439160883426666
2359,66,97,0.3635772168636322
2360,31,19,0.5057920813560486
2361,73,67,0.17079518735408783
2362,87,87,0.2472459226846695
2363,90,90,0.4392757713794708
2364,18,79,0.11354396492242813
2365,6,88,0.2346765547990799
2366,38,3,0.11975957453250885
2367,81,89,0.20010365545749664
2368,25,50,0.06589333713054657
2369,81,17,0.13766585290431976
2370,64,97,0.12332603335380554
2371,70,45,0.34481191635131836
2372,37,17,0.4675127863883972
2373,76,76,0.9673124551773071
2374,31,34,0.15528763830661774
2375,0,0,0.9036346077919006
2376,90,81,0.3627760708332062
2377,32,93,0.3511456549167633
2378,5,5,0.8597730398178101
2379,56,52,0.18196474015712738
2380,41,41,0.9945645332336426
2381,80,0,0.18618696928024292
2382,5,5,0.3983829617500305
2383,52,47,0.46731260418891907
2384,51,27,0.10760556906461716
2385,25,21,0.32307279109954834
2386,20,20,0.6796817779541016
2387,61,78,0.3653362989425659
2388,98,46,0.10821842402219772
2389,20,45,0.23191747069358826
2390,32,4,0.3140566647052765
2391,35,98,0.2621958255767822
2392,5,90,0.3124959468841553
2393,72,72,0.1569298803806305
2394,61,61,0.7604439854621887
2395,43,26,0.18470127880573273
2396,58,58,0.5624244809150696
2397,36,36,0.23656779527664185
2398,99,61,0.15182659029960632
2399,60,60,0.485519677400589
2400,70,70,0.7195593118667603
2401,38,45,0.0789828822016716
2402,59,7,0.6382254362106323
2403,26,95,0.23269137740135193
2404,56,73,0.24051038920879364
2405,78,27,0.1347208321094513
2406,83,70,0.40378186106681824
2407,23,69,0.48038870096206665
2408,52,52,0.6141485571861267
2409,32,17,0.19955606758594513
2410,54,54,0.6175838708877563
2411,33,33,0.14047127962112427
2412,61,61,0.40695881843566895
2413,49,12,0.15623649954795837
2414,53,83,0.5764139294624329
2415,15,7,0.4269634783267975
2416,50,91,0.09836753457784653
2417,3,29,0.26001855731010437
2418,12,49,0.24547713994979858
2419,86,86,0.6016520857810974
2420,55,80,0.18335016071796417
2421,58,58,0.916678786277771
2422,5,4,0.16125214099884033
2423,30,95,0.7390891313552856
2424,26,8,0.09771300852298737
2425,10,0,0.2273423969745636
2426,0,0,0.3173266053199768
2427,11,87,0.3021814227104187
2428,9,11,0.10859717428684235
2429,33,33,0.48870712518692017
2430,53,53,0.5716782212257385
2431,33,81,0.13066613674163818
2432,94,94,0.8297868371009827
2433,46,91,0.1363910585641861
2434,99,99,0.26167234778404236
2435,34,34,0.11783485859632492
2436,1,1,0.4686858057975769
2437,17,76,0.5473856925964355
2438,63,77,0.24996650218963623
2439,69,69,0.633487343788147
2440,66,66,0.2356298714876175
2441,37,52,0.22502683103084564
2442,67,67,0.42980167269706726
2443,40,28,0.2743728756904602
2444,93,73,0.20475120842456818
2445,24,24,0.4821039140224457
2446,82,82,0.9014553427696228
2447,23,23,0.12290389835834503
2448,30,95,0.19528867304325104
2449,66,99,0.10855323821306229
2450,30,67,0.2360660284757614
2451,11,87,0.18584170937538147
2452,11,35,0.3150672912597656
2453,94,94,0.6352354288101196
2454,88,83,0.2687664330005646
2455,37,3,0.13861629366874695
2456,29,32,0.2973783016204834
2457,46,65,0.19260254502296448
2458,95,95,0.5114133954048157
2459,54,54,0.298992395401001
2460,41,41,0.8288981914520264
2461,6,82,0.2165178507566452
2462,19,4,0.12059890478849411
2463,22,22,0.7820889353752136
2464,3,24,0.2914062738418579
2465,32,91,0.22554326057434082
2466,55,80,0.10657476633787155
2467,53,94,0.6329284906387329
2468,72,3,0.3115517795085907
2469,33,53,0.1888664960861206
2470,20,39,0.43287965655326843
2471,63,63,0.393806129693985
2472,12,95,0.1624758243560791
2473,64,63,0.24881435930728912
2474,23,68,0.23741663992404938
2475,22,95,0.30177485942840576
2476,75,75,0.4008254110813141
2477,8,80,0.1691785752773285
2478,33,33,0.15538695454597473
2479,66,86,0.26908138394355774
2480,55,3,0.2108679711818695
2481,72,12,0.3131704330444336
2482,73,1,0.23033659160137177
2483,84,19,0.0728396475315094
2484,13,85,0.26891592144966125
2485,96,33,0.22960588335990906
2486,65,80,0.12184253334999084
2487,22,78,0.07573964446783066
2488,0,0,0.6726130843162537
2489,19,19,0.7505576610565186
2490,80,97,0.07235293835401535
2491,23,23,0.7277798652648926
2492,85,85,0.27972739934921265
2493,68,68,0.3427535891532898
2494,86,61,0.2639513313770294
2495,37,37,0.2989398241043091
2496,81,63,0.060146138072013855
2497,35,35,0.2792428731918335
2498,98,87,0.42993614077568054
2499,8,49,0.1853361874818802
2500,23,71,0.5741007924079895
2501,76,76,0.8572196960449219
2502,74,33,0.11336088925600052
2503,89,89,0.44560137391090393
2504,60,60,0.5997629761695862
2505,69,69,0.8000182509422302
2506,96,17,0.3850611746311188
2507,32,23,0.20051178336143494
2508,29,29,0.6414989829063416
2509,64,18,0.17393746972084045
2510,9,9,0.7226065993309021
2511,16,24,0.24550148844718933
2512,0,0,0.6038467288017273
2513,74,32,0.12531764805316925
2514,17,17,0.6476423144340515
2515,54,68,0.0650710016489029
2516,62,62,0.6382797956466675
2517,6,89,0.13695575296878815
2518,34,34,0.16633449494838715
2519,65,51,0.10766248404979706
2520,8,37,0.306296169757843
2521,46,63,0.20553886890411377
2522,67,67,0.14835427701473236
2523,53,53,0.2674046456813812
2524,23,12,0.39598777890205383
2525,78,26,0.18116939067840576
2526,61,10,0.317986398935318
2527,26,26,0.1189136728644371
2528,64,13,0.08170831948518753
2529,25,25,0.4796326458454132
2530,70,92,0.3183441162109375
2531,96,96,0.5351076126098633
2532,67,93,0.42240476608276367
2533,22,78,0.31082406640052795
2534,45,50,0.08624619990587234
2535,65,89,0.14942392706871033
2536,96,8,0.1091512069106102
2537,79,24,0.28663504123687744
2538,23,23,0.44126656651496887
2539,76,76,0.18830592930316925
2540,26,33,0.1042020246386528
2541,57,88,0.06399472802877426
2542,16,58,0.30688542127609253
2543,64,22,0.17035657167434692
2544,34,74,0.08551718294620514
2545,82,82,0.7365000247955322
2546,66,64,0.20627425611019135
2547,83,53,0.40512746572494507
2548,72,27,0.12611763179302216
2549,71,68,0.696622371673584
2550,9,37,0.14916545152664185
2551,60,60,0.6318423748016357
2552,35,22,0.10910291224718094
2553,43,34,0.2110254317522049
2554,29,90,0.090692438185215
2555,93,8,0.10750967264175415
2556,58,13,0.2967918813228607
2557,94,9,0.3849254846572876
2558,5,45,0.12838707864284515
2559,83,83,0.36077404022216797
2560,92,62,0.7715221047401428
2561,26,1,0.18649506568908691
2562,39,87,0.2695361077785492
2563,86,8,0.16871710121631622
2564,93,50,0.08848584443330765
2565,16,16,0.44389867782592773
2566,85,85,0.8359501957893372
2567,27,43,0.13020583987236023
2568,76,63,0.11529002338647842
2569,89,89,0.1852872669696808
2570,42,33,0.3092402517795563
2571,18,9,0.13365104794502258
2572,14,14,0.47007960081100464
2573,4,4,0.28203877806663513
2574,73,67,0.3571911156177521
2575,71,49,0.16930003464221954
2576,20,26,0.24381552636623383
2577,20,79,0.11110717058181763
2578,16,5,0.16156572103500366
2579,51,51,0.22179526090621948
2580,88,88,0.3480951488018036
2581,5,39,0.22042246162891388
2582,25,91,0.1611448973417282
2583,64,32,0.16798058152198792
2584,59,12,0.10919426381587982
2585,77,42,0.1070604994893074
2586,22,22,0.30979546904563904
2587,3,94,0.09758578985929489
2588,68,68,0.8381803035736084
2589,28,7,0.1658765822649002
2590,44,21,0.13407602906227112
2591,13,13,0.6508744359016418
2592,73,73,0.6751953363418579
2593,98,5,0.12551070749759674
2594,52,52,0.7532352805137634
2595,44,4,0.1312132328748703
2596,99,58,0.4917324185371399
2597,17,17,0.34221315383911133
2598,31,3,0.1335868537425995
2599,50,36,0.0990256518125534
2600,87,35,0.13133274018764496
2601,44,5,0.0699094906449318
2602,85,85,0.8668795824050903
2603,58,58,0.3270990550518036
2604,57,57,0.8970122337341309
2605,45,45,0.7876020669937134
2606,28,21,0.14164644479751587
2607,5,36,0.1346072554588318
2608,11,11,0.4067768454551697
2609,81,87,0.08120953291654587
2610,46,30,0.14967229962348938
2611,67,73,0.40920814871788025
2612,96,52,0.13521835207939148
2613,69,69,0.2304251492023468
2614,19,94,0.2580130100250244
2615,55,55,0.0937638059258461
2616,75,75,0.7780967950820923
2617,31,31,0.303967148065567
2618,97,32,0.10124845802783966
2619,66,42,0.15969200432300568
2620,51,16,0.11090555787086487
2621,71,54,0.3615013659000397
2622,29,4,0.07143581658601761
2623,4,91,0.10695786774158478
2624,89,90,0.2889314591884613
2625,99,78,0.22617924213409424
2626,67,67,0.18641258776187897
2627,39,18,0.23167107999324799
2628,52,52,0.7576934695243835
2629,59,59,0.30950164794921875
2630,12,6,0.11688296496868134
2631,96,33,0.41906043887138367
2632,16,2,0.14949052035808563
2633,36,36,0.6467660665512085
2634,64,97,0.2566770911216736
2635,27,37,0.2674050033092499
2636,81,81,0.6866090297698975
2637,37,17,0.11785689741373062
2638,11,21,0.3856078088283539
2639,85,85,0.2037350833415985
2640,50,65,0.09960194677114487
2641,35,54,0.1717040240764618
2642,78,66,0.47533562779426575
2643,6,6,0.34541085362434387
2644,72,95,0.40197789669036865
2645,70,92,0.27244865894317627
2646,74,33,0.18310785293579102
2647,42,42,0.12526452541351318
2648,0,0,0.6698405146598816
2649,41,41,0.9447506070137024
2650,39,89,0.09872381389141083
2651,87,87,0.26237380504608154
2652,80,80,0.14707894623279572
2653,44,24,0.1342284381389618
2654,47,59,0.34095749258995056
2655,95,31,0.17776750028133392
2656,10,10,0.23615409433841705
2657,21,21,0.2397051751613617
2658,63,63,0.7538653612136841
2659,55,77,0.20318420231342316
2660,69,90,0.10642501711845398
2661,20,20,0.44876423478126526
2662,85,85,0.22341600060462952
2663,78,62,0.18217279016971588
2664,23,5,0.057276900857686996
2665,13,68,0.3333077132701874
2666,92,34,0.3575267195701599
2667,98,70,0.26536989212036133
2668,84,86,0.2355199158191681
2669,75,75,0.43445366621017456
2670,10,21,0.39674320816993713
2671,4,82,0.22068554162979126
2672,52,52,0.4644329249858856
2673,55,30,0.26405248045921326
2674,61,10,0.14135374128818512
2675,89,6,0.24146051704883575
2676,57,0,0.4067479968070984
2677,50,44,0.08510294556617737
2678,42,50,0.07749106734991074
2679,40,43,0.4343043267726898
2680,91,54,0.08088461309671402
2681,88,39,0.12673743069171906
2682,73,43,0.10459597408771515
2683,49,1,0.4630187451839447
2684,20,20,0.9986099004745483
2685,2,92,0.511995792388916
2686,16,16,0.5743681788444519
2687,26,33,0.12287499010562897
2688,91,91,0.9254096150398254
2689,88,8,0.3619045913219452
2690,85,89,0.34351566433906555
2691,28,79,0.1652754247188568
2692,27,27,0.1814597249031067
2693,83,53,0.5880461931228638
2694,54,54,0.9266716241836548
2695,65,79,0.2130531221628189
2696,71,69,0.20364651083946228
2697,77,18,0.17657479643821716
2698,13,58,0.44489121437072754
2699,56,47,0.3688375651836395
2700,76,76,0.4428730905056
2701,37,17,0.274882435798645
2702,3,31,0.08740133047103882
2703,72,4,0.07353535294532776
2704,63,31,0.10655480623245239
2705,46,76,0.4756278395652771
2706,75,19,0.0784195214509964
2707,90,90,0.5999638438224792
2708,26,4,0.21967178583145142
2709,60,60,0.7281430959701538
2710,49,37,0.24652650952339172
2711,50,32,0.11908365786075592
2712,15,68,0.18866969645023346
2713,2,2,0.16968555748462677
2714,78,7,0.1858733594417572
2715,94,94,0.9027408957481384
2716,86,58,0.23876115679740906
2717,25,5,0.24040575325489044
2718,11,93,0.1903802752494812
2719,13,89,0.2747781276702881
2720,4,24,0.29902923107147217
2721,40,50,0.1211870014667511
2722,47,95,0.39872467517852783
2723,44,82,0.0721011757850647
2724,90,52,0.3525646924972534
2725,95,95,0.643617570400238
2726,78,58,0.21784339845180511
2727,7,7,0.32465922832489014
2728,78,72,0.05409522354602814
2729,39,86,0.21645842492580414
2730,40,23,0.22748543322086334
2731,69,95,0.1906019002199173
2732,72,76,0.3307152986526489
2733,64,38,0.12519952654838562
2734,47,47,0.6269772052764893
2735,60,68,0.6198832392692566
2736,78,22,0.25683164596557617
2737,36,63,0.24299690127372742
2738,75,16,0.14240291714668274
2739,36,5,0.25415104627609253
2740,82,56,0.23431509733200073
2741,88,88,0.224919855594635
2742,38,27,0.08797471970319748
2743,36,51,0.1097651794552803
2744,81,37,0.4031659662723541
2745,72,85,0.10770855844020844
2746,50,65,0.09020732343196869
2747,2,83,0.0780189260840416
2748,52,52,0.853122889995575
2749,68,68,0.7748950123786926
2750,44,27,0.1497032344341278
2751,6,83,0.28145766258239746
2752,53,53,0.47193458676338196
2753,56,56,0.1336335390806198
2754,32,50,0.09004423767328262
2755,46,29,0.12867248058319092
2756,34,32,0.17838717997074127
2757,83,19,0.32084736227989197
2758,74,75,0.19108784198760986
2759,19,43,0.24037063121795654
2760,43,43,0.21059681475162506
2761,77,77,0.08426513522863388
2762,87,94,0.8114799857139587
2763,26,32,0.08354049175977707
2764,63,63,0.1101728230714798
2765,5,23,0.5095334649085999
2766,79,6,0.2863885164260864
2767,85,89,0.4118785262107849
2768,38,38,0.07455569505691528
2769,80,44,0.09933971613645554
2770,59,59,0.24625085294246674
2771,5,36,0.21175597608089447
2772,73,95,0.5260908007621765
2773,32,32,0.5349103808403015
2774,15,54,0.18147413432598114
2775,24,9,0.41297656297683716
2776,93,77,0.2718406319618225
2777,2,12,0.17761950194835663
2778,88,33,0.161631777882576
2779,49,49,0.4857538640499115
2780,11,46,0.15728726983070374
2781,38,58,0.19368188083171844
2782,62,62,0.5373886227607727
2783,7,83,0.255595862865448
2784,6,39,0.1305997520685196
2785,61,61,0.9786615371704102
2786,27,27,0.18445149064064026
2787,5,5,0.626641571521759
2788,41,41,0.8958737850189209
2789,37,5,0.1430504024028778
2790,10,20,0.7677755951881409
2791,43,50,0.12055756896734238
2792,69,67,0.1422712653875351
2793,21,63,0.21170413494110107
2794,73,73,0.46545863151550293
2795,68,68,0.6493986248970032
2796,88,88,0.2515803277492523
2797,10,0,0.42681267857551575
2798,65,87,0.07117393612861633
2799,4,80,0.11392615735530853
2800,47,52,0.31262627243995667
2801,59,59,0.2810317575931549
2802,20,85,0.11780871450901031
2803,35,83,0.4889693260192871
2804,2,92,0.24935172498226166
2805,88,88,0.5834201574325562
2806,83,5,0.16726303100585938
2807,72,32,0.16223262250423431
2808,4,39,0.10060428828001022
2809,3,4,0.1004750207066536
2810,60,60,0.5759122967720032
2811,82,96,0.5312640070915222
2812,61,61,0.18379290401935577
2813,68,68,0.8397142291069031
2814,92,82,0.42316222190856934
2815,22,83,0.27707213163375854
2816,84,5,0.4874461591243744
2817,87,87,0.4757244884967804
2818,32,67,0.14855128526687622
2819,91,20,0.19058018922805786
2820,38,65,0.0962756797671318
2821,36,36,0.09446707367897034
2822,9,9,0.7373537421226501
2823,63,63,0.9397894144058228
2824,57,18,0.26318225264549255
2825,50,32,0.09331512451171875
2826,97,79,0.18902899324893951
2827,27,93,0.061189696192741394
2828,34,65,0.1900099664926529
2829,69,69,0.16531860828399658
2830,1,1,0.19404499232769012
2831,82,92,0.15210747718811035
2832,13,37,0.1553594470024109
2833,84,65,0.18618535995483398
2834,15,19,0.6968321800231934
2835,97,80,0.11304368078708649
2836,22,22,0.4643256664276123
2837,27,80,0.10995128005743027
2838,18,93,0.14302292466163635
2839,79,7,0.32154929637908936
2840,98,16,0.16572514176368713
2841,74,74,0.23454990983009338
2842,97,66,0.11830739676952362
2843,13,95,0.3274250626564026
2844,78,58,0.09588780999183655
2845,88,43,0.2592218518257141
2846,98,2,0.2669323682785034
2847,78,45,0.12201838940382004
2848,5,40,0.08639737218618393
2849,4,4,0.11979351192712784
2850,17,17,0.5800485610961914
2851,60,60,0.3640589118003845
2852,44,79,0.0927865281701088
2853,69,44,0.1767210215330124
2854,53,53,0.7511281967163086
2855,37,37,0.4137479066848755
2856,82,82,0.8028553128242493
2857,44,83,0.15571416914463043
2858,3,21,0.13754835724830627
2859,24,7,0.6883213520050049
2860,27,91,0.15431176126003265
2861,6,63,0.08800345659255981
2862,38,80,0.13989567756652832
2863,35,46,0.240506112575531
2864,21,21,0.2986333668231964
2865,0,92,0.40839698910713196
2866,16,16,0.6248433589935303
2867,84,84,0.25205138325691223
2868,11,11,0.1651238054037094
2869,41,87,0.5268439054489136
2870,98,53,0.14301751554012299
2871,89,89,0.8963091969490051
2872,99,27,0.07115805894136429
2873,31,31,0.6196295619010925
2874,46,98,0.3216809630393982
2875,68,68,0.9431272149085999
2876,47,39,0.16173461079597473
2877,47,52,0.6731708645820618
2878,11,20,0.17360268533229828
2879,95,9,0.16970790922641754
2880,70,92,0.44357410073280334
2881,23,23,0.3607421815395355
2882,58,58,0.21673530340194702
2883,50,39,0.41832104325294495
2884,27,27,0.13295629620552063
2885,8,8,0.438983291387558
2886,47,96,0.33124080300331116
2887,27,58,0.5472750663757324
2888,3,32,0.10620667040348053
2889,68,68,0.7015166878700256
2890,53,53,0.7455610632896423
2891,34,32,0.3473147451877594
2892,68,68,0.9702029824256897
2893,96,8,0.21650682389736176
2894,53,83,0.4341263175010681
2895,19,19,0.33901116251945496
2896,70,92,0.1690514236688614
2897,21,63,0.2865750193595886
2898,90,48,0.20229078829288483
2899,11,20,0.12057402729988098
2900,21,21,0.6494936943054199
2901,4,63,0.1657862663269043
2902,1,89,0.5240072011947632
2903,53,62,0.3603450059890747
2904,29,4,0.19134150445461273
2905,93,95,0.33141961693763733
2906,14,14,0.23128673434257507
2907,91,91,0.9587700366973877
2908,71,23,0.4837186336517334
2909,88,79,0.17817385494709015
2910,98,63,0.27530553936958313
2911,89,48,0.34279173612594604
2912,27,38,0.4135635197162628
2913,71,60,0.2817995846271515
2914,64,97,0.14336203038692474
2915,94,87,0.3720753490924835
2916,61,63,0.11704058945178986
2917,20,58,0.5671753287315369
2918,83,92,0.402448832988739
2919,3,7,0.3806888163089752
2920,38,63,0.23858249187469482
2921,99,99,0.2503763735294342
2922,5,5,0.17715656757354736
2923,11,21,0.1912510097026825
2924,84,97,0.15052832663059235
2925,88,8,0.19538907706737518
2926,6,20,0.46142542362213135
2927,67,95,0.143073171377182
2928,5,5,0.3122352957725525
2929,31,31,0.5248911380767822
2930,65,21,0.439995676279068
2931,59,52,0.6322349309921265
2932,30,95,0.46570634841918945
2933,97,86,0.13481241464614868
2934,64,28,0.08873369544744492
2935,46,2,0.23965421319007874
2936,22,22,0.630910336971283
2937,51,36,0.3891180157661438
2938,25,94,0.20158688724040985
2939,18,27,0.16806679964065552
2940,78,21,0.08564981818199158
2941,56,8,0.271338552236557
2942,88,19,0.3361106216907501
2943,24,24,0.793031632900238
2944,5,5,0.2188471406698227
2945,22,28,0.39905086159706116
2946,15,85,0.12013603001832962
2947,67,73,0.21426460146903992
2948,15,63,0.11798994988203049
2949,2,2,0.15101511776447296
2950,60,23,0.2994583547115326
2951,41,9,0.18179774284362793
2952,11,81,0.08399280905723572
2953,70,82,0.17055746912956238
2954,76,17,0.49616768956184387
2955,81,14,0.07426553964614868
2956,89,89,0.3463171422481537
2957,24,87,0.12290630489587784
2958,30,73,0.5560563206672668
2959,50,88,0.07842569798231125
2960,0,0,0.3789082467556
2961,75,75,0.39100298285484314
2962,63,18,0.2868059277534485
2963,9,98,0.12252523750066757
2964,36,77,0.12483169138431549
2965,20,20,0.5477860569953918
2966,7,7,0.2579885721206665
2967,74,97,0.39836522936820984
2968,24,45,0.3290095925331116
2969,73,73,0.4126158356666565
2970,32,91,0.10895831137895584
2971,35,62,0.274239718914032
2972,82,62,0.5430353283882141
2973,87,24,0.6050298810005188
2974,31,95,0.7234825491905212
2975,14,14,0.6774423122406006
2976,73,67,0.16004809737205505
2977,47,47,0.29611465334892273
2978,65,61,0.26528817415237427
2979,77,5,0.13980768620967865
2980,51,65,0.1433725655078888
2981,61,61,0.551200807094574
2982,30,69,0.13490723073482513
2983,32,93,0.08112727850675583
2984,66,65,0.1197921633720398
2985,29,29,0.5751434564590454
2986,97,37,0.3828986883163452
2987,16,16,0.420623779296875
2988,0,0,0.7542330622673035
2989,82,36,0.1978263556957245
2990,43,77,0.10179692506790161
2991,23,67,0.2243066430091858
2992,89,85,0.254058837890625
2993,9,83,0.13817882537841797
2994,16,94,0.5384660959243774
2995,68,68,0.6697960495948792
2996,2,23,0.17117033898830414
2997,45,52,0.5889127850532532
2998,44,66,0.1250637322664261
2999,23,73,0.3920619785785675
3000,38,33,0.1475912183523178
3001,56,1,0.20179426670074463
3002,40,40,0.3553377389907837
3003,35,46,0.1979251503944397
3004,73,97,0.18338324129581451
3005,0,0,0.5237480401992798
3006,88,28,0.21440815925598145
3007,23,12,0.38633692264556885
3008,7,92,0.21320472657680511
3009,42,33,0.24329747259616852
3010,77,35,0.08696497976779938
3011,9,46,0.16045063734054565
3012,35,6,0.1896265149116516
3013,96,33,0.3741722106933594
3014,83,83,0.28622618317604065
3015,94,94,0.1632014662027359
3016,3,21,0.30358901619911194
3017,90,33,0.29954636096954346
3018,75,75,0.20964115858078003
3019,38,79,0.12109550088644028
3020,14,91,0.10715325176715851
3021,71,60,0.4091043472290039
3022,36,2,0.10067907720804214
3023,3,58,0.12111692875623703
3024,78,88,0.20136286318302155
3025,21,21,0.8586974740028381
3026,13,58,0.41970691084861755
3027,48,39,0.0885196328163147
3028,83,0,0.8289894461631775
3029,50,24,0.6084545254707336
3030,79,38,0.16008462011814117
3031,55,18,0.11569402366876602
3032,33,80,0.1705702841281891
3033,21,86,0.12602876126766205
3034,60,60,0.8612504601478577
3035,8,8,0.1756277084350586
3036,84,43,0.15936687588691711
3037,92,62,0.37256520986557007
3038,6,51,0.08917450159788132
3039,51,88,0.14184969663619995
3040,25,87,0.8144735097885132
3041,27,72,0.11887006461620331
3042,86,86,0.5843889117240906
3043,27,74,0.08255064487457275
3044,8,8,0.47506582736968994
3045,21,21,0.3238152861595154
3046,12,33,0.26718878746032715
3047,44,63,0.0938100516796112
3048,75,66,0.24381467700004578
3049,27,4,0.08930480480194092
3050,50,64,0.22240734100341797
3051,80,80,0.17580795288085938
3052,54,39,0.46802371740341187
3053,94,94,0.9336413741111755
3054,48,58,0.44021159410476685
3055,41,41,0.7578526139259338
3056,53,92,0.16554638743400574
3057,14,10,0.41526901721954346
3058,55,55,0.08915894478559494
3059,53,83,0.7447517514228821
3060,12,58,0.24132992327213287
3061,7,79,0.1861153244972229
3062,46,4,0.1017235815525055
3063,95,95,0.9207138419151306
3064,38,76,0.17543388903141022
3065,67,67,0.6503233909606934
3066,0,0,0.8880497217178345
3067,72,95,0.34034010767936707
3068,11,91,0.17622040212154388
3069,27,85,0.3414303660392761
3070,1,77,0.22208136320114136
3071,73,73,0.4134243428707123
3072,25,72,0.1923118680715561
3073,47,52,0.31008803844451904
3074,42,95,0.14590519666671753
3075,75,75,0.8061374425888062
3076,81,59,0.3152458667755127
3077,69,69,0.13985338807106018
3078,10,22,0.25050950050354004
3079,24,24,0.2554291784763336
3080,87,87,0.45458126068115234
3081,35,40,0.22210341691970825
3082,69,97,0.15208733081817627
3083,86,39,0.6888364553451538
3084,59,12,0.40120068192481995
3085,84,22,0.15099959075450897
3086,63,63,0.1653156727552414
3087,86,5,0.256891667842865
3088,23,64,0.09601553529500961
3089,82,89,0.618389904499054
3090,14,14,0.4913561940193176
3091,10,26,0.2170017957687378
3092,26,48,0.49254506826400757
3093,62,97,0.19139210879802704
3094,6,6,0.07333885133266449
3095,10,5,0.5925098657608032
3096,17,17,0.6849362254142761
3097,76,55,0.06572214514017105
3098,56,69,0.22596591711044312
3099,63,4,0.19524982571601868
3100,85,58,0.5157023072242737
3101,99,79,0.3811614215373993
3102,64,66,0.11388389766216278
3103,7,48,0.1634262204170227
3104,42,42,0.13024814426898956
3105,24,24,0.24944357573986053
3106,13,73,0.20328634977340698
3107,6,82,0.3907190263271332
3108,37,37,0.2583961486816406
3109,16,24,0.10868167132139206
3110,33,60,0.4575673043727875
3111,48,48,0.5339688062667847
3112,44,94,0.124738410115242
3113,80,63,0.10101297497749329
3114,19,19,0.7863806486129761
3115,82,82,0.5820489525794983
3116,46,66,0.18360403180122375
3117,33,33,0.1988135129213333
3118,31,33,0.07140736281871796
3119,86,7,0.5045168995857239
3120,59,49,0.30564677715301514
3121,3,75,0.2587129771709442
3122,9,83,0.5642780065536499
3123,57,57,0.7725353240966797
3124,54,28,0.22637653350830078
3125,43,43,0.23605993390083313
3126,35,35,0.37490683794021606
3127,93,93,0.22087371349334717
3128,62,83,0.2058614194393158
3129,88,42,0.13550862669944763
3130,64,99,0.09058816730976105
3131,78,78,0.2975718080997467
3132,45,70,0.28614330291748047
3133,36,50,0.060834333300590515
3134,1,39,0.2913360297679901
3135,43,43,0.14507031440734863
3136,34,1,0.5843126773834229
3137,71,71,0.5582076907157898
3138,87,33,0.25281137228012085
3139,39,12,0.17400357127189636
3140,18,18,0.19654007256031036
3141,57,53,0.14716468751430511
3142,67,73,0.6103975176811218
3143,4,63,0.2398906648159027
3144,73,30,0.3733119070529938
3145,41,58,0.5956597924232483
3146,76,76,0.5937681198120117
3147,73,67,0.3589579164981842
3148,43,7,0.15115590393543243
3149,94,94,0.9339515566825867
3150,25,87,0.19912250339984894
3151,63,84,0.1078251302242279
3152,71,71,0.6338618993759155
3153,15,36,0.1149115338921547
3154,52,52,0.6257352232933044
3155,38,38,0.09123702347278595
3156,30,67,0.14794772863388062
3157,64,65,0.13692624866962433
3158,30,95,0.5572360754013062
3159,23,71,0.1836249679327011
3160,35,98,0.47660142183303833
3161,74,6,0.17023339867591858
3162,36,36,0.42760375142097473
3163,76,76,0.8467050790786743
3164,96,47,0.4432639479637146
3165,17,17,0.38746803998947144
3166,31,3,0.08900705724954605
3167,76,76,0.2833847403526306
3168,88,52,0.1435844898223877
3169,3,4,0.16494816541671753
3170,63,63,0.5792286992073059
3171,2,46,0.1759980171918869
3172,77,77,0.11595819890499115
3173,49,17,0.4482801854610443
3174,92,70,0.4030874967575073
3175,17,17,0.6204270720481873
3176,80,50,0.14672443270683289
3177,89,6,0.17826199531555176
3178,3,31,0.14838513731956482
3179,88,43,0.41927751898765564
3180,26,88,0.0834827572107315
3181,41,41,0.5554932355880737
3182,79,38,0.2038431465625763
3183,32,95,0.42073050141334534
3184,62,6,0.9066213369369507
3185,55,33,0.2744182348251343
3186,20,20,0.4045717716217041
3187,98,98,0.19340063631534576
3188,26,26,0.8562391996383667
3189,17,17,0.12329456210136414
3190,1,1,0.19247972965240479
3191,32,98,0.3259087800979614
3192,43,43,0.12249307334423065
3193,85,47,0.18167279660701752
3194,72,16,0.13743630051612854
3195,59,52,0.6642192602157593
3196,24,24,0.5510212182998657
3197,13,81,0.14500214159488678
3198,31,63,0.09566272050142288
3199,14,33,0.09726212173700333
3200,42,38,0.10799796134233475
3201,40,87,0.3771093487739563
3202,33,33,0.15882731974124908
3203,20,20,0.3744319677352905
3204,68,68,0.9265362620353699
3205,23,73,0.18405134975910187
3206,62,62,0.30389484763145447
3207,24,7,0.24009813368320465
3208,55,72,0.10462945699691772
3209,10,22,0.6125624775886536
3210,22,26,0.21166348457336426
3211,70,83,0.35952264070510864
3212,79,97,0.12510086596012115
3213,73,30,0.32717365026474
3214,45,1,0.1357942521572113
3215,84,5,0.20424295961856842
3216,9,9,0.6693955063819885
3217,70,1,0.20326781272888184
3218,96,52,0.9252619743347168
3219,97,97,0.4837028384208679
3220,33,33,0.4953567385673523
3221,67,73,0.43638259172439575
3222,21,63,0.09845789521932602
3223,90,21,0.13827073574066162
3224,62,46,0.2669758200645447
3225,57,33,0.09106847643852234
3226,25,5,0.34712454676628113
3227,54,54,0.8576858639717102
3228,69,95,0.3798663020133972
3229,40,98,0.31205394864082336
3230,41,41,0.4533568024635315
3231,93,48,0.1123087927699089
3232,9,57,0.09426787495613098
3233,83,26,0.21639621257781982
3234,7,50,0.07026340067386627
3235,25,94,0.14122381806373596
3236,13,58,0.4484642446041107
3237,90,89,0.24330087006092072
3238,16,5,0.35962703824043274
3239,12,49,0.309816837310791
3240,48,48,0.9582767486572266
3241,50,50,0.2868669927120209
3242,37,37,0.6516161561012268
3243,49,17,0.5076534748077393
3244,60,60,0.27833929657936096
3245,36,62,0.0997554361820221
3246,37,59,0.18605145812034607
3247,39,33,0.1459898203611374
3248,65,95,0.20116521418094635
3249,91,99,0.13634531199932098
3250,70,26,0.11259908229112625
3251,90,89,0.35828667879104614
3252,99,67,0.20964209735393524
3253,10,61,0.3055017292499542
3254,4,74,0.26338887214660645
3255,21,86,0.3859601318836212
3256,48,48,0.7897241115570068
3257,36,36,0.22348652780056
3258,31,38,0.13580520451068878
3259,66,33,0.22997266054153442
3260,5,1,0.1601439267396927
3261,92,78,0.23355908691883087
3262,93,93,0.1255894899368286
3263,60,6,0.09052851796150208
3264,50,33,0.0660136267542839
3265,93,74,0.1421704888343811
3266,28,41,0.2009039968252182
3267,49,97,0.10486629605293274
3268,32,35,0.41802021861076355
3269,79,23,0.2452453374862671
3270,98,35,0.14851014316082
3271,86,86,0.8616356253623962
3272,30,95,0.28298312425613403
3273,64,2,0.1464342474937439
3274,18,20,0.12051622569561005
3275,44,79,0.08038505166769028
3276,13,90,0.3070622980594635
3277,99,73,0.3507329821586609
3278,27,27,0.1774296909570694
3279,69,9,0.7638046145439148
3280,87,87,0.9176267385482788
3281,6,35,0.29508844017982483
3282,22,99,0.10712572187185287
3283,50,33,0.14951138198375702
3284,90,58,0.33961111307144165
3285,71,68,0.15837189555168152
3286,20,41,0.41825997829437256
3287,91,91,0.20186789333820343
3288,90,32,0.21170790493488312
3289,71,71,0.3091863691806793
3290,49,49,0.5768736600875854
3291,42,56,0.5566701889038086
3292,57,57,0.4664230942726135
3293,20,20,0.847150444984436
3294,63,1,0.1464584320783615
3295,67,93,0.38632965087890625
3296,12,49,0.31965765357017517
3297,91,91,0.7952066659927368
3298,39,95,0.09132343530654907
3299,20,82,0.5208621025085449
3300,73,73,0.30983802676200867
3301,52,52,0.4088355004787445
3302,69,69,0.37428903579711914
3303,56,37,0.3558342754840851
3304,10,28,0.4246172308921814
3305,51,27,0.14523965120315552
3306,44,89,0.2021351456642151
3307,62,92,0.6890460848808289
3308,62,14,0.42783501744270325
3309,43,3,0.14993780851364136
3310,30,30,0.3734075427055359
3311,6,82,0.3994710445404053
3312,99,22,0.5413721203804016
3313,35,35,0.2354460060596466
3314,79,79,0.4133193790912628
3315,35,2,0.2900705933570862
3316,9,40,0.17186759412288666
3317,20,95,0.2709979712963104
3318,79,79,0.4237016439437866
3319,15,89,0.2418675422668457
3320,87,87,0.681535005569458
3321,37,19,0.2101292610168457
3322,20,91,0.2216266542673111
3323,60,60,0.918816864490509
3324,33,33,0.5783115029335022
3325,67,67,0.11093927174806595
3326,92,14,0.11236704140901566
3327,73,33,0.5926368832588196
3328,88,13,0.11699271947145462
3329,38,3,0.11363670229911804
3330,90,25,0.28641727566719055
3331,70,32,0.2970646023750305
3332,77,40,0.1611839234828949
3333,84,7,0.12217164039611816
3334,16,87,0.3893679976463318
3335,18,78,0.1713489592075348
3336,80,80,0.27170658111572266
3337,51,92,0.3953648805618286
3338,42,38,0.13150295615196228
3339,68,68,0.9909372925758362
3340,18,77,0.16906757652759552
3341,24,7,0.1896810680627823
3342,19,79,0.16851763427257538
3343,6,33,0.31436365842819214
3344,57,45,0.41131216287612915
3345,21,21,0.15118835866451263
3346,42,87,0.17460715770721436
3347,39,13,0.459274023771286
3348,10,61,0.33375540375709534
3349,20,20,0.9305390119552612
3350,9,87,0.25814568996429443
3351,4,21,0.3413298428058624
3352,51,54,0.15752193331718445
3353,1,18,0.22106672823429108
3354,14,19,0.16269882023334503
3355,53,53,0.45295608043670654
3356,7,85,0.5059986114501953
3357,60,60,0.3543001711368561
3358,53,87,0.19629524648189545
3359,90,5,0.2328248918056488
3360,43,83,0.14512936770915985
3361,62,62,0.46236440539360046
3362,38,43,0.21662166714668274
3363,76,76,0.9083438515663147
3364,84,79,0.2698013186454773
3365,46,46,0.2391166239976883
3366,32,32,0.1700133979320526
3367,54,92,0.19825758039951324
3368,34,34,0.10571873933076859
3369,29,51,0.0537743903696537
3370,65,32,0.15506404638290405
3371,72,91,0.21155613660812378
3372,65,77,0.10814081877470016
3373,10,5,0.21630120277404785
3374,25,90,0.2255042940378189
3375,7,83,0.42273974418640137
3376,48,48,0.4405461847782135
3377,90,87,0.451739102602005
3378,94,94,0.6398203372955322
3379,42,3,0.13601770997047424
3380,4,4,0.1839137077331543
3381,55,33,0.09298732876777649
3382,99,8,0.14684024453163147
3383,68,68,0.472871869802475
3384,6,17,0.27241742610931396
3385,24,50,0.1410612314939499
3386,82,82,0.7798322439193726
3387,43,63,0.11758490651845932
3388,71,71,0.3758185803890228
3389,31,38,0.30160561203956604
3390,75,88,0.16000862419605255
3391,26,26,0.5212764739990234
3392,49,12,0.41141489148139954
3393,98,21,0.5935001969337463
3394,25,20,0.537693202495575
3395,62,2,0.09776719659566879
3396,73,1,0.17176763713359833
3397,2,72,0.19001567363739014
3398,81,90,0.18946553766727448
3399,99,99,0.18753013014793396
3400,11,11,0.533821702003479
3401,31,31,0.1693732589483261
3402,82,82,0.5965810418128967
3403,56,38,0.2976658344268799
3404,3,3,0.11993800848722458
3405,88,4,0.1252102553844452
3406,62,83,0.331717848777771
3407,8,8,0.7094939351081848
3408,73,73,0.47326570749282837
3409,20,20,0.5587549805641174
3410,44,91,0.3078033924102783
3411,80,21,0.20506179332733154
3412,89,89,0.44520941376686096
3413,0,83,0.6316466331481934
3414,23,23,0.12113369256258011
3415,16,45,0.6151764988899231
3416,96,52,0.2793884575366974
3417,24,4,0.11783790588378906
3418,26,26,0.17862190306186676
3419,93,40,0.10616734623908997
3420,6,6,0.20580023527145386
3421,53,62,0.6871312260627747
3422,93,37,0.43512654304504395
3423,19,32,0.19791476428508759
3424,49,60,0.5816983580589294
3425,11,5,0.20931217074394226
3426,45,88,0.14823202788829803
3427,27,87,0.0887719988822937
3428,26,64,0.18538589775562286
3429,82,0,0.2840144634246826
3430,84,77,0.06936242431402206
3431,28,28,0.19565068185329437
3432,1,82,0.4246864914894104
3433,56,45,0.13893647491931915
3434,26,7,0.8247684240341187
3435,57,82,0.3186872601509094
3436,60,60,0.9139383435249329
3437,18,5,0.17170123755931854
3438,55,41,0.08316979557275772
3439,71,23,0.2547517418861389
3440,56,56,0.7269114851951599
3441,47,52,0.18514478206634521
3442,21,21,0.2475290149450302
3443,36,56,0.19262953102588654
3444,9,98,0.20951588451862335
3445,41,14,0.08136991411447525
3446,24,24,0.5184507966041565
3447,75,75,0.8097798228263855
3448,5,23,0.24881917238235474
3449,32,92,0.4600856900215149
3450,12,12,0.4670693874359131
3451,57,57,0.19965139031410217
3452,84,22,0.2323254644870758
3453,76,56,0.1826540231704712
3454,65,9,0.279572069644928
3455,12,71,0.42104145884513855
3456,21,8,0.09667076915502548
3457,23,33,0.18843768537044525
3458,76,76,0.7406584620475769
3459,29,29,0.6313639283180237
3460,57,0,0.4121377766132355
3461,75,85,0.133860245347023
3462,32,32,0.366221159696579
3463,25,20,0.21822193264961243
3464,96,52,0.8604300618171692
3465,56,56,0.31575244665145874
3466,49,49,0.4541817903518677
3467,8,8,0.6099441051483154
3468,19,11,0.2118375301361084
3469,98,21,0.23559214174747467
3470,39,65,0.09045311063528061
3471,71,71,0.8404098153114319
3472,46,46,0.40215572714805603
3473,3,7,0.3318125307559967
3474,41,41,0.17707577347755432
3475,64,43,0.14088526368141174
3476,37,89,0.12576596438884735
3477,8,7,0.11586835235357285
3478,13,87,0.2985434830188751
3479,99,5,0.08191933482885361
3480,31,75,0.3091602921485901
3481,35,20,0.29106900095939636
3482,52,52,0.6777663826942444
3483,73,91,0.33118700981140137
3484,89,8,0.2274249941110611
3485,2,36,0.24946969747543335
3486,54,14,0.48334598541259766
3487,97,98,0.10088630020618439
3488,73,95,0.7001864314079285
3489,95,30,0.3711777925491333
3490,1,33,0.5676443576812744
3491,12,56,0.32636234164237976
3492,0,94,0.41376757621765137
3493,51,43,0.1948731541633606
3494,23,23,0.5265335440635681
3495,73,73,0.4366510808467865
3496,72,34,0.11061806976795197
3497,83,53,0.8136679530143738
3498,74,89,0.19823087751865387
3499,1,1,0.4511857032775879
3500,12,58,0.6311848163604736
3501,38,38,0.3210607171058655
3502,51,88,0.15060599148273468
3503,29,31,0.29850414395332336
3504,77,97,0.1746314913034439
3505,44,20,0.08581792563199997
3506,18,9,0.17694610357284546
3507,10,10,0.1425585150718689
3508,16,7,0.15913540124893188
3509,43,89,0.8407769203186035
3510,0,0,0.3809668719768524
3511,7,24,0.28614145517349243
3512,70,83,0.5092974305152893
3513,17,17,0.45547229051589966
3514,3,72,0.12408728152513504
3515,6,38,0.2233791947364807
3516,83,83,0.6389241218566895
3517,65,87,0.17216694355010986
3518,0,0,0.29899322986602783
3519,46,58,0.20450572669506073
3520,85,59,0.16638070344924927
3521,62,62,0.7534957528114319
3522,18,96,0.2394106388092041
3523,81,59,0.2567964494228363
3524,40,95,0.12288136035203934
3525,48,48,0.9951253533363342
3526,4,5,0.21834015846252441
3527,2,78,0.13176338374614716
3528,21,21,0.4653801918029785
3529,24,24,0.12694096565246582
3530,95,95,0.8495688438415527
3531,53,53,0.41304293274879456
3532,89,89,0.44068780541419983
3533,50,97,0.22321327030658722
3534,35,94,0.20873647928237915
3535,98,2,0.17719294130802155
3536,32,13,0.3199700117111206
3537,58,58,0.6910690069198608
3538,97,97,0.1871090680360794
3539,56,56,0.6034752130508423
3540,78,48,0.23663859069347382
3541,60,71,0.4348134398460388
3542,79,24,0.5251510143280029
3543,84,12,0.2534060478210449
3544,28,28,0.44177427887916565
3545,46,2,0.18095853924751282
3546,90,90,0.3125923275947571
3547,43,43,0.10821811109781265
3548,9,40,0.20864462852478027
3549,42,4,0.11256302148103714
3550,84,27,0.10688676685094833
3551,59,52,0.3283251225948334
3552,27,58,0.1291690319776535
3553,17,17,0.7048694491386414
3554,62,1,0.6940593123435974
3555,23,71,0.380121111869812
3556,31,31,0.2495042085647583
3557,11,7,0.3675384521484375
3558,48,48,0.6677356958389282
3559,82,92,0.1601668894290924
3560,87,95,0.24936679005622864
3561,28,20,0.2895355224609375
3562,14,18,0.24193619191646576
3563,99,5,0.11750277876853943
3564,13,95,0.28990623354911804
3565,66,65,0.20106422901153564
3566,35,97,0.22886857390403748
3567,42,21,0.400352418422699
3568,20,20,0.5577167868614197
3569,2,80,0.08095305413007736
3570,16,46,0.20694635808467865
3571,68,68,0.1416466236114502
3572,23,67,0.1675625890493393
3573,93,26,0.40562087297439575
3574,79,47,0.22721271216869354
3575,87,87,0.8053720593452454
3576,41,41,0.8501262664794922
3577,2,97,0.15992476046085358
3578,96,50,0.07929028570652008
3579,39,65,0.13573706150054932
3580,49,68,0.36045968532562256
3581,57,98,0.26354554295539856
3582,96,96,0.4893125593662262
3583,12,85,0.40178120136260986
3584,38,89,0.20290863513946533
3585,65,33,0.11635883152484894
3586,39,66,0.19998377561569214
3587,93,93,0.3707740008831024
3588,83,18,0.2709745764732361
3589,32,61,0.7400827407836914
3590,19,16,0.30695658922195435
3591,8,8,0.652435839176178
3592,53,53,0.5265728831291199
3593,69,69,0.4914819002151489
3594,72,61,0.13757769763469696
3595,23,95,0.21120117604732513
3596,29,41,0.19679300487041473
3597,43,32,0.13907736539840698
3598,88,4,0.41007331013679504
3599,11,11,0.5020574331283569
3600,96,96,0.25515466928482056
3601,62,62,0.3217630386352539
3602,54,92,0.16166545450687408
3603,2,33,0.1465686410665512
3604,73,73,0.5825368165969849
3605,34,74,0.3543795645236969
3606,48,48,0.7305471301078796
3607,34,38,0.25687170028686523
3608,34,89,0.2928442656993866
3609,94,94,0.9485411643981934
3610,88,88,0.13566794991493225
3611,67,68,0.5347862839698792
3612,71,71,0.5672923922538757
3613,97,65,0.1396419256925583
3614,7,20,0.6046180725097656
3615,35,53,0.16041624546051025
3616,77,45,0.12705183029174805
3617,95,95,0.5040813088417053
3618,44,86,0.6029855012893677
3619,45,20,0.11165301501750946
3620,27,5,0.3919607698917389
3621,80,80,0.09004689753055573
3622,84,43,0.10596641153097153
3623,99,10,0.11137358844280243
3624,52,47,0.5931198596954346
3625,92,92,0.3793948292732239
3626,70,91,0.2784240245819092
3627,16,9,0.23817867040634155
3628,88,78,0.07957012951374054
3629,25,25,0.281854510307312
3630,58,85,0.33065125346183777
3631,79,18,0.24979515373706818
3632,54,92,0.28056102991104126
3633,73,73,0.44271671772003174
3634,50,64,0.1443718671798706
3635,47,52,0.7434703707695007
3636,51,58,0.3436470627784729
3637,78,48,0.21903038024902344
3638,26,45,0.43474236130714417
3639,50,65,0.07216152548789978
3640,17,68,0.5453042387962341
3641,86,86,0.4854278564453125
3642,72,12,0.4605145752429962
3643,87,12,0.16573965549468994
3644,34,89,0.23560622334480286
3645,47,59,0.16519290208816528
3646,25,84,0.1422155648469925
3647,72,27,0.12527818977832794
3648,29,29,0.5926241278648376
3649,95,67,0.3274640738964081
3650,86,86,0.33317047357559204
3651,92,92,0.4992319345474243
3652,78,27,0.11249857395887375
3653,3,21,0.5106762051582336
3654,28,28,0.7505514025688171
3655,58,58,0.4446350336074829
3656,66,66,0.158122718334198
3657,78,27,0.10396388173103333
3658,38,38,0.3022897243499756
3659,22,78,0.2994905710220337
3660,66,75,0.3701738715171814
3661,95,95,0.8453778028488159
3662,45,68,0.18666981160640717
3663,97,8,0.2228369265794754
3664,65,23,0.15635640919208527
3665,54,48,0.44598084688186646
3666,71,33,0.15202057361602783
3667,70,77,0.17356890439987183
3668,80,4,0.088609978556633
3669,85,85,0.19471332430839539
3670,28,87,0.4769449532032013
3671,41,41,0.9962506890296936
3672,71,71,0.48083505034446716
3673,64,14,0.3903872072696686
3674,75,75,0.3655233085155487
3675,90,58,0.40603554248809814
3676,7,7,0.29052674770355225
3677,37,43,0.3882615268230438
3678,23,23,0.25043392181396484
3679,54,8,0.19280165433883667
3680,84,20,0.30939212441444397
3681,86,98,0.8777276277542114
3682,8,33,0.10389672219753265
3683,22,22,0.49631258845329285
3684,51,27,0.1001497209072113
3685,75,4,0.19114108383655548
3686,26,26,0.6925521492958069
3687,11,43,0.0800919234752655
3688,3,13,0.6137034296989441
3689,46,11,0.21111266314983368
3690,64,31,0.11756470054388046
3691,92,70,0.41949743032455444
3692,55,96,0.3498322665691376
3693,39,39,0.34798306226730347
3694,66,5,0.15444315969944
3695,86,86,0.21164566278457642
3696,85,81,0.3600468933582306
3697,0,70,0.18031305074691772
3698,8,8,0.06456052511930466
3699,27,42,0.12129998207092285
3700,57,57,0.15232256054878235
3701,13,59,0.24732942879199982
3702,94,36,0.42314890027046204
3703,40,96,0.1270042210817337
3704,61,22,0.38846349716186523
3705,94,0,0.2360416054725647
3706,17,68,0.4918467104434967
3707,11,32,0.2625712454319
3708,1,51,0.16899339854717255
3709,4,33,0.17229492962360382
3710,49,12,0.4190961718559265
3711,77,55,0.12594248354434967
3712,0,0,0.9296374917030334
3713,1,1,0.21170614659786224
3714,80,17,0.1954520344734192
3715,48,48,0.2933785915374756
3716,39,13,0.5589455366134644
3717,55,90,0.14560259878635406
3718,38,63,0.08773072063922882
3719,12,12,0.676166296005249
3720,35,62,0.13081933557987213
3721,12,12,0.22546830773353577
3722,78,14,0.4235701560974121
3723,87,70,0.5138702392578125
3724,11,77,0.19090646505355835
3725,0,0,0.8567607402801514
3726,95,95,0.564044177532196
3727,90,17,0.185616135597229
3728,10,61,0.4299800992012024
3729,88,94,0.377949059009552
3730,10,94,0.28411391377449036
3731,97,97,0.29225096106529236
3732,48,89,0.2997022867202759
3733,63,33,0.40357980132102966
3734,51,43,0.32325929403305054
3735,52,96,0.37046679854393005
3736,47,47,0.12772683799266815
3737,85,68,0.48242348432540894
3738,69,73,0.41287267208099365
3739,65,87,0.1625107079744339
3740,81,90,0.2039625346660614
3741,30,95,0.618715226650238
3742,51,51,0.31313052773475647
3743,69,68,0.37836718559265137
3744,28,28,0.13239365816116333
3745,4,4,0.0771900862455368
3746,31,33,0.8093162178993225
3747,97,97,0.1591230183839798
3748,48,24,0.1659454107284546
3749,64,80,0.14638854563236237
3750,80,79,0.08599415421485901
3751,0,0,0.6418262720108032
3752,0,0,0.5076160430908203
3753,5,5,0.24129799008369446
3754,45,6,0.14451409876346588
3755,13,41,0.3781125247478485
3756,90,68,0.5176465511322021
3757,85,83,0.17307758331298828
3758,56,56,0.3451247811317444
3759,51,4,0.08857313543558121
3760,34,44,0.08744584769010544
3761,44,68,0.2707499861717224
3762,91,91,0.2957167327404022
3763,85,85,0.8618491888046265
3764,56,29,0.3542376458644867
3765,10,20,0.24057064950466156
3766,46,39,0.18403346836566925
3767,93,91,0.4568474292755127
3768,77,80,0.17957967519760132
3769,81,81,0.19743511080741882
3770,82,82,0.42592141032218933
3771,18,86,0.09083396941423416
3772,66,50,0.08479025959968567
3773,56,47,0.24480555951595306
3774,49,12,0.21740034222602844
3775,0,83,0.13846059143543243
3776,70,48,0.17793802917003632
3777,63,63,0.42900997400283813
3778,99,80,0.08492972701787949
3779,14,63,0.15273910760879517
3780,5,5,0.35400673747062683
3781,26,83,0.26152852177619934
3782,24,79,0.3009498119354248
3783,86,86,0.27971652150154114
3784,64,31,0.05846745893359184
3785,55,55,0.15246805548667908
3786,1,1,0.31235629320144653
3787,94,94,0.8683480024337769
3788,74,4,0.14227917790412903
3789,6,6,0.4868623912334442
3790,25,20,0.12908902764320374
3791,52,96,0.7429493069648743
3792,90,37,0.5445718169212341
3793,5,50,0.13736020028591156
3794,40,61,0.27957478165626526
3795,41,41,0.5601015686988831
3796,49,95,0.5779731869697571
3797,76,76,0.3917674422264099
3798,19,21,0.2491525560617447
3799,44,8,0.2076742947101593
3800,49,21,0.14417016506195068
3801,57,0,0.5097176432609558
3802,85,4,0.08100008219480515
3803,63,63,0.11269582808017731
3804,91,91,0.9485090374946594
3805,63,97,0.15490244328975677
3806,94,94,0.6268219351768494
3807,55,24,0.3573131859302521
3808,59,59,0.26933881640434265
3809,21,21,0.7001281380653381
3810,59,17,0.6288390755653381
3811,47,47,0.8414297699928284
3812,31,45,0.09731810539960861
3813,60,68,0.5182140469551086
3814,44,78,0.19440919160842896
3815,25,0,0.35070136189460754
3816,11,28,0.06384695321321487
3817,97,14,0.4459056556224823
3818,96,52,0.5122993588447571
3819,3,4,0.2085091769695282
3820,46,29,0.43898993730545044
3821,85,37,0.1526307761669159
3822,56,12,0.27468544244766235
3823,34,43,0.1250617355108261
3824,50,87,0.4819786548614502
3825,41,8,0.29299843311309814
3826,87,32,0.0906720906496048
3827,38,97,0.15967489778995514
3828,83,83,0.2731596827507019
3829,45,29,0.294373482465744
3830,77,27,0.0823451355099678
3831,15,65,0.16873666644096375
3832,47,47,0.8868175745010376
3833,68,68,0.9840505719184875
3834,46,32,0.22461706399917603
3835,87,58,0.1504216343164444
3836,61,22,0.3233959972858429
3837,69,73,0.24928127229213715
3838,49,49,0.6635911464691162
3839,86,87,0.22179199755191803
3840,89,63,0.10792062431573868
3841,36,43,0.2828115224838257
3842,59,59,0.36783307790756226
3843,67,67,0.32649004459381104
3844,54,45,0.07618995010852814
3845,72,21,0.26319822669029236
3846,3,4,0.11714843660593033
3847,62,62,0.38141003251075745
3848,60,47,0.29612791538238525
3849,97,43,0.08711130917072296
3850,40,9,0.13483232259750366
3851,69,69,0.9462769627571106
3852,4,4,0.2741974890232086
3853,94,43,0.1766173243522644
3854,65,38,0.562105119228363
3855,39,6,0.10339266806840897
3856,87,87,0.9095218181610107
3857,48,48,0.8960593342781067
3858,93,29,0.1652594804763794
3859,38,18,0.1351662427186966
3860,67,73,0.6299909353256226
3861,26,63,0.1709589660167694
3862,1,27,0.08382219076156616
3863,10,91,0.275288850069046
3864,41,41,0.4771835505962372
3865,47,47,0.7802538871765137
3866,78,65,0.04823193699121475
3867,87,94,0.12221931666135788
3868,13,13,0.8951942324638367
3869,11,98,0.40664124488830566
3870,57,57,0.7216807007789612
3871,45,29,0.1568467915058136
3872,39,67,0.16521164774894714
3873,8,8,0.9839836359024048
3874,55,65,0.12962768971920013
3875,21,21,0.3548371195793152
3876,65,87,0.2954620122909546
3877,97,97,0.251655638217926
3878,90,12,0.43649518489837646
3879,98,2,0.1633526235818863
3880,63,63,0.48664361238479614
3881,78,78,0.09810110181570053
3882,44,39,0.07192783802747726
3883,44,78,0.19666941463947296
3884,15,32,0.1908678561449051
3885,53,83,0.1485697329044342
3886,97,81,0.1356821060180664
3887,13,81,0.14821220934391022
3888,9,5,0.13648992776870728
3889,75,80,0.10842135548591614
3890,73,1,0.3537055552005768
3891,84,86,0.35863226652145386
3892,84,65,0.10587745159864426
3893,48,56,0.4487474858760834
3894,12,12,0.19480867683887482
3895,25,5,0.46255409717559814
3896,7,88,0.13438312709331512
3897,90,85,0.4289781153202057
3898,7,7,0.422481507062912
3899,55,55,0.11893068999052048
3900,90,58,0.13922441005706787
3901,86,87,0.25237083435058594
3902,67,79,0.16052210330963135
3903,54,1,0.18671487271785736
3904,77,74,0.22938154637813568
3905,60,60,0.5584021806716919
3906,9,9,0.21730507910251617
3907,54,56,0.11164169758558273
3908,34,97,0.11345718801021576
3909,68,38,0.25967857241630554
3910,25,26,0.3418794870376587
3911,71,71,0.3374578356742859
3912,20,20,0.9225093126296997
3913,89,37,0.12366798520088196
3914,24,7,0.22723527252674103
3915,84,91,0.12824872136116028
3916,4,72,0.23432423174381256
3917,59,20,0.45207569003105164
3918,26,26,0.22373569011688232
3919,18,93,0.1739678978919983
3920,37,37,0.4979690909385681
3921,98,77,0.1282598376274109
3922,64,26,0.11793611198663712
3923,74,74,0.12440858036279678
3924,94,94,0.5243436098098755
3925,5,5,0.597228467464447
3926,43,30,0.2186822146177292
3927,97,97,0.16534458100795746
3928,23,95,0.339481383562088
3929,93,73,0.34478825330734253
3930,15,27,0.12378086149692535
3931,17,17,0.7835281491279602
3932,1,1,0.12542295455932617
3933,58,13,0.17462310194969177
3934,31,41,0.25580236315727234
3935,8,8,0.1203400194644928
3936,45,68,0.16470567882061005
3937,28,40,0.17590074241161346
3938,23,23,0.24356749653816223
3939,19,19,0.9404125809669495
3940,88,22,0.26331353187561035
3941,87,87,0.4556863009929657
3942,82,62,0.3238818943500519
3943,26,26,0.3299066424369812
3944,33,33,0.47292131185531616
3945,63,39,0.12939904630184174
3946,16,94,0.26716184616088867
3947,13,58,0.7733625173568726
3948,91,84,0.10642828047275543
3949,76,76,0.34180864691734314
3950,76,76,0.4360017478466034
3951,38,97,0.0962866023182869
3952,10,98,0.35854068398475647
3953,70,62,0.4992518424987793
3954,17,17,0.32121941447257996
3955,78,75,0.21718992292881012
3956,56,30,0.1153949573636055
3957,75,75,0.8360840678215027
3958,57,47,0.5610350370407104
3959,79,14,0.6948778033256531
3960,90,12,0.10218072682619095
3961,38,8,0.102157823741436
3962,51,83,0.2923446297645569
3963,27,63,0.09203086793422699
3964,71,71,0.6519263386726379
3965,96,96,0.44134071469306946
3966,6,45,0.2472817748785019
3967,40,40,0.6746575832366943
3968,51,34,0.17796242237091064
3969,47,47,0.8447972536087036
3970,37,12,0.4243696928024292
3971,41,41,0.9663065671920776
3972,66,39,0.4282335937023163
3973,67,67,0.1767207384109497
3974,41,83,0.2538447976112366
3975,82,82,0.7341033220291138
3976,14,7,0.2073124647140503
3977,23,71,0.2678597867488861
3978,6,62,0.1631745845079422
3979,98,11,0.20188938081264496
3980,11,21,0.5011069774627686
3981,7,7,0.28258296847343445
3982,65,33,0.12322193384170532
3983,64,4,0.15747757256031036
3984,40,33,0.3628358542919159
3985,15,5,0.28038495779037476
3986,1,48,0.5969260931015015
3987,29,20,0.3472755253314972
3988,38,21,0.3489856719970703
3989,75,20,0.3602287769317627
3990,40,16,0.23986059427261353
3991,31,31,0.6408618688583374
3992,60,60,0.5841065645217896
3993,79,6,0.2065289467573166
3994,63,63,0.5792452096939087
3995,6,6,0.3408016264438629
3996,36,36,0.06523323804140091
3997,31,88,0.17226745188236237
3998,21,87,0.3027815520763397
3999,52,52,0.5923601984977722
4000,71,68,0.5245131254196167
4001,1,58,0.3589200973510742
4002,61,26,0.16956152021884918
4003,34,66,0.19250930845737457
4004,34,75,0.3454364836215973
4005,77,77,0.2516370713710785
4006,35,92,0.1572933942079544
4007,37,37,0.37918809056282043
4008,7,74,0.290036678314209
4009,70,70,0.21620485186576843
4010,20,20,0.9896143078804016
4011,93,93,0.10116053372621536
4012,41,20,0.1510937362909317
4013,92,83,0.44550052285194397
4014,87,87,0.7270147204399109
4015,46,33,0.09812820702791214
4016,30,30,0.22889649868011475
4017,30,93,0.45578426122665405
4018,46,11,0.11443017423152924
4019,85,85,0.6530594229698181
4020,32,77,0.3335927724838257
4021,14,14,0.23933720588684082
4022,51,51,0.15964825451374054
4023,24,24,0.9275564551353455
4024,5,68,0.431844025850296
4025,49,49,0.5260860919952393
4026,61,76,0.2954757809638977
4027,89,58,0.6783415079116821
4028,48,48,0.3604726791381836
4029,98,21,0.18755947053432465
4030,7,78,0.11596644669771194
4031,94,94,0.9027672410011292
4032,37,17,0.4711093604564667
4033,94,94,0.6107953190803528
4034,94,87,0.676145076751709
4035,52,52,0.8770202398300171
4036,11,2,0.16334523260593414
4037,61,61,0.39658504724502563
4038,41,41,0.5117688179016113
4039,50,88,0.1807020753622055
4040,84,63,0.10051582753658295
4041,76,76,0.842309296131134
4042,18,27,0.1316041648387909
4043,64,5,0.45413488149642944
4044,80,94,0.441515177488327
4045,62,82,0.3983985185623169
4046,11,35,0.11189983785152435
4047,41,41,0.5060165524482727
4048,69,69,0.8113242387771606
4049,34,75,0.27347686886787415
4050,2,5,0.4637032151222229
4051,45,42,0.26143622398376465
4052,62,9,0.3028971254825592
4053,87,94,0.5121347308158875
4054,99,18,0.13127973675727844
4055,45,7,0.5688498616218567
4056,2,35,0.27977174520492554
4057,27,27,0.13346034288406372
4058,91,32,0.10820446163415909
4059,19,80,0.10693623870611191
4060,56,56,0.3920876085758209
4061,20,20,0.9872888326644897
4062,92,92,0.5482159852981567
4063,54,99,0.18869110941886902
4064,75,75,0.5754984617233276
4065,9,52,0.12777172029018402
4066,83,57,0.6176837086677551
4067,27,33,0.18537092208862305
4068,95,95,0.37868794798851013
4069,49,25,0.196559876203537
4070,14,80,0.16668793559074402
4071,2,35,0.11523978412151337
4072,43,43,0.22474287450313568
4073,96,82,0.24738483130931854
4074,95,39,0.2686399221420288
4075,66,41,0.7288137674331665
4076,81,19,0.13266971707344055
4077,9,9,0.37029561400413513
4078,44,33,0.20010492205619812
4079,99,99,0.1415836215019226
4080,87,87,0.933643102645874
4081,79,65,0.14521412551403046
4082,11,11,0.09751869738101959
4083,59,89,0.2038273960351944
4084,18,78,0.15637651085853577
4085,62,73,0.3342566192150116
4086,96,96,0.5580618977546692
4087,94,4,0.1067161038517952
4088,49,49,0.7986360788345337
4089,47,51,0.1991761475801468
4090,72,74,0.28901010751724243
4091,26,63,0.15732267498970032
4092,71,23,0.4558967649936676
4093,76,76,0.41630056500434875
4094,21,21,0.18353025615215302
4095,81,89,0.2878151834011078
4096,30,72,0.0952991172671318
4097,99,14,0.24159003794193268
4098,64,63,0.09951455146074295
4099,92,92,0.23300200700759888
4100,0,0,0.5681649446487427
4101,6,89,0.18195895850658417
4102,74,26,0.13041101396083832
4103,82,82,0.991969645023346
4104,13,8,0.17884628474712372
4105,69,69,0.5622113943099976
4106,8,8,0.2876051366329193
4107,3,3,0.16605478525161743
4108,74,33,0.08812040835618973
4109,89,89,0.26799431443214417
4110,11,97,0.08871213346719742
4111,16,61,0.5313640832901001
4112,92,70,0.3720538914203644
4113,79,33,0.21364715695381165
4114,86,22,0.14242123067378998
4115,72,21,0.0792340487241745
4116,95,91,0.3326224684715271
4117,38,19,0.07483391463756561
4118,42,34,0.18192927539348602
4119,65,65,0.1907455027103424
4120,61,58,0.6181805729866028
4121,68,68,0.8080458641052246
4122,17,17,0.895118772983551
4123,41,7,0.1133861094713211
4124,49,17,0.250405490398407
4125,20,39,0.297479510307312
4126,4,27,0.24196301400661469
4127,75,75,0.3600013256072998
4128,48,92,0.4296838045120239
4129,13,81,0.3210839629173279
4130,60,60,0.6652316451072693
4131,67,63,0.09652898460626602
4132,62,92,0.44829997420310974
4133,17,17,0.36558231711387634
4134,37,12,0.425157368183136
4135,32,37,0.3123559057712555
4136,59,85,0.4075300395488739
4137,59,17,0.4718841314315796
4138,38,38,0.21383728086948395
4139,70,20,0.3473736345767975
4140,79,67,0.11412792652845383
4141,11,11,0.15079562366008759
4142,49,49,0.3706011176109314
4143,44,91,0.6351944804191589
4144,0,0,0.7229391932487488
4145,26,6,0.1262790411710739
4146,45,99,0.11102563887834549
4147,48,48,0.996080219745636
4148,1,1,0.36222341656684875
4149,33,33,0.12137150764465332
4150,57,83,0.4520967900753021
4151,10,43,0.1373601257801056
4152,37,37,0.18824931979179382
4153,97,21,0.17090046405792236
4154,44,84,0.17636825144290924
4155,43,43,0.18656273186206818
4156,63,63,0.22758911550045013
4157,55,25,0.1230211853981018
4158,37,69,0.1619022786617279
4159,20,83,0.6834100484848022
4160,49,23,0.26692670583724976
4161,19,19,0.3469623029232025
4162,16,13,0.1192421242594719
4163,26,39,0.192982479929924
4164,21,43,0.07138943672180176
4165,79,67,0.13128240406513214
4166,40,40,0.8854978680610657
4167,68,71,0.38299331068992615
4168,74,97,0.2860998511314392
4169,95,73,0.6760245561599731
4170,46,46,0.3811241388320923
4171,94,94,0.8845793008804321
4172,68,49,0.5377060174942017
4173,13,13,0.2895648777484894
4174,22,43,0.09113273024559021
4175,83,92,0.3374038338661194
4176,46,32,0.08759418874979019
4177,74,43,0.15348277986049652
4178,35,35,0.27747148275375366
4179,60,10,0.2533087730407715
4180,11,2,0.31059834361076355
4181,21,21,0.4185640215873718
4182,34,43,0.09076063334941864
4183,39,65,0.13759808242321014
4184,65,87,0.18127954006195068
4185,13,37,0.16236330568790436
4186,20,20,0.527341365814209
4187,21,21,0.6633138656616211
4188,99,6,0.1486528515815735
4189,68,68,0.9151428937911987
4190,88,39,0.12678386270999908
4191,93,4,0.4346415102481842
4192,49,17,0.38206422328948975
4193,69,69,0.9345822334289551
4194,17,17,0.2804715633392334
4195,55,23,0.1223667785525322
4196,81,41,0.166873037815094
4197,63,96,0.17019715905189514
4198,14,63,0.12196020036935806
4199,73,91,0.14240214228630066
4200,17,45,0.1291227638721466
4201,13,58,0.4130004346370697
4202,95,95,0.7261187434196472
4203,99,94,0.31153473258018494
4204,61,86,0.3588522672653198
4205,24,24,0.5042160749435425
4206,22,87,0.2713143527507782
4207,23,23,0.4326804280281067
4208,94,16,0.12694501876831055
4209,33,33,0.250213086605072
4210,90,90,0.6076810359954834
4211,8,37,0.22237081825733185
4212,68,60,0.5527292490005493
4213,52,52,0.6679660081863403
4214,20,20,0.937252938747406
4215,64,63,0.5121562480926514
4216,54,54,0.3527688682079315
4217,53,53,0.5822398066520691
4218,3,66,0.12765167653560638
4219,4,77,0.08062540739774704
4220,88,32,0.2055373191833496
4221,53,53,0.40898823738098145
4222,27,91,0.16920140385627747
4223,5,40,0.37649405002593994
4224,47,47,0.5367220044136047
4225,97,65,0.09138686209917068
4226,5,5,0.4530867338180542
4227,35,2,0.2349974513053894
4228,71,71,0.6232220530509949
4229,54,54,0.21823564171791077
4230,54,54,0.709342360496521
4231,17,17,0.8178696632385254
4232,56,96,0.2263471931219101
4233,54,92,0.38649019598960876
4234,15,33,0.14100903272628784
4235,69,69,0.6197288036346436
4236,65,65,0.27646881341934204
4237,24,41,0.17265406250953674
4238,42,43,0.18687748908996582
4239,8,8,0.8483538031578064
4240,72,20,0.11947821825742722
4241,77,45,0.3349747955799103
4242,75,48,0.4422396719455719
4243,66,16,0.2430332601070404
4244,93,95,0.39034315943717957
4245,94,94,0.8074484467506409
4246,27,27,0.14995518326759338
4247,98,46,0.3280469477176666
4248,75,21,0.6397802233695984
4249,44,38,0.18789245188236237
4250,37,19,0.16295354068279266
4251,8,8,0.26969021558761597
4252,10,61,0.45688480138778687
4253,84,80,0.06506070494651794
4254,72,11,0.13590708374977112
4255,34,77,0.1433122158050537
4256,37,85,0.22009512782096863
4257,2,0,0.22620856761932373
4258,86,20,0.5583658218383789
4259,20,35,0.5586785674095154
4260,90,5,0.11298224329948425
4261,49,96,0.16013695299625397
4262,95,95,0.4506750702857971
4263,29,45,0.1608828902244568
4264,34,2,0.09333676099777222
4265,46,24,0.7735918760299683
4266,43,94,0.06057951971888542
4267,72,27,0.070925772190094
4268,18,18,0.2586665749549866
4269,51,64,0.15413683652877808
4270,87,87,0.7990127801895142
4271,18,91,0.16971740126609802
4272,41,83,0.34486857056617737
4273,93,68,0.08911396563053131
4274,72,39,0.1542988419532776
4275,95,73,0.3581327497959137
4276,19,19,0.6177650094032288
4277,34,64,0.1687348186969757
4278,42,73,0.23766392469406128
4279,79,38,0.3565613031387329
4280,79,79,0.4642726480960846
4281,17,97,0.32323113083839417
4282,73,73,0.5400863289833069
4283,97,24,0.2001294046640396
4284,45,5,0.30949750542640686
4285,97,38,0.25508108735084534
4286,29,89,0.45087316632270813
4287,86,55,0.057867858558893204
4288,29,42,0.37957900762557983
4289,0,0,0.7917994856834412
4290,19,19,0.30950185656547546
4291,12,12,0.34719905257225037
4292,91,27,0.11527802050113678
4293,75,91,0.2977086007595062
4294,97,97,0.1714332103729248
4295,50,63,0.5411132574081421
4296,13,58,0.4503079652786255
4297,61,61,0.2410227507352829
4298,74,50,0.09936784207820892
4299,85,13,0.13566237688064575
4300,29,48,0.6039875745773315
4301,67,63,0.5071408152580261
4302,50,99,0.1851339340209961
4303,43,36,0.1653081327676773
4304,50,34,0.13775135576725006
4305,3,63,0.4810652434825897
4306,25,36,0.22543960809707642
4307,13,13,0.7646608352661133
4308,50,20,0.23947325348854065
4309,56,56,0.390531450510025
4310,60,60,0.8290486931800842
4311,30,7,0.10403776913881302
4312,61,1,0.31270891427993774
4313,34,64,0.17777088284492493
4314,84,94,0.15462824702262878
4315,1,1,0.6471859812736511
4316,58,58,0.4474508464336395
4317,35,2,0.24781189858913422
4318,4,91,0.14290793240070343
4319,77,7,0.1105017438530922
4320,42,97,0.3135402500629425
4321,22,48,0.6407975554466248
4322,87,87,0.9699593186378479
4323,38,32,0.11683428287506104
4324,11,86,0.2241715043783188
4325,9,9,0.2276938557624817
4326,32,32,0.22665534913539886
4327,12,17,0.5681030750274658
4328,50,12,0.06899455189704895
4329,8,77,0.07667794078588486
4330,96,52,0.4025701582431793
4331,61,94,0.4040985107421875
4332,9,32,0.20636801421642303
4333,43,43,0.23565655946731567
4334,9,87,0.4692101776599884
4335,58,89,0.6105407476425171
4336,92,70,0.41658273339271545
4337,32,33,0.3753577470779419
4338,32,32,0.23025812208652496
4339,25,13,0.43246543407440186
4340,0,0,0.570107638835907
4341,34,69,0.13545118272304535
4342,75,75,0.9066821932792664
4343,68,97,0.1816146969795227
4344,27,91,0.14347514510154724
4345,15,64,0.145559161901474
4346,0,57,0.18805089592933655
4347,38,31,0.11240843683481216
4348,10,26,0.287118136882782
4349,3,50,0.08075734227895737
4350,44,97,0.07231281697750092
4351,30,67,0.40074095129966736
4352,43,89,0.4665651023387909
4353,59,31,0.15986140072345734
4354,50,36,0.14707499742507935
4355,40,9,0.28279778361320496
4356,67,1,0.23706728219985962
4357,76,63,0.2376616895198822
4358,49,17,0.38577479124069214
4359,98,32,0.36381885409355164
4360,57,57,0.41671040654182434
4361,16,41,0.20019708573818207
4362,56,52,0.43623849749565125
4363,84,89,0.20534774661064148
4364,75,8,0.15862612426280975
4365,50,34,0.17406494915485382
4366,90,81,0.33175885677337646
4367,10,10,0.639862596988678
4368,83,83,0.5953112840652466
4369,22,39,0.12521293759346008
4370,59,52,0.7436015605926514
4371,93,73,0.22732670605182648
4372,36,57,0.1309792697429657
4373,51,58,0.5538755655288696
4374,6,33,0.48470818996429443
4375,74,91,0.11592481285333633
4376,82,82,0.5359395146369934
4377,1,1,0.46036070585250854
4378,97,64,0.21252650022506714
4379,12,17,0.40257471799850464
4380,79,56,0.17067481577396393
4381,49,17,0.26465752720832825
4382,94,94,0.49440819025039673
4383,39,39,0.18734151124954224
4384,25,21,0.3205660879611969
4385,98,84,0.09748372435569763
4386,10,4,0.08617708086967468
4387,58,84,0.22444458305835724
4388,79,45,0.08538934588432312
4389,54,32,0.12925124168395996
4390,64,97,0.20030751824378967
4391,1,39,0.14096279442310333
4392,24,24,0.2514680027961731
4393,46,46,0.4482648968696594
4394,51,65,0.13673417270183563
4395,45,36,0.48129600286483765
4396,70,92,0.3785276412963867
4397,29,42,0.10642702877521515
4398,96,37,0.30225870013237
4399,2,2,0.3382290005683899
4400,7,24,0.7877929210662842
4401,95,62,0.2081872671842575
4402,27,65,0.12549403309822083
4403,83,83,0.4275718033313751
4404,89,89,0.3440924286842346
4405,7,33,0.28442811965942383
4406,52,68,0.8936365246772766
4407,24,24,0.6083902716636658
4408,49,49,0.2454954832792282
4409,5,19,0.10899461060762405
4410,80,63,0.24902431666851044
4411,53,47,0.09000841528177261
4412,75,75,0.6228185892105103
4413,55,38,0.1343659907579422
4414,14,75,0.3001454174518585
4415,15,37,0.4167291224002838
4416,69,68,0.6792364716529846
4417,51,36,0.2945187985897064
4418,24,24,0.3516801595687866
4419,19,19,0.22390727698802948
4420,2,2,0.17314690351486206
4421,68,68,0.9202262759208679
4422,24,79,0.15409834682941437
4423,75,75,0.25844985246658325
4424,75,75,0.7660837769508362
4425,41,41,0.6636220812797546
4426,13,45,0.2333250790834427
4427,44,87,0.44592708349227905
4428,41,83,0.2936980724334717
4429,31,33,0.10049717873334885
4430,74,33,0.11548464745283127
4431,18,33,0.25279000401496887
4432,43,43,0.1834632307291031
4433,0,0,0.287677139043808
4434,13,45,0.21437042951583862
4435,15,32,0.3091055452823639
4436,7,7,0.26625123620033264
4437,17,17,0.5569588541984558
4438,83,56,0.5187060832977295
4439,92,15,0.29526767134666443
4440,79,96,0.2290407419204712
4441,34,34,0.16913631558418274
4442,74,25,0.3174111545085907
4443,86,86,0.9489033222198486
4444,20,20,0.75299072265625
4445,50,86,0.30785858631134033
4446,72,97,0.20576128363609314
4447,14,14,0.15113528072834015
4448,86,69,0.10645753145217896
4449,88,37,0.09546779841184616
4450,98,40,0.17685510218143463
4451,4,74,0.18504072725772858
4452,77,43,0.08025230467319489
4453,1,1,0.3805634081363678
4454,79,77,0.11244000494480133
4455,12,25,0.11265940964221954
4456,87,87,0.8928515315055847
4457,78,14,0.3196259140968323
4458,65,5,0.18219619989395142
4459,1,54,0.32669830322265625
4460,59,52,0.9041744470596313
4461,48,48,0.18172942101955414
4462,83,18,0.40175217390060425
4463,58,48,0.1713346242904663
4464,13,58,0.4645738899707794
4465,56,52,0.4217348098754883
4466,94,94,0.7419981360435486
4467,50,86,0.20454581081867218
4468,13,58,0.7021182179450989
4469,55,27,0.07253619283437729
4470,97,66,0.2596392333507538
4471,10,10,0.38892653584480286
4472,7,7,0.515374481678009
4473,21,3,0.08827252686023712
4474,19,33,0.5337508916854858
4475,22,22,0.3102099895477295
4476,54,35,0.12169025838375092
4477,75,75,0.6815149188041687
4478,75,75,0.2901006042957306
4479,27,73,0.386538565158844
4480,5,25,0.3649947941303253
4481,75,73,0.45069241523742676
4482,6,34,0.15271124243736267
4483,75,21,0.37573540210723877
4484,35,11,0.16306853294372559
4485,19,19,0.34202322363853455
4486,79,33,0.28430280089378357
4487,48,48,0.389639288187027
4488,18,18,0.12767280638217926
4489,12,68,0.18409687280654907
4490,32,13,0.2159884124994278
4491,3,3,0.21625414490699768
4492,60,71,0.31321367621421814
4493,65,1,0.13101257383823395
4494,85,17,0.29259154200553894
4495,77,14,0.29710835218429565
4496,43,43,0.19332094490528107
4497,65,17,0.2474031001329422
4498,85,85,0.3595030903816223
4499,96,47,0.4620421826839447
4500,98,9,0.2493748813867569
4501,66,80,0.16350235044956207
4502,62,62,0.2966596782207489
4503,73,95,0.3276515305042267
4504,83,87,0.20717263221740723
4505,65,91,0.31782296299934387
4506,58,58,0.7644997239112854
4507,12,60,0.22482255101203918
4508,19,17,0.8126575350761414
4509,38,85,0.09988269209861755
4510,27,5,0.23427680134773254
4511,81,87,0.8616043329238892
4512,21,66,0.12223976105451584
4513,29,29,0.8196313381195068
4514,51,34,0.14101442694664001
4515,58,58,0.44210588932037354
4516,88,1,0.12317033112049103
4517,89,89,0.12121032923460007
4518,5,5,0.6444636583328247
4519,15,53,0.3176063597202301
4520,10,94,0.48223644495010376
4521,37,37,0.28475087881088257
4522,95,73,0.6491287350654602
4523,50,91,0.08358237147331238
4524,30,30,0.4613390862941742
4525,74,33,0.21137891709804535
4526,98,11,0.15507104992866516
4527,33,33,0.11720150709152222
4528,40,5,0.23204706609249115
4529,50,97,0.24685867130756378
4530,52,52,0.3823023736476898
4531,14,14,0.14318764209747314
4532,63,75,0.3126465678215027
4533,72,4,0.13606791198253632
4534,53,53,0.6562458872795105
4535,91,91,0.9360290169715881
4536,81,16,0.16299527883529663
4537,73,73,0.14871038496494293
4538,16,45,0.1962980180978775
4539,32,97,0.08339472860097885
4540,90,41,0.354859858751297
4541,33,33,0.1938667893409729
4542,52,52,0.6409144401550293
4543,41,34,0.38159647583961487
4544,11,36,0.3285013735294342
4545,38,53,0.19095450639724731
4546,14,20,0.2449527233839035
4547,56,24,0.38871705532073975
4548,43,97,0.2142619639635086
4549,80,42,0.2801906168460846
4550,65,77,0.2255047708749771
4551,46,9,0.19746920466423035
4552,92,1,0.6358713507652283
4553,52,52,0.9306652545928955
4554,75,75,0.9585506319999695
4555,78,78,0.11665653437376022
4556,60,60,0.7731318473815918
4557,70,62,0.25195643305778503
4558,36,26,0.09990209341049194
4559,19,69,0.2198314517736435
4560,2,2,0.15969915688037872
4561,8,26,0.21739473938941956
4562,61,61,0.5987406373023987
4563,55,29,0.12864333391189575
4564,24,7,0.24864910542964935
4565,47,1,0.16547760367393494
4566,30,73,0.242903470993042
4567,70,92,0.4993176758289337
4568,25,5,0.37606534361839294
4569,7,78,0.11560704559087753
4570,28,50,0.09996917843818665
4571,67,73,0.5777575969696045
4572,53,45,0.35636106133461
4573,28,28,0.318549245595932
4574,11,46,0.20888996124267578
4575,54,54,0.6597557663917542
4576,74,63,0.1340816766023636
4577,66,91,0.2061958909034729
4578,41,41,0.8002080321311951
4579,4,3,0.15365086495876312
4580,95,95,0.8892186880111694
4581,47,47,0.896414577960968
4582,52,52,0.8906182050704956
4583,59,47,0.6150838136672974
4584,68,73,0.16754195094108582
4585,21,21,0.40293973684310913
4586,13,87,0.19909310340881348
4587,62,92,0.35652169585227966
4588,58,58,0.7495673894882202
4589,92,5,0.2830282747745514
4590,18,82,0.13849440217018127
4591,24,24,0.3205794095993042
4592,30,30,0.17859536409378052
4593,78,7,0.09215439856052399
4594,14,32,0.6479465365409851
4595,86,86,0.4424237906932831
4596,78,18,0.35323143005371094
4597,76,49,0.39294782280921936
4598,68,68,0.8901545405387878
4599,56,3,0.15547014772891998
4600,70,83,0.32403844594955444
4601,31,52,0.2203139066696167
4602,97,97,0.5653581023216248
4603,72,4,0.21274492144584656
4604,7,33,0.22800646722316742
4605,84,21,0.17444932460784912
4606,43,65,0.07199925184249878
4607,61,63,0.18103629350662231
4608,33,33,0.25460782647132874
4609,42,42,0.17615677416324615
4610,89,89,0.5619450211524963
4611,42,88,0.3438878059387207
4612,38,50,0.11496053636074066
4613,92,92,0.18304875493049622
4614,24,93,0.224761500954628
4615,49,49,0.4076511263847351
4616,7,7,0.37011048197746277
4617,52,52,0.6940169334411621
4618,66,97,0.5116581916809082
4619,99,22,0.3118981420993805
4620,96,33,0.11332149058580399
4621,34,63,0.10479790717363358
4622,14,97,0.17474399507045746
4623,11,32,0.3100322186946869
4624,92,1,0.6262713670730591
4625,29,29,0.3000876009464264
4626,4,63,0.4399236738681793
4627,3,3,0.28535160422325134
4628,55,75,0.5392927527427673
4629,61,61,0.3297518491744995
4630,90,27,0.09208574891090393
4631,94,94,0.256420373916626
4632,29,47,0.9361581802368164
4633,90,6,0.20873984694480896
4634,43,27,0.08845870941877365
4635,21,21,0.5076571702957153
4636,66,66,0.18339209258556366
4637,57,83,0.2169329971075058
4638,25,84,0.10938746482133865
4639,37,17,0.2845383584499359
4640,0,0,0.16253338754177094
4641,1,92,0.21201518177986145
4642,56,56,0.3099434971809387
4643,30,67,0.2461749166250229
4644,80,31,0.21447472274303436
4645,93,72,0.14614880084991455
4646,8,39,0.1500532031059265
4647,23,50,0.0896848514676094
4648,98,24,0.2994675934314728
4649,64,89,0.08774642646312714
4650,69,95,0.17932483553886414
4651,68,68,0.9766675233840942
4652,72,72,0.26577988266944885
4653,1,92,0.2240610271692276
4654,35,39,0.40918102860450745
4655,92,36,0.15975336730480194
4656,22,32,0.22816528379917145
4657,52,52,0.9685812592506409
4658,90,89,0.24283096194267273
4659,91,73,0.33496689796447754
4660,37,12,0.2596270740032196
4661,71,12,0.1906329095363617
4662,27,96,0.12145699560642242
4663,89,89,0.5053927302360535
4664,28,9,0.12311951071023941
4665,56,38,0.1468759924173355
4666,0,6,0.216430202126503
4667,79,80,0.0888526514172554
4668,20,5,0.6497552990913391
4669,18,33,0.5959523320198059
4670,39,68,0.8917419910430908
4671,79,79,0.2881101965904236
4672,45,51,0.12638713419437408
4673,96,96,0.3465989828109741
4674,68,74,0.08048301935195923
4675,24,95,0.16708829998970032
4676,0,14,0.11011381447315216
4677,42,63,0.21070896089076996
4678,81,52,0.1645703911781311
4679,80,77,0.12361524999141693
4680,81,90,0.25690796971321106
4681,87,87,0.2040485143661499
4682,33,68,0.6626726984977722
4683,9,7,0.1729246824979782
4684,46,62,0.30445700883865356
4685,59,96,0.276887983083725
4686,7,7,0.33456552028656006
4687,64,63,0.10422538220882416
4688,70,11,0.09108322113752365
4689,25,5,0.22437763214111328
4690,46,98,0.23035675287246704
4691,89,89,0.3618459105491638
4692,93,66,0.16754372417926788
4693,58,58,0.7059815526008606
4694,37,17,0.5631710290908813
4695,91,91,0.5172536969184875
4696,3,74,0.20804889500141144
4697,57,57,0.257796049118042
4698,75,9,0.41711661219596863
4699,5,54,0.5893067121505737
4700,80,77,0.20318655669689178
4701,70,62,0.6406826376914978
4702,64,64,0.057074565440416336
4703,34,34,0.2636805772781372
4704,22,58,0.16618160903453827
4705,54,54,0.33230966329574585
4706,34,34,0.3258261978626251
4707,32,80,0.08953060954809189
4708,9,72,0.24745149910449982
4709,31,8,0.09082795679569244
4710,77,33,0.23869338631629944
4711,43,43,0.5450910329818726
4712,33,33,0.3769644498825073
4713,79,65,0.11209478974342346
4714,63,31,0.09062375128269196
4715,63,4,0.2648826837539673
4716,1,37,0.12461425364017487
4717,99,91,0.10043978691101074
4718,27,93,0.12860378623008728
4719,12,33,0.499199777841568
4720,74,74,0.09697438031435013
4721,93,56,0.18156978487968445
4722,20,7,0.12825767695903778
4723,60,25,0.2673204839229584
4724,66,58,0.37799930572509766
4725,40,40,0.644260823726654
4726,59,96,0.44719889760017395
4727,92,34,0.29841265082359314
4728,46,97,0.21953901648521423
4729,47,47,0.6321455240249634
4730,52,52,0.5964412093162537
4731,89,89,0.4865954518318176
4732,6,18,0.22381004691123962
4733,93,74,0.1678445190191269
4734,94,36,0.14250704646110535
4735,54,54,0.7935009598731995
4736,15,47,0.7831552028656006
4737,96,96,0.368785560131073
4738,79,64,0.1434694230556488
4739,49,39,0.1885959655046463
4740,13,4,0.1634349226951599
4741,41,41,0.6144912242889404
4742,14,77,0.09486513584852219
4743,30,30,0.7231535315513611
4744,76,76,0.8942362666130066
4745,21,21,0.30820778012275696
4746,82,82,0.9138048887252808
4747,52,52,0.464430570602417
4748,79,27,0.08984087407588959
4749,4,97,0.21874549984931946
4750,46,46,0.15920409560203552
4751,14,88,0.164911150932312
4752,43,94,0.21011443436145782
4753,32,98,0.4480343461036682
4754,34,38,0.09110308438539505
4755,83,20,0.22426648437976837
4756,13,90,0.24086321890354156
4757,19,43,0.19838088750839233
4758,31,31,0.13437533378601074
4759,67,67,0.541577160358429
4760,0,62,0.21478182077407837
4761,95,28,0.21676760911941528
4762,32,11,0.16301332414150238
4763,33,71,0.4209403693675995
4764,71,95,0.2357398420572281
4765,8,8,0.4757240116596222
4766,64,5,0.1438600867986679
4767,53,47,0.3710288107395172
4768,47,52,0.500617504119873
4769,22,73,0.3348643183708191
4770,30,30,0.3717964291572571
4771,22,87,0.2683635652065277
4772,7,24,0.26012563705444336
4773,84,5,0.35941529273986816
4774,56,17,0.2997196316719055
4775,92,92,0.19939789175987244
4776,30,95,0.7719871997833252
4777,23,71,0.07288164645433426
4778,63,63,0.1869562566280365
4779,22,4,0.09136229753494263
4780,57,61,0.4695395827293396
4781,24,24,0.8268622159957886
4782,23,67,0.22900702059268951
4783,32,37,0.3732253313064575
4784,72,37,0.3507842421531677
4785,82,82,0.3869095742702484
4786,64,32,0.08716953545808792
4787,43,43,0.20388151705265045
4788,13,58,0.6050654053688049
4789,98,2,0.26722776889801025
4790,26,26,0.4006134271621704
4791,55,3,0.08739012479782104
4792,83,54,0.19127607345581055
4793,12,12,0.40386679768562317
4794,76,95,0.5002630352973938
4795,47,52,0.5665688514709473
4796,24,24,0.939041793346405
4797,92,70,0.43822118639945984
4798,40,91,0.13375836610794067
4799,86,86,0.2472907304763794
4800,39,27,0.15674422681331635
4801,31,96,0.3497912585735321
4802,37,81,0.23230698704719543
4803,71,71,0.6122442483901978
4804,39,6,0.08011233061552048
4805,72,68,0.3833710849285126
4806,87,20,0.17971821129322052
4807,17,59,0.33428359031677246
4808,13,52,0.511332631111145
4809,39,39,0.5981513857841492
4810,35,35,0.15439532697200775
4811,54,61,0.22821398079395294
4812,88,43,0.3305995762348175
4813,1,1,0.2701433598995209
4814,61,61,0.6073174476623535
4815,24,24,0.5249688625335693
4816,69,23,0.2955562472343445
4817,4,94,0.07866697758436203
4818,9,15,0.07965033501386642
4819,98,63,0.3394029438495636
4820,74,27,0.1588556319475174
4821,58,58,0.4704573452472687
4822,76,76,0.6117901802062988
4823,96,0,0.17935839295387268
4824,4,4,0.6863623261451721
4825,84,5,0.22021564841270447
4826,30,95,0.8686951994895935
4827,88,42,0.1337362378835678
4828,79,79,0.2239374965429306
4829,5,23,0.24160264432430267
4830,10,16,0.4176703691482544
4831,33,83,0.159495010972023
4832,54,7,0.25861120223999023
4833,36,90,0.12438173592090607
4834,46,95,0.19015668332576752
4835,6,82,0.6435478925704956
4836,46,11,0.1808927208185196
4837,86,86,0.516503632068634
4838,39,85,0.6052791476249695
4839,83,83,0.38608208298683167
4840,77,2,0.10013596713542938
4841,69,23,0.3226981461048126
4842,65,94,0.18308034539222717
4843,14,7,0.3341197669506073
4844,33,68,0.2565773129463196
4845,61,61,0.532755970954895
4846,35,12,0.1853318214416504
4847,20,68,0.7012560367584229
4848,9,9,0.46582505106925964
4849,37,37,0.5709097981452942
4850,63,39,0.09779760241508484
4851,82,82,0.9860585331916809
4852,46,33,0.11551447957754135
4853,72,94,0.16978183388710022
4854,77,4,0.17609244585037231
4855,16,45,0.3334723114967346
4856,64,97,0.09256915003061295
4857,46,92,0.21245697140693665
4858,23,23,0.36221542954444885
4859,22,22,0.7118492126464844
4860,75,75,0.7344393730163574
4861,78,44,0.06372387707233429
4862,46,87,0.11549698561429977
4863,10,1,0.3703417479991913
4864,85,85,0.4723336696624756
4865,7,5,0.24341034889221191
4866,68,68,0.9851707816123962
4867,31,12,0.16913998126983643
4868,91,91,0.8723607659339905
4869,28,99,0.12031693011522293
4870,58,58,0.4691867530345917
4871,55,24,0.08733834326267242
4872,91,91,0.9504745602607727
4873,19,19,0.7056988477706909
4874,59,47,0.14693544805049896
4875,44,8,0.2032066285610199
4876,98,98,0.3006647229194641
4877,27,27,0.11054300516843796
4878,34,2,0.09896539151668549
4879,17,17,0.5364965796470642
4880,25,87,0.7068681120872498
4881,58,58,0.23194976150989532
4882,29,38,0.2605663239955902
4883,85,16,0.10988596826791763
4884,85,78,0.07333126664161682
4885,25,40,0.27161338925361633
4886,35,84,0.08751901984214783
4887,12,47,0.1729310154914856
4888,8,59,0.31041011214256287
4889,34,89,0.12429828941822052
4890,16,16,0.8294497728347778
4891,86,87,0.16055996716022491
4892,48,48,0.7110704779624939
4893,49,49,0.4806780219078064
4894,15,35,0.16905687749385834
4895,55,97,0.12272471189498901
4896,53,0,0.10106252878904343
4897,99,67,0.21859608590602875
4898,66,48,0.19931384921073914
4899,26,10,0.32530614733695984
4900,88,88,0.6020645499229431
4901,64,65,0.09218815714120865
4902,87,87,0.8722104430198669
4903,41,63,0.1650768518447876
4904,17,17,0.2292410135269165
4905,40,86,0.17235226929187775
4906,6,6,0.3098069727420807
4907,55,21,0.2246139794588089
4908,8,7,0.7328559160232544
4909,95,95,0.9550184607505798
4910,94,23,0.1603674292564392
4911,3,52,0.19226516783237457
4912,2,53,0.34787076711654663
4913,56,56,0.5387880206108093
4914,66,21,0.3990432024002075
4915,4,3,0.17971840500831604
4916,68,60,0.4915522634983063
4917,11,11,0.6370230913162231
4918,20,20,0.8495330810546875
4919,49,67,0.2733829915523529
4920,23,23,0.25830554962158203
4921,72,72,0.10712570697069168
4922,16,94,0.22038660943508148
4923,0,57,0.34738221764564514
4924,86,86,0.44390082359313965
4925,59,56,0.37296101450920105
4926,93,2,0.11565669625997543
4927,48,48,0.2801017463207245
4928,40,40,0.22411812841892242
4929,33,66,0.16062602400779724
4930,17,37,0.18956883251667023
4931,52,52,0.1869894564151764
4932,54,54,0.22778524458408356
4933,94,94,0.49139177799224854
4934,87,86,0.5988019108772278
4935,77,36,0.07996957004070282
4936,79,74,0.10347814112901688
4937,5,87,0.2281179577112198
4938,91,23,0.12354105710983276
4939,28,54,0.5363043546676636
4940,30,67,0.2733815610408783
4941,7,7,0.23810449242591858
4942,25,75,0.10763335973024368
4943,42,18,0.13586769998073578
4944,75,75,0.42179495096206665
4945,31,23,0.09461905807256699
4946,14,33,0.28144773840904236
4947,94,94,0.4778938889503479
4948,57,57,0.4354405105113983
4949,63,63,0.3181159794330597
4950,81,13,0.4132857918739319
4951,4,24,0.34712693095207214
4952,99,72,0.05473514273762703
4953,45,1,0.09919977933168411
4954,32,32,0.4064892828464508
4955,11,12,0.4132295548915863
4956,9,5,0.14175644516944885
4957,59,59,0.33191993832588196
4958,81,58,0.3583880066871643
4959,40,30,0.30574652552604675
4960,48,66,0.15250852704048157
4961,6,6,0.5645785331726074
4962,98,35,0.18999707698822021
4963,70,83,0.2611420452594757
4964,93,93,0.1764792948961258
4965,0,0,0.8968856334686279
4966,14,24,0.4540746212005615
4967,49,49,0.5908634066581726
4968,51,58,0.38606950640678406
4969,4,3,0.07113208621740341
4970,14,32,0.06047969311475754
4971,42,66,0.10615074634552002
4972,80,65,0.33991631865501404
4973,68,68,0.7548898458480835
4974,78,24,0.4903964102268219
4975,47,47,0.9114255905151367
4976,31,21,0.6845651268959045
4977,62,82,0.19717197120189667
4978,62,0,0.3906347155570984
4979,90,12,0.1841420829296112
4980,8,8,0.08039107173681259
4981,9,17,0.22655801475048065
4982,51,1,0.29812857508659363
4983,91,91,0.28684529662132263
4984,80,65,0.08142536878585815
4985,79,79,0.7212907671928406
4986,22,87,0.4898069500923157
4987,18,79,0.21463412046432495
4988,61,65,0.17091254889965057
4989,62,62,0.2735738158226013
4990,54,54,0.7084026336669922
4991,34,34,0.41192731261253357
4992,42,88,0.3746574819087982
4993,33,33,0.4685099124908447
4994,16,65,0.2107085883617401
4995,99,25,0.22062374651432037
4996,99,35,0.1139141395688057
4997,27,90,0.14896127581596375
4998,13,86,0.40902015566825867
4999,39,39,0.5402299761772156
5000,56,59,0.2856246531009674
5001,53,47,0.18692608177661896
5002,82,82,0.44515156745910645
5003,48,48,0.28926175832748413
5004,76,96,0.19759702682495117
5005,82,82,0.9479435086250305
5006,49,71,0.5210957527160645
5007,40,29,0.33826422691345215
5008,58,58,0.5936116576194763
5009,58,19,0.3890184164047241
5010,28,2,0.12854832410812378
5011,37,17,0.49692070484161377
5012,38,29,0.1703672856092453
5013,93,74,0.1413482427597046
5014,68,68,0.7775748372077942
5015,13,13,0.7707371115684509
5016,42,33,0.08648919314146042
5017,35,54,0.1720016598701477
5018,68,68,0.9647465348243713
5019,47,47,0.2354581207036972
5020,13,49,0.28748801350593567
5021,91,1,0.6727665066719055
5022,53,53,0.14592275023460388
5023,23,23,0.3347780406475067
5024,29,25,0.11997537314891815
5025,89,89,0.27922049164772034
5026,35,2,0.13923633098602295
5027,43,43,0.5049413442611694
5028,62,65,0.1837156116962433
5029,15,34,0.2857230305671692
5030,9,9,0.7153097987174988
5031,97,38,0.15162646770477295
5032,15,93,0.49569353461265564
5033,44,42,0.17316626012325287
5034,75,36,0.40238505601882935
5035,84,81,0.15712447464466095
5036,33,94,0.31219586730003357
5037,41,41,0.8333552479743958
5038,6,75,0.37906450033187866
5039,71,71,0.3964560925960541
5040,78,74,0.1357167810201645
5041,17,17,0.1738966703414917
5042,76,76,0.6427739858627319
5043,78,21,0.5185579657554626
5044,88,88,0.3092966079711914
5045,49,68,0.3003612160682678
5046,35,46,0.23078085482120514
5047,54,92,0.2741343677043915
5048,86,87,0.6803593039512634
5049,12,52,0.3003745973110199
5050,74,63,0.25962790846824646
5051,80,38,0.0995175689458847
5052,33,33,0.29983919858932495
5053,49,47,0.17746806144714355
5054,5,4,0.11880245059728622
5055,63,38,0.11863046884536743
5056,78,22,0.15508054196834564
5057,41,8,0.10049343854188919
5058,36,66,0.14547279477119446
5059,37,76,0.29214316606521606
5060,66,97,0.191985085606575
5061,98,20,0.11552728712558746
5062,76,76,0.12547731399536133
5063,8,37,0.146670401096344
5064,13,8,0.1205989196896553
5065,53,53,0.19182538986206055
5066,87,87,0.6384740471839905
5067,19,37,0.21729671955108643
5068,38,59,0.15056747198104858
5069,18,91,0.21766707301139832
5070,32,32,0.5029487013816833
5071,88,7,0.2428264617919922
5072,4,31,0.06785701215267181
5073,78,91,0.09089934825897217
5074,99,86,0.3354574143886566
5075,75,38,0.07864202558994293
5076,21,21,0.5642381906509399
5077,74,4,0.10857920348644257
5078,97,65,0.1823914796113968
5079,75,74,0.09712322056293488
5080,64,50,0.14716407656669617
5081,52,81,0.4681676924228668
5082,94,50,0.11936025321483612
5083,10,22,0.2322455495595932
5084,34,34,0.11537212878465652
5085,14,54,0.17716166377067566
5086,21,21,0.24204304814338684
5087,61,28,0.11506342887878418
5088,1,41,0.15669934451580048
5089,80,52,0.09351658076047897
5090,21,21,0.49556973576545715
5091,81,95,0.18464212119579315
5092,98,64,0.24477340281009674
5093,69,9,0.18296900391578674
5094,52,52,0.597868025302887
5095,63,79,0.11250130087137222
5096,20,20,0.9160344004631042
5097,91,75,0.2705545127391815
5098,68,68,0.9638742208480835
5099,64,92,0.13952572643756866
5100,76,76,0.7321456670761108
5101,5,36,0.1491318941116333
5102,9,56,0.1885538399219513
5103,43,50,0.17135003209114075
5104,49,30,0.4385681450366974
5105,55,22,0.10849174857139587
5106,55,33,0.25994953513145447
5107,32,50,0.20952576398849487
5108,83,83,0.4472995698451996
5109,42,34,0.08520630747079849
5110,58,87,0.24788787961006165
5111,44,65,0.09161677956581116
5112,48,48,0.37608903646469116
5113,15,97,0.12182454019784927
5114,48,62,0.1330544650554657
5115,17,37,0.3881380259990692
5116,28,20,0.3071596920490265
5117,35,28,0.198642760515213
5118,11,26,0.14958178997039795
5119,15,12,0.3384445905685425
5120,21,21,0.4637148380279541
5121,81,58,0.12048695236444473
5122,59,52,0.31748661398887634
5123,14,43,0.29604029655456543
5124,37,37,0.41052913665771484
5125,75,75,0.2878640294075012
5126,2,39,0.15411002933979034
5127,10,76,0.21898043155670166
5128,19,27,0.07474876940250397
5129,58,58,0.3627788722515106
5130,90,12,0.3119198679924011
5131,43,35,0.16146688163280487
5132,3,31,0.38160598278045654
5133,71,49,0.39018386602401733
5134,23,33,0.11521581560373306
5135,28,28,0.17007280886173248
5136,68,68,0.5799560546875
5137,80,17,0.6621724367141724
5138,61,45,0.2818760573863983
5139,87,87,0.1827404648065567
5140,25,85,0.18233336508274078
5141,89,27,0.26685476303100586
5142,42,94,0.5687644481658936
5143,74,33,0.20420247316360474
5144,91,58,0.3093660771846771
5145,47,47,0.8335558176040649
5146,5,5,0.710189163684845
5147,22,98,0.18769492208957672
5148,6,69,0.5005994439125061
5149,58,37,0.2694840431213379
5150,91,27,0.16623440384864807
5151,61,61,0.8065729737281799
5152,91,32,0.23033924400806427
5153,71,12,0.1437210589647293
5154,74,74,0.17737074196338654
5155,82,32,0.16212782263755798
5156,66,9,0.26037704944610596
5157,30,95,0.5846887826919556
5158,47,47,0.905046284198761
5159,38,16,0.13794691860675812
5160,45,92,0.19002829492092133
5161,54,54,0.7755669951438904
5162,48,48,0.8502494692802429
5163,13,58,0.4774576425552368
5164,85,75,0.5631418824195862
5165,3,4,0.15215705335140228
5166,28,23,0.17463374137878418
5167,21,21,0.24691805243492126
5168,44,94,0.07864604145288467
5169,27,12,0.15805085003376007
5170,0,1,0.2440090924501419
5171,8,8,0.7871415019035339
5172,28,28,0.3667484223842621
5173,27,30,0.3529338836669922
5174,98,98,0.3546096682548523
5175,48,92,0.35090723633766174
5176,81,89,0.16252698004245758
5177,36,36,0.3942316770553589
5178,29,36,0.08472814410924911
5179,86,85,0.6853969693183899
5180,19,34,0.28242775797843933
5181,82,82,0.1756921112537384
5182,89,68,0.08349651098251343
5183,35,35,0.16729751229286194
5184,13,58,0.5909823775291443
5185,42,42,0.18798790872097015
5186,60,68,0.22136317193508148
5187,69,69,0.6642592549324036
5188,12,65,0.16197097301483154
5189,89,89,0.12804006040096283
5190,50,26,0.15174341201782227
5191,24,24,0.3679081201553345
5192,49,49,0.4433808922767639
5193,12,12,0.22044040262699127
5194,71,71,0.49171069264411926
5195,25,87,0.37176278233528137
5196,71,71,0.4704946279525757
5197,46,9,0.1586296409368515
5198,14,50,0.17765411734580994
5199,88,88,0.19635096192359924
5200,64,33,0.19965064525604248
5201,13,81,0.18337446451187134
5202,25,25,0.6435597538948059
5203,11,5,0.26143908500671387
5204,44,41,0.7288399934768677
5205,17,12,0.139044851064682
5206,18,65,0.1538095921278
5207,74,74,0.23306873440742493
5208,75,75,0.19330820441246033
5209,14,14,0.27803799510002136
5210,42,8,0.062110599130392075
5211,83,0,0.44242560863494873
5212,60,90,0.2406480461359024
5213,30,30,0.1737167090177536
5214,57,24,0.3827243447303772
5215,94,94,0.3214074671268463
5216,48,39,0.48450666666030884
5217,75,75,0.5464693903923035
5218,15,3,0.08882851898670197
5219,51,42,0.12788143754005432
5220,93,65,0.18083666265010834
5221,93,30,0.33043742179870605
5222,41,6,0.616145670413971
5223,52,52,0.5466610789299011
5224,52,52,0.708846926689148
5225,12,49,0.5675342082977295
5226,64,98,0.16390490531921387
5227,87,87,0.2470209151506424
5228,99,95,0.5406993627548218
5229,86,86,0.33462169766426086
5230,5,0,0.12338293343782425
5231,42,42,0.30348190665245056
5232,71,68,0.5966876149177551
5233,64,5,0.13036198914051056
5234,99,24,0.26269057393074036
5235,49,59,0.23707471787929535
5236,22,93,0.4993317723274231
5237,52,52,0.4479067921638489
5238,59,96,0.4615383446216583
5239,5,5,0.6798690557479858
5240,60,60,0.9187080264091492
5241,71,71,0.46368199586868286
5242,72,56,0.09015649557113647
5243,74,74,0.1253078579902649
5244,19,58,0.20690150558948517
5245,56,56,0.8068089485168457
5246,24,24,0.6779981851577759
5247,30,95,0.18681038916110992
5248,76,76,0.9078827500343323
5249,15,43,0.06815776973962784
5250,39,54,0.4114779829978943
5251,16,16,0.875037670135498
5252,21,21,0.2356405109167099
5253,15,43,0.5537737607955933
5254,38,65,0.11071570962667465
5255,30,73,0.2633994519710541
5256,55,55,0.2017439305782318
5257,98,89,0.11824680119752884
5258,25,0,0.11322084814310074
5259,40,69,0.7192598581314087
5260,82,82,0.7455628514289856
5261,3,14,0.31486088037490845
5262,67,52,0.3851318359375
5263,47,52,0.8549467325210571
5264,71,71,0.5300704836845398
5265,52,47,0.3445058763027191
5266,47,52,0.508699893951416
5267,60,17,0.357403039932251
5268,55,69,0.6803500056266785
5269,16,16,0.11683177947998047
5270,61,61,0.10832199454307556
5271,36,36,0.4872843027114868
5272,90,49,0.2507513761520386
5273,32,93,0.10826652497053146
5274,21,82,0.33698344230651855
5275,30,30,0.21651548147201538
5276,78,45,0.14443306624889374
5277,43,53,0.3210771381855011
5278,81,13,0.32286834716796875
5279,88,33,0.17375744879245758
5280,49,68,0.40719377994537354
5281,96,68,0.18359099328517914
5282,10,62,0.25892698764801025
5283,95,73,0.4451591670513153
5284,33,33,0.5697308778762817
5285,15,32,0.15833650529384613
5286,85,87,0.1221436932682991
5287,89,17,0.2826445400714874
5288,79,7,0.16769751906394958
5289,26,11,0.15299704670906067
5290,18,79,0.2290942370891571
5291,97,64,0.130820631980896
5292,14,62,0.4299567639827728
5293,15,37,0.10202810913324356
5294,16,45,0.30111265182495117
5295,75,8,0.23002807796001434
5296,6,51,0.19346870481967926
5297,92,92,0.4345332682132721
5298,88,66,0.17409755289554596
5299,64,97,0.25016075372695923
5300,54,54,0.2348925620317459
5301,71,71,0.49582579731941223
5302,6,6,0.4290251135826111
5303,96,59,0.39533108472824097
5304,8,8,0.34169837832450867
5305,67,73,0.4710713028907776
5306,0,0,0.6638757586479187
5307,78,33,0.19249704480171204
5308,92,9,0.12269939482212067
5309,57,0,0.799472451210022
5310,66,66,0.11020711809396744
5311,48,58,0.4646511971950531
5312,67,43,0.168519526720047
5313,60,60,0.7483862042427063
5314,89,89,0.7259784936904907
5315,16,16,0.12643274664878845
5316,42,38,0.20696939527988434
5317,58,13,0.1521012932062149
5318,61,78,0.09494642168283463
5319,22,70,0.15818056464195251
5320,75,75,0.8538188338279724
5321,37,37,0.719279944896698
5322,3,21,0.15647679567337036
5323,60,60,0.5502097010612488
5324,9,7,0.31146079301834106
5325,27,58,0.20223604142665863
5326,83,53,0.16841866075992584
5327,89,80,0.0825912281870842
5328,42,24,0.300860196352005
5329,88,38,0.2610674202442169
5330,44,96,0.2167181819677353
5331,2,22,0.12344704568386078
5332,62,83,0.4097042977809906
5333,94,94,0.15841136872768402
5334,32,32,0.15569064021110535
5335,95,95,0.45363134145736694
5336,66,11,0.08082180470228195
5337,8,33,0.2681869864463806
5338,40,46,0.14543181657791138
5339,44,91,0.13867132365703583
5340,45,33,0.18336240947246552
5341,26,33,0.2525824308395386
5342,48,48,0.32683438062667847
5343,87,14,0.22101785242557526
5344,59,59,0.22785191237926483
5345,35,5,0.24613191187381744
5346,61,87,0.27899667620658875
5347,64,33,0.0938701331615448
5348,43,26,0.08312840014696121
5349,25,5,0.23569326102733612
5350,48,58,0.8416010737419128
5351,45,83,0.1425902247428894
5352,36,36,0.37610575556755066
5353,29,24,0.18633762001991272
5354,51,77,0.3119877278804779
5355,76,76,0.326783150434494
5356,74,42,0.06600861996412277
5357,61,61,0.8831765055656433
5358,56,32,0.12604546546936035
5359,55,87,0.2648782432079315
5360,44,78,0.12752674520015717
5361,50,26,0.14732670783996582
5362,8,63,0.16240328550338745
5363,27,74,0.1353839635848999
5364,22,22,0.13901907205581665
5365,61,61,0.4003649353981018
5366,77,77,0.20381078124046326
5367,85,85,0.6637280583381653
5368,95,95,0.285917192697525
5369,78,5,0.19812361896038055
5370,0,0,0.6573516726493835
5371,80,77,0.2156411111354828
5372,26,45,0.47066423296928406
5373,33,33,0.5224692821502686
5374,49,31,0.2583520710468292
5375,51,27,0.1614837944507599
5376,36,32,0.12842965126037598
5377,98,22,0.12186069041490555
5378,39,91,0.17771168053150177
5379,76,49,0.2843061089515686
5380,95,95,0.8850876688957214
5381,31,65,0.052643097937107086
5382,45,6,0.47654277086257935
5383,27,38,0.11798728257417679
5384,60,60,0.7804436683654785
5385,3,21,0.1820852905511856
5386,51,51,0.2839537560939789
5387,94,47,0.47496092319488525
5388,67,4,0.1929931491613388
5389,6,6,0.31877192854881287
5390,62,92,0.2709152102470398
5391,98,2,0.17262649536132812
5392,28,23,0.19083140790462494
5393,26,26,0.4758608937263489
5394,61,61,0.8964319825172424
5395,29,29,0.5025278925895691
5396,64,27,0.182549387216568
5397,95,7,0.3218734860420227
5398,4,50,0.10947536677122116
5399,42,63,0.24799489974975586
5400,17,17,0.8091732859611511
5401,99,39,0.19115394353866577
5402,30,23,0.2677753269672394
5403,86,22,0.10129769146442413
5404,83,45,0.28849682211875916
5405,78,66,0.19073063135147095
5406,25,71,0.34106162190437317
5407,50,63,0.33274686336517334
5408,97,69,0.21774046123027802
5409,67,27,0.11610712856054306
5410,52,52,0.9497674107551575
5411,28,36,0.09428805857896805
5412,44,41,0.22479525208473206
5413,28,28,0.2732897698879242
5414,22,45,0.23577949404716492
5415,5,14,0.14670951664447784
5416,35,87,0.7387388348579407
5417,37,12,0.14318342506885529
5418,66,95,0.22203153371810913
5419,88,77,0.06786307692527771
5420,95,30,0.2117367535829544
5421,1,48,0.45523157715797424
5422,57,7,0.07108855247497559
5423,12,12,0.5101388692855835
5424,44,45,0.27545854449272156
5425,97,97,0.15009865164756775
5426,78,86,0.3758065402507782
5427,7,92,0.31940123438835144
5428,94,94,0.4257446229457855
5429,85,85,0.9592886567115784
5430,48,48,0.48471900820732117
5431,16,16,0.8173348903656006
5432,85,12,0.13550440967082977
5433,63,63,0.5332621335983276
5434,59,52,0.8511555790901184
5435,70,1,0.15132546424865723
5436,62,92,0.24520094692707062
5437,58,58,0.8191548585891724
5438,54,82,0.325408399105072
5439,60,60,0.9277589321136475
5440,9,9,0.6495246291160583
5441,44,44,0.1513029932975769
5442,23,87,0.28025302290916443
5443,71,73,0.20641858875751495
5444,10,0,0.2727721929550171
5445,89,89,0.5074697136878967
5446,31,21,0.15268319845199585
5447,67,73,0.6114863753318787
5448,56,56,0.3525931239128113
5449,42,34,0.24822700023651123
5450,70,45,0.2443469613790512
5451,73,6,0.17393596470355988
5452,43,1,0.15161612629890442
5453,43,34,0.08287420868873596
5454,86,87,0.7747582197189331
5455,15,17,0.17763273417949677
5456,24,24,0.35031095147132874
5457,84,45,0.3373221457004547
5458,42,93,0.18986158072948456
5459,60,17,0.183771014213562
5460,48,48,0.4808403551578522
5461,19,66,0.2631489038467407
5462,93,73,0.22154898941516876
5463,16,22,0.49308428168296814
5464,30,13,0.10746674239635468
5465,13,12,0.35960185527801514
5466,21,3,0.4898621439933777
5467,78,39,0.3990989923477173
5468,68,95,0.35796600580215454
5469,48,66,0.34262362122535706
5470,56,52,0.7720646262168884
5471,74,63,0.20718491077423096
5472,42,43,0.2469850480556488
5473,20,20,0.9770621061325073
5474,14,62,0.22479462623596191
5475,78,75,0.32913050055503845
5476,62,62,0.6857597827911377
5477,76,76,0.9254775643348694
5478,42,36,0.09867269545793533
5479,28,28,0.12611745297908783
5480,74,74,0.1863265484571457
5481,78,50,0.11127805709838867
5482,28,28,0.6567566394805908
5483,27,43,0.08654260635375977
5484,51,51,0.3057641386985779
5485,83,83,0.3302954137325287
5486,48,48,0.13075633347034454
5487,79,79,0.3282170593738556
5488,67,67,0.3041815161705017
5489,43,79,0.21967172622680664
5490,90,21,0.18433794379234314
5491,18,93,0.4269154965877533
5492,40,87,0.10379451513290405
5493,88,78,0.25393950939178467
5494,15,19,0.12739232182502747
5495,89,89,0.5033283829689026
5496,0,0,0.7221424579620361
5497,80,7,0.23122474551200867
5498,95,7,0.11592970788478851
5499,59,12,0.1905079036951065
5500,67,72,0.17965275049209595
5501,57,46,0.07873747497797012
5502,64,72,0.10491381585597992
5503,55,21,0.30900391936302185
5504,72,4,0.4741740822792053
5505,39,97,0.2787151336669922
5506,1,33,0.36804983019828796
5507,14,19,0.35878464579582214
5508,10,98,0.1823258101940155
5509,40,95,0.15200351178646088
5510,66,38,0.1582549661397934
5511,32,32,0.5446285009384155
5512,11,82,0.3212405741214752
5513,4,80,0.2229008823633194
5514,54,54,0.33261796832084656
5515,14,8,0.22936303913593292
5516,15,89,0.3299899697303772
5517,84,84,0.36735689640045166
5518,7,7,0.2452787309885025
5519,15,29,0.18478088080883026
5520,70,92,0.39230868220329285
5521,45,92,0.16075977683067322
5522,28,99,0.14153359830379486
5523,27,91,0.09105873107910156
5524,36,36,0.1768469214439392
5525,31,21,0.1352563202381134
5526,80,87,0.14477398991584778
5527,16,22,0.30758604407310486
5528,59,59,0.2748180031776428
5529,6,82,0.6911368370056152
5530,19,29,0.48687121272087097
5531,87,87,0.6693221926689148
5532,15,47,0.156765416264534
5533,81,21,0.1644478589296341
5534,25,77,0.1720573753118515
5535,98,98,0.42665907740592957
5536,2,50,0.12148676812648773
5537,68,68,0.8211644887924194
5538,47,52,0.7758814096450806
5539,18,77,0.18571043014526367
5540,66,63,0.2281719595193863
5541,66,7,0.19370774924755096
5542,17,58,0.38122785091400146
5543,65,33,0.16291853785514832
5544,90,32,0.08276890218257904
5545,98,35,0.14812897145748138
5546,45,63,0.09189260005950928
5547,76,17,0.38663145899772644
5548,95,30,0.20471233129501343
5549,5,5,0.19384042918682098
5550,89,89,0.8497835993766785
5551,69,69,0.3009399473667145
5552,57,45,0.2725124955177307
5553,60,71,0.4026387631893158
5554,95,95,0.5032914280891418
5555,16,86,0.20311446487903595
5556,7,7,0.7731220126152039
5557,52,52,0.9148114919662476
5558,6,82,0.4737047851085663
5559,7,24,0.6301112771034241
5560,67,73,0.6059103012084961
5561,60,60,0.6268603801727295
5562,67,63,0.12909667193889618
5563,52,52,0.6693596839904785
5564,2,73,0.17437227070331573
5565,94,34,0.10410530120134354
5566,25,5,0.2366706132888794
5567,23,23,0.4251105487346649
5568,58,58,0.9370597004890442
5569,65,88,0.3096485137939453
5570,38,43,0.11780475825071335
5571,85,89,0.3311641216278076
5572,48,48,0.9980016350746155
5573,82,82,0.1860029250383377
5574,21,21,0.38980963826179504
5575,55,72,0.1431102305650711
5576,69,47,0.1316843032836914
5577,39,33,0.36232826113700867
5578,12,39,0.15746088325977325
5579,29,42,0.19074974954128265
5580,5,33,0.542212963104248
5581,17,76,0.5493971109390259
5582,87,9,0.6289052963256836
5583,78,74,0.1499401479959488
5584,70,2,0.18097884953022003
5585,30,73,0.3634754717350006
5586,87,28,0.3030395805835724
5587,94,87,0.16087935864925385
5588,75,41,0.47686877846717834
5589,44,33,0.21127860248088837
5590,73,73,0.43014296889305115
5591,67,33,0.17982439696788788
5592,62,1,0.24838989973068237
5593,41,41,0.8997147083282471
5594,1,62,0.3519264757633209
5595,16,66,0.2274870127439499
5596,85,37,0.24079231917858124
5597,80,68,0.1599552035331726
5598,29,8,0.21478280425071716
5599,44,20,0.33176058530807495
5600,69,90,0.25836631655693054
5601,26,97,0.1294994056224823
5602,46,11,0.18912175297737122
5603,20,20,0.9883113503456116
5604,7,77,0.22377701103687286
5605,93,4,0.09703667461872101
5606,63,63,0.4511960446834564
5607,53,57,0.13685855269432068
5608,40,49,0.2517183721065521
5609,37,33,0.24353782832622528
5610,33,33,0.45162346959114075
5611,76,49,0.35127195715904236
5612,48,48,0.959357738494873
5613,63,63,0.37991026043891907
5614,84,20,0.17151492834091187
5615,31,31,0.3048577606678009
5616,54,54,0.18200643360614777
5617,28,87,0.808232843875885
5618,72,33,0.10466468334197998
5619,34,48,0.22302158176898956
5620,47,59,0.26462599635124207
5621,63,63,0.17831042408943176
5622,54,92,0.4953748285770416
5623,35,98,0.5773042440414429
5624,93,86,0.07434512674808502
5625,61,22,0.17865420877933502
5626,2,43,0.12227161973714828
5627,51,51,0.29221346974372864
5628,7,7,0.18578658998012543
5629,59,47,0.38742515444755554
5630,68,68,0.959209144115448
5631,81,58,0.3072073757648468
5632,81,5,0.3618963956832886
5633,39,73,0.36794722080230713
5634,13,12,0.2043001651763916
5635,37,66,0.08719085156917572
5636,35,35,0.2159135788679123
5637,81,37,0.2124072015285492
5638,51,33,0.23109808564186096
5639,18,80,0.2330603152513504
5640,4,72,0.3086082637310028
5641,23,23,0.43667685985565186
5642,93,41,0.7350500226020813
5643,94,94,0.5355209708213806
5644,77,63,0.2675260007381439
5645,47,47,0.7855414152145386
5646,51,57,0.16469025611877441
5647,5,5,0.6034429669380188
5648,90,59,0.16158145666122437
5649,86,16,0.4377613067626953
5650,48,48,0.9235670566558838
5651,96,73,0.07043386250734329
5652,23,67,0.6331360340118408
5653,79,6,0.24543407559394836
5654,13,58,0.3350754678249359
5655,98,79,0.12871596217155457
5656,71,71,0.1839061677455902
5657,60,60,0.8825193643569946
5658,62,82,0.4375881552696228
5659,39,87,0.09493684023618698
5660,68,68,0.7381060123443604
5661,52,52,0.698131799697876
5662,14,33,0.17030876874923706
5663,21,66,0.11362600326538086
5664,15,32,0.12603424489498138
5665,77,63,0.20884785056114197
5666,94,94,0.6797909736633301
5667,73,73,0.4052305221557617
5668,70,92,0.36014118790626526
5669,59,52,0.4586987793445587
5670,55,30,0.06766252219676971
5671,76,97,0.09658150374889374
5672,72,72,0.10148978233337402
5673,3,72,0.232993021607399
5674,18,25,0.08222091943025589
5675,0,0,0.6791749000549316
5676,99,22,0.45720624923706055
5677,24,24,0.8633876442909241
5678,56,56,0.37697315216064453
5679,0,0,0.3532388210296631
5680,82,33,0.488844633102417
5681,72,4,0.1630626916885376
5682,37,43,0.0850866511464119
5683,20,20,0.8676564693450928
5684,54,54,0.42675966024398804
5685,11,11,0.3996717035770416
5686,9,9,0.16103489696979523
5687,86,61,0.44005781412124634
5688,65,65,0.4214863181114197
5689,78,50,0.1442519575357437
5690,22,46,0.21473899483680725
5691,48,48,0.45770731568336487
5692,1,1,0.2746608555316925
5693,33,72,0.11280721426010132
5694,77,63,0.17951245605945587
5695,49,49,0.25164416432380676
5696,89,9,0.16541580855846405
5697,36,5,0.1594226211309433
5698,42,7,0.22179457545280457
5699,20,20,0.2238808572292328
5700,2,41,0.38965100049972534
5701,32,32,0.056421101093292236
5702,87,21,0.1147904247045517
5703,71,71,0.6635028123855591
5704,36,36,0.1727483570575714
5705,95,91,0.27582547068595886
5706,27,27,0.2013317495584488
5707,36,36,0.07543086260557175
5708,54,65,0.2511815130710602
5709,92,7,0.2063142955303192
5710,88,66,0.12624914944171906
5711,6,6,0.40643343329429626
5712,31,29,0.45650455355644226
5713,54,54,0.3778232932090759
5714,32,65,0.18078574538230896
5715,58,58,0.7504187226295471
5716,10,0,0.2193107008934021
5717,64,72,0.2147066593170166
5718,93,72,0.24457235634326935
5719,3,94,0.4616389274597168
5720,55,91,0.317945271730423
5721,49,52,0.4013729989528656
5722,56,12,0.1995925009250641
5723,33,33,0.23923462629318237
5724,99,20,0.29852095246315
5725,62,92,0.4350818991661072
5726,34,46,0.1290382593870163
5727,53,0,0.26813632249832153
5728,17,37,0.1506996750831604
5729,93,95,0.3524637222290039
5730,66,66,0.22636009752750397
5731,0,62,0.2456415891647339
5732,58,58,0.3938339054584503
5733,4,20,0.14238905906677246
5734,37,12,0.4440741240978241
5735,1,1,0.19105005264282227
5736,58,58,0.40105774998664856
5737,66,8,0.36795562505722046
5738,58,25,0.22930698096752167
5739,88,94,0.12867820262908936
5740,39,89,0.18329063057899475
5741,40,9,0.07562754303216934
5742,82,83,0.5619677901268005
5743,68,68,0.49477922916412354
5744,4,50,0.1574937254190445
5745,55,3,0.08148365467786789
5746,65,4,0.0928083285689354
5747,72,15,0.13879039883613586
5748,13,8,0.16895340383052826
5749,17,37,0.4503277540206909
5750,30,95,0.4913593530654907
5751,67,72,0.3140052258968353
5752,50,78,0.18380627036094666
5753,1,1,0.4960070550441742
5754,59,95,0.6186254620552063
5755,73,21,0.26858872175216675
5756,58,58,0.8601268529891968
5757,90,13,0.46121105551719666
5758,56,40,0.14666514098644257
5759,44,79,0.2601650655269623
5760,16,6,0.17720814049243927
5761,32,32,0.09875474125146866
5762,15,57,0.38742318749427795
5763,90,90,0.33132264018058777
5764,99,78,0.22865325212478638
5765,56,97,0.3262251615524292
5766,40,40,0.8474085927009583
5767,63,63,0.6523151397705078
5768,22,94,0.6265075206756592
5769,2,2,0.07681454718112946
5770,14,92,0.24762757122516632
5771,72,24,0.24628019332885742
5772,76,42,0.27274906635284424
5773,73,95,0.3481132984161377
5774,2,36,0.13503286242485046
5775,79,7,0.07162047177553177
5776,5,25,0.2681489586830139
5777,39,30,0.3872112035751343
5778,12,21,0.23322318494319916
5779,43,3,0.14721328020095825
5780,91,75,0.16932445764541626
5781,97,97,0.3840896487236023
5782,80,34,0.082166388630867
5783,65,97,0.15351924300193787
5784,62,62,0.3630047142505646
5785,33,33,0.21775691211223602
5786,86,36,0.2917596101760864
5787,66,79,0.13483768701553345
5788,24,45,0.11884758621454239
5789,62,62,0.5790987014770508
5790,49,49,0.3350565433502197
5791,30,30,0.3095339238643646
5792,24,7,0.562995433807373
5793,73,58,0.6065206527709961
5794,31,31,0.3540283739566803
5795,55,95,0.2354143261909485
5796,59,59,0.829171359539032
5797,46,45,0.12398669123649597
5798,11,32,0.07314292341470718
5799,20,70,0.615825891494751
5800,83,14,0.2735399901866913
5801,80,27,0.1834046095609665
5802,38,38,0.2236950397491455
5803,30,30,0.6349287033081055
5804,93,30,0.23738348484039307
5805,65,30,0.2274772822856903
5806,41,41,0.918394923210144
5807,0,0,0.8247423768043518
5808,35,97,0.26795321702957153
5809,54,92,0.38053974509239197
5810,9,87,0.17022642493247986
5811,16,37,0.27571195363998413
5812,87,98,0.20613202452659607
5813,81,12,0.19318868219852448
5814,12,68,0.24116267263889313
5815,49,91,0.18440034985542297
5816,60,69,0.3127019703388214
5817,81,58,0.3552056550979614
5818,89,58,0.2925609052181244
5819,42,87,0.39842769503593445
5820,51,51,0.6057240962982178
5821,36,54,0.581548273563385
5822,59,56,0.4494456350803375
5823,92,56,0.4536278247833252
5824,7,92,0.5364884734153748
5825,94,94,0.5928449034690857
5826,80,9,0.24667657911777496
5827,56,59,0.37204980850219727
5828,37,37,0.17205315828323364
5829,63,65,0.20460587739944458
5830,74,27,0.11076966673135757
5831,46,31,0.2581236958503723
5832,34,38,0.07912205159664154
5833,88,11,0.10024511069059372
5834,85,58,0.4114147126674652
5835,24,91,0.2025906890630722
5836,28,10,0.27648067474365234
5837,56,56,0.8413333296775818
5838,51,88,0.2624700367450714
5839,41,41,0.9607848525047302
5840,62,83,0.20114865899085999
5841,7,24,0.26383504271507263
5842,6,45,0.2887924015522003
5843,38,97,0.0686744898557663
5844,26,43,0.1050797700881958
5845,22,22,0.1291612833738327
5846,52,37,0.29135429859161377
5847,32,26,0.17879553139209747
5848,70,1,0.21123433113098145
5849,28,28,0.8791884779930115
5850,96,96,0.3596339523792267
5851,44,73,0.17674389481544495
5852,57,5,0.07709039747714996
5853,13,13,0.7813819050788879
5854,47,47,0.7581215500831604
5855,8,48,0.25038015842437744
5856,73,72,0.10830125212669373
5857,17,17,0.6922787427902222
5858,14,1,0.33157023787498474
5859,18,33,0.13902270793914795
5860,91,30,0.16799846291542053
5861,82,32,0.2493673861026764
5862,19,88,0.11797921359539032
5863,57,83,0.3864385187625885
5864,71,60,0.9439493417739868
5865,16,16,0.6152123808860779
5866,54,54,0.6488766670227051
5867,7,7,0.17491120100021362
5868,52,52,0.5885785222053528
5869,26,12,0.2976131737232208
5870,50,63,0.12708652019500732
5871,81,86,0.4135406017303467
5872,74,33,0.13567252457141876
5873,50,33,0.2817641496658325
5874,74,4,0.12360668182373047
5875,71,71,0.32668256759643555
5876,85,85,0.9830145835876465
5877,8,8,0.12347498536109924
5878,31,31,0.16856501996517181
5879,28,9,0.40356209874153137
5880,17,17,0.24731026589870453
5881,26,62,0.18084537982940674
5882,10,40,0.5885720252990723
5883,93,86,0.13534533977508545
5884,16,22,0.1196109801530838
5885,0,0,0.40887171030044556
5886,37,52,0.43941155076026917
5887,26,26,0.8552180528640747
5888,71,71,0.3587038516998291
5889,34,34,0.08762402832508087
5890,50,26,0.14284583926200867
5891,99,99,0.29002925753593445
5892,44,27,0.32040247321128845
5893,58,58,0.6129425764083862
5894,16,28,0.17976729571819305
5895,8,72,0.14457686245441437
5896,34,1,0.3545193374156952
5897,35,14,0.19423924386501312
5898,86,94,0.33090198040008545
5899,41,41,0.4628151059150696
5900,0,83,0.4331499934196472
5901,19,7,0.22680890560150146
5902,44,27,0.1948212832212448
5903,46,65,0.12300046533346176
5904,6,6,0.250166118144989
5905,42,42,0.266213595867157
5906,62,0,0.38723960518836975
5907,73,73,0.3023495674133301
5908,31,21,0.24671824276447296
5909,73,95,0.3384879529476166
5910,62,1,0.1748708337545395
5911,97,65,0.18188467621803284
5912,97,97,0.2860354781150818
5913,0,0,0.9242374897003174
5914,57,57,0.5505208969116211
5915,19,4,0.09868769347667694
5916,46,80,0.1126335859298706
5917,53,45,0.12231318652629852
5918,69,12,0.1601366549730301
5919,47,47,0.47700658440589905
5920,13,13,0.4550411105155945
5921,84,84,0.17718687653541565
5922,67,1,0.17214588820934296
5923,43,14,0.16671888530254364
5924,80,74,0.11694555729627609
5925,59,52,0.4577799141407013
5926,20,20,0.35458916425704956
5927,76,71,0.16040591895580292
5928,65,97,0.1497126966714859
5929,79,7,0.3112509250640869
5930,99,61,0.5525103807449341
5931,62,92,0.6647317409515381
5932,58,5,0.2904045283794403
5933,55,94,0.07477244734764099
5934,26,93,0.13354231417179108
5935,1,1,0.14361818134784698
5936,46,13,0.287138968706131
5937,90,32,0.09028835594654083
5938,66,65,0.1275259405374527
5939,69,64,0.09562169760465622
5940,39,58,0.28271687030792236
5941,71,60,0.4123096168041229
5942,88,79,0.0875118300318718
5943,6,47,0.25630074739456177
5944,51,19,0.1450248658657074
5945,34,34,0.6615820527076721
5946,31,19,0.2344009429216385
5947,80,88,0.09038914740085602
5948,67,1,0.09842221438884735
5949,78,66,0.1830124706029892
5950,84,13,0.2866762578487396
5951,23,23,0.463614284992218
5952,23,71,0.2551776170730591
5953,68,68,0.8545132875442505
5954,74,55,0.25268861651420593
5955,78,90,0.1633121520280838
5956,78,89,0.22543591260910034
5957,86,89,0.2021285444498062
5958,1,34,0.14566001296043396
5959,61,61,0.4788082242012024
5960,2,97,0.07775580883026123
5961,72,95,0.2470981925725937
5962,32,58,0.10433906316757202
5963,64,5,0.19934824109077454
5964,43,43,0.1605759859085083
5965,60,60,0.835462212562561
5966,27,91,0.0978955402970314
5967,62,64,0.1386200189590454
5968,91,91,0.5060868859291077
5969,81,5,0.22802060842514038
5970,64,97,0.2753249406814575
5971,35,11,0.38638949394226074
5972,32,41,0.19735018908977509
5973,91,91,0.11029482632875443
5974,85,85,0.3949105143547058
5975,70,92,0.4776884615421295
5976,28,69,0.13632561266422272
5977,59,47,0.1017688512802124
5978,22,61,0.5516105890274048
5979,43,50,0.11491445451974869
5980,35,46,0.30739134550094604
5981,9,80,0.1295652836561203
5982,74,63,0.39023566246032715
5983,84,20,0.917612612247467
5984,72,46,0.22549007833003998
5985,81,12,0.5347790718078613
5986,95,95,0.3807023763656616
5987,16,36,0.12309166043996811
5988,25,16,0.44407251477241516
5989,12,30,0.6520616412162781
5990,24,24,0.3818250894546509
5991,61,61,0.7583709359169006
5992,50,24,0.18472139537334442
5993,9,83,0.18961407244205475
5994,8,26,0.2794710397720337
5995,20,20,0.8809803128242493
5996,11,81,0.2548738718032837
5997,49,17,0.35919272899627686
5998,0,70,0.5147591233253479
5999,55,63,0.1295476257801056
6000,31,65,0.19219158589839935
6001,18,18,0.3163747489452362
6002,35,16,0.17667174339294434
6003,23,23,0.2883409559726715
6004,47,47,0.3832084834575653
6005,47,59,0.10400045663118362
6006,30,30,0.32690051198005676
6007,88,88,0.1630992293357849
6008,32,94,0.5608660578727722
6009,40,95,0.25344032049179077
6010,97,39,0.19666896760463715
6011,17,17,0.9037413597106934
6012,81,63,0.22525125741958618
6013,76,73,0.2741924524307251
6014,62,32,0.16633328795433044
6015,39,39,0.3470691740512848
6016,72,95,0.6116440892219543
6017,95,12,0.3171933591365814
6018,9,9,0.2011164426803589
6019,30,67,0.21327067911624908
6020,86,82,0.6609523296356201
6021,98,2,0.2859036922454834
6022,48,48,0.4171137809753418
6023,11,2,0.32183128595352173
6024,88,27,0.10164312273263931
6025,9,40,0.29434043169021606
6026,88,88,0.3623599112033844
6027,21,27,0.11946922540664673
6028,36,22,0.314364492893219
6029,55,72,0.15424500405788422
6030,82,82,0.5049068927764893
6031,40,23,0.3219757080078125
6032,47,47,0.9326962828636169
6033,10,10,0.2787587344646454
6034,61,16,0.06274786591529846
6035,92,57,0.2569007873535156
6036,93,93,0.285296767950058
6037,15,32,0.30761855840682983
6038,54,70,0.4192834794521332
6039,88,7,0.141672745347023
6040,33,33,0.21261091530323029
6041,35,86,0.23417112231254578
6042,39,18,0.19075234234333038
6043,70,54,0.3151087462902069
6044,15,18,0.09068553149700165
6045,36,36,0.10584817826747894
6046,94,94,0.8524570465087891
6047,70,83,0.45880889892578125
6048,96,52,0.2529911994934082
6049,70,92,0.49845167994499207
6050,92,92,0.3791446089744568
6051,16,20,0.10191220790147781
6052,3,31,0.2291422188282013
6053,86,17,0.5617648959159851
6054,71,30,0.07162293791770935
6055,42,97,0.16830986738204956
6056,99,86,0.21259590983390808
6057,16,16,0.8567087054252625
6058,46,21,0.18151018023490906
6059,28,28,0.6017858982086182
6060,98,98,0.36091217398643494
6061,42,45,0.28190794587135315
6062,17,52,0.22339096665382385
6063,89,89,0.7802616953849792
6064,14,75,0.6859814524650574
6065,57,24,0.40361541509628296
6066,81,12,0.3351404070854187
6067,74,42,0.2131061851978302
6068,4,39,0.0917641744017601
6069,10,87,0.5400457382202148
6070,81,12,0.3300343155860901
6071,40,28,0.276317834854126
6072,49,39,0.1480887085199356
6073,29,20,0.4299524128437042
6074,87,55,0.09340567141771317
6075,58,58,0.5689061880111694
6076,36,36,0.21107780933380127
6077,65,72,0.16978038847446442
6078,83,82,0.34110763669013977
6079,10,61,0.5411056876182556
6080,34,37,0.15306347608566284
6081,12,12,0.28410857915878296
6082,5,94,0.13642771542072296
6083,17,17,0.9041072130203247
6084,29,29,0.5858808755874634
6085,80,21,0.26213860511779785
6086,80,80,0.14445760846138
6087,6,29,0.2573898136615753
6088,65,65,0.21739667654037476
6089,9,9,0.9020789265632629
6090,55,3,0.1108165979385376
6091,38,50,0.10761988162994385
6092,88,63,0.17745208740234375
6093,28,28,0.21422947943210602
6094,43,43,0.10957436263561249
6095,57,94,0.15726126730442047
6096,50,35,0.14577235281467438
6097,99,80,0.13394051790237427
6098,20,20,0.5066882371902466
6099,0,0,0.30339527130126953
6100,32,32,0.3161528706550598
6101,90,81,0.14672614634037018
6102,70,62,0.42980438470840454
6103,14,26,0.10532869398593903
6104,31,21,0.22805581986904144
6105,88,80,0.0877738669514656
6106,56,56,0.5051107406616211
6107,23,23,0.37503939867019653
6108,71,71,0.8225692510604858
6109,4,4,0.1283639520406723
6110,11,9,0.3539315164089203
6111,4,39,0.08020652085542679
6112,39,39,0.09616345167160034
6113,66,63,0.09667443484067917
6114,96,60,0.4957883059978485
6115,63,63,0.15469017624855042
6116,13,37,0.4532383978366852
6117,39,58,0.4369000792503357
6118,27,58,0.093602754175663
6119,31,29,0.24608665704727173
6120,84,84,0.12085265666246414
6121,7,24,0.27179622650146484
6122,37,97,0.3411931097507477
6123,18,33,0.1228032112121582
6124,43,43,0.13635016977787018
6125,96,96,0.27847039699554443
6126,2,2,0.15195594727993011
6127,6,63,0.1378650814294815
6128,59,9,0.3658750057220459
6129,78,95,0.1224713996052742
6130,19,52,0.726930558681488
6131,39,56,0.20450973510742188
6132,97,64,0.15339834988117218
6133,6,6,0.4442545771598816
6134,39,91,0.4633408784866333
6135,77,64,0.09157771617174149
6136,74,4,0.1523682326078415
6137,52,52,0.7870021462440491
6138,5,92,0.24340520799160004
6139,61,36,0.21673187613487244
6140,21,63,0.1236129030585289
6141,20,20,0.22631341218948364
6142,50,59,0.1606353223323822
6143,65,63,0.1151810958981514
6144,48,48,0.22856463491916656
6145,39,92,0.0841105654835701
6146,14,20,0.0861615538597107
6147,74,63,0.11034511774778366
6148,36,98,0.09253339469432831
6149,12,12,0.5534039735794067
6150,93,73,0.5915013551712036
6151,43,3,0.1677623838186264
6152,51,88,0.1527368277311325
6153,79,21,0.09516029804944992
6154,78,66,0.16671617329120636
6155,6,82,0.8259328603744507
6156,4,4,0.12721873819828033
6157,36,33,0.14542238414287567
6158,32,32,0.16842055320739746
6159,25,96,0.11190978437662125
6160,97,97,0.3887489438056946
6161,94,87,0.2628841698169708
6162,34,53,0.12271729856729507
6163,34,34,0.2556879222393036
6164,59,56,0.38557130098342896
6165,22,22,0.5671373009681702
6166,16,53,0.315324604511261
6167,70,70,0.2614154815673828
6168,9,83,0.2499714493751526
6169,25,0,0.4063543975353241
6170,77,99,0.14653263986110687
6171,74,50,0.1390620470046997
6172,17,17,0.44365113973617554
6173,28,95,0.3077668249607086
6174,47,47,0.8295926451683044
6175,43,84,0.06835709512233734
6176,13,72,0.20093093812465668
6177,50,6,0.08298852294683456
6178,97,1,0.1550074964761734
6179,49,49,0.6268360018730164
6180,78,94,0.11586301028728485
6181,68,27,0.0695672482252121
6182,99,95,0.5499147772789001
6183,52,32,0.10271786153316498
6184,28,28,0.29578959941864014
6185,80,95,0.42995038628578186
6186,43,14,0.4904540777206421
6187,23,46,0.12599071860313416
6188,23,23,0.2995869517326355
6189,55,23,0.23499257862567902
6190,74,63,0.20660240948200226
6191,87,87,0.7574005722999573
6192,50,11,0.0998142808675766
6193,5,66,0.08628404140472412
6194,51,72,0.18535540997982025
6195,63,21,0.1890176683664322
6196,2,70,0.09765753149986267
6197,57,57,0.12313584983348846
6198,99,16,0.2901127338409424
6199,53,53,0.7117640376091003
6200,85,89,0.1493408977985382
6201,74,26,0.16910764575004578
6202,72,30,0.39118772745132446
6203,75,65,0.0688876211643219
6204,94,42,0.11151431500911713
6205,95,95,0.4941600561141968
6206,40,67,0.11994530260562897
6207,33,33,0.14050185680389404
6208,49,17,0.26522475481033325
6209,64,75,0.5201668739318848
6210,8,39,0.3192078769207001
6211,37,68,0.20103487372398376
6212,0,24,0.19666749238967896
6213,86,81,0.25737929344177246
6214,9,40,0.4368540942668915
6215,51,63,0.10402919352054596
6216,40,76,0.1313609927892685
6217,9,9,0.6788047552108765
6218,39,39,0.5197991728782654
6219,70,0,0.2441246062517166
6220,96,52,0.5409889221191406
6221,44,82,0.2961463928222656
6222,62,62,0.7179762125015259
6223,32,17,0.1627408117055893
6224,61,88,0.22675935924053192
6225,35,98,0.21782991290092468
6226,8,8,0.282191663980484
6227,2,20,0.23302577435970306
6228,66,89,0.42929133772850037
6229,66,21,0.257567822933197
6230,46,84,0.2048662006855011
6231,73,99,0.27958542108535767
6232,56,56,0.1604486107826233
6233,20,20,0.9576112031936646
6234,95,95,0.7042327523231506
6235,68,68,0.8754971027374268
6236,52,47,0.31088078022003174
6237,94,94,0.5362337231636047
6238,22,22,0.7530391216278076
6239,9,9,0.46783921122550964
6240,23,67,0.2876960039138794
6241,11,70,0.3971497714519501
6242,55,4,0.3402383327484131
6243,44,7,0.0931960940361023
6244,47,7,0.19444185495376587
6245,20,20,0.978168785572052
6246,17,93,0.18143503367900848
6247,11,36,0.16120512783527374
6248,73,95,0.2874831557273865
6249,96,47,0.6677353978157043
6250,60,60,0.5326915383338928
6251,28,28,0.7807966470718384
6252,10,36,0.4643333852291107
6253,0,0,0.6132279634475708
6254,10,0,0.2686753571033478
6255,31,85,0.14785316586494446
6256,44,35,0.12457291036844254
6257,29,29,0.7562497854232788
6258,24,24,0.3085770010948181
6259,23,71,0.7469621300697327
6260,52,17,0.485917866230011
6261,60,60,0.3257603943347931
6262,81,32,0.24645304679870605
6263,57,0,0.3121999204158783
6264,52,52,0.6395965218544006
6265,87,87,0.19638191163539886
6266,27,37,0.14970865845680237
6267,22,22,0.1411602795124054
6268,83,54,0.3544712960720062
6269,22,91,0.10881312191486359
6270,40,98,0.14030912518501282
6271,56,56,0.2097550332546234
6272,1,62,0.08446212857961655
6273,45,92,0.45020145177841187
6274,29,30,0.21405243873596191
6275,60,60,0.6768277883529663
6276,65,63,0.09733213484287262
6277,7,7,0.3968088924884796
6278,88,34,0.13426509499549866
6279,48,48,0.3154357671737671
6280,8,36,0.0840214267373085
6281,29,91,0.2832840085029602
6282,18,6,0.17210884392261505
6283,71,68,0.3538535237312317
6284,80,43,0.0789623036980629
6285,55,30,0.18205954134464264
6286,80,38,0.1041048914194107
6287,73,67,0.459469199180603
6288,27,27,0.1026710569858551
6289,5,5,0.5369473695755005
6290,69,15,0.12010866403579712
6291,46,46,0.382818341255188
6292,64,88,0.12593376636505127
6293,42,59,0.17310824990272522
6294,90,90,0.27077940106391907
6295,52,52,0.3850966691970825
6296,1,1,0.39217880368232727
6297,39,39,0.8356276154518127
6298,39,53,0.11497645080089569
6299,86,94,0.7471579909324646
6300,75,38,0.1545533835887909
6301,2,98,0.23675137758255005
6302,36,2,0.14916513860225677
6303,13,97,0.31741878390312195
6304,57,5,0.1313386708498001
6305,30,30,0.13971805572509766
6306,74,38,0.1503906399011612
6307,85,41,0.20174244046211243
6308,33,33,0.6363462805747986
6309,6,7,0.15581819415092468
6310,3,65,0.1974612921476364
6311,72,72,0.2192476987838745
6312,54,54,0.16293556988239288
6313,47,83,0.4816111624240875
6314,91,73,0.15888331830501556
6315,71,71,0.6603908538818359
6316,7,68,0.22689560055732727
6317,98,45,0.10231216251850128
6318,69,95,0.26353996992111206
6319,56,52,0.36532339453697205
6320,14,19,0.17363828420639038
6321,50,15,0.13253428041934967
6322,37,37,0.9339211583137512
6323,40,87,0.7104489207267761
6324,97,5,0.07456183433532715
6325,72,38,0.0824093297123909
6326,88,50,0.09760046750307083
6327,10,25,0.2987511456012726
6328,75,28,0.15780788660049438
6329,83,0,0.39829888939857483
6330,74,64,0.1800031214952469
6331,66,75,0.38909536600112915
6332,52,52,0.7231627702713013
6333,52,52,0.4998300075531006
6334,86,94,0.4521750211715698
6335,66,63,0.09542392194271088
6336,24,24,0.5469565391540527
6337,69,69,0.5381035804748535
6338,41,41,0.4382982552051544
6339,13,39,0.2812805473804474
6340,39,49,0.21352851390838623
6341,5,68,0.5724123120307922
6342,61,61,0.5872756838798523
6343,48,48,0.588034451007843
6344,44,8,0.44837358593940735
6345,23,23,0.40557610988616943
6346,38,38,0.12419340759515762
6347,44,98,0.19745060801506042
6348,64,78,0.12244469672441483
6349,30,95,0.8257315158843994
6350,2,2,0.1240416169166565
6351,54,54,0.26619642972946167
6352,12,60,0.7534390687942505
6353,21,21,0.6892881989479065
6354,56,49,0.11438591033220291
6355,72,30,0.1253351867198944
6356,93,65,0.26020583510398865
6357,46,64,0.20510149002075195
6358,73,73,0.6478699445724487
6359,47,47,0.31220126152038574
6360,89,48,0.9039549827575684
6361,24,24,0.32623645663261414
6362,52,59,0.6135742664337158
6363,75,21,0.5745514631271362
6364,20,20,0.4487833082675934
6365,67,8,0.12869638204574585
6366,92,62,0.43145087361335754
6367,96,47,0.6719028949737549
6368,5,41,0.14363126456737518
6369,63,63,0.5052538514137268
6370,39,22,0.20504456758499146
6371,67,5,0.17664361000061035
6372,45,42,0.10975462198257446
6373,67,72,0.15975700318813324
6374,2,94,0.25810226798057556
6375,79,18,0.2177957445383072
6376,76,8,0.4922298789024353
6377,27,85,0.25973421335220337
6378,81,81,0.3920985758304596
6379,89,68,0.1767803430557251
6380,83,83,0.6421029567718506
6381,60,54,0.45860177278518677
6382,48,48,0.22237488627433777
6383,2,1,0.15941430628299713
6384,2,25,0.1997857242822647
6385,30,73,0.3543982207775116
6386,2,69,0.34754976630210876
6387,21,4,0.3443789482116699
6388,82,82,0.6696010231971741
6389,90,79,0.1598166972398758
6390,94,94,0.2492646872997284
6391,74,63,0.12328099459409714
6392,71,68,0.2758689224720001
6393,75,75,0.2743358016014099
6394,79,24,0.17165407538414001
6395,42,42,0.1160583421587944
6396,75,41,0.31322479248046875
6397,14,41,0.3620884120464325
6398,89,89,0.30439579486846924
6399,50,63,0.14022782444953918
6400,83,92,0.2515079379081726
6401,42,33,0.09006807953119278
6402,67,67,0.27147266268730164
6403,81,81,0.1493917852640152
6404,73,67,0.5489152073860168
6405,52,52,0.354224294424057
6406,17,17,0.552105188369751
6407,76,12,0.1523885726928711
6408,5,36,0.21421359479427338
6409,42,64,0.16235476732254028
6410,68,72,0.2521100342273712
6411,13,39,0.26096346974372864
6412,37,37,0.5831990242004395
6413,94,94,0.6406504511833191
6414,92,70,0.46340689063072205
6415,0,0,0.4366961419582367
6416,48,58,0.28519657254219055
6417,15,77,0.11600378900766373
6418,15,93,0.1294962763786316
6419,39,39,0.2605110704898834
6420,40,96,0.36502671241760254
6421,82,60,0.3349106013774872
6422,31,31,0.21454760432243347
6423,94,94,0.3134962320327759
6424,99,78,0.3284899592399597
6425,68,68,0.9308742880821228
6426,52,59,0.25637176632881165
6427,19,19,0.2583560049533844
6428,4,26,0.11099907010793686
6429,54,79,0.3119286596775055
6430,89,17,0.16539622843265533
6431,40,5,0.1967148333787918
6432,27,58,0.2433953732252121
6433,97,97,0.16877418756484985
6434,14,19,0.5159559845924377
6435,93,93,0.24798090755939484
6436,66,65,0.2194911539554596
6437,74,55,0.1089654415845871
6438,26,7,0.32914409041404724
6439,36,80,0.10368918627500534
6440,9,9,0.34191131591796875
6441,66,35,0.07599145919084549
6442,44,44,0.19026371836662292
6443,59,42,0.12238984555006027
6444,33,33,0.3324524164199829
6445,79,79,0.1545896977186203
6446,63,63,0.2850813567638397
6447,97,97,0.11403791606426239
6448,43,83,0.15960881114006042
6449,48,37,0.40390321612358093
6450,78,20,0.07700546085834503
6451,25,91,0.524478018283844
6452,32,83,0.4308025538921356
6453,18,6,0.19398827850818634
6454,40,69,0.4873339533805847
6455,44,8,0.21308191120624542
6456,80,38,0.2428147941827774
6457,16,16,0.20302128791809082
6458,45,32,0.26582232117652893
6459,45,91,0.13356928527355194
6460,12,12,0.28279346227645874
6461,99,67,0.16320721805095673
6462,18,56,0.4086070656776428
6463,6,6,0.3630744516849518
6464,41,58,0.29103532433509827
6465,46,32,0.23675087094306946
6466,69,73,0.2563250958919525
6467,18,77,0.146947979927063
6468,44,65,0.12851344048976898
6469,34,97,0.19830405712127686
6470,32,32,0.5161411166191101
6471,30,30,0.3441087305545807
6472,9,69,0.1837872415781021
6473,72,58,0.32340478897094727
6474,85,85,0.20994864404201508
6475,15,17,0.18840272724628448
6476,92,62,0.4750436246395111
6477,5,5,0.57862788438797
6478,71,49,0.4094582200050354
6479,52,52,0.7643290758132935
6480,56,52,0.3285302519798279
6481,88,88,0.425243616104126
6482,22,22,0.856911301612854
6483,64,43,0.13012796640396118
6484,31,17,0.1563483029603958
6485,63,86,0.20781268179416656
6486,14,26,0.08615116775035858
6487,56,13,0.20011775195598602
6488,99,21,0.5132573843002319
6489,72,95,0.6279975771903992
6490,22,22,0.8817765116691589
6491,20,20,0.915724515914917
6492,67,33,0.06798316538333893
6493,57,86,0.2643708288669586
6494,93,75,0.13599993288516998
6495,29,29,0.32272621989250183
6496,72,72,0.20430615544319153
6497,91,91,0.9552651047706604
6498,64,33,0.12136724591255188
6499,36,50,0.10627578943967819
6500,22,22,0.532396674156189
6501,49,27,0.5068089962005615
6502,26,36,0.1162993386387825
6503,84,45,0.12530197203159332
6504,47,52,0.2825765311717987
6505,34,53,0.3446483314037323
6506,85,85,0.710291862487793
6507,9,9,0.12850601971149445
6508,22,33,0.4438277781009674
6509,29,93,0.16440871357917786
6510,39,30,0.20115473866462708
6511,32,3,0.2212110459804535
6512,94,94,0.49117472767829895
6513,93,94,0.21725496649742126
6514,25,74,0.05675243213772774
6515,18,4,0.12995611131191254
6516,53,53,0.7527934908866882
6517,12,5,0.3699069619178772
6518,27,77,0.11916429549455643
6519,10,57,0.3539302349090576
6520,99,92,0.25916722416877747
6521,88,66,0.0848156064748764
6522,16,12,0.09760168939828873
6523,91,67,0.1622653603553772
6524,78,24,0.2307904064655304
6525,7,24,0.4408576190471649
6526,72,30,0.0886487364768982
6527,12,8,0.2582176923751831
6528,97,32,0.16473478078842163
6529,37,5,0.25010859966278076
6530,86,23,0.2985358238220215
6531,87,1,0.2755362391471863
6532,57,45,0.11027022451162338
6533,36,99,0.17905274033546448
6534,35,11,0.1310967653989792
6535,44,44,0.1638360321521759
6536,57,57,0.1639111489057541
6537,27,25,0.1886318176984787
6538,31,75,0.18892182409763336
6539,3,98,0.12133479118347168
6540,26,78,0.12440260499715805
6541,7,24,0.3745681941509247
6542,96,18,0.1692081093788147
6543,39,72,0.08617652207612991
6544,43,4,0.09881488233804703
6545,34,8,0.5120976567268372
6546,89,72,0.1629960685968399
6547,48,48,0.486831933259964
6548,56,56,0.3738832473754883
6549,18,50,0.11626449227333069
6550,45,83,0.37417569756507874
6551,92,83,0.3072863817214966
6552,97,63,0.1258343756198883
6553,8,8,0.5670080184936523
6554,18,33,0.2826460599899292
6555,66,64,0.22908763587474823
6556,81,75,0.30234307050704956
6557,37,30,0.24477343261241913
6558,51,38,0.21067224442958832
6559,10,28,0.24672521650791168
6560,77,34,0.12081071734428406
6561,97,33,0.06563583761453629
6562,33,33,0.6026372909545898
6563,60,60,0.2735748589038849
6564,43,43,0.16786468029022217
6565,10,33,0.40398433804512024
6566,50,42,0.473769873380661
6567,31,31,0.6153204441070557
6568,84,5,0.3139357566833496
6569,49,68,0.3317752778530121
6570,78,13,0.26398593187332153
6571,24,24,0.6646429896354675
6572,68,68,0.8636714816093445
6573,98,4,0.17499403655529022
6574,58,58,0.9163783192634583
6575,51,51,0.19924576580524445
6576,93,65,0.14450447261333466
6577,36,81,0.12331193685531616
6578,74,18,0.12250511348247528
6579,78,75,0.1806887835264206
6580,55,59,0.485253244638443
6581,50,16,0.13717615604400635
6582,25,17,0.24046801030635834
6583,65,69,0.08893581479787827
6584,86,48,0.1684720665216446
6585,35,36,0.4824885129928589
6586,33,49,0.15515004098415375
6587,92,51,0.1152358278632164
6588,37,18,0.151312917470932
6589,71,95,0.13084082305431366
6590,61,91,0.2361385077238083
6591,5,91,0.3078760802745819
6592,79,96,0.46537497639656067
6593,71,1,0.1920173317193985
6594,20,20,0.9248810410499573
6595,59,93,0.07127268612384796
6596,67,67,0.2664000988006592
6597,28,28,0.4123006761074066
6598,76,76,0.6316301822662354
6599,31,43,0.20856931805610657
6600,50,85,0.33191895484924316
6601,62,83,0.4753619134426117
6602,9,28,0.17098385095596313
6603,4,87,0.19815969467163086
6604,54,54,0.21771973371505737
6605,38,38,0.34859150648117065
6606,11,4,0.0767083615064621
6607,59,52,0.5068017840385437
6608,84,5,0.6369368433952332
6609,63,4,0.14605337381362915
6610,66,50,0.10314420610666275
6611,35,2,0.16641820967197418
6612,52,52,0.9526139497756958
6613,73,73,0.3572663366794586
6614,87,87,0.9100797176361084
6615,62,6,0.37092676758766174
6616,15,98,0.2404697686433792
6617,11,46,0.18486709892749786
6618,59,39,0.16478706896305084
6619,20,20,0.8160380125045776
6620,47,47,0.5554431080818176
6621,96,60,0.8039714694023132
6622,26,4,0.12607593834400177
6623,36,5,0.18041805922985077
6624,35,35,0.22232894599437714
6625,77,18,0.3314489424228668
6626,38,27,0.21269512176513672
6627,24,7,0.3333410918712616
6628,2,0,0.41158783435821533
6629,17,15,0.3623932898044586
6630,36,61,0.20049884915351868
6631,80,5,0.1565915048122406
6632,74,67,0.11060141772031784
6633,41,41,0.892756998538971
6634,32,83,0.39758411049842834
6635,23,71,0.3605828583240509
6636,76,72,0.37224143743515015
6637,44,24,0.13515424728393555
6638,91,30,0.3006148338317871
6639,21,21,0.1969446837902069
6640,81,90,0.2478562295436859
6641,53,82,0.7110970616340637
6642,55,95,0.4845862090587616
6643,47,47,0.48467665910720825
6644,79,37,0.1158018484711647
6645,19,58,0.36053335666656494
6646,31,41,0.1477106511592865
6647,82,82,0.8951985836029053
6648,64,36,0.17607910931110382
6649,3,12,0.09380877763032913
6650,49,49,0.33824431896209717
6651,35,36,0.0935647264122963
6652,97,97,0.16092534363269806
6653,58,58,0.2064463049173355
6654,43,43,0.4146973788738251
6655,20,20,0.9890688061714172
6656,86,86,0.2271755039691925
6657,22,13,0.21519313752651215
6658,32,32,0.1654500514268875
6659,18,91,0.40156617760658264
6660,53,53,0.7080872058868408
6661,60,60,0.4330612123012543
6662,36,36,0.1882035881280899
6663,83,83,0.40709781646728516
6664,18,77,0.1541558802127838
6665,32,32,0.4373636543750763
6666,66,75,0.1350511610507965
6667,99,45,0.38237252831459045
6668,51,14,0.17942111194133759
6669,35,24,0.4002046585083008
6670,69,69,0.7156984210014343
6671,28,23,0.08572247624397278
6672,11,46,0.14572028815746307
6673,22,22,0.14587873220443726
6674,49,49,0.5730516314506531
6675,21,3,0.2579350769519806
6676,93,22,0.24589452147483826
6677,1,1,0.5752813220024109
6678,55,21,0.210575670003891
6679,51,88,0.517149806022644
6680,55,68,0.5008898377418518
6681,51,97,0.0820888876914978
6682,67,68,0.11987145245075226
6683,92,54,0.2994627356529236
6684,76,76,0.6455880403518677
6685,52,96,0.16912904381752014
6686,31,43,0.0901511162519455
6687,82,82,0.8177987337112427
6688,75,75,0.43365564942359924
6689,61,61,0.9854250550270081
6690,55,72,0.11813408881425858
6691,90,17,0.24401752650737762
6692,78,88,0.3230530917644501
6693,34,50,0.10221859067678452
6694,87,76,0.3811493515968323
6695,39,29,0.12404334545135498
6696,85,85,0.45651498436927795
6697,70,70,0.11856909841299057
6698,2,2,0.18557606637477875
6699,14,72,0.27374473214149475
6700,45,45,0.12967130541801453
6701,1,26,0.14131046831607819
6702,95,95,0.41872623562812805
6703,90,16,0.07143782079219818
6704,64,64,0.1017506942152977
6705,55,33,0.1565452516078949
6706,12,25,0.3048740029335022
6707,91,23,0.22134050726890564
6708,47,47,0.37980276346206665
6709,2,39,0.4091811776161194
6710,99,61,0.13799576461315155
6711,79,45,0.11992841958999634
6712,13,98,0.19699440896511078
6713,8,88,0.2722681164741516
6714,84,68,0.7963366508483887
6715,27,25,0.08590992540121078
6716,11,91,0.2718963325023651
6717,71,71,0.5405522584915161
6718,21,21,0.4201031029224396
6719,28,9,0.22100141644477844
6720,8,1,0.11025556921958923
6721,55,65,0.2944263517856598
6722,67,55,0.0899098590016365
6723,75,75,0.19649583101272583
6724,40,40,0.8401471376419067
6725,17,37,0.6522161960601807
6726,4,42,0.19820618629455566
6727,95,95,0.6860210299491882
6728,63,93,0.12604758143424988
6729,51,51,0.3411809504032135
6730,48,48,0.9288798570632935
6731,65,77,0.20792511105537415
6732,6,88,0.21228261291980743
6733,39,88,0.3282749056816101
6734,39,5,0.4348171055316925
6735,42,43,0.19034381210803986
6736,49,95,0.2085583508014679
6737,14,14,0.9180244207382202
6738,83,14,0.332849383354187
6739,23,23,0.28523513674736023
6740,78,45,0.11031784862279892
6741,47,47,0.812798023223877
6742,81,13,0.24806737899780273
6743,41,58,0.37217429280281067
6744,76,76,0.26176324486732483
6745,99,84,0.08736210316419601
6746,97,97,0.13955843448638916
6747,24,79,0.19536049664020538
6748,24,69,0.23305729031562805
6749,76,95,0.22278286516666412
6750,57,57,0.40934208035469055
6751,80,97,0.08927061408758163
6752,16,63,0.10177075117826462
6753,44,91,0.15945155918598175
6754,54,70,0.43441709876060486
6755,92,62,0.36001259088516235
6756,30,73,0.5583776831626892
6757,4,33,0.10127554833889008
6758,2,50,0.1757451891899109
6759,1,39,0.2573936879634857
6760,39,8,0.23883084952831268
6761,98,32,0.08028635382652283
6762,90,17,0.3837191164493561
6763,74,78,0.06386852264404297
6764,81,48,0.12058842182159424
6765,74,97,0.13194486498832703
6766,64,63,0.187846839427948
6767,42,42,0.08273275196552277
6768,59,52,0.8242006897926331
6769,69,69,0.5004803538322449
6770,67,36,0.12509781122207642
6771,66,21,0.4025610387325287
6772,10,87,0.16338050365447998
6773,52,52,0.981859028339386
6774,22,61,0.11481668800115585
6775,11,11,0.32925909757614136
6776,69,39,0.09841721504926682
6777,39,8,0.18908008933067322
6778,15,32,0.4461171329021454
6779,77,7,0.08382819592952728
6780,36,43,0.24049146473407745
6781,23,23,0.2601477801799774
6782,41,41,0.9990172386169434
6783,94,94,0.6732090711593628
6784,45,45,0.2262764871120453
6785,17,37,0.42787808179855347
6786,14,1,0.8888546228408813
6787,62,54,0.33678150177001953
6788,9,97,0.24884898960590363
6789,4,43,0.17905600368976593
6790,37,37,0.5252106785774231
6791,13,12,0.3578084707260132
6792,77,51,0.136457622051239
6793,69,69,0.9328252077102661
6794,72,32,0.13953298330307007
6795,22,61,0.3719579577445984
6796,75,75,0.958995521068573
6797,45,20,0.5174328684806824
6798,3,23,0.2547268271446228
6799,8,48,0.6891781687736511
6800,24,45,0.1285562813282013
6801,28,99,0.15351441502571106
6802,4,4,0.15559381246566772
6803,57,55,0.08150614798069
6804,10,93,0.0746021568775177
6805,2,97,0.2562938630580902
6806,0,0,0.36987927556037903
6807,89,26,0.08403743803501129
6808,7,7,0.364187628030777
6809,94,94,0.6660146117210388
6810,68,68,0.17547528445720673
6811,66,66,0.24835483729839325
6812,17,12,0.24457783997058868
6813,5,4,0.12290734052658081
6814,90,58,0.16377976536750793
6815,77,77,0.1695655882358551
6816,34,80,0.1840202808380127
6817,77,75,0.1656290590763092
6818,26,26,0.08651689440011978
6819,35,36,0.19751155376434326
6820,52,52,0.8850560188293457
6821,70,62,0.5130981802940369
6822,29,48,0.43446046113967896
6823,94,94,0.6287593245506287
6824,37,97,0.3564954400062561
6825,83,57,0.256531685590744
6826,40,24,0.17751523852348328
6827,0,0,0.49569177627563477
6828,92,14,0.21179424226284027
6829,96,52,0.8742735385894775
6830,4,72,0.09421724826097488
6831,78,26,0.3938864767551422
6832,80,50,0.10230287909507751
6833,6,54,0.2493954598903656
6834,85,3,0.09437569975852966
6835,59,59,0.30964788794517517
6836,96,96,0.4171663820743561
6837,8,13,0.19516438245773315
6838,70,93,0.3612416386604309
6839,62,62,0.8738437294960022
6840,25,71,0.3633781373500824
6841,22,50,0.1803770363330841
6842,1,92,0.11381889134645462
6843,82,6,0.09994779527187347
6844,93,98,0.190773606300354
6845,82,82,0.4475556015968323
6846,96,52,0.6098904609680176
6847,70,83,0.27722999453544617
6848,8,8,0.24291959404945374
6849,19,89,0.09582749009132385
6850,67,93,0.3164713680744171
6851,4,24,0.2566744089126587
6852,86,64,0.25992512702941895
6853,19,74,0.24877698719501495
6854,17,12,0.1280815452337265
6855,32,63,0.21569880843162537
6856,38,66,0.3620530068874359
6857,57,41,0.524359941482544
6858,84,85,0.36700043082237244
6859,10,83,0.34463152289390564
6860,40,20,0.32890719175338745
6861,12,25,0.2535008490085602
6862,33,33,0.5879720449447632
6863,94,5,0.29357650876045227
6864,68,68,0.5595678091049194
6865,8,37,0.10614573955535889
6866,89,89,0.21081314980983734
6867,69,69,0.7327595353126526
6868,95,93,0.32639366388320923
6869,43,43,0.1268242597579956
6870,60,60,0.6477616429328918
6871,11,75,0.30294549465179443
6872,0,45,0.10851380228996277
6873,12,12,0.4234045147895813
6874,90,90,0.29726362228393555
6875,2,0,0.15641999244689941
6876,54,54,0.7533857822418213
6877,45,45,0.3376255929470062
6878,65,61,0.22462432086467743
6879,50,50,0.08049073815345764
6880,3,19,0.4911438822746277
6881,68,68,0.7255221009254456
6882,17,17,0.3858790993690491
6883,35,0,0.16316324472427368
6884,81,81,0.42670750617980957
6885,32,13,0.23591351509094238
6886,9,9,0.8983262181282043
6887,99,14,0.25334784388542175
6888,77,7,0.1922570914030075
6889,84,33,0.3193129897117615
6890,22,22,0.7413294911384583
6891,30,44,0.06386231631040573
6892,23,91,0.10512000322341919
6893,36,22,0.18570004403591156
6894,73,10,0.17082034051418304
6895,80,36,0.08238454908132553
6896,92,92,0.41581523418426514
6897,92,70,0.1948104053735733
6898,31,52,0.1993567794561386
6899,9,9,0.4228273630142212
6900,86,86,0.22092077136039734
6901,91,91,0.70783531665802
6902,26,62,0.28647637367248535
6903,85,85,0.20039694011211395
6904,30,95,0.25255274772644043
6905,12,98,0.4499025344848633
6906,54,54,0.34105437994003296
6907,39,85,0.2694121301174164
6908,76,68,0.5522286295890808
6909,45,84,0.1257915198802948
6910,67,67,0.3465462625026703
6911,51,51,0.4418211877346039
6912,57,68,0.2839547395706177
6913,19,89,0.29891496896743774
6914,48,7,0.2819436490535736
6915,81,84,0.17652565240859985
6916,55,95,0.37920141220092773
6917,38,38,0.15941940248012543
6918,27,87,0.20679832994937897
6919,54,20,0.20131029188632965
6920,81,58,0.22989806532859802
6921,84,5,0.24554592370986938
6922,0,94,0.7725630402565002
6923,64,16,0.18753394484519958
6924,42,88,0.11746244877576828
6925,77,77,0.21544991433620453
6926,52,52,0.6829630136489868
6927,92,54,0.7303611636161804
6928,82,62,0.35814520716667175
6929,12,71,0.20132900774478912
6930,89,89,0.6131695508956909
6931,53,53,0.8636450171470642
6932,21,87,0.06702721863985062
6933,18,18,0.23962318897247314
6934,92,46,0.10507255047559738
6935,36,50,0.10767052322626114
6936,44,53,0.11926688998937607
6937,35,38,0.18390978872776031
6938,31,31,0.2958581745624542
6939,62,62,0.9147903919219971
6940,41,19,0.15026789903640747
6941,65,18,0.19252222776412964
6942,28,16,0.16905330121517181
6943,20,20,0.852088451385498
6944,92,54,0.4195035696029663
6945,33,33,0.27181071043014526
6946,21,3,0.36597055196762085
6947,86,41,0.43361952900886536
6948,72,16,0.14940279722213745
6949,18,33,0.32548266649246216
6950,56,56,0.7698707580566406
6951,88,66,0.3430551588535309
6952,76,1,0.17174045741558075
6953,71,71,0.6906339526176453
6954,48,48,0.33529433608055115
6955,12,49,0.10346899181604385
6956,45,83,0.868228018283844
6957,60,60,0.5789642930030823
6958,99,78,0.11753110587596893
6959,84,40,0.4504759907722473
6960,24,24,0.17744332551956177
6961,37,59,0.25320905447006226
6962,86,16,0.2233455330133438
6963,76,76,0.4513717293739319
6964,84,9,0.19965702295303345
6965,51,32,0.4351016879081726
6966,60,60,0.7329156398773193
6967,97,66,0.15401604771614075
6968,29,72,0.14527267217636108
6969,65,77,0.31033214926719666
6970,88,3,0.21546564996242523
6971,7,8,0.19370560348033905
6972,83,83,0.4006876051425934
6973,59,52,0.880232036113739
6974,96,96,0.24368953704833984
6975,53,53,0.402026891708374
6976,32,32,0.6011030077934265
6977,79,7,0.16834478080272675
6978,87,87,0.36170369386672974
6979,33,19,0.15255796909332275
6980,46,35,0.12383200973272324
6981,22,87,0.1377098709344864
6982,38,37,0.49983686208724976
6983,47,52,0.44302162528038025
6984,24,97,0.10608843713998795
6985,3,21,0.23255443572998047
6986,54,54,0.12799128890037537
6987,85,58,0.28291404247283936
6988,65,63,0.1055220514535904
6989,75,48,0.5946624279022217
6990,4,77,0.1072833389043808
6991,80,72,0.12542520463466644
6992,76,33,0.20231583714485168
6993,92,92,0.2854820489883423
6994,84,59,0.14842329919338226
6995,61,16,0.08817413449287415
6996,31,43,0.11349146068096161
6997,66,18,0.06387633830308914
6998,39,88,0.25580814480781555
6999,29,83,0.34022971987724304
7000,35,37,0.11870262026786804
7001,91,91,0.4105122983455658
7002,64,33,0.15251000225543976
7003,7,7,0.42343077063560486
7004,80,80,0.10993893444538116
7005,96,47,0.3243316411972046
7006,89,44,0.09441597759723663
7007,83,0,0.5547188520431519
7008,32,91,0.2736937403678894
7009,1,87,0.29465603828430176
7010,85,21,0.11421963572502136
7011,75,72,0.13557961583137512
7012,9,9,0.7140496969223022
7013,25,87,0.34751060605049133
7014,87,21,0.1408066302537918
7015,59,33,0.24883857369422913
7016,38,38,0.14166244864463806
7017,82,82,0.4605861306190491
7018,27,74,0.12938867509365082
7019,6,6,0.735586404800415
7020,26,38,0.09230703860521317
7021,34,36,0.07237899303436279
7022,14,83,0.2638101577758789
7023,14,35,0.06900190562009811
7024,46,41,0.3111027777194977
7025,70,83,0.25599372386932373
7026,17,37,0.3971204161643982
7027,84,85,0.23279930651187897
7028,97,28,0.15743030607700348
7029,49,84,0.2090960592031479
7030,69,69,0.6158458590507507
7031,59,96,0.5373134016990662
7032,50,32,0.1952759176492691
7033,86,86,0.3880346119403839
7034,61,66,0.055914487689733505
7035,40,62,0.10497737675905228
7036,66,66,0.14298447966575623
7037,50,26,0.15860459208488464
7038,29,29,0.6118131279945374
7039,49,71,0.39570119976997375
7040,26,45,0.1692231446504593
7041,53,53,0.9425309300422668
7042,73,93,0.33383408188819885
7043,85,85,0.49906957149505615
7044,46,46,0.4008365273475647
7045,81,71,0.10384287685155869
7046,25,5,0.44425591826438904
7047,68,1,0.2131490558385849
7048,71,30,0.23888689279556274
7049,14,1,0.1928451955318451
7050,87,94,0.7004841566085815
7051,37,68,0.30714866518974304
7052,86,86,0.860299825668335
7053,72,95,0.25639286637306213
7054,28,28,0.5819599628448486
7055,93,97,0.16384059190750122
7056,62,62,0.2511304020881653
7057,72,12,0.17327456176280975
7058,41,14,0.21005843579769135
7059,98,86,0.17392028868198395
7060,51,63,0.27428489923477173
7061,46,28,0.13410025835037231
7062,36,36,0.47638195753097534
7063,20,20,0.9008269906044006
7064,57,92,0.19847194850444794
7065,1,65,0.14194881916046143
7066,96,33,0.30903390049934387
7067,16,36,0.1733570545911789
7068,38,39,0.1805703341960907
7069,59,47,0.27541646361351013
7070,85,33,0.1635919213294983
7071,95,20,0.17920762300491333
7072,23,12,0.21341288089752197
7073,14,88,0.2145736813545227
7074,53,41,0.29024025797843933
7075,50,50,0.08804234117269516
7076,2,5,0.22423279285430908
7077,9,98,0.22592519223690033
7078,42,97,0.1656322330236435
7079,21,21,0.7240028977394104
7080,12,12,0.389886736869812
7081,73,73,0.2187764197587967
7082,29,29,0.21624666452407837
7083,81,88,0.29812079668045044
7084,63,2,0.10991089791059494
7085,64,63,0.42114606499671936
7086,89,89,0.7988938093185425
7087,97,54,0.5953912138938904
7088,63,4,0.14108236134052277
7089,84,73,0.20517244935035706
7090,84,94,0.3003988265991211
7091,6,34,0.09734591096639633
7092,3,65,0.05371774733066559
7093,9,92,0.10501790791749954
7094,44,21,0.17125429213047028
7095,7,24,0.7034450173377991
7096,39,78,0.12664641439914703
7097,1,1,0.6603463888168335
7098,68,68,0.8891224265098572
7099,83,1,0.3712451457977295
7100,71,60,0.5646718144416809
7101,69,39,0.241377592086792
7102,84,68,0.09465418010950089
7103,23,95,0.17525409162044525
7104,51,54,0.13577325642108917
7105,40,9,0.23656053841114044
7106,63,21,0.27530980110168457
7107,17,17,0.8237473368644714
7108,31,19,0.5639251470565796
7109,48,48,0.9649513959884644
7110,48,8,0.2574070990085602
7111,2,5,0.5898610353469849
7112,50,5,0.3578207492828369
7113,66,97,0.19428488612174988
7114,98,66,0.11556289345026016
7115,44,38,0.1940903216600418
7116,12,12,0.6822308897972107
7117,14,14,0.25511035323143005
7118,56,73,0.2416338473558426
7119,58,13,0.4285465180873871
7120,70,70,0.31460800766944885
7121,85,58,0.31778231263160706
7122,70,70,0.18774151802062988
7123,94,94,0.7785384058952332
7124,41,1,0.10883353650569916
7125,97,87,0.27783194184303284
7126,5,32,0.3357381820678711
7127,80,80,0.11274859309196472
7128,15,7,0.13886521756649017
7129,62,92,0.5727649927139282
7130,2,2,0.21931907534599304
7131,58,87,0.25639808177948
7132,56,52,0.3981981575489044
7133,13,60,0.16970229148864746
7134,72,57,0.2471538931131363
7135,97,80,0.10845614224672318
7136,25,84,0.22209203243255615
7137,87,84,0.18074743449687958
7138,19,39,0.282812237739563
7139,92,83,0.26931777596473694
7140,24,7,0.2886466979980469
7141,34,5,0.1450958102941513
7142,93,55,0.08936107903718948
7143,45,83,0.32730787992477417
7144,78,56,0.25283047556877136
7145,68,68,0.6591210961341858
7146,89,21,0.12466155737638474
7147,31,19,0.28962692618370056
7148,73,95,0.8130515217781067
7149,85,85,0.36851605772972107
7150,50,65,0.10115259140729904
7151,95,95,0.42175430059432983
7152,80,50,0.07222123444080353
7153,96,96,0.23390546441078186
7154,76,76,0.6714847087860107
7155,32,79,0.10081982612609863
7156,77,51,0.11754637956619263
7157,19,19,0.8599156737327576
7158,59,52,0.33325058221817017
7159,84,16,0.18285240232944489
7160,48,48,0.9502375721931458
7161,10,27,0.052593380212783813
7162,32,50,0.09013263881206512
7163,98,35,0.6411317586898804
7164,33,33,0.5474803447723389
7165,69,69,0.5264785885810852
7166,14,14,0.5830146074295044
7167,69,69,0.7901090979576111
7168,36,82,0.3487187623977661
7169,72,72,0.14515626430511475
7170,65,65,0.49592357873916626
7171,94,59,0.16688786447048187
7172,86,87,0.9115860462188721
7173,64,3,0.09624385833740234
7174,16,16,0.528492271900177
7175,90,34,0.1125628650188446
7176,56,74,0.21126987040042877
7177,4,55,0.0861644297838211
7178,96,47,0.4338892698287964
7179,83,53,0.32987114787101746
7180,71,71,0.4167962372303009
7181,51,51,0.15856331586837769
7182,41,89,0.12858593463897705
7183,65,43,0.11578449606895447
7184,61,22,0.4771250784397125
7185,63,97,0.17907480895519257
7186,96,33,0.7812841534614563
7187,62,92,0.2078464925289154
7188,85,85,0.8216495513916016
7189,74,74,0.14717689156532288
7190,57,40,0.14710702002048492
7191,23,39,0.29801610112190247
7192,20,36,0.1509518176317215
7193,38,63,0.1498045176267624
7194,15,19,0.2674979567527771
7195,25,25,0.20191581547260284
7196,72,27,0.09736769646406174
7197,62,62,0.4168589115142822
7198,37,93,0.29545751214027405
7199,62,53,0.338916540145874
7200,15,4,0.08732107281684875
7201,47,47,0.4700007438659668
7202,75,41,0.1669766902923584
7203,26,25,0.2734415531158447
7204,28,9,0.2767278552055359
7205,27,68,0.3095614016056061
7206,37,56,0.0674416646361351
7207,58,58,0.9547046422958374
7208,46,21,0.44753220677375793
7209,48,48,0.992919385433197
7210,52,52,0.8920938372612
7211,79,37,0.19957312941551208
7212,71,71,0.7879574298858643
7213,7,7,0.6451086401939392
7214,60,60,0.4883642792701721
7215,60,60,0.5328101515769958
7216,38,72,0.09773409366607666
7217,49,71,0.2506476938724518
7218,62,83,0.8319314122200012
7219,0,58,0.22289304435253143
7220,19,19,0.32499319314956665
7221,46,98,0.3254644572734833
7222,90,95,0.43238452076911926
7223,5,87,0.09359683096408844
7224,22,40,0.24441151320934296
7225,34,34,0.1042509526014328
7226,75,79,0.2630038857460022
7227,41,58,0.660184383392334
7228,65,5,0.15338416397571564
7229,51,33,0.1176796555519104
7230,65,72,0.10728386789560318
7231,46,46,0.7114176154136658
7232,1,43,0.3088361620903015
7233,14,7,0.2665303349494934
7234,17,17,0.8243197202682495
7235,65,36,0.12713287770748138
7236,98,20,0.2675172984600067
7237,45,26,0.32276368141174316
7238,14,33,0.3113443851470947
7239,90,16,0.10704156011343002
7240,35,32,0.12894503772258759
7241,30,30,0.26162877678871155
7242,8,8,0.9524757266044617
7243,21,7,0.22146402299404144
7244,28,28,0.5511083006858826
7245,18,63,0.20608682930469513
7246,65,33,0.1479252427816391
7247,32,17,0.6030848622322083
7248,34,79,0.09478301554918289
7249,48,8,0.7227547764778137
7250,75,30,0.2618885338306427
7251,29,48,0.2523786425590515
7252,92,83,0.3284509778022766
7253,76,76,0.6093929409980774
7254,30,95,0.28463730216026306
7255,93,27,0.26279884576797485
7256,4,32,0.19369135797023773
7257,37,45,0.14284788072109222
7258,82,82,0.5467469096183777
7259,9,58,0.31465068459510803
7260,11,35,0.2858941853046417
7261,54,54,0.783482551574707
7262,8,8,0.6895125508308411
7263,43,88,0.16057336330413818
7264,67,27,0.13413028419017792
7265,30,58,0.16016973555088043
7266,8,8,0.45030009746551514
7267,40,64,0.11197643727064133
7268,53,0,0.4236474335193634
7269,1,1,0.23858235776424408
7270,93,21,0.13856667280197144
7271,26,93,0.3793526589870453
7272,93,30,0.3173272907733917
7273,6,88,0.33064115047454834
7274,87,66,0.1650729775428772
7275,22,8,0.516869843006134
7276,91,36,0.11762252449989319
7277,24,7,0.2999891936779022
7278,75,75,0.951408326625824
7279,34,49,0.0684560239315033
7280,86,87,0.46416473388671875
7281,8,8,0.31271442770957947
7282,8,8,0.15944796800613403
7283,42,33,0.15353456139564514
7284,51,19,0.10989778488874435
7285,94,98,0.11248692125082016
7286,81,16,0.13813728094100952
7287,18,18,0.24671991169452667
7288,85,85,0.5292090773582458
7289,48,58,0.4990181624889374
7290,35,35,0.29056042432785034
7291,20,26,0.14746525883674622
7292,50,33,0.3044780492782593
7293,19,3,0.19551324844360352
7294,55,7,0.21947161853313446
7295,26,26,0.4598929286003113
7296,64,75,0.37502631545066833
7297,78,58,0.2837749719619751
7298,15,33,0.23764079809188843
7299,72,41,0.3338056802749634
7300,93,93,0.17491354048252106
7301,65,21,0.2135273665189743
7302,95,95,0.13467487692832947
7303,87,87,0.40612557530403137
7304,72,72,0.2061193585395813
7305,35,93,0.48250526189804077
7306,27,33,0.2625993490219116
7307,36,20,0.6197096705436707
7308,97,5,0.08046388626098633
7309,73,1,0.38133907318115234
7310,35,2,0.11924764513969421
7311,12,12,0.23215611279010773
7312,24,6,0.22800758481025696
7313,70,92,0.5678277015686035
7314,4,29,0.1360435038805008
7315,26,20,0.404229074716568
7316,71,71,0.25398340821266174
7317,34,34,0.11986079066991806
7318,67,73,0.2578582167625427
7319,20,25,0.16274404525756836
7320,85,58,0.4195193946361542
7321,74,74,0.24160005152225494
7322,99,67,0.2679561674594879
7323,92,62,0.6930270195007324
7324,99,14,0.18345429003238678
7325,21,21,0.23634105920791626
7326,50,40,0.13363969326019287
7327,36,94,0.21628835797309875
7328,82,82,0.5265799760818481
7329,95,73,0.6902157068252563
7330,71,71,0.2969427704811096
7331,61,61,0.40158843994140625
7332,23,23,0.40961331129074097
7333,15,42,0.12792664766311646
7334,77,77,0.3638233244419098
7335,40,40,0.283407598733902
7336,74,24,0.20379827916622162
7337,25,68,0.4429642856121063
7338,19,19,0.7586849331855774
7339,67,73,0.4044191241264343
7340,6,24,0.8453769087791443
7341,61,9,0.1613614559173584
7342,68,33,0.22830818593502045
7343,46,75,0.22550925612449646
7344,5,5,0.32159408926963806
7345,10,10,0.6191064119338989
7346,11,2,0.23440027236938477
7347,41,58,0.5489855408668518
7348,55,30,0.2828628122806549
7349,96,47,0.7008600831031799
7350,57,57,0.2836954891681671
7351,30,97,0.1765955686569214
7352,96,4,0.11400285363197327
7353,88,88,0.1119602844119072
7354,92,92,0.29511523246765137
7355,72,73,0.14832192659378052
7356,51,94,0.4033779799938202
7357,19,26,0.3835655748844147
7358,40,67,0.15541402995586395
7359,2,5,0.143223837018013
7360,76,52,0.20930109918117523
7361,54,92,0.4358235001564026
7362,22,53,0.6424111127853394
7363,68,68,0.9694738388061523
7364,70,92,0.07388214021921158
7365,0,92,0.2174432873725891
7366,5,58,0.2296706885099411
7367,42,37,0.18732421100139618
7368,11,97,0.2576732039451599
7369,61,45,0.23858404159545898
7370,88,4,0.2606099545955658
7371,67,67,0.39848485589027405
7372,77,18,0.09207870066165924
7373,34,34,0.13113179802894592
7374,29,47,0.5286661982536316
7375,97,97,0.20266112685203552
7376,13,58,0.39579036831855774
7377,29,1,0.5006977319717407
7378,8,8,0.357659250497818
7379,15,26,0.12447978556156158
7380,70,7,0.32706013321876526
7381,29,45,0.12636558711528778
7382,19,24,0.18505904078483582
7383,40,21,0.08314621448516846
7384,47,52,0.9206734299659729
7385,8,7,0.1600971221923828
7386,50,66,0.18566226959228516
7387,26,91,0.3132631182670593
7388,89,90,0.3398459255695343
7389,58,75,0.34445011615753174
7390,86,40,0.19146789610385895
7391,85,89,0.16869792342185974
7392,61,22,0.30940213799476624
7393,96,33,0.3379240930080414
7394,75,85,0.28643494844436646
7395,80,55,0.16028425097465515
7396,95,23,0.4168272614479065
7397,17,68,0.9000101685523987
7398,93,59,0.10498200356960297
7399,80,95,0.24816302955150604
7400,3,86,0.6061850190162659
7401,53,47,0.23077194392681122
7402,23,23,0.6482252478599548
7403,55,20,0.13319216668605804
7404,27,43,0.14706812798976898
7405,40,79,0.2189970463514328
7406,9,33,0.13689202070236206
7407,42,97,0.20100615918636322
7408,50,33,0.14603987336158752
7409,92,1,0.9255545139312744
7410,87,73,0.302567720413208
7411,43,66,0.11699876189231873
7412,42,29,0.18555280566215515
7413,79,24,0.1977667510509491
7414,52,52,0.3753546476364136
7415,9,9,0.2238198071718216
7416,32,87,0.2757905423641205
7417,42,74,0.18091265857219696
7418,57,89,0.13434472680091858
7419,56,68,0.5485791563987732
7420,99,61,0.3130795955657959
7421,57,83,0.6478824019432068
7422,81,58,0.5980682969093323
7423,9,9,0.9744384288787842
7424,70,54,0.1776801198720932
7425,51,88,0.6240052580833435
7426,50,36,0.20286668837070465
7427,42,5,0.09329084306955338
7428,10,61,0.25914764404296875
7429,70,32,0.22848692536354065
7430,40,12,0.18341141939163208
7431,40,40,0.3378477096557617
7432,63,21,0.09566938877105713
7433,50,63,0.20492973923683167
7434,19,21,0.3954603672027588
7435,62,6,0.10418451577425003
7436,28,28,0.23879966139793396
7437,94,94,0.7847825884819031
7438,52,52,0.8366507887840271
7439,86,86,0.12278977036476135
7440,98,46,0.3632819950580597
7441,13,13,0.8030462861061096
7442,70,92,0.359052836894989
7443,9,77,0.1955859512090683
7444,19,86,0.13638755679130554
7445,15,5,0.11803995817899704
7446,68,68,0.4999576807022095
7447,66,51,0.2475712150335312
7448,24,24,0.24345530569553375
7449,63,97,0.1950056105852127
7450,56,56,0.3564840257167816
7451,60,68,0.39696311950683594
7452,12,23,0.19544707238674164
7453,53,26,0.20455552637577057
7454,36,94,0.12689109146595
7455,98,72,0.10042417049407959
7456,20,20,0.7845805287361145
7457,92,62,0.6940053701400757
7458,24,24,0.8222371935844421
7459,16,16,0.913263738155365
7460,26,58,0.747310996055603
7461,12,49,0.518662691116333
7462,33,17,0.4009828567504883
7463,45,43,0.09353908151388168
7464,71,23,0.4845243990421295
7465,61,22,0.2326396256685257
7466,30,73,0.4002765715122223
7467,45,89,0.16954736411571503
7468,75,75,0.697894275188446
7469,94,94,0.11658338457345963
7470,29,29,0.5457856059074402
7471,48,74,0.12945955991744995
7472,97,38,0.08758080750703812
7473,95,40,0.2455959916114807
7474,12,12,0.6824804544448853
7475,80,91,0.13134817779064178
7476,63,63,0.38978368043899536
7477,85,85,0.24863040447235107
7478,33,33,0.2699905335903168
7479,23,23,0.36771848797798157
7480,32,53,0.49606436491012573
7481,46,39,0.2612888216972351
7482,70,61,0.5340374708175659
7483,51,47,0.4531343877315521
7484,8,8,0.15562622249126434
7485,29,42,0.07534314692020416
7486,56,47,0.949877142906189
7487,11,41,0.29704049229621887
7488,60,60,0.9631451368331909
7489,48,48,0.5227713584899902
7490,21,21,0.6833431720733643
7491,21,21,0.22961848974227905
7492,60,60,0.36191272735595703
7493,56,52,0.5333973169326782
7494,63,63,0.2173263430595398
7495,42,33,0.07249768823385239
7496,33,96,0.742009699344635
7497,79,30,0.30872413516044617
7498,17,17,0.7335578799247742
7499,20,20,0.09412720799446106
7500,16,56,0.5493977665901184
7501,7,79,0.14524364471435547
7502,91,91,0.10196463018655777
7503,34,43,0.1893082559108734
7504,14,74,0.2548980414867401
7505,92,45,0.4880770742893219
7506,6,79,0.22026054561138153
7507,89,88,0.14702455699443817
7508,13,13,0.5622477531433105
7509,85,85,0.22034180164337158
7510,96,96,0.6630321741104126
7511,27,27,0.20601321756839752
7512,81,81,0.18465013802051544
7513,63,97,0.20928123593330383
7514,59,32,0.10474275052547455
7515,10,0,0.2382996678352356
7516,78,66,0.09673763811588287
7517,18,5,0.24910296499729156
7518,53,0,0.32954826951026917
7519,17,5,0.13107268512248993
7520,27,20,0.09530577063560486
7521,43,43,0.4681900143623352
7522,61,91,0.42081353068351746
7523,54,54,0.6680184006690979
7524,25,21,0.34191688895225525
7525,79,88,0.12001202255487442
7526,68,49,0.2680058181285858
7527,31,21,0.4668347239494324
7528,69,69,0.24277277290821075
7529,64,63,0.35026371479034424
7530,83,87,0.2915046513080597
7531,41,41,0.28915664553642273
7532,23,71,0.41440731287002563
7533,35,97,0.18031692504882812
7534,96,52,0.2692687213420868
7535,20,20,0.9935632944107056
7536,87,55,0.08149608224630356
7537,90,60,0.11348658800125122
7538,52,52,0.8540220260620117
7539,26,86,0.24166391789913177
7540,83,53,0.6948961019515991
7541,67,80,0.13632510602474213
7542,20,20,0.9650558233261108
7543,20,75,0.053435035049915314
7544,7,7,0.3177216947078705
7545,83,16,0.2282232940196991
7546,27,20,0.16970284283161163
7547,45,83,0.42766904830932617
7548,68,68,0.6353654265403748
7549,93,39,0.10630931705236435
7550,86,1,0.14284436404705048
7551,12,58,0.1611071527004242
7552,60,60,0.7036415338516235
7553,73,27,0.17584337294101715
7554,99,22,0.19323161244392395
7555,1,82,0.26650941371917725
7556,92,88,0.11897491663694382
7557,80,63,0.16467216610908508
7558,26,51,0.1702013462781906
7559,58,93,0.09460925310850143
7560,88,78,0.12855635583400726
7561,97,50,0.13841085135936737
7562,88,8,0.7378780841827393
7563,19,84,0.06603436917066574
7564,34,99,0.09415476769208908
7565,23,71,0.5642461776733398
7566,19,60,0.15747274458408356
7567,13,59,0.37811973690986633
7568,44,40,0.31666135787963867
7569,48,48,0.9540130496025085
7570,58,58,0.19986067712306976
7571,16,24,0.6100988388061523
7572,63,63,0.11349388211965561
7573,80,7,0.13892559707164764
7574,55,30,0.15555918216705322
7575,4,4,0.22117416560649872
7576,32,93,0.3930132985115051
7577,46,17,0.29053160548210144
7578,98,35,0.15428335964679718
7579,32,32,0.34574905037879944
7580,45,14,0.2188156396150589
7581,87,87,0.7377967238426208
7582,97,37,0.38071495294570923
7583,12,80,0.10246094316244125
7584,8,35,0.101152703166008
7585,45,24,0.19658821821212769
7586,92,62,0.3531894087791443
7587,31,38,0.16945238411426544
7588,62,53,0.3880171775817871
7589,61,61,0.4085453152656555
7590,89,89,0.4144221544265747
7591,62,62,0.6275228261947632
7592,78,22,0.5715043544769287
7593,83,82,0.7610297799110413
7594,45,29,0.15752282738685608
7595,85,63,0.4465636610984802
7596,28,28,0.5381688475608826
7597,37,37,0.4545236825942993
7598,54,54,0.6865840554237366
7599,30,39,0.2752952575683594
7600,95,95,0.8565175533294678
7601,7,7,0.5028189420700073
7602,59,56,0.345100075006485
7603,24,24,0.8880029916763306
7604,94,94,0.9331623911857605
7605,7,7,0.5571872591972351
7606,94,94,0.44937172532081604
7607,94,94,0.7826360464096069
7608,11,35,0.22033771872520447
7609,42,72,0.10488691926002502
7610,65,96,0.2148207426071167
7611,47,52,0.5069858431816101
7612,40,87,0.7783331871032715
7613,38,45,0.33463287353515625
7614,4,43,0.16097913682460785
7615,80,63,0.29325148463249207
7616,82,82,0.7870553731918335
7617,46,5,0.17125052213668823
7618,75,75,0.9183825254440308
7619,51,33,0.16414609551429749
7620,74,7,0.07929076999425888
7621,34,77,0.09067514538764954
7622,5,65,0.09973426908254623
7623,85,85,0.15638741850852966
7624,30,95,0.675789475440979
7625,74,35,0.16105006635189056
7626,22,7,0.35378289222717285
7627,95,86,0.33723652362823486
7628,81,89,0.5158506035804749
7629,92,1,0.888128399848938
7630,91,4,0.11540993303060532
7631,52,52,0.9407755732536316
7632,51,88,0.2720623314380646
7633,44,26,0.18079334497451782
7634,62,0,0.5672189593315125
7635,65,7,0.09793645143508911
7636,76,69,0.29387372732162476
7637,84,42,0.32212918996810913
7638,0,70,0.4545288383960724
7639,43,77,0.056682657450437546
7640,48,48,0.8471632599830627
7641,67,50,0.12127766013145447
7642,62,62,0.19722910225391388
7643,89,26,0.10618120431900024
7644,83,62,0.23060491681098938
7645,18,33,0.23697711527347565
7646,31,75,0.2213510274887085
7647,19,4,0.35363784432411194
7648,8,39,0.12605369091033936
7649,68,68,0.9866244792938232
7650,97,93,0.3498694896697998
7651,3,31,0.4350939691066742
7652,83,45,0.24169836938381195
7653,70,92,0.2990720868110657
7654,39,45,0.2619726061820984
7655,0,0,0.8358548879623413
7656,86,20,0.7327976822853088
7657,77,82,0.13443991541862488
7658,58,58,0.41045868396759033
7659,19,19,0.2206382304430008
7660,89,12,0.1874249130487442
7661,90,37,0.23875461518764496
7662,81,33,0.13571394979953766
7663,61,61,0.6522630453109741
7664,41,96,0.1052398830652237
7665,80,79,0.07755288481712341
7666,52,52,0.9858103394508362
7667,66,33,0.1187334954738617
7668,68,68,0.9702985882759094
7669,80,98,0.10383554548025131
7670,43,4,0.1827317327260971
7671,11,64,0.09655856341123581
7672,25,35,0.1167190670967102
7673,27,97,0.12138732522726059
7674,35,2,0.09342283755540848
7675,50,99,0.09267354011535645
7676,88,43,0.2578813433647156
7677,14,74,0.16696925461292267
7678,75,75,0.340782105922699
7679,53,53,0.3861366808414459
7680,3,31,0.3557032346725464
7681,5,5,0.25403982400894165
7682,35,86,0.1330541968345642
7683,82,92,0.16327199339866638
7684,7,7,0.454545259475708
7685,90,97,0.18605937063694
7686,61,61,0.6487101912498474
7687,7,7,0.4500863254070282
7688,91,27,0.149976447224617
7689,1,92,0.26489460468292236
7690,5,17,0.23669221997261047
7691,17,66,0.1271446943283081
7692,72,56,0.7520026564598083
7693,41,56,0.26756563782691956
7694,94,94,0.3643931746482849
7695,33,33,0.4468497633934021
7696,67,63,0.09427770972251892
7697,33,39,0.6560211181640625
7698,39,87,0.3760102689266205
7699,23,23,0.34873291850090027
7700,6,65,0.10262478142976761
7701,31,96,0.15982481837272644
7702,63,10,0.14544756710529327
7703,71,71,0.3186143636703491
7704,67,63,0.16886895895004272
7705,93,29,0.31679946184158325
7706,84,87,0.0742393285036087
7707,46,9,0.24692866206169128
7708,74,33,0.13413958251476288
7709,33,60,0.3051096200942993
7710,77,37,0.19962318241596222
7711,65,50,0.11138933897018433
7712,50,9,0.10051555931568146
7713,98,47,0.06334813684225082
7714,51,48,0.19234369695186615
7715,72,41,0.08316978812217712
7716,36,36,0.3935336470603943
7717,3,30,0.2567306160926819
7718,41,41,0.9319745898246765
7719,47,47,0.43823379278182983
7720,54,54,0.48988285660743713
7721,87,12,0.23600441217422485
7722,37,37,0.6675115823745728
7723,75,3,0.2038756161928177
7724,74,97,0.14304061233997345
7725,71,71,0.4313165843486786
7726,14,24,0.8379022479057312
7727,57,21,0.40321654081344604
7728,9,45,0.2715340852737427
7729,44,5,0.44269564747810364
7730,57,57,0.3969240188598633
7731,83,83,0.37792813777923584
7732,45,68,0.124970443546772
7733,61,96,0.1503971815109253
7734,52,52,0.36372271180152893
7735,63,27,0.0924002081155777
7736,89,69,0.13906343281269073
7737,10,22,0.8761276006698608
7738,85,85,0.41794273257255554
7739,39,39,0.25056788325309753
7740,7,18,0.27076947689056396
7741,25,96,0.12822063267230988
7742,98,83,0.35417431592941284
7743,74,0,0.45291391015052795
7744,70,70,0.5676896572113037
7745,70,70,0.23686295747756958
7746,49,71,0.37862876057624817
7747,70,92,0.5064339637756348
7748,87,87,0.8360388278961182
7749,90,72,0.11410831660032272
7750,15,41,0.25658920407295227
7751,65,33,0.10722658783197403
7752,97,66,0.08424552530050278
7753,36,43,0.08655817061662674
7754,83,83,0.812386691570282
7755,82,82,0.5384683609008789
7756,51,96,0.18069829046726227
7757,32,97,0.24059587717056274
7758,7,7,0.09911502152681351
7759,74,74,0.2888318598270416
7760,80,8,0.11979968845844269
7761,2,2,0.26478326320648193
7762,28,9,0.2234952449798584
7763,78,46,0.16731137037277222
7764,40,47,0.21364013850688934
7765,36,32,0.271692156791687
7766,91,49,0.1702495962381363
7767,91,27,0.38991647958755493
7768,99,45,0.2868150770664215
7769,73,73,0.5754272937774658
7770,24,69,0.16374072432518005
7771,83,0,0.5084858536720276
7772,42,96,0.1905200332403183
7773,92,0,0.23309104144573212
7774,90,37,0.09889295697212219
7775,50,50,0.22777995467185974
7776,82,82,0.9891732931137085
7777,24,24,0.9198182225227356
7778,65,36,0.09251511842012405
7779,16,58,0.26932844519615173
7780,40,87,0.13558469712734222
7781,39,65,0.10172329843044281
7782,7,7,0.4835328757762909
7783,31,31,0.14972719550132751
7784,10,24,0.10428688675165176
7785,51,5,0.14959260821342468
7786,96,47,0.2205129861831665
7787,51,34,0.17643563449382782
7788,29,91,0.15401321649551392
7789,66,85,0.22025370597839355
7790,83,53,0.8616471290588379
7791,30,30,0.4872663617134094
7792,84,25,0.12057814747095108
7793,29,5,0.15714584290981293
7794,5,5,0.25273483991622925
7795,10,10,0.2967304587364197
7796,53,10,0.30191275477409363
7797,74,99,0.1920206993818283
7798,72,91,0.14680448174476624
7799,34,17,0.6859356164932251
7800,15,15,0.13505776226520538
7801,44,29,0.09141121059656143
7802,25,23,0.2778567671775818
7803,66,50,0.1395169496536255
7804,10,28,0.0981498584151268
7805,55,50,0.20683863759040833
7806,48,48,0.9667842388153076
7807,95,30,0.23020781576633453
7808,63,72,0.08994011580944061
7809,64,84,0.1529216468334198
7810,77,77,0.06454379111528397
7811,3,4,0.19128122925758362
7812,13,13,0.6525718569755554
7813,18,6,0.14538094401359558
7814,92,92,0.33382269740104675
7815,55,21,0.12462567538022995
7816,13,13,0.7516257166862488
7817,30,4,0.1461690217256546
7818,29,29,0.7645344138145447
7819,91,43,0.40212398767471313
7820,91,91,0.5372573733329773
7821,61,61,0.8551121354103088
7822,75,78,0.31805506348609924
7823,58,13,0.31844645738601685
7824,60,71,0.6865193843841553
7825,70,70,0.32739385962486267
7826,46,46,0.23047979176044464
7827,52,52,0.9913638830184937
7828,94,87,0.21826335787773132
7829,89,58,0.21199467778205872
7830,90,99,0.0951061025261879
7831,56,59,0.24679335951805115
7832,57,1,0.08045323938131332
7833,43,45,0.14582261443138123
7834,60,60,0.9385521411895752
7835,45,58,0.2622215151786804
7836,30,30,0.473126083612442
7837,59,4,0.08382292091846466
7838,78,83,0.2710457146167755
7839,6,74,0.24624215066432953
7840,80,38,0.0954059511423111
7841,80,80,0.18151161074638367
7842,54,54,0.2715311348438263
7843,83,0,0.2001158595085144
7844,60,60,0.7227945327758789
7845,76,17,0.1259630173444748
7846,92,57,0.12873288989067078
7847,18,91,0.1991787701845169
7848,14,4,0.08475315570831299
7849,26,86,0.15281283855438232
7850,9,9,0.9571588635444641
7851,81,90,0.46894508600234985
7852,85,90,0.16664811968803406
7853,32,87,0.1310841143131256
7854,63,63,0.7912054657936096
7855,43,53,0.11497337371110916
7856,56,39,0.37627148628234863
7857,87,87,0.5086014270782471
7858,78,73,0.18915845453739166
7859,45,43,0.3150661289691925
7860,99,67,0.45117634534835815
7861,70,0,0.576507031917572
7862,8,32,0.06341665983200073
7863,12,89,0.2004854679107666
7864,65,77,0.21525217592716217
7865,80,5,0.07701193541288376
7866,58,77,0.07126941531896591
7867,17,37,0.3106694221496582
7868,39,65,0.09785249084234238
7869,53,53,0.47677189111709595
7870,66,40,0.20586395263671875
7871,48,48,0.6312621235847473
7872,25,5,0.26133331656455994
7873,88,50,0.16696502268314362
7874,32,58,0.2346974015235901
7875,97,33,0.12094087153673172
7876,87,44,0.10777797549962997
7877,37,31,0.3429305851459503
7878,40,9,0.6548137664794922
7879,91,85,0.1714569479227066
7880,16,87,0.28241482377052307
7881,27,77,0.198678657412529
7882,33,33,0.282936155796051
7883,86,87,0.30946430563926697
7884,89,90,0.20019526779651642
7885,5,5,0.12594540417194366
7886,76,69,0.8510384559631348
7887,83,9,0.21316662430763245
7888,74,63,0.1992330104112625
7889,85,12,0.16853344440460205
7890,24,24,0.5363746881484985
7891,93,75,0.503107488155365
7892,32,39,0.18050236999988556
7893,76,76,0.6288393139839172
7894,45,7,0.12218989431858063
7895,5,57,0.1561800092458725
7896,52,52,0.575957179069519
7897,46,66,0.18311144411563873
7898,72,93,0.2196003496646881
7899,40,40,0.9717403650283813
7900,58,58,0.49686291813850403
7901,84,99,0.2437838464975357
7902,6,95,0.23787105083465576
7903,91,5,0.25729116797447205
7904,38,38,0.1560111939907074
7905,35,46,0.5375887155532837
7906,66,7,0.08153325319290161
7907,25,33,0.11528433114290237
7908,79,79,0.17611782252788544
7909,57,94,0.9546259045600891
7910,23,69,0.3232899606227875
7911,14,14,0.31007838249206543
7912,15,3,0.11292154341936111
7913,86,86,0.6681948900222778
7914,75,75,0.3673350512981415
7915,45,39,0.14381550252437592
7916,6,32,0.12031077593564987
7917,22,83,0.31713223457336426
7918,33,33,0.5276302695274353
7919,76,76,0.5269491672515869
7920,52,52,0.8016217947006226
7921,41,17,0.5844491720199585
7922,90,68,0.3596527576446533
7923,22,43,0.1842305064201355
7924,34,26,0.2647022604942322
7925,45,27,0.14058738946914673
7926,66,39,0.10625461488962173
7927,7,45,0.09579376876354218
7928,95,73,0.3431963622570038
7929,11,2,0.06357018649578094
7930,1,53,0.41604065895080566
7931,23,67,0.40325844287872314
7932,3,32,0.10489825159311295
7933,22,83,0.3760406970977783
7934,5,5,0.19697320461273193
7935,80,4,0.07536199688911438
7936,93,63,0.28287971019744873
7937,27,5,0.13075193762779236
7938,86,28,0.42133837938308716
7939,69,7,0.17218057811260223
7940,92,62,0.7821543216705322
7941,53,53,0.7852452993392944
7942,54,58,0.3089287579059601
7943,63,43,0.09652019292116165
7944,18,14,0.295993834733963
7945,84,84,0.18084503710269928
7946,66,3,0.5449329614639282
7947,8,8,0.07086418569087982
7948,59,59,0.2562032639980316
7949,8,8,0.09480080008506775
7950,42,42,0.2549405097961426
7951,62,62,0.5127476453781128
7952,29,29,0.17716243863105774
7953,30,73,0.17687304317951202
7954,73,73,0.3054899573326111
7955,2,36,0.18582391738891602
7956,96,17,0.28202030062675476
7957,39,31,0.17707818746566772
7958,4,4,0.07557997107505798
7959,22,96,0.1488736867904663
7960,45,19,0.12824605405330658
7961,83,41,0.23618900775909424
7962,58,0,0.11479968577623367
7963,73,73,0.2748081684112549
7964,18,47,0.18717090785503387
7965,84,86,0.4039592742919922
7966,4,4,0.32667696475982666
7967,5,20,0.19630971550941467
7968,2,83,0.1266336441040039
7969,18,18,0.3113822638988495
7970,23,69,0.24998074769973755
7971,29,24,0.22119422256946564
7972,85,85,0.6519187688827515
7973,34,42,0.13518449664115906
7974,42,3,0.17437529563903809
7975,16,45,0.2505721151828766
7976,86,16,0.2660147249698639
7977,65,23,0.19588690996170044
7978,95,95,0.918394923210144
7979,45,45,0.10454277694225311
7980,97,22,0.6312806606292725
7981,0,92,0.08980528265237808
7982,20,65,0.10268072783946991
7983,46,49,0.2568187713623047
7984,44,12,0.4361496865749359
7985,86,48,0.41332879662513733
7986,92,92,0.2886893153190613
7987,29,41,0.11655434221029282
7988,85,58,0.3567483723163605
7989,82,82,0.9798279404640198
7990,91,89,0.06288136541843414
7991,82,82,0.5753433704376221
7992,17,17,0.8576260805130005
7993,38,43,0.13486330211162567
7994,58,68,0.3827534317970276
7995,12,12,0.5124468803405762
7996,26,1,0.15101562440395355
7997,54,32,0.37279626727104187
7998,28,28,0.19537575542926788
7999,58,13,0.13007968664169312
8000,79,43,0.08751112967729568
8001,1,48,0.3109825551509857
8002,4,1,0.1485232710838318
8003,95,99,0.09743380546569824
8004,10,0,0.33684098720550537
8005,3,21,0.28937771916389465
8006,33,81,0.4491695165634155
8007,23,32,0.2700473368167877
8008,91,86,0.12993274629116058
8009,73,77,0.21233737468719482
8010,1,1,0.45286428928375244
8011,1,14,0.08697813749313354
8012,35,4,0.06399235129356384
8013,10,57,0.5256412625312805
8014,19,68,0.26258233189582825
8015,88,4,0.09774547070264816
8016,11,11,0.12988252937793732
8017,29,19,0.17133782804012299
8018,56,86,0.2808459401130676
8019,0,1,0.22686411440372467
8020,54,54,0.5177164673805237
8021,61,22,0.6333357095718384
8022,20,7,0.3013049364089966
8023,13,66,0.20936094224452972
8024,17,17,0.2653094232082367
8025,53,82,0.9618322849273682
8026,89,89,0.5197097659111023
8027,18,14,0.15586142241954803
8028,81,12,0.11267410963773727
8029,6,6,0.3433034420013428
8030,96,96,0.3417886197566986
8031,41,58,0.7407763004302979
8032,26,79,0.166258305311203
8033,26,79,0.10227424651384354
8034,25,58,0.30320626497268677
8035,60,23,0.20801801979541779
8036,22,32,0.11875072121620178
8037,73,82,0.09457334131002426
8038,4,34,0.20104332268238068
8039,47,43,0.28142106533050537
8040,24,24,0.3497777283191681
8041,18,44,0.12021537870168686
8042,78,74,0.25620052218437195
8043,17,17,0.5023402571678162
8044,7,7,0.3090990483760834
8045,0,0,0.6544867753982544
8046,87,87,0.30817991495132446
8047,26,2,0.19893276691436768
8048,95,73,0.43676143884658813
8049,14,78,0.29315289855003357
8050,56,59,0.26820337772369385
8051,18,66,0.07485381513834
8052,12,67,0.26981478929519653
8053,54,70,0.30245840549468994
8054,21,21,0.20971712470054626
8055,79,79,0.14581991732120514
8056,8,8,0.9592185616493225
8057,43,33,0.15864036977291107
8058,39,9,0.09940695017576218
8059,24,28,0.24647966027259827
8060,40,87,0.37543800473213196
8061,53,83,0.24990011751651764
8062,35,35,0.32435762882232666
8063,21,63,0.1635887324810028
8064,31,65,0.07019529491662979
8065,8,8,0.2287057340145111
8066,57,16,0.07801350951194763
8067,33,33,0.6565694808959961
8068,82,88,0.1909894198179245
8069,35,15,0.154616117477417
8070,6,3,0.1644124984741211
8071,5,94,0.3952217698097229
8072,40,35,0.09372163563966751
8073,65,65,0.1397201120853424
8074,22,26,0.1879909634590149
8075,16,94,0.13017044961452484
8076,64,66,0.35466909408569336
8077,57,94,0.2184080183506012
8078,98,24,0.31949254870414734
8079,64,38,0.18104778230190277
8080,88,45,0.34479960799217224
8081,55,72,0.13664479553699493
8082,58,58,0.8596832752227783
8083,27,48,0.2334795445203781
8084,36,63,0.11767783761024475
8085,13,13,0.572932779788971
8086,91,91,0.9527348875999451
8087,84,84,0.23568858206272125
8088,9,57,0.3094657361507416
8089,5,8,0.20579738914966583
8090,9,61,0.19928522408008575
8091,65,87,0.17413271963596344
8092,85,27,0.15577536821365356
8093,70,1,0.2386736124753952
8094,59,52,0.5239824056625366
8095,93,85,0.15283501148223877
8096,2,36,0.33158910274505615
8097,59,52,0.3369518518447876
8098,79,30,0.22001215815544128
8099,70,70,0.46462926268577576
8100,34,1,0.27129897475242615
8101,97,97,0.0807422325015068
8102,86,87,0.1864001452922821
8103,49,49,0.34247905015945435
8104,18,99,0.20935168862342834
8105,55,66,0.11465340107679367
8106,70,92,0.20471243560314178
8107,73,37,0.29624825716018677
8108,38,89,0.14839932322502136
8109,34,77,0.09093716740608215
8110,61,61,0.39485079050064087
8111,69,9,0.3880082368850708
8112,37,2,0.0959116593003273
8113,64,79,0.19865718483924866
8114,24,24,0.8043574690818787
8115,3,64,0.11507175862789154
8116,78,86,0.09537120163440704
8117,74,22,0.18293677270412445
8118,33,94,0.40485918521881104
8119,35,33,0.13252627849578857
8120,1,1,0.8618173599243164
8121,84,84,0.46965697407722473
8122,22,10,0.16791634261608124
8123,86,50,0.11474961042404175
8124,4,7,0.11013242602348328
8125,91,91,0.5963109135627747
8126,13,13,0.23062634468078613
8127,90,21,0.15502285957336426
8128,68,68,0.8814071416854858
8129,60,71,0.8969339728355408
8130,84,27,0.09539929777383804
8131,0,0,0.3841090500354767
8132,34,34,0.12668980658054352
8133,18,39,0.3716823160648346
8134,32,93,0.628788411617279
8135,92,0,0.4084124267101288
8136,14,62,0.16647718846797943
8137,96,12,0.290742963552475
8138,35,50,0.20303916931152344
8139,86,20,0.2573125660419464
8140,3,77,0.14584976434707642
8141,89,89,0.21432337164878845
8142,79,75,0.7519509792327881
8143,15,36,0.13066670298576355
8144,66,5,0.23234425485134125
8145,35,16,0.18190795183181763
8146,50,75,0.15216295421123505
8147,12,58,0.4058207869529724
8148,41,41,0.5226991176605225
8149,31,63,0.3944489359855652
8150,34,94,0.242902934551239
8151,93,93,0.13655194640159607
8152,84,75,0.2180592119693756
8153,26,93,0.1358930915594101
8154,74,51,0.17677365243434906
8155,78,5,0.11390294134616852
8156,50,36,0.33453184366226196
8157,57,23,0.13929679989814758
8158,54,11,0.44145438075065613
8159,2,45,0.30901700258255005
8160,95,73,0.2873667776584625
8161,44,44,0.1057649701833725
8162,66,97,0.16719160974025726
8163,60,60,0.9693341255187988
8164,26,46,0.12873195111751556
8165,58,89,0.3461914658546448
8166,82,82,0.5966755747795105
8167,67,20,0.21001847088336945
8168,98,40,0.2483915537595749
8169,89,89,0.4483467936515808
8170,28,20,0.8186188340187073
8171,55,63,0.2789752185344696
8172,95,95,0.2762027978897095
8173,76,69,0.34327077865600586
8174,60,60,0.9124261736869812
8175,76,76,0.1598028689622879
8176,91,91,0.8830189108848572
8177,37,31,0.18447858095169067
8178,2,33,0.0919647067785263
8179,3,63,0.26789402961730957
8180,62,62,0.5858747363090515
8181,43,36,0.07824692875146866
8182,91,74,0.14631342887878418
8183,48,48,0.9572954773902893
8184,63,63,0.22555206716060638
8185,34,63,0.2578001916408539
8186,56,43,0.14907976984977722
8187,34,66,0.2691631615161896
8188,53,6,0.747947096824646
8189,3,21,0.2044556438922882
8190,28,28,0.5035167336463928
8191,8,89,0.1561511605978012
8192,40,98,0.12089230865240097
8193,44,43,0.09530721604824066
8194,33,96,0.22015802562236786
8195,61,61,0.7054848670959473
8196,60,60,0.6557179093360901
8197,73,73,0.47814232110977173
8198,61,61,0.39472824335098267
8199,26,93,0.10670537501573563
8200,59,56,0.31380683183670044
8201,4,87,0.1266334354877472
8202,49,95,0.2981685698032379
8203,92,47,0.4953506588935852
8204,92,92,0.4246385097503662
8205,6,34,0.18314963579177856
8206,72,32,0.2097349613904953
8207,86,63,0.11987859010696411
8208,18,96,0.1778605431318283
8209,20,20,0.795142650604248
8210,55,72,0.19018521904945374
8211,0,88,0.16707880795001984
8212,85,85,0.21706821024417877
8213,75,80,0.16843527555465698
8214,18,9,0.11479783058166504
8215,23,30,0.19965673983097076
8216,74,43,0.08390327543020248
8217,95,95,0.2572574317455292
8218,81,87,0.10031768679618835
8219,58,7,0.1337975412607193
8220,73,73,0.37064406275749207
8221,60,71,0.38836008310317993
8222,21,21,0.21016544103622437
8223,14,6,0.3032132387161255
8224,19,85,0.1549585461616516
8225,87,87,0.3558456003665924
8226,47,96,0.3472446799278259
8227,79,79,0.15758590400218964
8228,90,1,0.2965971827507019
8229,75,40,0.0992414578795433
8230,73,63,0.3779321610927582
8231,15,17,0.41438397765159607
8232,41,26,0.6419904828071594
8233,39,21,0.3233634829521179
8234,99,88,0.20478272438049316
8235,11,66,0.10293807089328766
8236,94,21,0.19746126234531403
8237,45,45,0.4432123303413391
8238,91,54,0.684902548789978
8239,36,36,0.3854467272758484
8240,77,47,0.30416738986968994
8241,3,3,0.4188216030597687
8242,75,75,0.15091662108898163
8243,92,92,0.3813745379447937
8244,94,94,0.4530653953552246
8245,61,61,0.44354042410850525
8246,50,85,0.32874318957328796
8247,38,38,0.29909348487854004
8248,12,12,0.4594945013523102
8249,1,1,0.8790446519851685
8250,0,94,0.6751631498336792
8251,30,30,0.4549870491027832
8252,84,84,0.3689546287059784
8253,98,35,0.2141381800174713
8254,29,6,0.3394445478916168
8255,7,7,0.1339680701494217
8256,18,9,0.09839155524969101
8257,48,48,0.9333739876747131
8258,89,58,0.1058705672621727
8259,91,91,0.8888431191444397
8260,84,35,0.17435717582702637
8261,63,4,0.1529684066772461
8262,62,70,0.4518711268901825
8263,31,31,0.27120840549468994
8264,40,95,0.22200603783130646
8265,55,56,0.39268994331359863
8266,30,30,0.4104994833469391
8267,61,61,0.32520779967308044
8268,86,86,0.43731921911239624
8269,47,50,0.09252792596817017
8270,33,96,0.40022802352905273
8271,11,1,0.1449355036020279
8272,25,24,0.09839529544115067
8273,14,34,0.19503077864646912
8274,28,28,0.3261135220527649
8275,75,21,0.12549854815006256
8276,11,12,0.5110915303230286
8277,81,48,0.18171246349811554
8278,61,93,0.20348931849002838
8279,73,73,0.3743404150009155
8280,79,7,0.35433313250541687
8281,5,68,0.7003579139709473
8282,88,1,0.06494302302598953
8283,56,12,0.29177987575531006
8284,81,37,0.17877525091171265
8285,31,33,0.16625000536441803
8286,84,20,0.8086760640144348
8287,69,69,0.23634427785873413
8288,30,30,0.48261725902557373
8289,6,82,0.6032868027687073
8290,68,72,0.1480998694896698
8291,70,70,0.4757453203201294
8292,12,87,0.4170624315738678
8293,74,51,0.12956757843494415
8294,7,33,0.14589431881904602
8295,21,63,0.15851347148418427
8296,55,23,0.23729467391967773
8297,71,68,0.49382656812667847
8298,5,5,0.13693758845329285
8299,14,14,0.45137929916381836
8300,48,48,0.928421139717102
8301,18,18,0.4319622218608856
8302,0,0,0.9012428522109985
8303,70,92,0.6141864061355591
8304,38,59,0.3829014003276825
8305,26,4,0.5138983726501465
8306,24,24,0.4180011749267578
8307,69,69,0.29296794533729553
8308,16,87,0.4572615325450897
8309,9,77,0.09066451340913773
8310,42,63,0.09788640588521957
8311,41,41,0.6317754983901978
8312,39,23,0.17767742276191711
8313,27,75,0.38195422291755676
8314,0,0,0.6280383467674255
8315,70,92,0.15849249064922333
8316,85,85,0.315276563167572
8317,9,9,0.7484859228134155
8318,43,4,0.17891044914722443
8319,79,30,0.1987680345773697
8320,77,72,0.11979198455810547
8321,75,75,0.3690146505832672
8322,74,74,0.3055681586265564
8323,80,38,0.15987685322761536
8324,42,66,0.10998580604791641
8325,67,45,0.2819468677043915
8326,8,31,0.15795651078224182
8327,0,0,0.7704378962516785
8328,36,63,0.09570325165987015
8329,89,89,0.4151662290096283
8330,43,43,0.4182141423225403
8331,46,92,0.3856009840965271
8332,69,69,0.49219265580177307
8333,56,21,0.09897593408823013
8334,42,63,0.10106009244918823
8335,10,61,0.2742505669593811
8336,71,71,0.3316858410835266
8337,98,98,0.5436157584190369
8338,55,27,0.17705996334552765
8339,40,95,0.18309427797794342
8340,16,9,0.17395299673080444
8341,0,45,0.26034995913505554
8342,21,95,0.3541267514228821
8343,2,2,0.11403440684080124
8344,1,1,0.47792601585388184
8345,64,31,0.4274577498435974
8346,52,52,0.44343268871307373
8347,43,94,0.220413476228714
8348,83,83,0.6130247116088867
8349,65,21,0.13292546570301056
8350,68,68,0.5747379064559937
8351,18,91,0.09036698192358017
8352,1,1,0.20137913525104523
8353,25,71,0.17300789058208466
8354,96,31,0.11907597631216049
8355,46,36,0.11013234406709671
8356,47,47,0.5058948993682861
8357,90,12,0.28619247674942017
8358,2,2,0.22840888798236847
8359,28,28,0.6583561897277832
8360,37,17,0.3524148464202881
8361,61,73,0.12275784462690353
8362,31,31,0.6431463956832886
8363,77,14,0.17552463710308075
8364,4,74,0.12384303659200668
8365,92,70,0.20873047411441803
8366,38,33,0.09754177927970886
8367,93,95,0.3051876723766327
8368,28,28,0.43130940198898315
8369,39,25,0.2837364077568054
8370,18,77,0.21565857529640198
8371,41,41,0.9644544720649719
8372,44,74,0.1447545289993286
8373,49,49,0.6996623873710632
8374,1,92,0.39437922835350037
8375,11,0,0.6609119176864624
8376,19,97,0.20191362500190735
8377,91,5,0.08338954299688339
8378,82,21,0.28350481390953064
8379,4,4,0.17178930342197418
8380,60,60,0.3534153401851654
8381,34,78,0.10082831978797913
8382,56,56,0.8776615858078003
8383,19,25,0.12112961709499359
8384,32,32,0.5078651905059814
8385,74,42,0.12925079464912415
8386,87,87,0.18366824090480804
8387,99,95,0.17264552414417267
8388,72,49,0.2350170910358429
8389,98,5,0.4066704511642456
8390,8,94,0.12578797340393066
8391,58,58,0.7372593879699707
8392,93,95,0.4180890917778015
8393,87,21,0.28349003195762634
8394,87,54,0.4101901948451996
8395,24,28,0.12487718462944031
8396,35,86,0.3292827308177948
8397,43,53,0.3760857880115509
8398,52,52,0.7489338517189026
8399,6,82,0.6482337117195129
8400,4,30,0.47826889157295227
8401,33,33,0.2729554772377014
8402,8,8,0.643520176410675
8403,63,63,0.25119322538375854
8404,26,58,0.6799140572547913
8405,34,34,0.28692349791526794
8406,39,95,0.22960495948791504
8407,97,33,0.09081877022981644
8408,47,32,0.09807153046131134
8409,75,48,0.18955378234386444
8410,33,63,0.21436260640621185
8411,87,87,0.9278441071510315
8412,49,96,0.39473479986190796
8413,46,98,0.485507994890213
8414,16,16,0.7933381199836731
8415,33,33,0.8486037850379944
8416,76,68,0.37466058135032654
8417,41,41,0.9763052463531494
8418,97,63,0.1980874240398407
8419,8,7,0.08813375234603882
8420,75,38,0.2260569930076599
8421,17,17,0.35396987199783325
8422,80,65,0.17208445072174072
8423,93,93,0.4491559863090515
8424,27,80,0.13797593116760254
8425,4,74,0.23515117168426514
8426,41,82,0.42677727341651917
8427,49,60,0.6930131912231445
8428,30,73,0.4473007321357727
8429,31,93,0.11079486459493637
8430,21,43,0.13910970091819763
8431,77,77,0.2358560413122177
8432,90,87,0.19494415819644928
8433,54,54,0.5823112726211548
8434,87,87,0.3698199689388275
8435,86,86,0.3889581859111786
8436,37,15,0.21840405464172363
8437,47,76,0.2519518733024597
8438,66,38,0.31438934803009033
8439,2,35,0.1756085753440857
8440,73,95,0.5625542998313904
8441,55,72,0.2590246796607971
8442,25,16,0.32119646668434143
8443,62,62,0.43771058320999146
8444,26,36,0.19680935144424438
8445,19,97,0.25307825207710266
8446,28,61,0.16043831408023834
8447,15,89,0.20253197848796844
8448,14,92,0.14345604181289673
8449,59,37,0.18069307506084442
8450,69,17,0.5149732828140259
8451,45,70,0.19552217423915863
8452,92,45,0.3918779790401459
8453,39,26,0.17921800911426544
8454,42,39,0.17561963200569153
8455,58,91,0.23274551331996918
8456,49,37,0.14484091103076935
8457,48,48,0.2536725699901581
8458,44,33,0.24617993831634521
8459,71,71,0.5734716653823853
8460,48,58,0.22224567830562592
8461,69,69,0.08965662866830826
8462,9,87,0.5026903748512268
8463,77,5,0.28589069843292236
8464,25,19,0.11776170134544373
8465,35,35,0.2859067916870117
8466,23,71,0.6956225037574768
8467,66,97,0.33568108081817627
8468,66,48,0.195737823843956
8469,88,94,0.4328179657459259
8470,82,82,0.976738452911377
8471,1,48,0.3535141348838806
8472,39,30,0.1494426131248474
8473,88,26,0.19878296554088593
8474,93,39,0.39776331186294556
8475,82,47,0.399243026971817
8476,7,14,0.3155122995376587
8477,17,17,0.2028239667415619
8478,56,59,0.2841394543647766
8479,40,16,0.22274166345596313
8480,70,83,0.2992638945579529
8481,1,41,0.713092565536499
8482,68,68,0.5653343796730042
8483,59,52,0.9207066297531128
8484,69,69,0.34468668699264526
8485,45,91,0.10779979079961777
8486,16,16,0.6939228177070618
8487,6,62,0.530413806438446
8488,85,85,0.7043794989585876
8489,12,49,0.17308101058006287
8490,99,99,0.17879506945610046
8491,88,26,0.24342598021030426
8492,40,40,0.6654440760612488
8493,68,12,0.10359326750040054
8494,36,36,0.14847421646118164
8495,23,69,0.3906371593475342
8496,17,93,0.23547980189323425
8497,13,43,0.08795531839132309
8498,20,50,0.17182433605194092
8499,46,11,0.13010157644748688
8500,75,66,0.11158034950494766
8501,61,64,0.12072532624006271
8502,70,62,0.30718523263931274
8503,58,58,0.4693593978881836
8504,42,34,0.11396684497594833
8505,51,51,0.246754452586174
8506,75,75,0.30569222569465637
8507,73,28,0.23740944266319275
8508,70,92,0.40586021542549133
8509,37,37,0.30008015036582947
8510,28,23,0.1952737420797348
8511,90,58,0.4129526615142822
8512,95,30,0.39131662249565125
8513,88,14,0.09635952860116959
8514,68,56,0.23098832368850708
8515,38,38,0.6477418541908264
8516,95,95,0.44373607635498047
8517,77,79,0.3625204861164093
8518,16,43,0.2500624358654022
8519,58,45,0.08637148141860962
8520,99,72,0.09422110766172409
8521,39,18,0.2573017179965973
8522,56,95,0.4306938052177429
8523,17,17,0.5402130484580994
8524,33,96,0.23829124867916107
8525,77,96,0.11469639092683792
8526,63,31,0.11794238537549973
8527,87,94,0.5031739473342896
8528,75,36,0.3114476501941681
8529,4,63,0.11195358633995056
8530,16,67,0.19647860527038574
8531,94,47,0.5002816319465637
8532,55,73,0.18862883746623993
8533,76,76,0.914307713508606
8534,60,49,0.6511456370353699
8535,97,97,0.3525620102882385
8536,1,1,0.4833657145500183
8537,0,0,0.5372598171234131
8538,75,75,0.874707818031311
8539,31,31,0.6351155042648315
8540,55,30,0.11139797419309616
8541,71,71,0.9252794981002808
8542,75,75,0.3683348298072815
8543,52,47,0.45277139544487
8544,6,6,0.31769120693206787
8545,43,36,0.2044181376695633
8546,14,74,0.11687000095844269
8547,84,94,0.3939878046512604
8548,14,14,0.3518581986427307
8549,51,63,0.16647090017795563
8550,1,70,0.21132701635360718
8551,88,80,0.13828137516975403
8552,53,53,0.9061111807823181
8553,66,27,0.10389777272939682
8554,5,5,0.2626027762889862
8555,56,59,0.4489777982234955
8556,32,20,0.22575390338897705
8557,52,52,0.2770023047924042
8558,40,9,0.4785955846309662
8559,24,7,0.5906772017478943
8560,86,87,0.42698904871940613
8561,54,2,0.15592728555202484
8562,54,1,0.3352770507335663
8563,88,38,0.17342889308929443
8564,61,61,0.7953938245773315
8565,87,87,0.7106963992118835
8566,54,54,0.369907021522522
8567,24,20,0.3672405779361725
8568,10,78,0.09710301458835602
8569,85,85,0.16838876903057098
8570,17,49,0.16515666246414185
8571,90,58,0.19463187456130981
8572,22,22,0.805022120475769
8573,86,86,0.520480215549469
8574,77,77,0.10519469529390335
8575,79,79,0.21934910118579865
8576,94,63,0.11360376328229904
8577,45,32,0.14021694660186768
8578,0,0,0.8534348011016846
8579,39,39,0.2627093195915222
8580,89,81,0.4041001796722412
8581,82,82,0.2886952757835388
8582,41,41,0.3273601233959198
8583,87,87,0.3450411558151245
8584,91,91,0.45815134048461914
8585,73,87,0.19808948040008545
8586,4,63,0.18330265581607819
8587,62,82,0.9713725447654724
8588,72,33,0.1413322538137436
8589,98,36,0.09447964280843735
8590,10,64,0.21714457869529724
8591,11,11,0.22948916256427765
8592,28,40,0.11105955392122269
8593,38,8,0.24219036102294922
8594,74,27,0.09664782881736755
8595,70,70,0.4992833435535431
8596,13,37,0.1770937293767929
8597,7,7,0.9191989898681641
8598,15,19,0.1516633778810501
8599,24,7,0.1709926426410675
8600,76,73,0.3916011452674866
8601,98,35,0.2340828776359558
8602,67,72,0.18423433601856232
8603,79,79,0.16926568746566772
8604,15,38,0.1608375459909439
8605,47,47,0.6170060038566589
8606,47,47,0.9492475390434265
8607,93,63,0.17340148985385895
8608,73,67,0.2164691686630249
8609,13,81,0.4045165181159973
8610,26,86,0.18496696650981903
8611,70,70,0.44260862469673157
8612,95,30,0.5148947238922119
8613,60,60,0.91062992811203
8614,70,83,0.3877609670162201
8615,11,2,0.334536075592041
8616,82,82,0.728032648563385
8617,66,33,0.47396570444107056
8618,34,6,0.2747552990913391
8619,6,75,0.33483147621154785
8620,65,65,0.15976284444332123
8621,62,62,0.3656856417655945
8622,74,58,0.1719338744878769
8623,46,17,0.1331459879875183
8624,36,43,0.14114700257778168
8625,88,31,0.11162485927343369
8626,96,59,0.28696271777153015
8627,48,48,0.21682237088680267
8628,79,65,0.2688654959201813
8629,50,27,0.10699320584535599
8630,19,50,0.14933553338050842
8631,83,32,0.26332682371139526
8632,66,63,0.16505536437034607
8633,68,68,0.35219693183898926
8634,97,3,0.09220690280199051
8635,64,54,0.12448336184024811
8636,16,16,0.5342689156532288
8637,61,26,0.08960922807455063
8638,16,81,0.2867385745048523
8639,84,95,0.10074765235185623
8640,18,65,0.08895457535982132
8641,29,29,0.22290049493312836
8642,63,74,0.09917719662189484
8643,57,92,0.22471332550048828
8644,9,9,0.27127182483673096
8645,38,38,0.0646781399846077
8646,43,4,0.11955519020557404
8647,74,63,0.1273520141839981
8648,15,12,0.28512218594551086
8649,1,93,0.5469146966934204
8650,67,63,0.2301061451435089
8651,91,33,0.26118385791778564
8652,1,1,0.4920670688152313
8653,84,65,0.09718471765518188
8654,69,56,0.3303907811641693
8655,13,90,0.28239914774894714
8656,10,0,0.3394513726234436
8657,33,33,0.3832598924636841
8658,80,74,0.07796188443899155
8659,68,68,0.5151642560958862
8660,30,30,0.6657810211181641
8661,8,8,0.39900580048561096
8662,3,19,0.4295007288455963
8663,13,20,0.12757456302642822
8664,45,45,0.5301129221916199
8665,18,91,0.4303845465183258
8666,20,24,0.4110862612724304
8667,35,11,0.17107315361499786
8668,28,28,0.7059615254402161
8669,93,74,0.14255397021770477
8670,5,12,0.5689771175384521
8671,53,53,0.26008835434913635
8672,34,4,0.21313606202602386
8673,27,8,0.0741075798869133
8674,93,93,0.4045175015926361
8675,18,77,0.17070744931697845
8676,44,35,0.11049844324588776
8677,93,93,0.6616857051849365
8678,37,12,0.2948801815509796
8679,77,8,0.31552115082740784
8680,46,73,0.10337821394205093
8681,31,31,0.2288185954093933
8682,69,69,0.7808146476745605
8683,47,52,0.45302608609199524
8684,57,5,0.441290944814682
8685,30,95,0.18573689460754395
8686,85,85,0.2806968092918396
8687,80,80,0.13785851001739502
8688,1,1,0.3783279359340668
8689,82,82,0.19325833022594452
8690,45,32,0.16437043249607086
8691,66,38,0.24650037288665771
8692,18,50,0.12293922901153564
8693,58,13,0.4529680013656616
8694,31,19,0.3165574073791504
8695,42,43,0.3458074629306793
8696,23,23,0.1951286941766739
8697,90,85,0.59677654504776
8698,18,63,0.18585455417633057
8699,83,83,0.5610090494155884
8700,19,21,0.3036442995071411
8701,51,65,0.13662585616111755
8702,80,43,0.15770089626312256
8703,23,23,0.4327252209186554
8704,64,98,0.12759895622730255
8705,61,61,0.9967437982559204
8706,40,5,0.5435469150543213
8707,51,72,0.14790605008602142
8708,99,28,0.3733053207397461
8709,28,69,0.3366427421569824
8710,19,63,0.09705760329961777
8711,63,87,0.13963176310062408
8712,7,14,0.28600579500198364
8713,97,97,0.5007476210594177
8714,78,33,0.11104713380336761
8715,34,43,0.4151865839958191
8716,84,60,0.6238420605659485
8717,13,37,0.31034091114997864
8718,50,24,0.4026646018028259
8719,17,49,0.13510571420192719
8720,28,28,0.7992666363716125
8721,29,29,0.5812399983406067
8722,10,40,0.09737963229417801
8723,57,94,0.24771784245967865
8724,83,41,0.2832185626029968
8725,83,62,0.7091234922409058
8726,53,92,0.24223265051841736
8727,73,73,0.3459899425506592
8728,7,7,0.78619384765625
8729,59,76,0.20776613056659698
8730,82,82,0.958651065826416
8731,34,94,0.14631664752960205
8732,15,12,0.18095245957374573
8733,68,68,0.7633012533187866
8734,68,68,0.6056292057037354
8735,34,36,0.16127492487430573
8736,82,82,0.6454138159751892
8737,75,65,0.09213289618492126
8738,37,96,0.2022382915019989
8739,8,8,0.21378332376480103
8740,94,28,0.23626865446567535
8741,16,76,0.39400941133499146
8742,24,24,0.6952214241027832
8743,21,58,0.17356355488300323
8744,8,49,0.3739412724971771
8745,96,47,0.41220036149024963
8746,53,2,0.1438673883676529
8747,49,23,0.17002640664577484
8748,38,63,0.6305373311042786
8749,85,58,0.18981043994426727
8750,27,75,0.3386193811893463
8751,32,32,0.45942023396492004
8752,96,52,0.591457724571228
8753,20,20,0.5722247958183289
8754,29,29,0.43383195996284485
8755,43,36,0.12124801427125931
8756,69,69,0.9367904663085938
8757,94,87,0.20584215223789215
8758,26,1,0.5002715587615967
8759,92,53,0.1866396814584732
8760,23,23,0.2703169584274292
8761,91,91,0.5299479961395264
8762,34,5,0.1765233427286148
8763,48,48,0.783075749874115
8764,71,71,0.42397165298461914
8765,53,47,0.28053128719329834
8766,25,65,0.1911143958568573
8767,0,0,0.9240788817405701
8768,59,56,0.21340638399124146
8769,57,83,0.25996944308280945
8770,69,69,0.7430335879325867
8771,73,95,0.3984166383743286
8772,27,39,0.08304287493228912
8773,12,11,0.12982599437236786
8774,42,43,0.32354894280433655
8775,61,61,0.10306727141141891
8776,21,86,0.21583926677703857
8777,72,95,0.5469891428947449
8778,88,88,0.15447579324245453
8779,28,10,0.24659469723701477
8780,15,32,0.16219815611839294
8781,24,69,0.6122939586639404
8782,1,1,0.13563396036624908
8783,77,38,0.07789646834135056
8784,67,73,0.32363519072532654
8785,82,82,0.9881144165992737
8786,5,36,0.34004178643226624
8787,64,8,0.17421039938926697
8788,51,55,0.0904366672039032
8789,52,52,0.39026114344596863
8790,79,79,0.15364280343055725
8791,70,70,0.4403807520866394
8792,46,3,0.13744395971298218
8793,1,88,0.3172474503517151
8794,59,52,0.44774875044822693
8795,87,87,0.19555392861366272
8796,68,68,0.9106050729751587
8797,88,88,0.7593135833740234
8798,76,9,0.6171640753746033
8799,45,45,0.2922396957874298
8800,15,34,0.11232585459947586
8801,79,14,0.2920265197753906
8802,1,26,0.10756789147853851
8803,35,20,0.10071397572755814
8804,94,86,0.22090910375118256
8805,79,79,0.2211693674325943
8806,16,87,0.3055165708065033
8807,49,71,0.6514682173728943
8808,26,36,0.16184426844120026
8809,72,72,0.2485484927892685
8810,60,60,0.2184552699327469
8811,73,73,0.7036153674125671
8812,9,9,0.3431502878665924
8813,75,18,0.23503871262073517
8814,5,34,0.14579042792320251
8815,72,95,0.10626164823770523
8816,27,89,0.08459711074829102
8817,67,74,0.1016489714384079
8818,38,76,0.18530550599098206
8819,18,51,0.23447319865226746
8820,45,32,0.09385047107934952
8821,36,15,0.07480703294277191
8822,40,54,0.6357915997505188
8823,96,52,0.19115567207336426
8824,35,14,0.12943266332149506
8825,7,65,0.2080441117286682
8826,85,85,0.7081702351570129
8827,30,30,0.5696819424629211
8828,14,14,0.29003459215164185
8829,51,51,0.29753172397613525
8830,79,56,0.1999189555644989
8831,76,82,0.12850214540958405
8832,99,91,0.1358005255460739
8833,86,87,0.2937643229961395
8834,15,65,0.05910002067685127
8835,29,7,0.1841317117214203
8836,63,3,0.07096070051193237
8837,66,64,0.2567112147808075
8838,62,26,0.20249080657958984
8839,80,55,0.06700672954320908
8840,24,24,0.24790062010288239
8841,57,57,0.34025660157203674
8842,43,88,0.1678307205438614
8843,78,58,0.3630433678627014
8844,33,52,0.1014358252286911
8845,99,20,0.08615332841873169
8846,95,95,0.40250107645988464
8847,93,91,0.135274738073349
8848,72,27,0.22886107861995697
8849,71,71,0.3013164699077606
8850,77,64,0.08869244903326035
8851,86,32,0.3097042441368103
8852,64,43,0.16673806309700012
8853,4,93,0.2777421176433563
8854,23,3,0.2038508653640747
8855,62,70,0.4053233563899994
8856,50,27,0.10323527455329895
8857,17,17,0.7960871458053589
8858,98,39,0.11733151227235794
8859,21,72,0.1866520643234253
8860,32,4,0.31705114245414734
8861,57,94,0.15252229571342468
8862,99,61,0.47709593176841736
8863,2,43,0.6925390958786011
8864,6,35,0.20932802557945251
8865,70,98,0.34326717257499695
8866,82,1,0.32260558009147644
8867,82,82,0.5861679315567017
8868,94,87,0.4017956554889679
8869,95,95,0.913689374923706
8870,81,12,0.12124312669038773
8871,96,25,0.29441818594932556
8872,77,4,0.08661197870969772
8873,33,68,0.45455121994018555
8874,67,67,0.3130960464477539
8875,31,87,0.11086975783109665
8876,60,49,0.45846423506736755
8877,7,7,0.19512638449668884
8878,74,6,0.24635463953018188
8879,63,11,0.21824799478054047
8880,62,62,0.9528716206550598
8881,82,62,0.4906434118747711
8882,36,36,0.10858500003814697
8883,12,8,0.3700139820575714
8884,31,31,0.6140201687812805
8885,47,47,0.38675588369369507
8886,75,75,0.8389624953269958
8887,77,43,0.24243943393230438
8888,29,29,0.2885228395462036
8889,94,94,0.974197268486023
8890,27,80,0.0961713120341301
8891,70,79,0.10678765922784805
8892,95,55,0.129294753074646
8893,32,30,0.6793466210365295
8894,38,24,0.12777946889400482
8895,67,26,0.22796230018138885
8896,37,37,0.20973698794841766
8897,2,0,0.1575140804052353
8898,65,64,0.1401512622833252
8899,40,65,0.08037838339805603
8900,53,53,0.40827304124832153
8901,87,87,0.6074836850166321
8902,95,95,0.441033273935318
8903,53,53,0.7440122365951538
8904,42,42,0.1914258748292923
8905,43,21,0.26024293899536133
8906,89,89,0.20294815301895142
8907,69,69,0.5482218861579895
8908,93,93,0.707395613193512
8909,81,5,0.12670157849788666
8910,84,53,0.14373791217803955
8911,71,71,0.3859633207321167
8912,31,31,0.1874941736459732
8913,33,38,0.0860808789730072
8914,73,73,0.3095107078552246
8915,75,58,0.1923845410346985
8916,85,85,0.12212013453245163
8917,47,47,0.9813527464866638
8918,97,97,0.3966624438762665
8919,54,62,0.366014301776886
8920,13,13,0.3554793894290924
8921,24,88,0.08062750846147537
8922,46,5,0.126712828874588
8923,62,45,0.26010075211524963
8924,92,92,0.3693307638168335
8925,53,53,0.8525794148445129
8926,98,41,0.21548022329807281
8927,66,52,0.5449486970901489
8928,45,92,0.3133389949798584
8929,48,48,0.9223185181617737
8930,94,83,0.3006798326969147
8931,16,22,0.46100401878356934
8932,69,40,0.19132423400878906
8933,60,60,0.5607447624206543
8934,27,97,0.1590021550655365
8935,35,24,0.25032728910446167
8936,59,4,0.10377674549818039
8937,47,52,0.41502150893211365
8938,44,30,0.2754499614238739
8939,57,33,0.27504315972328186
8940,4,4,0.30149778723716736
8941,83,62,0.25467705726623535
8942,89,89,0.6261608004570007
8943,71,71,0.6348562240600586
8944,58,49,0.4454469382762909
8945,52,47,0.447334885597229
8946,46,21,0.3347318470478058
8947,58,49,0.43677109479904175
8948,98,11,0.2533012628555298
8949,22,37,0.0944998562335968
8950,62,83,0.27835899591445923
8951,47,52,0.9309692978858948
8952,2,73,0.2972446084022522
8953,58,58,0.8205683827400208
8954,77,77,0.2724258005619049
8955,96,96,0.6053283214569092
8956,86,39,0.17684589326381683
8957,33,62,0.2230633795261383
8958,13,58,0.6475898623466492
8959,69,68,0.3433634340763092
8960,97,50,0.1307063102722168
8961,14,66,0.1541551798582077
8962,51,1,0.13244949281215668
8963,2,33,0.1052844300866127
8964,4,74,0.15452691912651062
8965,29,99,0.061308689415454865
8966,58,83,0.15859289467334747
8967,44,38,0.14116033911705017
8968,6,43,0.45315027236938477
8969,80,38,0.22210435569286346
8970,81,13,0.11845573782920837
8971,99,73,0.427968293428421
8972,28,87,0.09978508204221725
8973,50,42,0.21315020322799683
8974,57,77,0.09099509567022324
8975,88,42,0.2033776491880417
8976,25,1,0.34365570545196533
8977,38,51,0.23207704722881317
8978,71,73,0.38517239689826965
8979,47,47,0.8361935019493103
8980,53,13,0.4084753692150116
8981,48,48,0.9993440508842468
8982,79,7,0.7082173228263855
8983,59,56,0.5373188853263855
8984,29,31,0.20482896268367767
8985,82,82,0.7086308598518372
8986,90,58,0.15895295143127441
8987,26,93,0.1156935915350914
8988,81,5,0.22001172602176666
8989,17,52,0.30864840745925903
8990,14,75,0.25468286871910095
8991,69,69,0.8674729466438293
8992,25,81,0.24509231746196747
8993,32,13,0.18579956889152527
8994,39,39,0.407289057970047
8995,14,0,0.26961827278137207
8996,89,90,0.2990877330303192
8997,3,21,0.2572197914123535
8998,67,67,0.3456244170665741
8999,78,40,0.6845853328704834
9000,28,28,0.1697300225496292
9001,98,83,0.47444072365760803
9002,88,64,0.18689259886741638
9003,20,20,0.8585548400878906
9004,3,4,0.10879816859960556
9005,18,34,0.10853315889835358
9006,60,68,0.7958307862281799
9007,48,48,0.7670570611953735
9008,69,96,0.2796538174152374
9009,18,77,0.1290450096130371
9010,41,65,0.14246203005313873
9011,6,6,0.33429402112960815
9012,39,26,0.25646069645881653
9013,44,12,0.33556559681892395
9014,15,76,0.13255788385868073
9015,37,37,0.4127197563648224
9016,57,20,0.14087669551372528
9017,48,48,0.9537771344184875
9018,98,99,0.14744071662425995
9019,89,96,0.2111756056547165
9020,67,73,0.24604569375514984
9021,77,14,0.16381998360157013
9022,38,44,0.08439695090055466
9023,71,71,0.12704189121723175
9024,21,43,0.19654732942581177
9025,96,96,0.34042397141456604
9026,11,48,0.4415765106678009
9027,13,33,0.213345468044281
9028,84,5,0.23745515942573547
9029,73,95,0.402694970369339
9030,58,58,0.2227150797843933
9031,73,30,0.6338346004486084
9032,35,98,0.20374085009098053
9033,31,23,0.11450537294149399
9034,83,62,0.1806878298521042
9035,59,33,0.14074498414993286
9036,77,27,0.112178273499012
9037,50,4,0.24277737736701965
9038,41,68,0.11158907413482666
9039,89,89,0.2518453299999237
9040,19,35,0.11434333771467209
9041,54,64,0.29943907260894775
9042,4,33,0.1096276193857193
9043,68,68,0.8201240301132202
9044,9,6,0.26242679357528687
9045,91,91,0.5403643250465393
9046,67,67,0.325586199760437
9047,19,41,0.5713905096054077
9048,40,72,0.11592653393745422
9049,71,71,0.7205579280853271
9050,57,18,0.21663643419742584
9051,38,38,0.09756329655647278
9052,9,9,0.9436861276626587
9053,82,82,0.9727081656455994
9054,3,95,0.33352741599082947
9055,76,76,0.4942798316478729
9056,20,20,0.16060654819011688
9057,60,71,0.865153431892395
9058,42,33,0.44875478744506836
9059,94,94,0.8292808532714844
9060,26,21,0.08165985345840454
9061,72,72,0.24590300023555756
9062,6,14,0.35020145773887634
9063,25,50,0.10876785963773727
9064,61,5,0.10996689647436142
9065,36,63,0.12016785144805908
9066,4,43,0.3537245988845825
9067,14,2,0.08454011380672455
9068,61,63,0.17622655630111694
9069,60,68,0.5521517395973206
9070,14,88,0.15462395548820496
9071,62,62,0.6976577639579773
9072,27,36,0.21472656726837158
9073,66,65,0.13660269975662231
9074,16,85,0.45590755343437195
9075,67,67,0.229400172829628
9076,93,63,0.3784976899623871
9077,23,71,0.5117157101631165
9078,33,33,0.2655254304409027
9079,88,43,0.19659079611301422
9080,18,5,0.196868896484375
9081,58,58,0.5483022928237915
9082,0,1,0.4152655303478241
9083,83,83,0.5041009783744812
9084,23,67,0.14669755101203918
9085,85,47,0.12196999043226242
9086,56,38,0.08167888969182968
9087,20,5,0.18543741106987
9088,45,79,0.1551416516304016
9089,20,20,0.9694355130195618
9090,30,73,0.5874330401420593
9091,96,52,0.7319239377975464
9092,19,75,0.386782169342041
9093,15,44,0.10215985774993896
9094,98,56,0.11579813808202744
9095,51,38,0.1595887988805771
9096,26,24,0.2591749131679535
9097,0,83,0.8459386229515076
9098,56,56,0.27557530999183655
9099,47,47,0.6553900837898254
9100,57,51,0.6121878623962402
9101,59,52,0.8129544854164124
9102,10,92,0.08364845812320709
9103,51,56,0.2682395279407501
9104,65,6,0.2522010803222656
9105,3,89,0.15732185542583466
9106,23,49,0.1742701530456543
9107,9,9,0.622822105884552
9108,77,27,0.08133343607187271
9109,43,62,0.10299080610275269
9110,15,77,0.0819893553853035
9111,55,27,0.11548671871423721
9112,77,77,0.2014222890138626
9113,19,75,0.11097090691328049
9114,73,95,0.4861307442188263
9115,77,79,0.17741963267326355
9116,7,7,0.7417306303977966
9117,29,56,0.2656556963920593
9118,4,3,0.23619641363620758
9119,61,61,0.699303388595581
9120,64,14,0.4883228838443756
9121,30,93,0.32314395904541016
9122,39,39,0.8918872475624084
9123,70,82,0.7307792901992798
9124,19,16,0.6185078620910645
9125,51,19,0.3378638029098511
9126,9,13,0.25476786494255066
9127,17,17,0.7630500793457031
9128,28,86,0.14161206781864166
9129,45,67,0.07023759931325912
9130,28,86,0.08918676525354385
9131,12,68,0.6142010688781738
9132,83,45,0.1251097321510315
9133,49,49,0.46513497829437256
9134,63,36,0.3507041037082672
9135,71,71,0.8352925777435303
9136,12,12,0.4303998351097107
9137,11,1,0.24420113861560822
9138,77,34,0.11975226551294327
9139,35,0,0.14383402466773987
9140,29,37,0.252743124961853
9141,40,9,0.18942493200302124
9142,15,43,0.28977757692337036
9143,84,20,0.10786069184541702
9144,19,19,0.2784236669540405
9145,66,36,0.35602867603302
9146,70,70,0.5070270895957947
9147,62,62,0.648921549320221
9148,34,43,0.18873609602451324
9149,94,87,0.39025402069091797
9150,72,67,0.413000226020813
9151,35,62,0.43981102108955383
9152,50,79,0.1825525313615799
9153,99,58,0.43517887592315674
9154,33,96,0.44702237844467163
9155,90,90,0.0778764858841896
9156,16,16,0.3533123731613159
9157,56,59,0.2681139409542084
9158,4,21,0.19410434365272522
9159,24,24,0.5648699402809143
9160,60,71,0.3847057819366455
9161,3,75,0.21764788031578064
9162,19,89,0.4175080955028534
9163,14,45,0.572640061378479
9164,23,23,0.1437038779258728
9165,68,68,0.38320764899253845
9166,91,6,0.05046871677041054
9167,81,31,0.23306986689567566
9168,61,22,0.30133482813835144
9169,90,37,0.2318783700466156
9170,21,21,0.5209460258483887
9171,57,57,0.7039677500724792
9172,22,22,0.30068299174308777
9173,87,87,0.354704350233078
9174,82,82,0.6464760303497314
9175,12,49,0.3728456497192383
9176,38,79,0.1951735019683838
9177,10,50,0.12463095039129257
9178,93,20,0.3098893463611603
9179,77,75,0.13347992300987244
9180,84,84,0.28773412108421326
9181,41,41,0.2647261321544647
9182,64,38,0.1345439851284027
9183,76,76,0.14651460945606232
9184,25,5,0.09726158529520035
9185,91,91,0.848196804523468
9186,94,94,0.8539642095565796
9187,42,31,0.07950171083211899
9188,79,36,0.12380222231149673
9189,19,75,0.35876402258872986
9190,76,91,0.10311955213546753
9191,87,37,0.2973322868347168
9192,18,83,0.2314717173576355
9193,51,47,0.17418237030506134
9194,1,8,0.09995920211076736
9195,50,1,0.43583443760871887
9196,37,25,0.10940679162740707
9197,6,6,0.21683065593242645
9198,45,92,0.1543213576078415
9199,23,23,0.1285221129655838
9200,0,0,0.8550431132316589
9201,55,74,0.20095022022724152
9202,91,91,0.24421203136444092
9203,89,51,0.13023874163627625
9204,95,7,0.09888696670532227
9205,48,22,0.1506134569644928
9206,45,39,0.525891125202179
9207,54,54,0.6378810405731201
9208,69,76,0.3712472915649414
9209,82,82,0.23538412153720856
9210,68,68,0.9761319756507874
9211,56,52,0.5036101937294006
9212,94,50,0.1256348192691803
9213,80,50,0.21256347000598907
9214,40,13,0.18867278099060059
9215,67,67,0.318591445684433
9216,71,71,0.43080198764801025
9217,5,23,0.2655642628669739
9218,50,61,0.12399711459875107
9219,60,60,0.8392138481140137
9220,79,79,0.4781512916088104
9221,0,0,0.7561101317405701
9222,44,45,0.10486823320388794
9223,55,7,0.2331390082836151
9224,46,2,0.2613755762577057
9225,80,20,0.19102314114570618
9226,2,2,0.4634532630443573
9227,32,32,0.2977886497974396
9228,92,0,0.8232563734054565
9229,45,61,0.2431071549654007
9230,69,69,0.3398897051811218
9231,97,97,0.3826045095920563
9232,13,81,0.33362069725990295
9233,30,30,0.11919854581356049
9234,27,5,0.12281027436256409
9235,74,91,0.3228277564048767
9236,8,56,0.13971905410289764
9237,17,17,0.5273087620735168
9238,42,42,0.43460795283317566
9239,91,91,0.2322462648153305
9240,11,46,0.3826298415660858
9241,36,47,0.11480339616537094
9242,69,69,0.5206888318061829
9243,50,43,0.08057977259159088
9244,57,18,0.19534575939178467
9245,84,5,0.21158826351165771
9246,90,49,0.1926593780517578
9247,85,90,0.15607064962387085
9248,3,3,0.1048455536365509
9249,91,71,0.10504981875419617
9250,79,50,0.10634856671094894
9251,76,76,0.8422800302505493
9252,13,81,0.4302957057952881
9253,8,8,0.9669705629348755
9254,92,70,0.17906035482883453
9255,69,59,0.2679871618747711
9256,82,92,0.27577197551727295
9257,7,7,0.27655887603759766
9258,73,73,0.3592955470085144
9259,89,89,0.5397977828979492
9260,32,46,0.3518570065498352
9261,42,42,0.37669360637664795
9262,39,39,0.34839457273483276
9263,26,26,0.2101469188928604
9264,80,36,0.13767604529857635
9265,74,4,0.20093360543251038
9266,15,38,0.1977599412202835
9267,74,98,0.21563094854354858
9268,16,86,0.3167553246021271
9269,57,82,0.3642677962779999
9270,94,94,0.19684699177742004
9271,60,47,0.15042850375175476
9272,33,27,0.06553065776824951
9273,83,33,0.3578118085861206
9274,62,62,0.6860495805740356
9275,85,58,0.2738901972770691
9276,48,48,0.9193158149719238
9277,33,89,0.45720720291137695
9278,11,41,0.3887310326099396
9279,5,5,0.08584120869636536
9280,2,62,0.17760077118873596
9281,18,18,0.15872424840927124
9282,75,75,0.4378451108932495
9283,75,75,0.4762064516544342
9284,4,91,0.16765311360359192
9285,3,33,0.22485919296741486
9286,72,33,0.2061675786972046
9287,17,17,0.5106582641601562
9288,89,89,0.3555261194705963
9289,70,92,0.331802636384964
9290,19,19,0.1750146597623825
9291,36,50,0.07122614979743958
9292,77,63,0.3566085398197174
9293,67,39,0.20251156389713287
9294,83,83,0.3764514923095703
9295,63,43,0.2629431188106537
9296,2,20,0.3297494649887085
9297,92,62,0.4155333638191223
9298,17,37,0.6008802652359009
9299,98,36,0.2729780673980713
9300,99,73,0.7058019042015076
9301,77,43,0.16894470155239105
9302,56,47,0.30099207162857056
9303,22,1,0.3038060963153839
9304,84,9,0.1166754812002182
9305,14,92,0.28280118107795715
9306,71,71,0.4159659147262573
9307,94,94,0.5728088617324829
9308,44,67,0.10700348764657974
9309,73,12,0.4955213665962219
9310,41,41,0.8966705203056335
9311,96,52,0.8717197775840759
9312,91,54,0.5111053586006165
9313,85,47,0.1413908302783966
9314,43,43,0.5469850897789001
9315,82,82,0.9133812189102173
9316,40,95,0.29058465361595154
9317,97,95,0.3008982241153717
9318,42,8,0.21298928558826447
9319,96,33,0.19349606335163116
9320,47,52,0.4374625086784363
9321,22,55,0.08004079759120941
9322,1,53,0.5328675508499146
9323,46,2,0.11372964829206467
9324,78,94,0.15257582068443298
9325,72,42,0.14259234070777893
9326,93,26,0.11240550875663757
9327,85,85,0.7191517949104309
9328,18,58,0.5449400544166565
9329,63,72,0.10154379904270172
9330,65,91,0.22491109371185303
9331,25,5,0.4016464948654175
9332,44,8,0.3190461993217468
9333,2,88,0.16194318234920502
9334,86,16,0.09261051565408707
9335,45,89,0.19864019751548767
9336,59,59,0.4593629240989685
9337,2,2,0.22929011285305023
9338,54,98,0.17285557091236115
9339,11,21,0.4694145619869232
9340,56,93,0.13603529334068298
9341,75,55,0.19007396697998047
9342,47,52,0.5807940363883972
9343,76,76,0.5179538726806641
9344,20,13,0.45425286889076233
9345,48,41,0.7418811321258545
9346,97,64,0.13987211883068085
9347,9,9,0.8557685613632202
9348,45,5,0.2403496354818344
9349,38,80,0.1231156662106514
9350,84,43,0.136540949344635
9351,3,75,0.5247619152069092
9352,36,50,0.13729976117610931
9353,43,43,0.3317704498767853
9354,84,33,0.15101145207881927
9355,18,18,0.25425955653190613
9356,6,82,0.5967195630073547
9357,9,9,0.1630595326423645
9358,72,32,0.17310811579227448
9359,38,77,0.17476551234722137
9360,6,82,0.4103390872478485
9361,75,75,0.8023982048034668
9362,15,15,0.4536692202091217
9363,29,6,0.2184905856847763
9364,35,35,0.257231742143631
9365,25,20,0.21865786612033844
9366,95,30,0.4937702715396881
9367,3,21,0.4684990644454956
9368,58,12,0.08248366415500641
9369,74,91,0.130280539393425
9370,44,48,0.1324983835220337
9371,83,83,0.37645724415779114
9372,91,32,0.33865267038345337
9373,74,27,0.2797536849975586
9374,86,74,0.10416985303163528
9375,25,30,0.16955852508544922
9376,38,80,0.06838558614253998
9377,58,58,0.9836668968200684
9378,36,9,0.33102384209632874
9379,90,32,0.16562284529209137
9380,8,37,0.24382132291793823
9381,49,53,0.22266776859760284
9382,65,80,0.07153031975030899
9383,95,95,0.44786155223846436
9384,92,93,0.11697106808423996
9385,14,62,0.7530869245529175
9386,81,37,0.3833429217338562
9387,0,47,0.7361344695091248
9388,58,58,0.24050702154636383
9389,96,96,0.29084309935569763
9390,1,65,0.1622624546289444
9391,61,61,0.22512564063072205
9392,59,67,0.24827128648757935
9393,21,21,0.22332938015460968
9394,60,60,0.914909839630127
9395,89,65,0.1433425396680832
9396,82,82,0.6817281246185303
9397,10,22,0.18651315569877625
9398,80,57,0.10472641885280609
9399,52,52,0.97542405128479
9400,65,97,0.16807110607624054
9401,55,72,0.13850665092468262
9402,32,91,0.42987680435180664
9403,77,6,0.19454702734947205
9404,69,23,0.44710084795951843
9405,26,91,0.1457504779100418
9406,42,42,0.5339548587799072
9407,79,37,0.2986023724079132
9408,46,46,0.4231387972831726
9409,20,20,0.9429555535316467
9410,38,38,0.15001757442951202
9411,52,52,0.697491466999054
9412,15,83,0.09272649139165878
9413,7,99,0.09562905132770538
9414,65,25,0.23865894973278046
9415,63,63,0.2684161365032196
9416,96,52,0.3251522481441498
9417,26,86,0.32873886823654175
9418,29,29,0.2667359411716461
9419,3,75,0.14423422515392303
9420,79,50,0.07439534366130829
9421,39,39,0.9219163060188293
9422,30,30,0.4417457580566406
9423,99,67,0.1850079894065857
9424,2,78,0.07926379144191742
9425,8,37,0.1966470181941986
9426,19,89,0.48793286085128784
9427,52,52,0.7236693501472473
9428,69,24,0.10139253735542297
9429,58,11,0.24122147262096405
9430,54,91,0.14017844200134277
9431,82,82,0.48877638578414917
9432,3,31,0.32485705614089966
9433,82,77,0.09958183765411377
9434,93,73,0.3145870566368103
9435,70,83,0.49000653624534607
9436,99,27,0.07412797212600708
9437,21,3,0.32810136675834656
9438,17,52,0.47526946663856506
9439,56,37,0.3079437017440796
9440,64,65,0.23540227115154266
9441,74,97,0.09929288923740387
9442,1,1,0.29564014077186584
9443,62,92,0.3773787319660187
9444,61,22,0.4995477795600891
9445,85,32,0.16397611796855927
9446,78,43,0.23077000677585602
9447,58,13,0.36996379494667053
9448,28,63,0.19137154519557953
9449,53,53,0.5556970238685608
9450,74,48,0.12158597260713577
9451,47,59,0.29573822021484375
9452,5,20,0.35058337450027466
9453,34,2,0.16928507387638092
9454,81,90,0.3615347445011139
9455,64,14,0.30829137563705444
9456,77,24,0.28382089734077454
9457,30,67,0.17343075573444366
9458,66,85,0.23093852400779724
9459,4,39,0.054532241076231
9460,45,45,0.1843261867761612
9461,30,93,0.34578004479408264
9462,98,58,0.208389014005661
9463,44,7,0.2190387099981308
9464,95,39,0.09010455012321472
9465,87,87,0.6178019642829895
9466,63,72,0.0961078479886055
9467,87,87,0.9245867133140564
9468,26,4,0.14574182033538818
9469,41,41,0.9410620331764221
9470,70,92,0.5428469777107239
9471,22,83,0.1118561327457428
9472,21,21,0.643558919429779
9473,32,12,0.366340696811676
9474,90,90,0.39108017086982727
9475,36,77,0.0861504003405571
9476,85,85,0.5097268223762512
9477,74,32,0.08348794281482697
9478,87,87,0.08315514773130417
9479,21,21,0.12044274806976318
9480,87,87,0.566825807094574
9481,71,71,0.6481553316116333
9482,53,92,0.5091747641563416
9483,27,27,0.2232908308506012
9484,63,74,0.22580595314502716
9485,1,92,0.31969118118286133
9486,8,17,0.15313398838043213
9487,93,24,0.38210704922676086
9488,98,86,0.17554697394371033
9489,61,61,0.1888343095779419
9490,88,5,0.14726842939853668
9491,37,58,0.7161484360694885
9492,10,10,0.5259871482849121
9493,83,83,0.5452227592468262
9494,91,37,0.10229581594467163
9495,85,12,0.22690807282924652
9496,34,97,0.09043710678815842
9497,24,87,0.23774480819702148
9498,50,20,0.13400591909885406
9499,49,23,0.3650224804878235
9500,12,59,0.4711580276489258
9501,28,28,0.39883866906166077
9502,74,31,0.11029458045959473
9503,44,62,0.11193439364433289
9504,58,25,0.21151424944400787
9505,45,44,0.08758748322725296
9506,87,87,0.5010234117507935
9507,79,30,0.11785097420215607
9508,32,4,0.09974100440740585
9509,14,99,0.07923588156700134
9510,47,52,0.5438461303710938
9511,31,33,0.4321800172328949
9512,77,5,0.08662094175815582
9513,59,52,0.3277462422847748
9514,60,60,0.2838262617588043
9515,71,71,0.4619187116622925
9516,25,87,0.6094188094139099
9517,67,67,0.4521024823188782
9518,81,13,0.1817173808813095
9519,98,24,0.10616485029459
9520,54,92,0.32815614342689514
9521,67,73,0.7138581871986389
9522,17,94,0.09609939903020859
9523,21,21,0.6339036822319031
9524,1,1,0.450764000415802
9525,88,26,0.08250373601913452
9526,21,21,0.4931696057319641
9527,77,40,0.10675568133592606
9528,95,55,0.07156064361333847
9529,91,5,0.2038222849369049
9530,12,37,0.28281351923942566
9531,15,66,0.107659712433815
9532,82,82,0.4926278591156006
9533,22,33,0.20935171842575073
9534,16,5,0.41827166080474854
9535,66,66,0.2037811130285263
9536,25,91,0.122520312666893
9537,1,45,0.08842305839061737
9538,29,33,0.10519147664308548
9539,29,88,0.25787320733070374
9540,73,73,0.3140175938606262
9541,27,17,0.08377817273139954
9542,81,47,0.21360307931900024
9543,63,4,0.3341800570487976
9544,53,62,0.22291630506515503
9545,23,67,0.21091903746128082
9546,13,90,0.1338634341955185
9547,86,86,0.6547492146492004
9548,44,42,0.1275092214345932
9549,71,71,0.4046752452850342
9550,28,16,0.329515278339386
9551,75,75,0.6582123041152954
9552,98,46,0.1323978751897812
9553,64,83,0.397640198469162
9554,79,1,0.11652442067861557
9555,16,16,0.6189265251159668
9556,8,8,0.562839150428772
9557,77,18,0.23007123172283173
9558,22,22,0.8366149067878723
9559,81,86,0.2444339096546173
9560,87,22,0.14258158206939697
9561,10,78,0.10847872495651245
9562,65,18,0.18933062255382538
9563,62,62,0.7667565941810608
9564,49,49,0.5661451816558838
9565,70,92,0.5007399320602417
9566,57,57,0.7277309894561768
9567,74,50,0.09830600023269653
9568,64,42,0.133330300450325
9569,40,86,0.542966902256012
9570,91,91,0.5381565690040588
9571,23,23,0.5638499855995178
9572,13,13,0.281541109085083
9573,80,27,0.0707629919052124
9574,6,6,0.21061430871486664
9575,42,88,0.46976473927497864
9576,46,54,0.2162461131811142
9577,30,95,0.4183955788612366
9578,95,32,0.19957683980464935
9579,35,35,0.2985444962978363
9580,5,25,0.12435062974691391
9581,41,65,0.12407472729682922
9582,36,2,0.2718602418899536
9583,59,12,0.19205498695373535
9584,12,58,0.23545753955841064
9585,43,43,0.30594202876091003
9586,86,22,0.6530455946922302
9587,97,97,0.29365354776382446
9588,53,57,0.13303814828395844
9589,50,40,0.25809478759765625
9590,80,64,0.14949330687522888
9591,3,16,0.09764157235622406
9592,61,61,0.812920331954956
9593,20,20,0.7598406672477722
9594,22,87,0.8395127654075623
9595,57,5,0.2670493721961975
9596,25,58,0.22274580597877502
9597,71,23,0.3720555603504181
9598,55,33,0.12875977158546448
9599,68,68,0.9954675436019897
9600,20,20,0.832675039768219
9601,33,60,0.6506365537643433
9602,67,67,0.12163842469453812
9603,87,87,0.3829599618911743
9604,16,94,0.5239361524581909
9605,41,41,0.176326185464859
9606,66,75,0.08326161652803421
9607,44,20,0.2480950951576233
9608,25,63,0.15736068785190582
9609,63,54,0.5212198495864868
9610,1,62,0.26617148518562317
9611,15,71,0.2168082296848297
9612,42,43,0.2091708779335022
9613,6,43,0.22470685839653015
9614,85,27,0.17163968086242676
9615,8,54,0.1730310022830963
9616,2,46,0.16359741985797882
9617,5,91,0.4888152778148651
9618,45,24,0.2535066306591034
9619,5,21,0.12223894149065018
9620,71,12,0.2561170756816864
9621,56,56,0.42250511050224304
9622,99,73,0.16445010900497437
9623,73,95,0.34882667660713196
9624,78,29,0.1354646384716034
9625,2,30,0.5213118195533752
9626,76,76,0.35877910256385803
9627,50,80,0.13030283153057098
9628,30,95,0.442496657371521
9629,53,92,0.20789958536624908
9630,91,67,0.20638257265090942
9631,81,68,0.7678183913230896
9632,65,5,0.14573167264461517
9633,92,70,0.33242684602737427
9634,23,23,0.1354411542415619
9635,11,65,0.10611990839242935
9636,95,95,0.3841390907764435
9637,40,40,0.42445850372314453
9638,30,95,0.1990726888179779
9639,62,62,0.4706595242023468
9640,35,86,0.3725224733352661
9641,23,23,0.8478466868400574
9642,78,4,0.09178175777196884
9643,96,33,0.38810041546821594
9644,67,67,0.5178216099739075
9645,36,43,0.13165421783924103
9646,8,8,0.8357900977134705
9647,15,37,0.16252681612968445
9648,4,3,0.33985278010368347
9649,80,80,0.08371610939502716
9650,27,97,0.11237460374832153
9651,60,60,0.8205996751785278
9652,7,6,0.24199286103248596
9653,54,69,0.4196133613586426
9654,48,48,0.8510416150093079
9655,16,16,0.7430515885353088
9656,57,57,0.43232032656669617
9657,94,94,0.3763624429702759
9658,30,30,0.20136606693267822
9659,92,92,0.45250147581100464
9660,43,94,0.25587964057922363
9661,62,92,0.2815854847431183
9662,58,58,0.48205187916755676
9663,19,4,0.20200948417186737
9664,23,23,0.2319994419813156
9665,38,74,0.19653528928756714
9666,28,16,0.09355098009109497
9667,96,33,0.22776763141155243
9668,95,95,0.908194363117218
9669,10,7,0.24959471821784973
9670,99,65,0.09525907039642334
9671,86,86,0.4295535087585449
9672,53,45,0.20954158902168274
9673,89,19,0.2428836077451706
9674,11,5,0.17298489809036255
9675,52,52,0.9697054624557495
9676,58,58,0.24372310936450958
9677,54,97,0.1520804464817047
9678,85,85,0.373271644115448
9679,74,4,0.31957152485847473
9680,72,75,0.16936661303043365
9681,82,82,0.41678017377853394
9682,72,37,0.07400927692651749
9683,73,58,0.2787695527076721
9684,43,43,0.22683514654636383
9685,37,33,0.29763171076774597
9686,34,77,0.1955612599849701
9687,47,47,0.7368451356887817
9688,52,52,0.8106249570846558
9689,40,79,0.0906549021601677
9690,53,53,0.9128467440605164
9691,45,42,0.14217698574066162
9692,8,63,0.23568037152290344
9693,83,45,0.45227891206741333
9694,3,21,0.19698001444339752
9695,90,90,0.13985267281532288
9696,40,40,0.07882741093635559
9697,28,95,0.4001822769641876
9698,53,53,0.5667126178741455
9699,32,68,0.1925489604473114
9700,59,56,0.3291800022125244
9701,4,87,0.06762430816888809
9702,33,33,0.43643540143966675
9703,62,92,0.4752291440963745
9704,89,58,0.7386975884437561
9705,44,24,0.1404867172241211
9706,12,12,0.649373471736908
9707,4,72,0.1495649367570877
9708,89,19,0.22034606337547302
9709,98,21,0.09840316325426102
9710,78,39,0.2317655384540558
9711,82,82,0.8453960418701172
9712,91,33,0.10708507895469666
9713,31,31,0.1376846730709076
9714,91,5,0.26163750886917114
9715,47,25,0.13286879658699036
9716,9,9,0.8589299321174622
9717,73,73,0.5897601246833801
9718,69,69,0.21905463933944702
9719,36,4,0.14502458274364471
9720,57,26,0.12243010103702545
9721,91,51,0.07950132340192795
9722,95,95,0.41596338152885437
9723,37,37,0.5036659836769104
9724,61,61,0.8355302214622498
9725,83,70,0.1716938465833664
9726,69,96,0.1339518278837204
9727,11,32,0.11615581065416336
9728,80,65,0.16944468021392822
9729,76,51,0.07318417727947235
9730,31,94,0.37836259603500366
9731,10,62,0.39372682571411133
9732,90,72,0.1327405422925949
9733,98,98,0.2937036156654358
9734,94,94,0.839763879776001
9735,24,72,0.23018161952495575
9736,39,33,0.10730021446943283
9737,1,1,0.42732366919517517
9738,33,96,0.5314813852310181
9739,29,33,0.19770130515098572
9740,29,24,0.08607225120067596
9741,7,56,0.20264297723770142
9742,39,39,0.46593180298805237
9743,15,78,0.0997399091720581
9744,99,74,0.11315079778432846
9745,3,21,0.25634029507637024
9746,41,41,0.6716722249984741
9747,66,38,0.2446349561214447
9748,80,88,0.22942593693733215
9749,27,27,0.475448876619339
9750,45,45,0.46497127413749695
9751,55,4,0.13240382075309753
9752,32,32,0.2953525483608246
9753,5,5,0.6985113024711609
9754,45,33,0.4950118362903595
9755,9,9,0.7647565603256226
9756,72,21,0.07260417193174362
9757,33,66,0.23407036066055298
9758,38,19,0.46309441328048706
9759,40,28,0.2514995038509369
9760,24,72,0.14476275444030762
9761,59,52,0.6308807134628296
9762,65,65,0.11139612644910812
9763,46,21,0.43923133611679077
9764,38,94,0.48638758063316345
9765,23,23,0.29149261116981506
9766,39,8,0.1379999965429306
9767,25,94,0.26025521755218506
9768,97,22,0.16904546320438385
9769,66,91,0.34203094244003296
9770,46,68,0.5159423351287842
9771,52,52,0.4487544298171997
9772,29,96,0.08356734365224838
9773,56,90,0.38982585072517395
9774,98,35,0.15355344116687775
9775,82,62,0.5916826128959656
9776,41,8,0.054104819893836975
9777,38,97,0.12838958203792572
9778,51,51,0.2542048990726471
9779,79,75,0.14814221858978271
9780,19,43,0.11488008499145508
9781,18,83,0.23281419277191162
9782,95,73,0.6420558094978333
9783,64,38,0.258326917886734
9784,78,91,0.13075055181980133
9785,96,96,0.6099838614463806
9786,49,71,0.322811484336853
9787,64,4,0.16356906294822693
9788,40,24,0.2254233956336975
9789,36,9,0.21209114789962769
9790,97,97,0.4853031039237976
9791,40,28,0.5379952788352966
9792,45,14,0.21502740681171417
9793,49,49,0.38193070888519287
9794,62,62,0.5116872787475586
9795,10,87,0.18556565046310425
9796,56,52,0.8012849688529968
9797,4,63,0.2024480253458023
9798,77,33,0.7272307276725769
9799,81,81,0.6780142188072205
9800,91,84,0.6618335843086243
9801,5,81,0.310458779335022
9802,87,87,0.7450866103172302
9803,3,75,0.3215028643608093
9804,50,80,0.1345558762550354
9805,80,80,0.08525767177343369
9806,86,20,0.1087670773267746
9807,89,48,0.21511252224445343
9808,17,17,0.6457275748252869
9809,12,33,0.8118096590042114
9810,80,32,0.37390702962875366
9811,72,3,0.16142308712005615
9812,79,24,0.30291640758514404
9813,67,63,0.17492859065532684
9814,40,40,0.19737780094146729
9815,13,13,0.44007349014282227
9816,98,2,0.2325095534324646
9817,37,85,0.24671244621276855
9818,21,50,0.15438731014728546
9819,76,76,0.9745963215827942
9820,32,4,0.08125682920217514
9821,59,52,0.555571973323822
9822,49,73,0.3110251724720001
9823,30,95,0.18337059020996094
9824,60,68,0.39588266611099243
9825,80,80,0.10308714210987091
9826,51,70,0.10232186317443848
9827,66,37,0.11370118707418442
9828,87,23,0.16399577260017395
9829,38,38,0.14194081723690033
9830,63,21,0.3500238358974457
9831,53,53,0.40346038341522217
9832,4,20,0.652766764163971
9833,48,26,0.21388089656829834
9834,24,86,0.2283189445734024
9835,13,13,0.6101795434951782
9836,31,31,0.6525653600692749
9837,29,11,0.10440389066934586
9838,84,12,0.27909234166145325
9839,46,35,0.16736188530921936
9840,61,22,0.5349872708320618
9841,24,48,0.3685905933380127
9842,34,24,0.32245072722435
9843,98,11,0.4627092182636261
9844,45,92,0.13968420028686523
9845,99,5,0.2529275715351105
9846,27,38,0.12457849830389023
9847,51,64,0.09447212517261505
9848,91,99,0.13205283880233765
9849,0,0,0.5485739707946777
9850,72,98,0.13401420414447784
9851,50,31,0.1290036141872406
9852,57,9,0.400567889213562
9853,4,63,0.11247612535953522
9854,60,60,0.9777919054031372
9855,81,33,0.3315789997577667
9856,86,87,0.46484923362731934
9857,9,5,0.2630561292171478
9858,11,1,0.11247680336236954
9859,92,73,0.27047136425971985
9860,99,71,0.14425954222679138
9861,77,63,0.13468961417675018
9862,57,57,0.534818708896637
9863,14,62,0.6492217183113098
9864,2,36,0.12301916629076004
9865,70,92,0.36363768577575684
9866,69,69,0.5692961812019348
9867,69,69,0.8859268426895142
9868,32,91,0.7259858846664429
9869,79,15,0.22430074214935303
9870,44,33,0.23487676680088043
9871,58,58,0.17715077102184296
9872,0,0,0.25290265679359436
9873,20,20,0.8204085826873779
9874,7,6,0.5871887803077698
9875,45,7,0.22466205060482025
9876,82,82,0.9177008271217346
9877,79,79,0.2539961040019989
9878,58,48,0.27358347177505493
9879,73,95,0.31464824080467224
9880,58,58,0.7009726762771606
9881,75,75,0.5841400623321533
9882,85,79,0.44954895973205566
9883,55,41,0.4563009738922119
9884,70,92,0.2079881876707077
9885,29,27,0.08026811480522156
9886,97,91,0.1123034879565239
9887,11,2,0.2339499592781067
9888,53,83,0.43592891097068787
9889,37,8,0.28933894634246826
9890,73,93,0.30999937653541565
9891,28,0,0.2790122330188751
9892,86,9,0.1940254420042038
9893,50,63,0.1925869733095169
9894,24,24,0.8384705185890198
9895,31,68,0.1345919668674469
9896,95,95,0.815291166305542
9897,1,92,0.27349433302879333
9898,2,2,0.13008619844913483
9899,36,93,0.217264324426651
9900,59,52,0.5511493682861328
9901,99,79,0.21689489483833313
9902,55,27,0.1523684859275818
9903,85,85,0.7630307078361511
9904,0,0,0.23834013938903809
9905,23,23,0.5960467457771301
9906,64,14,0.10676950961351395
9907,82,88,0.2572667598724365
9908,62,83,0.49113261699676514
9909,31,50,0.15704265236854553
9910,86,86,0.7606903314590454
9911,57,0,0.251103937625885
9912,72,79,0.13488712906837463
9913,73,91,0.25950780510902405
9914,42,96,0.12486191093921661
9915,91,91,0.2669573128223419
9916,84,59,0.23984190821647644
9917,85,58,0.22258813679218292
9918,90,82,0.20289652049541473
9919,69,69,0.845592737197876
9920,82,82,0.7982141971588135
9921,21,21,0.2538241147994995
9922,89,89,0.36973294615745544
9923,68,68,0.4537053406238556
9924,68,60,0.6336522102355957
9925,76,76,0.45595961809158325
9926,31,63,0.3136625289916992
9927,58,58,0.9233473539352417
9928,8,8,0.8642299175262451
9929,37,22,0.05896979570388794
9930,13,58,0.283662885427475
9931,30,95,0.27909132838249207
9932,78,7,0.17632964253425598
9933,43,82,0.2795581817626953
9934,33,96,0.15039002895355225
9935,99,10,0.3366323709487915
9936,42,87,0.07730912417173386
9937,12,12,0.4534911811351776
9938,92,92,0.1704278141260147
9939,8,48,0.20591871440410614
9940,82,82,0.8776491284370422
9941,78,50,0.11382606625556946
9942,97,89,0.14396251738071442
9943,62,92,0.3788740932941437
9944,74,80,0.14054879546165466
9945,4,33,0.4241054356098175
9946,69,39,0.3276456296443939
9947,29,63,0.11008043587207794
9948,97,32,0.16567069292068481
9949,74,74,0.11509284377098083
9950,56,96,0.46795889735221863
9951,18,51,0.1129409447312355
9952,74,79,0.12584638595581055
9953,3,37,0.09510517865419388
9954,95,73,0.3282747268676758
9955,54,51,0.3409074544906616
9956,53,11,0.10220082849264145
9957,45,45,0.2141212522983551
9958,16,65,0.10851097106933594
9959,73,73,0.6788132786750793
9960,29,7,0.3115158975124359
9961,33,33,0.4945742189884186
9962,6,77,0.1324775367975235
9963,86,86,0.2677406370639801
9964,19,19,0.3988429605960846
9965,97,97,0.4801389276981354
9966,4,4,0.14640092849731445
9967,9,3,0.23891852796077728
9968,53,83,0.7044752836227417
9969,89,58,0.43005460500717163
9970,18,83,0.21567341685295105
9971,87,58,0.13449807465076447
9972,26,22,0.20790286362171173
9973,49,49,0.6201055645942688
9974,11,58,0.3862091600894928
9975,14,82,0.5307968854904175
9976,65,44,0.116548553109169
9977,83,14,0.32913491129875183
9978,3,3,0.1762619912624359
9979,27,27,0.575727641582489
9980,30,30,0.6029923558235168
9981,52,52,0.787971556186676
9982,74,97,0.15294533967971802
9983,29,80,0.14193888008594513
9984,96,4,0.12029175460338593
9985,90,90,0.2593216300010681
9986,14,14,0.41840070486068726
9987,77,38,0.19641785323619843
9988,65,32,0.19259056448936462
9989,7,7,0.36581361293792725
9990,75,75,0.3137953281402588
9991,27,12,0.17588306963443756
9992,16,92,0.5260024666786194
9993,30,30,0.7216389775276184
9994,50,12,0.2814693748950958
9995,83,92,0.2183915674686432
9996,14,63,0.22327226400375366
9997,51,18,0.20259521901607513
9998,42,97,0.0675380527973175
9999,70,92,0.34659910202026367
