test_id,true_label,predicted_label,confidence
0,49,79,0.19684752821922302
1,33,38,0.10663222521543503
2,72,45,0.1050591766834259
3,51,51,0.2146138846874237
4,71,71,0.7507297992706299
5,92,29,0.1107168197631836
6,15,38,0.15147149562835693
7,14,74,0.22640271484851837
8,23,71,0.46542108058929443
9,0,83,0.3514265716075897
10,71,87,0.6614307165145874
11,75,55,0.07210472971200943
12,81,81,0.420689195394516
13,69,69,0.6339303851127625
14,40,40,0.6616482138633728
15,43,43,0.07410378754138947
16,92,92,0.3658221364021301
17,97,28,0.1204642802476883
18,70,70,0.6806496381759644
19,53,53,0.6547940373420715
20,70,61,0.21660645306110382
21,49,39,0.37861815094947815
22,75,48,0.2744410037994385
23,29,59,0.4224272668361664
24,21,21,0.8719183802604675
25,16,94,0.537553071975708
26,39,81,0.4118623733520508
27,8,8,0.7205655574798584
28,8,79,0.15177464485168457
29,70,11,0.2882528305053711
30,20,20,0.7549193501472473
31,61,22,0.6102697849273682
32,41,41,0.7635824680328369
33,93,73,0.12974826991558075
34,56,96,0.2778110206127167
35,73,27,0.06551928073167801
36,58,58,0.477299302816391
37,11,11,0.11908329278230667
38,25,25,0.4355895519256592
39,37,37,0.4312600791454315
40,63,63,0.1697884351015091
41,24,76,0.20148856937885284
42,49,67,0.1747220903635025
43,73,30,0.27208951115608215
44,56,56,0.9789332151412964
45,22,22,0.7584088444709778
46,41,83,0.3935375213623047
47,58,87,0.07374082505702972
48,75,90,0.08849307894706726
49,17,17,0.26354506611824036
50,4,14,0.12687121331691742
51,6,14,0.18949668109416962
52,9,9,0.6746518015861511
53,57,46,0.1999652087688446
54,2,35,0.20452482998371124
55,32,69,0.06784719228744507
56,71,49,0.3314593434333801
57,52,52,0.6853509545326233
58,42,97,0.1730322390794754
59,69,72,0.17413686215877533
60,77,87,0.12046168744564056
61,27,33,0.1526959240436554
62,15,88,0.26684218645095825
63,65,27,0.09793685376644135
64,7,62,0.5180985927581787
65,35,70,0.14236874878406525
66,43,42,0.09108179062604904
67,82,14,0.1565849930047989
68,63,63,0.3756892681121826
69,92,84,0.3931683897972107
70,66,97,0.13554756343364716
71,90,90,0.1355394721031189
72,67,61,0.19685928523540497
73,91,91,0.10033324360847473
74,32,93,0.21061670780181885
75,32,13,0.18229086697101593
76,82,82,0.9214211702346802
77,10,10,0.20904095470905304
78,77,35,0.17346778512001038
79,22,61,0.9380087852478027
80,71,49,0.47348880767822266
81,78,79,0.06873343139886856
82,54,6,0.14188726246356964
83,6,79,0.18716688454151154
84,29,29,0.14695614576339722
85,89,89,0.589310348033905
86,78,91,0.23888882994651794
87,33,37,0.13394559919834137
88,11,5,0.12155667692422867
89,67,23,0.3131102919578552
90,22,86,0.12596525251865387
91,18,9,0.26866966485977173
92,27,18,0.0732816830277443
93,21,98,0.31391826272010803
94,13,89,0.18455158174037933
95,21,3,0.12630662322044373
96,50,11,0.14342673122882843
97,75,7,0.6796678304672241
98,37,68,0.5067271590232849
99,35,29,0.11322448402643204
100,26,8,0.12381026148796082
101,83,1,0.549976110458374
102,47,47,0.17490172386169434
103,95,86,0.25006788969039917
104,43,77,0.14654706418514252
105,69,69,0.9097391366958618
106,76,76,0.47559854388237
107,17,17,0.3313155770301819
108,57,1,0.26090341806411743
109,59,59,0.22732694447040558
110,25,25,0.3702751696109772
111,20,20,0.38227230310440063
112,27,25,0.09974028170108795
113,0,0,0.20258261263370514
114,9,9,0.20482249557971954
115,71,71,0.3158006966114044
116,8,48,0.30179134011268616
117,43,43,0.42387622594833374
118,57,1,0.16170039772987366
119,56,56,0.9390600919723511
120,85,85,0.5292516946792603
121,10,26,0.20674028992652893
122,19,38,0.3297610580921173
123,92,62,0.29729869961738586
124,33,33,0.5675463676452637
125,20,57,0.11929027736186981
126,21,3,0.37664657831192017
127,50,97,0.22674420475959778
128,70,1,0.17286676168441772
129,46,46,0.20033478736877441
130,11,40,0.3136459290981293
131,16,16,0.870758593082428
132,1,32,0.14409291744232178
133,74,21,0.2895570397377014
134,33,3,0.12471391260623932
135,91,91,0.24527929723262787
136,60,60,0.4290427267551422
137,64,66,0.22630153596401215
138,52,52,0.6304422616958618
139,23,23,0.7946152687072754
140,4,63,0.43433496356010437
141,11,98,0.31830665469169617
142,52,52,0.7913445830345154
143,37,89,0.11298765987157822
144,24,72,0.12391094118356705
145,95,95,0.3094993233680725
146,25,97,0.11082509905099869
147,39,39,0.19034843146800995
148,51,51,0.15245984494686127
149,58,85,0.09691832959651947
150,58,89,0.2726883590221405
151,77,78,0.09817083925008774
152,18,39,0.17543649673461914
153,59,68,0.21946090459823608
154,45,26,0.2554719150066376
155,66,42,0.09672210365533829
156,58,58,0.50599604845047
157,20,20,0.7224746942520142
158,24,24,0.4782360792160034
159,4,42,0.2704082131385803
160,36,36,0.1251058578491211
161,8,27,0.2097748965024948
162,87,79,0.09305817633867264
163,10,10,0.27718910574913025
164,30,72,0.15087834000587463
165,47,47,0.39995452761650085
166,54,54,0.4238596558570862
167,99,33,0.08043497800827026
168,51,88,0.11374147981405258
169,83,53,0.21496181190013885
170,9,55,0.14678944647312164
171,37,45,0.2087148129940033
172,4,43,0.07997991144657135
173,83,21,0.14862893521785736
174,95,95,0.20410101115703583
175,83,54,0.2981836199760437
176,32,30,0.2927473783493042
177,73,49,0.221607968211174
178,18,18,0.3158559203147888
179,40,40,0.528795063495636
180,39,31,0.11575620621442795
181,64,26,0.14864397048950195
182,22,22,0.29102498292922974
183,80,6,0.11938390135765076
184,28,10,0.11679719388484955
185,28,46,0.1916637271642685
186,40,36,0.162043958902359
187,95,55,0.1777292937040329
188,98,26,0.09953153878450394
189,83,45,0.22541703283786774
190,12,13,0.3409065306186676
191,24,7,0.31065189838409424
192,45,41,0.09943156689405441
193,13,82,0.38073936104774475
194,94,94,0.9792766571044922
195,24,24,0.6209880113601685
196,58,89,0.23445475101470947
197,63,42,0.23905746638774872
198,7,6,0.2410232275724411
199,87,87,0.43083906173706055
200,6,82,0.34960922598838806
201,78,99,0.12829002737998962
202,68,79,0.17798763513565063
203,60,60,0.594906210899353
204,6,45,0.08891526609659195
205,23,23,0.8583211898803711
206,44,79,0.18201109766960144
207,31,31,0.5726096034049988
208,80,55,0.11267770081758499
209,93,52,0.2406712770462036
210,73,30,0.275154173374176
211,98,46,0.25014984607696533
212,49,12,0.17555174231529236
213,90,31,0.12217243760824203
214,97,97,0.31418830156326294
215,59,96,0.11984653025865555
216,2,57,0.2150428593158722
217,67,30,0.2782133221626282
218,16,83,0.41301673650741577
219,81,81,0.11668624728918076
220,94,53,0.22437748312950134
221,27,39,0.11986935138702393
222,76,23,0.2301604151725769
223,77,57,0.16402237117290497
224,12,37,0.3144626319408417
225,18,23,0.10025003552436829
226,0,0,0.7248387336730957
227,76,37,0.24295786023139954
228,79,14,0.14307492971420288
229,71,71,0.3969406485557556
230,89,85,0.3764898180961609
231,57,0,0.40410563349723816
232,47,59,0.6931657195091248
233,24,24,0.6704198718070984
234,65,65,0.10717721283435822
235,0,70,0.32627353072166443
236,32,35,0.07192728668451309
237,36,43,0.2875654399394989
238,82,82,0.9896592497825623
239,31,31,0.15455734729766846
240,23,23,0.2610354721546173
241,24,24,0.8446892499923706
242,34,34,0.15656915307044983
243,21,32,0.05735814943909645
244,11,46,0.44160139560699463
245,53,92,0.2977500557899475
246,80,80,0.13822785019874573
247,44,27,0.11233287304639816
248,4,4,0.14187437295913696
249,39,22,0.17213207483291626
250,91,91,0.6574211120605469
251,16,10,0.12209568172693253
252,36,23,0.11539895087480545
253,68,20,0.27371278405189514
254,50,50,0.10784231871366501
255,97,38,0.18908624351024628
256,58,27,0.11081233620643616
257,31,19,0.07932748645544052
258,6,6,0.11000070720911026
259,42,42,0.08505325019359589
260,80,7,0.0807398185133934
261,76,76,0.23145267367362976
262,89,90,0.16108562052249908
263,55,55,0.11640162765979767
264,19,48,0.11948742717504501
265,91,54,0.2861953675746918
266,70,53,0.20332646369934082
267,1,1,0.44409430027008057
268,6,6,0.07271116226911545
269,62,1,0.191801056265831
270,99,61,0.487588107585907
271,51,51,0.13957451283931732
272,96,59,0.44679713249206543
273,83,1,0.13545267283916473
274,42,88,0.24119237065315247
275,18,40,0.09096317738294601
276,67,73,0.2690734565258026
277,66,36,0.16100585460662842
278,40,69,0.36016204953193665
279,62,62,0.6681309938430786
280,78,43,0.11286132037639618
281,84,87,0.6021458506584167
282,28,28,0.3497464954853058
283,89,85,0.3852607309818268
284,30,30,0.2467021346092224
285,66,66,0.28118765354156494
286,18,79,0.10261016339063644
287,38,31,0.10704293847084045
288,42,63,0.20148594677448273
289,92,19,0.2918938994407654
290,27,5,0.1533059924840927
291,11,27,0.08823413401842117
292,86,87,0.1961485594511032
293,44,93,0.2056322693824768
294,96,96,0.10963890701532364
295,12,12,0.3288530111312866
296,16,22,0.420538991689682
297,67,63,0.23268862068653107
298,43,43,0.09582911431789398
299,89,48,0.3494042158126831
300,96,96,0.16502338647842407
301,12,69,0.5085975527763367
302,40,40,0.31040075421333313
303,7,79,0.25100985169410706
304,86,39,0.16134615242481232
305,77,44,0.12435387820005417
306,76,76,0.7358270287513733
307,31,43,0.17632341384887695
308,18,28,0.18154580891132355
309,28,28,0.278302401304245
310,19,64,0.10525128245353699
311,18,18,0.22021204233169556
312,41,41,0.8590463995933533
313,42,96,0.324284166097641
314,43,15,0.0889652669429779
315,31,15,0.13263849914073944
316,93,55,0.1059957966208458
317,15,74,0.18169128894805908
318,10,55,0.13627679646015167
319,8,8,0.987015962600708
320,37,89,0.4470665454864502
321,89,85,0.26522576808929443
322,32,40,0.16969682276248932
323,67,67,0.3480440676212311
324,12,37,0.22635406255722046
325,2,53,0.10066064447164536
326,19,97,0.1925893872976303
327,91,92,0.28914567828178406
328,94,94,0.2559286057949066
329,7,85,0.44423380494117737
330,71,94,0.36853688955307007
331,36,43,0.15539269149303436
332,61,61,0.2805565297603607
333,62,62,0.3569425642490387
334,5,23,0.20229274034500122
335,60,60,0.7943484783172607
336,45,67,0.4914727807044983
337,91,75,0.34457969665527344
338,34,97,0.24961453676223755
339,95,73,0.37148308753967285
340,9,61,0.30075734853744507
341,40,46,0.20232483744621277
342,68,68,0.6379987597465515
343,62,70,0.2722647190093994
344,99,57,0.21660105884075165
345,66,97,0.3857591152191162
346,46,21,0.3456529676914215
347,7,41,0.16781356930732727
348,10,73,0.10766387730836868
349,10,88,0.11741149425506592
350,68,90,0.2573916018009186
351,34,63,0.1074037030339241
352,37,49,0.31479963660240173
353,58,89,0.4628681242465973
354,48,58,0.11398479342460632
355,40,40,0.859599769115448
356,96,27,0.12994489073753357
357,14,33,0.18359088897705078
358,11,78,0.11238709837198257
359,66,65,0.1275138556957245
360,64,97,0.12861263751983643
361,39,67,0.15198418498039246
362,33,13,0.19662950932979584
363,94,94,0.7711613178253174
364,63,63,0.6461405158042908
365,10,10,0.5662379264831543
366,89,43,0.21330790221691132
367,92,54,0.7137174010276794
368,90,56,0.15502342581748962
369,65,27,0.12071120738983154
370,90,37,0.1990254819393158
371,33,33,0.8093263506889343
372,28,28,0.6249798536300659
373,29,31,0.21527405083179474
374,87,64,0.14987415075302124
375,86,39,0.16107963025569916
376,7,7,0.5157634019851685
377,0,0,0.8991427421569824
378,94,94,0.963650107383728
379,11,88,0.15393885970115662
380,26,7,0.19536900520324707
381,6,6,0.25958651304244995
382,41,41,0.9588670134544373
383,21,31,0.1309739351272583
384,69,69,0.33184513449668884
385,27,74,0.12265745550394058
386,29,57,0.08828703314065933
387,67,73,0.31507986783981323
388,85,49,0.45573562383651733
389,65,99,0.10986030846834183
390,40,69,0.26064229011535645
391,57,57,0.2688428461551666
392,72,90,0.10252849012613297
393,30,30,0.3888467848300934
394,74,88,0.09701415151357651
395,27,42,0.20566987991333008
396,3,4,0.16924312710762024
397,49,68,0.3948149085044861
398,52,52,0.7746051549911499
399,95,87,0.21198108792304993
400,40,40,0.7749149799346924
401,93,4,0.1132432296872139
402,77,78,0.13640207052230835
403,91,71,0.0778239369392395
404,6,6,0.1991119086742401
405,57,1,0.2530268132686615
406,72,95,0.32173433899879456
407,16,16,0.4248093068599701
408,98,91,0.2969546914100647
409,89,48,0.8335197567939758
410,40,40,0.37896856665611267
411,96,57,0.10232464224100113
412,71,49,0.45939260721206665
413,3,17,0.14971424639225006
414,2,32,0.12571512162685394
415,66,22,0.19044332206249237
416,27,44,0.08998173475265503
417,8,19,0.06763101369142532
418,53,92,0.22632500529289246
419,33,33,0.2159772664308548
420,55,21,0.16825921833515167
421,81,90,0.12921932339668274
422,88,80,0.09363224357366562
423,96,96,0.23786289989948273
424,68,71,0.4567573368549347
425,42,89,0.1445855051279068
426,77,65,0.13840502500534058
427,10,61,0.26545047760009766
428,27,63,0.11187803745269775
429,32,21,0.1352897584438324
430,79,79,0.20758555829524994
431,98,6,0.17135709524154663
432,18,76,0.2361401617527008
433,51,28,0.13518531620502472
434,2,2,0.3208281397819519
435,19,38,0.16679665446281433
436,31,69,0.3914642333984375
437,67,67,0.20019200444221497
438,36,65,0.15442432463169098
439,10,10,0.20886771380901337
440,16,22,0.5567334294319153
441,5,43,0.14038001000881195
442,81,90,0.09675129503011703
443,85,85,0.22920037806034088
444,26,33,0.23648981750011444
445,85,85,0.7656872868537903
446,65,14,0.14424075186252594
447,22,78,0.18502622842788696
448,55,29,0.32199832797050476
449,85,12,0.06316059827804565
450,22,73,0.16162879765033722
451,22,98,0.3216397166252136
452,10,58,0.3604430854320526
453,18,41,0.250680536031723
454,98,36,0.3086029291152954
455,9,86,0.15936823189258575
456,26,88,0.11771003156900406
457,27,27,0.1344466656446457
458,7,7,0.3570445477962494
459,5,25,0.29141753911972046
460,58,90,0.209133118391037
461,87,87,0.8634759783744812
462,76,73,0.3191881775856018
463,2,5,0.3446936011314392
464,54,14,0.2455437332391739
465,38,44,0.13316139578819275
466,33,96,0.1877119094133377
467,17,17,0.3623543381690979
468,6,6,0.7909514307975769
469,0,0,0.5743401050567627
470,79,18,0.23486606776714325
471,97,43,0.16154299676418304
472,14,38,0.1105271428823471
473,14,14,0.588301420211792
474,73,10,0.17179884016513824
475,79,54,0.4328448176383972
476,8,69,0.058752428740262985
477,42,78,0.17796990275382996
478,4,4,0.0782373771071434
479,25,25,0.21842949092388153
480,37,13,0.26496827602386475
481,75,75,0.9675310254096985
482,74,10,0.2752229571342468
483,41,55,0.07160326093435287
484,0,0,0.8298121690750122
485,99,67,0.2744431793689728
486,79,6,0.16396071016788483
487,87,87,0.20362280309200287
488,67,73,0.18866808712482452
489,72,21,0.1391889452934265
490,38,19,0.11839393526315689
491,25,94,0.27395856380462646
492,49,60,0.4412529766559601
493,3,3,0.18217520415782928
494,74,78,0.08290587365627289
495,69,38,0.12947149574756622
496,36,51,0.2992812693119049
497,77,38,0.13938988745212555
498,89,89,0.4663046896457672
499,71,71,0.3441977798938751
500,31,66,0.3654959201812744
501,50,28,0.0836416706442833
502,90,90,0.3499045670032501
503,11,2,0.20036138594150543
504,2,21,0.46237194538116455
505,41,41,0.9521058797836304
506,38,74,0.15289685130119324
507,58,58,0.5040598511695862
508,47,47,0.9520330429077148
509,93,95,0.26759952306747437
510,68,68,0.47951048612594604
511,11,11,0.5326412916183472
512,35,36,0.24668899178504944
513,67,27,0.10377787053585052
514,54,54,0.35350847244262695
515,53,53,0.5049143433570862
516,30,73,0.46124228835105896
517,36,36,0.31251761317253113
518,83,70,0.2668573260307312
519,54,54,0.39029181003570557
520,64,66,0.14554442465305328
521,46,13,0.0803806409239769
522,45,87,0.15661568939685822
523,98,37,0.2695624828338623
524,62,6,0.3963334262371063
525,46,11,0.13690297305583954
526,95,73,0.40919259190559387
527,88,88,0.23159456253051758
528,37,42,0.17743094265460968
529,18,56,0.12359703332185745
530,29,56,0.4045852720737457
531,63,63,0.6018717885017395
532,8,8,0.291755735874176
533,33,76,0.36720067262649536
534,35,46,0.15405037999153137
535,6,14,0.3253541886806488
536,76,76,0.9163923859596252
537,19,27,0.15630748867988586
538,99,72,0.14883048832416534
539,53,53,0.6106842756271362
540,15,43,0.1345391422510147
541,57,18,0.0886651799082756
542,2,36,0.42170265316963196
543,27,63,0.30022457242012024
544,27,23,0.27223286032676697
545,93,30,0.13694676756858826
546,81,13,0.1304207444190979
547,54,54,0.2953936755657196
548,71,60,0.4450784921646118
549,26,78,0.27064916491508484
550,25,33,0.7070242762565613
551,35,35,0.2296607792377472
552,30,30,0.2410212606191635
553,72,72,0.20281744003295898
554,8,8,0.2028069794178009
555,42,63,0.12647996842861176
556,62,62,0.2855364680290222
557,56,29,0.15769626200199127
558,78,15,0.07186782360076904
559,47,25,0.19514437019824982
560,73,97,0.06606391817331314
561,43,4,0.09424418956041336
562,20,20,0.7784463763237
563,83,0,0.33699995279312134
564,63,3,0.1216689944267273
565,49,17,0.43737247586250305
566,28,61,0.45389220118522644
567,26,26,0.13238385319709778
568,45,26,0.12999281287193298
569,36,97,0.11462835967540741
570,36,1,0.2578014135360718
571,68,68,0.5667887926101685
572,1,75,0.15596947073936462
573,2,2,0.12380633503198624
574,99,73,0.13453882932662964
575,9,12,0.3675965964794159
576,65,22,0.09934262186288834
577,38,38,0.16500049829483032
578,58,81,0.1413019299507141
579,96,67,0.20004257559776306
580,38,4,0.11646602302789688
581,87,87,0.2181130349636078
582,82,82,0.20413342118263245
583,22,87,0.2834443747997284
584,83,10,0.3045676052570343
585,41,41,0.9921351671218872
586,7,54,0.09843180328607559
587,12,42,0.12940780818462372
588,10,10,0.405998557806015
589,35,26,0.15387429296970367
590,44,77,0.09963098168373108
591,81,81,0.5041674971580505
592,91,91,0.6607683300971985
593,56,56,0.3845198452472687
594,9,62,0.2340131551027298
595,24,24,0.32376933097839355
596,3,6,0.21021856367588043
597,30,73,0.4397706687450409
598,1,92,0.1887173056602478
599,39,2,0.25261738896369934
600,98,21,0.09974272549152374
601,72,30,0.31058311462402344
602,83,82,0.48527780175209045
603,80,94,0.13555531203746796
604,43,43,0.2595936954021454
605,84,88,0.11872097104787827
606,66,75,0.31177520751953125
607,4,45,0.13780902326107025
608,64,97,0.2709588408470154
609,77,14,0.10220450162887573
610,98,16,0.1205986812710762
611,82,82,0.5099632143974304
612,81,16,0.29066362977027893
613,20,20,0.34944048523902893
614,0,0,0.43409818410873413
615,48,14,0.23153476417064667
616,46,64,0.2800867259502411
617,33,43,0.08618634194135666
618,22,22,0.4579821527004242
619,13,58,0.42326438426971436
620,17,17,0.533443808555603
621,39,14,0.3747313916683197
622,76,76,0.36803847551345825
623,0,54,0.15815092623233795
624,17,85,0.15106931328773499
625,64,38,0.1889497935771942
626,48,48,0.46350744366645813
627,90,64,0.0555025190114975
628,93,93,0.09905102849006653
629,82,82,0.6219955086708069
630,75,75,0.2494300752878189
631,96,96,0.08873019367456436
632,97,97,0.21626870334148407
633,3,61,0.07658166438341141
634,83,62,0.14212070405483246
635,60,60,0.4283663034439087
636,61,22,0.430044025182724
637,32,32,0.48026514053344727
638,26,10,0.4550318717956543
639,84,25,0.326729953289032
640,41,89,0.2500734031200409
641,12,31,0.2563573122024536
642,85,85,0.7167779803276062
643,12,95,0.2533056139945984
644,8,8,0.38317781686782837
645,82,82,0.38492342829704285
646,72,85,0.3296615779399872
647,94,94,0.8656673431396484
648,7,74,0.31085464358329773
649,22,13,0.2555714249610901
650,15,26,0.10397937148809433
651,66,66,0.1959565132856369
652,89,89,0.21592655777931213
653,97,74,0.058007869869470596
654,19,15,0.11830081790685654
655,0,36,0.26275381445884705
656,19,79,0.3055453300476074
657,5,25,0.22216054797172546
658,56,54,0.0685548186302185
659,36,97,0.11267541348934174
660,45,20,0.23929248750209808
661,1,48,0.5969759225845337
662,94,50,0.13126026093959808
663,66,3,0.155491441488266
664,86,10,0.1454276144504547
665,82,82,0.9633129239082336
666,17,12,0.3163597285747528
667,64,17,0.12238635122776031
668,99,43,0.14846421778202057
669,34,97,0.13267704844474792
670,30,14,0.10588211566209793
671,73,30,0.19517740607261658
672,83,0,0.5568808317184448
673,6,72,0.11138877272605896
674,1,64,0.12283037602901459
675,28,28,0.8040863275527954
676,77,44,0.17240707576274872
677,91,91,0.915002167224884
678,74,27,0.11965345591306686
679,68,68,0.7718148827552795
680,14,14,0.3193918764591217
681,14,14,0.5402580499649048
682,1,91,0.31320539116859436
683,92,40,0.16131004691123962
684,97,64,0.22482378780841827
685,45,45,0.2000073939561844
686,7,18,0.18734614551067352
687,21,21,0.4798005223274231
688,37,30,0.2857515513896942
689,32,27,0.11254753172397614
690,73,72,0.1796921342611313
691,88,78,0.08246413618326187
692,86,86,0.8150718808174133
693,92,82,0.5777695775032043
694,14,99,0.10758758336305618
695,86,75,0.13954682648181915
696,74,51,0.16336913406848907
697,25,20,0.35842081904411316
698,93,73,0.2913716733455658
699,78,78,0.2544722259044647
700,77,74,0.09338323771953583
701,88,29,0.101292684674263
702,42,31,0.09733167290687561
703,10,1,0.22076694667339325
704,65,79,0.1383296400308609
705,26,97,0.1416035294532776
706,31,27,0.14094752073287964
707,85,37,0.07833341509103775
708,78,56,0.2242104560136795
709,29,85,0.21120072901248932
710,32,32,0.12853501737117767
711,81,13,0.08836843818426132
712,97,64,0.08714350312948227
713,1,1,0.8920772075653076
714,82,82,0.9648991227149963
715,0,57,0.18986989557743073
716,21,77,0.1165851578116417
717,15,31,0.27083301544189453
718,56,96,0.19378234446048737
719,57,57,0.12966880202293396
720,97,64,0.11293485760688782
721,76,76,0.42804715037345886
722,60,53,0.5147527456283569
723,87,40,0.11321785300970078
724,46,2,0.13429991900920868
725,1,73,0.45300671458244324
726,61,61,0.8684727549552917
727,75,75,0.17656567692756653
728,62,62,0.632915735244751
729,21,74,0.2586192190647125
730,61,22,0.6346225142478943
731,78,6,0.3868851661682129
732,90,27,0.08235318213701248
733,68,58,0.2555167078971863
734,94,94,0.8892444372177124
735,88,88,0.23582084476947784
736,95,69,0.48987385630607605
737,3,15,0.09643936902284622
738,83,53,0.43963366746902466
739,32,63,0.07567153871059418
740,93,99,0.10616948455572128
741,77,83,0.1654154658317566
742,38,43,0.1326979249715805
743,63,28,0.17526166141033173
744,61,61,0.3556053936481476
745,41,41,0.9541600942611694
746,88,86,0.3705451190471649
747,83,83,0.3406693637371063
748,35,35,0.26142340898513794
749,82,82,0.5625676512718201
750,50,74,0.19542624056339264
751,15,6,0.2369508594274521
752,48,92,0.3780466318130493
753,25,62,0.30940961837768555
754,4,4,0.20485837757587433
755,71,71,0.31421250104904175
756,8,8,0.14778222143650055
757,98,66,0.11561404168605804
758,67,10,0.32504162192344666
759,7,24,0.6060550212860107
760,85,41,0.39008820056915283
761,25,94,0.280155211687088
762,96,96,0.2999495565891266
763,60,71,0.2966379225254059
764,55,38,0.08163865655660629
765,80,2,0.1372772455215454
766,13,53,0.35239365696907043
767,90,12,0.2812868058681488
768,54,54,0.5313637256622314
769,15,49,0.18457363545894623
770,76,76,0.8183850646018982
771,39,78,0.16512832045555115
772,95,95,0.26332390308380127
773,24,24,0.648078441619873
774,7,7,0.2149919867515564
775,64,64,0.19664157927036285
776,70,70,0.41401320695877075
777,88,33,0.11656305938959122
778,81,90,0.21307672560214996
779,0,70,0.2695571184158325
780,12,49,0.40976083278656006
781,64,33,0.12067162990570068
782,31,1,0.24973979592323303
783,79,84,0.06248908117413521
784,86,86,0.5046236515045166
785,60,60,0.47374844551086426
786,22,22,0.7883821129798889
787,38,72,0.11485832929611206
788,82,82,0.8544067144393921
789,14,14,0.17905229330062866
790,48,48,0.9559277296066284
791,33,33,0.18965370953083038
792,55,32,0.1532902866601944
793,53,53,0.1565677672624588
794,40,32,0.1349957436323166
795,1,1,0.1262323558330536
796,58,13,0.23762671649456024
797,94,94,0.18257945775985718
798,70,62,0.4080730378627777
799,29,63,0.2410666048526764
800,86,87,0.10206922143697739
801,23,23,0.14462271332740784
802,46,0,0.14083269238471985
803,58,58,0.33586782217025757
804,99,69,0.1765383780002594
805,78,8,0.4489232301712036
806,10,22,0.36229053139686584
807,53,53,0.9300192594528198
808,37,89,0.31047293543815613
809,97,34,0.17152298986911774
810,65,0,0.18200066685676575
811,15,17,0.33100393414497375
812,77,26,0.2259775549173355
813,52,52,0.4989358186721802
814,63,3,0.2194897085428238
815,32,93,0.512817919254303
816,6,6,0.389083594083786
817,36,36,0.7336432337760925
818,6,32,0.09112235903739929
819,7,7,0.5109052658081055
820,36,51,0.3088128864765167
821,74,78,0.08058904856443405
822,13,13,0.3397643268108368
823,22,57,0.15707635879516602
824,32,49,0.17667074501514435
825,54,40,0.12642475962638855
826,62,92,0.5867324471473694
827,84,99,0.18806040287017822
828,57,69,0.21364888548851013
829,25,23,0.46779173612594604
830,11,11,0.38209620118141174
831,62,62,0.16350054740905762
832,85,33,0.09414900839328766
833,31,19,0.25377434492111206
834,26,26,0.18058186769485474
835,16,86,0.12550409138202667
836,96,49,0.6049321293830872
837,71,71,0.677263617515564
838,90,76,0.41627395153045654
839,39,39,0.15571065247058868
840,20,5,0.13686561584472656
841,47,82,0.4066871404647827
842,35,98,0.33115461468696594
843,19,31,0.224674791097641
844,52,29,0.14791451394557953
845,66,38,0.09424712508916855
846,32,31,0.14222311973571777
847,53,74,0.10404611378908157
848,53,53,0.6793434023857117
849,21,21,0.9011166095733643
850,98,20,0.17975568771362305
851,6,6,0.41304630041122437
852,88,6,0.1332135796546936
853,71,23,0.31643959879875183
854,45,88,0.1766982227563858
855,98,46,0.14105412364006042
856,55,19,0.11481302231550217
857,99,10,0.13603802025318146
858,24,24,0.38520461320877075
859,93,93,0.2862519323825836
860,67,73,0.20592482388019562
861,33,60,0.3249109089374542
862,16,16,0.6570718884468079
863,33,73,0.08878632634878159
864,9,9,0.4529768228530884
865,10,5,0.24931615591049194
866,46,54,0.07961967587471008
867,68,68,0.5788371562957764
868,24,7,0.16756445169448853
869,96,53,0.28291985392570496
870,22,46,0.48062849044799805
871,40,88,0.09251749515533447
872,63,34,0.12580494582653046
873,53,53,0.7897787094116211
874,10,10,0.11014094948768616
875,14,51,0.11214058101177216
876,41,74,0.13066285848617554
877,77,77,0.15312016010284424
878,54,54,0.30574482679367065
879,84,36,0.17264847457408905
880,20,20,0.27976080775260925
881,29,43,0.2726017236709595
882,76,23,0.4070896804332733
883,36,14,0.10163508355617523
884,1,62,0.4340226650238037
885,26,26,0.5306509733200073
886,99,74,0.24792690575122833
887,2,2,0.2641732692718506
888,96,33,0.345121830701828
889,69,69,0.7948746085166931
890,36,2,0.2032489776611328
891,18,14,0.2744007408618927
892,90,90,0.18767261505126953
893,66,66,0.13623036444187164
894,52,52,0.6453731656074524
895,37,37,0.37874138355255127
896,99,2,0.15872852504253387
897,97,28,0.07662692666053772
898,12,49,0.7898486852645874
899,55,27,0.19055362045764923
900,15,44,0.21954672038555145
901,85,27,0.07724999636411667
902,15,37,0.1632639765739441
903,16,40,0.5099835991859436
904,33,18,0.35099801421165466
905,99,10,0.14770057797431946
906,80,12,0.25973787903785706
907,28,40,0.40194466710090637
908,69,95,0.19167517125606537
909,51,51,0.15908415615558624
910,72,78,0.08355550467967987
911,39,61,0.4392118752002716
912,8,12,0.2395496964454651
913,56,56,0.5404192805290222
914,59,52,0.7815773487091064
915,15,64,0.1984592229127884
916,21,46,0.3488691747188568
917,77,23,0.3278675377368927
918,45,8,0.16955409944057465
919,21,3,0.16672471165657043
920,80,29,0.28887373208999634
921,89,89,0.5140377879142761
922,37,37,0.292679101228714
923,48,14,0.13591861724853516
924,47,56,0.22817139327526093
925,56,47,0.23094390332698822
926,65,38,0.1427406221628189
927,96,96,0.1546807587146759
928,14,83,0.22162286937236786
929,52,63,0.3645309507846832
930,2,36,0.07768335938453674
931,60,60,0.49551457166671753
932,9,9,0.23558320105075836
933,68,49,0.2675043046474457
934,22,22,0.23310483992099762
935,23,23,0.7241621017456055
936,44,77,0.09937668591737747
937,19,36,0.15633267164230347
938,54,22,0.12882883846759796
939,97,9,0.07582967728376389
940,23,23,0.48480913043022156
941,54,54,0.3666646480560303
942,62,1,0.360378235578537
943,56,73,0.14197859168052673
944,23,23,0.3991674482822418
945,42,14,0.658876895904541
946,81,90,0.3133501708507538
947,66,97,0.11219091713428497
948,87,22,0.5086188316345215
949,47,47,0.4117145538330078
950,47,52,0.23670226335525513
951,45,23,0.16163530945777893
952,42,88,0.3266925811767578
953,51,51,0.12212727963924408
954,10,10,0.14110995829105377
955,35,91,0.059936124831438065
956,68,71,0.5810061693191528
957,13,37,0.13516707718372345
958,55,30,0.2642684578895569
959,34,6,0.16032874584197998
960,74,31,0.21102745831012726
961,47,52,0.2901201546192169
962,40,27,0.09495608508586884
963,51,51,0.2982613444328308
964,6,6,0.13737355172634125
965,3,72,0.23989833891391754
966,76,30,0.19491046667099
967,52,52,0.8229196667671204
968,53,1,0.3531011939048767
969,34,34,0.34971410036087036
970,60,60,0.9612467288970947
971,63,63,0.3209248185157776
972,28,10,0.2262115627527237
973,24,24,0.19657880067825317
974,36,33,0.09977366030216217
975,69,69,0.9579262137413025
976,82,33,0.18050193786621094
977,90,90,0.4182717800140381
978,70,70,0.6116818785667419
979,75,34,0.09504663944244385
980,77,36,0.12048748880624771
981,43,43,0.43129071593284607
982,43,43,0.3324597477912903
983,78,27,0.11842241138219833
984,81,81,0.1589316576719284
985,80,11,0.05588552728295326
986,66,97,0.1551615297794342
987,35,2,0.20830021798610687
988,84,5,0.13956327736377716
989,21,21,0.9165417551994324
990,49,49,0.3329625427722931
991,96,33,0.1911262720823288
992,15,89,0.33283719420433044
993,37,33,0.11048302799463272
994,2,53,0.20535340905189514
995,89,81,0.15841181576251984
996,36,43,0.2284012734889984
997,9,49,0.32325777411460876
998,53,53,0.7988319396972656
999,91,91,0.41333135962486267
1000,65,63,0.15346387028694153
1001,67,71,0.32065683603286743
1002,94,94,0.5479223728179932
1003,40,6,0.16980575025081635
1004,72,3,0.22462356090545654
1005,90,85,0.20179936289787292
1006,86,24,0.7013798952102661
1007,85,18,0.1688990592956543
1008,30,30,0.4453960657119751
1009,92,92,0.3783627450466156
1010,25,62,0.20334547758102417
1011,60,15,0.20671090483665466
1012,2,50,0.15320658683776855
1013,29,4,0.10851190984249115
1014,0,0,0.20872417092323303
1015,9,9,0.526080310344696
1016,37,17,0.3265243470668793
1017,1,64,0.09912189096212387
1018,50,36,0.19011230766773224
1019,90,55,0.11237983405590057
1020,27,3,0.08350550383329391
1021,52,52,0.7400702238082886
1022,36,88,0.20414021611213684
1023,48,85,0.31248223781585693
1024,71,71,0.38651007413864136
1025,12,81,0.1892612725496292
1026,97,66,0.2847292125225067
1027,0,0,0.9199831485748291
1028,3,3,0.32675155997276306
1029,41,41,0.7328842282295227
1030,21,8,0.08756250888109207
1031,16,86,0.273612916469574
1032,51,51,0.20644396543502808
1033,72,66,0.1413426548242569
1034,13,13,0.3397226929664612
1035,63,38,0.27959805727005005
1036,81,45,0.10088489204645157
1037,73,67,0.17586496472358704
1038,55,72,0.23823146522045135
1039,30,30,0.3423725366592407
1040,28,54,0.19748809933662415
1041,10,22,0.4907287061214447
1042,84,53,0.3787924349308014
1043,8,45,0.27483558654785156
1044,6,62,0.09752818942070007
1045,9,56,0.10699430108070374
1046,93,93,0.0924796387553215
1047,2,78,0.186587393283844
1048,78,64,0.17317774891853333
1049,26,1,0.8179281949996948
1050,16,6,0.3280557692050934
1051,17,12,0.13428187370300293
1052,39,78,0.06274991482496262
1053,67,73,0.3074033260345459
1054,20,20,0.3827986419200897
1055,3,72,0.2213425636291504
1056,81,13,0.3563371002674103
1057,26,26,0.14021651446819305
1058,96,49,0.1776484251022339
1059,45,32,0.08608769625425339
1060,15,31,0.4380173087120056
1061,29,74,0.17878605425357819
1062,57,57,0.28982487320899963
1063,60,23,0.39070039987564087
1064,49,49,0.5675497651100159
1065,36,36,0.16677376627922058
1066,23,23,0.6682899594306946
1067,63,4,0.08641572296619415
1068,72,27,0.16006165742874146
1069,19,19,0.23735445737838745
1070,41,41,0.11285416036844254
1071,55,31,0.17012621462345123
1072,26,6,0.10643918067216873
1073,25,86,0.23527833819389343
1074,49,49,0.2789222002029419
1075,28,40,0.14477293193340302
1076,20,84,0.4713624119758606
1077,33,63,0.12655317783355713
1078,7,7,0.581651508808136
1079,45,56,0.217342346906662
1080,7,78,0.22731845080852509
1081,89,14,0.21559856832027435
1082,1,1,0.2912462651729584
1083,90,90,0.24602293968200684
1084,42,50,0.10608790069818497
1085,15,36,0.12339527159929276
1086,23,23,0.30311354994773865
1087,93,73,0.17663216590881348
1088,96,17,0.40265899896621704
1089,59,47,0.3877672851085663
1090,29,29,0.23848199844360352
1091,29,97,0.26511526107788086
1092,75,37,0.31219303607940674
1093,93,93,0.4655425250530243
1094,8,17,0.1798696368932724
1095,70,0,0.2666347324848175
1096,48,48,0.9503166079521179
1097,82,92,0.4056745767593384
1098,84,40,0.36708298325538635
1099,81,68,0.21437421441078186
1100,72,67,0.13782814145088196
1101,38,38,0.14900869131088257
1102,80,29,0.11014894396066666
1103,63,63,0.260862797498703
1104,76,76,0.9161742925643921
1105,4,33,0.25623801350593567
1106,54,54,0.5945018529891968
1107,60,71,0.5091819763183594
1108,1,33,0.34159043431282043
1109,49,49,0.6208852529525757
1110,1,1,0.6715013980865479
1111,92,92,0.19168490171432495
1112,77,44,0.11455334722995758
1113,30,30,0.18801474571228027
1114,98,98,0.18397781252861023
1115,62,6,0.25365889072418213
1116,25,87,0.3807220458984375
1117,26,47,0.7439813017845154
1118,55,40,0.5228174924850464
1119,25,32,0.07805539667606354
1120,21,21,0.20455661416053772
1121,25,94,0.2704371511936188
1122,82,1,0.25742220878601074
1123,80,75,0.10598085820674896
1124,19,66,0.1655888855457306
1125,93,40,0.30258801579475403
1126,35,2,0.2009737342596054
1127,61,22,0.2826923131942749
1128,81,85,0.2500932812690735
1129,69,49,0.16327640414237976
1130,9,9,0.40664994716644287
1131,91,30,0.2761252522468567
1132,96,47,0.5865660905838013
1133,34,79,0.0805123820900917
1134,23,45,0.11813224107027054
1135,9,40,0.45438337326049805
1136,0,0,0.7258228659629822
1137,28,62,0.3925212323665619
1138,51,70,0.349123477935791
1139,91,44,0.11535440385341644
1140,65,38,0.2457752525806427
1141,33,40,0.11035226285457611
1142,5,94,0.2000579833984375
1143,13,32,0.43833789229393005
1144,52,52,0.8392518758773804
1145,58,39,0.23829065263271332
1146,65,61,0.38727474212646484
1147,32,34,0.16971570253372192
1148,37,13,0.24277839064598083
1149,63,63,0.2625919580459595
1150,61,86,0.13229221105575562
1151,19,15,0.22690927982330322
1152,2,98,0.26595211029052734
1153,49,49,0.5361906886100769
1154,64,64,0.23719339072704315
1155,58,58,0.3852255046367645
1156,93,18,0.06492236256599426
1157,62,62,0.5366621017456055
1158,52,52,0.8194809556007385
1159,53,10,0.27426838874816895
1160,41,89,0.12350587546825409
1161,33,96,0.21795997023582458
1162,84,2,0.09929988533258438
1163,22,23,0.13689926266670227
1164,67,67,0.27922800183296204
1165,44,88,0.1143874004483223
1166,95,17,0.23719905316829681
1167,24,24,0.2925455868244171
1168,46,46,0.06297990679740906
1169,98,79,0.2406122386455536
1170,31,31,0.3076589107513428
1171,83,57,0.1379658579826355
1172,16,22,0.15109728276729584
1173,2,2,0.2603652775287628
1174,47,59,0.3085494935512543
1175,51,43,0.20973461866378784
1176,3,55,0.19858886301517487
1177,18,6,0.19806009531021118
1178,60,60,0.9386194348335266
1179,38,31,0.13458706438541412
1180,95,23,0.14800916612148285
1181,89,88,0.1566743701696396
1182,11,14,0.25634825229644775
1183,63,72,0.34200018644332886
1184,15,15,0.2032182663679123
1185,49,30,0.3798638880252838
1186,63,63,0.1713029146194458
1187,85,93,0.10898119956254959
1188,12,37,0.26290085911750793
1189,38,27,0.1019091010093689
1190,66,66,0.13038159906864166
1191,99,99,0.11150653660297394
1192,72,97,0.14044129848480225
1193,83,53,0.5085707306861877
1194,12,12,0.7297934889793396
1195,93,56,0.24195165932178497
1196,51,45,0.18110494315624237
1197,21,85,0.24917225539684296
1198,47,52,0.7243934273719788
1199,21,21,0.7009896636009216
1200,43,4,0.11102776974439621
1201,77,65,0.11527048796415329
1202,55,74,0.18626362085342407
1203,36,35,0.15903674066066742
1204,57,11,0.21486561000347137
1205,69,76,0.11904075741767883
1206,5,5,0.3173799514770508
1207,29,17,0.4141980707645416
1208,41,11,0.20307579636573792
1209,14,14,0.09202851355075836
1210,41,41,0.24590083956718445
1211,77,24,0.08716214448213577
1212,58,58,0.3475622534751892
1213,60,60,0.9225538969039917
1214,45,26,0.43468984961509705
1215,88,61,0.16877935826778412
1216,19,12,0.12954753637313843
1217,19,31,0.21819613873958588
1218,48,48,0.2324323207139969
1219,5,23,0.10716906189918518
1220,81,25,0.10471946746110916
1221,69,69,0.467303603887558
1222,77,55,0.052016306668519974
1223,60,71,0.44723212718963623
1224,88,88,0.16840346157550812
1225,92,62,0.4008123576641083
1226,31,31,0.41640377044677734
1227,34,72,0.0832783579826355
1228,36,2,0.24618159234523773
1229,30,67,0.19935937225818634
1230,64,80,0.20307965576648712
1231,82,82,0.22052597999572754
1232,88,6,0.06643164157867432
1233,7,78,0.19865179061889648
1234,38,38,0.17586418986320496
1235,57,43,0.1412900984287262
1236,92,54,0.26358383893966675
1237,23,71,0.13069644570350647
1238,11,46,0.37531498074531555
1239,41,20,0.1826997697353363
1240,38,79,0.3514828681945801
1241,90,70,0.17335157096385956
1242,76,25,0.12689565122127533
1243,28,40,0.13659724593162537
1244,24,24,0.9116877913475037
1245,6,6,0.8437467813491821
1246,84,28,0.12192558497190475
1247,76,17,0.27409827709198
1248,88,7,0.11899169534444809
1249,28,28,0.48081734776496887
1250,98,98,0.14362426102161407
1251,96,96,0.4714861512184143
1252,93,67,0.3149268925189972
1253,64,46,0.17054522037506104
1254,45,88,0.3938819169998169
1255,54,54,0.7581529021263123
1256,26,86,0.24441026151180267
1257,79,47,0.19867931306362152
1258,70,54,0.32394930720329285
1259,46,36,0.19917523860931396
1260,89,89,0.34342506527900696
1261,89,68,0.2766827940940857
1262,64,97,0.33453068137168884
1263,93,89,0.1518305093050003
1264,39,39,0.17437899112701416
1265,53,53,0.9525184631347656
1266,36,64,0.10313863307237625
1267,50,55,0.08111410588026047
1268,56,56,0.5532175898551941
1269,84,20,0.12198127061128616
1270,46,11,0.25721848011016846
1271,13,85,0.49241068959236145
1272,5,74,0.1024814322590828
1273,51,31,0.4185948073863983
1274,5,5,0.5139983892440796
1275,56,56,0.5604575276374817
1276,68,33,0.15571238100528717
1277,70,70,0.12299998849630356
1278,92,92,0.23557893931865692
1279,93,93,0.5580320954322815
1280,28,69,0.34385475516319275
1281,18,51,0.12494609504938126
1282,37,56,0.18562479317188263
1283,50,35,0.06853266060352325
1284,81,81,0.2528741657733917
1285,67,73,0.3427358567714691
1286,41,41,0.7790234684944153
1287,35,26,0.08545047789812088
1288,99,39,0.39311036467552185
1289,41,41,0.6707609295845032
1290,79,24,0.2292833924293518
1291,90,12,0.45876234769821167
1292,59,69,0.14754904806613922
1293,59,68,0.4834238290786743
1294,35,46,0.28076717257499695
1295,16,61,0.1966899186372757
1296,17,17,0.18650157749652863
1297,64,64,0.2904302775859833
1298,90,37,0.11403705924749374
1299,96,45,0.09321733564138412
1300,3,46,0.19852100312709808
1301,88,6,0.14075949788093567
1302,3,31,0.5782337188720703
1303,45,8,0.09139394015073776
1304,0,83,0.14180682599544525
1305,68,74,0.2991335093975067
1306,33,33,0.24482636153697968
1307,49,73,0.2314206212759018
1308,0,92,0.3485650420188904
1309,18,19,0.14786452054977417
1310,22,1,0.21781712770462036
1311,72,32,0.16798153519630432
1312,4,74,0.32395219802856445
1313,66,88,0.1721232831478119
1314,5,8,0.14844517409801483
1315,46,77,0.09493419528007507
1316,79,14,0.3159111440181732
1317,70,70,0.2908495366573334
1318,9,87,0.3256103992462158
1319,49,57,0.2409733682870865
1320,34,34,0.15985070168972015
1321,48,26,0.17992003262043
1322,71,60,0.5180790424346924
1323,37,84,0.1267118602991104
1324,42,8,0.4830765724182129
1325,6,34,0.1279713362455368
1326,91,91,0.18991754949092865
1327,58,48,0.24553197622299194
1328,42,29,0.24854321777820587
1329,17,31,0.13532742857933044
1330,1,70,0.2212464064359665
1331,5,5,0.24803997576236725
1332,65,63,0.215726837515831
1333,5,5,0.5491268038749695
1334,38,19,0.2477203905582428
1335,47,47,0.4291290044784546
1336,38,63,0.12066200375556946
1337,63,63,0.5406467318534851
1338,61,78,0.15968051552772522
1339,28,28,0.763144850730896
1340,99,56,0.063144251704216
1341,20,20,0.698248028755188
1342,88,88,0.26620838046073914
1343,50,69,0.0886557474732399
1344,53,6,0.1956443190574646
1345,97,50,0.13381914794445038
1346,59,56,0.4713548421859741
1347,78,48,0.31629183888435364
1348,35,2,0.18444325029850006
1349,50,6,0.14761221408843994
1350,6,6,0.4544566571712494
1351,98,46,0.1571844071149826
1352,33,36,0.08776433020830154
1353,65,67,0.24751333892345428
1354,23,23,0.2732580304145813
1355,68,68,0.5483205318450928
1356,26,84,0.3080664277076721
1357,96,52,0.5281170010566711
1358,17,17,0.3254803419113159
1359,65,23,0.11759860813617706
1360,47,47,0.313972532749176
1361,12,69,0.3533356785774231
1362,94,94,0.9684087038040161
1363,81,16,0.1966983824968338
1364,76,76,0.9052667021751404
1365,91,91,0.21433787047863007
1366,72,3,0.17839637398719788
1367,35,61,0.1601971834897995
1368,18,18,0.21293732523918152
1369,96,52,0.469554603099823
1370,92,14,0.32661110162734985
1371,98,51,0.14121252298355103
1372,19,41,0.16930580139160156
1373,0,0,0.3611956536769867
1374,43,43,0.18178486824035645
1375,50,32,0.21471817791461945
1376,43,43,0.4306216239929199
1377,44,47,0.20498664677143097
1378,73,44,0.19033271074295044
1379,4,77,0.10738050192594528
1380,53,53,0.681123673915863
1381,37,5,0.3277125060558319
1382,8,89,0.128351092338562
1383,25,87,0.11640807241201401
1384,52,48,0.1014942154288292
1385,29,29,0.5558310151100159
1386,44,44,0.3629637658596039
1387,12,29,0.25486522912979126
1388,38,38,0.131129190325737
1389,5,5,0.14814457297325134
1390,25,74,0.09483450651168823
1391,41,41,0.18954883515834808
1392,81,88,0.19407527148723602
1393,23,23,0.7364081144332886
1394,68,5,0.13064368069171906
1395,59,59,0.41654056310653687
1396,81,12,0.20753179490566254
1397,43,63,0.16998597979545593
1398,8,8,0.4365844130516052
1399,11,2,0.22924606502056122
1400,18,93,0.0937357246875763
1401,92,14,0.23055441677570343
1402,5,25,0.11772473901510239
1403,34,34,0.15763086080551147
1404,48,48,0.8671186566352844
1405,80,80,0.18787910044193268
1406,25,25,0.16682153940200806
1407,31,38,0.14398007094860077
1408,8,19,0.07704729586839676
1409,88,88,0.311834454536438
1410,10,16,0.24491359293460846
1411,50,74,0.393079936504364
1412,76,17,0.29767119884490967
1413,50,5,0.2788480520248413
1414,95,95,0.19652889668941498
1415,94,94,0.5745565891265869
1416,83,33,0.3493901491165161
1417,52,52,0.8331968784332275
1418,44,40,0.09926820546388626
1419,16,57,0.1723065823316574
1420,99,76,0.15821503102779388
1421,68,63,0.08068020641803741
1422,28,28,0.12452077865600586
1423,15,43,0.20686252415180206
1424,47,59,0.28448420763015747
1425,34,34,0.19902944564819336
1426,57,57,0.281817764043808
1427,13,58,0.17423589527606964
1428,22,22,0.6902604699134827
1429,9,36,0.18252213299274445
1430,90,87,0.1916174441576004
1431,50,22,0.39517244696617126
1432,34,18,0.1391555219888687
1433,43,43,0.3864927589893341
1434,20,20,0.5655356049537659
1435,87,13,0.4463680386543274
1436,91,91,0.9617741703987122
1437,80,2,0.13502536714076996
1438,9,9,0.9382312297821045
1439,17,51,0.09764301031827927
1440,19,94,0.2085135132074356
1441,57,57,0.5204424858093262
1442,14,3,0.1570955514907837
1443,27,44,0.1733235865831375
1444,46,46,0.20847170054912567
1445,13,81,0.15097789466381073
1446,44,44,0.08359537273645401
1447,24,61,0.2909587621688843
1448,10,10,0.1117980107665062
1449,84,30,0.13470695912837982
1450,4,21,0.19354599714279175
1451,56,56,0.8799617886543274
1452,29,31,0.2689586579799652
1453,29,37,0.14325757324695587
1454,51,1,0.20072676241397858
1455,78,27,0.09640073776245117
1456,62,62,0.49570056796073914
1457,53,53,0.22547252476215363
1458,17,17,0.20172119140625
1459,28,28,0.6420318484306335
1460,28,24,0.09857296943664551
1461,11,98,0.47667649388313293
1462,65,65,0.19510559737682343
1463,48,26,0.1325349509716034
1464,48,13,0.17608313262462616
1465,12,71,0.5510852336883545
1466,55,30,0.2840398848056793
1467,66,66,0.16414785385131836
1468,98,46,0.5512808561325073
1469,8,8,0.8408054113388062
1470,94,9,0.12971231341362
1471,25,25,0.18226711452007294
1472,70,62,0.5498865842819214
1473,54,40,0.2866021692752838
1474,12,31,0.19173528254032135
1475,86,86,0.7588386535644531
1476,3,72,0.09074634313583374
1477,76,30,0.3027323782444
1478,13,13,0.2425137311220169
1479,2,40,0.24005234241485596
1480,7,7,0.16087815165519714
1481,91,13,0.08499491959810257
1482,55,55,0.09023743122816086
1483,45,92,0.27782315015792847
1484,51,51,0.3623282015323639
1485,53,53,0.9419736862182617
1486,28,28,0.2623768746852875
1487,9,76,0.38631749153137207
1488,87,94,0.2649464011192322
1489,13,48,0.3015120029449463
1490,30,97,0.10287850350141525
1491,58,58,0.6788396239280701
1492,61,10,0.7142252922058105
1493,31,31,0.10216397792100906
1494,70,54,0.40577396750450134
1495,39,65,0.06919223815202713
1496,3,38,0.12675681710243225
1497,47,96,0.45599228143692017
1498,34,34,0.26010262966156006
1499,26,3,0.13959439098834991
1500,50,26,0.15656504034996033
1501,59,96,0.5134377479553223
1502,64,64,0.30435094237327576
1503,37,15,0.25512295961380005
1504,92,92,0.38946253061294556
1505,14,14,0.22849924862384796
1506,26,26,0.18424656987190247
1507,37,97,0.4207093119621277
1508,94,94,0.9824696779251099
1509,29,79,0.19267305731773376
1510,15,17,0.17490775883197784
1511,63,50,0.07654912769794464
1512,7,95,0.20234081149101257
1513,32,69,0.12279491871595383
1514,9,9,0.8969237208366394
1515,43,43,0.3508478105068207
1516,12,85,0.3111991286277771
1517,27,78,0.10781577229499817
1518,78,78,0.2140752524137497
1519,97,98,0.16729947924613953
1520,55,72,0.16397929191589355
1521,11,50,0.1020721048116684
1522,69,69,0.26778385043144226
1523,66,75,0.5665517449378967
1524,31,55,0.07934229075908661
1525,20,20,0.9789721965789795
1526,54,40,0.18486903607845306
1527,45,26,0.08315549045801163
1528,86,86,0.8893446326255798
1529,84,78,0.2058662623167038
1530,55,3,0.14514395594596863
1531,3,31,0.1689644604921341
1532,6,97,0.19956307113170624
1533,54,54,0.3238390386104584
1534,69,69,0.9200159311294556
1535,47,47,0.8694218397140503
1536,62,92,0.6605249047279358
1537,57,0,0.35017821192741394
1538,85,89,0.22021593153476715
1539,30,73,0.4755670428276062
1540,16,2,0.3123657703399658
1541,11,46,0.18905940651893616
1542,82,82,0.13826876878738403
1543,65,6,0.4184352457523346
1544,59,96,0.49362626671791077
1545,81,72,0.12163514643907547
1546,39,63,0.1635030061006546
1547,79,67,0.14869479835033417
1548,25,25,0.24300076067447662
1549,44,78,0.09592193365097046
1550,16,18,0.09553428739309311
1551,23,49,0.2592870593070984
1552,17,17,0.36479711532592773
1553,49,30,0.25313660502433777
1554,69,10,0.15200048685073853
1555,74,74,0.18218185007572174
1556,63,63,0.09194310754537582
1557,10,40,0.19276002049446106
1558,56,56,0.3681783974170685
1559,43,31,0.1817759871482849
1560,22,83,0.20175622403621674
1561,11,98,0.2919795513153076
1562,9,9,0.470090389251709
1563,17,76,0.333586186170578
1564,31,31,0.1273791491985321
1565,52,52,0.31653037667274475
1566,52,96,0.3592597246170044
1567,36,36,0.0960477814078331
1568,58,58,0.21180590987205505
1569,79,79,0.0861898884177208
1570,42,42,0.12357154488563538
1571,32,27,0.13522513210773468
1572,15,38,0.09658373147249222
1573,15,15,0.20513297617435455
1574,79,79,0.14856445789337158
1575,56,59,0.2955092787742615
1576,3,72,0.15980498492717743
1577,77,95,0.31686684489250183
1578,57,53,0.2894906997680664
1579,5,5,0.30324217677116394
1580,76,23,0.3125007748603821
1581,84,11,0.10009884834289551
1582,47,52,0.7922636270523071
1583,79,33,0.11808504909276962
1584,64,36,0.1233409121632576
1585,3,55,0.0986059233546257
1586,22,10,0.36347901821136475
1587,84,43,0.23507773876190186
1588,15,49,0.5630684494972229
1589,83,83,0.754156231880188
1590,19,31,0.14690415561199188
1591,64,85,0.12384910136461258
1592,61,22,0.2347588986158371
1593,33,33,0.5412824749946594
1594,16,9,0.12515202164649963
1595,76,95,0.24879410862922668
1596,96,47,0.2518361806869507
1597,87,10,0.29320448637008667
1598,92,92,0.2505510449409485
1599,39,44,0.07950446754693985
1600,60,60,0.4028826057910919
1601,59,17,0.08934307098388672
1602,74,72,0.1516484171152115
1603,27,45,0.16762636601924896
1604,68,68,0.3045443296432495
1605,7,60,0.1368640661239624
1606,23,23,0.5282025933265686
1607,42,88,0.44856318831443787
1608,47,53,0.20916156470775604
1609,2,36,0.12054773420095444
1610,20,25,0.25656232237815857
1611,80,51,0.07074373215436935
1612,24,24,0.21227437257766724
1613,17,17,0.1756776124238968
1614,12,49,0.310497909784317
1615,55,55,0.13219915330410004
1616,13,88,0.11341183632612228
1617,17,17,0.43338584899902344
1618,67,44,0.14974676072597504
1619,21,21,0.8995218276977539
1620,42,42,0.45801061391830444
1621,21,21,0.4248209595680237
1622,46,46,0.08631913363933563
1623,79,79,0.14582552015781403
1624,21,37,0.11387068033218384
1625,61,61,0.6079252362251282
1626,64,38,0.17014937102794647
1627,41,41,0.9776595234870911
1628,16,53,0.3689960837364197
1629,40,40,0.49563291668891907
1630,54,92,0.2330506592988968
1631,70,92,0.32304245233535767
1632,65,3,0.14471368491649628
1633,84,87,0.30814820528030396
1634,64,74,0.28152698278427124
1635,37,84,0.19802898168563843
1636,59,52,0.346530944108963
1637,92,92,0.35097694396972656
1638,71,71,0.15173940360546112
1639,17,17,0.6041563153266907
1640,96,47,0.3424006700515747
1641,94,94,0.6205180287361145
1642,39,23,0.2651751935482025
1643,93,85,0.18839387595653534
1644,79,67,0.15641804039478302
1645,34,88,0.1289566606283188
1646,26,26,0.11826285719871521
1647,33,33,0.22611497342586517
1648,24,2,0.2110927700996399
1649,12,37,0.37245675921440125
1650,53,53,0.8331636190414429
1651,88,64,0.22700130939483643
1652,20,20,0.83841872215271
1653,47,47,0.3992340564727783
1654,98,78,0.15535804629325867
1655,25,90,0.10584765672683716
1656,45,48,0.4093080461025238
1657,25,5,0.35452204942703247
1658,61,10,0.35546058416366577
1659,56,56,0.8762836456298828
1660,68,68,0.7274924516677856
1661,27,28,0.08885078132152557
1662,13,89,0.15628157556056976
1663,92,1,0.1839703917503357
1664,12,21,0.06294532120227814
1665,46,46,0.5375163555145264
1666,76,76,0.5044599175453186
1667,67,67,0.5561336874961853
1668,27,28,0.17660658061504364
1669,2,46,0.08893747627735138
1670,78,69,0.11885551363229752
1671,48,48,0.9043577313423157
1672,3,74,0.694316565990448
1673,98,74,0.08194094896316528
1674,20,20,0.7386532425880432
1675,8,8,0.9880653023719788
1676,43,15,0.17146819829940796
1677,57,53,0.5237993597984314
1678,63,3,0.24710924923419952
1679,7,7,0.49168965220451355
1680,10,61,0.5324463248252869
1681,47,56,0.5043694972991943
1682,46,5,0.47537538409233093
1683,52,96,0.27838727831840515
1684,90,90,0.3927306532859802
1685,69,69,0.2325717657804489
1686,78,38,0.0950864925980568
1687,15,31,0.08408389985561371
1688,78,88,0.07011847198009491
1689,29,42,0.12174089252948761
1690,61,61,0.38178107142448425
1691,5,84,0.11740665882825851
1692,30,27,0.2605310380458832
1693,86,86,0.22800859808921814
1694,85,93,0.09027080237865448
1695,33,33,0.4584360718727112
1696,10,40,0.2702738642692566
1697,44,34,0.09161967039108276
1698,34,4,0.10567361861467361
1699,24,95,0.10314223915338516
1700,56,28,0.2074529230594635
1701,61,22,0.7685713171958923
1702,62,53,0.5042369365692139
1703,38,24,0.20695601403713226
1704,72,91,0.1208563894033432
1705,44,26,0.07906830310821533
1706,53,53,0.851869523525238
1707,7,7,0.25018563866615295
1708,38,96,0.08124595135450363
1709,17,49,0.3830236494541168
1710,40,48,0.17901822924613953
1711,91,24,0.12409036606550217
1712,83,53,0.2787938117980957
1713,82,82,0.9808028936386108
1714,10,61,0.7457684874534607
1715,21,21,0.2038775533437729
1716,30,30,0.2330104410648346
1717,65,63,0.1195150837302208
1718,47,52,0.32018014788627625
1719,57,0,0.6462875604629517
1720,16,48,0.2606275975704193
1721,81,46,0.05496726930141449
1722,30,30,0.3357830345630646
1723,72,50,0.06429900974035263
1724,96,52,0.5099483132362366
1725,88,94,0.194718137383461
1726,62,15,0.11205804347991943
1727,95,30,0.16095241904258728
1728,27,74,0.15598942339420319
1729,61,22,0.21696244180202484
1730,2,36,0.27394384145736694
1731,50,74,0.271034300327301
1732,21,3,0.2023840993642807
1733,87,13,0.16631238162517548
1734,5,84,0.3222627639770508
1735,69,46,0.4528117775917053
1736,37,37,0.29310697317123413
1737,59,69,0.1997590810060501
1738,0,0,0.7513346076011658
1739,78,38,0.14156566560268402
1740,20,32,0.23144282400608063
1741,85,85,0.7618621587753296
1742,54,54,0.5434421896934509
1743,53,53,0.21822789311408997
1744,73,30,0.32622843980789185
1745,69,76,0.3009644150733948
1746,3,3,0.31445789337158203
1747,35,46,0.25608202815055847
1748,49,49,0.3900358974933624
1749,33,33,0.8017460703849792
1750,73,73,0.5329581499099731
1751,99,44,0.1599997729063034
1752,97,64,0.1428709477186203
1753,89,89,0.13454002141952515
1754,3,38,0.06536946445703506
1755,54,54,0.13120917975902557
1756,90,37,0.2917921543121338
1757,45,78,0.06287173181772232
1758,11,46,0.2506778836250305
1759,1,1,0.15161055326461792
1760,51,62,0.16998456418514252
1761,28,5,0.21793806552886963
1762,79,36,0.13629832863807678
1763,47,59,0.336680144071579
1764,54,29,0.23744645714759827
1765,83,83,0.5258781313896179
1766,40,40,0.4024619460105896
1767,14,14,0.2529118061065674
1768,26,67,0.30442726612091064
1769,27,30,0.2413625419139862
1770,12,49,0.3768773674964905
1771,42,42,0.1605432629585266
1772,44,27,0.09246218204498291
1773,29,29,0.4072120487689972
1774,59,96,0.19335132837295532
1775,8,38,0.05307955667376518
1776,17,19,0.30671656131744385
1777,56,27,0.19718366861343384
1778,46,34,0.13362851738929749
1779,80,21,0.2297646701335907
1780,1,1,0.40260910987854004
1781,82,82,0.8803462386131287
1782,51,96,0.3255525529384613
1783,34,26,0.08971194922924042
1784,86,86,0.7968778610229492
1785,96,52,0.1946769505739212
1786,86,86,0.7487043738365173
1787,93,63,0.1846931278705597
1788,38,34,0.25013959407806396
1789,20,70,0.2709364593029022
1790,19,79,0.07618822902441025
1791,2,36,0.16273482143878937
1792,20,25,0.33592066168785095
1793,91,84,0.21411730349063873
1794,55,88,0.1718815118074417
1795,65,65,0.13100574910640717
1796,64,63,0.17858901619911194
1797,90,90,0.36359959840774536
1798,70,70,0.18653039634227753
1799,34,77,0.1569339632987976
1800,11,11,0.15579882264137268
1801,55,38,0.05383775010704994
1802,68,68,0.630020022392273
1803,52,52,0.6221832633018494
1804,6,6,0.3128192126750946
1805,79,26,0.06998979300260544
1806,22,22,0.1495734453201294
1807,22,98,0.24813903868198395
1808,86,86,0.32910507917404175
1809,10,10,0.42243361473083496
1810,1,1,0.28906720876693726
1811,75,26,0.13742999732494354
1812,48,58,0.1900506615638733
1813,5,16,0.3497954308986664
1814,90,49,0.19657789170742035
1815,67,79,0.24342377483844757
1816,99,95,0.18849629163742065
1817,33,15,0.1385912001132965
1818,82,82,0.31161239743232727
1819,76,76,0.8666313290596008
1820,51,74,0.19031590223312378
1821,92,22,0.1634029895067215
1822,65,87,0.1917155236005783
1823,77,77,0.24173319339752197
1824,70,54,0.4498243033885956
1825,12,12,0.6093612909317017
1826,91,1,0.17000415921211243
1827,83,57,0.13912709057331085
1828,95,12,0.2243187576532364
1829,48,58,0.1537066400051117
1830,52,52,0.4006423056125641
1831,30,30,0.18344855308532715
1832,49,76,0.4356561601161957
1833,11,98,0.2625070810317993
1834,3,14,0.10664978623390198
1835,17,89,0.24131135642528534
1836,80,69,0.11735719442367554
1837,94,94,0.6700968146324158
1838,29,24,0.16000571846961975
1839,87,87,0.13891568779945374
1840,49,49,0.30402159690856934
1841,64,74,0.1114872470498085
1842,57,99,0.15615998208522797
1843,42,64,0.08227617293596268
1844,95,73,0.46653690934181213
1845,28,67,0.18494151532649994
1846,16,16,0.22725656628608704
1847,99,46,0.15472331643104553
1848,46,11,0.16790886223316193
1849,31,3,0.1253402680158615
1850,25,25,0.20688289403915405
1851,2,11,0.28608325123786926
1852,95,73,0.4548857808113098
1853,21,21,0.3872700035572052
1854,83,62,0.1256752759218216
1855,59,59,0.6103277802467346
1856,56,56,0.9771360158920288
1857,28,28,0.6982917189598083
1858,17,12,0.3372108042240143
1859,53,53,0.4925658404827118
1860,71,12,0.19267700612545013
1861,7,24,0.10308904200792313
1862,94,94,0.5598302483558655
1863,53,53,0.8803005218505859
1864,89,89,0.2989986836910248
1865,10,28,0.1761552095413208
1866,28,28,0.25789397954940796
1867,7,18,0.17857231199741364
1868,36,39,0.11132899671792984
1869,79,33,0.1624925434589386
1870,53,53,0.9446480870246887
1871,87,87,0.3201901912689209
1872,43,43,0.19127869606018066
1873,76,17,0.5264608860015869
1874,69,40,0.4481291174888611
1875,22,54,0.08149444311857224
1876,17,17,0.6285458207130432
1877,6,6,0.8512482643127441
1878,53,62,0.3021717965602875
1879,68,68,0.5350799560546875
1880,44,44,0.06142381206154823
1881,89,33,0.23330365121364594
1882,15,97,0.13303694128990173
1883,80,18,0.17845511436462402
1884,45,45,0.1567639261484146
1885,95,99,0.1093340739607811
1886,37,12,0.3493463099002838
1887,80,97,0.21548496186733246
1888,28,28,0.7066757082939148
1889,13,82,0.161371648311615
1890,23,23,0.6952139139175415
1891,52,52,0.6284278631210327
1892,24,24,0.3788468837738037
1893,21,18,0.27867868542671204
1894,55,91,0.23147942125797272
1895,99,28,0.4670488238334656
1896,98,56,0.18767473101615906
1897,21,21,0.2355564534664154
1898,59,76,0.25758567452430725
1899,9,28,0.06290062516927719
1900,81,13,0.2145913541316986
1901,88,31,0.11843379586935043
1902,93,59,0.4587867856025696
1903,61,70,0.22108416259288788
1904,17,12,0.23299527168273926
1905,44,30,0.29595082998275757
1906,49,29,0.2044769525527954
1907,81,81,0.35230645537376404
1908,78,84,0.09014048427343369
1909,94,99,0.09846656024456024
1910,40,40,0.5523451566696167
1911,60,60,0.934655487537384
1912,80,42,0.13268902897834778
1913,58,90,0.1540132611989975
1914,4,3,0.1667758971452713
1915,88,14,0.2644781470298767
1916,18,91,0.2592066824436188
1917,24,15,0.07257585972547531
1918,36,36,0.5392371416091919
1919,26,4,0.255911648273468
1920,74,91,0.26236236095428467
1921,88,45,0.07999023795127869
1922,56,96,0.2674221694469452
1923,3,38,0.11772289872169495
1924,65,44,0.06614340841770172
1925,0,0,0.9760063886642456
1926,43,43,0.3197917342185974
1927,22,45,0.11629720777273178
1928,47,29,0.30481845140457153
1929,65,30,0.21494705975055695
1930,22,76,0.14324598014354706
1931,69,69,0.1889239251613617
1932,9,9,0.6877109408378601
1933,78,61,0.1325298547744751
1934,4,91,0.151773139834404
1935,69,95,0.0908450111746788
1936,46,11,0.28221842646598816
1937,97,97,0.4424054026603699
1938,29,6,0.12551137804985046
1939,18,77,0.26194798946380615
1940,64,85,0.15490759909152985
1941,98,9,0.18452812731266022
1942,65,18,0.16169199347496033
1943,36,36,0.7521194815635681
1944,94,28,0.4685419201850891
1945,84,26,0.2343423217535019
1946,91,18,0.1596054881811142
1947,20,25,0.09043432027101517
1948,36,99,0.11680593341588974
1949,50,42,0.14219078421592712
1950,76,76,0.5299453735351562
1951,29,3,0.16009077429771423
1952,63,63,0.27408918738365173
1953,6,88,0.2184145599603653
1954,30,4,0.11956092715263367
1955,99,23,0.37004554271698
1956,55,95,0.17118513584136963
1957,21,75,0.2022942155599594
1958,38,34,0.14227324724197388
1959,83,83,0.4431241750717163
1960,67,49,0.6177034974098206
1961,31,31,0.38507094979286194
1962,49,49,0.3038162887096405
1963,39,39,0.14010857045650482
1964,66,97,0.2810031473636627
1965,66,66,0.18027935922145844
1966,53,53,0.9321014285087585
1967,54,54,0.4446481764316559
1968,41,41,0.9569544196128845
1969,36,36,0.35382190346717834
1970,61,22,0.3503008484840393
1971,88,14,0.26274213194847107
1972,30,30,0.15728013217449188
1973,19,27,0.2831597328186035
1974,95,95,0.5387046337127686
1975,41,41,0.7932465672492981
1976,89,8,0.4138191044330597
1977,19,64,0.20745597779750824
1978,46,46,0.34478989243507385
1979,78,14,0.1374294012784958
1980,37,17,0.44899943470954895
1981,31,59,0.17504654824733734
1982,22,22,0.8210886120796204
1983,2,54,0.23437462747097015
1984,78,88,0.1161067932844162
1985,13,10,0.1638459861278534
1986,73,30,0.2296147346496582
1987,51,14,0.1165560930967331
1988,95,30,0.3232167661190033
1989,2,97,0.09540557861328125
1990,38,19,0.15113499760627747
1991,98,66,0.08630026131868362
1992,28,28,0.7670234441757202
1993,18,93,0.08994864672422409
1994,42,42,0.28895050287246704
1995,7,8,0.24058334529399872
1996,88,38,0.07683850079774857
1997,61,10,0.18692810833454132
1998,12,81,0.3019922375679016
1999,8,81,0.1094764694571495
2000,92,82,0.16595713794231415
2001,41,41,0.6030489206314087
2002,33,33,0.08380758762359619
2003,65,27,0.16564004123210907
2004,17,17,0.5570719242095947
2005,51,19,0.2552718222141266
2006,99,57,0.15160149335861206
2007,35,11,0.271830677986145
2008,67,73,0.378032922744751
2009,63,6,0.21378719806671143
2010,63,63,0.33431756496429443
2011,9,9,0.5011671185493469
2012,58,45,0.452364444732666
2013,96,96,0.47219836711883545
2014,77,24,0.08649605512619019
2015,1,1,0.6187237501144409
2016,36,36,0.17698629200458527
2017,53,53,0.4549108147621155
2018,83,62,0.27436622977256775
2019,13,58,0.2695002257823944
2020,98,6,0.20436100661754608
2021,21,38,0.11343027651309967
2022,35,11,0.12468699365854263
2023,39,39,0.6362236142158508
2024,49,49,0.2067292034626007
2025,81,90,0.29167869687080383
2026,35,94,0.37433212995529175
2027,3,21,0.23967763781547546
2028,77,50,0.17123918235301971
2029,89,34,0.11410565674304962
2030,30,95,0.3741227984428406
2031,85,85,0.786765456199646
2032,59,52,0.4359048902988434
2033,48,48,0.25195616483688354
2034,98,70,0.3237093687057495
2035,38,50,0.07865224778652191
2036,80,64,0.10622534900903702
2037,39,42,0.1617526113986969
2038,82,28,0.13994313776493073
2039,43,88,0.6311009526252747
2040,12,49,0.36339452862739563
2041,21,21,0.6593537330627441
2042,18,80,0.10992064327001572
2043,25,60,0.15636219084262848
2044,5,99,0.11285945028066635
2045,25,96,0.06695142388343811
2046,63,63,0.8348919749259949
2047,78,38,0.1311957836151123
2048,4,42,0.1537681668996811
2049,40,40,0.30286651849746704
2050,29,93,0.0863339975476265
2051,15,31,0.12747524678707123
2052,39,73,0.21662409603595734
2053,49,49,0.12562091648578644
2054,93,95,0.4154055714607239
2055,39,39,0.2284318506717682
2056,77,77,0.25802356004714966
2057,69,72,0.3123394548892975
2058,53,53,0.9448561072349548
2059,64,50,0.07622551918029785
2060,12,12,0.6597708463668823
2061,57,15,0.5746881365776062
2062,5,91,0.06977078318595886
2063,17,76,0.22534024715423584
2064,97,74,0.10605204105377197
2065,37,17,0.29214805364608765
2066,48,48,0.413719117641449
2067,79,79,0.4461494982242584
2068,5,5,0.8483067154884338
2069,83,0,0.4411000609397888
2070,16,40,0.37960395216941833
2071,41,41,0.0809372290968895
2072,48,54,0.1543349176645279
2073,54,78,0.15132810175418854
2074,79,9,0.2109624594449997
2075,67,99,0.16296567022800446
2076,73,22,0.16491982340812683
2077,0,92,0.1423877477645874
2078,19,88,0.1020805761218071
2079,14,21,0.5221800208091736
2080,29,31,0.09093809127807617
2081,84,20,0.4068046510219574
2082,48,44,0.15724167227745056
2083,36,61,0.24656981229782104
2084,76,76,0.12193772196769714
2085,95,95,0.4738314747810364
2086,20,20,0.9637241959571838
2087,59,52,0.3637026846408844
2088,57,86,0.10410376638174057
2089,67,51,0.37800657749176025
2090,6,77,0.07949517667293549
2091,71,49,0.16774050891399384
2092,21,21,0.3620673418045044
2093,7,78,0.29795724153518677
2094,91,8,0.07842322438955307
2095,92,22,0.3351118862628937
2096,87,87,0.6676940321922302
2097,91,91,0.5161768198013306
2098,16,48,0.3809228241443634
2099,86,79,0.19845925271511078
2100,58,58,0.31938791275024414
2101,89,89,0.16379594802856445
2102,97,38,0.13816465437412262
2103,83,43,0.10114917904138565
2104,72,55,0.10584255307912827
2105,85,69,0.12124249339103699
2106,41,87,0.18702182173728943
2107,3,51,0.06857416778802872
2108,20,20,0.6152440905570984
2109,10,94,0.11288972944021225
2110,74,63,0.10114413499832153
2111,49,49,0.40868985652923584
2112,63,3,0.12228581309318542
2113,91,75,0.7706896662712097
2114,56,52,0.2721732258796692
2115,92,70,0.4792838394641876
2116,19,79,0.14921261370182037
2117,64,67,0.08290499448776245
2118,28,28,0.6176764369010925
2119,11,75,0.08326047658920288
2120,41,69,0.2541540563106537
2121,81,13,0.313240647315979
2122,90,85,0.26698464155197144
2123,89,89,0.4636704623699188
2124,86,86,0.3413207530975342
2125,22,88,0.11169509589672089
2126,41,2,0.2063302844762802
2127,50,87,0.18238617479801178
2128,27,27,0.27295032143592834
2129,87,22,0.10384824872016907
2130,21,46,0.13502556085586548
2131,34,36,0.10555728524923325
2132,36,36,0.5401087403297424
2133,90,1,0.45859000086784363
2134,94,20,0.17471323907375336
2135,71,71,0.6011171936988831
2136,31,38,0.29882147908210754
2137,62,62,0.35488593578338623
2138,95,95,0.4036363661289215
2139,33,96,0.4473569393157959
2140,38,31,0.14976216852664948
2141,95,93,0.3858569860458374
2142,41,74,0.08346345275640488
2143,24,7,0.28224819898605347
2144,89,59,0.4305836856365204
2145,15,15,0.21971659362316132
2146,81,6,0.12035579234361649
2147,8,88,0.47068434953689575
2148,48,78,0.14439284801483154
2149,30,95,0.1929427832365036
2150,52,52,0.4632987678050995
2151,79,79,0.14498351514339447
2152,20,25,0.35547497868537903
2153,68,68,0.9107567667961121
2154,16,83,0.19663317501544952
2155,78,75,0.3991222083568573
2156,45,11,0.1408655047416687
2157,31,37,0.3109174072742462
2158,66,38,0.40004363656044006
2159,52,52,0.7469760775566101
2160,43,31,0.08613993227481842
2161,20,20,0.7726054191589355
2162,98,98,0.16633543372154236
2163,24,24,0.681400716304779
2164,71,49,0.4456420838832855
2165,49,49,0.32444921135902405
2166,44,91,0.1282704472541809
2167,46,44,0.0798363983631134
2168,62,53,0.10506074875593185
2169,22,88,0.10780929774045944
2170,11,37,0.3767647445201874
2171,89,26,0.10126052051782608
2172,99,80,0.10714483261108398
2173,73,30,0.14318311214447021
2174,26,61,0.26176726818084717
2175,53,53,0.3286594748497009
2176,10,10,0.30005893111228943
2177,41,90,0.15745258331298828
2178,12,37,0.2048940658569336
2179,2,89,0.26440805196762085
2180,4,3,0.33051103353500366
2181,39,93,0.3197426497936249
2182,19,19,0.24462662637233734
2183,56,47,0.3499698042869568
2184,74,27,0.17053793370723724
2185,79,38,0.09691773355007172
2186,73,23,0.0910901352763176
2187,46,11,0.13116005063056946
2188,3,63,0.2737889587879181
2189,22,22,0.24456965923309326
2190,6,88,0.17576712369918823
2191,59,13,0.3879868984222412
2192,54,51,0.18759682774543762
2193,87,87,0.7815062999725342
2194,2,14,0.13061228394508362
2195,87,9,0.26626887917518616
2196,49,60,0.31856822967529297
2197,91,91,0.5894458293914795
2198,37,25,0.37882307171821594
2199,53,9,0.13299380242824554
2200,51,51,0.07413386553525925
2201,7,14,0.469973087310791
2202,99,69,0.17431870102882385
2203,13,58,0.12060949206352234
2204,25,5,0.1610749363899231
2205,66,66,0.36541542410850525
2206,80,9,0.17448334395885468
2207,22,23,0.1497771292924881
2208,73,30,0.24231486022472382
2209,83,46,0.26462504267692566
2210,14,65,0.09623118489980698
2211,42,56,0.15196700394153595
2212,86,61,0.21209017932415009
2213,22,10,0.19842378795146942
2214,90,55,0.07718583941459656
2215,74,2,0.10990755259990692
2216,24,57,0.23438745737075806
2217,84,44,0.1441381722688675
2218,91,73,0.37807899713516235
2219,97,97,0.44679689407348633
2220,88,34,0.12274189293384552
2221,4,15,0.08680054545402527
2222,26,26,0.4928697645664215
2223,22,57,0.10126035660505295
2224,19,19,0.2428501844406128
2225,67,75,0.14445239305496216
2226,73,30,0.15432941913604736
2227,84,58,0.2097439169883728
2228,98,66,0.1359902173280716
2229,6,82,0.6323099136352539
2230,35,32,0.12078214436769485
2231,29,29,0.20334544777870178
2232,51,51,0.2692390978336334
2233,59,59,0.47520431876182556
2234,62,62,0.2617444396018982
2235,60,60,0.934559166431427
2236,68,68,0.5197035074234009
2237,44,36,0.14008891582489014
2238,83,83,0.7816862463951111
2239,0,54,0.23585344851016998
2240,41,96,0.10805840790271759
2241,90,33,0.43918338418006897
2242,48,48,0.5247706174850464
2243,82,92,0.1472838819026947
2244,67,73,0.39453575015068054
2245,28,32,0.30830857157707214
2246,28,40,0.42572665214538574
2247,71,71,0.383002370595932
2248,79,69,0.19053548574447632
2249,43,88,0.2480253130197525
2250,17,17,0.36185985803604126
2251,5,16,0.14869673550128937
2252,17,17,0.7557281851768494
2253,7,7,0.2768162190914154
2254,84,53,0.16777534782886505
2255,57,82,0.38645869493484497
2256,27,71,0.09854818880558014
2257,57,65,0.09924852102994919
2258,68,12,0.0963401272892952
2259,26,54,0.1138944923877716
2260,59,56,0.48400789499282837
2261,4,27,0.10813169926404953
2262,87,86,0.3734709620475769
2263,99,10,0.28547632694244385
2264,3,3,0.20701178908348083
2265,66,35,0.0916600227355957
2266,38,77,0.10508367419242859
2267,15,89,0.391714483499527
2268,75,75,0.09057530760765076
2269,20,46,0.15652430057525635
2270,47,47,0.4886872470378876
2271,0,53,0.3346494436264038
2272,14,14,0.35586270689964294
2273,85,59,0.2565191388130188
2274,62,53,0.2751351296901703
2275,55,24,0.139820858836174
2276,63,4,0.1623094230890274
2277,69,72,0.1714085042476654
2278,3,74,0.10259882360696793
2279,77,70,0.17744500935077667
2280,73,30,0.38681304454803467
2281,38,34,0.20878750085830688
2282,59,27,0.13415929675102234
2283,52,47,0.48663389682769775
2284,84,49,0.26150819659233093
2285,37,17,0.5648178458213806
2286,60,68,0.36189818382263184
2287,21,30,0.202508807182312
2288,96,47,0.7859370112419128
2289,68,68,0.42401057481765747
2290,16,28,0.0699675977230072
2291,19,19,0.5767854452133179
2292,40,94,0.17778824269771576
2293,70,62,0.2108818143606186
2294,61,61,0.31796541810035706
2295,10,71,0.5659934878349304
2296,57,97,0.22386948764324188
2297,81,37,0.17852243781089783
2298,68,68,0.30237874388694763
2299,12,51,0.12994210422039032
2300,10,43,0.3529473841190338
2301,38,97,0.12050722539424896
2302,10,10,0.2304672747850418
2303,47,43,0.1227022185921669
2304,76,49,0.5668702125549316
2305,11,1,0.08412159979343414
2306,72,72,0.3298812210559845
2307,23,64,0.1165270134806633
2308,1,72,0.2465217262506485
2309,14,14,0.26050204038619995
2310,31,15,0.41115638613700867
2311,30,2,0.06908641010522842
2312,93,97,0.06686360388994217
2313,54,70,0.37915274500846863
2314,9,9,0.21509326994419098
2315,15,19,0.6823983788490295
2316,2,2,0.2827055752277374
2317,26,48,0.42830103635787964
2318,65,34,0.06323966383934021
2319,32,46,0.19446326792240143
2320,12,49,0.48303282260894775
2321,58,58,0.1780608892440796
2322,73,67,0.4764138162136078
2323,76,76,0.6488515734672546
2324,95,95,0.20051182806491852
2325,67,67,0.34916508197784424
2326,95,72,0.18909034132957458
2327,26,26,0.2812632620334625
2328,92,70,0.44230860471725464
2329,47,78,0.21816261112689972
2330,84,23,0.22285079956054688
2331,29,51,0.14082805812358856
2332,51,18,0.24283674359321594
2333,44,79,0.19967611134052277
2334,45,84,0.12568746507167816
2335,60,60,0.7024584412574768
2336,34,34,0.30388152599334717
2337,97,97,0.19299545884132385
2338,1,73,0.27061355113983154
2339,93,85,0.10801618546247482
2340,97,20,0.09695269167423248
2341,19,36,0.13268883526325226
2342,19,65,0.16439121961593628
2343,92,1,0.2546152174472809
2344,69,65,0.14358049631118774
2345,65,97,0.15030713379383087
2346,95,30,0.40057504177093506
2347,78,43,0.14490154385566711
2348,5,94,0.13854071497917175
2349,34,79,0.1053311675786972
2350,76,76,0.5536879301071167
2351,25,23,0.15664096176624298
2352,50,22,0.08116419613361359
2353,30,30,0.24373531341552734
2354,69,69,0.9551910161972046
2355,59,52,0.3669436275959015
2356,34,38,0.10375666618347168
2357,77,77,0.07617396116256714
2358,46,40,0.5027192234992981
2359,66,97,0.1910862773656845
2360,31,31,0.417904257774353
2361,73,93,0.197560653090477
2362,87,86,0.13914209604263306
2363,90,32,0.20602065324783325
2364,18,76,0.38055336475372314
2365,6,43,0.22730009257793427
2366,38,66,0.07238483428955078
2367,81,86,0.20468880236148834
2368,25,25,0.39197424054145813
2369,81,90,0.18207833170890808
2370,64,97,0.23164710402488708
2371,70,2,0.09145912528038025
2372,37,17,0.5093843340873718
2373,76,76,0.8506342768669128
2374,31,34,0.21292105317115784
2375,0,0,0.9265313148498535
2376,90,13,0.36224302649497986
2377,32,1,0.14437711238861084
2378,5,5,0.340777724981308
2379,56,8,0.16764706373214722
2380,41,41,0.6061252355575562
2381,80,1,0.13796992599964142
2382,5,5,0.22318565845489502
2383,52,47,0.5125929117202759
2384,51,74,0.25702327489852905
2385,25,25,0.5003886818885803
2386,20,20,0.29434436559677124
2387,61,78,0.23335281014442444
2388,98,46,0.16321073472499847
2389,20,16,0.23411370813846588
2390,32,4,0.2674941420555115
2391,35,46,0.457184374332428
2392,5,90,0.2649571895599365
2393,72,72,0.08592691272497177
2394,61,61,0.9056320786476135
2395,43,43,0.30195552110671997
2396,58,58,0.8052564859390259
2397,36,36,0.3408990800380707
2398,99,61,0.21975085139274597
2399,60,60,0.8124585151672363
2400,70,70,0.3880883753299713
2401,38,2,0.19565047323703766
2402,59,6,0.24189935624599457
2403,26,48,0.18288113176822662
2404,56,23,0.2986206114292145
2405,78,74,0.31873819231987
2406,83,45,0.19922776520252228
2407,23,23,0.6258519887924194
2408,52,59,0.32924753427505493
2409,32,17,0.30084261298179626
2410,54,92,0.48218658566474915
2411,33,88,0.1439417153596878
2412,61,22,0.3020622134208679
2413,49,49,0.3359706997871399
2414,53,0,0.7588886618614197
2415,15,15,0.29255783557891846
2416,50,55,0.0939369648694992
2417,3,3,0.28507453203201294
2418,12,49,0.26981040835380554
2419,86,86,0.18272875249385834
2420,55,88,0.1518351137638092
2421,58,58,0.830676257610321
2422,5,88,0.2467220276594162
2423,30,30,0.36581918597221375
2424,26,97,0.1175016313791275
2425,10,0,0.38639020919799805
2426,0,10,0.3563668131828308
2427,11,98,0.22869618237018585
2428,9,66,0.17074242234230042
2429,33,33,0.39799606800079346
2430,53,53,0.6994715332984924
2431,33,13,0.47932907938957214
2432,94,94,0.5222156643867493
2433,46,49,0.2590431869029999
2434,99,99,0.22081319987773895
2435,34,44,0.12311426550149918
2436,1,1,0.6407123804092407
2437,17,76,0.25138911604881287
2438,63,38,0.1639706939458847
2439,69,69,0.40755364298820496
2440,66,66,0.18026015162467957
2441,37,32,0.1912473738193512
2442,67,95,0.20830608904361725
2443,40,40,0.6475759148597717
2444,93,73,0.10109421610832214
2445,24,6,0.2913913428783417
2446,82,82,0.7701734304428101
2447,23,40,0.12690533697605133
2448,30,30,0.11601895838975906
2449,66,66,0.15100163221359253
2450,30,67,0.23515744507312775
2451,11,65,0.09844734519720078
2452,11,35,0.2802495062351227
2453,94,53,0.16763675212860107
2454,88,98,0.28799375891685486
2455,37,3,0.21499954164028168
2456,29,43,0.1369399130344391
2457,46,36,0.1157275140285492
2458,95,95,0.2973285913467407
2459,54,54,0.12381219118833542
2460,41,41,0.8347740769386292
2461,6,67,0.11542323231697083
2462,19,43,0.1560923159122467
2463,22,22,0.8279147148132324
2464,3,24,0.2550460994243622
2465,32,73,0.10931147634983063
2466,55,51,0.18292534351348877
2467,53,53,0.9440853595733643
2468,72,72,0.22535184025764465
2469,33,33,0.12873582541942596
2470,20,20,0.17003698647022247
2471,63,63,0.7719377875328064
2472,12,76,0.67995285987854
2473,64,63,0.13601697981357574
2474,23,23,0.18901172280311584
2475,22,95,0.09448244422674179
2476,75,75,0.7235738039016724
2477,8,77,0.11528225243091583
2478,33,33,0.28996169567108154
2479,66,86,0.3406088352203369
2480,55,32,0.30540698766708374
2481,72,37,0.18010835349559784
2482,73,91,0.2692396342754364
2483,84,28,0.2467278242111206
2484,13,85,0.312187522649765
2485,96,42,0.15962539613246918
2486,65,38,0.14246638119220734
2487,22,43,0.0755617767572403
2488,0,0,0.8231437802314758
2489,19,19,0.3424868583679199
2490,80,38,0.04327239841222763
2491,23,23,0.7385886311531067
2492,85,13,0.2456953376531601
2493,68,68,0.5056685209274292
2494,86,28,0.4573424458503723
2495,37,37,0.28137722611427307
2496,81,27,0.06133163347840309
2497,35,46,0.29114457964897156
2498,98,21,0.46156933903694153
2499,8,12,0.255353718996048
2500,23,23,0.39466485381126404
2501,76,76,0.9335131645202637
2502,74,74,0.5522358417510986
2503,89,85,0.42052343487739563
2504,60,60,0.7806092500686646
2505,69,69,0.6439631581306458
2506,96,52,0.1589387208223343
2507,32,54,0.13258972764015198
2508,29,29,0.3153596520423889
2509,64,38,0.15942595899105072
2510,9,9,0.7181021571159363
2511,16,16,0.18898528814315796
2512,0,0,0.38526132702827454
2513,74,74,0.09071645140647888
2514,17,17,0.5327147245407104
2515,54,41,0.0677032321691513
2516,62,62,0.6557665467262268
2517,6,89,0.15484464168548584
2518,34,31,0.17536966502666473
2519,65,65,0.06325860321521759
2520,8,37,0.2243572473526001
2521,46,63,0.09618867188692093
2522,67,69,0.1621968150138855
2523,53,53,0.7787148952484131
2524,23,17,0.3692435920238495
2525,78,78,0.28951406478881836
2526,61,22,0.576566219329834
2527,26,26,0.25856196880340576
2528,64,89,0.14755180478096008
2529,25,25,0.3191688060760498
2530,70,70,0.29625436663627625
2531,96,52,0.44268396496772766
2532,67,73,0.2855331301689148
2533,22,84,0.14956875145435333
2534,45,74,0.10500885546207428
2535,65,5,0.10606218874454498
2536,96,63,0.13799254596233368
2537,79,79,0.22226138412952423
2538,23,23,0.38379305601119995
2539,76,76,0.7399617433547974
2540,26,21,0.3592697083950043
2541,57,6,0.11746051162481308
2542,16,87,0.2741200029850006
2543,64,66,0.19151170551776886
2544,34,77,0.10481131821870804
2545,82,82,0.5512629747390747
2546,66,66,0.22433799505233765
2547,83,53,0.5318883657455444
2548,72,27,0.08875918388366699
2549,71,60,0.22484731674194336
2550,9,92,0.23873020708560944
2551,60,60,0.6877782344818115
2552,35,50,0.17021729052066803
2553,43,43,0.4440847337245941
2554,29,19,0.10780656337738037
2555,93,4,0.1295040100812912
2556,58,41,0.1493506282567978
2557,94,94,0.23452621698379517
2558,5,81,0.14733828604221344
2559,83,47,0.2052176147699356
2560,92,62,0.5197440981864929
2561,26,46,0.1385570615530014
2562,39,37,0.21496443450450897
2563,86,8,0.11651729047298431
2564,93,63,0.10028315335512161
2565,16,16,0.30547624826431274
2566,85,85,0.9300030469894409
2567,27,43,0.15284055471420288
2568,76,81,0.0879855677485466
2569,89,69,0.21769265830516815
2570,42,56,0.1314951330423355
2571,18,94,0.21679849922657013
2572,14,14,0.3166792690753937
2573,4,4,0.28743577003479004
2574,73,67,0.36035972833633423
2575,71,60,0.2358616441488266
2576,20,25,0.19930066168308258
2577,20,89,0.13882936537265778
2578,16,5,0.09284065663814545
2579,51,51,0.3146573305130005
2580,88,14,0.49466779828071594
2581,5,35,0.2033683955669403
2582,25,25,0.3191157281398773
2583,64,86,0.19825084507465363
2584,59,85,0.15818040072917938
2585,77,51,0.21004939079284668
2586,22,86,0.18667764961719513
2587,3,43,0.09474298357963562
2588,68,60,0.22250130772590637
2589,28,40,0.19921022653579712
2590,44,97,0.29097485542297363
2591,13,13,0.6510453224182129
2592,73,73,0.728264331817627
2593,98,10,0.28913161158561707
2594,52,52,0.8672451972961426
2595,44,55,0.1531340777873993
2596,99,58,0.5816518068313599
2597,17,64,0.14141100645065308
2598,31,31,0.21093128621578217
2599,50,36,0.08919071406126022
2600,87,84,0.12137334793806076
2601,44,45,0.11276933550834656
2602,85,85,0.767612099647522
2603,58,13,0.582433819770813
2604,57,57,0.6552730202674866
2605,45,45,0.24951380491256714
2606,28,66,0.11321505904197693
2607,5,50,0.09276256710290909
2608,11,11,0.2994350492954254
2609,81,37,0.21718168258666992
2610,46,91,0.10195522755384445
2611,67,73,0.4266210198402405
2612,96,96,0.2978211045265198
2613,69,69,0.45209938287734985
2614,19,74,0.08246111869812012
2615,55,55,0.21935875713825226
2616,75,75,0.8320088982582092
2617,31,63,0.19533169269561768
2618,97,91,0.07134249061346054
2619,66,45,0.12723594903945923
2620,51,77,0.08545682579278946
2621,71,71,0.1948946863412857
2622,29,63,0.171120747923851
2623,4,64,0.1530056744813919
2624,89,37,0.26830607652664185
2625,99,48,0.12679484486579895
2626,67,67,0.2663900852203369
2627,39,83,0.214206263422966
2628,52,52,0.44300997257232666
2629,59,59,0.692804217338562
2630,12,36,0.2280435413122177
2631,96,96,0.5071250796318054
2632,16,22,0.0773392766714096
2633,36,36,0.7208670377731323
2634,64,74,0.14067630469799042
2635,27,37,0.1636926680803299
2636,81,81,0.21327683329582214
2637,37,37,0.2557543218135834
2638,11,46,0.29762840270996094
2639,85,85,0.2450556606054306
2640,50,67,0.13862642645835876
2641,35,34,0.10373970121145248
2642,78,66,0.5899734497070312
2643,6,57,0.08510327339172363
2644,72,67,0.10584285855293274
2645,70,54,0.3819996416568756
2646,74,74,0.32920265197753906
2647,42,6,0.18134598433971405
2648,0,0,0.9073000550270081
2649,41,41,0.4939593970775604
2650,39,74,0.1672469526529312
2651,87,22,0.2486439347267151
2652,80,65,0.13159999251365662
2653,44,24,0.10041739046573639
2654,47,59,0.31842610239982605
2655,95,86,0.1835961639881134
2656,10,1,0.16832348704338074
2657,21,21,0.6770092248916626
2658,63,63,0.6314123272895813
2659,55,32,0.25230833888053894
2660,69,68,0.21075491607189178
2661,20,20,0.21893243491649628
2662,85,85,0.2593478560447693
2663,78,62,0.17290964722633362
2664,23,50,0.08679622411727905
2665,13,89,0.27768391370773315
2666,92,1,0.1005859449505806
2667,98,70,0.19586992263793945
2668,84,20,0.723525881767273
2669,75,41,0.11762161552906036
2670,10,48,0.2218930870294571
2671,4,45,0.18863511085510254
2672,52,52,0.3096398711204529
2673,55,27,0.18146154284477234
2674,61,22,0.39520275592803955
2675,89,8,0.2093353420495987
2676,57,83,0.3810177147388458
2677,50,50,0.06905225664377213
2678,42,39,0.10508409142494202
2679,40,88,0.21816177666187286
2680,91,1,0.23015902936458588
2681,88,78,0.18539409339427948
2682,73,44,0.135761097073555
2683,49,1,0.38758620619773865
2684,20,20,0.9927669763565063
2685,2,46,0.25000643730163574
2686,16,16,0.8594452142715454
2687,26,59,0.07214178144931793
2688,91,91,0.9756022691726685
2689,88,88,0.25618666410446167
2690,85,37,0.39050084352493286
2691,28,28,0.3536498546600342
2692,27,63,0.10615841299295425
2693,83,53,0.4890453815460205
2694,54,54,0.3463895320892334
2695,65,57,0.12335336208343506
2696,71,71,0.6300014853477478
2697,77,6,0.06642261147499084
2698,13,85,0.43733644485473633
2699,56,47,0.16488465666770935
2700,76,76,0.364275187253952
2701,37,49,0.40200814604759216
2702,3,64,0.1637527048587799
2703,72,55,0.23364229500293732
2704,63,38,0.15579423308372498
2705,46,21,0.2699485421180725
2706,75,64,0.1105777770280838
2707,90,90,0.4241873323917389
2708,26,74,0.30208340287208557
2709,60,60,0.401360422372818
2710,49,49,0.6755285859107971
2711,50,50,0.19429044425487518
2712,15,25,0.07911837846040726
2713,2,46,0.1851305216550827
2714,78,16,0.2179272621870041
2715,94,94,0.8977199792861938
2716,86,44,0.06115082651376724
2717,25,71,0.19890953600406647
2718,11,27,0.14699968695640564
2719,13,37,0.3471086621284485
2720,4,50,0.12561523914337158
2721,40,26,0.09180774539709091
2722,47,59,0.2834225296974182
2723,44,48,0.1380879133939743
2724,90,49,0.16737717390060425
2725,95,95,0.13400164246559143
2726,78,90,0.12787416577339172
2727,7,7,0.24835537374019623
2728,78,48,0.14373548328876495
2729,39,86,0.2637481093406677
2730,40,69,0.41424110531806946
2731,69,23,0.26646679639816284
2732,72,76,0.6511926054954529
2733,64,38,0.14438188076019287
2734,47,47,0.2687920033931732
2735,60,60,0.5419610738754272
2736,78,40,0.25007733702659607
2737,36,36,0.18353353440761566
2738,75,75,0.21130383014678955
2739,36,36,0.2929600179195404
2740,82,82,0.2690333425998688
2741,88,88,0.1426992565393448
2742,38,44,0.15903310477733612
2743,36,77,0.09416017681360245
2744,81,81,0.2775126099586487
2745,72,57,0.08800064027309418
2746,50,97,0.1525355577468872
2747,2,16,0.10589523613452911
2748,52,52,0.7458696365356445
2749,68,68,0.5873080492019653
2750,44,78,0.26564642786979675
2751,6,62,0.29984521865844727
2752,53,53,0.4658051133155823
2753,56,11,0.13363231718540192
2754,32,67,0.14083242416381836
2755,46,6,0.07875096052885056
2756,34,34,0.240001380443573
2757,83,6,0.12403316795825958
2758,74,3,0.16252006590366364
2759,19,82,0.14070898294448853
2760,43,88,0.1245715469121933
2761,77,38,0.07500573992729187
2762,87,94,0.5210995078086853
2763,26,26,0.262218713760376
2764,63,64,0.1740051954984665
2765,5,71,0.39045801758766174
2766,79,6,0.18828712403774261
2767,85,89,0.08708813041448593
2768,38,38,0.17842362821102142
2769,80,27,0.19307810068130493
2770,59,59,0.330580472946167
2771,5,5,0.1865028440952301
2772,73,73,0.2651769816875458
2773,32,32,0.9288287162780762
2774,15,51,0.16826896369457245
2775,24,9,0.4353637993335724
2776,93,89,0.12146208435297012
2777,2,84,0.23010297119617462
2778,88,21,0.11453308910131454
2779,49,49,0.6036572456359863
2780,11,2,0.08839309960603714
2781,38,45,0.08826611936092377
2782,62,62,0.3955676555633545
2783,7,6,0.1930166482925415
2784,6,6,0.15731830894947052
2785,61,61,0.9524635076522827
2786,27,27,0.1837853044271469
2787,5,5,0.35926100611686707
2788,41,41,0.7713090777397156
2789,37,40,0.2593628168106079
2790,10,20,0.25638547539711
2791,43,64,0.12284675240516663
2792,69,69,0.49288690090179443
2793,21,63,0.23118822276592255
2794,73,73,0.3939361274242401
2795,68,97,0.18912294507026672
2796,88,88,0.17277240753173828
2797,10,10,0.2537502348423004
2798,65,36,0.2916065752506256
2799,4,50,0.09068275988101959
2800,47,96,0.4151255786418915
2801,59,59,0.4369348883628845
2802,20,85,0.28400635719299316
2803,35,45,0.22883263230323792
2804,2,92,0.09889813512563705
2805,88,88,0.3576262891292572
2806,83,5,0.22198215126991272
2807,72,3,0.24001355469226837
2808,4,39,0.1505172997713089
2809,3,2,0.0881585031747818
2810,60,60,0.7257853746414185
2811,82,96,0.14112639427185059
2812,61,61,0.275846928358078
2813,68,68,0.5783054828643799
2814,92,82,0.259257048368454
2815,22,62,0.20019274950027466
2816,84,13,0.19345919787883759
2817,87,87,0.810019314289093
2818,32,67,0.1386900097131729
2819,91,24,0.10777796059846878
2820,38,65,0.09476164728403091
2821,36,36,0.42824408411979675
2822,9,9,0.9279393553733826
2823,63,63,0.1914750039577484
2824,57,18,0.21644629538059235
2825,50,50,0.08992038667201996
2826,97,31,0.1359873265028
2827,27,96,0.24241597950458527
2828,34,64,0.10638750344514847
2829,69,41,0.08797620981931686
2830,1,54,0.17349809408187866
2831,82,82,0.5603209137916565
2832,13,37,0.22969338297843933
2833,84,46,0.17859968543052673
2834,15,15,0.39999130368232727
2835,97,97,0.18475782871246338
2836,22,22,0.42713066935539246
2837,27,39,0.18609586358070374
2838,18,18,0.1423567682504654
2839,79,18,0.20442605018615723
2840,98,86,0.12170476466417313
2841,74,42,0.09099950641393661
2842,97,97,0.1851997822523117
2843,13,4,0.1104951724410057
2844,78,74,0.19594831764698029
2845,88,82,0.2173263430595398
2846,98,2,0.15332190692424774
2847,78,45,0.1544429361820221
2848,5,53,0.19785335659980774
2849,4,38,0.10804842412471771
2850,17,17,0.6366397738456726
2851,60,60,0.4395860731601715
2852,44,67,0.1543932557106018
2853,69,65,0.10549104958772659
2854,53,53,0.9442601799964905
2855,37,37,0.20388516783714294
2856,82,82,0.8757376670837402
2857,44,45,0.10762141644954681
2858,3,45,0.08371546864509583
2859,24,48,0.7197924852371216
2860,27,91,0.18115350604057312
2861,6,88,0.2503805160522461
2862,38,80,0.14949727058410645
2863,35,46,0.49645692110061646
2864,21,46,0.2714754045009613
2865,0,92,0.31105703115463257
2866,16,22,0.5992820858955383
2867,84,79,0.14385691285133362
2868,11,11,0.39246147871017456
2869,41,40,0.0688575878739357
2870,98,53,0.06950633972883224
2871,89,89,0.6758213043212891
2872,99,38,0.12383225560188293
2873,31,31,0.7791853547096252
2874,46,99,0.0772731676697731
2875,68,68,0.8454470634460449
2876,47,59,0.42600172758102417
2877,47,52,0.3659042418003082
2878,11,28,0.46716344356536865
2879,95,55,0.1334328055381775
2880,70,70,0.38521626591682434
2881,23,23,0.2120228111743927
2882,58,58,0.2656562030315399
2883,50,97,0.15938381850719452
2884,27,27,0.22114767134189606
2885,8,59,0.17227572202682495
2886,47,96,0.36679062247276306
2887,27,66,0.07070642709732056
2888,3,34,0.23031041026115417
2889,68,68,0.5831984877586365
2890,53,53,0.4285937249660492
2891,34,91,0.13576920330524445
2892,68,68,0.4031278192996979
2893,96,37,0.22774316370487213
2894,53,0,0.33380743861198425
2895,19,78,0.1405770629644394
2896,70,0,0.2553199231624603
2897,21,50,0.09919217973947525
2898,90,58,0.08715342730283737
2899,11,36,0.1796216368675232
2900,21,3,0.19800972938537598
2901,4,4,0.1351761519908905
2902,1,89,0.20252977311611176
2903,53,83,0.20772363245487213
2904,29,89,0.08882756531238556
2905,93,40,0.31165292859077454
2906,14,14,0.1896263062953949
2907,91,91,0.946334183216095
2908,71,23,0.38496920466423035
2909,88,42,0.12846480309963226
2910,98,32,0.27188292145729065
2911,89,89,0.28978097438812256
2912,27,67,0.11278775334358215
2913,71,60,0.5907441973686218
2914,64,97,0.3004395663738251
2915,94,87,0.5725424289703369
2916,61,22,0.08198164403438568
2917,20,91,0.377992182970047
2918,83,62,0.7507442235946655
2919,3,39,0.10391060262918472
2920,38,88,0.19212108850479126
2921,99,61,0.2077837735414505
2922,5,5,0.2803896367549896
2923,11,2,0.1045285239815712
2924,84,97,0.13255739212036133
2925,88,46,0.1925743669271469
2926,6,26,0.14042550325393677
2927,67,3,0.1217322051525116
2928,5,25,0.10857965797185898
2929,31,31,0.5562775731086731
2930,65,21,0.23184439539909363
2931,59,47,0.30809634923934937
2932,30,30,0.3847561776638031
2933,97,97,0.41073960065841675
2934,64,2,0.0745978057384491
2935,46,2,0.1968221664428711
2936,22,22,0.8135780692100525
2937,51,63,0.19851355254650116
2938,25,45,0.11085768043994904
2939,18,29,0.07514730095863342
2940,78,21,0.31352296471595764
2941,56,42,0.21689750254154205
2942,88,88,0.11122801899909973
2943,24,24,0.6633297801017761
2944,5,5,0.13954457640647888
2945,22,40,0.13074447214603424
2946,15,15,0.3207486867904663
2947,67,73,0.3731197118759155
2948,15,31,0.13112081587314606
2949,2,35,0.10941848158836365
2950,60,23,0.4518613815307617
2951,41,40,0.2478782683610916
2952,11,64,0.11568818986415863
2953,70,92,0.32478317618370056
2954,76,12,0.1650656759738922
2955,81,31,0.19641423225402832
2956,89,8,0.18610066175460815
2957,24,40,0.09186472743749619
2958,30,73,0.4823969006538391
2959,50,43,0.10103847831487656
2960,0,0,0.46734681725502014
2961,75,75,0.4923774003982544
2962,63,65,0.19344647228717804
2963,9,35,0.11952943354845047
2964,36,34,0.19032515585422516
2965,20,20,0.5713695287704468
2966,7,78,0.19709119200706482
2967,74,97,0.2935536205768585
2968,24,29,0.1554175168275833
2969,73,73,0.3844866454601288
2970,32,10,0.10518211871385574
2971,35,6,0.3454875946044922
2972,82,82,0.25163379311561584
2973,87,24,0.12061601132154465
2974,31,49,0.1746518462896347
2975,14,14,0.30864980816841125
2976,73,30,0.1405138373374939
2977,47,96,0.3555675446987152
2978,65,61,0.14268770813941956
2979,77,63,0.0896453782916069
2980,51,46,0.18543435633182526
2981,61,61,0.8588975071907043
2982,30,30,0.1254514455795288
2983,32,73,0.09353961050510406
2984,66,22,0.12893737852573395
2985,29,29,0.5503233075141907
2986,97,37,0.13901011645793915
2987,16,40,0.29806745052337646
2988,0,0,0.36443114280700684
2989,82,36,0.23950612545013428
2990,43,63,0.07562624663114548
2991,23,67,0.47300785779953003
2992,89,13,0.22126618027687073
2993,9,5,0.08355464041233063
2994,16,9,0.15083865821361542
2995,68,68,0.23430083692073822
2996,2,2,0.09525569528341293
2997,45,67,0.16984960436820984
2998,44,78,0.14469845592975616
2999,23,73,0.50026935338974
3000,38,65,0.09823180735111237
3001,56,45,0.3344847857952118
3002,40,40,0.3674543797969818
3003,35,15,0.16355252265930176
3004,73,66,0.13860595226287842
3005,0,92,0.16543956100940704
3006,88,46,0.09130900353193283
3007,23,49,0.22174671292304993
3008,7,14,0.4766150116920471
3009,42,88,0.10908879339694977
3010,77,63,0.09248965978622437
3011,9,46,0.2330682873725891
3012,35,6,0.17702780663967133
3013,96,18,0.25943219661712646
3014,83,83,0.37349191308021545
3015,94,38,0.06631682068109512
3016,3,15,0.18760287761688232
3017,90,90,0.23562124371528625
3018,75,75,0.13180191814899445
3019,38,44,0.15447492897510529
3020,14,54,0.14310972392559052
3021,71,60,0.6220242381095886
3022,36,46,0.11786745488643646
3023,3,88,0.162776380777359
3024,78,38,0.2270134687423706
3025,21,21,0.4649541974067688
3026,13,13,0.12858359515666962
3027,48,39,0.18592357635498047
3028,83,0,0.6314380168914795
3029,50,24,0.44364312291145325
3030,79,38,0.3008529543876648
3031,55,76,0.11318165808916092
3032,33,94,0.2985556721687317
3033,21,10,0.15494635701179504
3034,60,60,0.8244500160217285
3035,8,48,0.26168686151504517
3036,84,84,0.08374503254890442
3037,92,92,0.47507214546203613
3038,6,88,0.09847615659236908
3039,51,88,0.18895672261714935
3040,25,98,0.19306978583335876
3041,27,64,0.16092081367969513
3042,86,86,0.7651663422584534
3043,27,4,0.1435086727142334
3044,8,59,0.3340820372104645
3045,21,98,0.15698958933353424
3046,12,13,0.17221003770828247
3047,44,44,0.10723201930522919
3048,75,75,0.27050620317459106
3049,27,88,0.1681283563375473
3050,50,50,0.09735269099473953
3051,80,51,0.11721834540367126
3052,54,2,0.20933642983436584
3053,94,20,0.18447640538215637
3054,48,48,0.28824347257614136
3055,41,41,0.8573496341705322
3056,53,53,0.7809765338897705
3057,14,58,0.2528930604457855
3058,55,44,0.13742190599441528
3059,53,83,0.2938094735145569
3060,12,85,0.19833071529865265
3061,7,79,0.28971368074417114
3062,46,87,0.1657220721244812
3063,95,95,0.3844220042228699
3064,38,72,0.12138772010803223
3065,67,67,0.29765358567237854
3066,0,0,0.8922820091247559
3067,72,7,0.1413891315460205
3068,11,35,0.14148591458797455
3069,27,85,0.13128939270973206
3070,1,15,0.08178438991308212
3071,73,73,0.25566431879997253
3072,25,25,0.2250855267047882
3073,47,47,0.24122463166713715
3074,42,61,0.0942874550819397
3075,75,75,0.7959457039833069
3076,81,13,0.2051088809967041
3077,69,69,0.20828844606876373
3078,10,78,0.22663237154483795
3079,24,79,0.21110503375530243
3080,87,12,0.09541475772857666
3081,35,98,0.12201555073261261
3082,69,50,0.08594182878732681
3083,86,39,0.21486017107963562
3084,59,12,0.5619474053382874
3085,84,78,0.13510842621326447
3086,63,63,0.16679200530052185
3087,86,5,0.20088620483875275
3088,23,51,0.13226361572742462
3089,82,89,0.23613736033439636
3090,14,14,0.7613762021064758
3091,10,22,0.14858737587928772
3092,26,39,0.12363675981760025
3093,62,78,0.12312468886375427
3094,6,50,0.1717342734336853
3095,10,10,0.26237383484840393
3096,17,17,0.5951747298240662
3097,76,76,0.304002583026886
3098,56,69,0.4607714116573334
3099,63,74,0.2406775802373886
3100,85,58,0.2683846354484558
3101,99,40,0.25187766551971436
3102,64,75,0.10395223647356033
3103,7,22,0.17009200155735016
3104,42,42,0.22815947234630585
3105,24,24,0.4081543982028961
3106,13,74,0.12012972682714462
3107,6,6,0.519219160079956
3108,37,37,0.21309423446655273
3109,16,28,0.18805797398090363
3110,33,37,0.2919783592224121
3111,48,82,0.48838335275650024
3112,44,44,0.2099551111459732
3113,80,74,0.25481998920440674
3114,19,19,0.3753238916397095
3115,82,82,0.728274405002594
3116,46,66,0.1498163640499115
3117,33,27,0.1293923705816269
3118,31,66,0.17913559079170227
3119,86,86,0.44774261116981506
3120,59,49,0.5276999473571777
3121,3,3,0.11345373839139938
3122,9,83,0.417530357837677
3123,57,57,0.5768144726753235
3124,54,79,0.12355928868055344
3125,43,43,0.4088808298110962
3126,35,35,0.19256903231143951
3127,93,64,0.18567383289337158
3128,62,62,0.3157128095626831
3129,88,88,0.22809123992919922
3130,64,97,0.18231990933418274
3131,78,78,0.3019352853298187
3132,45,70,0.19602037966251373
3133,36,36,0.19446972012519836
3134,1,87,0.22521252930164337
3135,43,43,0.1928851306438446
3136,34,51,0.10542856901884079
3137,71,71,0.2619895339012146
3138,87,3,0.10455908626317978
3139,39,12,0.3246386647224426
3140,18,18,0.10775065422058105
3141,57,57,0.17876945436000824
3142,67,73,0.18006658554077148
3143,4,74,0.14178301393985748
3144,73,73,0.26581549644470215
3145,41,58,0.3340235650539398
3146,76,76,0.35696297883987427
3147,73,73,0.2747425138950348
3148,43,50,0.13200530409812927
3149,94,94,0.6957612037658691
3150,25,89,0.24872556328773499
3151,63,69,0.3707599639892578
3152,71,71,0.5237908363342285
3153,15,15,0.45194417238235474
3154,52,52,0.30935078859329224
3155,38,27,0.07404279708862305
3156,30,55,0.0905565544962883
3157,64,64,0.08218567073345184
3158,30,30,0.41618213057518005
3159,23,71,0.22131189703941345
3160,35,50,0.11163658648729324
3161,74,63,0.107755646109581
3162,36,36,0.7708935737609863
3163,76,76,0.9671027064323425
3164,96,52,0.465299129486084
3165,17,37,0.29610541462898254
3166,31,19,0.0720432922244072
3167,76,49,0.5960569381713867
3168,88,13,0.2092282623052597
3169,3,3,0.18809737265110016
3170,63,97,0.10697238892316818
3171,2,46,0.2179633229970932
3172,77,44,0.10239739716053009
3173,49,49,0.2649235427379608
3174,92,92,0.4825000464916229
3175,17,33,0.3639485538005829
3176,80,4,0.10737115889787674
3177,89,89,0.37221160531044006
3178,3,31,0.4175626039505005
3179,88,88,0.23395580053329468
3180,26,10,0.2592429518699646
3181,41,41,0.26936617493629456
3182,79,38,0.2793048620223999
3183,32,21,0.19275808334350586
3184,62,14,0.3674032688140869
3185,55,33,0.1851586401462555
3186,20,20,0.33079636096954346
3187,98,2,0.2564334571361542
3188,26,26,0.5940092206001282
3189,17,23,0.2630506753921509
3190,1,1,0.651069700717926
3191,32,98,0.10170619934797287
3192,43,38,0.09078417718410492
3193,85,89,0.3539242148399353
3194,72,72,0.11964848637580872
3195,59,59,0.2730864882469177
3196,24,24,0.5605334639549255
3197,13,13,0.2767634689807892
3198,31,87,0.1340014934539795
3199,14,18,0.2672994136810303
3200,42,97,0.22396889328956604
3201,40,86,0.31842973828315735
3202,33,88,0.24718032777309418
3203,20,20,0.48258504271507263
3204,68,68,0.8876047730445862
3205,23,30,0.24584540724754333
3206,62,62,0.35309702157974243
3207,24,29,0.11165968328714371
3208,55,67,0.1749328076839447
3209,10,14,0.1974187195301056
3210,22,10,0.3141143023967743
3211,70,45,0.2675964832305908
3212,79,79,0.1941903978586197
3213,73,73,0.2933694124221802
3214,45,34,0.12755610048770905
3215,84,5,0.1793586164712906
3216,9,9,0.20892587304115295
3217,70,54,0.6337845921516418
3218,96,52,0.5522181391716003
3219,97,38,0.06596045196056366
3220,33,33,0.23491445183753967
3221,67,73,0.4240218698978424
3222,21,21,0.23808440566062927
3223,90,37,0.17699715495109558
3224,62,40,0.17590072751045227
3225,57,94,0.18079909682273865
3226,25,25,0.26820167899131775
3227,54,54,0.301241934299469
3228,69,69,0.6826586127281189
3229,40,98,0.3510504961013794
3230,41,41,0.15588055551052094
3231,93,55,0.11214105039834976
3232,9,83,0.3124710023403168
3233,83,6,0.5352939963340759
3234,7,65,0.07305628061294556
3235,25,36,0.14747053384780884
3236,13,58,0.23252852261066437
3237,90,19,0.12735334038734436
3238,16,45,0.16611014306545258
3239,12,39,0.21519695222377777
3240,48,48,0.979973554611206
3241,50,98,0.19875092804431915
3242,37,37,0.3239002227783203
3243,49,17,0.20174092054367065
3244,60,60,0.5718899965286255
3245,36,53,0.19770726561546326
3246,37,72,0.07047255337238312
3247,39,33,0.12896180152893066
3248,65,72,0.22002987563610077
3249,91,91,0.122376948595047
3250,70,79,0.07066573947668076
3251,90,90,0.2512705624103546
3252,99,23,0.374156653881073
3253,10,61,0.4110791087150574
3254,4,74,0.407128244638443
3255,21,86,0.1563948392868042
3256,48,48,0.8801612257957458
3257,36,36,0.2757576107978821
3258,31,63,0.23127898573875427
3259,66,66,0.23356711864471436
3260,5,45,0.11121166497468948
3261,92,51,0.12285270541906357
3262,93,44,0.1202760636806488
3263,60,99,0.10394052416086197
3264,50,4,0.08734523504972458
3265,93,50,0.098971426486969
3266,28,57,0.16299106180667877
3267,49,72,0.11792676150798798
3268,32,35,0.18022309243679047
3269,79,79,0.3736194372177124
3270,98,22,0.3936951458454132
3271,86,86,0.8163873553276062
3272,30,30,0.33079493045806885
3273,64,36,0.17737001180648804
3274,18,26,0.05619840323925018
3275,44,44,0.13098829984664917
3276,13,89,0.29155224561691284
3277,99,73,0.2509894073009491
3278,27,27,0.18386031687259674
3279,69,9,0.7800038456916809
3280,87,87,0.8683745861053467
3281,6,6,0.24006500840187073
3282,22,61,0.4767422676086426
3283,50,36,0.1407516449689865
3284,90,46,0.18114490807056427
3285,71,49,0.3623087406158447
3286,20,0,0.21540437638759613
3287,91,91,0.11072911322116852
3288,90,32,0.14919932186603546
3289,71,49,0.37854790687561035
3290,49,49,0.4923597574234009
3291,42,56,0.36805763840675354
3292,57,57,0.40365347266197205
3293,20,20,0.7106230854988098
3294,63,63,0.23567061126232147
3295,67,67,0.2372075319290161
3296,12,73,0.2058330476284027
3297,91,20,0.4973873198032379
3298,39,39,0.3170308470726013
3299,20,6,0.6929476857185364
3300,73,73,0.2777934670448303
3301,52,52,0.577876091003418
3302,69,94,0.2856232523918152
3303,56,56,0.5367681980133057
3304,10,44,0.18686902523040771
3305,51,58,0.7047931551933289
3306,44,34,0.3390861451625824
3307,62,54,0.5341074466705322
3308,62,83,0.21796506643295288
3309,43,43,0.19284358620643616
3310,30,30,0.4686219394207001
3311,6,82,0.41594523191452026
3312,99,22,0.4181804656982422
3313,35,35,0.17506521940231323
3314,79,79,0.430614709854126
3315,35,45,0.11861353367567062
3316,9,40,0.4042781889438629
3317,20,91,0.12079069018363953
3318,79,79,0.7868392467498779
3319,15,17,0.37257319688796997
3320,87,87,0.6006869077682495
3321,37,37,0.22908315062522888
3322,20,10,0.21298697590827942
3323,60,60,0.8811752796173096
3324,33,33,0.6621506214141846
3325,67,67,0.08882834017276764
3326,92,62,0.1774948537349701
3327,73,71,0.13750877976417542
3328,88,54,0.12209441512823105
3329,38,79,0.11105570942163467
3330,90,81,0.3174118399620056
3331,70,10,0.21522562205791473
3332,77,40,0.13726229965686798
3333,84,31,0.13452142477035522
3334,16,16,0.12360857427120209
3335,18,78,0.1770838350057602
3336,80,38,0.45718052983283997
3337,51,92,0.16430020332336426
3338,42,97,0.11832725256681442
3339,68,68,0.8010013699531555
3340,18,24,0.07440740615129471
3341,24,7,0.22467173635959625
3342,19,79,0.36626753211021423
3343,6,64,0.09063449501991272
3344,57,6,0.0900106430053711
3345,21,21,0.1736069619655609
3346,42,88,0.17815963923931122
3347,39,81,0.18903610110282898
3348,10,22,0.3007230758666992
3349,20,20,0.9278748035430908
3350,9,86,0.24346822500228882
3351,4,4,0.23485104739665985
3352,51,77,0.2186119109392166
3353,1,1,0.3407058119773865
3354,14,14,0.5444449782371521
3355,53,53,0.5907168388366699
3356,7,85,0.36062973737716675
3357,60,60,0.7828366756439209
3358,53,53,0.2291441261768341
3359,90,90,0.12631726264953613
3360,43,57,0.19152627885341644
3361,62,92,0.5233851671218872
3362,38,34,0.1420373022556305
3363,76,76,0.7359597086906433
3364,84,28,0.35661807656288147
3365,46,29,0.36990296840667725
3366,32,32,0.4081476032733917
3367,54,35,0.13693927228450775
3368,34,31,0.1299697607755661
3369,29,89,0.15097683668136597
3370,65,39,0.1423681676387787
3371,72,8,0.08456048369407654
3372,65,63,0.08483604341745377
3373,10,39,0.1124836653470993
3374,25,12,0.3617372512817383
3375,7,83,0.3239799439907074
3376,48,48,0.3305109441280365
3377,90,48,0.23669862747192383
3378,94,94,0.809239387512207
3379,42,43,0.0954357236623764
3380,4,55,0.1548619270324707
3381,55,51,0.07896878570318222
3382,99,74,0.10299912840127945
3383,68,33,0.14209452271461487
3384,6,82,0.23211011290550232
3385,24,10,0.165488138794899
3386,82,82,0.424074649810791
3387,43,27,0.06848277151584625
3388,71,23,0.45555025339126587
3389,31,15,0.17706063389778137
3390,75,63,0.13275864720344543
3391,26,45,0.46979206800460815
3392,49,12,0.5693385601043701
3393,98,21,0.7032185792922974
3394,25,25,0.2927805483341217
3395,62,54,0.29417961835861206
3396,73,1,0.29869088530540466
3397,2,21,0.26029348373413086
3398,81,81,0.21881051361560822
3399,99,99,0.3117348849773407
3400,11,35,0.25608494877815247
3401,31,58,0.13853336870670319
3402,82,62,0.2527789771556854
3403,56,6,0.10507607460021973
3404,3,3,0.1646759808063507
3405,88,34,0.19898976385593414
3406,62,62,0.6327104568481445
3407,8,8,0.9164386987686157
3408,73,93,0.21426433324813843
3409,20,20,0.44418659806251526
3410,44,12,0.10499105602502823
3411,80,3,0.34560590982437134
3412,89,89,0.529259443283081
3413,0,53,0.46854230761528015
3414,23,23,0.40567097067832947
3415,16,83,0.262766033411026
3416,96,52,0.4245792329311371
3417,24,6,0.12624552845954895
3418,26,26,0.19294700026512146
3419,93,97,0.11727699637413025
3420,6,14,0.14192414283752441
3421,53,70,0.34793820977211
3422,93,90,0.2538370192050934
3423,19,15,0.3090818226337433
3424,49,60,0.5269061326980591
3425,11,36,0.6019360423088074
3426,45,13,0.1618003398180008
3427,27,64,0.16725686192512512
3428,26,21,0.09396461397409439
3429,82,57,0.1855139434337616
3430,84,74,0.08347304165363312
3431,28,28,0.1921381652355194
3432,1,53,0.2115253210067749
3433,56,78,0.10057248920202255
3434,26,8,0.21683049201965332
3435,57,1,0.23441769182682037
3436,60,60,0.7397816181182861
3437,18,66,0.0875796303153038
3438,55,91,0.11148454248905182
3439,71,71,0.17176981270313263
3440,56,56,0.6513252854347229
3441,47,33,0.2889452278614044
3442,21,30,0.09944544732570648
3443,36,69,0.22155430912971497
3444,9,9,0.21490146219730377
3445,41,74,0.3144122064113617
3446,24,29,0.16810685396194458
3447,75,75,0.3109515309333801
3448,5,23,0.10187118500471115
3449,32,92,0.2702881991863251
3450,12,49,0.20531567931175232
3451,57,94,0.18086494505405426
3452,84,69,0.15099935233592987
3453,76,76,0.3069317936897278
3454,65,32,0.11776777356863022
3455,12,12,0.37352827191352844
3456,21,8,0.10878488421440125
3457,23,49,0.5600986480712891
3458,76,76,0.5449504852294922
3459,29,29,0.6683512330055237
3460,57,57,0.19352461397647858
3461,75,75,0.15786528587341309
3462,32,32,0.6868641972541809
3463,25,45,0.10753779858350754
3464,96,52,0.7995188236236572
3465,56,33,0.10553169250488281
3466,49,49,0.7106513977050781
3467,8,8,0.7055603861808777
3468,19,46,0.1924925595521927
3469,98,68,0.07585788518190384
3470,39,77,0.10001617670059204
3471,71,71,0.511482298374176
3472,46,98,0.3036213219165802
3473,3,3,0.27893102169036865
3474,41,18,0.17408497631549835
3475,64,43,0.19827771186828613
3476,37,60,0.15853115916252136
3477,8,48,0.23996655642986298
3478,13,13,0.2260240614414215
3479,99,44,0.14157834649085999
3480,31,19,0.09671348333358765
3481,35,11,0.11353746056556702
3482,52,17,0.34922564029693604
3483,73,1,0.22078238427639008
3484,89,8,0.305587500333786
3485,2,2,0.1414293795824051
3486,54,6,0.5417889356613159
3487,97,94,0.1302274912595749
3488,73,73,0.5141905546188354
3489,95,12,0.2446637749671936
3490,1,33,0.12115905433893204
3491,12,85,0.1748160421848297
3492,0,94,0.6559877991676331
3493,51,1,0.22998641431331635
3494,23,23,0.550002932548523
3495,73,69,0.21088089048862457
3496,72,44,0.09570922702550888
3497,83,53,0.6092535257339478
3498,74,66,0.15903769433498383
3499,1,1,0.4522426426410675
3500,12,58,0.24232186377048492
3501,38,38,0.3551139533519745
3502,51,45,0.1313931792974472
3503,29,31,0.16605675220489502
3504,77,88,0.13576900959014893
3505,44,27,0.2718677818775177
3506,18,9,0.28103774785995483
3507,10,10,0.40361133217811584
3508,16,99,0.11447662115097046
3509,43,15,0.16921962797641754
3510,0,0,0.14596308767795563
3511,7,14,0.2033202350139618
3512,70,62,0.6518200039863586
3513,17,17,0.317135751247406
3514,3,72,0.2644968628883362
3515,6,97,0.16801504790782928
3516,83,70,0.3158636689186096
3517,65,3,0.13295869529247284
3518,0,0,0.4004059433937073
3519,46,32,0.26803094148635864
3520,85,76,0.1613098829984665
3521,62,62,0.8211423754692078
3522,18,18,0.2633112072944641
3523,81,17,0.5321586728096008
3524,40,40,0.183511421084404
3525,48,48,0.9676300287246704
3526,4,43,0.10406158119440079
3527,2,61,0.31049296259880066
3528,21,22,0.16463464498519897
3529,24,24,0.18223214149475098
3530,95,95,0.47240543365478516
3531,53,53,0.6083880066871643
3532,89,26,0.20372524857521057
3533,50,64,0.17876507341861725
3534,35,84,0.1389417052268982
3535,98,35,0.1908034086227417
3536,32,37,0.38100239634513855
3537,58,58,0.16956958174705505
3538,97,38,0.17535676062107086
3539,56,56,0.7633974552154541
3540,78,40,0.11983039230108261
3541,60,60,0.6293131113052368
3542,79,24,0.4477669894695282
3543,84,83,0.11664537340402603
3544,28,28,0.7324815392494202
3545,46,2,0.14347901940345764
3546,90,89,0.2115887552499771
3547,43,43,0.14116252958774567
3548,9,9,0.31219688057899475
3549,42,74,0.1639990210533142
3550,84,50,0.08938877284526825
3551,59,52,0.361019104719162
3552,27,85,0.21088464558124542
3553,17,17,0.4548782408237457
3554,62,92,0.2205733209848404
3555,23,23,0.4737679958343506
3556,31,31,0.1567363142967224
3557,11,40,0.07071497291326523
3558,48,48,0.6993773579597473
3559,82,62,0.1281615048646927
3560,87,76,0.19337967038154602
3561,28,20,0.441247820854187
3562,14,18,0.1731165498495102
3563,99,32,0.17532306909561157
3564,13,25,0.07055902481079102
3565,66,66,0.20121672749519348
3566,35,66,0.10753852128982544
3567,42,97,0.1558855175971985
3568,20,11,0.11285991221666336
3569,2,80,0.08068425953388214
3570,16,51,0.12038266658782959
3571,68,90,0.10866312682628632
3572,23,23,0.16658131778240204
3573,93,93,0.24613197147846222
3574,79,56,0.3434203565120697
3575,87,87,0.21265731751918793
3576,41,41,0.9642482995986938
3577,2,98,0.11497217416763306
3578,96,50,0.10643687099218369
3579,39,7,0.08332803100347519
3580,49,49,0.3740948438644409
3581,57,84,0.1405174881219864
3582,96,52,0.5120631456375122
3583,12,85,0.3419235348701477
3584,38,15,0.15386614203453064
3585,65,65,0.12780894339084625
3586,39,14,0.20432202517986298
3587,93,73,0.321431428194046
3588,83,18,0.4142298996448517
3589,32,61,0.5036042928695679
3590,19,75,0.13224893808364868
3591,8,8,0.3517989218235016
3592,53,53,0.9328383803367615
3593,69,69,0.6351960897445679
3594,72,67,0.09480401128530502
3595,23,23,0.41434022784233093
3596,29,48,0.3319205045700073
3597,43,15,0.2076333910226822
3598,88,39,0.09694340825080872
3599,11,11,0.34944045543670654
3600,96,96,0.14184585213661194
3601,62,62,0.30362576246261597
3602,54,48,0.17707125842571259
3603,2,98,0.14426110684871674
3604,73,73,0.4653816223144531
3605,34,3,0.23903663456439972
3606,48,48,0.5397511720657349
3607,34,38,0.14432433247566223
3608,34,88,0.09192292392253876
3609,94,94,0.5898606181144714
3610,88,88,0.1263016164302826
3611,67,67,0.2990686595439911
3612,71,71,0.6095324754714966
3613,97,64,0.12292778491973877
3614,7,26,0.49248045682907104
3615,35,53,0.07230771332979202
3616,77,54,0.26560479402542114
3617,95,30,0.45229995250701904
3618,44,32,0.06532073020935059
3619,45,44,0.13047844171524048
3620,27,27,0.4144890606403351
3621,80,38,0.10988137871026993
3622,84,28,0.27347642183303833
3623,99,22,0.4876623749732971
3624,52,96,0.34979966282844543
3625,92,70,0.3219835162162781
3626,70,92,0.08638321608304977
3627,16,33,0.29763227701187134
3628,88,38,0.1525537371635437
3629,25,25,0.3336528241634369
3630,58,31,0.3668482005596161
3631,79,18,0.23725813627243042
3632,54,54,0.22372601926326752
3633,73,73,0.5109196305274963
3634,50,54,0.3883827328681946
3635,47,52,0.5402516722679138
3636,51,10,0.15197809040546417
3637,78,37,0.15985038876533508
3638,26,45,0.49120721220970154
3639,50,15,0.0732773169875145
3640,17,68,0.3523018956184387
3641,86,85,0.15070608258247375
3642,72,15,0.12518927454948425
3643,87,97,0.09636613726615906
3644,34,89,0.2291112244129181
3645,47,52,0.5097165703773499
3646,25,28,0.1519027203321457
3647,72,90,0.10149925202131271
3648,29,29,0.4913974702358246
3649,95,67,0.4860377907752991
3650,86,86,0.5238046646118164
3651,92,92,0.3543175458908081
3652,78,27,0.08745084702968597
3653,3,21,0.43687704205513
3654,28,28,0.9244811534881592
3655,58,58,0.5984839797019958
3656,66,74,0.19322891533374786
3657,78,18,0.18870185315608978
3658,38,43,0.22210930287837982
3659,22,78,0.12421748042106628
3660,66,75,0.36573442816734314
3661,95,30,0.3815561830997467
3662,45,49,0.31665199995040894
3663,97,65,0.05784991383552551
3664,65,73,0.23273830115795135
3665,54,48,0.20259730517864227
3666,71,73,0.21815450489521027
3667,70,92,0.06765028834342957
3668,80,38,0.15562529861927032
3669,85,85,0.286093533039093
3670,28,28,0.2131076157093048
3671,41,41,0.9458104968070984
3672,71,71,0.5302257537841797
3673,64,6,0.2282455712556839
3674,75,75,0.6240822076797485
3675,90,37,0.13998499512672424
3676,7,24,0.2883811295032501
3677,37,15,0.14439281821250916
3678,23,23,0.5780428051948547
3679,54,84,0.15776894986629486
3680,84,98,0.22107340395450592
3681,86,6,0.24823272228240967
3682,8,82,0.16723433136940002
3683,22,22,0.6292719841003418
3684,51,27,0.08960020542144775
3685,75,3,0.1433185487985611
3686,26,26,0.3333759009838104
3687,11,34,0.131031796336174
3688,3,39,0.17400912940502167
3689,46,46,0.27613013982772827
3690,64,65,0.07508943229913712
3691,92,70,0.5204455256462097
3692,55,34,0.09593838453292847
3693,39,26,0.18093180656433105
3694,66,78,0.22601816058158875
3695,86,59,0.515438437461853
3696,85,81,0.4535045623779297
3697,0,70,0.31749045848846436
3698,8,8,0.19832466542720795
3699,27,42,0.1021389588713646
3700,57,53,0.2486414611339569
3701,13,13,0.48921775817871094
3702,94,36,0.36311784386634827
3703,40,80,0.13427148759365082
3704,61,22,0.4451851546764374
3705,94,94,0.5598065257072449
3706,17,60,0.17958813905715942
3707,11,32,0.5029486417770386
3708,1,34,0.1197860985994339
3709,4,63,0.08645765483379364
3710,49,49,0.560023307800293
3711,77,72,0.06448912620544434
3712,0,0,0.8633508086204529
3713,1,64,0.15854305028915405
3714,80,14,0.08194135874509811
3715,48,78,0.16287899017333984
3716,39,12,0.2257097363471985
3717,55,27,0.13854733109474182
3718,38,94,0.09529676288366318
3719,12,12,0.5177635550498962
3720,35,19,0.23306013643741608
3721,12,12,0.2664376199245453
3722,78,34,0.17138881981372833
3723,87,70,0.17438875138759613
3724,11,2,0.22162090241909027
3725,0,0,0.892067551612854
3726,95,30,0.22808785736560822
3727,90,85,0.25805097818374634
3728,10,61,0.8274660110473633
3729,88,42,0.1203426793217659
3730,10,10,0.4558951258659363
3731,97,97,0.32169532775878906
3732,48,58,0.26164019107818604
3733,63,63,0.15193916857242584
3734,51,31,0.32169827818870544
3735,52,52,0.43800491094589233
3736,47,29,0.17791828513145447
3737,85,12,0.07771257311105728
3738,69,95,0.33834540843963623
3739,65,21,0.2674238383769989
3740,81,90,0.22755780816078186
3741,30,73,0.2521876394748688
3742,51,51,0.4607565701007843
3743,69,23,0.1155877485871315
3744,28,99,0.23891593515872955
3745,4,79,0.17448624968528748
3746,31,33,0.21880768239498138
3747,97,97,0.25043395161628723
3748,48,29,0.1550554484128952
3749,64,38,0.17429661750793457
3750,80,79,0.1359604448080063
3751,0,0,0.517287015914917
3752,0,0,0.4349295496940613
3753,5,5,0.29514971375465393
3754,45,74,0.07800940424203873
3755,13,81,0.15894067287445068
3756,90,37,0.18768607079982758
3757,85,83,0.20000575482845306
3758,56,59,0.4368540942668915
3759,51,51,0.1548037827014923
3760,34,44,0.10246077924966812
3761,44,18,0.18997350335121155
3762,91,91,0.2611330449581146
3763,85,85,0.3933607041835785
3764,56,56,0.7355935573577881
3765,10,5,0.17248278856277466
3766,46,45,0.10288552194833755
3767,93,64,0.14357204735279083
3768,77,77,0.1767003834247589
3769,81,13,0.3198116719722748
3770,82,82,0.9129186868667603
3771,18,78,0.10737664252519608
3772,66,63,0.18351104855537415
3773,56,59,0.6076003909111023
3774,49,49,0.5142745971679688
3775,0,83,0.3188272714614868
3776,70,62,0.5302718877792358
3777,63,63,0.2645670473575592
3778,99,80,0.08766913414001465
3779,14,74,0.087977334856987
3780,5,5,0.2091585099697113
3781,26,26,0.3320968747138977
3782,24,69,0.4667893946170807
3783,86,86,0.41760167479515076
3784,64,78,0.12373210489749908
3785,55,55,0.20751847326755524
3786,1,1,0.7713978886604309
3787,94,94,0.8976306319236755
3788,74,74,0.33797261118888855
3789,6,6,0.13870634138584137
3790,25,85,0.18742254376411438
3791,52,96,0.6065741181373596
3792,90,37,0.4276210069656372
3793,5,5,0.22750161588191986
3794,40,40,0.33114588260650635
3795,41,41,0.3620899021625519
3796,49,73,0.15349958837032318
3797,76,76,0.2583061754703522
3798,19,64,0.1229143887758255
3799,44,81,0.2054566591978073
3800,49,76,0.4426268935203552
3801,57,0,0.4617519974708557
3802,85,74,0.24972808361053467
3803,63,43,0.1078217476606369
3804,91,91,0.8913254737854004
3805,63,63,0.41326120495796204
3806,94,94,0.4400690793991089
3807,55,25,0.08683060109615326
3808,59,59,0.6467823386192322
3809,21,21,0.2905823588371277
3810,59,17,0.5620191693305969
3811,47,47,0.683014988899231
3812,31,74,0.10564447194337845
3813,60,68,0.7039154171943665
3814,44,78,0.3066850006580353
3815,25,25,0.13712403178215027
3816,11,28,0.5949780941009521
3817,97,86,0.25466006994247437
3818,96,96,0.34767431020736694
3819,3,4,0.2335817962884903
3820,46,9,0.21253859996795654
3821,85,89,0.10014858096837997
3822,56,49,0.1557064652442932
3823,34,62,0.1772295981645584
3824,50,21,0.20865680277347565
3825,41,13,0.27538353204727173
3826,87,74,0.0690772607922554
3827,38,39,0.16176463663578033
3828,83,83,0.2927134037017822
3829,45,29,0.45374158024787903
3830,77,74,0.10123337805271149
3831,15,64,0.17182521522045135
3832,47,60,0.25361374020576477
3833,68,68,0.959170401096344
3834,46,32,0.17967034876346588
3835,87,87,0.3036695122718811
3836,61,22,0.4355067014694214
3837,69,67,0.2826244831085205
3838,49,12,0.20740310847759247
3839,86,66,0.27495622634887695
3840,89,89,0.12406056374311447
3841,36,43,0.3819708824157715
3842,59,52,0.4969468414783478
3843,67,73,0.20022694766521454
3844,54,88,0.15488818287849426
3845,72,21,0.21029555797576904
3846,3,59,0.0816231518983841
3847,62,62,0.15814794600009918
3848,60,33,0.2291940301656723
3849,97,66,0.19948284327983856
3850,40,9,0.2674340605735779
3851,69,69,0.6779170036315918
3852,4,32,0.26097193360328674
3853,94,94,0.19279031455516815
3854,65,38,0.22064848244190216
3855,39,2,0.08925098925828934
3856,87,71,0.3660673499107361
3857,48,26,0.18283425271511078
3858,93,79,0.17634317278862
3859,38,18,0.09859699755907059
3860,67,73,0.5150589942932129
3861,26,24,0.12561199069023132
3862,1,77,0.0929003357887268
3863,10,91,0.15187856554985046
3864,41,41,0.6220805644989014
3865,47,17,0.32895225286483765
3866,78,27,0.08466079086065292
3867,87,43,0.2769169509410858
3868,13,75,0.28870052099227905
3869,11,46,0.3451373279094696
3870,57,57,0.7427816390991211
3871,45,45,0.23499587178230286
3872,39,73,0.40209296345710754
3873,8,8,0.9950034022331238
3874,55,43,0.10169529169797897
3875,21,29,0.13501423597335815
3876,65,87,0.0951104387640953
3877,97,97,0.11057355254888535
3878,90,12,0.2464039921760559
3879,98,2,0.16809210181236267
3880,63,74,0.37854623794555664
3881,78,78,0.1461096704006195
3882,44,89,0.1211056113243103
3883,44,78,0.21388719975948334
3884,15,15,0.35781723260879517
3885,53,6,0.17961883544921875
3886,97,87,0.11795483529567719
3887,13,37,0.36023586988449097
3888,9,9,0.2641887068748474
3889,75,75,0.29778680205345154
3890,73,75,0.1294005960226059
3891,84,8,0.2906472682952881
3892,84,21,0.19405826926231384
3893,48,86,0.11208780109882355
3894,12,12,0.2876955270767212
3895,25,81,0.1758812814950943
3896,7,15,0.12059810012578964
3897,90,85,0.1970750242471695
3898,7,7,0.310886412858963
3899,55,74,0.1330692619085312
3900,90,8,0.1484586000442505
3901,86,87,0.30809420347213745
3902,67,72,0.10478055477142334
3903,54,70,0.2091425508260727
3904,77,42,0.26468244194984436
3905,60,60,0.8404197096824646
3906,9,9,0.4043104350566864
3907,54,74,0.1693323403596878
3908,34,63,0.0884925052523613
3909,68,68,0.47525978088378906
3910,25,26,0.30907347798347473
3911,71,71,0.3088953197002411
3912,20,20,0.3808773159980774
3913,89,90,0.22833947837352753
3914,24,7,0.1046367660164833
3915,84,84,0.06448223441839218
3916,4,72,0.2363094985485077
3917,59,59,0.3939880430698395
3918,26,92,0.19945484399795532
3919,18,18,0.1872684359550476
3920,37,52,0.24676699936389923
3921,98,69,0.1675643026828766
3922,64,43,0.11353003233671188
3923,74,31,0.14001576602458954
3924,94,94,0.8821136355400085
3925,5,5,0.27381229400634766
3926,43,69,0.13347908854484558
3927,97,75,0.1703576147556305
3928,23,30,0.3511500954627991
3929,93,93,0.167172372341156
3930,15,27,0.12946341931819916
3931,17,17,0.7424880266189575
3932,1,1,0.3799416720867157
3933,58,90,0.36762797832489014
3934,31,3,0.1833765059709549
3935,8,30,0.1543666422367096
3936,45,44,0.08252371847629547
3937,28,28,0.47022631764411926
3938,23,23,0.5570322871208191
3939,19,19,0.6946427226066589
3940,88,22,0.4626621901988983
3941,87,12,0.22749964892864227
3942,82,70,0.19228872656822205
3943,26,84,0.1711169332265854
3944,33,33,0.4859768748283386
3945,63,99,0.09288530051708221
3946,16,94,0.5541716814041138
3947,13,13,0.3776339590549469
3948,91,20,0.1651654988527298
3949,76,76,0.4605184495449066
3950,76,76,0.41393041610717773
3951,38,97,0.11069869250059128
3952,10,35,0.25264954566955566
3953,70,70,0.42619821429252625
3954,17,17,0.5627514719963074
3955,78,75,0.2824191451072693
3956,56,95,0.12495945394039154
3957,75,75,0.8325182795524597
3958,57,0,0.1657196432352066
3959,79,7,0.2793928384780884
3960,90,72,0.11081064492464066
3961,38,66,0.11935558170080185
3962,51,89,0.10544368624687195
3963,27,27,0.18026676774024963
3964,71,71,0.6081069111824036
3965,96,96,0.5860277414321899
3966,6,78,0.14320434629917145
3967,40,40,0.8492206335067749
3968,51,88,0.2640395164489746
3969,47,47,0.4108990728855133
3970,37,37,0.29149118065834045
3971,41,41,0.652681291103363
3972,66,75,0.2268095165491104
3973,67,23,0.2789469361305237
3974,41,41,0.26502007246017456
3975,82,82,0.8727307915687561
3976,14,14,0.4648148715496063
3977,23,25,0.14415010809898376
3978,6,6,0.5173013210296631
3979,98,21,0.35461509227752686
3980,11,29,0.10188444703817368
3981,7,7,0.12126430869102478
3982,65,74,0.2131507843732834
3983,64,55,0.15568535029888153
3984,40,18,0.21516720950603485
3985,15,35,0.2645290791988373
3986,1,75,0.17399169504642487
3987,29,24,0.23620492219924927
3988,38,79,0.07762643694877625
3989,75,19,0.10880672931671143
3990,40,98,0.13303154706954956
3991,31,17,0.5264303684234619
3992,60,60,0.5830795168876648
3993,79,79,0.16154183447360992
3994,63,63,0.3479195833206177
3995,6,6,0.4745405912399292
3996,36,53,0.15725022554397583
3997,31,15,0.20247098803520203
3998,21,46,0.10924051702022552
3999,52,52,0.5283249020576477
4000,71,71,0.3467635214328766
4001,1,58,0.2624819278717041
4002,61,26,0.20387990772724152
4003,34,31,0.14086657762527466
4004,34,66,0.12121432274580002
4005,77,34,0.20202893018722534
4006,35,70,0.060302115976810455
4007,37,17,0.1393871307373047
4008,7,74,0.2078952193260193
4009,70,45,0.13646574318408966
4010,20,40,0.21058081090450287
4011,93,93,0.1998271495103836
4012,41,58,0.2927546799182892
4013,92,62,0.3069916069507599
4014,87,87,0.649442195892334
4015,46,5,0.19206486642360687
4016,30,30,0.22467918694019318
4017,30,30,0.47496718168258667
4018,46,10,0.08556077629327774
4019,85,85,0.6372882127761841
4020,32,24,0.11877176910638809
4021,14,14,0.5485954880714417
4022,51,51,0.27319562435150146
4023,24,24,0.34138473868370056
4024,5,69,0.434947669506073
4025,49,49,0.28678345680236816
4026,61,76,0.3866388201713562
4027,89,58,0.4265066981315613
4028,48,48,0.750669002532959
4029,98,46,0.27759578824043274
4030,7,78,0.3197029232978821
4031,94,53,0.36872464418411255
4032,37,89,0.2875363826751709
4033,94,46,0.13937298953533173
4034,94,87,0.7221823930740356
4035,52,59,0.5600592494010925
4036,11,2,0.18758438527584076
4037,61,61,0.56929612159729
4038,41,85,0.1471157819032669
4039,50,43,0.16457556188106537
4040,84,74,0.14439871907234192
4041,76,76,0.6523351669311523
4042,18,44,0.12269750982522964
4043,64,5,0.5109738707542419
4044,80,94,0.1526414006948471
4045,62,1,0.2372346818447113
4046,11,88,0.12853801250457764
4047,41,40,0.2604803144931793
4048,69,69,0.7119192481040955
4049,34,66,0.2246050238609314
4050,2,91,0.2058723270893097
4051,45,6,0.12782728672027588
4052,62,9,0.21555864810943604
4053,87,94,0.1309320330619812
4054,99,67,0.22539450228214264
4055,45,29,0.13607409596443176
4056,2,16,0.10578344762325287
4057,27,27,0.15581123530864716
4058,91,42,0.15612207353115082
4059,19,3,0.17395254969596863
4060,56,59,0.4037458002567291
4061,20,20,0.623484194278717
4062,92,70,0.24915581941604614
4063,54,54,0.5073930025100708
4064,75,75,0.5740087032318115
4065,9,37,0.20604351162910461
4066,83,53,0.2048201560974121
4067,27,33,0.09953118860721588
4068,95,95,0.16858510673046112
4069,49,53,0.29825401306152344
4070,14,77,0.14484405517578125
4071,2,35,0.14544102549552917
4072,43,43,0.4423108696937561
4073,96,82,0.26440492272377014
4074,95,99,0.1456882357597351
4075,66,78,0.13795115053653717
4076,81,37,0.11042790114879608
4077,9,9,0.3348236382007599
4078,44,18,0.11334700882434845
4079,99,99,0.15850479900836945
4080,87,87,0.8363454937934875
4081,79,79,0.12927110493183136
4082,11,2,0.07987763732671738
4083,59,15,0.273603618144989
4084,18,78,0.09341795742511749
4085,62,73,0.23483791947364807
4086,96,52,0.37643468379974365
4087,94,81,0.2011449784040451
4088,49,49,0.7566878199577332
4089,47,88,0.19249571859836578
4090,72,74,0.25245359539985657
4091,26,29,0.14639365673065186
4092,71,71,0.359177827835083
4093,76,76,0.5478965640068054
4094,21,21,0.36413055658340454
4095,81,89,0.31884968280792236
4096,30,93,0.1513422131538391
4097,99,14,0.5113372206687927
4098,64,43,0.14450068771839142
4099,92,82,0.27263522148132324
4100,0,0,0.7046750783920288
4101,6,89,0.28333404660224915
4102,74,50,0.11379695683717728
4103,82,82,0.9579066634178162
4104,13,26,0.11749330908060074
4105,69,69,0.7813780903816223
4106,8,8,0.4107207655906677
4107,3,6,0.12934455275535583
4108,74,74,0.41933852434158325
4109,89,82,0.2696705460548401
4110,11,10,0.15800492465496063
4111,16,61,0.5598220229148865
4112,92,70,0.4104956388473511
4113,79,18,0.20636822283267975
4114,86,10,0.2427176684141159
4115,72,76,0.12020564824342728
4116,95,91,0.21821895241737366
4117,38,97,0.1760939657688141
4118,42,6,0.12894056737422943
4119,65,91,0.12036556005477905
4120,61,58,0.32500627636909485
4121,68,68,0.38522255420684814
4122,17,17,0.7080588936805725
4123,41,24,0.1518104523420334
4124,49,49,0.35010993480682373
4125,20,29,0.11531219631433487
4126,4,19,0.07025934010744095
4127,75,38,0.13777975738048553
4128,48,92,0.5116321444511414
4129,13,13,0.25726574659347534
4130,60,60,0.8672691583633423
4131,67,77,0.10568826645612717
4132,62,62,0.8439688086509705
4133,17,17,0.5262272953987122
4134,37,37,0.11316157877445221
4135,32,29,0.11707932502031326
4136,59,85,0.36780866980552673
4137,59,17,0.5455422401428223
4138,38,38,0.12454716116189957
4139,70,6,0.34263285994529724
4140,79,94,0.09396515786647797
4141,11,46,0.4023166596889496
4142,49,32,0.18961653113365173
4143,44,91,0.29451948404312134
4144,0,0,0.788348913192749
4145,26,4,0.1416778564453125
4146,45,33,0.15467223525047302
4147,48,48,0.3695043623447418
4148,1,1,0.5042227506637573
4149,33,49,0.15568828582763672
4150,57,57,0.2523905336856842
4151,10,6,0.11564426124095917
4152,37,90,0.24217906594276428
4153,97,88,0.1140841692686081
4154,44,78,0.1046227514743805
4155,43,50,0.18059378862380981
4156,63,38,0.19830705225467682
4157,55,4,0.1801363080739975
4158,37,37,0.4252341687679291
4159,20,83,0.3424976170063019
4160,49,71,0.3552352488040924
4161,19,19,0.17703580856323242
4162,16,81,0.16860584914684296
4163,26,39,0.19015398621559143
4164,21,21,0.21552537381649017
4165,79,68,0.12722177803516388
4166,40,40,0.7299031615257263
4167,68,60,0.437042236328125
4168,74,88,0.13343501091003418
4169,95,73,0.6877400279045105
4170,46,46,0.6620445251464844
4171,94,94,0.8634451627731323
4172,68,68,0.4562130868434906
4173,13,13,0.2704586386680603
4174,22,10,0.1793726086616516
4175,83,92,0.37131908535957336
4176,46,93,0.11242929846048355
4177,74,88,0.1693931519985199
4178,35,35,0.21359902620315552
4179,60,87,0.27860206365585327
4180,11,2,0.2526486814022064
4181,21,21,0.8213917016983032
4182,34,79,0.1712483912706375
4183,39,46,0.21294115483760834
4184,65,65,0.318874716758728
4185,13,37,0.20910590887069702
4186,20,84,0.20832513272762299
4187,21,21,0.5695514678955078
4188,99,14,0.2835586667060852
4189,68,68,0.42337948083877563
4190,88,78,0.0958840623497963
4191,93,3,0.2561141848564148
4192,49,49,0.49170100688934326
4193,69,69,0.9175683259963989
4194,17,17,0.47245070338249207
4195,55,23,0.16474810242652893
4196,81,81,0.2144441455602646
4197,63,56,0.432157963514328
4198,14,63,0.11887291818857193
4199,73,60,0.19354715943336487
4200,17,37,0.2671753168106079
4201,13,39,0.13700473308563232
4202,95,95,0.46560728549957275
4203,99,43,0.2007482945919037
4204,61,86,0.2973306179046631
4205,24,24,0.41641339659690857
4206,22,87,0.3871363699436188
4207,23,23,0.5358233451843262
4208,94,40,0.2700016498565674
4209,33,96,0.3754791021347046
4210,90,90,0.30119702219963074
4211,8,8,0.15658767521381378
4212,68,60,0.42240020632743835
4213,52,47,0.5157328844070435
4214,20,20,0.8433245420455933
4215,64,63,0.29442647099494934
4216,54,54,0.33673030138015747
4217,53,53,0.689934492111206
4218,3,50,0.09689325839281082
4219,4,7,0.1219458058476448
4220,88,37,0.1341674029827118
4221,53,53,0.8934050798416138
4222,27,44,0.17534883320331573
4223,5,85,0.28036201000213623
4224,47,47,0.18353942036628723
4225,97,21,0.08679250627756119
4226,5,5,0.17748895287513733
4227,35,2,0.11341903358697891
4228,71,49,0.5195185542106628
4229,54,35,0.12075705081224442
4230,54,54,0.40960556268692017
4231,17,17,0.5643649101257324
4232,56,56,0.4786462187767029
4233,54,54,0.5358849763870239
4234,15,65,0.09905119985342026
4235,69,69,0.5373446941375732
4236,65,65,0.1545013040304184
4237,24,24,0.37578949332237244
4238,42,31,0.1290924996137619
4239,8,8,0.4161464273929596
4240,72,99,0.13245493173599243
4241,77,14,0.2234981805086136
4242,75,75,0.7331588268280029
4243,66,86,0.4973197281360626
4244,93,93,0.3934101462364197
4245,94,94,0.9417777061462402
4246,27,27,0.14618024230003357
4247,98,2,0.2521827518939972
4248,75,21,0.3310033977031708
4249,44,44,0.14041639864444733
4250,37,96,0.13603591918945312
4251,8,8,0.19734595715999603
4252,10,61,0.7658345103263855
4253,84,80,0.07066433131694794
4254,72,2,0.1309157907962799
4255,34,51,0.15312407910823822
4256,37,37,0.4284243881702423
4257,2,45,0.08605975657701492
4258,86,86,0.7785937786102295
4259,20,20,0.7948080897331238
4260,90,90,0.14782539010047913
4261,49,93,0.09125183522701263
4262,95,30,0.5563956499099731
4263,29,45,0.20143696665763855
4264,34,78,0.1499762386083603
4265,46,14,0.21904702484607697
4266,43,43,0.12344297766685486
4267,72,38,0.1068868562579155
4268,18,18,0.1658153086900711
4269,51,31,0.27637186646461487
4270,87,87,0.8518191576004028
4271,18,91,0.138302281498909
4272,41,62,0.17857412993907928
4273,93,38,0.11420873552560806
4274,72,23,0.13675802946090698
4275,95,73,0.3899161219596863
4276,19,19,0.6046642661094666
4277,34,43,0.1988144963979721
4278,42,30,0.30815818905830383
4279,79,19,0.22043326497077942
4280,79,79,0.5926750898361206
4281,17,31,0.12145485728979111
4282,73,73,0.5058700442314148
4283,97,3,0.09407129883766174
4284,45,29,0.04540358856320381
4285,97,38,0.29158270359039307
4286,29,89,0.3693041503429413
4287,86,28,0.10260213166475296
4288,29,31,0.070344939827919
4289,0,0,0.8148444890975952
4290,19,37,0.10328108817338943
4291,12,13,0.21180152893066406
4292,91,77,0.1635105013847351
4293,75,75,0.5662645101547241
4294,97,98,0.10397174209356308
4295,50,36,0.2520659863948822
4296,13,13,0.2778787910938263
4297,61,61,0.33138808608055115
4298,74,77,0.17372681200504303
4299,85,81,0.1913476139307022
4300,29,87,0.16440175473690033
4301,67,94,0.2823944389820099
4302,50,21,0.19717314839363098
4303,43,43,0.22098308801651
4304,50,34,0.2213750183582306
4305,3,63,0.3506842851638794
4306,25,26,0.2659229040145874
4307,13,82,0.8004770278930664
4308,50,20,0.1243332028388977
4309,56,56,0.845541775226593
4310,60,60,0.7901130318641663
4311,30,79,0.11822862923145294
4312,61,58,0.2162557691335678
4313,34,43,0.30059346556663513
4314,84,94,0.22128289937973022
4315,1,1,0.6084061861038208
4316,58,13,0.4077218770980835
4317,35,11,0.2277509868144989
4318,4,27,0.278053879737854
4319,77,7,0.18288816511631012
4320,42,64,0.16651266813278198
4321,22,13,0.3701813519001007
4322,87,87,0.39402416348457336
4323,38,21,0.0987180843949318
4324,11,28,0.08849930763244629
4325,9,40,0.21377110481262207
4326,32,32,0.12205706536769867
4327,12,37,0.30626121163368225
4328,50,36,0.21135452389717102
4329,8,88,0.16846546530723572
4330,96,59,0.4506821930408478
4331,61,61,0.5135611891746521
4332,9,32,0.4148287773132324
4333,43,88,0.2856167256832123
4334,9,9,0.5690693259239197
4335,58,41,0.32695305347442627
4336,92,70,0.39971181750297546
4337,32,82,0.1687406748533249
4338,32,54,0.07711062580347061
4339,25,81,0.14518260955810547
4340,0,0,0.8208663463592529
4341,34,69,0.14025725424289703
4342,75,75,0.8821765780448914
4343,68,91,0.19750738143920898
4344,27,12,0.099807508289814
4345,15,1,0.09287633001804352
4346,0,53,0.10603195428848267
4347,38,31,0.48345163464546204
4348,10,25,0.3051055073738098
4349,3,50,0.109811931848526
4350,44,13,0.10253232717514038
4351,30,73,0.43038979172706604
4352,43,89,0.19865190982818604
4353,59,31,0.14393633604049683
4354,50,38,0.07731781154870987
4355,40,28,0.32468366622924805
4356,67,1,0.22736436128616333
4357,76,67,0.12388782203197479
4358,49,49,0.3467670977115631
4359,98,36,0.17283646762371063
4360,57,53,0.2902389168739319
4361,16,16,0.363442599773407
4362,56,56,0.6545775532722473
4363,84,26,0.1422031819820404
4364,75,8,0.16889242827892303
4365,50,34,0.19193491339683533
4366,90,81,0.4040708839893341
4367,10,10,0.6886294484138489
4368,83,16,0.3718763291835785
4369,22,8,0.27592501044273376
4370,59,56,0.4599580764770508
4371,93,30,0.32255756855010986
4372,36,82,0.33997642993927
4373,51,1,0.2611304521560669
4374,6,6,0.17675061523914337
4375,74,65,0.08197546750307083
4376,82,82,0.629052460193634
4377,1,70,0.37809959053993225
4378,97,64,0.16350357234477997
4379,12,37,0.2334541529417038
4380,79,7,0.16325052082538605
4381,49,49,0.7531026005744934
4382,94,94,0.7500772476196289
4383,39,37,0.08204706758260727
4384,25,87,0.2159012407064438
4385,98,46,0.17798548936843872
4386,10,19,0.13511693477630615
4387,58,84,0.24383939802646637
4388,79,8,0.09989164024591446
4389,54,67,0.1413753777742386
4390,64,64,0.16488133370876312
4391,1,39,0.24844372272491455
4392,24,72,0.13356593251228333
4393,46,46,0.6831238269805908
4394,51,51,0.12911857664585114
4395,45,2,0.09158588200807571
4396,70,54,0.2576232850551605
4397,29,74,0.1558041274547577
4398,96,96,0.2311341017484665
4399,2,2,0.28084349632263184
4400,7,24,0.7706731557846069
4401,95,0,0.15337519347667694
4402,27,27,0.22991906106472015
4403,83,53,0.47194015979766846
4404,89,89,0.5082010626792908
4405,7,74,0.1059480682015419
4406,52,68,0.3881577253341675
4407,24,24,0.14855065941810608
4408,49,49,0.36787208914756775
4409,5,33,0.12289377301931381
4410,80,79,0.09490690380334854
4411,53,36,0.21739941835403442
4412,75,66,0.25485390424728394
4413,55,31,0.0702793151140213
4414,14,75,0.4341293275356293
4415,15,49,0.15859338641166687
4416,69,68,0.14294210076332092
4417,51,43,0.16385643184185028
4418,24,24,0.37455761432647705
4419,19,87,0.11385919153690338
4420,2,50,0.16869474947452545
4421,68,68,0.6741004586219788
4422,24,79,0.3439255356788635
4423,75,75,0.4166600704193115
4424,75,75,0.49214375019073486
4425,41,41,0.6991958618164062
4426,13,14,0.16886891424655914
4427,44,75,0.2863641679286957
4428,41,45,0.049234841018915176
4429,31,38,0.10794959962368011
4430,74,51,0.12503981590270996
4431,18,18,0.3873005509376526
4432,43,88,0.13443119823932648
4433,0,0,0.43218669295310974
4434,13,45,0.13533620536327362
4435,15,51,0.16366246342658997
4436,7,75,0.12345918267965317
4437,17,49,0.4971896708011627
4438,83,56,0.17470219731330872
4439,92,92,0.14695511758327484
4440,79,38,0.20897240936756134
4441,34,34,0.2950141727924347
4442,74,36,0.10444436222314835
4443,86,86,0.9451872706413269
4444,20,20,0.35290655493736267
4445,50,61,0.12840403616428375
4446,72,97,0.11476492136716843
4447,14,14,0.23906193673610687
4448,86,69,0.12248347699642181
4449,88,13,0.15890777111053467
4450,98,98,0.3314394950866699
4451,4,50,0.10327987372875214
4452,77,36,0.12159544229507446
4453,1,92,0.17829757928848267
4454,79,79,0.15506404638290405
4455,12,25,0.14786365628242493
4456,87,87,0.5613932609558105
4457,78,18,0.24101771414279938
4458,65,65,0.19287410378456116
4459,1,70,0.13611923158168793
4460,59,52,0.6143926978111267
4461,48,48,0.7493636012077332
4462,83,14,0.3487238585948944
4463,58,48,0.51889967918396
4464,13,86,0.10436990112066269
4465,56,96,0.31468677520751953
4466,94,94,0.770843505859375
4467,50,86,0.37659913301467896
4468,13,13,0.3332935869693756
4469,55,32,0.13013169169425964
4470,97,66,0.16284728050231934
4471,10,10,0.5308180451393127
4472,7,19,0.10464277118444443
4473,21,39,0.1459122896194458
4474,19,83,0.10181364417076111
4475,22,22,0.4596816301345825
4476,54,66,0.10362918674945831
4477,75,75,0.820331335067749
4478,75,75,0.8009175062179565
4479,27,73,0.18272756040096283
4480,5,25,0.2621561288833618
4481,75,73,0.12255396693944931
4482,6,7,0.1093292310833931
4483,75,75,0.2906246483325958
4484,35,2,0.1837480217218399
4485,19,14,0.22920773923397064
4486,79,38,0.17145857214927673
4487,48,48,0.32302629947662354
4488,18,93,0.08459999412298203
4489,12,68,0.41942083835601807
4490,32,45,0.0626118928194046
4491,3,3,0.08527284860610962
4492,60,60,0.5121850371360779
4493,65,18,0.22952665388584137
4494,85,90,0.08366093039512634
4495,77,78,0.10217970609664917
4496,43,43,0.17472805082798004
4497,65,56,0.16983607411384583
4498,85,85,0.2174014002084732
4499,96,96,0.28827688097953796
4500,98,76,0.09887794405221939
4501,66,3,0.2549777626991272
4502,62,53,0.27006128430366516
4503,73,93,0.218828946352005
4504,83,14,0.08924487978219986
4505,65,97,0.20091186463832855
4506,58,58,0.4292773902416229
4507,12,89,0.3657096028327942
4508,19,17,0.5802600383758545
4509,38,85,0.18609075248241425
4510,27,81,0.1343238353729248
4511,81,87,0.29544752836227417
4512,21,21,0.17907467484474182
4513,29,29,0.7791334390640259
4514,51,26,0.1954040825366974
4515,58,58,0.43548932671546936
4516,88,1,0.20023386180400848
4517,89,88,0.13045962154865265
4518,5,5,0.33291658759117126
4519,15,57,0.1606217920780182
4520,10,0,0.40004414319992065
4521,37,81,0.2036741077899933
4522,95,73,0.5694090127944946
4523,50,25,0.11004762351512909
4524,30,69,0.3333948850631714
4525,74,88,0.10499479621648788
4526,98,2,0.13824240863323212
4527,33,68,0.2777714729309082
4528,40,71,0.2166074961423874
4529,50,92,0.2460746467113495
4530,52,96,0.5376136302947998
4531,14,6,0.4162604808807373
4532,63,3,0.18766678869724274
4533,72,72,0.20764759182929993
4534,53,53,0.7150099277496338
4535,91,91,0.9752712249755859
4536,81,13,0.3607620894908905
4537,73,64,0.10895460844039917
4538,16,84,0.14767976105213165
4539,32,36,0.09556538611650467
4540,90,12,0.19892795383930206
4541,33,33,0.2037470042705536
4542,52,52,0.39418575167655945
4543,41,62,0.22027598321437836
4544,11,36,0.24158541858196259
4545,38,43,0.1629258543252945
4546,14,86,0.10075993835926056
4547,56,40,0.2744625508785248
4548,43,34,0.25696367025375366
4549,80,42,0.3035605847835541
4550,65,80,0.16568297147750854
4551,46,79,0.1702810674905777
4552,92,1,0.35074368119239807
4553,52,52,0.7044299840927124
4554,75,75,0.9884974956512451
4555,78,75,0.10847177356481552
4556,60,60,0.907346785068512
4557,70,70,0.2227146476507187
4558,36,26,0.1728784292936325
4559,19,69,0.1492301970720291
4560,2,2,0.14268270134925842
4561,8,14,0.07973662763834
4562,61,61,0.6546825170516968
4563,55,17,0.25897327065467834
4564,24,28,0.17524169385433197
4565,47,34,0.44895458221435547
4566,30,71,0.19316808879375458
4567,70,70,0.4534493386745453
4568,25,5,0.3224641680717468
4569,7,78,0.12005017697811127
4570,28,2,0.17920224368572235
4571,67,73,0.3657361567020416
4572,53,45,0.07416505366563797
4573,28,40,0.15680646896362305
4574,11,36,0.3340488076210022
4575,54,29,0.08310963958501816
4576,74,78,0.09627030789852142
4577,66,97,0.3613845407962799
4578,41,41,0.8372973799705505
4579,4,3,0.17199814319610596
4580,95,95,0.4009600877761841
4581,47,47,0.8555811047554016
4582,52,52,0.2443746030330658
4583,59,56,0.40427249670028687
4584,68,33,0.10067156702280045
4585,21,21,0.12225216627120972
4586,13,39,0.09116675704717636
4587,62,70,0.2585173547267914
4588,58,58,0.4157954752445221
4589,92,86,0.16415853798389435
4590,18,14,0.1453908085823059
4591,24,24,0.4723464846611023
4592,30,30,0.13520637154579163
4593,78,27,0.16571441292762756
4594,14,85,0.3109205663204193
4595,86,86,0.43916648626327515
4596,78,18,0.19262778759002686
4597,76,76,0.2954292297363281
4598,68,68,0.7430559396743774
4599,56,74,0.12066954374313354
4600,70,62,0.41461238265037537
4601,31,47,0.1409221738576889
4602,97,97,0.6658341884613037
4603,72,4,0.07814901322126389
4604,7,18,0.3181098997592926
4605,84,3,0.13070394098758698
4606,43,43,0.08946743607521057
4607,61,23,0.16406649351119995
4608,33,33,0.5026276707649231
4609,42,88,0.254261314868927
4610,89,89,0.5095459818840027
4611,42,88,0.20937739312648773
4612,38,50,0.12905257940292358
4613,92,0,0.2149161547422409
4614,24,95,0.10860742628574371
4615,49,49,0.3634803295135498
4616,7,7,0.18628337979316711
4617,52,52,0.7384843230247498
4618,66,97,0.4481453001499176
4619,99,61,0.2565678060054779
4620,96,96,0.11407390236854553
4621,34,74,0.14046354591846466
4622,14,14,0.22582916915416718
4623,11,46,0.1039038896560669
4624,92,1,0.6168714165687561
4625,29,29,0.2476247102022171
4626,4,50,0.15735821425914764
4627,3,3,0.40575680136680603
4628,55,74,0.16071383655071259
4629,61,61,0.5685129165649414
4630,90,91,0.17720556259155273
4631,94,94,0.4490719437599182
4632,29,6,0.1607203185558319
4633,90,81,0.38904181122779846
4634,43,64,0.1346934735774994
4635,21,46,0.3027702867984772
4636,66,66,0.29067954421043396
4637,57,92,0.16804078221321106
4638,25,57,0.11020859330892563
4639,37,15,0.1420336663722992
4640,0,0,0.18930146098136902
4641,1,92,0.26149535179138184
4642,56,69,0.6365678906440735
4643,30,73,0.15544964373111725
4644,80,3,0.21022094786167145
4645,93,4,0.18668341636657715
4646,8,8,0.1912343055009842
4647,23,63,0.15260984003543854
4648,98,43,0.11619200557470322
4649,64,34,0.13172590732574463
4650,69,95,0.21989455819129944
4651,68,68,0.8652924299240112
4652,72,32,0.20743709802627563
4653,1,82,0.1822550892829895
4654,35,39,0.10396154224872589
4655,92,94,0.16999836266040802
4656,22,13,0.4054013192653656
4657,52,52,0.8208078145980835
4658,90,85,0.37625911831855774
4659,91,46,0.25230836868286133
4660,37,68,0.3219565451145172
4661,71,49,0.37179315090179443
4662,27,91,0.14469805359840393
4663,89,89,0.2284255176782608
4664,28,79,0.22068744897842407
4665,56,28,0.1451861709356308
4666,0,6,0.19881966710090637
4667,79,38,0.10105056315660477
4668,20,5,0.4863828420639038
4669,18,18,0.12933915853500366
4670,39,23,0.4828154146671295
4671,79,79,0.589070200920105
4672,45,29,0.1737818419933319
4673,96,47,0.21323734521865845
4674,68,80,0.07874602824449539
4675,24,4,0.12060653418302536
4676,0,14,0.35138648748397827
4677,42,29,0.07214806228876114
4678,81,90,0.11308793723583221
4679,80,77,0.10374924540519714
4680,81,13,0.32667508721351624
4681,87,46,0.2491752654314041
4682,33,33,0.2284049391746521
4683,9,9,0.30097928643226624
4684,46,62,0.28826192021369934
4685,59,96,0.10917126387357712
4686,7,7,0.2638273537158966
4687,64,63,0.13789096474647522
4688,70,83,0.17010536789894104
4689,25,33,0.2000449299812317
4690,46,46,0.31398722529411316
4691,89,89,0.5511316061019897
4692,93,38,0.18854780495166779
4693,58,33,0.12415128201246262
4694,37,37,0.1411827653646469
4695,91,91,0.6318067908287048
4696,3,21,0.11052711308002472
4697,57,57,0.47203677892684937
4698,75,9,0.3533676564693451
4699,5,54,0.1168198436498642
4700,80,19,0.17304480075836182
4701,70,70,0.47535383701324463
4702,64,64,0.16931438446044922
4703,34,34,0.2782672643661499
4704,22,48,0.4228126108646393
4705,54,54,0.6724725961685181
4706,34,82,0.11733347177505493
4707,32,27,0.13990356028079987
4708,9,3,0.10676898807287216
4709,31,24,0.07049833983182907
4710,77,14,0.06791255623102188
4711,43,88,0.17448097467422485
4712,33,33,0.301592618227005
4713,79,9,0.19010032713413239
4714,63,38,0.20453117787837982
4715,63,3,0.16719885170459747
4716,1,1,0.16274049878120422
4717,99,61,0.15796200931072235
4718,27,27,0.09086073189973831
4719,12,33,0.5551488399505615
4720,74,74,0.15386274456977844
4721,93,67,0.11348631978034973
4722,20,20,0.8736521005630493
4723,60,1,0.3212268352508545
4724,66,37,0.1795564591884613
4725,40,29,0.27430635690689087
4726,59,96,0.3193478584289551
4727,92,88,0.107113778591156
4728,46,97,0.103754423558712
4729,47,47,0.47716352343559265
4730,52,52,0.4164217412471771
4731,89,48,0.391041100025177
4732,6,6,0.33883801102638245
4733,93,74,0.34017789363861084
4734,94,9,0.2583674490451813
4735,54,54,0.21842814981937408
4736,15,47,0.5020586252212524
4737,96,96,0.24441784620285034
4738,79,51,0.11693330109119415
4739,49,39,0.1727210283279419
4740,13,52,0.16015928983688354
4741,41,41,0.8872087001800537
4742,14,88,0.1669771820306778
4743,30,30,0.42739564180374146
4744,76,76,0.47928375005722046
4745,21,3,0.09958689659833908
4746,82,82,0.7016867995262146
4747,52,96,0.4884187579154968
4748,79,27,0.10268467664718628
4749,4,64,0.09919057786464691
4750,46,11,0.23016205430030823
4751,14,26,0.23556849360466003
4752,43,43,0.16474875807762146
4753,32,62,0.30274975299835205
4754,34,6,0.10783877223730087
4755,83,53,0.3410387337207794
4756,13,90,0.12515495717525482
4757,19,34,0.1509765386581421
4758,31,31,0.4287065863609314
4759,67,67,0.6026707887649536
4760,0,1,0.2908729314804077
4761,95,28,0.4034688174724579
4762,32,32,0.16149106621742249
4763,33,49,0.3230881989002228
4764,71,30,0.33283722400665283
4765,8,8,0.6444605588912964
4766,64,61,0.0815868079662323
4767,53,53,0.3068076968193054
4768,47,96,0.4353567957878113
4769,22,73,0.09183064848184586
4770,30,30,0.4358963072299957
4771,22,22,0.2547265589237213
4772,7,45,0.20446480810642242
4773,84,5,0.44352418184280396
4774,56,76,0.3383125066757202
4775,92,54,0.09200656414031982
4776,30,30,0.2738112509250641
4777,23,23,0.2079974263906479
4778,63,80,0.10849998891353607
4779,22,26,0.12156965583562851
4780,57,61,0.3822275996208191
4781,24,24,0.8284663558006287
4782,23,23,0.256853312253952
4783,32,32,0.07952237874269485
4784,72,37,0.3328632414340973
4785,82,82,0.5047180652618408
4786,64,64,0.14542806148529053
4787,43,94,0.355236291885376
4788,13,58,0.23248736560344696
4789,98,46,0.278241902589798
4790,26,45,0.22636522352695465
4791,55,3,0.16984476149082184
4792,83,57,0.2649223208427429
4793,12,12,0.5112895369529724
4794,76,76,0.1519632190465927
4795,47,52,0.7169787287712097
4796,24,24,0.7411906719207764
4797,92,62,0.4857333302497864
4798,40,73,0.12701182067394257
4799,86,86,0.39008843898773193
4800,39,39,0.43646684288978577
4801,31,17,0.3676322102546692
4802,37,81,0.2248164862394333
4803,71,60,0.4820910394191742
4804,39,29,0.10515997558832169
4805,72,93,0.16731515526771545
4806,87,98,0.10380897670984268
4807,17,12,0.2302505075931549
4808,13,38,0.10787446051836014
4809,39,1,0.3652181923389435
4810,35,46,0.07681519538164139
4811,54,10,0.14977306127548218
4812,88,34,0.23296703398227692
4813,1,1,0.1791711300611496
4814,61,61,0.38770461082458496
4815,24,24,0.5202528834342957
4816,69,23,0.25101548433303833
4817,4,50,0.141792431473732
4818,9,19,0.16303811967372894
4819,98,2,0.12397610396146774
4820,74,91,0.12562374770641327
4821,58,13,0.3500526249408722
4822,76,76,0.9437781572341919
4823,96,94,0.3471545875072479
4824,4,3,0.16882629692554474
4825,84,25,0.1659332811832428
4826,30,30,0.31224358081817627
4827,88,33,0.15581215918064117
4828,79,79,0.4691943824291229
4829,5,23,0.32098934054374695
4830,10,14,0.29366403818130493
4831,33,13,0.21662215888500214
4832,54,79,0.09638693183660507
4833,36,72,0.1566883772611618
4834,46,64,0.1177632138133049
4835,6,6,0.8038562536239624
4836,46,46,0.3491559326648712
4837,86,86,0.4372306764125824
4838,39,58,0.43472105264663696
4839,83,0,0.20097312331199646
4840,77,34,0.14416755735874176
4841,69,23,0.4892914295196533
4842,65,43,0.16792340576648712
4843,14,54,0.13507556915283203
4844,33,68,0.20847810804843903
4845,61,61,0.7439029216766357
4846,35,54,0.1831684410572052
4847,20,40,0.32143816351890564
4848,9,9,0.7552552223205566
4849,37,37,0.5617178082466125
4850,63,44,0.11406273394823074
4851,82,82,0.8653631806373596
4852,46,89,0.1439666897058487
4853,72,50,0.07461167871952057
4854,77,43,0.30375397205352783
4855,16,10,0.3221466541290283
4856,64,54,0.10222227871417999
4857,46,48,0.308137983083725
4858,23,71,0.38839733600616455
4859,22,22,0.46001136302948
4860,75,75,0.6325947642326355
4861,78,44,0.0747537761926651
4862,46,11,0.13743101060390472
4863,10,1,0.20809876918792725
4864,85,59,0.16222138702869415
4865,7,36,0.1414092779159546
4866,68,68,0.8522820472717285
4867,31,93,0.10318157076835632
4868,91,91,0.6713098287582397
4869,28,61,0.26440030336380005
4870,58,74,0.09490936994552612
4871,55,38,0.06316068023443222
4872,91,91,0.9342037439346313
4873,19,19,0.3408607244491577
4874,59,85,0.13890889286994934
4875,44,79,0.29831504821777344
4876,98,2,0.2629077136516571
4877,27,84,0.1256951540708542
4878,34,64,0.07978502660989761
4879,17,17,0.5102753639221191
4880,25,86,0.3049119710922241
4881,58,86,0.1489197462797165
4882,29,97,0.20258143544197083
4883,85,86,0.1651989072561264
4884,85,85,0.11809588968753815
4885,25,25,0.21232970058918
4886,35,22,0.12342866510152817
4887,12,81,0.14688877761363983
4888,8,69,0.40375396609306335
4889,34,19,0.1695634126663208
4890,16,16,0.661708414554596
4891,86,87,0.08259913325309753
4892,48,48,0.16823235154151917
4893,49,81,0.18408051133155823
4894,15,11,0.1370680034160614
4895,55,44,0.1489943265914917
4896,53,1,0.19390109181404114
4897,99,73,0.23624126613140106
4898,66,85,0.1594688594341278
4899,26,10,0.4449193477630615
4900,88,22,0.11418535560369492
4901,64,31,0.0859934613108635
4902,87,87,0.9453569650650024
4903,41,63,0.3098602890968323
4904,17,17,0.4825062155723572
4905,40,59,0.15879209339618683
4906,6,6,0.44088083505630493
4907,55,63,0.2933870553970337
4908,8,14,0.31037455797195435
4909,95,95,0.18354108929634094
4910,94,5,0.2652707099914551
4911,3,21,0.12275268137454987
4912,2,62,0.32027748227119446
4913,56,56,0.8730800151824951
4914,66,66,0.267894446849823
4915,4,21,0.17770694196224213
4916,68,68,0.4844639301300049
4917,11,11,0.44962644577026367
4918,20,20,0.8657598495483398
4919,49,67,0.06324031949043274
4920,23,23,0.4600427448749542
4921,72,21,0.1588628590106964
4922,16,43,0.07920444756746292
4923,0,57,0.3466426432132721
4924,86,86,0.5307276248931885
4925,59,56,0.526931643486023
4926,93,34,0.05941038206219673
4927,48,48,0.6338855624198914
4928,40,40,0.7025870680809021
4929,33,97,0.18314939737319946
4930,17,12,0.3031424880027771
4931,52,59,0.22194494307041168
4932,54,51,0.16320857405662537
4933,94,94,0.41430678963661194
4934,87,86,0.21005843579769135
4935,77,65,0.17295405268669128
4936,79,44,0.14617496728897095
4937,5,87,0.4313446581363678
4938,91,23,0.28986358642578125
4939,28,40,0.31763753294944763
4940,30,73,0.4345989525318146
4941,7,7,0.4216051995754242
4942,25,8,0.09415477514266968
4943,42,77,0.12349607050418854
4944,75,41,0.6284509301185608
4945,31,63,0.09155964106321335
4946,14,18,0.21959279477596283
4947,94,94,0.9710261821746826
4948,57,57,0.2842118442058563
4949,63,97,0.20877045392990112
4950,81,81,0.49666091799736023
4951,4,4,0.14096367359161377
4952,99,99,0.11766397953033447
4953,45,10,0.06046931445598602
4954,32,76,0.29452773928642273
4955,11,46,0.12118063122034073
4956,9,84,0.11948734521865845
4957,59,96,0.292630672454834
4958,81,66,0.12570056319236755
4959,40,95,0.17221137881278992
4960,48,97,0.22891740500926971
4961,6,6,0.17963610589504242
4962,98,46,0.18835221230983734
4963,70,83,0.5986154675483704
4964,93,93,0.21044696867465973
4965,0,0,0.7220627069473267
4966,14,99,0.10833092033863068
4967,49,49,0.3556464612483978
4968,51,51,0.5415694117546082
4969,4,4,0.25001245737075806
4970,14,39,0.16837918758392334
4971,42,66,0.18503934144973755
4972,80,46,0.1435679793357849
4973,68,12,0.3275357484817505
4974,78,24,0.34280887246131897
4975,47,47,0.6623567938804626
4976,31,75,0.23843088746070862
4977,62,53,0.273794561624527
4978,62,0,0.5212428569793701
4979,90,66,0.22267159819602966
4980,8,39,0.15306563675403595
4981,9,72,0.15754452347755432
4982,51,51,0.2362884283065796
4983,91,91,0.2743918299674988
4984,80,97,0.18694055080413818
4985,79,79,0.7346622943878174
4986,22,86,0.9012941718101501
4987,18,79,0.21061737835407257
4988,61,61,0.3767794966697693
4989,62,53,0.5034828782081604
4990,54,54,0.7206541299819946
4991,34,34,0.24981774389743805
4992,42,88,0.3712920844554901
4993,33,33,0.4721164107322693
4994,16,11,0.09024420380592346
4995,99,10,0.11435751616954803
4996,99,55,0.061431463807821274
4997,27,27,0.17790423333644867
4998,13,86,0.6249329447746277
4999,39,39,0.774973452091217
5000,56,56,0.3506060242652893
5001,53,53,0.40847906470298767
5002,82,53,0.2523227632045746
5003,48,66,0.21832142770290375
5004,76,76,0.5241426229476929
5005,82,82,0.42030784487724304
5006,49,71,0.322456955909729
5007,40,29,0.4541468918323517
5008,58,13,0.2743896543979645
5009,58,19,0.6243573427200317
5010,28,65,0.1234167069196701
5011,37,17,0.17649008333683014
5012,38,3,0.12346742302179337
5013,93,78,0.08383288979530334
5014,68,68,0.6356411576271057
5015,13,48,0.6308107376098633
5016,42,89,0.30965662002563477
5017,35,54,0.20521675050258636
5018,68,68,0.7298719882965088
5019,47,47,0.25916603207588196
5020,13,37,0.16298682987689972
5021,91,1,0.42812296748161316
5022,53,53,0.12841887772083282
5023,23,23,0.539165198802948
5024,29,4,0.10644523054361343
5025,89,47,0.11362237483263016
5026,35,98,0.23300565779209137
5027,43,43,0.5913691520690918
5028,62,34,0.09299680590629578
5029,15,51,0.11008211970329285
5030,9,9,0.9533605575561523
5031,97,38,0.12722820043563843
5032,15,46,0.1786632239818573
5033,44,29,0.16265453398227692
5034,75,36,0.15025028586387634
5035,84,37,0.33230486512184143
5036,33,76,0.12767061591148376
5037,41,41,0.4976603090763092
5038,6,6,0.25825589895248413
5039,71,71,0.40948086977005005
5040,78,38,0.07567453384399414
5041,17,17,0.12994806468486786
5042,76,76,0.434030681848526
5043,78,21,0.5319002270698547
5044,88,88,0.26412829756736755
5045,49,49,0.5389227271080017
5046,35,46,0.20666640996932983
5047,54,18,0.18207375705242157
5048,86,86,0.6723079681396484
5049,12,59,0.33941757678985596
5050,74,63,0.17452572286128998
5051,80,91,0.07937877625226974
5052,33,33,0.19352060556411743
5053,49,49,0.1827850043773651
5054,5,0,0.09145165234804153
5055,63,31,0.17821431159973145
5056,78,61,0.2313075214624405
5057,41,93,0.07147488743066788
5058,36,22,0.23120440542697906
5059,37,32,0.07535018026828766
5060,66,97,0.3924020826816559
5061,98,53,0.22088190913200378
5062,76,49,0.3537672460079193
5063,8,37,0.21962107717990875
5064,13,39,0.15881100296974182
5065,53,82,0.28159111738204956
5066,87,35,0.11765025556087494
5067,19,19,0.22822415828704834
5068,38,28,0.08074312657117844
5069,18,1,0.1348143219947815
5070,32,32,0.8127533793449402
5071,88,79,0.20973648130893707
5072,4,64,0.08443378657102585
5073,78,81,0.08525922894477844
5074,99,61,0.34662842750549316
5075,75,27,0.08538228273391724
5076,21,21,0.16562750935554504
5077,74,63,0.1046636700630188
5078,97,64,0.266855388879776
5079,75,72,0.12180104851722717
5080,64,50,0.12056106328964233
5081,52,37,0.43983688950538635
5082,94,50,0.12328743189573288
5083,10,22,0.36607903242111206
5084,34,77,0.10965945571660995
5085,14,65,0.11658161878585815
5086,21,63,0.2765266001224518
5087,61,43,0.12197615951299667
5088,1,21,0.15482154488563538
5089,80,80,0.08034935593605042
5090,21,21,0.27443623542785645
5091,81,8,0.059718165546655655
5092,98,46,0.42298227548599243
5093,69,69,0.439642995595932
5094,52,52,0.7550159096717834
5095,63,77,0.11555757373571396
5096,20,20,0.7034635543823242
5097,91,91,0.15317381918430328
5098,68,68,0.8949106931686401
5099,64,53,0.2024526298046112
5100,76,76,0.7606589198112488
5101,5,36,0.3773696720600128
5102,9,59,0.10224858671426773
5103,43,15,0.1294427365064621
5104,49,49,0.21624872088432312
5105,55,46,0.07478249818086624
5106,55,79,0.15597984194755554
5107,32,50,0.12567028403282166
5108,83,57,0.15716414153575897
5109,42,29,0.1277720034122467
5110,58,85,0.16347867250442505
5111,44,80,0.136716827750206
5112,48,48,0.4643617570400238
5113,15,97,0.29779937863349915
5114,48,14,0.20126765966415405
5115,17,37,0.46347492933273315
5116,28,10,0.24066214263439178
5117,35,36,0.14385224878787994
5118,11,91,0.1340484768152237
5119,15,69,0.5984696745872498
5120,21,21,0.5220593214035034
5121,81,39,0.13567152619361877
5122,59,56,0.5161161422729492
5123,14,6,0.34129515290260315
5124,37,14,0.2120768278837204
5125,75,75,0.7749660611152649
5126,2,71,0.15106971561908722
5127,10,87,0.2251545488834381
5128,19,38,0.0962199866771698
5129,58,89,0.4596220552921295
5130,90,12,0.2490682303905487
5131,43,78,0.09362126886844635
5132,3,31,0.749732494354248
5133,71,68,0.31044572591781616
5134,23,71,0.194525808095932
5135,28,97,0.21804867684841156
5136,68,68,0.466310054063797
5137,80,17,0.26822584867477417
5138,61,45,0.20513376593589783
5139,87,99,0.18521972000598907
5140,25,25,0.16921591758728027
5141,89,48,0.08359821140766144
5142,42,34,0.15738241374492645
5143,74,74,0.17532753944396973
5144,91,32,0.16634312272071838
5145,47,47,0.7232955098152161
5146,5,5,0.2088911384344101
5147,22,88,0.14362746477127075
5148,6,45,0.0960235670208931
5149,58,13,0.30171340703964233
5150,91,15,0.07484355568885803
5151,61,61,0.854812741279602
5152,91,32,0.31028857827186584
5153,71,39,0.10411863029003143
5154,74,74,0.43477991223335266
5155,82,32,0.18027731776237488
5156,66,94,0.1431998461484909
5157,30,30,0.3476157486438751
5158,47,47,0.957264244556427
5159,38,28,0.10182585567235947
5160,45,57,0.09979917109012604
5161,54,29,0.17284195125102997
5162,48,48,0.44457998871803284
5163,13,13,0.28882184624671936
5164,85,58,0.3568340539932251
5165,3,74,0.09824958443641663
5166,28,2,0.12967810034751892
5167,21,21,0.32937538623809814
5168,44,94,0.0677184909582138
5169,27,49,0.17334528267383575
5170,0,92,0.18945859372615814
5171,8,8,0.9169617295265198
5172,28,28,0.8870006203651428
5173,27,30,0.2757270634174347
5174,98,46,0.3329566419124603
5175,48,92,0.1928357630968094
5176,81,89,0.2653391361236572
5177,36,36,0.5616653561592102
5178,29,36,0.09699424356222153
5179,86,58,0.1324588507413864
5180,19,89,0.19325143098831177
5181,82,94,0.23430585861206055
5182,89,26,0.16550259292125702
5183,35,88,0.16671787202358246
5184,13,89,0.35864153504371643
5185,42,43,0.2168721705675125
5186,60,60,0.3763125538825989
5187,69,69,0.6271905303001404
5188,12,68,0.10488874465227127
5189,89,88,0.1978902518749237
5190,50,72,0.09159278124570847
5191,24,24,0.48043546080589294
5192,49,49,0.3907563090324402
5193,12,73,0.15207181870937347
5194,71,71,0.4572540819644928
5195,25,87,0.33304572105407715
5196,71,60,0.422084242105484
5197,46,98,0.5068584084510803
5198,14,50,0.2372623234987259
5199,88,78,0.2720183730125427
5200,64,74,0.24044428765773773
5201,13,37,0.19543679058551788
5202,25,25,0.5212491750717163
5203,11,5,0.11296264827251434
5204,44,79,0.13737572729587555
5205,17,17,0.2307172566652298
5206,18,65,0.22102029621601105
5207,74,75,0.33762630820274353
5208,75,75,0.12299870699644089
5209,14,82,0.6656578779220581
5210,42,23,0.14304417371749878
5211,83,0,0.23346997797489166
5212,60,60,0.4109949469566345
5213,30,30,0.0768875852227211
5214,57,61,0.12066640704870224
5215,94,94,0.5839449763298035
5216,48,39,0.2775367498397827
5217,75,75,0.2843421995639801
5218,15,89,0.21723753213882446
5219,51,51,0.12373951822519302
5220,93,97,0.09592690318822861
5221,93,30,0.3137735426425934
5222,41,14,0.1744484156370163
5223,52,52,0.5348570942878723
5224,52,37,0.3836541771888733
5225,12,49,0.49104103446006775
5226,64,94,0.08031532913446426
5227,87,87,0.4011857211589813
5228,99,73,0.4699349105358124
5229,86,86,0.5056768655776978
5230,5,94,0.23178057372570038
5231,42,42,0.3675537109375
5232,71,27,0.10950160771608353
5233,64,50,0.09174562990665436
5234,99,91,0.1297217756509781
5235,49,59,0.2413291484117508
5236,22,22,0.6366326808929443
5237,52,59,0.2866131365299225
5238,59,96,0.11697898805141449
5239,5,5,0.4577198624610901
5240,60,60,0.9128729104995728
5241,71,49,0.369120717048645
5242,72,80,0.07678093016147614
5243,74,74,0.3486083447933197
5244,19,75,0.2426617443561554
5245,56,56,0.8206367492675781
5246,24,24,0.2586081624031067
5247,30,30,0.10296888649463654
5248,76,76,0.8062615990638733
5249,15,43,0.17682260274887085
5250,39,54,0.2653411328792572
5251,16,16,0.8903383016586304
5252,21,21,0.26822102069854736
5253,15,57,0.08588612824678421
5254,38,88,0.10024453699588776
5255,30,56,0.08597151190042496
5256,55,93,0.19311831891536713
5257,98,89,0.2607616186141968
5258,25,84,0.0526978000998497
5259,40,69,0.5349048972129822
5260,82,82,0.9325023293495178
5261,3,14,0.30423012375831604
5262,67,67,0.3243868350982666
5263,47,52,0.404165655374527
5264,71,71,0.42257630825042725
5265,52,96,0.31255555152893066
5266,47,52,0.17496399581432343
5267,60,12,0.12871041893959045
5268,55,69,0.23252986371517181
5269,16,40,0.13851499557495117
5270,61,61,0.1617012917995453
5271,36,36,0.4606563448905945
5272,90,90,0.4051167070865631
5273,32,85,0.16315899789333344
5274,21,6,0.22891846299171448
5275,30,23,0.1724846214056015
5276,78,36,0.09879983961582184
5277,43,53,0.15438680350780487
5278,81,13,0.47388404607772827
5279,88,18,0.09979335963726044
5280,49,49,0.43940335512161255
5281,96,33,0.38853004574775696
5282,10,53,0.2973531484603882
5283,95,73,0.5950819849967957
5284,33,33,0.39071962237358093
5285,15,32,0.16269928216934204
5286,85,40,0.18942773342132568
5287,89,89,0.43662330508232117
5288,79,8,0.16826841235160828
5289,26,1,0.11189498007297516
5290,18,79,0.176691472530365
5291,97,66,0.13557156920433044
5292,14,62,0.17864204943180084
5293,15,97,0.15670709311962128
5294,16,81,0.28975826501846313
5295,75,75,0.2617129385471344
5296,6,6,0.23404110968112946
5297,92,92,0.5454472899436951
5298,88,88,0.21281102299690247
5299,64,64,0.13453809916973114
5300,54,82,0.15574997663497925
5301,71,71,0.41610249876976013
5302,6,6,0.19007280468940735
5303,96,60,0.21143561601638794
5304,8,8,0.6240161657333374
5305,67,73,0.3581865131855011
5306,0,0,0.7618069648742676
5307,78,33,0.4501735270023346
5308,92,40,0.17275559902191162
5309,57,0,0.5298724174499512
5310,66,75,0.1948302686214447
5311,48,8,0.4131689965724945
5312,67,74,0.16293039917945862
5313,60,60,0.8136482834815979
5314,89,89,0.3422180116176605
5315,16,10,0.18266114592552185
5316,42,42,0.1430147886276245
5317,58,19,0.17457447946071625
5318,61,61,0.36601072549819946
5319,22,78,0.07329125702381134
5320,75,75,0.9425087571144104
5321,37,37,0.5535627007484436
5322,3,21,0.170132577419281
5323,60,60,0.6875637173652649
5324,9,40,0.1914791613817215
5325,27,93,0.1931983232498169
5326,83,53,0.6762634515762329
5327,89,80,0.1495107114315033
5328,42,24,0.14396029710769653
5329,88,79,0.15275710821151733
5330,44,56,0.1577184796333313
5331,2,54,0.2660484313964844
5332,62,61,0.15018470585346222
5333,94,16,0.2474077194929123
5334,32,32,0.11510007828474045
5335,95,95,0.18319804966449738
5336,66,97,0.19169366359710693
5337,8,33,0.12836939096450806
5338,40,99,0.16673237085342407
5339,44,27,0.05786611884832382
5340,45,1,0.08491948246955872
5341,26,48,0.23496706783771515
5342,48,78,0.18406794965267181
5343,87,14,0.08031400293111801
5344,59,59,0.4396043121814728
5345,35,5,0.23630693554878235
5346,61,22,0.14995460212230682
5347,64,73,0.07050643116235733
5348,43,2,0.0698137879371643
5349,25,25,0.17273013293743134
5350,48,48,0.3889872431755066
5351,45,14,0.29096323251724243
5352,36,36,0.7324919700622559
5353,29,24,0.17192821204662323
5354,51,3,0.09779427945613861
5355,76,76,0.8386691808700562
5356,74,74,0.10323431342840195
5357,61,61,0.9321691393852234
5358,56,97,0.14915353059768677
5359,55,22,0.3532608151435852
5360,44,27,0.21633483469486237
5361,50,43,0.2061501294374466
5362,8,63,0.338768869638443
5363,27,44,0.11226090043783188
5364,22,43,0.0865287184715271
5365,61,10,0.2914014756679535
5366,77,77,0.16292442381381989
5367,85,85,0.48503559827804565
5368,95,95,0.25817546248435974
5369,78,40,0.26780104637145996
5370,0,0,0.8958867788314819
5371,80,38,0.25671622157096863
5372,26,45,0.2281094640493393
5373,33,33,0.38427406549453735
5374,49,21,0.14709624648094177
5375,51,75,0.09138680249452591
5376,36,36,0.3817656636238098
5377,98,98,0.17786207795143127
5378,39,27,0.2969180941581726
5379,76,76,0.23930931091308594
5380,95,95,0.45431482791900635
5381,31,43,0.09012231230735779
5382,45,54,0.16771073639392853
5383,27,38,0.12375513464212418
5384,60,60,0.7813674211502075
5385,3,3,0.41860899329185486
5386,51,51,0.3374412953853607
5387,94,94,0.5302242636680603
5388,67,42,0.15828968584537506
5389,6,6,0.3896956145763397
5390,62,82,0.24197761714458466
5391,98,11,0.14025235176086426
5392,28,28,0.13407284021377563
5393,26,26,0.30600953102111816
5394,61,61,0.893949568271637
5395,29,29,0.822613537311554
5396,64,27,0.11591816693544388
5397,95,19,0.1062600389122963
5398,4,31,0.18767312169075012
5399,42,39,0.2086467444896698
5400,17,37,0.39994746446609497
5401,99,8,0.15349681675434113
5402,30,69,0.45877447724342346
5403,86,86,0.16389451920986176
5404,83,45,0.21474680304527283
5405,78,66,0.17122675478458405
5406,25,12,0.10502207279205322
5407,50,50,0.14917099475860596
5408,97,69,0.17275284230709076
5409,67,27,0.16271260380744934
5410,52,52,0.8514658808708191
5411,28,36,0.13775743544101715
5412,44,53,0.2926381826400757
5413,28,28,0.4113577902317047
5414,22,2,0.23741894960403442
5415,5,87,0.34221747517585754
5416,35,21,0.3855270445346832
5417,37,60,0.14648541808128357
5418,66,21,0.25797396898269653
5419,88,89,0.10327009111642838
5420,95,73,0.3287000060081482
5421,1,1,0.7600412964820862
5422,57,50,0.08848467469215393
5423,12,12,0.7722386121749878
5424,44,45,0.11603028327226639
5425,97,97,0.31211215257644653
5426,78,32,0.14694394171237946
5427,7,92,0.1916564255952835
5428,94,94,0.1650657057762146
5429,85,85,0.921611487865448
5430,48,26,0.16240234673023224
5431,16,16,0.419606477022171
5432,85,12,0.2022421956062317
5433,63,63,0.3225950598716736
5434,59,52,0.5373824834823608
5435,70,22,0.1636640578508377
5436,62,92,0.23132707178592682
5437,58,58,0.5761895775794983
5438,54,82,0.4155813157558441
5439,60,60,0.6876003742218018
5440,9,9,0.9169549942016602
5441,44,18,0.09456440806388855
5442,23,49,0.6006003022193909
5443,71,71,0.20502562820911407
5444,10,57,0.4890170991420746
5445,89,13,0.2788715660572052
5446,31,50,0.08956041932106018
5447,67,73,0.6072089076042175
5448,56,56,0.6368703842163086
5449,42,88,0.28695476055145264
5450,70,70,0.16313216090202332
5451,73,9,0.13741463422775269
5452,43,10,0.09000592678785324
5453,43,2,0.06145501136779785
5454,86,86,0.36793282628059387
5455,15,60,0.28451910614967346
5456,24,24,0.3705807328224182
5457,84,26,0.12341543287038803
5458,42,64,0.11531498283147812
5459,60,37,0.23833835124969482
5460,48,48,0.4005483388900757
5461,19,14,0.12746642529964447
5462,93,73,0.2453480213880539
5463,16,61,0.6046129465103149
5464,30,30,0.08350089192390442
5465,13,37,0.421634703874588
5466,21,3,0.35299524664878845
5467,78,8,0.10037189722061157
5468,68,30,0.23405873775482178
5469,48,13,0.10179044306278229
5470,56,52,0.3896888792514801
5471,74,63,0.16450221836566925
5472,42,34,0.22151438891887665
5473,20,20,0.17284929752349854
5474,14,16,0.07883628457784653
5475,78,66,0.23064234852790833
5476,62,62,0.6093480587005615
5477,76,76,0.5255040526390076
5478,42,44,0.12043735384941101
5479,28,67,0.11140702664852142
5480,74,74,0.24240003526210785
5481,78,50,0.09407718479633331
5482,28,28,0.964935839176178
5483,27,75,0.11065683513879776
5484,51,19,0.5653048753738403
5485,83,92,0.13264501094818115
5486,48,99,0.10126549005508423
5487,79,79,0.3191457688808441
5488,67,73,0.3547822833061218
5489,43,79,0.21853762865066528
5490,90,27,0.0988423153758049
5491,18,1,0.21428902447223663
5492,40,63,0.11155087500810623
5493,88,43,0.17517809569835663
5494,15,3,0.08977465331554413
5495,89,89,0.5163321495056152
5496,0,0,0.7092065215110779
5497,80,6,0.23244443535804749
5498,95,91,0.2014087438583374
5499,59,42,0.2204270213842392
5500,67,30,0.1757602095603943
5501,57,3,0.11314927041530609
5502,64,64,0.21053999662399292
5503,55,87,0.20668742060661316
5504,72,4,0.32936742901802063
5505,39,39,0.20514239370822906
5506,1,82,0.21088160574436188
5507,14,59,0.0715198740363121
5508,10,98,0.12384917587041855
5509,40,40,0.09378872811794281
5510,66,79,0.12601128220558167
5511,32,32,0.8654301762580872
5512,11,81,0.06761768460273743
5513,4,67,0.17046646773815155
5514,54,54,0.5424208641052246
5515,14,88,0.10072563588619232
5516,15,15,0.27012568712234497
5517,84,84,0.5660123229026794
5518,7,7,0.23954792320728302
5519,15,31,0.5826045274734497
5520,70,54,0.4303531050682068
5521,45,54,0.1303904950618744
5522,28,61,0.17605318129062653
5523,27,25,0.32365259528160095
5524,36,36,0.29489001631736755
5525,31,31,0.4438546895980835
5526,80,87,0.5226637721061707
5527,16,61,0.5593665242195129
5528,59,59,0.2663678228855133
5529,6,6,0.8976161479949951
5530,19,31,0.47875750064849854
5531,87,87,0.8406013250350952
5532,15,32,0.1403968185186386
5533,81,78,0.09998437762260437
5534,25,34,0.07953983545303345
5535,98,46,0.17261359095573425
5536,2,3,0.08713292330503464
5537,68,68,0.3842882513999939
5538,47,52,0.3982301652431488
5539,18,80,0.1422089785337448
5540,66,74,0.1894807517528534
5541,66,78,0.18449996411800385
5542,17,49,0.15504099428653717
5543,65,38,0.2059510350227356
5544,90,81,0.1143559068441391
5545,98,9,0.18873557448387146
5546,45,31,0.09124639630317688
5547,76,17,0.38724789023399353
5548,95,30,0.27908506989479065
5549,5,0,0.11333579570055008
5550,89,89,0.6509172916412354
5551,69,69,0.7305648326873779
5552,57,92,0.16163016855716705
5553,60,71,0.7001447677612305
5554,95,30,0.23910143971443176
5555,16,86,0.25979849696159363
5556,7,7,0.42698803544044495
5557,52,96,0.39358553290367126
5558,6,6,0.5441264510154724
5559,7,24,0.5700976252555847
5560,67,91,0.3186545968055725
5561,60,60,0.8841564655303955
5562,67,63,0.10105088353157043
5563,52,52,0.6869043707847595
5564,2,69,0.08933603763580322
5565,94,88,0.3460698425769806
5566,25,5,0.16381467878818512
5567,23,23,0.62262362241745
5568,58,58,0.4081715941429138
5569,65,88,0.4773910641670227
5570,38,97,0.10646224021911621
5571,85,15,0.1946905255317688
5572,48,48,0.9065842032432556
5573,82,82,0.8227668404579163
5574,21,21,0.6942407488822937
5575,55,55,0.13773690164089203
5576,69,69,0.36252152919769287
5577,39,34,0.10809894651174545
5578,12,39,0.1853393167257309
5579,29,8,0.24601221084594727
5580,5,65,0.27919647097587585
5581,17,17,0.5336490273475647
5582,87,46,0.2214757353067398
5583,78,78,0.15128394961357117
5584,70,54,0.3023007810115814
5585,30,73,0.5728669166564941
5586,87,40,0.13675211369991302
5587,94,94,0.19246676564216614
5588,75,41,0.39353060722351074
5589,44,65,0.1257062405347824
5590,73,1,0.19319161772727966
5591,67,74,0.3031061589717865
5592,62,1,0.31508734822273254
5593,41,41,0.7989082932472229
5594,1,53,0.3751089572906494
5595,16,66,0.1945185512304306
5596,85,85,0.40197402238845825
5597,80,38,0.10966623574495316
5598,29,89,0.11768382787704468
5599,44,61,0.09972749650478363
5600,69,29,0.33358457684516907
5601,26,74,0.1854235976934433
5602,46,46,0.23894226551055908
5603,20,20,0.9914507269859314
5604,7,18,0.3558307886123657
5605,93,4,0.06195427477359772
5606,63,63,0.23309440910816193
5607,53,28,0.15588195621967316
5608,40,69,0.21652106940746307
5609,37,37,0.2557373046875
5610,33,96,0.2871239483356476
5611,76,49,0.4404064416885376
5612,48,48,0.7989125847816467
5613,63,63,0.6647961735725403
5614,84,18,0.11871818453073502
5615,31,29,0.3171371817588806
5616,54,91,0.20055630803108215
5617,28,28,0.4481356739997864
5618,72,27,0.1436127871274948
5619,34,34,0.2250170111656189
5620,47,17,0.2847476899623871
5621,63,97,0.09947197884321213
5622,54,54,0.32256951928138733
5623,35,22,0.19552204012870789
5624,93,93,0.12192746996879578
5625,61,61,0.3689538836479187
5626,2,54,0.25154539942741394
5627,51,34,0.10557030141353607
5628,7,78,0.2202586680650711
5629,59,59,0.24799750745296478
5630,68,68,0.8213384747505188
5631,81,91,0.17559216916561127
5632,81,5,0.23232193291187286
5633,39,73,0.37033843994140625
5634,13,85,0.27636051177978516
5635,37,37,0.15954717993736267
5636,35,1,0.12328188121318817
5637,81,81,0.49603015184402466
5638,51,33,0.3453369736671448
5639,18,29,0.07679785788059235
5640,4,55,0.1685725301504135
5641,23,23,0.41728127002716064
5642,93,3,0.39527663588523865
5643,94,94,0.4847327768802643
5644,77,88,0.283346027135849
5645,47,47,0.4869019687175751
5646,51,6,0.19777704775333405
5647,5,5,0.63106769323349
5648,90,32,0.1183539405465126
5649,86,9,0.5104727745056152
5650,48,48,0.34196433424949646
5651,96,27,0.08758407831192017
5652,23,23,0.5036769509315491
5653,79,6,0.22107377648353577
5654,13,13,0.2621523141860962
5655,98,69,0.08209948986768723
5656,71,73,0.29934585094451904
5657,60,60,0.8763529062271118
5658,62,53,0.3368644416332245
5659,39,33,0.10228949040174484
5660,68,13,0.09615998715162277
5661,52,52,0.4493439793586731
5662,14,6,0.09977847337722778
5663,21,66,0.18122698366641998
5664,15,9,0.23012679815292358
5665,77,77,0.21281960606575012
5666,94,94,0.5317577123641968
5667,73,73,0.34927868843078613
5668,70,70,0.36395737528800964
5669,59,52,0.33231842517852783
5670,55,91,0.18755032122135162
5671,76,97,0.0878559872508049
5672,72,64,0.07900239527225494
5673,3,72,0.20706382393836975
5674,18,44,0.09636746346950531
5675,0,0,0.4941385090351105
5676,99,61,0.845049262046814
5677,24,24,0.6134253144264221
5678,56,56,0.44692277908325195
5679,0,0,0.18376538157463074
5680,82,82,0.270298570394516
5681,72,63,0.22649550437927246
5682,37,31,0.40279659628868103
5683,20,20,0.9422188401222229
5684,54,91,0.25688549876213074
5685,11,11,0.15288610756397247
5686,9,98,0.21709832549095154
5687,86,61,0.34379449486732483
5688,65,65,0.3163994550704956
5689,78,50,0.13805703818798065
5690,22,54,0.2593866288661957
5691,48,48,0.8621870279312134
5692,1,62,0.1871727854013443
5693,33,72,0.10266678035259247
5694,77,22,0.359066367149353
5695,49,49,0.40153175592422485
5696,89,81,0.2105005979537964
5697,36,2,0.11988025158643723
5698,42,78,0.13100039958953857
5699,20,20,0.32477185130119324
5700,2,64,0.16245360672473907
5701,32,32,0.14888112246990204
5702,87,27,0.08293993771076202
5703,71,71,0.6716251969337463
5704,36,36,0.3482073247432709
5705,95,91,0.16556602716445923
5706,27,27,0.5090002417564392
5707,36,50,0.16897110641002655
5708,54,65,0.16589173674583435
5709,92,78,0.12086258828639984
5710,88,80,0.06409137696027756
5711,6,6,0.17729850113391876
5712,31,29,0.3179248571395874
5713,54,51,0.25260353088378906
5714,32,65,0.12340997159481049
5715,58,58,0.43905043601989746
5716,10,10,0.1742369383573532
5717,64,66,0.16299577057361603
5718,93,72,0.18593530356884003
5719,3,94,0.1985992044210434
5720,55,91,0.6141917109489441
5721,49,49,0.3565044105052948
5722,56,42,0.17711928486824036
5723,33,33,0.2695906460285187
5724,99,99,0.08988271653652191
5725,62,54,0.37855252623558044
5726,34,46,0.20719942450523376
5727,53,53,0.5751957893371582
5728,17,33,0.2363070696592331
5729,93,30,0.2136593461036682
5730,66,75,0.2814549505710602
5731,0,0,0.3089311122894287
5732,58,13,0.5498989820480347
5733,4,24,0.06604662537574768
5734,37,12,0.20298215746879578
5735,1,1,0.22051388025283813
5736,58,21,0.18105323612689972
5737,66,97,0.24561621248722076
5738,58,90,0.20221252739429474
5739,88,5,0.10159911215305328
5740,39,84,0.2005639225244522
5741,40,9,0.3318023979663849
5742,82,57,0.2506774663925171
5743,68,68,0.8350861072540283
5744,4,74,0.13714227080345154
5745,55,21,0.190749853849411
5746,65,27,0.06151318922638893
5747,72,15,0.22273558378219604
5748,13,37,0.34973546862602234
5749,17,37,0.4422003924846649
5750,30,30,0.27800166606903076
5751,67,72,0.23427236080169678
5752,50,50,0.07975708693265915
5753,1,1,0.7710487842559814
5754,59,95,0.21618682146072388
5755,73,21,0.33275720477104187
5756,58,89,0.24954767525196075
5757,90,89,0.5487848520278931
5758,56,28,0.17502352595329285
5759,44,79,0.14324797689914703
5760,16,45,0.30691641569137573
5761,32,32,0.22348561882972717
5762,15,57,0.15874578058719635
5763,90,90,0.7010999917984009
5764,99,78,0.14139151573181152
5765,56,56,0.4304908812046051
5766,40,40,0.8574113845825195
5767,63,63,0.24676655232906342
5768,22,94,0.752266526222229
5769,2,69,0.5305960178375244
5770,14,54,0.32619404792785645
5771,72,55,0.17077015340328217
5772,76,76,0.7678874135017395
5773,73,73,0.5320234298706055
5774,2,2,0.2034342885017395
5775,79,77,0.13200494647026062
5776,5,84,0.1522984802722931
5777,39,95,0.23157227039337158
5778,12,55,0.09504632651805878
5779,43,43,0.19112472236156464
5780,91,91,0.1662718653678894
5781,97,88,0.10966318100690842
5782,80,78,0.11652426421642303
5783,65,65,0.12509313225746155
5784,62,82,0.3187277317047119
5785,33,42,0.13212306797504425
5786,86,22,0.1435808688402176
5787,66,4,0.13168883323669434
5788,24,26,0.08358079195022583
5789,62,62,0.4170989692211151
5790,49,68,0.6676667332649231
5791,30,73,0.25157487392425537
5792,24,24,0.5762691497802734
5793,73,13,0.4265345335006714
5794,31,31,0.2781220078468323
5795,55,95,0.20843203365802765
5796,59,59,0.43414899706840515
5797,46,29,0.08644458651542664
5798,11,2,0.12354155629873276
5799,20,92,0.28439390659332275
5800,83,83,0.18006610870361328
5801,80,74,0.21365101635456085
5802,38,38,0.21478761732578278
5803,30,30,0.40183523297309875
5804,93,73,0.3940945267677307
5805,65,93,0.4729466736316681
5806,41,41,0.9854642748832703
5807,0,0,0.8638647794723511
5808,35,97,0.18365655839443207
5809,54,92,0.24959468841552734
5810,9,40,0.1749686300754547
5811,16,8,0.42524775862693787
5812,87,50,0.14260445535182953
5813,81,81,0.12766507267951965
5814,12,25,0.3637353777885437
5815,49,91,0.20823031663894653
5816,60,69,0.42212074995040894
5817,81,37,0.262736439704895
5818,89,68,0.19530928134918213
5819,42,42,0.18006806075572968
5820,51,51,0.5589730143547058
5821,36,2,0.22773130238056183
5822,59,56,0.4892120361328125
5823,92,19,0.17772796750068665
5824,7,62,0.5308721661567688
5825,94,94,0.7019946575164795
5826,80,94,0.2116352766752243
5827,56,56,0.47248950600624084
5828,37,85,0.23747648298740387
5829,63,38,0.20661793649196625
5830,74,27,0.1877269595861435
5831,46,31,0.38276171684265137
5832,34,38,0.21314400434494019
5833,88,42,0.09901540726423264
5834,85,75,0.6106163859367371
5835,24,91,0.13034895062446594
5836,28,40,0.2921321988105774
5837,56,56,0.6987906694412231
5838,51,78,0.22896364331245422
5839,41,41,0.8803420066833496
5840,62,62,0.6988623738288879
5841,7,24,0.11909036338329315
5842,6,44,0.11100538820028305
5843,38,63,0.09715341031551361
5844,26,46,0.15610338747501373
5845,22,46,0.24817407131195068
5846,52,63,0.3236454427242279
5847,32,45,0.172605961561203
5848,70,46,0.13542142510414124
5849,28,28,0.5657891631126404
5850,96,96,0.22938069701194763
5851,44,91,0.1973200887441635
5852,57,68,0.07321000099182129
5853,13,13,0.12304908037185669
5854,47,1,0.3812217712402344
5855,8,12,0.09784038364887238
5856,73,93,0.140594944357872
5857,17,17,0.678377628326416
5858,14,92,0.41273054480552673
5859,18,82,0.2739092707633972
5860,91,18,0.07811218500137329
5861,82,82,0.4400416314601898
5862,19,45,0.0867956131696701
5863,57,57,0.25801047682762146
5864,71,60,0.6940979361534119
5865,16,16,0.5732494592666626
5866,54,54,0.3262215256690979
5867,7,7,0.08817550539970398
5868,52,52,0.3945227563381195
5869,26,89,0.09718290716409683
5870,50,63,0.14496998488903046
5871,81,93,0.1856963336467743
5872,74,74,0.2209310084581375
5873,50,74,0.44719433784484863
5874,74,63,0.29888200759887695
5875,71,71,0.45650625228881836
5876,85,85,0.9574633240699768
5877,8,88,0.12631186842918396
5878,31,69,0.08917689323425293
5879,28,40,0.567650318145752
5880,17,17,0.5690975189208984
5881,26,84,0.09087088704109192
5882,10,28,0.37420156598091125
5883,93,32,0.19664366543293
5884,16,22,0.16765344142913818
5885,0,10,0.449648380279541
5886,37,52,0.35850945115089417
5887,26,26,0.3324246108531952
5888,71,23,0.3898370563983917
5889,34,36,0.13724738359451294
5890,50,99,0.08198104798793793
5891,99,99,0.23067766427993774
5892,44,78,0.16681715846061707
5893,58,13,0.26767972111701965
5894,16,28,0.34121593832969666
5895,8,48,0.11868327856063843
5896,34,70,0.2684885561466217
5897,35,62,0.1393038034439087
5898,86,43,0.15948304533958435
5899,41,41,0.14730869233608246
5900,0,0,0.3280872702598572
5901,19,31,0.09904792159795761
5902,44,78,0.08340717107057571
5903,46,65,0.12241042405366898
5904,6,13,0.33677855134010315
5905,42,42,0.5579633712768555
5906,62,92,0.22104096412658691
5907,73,30,0.3548051714897156
5908,31,29,0.0678432360291481
5909,73,30,0.21206755936145782
5910,62,54,0.2053728997707367
5911,97,64,0.1593201458454132
5912,97,64,0.10440362989902496
5913,0,0,0.8786356449127197
5914,57,96,0.18721525371074677
5915,19,38,0.07345795631408691
5916,46,91,0.12268533557653427
5917,53,53,0.268337607383728
5918,69,69,0.6089801788330078
5919,47,47,0.33983615040779114
5920,13,89,0.46182286739349365
5921,84,36,0.2031291276216507
5922,67,1,0.10458777099847794
5923,43,31,0.14347802102565765
5924,80,74,0.14980047941207886
5925,59,93,0.08403865247964859
5926,20,20,0.2105468213558197
5927,76,76,0.37580403685569763
5928,65,38,0.253013551235199
5929,79,79,0.34519892930984497
5930,99,61,0.6410242319107056
5931,62,92,0.4594211280345917
5932,58,5,0.32004863023757935
5933,55,69,0.1000228077173233
5934,26,45,0.1916077733039856
5935,1,1,0.47493183612823486
5936,46,75,0.11514521390199661
5937,90,0,0.06999047845602036
5938,66,66,0.23141589760780334
5939,69,69,0.18860985338687897
5940,39,58,0.40548083186149597
5941,71,60,0.621629536151886
5942,88,38,0.10950727015733719
5943,6,6,0.24345652759075165
5944,51,43,0.23596246540546417
5945,34,31,0.5778350234031677
5946,31,19,0.3377998471260071
5947,80,8,0.08049241453409195
5948,67,91,0.12848064303398132
5949,78,88,0.338626503944397
5950,84,90,0.2823590636253357
5951,23,23,0.43011170625686646
5952,23,17,0.18893198668956757
5953,68,49,0.3208613991737366
5954,74,55,0.18738435208797455
5955,78,75,0.13464194536209106
5956,78,14,0.30563706159591675
5957,86,10,0.14263226091861725
5958,1,34,0.1479937881231308
5959,61,22,0.5580722689628601
5960,2,53,0.17541606724262238
5961,72,30,0.210383802652359
5962,32,26,0.07880740612745285
5963,64,5,0.23764804005622864
5964,43,43,0.2423262894153595
5965,60,60,0.9331843852996826
5966,27,63,0.15132026374340057
5967,62,54,0.15630635619163513
5968,91,91,0.4392854571342468
5969,81,78,0.1251070499420166
5970,64,34,0.08743823319673538
5971,35,2,0.21680374443531036
5972,32,77,0.3017379641532898
5973,91,91,0.11134208738803864
5974,85,72,0.18493320047855377
5975,70,92,0.48924720287323
5976,28,40,0.10332018882036209
5977,59,49,0.12002014368772507
5978,22,61,0.497663676738739
5979,43,74,0.1972377747297287
5980,35,46,0.25866642594337463
5981,9,72,0.1652963012456894
5982,74,63,0.5860738158226013
5983,84,20,0.6475821733474731
5984,72,72,0.08807317167520523
5985,81,37,0.2933008670806885
5986,95,30,0.23286858201026917
5987,16,94,0.2234840989112854
5988,25,86,0.18132808804512024
5989,12,56,0.2686823010444641
5990,24,24,0.2982434630393982
5991,61,61,0.7709358930587769
5992,50,86,0.14750750362873077
5993,9,79,0.3700883090496063
5994,8,45,0.13049781322479248
5995,20,24,0.26075246930122375
5996,11,14,0.10194912552833557
5997,49,49,0.5195934176445007
5998,0,54,0.40710705518722534
5999,55,63,0.2410808801651001
6000,31,31,0.14441673457622528
6001,18,18,0.21419484913349152
6002,35,98,0.22287634015083313
6003,23,23,0.5801014304161072
6004,47,47,0.5433295369148254
6005,47,56,0.3606511056423187
6006,30,72,0.16936825215816498
6007,88,88,0.23118074238300323
6008,32,94,0.44348999857902527
6009,40,23,0.24809309840202332
6010,97,74,0.14784333109855652
6011,17,17,0.3214312195777893
6012,81,88,0.16591474413871765
6013,76,76,0.2692926824092865
6014,62,62,0.49726760387420654
6015,39,72,0.0861215889453888
6016,72,95,0.39655575156211853
6017,95,30,0.3440471291542053
6018,9,69,0.17219537496566772
6019,30,67,0.2777564525604248
6020,86,53,0.3110543489456177
6021,98,46,0.2715548276901245
6022,48,48,0.19102299213409424
6023,11,11,0.14451903104782104
6024,88,29,0.15584120154380798
6025,9,29,0.3086439371109009
6026,88,88,0.30664896965026855
6027,21,21,0.2149871289730072
6028,36,40,0.14171770215034485
6029,55,93,0.10364878922700882
6030,82,82,0.44606778025627136
6031,40,61,0.30602651834487915
6032,47,47,0.3777918517589569
6033,10,73,0.13599389791488647
6034,61,61,0.09605038166046143
6035,92,92,0.10578159242868423
6036,93,73,0.36547842621803284
6037,15,15,0.1368553340435028
6038,54,54,0.619890570640564
6039,88,88,0.08495834469795227
6040,33,31,0.3244556784629822
6041,35,98,0.14453259110450745
6042,39,18,0.12496213614940643
6043,70,70,0.2572069764137268
6044,15,15,0.1921589970588684
6045,36,36,0.13728022575378418
6046,94,94,0.7914307713508606
6047,70,62,0.3641909956932068
6048,96,49,0.30148544907569885
6049,70,70,0.44814005494117737
6050,92,92,0.33633092045783997
6051,16,20,0.2397448718547821
6052,3,31,0.39732566475868225
6053,86,1,0.10390370339155197
6054,71,99,0.08343154937028885
6055,42,97,0.1362450122833252
6056,99,10,0.4449969530105591
6057,16,16,0.7730454206466675
6058,46,21,0.09554091095924377
6059,28,40,0.18103982508182526
6060,98,35,0.28812578320503235
6061,42,6,0.10463175922632217
6062,17,37,0.07613809406757355
6063,89,89,0.45814383029937744
6064,14,14,0.5588769316673279
6065,57,7,0.2087058126926422
6066,81,13,0.3281343877315521
6067,74,3,0.08535554260015488
6068,4,39,0.20455867052078247
6069,10,10,0.2702469229698181
6070,81,12,0.397001177072525
6071,40,40,0.5339175462722778
6072,49,93,0.25153985619544983
6073,29,24,0.29279792308807373
6074,87,5,0.10459216684103012
6075,58,58,0.5034659504890442
6076,36,36,0.6137979626655579
6077,65,72,0.22239410877227783
6078,83,62,0.3192439675331116
6079,10,61,0.3524947464466095
6080,34,64,0.16768501698970795
6081,12,12,0.2691384255886078
6082,5,94,0.11373716592788696
6083,17,17,0.8033885955810547
6084,29,29,0.6467620730400085
6085,80,3,0.10660208761692047
6086,80,50,0.09141264110803604
6087,6,29,0.40275704860687256
6088,65,91,0.15643642842769623
6089,9,9,0.9834976196289062
6090,55,4,0.10795973986387253
6091,38,74,0.10095538198947906
6092,88,63,0.14408302307128906
6093,28,28,0.3773318827152252
6094,43,79,0.10314822942018509
6095,57,57,0.27328789234161377
6096,50,88,0.08410871028900146
6097,99,61,0.1225646510720253
6098,20,25,0.15972186625003815
6099,0,70,0.14758221805095673
6100,32,32,0.16113393008708954
6101,90,14,0.11424564570188522
6102,70,62,0.3823024034500122
6103,14,58,0.21451324224472046
6104,31,3,0.2142581194639206
6105,88,97,0.08600832521915436
6106,56,30,0.11448203772306442
6107,23,23,0.10890728235244751
6108,71,68,0.7534319162368774
6109,4,78,0.16561536490917206
6110,11,9,0.21740666031837463
6111,4,74,0.13323380053043365
6112,39,39,0.12341635674238205
6113,66,21,0.24141740798950195
6114,96,60,0.40920838713645935
6115,63,74,0.15345749258995056
6116,13,37,0.3901364505290985
6117,39,39,0.41184183955192566
6118,27,67,0.07910160720348358
6119,31,31,0.7658034563064575
6120,84,79,0.1674024909734726
6121,7,24,0.19955341517925262
6122,37,78,0.09793504327535629
6123,18,91,0.23899851739406586
6124,43,51,0.09213118255138397
6125,96,96,0.34880322217941284
6126,2,46,0.20471400022506714
6127,6,6,0.18011443316936493
6128,59,77,0.0911179929971695
6129,78,23,0.2311430126428604
6130,19,19,0.40223929286003113
6131,39,85,0.1756531447172165
6132,97,64,0.1395496279001236
6133,6,6,0.46088263392448425
6134,39,45,0.10534162074327469
6135,77,46,0.13949623703956604
6136,74,63,0.15727345645427704
6137,52,52,0.48172467947006226
6138,5,25,0.46373212337493896
6139,61,10,0.25301364064216614
6140,21,3,0.2613578736782074
6141,20,20,0.3867896795272827
6142,50,56,0.3012807071208954
6143,65,10,0.08590462803840637
6144,48,48,0.2485671043395996
6145,39,45,0.13060598075389862
6146,14,26,0.11309153586626053
6147,74,67,0.19944846630096436
6148,36,35,0.08524944633245468
6149,12,13,0.22010046243667603
6150,93,73,0.5510486364364624
6151,43,19,0.13734163343906403
6152,51,88,0.3980278968811035
6153,79,79,0.12467436492443085
6154,78,50,0.055981822311878204
6155,6,6,0.5768066644668579
6156,4,42,0.08191944658756256
6157,36,97,0.1472383588552475
6158,32,67,0.36301878094673157
6159,25,32,0.3256942331790924
6160,97,66,0.06681168079376221
6161,94,22,0.15470872819423676
6162,34,34,0.0884830430150032
6163,34,26,0.20207659900188446
6164,59,56,0.3174837827682495
6165,22,22,0.3863436281681061
6166,16,53,0.33186742663383484
6167,70,1,0.2970355749130249
6168,9,62,0.19009056687355042
6169,25,5,0.10683891922235489
6170,77,67,0.17629913985729218
6171,74,4,0.1457640528678894
6172,17,17,0.27021029591560364
6173,28,56,0.18154409527778625
6174,47,47,0.9389390349388123
6175,43,66,0.14355555176734924
6176,13,72,0.14513887465000153
6177,50,6,0.28615280985832214
6178,97,21,0.17457003891468048
6179,49,49,0.6084454655647278
6180,78,43,0.2476198524236679
6181,68,40,0.08475892245769501
6182,99,30,0.24901005625724792
6183,52,55,0.09696566313505173
6184,28,28,0.27710068225860596
6185,80,91,0.059572089463472366
6186,43,24,0.14765311777591705
6187,23,11,0.14204822480678558
6188,23,23,0.36523962020874023
6189,55,69,0.10295674204826355
6190,74,63,0.13790751993656158
6191,87,87,0.562736988067627
6192,50,98,0.1438562422990799
6193,5,22,0.057867590337991714
6194,51,79,0.08726150542497635
6195,63,54,0.16106945276260376
6196,2,45,0.14345601201057434
6197,57,36,0.15200430154800415
6198,99,45,0.1624211072921753
6199,53,53,0.9399266839027405
6200,85,90,0.11411581933498383
6201,74,74,0.10028843581676483
6202,72,73,0.3126518726348877
6203,75,44,0.061185888946056366
6204,94,42,0.06186032295227051
6205,95,30,0.37265944480895996
6206,40,73,0.22086341679096222
6207,33,91,0.12310371547937393
6208,49,49,0.30737391114234924
6209,64,75,0.22335590422153473
6210,8,88,0.16183756291866302
6211,37,72,0.08361978083848953
6212,0,24,0.22259849309921265
6213,86,87,0.31437718868255615
6214,9,14,0.308619886636734
6215,51,51,0.13578644394874573
6216,40,69,0.20140649378299713
6217,9,9,0.8396216630935669
6218,39,78,0.10730179399251938
6219,70,54,0.13779176771640778
6220,96,59,0.2967347800731659
6221,44,14,0.1347917765378952
6222,62,62,0.33035245537757874
6223,32,17,0.2114095687866211
6224,61,16,0.1322033703327179
6225,35,94,0.37555330991744995
6226,8,88,0.17293709516525269
6227,2,36,0.14463452994823456
6228,66,75,0.17505855858325958
6229,66,21,0.2621566653251648
6230,46,34,0.2055521309375763
6231,73,99,0.2501884400844574
6232,56,49,0.2816453278064728
6233,20,20,0.40831348299980164
6234,95,95,0.46026483178138733
6235,68,68,0.7708329558372498
6236,52,47,0.2583535611629486
6237,94,94,0.5571644902229309
6238,22,22,0.4150339961051941
6239,9,9,0.5264183878898621
6240,23,23,0.4657084047794342
6241,11,70,0.2679445743560791
6242,55,74,0.4095466136932373
6243,44,56,0.10661821067333221
6244,47,7,0.340079665184021
6245,20,20,0.7667219042778015
6246,17,76,0.20380689203739166
6247,11,98,0.22842615842819214
6248,73,73,0.3395301401615143
6249,96,96,0.5008956789970398
6250,60,60,0.5283405780792236
6251,28,28,0.8633458018302917
6252,10,10,0.34884610772132874
6253,0,0,0.5777709484100342
6254,10,10,0.17091777920722961
6255,31,33,0.08209773153066635
6256,44,36,0.09594691544771194
6257,29,29,0.3499164581298828
6258,24,24,0.34323614835739136
6259,23,71,0.3186558485031128
6260,52,17,0.32620441913604736
6261,60,60,0.32507163286209106
6262,81,89,0.1674758344888687
6263,57,0,0.17914795875549316
6264,52,52,0.6147308349609375
6265,87,83,0.1610974222421646
6266,27,81,0.1777825951576233
6267,22,22,0.25028228759765625
6268,83,70,0.2600569427013397
6269,22,86,0.18426117300987244
6270,40,92,0.08735435456037521
6271,56,56,0.2072162926197052
6272,1,53,0.14123210310935974
6273,45,92,0.2070397287607193
6274,29,56,0.23379988968372345
6275,60,60,0.6089382171630859
6276,65,38,0.08690910786390305
6277,7,44,0.16589830815792084
6278,88,88,0.12616467475891113
6279,48,48,0.32677996158599854
6280,8,11,0.07687616348266602
6281,29,20,0.08959674090147018
6282,18,6,0.3213576674461365
6283,71,71,0.45389217138290405
6284,80,44,0.28355786204338074
6285,55,30,0.11884694546461105
6286,80,38,0.12212485820055008
6287,73,67,0.3189586400985718
6288,27,27,0.20159035921096802
6289,5,5,0.3094254732131958
6290,69,15,0.1087811067700386
6291,46,45,0.169381782412529
6292,64,2,0.08343631774187088
6293,42,88,0.27604401111602783
6294,90,92,0.08256731182336807
6295,52,52,0.5793786644935608
6296,1,1,0.2784668505191803
6297,39,39,0.7362459301948547
6298,39,34,0.0965876504778862
6299,86,86,0.6820250749588013
6300,75,50,0.12837064266204834
6301,2,36,0.3391309678554535
6302,36,36,0.1407150775194168
6303,13,97,0.16072902083396912
6304,57,61,0.21105454862117767
6305,30,30,0.09166739881038666
6306,74,91,0.07704134285449982
6307,85,45,0.09618503600358963
6308,33,74,0.3942246735095978
6309,6,6,0.08442620933055878
6310,3,76,0.07845576107501984
6311,72,97,0.14603082835674286
6312,54,54,0.11003030836582184
6313,47,82,0.15306857228279114
6314,91,65,0.09770163148641586
6315,71,71,0.736613392829895
6316,7,56,0.09365543723106384
6317,98,54,0.2556331753730774
6318,69,95,0.30495205521583557
6319,56,96,0.21934139728546143
6320,14,14,0.37400156259536743
6321,50,36,0.45405206084251404
6322,37,15,0.20151403546333313
6323,40,87,0.17825298011302948
6324,97,43,0.15254712104797363
6325,72,4,0.14877451956272125
6326,88,92,0.13260547816753387
6327,10,2,0.11458174139261246
6328,75,63,0.09843187779188156
6329,83,98,0.1951848268508911
6330,74,64,0.146658793091774
6331,66,75,0.14900609850883484
6332,52,52,0.8797430992126465
6333,52,59,0.2816942036151886
6334,86,94,0.19216756522655487
6335,66,97,0.2978459298610687
6336,24,24,0.31971749663352966
6337,69,69,0.5031459927558899
6338,41,41,0.5727277994155884
6339,13,13,0.23697002232074738
6340,39,39,0.1642170250415802
6341,5,68,0.48188361525535583
6342,61,61,0.8318144083023071
6343,48,48,0.17646607756614685
6344,44,26,0.18000781536102295
6345,23,23,0.37354108691215515
6346,38,38,0.1086302325129509
6347,44,9,0.14954793453216553
6348,64,50,0.167214497923851
6349,30,95,0.5249422788619995
6350,2,2,0.12699781358242035
6351,54,98,0.36357203125953674
6352,12,60,0.4499049782752991
6353,21,99,0.09167446941137314
6354,56,76,0.386432409286499
6355,72,27,0.17358003556728363
6356,93,97,0.0784391239285469
6357,46,66,0.21633949875831604
6358,73,73,0.509154200553894
6359,47,31,0.30836305022239685
6360,89,48,0.539703905582428
6361,24,24,0.6020472645759583
6362,52,59,0.5365989208221436
6363,75,19,0.3084215819835663
6364,20,20,0.4503816068172455
6365,67,8,0.1618024706840515
6366,92,62,0.437198668718338
6367,96,47,0.16699965298175812
6368,5,81,0.25449106097221375
6369,63,63,0.21391765773296356
6370,39,39,0.19390401244163513
6371,67,61,0.23170405626296997
6372,45,42,0.08977678418159485
6373,67,93,0.20757177472114563
6374,2,36,0.45686957240104675
6375,79,79,0.14152227342128754
6376,76,76,0.6944472193717957
6377,27,85,0.26586636900901794
6378,81,81,0.44071924686431885
6379,89,90,0.15286864340305328
6380,83,62,0.16812993586063385
6381,60,23,0.31889405846595764
6382,48,48,0.4550146758556366
6383,2,1,0.6155246496200562
6384,2,10,0.18754704296588898
6385,30,73,0.36522093415260315
6386,2,98,0.2098594605922699
6387,21,21,0.06618790328502655
6388,82,82,0.8917317390441895
6389,90,55,0.15782229602336884
6390,94,94,0.24332119524478912
6391,74,34,0.12023593485355377
6392,71,71,0.262179970741272
6393,75,79,0.3047262132167816
6394,79,79,0.08383096009492874
6395,42,10,0.1529364138841629
6396,75,41,0.5466846227645874
6397,14,82,0.21122178435325623
6398,89,45,0.27557748556137085
6399,50,36,0.1408977061510086
6400,83,92,0.18600526452064514
6401,42,42,0.09315367788076401
6402,67,67,0.43695855140686035
6403,81,81,0.37644970417022705
6404,73,67,0.22004395723342896
6405,52,52,0.598576009273529
6406,17,17,0.5223983526229858
6407,76,59,0.13158684968948364
6408,5,5,0.2232421636581421
6409,42,54,0.07562998682260513
6410,68,69,0.12972180545330048
6411,13,58,0.24985791742801666
6412,37,19,0.20463377237319946
6413,94,94,0.7901270389556885
6414,92,62,0.27162405848503113
6415,0,0,0.360634446144104
6416,48,26,0.31993767619132996
6417,15,32,0.11500614136457443
6418,15,27,0.1091405376791954
6419,39,39,0.4645545780658722
6420,40,32,0.12683086097240448
6421,82,49,0.29839232563972473
6422,31,31,0.7201648950576782
6423,94,94,0.38005366921424866
6424,99,26,0.1935306191444397
6425,68,68,0.8030843734741211
6426,52,52,0.46386176347732544
6427,19,15,0.4338410794734955
6428,4,86,0.113346628844738
6429,54,14,0.15884198248386383
6430,89,17,0.18808238208293915
6431,40,98,0.10356932133436203
6432,27,8,0.1914215236902237
6433,97,66,0.13321229815483093
6434,14,7,0.21386100351810455
6435,93,93,0.15209349989891052
6436,66,36,0.10382639616727829
6437,74,72,0.0986456349492073
6438,26,29,0.30067047476768494
6439,36,36,0.13420221209526062
6440,9,16,0.12715239822864532
6441,66,51,0.06226619333028793
6442,44,7,0.1189635768532753
6443,59,42,0.20220693945884705
6444,33,33,0.3902967870235443
6445,79,43,0.08824779838323593
6446,63,77,0.16564637422561646
6447,97,11,0.11946301907300949
6448,43,53,0.24565176665782928
6449,48,48,0.7595083117485046
6450,78,15,0.1296902596950531
6451,25,91,0.2367609143257141
6452,32,83,0.22851556539535522
6453,18,7,0.1371413618326187
6454,40,69,0.5167112946510315
6455,44,88,0.2552875578403473
6456,80,19,0.08404189348220825
6457,16,10,0.30524688959121704
6458,45,32,0.1293146014213562
6459,45,39,0.12899427115917206
6460,12,27,0.11153871566057205
6461,99,23,0.35594528913497925
6462,18,6,0.2885936498641968
6463,6,54,0.27355173230171204
6464,41,29,0.17562046647071838
6465,46,32,0.16750553250312805
6466,69,95,0.1256619393825531
6467,18,80,0.09905313700437546
6468,44,74,0.1674310266971588
6469,34,42,0.19496050477027893
6470,32,32,0.5535366535186768
6471,30,30,0.5353443026542664
6472,9,69,0.9581857919692993
6473,72,7,0.16844527423381805
6474,85,31,0.20475530624389648
6475,15,15,0.42613357305526733
6476,92,62,0.7854496240615845
6477,5,5,0.3170570731163025
6478,71,60,0.3924219310283661
6479,52,52,0.3202464282512665
6480,56,59,0.5401983857154846
6481,88,88,0.4055330157279968
6482,22,22,0.8688864707946777
6483,64,79,0.12532415986061096
6484,31,15,0.38314762711524963
6485,63,21,0.2795981466770172
6486,14,77,0.14639052748680115
6487,56,69,0.22982394695281982
6488,99,99,0.21907493472099304
6489,72,95,0.3404376208782196
6490,22,22,0.8281446099281311
6491,20,40,0.3272082507610321
6492,67,27,0.10322663933038712
6493,57,45,0.18241849541664124
6494,93,21,0.16928298771381378
6495,29,29,0.7430210709571838
6496,72,55,0.15168394148349762
6497,91,91,0.8945355415344238
6498,64,64,0.2009073793888092
6499,36,51,0.11443357169628143
6500,22,22,0.4676404297351837
6501,49,49,0.1788083016872406
6502,26,2,0.15486447513103485
6503,84,10,0.24301056563854218
6504,47,56,0.27849099040031433
6505,34,70,0.2600644826889038
6506,85,85,0.6090327501296997
6507,9,9,0.35938191413879395
6508,22,28,0.07807967811822891
6509,29,29,0.32697436213493347
6510,39,13,0.3713427186012268
6511,32,3,0.34128352999687195
6512,94,94,0.9088466167449951
6513,93,4,0.09459763020277023
6514,25,33,0.11307606846094131
6515,18,4,0.17641210556030273
6516,53,53,0.7808634042739868
6517,12,85,0.24287772178649902
6518,27,65,0.17291702330112457
6519,10,15,0.13856782019138336
6520,99,62,0.3366510570049286
6521,88,88,0.16432055830955505
6522,16,97,0.09270380437374115
6523,91,67,0.13828684389591217
6524,78,6,0.21991127729415894
6525,7,24,0.1476161628961563
6526,72,67,0.10317457467317581
6527,12,8,0.2418307363986969
6528,97,29,0.07791653275489807
6529,37,32,0.4827195703983307
6530,86,23,0.7010260820388794
6531,87,87,0.23238475620746613
6532,57,48,0.2570100426673889
6533,36,40,0.15380391478538513
6534,35,14,0.22134168446063995
6535,44,24,0.2773156762123108
6536,57,82,0.16615086793899536
6537,27,5,0.2324514091014862
6538,31,63,0.09565239399671555
6539,3,31,0.13069362938404083
6540,26,66,0.1918695718050003
6541,7,24,0.4021569788455963
6542,96,18,0.11993956565856934
6543,39,97,0.07508639246225357
6544,43,14,0.15579652786254883
6545,34,29,0.2528485059738159
6546,89,55,0.2173132300376892
6547,48,58,0.18429289758205414
6548,56,56,0.7413320541381836
6549,18,80,0.06634702533483505
6550,45,45,0.20214423537254333
6551,92,53,0.6012173891067505
6552,97,74,0.14310595393180847
6553,8,8,0.339457631111145
6554,18,18,0.24762699007987976
6555,66,64,0.4462798535823822
6556,81,81,0.27783647179603577
6557,37,23,0.18647602200508118
6558,51,38,0.18558399379253387
6559,10,10,0.28963762521743774
6560,77,18,0.07324077934026718
6561,97,74,0.10247750580310822
6562,33,33,0.3645629584789276
6563,60,60,0.285494863986969
6564,43,98,0.2879765033721924
6565,10,33,0.19206508994102478
6566,50,4,0.32636189460754395
6567,31,31,0.6866174936294556
6568,84,5,0.1978229284286499
6569,49,60,0.27056705951690674
6570,78,40,0.5287474989891052
6571,24,24,0.3629680573940277
6572,68,68,0.6267507076263428
6573,98,72,0.09778104722499847
6574,58,58,0.3187350332736969
6575,51,51,0.29613324999809265
6576,93,84,0.2904221713542938
6577,36,38,0.0847291648387909
6578,74,79,0.1762501448392868
6579,78,64,0.08679245412349701
6580,55,32,0.15238772332668304
6581,50,46,0.11725956946611404
6582,25,36,0.14924177527427673
6583,65,40,0.16047139465808868
6584,86,86,0.4964635670185089
6585,35,36,0.18696461617946625
6586,33,49,0.6633806824684143
6587,92,82,0.18639454245567322
6588,37,96,0.14378203451633453
6589,71,23,0.46933281421661377
6590,61,61,0.6123403310775757
6591,5,20,0.28123384714126587
6592,79,18,0.09903961420059204
6593,71,1,0.343387246131897
6594,20,20,0.9220222234725952
6595,59,33,0.1884850710630417
6596,67,67,0.1517307460308075
6597,28,28,0.8292427659034729
6598,76,76,0.6148557066917419
6599,31,15,0.13701845705509186
6600,50,39,0.157028466463089
6601,62,92,0.19966767728328705
6602,9,40,0.1732073724269867
6603,4,21,0.22522713243961334
6604,54,54,0.10497502237558365
6605,38,38,0.2489558458328247
6606,11,50,0.06855654716491699
6607,59,52,0.5501514077186584
6608,84,37,0.16985982656478882
6609,63,4,0.09011021256446838
6610,66,32,0.09719499945640564
6611,35,2,0.36448022723197937
6612,52,52,0.6452353000640869
6613,73,73,0.4631967544555664
6614,87,87,0.938788890838623
6615,62,6,0.20217494666576385
6616,15,29,0.18883651494979858
6617,11,98,0.20483356714248657
6618,59,56,0.46538352966308594
6619,20,20,0.9209708571434021
6620,47,52,0.31660622358322144
6621,96,60,0.8529514670372009
6622,26,55,0.08788521587848663
6623,36,25,0.10218898206949234
6624,35,46,0.16333822906017303
6625,77,65,0.2463727593421936
6626,38,27,0.2465476095676422
6627,24,24,0.38174760341644287
6628,2,36,0.17014312744140625
6629,17,15,0.2062249630689621
6630,36,22,0.20877176523208618
6631,80,14,0.07239355146884918
6632,74,67,0.1469855159521103
6633,41,41,0.6505081057548523
6634,32,83,0.1678055375814438
6635,23,71,0.2707480192184448
6636,76,72,0.21804772317409515
6637,44,55,0.16675345599651337
6638,91,36,0.23572765290737152
6639,21,73,0.09766508638858795
6640,81,90,0.11977338790893555
6641,53,53,0.22900919616222382
6642,55,21,0.24339096248149872
6643,47,96,0.40960922837257385
6644,79,77,0.08556578308343887
6645,19,90,0.08931367844343185
6646,31,3,0.12535090744495392
6647,82,82,0.8701685070991516
6648,64,98,0.08238424360752106
6649,3,30,0.11542713642120361
6650,49,49,0.4198465645313263
6651,35,36,0.160508394241333
6652,97,97,0.2601771056652069
6653,58,58,0.22764304280281067
6654,43,43,0.239247128367424
6655,20,20,0.7032638192176819
6656,86,61,0.17039883136749268
6657,22,22,0.22503381967544556
6658,32,71,0.10282623022794724
6659,18,18,0.21074195206165314
6660,53,53,0.6345897316932678
6661,60,60,0.790502667427063
6662,36,6,0.1218225434422493
6663,83,62,0.34881243109703064
6664,18,96,0.08984426409006119
6665,32,32,0.772382915019989
6666,66,66,0.1896434873342514
6667,99,26,0.1830972582101822
6668,51,14,0.29161572456359863
6669,35,46,0.3786058723926544
6670,69,69,0.9208101630210876
6671,28,23,0.1270645707845688
6672,11,46,0.36788609623908997
6673,22,22,0.44014206528663635
6674,49,37,0.1743171364068985
6675,21,21,0.3730732798576355
6676,93,86,0.09276308864355087
6677,1,54,0.7883751392364502
6678,55,54,0.14005984365940094
6679,51,16,0.17889514565467834
6680,55,73,0.18000555038452148
6681,51,78,0.14224906265735626
6682,67,50,0.056523509323596954
6683,92,92,0.10565068572759628
6684,76,69,0.3717893958091736
6685,52,31,0.18085312843322754
6686,31,43,0.348835825920105
6687,82,82,0.2397465705871582
6688,75,75,0.45337170362472534
6689,61,61,0.9910474419593811
6690,55,55,0.14250151813030243
6691,90,90,0.1821107119321823
6692,78,78,0.47689691185951233
6693,34,64,0.1119539812207222
6694,87,76,0.3538026809692383
6695,39,29,0.1332600861787796
6696,85,85,0.7739254236221313
6697,70,92,0.2613260746002197
6698,2,2,0.22201131284236908
6699,14,32,0.1267048865556717
6700,45,26,0.12343984097242355
6701,1,1,0.4483887255191803
6702,95,3,0.20546412467956543
6703,90,66,0.0803663581609726
6704,64,64,0.10171026736497879
6705,55,31,0.15725451707839966
6706,12,25,0.19987721741199493
6707,91,73,0.2319425344467163
6708,47,47,0.1530645787715912
6709,2,39,0.1039615273475647
6710,99,36,0.09280639886856079
6711,79,26,0.15963032841682434
6712,13,11,0.2675457000732422
6713,8,78,0.15815918147563934
6714,84,68,0.21291206777095795
6715,27,63,0.11540641635656357
6716,11,46,0.2241993248462677
6717,71,60,0.4527604877948761
6718,21,21,0.40077653527259827
6719,28,40,0.1756693720817566
6720,8,62,0.19140838086605072
6721,55,15,0.06582966446876526
6722,67,86,0.21437570452690125
6723,75,75,0.6608067154884338
6724,40,40,0.6712477207183838
6725,17,37,0.4391949772834778
6726,4,63,0.0646137148141861
6727,95,30,0.32374387979507446
6728,63,74,0.15369434654712677
6729,51,51,0.815292477607727
6730,48,48,0.4404212236404419
6731,65,79,0.14221777021884918
6732,6,6,0.3195905089378357
6733,39,78,0.08046992868185043
6734,39,25,0.25498825311660767
6735,42,34,0.16112571954727173
6736,49,66,0.10874941200017929
6737,14,14,0.706382155418396
6738,83,14,0.3234800398349762
6739,23,69,0.40218785405158997
6740,78,83,0.44665491580963135
6741,47,47,0.739089846611023
6742,81,81,0.299481600522995
6743,41,58,0.3230649530887604
6744,76,76,0.7891877293586731
6745,99,88,0.251519113779068
6746,97,64,0.13388246297836304
6747,24,69,0.19354848563671112
6748,24,69,0.25549545884132385
6749,76,40,0.16242554783821106
6750,57,57,0.6352850198745728
6751,80,97,0.16531126201152802
6752,16,78,0.09707831591367722
6753,44,40,0.09059787541627884
6754,54,54,0.38773539662361145
6755,92,92,0.6523877382278442
6756,30,73,0.2888799011707306
6757,4,74,0.25756070017814636
6758,2,36,0.3267093002796173
6759,1,99,0.20318783819675446
6760,39,39,0.3072774410247803
6761,98,26,0.0925680473446846
6762,90,17,0.3940029442310333
6763,74,74,0.10734931379556656
6764,81,78,0.1762988418340683
6765,74,74,0.31466054916381836
6766,64,50,0.17329101264476776
6767,42,78,0.06710848212242126
6768,59,52,0.27449357509613037
6769,69,69,0.46245503425598145
6770,67,51,0.20800325274467468
6771,66,21,0.29682624340057373
6772,10,2,0.1191689744591713
6773,52,52,0.9394834041595459
6774,22,22,0.1235591396689415
6775,11,88,0.08443132042884827
6776,69,27,0.11305541545152664
6777,39,39,0.16418729722499847
6778,15,36,0.07924205809831619
6779,77,55,0.0839199423789978
6780,36,34,0.47521674633026123
6781,23,23,0.5602015256881714
6782,41,41,0.999186098575592
6783,94,94,0.5880727767944336
6784,45,29,0.4693014323711395
6785,17,37,0.7272543907165527
6786,14,1,0.85343337059021
6787,62,70,0.22633947432041168
6788,9,9,0.09768707305192947
6789,4,43,0.24012283980846405
6790,37,81,0.307851105928421
6791,13,37,0.16518168151378632
6792,77,35,0.08341582119464874
6793,69,69,0.6928929090499878
6794,72,77,0.0889909416437149
6795,22,61,0.6024451851844788
6796,75,75,0.8694563508033752
6797,45,24,0.5854541063308716
6798,3,23,0.39329993724823
6799,8,8,0.5432218313217163
6800,24,11,0.09640830755233765
6801,28,61,0.2616504430770874
6802,4,74,0.14025992155075073
6803,57,31,0.057963959872722626
6804,10,10,0.23511144518852234
6805,2,2,0.08358260989189148
6806,0,0,0.6668421626091003
6807,89,45,0.2717124819755554
6808,7,74,0.1580861508846283
6809,94,94,0.9220855832099915
6810,68,67,0.25701233744621277
6811,66,66,0.3571859300136566
6812,17,68,0.3076098561286926
6813,5,2,0.09604595601558685
6814,90,13,0.26753342151641846
6815,77,51,0.13623300194740295
6816,34,97,0.09839823096990585
6817,77,91,0.0666818767786026
6818,26,26,0.2220769077539444
6819,35,36,0.10102381557226181
6820,52,52,0.7984840273857117
6821,70,62,0.3313254117965698
6822,29,55,0.08684960007667542
6823,94,94,0.3425656259059906
6824,37,97,0.36408552527427673
6825,83,96,0.23776212334632874
6826,40,40,0.2785693407058716
6827,0,0,0.7481127977371216
6828,92,45,0.3222123682498932
6829,96,52,0.424010306596756
6830,4,81,0.11172719299793243
6831,78,61,0.5785948634147644
6832,80,11,0.13147054612636566
6833,6,9,0.2005879282951355
6834,85,97,0.08845175802707672
6835,59,59,0.40393275022506714
6836,96,96,0.7614613175392151
6837,8,48,0.11877405643463135
6838,70,93,0.24185410141944885
6839,62,62,0.4449833929538727
6840,25,25,0.23354336619377136
6841,22,7,0.19671645760536194
6842,1,57,0.11256952583789825
6843,82,6,0.15312527120113373
6844,93,2,0.166060671210289
6845,82,82,0.6418963670730591
6846,96,48,0.07227811962366104
6847,70,92,0.4267212450504303
6848,8,8,0.3537363111972809
6849,19,7,0.13997918367385864
6850,67,73,0.3400649130344391
6851,4,77,0.20254801213741302
6852,86,87,0.18466076254844666
6853,19,74,0.29066669940948486
6854,17,27,0.14350488781929016
6855,32,26,0.12864843010902405
6856,38,74,0.19011352956295013
6857,57,57,0.1929602026939392
6858,84,85,0.21490931510925293
6859,10,0,0.4772864282131195
6860,40,9,0.4209801256656647
6861,12,81,0.28752243518829346
6862,33,33,0.35521045327186584
6863,94,5,0.321426123380661
6864,68,71,0.39514684677124023
6865,8,8,0.38042640686035156
6866,89,17,0.48589012026786804
6867,69,69,0.8004628419876099
6868,95,26,0.19782410562038422
6869,43,43,0.14577150344848633
6870,60,60,0.7550786137580872
6871,11,16,0.2721695601940155
6872,0,70,0.15001437067985535
6873,12,49,0.2446543127298355
6874,90,90,0.4445512294769287
6875,2,46,0.13906005024909973
6876,54,54,0.5812511444091797
6877,45,54,0.27373772859573364
6878,65,61,0.565082311630249
6879,50,38,0.11446809023618698
6880,3,19,0.47846946120262146
6881,68,68,0.7827131748199463
6882,17,17,0.49392810463905334
6883,35,35,0.23030130565166473
6884,81,81,0.4998892843723297
6885,32,19,0.05721599981188774
6886,9,9,0.9407942295074463
6887,99,99,0.2678646743297577
6888,77,7,0.20333538949489594
6889,84,45,0.11382324993610382
6890,22,61,0.590616762638092
6891,30,10,0.14234058558940887
6892,23,39,0.07537829875946045
6893,36,61,0.2385881543159485
6894,73,10,0.14674966037273407
6895,80,50,0.1704927533864975
6896,92,70,0.23860995471477509
6897,92,36,0.10983581840991974
6898,31,52,0.3153114318847656
6899,9,69,0.3881020247936249
6900,86,86,0.20044958591461182
6901,91,91,0.6538417935371399
6902,26,92,0.2667202651500702
6903,85,17,0.2677251696586609
6904,30,30,0.31822845339775085
6905,12,87,0.11491640657186508
6906,54,54,0.8358349204063416
6907,39,13,0.24049580097198486
6908,76,68,0.3452122211456299
6909,45,53,0.11213577538728714
6910,67,73,0.2953091263771057
6911,51,51,0.3705207109451294
6912,57,36,0.18509556353092194
6913,19,89,0.1161571815609932
6914,48,48,0.3243039846420288
6915,81,48,0.09659374505281448
6916,55,30,0.18693538010120392
6917,38,38,0.08301367610692978
6918,27,30,0.13096021115779877
6919,54,20,0.14445938169956207
6920,81,13,0.2787723243236542
6921,84,25,0.2223239541053772
6922,0,0,0.3472946882247925
6923,64,97,0.15912942588329315
6924,42,63,0.10393577069044113
6925,77,18,0.18947450816631317
6926,52,52,0.6990422606468201
6927,92,54,0.13518644869327545
6928,82,6,0.36925724148750305
6929,12,12,0.2616797089576721
6930,89,89,0.5419994592666626
6931,53,53,0.8482294678688049
6932,21,72,0.2935483753681183
6933,18,18,0.2930334806442261
6934,92,38,0.052501410245895386
6935,36,15,0.08910001069307327
6936,44,53,0.2315381020307541
6937,35,50,0.07549332082271576
6938,31,31,0.22846455872058868
6939,62,62,0.7855567932128906
6940,41,89,0.2744596302509308
6941,65,18,0.2198917269706726
6942,28,28,0.46385088562965393
6943,20,20,0.9795961380004883
6944,92,62,0.292380154132843
6945,33,96,0.15615978837013245
6946,21,21,0.2834722399711609
6947,86,14,0.2565683424472809
6948,72,21,0.1920246183872223
6949,18,18,0.08185113966464996
6950,56,56,0.5915672779083252
6951,88,39,0.06344114989042282
6952,76,73,0.2709963917732239
6953,71,71,0.4104779064655304
6954,48,89,0.4082582890987396
6955,12,12,0.2551417648792267
6956,45,45,0.34186840057373047
6957,60,60,0.6807696223258972
6958,99,74,0.19272387027740479
6959,84,28,0.571223258972168
6960,24,40,0.11678894609212875
6961,37,49,0.18792575597763062
6962,86,16,0.39161065220832825
6963,76,76,0.41760051250457764
6964,84,11,0.08536116778850555
6965,51,92,0.17866629362106323
6966,60,60,0.9479595422744751
6967,97,66,0.2928209602832794
6968,29,55,0.10895650088787079
6969,65,77,0.2136528491973877
6970,88,3,0.08922788500785828
6971,7,42,0.36228054761886597
6972,83,14,0.6373166441917419
6973,59,56,0.2980124056339264
6974,96,27,0.24871417880058289
6975,53,53,0.774405837059021
6976,32,32,0.9138336181640625
6977,79,79,0.23559913039207458
6978,87,87,0.27766385674476624
6979,33,63,0.16433434188365936
6980,46,11,0.12434681504964828
6981,22,33,0.13862596452236176
6982,38,12,0.13028673827648163
6983,47,52,0.775492250919342
6984,24,35,0.10399072617292404
6985,3,21,0.2345535010099411
6986,54,54,0.3792001008987427
6987,85,85,0.3946143388748169
6988,65,61,0.21420203149318695
6989,75,75,0.42688092589378357
6990,4,33,0.10643552988767624
6991,80,40,0.1389666497707367
6992,76,60,0.11058949679136276
6993,92,14,0.24376089870929718
6994,84,55,0.140928253531456
6995,61,24,0.13353246450424194
6996,31,34,0.13723213970661163
6997,66,38,0.26436078548431396
6998,39,2,0.14239194989204407
6999,29,18,0.0919107049703598
7000,35,35,0.28324607014656067
7001,91,61,0.21550728380680084
7002,64,79,0.05981786921620369
7003,7,7,0.5272276997566223
7004,80,42,0.17864222824573517
7005,96,96,0.1896115094423294
7006,89,89,0.07286190241575241
7007,83,53,0.4070146977901459
7008,32,93,0.18987737596035004
7009,1,73,0.20578649640083313
7010,85,90,0.08403041958808899
7011,75,3,0.23996824026107788
7012,9,9,0.6491383910179138
7013,25,21,0.18278948962688446
7014,87,5,0.15373556315898895
7015,59,96,0.1867288053035736
7016,38,38,0.09919951856136322
7017,82,82,0.3345300555229187
7018,27,78,0.11176516860723495
7019,6,6,0.5220334529876709
7020,26,42,0.13882124423980713
7021,34,36,0.33767780661582947
7022,14,14,0.23474691808223724
7023,14,6,0.34563905000686646
7024,46,54,0.14869067072868347
7025,70,45,0.17532435059547424
7026,17,37,0.3618355393409729
7027,84,8,0.2747381627559662
7028,97,97,0.2431419938802719
7029,49,30,0.06974508613348007
7030,69,69,0.09196850657463074
7031,59,96,0.49979719519615173
7032,50,32,0.12004739046096802
7033,86,86,0.17660364508628845
7034,61,79,0.21485209465026855
7035,40,53,0.1380849927663803
7036,66,97,0.16779308021068573
7037,50,26,0.1354418843984604
7038,29,29,0.5746497511863708
7039,49,23,0.25776544213294983
7040,26,46,0.15825991332530975
7041,53,53,0.7755205631256104
7042,73,73,0.3707889914512634
7043,85,85,0.29317528009414673
7044,46,46,0.3888540267944336
7045,81,71,0.18005917966365814
7046,25,25,0.2483287900686264
7047,68,1,0.5946665406227112
7048,71,30,0.23448437452316284
7049,14,1,0.4367925226688385
7050,87,94,0.4180912673473358
7051,37,37,0.28009533882141113
7052,86,86,0.27964118123054504
7053,72,29,0.1588556319475174
7054,28,28,0.6323059797286987
7055,93,10,0.13588544726371765
7056,62,62,0.31588292121887207
7057,72,90,0.33903828263282776
7058,41,48,0.16578038036823273
7059,98,11,0.2141972780227661
7060,51,50,0.17281551659107208
7061,46,46,0.3229115605354309
7062,36,10,0.1267087310552597
7063,20,20,0.856299102306366
7064,57,5,0.16269555687904358
7065,1,6,0.16035419702529907
7066,96,33,0.4724133014678955
7067,16,61,0.18846312165260315
7068,38,14,0.2888161838054657
7069,59,47,0.3901616334915161
7070,85,81,0.14384828507900238
7071,95,40,0.1264210045337677
7072,23,23,0.24850213527679443
7073,14,65,0.13668657839298248
7074,53,57,0.2765916883945465
7075,50,55,0.09871863573789597
7076,2,26,0.28198811411857605
7077,9,9,0.2710374593734741
7078,42,42,0.2943594455718994
7079,21,21,0.6395084857940674
7080,12,90,0.2436414361000061
7081,73,23,0.10689860582351685
7082,29,29,0.2379741221666336
7083,81,16,0.16158202290534973
7084,63,77,0.07832764089107513
7085,64,63,0.29673951864242554
7086,89,89,0.4841737747192383
7087,97,54,0.15224894881248474
7088,63,4,0.21891167759895325
7089,84,8,0.10602298378944397
7090,84,16,0.26494574546813965
7091,6,79,0.20806185901165009
7092,3,2,0.09666091948747635
7093,9,22,0.13397620618343353
7094,44,87,0.11044400185346603
7095,7,24,0.6529950499534607
7096,39,84,0.42329317331314087
7097,1,1,0.26981550455093384
7098,68,60,0.4927093982696533
7099,83,1,0.8720956444740295
7100,71,60,0.5874542593955994
7101,69,95,0.16983738541603088
7102,84,25,0.14403459429740906
7103,23,23,0.4603443443775177
7104,51,77,0.24934719502925873
7105,40,40,0.835852324962616
7106,63,3,0.15789197385311127
7107,17,17,0.5556201338768005
7108,31,31,0.6688639521598816
7109,48,48,0.9899132251739502
7110,48,40,0.16310451924800873
7111,2,5,0.12939071655273438
7112,50,27,0.15464746952056885
7113,66,97,0.11089304089546204
7114,98,6,0.1380327343940735
7115,44,44,0.21351851522922516
7116,12,12,0.805838406085968
7117,14,14,0.498617023229599
7118,56,30,0.19812992215156555
7119,58,58,0.6731997132301331
7120,70,70,0.5037583708763123
7121,85,85,0.44858142733573914
7122,70,70,0.21718882024288177
7123,94,94,0.8100693225860596
7124,41,58,0.23374967277050018
7125,97,64,0.24525603652000427
7126,5,10,0.21047598123550415
7127,80,74,0.3509475588798523
7128,15,15,0.3367253839969635
7129,62,62,0.29658621549606323
7130,2,35,0.1823319047689438
7131,58,87,0.31573987007141113
7132,56,85,0.34133365750312805
7133,13,12,0.12342562526464462
7134,72,3,0.09801047295331955
7135,97,74,0.14756116271018982
7136,25,84,0.1656106859445572
7137,87,84,0.1550493836402893
7138,19,8,0.15165378153324127
7139,92,62,0.35013505816459656
7140,24,72,0.17652945220470428
7141,34,38,0.10258597880601883
7142,93,55,0.14409425854682922
7143,45,88,0.28248509764671326
7144,78,56,0.12674622237682343
7145,68,68,0.22459889948368073
7146,89,74,0.1676243394613266
7147,31,31,0.48857375979423523
7148,73,95,0.35274839401245117
7149,85,85,0.45886939764022827
7150,50,36,0.08682077378034592
7151,95,95,0.24561022222042084
7152,80,50,0.09171277284622192
7153,96,96,0.30657610297203064
7154,76,76,0.38134512305259705
7155,32,17,0.26422592997550964
7156,77,51,0.08149143308401108
7157,19,19,0.7806079983711243
7158,59,47,0.2350616604089737
7159,84,46,0.319083571434021
7160,48,48,0.7396391034126282
7161,10,44,0.10938900709152222
7162,32,80,0.1083456501364708
7163,98,35,0.298578679561615
7164,33,33,0.149559885263443
7165,69,69,0.31979867815971375
7166,14,78,0.1776491403579712
7167,69,69,0.8595607280731201
7168,36,43,0.2600359618663788
7169,72,75,0.3394765257835388
7170,65,92,0.28117653727531433
7171,94,22,0.1435641497373581
7172,86,87,0.4180730879306793
7173,64,27,0.09087253361940384
7174,16,28,0.19741646945476532
7175,90,19,0.08616624772548676
7176,56,31,0.14453934133052826
7177,4,74,0.18595361709594727
7178,96,71,0.14290696382522583
7179,83,89,0.1470128744840622
7180,71,60,0.4928637444972992
7181,51,88,0.17112420499324799
7182,41,97,0.2789302468299866
7183,65,2,0.09573764353990555
7184,61,61,0.5286669731140137
7185,63,27,0.09829585254192352
7186,96,33,0.4431443512439728
7187,62,58,0.31745967268943787
7188,85,85,0.6338503956794739
7189,74,74,0.1264699250459671
7190,57,71,0.10553448647260666
7191,23,39,0.24857644736766815
7192,20,10,0.14681008458137512
7193,38,63,0.1314740777015686
7194,15,19,0.4707230031490326
7195,25,33,0.1872805804014206
7196,72,34,0.08997128903865814
7197,62,62,0.3512037396430969
7198,37,37,0.23833487927913666
7199,62,53,0.48137879371643066
7200,15,4,0.1321544647216797
7201,47,96,0.5264779925346375
7202,75,66,0.09119577705860138
7203,26,83,0.15925420820713043
7204,28,28,0.25467556715011597
7205,27,68,0.33712059259414673
7206,37,56,0.09179405868053436
7207,58,45,0.26325172185897827
7208,46,99,0.2197565883398056
7209,48,48,0.8900266289710999
7210,52,52,0.5555912852287292
7211,79,37,0.11607194691896439
7212,71,49,0.2826550602912903
7213,7,7,0.39770376682281494
7214,60,60,0.5189520120620728
7215,60,60,0.31539982557296753
7216,38,36,0.12368633598089218
7217,49,12,0.26369616389274597
7218,62,92,0.25894230604171753
7219,0,0,0.3964812457561493
7220,19,31,0.1146051362156868
7221,46,35,0.2302107959985733
7222,90,95,0.2575365900993347
7223,5,88,0.08893461525440216
7224,22,61,0.4146119952201843
7225,34,44,0.11190565675497055
7226,75,44,0.13855715095996857
7227,41,48,0.19425435364246368
7228,65,36,0.15151578187942505
7229,51,51,0.09228137135505676
7230,65,75,0.19586960971355438
7231,46,46,0.7882080078125
7232,1,43,0.189139723777771
7233,14,7,0.2408151477575302
7234,17,17,0.5882605314254761
7235,65,43,0.16203103959560394
7236,98,36,0.10124378651380539
7237,45,48,0.29197579622268677
7238,14,82,0.3413938283920288
7239,90,21,0.1889243870973587
7240,35,38,0.10210082679986954
7241,30,30,0.17561869323253632
7242,8,8,0.99085932970047
7243,21,3,0.25030139088630676
7244,28,28,0.4583742320537567
7245,18,31,0.13346846401691437
7246,65,33,0.1348973661661148
7247,32,17,0.5688685178756714
7248,34,77,0.09867551922798157
7249,48,8,0.3632543683052063
7250,75,75,0.6392294764518738
7251,29,26,0.2740674316883087
7252,92,62,0.5298827886581421
7253,76,76,0.4015187621116638
7254,30,30,0.317387193441391
7255,93,74,0.2686185836791992
7256,4,32,0.4841703176498413
7257,37,78,0.1387089639902115
7258,82,92,0.12126725167036057
7259,9,81,0.1957373470067978
7260,11,46,0.3562997579574585
7261,54,54,0.449472039937973
7262,8,8,0.8760108351707458
7263,43,43,0.44090279936790466
7264,67,27,0.11612620949745178
7265,30,73,0.17629283666610718
7266,8,8,0.35931867361068726
7267,40,40,0.08290152996778488
7268,53,0,0.7379308938980103
7269,1,71,0.10330868512392044
7270,93,36,0.13466227054595947
7271,26,93,0.1241350993514061
7272,93,30,0.1986660659313202
7273,6,78,0.21037814021110535
7274,87,97,0.06846091151237488
7275,22,39,0.2249414622783661
7276,91,34,0.09343115985393524
7277,24,24,0.20425204932689667
7278,75,75,0.9553245306015015
7279,34,97,0.1370362639427185
7280,86,28,0.1756800413131714
7281,8,8,0.6652033925056458
7282,8,8,0.40284448862075806
7283,42,42,0.1549268364906311
7284,51,19,0.14977246522903442
7285,94,40,0.16695737838745117
7286,81,16,0.17363673448562622
7287,18,18,0.18510808050632477
7288,85,85,0.850878119468689
7289,48,48,0.7047790288925171
7290,35,64,0.16651953756809235
7291,20,26,0.2468743622303009
7292,50,1,0.08749077469110489
7293,19,31,0.23842714726924896
7294,55,74,0.16065281629562378
7295,26,45,0.5946964025497437
7296,64,55,0.15250246226787567
7297,78,58,0.16882392764091492
7298,15,19,0.3968394696712494
7299,72,38,0.17969326674938202
7300,93,49,0.208135187625885
7301,65,31,0.1305675059556961
7302,95,55,0.14520162343978882
7303,87,94,0.3123355209827423
7304,72,72,0.2586851418018341
7305,35,15,0.07605728507041931
7306,27,38,0.07943177968263626
7307,36,2,0.10502613335847855
7308,97,44,0.12585574388504028
7309,73,73,0.3437058627605438
7310,35,2,0.15545080602169037
7311,12,12,0.3312933146953583
7312,24,29,0.28380367159843445
7313,70,62,0.4107551574707031
7314,4,3,0.09963679313659668
7315,26,6,0.060403067618608475
7316,71,71,0.34281256794929504
7317,34,6,0.19043874740600586
7318,67,73,0.6579098701477051
7319,20,87,0.16071107983589172
7320,85,58,0.40491265058517456
7321,74,74,0.3455685079097748
7322,99,67,0.1707494556903839
7323,92,92,0.23272770643234253
7324,99,14,0.5043135285377502
7325,21,21,0.4721542000770569
7326,50,61,0.1167885810136795
7327,36,36,0.17162273824214935
7328,82,82,0.6534873843193054
7329,95,73,0.5622970461845398
7330,71,12,0.16509854793548584
7331,61,61,0.39167165756225586
7332,23,23,0.3774174451828003
7333,15,29,0.31062349677085876
7334,77,19,0.16036339104175568
7335,40,69,0.563957154750824
7336,74,55,0.13553333282470703
7337,25,68,0.25743037462234497
7338,19,19,0.6763042211532593
7339,67,73,0.46445441246032715
7340,6,24,0.6759523153305054
7341,61,40,0.1349664330482483
7342,68,33,0.19781263172626495
7343,46,10,0.2008480429649353
7344,5,5,0.4882054626941681
7345,10,10,0.5438656806945801
7346,11,11,0.17197299003601074
7347,41,41,0.189479261636734
7348,55,73,0.18818983435630798
7349,96,60,0.6077888607978821
7350,57,57,0.5020952820777893
7351,30,64,0.08675248920917511
7352,96,74,0.16617949306964874
7353,88,78,0.11641649156808853
7354,92,92,0.20091643929481506
7355,72,21,0.13171115517616272
7356,51,47,0.49262386560440063
7357,19,15,0.17005179822444916
7358,40,28,0.4250735938549042
7359,2,54,0.11682964861392975
7360,76,42,0.25917595624923706
7361,54,62,0.22583936154842377
7362,22,92,0.1583097130060196
7363,68,68,0.9031936526298523
7364,70,46,0.10357777029275894
7365,0,83,0.3170035481452942
7366,5,26,0.27617910504341125
7367,42,37,0.1337946653366089
7368,11,34,0.12441325932741165
7369,61,62,0.4642963707447052
7370,88,21,0.22345983982086182
7371,67,67,0.5259161591529846
7372,77,79,0.14642773568630219
7373,34,34,0.12505272030830383
7374,29,11,0.1144794374704361
7375,97,97,0.30186358094215393
7376,13,13,0.5206876397132874
7377,29,54,0.15439720451831818
7378,8,8,0.33839845657348633
7379,15,45,0.15119031071662903
7380,70,39,0.24145899713039398
7381,29,24,0.21577408909797668
7382,19,87,0.39863166213035583
7383,40,87,0.09869574010372162
7384,47,52,0.5654341578483582
7385,8,29,0.191183403134346
7386,50,63,0.14187045395374298
7387,26,26,0.34178367257118225
7388,89,37,0.1412827968597412
7389,58,75,0.14298877120018005
7390,86,40,0.21463735401630402
7391,85,89,0.2643769383430481
7392,61,10,0.13103999197483063
7393,96,96,0.26030582189559937
7394,75,75,0.32697710394859314
7395,80,80,0.12513378262519836
7396,95,23,0.4715673625469208
7397,17,27,0.10742512345314026
7398,93,72,0.1652553677558899
7399,80,72,0.19914162158966064
7400,3,28,0.602452278137207
7401,53,53,0.4235733151435852
7402,23,23,0.6319173574447632
7403,55,84,0.10206812620162964
7404,27,79,0.45880207419395447
7405,40,9,0.22217047214508057
7406,9,0,0.18774837255477905
7407,42,88,0.11971286684274673
7408,50,42,0.10240921378135681
7409,92,92,0.3331811726093292
7410,87,95,0.19586005806922913
7411,43,38,0.10751526802778244
7412,42,6,0.12400690466165543
7413,79,24,0.16199861466884613
7414,52,52,0.524797797203064
7415,9,83,0.134089857339859
7416,32,75,0.25571194291114807
7417,42,74,0.1593119204044342
7418,57,61,0.32900771498680115
7419,56,49,0.3207278549671173
7420,99,99,0.1583486795425415
7421,57,83,0.2883792817592621
7422,81,81,0.21634498238563538
7423,9,9,0.8884367346763611
7424,70,0,0.23392300307750702
7425,51,88,0.23246805369853973
7426,50,98,0.1734371781349182
7427,42,79,0.16864171624183655
7428,10,61,0.619845986366272
7429,70,37,0.1553536206483841
7430,40,12,0.169366717338562
7431,40,28,0.718210756778717
7432,63,63,0.18897397816181183
7433,50,74,0.27470460534095764
7434,19,3,0.08339185267686844
7435,62,54,0.6033384203910828
7436,28,28,0.11282899230718613
7437,94,94,0.8730211853981018
7438,52,52,0.7551470398902893
7439,86,86,0.20687413215637207
7440,98,11,0.28418174386024475
7441,13,13,0.5169769525527954
7442,70,92,0.5209392309188843
7443,9,94,0.16722188889980316
7444,19,86,0.2183181643486023
7445,15,4,0.11348547041416168
7446,68,49,0.3988937437534332
7447,66,91,0.2232435792684555
7448,24,24,0.14824192225933075
7449,63,63,0.26723727583885193
7450,56,47,0.4805417060852051
7451,60,68,0.5429906845092773
7452,12,23,0.3709641098976135
7453,53,53,0.20198211073875427
7454,36,76,0.0827624648809433
7455,98,54,0.09828944504261017
7456,20,9,0.16488537192344666
7457,92,62,0.46803829073905945
7458,24,24,0.13142551481723785
7459,16,16,0.7772496938705444
7460,26,32,0.46284887194633484
7461,12,49,0.2581413686275482
7462,33,60,0.3439781665802002
7463,45,6,0.22925597429275513
7464,71,76,0.3248576819896698
7465,61,22,0.34340527653694153
7466,30,73,0.36357516050338745
7467,45,6,0.2550222873687744
7468,75,75,0.46440136432647705
7469,94,94,0.2721061110496521
7470,29,29,0.8237665295600891
7471,48,78,0.10319522768259048
7472,97,8,0.20096401870250702
7473,95,40,0.1486956775188446
7474,12,12,0.8549126386642456
7475,80,51,0.07578828185796738
7476,63,63,0.8133482336997986
7477,85,85,0.31459200382232666
7478,33,73,0.2156192660331726
7479,23,23,0.42934650182724
7480,32,1,0.4112064838409424
7481,46,81,0.40026652812957764
7482,70,61,0.7448017001152039
7483,51,42,0.18968375027179718
7484,8,85,0.19236478209495544
7485,29,21,0.09461014717817307
7486,56,47,0.8276934623718262
7487,11,11,0.2339790165424347
7488,60,60,0.6535898447036743
7489,48,81,0.2979476749897003
7490,21,21,0.20712794363498688
7491,21,3,0.24260319769382477
7492,60,60,0.2993781566619873
7493,56,56,0.6446563601493835
7494,63,63,0.1357412487268448
7495,42,73,0.17208923399448395
7496,33,96,0.5754259824752808
7497,79,30,0.1943008452653885
7498,17,17,0.47576966881752014
7499,20,20,0.08350475877523422
7500,16,32,0.08645172417163849
7501,7,79,0.2133406102657318
7502,91,91,0.1286986768245697
7503,34,34,0.10777299851179123
7504,14,14,0.5414422154426575
7505,92,92,0.38726896047592163
7506,6,6,0.15001197159290314
7507,89,38,0.18723732233047485
7508,13,81,0.34358641505241394
7509,85,37,0.2702031433582306
7510,96,96,0.6390535235404968
7511,27,32,0.215329110622406
7512,81,81,0.14142204821109772
7513,63,63,0.3313998281955719
7514,59,59,0.31364473700523376
7515,10,26,0.25836679339408875
7516,78,22,0.09148214012384415
7517,18,5,0.1942189782857895
7518,53,53,0.6776672005653381
7519,17,5,0.20356568694114685
7520,27,5,0.100787453353405
7521,43,43,0.2710534632205963
7522,61,10,0.2866228520870209
7523,54,39,0.19932696223258972
7524,25,87,0.11755378544330597
7525,79,78,0.16326718032360077
7526,68,49,0.5495645999908447
7527,31,31,0.28831762075424194
7528,69,86,0.2398405373096466
7529,64,26,0.08696147799491882
7530,83,22,0.21788014471530914
7531,41,41,0.2158283144235611
7532,23,71,0.26684239506721497
7533,35,46,0.12505945563316345
7534,96,59,0.36798474192619324
7535,20,48,0.47969260811805725
7536,87,87,0.19129161536693573
7537,90,49,0.25746533274650574
7538,52,52,0.4521758556365967
7539,26,61,0.11231277883052826
7540,83,53,0.9723207950592041
7541,67,3,0.16412025690078735
7542,20,20,0.9502219557762146
7543,20,1,0.26439017057418823
7544,7,7,0.22092927992343903
7545,83,14,0.7033556699752808
7546,27,55,0.14095018804073334
7547,45,70,0.17855487763881683
7548,68,68,0.7936566472053528
7549,93,28,0.26959866285324097
7550,86,28,0.11295872926712036
7551,12,37,0.37642133235931396
7552,60,60,0.548028290271759
7553,73,74,0.09887043386697769
7554,99,69,0.1519252210855484
7555,1,1,0.25081372261047363
7556,92,92,0.2088771015405655
7557,80,99,0.0990358218550682
7558,26,45,0.09121812134981155
7559,58,74,0.4386141896247864
7560,88,88,0.1859283596277237
7561,97,36,0.05672331154346466
7562,88,89,0.16098782420158386
7563,19,48,0.12409089505672455
7564,34,72,0.11822137981653214
7565,23,71,0.5749214291572571
7566,19,60,0.4232097566127777
7567,13,13,0.08550568670034409
7568,44,25,0.12258830666542053
7569,48,48,0.8330713510513306
7570,58,78,0.1057102233171463
7571,16,24,0.22421793639659882
7572,63,67,0.15456229448318481
7573,80,19,0.10378434509038925
7574,55,23,0.21137404441833496
7575,4,31,0.24654529988765717
7576,32,37,0.07942380756139755
7577,46,17,0.6559123992919922
7578,98,98,0.2626146078109741
7579,32,32,0.23882168531417847
7580,45,45,0.23437020182609558
7581,87,46,0.11553138494491577
7582,97,38,0.32382580637931824
7583,12,64,0.1019243523478508
7584,8,45,0.10221894085407257
7585,45,8,0.149863600730896
7586,92,70,0.23890964686870575
7587,31,43,0.14948603510856628
7588,62,83,0.15241053700447083
7589,61,10,0.5553408861160278
7590,89,89,0.28622356057167053
7591,62,62,0.5021082162857056
7592,78,22,0.3814776837825775
7593,83,82,0.17936067283153534
7594,45,26,0.13009245693683624
7595,85,63,0.32777994871139526
7596,28,28,0.35415512323379517
7597,37,37,0.4360392093658447
7598,54,54,0.5112118124961853
7599,30,39,0.1399598866701126
7600,95,95,0.5547842979431152
7601,7,7,0.2374298870563507
7602,59,59,0.46638262271881104
7603,24,24,0.5465441942214966
7604,94,94,0.8237740397453308
7605,7,7,0.35021770000457764
7606,94,94,0.39457064867019653
7607,94,94,0.8734136819839478
7608,11,36,0.2775701582431793
7609,42,4,0.12421219795942307
7610,65,96,0.37981027364730835
7611,47,52,0.726995050907135
7612,40,86,0.33236223459243774
7613,38,66,0.1737280637025833
7614,4,43,0.17639367282390594
7615,80,77,0.2033543586730957
7616,82,82,0.8838564157485962
7617,46,2,0.08873932808637619
7618,75,75,0.9804943799972534
7619,51,78,0.05924563854932785
7620,74,50,0.14993901550769806
7621,34,80,0.15369051694869995
7622,5,36,0.19338548183441162
7623,85,25,0.2166154682636261
7624,30,30,0.4068809449672699
7625,74,10,0.22654138505458832
7626,22,61,0.21204890310764313
7627,95,39,0.26083341240882874
7628,81,89,0.40681079030036926
7629,92,70,0.3600377142429352
7630,91,64,0.0864763930439949
7631,52,52,0.6082713603973389
7632,51,88,0.18874453008174896
7633,44,24,0.1001831516623497
7634,62,0,0.2506331205368042
7635,65,44,0.18099068105220795
7636,76,79,0.20024655759334564
7637,84,37,0.5239213705062866
7638,0,70,0.5049618482589722
7639,43,79,0.09603669494390488
7640,48,48,0.3576914668083191
7641,67,63,0.16399633884429932
7642,62,11,0.11011800169944763
7643,89,19,0.13115143775939941
7644,83,92,0.31230106949806213
7645,18,33,0.1358417272567749
7646,31,66,0.08371613174676895
7647,19,31,0.24823780357837677
7648,8,48,0.15879715979099274
7649,68,68,0.6994203329086304
7650,97,76,0.3361040949821472
7651,3,3,0.22495225071907043
7652,83,48,0.3658178448677063
7653,70,88,0.05568282678723335
7654,39,16,0.24576084315776825
7655,0,0,0.8657485246658325
7656,86,10,0.20183317363262177
7657,77,51,0.3485814929008484
7658,58,13,0.668393075466156
7659,19,37,0.103237584233284
7660,89,89,0.29249855875968933
7661,90,39,0.06479842215776443
7662,81,66,0.1411842703819275
7663,61,61,0.8741068840026855
7664,41,18,0.15310704708099365
7665,80,38,0.12369897216558456
7666,52,52,0.7630479335784912
7667,66,97,0.2501441240310669
7668,68,68,0.3421425521373749
7669,80,74,0.1044333279132843
7670,43,50,0.1467914879322052
7671,11,46,0.10999631881713867
7672,25,84,0.14090514183044434
7673,27,74,0.12288513034582138
7674,35,24,0.06846164911985397
7675,50,50,0.11990170180797577
7676,88,88,0.169029101729393
7677,14,74,0.18828529119491577
7678,75,75,0.1810724288225174
7679,53,53,0.8885377645492554
7680,3,72,0.10254012793302536
7681,5,25,0.2788180112838745
7682,35,98,0.28571295738220215
7683,82,82,0.12795130908489227
7684,7,7,0.24578924477100372
7685,90,64,0.18989253044128418
7686,61,61,0.32958298921585083
7687,7,7,0.15770141780376434
7688,91,27,0.3385223150253296
7689,1,62,0.3238707482814789
7690,5,5,0.1981004923582077
7691,17,66,0.3033290207386017
7692,72,31,0.2066999077796936
7693,41,13,0.1905525028705597
7694,94,94,0.670246958732605
7695,33,33,0.19311079382896423
7696,67,67,0.27958542108535767
7697,33,14,0.08575239032506943
7698,39,39,0.1629822999238968
7699,23,23,0.49768346548080444
7700,6,38,0.06298892945051193
7701,31,59,0.21428434550762177
7702,63,74,0.07598322629928589
7703,71,60,0.4403763711452484
7704,67,63,0.17808617651462555
7705,93,29,0.31004342436790466
7706,84,48,0.16853067278862
7707,46,35,0.1747857928276062
7708,74,74,0.1284743696451187
7709,33,49,0.4739035665988922
7710,77,37,0.1043112576007843
7711,65,50,0.07852286845445633
7712,50,36,0.0795469805598259
7713,98,72,0.11905858665704727
7714,51,1,0.13456669449806213
7715,72,91,0.11148455739021301
7716,36,36,0.6285534501075745
7717,3,30,0.27999624609947205
7718,41,41,0.847354531288147
7719,47,47,0.694432258605957
7720,54,70,0.3662734925746918
7721,87,13,0.24648907780647278
7722,37,13,0.1644924432039261
7723,75,21,0.41253507137298584
7724,74,97,0.13059595227241516
7725,71,49,0.3890310823917389
7726,14,77,0.15688249468803406
7727,57,14,0.19819064438343048
7728,9,83,0.09190560132265091
7729,44,5,0.12008870393037796
7730,57,53,0.3882337808609009
7731,83,83,0.5757542252540588
7732,45,68,0.1380455195903778
7733,61,96,0.37377843260765076
7734,52,52,0.3214303255081177
7735,63,38,0.14267589151859283
7736,89,87,0.18990924954414368
7737,10,22,0.6679794788360596
7738,85,85,0.5731502771377563
7739,39,39,0.19640561938285828
7740,7,18,0.2171625941991806
7741,25,96,0.22129711508750916
7742,98,45,0.49036532640457153
7743,74,82,0.10294679552316666
7744,70,70,0.5110543966293335
7745,70,70,0.20564530789852142
7746,49,23,0.42690348625183105
7747,70,62,0.4688724875450134
7748,87,87,0.7719412446022034
7749,90,17,0.20934650301933289
7750,15,97,0.15451042354106903
7751,65,67,0.1344137042760849
7752,97,66,0.11576754599809647
7753,36,43,0.09351298958063126
7754,83,83,0.3873458802700043
7755,82,82,0.4983955919742584
7756,51,33,0.14517638087272644
7757,32,97,0.30517062544822693
7758,7,24,0.10152526944875717
7759,74,74,0.19133113324642181
7760,80,8,0.3621862828731537
7761,2,2,0.5959927439689636
7762,28,9,0.3899576663970947
7763,78,46,0.07323908805847168
7764,40,34,0.05349013954401016
7765,36,32,0.11757414788007736
7766,91,37,0.11989682167768478
7767,91,81,0.19274480640888214
7768,99,48,0.2802019715309143
7769,73,73,0.5165525078773499
7770,24,69,0.4709736108779907
7771,83,0,0.7791313529014587
7772,42,33,0.14475058019161224
7773,92,92,0.13165898621082306
7774,90,37,0.13239678740501404
7775,50,74,0.12688641250133514
7776,82,82,0.8287341594696045
7777,24,24,0.6670393943786621
7778,65,34,0.0960843563079834
7779,16,13,0.2007099688053131
7780,40,50,0.07181135565042496
7781,39,65,0.12375818192958832
7782,7,7,0.5038844347000122
7783,31,27,0.13458503782749176
7784,10,94,0.08617834746837616
7785,51,36,0.2846758961677551
7786,96,96,0.2149057537317276
7787,51,34,0.20366548001766205
7788,29,29,0.20798178017139435
7789,66,78,0.1155092865228653
7790,83,53,0.5965794920921326
7791,30,30,0.38032835721969604
7792,84,84,0.08471407741308212
7793,29,5,0.12324018031358719
7794,5,5,0.11783068627119064
7795,10,10,0.20989049971103668
7796,53,0,0.5597655773162842
7797,74,74,0.18456993997097015
7798,72,32,0.0886196419596672
7799,34,17,0.28195634484291077
7800,15,15,0.44889459013938904
7801,44,8,0.17330965399742126
7802,25,10,0.12253906577825546
7803,66,26,0.12742586433887482
7804,10,71,0.29677361249923706
7805,55,36,0.13451649248600006
7806,48,48,0.9680721759796143
7807,95,30,0.3184167444705963
7808,63,3,0.13376380503177643
7809,64,22,0.10426896065473557
7810,77,44,0.0713874027132988
7811,3,4,0.16920608282089233
7812,13,13,0.2201114445924759
7813,18,82,0.28217852115631104
7814,92,92,0.3200821876525879
7815,55,31,0.1859438717365265
7816,13,81,0.21881690621376038
7817,30,72,0.1060309037566185
7818,29,29,0.7462131381034851
7819,91,45,0.08950083702802658
7820,91,91,0.6720720529556274
7821,61,61,0.902220606803894
7822,75,75,0.179861381649971
7823,58,37,0.3606169521808624
7824,60,71,0.5469813942909241
7825,70,62,0.31961268186569214
7826,46,46,0.250415176153183
7827,52,52,0.8803253769874573
7828,94,40,0.18708105385303497
7829,89,13,0.24249760806560516
7830,90,27,0.06191472336649895
7831,56,59,0.1242879182100296
7832,57,79,0.21437792479991913
7833,43,45,0.12793388962745667
7834,60,82,0.24629755318164825
7835,45,81,0.10253079980611801
7836,30,30,0.38940665125846863
7837,59,85,0.2109142243862152
7838,78,45,0.18944236636161804
7839,6,29,0.13070324063301086
7840,80,42,0.06749218702316284
7841,80,38,0.09211816638708115
7842,54,46,0.16673290729522705
7843,83,53,0.4309428334236145
7844,60,60,0.538155734539032
7845,76,29,0.38617900013923645
7846,92,36,0.1909382939338684
7847,18,47,0.12761692702770233
7848,14,14,0.14726200699806213
7849,26,86,0.17234210669994354
7850,9,9,0.7830080986022949
7851,81,12,0.18069806694984436
7852,85,25,0.23450371623039246
7853,32,15,0.10784517228603363
7854,63,63,0.39626801013946533
7855,43,53,0.08061551302671432
7856,56,23,0.32893046736717224
7857,87,87,0.6539413332939148
7858,78,30,0.10764297842979431
7859,45,34,0.16209757328033447
7860,99,73,0.411251038312912
7861,70,0,0.37685802578926086
7862,8,5,0.16846437752246857
7863,12,12,0.4977865219116211
7864,65,79,0.19601574540138245
7865,80,51,0.09408293664455414
7866,58,66,0.07031506299972534
7867,17,17,0.47037002444267273
7868,39,39,0.3233121633529663
7869,53,53,0.7441797256469727
7870,66,39,0.08551977574825287
7871,48,48,0.43096184730529785
7872,25,25,0.20909880101680756
7873,88,36,0.1034352034330368
7874,32,13,0.2883456349372864
7875,97,66,0.31609398126602173
7876,87,64,0.057345256209373474
7877,37,37,0.15742886066436768
7878,40,9,0.17506971955299377
7879,91,85,0.4246656000614166
7880,16,86,0.1323847621679306
7881,27,25,0.10512397438287735
7882,33,33,0.21764153242111206
7883,86,86,0.6244558095932007
7884,89,89,0.28428399562835693
7885,5,36,0.08497555553913116
7886,76,69,0.7018858790397644
7887,83,83,0.2079843282699585
7888,74,63,0.25235238671302795
7889,85,85,0.2681697905063629
7890,24,24,0.5956248044967651
7891,93,75,0.3262760639190674
7892,32,22,0.13477253913879395
7893,76,76,0.3337933123111725
7894,45,8,0.12191872298717499
7895,5,94,0.251271516084671
7896,52,52,0.670749306678772
7897,46,2,0.1459360420703888
7898,72,74,0.18991242349147797
7899,40,40,0.8772963881492615
7900,58,58,0.29172173142433167
7901,84,20,0.20717406272888184
7902,6,6,0.3981066048145294
7903,91,87,0.16548606753349304
7904,38,38,0.11413649469614029
7905,35,46,0.4255031943321228
7906,66,7,0.2103269398212433
7907,25,18,0.2272188514471054
7908,79,24,0.15577897429466248
7909,57,53,0.6327170133590698
7910,23,67,0.20885436236858368
7911,14,14,0.343925416469574
7912,15,21,0.14070260524749756
7913,86,86,0.7712278366088867
7914,75,75,0.3950006663799286
7915,45,39,0.18456558883190155
7916,6,18,0.11084996908903122
7917,22,83,0.2432631105184555
7918,33,33,0.3244876563549042
7919,76,76,0.49397334456443787
7920,52,59,0.5993513464927673
7921,41,90,0.2682412266731262
7922,90,49,0.37082722783088684
7923,22,94,0.14679913222789764
7924,34,45,0.21089865267276764
7925,45,66,0.1257968246936798
7926,66,74,0.08054014295339584
7927,7,78,0.06508561223745346
7928,95,30,0.39627164602279663
7929,11,98,0.14668016135692596
7930,1,1,0.4214188754558563
7931,23,23,0.445609986782074
7932,3,50,0.11598538607358932
7933,22,10,0.24720796942710876
7934,5,5,0.2815413475036621
7935,80,80,0.0814988762140274
7936,93,50,0.13708849251270294
7937,27,44,0.17512571811676025
7938,86,28,0.12230701744556427
7939,69,95,0.14341938495635986
7940,92,82,0.28310486674308777
7941,53,53,0.6834889650344849
7942,54,51,0.10096677392721176
7943,63,63,0.12243977934122086
7944,18,14,0.4004979729652405
7945,84,84,0.34513676166534424
7946,66,64,0.2665756344795227
7947,8,8,0.07728719711303711
7948,59,96,0.25797930359840393
7949,8,8,0.3668596148490906
7950,42,42,0.11849458515644073
7951,62,62,0.4951847493648529
7952,29,31,0.15606960654258728
7953,30,30,0.2271135002374649
7954,73,73,0.5179592370986938
7955,2,2,0.4255155324935913
7956,96,15,0.1536952555179596
7957,39,31,0.22822828590869904
7958,4,4,0.09775866568088531
7959,22,31,0.08645407110452652
7960,45,26,0.08975853025913239
7961,83,83,0.18630222976207733
7962,58,14,0.14594632387161255
7963,73,73,0.3801431357860565
7964,18,56,0.46847179532051086
7965,84,16,0.30087488889694214
7966,4,4,0.2755098342895508
7967,5,60,0.11497219651937485
7968,2,98,0.2665022015571594
7969,18,14,0.35115519165992737
7970,23,23,0.26037925481796265
7971,29,29,0.6403337121009827
7972,85,85,0.31599536538124084
7973,34,38,0.06218091398477554
7974,42,1,0.13546182215213776
7975,16,48,0.1638956069946289
7976,86,16,0.21158546209335327
7977,65,99,0.19832061231136322
7978,95,95,0.36413097381591797
7979,45,46,0.0922730341553688
7980,97,22,0.8506920337677002
7981,0,0,0.14271394908428192
7982,20,64,0.05291246250271797
7983,46,32,0.11734464019536972
7984,44,93,0.1032111644744873
7985,86,86,0.6172892451286316
7986,92,54,0.7705860137939453
7987,29,79,0.3000243008136749
7988,85,85,0.30812767148017883
7989,82,82,0.42225104570388794
7990,91,42,0.0707920491695404
7991,82,82,0.6770396828651428
7992,17,17,0.6200822591781616
7993,38,43,0.1982363611459732
7994,58,68,0.10607457160949707
7995,12,12,0.18378746509552002
7996,26,1,0.27442505955696106
7997,54,29,0.4222427010536194
7998,28,28,0.844108521938324
7999,58,84,0.10820139199495316
8000,79,6,0.1578429490327835
8001,1,1,0.6605826020240784
8002,4,46,0.1899583637714386
8003,95,55,0.10904678702354431
8004,10,92,0.19060027599334717
8005,3,84,0.17286993563175201
8006,33,25,0.2659655511379242
8007,23,46,0.08617512136697769
8008,91,11,0.17787379026412964
8009,73,32,0.24531634151935577
8010,1,1,0.28894224762916565
8011,1,54,0.4386613070964813
8012,35,46,0.49833258986473083
8013,10,57,0.26502642035484314
8014,19,37,0.20662134885787964
8015,88,81,0.14497657120227814
8016,11,11,0.24054327607154846
8017,29,31,0.24586006999015808
8018,56,86,0.16781307756900787
8019,0,1,0.2000991702079773
8020,54,54,0.28374695777893066
8021,61,10,0.5479786396026611
8022,20,48,0.5205361843109131
8023,13,37,0.13234291970729828
8024,17,12,0.19558152556419373
8025,53,82,0.32931753993034363
8026,89,89,0.7513808608055115
8027,18,18,0.2540220320224762
8028,81,81,0.3963666260242462
8029,6,6,0.7806279063224792
8030,96,96,0.2974505126476288
8031,41,48,0.20164965093135834
8032,26,79,0.12971363961696625
8033,26,79,0.2158193737268448
8034,25,52,0.17304500937461853
8035,60,60,0.5710022449493408
8036,22,58,0.08404621481895447
8037,73,3,0.17623817920684814
8038,4,38,0.183620423078537
8039,47,19,0.09875274449586868
8040,24,24,0.16368886828422546
8041,18,44,0.16146358847618103
8042,78,26,0.283912718296051
8043,17,17,0.38726404309272766
8044,7,79,0.2033820003271103
8045,0,0,0.9118460416793823
8046,87,87,0.48271429538726807
8047,26,78,0.11532507836818695
8048,95,73,0.3393343985080719
8049,14,88,0.5115340352058411
8050,56,59,0.31638094782829285
8051,18,66,0.08126901835203171
8052,12,12,0.2947002351284027
8053,54,70,0.42907339334487915
8054,21,31,0.3819756507873535
8055,79,79,0.2532060146331787
8056,8,8,0.9718629717826843
8057,43,65,0.11464382708072662
8058,39,65,0.09790059924125671
8059,24,36,0.057533904910087585
8060,40,21,0.38138633966445923
8061,53,53,0.47976523637771606
8062,35,35,0.22246582806110382
8063,21,64,0.25588420033454895
8064,31,50,0.08355670422315598
8065,8,66,0.09211080521345139
8066,57,72,0.1019718274474144
8067,33,33,0.4174008369445801
8068,82,82,0.2457759976387024
8069,35,46,0.20245559513568878
8070,6,24,0.08499783277511597
8071,5,31,0.2330392301082611
8072,40,2,0.17717494070529938
8073,65,64,0.15541574358940125
8074,22,26,0.16011685132980347
8075,16,16,0.1329556554555893
8076,64,66,0.14848291873931885
8077,57,94,0.4923684298992157
8078,98,11,0.09263460338115692
8079,64,38,0.12881755828857422
8080,88,26,0.3357428312301636
8081,55,72,0.12943537533283234
8082,58,58,0.4286697208881378
8083,27,78,0.16553045809268951
8084,36,64,0.16520017385482788
8085,13,81,0.1808679848909378
8086,91,91,0.7538325190544128
8087,84,25,0.17122124135494232
8088,9,98,0.169808030128479
8089,5,12,0.28802594542503357
8090,9,61,0.2440822273492813
8091,65,40,0.15503264963626862
8092,85,27,0.15497413277626038
8093,70,70,0.28317978978157043
8094,59,96,0.5912047028541565
8095,93,85,0.6845930218696594
8096,2,61,0.46813198924064636
8097,59,52,0.47337427735328674
8098,79,73,0.29995638132095337
8099,70,70,0.633854866027832
8100,34,98,0.17283162474632263
8101,97,31,0.18188948929309845
8102,86,87,0.18476326763629913
8103,49,49,0.6480157971382141
8104,18,18,0.1030399352312088
8105,55,64,0.17472192645072937
8106,70,92,0.2806061804294586
8107,73,37,0.2923282980918884
8108,38,19,0.19347748160362244
8109,34,19,0.0870758593082428
8110,61,61,0.6216577887535095
8111,69,57,0.2951802611351013
8112,37,97,0.11211487650871277
8113,64,27,0.07733041048049927
8114,24,24,0.595359742641449
8115,3,51,0.27520525455474854
8116,78,50,0.20453305542469025
8117,74,87,0.25527164340019226
8118,33,33,0.12587077915668488
8119,35,57,0.11567913740873337
8120,1,1,0.36254703998565674
8121,84,84,0.28996342420578003
8122,22,10,0.22916951775550842
8123,86,61,0.20795626938343048
8124,4,55,0.14727620780467987
8125,91,32,0.13023269176483154
8126,13,58,0.23651078343391418
8127,90,72,0.19027718901634216
8128,68,68,0.7901312112808228
8129,60,71,0.6982236504554749
8130,84,45,0.11353351175785065
8131,0,0,0.46016165614128113
8132,34,34,0.3517736494541168
8133,18,70,0.277103066444397
8134,32,6,0.1440529227256775
8135,92,70,0.43346837162971497
8136,14,18,0.21179284155368805
8137,96,49,0.6757588982582092
8138,35,14,0.1954318881034851
8139,86,28,0.41588294506073
8140,3,3,0.15993119776248932
8141,89,89,0.3249521851539612
8142,79,45,0.33097270131111145
8143,15,50,0.13365742564201355
8144,66,27,0.06951353698968887
8145,35,46,0.13064135611057281
8146,50,4,0.19555142521858215
8147,12,37,0.3172936737537384
8148,41,41,0.6385287642478943
8149,31,63,0.3632963299751282
8150,34,6,0.07827045768499374
8151,93,10,0.13286757469177246
8152,84,75,0.2337227612733841
8153,26,99,0.0977279469370842
8154,74,8,0.07922676205635071
8155,78,77,0.12419689446687698
8156,50,35,0.12276583164930344
8157,57,65,0.10896177589893341
8158,54,40,0.21198305487632751
8159,2,11,0.191421240568161
8160,95,73,0.4456918239593506
8161,44,44,0.20604972541332245
8162,66,66,0.284416526556015
8163,60,60,0.909677267074585
8164,26,29,0.11756161600351334
8165,58,87,0.26509568095207214
8166,82,82,0.5421358942985535
8167,67,28,0.2197881042957306
8168,98,53,0.12570783495903015
8169,89,82,0.10939984023571014
8170,28,20,0.37145382165908813
8171,55,63,0.28702396154403687
8172,95,12,0.10993143171072006
8173,76,69,0.17797204852104187
8174,60,60,0.7366675734519958
8175,76,76,0.3131958544254303
8176,91,91,0.791395366191864
8177,37,63,0.25345379114151
8178,2,22,0.08045438677072525
8179,3,63,0.44461753964424133
8180,62,62,0.4170716106891632
8181,43,43,0.1159372478723526
8182,91,74,0.281540185213089
8183,48,48,0.9939976930618286
8184,63,27,0.21197721362113953
8185,34,74,0.1700272560119629
8186,56,33,0.35243719816207886
8187,34,43,0.42045941948890686
8188,53,6,0.14790087938308716
8189,3,65,0.09232611209154129
8190,28,28,0.7090779542922974
8191,8,8,0.1290419101715088
8192,40,46,0.1912544071674347
8193,44,44,0.11453995108604431
8194,33,96,0.27563679218292236
8195,61,61,0.6337444186210632
8196,60,60,0.8228211998939514
8197,73,49,0.31808745861053467
8198,61,0,0.14660188555717468
8199,26,45,0.1566082239151001
8200,59,31,0.2043493092060089
8201,4,66,0.11233862489461899
8202,49,39,0.18671272695064545
8203,92,1,0.17190687358379364
8204,92,92,0.37279561161994934
8205,6,1,0.07907742261886597
8206,72,86,0.2941523790359497
8207,86,87,0.26614809036254883
8208,18,18,0.27383866906166077
8209,20,20,0.3390195369720459
8210,55,4,0.17823553085327148
8211,0,16,0.29543277621269226
8212,85,85,0.4094821512699127
8213,75,97,0.09506839513778687
8214,18,97,0.11227382719516754
8215,23,23,0.2727227509021759
8216,74,51,0.08352909237146378
8217,95,95,0.09405665844678879
8218,81,10,0.13677112758159637
8219,58,7,0.19123372435569763
8220,73,73,0.6122135519981384
8221,60,60,0.4591827094554901
8222,21,21,0.10883843153715134
8223,14,92,0.2121933400630951
8224,19,32,0.1866201013326645
8225,87,46,0.21457155048847198
8226,47,96,0.123647041618824
8227,79,79,0.49271702766418457
8228,90,1,0.19322660565376282
8229,75,75,0.21297332644462585
8230,73,27,0.10760273784399033
8231,15,17,0.4313383102416992
8232,41,92,0.19959276914596558
8233,39,75,0.1391909271478653
8234,99,22,0.35945454239845276
8235,11,21,0.2070886492729187
8236,94,46,0.09418199211359024
8237,45,45,0.2625255584716797
8238,91,40,0.1729159951210022
8239,36,36,0.6859397888183594
8240,77,18,0.12170739471912384
8241,3,3,0.2392987161874771
8242,75,97,0.17028939723968506
8243,92,92,0.4016193151473999
8244,94,36,0.08929572999477386
8245,61,61,0.36126285791397095
8246,50,59,0.29000288248062134
8247,38,97,0.1917065680027008
8248,12,12,0.1579902172088623
8249,1,1,0.6943705677986145
8250,0,0,0.25895899534225464
8251,30,30,0.6129575967788696
8252,84,40,0.18587608635425568
8253,98,35,0.17105528712272644
8254,29,24,0.4414013624191284
8255,7,7,0.17214159667491913
8256,18,9,0.11564119905233383
8257,48,48,0.23082879185676575
8258,89,87,0.11664178967475891
8259,91,91,0.8860776424407959
8260,84,36,0.12337670475244522
8261,63,50,0.23087632656097412
8262,62,83,0.20311987400054932
8263,31,31,0.4088875353336334
8264,40,3,0.21626757085323334
8265,55,56,0.768284022808075
8266,30,30,0.5027739405632019
8267,61,61,0.37572386860847473
8268,86,86,0.5466210842132568
8269,47,96,0.1978859305381775
8270,33,96,0.258171021938324
8271,11,1,0.14868168532848358
8272,25,24,0.12351415306329727
8273,14,42,0.0625423789024353
8274,28,40,0.3881048262119293
8275,75,66,0.09714160114526749
8276,11,12,0.39502567052841187
8277,81,81,0.42874962091445923
8278,61,22,0.17743948101997375
8279,73,73,0.22681601345539093
8280,79,79,0.1949755698442459
8281,5,20,0.08564344048500061
8282,88,1,0.21535590291023254
8283,56,60,0.2568243741989136
8284,81,81,0.398038774728775
8285,31,82,0.2316167950630188
8286,84,20,0.7684075236320496
8287,69,69,0.28251227736473083
8288,30,30,0.37335899472236633
8289,6,6,0.35011616349220276
8290,68,49,0.2550789713859558
8291,70,70,0.37579819560050964
8292,12,87,0.1675710827112198
8293,74,31,0.20019447803497314
8294,7,74,0.16263169050216675
8295,21,63,0.25134405493736267
8296,55,99,0.11969868093729019
8297,71,60,0.35553884506225586
8298,5,40,0.1913013756275177
8299,14,14,0.24899142980575562
8300,48,48,0.9249408841133118
8301,18,83,0.20025648176670074
8302,0,0,0.847493052482605
8303,70,62,0.3435180187225342
8304,38,17,0.2507256269454956
8305,26,6,0.20375050604343414
8306,24,24,0.48020851612091064
8307,69,69,0.1481700837612152
8308,16,87,0.5206738114356995
8309,9,40,0.29731032252311707
8310,42,99,0.06614097207784653
8311,41,41,0.9849351644515991
8312,39,23,0.1428648978471756
8313,27,75,0.30041980743408203
8314,0,0,0.5785492658615112
8315,70,6,0.12797220051288605
8316,85,85,0.5431257486343384
8317,9,94,0.6496521234512329
8318,43,43,0.1307624876499176
8319,79,23,0.13799047470092773
8320,77,55,0.10880706459283829
8321,75,75,0.37495550513267517
8322,74,74,0.4070849120616913
8323,80,79,0.14169451594352722
8324,42,74,0.11910117417573929
8325,67,10,0.33189988136291504
8326,8,37,0.17275384068489075
8327,0,0,0.4372296631336212
8328,36,63,0.12986446917057037
8329,89,48,0.25262972712516785
8330,43,43,0.3498969078063965
8331,46,98,0.16524896025657654
8332,69,69,0.723249077796936
8333,56,31,0.14657963812351227
8334,42,39,0.2910679578781128
8335,10,10,0.23593264818191528
8336,71,23,0.44724148511886597
8337,98,98,0.5309763550758362
8338,55,27,0.1378663331270218
8339,40,69,0.133815735578537
8340,16,28,0.10626088827848434
8341,0,54,0.07490484416484833
8342,21,21,0.24631552398204803
8343,2,46,0.27950266003608704
8344,1,1,0.4449830651283264
8345,64,3,0.15413077175617218
8346,52,52,0.3530693054199219
8347,43,43,0.24965709447860718
8348,83,83,0.6993045210838318
8349,65,64,0.07581203430891037
8350,68,68,0.7048661708831787
8351,18,81,0.08309751749038696
8352,1,1,0.2869516909122467
8353,25,73,0.22633512318134308
8354,96,31,0.30372628569602966
8355,46,46,0.15043871104717255
8356,47,47,0.26458320021629333
8357,90,49,0.33235466480255127
8358,2,45,0.12542112171649933
8359,28,28,0.5596532821655273
8360,37,49,0.7037305235862732
8361,61,39,0.3218124508857727
8362,31,31,0.4622150957584381
8363,77,6,0.14603298902511597
8364,4,74,0.21442599594593048
8365,92,62,0.23995129764080048
8366,38,65,0.2572093605995178
8367,93,93,0.285041481256485
8368,28,40,0.15686753392219543
8369,39,25,0.2550763189792633
8370,18,6,0.1861831694841385
8371,41,41,0.7231830358505249
8372,44,27,0.1177067756652832
8373,49,49,0.6105894446372986
8374,1,92,0.1929047405719757
8375,11,32,0.12128043919801712
8376,19,42,0.12769000232219696
8377,91,74,0.14703333377838135
8378,82,82,0.42489996552467346
8379,4,4,0.1787967085838318
8380,60,60,0.727039635181427
8381,34,78,0.06758088618516922
8382,56,56,0.9175412654876709
8383,19,62,0.19727393984794617
8384,32,32,0.5331924557685852
8385,74,36,0.2492651492357254
8386,87,76,0.11180359125137329
8387,99,55,0.18695081770420074
8388,72,30,0.30115512013435364
8389,98,36,0.2758221924304962
8390,8,45,0.10218748450279236
8391,58,86,0.2758948504924774
8392,93,73,0.2806219756603241
8393,87,75,0.17184174060821533
8394,87,11,0.23817624151706696
8395,24,69,0.589513897895813
8396,35,21,0.13751249015331268
8397,43,70,0.20859183371067047
8398,52,52,0.44910725951194763
8399,6,6,0.8270233869552612
8400,4,30,0.3198041617870331
8401,33,96,0.18714755773544312
8402,8,8,0.8006999492645264
8403,63,74,0.15180879831314087
8404,26,58,0.22517040371894836
8405,34,34,0.4118119478225708
8406,39,39,0.2771831750869751
8407,97,33,0.12941080331802368
8408,47,59,0.1537455916404724
8409,75,75,0.5019761323928833
8410,33,87,0.21979647874832153
8411,87,87,0.5022003650665283
8412,49,60,0.712652325630188
8413,46,46,0.33482083678245544
8414,16,16,0.6796776056289673
8415,33,33,0.9483069777488708
8416,76,69,0.10007011890411377
8417,41,41,0.9685806632041931
8418,97,63,0.23771440982818604
8419,8,97,0.20034340023994446
8420,75,38,0.5024009943008423
8421,17,17,0.5682744979858398
8422,80,65,0.1643945276737213
8423,93,93,0.5118409395217896
8424,27,45,0.07024864107370377
8425,4,4,0.1643027365207672
8426,41,82,0.5307256579399109
8427,49,60,0.540500819683075
8428,30,73,0.4299639165401459
8429,31,72,0.12471349537372589
8430,21,21,0.27631521224975586
8431,77,92,0.15834957361221313
8432,90,81,0.28699585795402527
8433,54,54,0.5731507539749146
8434,87,87,0.5138707756996155
8435,86,86,0.4815121591091156
8436,37,31,0.11248625814914703
8437,47,52,0.24407728016376495
8438,66,38,0.18991592526435852
8439,2,2,0.12268229573965073
8440,73,73,0.3513176143169403
8441,55,72,0.302003413438797
8442,25,78,0.37661293148994446
8443,62,62,0.3681759834289551
8444,26,36,0.27579355239868164
8445,19,92,0.1674787998199463
8446,28,28,0.4090481698513031
8447,15,37,0.22417646646499634
8448,14,54,0.27904805541038513
8449,59,56,0.1370430290699005
8450,69,76,0.3308173418045044
8451,45,70,0.3205990791320801
8452,92,62,0.6049708127975464
8453,39,39,0.1435658484697342
8454,42,39,0.14967206120491028
8455,58,13,0.17714649438858032
8456,49,32,0.09483454376459122
8457,48,48,0.16221626102924347
8458,44,50,0.10591443628072739
8459,71,71,0.3665948808193207
8460,48,89,0.21496830880641937
8461,69,69,0.09913378953933716
8462,9,9,0.5186055898666382
8463,77,84,0.1199290081858635
8464,25,37,0.3764679729938507
8465,35,46,0.21532641351222992
8466,23,71,0.5167829990386963
8467,66,66,0.5740326046943665
8468,66,66,0.19100049138069153
8469,88,94,0.49326327443122864
8470,82,82,0.9257731437683105
8471,1,89,0.11704003810882568
8472,39,23,0.46008583903312683
8473,88,43,0.22075077891349792
8474,93,28,0.16701723635196686
8475,82,72,0.08550078421831131
8476,7,14,0.24126414954662323
8477,17,9,0.2598651051521301
8478,56,49,0.2551378011703491
8479,40,40,0.3803396224975586
8480,70,83,0.30721235275268555
8481,1,77,0.16991619765758514
8482,68,68,0.31136736273765564
8483,59,52,0.9382322430610657
8484,69,69,0.3020807206630707
8485,45,29,0.18125145137310028
8486,16,16,0.6841395497322083
8487,6,83,0.423593133687973
8488,85,85,0.263459175825119
8489,12,68,0.7465102672576904
8490,99,99,0.23627085983753204
8491,88,88,0.6450702548027039
8492,40,40,0.704578697681427
8493,68,60,0.1770552545785904
8494,36,36,0.5640184283256531
8495,23,69,0.40245115756988525
8496,17,49,0.2281670719385147
8497,13,26,0.12262675911188126
8498,20,10,0.2243906706571579
8499,46,98,0.28570103645324707
8500,75,78,0.09462549537420273
8501,61,22,0.2016867995262146
8502,70,62,0.3305681347846985
8503,58,13,0.18387262523174286
8504,42,34,0.11145580559968948
8505,51,51,0.27591732144355774
8506,75,66,0.15203021466732025
8507,73,40,0.13999561965465546
8508,70,70,0.267147421836853
8509,37,66,0.2002914994955063
8510,28,28,0.4835118055343628
8511,90,90,0.19701111316680908
8512,95,30,0.21787971258163452
8513,88,88,0.3475100100040436
8514,68,12,0.2197454869747162
8515,38,38,0.2927539050579071
8516,95,30,0.3665350079536438
8517,77,79,0.46866679191589355
8518,16,36,0.14909625053405762
8519,58,75,0.09853092581033707
8520,99,22,0.18761147558689117
8521,39,83,0.23705951869487762
8522,56,30,0.14095787703990936
8523,17,37,0.1568535566329956
8524,33,33,0.34404563903808594
8525,77,96,0.1915917545557022
8526,63,63,0.18399706482887268
8527,87,94,0.667634904384613
8528,75,36,0.5954427719116211
8529,4,63,0.2206999659538269
8530,16,95,0.11743473261594772
8531,94,94,0.5985939502716064
8532,55,1,0.09148668497800827
8533,76,76,0.7575641870498657
8534,60,49,0.42697006464004517
8535,97,35,0.20535831153392792
8536,1,1,0.36556556820869446
8537,0,0,0.45462319254875183
8538,75,75,0.4590741693973541
8539,31,31,0.3605540692806244
8540,55,73,0.14163753390312195
8541,71,71,0.48685675859451294
8542,75,75,0.36671337485313416
8543,52,59,0.296748548746109
8544,6,6,0.11584049463272095
8545,43,36,0.261828750371933
8546,14,74,0.23005932569503784
8547,84,34,0.10557935386896133
8548,14,6,0.28993380069732666
8549,51,34,0.08914046734571457
8550,1,70,0.2530670166015625
8551,88,31,0.2669873535633087
8552,53,53,0.8785200715065002
8553,66,66,0.2817947566509247
8554,5,5,0.3499749004840851
8555,56,56,0.5066737532615662
8556,32,61,0.24060553312301636
8557,52,59,0.2927171587944031
8558,40,79,0.2710082232952118
8559,24,24,0.12542442977428436
8560,86,87,0.5397740006446838
8561,54,25,0.1003766655921936
8562,54,1,0.29011270403862
8563,88,88,0.25144508481025696
8564,61,61,0.9754296541213989
8565,87,87,0.7295312285423279
8566,54,54,0.11605612188577652
8567,24,24,0.7099283337593079
8568,10,5,0.5284433364868164
8569,85,85,0.239034503698349
8570,17,49,0.24444137513637543
8571,90,12,0.4131110906600952
8572,22,22,0.6373082399368286
8573,86,86,0.6847242712974548
8574,77,77,0.12380927056074142
8575,79,79,0.31173643469810486
8576,94,33,0.28133708238601685
8577,45,26,0.1791871041059494
8578,0,0,0.8256950974464417
8579,39,39,0.38822460174560547
8580,89,81,0.552466869354248
8581,82,18,0.15648795664310455
8582,41,18,0.1325390636920929
8583,87,5,0.47449609637260437
8584,91,91,0.644925057888031
8585,73,90,0.06694116443395615
8586,4,4,0.09854228794574738
8587,62,53,0.6515613198280334
8588,72,56,0.10243377834558487
8589,98,61,0.18042410910129547
8590,10,64,0.21668173372745514
8591,11,35,0.12145815789699554
8592,28,28,0.8944811820983887
8593,38,34,0.16257967054843903
8594,74,44,0.05950454995036125
8595,70,70,0.43610790371894836
8596,13,40,0.13270524144172668
8597,7,29,0.6417000889778137
8598,15,19,0.22878043353557587
8599,24,55,0.25804567337036133
8600,76,49,0.33318495750427246
8601,98,46,0.15813077986240387
8602,67,72,0.12529242038726807
8603,79,30,0.09831996262073517
8604,15,38,0.3087863326072693
8605,47,47,0.47835782170295715
8606,47,47,0.7285119891166687
8607,93,32,0.18679477274417877
8608,73,93,0.1634141355752945
8609,13,81,0.12680670619010925
8610,26,39,0.24766162037849426
8611,70,54,0.2904146611690521
8612,95,30,0.5208093523979187
8613,60,60,0.8564246892929077
8614,70,83,0.3700845539569855
8615,11,2,0.24443598091602325
8616,82,82,0.10460790991783142
8617,66,37,0.2555027902126312
8618,34,9,0.11764810234308243
8619,6,14,0.17310775816440582
8620,65,64,0.24340590834617615
8621,62,62,0.34564995765686035
8622,74,35,0.10450867563486099
8623,46,59,0.13714177906513214
8624,36,43,0.12616372108459473
8625,88,31,0.3247443437576294
8626,96,59,0.5037108659744263
8627,48,48,0.15264572203159332
8628,79,65,0.2282855212688446
8629,50,50,0.13354848325252533
8630,19,29,0.14213581383228302
8631,83,83,0.1704598367214203
8632,66,63,0.1702972948551178
8633,68,68,0.49265196919441223
8634,97,63,0.15884274244308472
8635,64,22,0.21697525680065155
8636,16,16,0.7172579765319824
8637,61,88,0.07348673045635223
8638,16,39,0.3257382810115814
8639,84,95,0.17878428101539612
8640,18,96,0.15889416635036469
8641,29,40,0.2893812954425812
8642,63,63,0.09976107627153397
8643,57,62,0.2912920415401459
8644,9,9,0.22526277601718903
8645,38,38,0.13740304112434387
8646,43,27,0.1634257286787033
8647,74,74,0.10770846158266068
8648,15,12,0.18737195432186127
8649,1,1,0.6152151823043823
8650,67,74,0.11573537439107895
8651,91,67,0.1814175844192505
8652,1,1,0.7401697039604187
8653,84,29,0.08465895801782608
8654,69,18,0.11026294529438019
8655,13,85,0.3002846837043762
8656,10,94,0.3509598672389984
8657,33,33,0.5360293984413147
8658,80,55,0.11023437231779099
8659,68,68,0.22518768906593323
8660,30,30,0.730697751045227
8661,8,8,0.2674403190612793
8662,3,21,0.4166017174720764
8663,13,2,0.18002745509147644
8664,45,5,0.10119292885065079
8665,18,18,0.148198664188385
8666,20,55,0.09697946161031723
8667,35,2,0.19305627048015594
8668,28,28,0.7583668231964111
8669,93,27,0.13000014424324036
8670,5,12,0.4562471807003021
8671,53,53,0.5192611217498779
8672,34,88,0.1326003074645996
8673,27,42,0.2386016845703125
8674,93,67,0.3370072841644287
8675,18,18,0.2360081672668457
8676,44,46,0.25731706619262695
8677,93,1,0.21650195121765137
8678,37,37,0.2947230041027069
8679,77,34,0.13826853036880493
8680,46,97,0.16770757734775543
8681,31,31,0.6261284351348877
8682,69,69,0.4988228380680084
8683,47,52,0.45435774326324463
8684,57,20,0.3679477274417877
8685,30,30,0.12786105275154114
8686,85,85,0.4563615918159485
8687,80,6,0.13926419615745544
8688,1,1,0.4387231767177582
8689,82,82,0.24812309443950653
8690,45,82,0.18160533905029297
8691,66,21,0.34013909101486206
8692,18,26,0.165554478764534
8693,58,13,0.26252660155296326
8694,31,19,0.31234461069107056
8695,42,88,0.2207658588886261
8696,23,67,0.15217037498950958
8697,90,85,0.47051623463630676
8698,18,79,0.1638033539056778
8699,83,53,0.7930176258087158
8700,19,31,0.13531002402305603
8701,51,51,0.2377377301454544
8702,80,38,0.12751294672489166
8703,23,23,0.6655324697494507
8704,64,52,0.21475324034690857
8705,61,61,0.9902690649032593
8706,40,40,0.20174342393875122
8707,51,72,0.10359393805265427
8708,99,99,0.44365906715393066
8709,28,23,0.3505955934524536
8710,19,15,0.07853330671787262
8711,63,76,0.3621138632297516
8712,7,14,0.393189400434494
8713,97,97,0.4878559112548828
8714,78,27,0.16657038033008575
8715,34,43,0.19109989702701569
8716,84,60,0.611395537853241
8717,13,37,0.25797563791275024
8718,50,24,0.5334147810935974
8719,17,76,0.2402050793170929
8720,28,28,0.9319270253181458
8721,29,32,0.25689783692359924
8722,10,67,0.24183563888072968
8723,57,53,0.16795028746128082
8724,83,83,0.7833086848258972
8725,83,62,0.5374898910522461
8726,53,53,0.3594827651977539
8727,73,73,0.4557454288005829
8728,7,7,0.42925435304641724
8729,59,76,0.27705830335617065
8730,82,82,0.9240174293518066
8731,34,43,0.356667160987854
8732,15,15,0.2072417438030243
8733,68,90,0.21875067055225372
8734,68,68,0.17859970033168793
8735,34,34,0.17285998165607452
8736,82,82,0.568291425704956
8737,75,91,0.11993306875228882
8738,37,13,0.11476624011993408
8739,8,8,0.1390555202960968
8740,94,40,0.14170578122138977
8741,16,76,0.3244648277759552
8742,24,24,0.7897275686264038
8743,21,21,0.11900317668914795
8744,8,49,0.2959459722042084
8745,96,47,0.4252757728099823
8746,53,20,0.1327386349439621
8747,49,98,0.09486154466867447
8748,38,74,0.23044709861278534
8749,85,13,0.23788204789161682
8750,27,44,0.2077050507068634
8751,32,32,0.3094675540924072
8752,96,96,0.5150831341743469
8753,20,20,0.5799868106842041
8754,29,29,0.42336130142211914
8755,43,38,0.09271452575922012
8756,69,69,0.1669940948486328
8757,94,13,0.1324939727783203
8758,26,26,0.24836398661136627
8759,92,51,0.12042713165283203
8760,23,71,0.35764041543006897
8761,91,91,0.36741358041763306
8762,34,2,0.12109120935201645
8763,48,48,0.6671570539474487
8764,71,71,0.45675578713417053
8765,53,53,0.752269983291626
8766,25,23,0.24473832547664642
8767,0,0,0.3464648425579071
8768,59,56,0.35598233342170715
8769,57,6,0.2918679714202881
8770,69,69,0.9180966019630432
8771,73,73,0.29966944456100464
8772,27,27,0.08082745224237442
8773,12,45,0.07331211119890213
8774,42,88,0.3014332950115204
8775,61,61,0.5297660827636719
8776,21,21,0.39662763476371765
8777,72,30,0.20485016703605652
8778,88,88,0.21999116241931915
8779,28,10,0.19566704332828522
8780,15,37,0.10556944459676743
8781,24,69,0.7562713027000427
8782,1,1,0.6820163130760193
8783,77,74,0.14527583122253418
8784,67,76,0.15525899827480316
8785,82,82,0.983981192111969
8786,5,5,0.1486678272485733
8787,64,27,0.1366494596004486
8788,51,62,0.16088570654392242
8789,52,13,0.12882773578166962
8790,79,24,0.1669408529996872
8791,70,70,0.35780224204063416
8792,46,3,0.14356979727745056
8793,1,88,0.2866431176662445
8794,59,96,0.4633159041404724
8795,87,87,0.23136618733406067
8796,68,68,0.34255486726760864
8797,88,88,0.2930089235305786
8798,76,76,0.5781487226486206
8799,45,45,0.14164705574512482
8800,15,89,0.08957677334547043
8801,79,6,0.4128561317920685
8802,1,54,0.13078869879245758
8803,35,2,0.14090347290039062
8804,94,94,0.21052436530590057
8805,79,79,0.246926411986351
8806,16,3,0.07839241623878479
8807,49,71,0.4937291741371155
8808,26,36,0.1786891669034958
8809,72,55,0.059324394911527634
8810,60,37,0.22782450914382935
8811,73,73,0.5783929824829102
8812,9,16,0.4394955337047577
8813,75,65,0.17098462581634521
8814,5,10,0.0832451581954956
8815,72,67,0.10023890435695648
8816,27,14,0.24145829677581787
8817,67,67,0.2051902562379837
8818,38,59,0.17177027463912964
8819,18,56,0.2772201895713806
8820,45,45,0.04768282547593117
8821,36,26,0.05050812289118767
8822,40,40,0.40066567063331604
8823,96,52,0.4118812084197998
8824,35,88,0.28521573543548584
8825,7,6,0.10164035856723785
8826,85,85,0.279432088136673
8827,30,30,0.2631543278694153
8828,14,82,0.2348400354385376
8829,51,51,0.06853613257408142
8830,79,55,0.07724446058273315
8831,76,82,0.0872407853603363
8832,99,22,0.15820427238941193
8833,86,40,0.6350172758102417
8834,15,88,0.08752129971981049
8835,29,39,0.22345204651355743
8836,63,55,0.09837024658918381
8837,66,64,0.12188101559877396
8838,62,83,0.23982326686382294
8839,80,67,0.09085073322057724
8840,24,24,0.303408145904541
8841,57,53,0.19430655241012573
8842,43,43,0.11279179155826569
8843,78,58,0.4420141875743866
8844,33,17,0.210992231965065
8845,99,79,0.08870527893304825
8846,95,30,0.37926003336906433
8847,93,27,0.1294122338294983
8848,72,67,0.3413473963737488
8849,71,23,0.3775167465209961
8850,77,77,0.11311198025941849
8851,86,86,0.2507070302963257
8852,64,97,0.09308812767267227
8853,4,93,0.11910422891378403
8854,23,31,0.13892433047294617
8855,62,62,0.4186934530735016
8856,50,44,0.1378309279680252
8857,17,37,0.4059739112854004
8858,98,99,0.09002643823623657
8859,21,21,0.1986963301897049
8860,32,32,0.6218589544296265
8861,57,57,0.46656015515327454
8862,99,61,0.8735643625259399
8863,2,46,0.3741116523742676
8864,6,26,0.1865733563899994
8865,70,28,0.3257044553756714
8866,82,47,0.3477645218372345
8867,82,89,0.2011117935180664
8868,94,94,0.13954924046993256
8869,95,95,0.6045464277267456
8870,81,12,0.2874888777732849
8871,96,52,0.14787447452545166
8872,77,88,0.12831330299377441
8873,33,49,0.3922710418701172
8874,67,67,0.17164722084999084
8875,31,94,0.12099052220582962
8876,60,60,0.360152930021286
8877,7,29,0.25012439489364624
8878,74,6,0.582862913608551
8879,63,83,0.21414592862129211
8880,62,62,0.8488066792488098
8881,82,62,0.489700585603714
8882,36,50,0.13615061342716217
8883,12,48,0.16677330434322357
8884,31,31,0.21677006781101227
8885,47,96,0.3159795105457306
8886,75,75,0.4051837623119354
8887,77,94,0.26459863781929016
8888,29,29,0.43323594331741333
8889,94,94,0.990954577922821
8890,27,63,0.16138003766536713
8891,70,54,0.390520304441452
8892,95,67,0.11393050104379654
8893,32,90,0.12664169073104858
8894,38,24,0.22786009311676025
8895,67,32,0.09834221005439758
8896,37,37,0.32883167266845703
8897,2,94,0.14172682166099548
8898,65,64,0.18370668590068817
8899,40,84,0.14698198437690735
8900,53,53,0.5633326768875122
8901,87,87,0.2394493818283081
8902,95,95,0.22535806894302368
8903,53,53,0.8260284662246704
8904,42,74,0.2358027994632721
8905,43,21,0.1052919328212738
8906,89,89,0.2283521145582199
8907,69,69,0.5564413070678711
8908,93,18,0.12238840758800507
8909,81,5,0.27121493220329285
8910,84,53,0.158616840839386
8911,71,71,0.26089441776275635
8912,31,31,0.25230729579925537
8913,33,65,0.12023869156837463
8914,73,49,0.4206484854221344
8915,75,91,0.5048152804374695
8916,85,85,0.23616337776184082
8917,47,47,0.6466475129127502
8918,97,97,0.4490458369255066
8919,54,92,0.21169413626194
8920,13,89,0.12436029314994812
8921,24,43,0.10353028774261475
8922,46,46,0.09617487341165543
8923,62,45,0.1278381645679474
8924,92,92,0.7011231780052185
8925,53,53,0.9041250944137573
8926,98,15,0.11567050218582153
8927,66,67,0.1714557260274887
8928,45,62,0.1940469741821289
8929,48,48,0.929402232170105
8930,94,16,0.3104867935180664
8931,16,22,0.7189323902130127
8932,69,53,0.3559384047985077
8933,60,60,0.4979660212993622
8934,27,43,0.23390260338783264
8935,35,35,0.10107513517141342
8936,59,85,0.1951882541179657
8937,47,52,0.7002220749855042
8938,44,30,0.15003295242786407
8939,57,82,0.15801525115966797
8940,4,4,0.10325650125741959
8941,83,0,0.32406938076019287
8942,89,37,0.39136436581611633
8943,71,71,0.5178489089012146
8944,58,68,0.4088473916053772
8945,52,52,0.3720017969608307
8946,46,98,0.23590892553329468
8947,58,90,0.5754736661911011
8948,98,35,0.22214597463607788
8949,22,93,0.199004128575325
8950,62,83,0.3092651963233948
8951,47,52,0.8563967347145081
8952,2,65,0.13237573206424713
8953,58,58,0.3237227499485016
8954,77,77,0.21730299293994904
8955,96,96,0.5431020259857178
8956,86,25,0.18772360682487488
8957,33,1,0.21402037143707275
8958,13,58,0.5075557231903076
8959,69,60,0.44061434268951416
8960,97,63,0.0917866975069046
8961,14,14,0.24164538085460663
8962,51,64,0.18832261860370636
8963,2,18,0.12791702151298523
8964,4,74,0.21808241307735443
8965,29,93,0.1297849863767624
8966,58,0,0.15532734990119934
8967,44,97,0.180474191904068
8968,6,3,0.1305076628923416
8969,80,38,0.19764766097068787
8970,81,89,0.2072010040283203
8971,99,93,0.12558990716934204
8972,28,28,0.6321922540664673
8973,50,27,0.14265038073062897
8974,57,57,0.064816914498806
8975,88,64,0.09047074615955353
8976,25,53,0.4986688196659088
8977,38,19,0.15323230624198914
8978,71,73,0.32527491450309753
8979,47,47,0.5948138236999512
8980,53,13,0.3785625398159027
8981,48,48,0.9966785907745361
8982,79,7,0.3190324604511261
8983,59,52,0.2591344118118286
8984,29,31,0.273235946893692
8985,82,82,0.7424672245979309
8986,90,45,0.11693543940782547
8987,26,67,0.21333491802215576
8988,81,25,0.1603187918663025
8989,17,37,0.20281200110912323
8990,14,7,0.3453861474990845
8991,69,69,0.9190952181816101
8992,25,81,0.17606614530086517
8993,32,90,0.2283240258693695
8994,39,39,0.6210740208625793
8995,14,6,0.23995260894298553
8996,89,89,0.39241600036621094
8997,3,64,0.17040440440177917
8998,67,23,0.3144862949848175
8999,78,40,0.6870093941688538
9000,28,28,0.7479602694511414
9001,98,83,0.16673609614372253
9002,88,88,0.16903190314769745
9003,20,20,0.8819829821586609
9004,3,21,0.11393485963344574
9005,18,29,0.17541976273059845
9006,60,60,0.7246242165565491
9007,48,48,0.40113723278045654
9008,69,39,0.06495963037014008
9009,18,14,0.24819600582122803
9010,41,66,0.1285652220249176
9011,6,6,0.6455684900283813
9012,39,43,0.07440295815467834
9013,44,5,0.1863994598388672
9014,15,32,0.11835762113332748
9015,37,37,0.4084375500679016
9016,57,15,0.23592789471149445
9017,48,48,0.9948796033859253
9018,98,35,0.1664624661207199
9019,89,82,0.16652120649814606
9020,67,73,0.5926616191864014
9021,77,14,0.12979619204998016
9022,38,38,0.2389809489250183
9023,71,23,0.21377672255039215
9024,21,21,0.243919238448143
9025,96,52,0.5134702324867249
9026,11,46,0.31620490550994873
9027,13,78,0.08825933933258057
9028,84,84,0.328933984041214
9029,73,30,0.37008926272392273
9030,58,39,0.21148861944675446
9031,73,30,0.2958976626396179
9032,35,54,0.191865012049675
9033,31,3,0.05457331985235214
9034,83,62,0.2642953395843506
9035,59,12,0.11612951755523682
9036,77,55,0.10205187648534775
9037,50,4,0.16181516647338867
9038,41,13,0.43887627124786377
9039,89,33,0.39083975553512573
9040,19,84,0.10406544059515
9041,54,54,0.3144417703151703
9042,4,93,0.09594540297985077
9043,68,71,0.20628921687602997
9044,9,54,0.13501310348510742
9045,91,32,0.17352937161922455
9046,67,93,0.3251621127128601
9047,19,19,0.39778995513916016
9048,40,90,0.18129709362983704
9049,71,71,0.4736025333404541
9050,57,38,0.14169518649578094
9051,38,66,0.19469182193279266
9052,9,9,0.509565532207489
9053,82,82,0.9719111323356628
9054,3,67,0.11364005506038666
9055,76,76,0.4220033884048462
9056,20,26,0.16513819992542267
9057,60,71,0.4224678575992584
9058,42,81,0.1734936237335205
9059,94,94,0.3912736177444458
9060,26,38,0.10977670550346375
9061,72,4,0.10500336438417435
9062,6,6,0.2177361398935318
9063,25,36,0.19989484548568726
9064,61,10,0.25006982684135437
9065,36,32,0.16082873940467834
9066,4,88,0.13441716134548187
9067,14,45,0.10271341353654861
9068,61,36,0.14746861159801483
9069,60,49,0.27744388580322266
9070,14,19,0.18120107054710388
9071,62,62,0.39700984954833984
9072,27,23,0.2094789445400238
9073,66,38,0.08371841162443161
9074,16,85,0.39092588424682617
9075,67,27,0.2235558032989502
9076,93,31,0.12942631542682648
9077,23,71,0.3234030604362488
9078,33,31,0.13087043166160583
9079,88,43,0.18892444670200348
9080,18,78,0.13510571420192719
9081,58,58,0.47022610902786255
9082,0,1,0.3748200535774231
9083,83,83,0.3455408215522766
9084,23,23,0.16554045677185059
9085,85,27,0.06704037636518478
9086,56,79,0.11061029881238937
9087,20,36,0.16485096514225006
9088,45,79,0.3523469567298889
9089,20,20,0.6636966466903687
9090,30,73,0.36213067173957825
9091,96,52,0.34562990069389343
9092,19,19,0.11182904243469238
9093,15,44,0.11433528363704681
9094,98,69,0.33855101466178894
9095,51,85,0.15586741268634796
9096,26,26,0.27614668011665344
9097,0,83,0.6168936491012573
9098,56,56,0.8666113615036011
9099,47,47,0.2811354100704193
9100,57,6,0.34949514269828796
9101,59,59,0.27557891607284546
9102,10,10,0.11527016013860703
9103,51,69,0.5078245997428894
9104,65,7,0.08899182081222534
9105,3,89,0.11831872165203094
9106,23,23,0.17142443358898163
9107,9,9,0.8259272575378418
9108,77,99,0.10926702618598938
9109,43,43,0.08867292106151581
9110,15,1,0.3324146270751953
9111,55,27,0.10499806702136993
9112,77,63,0.11320886015892029
9113,19,27,0.16768242418766022
9114,73,95,0.19235846400260925
9115,77,55,0.09715793281793594
9116,7,24,0.648591160774231
9117,29,56,0.26588985323905945
9118,4,3,0.15132729709148407
9119,61,61,0.707251250743866
9120,64,54,0.14588463306427002
9121,30,30,0.3474389910697937
9122,39,39,0.9385471940040588
9123,70,82,0.2748427987098694
9124,19,86,0.304507315158844
9125,51,43,0.2167711853981018
9126,9,48,0.12219298630952835
9127,17,17,0.5094214081764221
9128,28,22,0.12733113765716553
9129,45,72,0.09372679144144058
9130,28,99,0.08546315878629684
9131,12,37,0.29735442996025085
9132,83,6,0.10718118399381638
9133,49,49,0.3178173899650574
9134,63,63,0.33445703983306885
9135,71,71,0.14984910190105438
9136,12,12,0.34105560183525085
9137,11,45,0.09588924795389175
9138,77,88,0.2194250226020813
9139,35,26,0.14600670337677002
9140,29,96,0.11273752152919769
9141,40,99,0.15715426206588745
9142,15,88,0.295085608959198
9143,84,43,0.15060672163963318
9144,19,19,0.2224649041891098
9145,66,1,0.23041777312755585
9146,70,70,0.4346746504306793
9147,62,62,0.55716872215271
9148,34,34,0.21393278241157532
9149,94,94,0.36366739869117737
9150,72,67,0.3388497829437256
9151,35,92,0.25343719124794006
9152,50,24,0.18189050257205963
9153,99,58,0.29798007011413574
9154,33,96,0.5707114338874817
9155,90,25,0.09189970791339874
9156,16,16,0.6959760785102844
9157,56,33,0.29312026500701904
9158,4,3,0.1452934592962265
9159,24,24,0.6851792335510254
9160,60,23,0.4596289098262787
9161,3,64,0.17757007479667664
9162,19,15,0.3312804400920868
9163,14,82,0.27945271134376526
9164,23,23,0.38410985469818115
9165,68,68,0.5855243802070618
9166,91,10,0.3205168843269348
9167,81,89,0.08976849913597107
9168,61,10,0.3293169140815735
9169,90,90,0.17784570157527924
9170,21,21,0.3301059305667877
9171,57,57,0.5925073027610779
9172,22,8,0.15956832468509674
9173,87,86,0.3682399392127991
9174,82,82,0.9006780385971069
9175,12,12,0.4216758608818054
9176,38,38,0.41119715571403503
9177,10,15,0.07891345024108887
9178,93,93,0.289066880941391
9179,77,6,0.07611993700265884
9180,84,84,0.1942286491394043
9181,41,41,0.3171406090259552
9182,64,63,0.11356645822525024
9183,76,65,0.1772550344467163
9184,25,25,0.18508905172348022
9185,91,91,0.6438086032867432
9186,94,94,0.31727415323257446
9187,42,24,0.1231442466378212
9188,79,36,0.23620831966400146
9189,19,66,0.08983509242534637
9190,76,97,0.14508047699928284
9191,87,87,0.3460676074028015
9192,18,82,0.15818776190280914
9193,51,47,0.07956480979919434
9194,1,8,0.13658514618873596
9195,50,54,0.15837545692920685
9196,37,84,0.26621267199516296
9197,6,4,0.0702163428068161
9198,45,61,0.2601587176322937
9199,23,67,0.2049553394317627
9200,0,0,0.7619520425796509
9201,55,74,0.45949602127075195
9202,91,91,0.10058476030826569
9203,89,88,0.17584292590618134
9204,95,8,0.2194536030292511
9205,48,28,0.12742426991462708
9206,45,13,0.17142216861248016
9207,54,54,0.6891607046127319
9208,69,69,0.2926391065120697
9209,82,82,0.5743165612220764
9210,68,68,0.9346482157707214
9211,56,56,0.2130298763513565
9212,94,97,0.11309997737407684
9213,80,44,0.14989838004112244
9214,40,75,0.17737309634685516
9215,67,67,0.31609493494033813
9216,71,71,0.6808270812034607
9217,5,23,0.4351269006729126
9218,50,74,0.21531091630458832
9219,60,60,0.9255651235580444
9220,79,79,0.2510118782520294
9221,0,0,0.7742962837219238
9222,44,56,0.2443285435438156
9223,55,74,0.161905899643898
9224,46,98,0.13447368144989014
9225,80,5,0.11287583410739899
9226,2,2,0.2587585151195526
9227,32,32,0.21015672385692596
9228,92,92,0.27145570516586304
9229,45,61,0.4016655385494232
9230,69,69,0.385295033454895
9231,97,97,0.11838789284229279
9232,13,13,0.5555118918418884
9233,30,55,0.21163605153560638
9234,27,44,0.18082374334335327
9235,74,91,0.20816640555858612
9236,8,46,0.16229762136936188
9237,17,17,0.35485270619392395
9238,42,42,0.4323267936706543
9239,91,91,0.27752822637557983
9240,11,70,0.11582865566015244
9241,36,15,0.17464321851730347
9242,69,69,0.8561041355133057
9243,50,50,0.18595921993255615
9244,57,84,0.09370233863592148
9245,84,5,0.169235497713089
9246,90,49,0.3318560719490051
9247,85,85,0.2922859191894531
9248,3,63,0.23932138085365295
9249,91,99,0.11022166162729263
9250,79,34,0.12926696240901947
9251,76,49,0.6145065426826477
9252,13,22,0.2082452028989792
9253,8,8,0.9906042218208313
9254,92,70,0.24736866354942322
9255,69,12,0.14004583656787872
9256,82,6,0.14439257979393005
9257,7,8,0.10850711911916733
9258,73,58,0.1219329684972763
9259,89,89,0.5707576870918274
9260,32,46,0.1541236788034439
9261,42,42,0.35611897706985474
9262,39,49,0.26718148589134216
9263,26,99,0.10896140336990356
9264,80,34,0.21979522705078125
9265,74,63,0.24673210084438324
9266,15,15,0.3220825493335724
9267,74,22,0.12247440218925476
9268,16,48,0.18696878850460052
9269,57,82,0.5097049474716187
9270,94,9,0.20435255765914917
9271,60,60,0.15196478366851807
9272,33,51,0.11755983531475067
9273,83,92,0.3977849781513214
9274,62,62,0.6732004284858704
9275,85,21,0.2777431011199951
9276,48,48,0.9528663158416748
9277,33,15,0.1345318853855133
9278,11,11,0.3679145574569702
9279,5,94,0.10207393020391464
9280,2,46,0.17041346430778503
9281,18,18,0.1261759102344513
9282,75,75,0.9807712435722351
9283,75,75,0.3747023940086365
9284,4,43,0.171344593167305
9285,3,66,0.09896518290042877
9286,72,63,0.13052058219909668
9287,17,76,0.36036717891693115
9288,89,89,0.3493894040584564
9289,70,1,0.3171682357788086
9290,19,15,0.4372815489768982
9291,36,65,0.09472474455833435
9292,77,64,0.16612601280212402
9293,67,30,0.11196228116750717
9294,83,53,0.654355525970459
9295,63,43,0.15431487560272217
9296,2,2,0.13464336097240448
9297,92,92,0.2801286280155182
9298,17,37,0.4686736464500427
9299,98,36,0.37008967995643616
9300,99,73,0.5010679364204407
9301,77,22,0.16336028277873993
9302,56,6,0.28347381949424744
9303,22,70,0.2161385864019394
9304,84,8,0.04567541927099228
9305,14,14,0.13611704111099243
9306,71,71,0.4731387495994568
9307,94,94,0.39029452204704285
9308,44,67,0.2837274372577667
9309,73,85,0.15874317288398743
9310,41,41,0.6950913071632385
9311,96,52,0.8010222911834717
9312,91,54,0.35726311802864075
9313,85,85,0.20052874088287354
9314,43,43,0.13317640125751495
9315,82,82,0.5102789402008057
9316,40,95,0.11635930836200714
9317,97,95,0.23787587881088257
9318,42,97,0.10030139237642288
9319,96,96,0.2660506069660187
9320,47,52,0.5290732979774475
9321,22,75,0.3027895390987396
9322,1,53,0.5102060437202454
9323,46,6,0.11365849524736404
9324,78,36,0.0946599692106247
9325,72,21,0.12803074717521667
9326,93,29,0.20650902390480042
9327,85,85,0.5825549364089966
9328,18,18,0.13838951289653778
9329,63,4,0.09349565207958221
9330,65,18,0.12396556884050369
9331,25,5,0.16482049226760864
9332,44,78,0.13727033138275146
9333,2,16,0.22437085211277008
9334,86,28,0.3733067214488983
9335,45,45,0.18353095650672913
9336,59,59,0.4045914113521576
9337,2,98,0.25727379322052
9338,54,46,0.24339663982391357
9339,11,21,0.23740148544311523
9340,56,56,0.16876988112926483
9341,75,55,0.10586947947740555
9342,47,52,0.3766231834888458
9343,76,86,0.11718647181987762
9344,20,87,0.35686540603637695
9345,48,78,0.10578460991382599
9346,97,97,0.351876825094223
9347,9,9,0.9103845357894897
9348,45,39,0.21462562680244446
9349,38,38,0.27253100275993347
9350,84,88,0.12505696713924408
9351,3,75,0.49370577931404114
9352,36,50,0.18518684804439545
9353,43,43,0.4862653911113739
9354,84,22,0.25706371665000916
9355,18,18,0.2511816918849945
9356,6,82,0.5776658058166504
9357,9,76,0.2313607633113861
9358,72,97,0.1823422908782959
9359,38,65,0.09313066303730011
9360,6,82,0.2581775188446045
9361,75,75,0.71817946434021
9362,15,15,0.32659268379211426
9363,29,6,0.3194260895252228
9364,35,81,0.06363335251808167
9365,25,20,0.46738535165786743
9366,95,30,0.3622048795223236
9367,3,3,0.16131772100925446
9368,58,55,0.09311875700950623
9369,74,91,0.08388751745223999
9370,44,8,0.254059374332428
9371,83,83,0.28603190183639526
9372,91,34,0.10275854170322418
9373,74,74,0.31094127893447876
9374,86,22,0.06431446224451065
9375,25,55,0.14149922132492065
9376,38,42,0.18576478958129883
9377,58,58,0.8250570297241211
9378,36,9,0.230972021818161
9379,90,81,0.15192274749279022
9380,8,37,0.2571030855178833
9381,49,53,0.5187267065048218
9382,65,42,0.13048413395881653
9383,95,72,0.17512895166873932
9384,92,0,0.16439178586006165
9385,14,62,0.5283341407775879
9386,81,89,0.2088618129491806
9387,0,4,0.0643293485045433
9388,58,58,0.5042816996574402
9389,96,76,0.1333574801683426
9390,1,16,0.35153093934059143
9391,61,10,0.29285722970962524
9392,59,49,0.12252728641033173
9393,21,21,0.417007714509964
9394,60,60,0.9607707858085632
9395,89,79,0.09981612116098404
9396,82,82,0.6864908337593079
9397,10,40,0.12060946226119995
9398,80,57,0.07278669625520706
9399,52,52,0.9660635590553284
9400,65,64,0.24678386747837067
9401,55,64,0.07939064502716064
9402,32,32,0.4436737596988678
9403,77,79,0.2150183469057083
9404,69,23,0.5011945366859436
9405,26,27,0.0951591283082962
9406,42,42,0.6745679378509521
9407,79,8,0.20133866369724274
9408,46,46,0.32303687930107117
9409,20,20,0.37199997901916504
9410,38,38,0.3058893084526062
9411,52,52,0.48638808727264404
9412,15,84,0.09243233501911163
9413,7,23,0.3931000232696533
9414,65,21,0.23922643065452576
9415,63,63,0.2687530517578125
9416,96,96,0.2991238534450531
9417,26,26,0.27642571926116943
9418,29,29,0.23926006257534027
9419,3,85,0.1800459772348404
9420,79,50,0.07370087504386902
9421,39,39,0.6424940824508667
9422,30,45,0.10056647658348083
9423,99,23,0.41198238730430603
9424,2,5,0.25118139386177063
9425,8,8,0.5681854486465454
9426,19,15,0.33204013109207153
9427,52,52,0.3785991668701172
9428,69,40,0.5248408317565918
9429,58,83,0.5767236948013306
9430,54,90,0.049846164882183075
9431,82,82,0.8132241368293762
9432,3,31,0.37937578558921814
9433,82,43,0.17370539903640747
9434,93,30,0.17860279977321625
9435,70,70,0.4192158877849579
9436,99,55,0.08700193464756012
9437,21,21,0.3063896894454956
9438,17,59,0.21014943718910217
9439,56,37,0.1476091891527176
9440,64,54,0.19602206349372864
9441,74,50,0.16207446157932281
9442,1,1,0.37366044521331787
9443,62,92,0.1993006318807602
9444,61,61,0.5916627049446106
9445,85,32,0.3241958022117615
9446,78,43,0.18172158300876617
9447,58,58,0.4960426986217499
9448,28,57,0.13862508535385132
9449,53,53,0.4982413053512573
9450,74,78,0.3585955798625946
9451,47,59,0.3437466323375702
9452,5,5,0.16895975172519684
9453,34,79,0.11616797000169754
9454,81,90,0.256510466337204
9455,64,6,0.4171764850616455
9456,77,72,0.13592025637626648
9457,30,67,0.2904124855995178
9458,66,40,0.265300989151001
9459,4,97,0.08609239012002945
9460,45,45,0.31630000472068787
9461,30,93,0.2831892967224121
9462,98,19,0.08111309260129929
9463,44,88,0.22111468017101288
9464,95,74,0.07893023639917374
9465,87,87,0.9222632646560669
9466,63,55,0.2086925506591797
9467,87,87,0.7887278199195862
9468,26,50,0.11398129165172577
9469,41,41,0.8815810680389404
9470,70,92,0.28336894512176514
9471,22,1,0.14729031920433044
9472,21,21,0.6233987212181091
9473,32,32,0.15275131165981293
9474,90,89,0.1983357071876526
9475,36,2,0.2478327751159668
9476,85,85,0.1493912786245346
9477,74,67,0.08420021831989288
9478,87,87,0.37046828866004944
9479,21,58,0.5705590844154358
9480,87,87,0.3547810912132263
9481,71,71,0.7670305967330933
9482,53,92,0.30437391996383667
9483,27,27,0.30327171087265015
9484,63,63,0.21038447320461273
9485,1,1,0.38685062527656555
9486,8,43,0.057168204337358475
9487,93,24,0.0846383273601532
9488,98,21,0.2375611960887909
9489,61,61,0.5757354497909546
9490,88,78,0.2265273630619049
9491,37,81,0.09751299023628235
9492,10,10,0.38035938143730164
9493,83,92,0.32455015182495117
9494,91,66,0.12853701412677765
9495,85,58,0.15112616121768951
9496,34,50,0.1261264830827713
9497,24,50,0.11154643446207047
9498,50,99,0.15834306180477142
9499,49,23,0.46017926931381226
9500,12,85,0.12216699123382568
9501,28,28,0.3232545852661133
9502,74,50,0.11114528775215149
9503,44,22,0.08370018750429153
9504,58,25,0.1114385575056076
9505,45,79,0.11417557299137115
9506,87,87,0.5786917209625244
9507,79,79,0.11016937345266342
9508,32,72,0.06460760533809662
9509,14,14,0.1527002602815628
9510,47,52,0.6113864779472351
9511,31,33,0.12853139638900757
9512,77,81,0.23302142322063446
9513,59,59,0.31485193967819214
9514,60,60,0.32975083589553833
9515,71,71,0.5725253820419312
9516,25,81,0.1910482496023178
9517,67,67,0.534329354763031
9518,81,81,0.40765058994293213
9519,98,20,0.41174429655075073
9520,54,92,0.2351098358631134
9521,67,73,0.40526720881462097
9522,17,34,0.13608695566654205
9523,21,21,0.5494941473007202
9524,1,10,0.21904397010803223
9525,88,26,0.07312633842229843
9526,21,21,0.30350810289382935
9527,77,28,0.0862807184457779
9528,95,55,0.14489193260669708
9529,91,25,0.1493736356496811
9530,12,12,0.26586827635765076
9531,15,63,0.23460771143436432
9532,82,53,0.44398748874664307
9533,22,22,0.15069054067134857
9534,16,39,0.16697746515274048
9535,66,97,0.36137357354164124
9536,25,5,0.10761501640081406
9537,1,45,0.21783964335918427
9538,29,63,0.15445898473262787
9539,29,29,0.07927010208368301
9540,73,73,0.5119178891181946
9541,27,42,0.1914849579334259
9542,81,81,0.1593848019838333
9543,63,63,0.4132782220840454
9544,53,53,0.18645766377449036
9545,23,23,0.32240933179855347
9546,13,81,0.22753405570983887
9547,86,86,0.6020824909210205
9548,44,42,0.21452490985393524
9549,71,71,0.31162336468696594
9550,28,28,0.5285007357597351
9551,75,3,0.23402400314807892
9552,98,43,0.13372327387332916
9553,64,83,0.13820402324199677
9554,79,79,0.18477889895439148
9555,16,16,0.891599714756012
9556,8,8,0.8796621561050415
9557,77,18,0.17067618668079376
9558,22,22,0.7329552173614502
9559,81,86,0.5632408857345581
9560,87,81,0.3605943024158478
9561,10,44,0.3350359797477722
9562,65,79,0.18549005687236786
9563,62,92,0.4290681779384613
9564,49,49,0.5377211570739746
9565,70,70,0.38221800327301025
9566,57,53,0.8002977967262268
9567,74,63,0.1063457801938057
9568,64,42,0.12893466651439667
9569,40,61,0.6638892292976379
9570,91,91,0.6130408048629761
9571,23,23,0.6917372941970825
9572,13,13,0.43304187059402466
9573,80,80,0.11181211471557617
9574,6,6,0.1485922932624817
9575,42,88,0.5789103507995605
9576,46,65,0.10126538574695587
9577,30,95,0.25022563338279724
9578,95,4,0.4694415032863617
9579,35,35,0.2744515538215637
9580,5,57,0.11929570883512497
9581,41,38,0.10760660469532013
9582,36,2,0.3483019769191742
9583,59,90,0.18196122348308563
9584,12,39,0.16879190504550934
9585,43,43,0.2421044409275055
9586,86,22,0.3683418035507202
9587,97,10,0.11339270323514938
9588,53,53,0.2759365737438202
9589,50,87,0.057564008980989456
9590,80,43,0.20456518232822418
9591,3,51,0.1105373203754425
9592,61,61,0.5229479670524597
9593,20,20,0.9715200066566467
9594,22,87,0.7205751538276672
9595,57,57,0.23807238042354584
9596,25,85,0.33858418464660645
9597,71,23,0.6917544603347778
9598,55,55,0.11606777459383011
9599,68,68,0.9594203233718872
9600,20,20,0.8470880389213562
9601,33,60,0.6012532114982605
9602,67,67,0.30935990810394287
9603,87,28,0.17028704285621643
9604,16,28,0.34669649600982666
9605,41,41,0.44756343960762024
9606,66,78,0.1312229484319687
9607,44,20,0.15087877213954926
9608,25,25,0.35786980390548706
9609,63,51,0.4389834702014923
9610,1,62,0.38266080617904663
9611,15,25,0.30538830161094666
9612,42,43,0.253434956073761
9613,6,43,0.16483846306800842
9614,85,85,0.18361660838127136
9615,8,39,0.10209804028272629
9616,2,39,0.2323198765516281
9617,5,5,0.15794062614440918
9618,45,24,0.10012370347976685
9619,5,21,0.1638590395450592
9620,71,91,0.25371959805488586
9621,56,56,0.6549473404884338
9622,99,1,0.16510801017284393
9623,73,30,0.22682830691337585
9624,78,29,0.0843634232878685
9625,2,11,0.3451693654060364
9626,76,72,0.1505824774503708
9627,50,50,0.08917254954576492
9628,30,30,0.21104799211025238
9629,53,45,0.17030321061611176
9630,91,67,0.23566246032714844
9631,81,68,0.5597611665725708
9632,65,91,0.12115467339754105
9633,92,92,0.3566719591617584
9634,23,23,0.297105997800827
9635,11,5,0.11297114193439484
9636,95,95,0.17259468138217926
9637,40,40,0.6122831702232361
9638,30,40,0.08348866552114487
9639,62,62,0.4250907301902771
9640,35,86,0.16058343648910522
9641,23,23,0.6884660720825195
9642,78,66,0.13993166387081146
9643,96,33,0.4299459457397461
9644,67,67,0.35691580176353455
9645,36,36,0.08744750916957855
9646,8,8,0.9960929751396179
9647,15,26,0.29460832476615906
9648,4,3,0.22168222069740295
9649,80,38,0.1903994381427765
9650,27,27,0.10205289721488953
9651,60,60,0.43270522356033325
9652,7,14,0.5131528973579407
9653,54,23,0.21044984459877014
9654,48,48,0.9053119421005249
9655,16,16,0.9101507067680359
9656,57,57,0.3020455241203308
9657,94,94,0.3343726694583893
9658,30,30,0.1586744338274002
9659,92,62,0.28559091687202454
9660,43,43,0.10645201802253723
9661,62,62,0.1929669976234436
9662,58,90,0.2753823399543762
9663,19,19,0.1756095290184021
9664,23,23,0.5178504586219788
9665,38,74,0.3073647916316986
9666,28,40,0.0913570374250412
9667,96,42,0.1815662384033203
9668,95,95,0.41703715920448303
9669,10,10,0.1591438353061676
9670,99,61,0.13173294067382812
9671,86,86,0.7146454453468323
9672,53,53,0.5859042406082153
9673,89,14,0.3749028146266937
9674,11,5,0.16861601173877716
9675,52,52,0.7542893886566162
9676,58,58,0.43543824553489685
9677,54,29,0.11315133422613144
9678,85,85,0.9033001661300659
9679,74,63,0.33563855290412903
9680,72,22,0.1560053676366806
9681,82,53,0.4738917946815491
9682,72,27,0.10667996108531952
9683,73,66,0.11254376173019409
9684,43,46,0.2616027295589447
9685,37,37,0.2732902467250824
9686,34,18,0.10872945934534073
9687,47,47,0.6682294011116028
9688,52,52,0.3254941701889038
9689,40,79,0.08840154856443405
9690,53,53,0.8511854410171509
9691,45,74,0.1693454533815384
9692,8,33,0.33204978704452515
9693,83,92,0.26484331488609314
9694,3,31,0.7571738362312317
9695,90,81,0.21514904499053955
9696,40,40,0.0951172262430191
9697,28,40,0.08992444723844528
9698,53,53,0.8086159229278564
9699,32,68,0.19342485070228577
9700,59,56,0.5896149277687073
9701,4,4,0.13225118815898895
9702,33,33,0.26620399951934814
9703,62,92,0.3488190472126007
9704,89,58,0.2263515591621399
9705,44,56,0.14880743622779846
9706,12,12,0.3705703318119049
9707,4,27,0.17225924134254456
9708,89,66,0.19456177949905396
9709,98,66,0.1966586709022522
9710,78,11,0.10604643076658249
9711,82,82,0.2796330451965332
9712,91,60,0.24345239996910095
9713,31,31,0.24145232141017914
9714,91,5,0.7208884954452515
9715,47,4,0.11699895560741425
9716,9,9,0.8769346475601196
9717,73,73,0.6812235713005066
9718,69,69,0.7377257943153381
9719,36,36,0.11609748750925064
9720,57,26,0.08350254595279694
9721,91,21,0.07225232571363449
9722,95,97,0.1139657199382782
9723,37,31,0.13974173367023468
9724,61,61,0.8741285800933838
9725,83,0,0.38941246271133423
9726,69,69,0.28831860423088074
9727,11,11,0.06146177649497986
9728,80,33,0.2357519567012787
9729,76,74,0.09387523680925369
9730,31,80,0.12320104241371155
9731,10,45,0.1342519223690033
9732,90,81,0.10628893971443176
9733,98,35,0.0773252472281456
9734,94,94,0.9241353869438171
9735,24,69,0.1642252653837204
9736,39,10,0.04946867749094963
9737,1,1,0.6674168109893799
9738,33,33,0.38220852613449097
9739,29,37,0.11601251363754272
9740,29,84,0.09349088370800018
9741,7,59,0.14163096249103546
9742,39,54,0.24226315319538116
9743,15,15,0.1764080971479416
9744,99,50,0.09584520012140274
9745,3,3,0.34538090229034424
9746,41,41,0.27295541763305664
9747,66,66,0.32395923137664795
9748,80,2,0.12283166497945786
9749,27,27,0.42578771710395813
9750,45,78,0.13864611089229584
9751,55,63,0.11182725429534912
9752,32,32,0.2536521553993225
9753,5,37,0.4795134961605072
9754,45,52,0.19655567407608032
9755,9,9,0.977532684803009
9756,72,72,0.04824383184313774
9757,33,37,0.13285088539123535
9758,38,19,0.14958828687667847
9759,40,40,0.07787048816680908
9760,24,55,0.1688833236694336
9761,59,59,0.23921525478363037
9762,65,64,0.1528981626033783
9763,46,21,0.7004357576370239
9764,38,43,0.10533773899078369
9765,23,23,0.4133056700229645
9766,39,14,0.19475120306015015
9767,25,5,0.1440427601337433
9768,97,97,0.11634855717420578
9769,66,65,0.10487386584281921
9770,46,97,0.07821064442396164
9771,52,52,0.8025847673416138
9772,29,85,0.1541457325220108
9773,56,90,0.24978242814540863
9774,98,35,0.10498428344726562
9775,82,62,0.37499237060546875
9776,41,44,0.0815877616405487
9777,38,46,0.04567045345902443
9778,51,1,0.10375378280878067
9779,79,73,0.09890179336071014
9780,19,43,0.12229906022548676
9781,18,18,0.1319945603609085
9782,95,73,0.6828442215919495
9783,64,64,0.15974844992160797
9784,78,5,0.15609964728355408
9785,96,96,0.36205172538757324
9786,49,71,0.21194545924663544
9787,64,3,0.09820980578660965
9788,40,40,0.22456400096416473
9789,36,15,0.15181893110275269
9790,97,97,0.46164894104003906
9791,40,28,0.4784301221370697
9792,45,18,0.08496394753456116
9793,49,49,0.7730596661567688
9794,62,62,0.7604193687438965
9795,10,61,0.1289883255958557
9796,56,31,0.32179468870162964
9797,4,4,0.10752672702074051
9798,77,33,0.16903908550739288
9799,81,81,0.5051456093788147
9800,91,84,0.1319284290075302
9801,5,13,0.6088982820510864
9802,87,87,0.8804799318313599
9803,3,75,0.549568772315979
9804,50,80,0.0862867459654808
9805,80,64,0.07518164813518524
9806,86,86,0.2472427487373352
9807,89,75,0.5131114721298218
9808,17,17,0.5675283670425415
9809,12,33,0.19697222113609314
9810,80,35,0.15175531804561615
9811,72,3,0.1341254860162735
9812,79,24,0.20700618624687195
9813,67,63,0.12785309553146362
9814,40,10,0.20790651440620422
9815,13,13,0.6201037764549255
9816,98,36,0.2854699492454529
9817,37,85,0.2637225091457367
9818,21,50,0.15143433213233948
9819,76,76,0.8713698387145996
9820,32,74,0.14958839118480682
9821,59,59,0.507351815700531
9822,49,49,0.23072892427444458
9823,30,55,0.13428476452827454
9824,60,60,0.8101291656494141
9825,80,50,0.09270843118429184
9826,51,38,0.1629055142402649
9827,66,21,0.5179425477981567
9828,87,25,0.16089683771133423
9829,38,43,0.21367014944553375
9830,63,85,0.09140761196613312
9831,53,53,0.6769490838050842
9832,4,84,0.16319945454597473
9833,48,48,0.22470124065876007
9834,24,24,0.277417927980423
9835,13,58,0.4932422935962677
9836,31,31,0.4440271556377411
9837,29,11,0.1637742668390274
9838,84,26,0.11534176021814346
9839,46,35,0.12904416024684906
9840,61,61,0.36271774768829346
9841,24,8,0.1610460877418518
9842,34,7,0.2401997447013855
9843,98,46,0.2935282588005066
9844,45,45,0.11036008596420288
9845,99,44,0.11930766701698303
9846,27,78,0.07410553097724915
9847,51,50,0.12167307734489441
9848,91,61,0.14078320562839508
9849,0,0,0.7484114170074463
9850,72,50,0.12169439345598221
9851,50,63,0.23828189074993134
9852,57,77,0.1364804357290268
9853,4,74,0.1710149347782135
9854,60,60,0.7569864988327026
9855,81,33,0.1386503279209137
9856,86,86,0.6062041521072388
9857,9,91,0.19277073442935944
9858,11,26,0.08448468148708344
9859,92,73,0.2157825529575348
9860,99,95,0.19474710524082184
9861,77,88,0.09377729892730713
9862,57,57,0.41620466113090515
9863,14,82,0.25950926542282104
9864,2,57,0.12856443226337433
9865,70,54,0.26104575395584106
9866,69,69,0.6651663780212402
9867,69,69,0.8678880333900452
9868,32,91,0.9394925832748413
9869,79,90,0.14384277164936066
9870,44,18,0.1661105751991272
9871,58,37,0.13038842380046844
9872,0,10,0.19206823408603668
9873,20,48,0.39539194107055664
9874,7,82,0.5451120138168335
9875,45,7,0.12693719565868378
9876,82,82,0.44994866847991943
9877,79,79,0.2742043137550354
9878,58,58,0.3166239261627197
9879,73,30,0.306401789188385
9880,58,84,0.11031150817871094
9881,75,75,0.25224655866622925
9882,85,3,0.30632370710372925
9883,55,19,0.15594246983528137
9884,70,62,0.2784854471683502
9885,29,63,0.17125628888607025
9886,97,26,0.0991121381521225
9887,11,46,0.16905774176120758
9888,53,92,0.10269269347190857
9889,37,18,0.1264912486076355
9890,73,73,0.41964709758758545
9891,28,70,0.16396383941173553
9892,86,28,0.3132229149341583
9893,50,33,0.23139148950576782
9894,24,24,0.5164987444877625
9895,31,68,0.15951180458068848
9896,95,95,0.37066563963890076
9897,1,53,0.33926501870155334
9898,2,2,0.244771808385849
9899,36,67,0.21139472723007202
9900,59,52,0.40728816390037537
9901,99,79,0.12382613122463226
9902,55,55,0.07600768655538559
9903,85,85,0.5048361420631409
9904,0,62,0.3420569896697998
9905,23,23,0.7732685208320618
9906,64,14,0.07876961678266525
9907,82,13,0.17774777114391327
9908,62,62,0.2546825706958771
9909,31,63,0.23720063269138336
9910,86,86,0.9020794034004211
9911,57,54,0.08352664858102798
9912,72,55,0.1840049773454666
9913,73,1,0.3543224632740021
9914,42,63,0.09805157780647278
9915,91,91,0.12970659136772156
9916,84,85,0.2820521891117096
9917,85,85,0.38514113426208496
9918,90,89,0.32680705189704895
9919,69,69,0.5826075077056885
9920,82,53,0.5613434910774231
9921,21,21,0.08899011462926865
9922,89,89,0.16685304045677185
9923,68,68,0.08688253164291382
9924,68,68,0.5278953313827515
9925,76,76,0.5581082105636597
9926,31,31,0.3443816006183624
9927,58,58,0.40296250581741333
9928,8,8,0.8078739643096924
9929,37,81,0.20745748281478882
9930,13,81,0.4907833933830261
9931,30,73,0.2688339352607727
9932,78,75,0.38566502928733826
9933,43,82,0.12416190654039383
9934,33,51,0.07336968928575516
9935,99,10,0.1618393361568451
9936,42,72,0.07479584217071533
9937,12,12,0.2235235720872879
9938,92,82,0.47853797674179077
9939,8,82,0.3608759641647339
9940,82,82,0.6511555314064026
9941,78,43,0.06695016473531723
9942,97,75,0.1216251477599144
9943,62,83,0.35914433002471924
9944,74,38,0.14555244147777557
9945,4,33,0.1380533128976822
9946,69,39,0.1002407968044281
9947,29,74,0.10092929750680923
9948,97,97,0.2622375786304474
9949,74,4,0.13656051456928253
9950,56,56,0.40599513053894043
9951,18,51,0.10230140388011932
9952,74,6,0.13777533173561096
9953,3,27,0.11900756508111954
9954,95,73,0.45358806848526
9955,54,51,0.2578263282775879
9956,53,53,0.14501208066940308
9957,45,43,0.17491808533668518
9958,16,35,0.09125728905200958
9959,73,73,0.7292928099632263
9960,29,29,0.19738025963306427
9961,33,33,0.24359126389026642
9962,6,6,0.3470608592033386
9963,86,22,0.23699010908603668
9964,19,19,0.453660786151886
9965,97,78,0.08734402805566788
9966,4,43,0.1193876788020134
9967,9,72,0.06120656058192253
9968,53,83,0.30384722352027893
9969,89,13,0.41766247153282166
9970,18,18,0.16662749648094177
9971,87,66,0.1261301189661026
9972,26,61,0.10258959233760834
9973,49,49,0.7906676530838013
9974,11,11,0.08755428344011307
9975,14,14,0.14389093220233917
9976,65,79,0.19194777309894562
9977,83,48,0.35500627756118774
9978,3,3,0.28696995973587036
9979,27,27,0.21671950817108154
9980,30,30,0.34759658575057983
9981,52,52,0.7489651441574097
9982,74,66,0.19694142043590546
9983,29,33,0.14908750355243683
9984,96,66,0.09511465579271317
9985,90,90,0.16058272123336792
9986,14,88,0.1562270224094391
9987,77,34,0.1704379767179489
9988,65,19,0.16594849526882172
9989,7,7,0.14596962928771973
9990,75,75,0.13945825397968292
9991,27,49,0.156925231218338
9992,16,70,0.38251999020576477
9993,30,30,0.4663081765174866
9994,50,74,0.17305399477481842
9995,83,62,0.4698337912559509
9996,14,63,0.3569064736366272
9997,51,18,0.2675689160823822
9998,42,88,0.5102580189704895
9999,70,70,0.19701042771339417
