test_id,true_label,predicted_label,confidence
0,3,3,0.42723381519317627
1,8,8,0.9323985576629639
2,8,8,0.5126332640647888
3,0,8,0.8507726192474365
4,6,4,0.4157922565937042
5,6,6,0.40556374192237854
6,1,5,0.3945026099681854
7,6,6,0.668362557888031
8,3,3,0.5606544017791748
9,1,1,0.9216538667678833
10,0,0,0.7427124977111816
11,9,9,0.9655964970588684
12,5,5,0.505587100982666
13,7,7,0.9939514398574829
14,9,9,0.8572312593460083
15,8,6,0.28635990619659424
16,5,5,0.643363356590271
17,7,7,0.21405558288097382
18,8,8,0.9884366989135742
19,6,6,0.6637765765190125
20,7,7,0.9035688042640686
21,0,0,0.9139898419380188
22,4,0,0.5160958170890808
23,9,9,0.9335041046142578
24,5,4,0.5245948433876038
25,2,2,0.3814601004123688
26,4,2,0.25211846828460693
27,0,0,0.4582182466983795
28,9,9,0.6772798299789429
29,6,6,0.5731039047241211
30,6,6,0.5605310201644897
31,5,2,0.2885475754737854
32,4,6,0.34463080763816833
33,5,3,0.6917851567268372
34,9,9,0.8033624887466431
35,2,9,0.4703790247440338
36,4,5,0.35690203309059143
37,1,9,0.6952091455459595
38,9,9,0.9950405955314636
39,5,5,0.5611209273338318
40,4,0,0.8881946802139282
41,6,6,0.9477968811988831
42,5,5,0.6585471034049988
43,6,6,0.8085823655128479
44,0,0,0.8394551277160645
45,9,9,0.990676760673523
46,3,5,0.5198748707771301
47,9,7,0.494211345911026
48,7,4,0.6832874417304993
49,6,4,0.6151111721992493
50,9,9,0.9043410420417786
51,8,8,0.5727732181549072
52,0,5,0.29127031564712524
53,3,3,0.5364506840705872
54,8,8,0.9580590724945068
55,8,8,0.8839012980461121
56,7,7,0.4490514397621155
57,7,5,0.2897326648235321
58,4,5,0.3990713357925415
59,6,3,0.5261111855506897
60,7,7,0.9766826629638672
61,3,5,0.7348764538764954
62,6,8,0.46319541335105896
63,3,0,0.4910565912723541
64,6,6,0.4520159959793091
65,2,6,0.5292631387710571
66,1,1,0.8979460000991821
67,2,2,0.4451519548892975
68,3,5,0.32486796379089355
69,7,9,0.5671497583389282
70,2,0,0.4021671414375305
71,6,5,0.527566134929657
72,8,8,0.8027365803718567
73,8,8,0.9957005381584167
74,0,0,0.5015480518341064
75,2,2,0.7267090678215027
76,9,7,0.5652660131454468
77,3,3,0.4144226014614105
78,3,5,0.5587909817695618
79,8,8,0.9510974287986755
80,8,8,0.975310206413269
81,1,1,0.4964100420475006
82,1,1,0.9040442705154419
83,7,5,0.49830737709999084
84,2,2,0.5060892701148987
85,5,7,0.4451601207256317
86,2,2,0.268407940864563
87,7,0,0.5408252477645874
88,8,8,0.5028156638145447
89,9,9,0.9710413813591003
90,0,0,0.9601649641990662
91,3,3,0.2793702781200409
92,8,8,0.9983927607536316
93,6,6,0.7744025588035583
94,4,4,0.6151100993156433
95,6,6,0.6317566633224487
96,6,6,0.6743491291999817
97,0,0,0.4411770701408386
98,0,0,0.6873394250869751
99,7,7,0.7519966959953308
100,4,4,0.6878829002380371
101,5,5,0.5112091302871704
102,6,6,0.5307505130767822
103,3,3,0.8601921796798706
104,1,1,0.8559159636497498
105,1,1,0.7125857472419739
106,3,5,0.4192459285259247
107,6,6,0.9649278521537781
108,8,8,0.8829674124717712
109,7,5,0.6293871402740479
110,4,7,0.5865716338157654
111,0,0,0.8141693472862244
112,6,2,0.5946004390716553
113,2,2,0.6858621835708618
114,1,9,0.7548438310623169
115,3,3,0.24234193563461304
116,0,0,0.7093676924705505
117,4,3,0.23918768763542175
118,2,3,0.33353695273399353
119,7,7,0.7364428043365479
120,8,8,0.8589624166488647
121,3,5,0.47121044993400574
122,1,9,0.5512405037879944
123,2,2,0.7803078293800354
124,8,8,0.46668922901153564
125,0,0,0.4359048902988434
126,8,8,0.6956692337989807
127,3,3,0.5604806542396545
128,5,3,0.387346088886261
129,2,8,0.4056926667690277
130,4,4,0.6656343936920166
131,1,1,0.9433109760284424
132,8,8,0.8669334053993225
133,9,9,0.9948683977127075
134,1,1,0.9308446049690247
135,2,3,0.3062506914138794
136,9,9,0.9862850904464722
137,7,7,0.4904148578643799
138,2,4,0.5309178829193115
139,9,8,0.8085845112800598
140,6,6,0.40967798233032227
141,5,5,0.8816477656364441
142,6,6,0.5091918706893921
143,3,5,0.22514212131500244
144,8,8,0.8220047950744629
145,7,3,0.22454005479812622
146,6,6,0.33748337626457214
147,2,5,0.5371865034103394
148,5,5,0.4135451912879944
149,2,5,0.7198683023452759
150,8,8,0.4378463625907898
151,9,8,0.34765496850013733
152,6,3,0.448481023311615
153,0,0,0.5271519422531128
154,0,0,0.41421574354171753
155,5,5,0.8108891844749451
156,2,5,0.3773822784423828
157,9,9,0.971314013004303
158,5,5,0.40767619013786316
159,4,4,0.5911833643913269
160,2,2,0.688686728477478
161,1,1,0.7955835461616516
162,6,1,0.3393171429634094
163,6,6,0.658706545829773
164,8,8,0.6093358397483826
165,4,7,0.5126639604568481
166,8,8,0.9165207147598267
167,4,4,0.32514575123786926
168,5,7,0.37473320960998535
169,0,0,0.6277338266372681
170,9,9,0.91187983751297
171,9,9,0.41463056206703186
172,9,8,0.6495263576507568
173,8,8,0.5018253922462463
174,9,9,0.7163257598876953
175,9,9,0.9967111349105835
176,3,8,0.9022331237792969
177,7,7,0.7014758586883545
178,5,3,0.44830653071403503
179,0,0,0.5340632796287537
180,0,0,0.7559650540351868
181,5,5,0.5100612640380859
182,2,2,0.401111900806427
183,2,3,0.2701932191848755
184,3,3,0.3464999198913574
185,8,8,0.9335361123085022
186,6,6,0.48302188515663147
187,3,3,0.31783637404441833
188,4,3,0.3458680212497711
189,0,8,0.9186811447143555
190,5,6,0.36980462074279785
191,8,8,0.46902862191200256
192,0,0,0.3928883969783783
193,1,1,0.7794423699378967
194,7,7,0.6783400177955627
195,2,4,0.3513389229774475
196,8,8,0.9442919492721558
197,8,3,0.29124757647514343
198,7,5,0.32932931184768677
199,8,8,0.7354552745819092
200,5,5,0.44301459193229675
201,1,0,0.7119847536087036
202,8,8,0.8888108134269714
203,7,7,0.8947343826293945
204,1,1,0.6559640169143677
205,3,3,0.40818020701408386
206,0,0,0.7429987788200378
207,5,5,0.6941936016082764
208,7,7,0.7387920618057251
209,9,9,0.9476585388183594
210,7,5,0.5094685554504395
211,4,0,0.4672295153141022
212,5,3,0.42096781730651855
213,9,9,0.8582968711853027
214,8,8,0.6953373551368713
215,0,3,0.502997636795044
216,7,7,0.4788679778575897
217,9,9,0.9848035573959351
218,8,8,0.5572317242622375
219,2,7,0.886816680431366
220,7,7,0.6648004651069641
221,6,3,0.36861613392829895
222,9,9,0.9947214126586914
223,4,4,0.3098537027835846
224,3,7,0.269999235868454
225,9,9,0.9231065511703491
226,6,3,0.32325607538223267
227,4,2,0.7295948266983032
228,7,3,0.46092477440834045
229,6,3,0.3367317020893097
230,5,5,0.5389718413352966
231,1,1,0.7589684128761292
232,5,5,0.39237815141677856
233,8,1,0.6809165477752686
234,8,8,0.9914037585258484
235,0,0,0.9925948977470398
236,4,4,0.670163094997406
237,0,0,0.29692357778549194
238,5,3,0.4684559106826782
239,5,5,0.3889150023460388
240,1,1,0.994187593460083
241,1,9,0.5240525007247925
242,8,1,0.6135842204093933
243,9,9,0.613744854927063
244,0,0,0.9195531606674194
245,3,3,0.35639598965644836
246,1,9,0.3524927496910095
247,9,8,0.9661273956298828
248,2,4,0.40021812915802
249,2,0,0.7057995796203613
250,5,5,0.3565661311149597
251,3,5,0.5796285271644592
252,9,9,0.99595707654953
253,9,9,0.5004953145980835
254,4,2,0.48435643315315247
255,0,0,0.3892470896244049
256,3,6,0.48504748940467834
257,0,0,0.8117251396179199
258,0,8,0.9870762228965759
259,9,1,0.6348209977149963
260,8,8,0.7022037506103516
261,1,1,0.4753491282463074
262,5,3,0.2213072031736374
263,7,3,0.2494872361421585
264,0,0,0.8993232846260071
265,8,0,0.47627145051956177
266,2,5,0.24027055501937866
267,4,4,0.871930718421936
268,7,7,0.8264790773391724
269,0,0,0.4504590630531311
270,2,4,0.46022430062294006
271,3,3,0.44558829069137573
272,6,6,0.7148935198783875
273,3,5,0.4972245693206787
274,8,8,0.9168447852134705
275,5,5,0.4549768269062042
276,0,0,0.8997949361801147
277,3,2,0.26236459612846375
278,4,7,0.37094929814338684
279,3,7,0.7043055295944214
280,9,9,0.8874022364616394
281,0,9,0.4403904378414154
282,6,6,0.4418295621871948
283,1,1,0.8846588730812073
284,0,9,0.9004861116409302
285,9,9,0.9928674697875977
286,1,1,0.8126712441444397
287,0,8,0.629119336605072
288,7,7,0.8996752500534058
289,9,9,0.700441837310791
290,1,1,0.9959198236465454
291,2,2,0.606598973274231
292,6,4,0.2931283712387085
293,9,1,0.4400290250778198
294,3,5,0.5575902462005615
295,4,4,0.4556238353252411
296,6,6,0.9838665723800659
297,0,0,0.9903174638748169
298,0,0,0.9511107206344604
299,6,6,0.9223983883857727
300,6,6,0.8029195666313171
301,6,4,0.3032359182834625
302,3,5,0.2719062268733978
303,2,3,0.20336447656154633
304,6,6,0.4203886389732361
305,1,1,0.5748423933982849
306,8,9,0.9228499531745911
307,2,2,0.8057659864425659
308,1,9,0.5365419983863831
309,6,2,0.592671275138855
310,8,8,0.7564217448234558
311,6,6,0.9081506729125977
312,8,0,0.738250732421875
313,0,0,0.415238618850708
314,4,9,0.2796875536441803
315,0,0,0.804909884929657
316,7,7,0.6979445219039917
317,7,7,0.6292757391929626
318,5,5,0.49526894092559814
319,5,5,0.4856501519680023
320,3,3,0.4269517958164215
321,5,5,0.6598535776138306
322,2,6,0.3897320330142975
323,3,2,0.29637062549591064
324,4,5,0.359507292509079
325,1,7,0.6153620481491089
326,7,7,0.872278094291687
327,5,5,0.34615975618362427
328,4,4,0.28134551644325256
329,6,6,0.9198655486106873
330,1,9,0.7316076755523682
331,9,9,0.49142366647720337
332,3,5,0.22970080375671387
333,6,6,0.9534416198730469
334,6,6,0.7956973314285278
335,9,1,0.6051002144813538
336,3,3,0.3588469624519348
337,8,8,0.954132080078125
338,0,0,0.571693480014801
339,7,7,0.7685086727142334
340,2,4,0.4142567813396454
341,6,7,0.5682084560394287
342,2,2,0.49710893630981445
343,5,3,0.4610282778739929
344,8,0,0.5162774920463562
345,5,5,0.746475338935852
346,4,7,0.5688353180885315
347,6,3,0.403669536113739
348,8,8,0.9564385414123535
349,9,9,0.6701770424842834
350,9,9,0.778022050857544
351,1,1,0.692570149898529
352,0,8,0.8008742332458496
353,2,0,0.5234731435775757
354,2,6,0.24264897406101227
355,7,7,0.4997166097164154
356,3,5,0.3956153094768524
357,2,7,0.29725319147109985
358,8,1,0.8882293701171875
359,0,0,0.6086796522140503
360,9,9,0.2911286950111389
361,5,5,0.788674533367157
362,8,8,0.9904100894927979
363,1,1,0.6346144676208496
364,9,9,0.9848266839981079
365,4,7,0.5207428932189941
366,1,4,0.3490644097328186
367,3,7,0.1744457334280014
368,8,0,0.5575363039970398
369,1,1,0.7625709176063538
370,4,3,0.2664414346218109
371,7,7,0.9339891076087952
372,9,9,0.7706634998321533
373,4,4,0.2634258270263672
374,2,2,0.40767762064933777
375,7,7,0.7774227857589722
376,0,2,0.6112377047538757
377,7,7,0.21151518821716309
378,0,8,0.36543402075767517
379,6,6,0.9299905896186829
380,6,6,0.7441831827163696
381,9,9,0.8299996256828308
382,0,0,0.9706966280937195
383,9,1,0.5099863409996033
384,2,5,0.36365845799446106
385,8,0,0.8248863816261292
386,7,7,0.9754033088684082
387,2,4,0.6491551995277405
388,2,5,0.517328143119812
389,5,5,0.8330104947090149
390,1,1,0.742555558681488
391,2,0,0.5963049530982971
392,6,6,0.9604723453521729
393,2,5,0.5882666707038879
394,9,9,0.7371757626533508
395,6,6,0.6164365410804749
396,2,2,0.4864058494567871
397,3,3,0.46590131521224976
398,0,0,0.5071969628334045
399,3,8,0.5365410447120667
400,9,9,0.9978721141815186
401,8,1,0.5859935283660889
402,7,7,0.6708329916000366
403,8,8,0.6673622727394104
404,8,8,0.9622947573661804
405,4,4,0.3561801016330719
406,0,0,0.9636005163192749
407,1,9,0.4582901895046234
408,8,8,0.9395902156829834
409,2,2,0.4845561385154724
410,7,7,0.8898430466651917
411,9,0,0.5620132684707642
412,3,5,0.3289046585559845
413,6,6,0.9608591794967651
414,1,1,0.586491048336029
415,9,9,0.9549769163131714
416,0,0,0.8121088743209839
417,7,7,0.3185260593891144
418,3,3,0.25149965286254883
419,7,7,0.3910461366176605
420,4,4,0.4039393663406372
421,5,5,0.3147020637989044
422,0,8,0.7988860011100769
423,0,0,0.3220914602279663
424,2,2,0.6602023839950562
425,9,9,0.7639988660812378
426,3,6,0.6751782298088074
427,4,7,0.4437606930732727
428,0,9,0.4734720289707184
429,6,6,0.9433441758155823
430,2,4,0.295994371175766
431,5,3,0.37496429681777954
432,3,3,0.3475396931171417
433,7,7,0.3721606731414795
434,3,9,0.7100718021392822
435,7,7,0.7733304500579834
436,2,7,0.2510819137096405
437,5,2,0.35295918583869934
438,3,3,0.34764957427978516
439,1,9,0.4817723035812378
440,1,8,0.6900836825370789
441,4,2,0.47745439410209656
442,9,9,0.9825645089149475
443,9,8,0.3878515660762787
444,5,5,0.30789852142333984
445,7,4,0.6836051940917969
446,5,5,0.5274142026901245
447,0,0,0.9564381241798401
448,2,2,0.6521111726760864
449,2,0,0.5519035458564758
450,2,1,0.34820792078971863
451,9,8,0.35398662090301514
452,7,7,0.9245418906211853
453,3,3,0.43996623158454895
454,9,9,0.9767117500305176
455,4,4,0.5137767195701599
456,3,4,0.5862262845039368
457,5,5,0.31221774220466614
458,4,4,0.5902371406555176
459,6,9,0.4620160758495331
460,5,5,0.40607625246047974
461,6,6,0.35007283091545105
462,1,1,0.4956713318824768
463,4,5,0.5780394673347473
464,3,9,0.35799339413642883
465,4,4,0.9359066486358643
466,4,7,0.8433029055595398
467,3,3,0.5451445579528809
468,7,5,0.8120657205581665
469,8,9,0.40578505396842957
470,3,3,0.6265280246734619
471,7,7,0.5447578430175781
472,8,8,0.9809578657150269
473,0,0,0.5559624433517456
474,5,5,0.3224034309387207
475,7,7,0.6598837971687317
476,6,6,0.5477764010429382
477,0,0,0.4326723515987396
478,5,5,0.49969643354415894
479,4,0,0.19929811358451843
480,8,9,0.8456747531890869
481,6,6,0.9436243176460266
482,8,8,0.8093876838684082
483,5,5,0.5774881839752197
484,5,5,0.3046528697013855
485,9,9,0.47053197026252747
486,9,9,0.9857487082481384
487,9,9,0.9787447452545166
488,5,5,0.516527533531189
489,0,0,0.8424384593963623
490,1,1,0.9321667551994324
491,0,0,0.6975449323654175
492,8,0,0.5253586173057556
493,1,1,0.9071273803710938
494,1,1,0.4663933217525482
495,8,8,0.8458632230758667
496,0,0,0.3865423798561096
497,2,2,0.856753945350647
498,2,2,0.4356881380081177
499,0,0,0.8904436826705933
500,4,6,0.6646312475204468
501,6,6,0.4645498991012573
502,5,5,0.4143863320350647
503,4,4,0.5255398154258728
504,9,9,0.8230857253074646
505,4,4,0.474755197763443
506,7,3,0.4303317368030548
507,9,9,0.4080750644207001
508,9,9,0.7238314151763916
509,4,4,0.622592568397522
510,5,5,0.7102000713348389
511,6,6,0.9314925074577332
512,6,6,0.9902942180633545
513,1,1,0.6015170216560364
514,5,5,0.8221283555030823
515,3,5,0.4517613351345062
516,8,8,0.8200200200080872
517,9,9,0.7435299754142761
518,5,3,0.3713805079460144
519,8,8,0.9013225436210632
520,5,5,0.43346691131591797
521,7,7,0.9172133803367615
522,0,0,0.5298958420753479
523,7,7,0.8093889951705933
524,0,0,0.5316697359085083
525,5,3,0.3501180410385132
526,0,0,0.21422800421714783
527,0,0,0.9549097418785095
528,4,0,0.42463454604148865
529,6,6,0.4761727750301361
530,9,8,0.6922230124473572
531,0,9,0.3964437246322632
532,9,1,0.4875013828277588
533,5,5,0.7539122700691223
534,6,6,0.8540366888046265
535,6,6,0.7647661566734314
536,6,6,0.6174126267433167
537,2,2,0.4940207004547119
538,9,8,0.3821217119693756
539,0,1,0.3770933747291565
540,1,1,0.9861587882041931
541,7,7,0.46376833319664
542,6,6,0.9587451815605164
543,7,7,0.9497446417808533
544,5,5,0.8169907927513123
545,9,9,0.4564339518547058
546,1,1,0.8895360827445984
547,6,6,0.33096447587013245
548,2,5,0.3261464238166809
549,5,5,0.6562434434890747
550,5,2,0.31483617424964905
551,5,2,0.3801352083683014
552,8,8,0.6551497578620911
553,5,3,0.5263555645942688
554,9,9,0.7170359492301941
555,4,2,0.2741940915584564
556,6,3,0.4378739893436432
557,4,3,0.3436068296432495
558,3,3,0.8345391154289246
559,2,2,0.7734748125076294
560,0,0,0.9678478240966797
561,7,7,0.8260300755500793
562,6,6,0.7546250820159912
563,2,4,0.3185940086841583
564,2,4,0.5565146803855896
565,3,5,0.4963422119617462
566,9,9,0.6916598081588745
567,7,5,0.29667961597442627
568,9,8,0.5936556458473206
569,2,4,0.7194240689277649
570,6,5,0.3232898712158203
571,7,7,0.9943231344223022
572,1,1,0.7009230256080627
573,3,3,0.2047450989484787
574,6,3,0.6565039753913879
575,6,6,0.7876407504081726
576,8,8,0.8872811794281006
577,9,0,0.35920581221580505
578,7,7,0.9267594814300537
579,5,5,0.361552894115448
580,4,4,0.7183037996292114
581,0,8,0.6173757910728455
582,8,0,0.6680684089660645
583,4,3,0.15361908078193665
584,0,0,0.9061762094497681
585,9,9,0.5337406396865845
586,3,3,0.2633668780326843
587,4,4,0.3793869912624359
588,8,8,0.9832756519317627
589,9,9,0.9442849159240723
590,6,6,0.8834589719772339
591,9,1,0.9182448983192444
592,2,2,0.873617947101593
593,6,6,0.7769745588302612
594,1,1,0.8749662041664124
595,4,4,0.4719296991825104
596,7,7,0.951438307762146
597,3,5,0.45387306809425354
598,5,5,0.5960541367530823
599,3,3,0.5453513860702515
600,8,8,0.8844481110572815
601,5,5,0.5142145156860352
602,0,0,0.5979800820350647
603,2,2,0.6543580293655396
604,1,1,0.9861817359924316
605,6,6,0.47510722279548645
606,4,3,0.28910085558891296
607,3,5,0.45658576488494873
608,3,3,0.5363916158676147
609,9,9,0.9832157492637634
610,6,6,0.8769426345825195
611,9,9,0.6112638115882874
612,8,8,0.987591028213501
613,8,8,0.9656648635864258
614,5,5,0.6038929224014282
615,8,8,0.5512940883636475
616,6,6,0.6580938696861267
617,6,6,0.5062106251716614
618,2,7,0.7885348796844482
619,1,1,0.5277931690216064
620,7,7,0.8880077600479126
621,7,1,0.2722527086734772
622,1,1,0.9057247638702393
623,2,2,0.3866524398326874
624,7,7,0.8629980087280273
625,9,9,0.8287854194641113
626,9,9,0.5242831707000732
627,4,4,0.5513256788253784
628,4,7,0.9159325957298279
629,1,5,0.27244120836257935
630,2,8,0.636635422706604
631,5,2,0.6501748561859131
632,6,6,0.6693225502967834
633,8,8,0.8021500110626221
634,7,7,0.6597979664802551
635,6,6,0.7655114531517029
636,8,8,0.7717818021774292
637,3,0,0.31427791714668274
638,0,0,0.773469865322113
639,5,5,0.41630783677101135
640,5,5,0.4214679002761841
641,3,6,0.5829864144325256
642,0,7,0.3371710479259491
643,7,7,0.9102784395217896
644,9,9,0.47620320320129395
645,1,1,0.48716458678245544
646,3,5,0.4289924204349518
647,4,2,0.3464353382587433
648,4,4,0.44210919737815857
649,5,7,0.5076231956481934
650,3,3,0.3545787036418915
651,9,9,0.7696890234947205
652,5,9,0.49836266040802
653,6,4,0.3669051229953766
654,9,9,0.559903621673584
655,2,0,0.46172353625297546
656,1,1,0.8140970468521118
657,1,9,0.49369165301322937
658,4,4,0.5304917097091675
659,1,1,0.4782603979110718
660,9,9,0.9202054142951965
661,4,4,0.5834643840789795
662,7,7,0.9987539052963257
663,6,4,0.3725295960903168
664,3,3,0.5881117582321167
665,8,0,0.7558209896087646
666,9,9,0.9928501844406128
667,0,0,0.7954180240631104
668,1,9,0.8583862781524658
669,3,2,0.4185003936290741
670,6,6,0.8414936661720276
671,3,3,0.4432356655597687
672,6,3,0.47210249304771423
673,3,3,0.5326961874961853
674,2,4,0.36156073212623596
675,0,1,0.546159029006958
676,3,4,0.7575778961181641
677,1,1,0.6038428544998169
678,0,5,0.29226258397102356
679,5,3,0.32268407940864563
680,9,9,0.4415628910064697
681,6,6,0.9503921866416931
682,4,2,0.19207307696342468
683,8,8,0.3824698030948639
684,9,9,0.8619154691696167
685,6,4,0.41090917587280273
686,9,9,0.7212275862693787
687,6,7,0.2627444267272949
688,3,3,0.31023359298706055
689,0,7,0.24915626645088196
690,3,4,0.33089280128479004
691,2,0,0.4680854380130768
692,2,0,0.8074347972869873
693,7,7,0.9457647800445557
694,8,8,0.8515155911445618
695,3,3,0.5531759262084961
696,8,8,0.7584271430969238
697,2,0,0.3415214419364929
698,7,7,0.8708320260047913
699,5,5,0.3938978910446167
700,7,7,0.9797517657279968
701,2,0,0.6015416383743286
702,4,4,0.2997606098651886
703,8,8,0.4430147409439087
704,7,7,0.815499484539032
705,4,4,0.276048868894577
706,2,2,0.6046050786972046
707,9,5,0.38027554750442505
708,8,8,0.7580855488777161
709,8,8,0.9835960865020752
710,6,5,0.3526453673839569
711,8,0,0.5825865864753723
712,8,8,0.9596466422080994
713,7,7,0.34840381145477295
714,4,5,0.34966930747032166
715,3,3,0.3640845715999603
716,3,3,0.40102168917655945
717,8,8,0.4212498664855957
718,4,4,0.8838383555412292
719,9,8,0.4063567519187927
720,4,7,0.7031330466270447
721,8,8,0.9500502943992615
722,8,8,0.9967437982559204
723,1,1,0.7672476172447205
724,8,8,0.9344303011894226
725,2,2,0.24179205298423767
726,1,9,0.5032220482826233
727,3,5,0.5926957726478577
728,6,6,0.6057050228118896
729,5,5,0.5161241888999939
730,4,5,0.42930731177330017
731,2,0,0.549804151058197
732,7,7,0.7989165186882019
733,9,9,0.6051845550537109
734,9,1,0.7737043499946594
735,4,2,0.4386983811855316
736,1,1,0.6126803755760193
737,4,2,0.4222695231437683
738,1,1,0.9492796659469604
739,3,7,0.6776349544525146
740,2,5,0.8307710886001587
741,7,7,0.9690257906913757
742,0,8,0.32812559604644775
743,7,7,0.9772089719772339
744,9,2,0.2581474781036377
745,7,7,0.8663800358772278
746,6,6,0.2591919004917145
747,6,6,0.7206593751907349
748,2,2,0.4153156280517578
749,5,5,0.5710856318473816
750,9,9,0.9074124693870544
751,2,0,0.7515299916267395
752,9,9,0.8284531831741333
753,1,1,0.974131166934967
754,2,2,0.8846322298049927
755,2,2,0.4958736300468445
756,6,6,0.9273503422737122
757,8,8,0.7270037531852722
758,2,2,0.7604529857635498
759,1,1,0.9884238839149475
760,3,7,0.304984986782074
761,6,5,0.40165677666664124
762,6,9,0.5327665209770203
763,0,0,0.8139311671257019
764,1,1,0.6521310806274414
765,2,2,0.8968545794487
766,7,2,0.3789938688278198
767,0,2,0.2590717375278473
768,5,2,0.426447331905365
769,4,4,0.27238938212394714
770,6,9,0.8211662173271179
771,1,9,0.799105167388916
772,6,6,0.92611163854599
773,4,3,0.2552693486213684
774,0,0,0.8071876168251038
775,2,4,0.568617582321167
776,2,3,0.29501962661743164
777,6,6,0.9512059092521667
778,0,0,0.9320091605186462
779,5,6,0.5789386630058289
780,9,9,0.9529743194580078
781,1,1,0.7715194821357727
782,7,7,0.7679159641265869
783,6,3,0.25829648971557617
784,7,7,0.9084839224815369
785,0,8,0.5131528973579407
786,3,3,0.5746117234230042
787,9,9,0.383584588766098
788,6,4,0.2722625136375427
789,8,8,0.5957847237586975
790,3,0,0.8956872224807739
791,0,0,0.9773169159889221
792,3,3,0.3877224624156952
793,4,3,0.16473519802093506
794,7,7,0.6269070506095886
795,7,5,0.443561851978302
796,1,4,0.3812195658683777
797,4,5,0.43602797389030457
798,7,3,0.24640263617038727
799,2,4,0.3196083605289459
800,7,7,0.9800596833229065
801,1,1,0.9885685443878174
802,4,0,0.6579521894454956
803,7,7,0.9367563128471375
804,4,4,0.350609689950943
805,4,4,0.5350427031517029
806,8,1,0.46114563941955566
807,4,4,0.5347444415092468
808,7,2,0.5002649426460266
809,7,4,0.3310447037220001
810,5,5,0.5253264307975769
811,3,3,0.42240679264068604
812,7,7,0.9593855142593384
813,2,4,0.5988062024116516
814,0,0,0.4388201832771301
815,8,8,0.9878137111663818
816,9,9,0.7802644968032837
817,5,3,0.6063523888587952
818,8,8,0.7727464437484741
819,3,1,0.22753703594207764
820,6,3,0.28255361318588257
821,2,2,0.44647082686424255
822,0,0,0.932483434677124
823,8,8,0.9820796251296997
824,7,7,0.7653712034225464
825,3,7,0.41401633620262146
826,7,3,0.3047260046005249
827,6,6,0.9776629209518433
828,5,5,0.357417494058609
829,3,5,0.30390042066574097
830,1,1,0.49191877245903015
831,3,6,0.5888692736625671
832,2,2,0.6932224631309509
833,2,5,0.5053303241729736
834,5,7,0.6116580963134766
835,4,3,0.35597163438796997
836,1,9,0.5997119545936584
837,2,7,0.30248314142227173
838,9,9,0.94169682264328
839,2,2,0.8438766598701477
840,7,7,0.9997138381004333
841,0,0,0.6840161085128784
842,7,7,0.9908855557441711
843,2,4,0.45093491673469543
844,1,1,0.39210745692253113
845,3,0,0.24595320224761963
846,2,4,0.2677856385707855
847,0,0,0.8907433748245239
848,2,2,0.25620511174201965
849,4,4,0.42183613777160645
850,7,5,0.6772022843360901
851,9,9,0.5467777848243713
852,8,0,0.45041120052337646
853,9,1,0.7246440052986145
854,0,0,0.8442217707633972
855,7,7,0.5184713006019592
856,7,7,0.7603590488433838
857,0,8,0.5015488862991333
858,7,7,0.8466796278953552
859,8,8,0.8852300047874451
860,4,4,0.7202358245849609
861,6,6,0.9346126317977905
862,3,6,0.5721809267997742
863,3,3,0.35811808705329895
864,0,0,0.8351925611495972
865,1,1,0.6401296854019165
866,3,6,0.19401709735393524
867,7,7,0.3382246792316437
868,0,0,0.9725651741027832
869,1,1,0.815921425819397
870,3,3,0.4925145208835602
871,1,1,0.9903016686439514
872,4,4,0.5646153092384338
873,2,2,0.6103226542472839
874,3,3,0.8990629315376282
875,8,8,0.40530240535736084
876,4,4,0.7036888003349304
877,2,2,0.39068135619163513
878,3,4,0.2775324881076813
879,7,7,0.8409016132354736
880,8,8,0.9213982820510864
881,4,4,0.4321098327636719
882,3,0,0.427489697933197
883,0,0,0.7902902960777283
884,9,9,0.7368700504302979
885,0,0,0.8638805747032166
886,0,9,0.5266860127449036
887,1,1,0.654730498790741
888,0,8,0.8963549733161926
889,4,6,0.5993921756744385
890,4,3,0.32877227663993835
891,6,6,0.7876068353652954
892,7,5,0.28166183829307556
893,6,3,0.5405236482620239
894,1,1,0.5750882029533386
895,1,1,0.7860872745513916
896,3,9,0.5259638428688049
897,7,7,0.6948409080505371
898,3,3,0.4336160719394684
899,5,5,0.347495973110199
900,2,2,0.29753419756889343
901,6,6,0.2908976376056671
902,6,6,0.9517949819564819
903,5,5,0.702552318572998
904,8,8,0.5399414896965027
905,7,2,0.26699885725975037
906,1,1,0.7226325273513794
907,6,6,0.6260504126548767
908,8,8,0.7920217514038086
909,8,8,0.8057095408439636
910,5,7,0.3288640081882477
911,3,3,0.9357587099075317
912,0,3,0.4778340458869934
913,4,5,0.3861463963985443
914,0,0,0.3484548330307007
915,1,1,0.6139885783195496
916,3,0,0.21870528161525726
917,8,8,0.5387296676635742
918,8,8,0.9597856402397156
919,0,4,0.3826569616794586
920,6,3,0.4544132649898529
921,9,9,0.993433952331543
922,9,9,0.4056844413280487
923,9,9,0.3378709852695465
924,5,7,0.32351553440093994
925,5,5,0.59587162733078
926,8,8,0.24942025542259216
927,6,3,0.37577226758003235
928,0,0,0.9140021800994873
929,0,8,0.773324728012085
930,4,4,0.6447124481201172
931,2,2,0.35961824655532837
932,3,3,0.1904851645231247
933,2,5,0.5064818859100342
934,7,7,0.9987572431564331
935,2,3,0.5592363476753235
936,2,2,0.47053396701812744
937,5,7,0.6567191481590271
938,9,9,0.5703034400939941
939,8,8,0.5299530029296875
940,9,1,0.5068944692611694
941,1,9,0.24242238700389862
942,7,7,0.5554608702659607
943,4,4,0.38720881938934326
944,0,0,0.6852914690971375
945,3,3,0.6378246545791626
946,0,0,0.8049514889717102
947,1,6,0.31002727150917053
948,3,3,0.23662534356117249
949,8,8,0.5588793754577637
950,3,3,0.3907986581325531
951,9,9,0.9615656137466431
952,6,6,0.46335655450820923
953,1,1,0.3419208526611328
954,4,7,0.5552359819412231
955,7,7,0.5838293433189392
956,0,0,0.6676025390625
957,3,6,0.394977867603302
958,7,7,0.5380497574806213
959,8,8,0.9684744477272034
960,9,9,0.9841375946998596
961,1,8,0.39668476581573486
962,1,1,0.5184792280197144
963,6,6,0.9033893346786499
964,6,5,0.46341052651405334
965,6,3,0.40293756127357483
966,6,3,0.27976372838020325
967,9,1,0.45013245940208435
968,1,1,0.9667313098907471
969,9,9,0.6023212671279907
970,9,9,0.7135612964630127
971,4,4,0.9408512115478516
972,2,4,0.4392204284667969
973,1,1,0.812435507774353
974,7,0,0.3149348199367523
975,0,0,0.9035948514938354
976,6,6,0.3588615357875824
977,8,8,0.7682256102561951
978,1,1,0.8347842693328857
979,9,9,0.7172546982765198
980,2,6,0.2830669581890106
981,9,1,0.7187004089355469
982,0,5,0.6630940437316895
983,4,4,0.8497998714447021
984,7,7,0.8493170738220215
985,8,8,0.6739278435707092
986,3,5,0.3850019872188568
987,1,1,0.7997078895568848
988,2,5,0.28320708870887756
989,0,0,0.8223798274993896
990,1,1,0.9697191715240479
991,5,5,0.6814181208610535
992,8,8,0.9860749840736389
993,4,2,0.30263766646385193
994,6,6,0.5838773846626282
995,3,7,0.2988799214363098
996,8,8,0.9084261655807495
997,1,1,0.9539062976837158
998,3,3,0.8912557363510132
999,8,8,0.9798730611801147
1000,5,5,0.7604538202285767
1001,0,0,0.5783339738845825
1002,8,8,0.5438055396080017
1003,4,4,0.5638212561607361
1004,8,0,0.6714414954185486
1005,1,1,0.9388394951820374
1006,1,1,0.9375983476638794
1007,8,8,0.6753705143928528
1008,9,7,0.43706387281417847
1009,6,7,0.6646244525909424
1010,0,0,0.99398273229599
1011,8,8,0.90560382604599
1012,6,4,0.1977885514497757
1013,1,1,0.6888941526412964
1014,3,3,0.4088166654109955
1015,4,4,0.476541668176651
1016,1,1,0.6013959050178528
1017,6,6,0.8858592510223389
1018,0,0,0.8365123867988586
1019,5,0,0.4437974989414215
1020,1,1,0.9433449506759644
1021,1,1,0.31465667486190796
1022,0,0,0.7227520942687988
1023,0,0,0.7054876685142517
1024,3,3,0.6968245506286621
1025,5,5,0.7311984300613403
1026,0,4,0.18704017996788025
1027,0,0,0.7351953983306885
1028,6,6,0.6706396341323853
1029,6,6,0.9720697402954102
1030,3,3,0.4467613995075226
1031,3,5,0.4297723174095154
1032,6,2,0.22486165165901184
1033,3,3,0.6077790260314941
1034,6,3,0.4548911154270172
1035,6,3,0.19248470664024353
1036,0,4,0.20232905447483063
1037,7,9,0.6842818856239319
1038,2,2,0.9310138821601868
1039,2,4,0.4188952147960663
1040,7,5,0.7178187966346741
1041,5,5,0.8278506994247437
1042,5,4,0.29138660430908203
1043,2,4,0.5663471221923828
1044,8,8,0.9503578543663025
1045,5,5,0.6899963021278381
1046,2,2,0.5440266728401184
1047,1,8,0.7212523818016052
1048,1,1,0.9123554825782776
1049,4,1,0.7589149475097656
1050,3,7,0.4749557673931122
1051,2,7,0.3099740743637085
1052,0,8,0.6839087605476379
1053,3,5,0.6695703268051147
1054,1,1,0.847623348236084
1055,5,5,0.5225608348846436
1056,3,3,0.5037574172019958
1057,7,9,0.25837379693984985
1058,6,3,0.2737320363521576
1059,8,8,0.8437357544898987
1060,9,9,0.9807376265525818
1061,1,9,0.7249096632003784
1062,6,3,0.4240869879722595
1063,4,3,0.3337433934211731
1064,9,1,0.2830568552017212
1065,3,8,0.2949034571647644
1066,9,1,0.5246824026107788
1067,0,0,0.9528415203094482
1068,9,9,0.9266858696937561
1069,6,6,0.870560348033905
1070,3,5,0.4201686680316925
1071,6,6,0.9511799216270447
1072,0,8,0.933387279510498
1073,7,7,0.9628433585166931
1074,3,3,0.5918381810188293
1075,8,8,0.9330392479896545
1076,0,0,0.8117395043373108
1077,0,0,0.9333890080451965
1078,0,0,0.9426056742668152
1079,6,6,0.9538642168045044
1080,6,6,0.8185369372367859
1081,6,6,0.6230855584144592
1082,9,9,0.8954004049301147
1083,2,2,0.49180716276168823
1084,5,5,0.6053651571273804
1085,4,4,0.8846305012702942
1086,4,4,0.5673454403877258
1087,6,6,0.4150330126285553
1088,3,3,0.2860579192638397
1089,6,6,0.9738193154335022
1090,0,0,0.6452988386154175
1091,8,8,0.8606507778167725
1092,6,3,0.3126017153263092
1093,0,8,0.2488984912633896
1094,6,5,0.5117095112800598
1095,2,6,0.2608947455883026
1096,7,7,0.9841422438621521
1097,5,5,0.41137903928756714
1098,1,1,0.6963825225830078
1099,2,2,0.6130181550979614
1100,7,9,0.3802957236766815
1101,8,8,0.9376575350761414
1102,8,8,0.7056819796562195
1103,0,0,0.6650617122650146
1104,9,9,0.42208918929100037
1105,4,3,0.3512495160102844
1106,9,9,0.7801118493080139
1107,7,1,0.46275612711906433
1108,2,2,0.4511171281337738
1109,0,1,0.4831240773200989
1110,2,0,0.7765252590179443
1111,8,8,0.9823005795478821
1112,3,4,0.30295902490615845
1113,8,8,0.5057965517044067
1114,9,9,0.5059718489646912
1115,1,1,0.878787636756897
1116,5,5,0.4060016870498657
1117,5,5,0.7619313597679138
1118,4,7,0.4824847877025604
1119,7,7,0.9892984628677368
1120,5,5,0.3997345268726349
1121,3,5,0.30368706583976746
1122,8,8,0.9665797352790833
1123,3,3,0.3868352472782135
1124,3,2,0.686852216720581
1125,6,6,0.8655953407287598
1126,2,0,0.8698383569717407
1127,8,8,0.9708220362663269
1128,4,5,0.5760147571563721
1129,3,0,0.3358323574066162
1130,7,9,0.40652036666870117
1131,1,1,0.5972203016281128
1132,2,5,0.30633077025413513
1133,4,4,0.37066617608070374
1134,1,1,0.6671679615974426
1135,6,3,0.7281890511512756
1136,9,1,0.7565023303031921
1137,0,0,0.20360861718654633
1138,5,5,0.6017693877220154
1139,8,8,0.8911464214324951
1140,6,6,0.6584093570709229
1141,1,1,0.5339258909225464
1142,8,8,0.9976734519004822
1143,6,6,0.9868361949920654
1144,1,0,0.3225919306278229
1145,4,3,0.235538512468338
1146,2,4,0.7838580012321472
1147,6,9,0.4733525514602661
1148,2,4,0.4343660771846771
1149,7,5,0.2508796453475952
1150,2,7,0.4688020944595337
1151,2,6,0.2790364623069763
1152,0,0,0.47091788053512573
1153,8,8,0.4591033458709717
1154,6,6,0.8317351341247559
1155,9,9,0.43957316875457764
1156,1,8,0.4004110097885132
1157,7,7,0.8001217246055603
1158,1,1,0.7230764031410217
1159,8,8,0.9066343307495117
1160,8,8,0.7161697149276733
1161,0,0,0.6305385828018188
1162,7,7,0.9908342957496643
1163,3,5,0.32455962896347046
1164,8,8,0.7395156621932983
1165,0,0,0.845170259475708
1166,3,3,0.3166746497154236
1167,4,2,0.38478392362594604
1168,3,0,0.3259722888469696
1169,7,7,0.2985333800315857
1170,7,7,0.7108884453773499
1171,9,9,0.9863401651382446
1172,2,2,0.35187992453575134
1173,3,3,0.4996245205402374
1174,1,8,0.6493401527404785
1175,9,9,0.333096981048584
1176,1,1,0.7016735672950745
1177,9,1,0.7653146982192993
1178,6,2,0.3711325228214264
1179,3,3,0.34573057293891907
1180,3,3,0.1990598440170288
1181,3,6,0.35908135771751404
1182,1,1,0.6982187628746033
1183,0,0,0.3889216482639313
1184,6,6,0.39274972677230835
1185,1,1,0.5879429578781128
1186,4,4,0.7309020757675171
1187,1,1,0.8981202840805054
1188,0,0,0.8725888729095459
1189,0,0,0.7261303663253784
1190,1,9,0.9121524095535278
1191,1,1,0.6309653520584106
1192,6,5,0.3743093013763428
1193,5,5,0.5314406752586365
1194,4,4,0.33453088998794556
1195,6,6,0.9708426594734192
1196,2,5,0.4333725571632385
1197,0,0,0.8744158744812012
1198,7,7,0.7790877223014832
1199,9,1,0.4553636610507965
1200,8,0,0.5862124562263489
1201,7,7,0.5671187043190002
1202,2,5,0.4128030836582184
1203,0,8,0.8868982195854187
1204,6,6,0.947934627532959
1205,8,8,0.9711458086967468
1206,1,1,0.9735939502716064
1207,4,8,0.6411890387535095
1208,3,3,0.2179020196199417
1209,7,7,0.8452390432357788
1210,0,0,0.8532923460006714
1211,6,9,0.2940967082977295
1212,1,1,0.8445011973381042
1213,8,8,0.862684428691864
1214,5,5,0.813004732131958
1215,7,7,0.983080267906189
1216,8,8,0.526431143283844
1217,4,5,0.33240604400634766
1218,8,8,0.9328766465187073
1219,3,3,0.5471513271331787
1220,9,7,0.2507067024707794
1221,9,3,0.3816324770450592
1222,9,1,0.9660000205039978
1223,8,0,0.7866737842559814
1224,7,7,0.5425752401351929
1225,6,6,0.3461510241031647
1226,6,6,0.8169915676116943
1227,3,9,0.18626925349235535
1228,5,0,0.4186396300792694
1229,1,1,0.9356589317321777
1230,5,0,0.291687548160553
1231,9,9,0.7720889449119568
1232,1,1,0.7752290964126587
1233,4,5,0.2597894072532654
1234,1,1,0.6382795572280884
1235,5,5,0.3266720175743103
1236,7,5,0.3075541853904724
1237,0,0,0.6922131180763245
1238,1,1,0.7743728160858154
1239,5,3,0.464732825756073
1240,2,6,0.5138310790061951
1241,0,8,0.5334212779998779
1242,8,8,0.39578360319137573
1243,8,8,0.9888202548027039
1244,5,5,0.6708255410194397
1245,6,3,0.37432119250297546
1246,7,3,0.32706746459007263
1247,3,3,0.272106796503067
1248,2,4,0.5431116819381714
1249,4,4,0.7337356209754944
1250,7,7,0.6329076290130615
1251,2,5,0.3915390074253082
1252,5,5,0.5516204833984375
1253,8,8,0.8403390645980835
1254,2,0,0.6673120260238647
1255,4,4,0.47810694575309753
1256,9,8,0.9238315224647522
1257,2,5,0.5657095909118652
1258,1,6,0.8431402444839478
1259,8,8,0.9692057967185974
1260,1,9,0.6078298091888428
1261,9,8,0.42793580889701843
1262,8,8,0.9983856678009033
1263,8,0,0.7997730374336243
1264,8,8,0.960142970085144
1265,9,9,0.7563521862030029
1266,0,8,0.7452579140663147
1267,4,4,0.8912985920906067
1268,3,7,0.1915358304977417
1269,3,5,0.5037580132484436
1270,1,1,0.4218166470527649
1271,8,8,0.9754398465156555
1272,4,7,0.9453940391540527
1273,6,6,0.496062308549881
1274,3,3,0.5361906886100769
1275,3,3,0.3218383193016052
1276,5,9,0.6192979216575623
1277,2,3,0.28644728660583496
1278,2,2,0.6255457401275635
1279,8,7,0.47551411390304565
1280,3,5,0.4370752274990082
1281,8,8,0.9873871207237244
1282,9,9,0.7426697611808777
1283,5,3,0.5230304598808289
1284,8,8,0.7574254274368286
1285,9,7,0.39673712849617004
1286,8,0,0.6743729114532471
1287,9,9,0.5706654191017151
1288,1,1,0.6745571494102478
1289,6,6,0.9489973783493042
1290,5,5,0.44322896003723145
1291,9,8,0.4981648027896881
1292,4,6,0.491874098777771
1293,4,4,0.2939326763153076
1294,8,0,0.7541099786758423
1295,0,0,0.9624138474464417
1296,7,3,0.36982014775276184
1297,2,0,0.8380271196365356
1298,9,9,0.922670841217041
1299,7,7,0.27203312516212463
1300,4,4,0.3933440148830414
1301,1,1,0.8002676367759705
1302,6,5,0.2989330589771271
1303,4,4,0.5951072573661804
1304,4,8,0.8101587891578674
1305,9,9,0.9816330671310425
1306,1,8,0.1769852638244629
1307,2,2,0.4636874198913574
1308,5,5,0.28376513719558716
1309,6,6,0.6476340293884277
1310,0,0,0.5562248229980469
1311,8,8,0.9891085624694824
1312,6,6,0.479170560836792
1313,1,1,0.7763397693634033
1314,9,9,0.8535391092300415
1315,4,8,0.695491373538971
1316,5,5,0.9179344177246094
1317,9,9,0.9721563458442688
1318,5,3,0.6420707702636719
1319,0,0,0.8139477372169495
1320,7,7,0.5615354776382446
1321,2,2,0.3879959285259247
1322,0,7,0.37463536858558655
1323,0,8,0.5146214365959167
1324,4,3,0.2100837677717209
1325,2,4,0.5694554448127747
1326,6,6,0.3846527934074402
1327,6,6,0.9922594428062439
1328,5,3,0.43492648005485535
1329,5,7,0.5513557195663452
1330,2,5,0.401530921459198
1331,8,8,0.881443440914154
1332,1,1,0.8608717322349548
1333,7,2,0.2606370747089386
1334,3,2,0.38894516229629517
1335,1,1,0.5595353245735168
1336,4,4,0.6677555441856384
1337,5,2,0.3134695291519165
1338,6,6,0.8210448026657104
1339,5,5,0.43841251730918884
1340,1,1,0.44414380192756653
1341,4,4,0.4955507516860962
1342,7,6,0.3294338881969452
1343,0,0,0.7277805805206299
1344,9,1,0.46688127517700195
1345,4,2,0.5933436155319214
1346,3,8,0.6269271969795227
1347,8,8,0.7742367386817932
1348,2,3,0.37702855467796326
1349,8,8,0.9951777458190918
1350,4,4,0.319507896900177
1351,7,7,0.9863992929458618
1352,2,2,0.6275628209114075
1353,3,4,0.19659173488616943
1354,1,1,0.6218852996826172
1355,5,3,0.6493921279907227
1356,2,5,0.29695895314216614
1357,9,9,0.6468862891197205
1358,8,8,0.9804979562759399
1359,9,9,0.9140747785568237
1360,7,7,0.8734890222549438
1361,9,9,0.9650376439094543
1362,5,5,0.7089556455612183
1363,1,1,0.6928080320358276
1364,4,4,0.4497509002685547
1365,0,0,0.8226643204689026
1366,8,8,0.9203370213508606
1367,2,2,0.44355809688568115
1368,3,3,0.5740717053413391
1369,8,8,0.945794939994812
1370,9,9,0.8793084621429443
1371,1,1,0.8116647601127625
1372,1,9,0.86465984582901
1373,3,5,0.5416414737701416
1374,2,0,0.564163327217102
1375,4,4,0.6597790122032166
1376,9,1,0.5384737253189087
1377,3,2,0.33740630745887756
1378,1,1,0.7315126657485962
1379,7,8,0.3509714603424072
1380,4,3,0.3363162875175476
1381,6,8,0.25780975818634033
1382,2,0,0.9895668625831604
1383,8,8,0.8816176056861877
1384,9,1,0.7092977166175842
1385,5,5,0.8457098603248596
1386,3,3,0.7149146199226379
1387,9,9,0.9519291520118713
1388,5,5,0.5818349719047546
1389,5,4,0.7065607905387878
1390,6,6,0.9760830402374268
1391,7,2,0.3196263611316681
1392,2,2,0.9366243481636047
1393,4,3,0.2670116126537323
1394,6,5,0.470481812953949
1395,3,3,0.44536975026130676
1396,1,1,0.9757494926452637
1397,0,0,0.9599198698997498
1398,7,7,0.32755246758461
1399,2,0,0.7537450194358826
1400,5,3,0.37479785084724426
1401,4,7,0.35534828901290894
1402,7,7,0.5897456407546997
1403,6,4,0.4228842258453369
1404,1,1,0.8803902864456177
1405,1,1,0.5219557881355286
1406,9,9,0.8445696830749512
1407,8,8,0.6827762722969055
1408,1,1,0.9911545515060425
1409,0,0,0.7005082368850708
1410,1,1,0.872970461845398
1411,3,9,0.21388261020183563
1412,1,9,0.817311704158783
1413,1,1,0.5899608731269836
1414,1,1,0.8889142274856567
1415,7,7,0.678123414516449
1416,3,5,0.5724448561668396
1417,9,9,0.4440848231315613
1418,6,1,0.24738098680973053
1419,8,8,0.9917117357254028
1420,4,7,0.5676555633544922
1421,6,6,0.9287282824516296
1422,8,8,0.775862455368042
1423,4,4,0.846274733543396
1424,9,9,0.4329474866390228
1425,4,3,0.40792912244796753
1426,7,7,0.5281702876091003
1427,9,9,0.6404418349266052
1428,7,7,0.7144390344619751
1429,6,6,0.4077533185482025
1430,8,8,0.8211889863014221
1431,4,4,0.40431293845176697
1432,9,9,0.9687113165855408
1433,7,7,0.4977755546569824
1434,0,0,0.5380812883377075
1435,1,6,0.4720948338508606
1436,6,3,0.516959011554718
1437,1,1,0.7131379842758179
1438,5,1,0.5158741474151611
1439,9,1,0.8801753520965576
1440,0,8,0.5165929794311523
1441,4,4,0.5906345844268799
1442,3,3,0.6174106597900391
1443,4,6,0.46355172991752625
1444,1,1,0.4741455018520355
1445,3,3,0.5844271779060364
1446,0,0,0.7239201664924622
1447,8,8,0.8425836563110352
1448,4,4,0.470464289188385
1449,6,6,0.9355691075325012
1450,2,2,0.43496572971343994
1451,2,6,0.7785176634788513
1452,6,6,0.9930601119995117
1453,5,4,0.44835230708122253
1454,3,5,0.42258304357528687
1455,6,6,0.8538492918014526
1456,2,4,0.3089088797569275
1457,1,1,0.8463166952133179
1458,1,0,0.47268146276474
1459,8,8,0.7397424578666687
1460,6,6,0.8014178276062012
1461,0,0,0.8309140801429749
1462,4,4,0.7885359525680542
1463,0,0,0.3200553059577942
1464,1,1,0.7453649044036865
1465,9,9,0.4655064046382904
1466,7,7,0.705554187297821
1467,1,1,0.7348135113716125
1468,3,3,0.563188910484314
1469,7,5,0.4246208667755127
1470,7,7,0.3244484066963196
1471,8,8,0.9201200008392334
1472,7,7,0.5908197164535522
1473,7,7,0.998621940612793
1474,3,7,0.4448920488357544
1475,9,9,0.9491288065910339
1476,7,7,0.9629043340682983
1477,7,7,0.8074554800987244
1478,7,7,0.5912147760391235
1479,2,1,0.39614298939704895
1480,1,1,0.30340221524238586
1481,2,2,0.6270467638969421
1482,8,8,0.8377932906150818
1483,6,6,0.7852710485458374
1484,4,5,0.39495524764060974
1485,0,0,0.3728368878364563
1486,7,7,0.6605464816093445
1487,9,9,0.6278991103172302
1488,8,8,0.8928394913673401
1489,6,6,0.46622979640960693
1490,8,8,0.9901494979858398
1491,4,1,0.40872982144355774
1492,9,1,0.5552845597267151
1493,1,1,0.7140947580337524
1494,7,7,0.37300345301628113
1495,2,0,0.7469287514686584
1496,2,4,0.4910760819911957
1497,8,8,0.45304420590400696
1498,5,5,0.48487550020217896
1499,8,8,0.6591567993164062
1500,1,1,0.5548710823059082
1501,2,3,0.3952012360095978
1502,2,2,0.7345532774925232
1503,4,5,0.6706655621528625
1504,1,1,0.6877660751342773
1505,2,2,0.2857799232006073
1506,5,7,0.8204300999641418
1507,2,9,0.4306870102882385
1508,8,8,0.9764618277549744
1509,1,1,0.7837294340133667
1510,8,8,0.8757597208023071
1511,1,1,0.8311787843704224
1512,8,8,0.6084585189819336
1513,6,3,0.3546997308731079
1514,0,0,0.7050343155860901
1515,2,2,0.6581614017486572
1516,4,0,0.37442952394485474
1517,1,1,0.9334438443183899
1518,3,3,0.7690571546554565
1519,6,6,0.7512794137001038
1520,7,7,0.6644088625907898
1521,7,7,0.5116507411003113
1522,4,4,0.8886218667030334
1523,4,7,0.5831944942474365
1524,3,3,0.5041569471359253
1525,3,3,0.47386065125465393
1526,4,4,0.5056056976318359
1527,5,7,0.5398886203765869
1528,2,2,0.5315240025520325
1529,4,4,0.36180320382118225
1530,3,9,0.7946290373802185
1531,7,7,0.4608248770236969
1532,8,8,0.9696192741394043
1533,4,7,0.8182154297828674
1534,4,4,0.5796697735786438
1535,4,4,0.7800487875938416
1536,5,7,0.5248451828956604
1537,4,4,0.5950928330421448
1538,3,8,0.6028040051460266
1539,2,2,0.5980196595191956
1540,8,8,0.9394267201423645
1541,4,2,0.4761892557144165
1542,5,7,0.40954628586769104
1543,5,5,0.6381881833076477
1544,4,4,0.381624698638916
1545,1,1,0.6123262643814087
1546,4,4,0.8198168873786926
1547,2,0,0.8557456135749817
1548,5,2,0.3163297474384308
1549,1,9,0.5311151742935181
1550,6,6,0.8912739753723145
1551,4,4,0.5991102457046509
1552,3,3,0.4682248532772064
1553,4,4,0.6256729960441589
1554,4,4,0.5313544273376465
1555,0,0,0.7798416018486023
1556,8,8,0.9030920267105103
1557,8,8,0.9289776682853699
1558,4,4,0.41496196389198303
1559,5,3,0.4736516773700714
1560,7,7,0.9917758703231812
1561,5,5,0.5946099758148193
1562,6,6,0.962737500667572
1563,9,9,0.6499476432800293
1564,1,1,0.9128130674362183
1565,6,6,0.8701702356338501
1566,7,7,0.9498404264450073
1567,2,3,0.39935609698295593
1568,0,9,0.4349900782108307
1569,1,9,0.4545624256134033
1570,4,4,0.46561262011528015
1571,5,5,0.45046231150627136
1572,6,8,0.34681349992752075
1573,0,0,0.486020565032959
1574,0,8,0.5416932106018066
1575,2,2,0.48759445548057556
1576,7,4,0.3337066173553467
1577,5,5,0.282374769449234
1578,6,6,0.7118775248527527
1579,0,0,0.6242255568504333
1580,6,7,0.29287952184677124
1581,2,5,0.5824558138847351
1582,9,9,0.6985824108123779
1583,1,3,0.3115713596343994
1584,7,7,0.3993404507637024
1585,7,3,0.38086360692977905
1586,5,5,0.8094586730003357
1587,2,0,0.6874598860740662
1588,5,5,0.40570130944252014
1589,6,6,0.8046371936798096
1590,4,0,0.33111193776130676
1591,1,1,0.681250274181366
1592,4,5,0.2773904800415039
1593,3,3,0.3413437604904175
1594,3,3,0.35061490535736084
1595,3,5,0.29818862676620483
1596,0,2,0.46724066138267517
1597,3,3,0.5450872182846069
1598,5,5,0.5440444350242615
1599,5,5,0.40527111291885376
1600,8,8,0.30410900712013245
1601,9,9,0.7610244154930115
1602,7,7,0.47162431478500366
1603,3,0,0.42914435267448425
1604,1,1,0.9298173785209656
1605,3,5,0.29561930894851685
1606,3,3,0.29483547806739807
1607,3,7,0.7459403276443481
1608,4,5,0.3832765519618988
1609,4,5,0.3420408368110657
1610,2,5,0.3481587767601013
1611,3,3,0.6655874252319336
1612,3,3,0.22358430922031403
1613,8,8,0.8665786385536194
1614,1,1,0.6413110494613647
1615,7,3,0.3702571392059326
1616,7,7,0.9689685702323914
1617,0,0,0.9602115750312805
1618,7,2,0.2587467133998871
1619,4,4,0.4174184799194336
1620,5,8,0.29136496782302856
1621,1,1,0.46498265862464905
1622,4,4,0.33404380083084106
1623,2,4,0.45384663343429565
1624,4,4,0.3440408706665039
1625,3,3,0.4127461016178131
1626,9,0,0.3114352822303772
1627,9,9,0.8964810371398926
1628,4,7,0.7225854992866516
1629,9,0,0.4849058985710144
1630,9,9,0.7471941709518433
1631,1,9,0.5616158843040466
1632,8,8,0.8249033689498901
1633,1,1,0.8400360345840454
1634,6,6,0.7064319849014282
1635,7,7,0.9149882793426514
1636,5,5,0.7266191840171814
1637,5,5,0.2817167639732361
1638,4,4,0.5511074662208557
1639,9,9,0.9902330636978149
1640,7,3,0.5406413078308105
1641,6,6,0.7116605639457703
1642,5,4,0.3381626605987549
1643,9,9,0.7138568758964539
1644,2,6,0.3062652051448822
1645,4,4,0.6501010656356812
1646,0,0,0.9778652191162109
1647,7,7,0.9982397556304932
1648,8,8,0.6979547142982483
1649,5,4,0.21512390673160553
1650,5,5,0.9467142820358276
1651,0,0,0.7941304445266724
1652,0,0,0.8874724507331848
1653,9,0,0.5324133634567261
1654,9,9,0.9015098810195923
1655,8,8,0.9961787462234497
1656,2,0,0.504215657711029
1657,5,5,0.7557149529457092
1658,4,0,0.6218631267547607
1659,8,8,0.8982494473457336
1660,3,3,0.6201426386833191
1661,6,6,0.6868249177932739
1662,3,3,0.26155605912208557
1663,6,6,0.878014087677002
1664,0,0,0.9066087603569031
1665,6,6,0.9849123954772949
1666,6,3,0.326020747423172
1667,6,6,0.4662405252456665
1668,9,1,0.4225742816925049
1669,6,6,0.5349431037902832
1670,6,4,0.519036591053009
1671,8,8,0.9915000796318054
1672,6,6,0.5617232918739319
1673,2,6,0.5812622904777527
1674,4,4,0.3919275999069214
1675,5,5,0.2817949950695038
1676,8,8,0.9379348754882812
1677,1,1,0.8077413439750671
1678,2,2,0.7498183250427246
1679,7,7,0.9602640271186829
1680,6,6,0.7716214656829834
1681,5,4,0.35177087783813477
1682,7,7,0.9237704277038574
1683,8,8,0.9319570660591125
1684,1,8,0.6301707029342651
1685,8,5,0.21196231245994568
1686,0,0,0.7010219097137451
1687,8,0,0.7765403985977173
1688,6,4,0.32410168647766113
1689,9,9,0.4358460307121277
1690,2,2,0.2682827413082123
1691,8,8,0.9700914621353149
1692,9,9,0.9139329195022583
1693,4,8,0.4210704267024994
1694,0,0,0.9189669489860535
1695,9,9,0.9903658628463745
1696,4,7,0.3181811571121216
1697,9,9,0.976006269454956
1698,5,5,0.5951735973358154
1699,7,7,0.4856899082660675
1700,5,5,0.5349870324134827
1701,5,9,0.30160531401634216
1702,9,9,0.631912887096405
1703,5,5,0.6265949010848999
1704,3,0,0.5407261848449707
1705,0,0,0.28291451930999756
1706,1,1,0.9159889817237854
1707,9,9,0.9476734399795532
1708,7,5,0.29926562309265137
1709,2,4,0.5606679320335388
1710,4,4,0.4618298411369324
1711,1,8,0.4878002405166626
1712,0,0,0.7642011642456055
1713,8,9,0.5711474418640137
1714,0,0,0.548538327217102
1715,3,3,0.45654016733169556
1716,1,1,0.8431426882743835
1717,7,7,0.9576312899589539
1718,0,8,0.8537768721580505
1719,0,0,0.9644100069999695
1720,4,4,0.7800008654594421
1721,8,8,0.2658127546310425
1722,6,6,0.7125350832939148
1723,2,5,0.2849731147289276
1724,4,2,0.5309292078018188
1725,0,0,0.8740742802619934
1726,0,0,0.9454163908958435
1727,9,9,0.44988173246383667
1728,0,0,0.2982163429260254
1729,8,8,0.9985126852989197
1730,4,4,0.3734845817089081
1731,5,3,0.6748926639556885
1732,9,1,0.6821490526199341
1733,3,5,0.5201160907745361
1734,9,9,0.5761107206344604
1735,0,0,0.38346725702285767
1736,5,9,0.38802197575569153
1737,6,7,0.21256273984909058
1738,5,5,0.6596332788467407
1739,0,9,0.43583768606185913
1740,1,1,0.8268600702285767
1741,4,5,0.46814996004104614
1742,8,8,0.9953815937042236
1743,1,1,0.9970493316650391
1744,0,0,0.9368596076965332
1745,5,5,0.5253960490226746
1746,2,4,0.46148592233657837
1747,1,9,0.8846182227134705
1748,0,0,0.8754993081092834
1749,2,7,0.30590397119522095
1750,8,8,0.8703707456588745
1751,1,1,0.9112856984138489
1752,5,5,0.5184910893440247
1753,6,6,0.514628529548645
1754,7,7,0.7551470398902893
1755,7,7,0.8664702773094177
1756,2,3,0.3813067376613617
1757,6,6,0.32046210765838623
1758,2,2,0.803486168384552
1759,5,5,0.30802345275878906
1760,0,0,0.5000271797180176
1761,1,1,0.887652575969696
1762,4,4,0.6193234920501709
1763,2,5,0.20655177533626556
1764,5,5,0.40210193395614624
1765,4,4,0.6589715480804443
1766,6,6,0.5225206017494202
1767,2,4,0.47084179520606995
1768,2,2,0.48883119225502014
1769,1,1,0.2703178822994232
1770,7,7,0.763264536857605
1771,2,4,0.5084801316261292
1772,8,8,0.3873105049133301
1773,5,5,0.5172138214111328
1774,5,5,0.41938695311546326
1775,3,3,0.3599378764629364
1776,0,0,0.9334450364112854
1777,4,7,0.5665249228477478
1778,8,0,0.7015080451965332
1779,3,5,0.5161644220352173
1780,7,7,0.6859279870986938
1781,6,6,0.9776818156242371
1782,3,3,0.3369846045970917
1783,8,8,0.993323028087616
1784,1,1,0.9248313903808594
1785,0,2,0.7334369421005249
1786,1,9,0.7869722843170166
1787,3,0,0.886728823184967
1788,3,6,0.6006984710693359
1789,0,3,0.41087207198143005
1790,7,7,0.48267045617103577
1791,4,4,0.5509158372879028
1792,9,9,0.9134148359298706
1793,5,7,0.5021337866783142
1794,3,3,0.3624690771102905
1795,6,6,0.6334894895553589
1796,0,8,0.7766546607017517
1797,1,1,0.8449840545654297
1798,4,4,0.6455614566802979
1799,4,0,0.43714988231658936
1800,4,4,0.6674835085868835
1801,4,4,0.866115391254425
1802,2,2,0.516167163848877
1803,2,5,0.6610523462295532
1804,5,8,0.2565438747406006
1805,8,8,0.9114168882369995
1806,1,1,0.6267472505569458
1807,5,7,0.50991290807724
1808,9,9,0.6758166551589966
1809,8,8,0.9655138254165649
1810,1,1,0.7969018220901489
1811,1,1,0.6574966907501221
1812,5,7,0.8278567790985107
1813,3,2,0.277050256729126
1814,9,8,0.7398698329925537
1815,9,9,0.8899282813072205
1816,7,7,0.5036579966545105
1817,6,4,0.5547901391983032
1818,5,5,0.7207566499710083
1819,0,0,0.5744444131851196
1820,8,8,0.8493789434432983
1821,4,4,0.42949774861335754
1822,7,3,0.2854028046131134
1823,0,3,0.31298771500587463
1824,9,9,0.9754551649093628
1825,2,2,0.8645911812782288
1826,8,8,0.9556505680084229
1827,4,4,0.6767705082893372
1828,7,3,0.2747620940208435
1829,1,0,0.2752636969089508
1830,3,7,0.18750594556331635
1831,9,9,0.9701337814331055
1832,6,6,0.20600804686546326
1833,8,8,0.9849976301193237
1834,9,9,0.7720673680305481
1835,0,0,0.2873043417930603
1836,4,4,0.5490669012069702
1837,9,6,0.4514344334602356
1838,6,4,0.21882818639278412
1839,7,7,0.9968962669372559
1840,8,3,0.30602094531059265
1841,9,9,0.46642640233039856
1842,4,7,0.7324003577232361
1843,8,8,0.8722615242004395
1844,9,9,0.7997896075248718
1845,7,7,0.7217099666595459
1846,2,2,0.4525007903575897
1847,5,5,0.48619234561920166
1848,3,3,0.7537823915481567
1849,7,7,0.9912621974945068
1850,1,0,0.5712694525718689
1851,0,0,0.9639121890068054
1852,2,3,0.2706432342529297
1853,9,9,0.9771554470062256
1854,5,5,0.8556599617004395
1855,5,5,0.8051671981811523
1856,8,8,0.9477296471595764
1857,5,5,0.7948586344718933
1858,4,7,0.32611215114593506
1859,2,5,0.4041706621646881
1860,8,8,0.8138154745101929
1861,3,3,0.35062918066978455
1862,5,4,0.5251880884170532
1863,5,0,0.38600683212280273
1864,7,7,0.9560191035270691
1865,7,7,0.5388261079788208
1866,8,8,0.9847514033317566
1867,6,4,0.4377642869949341
1868,2,7,0.8399397134780884
1869,8,8,0.9510090947151184
1870,2,0,0.6112244129180908
1871,3,3,0.5231504440307617
1872,5,5,0.5008555054664612
1873,6,3,0.37504035234451294
1874,8,8,0.8750850558280945
1875,0,0,0.8461121320724487
1876,2,2,0.403319776058197
1877,3,3,0.2506946623325348
1878,7,7,0.9515362977981567
1879,0,9,0.43944570422172546
1880,1,1,0.4241667687892914
1881,9,9,0.6366921663284302
1882,1,1,0.5287672281265259
1883,3,4,0.4649129807949066
1884,7,5,0.2666747272014618
1885,5,5,0.4285041093826294
1886,8,8,0.6160026788711548
1887,3,3,0.41361019015312195
1888,2,8,0.35023102164268494
1889,9,9,0.9122419953346252
1890,6,6,0.348573237657547
1891,8,8,0.9876642823219299
1892,6,4,0.5658438801765442
1893,9,9,0.6481037139892578
1894,3,3,0.7325170040130615
1895,8,8,0.8283441662788391
1896,9,9,0.7658236026763916
1897,8,8,0.9597881436347961
1898,0,5,0.42156288027763367
1899,7,7,0.8948869705200195
1900,8,8,0.9769989848136902
1901,5,5,0.7820242643356323
1902,0,2,0.5249575972557068
1903,0,0,0.9666345119476318
1904,1,9,0.5748943090438843
1905,3,2,0.37208157777786255
1906,9,3,0.5426803231239319
1907,1,3,0.3519169092178345
1908,5,3,0.3172832131385803
1909,3,9,0.4096306562423706
1910,4,7,0.34214574098587036
1911,4,6,0.48251965641975403
1912,0,0,0.8616834282875061
1913,9,9,0.5030197501182556
1914,9,9,0.8583559393882751
1915,9,9,0.9850768446922302
1916,9,5,0.5564879179000854
1917,8,8,0.8657868504524231
1918,2,7,0.38040831685066223
1919,4,7,0.5514700412750244
1920,2,2,0.41437828540802
1921,2,0,0.25481051206588745
1922,5,5,0.4750863313674927
1923,1,1,0.8582692742347717
1924,9,5,0.36311468482017517
1925,1,1,0.7610783576965332
1926,0,0,0.4870300889015198
1927,9,8,0.5720117688179016
1928,4,4,0.4318743348121643
1929,2,2,0.441810667514801
1930,1,9,0.4988090693950653
1931,6,6,0.5366544127464294
1932,0,5,0.2736995816230774
1933,3,5,0.7579466104507446
1934,7,2,0.3509308695793152
1935,6,4,0.518410325050354
1936,3,9,0.37777769565582275
1937,1,9,0.3967994153499603
1938,8,8,0.47620752453804016
1939,6,5,0.1948937326669693
1940,5,0,0.32843777537345886
1941,7,7,0.31373775005340576
1942,2,2,0.5693432092666626
1943,8,8,0.9058517217636108
1944,4,5,0.32040220499038696
1945,4,2,0.2816702127456665
1946,8,8,0.9536945819854736
1947,3,5,0.4001997709274292
1948,5,5,0.8157991170883179
1949,0,0,0.5847422480583191
1950,5,5,0.4062945246696472
1951,7,7,0.9208047986030579
1952,4,4,0.5965448617935181
1953,4,4,0.6457110643386841
1954,2,0,0.6305454969406128
1955,2,7,0.6570990085601807
1956,7,7,0.9516445994377136
1957,3,7,0.6281771659851074
1958,6,6,0.6314300894737244
1959,0,0,0.6290243268013
1960,2,5,0.756788432598114
1961,7,7,0.8145918846130371
1962,6,6,0.9303855299949646
1963,2,0,0.9440441131591797
1964,3,3,0.4651545286178589
1965,0,0,0.9047762751579285
1966,7,7,0.7479526400566101
1967,7,7,0.5487299561500549
1968,8,8,0.9679945707321167
1969,1,9,0.7234199047088623
1970,1,1,0.9200929403305054
1971,4,5,0.33122944831848145
1972,6,2,0.23203440010547638
1973,0,0,0.7190064787864685
1974,6,6,0.7475830316543579
1975,6,8,0.32756325602531433
1976,5,5,0.8068184852600098
1977,5,7,0.3474874496459961
1978,6,6,0.7583420872688293
1979,3,3,0.47891128063201904
1980,9,9,0.7977635860443115
1981,3,3,0.6347325444221497
1982,6,6,0.9034337997436523
1983,8,2,0.29013869166374207
1984,7,7,0.657611608505249
1985,6,2,0.4473625123500824
1986,4,4,0.2658866047859192
1987,9,8,0.6658027768135071
1988,5,5,0.5124993920326233
1989,6,5,0.5599367022514343
1990,4,7,0.7155032753944397
1991,1,1,0.984327495098114
1992,6,6,0.9112260937690735
1993,3,2,0.6251727938652039
1994,8,9,0.6574661731719971
1995,2,2,0.23429444432258606
1996,3,5,0.634128987789154
1997,9,9,0.730226993560791
1998,8,2,0.39720022678375244
1999,5,3,0.47336307168006897
2000,1,6,0.5857958197593689
2001,5,5,0.4674549996852875
2002,4,2,0.3310161828994751
2003,5,5,0.3537594676017761
2004,7,7,0.9858389496803284
2005,5,5,0.29903244972229004
2006,7,7,0.9807819128036499
2007,8,8,0.9438043832778931
2008,9,8,0.5676462054252625
2009,1,9,0.5141454339027405
2010,7,5,0.21546709537506104
2011,2,2,0.3270956873893738
2012,5,5,0.7720811367034912
2013,6,7,0.20523782074451447
2014,8,8,0.9679072499275208
2015,4,4,0.4633919894695282
2016,6,6,0.43550363183021545
2017,5,3,0.35878652334213257
2018,3,3,0.5702369809150696
2019,9,9,0.8204426169395447
2020,9,9,0.986547589302063
2021,8,8,0.7726917266845703
2022,5,3,0.5865802764892578
2023,5,5,0.4657061696052551
2024,6,6,0.3452244997024536
2025,4,4,0.36703309416770935
2026,5,5,0.41344496607780457
2027,9,9,0.48169320821762085
2028,7,7,0.9528880715370178
2029,3,5,0.4847337305545807
2030,4,7,0.43484246730804443
2031,1,1,0.9667952656745911
2032,4,4,0.28616905212402344
2033,2,2,0.5334145426750183
2034,3,4,0.6192070841789246
2035,6,6,0.49555644392967224
2036,5,3,0.586226761341095
2037,5,3,0.47594648599624634
2038,2,3,0.37574097514152527
2039,8,9,0.5842562913894653
2040,0,0,0.9628656506538391
2041,0,0,0.878400981426239
2042,1,1,0.8430534601211548
2043,8,8,0.5572916269302368
2044,3,5,0.7018304467201233
2045,1,1,0.5721986889839172
2046,3,3,0.4447196125984192
2047,5,3,0.6133430600166321
2048,8,8,0.6877176761627197
2049,3,4,0.5440580248832703
2050,8,8,0.9790412783622742
2051,5,5,0.5360487699508667
2052,8,8,0.9998276233673096
2053,6,6,0.4091491401195526
2054,3,5,0.6594465970993042
2055,5,5,0.5871603488922119
2056,5,5,0.9452170729637146
2057,5,8,0.36710047721862793
2058,0,8,0.5116236209869385
2059,9,8,0.6759911179542542
2060,5,5,0.5174997448921204
2061,5,7,0.3404047191143036
2062,7,7,0.5453891158103943
2063,1,1,0.7953316569328308
2064,8,8,0.9102111458778381
2065,2,6,0.4019828140735626
2066,2,4,0.44187942147254944
2067,7,4,0.4636644124984741
2068,3,5,0.36467719078063965
2069,4,4,0.6642465591430664
2070,2,2,0.7919232249259949
2071,9,9,0.9041106700897217
2072,6,6,0.4925735294818878
2073,2,2,0.49218517541885376
2074,2,2,0.9555367231369019
2075,4,7,0.5958819389343262
2076,3,3,0.6443735957145691
2077,0,0,0.7307209372520447
2078,2,9,0.2993769645690918
2079,0,2,0.5189424753189087
2080,1,1,0.6578599214553833
2081,3,3,0.3876085877418518
2082,2,2,0.8328689932823181
2083,2,3,0.3690955936908722
2084,7,7,0.9984326958656311
2085,0,0,0.8335811495780945
2086,1,8,0.30026233196258545
2087,0,0,0.352302223443985
2088,7,7,0.9818768501281738
2089,7,7,0.9935725927352905
2090,2,4,0.43007850646972656
2091,0,7,0.300637423992157
2092,1,1,0.7101937532424927
2093,6,6,0.9841138124465942
2094,5,5,0.7224885821342468
2095,0,4,0.39046046137809753
2096,2,9,0.6274663805961609
2097,2,2,0.4279729425907135
2098,0,0,0.5171375274658203
2099,1,1,0.950068473815918
2100,2,3,0.398569256067276
2101,6,6,0.7435640692710876
2102,0,0,0.7140935659408569
2103,1,1,0.6694412231445312
2104,6,6,0.4810986816883087
2105,6,6,0.5104960203170776
2106,5,5,0.5389372110366821
2107,3,3,0.39729955792427063
2108,4,5,0.33275288343429565
2109,0,0,0.9334468841552734
2110,0,0,0.6129575371742249
2111,9,1,0.8702793717384338
2112,1,1,0.660873532295227
2113,0,0,0.9784746766090393
2114,2,3,0.35386133193969727
2115,5,5,0.2921668589115143
2116,9,9,0.9634254574775696
2117,7,9,0.53226637840271
2118,8,8,0.7761244773864746
2119,6,6,0.9118843078613281
2120,4,7,0.2728461027145386
2121,6,9,0.24437950551509857
2122,0,0,0.9820969700813293
2123,2,2,0.47803452610969543
2124,0,0,0.8110718727111816
2125,1,9,0.6584903001785278
2126,9,9,0.5320568680763245
2127,2,4,0.30423760414123535
2128,4,6,0.6026033163070679
2129,9,0,0.7347124218940735
2130,0,0,0.9527802467346191
2131,7,7,0.9456374645233154
2132,2,2,0.3912171721458435
2133,3,9,0.3819246292114258
2134,4,3,0.4864964783191681
2135,8,8,0.9913459420204163
2136,0,9,0.6505324244499207
2137,2,4,0.43209952116012573
2138,6,6,0.9279000759124756
2139,8,8,0.6905249357223511
2140,9,9,0.9584200382232666
2141,7,7,0.5117722153663635
2142,1,9,0.6208778023719788
2143,9,9,0.969456136226654
2144,3,2,0.3610442280769348
2145,7,4,0.8043889403343201
2146,2,2,0.7125259041786194
2147,7,7,0.27078449726104736
2148,9,9,0.9259949922561646
2149,6,6,0.9084899425506592
2150,9,9,0.7938558459281921
2151,5,0,0.25237441062927246
2152,7,7,0.8986358046531677
2153,8,8,0.9527062177658081
2154,5,5,0.2602248191833496
2155,9,8,0.8084917664527893
2156,8,8,0.9748236536979675
2157,3,5,0.37244904041290283
2158,9,9,0.9741078615188599
2159,8,7,0.22883643209934235
2160,0,8,0.7043890357017517
2161,5,2,0.2904960811138153
2162,5,5,0.3999965190887451
2163,7,7,0.9679964780807495
2164,1,1,0.9529838562011719
2165,2,0,0.8930821418762207
2166,0,0,0.6104347109794617
2167,7,5,0.5352215766906738
2168,5,5,0.4330355226993561
2169,8,8,0.9592663645744324
2170,2,2,0.708312451839447
2171,2,5,0.4489668905735016
2172,5,2,0.2556764483451843
2173,3,3,0.35659390687942505
2174,9,9,0.5446560382843018
2175,3,9,0.5610119700431824
2176,1,1,0.8587916493415833
2177,9,9,0.9000678658485413
2178,3,9,0.35079219937324524
2179,1,1,0.7264019846916199
2180,4,4,0.6100643277168274
2181,3,3,0.5249377489089966
2182,4,4,0.8135117888450623
2183,4,4,0.4541674852371216
2184,9,9,0.9616127610206604
2185,0,0,0.9391247630119324
2186,9,3,0.30278295278549194
2187,5,3,0.4673706591129303
2188,9,9,0.9920251369476318
2189,2,2,0.7242231965065002
2190,9,1,0.6014721393585205
2191,4,7,0.26382601261138916
2192,0,3,0.2504148781299591
2193,2,0,0.9426367282867432
2194,8,8,0.9235198497772217
2195,4,7,0.31447118520736694
2196,8,8,0.805431067943573
2197,6,6,0.7942991256713867
2198,8,8,0.9818727374076843
2199,2,6,0.4453062415122986
2200,0,0,0.78016197681427
2201,5,5,0.7352288365364075
2202,9,9,0.9761344790458679
2203,6,6,0.2517227530479431
2204,9,9,0.9786106944084167
2205,5,9,0.8222174048423767
2206,1,1,0.45863717794418335
2207,3,3,0.34903451800346375
2208,4,4,0.4549553096294403
2209,4,4,0.3474334478378296
2210,2,2,0.6419300436973572
2211,7,7,0.9561251401901245
2212,2,2,0.6034349203109741
2213,4,4,0.391648530960083
2214,4,4,0.46318545937538147
2215,0,0,0.5635192394256592
2216,2,5,0.5888657569885254
2217,8,8,0.9201582670211792
2218,4,4,0.9473694562911987
2219,5,5,0.47332626581192017
2220,1,1,0.9227962493896484
2221,2,2,0.8350964188575745
2222,6,4,0.4569516181945801
2223,8,0,0.5293236970901489
2224,1,1,0.49179890751838684
2225,7,7,0.790931761264801
2226,2,6,0.7181987762451172
2227,8,8,0.464287132024765
2228,7,7,0.8579190373420715
2229,4,4,0.7627514600753784
2230,3,5,0.4706916809082031
2231,3,3,0.515821635723114
2232,0,3,0.3284752070903778
2233,3,5,0.8052674531936646
2234,7,9,0.5175738334655762
2235,2,5,0.539482831954956
2236,5,5,0.2758675813674927
2237,6,3,0.3838494122028351
2238,1,1,0.7366170883178711
2239,7,7,0.9610103964805603
2240,9,1,0.6424850225448608
2241,0,0,0.9350355863571167
2242,2,6,0.2480635941028595
2243,3,3,0.27260908484458923
2244,9,9,0.7354241609573364
2245,8,8,0.8076850175857544
2246,9,0,0.5996509790420532
2247,5,5,0.5432952642440796
2248,0,8,0.7665817737579346
2249,0,0,0.9471432566642761
2250,7,7,0.639565646648407
2251,6,5,0.32030239701271057
2252,3,3,0.6598314642906189
2253,3,7,0.37717893719673157
2254,8,8,0.975439727306366
2255,1,8,0.4463413953781128
2256,4,4,0.33856526017189026
2257,0,0,0.48248574137687683
2258,1,1,0.8038889169692993
2259,5,5,0.5976179838180542
2260,4,4,0.39882344007492065
2261,3,6,0.7007875442504883
2262,2,4,0.26882556080818176
2263,6,6,0.9175527095794678
2264,0,9,0.6672409772872925
2265,8,8,0.9776666760444641
2266,8,8,0.9718451499938965
2267,6,3,0.3735799491405487
2268,3,3,0.4680335223674774
2269,3,3,0.4689478576183319
2270,2,5,0.26995915174484253
2271,9,9,0.5972235798835754
2272,7,7,0.9290191531181335
2273,5,3,0.43025779724121094
2274,1,1,0.9766602516174316
2275,6,4,0.8868516087532043
2276,0,1,0.6427475810050964
2277,5,5,0.6787878274917603
2278,9,9,0.8970450162887573
2279,9,9,0.8385865688323975
2280,4,8,0.29802191257476807
2281,5,5,0.7726754546165466
2282,9,9,0.730553388595581
2283,4,4,0.27285099029541016
2284,8,8,0.8806465268135071
2285,3,5,0.5661250948905945
2286,3,5,0.5060421824455261
2287,2,2,0.3116360902786255
2288,5,4,0.31440311670303345
2289,1,1,0.8774212598800659
2290,9,9,0.8234049677848816
2291,5,5,0.8375550508499146
2292,5,3,0.4055040776729584
2293,8,1,0.8726896643638611
2294,1,8,0.24632303416728973
2295,8,8,0.9707884192466736
2296,9,9,0.9514997005462646
2297,7,7,0.4123152792453766
2298,0,0,0.6613953113555908
2299,6,3,0.395742803812027
2300,3,4,0.24731068313121796
2301,2,5,0.7178801894187927
2302,0,0,0.6979907155036926
2303,2,2,0.5504046678543091
2304,6,6,0.7104188799858093
2305,9,7,0.38023507595062256
2306,3,5,0.4190002679824829
2307,9,7,0.3651106655597687
2308,1,1,0.8744281530380249
2309,6,3,0.43891847133636475
2310,6,5,0.2849300801753998
2311,7,7,0.5994848012924194
2312,2,2,0.3784826099872589
2313,6,4,0.5970311164855957
2314,3,3,0.47855013608932495
2315,2,2,0.5522693991661072
2316,5,2,0.3420816659927368
2317,5,5,0.8383049964904785
2318,2,2,0.8226603865623474
2319,7,7,0.6545368432998657
2320,5,5,0.455796480178833
2321,2,8,0.4483230710029602
2322,0,0,0.9097785949707031
2323,8,8,0.8400291800498962
2324,0,0,0.4580424129962921
2325,7,0,0.33906790614128113
2326,7,7,0.9403967261314392
2327,1,4,0.4088211953639984
2328,7,7,0.9604102373123169
2329,4,4,0.33691346645355225
2330,0,8,0.5038269758224487
2331,2,3,0.3979499340057373
2332,2,2,0.9009671807289124
2333,6,6,0.9618459939956665
2334,1,9,0.4636387825012207
2335,5,5,0.6996816992759705
2336,9,9,0.8873170018196106
2337,7,7,0.6608041524887085
2338,6,6,0.39286255836486816
2339,2,5,0.37727394700050354
2340,7,7,0.9752537608146667
2341,0,0,0.9601123332977295
2342,5,6,0.26615041494369507
2343,6,4,0.3059423863887787
2344,0,0,0.6476642489433289
2345,1,1,0.9371858239173889
2346,1,1,0.7144057750701904
2347,8,8,0.7018694877624512
2348,4,3,0.31205418705940247
2349,5,5,0.7982378602027893
2350,3,6,0.2752320170402527
2351,1,1,0.41638869047164917
2352,2,2,0.3786007761955261
2353,4,4,0.601637601852417
2354,8,8,0.9224439859390259
2355,9,8,0.6836773157119751
2356,8,8,0.7442452311515808
2357,1,1,0.5966363549232483
2358,7,5,0.47614091634750366
2359,2,4,0.2789013385772705
2360,7,7,0.5402012467384338
2361,2,2,0.35143133997917175
2362,3,5,0.3739185631275177
2363,2,6,0.48146069049835205
2364,6,6,0.9337893724441528
2365,7,5,0.43657755851745605
2366,9,1,0.39911535382270813
2367,4,4,0.5359126329421997
2368,0,0,0.9585784077644348
2369,1,1,0.9182612895965576
2370,0,0,0.7027599215507507
2371,4,0,0.3628559410572052
2372,5,5,0.44752025604248047
2373,0,0,0.9993278980255127
2374,8,8,0.9464581608772278
2375,0,8,0.8050948977470398
2376,7,0,0.44961801171302795
2377,6,4,0.7613433599472046
2378,1,1,0.8937092423439026
2379,0,8,0.4816334545612335
2380,8,8,0.9481747150421143
2381,5,5,0.8628876209259033
2382,9,9,0.8960583806037903
2383,2,2,0.4597897231578827
2384,5,3,0.34148991107940674
2385,4,5,0.2857256233692169
2386,4,7,0.36836016178131104
2387,9,9,0.5021923184394836
2388,0,0,0.7220186591148376
2389,6,6,0.9464187622070312
2390,1,2,0.1890120655298233
2391,2,4,0.4459068775177002
2392,5,5,0.2591642737388611
2393,1,1,0.8394371867179871
2394,6,6,0.4330318570137024
2395,7,4,0.3604426681995392
2396,1,7,0.28083574771881104
2397,5,5,0.4548094868659973
2398,8,8,0.8141812682151794
2399,8,8,0.9948785305023193
2400,0,0,0.9963662624359131
2401,3,3,0.3410741686820984
2402,9,9,0.9749355912208557
2403,4,0,0.35083138942718506
2404,0,7,0.5426660776138306
2405,3,6,0.9825512766838074
2406,4,4,0.6342607140541077
2407,9,9,0.7696793079376221
2408,2,2,0.7951981425285339
2409,4,4,0.3307742178440094
2410,3,3,0.6397550702095032
2411,0,0,0.6682201623916626
2412,6,6,0.5322766304016113
2413,4,7,0.36681610345840454
2414,5,3,0.30229848623275757
2415,6,6,0.32268834114074707
2416,6,6,0.3025258183479309
2417,7,7,0.9514575004577637
2418,8,8,0.9854957461357117
2419,4,7,0.2769632935523987
2420,8,0,0.22685623168945312
2421,8,8,0.4504519999027252
2422,3,7,0.2247946560382843
2423,2,6,0.711406409740448
2424,8,8,0.45830443501472473
2425,0,0,0.5385448932647705
2426,2,2,0.5492822527885437
2427,5,5,0.3041870892047882
2428,6,6,0.906476616859436
2429,8,0,0.5145409107208252
2430,7,7,0.30991506576538086
2431,8,8,0.9151915311813354
2432,9,0,0.6265596747398376
2433,9,1,0.5868905782699585
2434,0,8,0.8972582221031189
2435,6,2,0.3347286581993103
2436,6,7,0.4273766875267029
2437,8,8,0.7133862972259521
2438,1,8,0.7798686027526855
2439,1,1,0.8847047686576843
2440,7,3,0.2932198941707611
2441,4,6,0.548723578453064
2442,4,3,0.5111132264137268
2443,2,2,0.532035231590271
2444,3,3,0.5113210678100586
2445,6,6,0.9665162563323975
2446,9,6,0.20366178452968597
2447,6,9,0.2283593714237213
2448,2,2,0.6370441913604736
2449,4,4,0.4878484010696411
2450,1,1,0.6514568328857422
2451,8,8,0.885572075843811
2452,2,5,0.3249955475330353
2453,3,4,0.6660473346710205
2454,1,1,0.5103529691696167
2455,6,3,0.3163176476955414
2456,8,8,0.8654281497001648
2457,6,6,0.9756271243095398
2458,8,8,0.6668220162391663
2459,5,5,0.7551152110099792
2460,9,9,0.8906956315040588
2461,0,0,0.9402168393135071
2462,1,1,0.9806557893753052
2463,0,0,0.9646751880645752
2464,2,4,0.28111520409584045
2465,9,9,0.7233417630195618
2466,2,2,0.42198917269706726
2467,9,9,0.919809877872467
2468,0,0,0.7835601568222046
2469,9,9,0.8950074911117554
2470,7,7,0.7573163509368896
2471,8,8,0.9686377048492432
2472,5,5,0.6245215535163879
2473,0,0,0.8395462036132812
2474,6,6,0.46378713846206665
2475,6,6,0.7574037909507751
2476,8,8,0.9926976561546326
2477,1,1,0.8611460328102112
2478,6,6,0.6749643087387085
2479,5,5,0.26086968183517456
2480,8,8,0.9558593034744263
2481,7,4,0.4169673025608063
2482,9,9,0.6504241228103638
2483,2,3,0.22001078724861145
2484,1,1,0.9455469846725464
2485,6,6,0.8209587335586548
2486,7,4,0.6899129748344421
2487,5,5,0.6614200472831726
2488,6,6,0.7087134122848511
2489,3,2,0.3770720362663269
2490,0,0,0.4614003300666809
2491,9,0,0.7728490829467773
2492,8,8,0.7474492788314819
2493,9,9,0.8879497051239014
2494,5,3,0.4497241675853729
2495,9,8,0.4087207019329071
2496,9,9,0.9870783090591431
2497,9,8,0.6824475526809692
2498,3,3,0.24049434065818787
2499,6,2,0.28606411814689636
2500,4,6,0.5427425503730774
2501,4,4,0.5704787969589233
2502,8,8,0.9956274032592773
2503,8,0,0.29737555980682373
2504,1,1,0.940436601638794
2505,7,7,0.8193926811218262
2506,3,0,0.3125322759151459
2507,0,0,0.44456782937049866
2508,6,7,0.4841930568218231
2509,2,0,0.5264367461204529
2510,4,4,0.5450190305709839
2511,8,1,0.70995032787323
2512,2,3,0.395437628030777
2513,2,2,0.8532464504241943
2514,9,3,0.6067841053009033
2515,2,4,0.3308098614215851
2516,2,3,0.5411615967750549
2517,9,9,0.9213974475860596
2518,7,7,0.9666616916656494
2519,4,5,0.32086828351020813
2520,1,1,0.4466349482536316
2521,9,5,0.33534571528434753
2522,1,1,0.629508376121521
2523,4,0,0.3710384964942932
2524,3,3,0.40125563740730286
2525,5,0,0.22239917516708374
2526,3,5,0.3891165256500244
2527,8,8,0.9940618872642517
2528,9,9,0.8267659544944763
2529,3,3,0.3015608787536621
2530,6,6,0.7612061500549316
2531,2,2,0.6617887020111084
2532,0,8,0.4787003993988037
2533,8,6,0.4155549705028534
2534,9,8,0.4987088441848755
2535,0,3,0.19612200558185577
2536,5,5,0.8037635087966919
2537,1,1,0.9168396592140198
2538,5,2,0.39664244651794434
2539,8,9,0.8072470426559448
2540,2,5,0.29543325304985046
2541,1,1,0.7099924683570862
2542,2,8,0.9824976325035095
2543,3,0,0.4385986626148224
2544,2,3,0.2829596698284149
2545,4,7,0.5773434042930603
2546,8,8,0.9611191153526306
2547,4,6,0.7349029183387756
2548,0,9,0.481873095035553
2549,6,6,0.40178388357162476
2550,4,7,0.3850466310977936
2551,2,4,0.44361400604248047
2552,9,9,0.934750497341156
2553,8,8,0.9806522130966187
2554,4,7,0.631811261177063
2555,7,7,0.8298342227935791
2556,6,6,0.7774484157562256
2557,2,5,0.26206642389297485
2558,4,4,0.35120290517807007
2559,7,7,0.7153323888778687
2560,7,7,0.4840068817138672
2561,6,6,0.7564350962638855
2562,4,4,0.700544536113739
2563,2,0,0.6414981484413147
2564,2,2,0.3497752249240875
2565,3,5,0.45554229617118835
2566,2,2,0.7403218746185303
2567,4,3,0.3846795856952667
2568,9,7,0.39222028851509094
2569,0,0,0.9897947907447815
2570,0,5,0.5641319155693054
2571,9,9,0.8665151000022888
2572,6,6,0.6049685478210449
2573,5,3,0.4627338647842407
2574,8,8,0.9865053296089172
2575,5,4,0.32391050457954407
2576,2,2,0.3242326080799103
2577,4,2,0.3377948999404907
2578,8,8,0.9607221484184265
2579,8,8,0.579020082950592
2580,6,6,0.36030513048171997
2581,4,4,0.36784496903419495
2582,5,5,0.3839338719844818
2583,7,7,0.9779821634292603
2584,6,6,0.8966549634933472
2585,3,5,0.5481173396110535
2586,7,2,0.42109909653663635
2587,0,9,0.5286209583282471
2588,4,4,0.22617553174495697
2589,0,0,0.6906133890151978
2590,5,3,0.2969568371772766
2591,8,8,0.6617088317871094
2592,2,4,0.36506134271621704
2593,8,8,0.9494812488555908
2594,0,0,0.9685936570167542
2595,4,6,0.43374869227409363
2596,9,0,0.26440393924713135
2597,2,5,0.5728127956390381
2598,3,5,0.521842360496521
2599,6,6,0.3844120502471924
2600,8,8,0.8214504718780518
2601,1,1,0.9790439605712891
2602,6,6,0.9908864498138428
2603,0,0,0.3941786587238312
2604,8,8,0.9471057057380676
2605,4,7,0.4780415892601013
2606,3,5,0.538710355758667
2607,1,1,0.8254782557487488
2608,4,2,0.47239968180656433
2609,5,6,0.22372940182685852
2610,2,2,0.8133105039596558
2611,4,4,0.29823628067970276
2612,3,5,0.41216281056404114
2613,6,4,0.3342234194278717
2614,0,0,0.9301725029945374
2615,7,7,0.9484219551086426
2616,1,1,0.6586774587631226
2617,3,3,0.4302386939525604
2618,5,5,0.5261267423629761
2619,7,3,0.42278534173965454
2620,1,1,0.917683482170105
2621,8,8,0.9021992683410645
2622,0,0,0.6393473744392395
2623,4,4,0.39500004053115845
2624,8,8,0.33062219619750977
2625,2,2,0.4662761390209198
2626,7,7,0.6540516018867493
2627,7,7,0.7347251176834106
2628,0,8,0.5948517918586731
2629,2,4,0.5892690420150757
2630,2,2,0.2611851990222931
2631,4,4,0.5519394874572754
2632,3,6,0.21498315036296844
2633,3,3,0.27266648411750793
2634,1,9,0.7903339266777039
2635,6,4,0.5264843702316284
2636,1,1,0.8575350642204285
2637,6,6,0.6524515151977539
2638,4,4,0.5230016708374023
2639,6,9,0.5590662956237793
2640,7,7,0.5514914989471436
2641,4,4,0.7395952939987183
2642,7,5,0.3651446998119354
2643,3,5,0.24138331413269043
2644,8,8,0.5076547861099243
2645,1,1,0.988494336605072
2646,3,5,0.6848813891410828
2647,1,1,0.7972884178161621
2648,4,0,0.5897649526596069
2649,6,6,0.8408997058868408
2650,5,9,0.3848404884338379
2651,5,0,0.806831419467926
2652,7,7,0.9540887475013733
2653,4,0,0.4574790596961975
2654,5,5,0.5589913129806519
2655,4,0,0.5158228278160095
2656,9,9,0.9251900911331177
2657,7,3,0.3269244432449341
2658,7,7,0.9782076478004456
2659,2,2,0.3025519847869873
2660,3,5,0.4968348443508148
2661,3,5,0.5790736079216003
2662,6,2,0.35758861899375916
2663,7,7,0.8368332386016846
2664,4,4,0.7321240305900574
2665,1,1,0.971107006072998
2666,6,6,0.34478726983070374
2667,1,1,0.9519081711769104
2668,0,8,0.5136635303497314
2669,6,6,0.9215073585510254
2670,9,9,0.6684257984161377
2671,6,6,0.6807543635368347
2672,0,0,0.39507174491882324
2673,2,2,0.27992352843284607
2674,0,0,0.9416378140449524
2675,2,4,0.602005124092102
2676,4,4,0.44437935948371887
2677,7,7,0.9306547045707703
2678,0,0,0.5082172751426697
2679,0,0,0.855013906955719
2680,0,0,0.9937115907669067
2681,0,2,0.3757617771625519
2682,7,4,0.31635013222694397
2683,5,5,0.8690422773361206
2684,3,3,0.6384176015853882
2685,2,7,0.3062326908111572
2686,7,7,0.8472506403923035
2687,8,8,0.9945756196975708
2688,5,3,0.46634191274642944
2689,5,5,0.6294978857040405
2690,2,0,0.30558398365974426
2691,2,2,0.7783262133598328
2692,8,8,0.9442562460899353
2693,9,9,0.8193541765213013
2694,1,1,0.7913233041763306
2695,2,6,0.4946022927761078
2696,2,7,0.40210458636283875
2697,0,9,0.6543166637420654
2698,3,3,0.5615323781967163
2699,4,4,0.7046607732772827
2700,9,1,0.5363863110542297
2701,1,9,0.369582861661911
2702,6,4,0.5637229084968567
2703,9,0,0.8465860486030579
2704,0,8,0.4097937345504761
2705,8,0,0.5658034682273865
2706,3,3,0.3653217554092407
2707,6,3,0.2807084918022156
2708,4,4,0.1846536546945572
2709,6,6,0.4115971326828003
2710,7,7,0.9956436157226562
2711,5,5,0.629588782787323
2712,1,1,0.5028045773506165
2713,8,8,0.9562581181526184
2714,9,8,0.5691108703613281
2715,0,0,0.989231288433075
2716,5,3,0.535075843334198
2717,0,3,0.3536267578601837
2718,5,3,0.4038119614124298
2719,4,5,0.4023374915122986
2720,3,3,0.39922913908958435
2721,8,8,0.3630659878253937
2722,5,3,0.3722365200519562
2723,2,2,0.4892595708370209
2724,0,0,0.8483982682228088
2725,8,8,0.8258934617042542
2726,5,5,0.49965500831604004
2727,9,9,0.8069831132888794
2728,2,5,0.3857436180114746
2729,5,0,0.388349711894989
2730,6,6,0.7929602265357971
2731,5,5,0.6997772455215454
2732,7,7,0.9627319574356079
2733,3,2,0.4154222309589386
2734,7,7,0.9482432007789612
2735,2,3,0.46579134464263916
2736,8,8,0.673356294631958
2737,8,9,0.5318872332572937
2738,4,3,0.4643761217594147
2739,2,2,0.7183781266212463
2740,1,9,0.5244547724723816
2741,6,6,0.7078176736831665
2742,2,5,0.7052059173583984
2743,9,9,0.7051745057106018
2744,9,9,0.9572930932044983
2745,8,8,0.9649415016174316
2746,2,7,0.416820764541626
2747,3,3,0.2138199657201767
2748,1,1,0.8259518146514893
2749,0,0,0.9470695853233337
2750,5,5,0.32833755016326904
2751,2,7,0.5395431518554688
2752,3,3,0.3270440101623535
2753,7,7,0.3593638837337494
2754,9,6,0.7550368905067444
2755,5,7,0.5822742581367493
2756,9,5,0.5257476568222046
2757,1,9,0.8496402502059937
2758,1,9,0.8760268688201904
2759,3,3,0.5875591039657593
2760,2,4,0.3345765173435211
2761,7,0,0.5542221665382385
2762,4,2,0.6904348731040955
2763,4,4,0.5407251119613647
2764,1,1,0.9784808158874512
2765,9,9,0.7835671305656433
2766,4,4,0.9583272337913513
2767,5,0,0.35943862795829773
2768,5,2,0.2919778525829315
2769,2,9,0.5595475435256958
2770,7,2,0.3841569125652313
2771,7,7,0.464186429977417
2772,6,6,0.5641040802001953
2773,1,1,0.5866632461547852
2774,2,5,0.4320811629295349
2775,3,3,0.7363545894622803
2776,7,7,0.453497976064682
2777,5,3,0.6043004989624023
2778,4,4,0.5424435138702393
2779,3,2,0.348113477230072
2780,7,7,0.9813659191131592
2781,7,7,0.5517270565032959
2782,0,0,0.49612924456596375
2783,0,0,0.46903228759765625
2784,1,1,0.6343637704849243
2785,4,5,0.3634698987007141
2786,4,4,0.37816402316093445
2787,3,8,0.2791036069393158
2788,7,9,0.2978455722332001
2789,9,9,0.5682275295257568
2790,8,8,0.75092613697052
2791,7,7,0.8912307024002075
2792,0,0,0.998102605342865
2793,9,9,0.9903290271759033
2794,0,0,0.4514116942882538
2795,3,3,0.39512380957603455
2796,7,7,0.9888659119606018
2797,6,6,0.4822591245174408
2798,3,5,0.6342959403991699
2799,8,8,0.9989079236984253
2800,4,4,0.3721638321876526
2801,5,5,0.5905623435974121
2802,6,6,0.9468352198600769
2803,5,5,0.683662474155426
2804,3,7,0.347129762172699
2805,4,4,0.7947152256965637
2806,2,0,0.47063326835632324
2807,9,9,0.6697596311569214
2808,2,3,0.2750270366668701
2809,4,3,0.26599985361099243
2810,9,7,0.5288886427879333
2811,2,2,0.37050825357437134
2812,0,0,0.7080937623977661
2813,1,1,0.9760403633117676
2814,1,9,0.6594322919845581
2815,3,3,0.1838609278202057
2816,7,7,0.7018511295318604
2817,9,9,0.9276177883148193
2818,5,6,0.26469308137893677
2819,1,1,0.8881633877754211
2820,6,6,0.6480788588523865
2821,0,0,0.3750729560852051
2822,3,5,0.5781761407852173
2823,3,3,0.43367668986320496
2824,7,7,0.8940494656562805
2825,2,6,0.6428157687187195
2826,4,2,0.25447773933410645
2827,5,5,0.8669483661651611
2828,2,2,0.4266698658466339
2829,3,6,0.6439959406852722
2830,6,6,0.9437335729598999
2831,3,9,0.626554548740387
2832,3,3,0.29590198397636414
2833,0,0,0.9740270376205444
2834,4,2,0.4583907127380371
2835,4,9,0.5014001131057739
2836,3,9,0.2118314802646637
2837,8,8,0.9785797595977783
2838,1,0,0.3810049593448639
2839,2,4,0.34708812832832336
2840,3,3,0.42083123326301575
2841,2,5,0.40171366930007935
2842,7,4,0.2977096736431122
2843,1,3,0.3429722189903259
2844,4,3,0.2466762512922287
2845,5,5,0.29327917098999023
2846,6,8,0.6408178210258484
2847,8,0,0.3777798116207123
2848,6,9,0.5091513991355896
2849,6,6,0.4075564742088318
2850,5,5,0.5790517926216125
2851,4,4,0.33091986179351807
2852,2,7,0.3519060015678406
2853,9,9,0.9612810015678406
2854,9,7,0.3419606685638428
2855,3,5,0.7269378304481506
2856,2,5,0.504685640335083
2857,0,0,0.7766219973564148
2858,4,4,0.41563600301742554
2859,1,1,0.4077695906162262
2860,5,5,0.49203890562057495
2861,5,5,0.5710821747779846
2862,6,5,0.2407948225736618
2863,6,6,0.5515738129615784
2864,5,5,0.9101789593696594
2865,6,6,0.5681986212730408
2866,9,9,0.9009526371955872
2867,7,4,0.28144600987434387
2868,9,7,0.19310088455677032
2869,4,0,0.8478181958198547
2870,8,8,0.7183441519737244
2871,3,2,0.47550708055496216
2872,1,1,0.8808110952377319
2873,9,8,0.5743128657341003
2874,8,0,0.3818473815917969
2875,1,8,0.6126224994659424
2876,9,9,0.6513760089874268
2877,0,8,0.4959458112716675
2878,3,3,0.35748547315597534
2879,0,0,0.6408213376998901
2880,4,4,0.8493503332138062
2881,7,7,0.4195121228694916
2882,7,7,0.778831422328949
2883,2,2,0.770047128200531
2884,6,6,0.7368536591529846
2885,5,5,0.8050957322120667
2886,6,3,0.4008927643299103
2887,9,9,0.6905022859573364
2888,7,5,0.3368833363056183
2889,7,5,0.6598911881446838
2890,5,5,0.5621104836463928
2891,7,0,0.23034648597240448
2892,0,0,0.8685809373855591
2893,8,8,0.9974042773246765
2894,6,6,0.8078869581222534
2895,7,5,0.44742435216903687
2896,8,8,0.9452126026153564
2897,3,3,0.5006145238876343
2898,8,3,0.4907321631908417
2899,9,9,0.3949534595012665
2900,3,5,0.37221184372901917
2901,2,8,0.38849037885665894
2902,9,9,0.8733036518096924
2903,2,2,0.3391544818878174
2904,7,7,0.862949013710022
2905,4,4,0.5599339604377747
2906,1,0,0.41263309121131897
2907,9,9,0.5079033970832825
2908,7,7,0.6940149664878845
2909,0,0,0.6496237516403198
2910,8,0,0.23665781319141388
2911,1,1,0.9408121109008789
2912,2,4,0.34943678975105286
2913,0,0,0.8612319231033325
2914,6,6,0.7387251257896423
2915,5,5,0.8993265628814697
2916,1,0,0.7275245785713196
2917,4,4,0.9531853795051575
2918,2,2,0.7977277040481567
2919,8,8,0.9917776584625244
2920,2,4,0.39973410964012146
2921,8,8,0.9766857028007507
2922,3,3,0.7521206140518188
2923,3,5,0.5071010589599609
2924,1,1,0.8645005226135254
2925,4,7,0.44318583607673645
2926,9,9,0.749764084815979
2927,8,8,0.9940144419670105
2928,1,1,0.9784447550773621
2929,1,1,0.8525468111038208
2930,7,5,0.3988410234451294
2931,9,9,0.7954402565956116
2932,9,9,0.5611593723297119
2933,4,4,0.6948513388633728
2934,6,6,0.5193465948104858
2935,8,8,0.8309613466262817
2936,5,5,0.8424990773200989
2937,3,3,0.4380118250846863
2938,2,4,0.4853472113609314
2939,2,2,0.594300389289856
2940,3,7,0.6073624491691589
2941,8,5,0.461652934551239
2942,5,5,0.7305119037628174
2943,1,1,0.6481594443321228
2944,9,9,0.9117250442504883
2945,7,7,0.4594396948814392
2946,9,9,0.7929343581199646
2947,1,1,0.9008256196975708
2948,5,0,0.7555882334709167
2949,3,4,0.3656942844390869
2950,1,1,0.812742292881012
2951,0,9,0.5790374875068665
2952,3,3,0.4011964201927185
2953,8,8,0.985706627368927
2954,9,9,0.8727485537528992
2955,2,5,0.29003751277923584
2956,0,0,0.7436366677284241
2957,8,8,0.3456830680370331
2958,0,8,0.5449752807617188
2959,7,2,0.35220181941986084
2960,9,9,0.7798088192939758
2961,4,7,0.507616400718689
2962,8,0,0.5633636713027954
2963,3,3,0.36906319856643677
2964,0,8,0.737228512763977
2965,7,7,0.6560716032981873
2966,0,0,0.7383977174758911
2967,7,7,0.9011403918266296
2968,0,0,0.88646399974823
2969,5,5,0.5998928546905518
2970,5,3,0.5063501000404358
2971,4,4,0.7874978184700012
2972,3,8,0.1745615452528
2973,0,0,0.646047830581665
2974,9,9,0.5328544974327087
2975,9,1,0.38105589151382446
2976,0,0,0.5870004296302795
2977,2,3,0.26750901341438293
2978,2,7,0.21850454807281494
2979,0,0,0.9767256379127502
2980,8,8,0.9954727292060852
2981,4,7,0.5282440781593323
2982,4,4,0.7731566429138184
2983,5,5,0.8060203194618225
2984,2,2,0.3876005709171295
2985,2,8,0.271485298871994
2986,1,8,0.8946335315704346
2987,1,9,0.5683817267417908
2988,5,5,0.35564735531806946
2989,5,5,0.4198121428489685
2990,4,7,0.35650405287742615
2991,3,3,0.44494226574897766
2992,4,0,0.45366063714027405
2993,0,0,0.6731436848640442
2994,8,8,0.9854339361190796
2995,4,2,0.42083197832107544
2996,8,8,0.3929760456085205
2997,2,5,0.5017287135124207
2998,5,5,0.552716076374054
2999,6,6,0.6462751626968384
3000,5,5,0.9189005494117737
3001,1,1,0.7477666139602661
3002,7,7,0.8810359835624695
3003,2,2,0.36655494570732117
3004,4,4,0.3606562912464142
3005,0,2,0.3189571797847748
3006,5,5,0.5989758968353271
3007,6,6,0.8679220676422119
3008,8,8,0.8601120114326477
3009,7,7,0.8045998811721802
3010,6,6,0.7186263799667358
3011,3,5,0.3909505009651184
3012,1,1,0.40895578265190125
3013,3,3,0.32280200719833374
3014,6,3,0.3848646283149719
3015,6,6,0.9435074925422668
3016,4,4,0.41413310170173645
3017,5,5,0.6447853446006775
3018,5,5,0.7195966839790344
3019,5,3,0.4366253614425659
3020,1,1,0.8893532156944275
3021,8,8,0.8501780033111572
3022,7,7,0.8261637091636658
3023,3,5,0.3806442618370056
3024,0,0,0.8914169669151306
3025,2,6,0.3251956105232239
3026,5,7,0.6739438772201538
3027,1,1,0.9767703413963318
3028,1,1,0.6895877122879028
3029,1,9,0.9473716020584106
3030,6,1,0.5547546148300171
3031,7,7,0.3835950195789337
3032,2,6,0.42588162422180176
3033,1,9,0.8857789039611816
3034,2,2,0.7840486168861389
3035,3,3,0.4075377285480499
3036,9,9,0.6800041198730469
3037,8,8,0.8919497132301331
3038,3,3,0.2707563042640686
3039,1,9,0.46285074949264526
3040,7,7,0.9899696707725525
3041,4,4,0.3559693694114685
3042,8,3,0.38081711530685425
3043,4,9,0.5918735265731812
3044,7,7,0.875388503074646
3045,5,7,0.8449081182479858
3046,8,8,0.9026949405670166
3047,6,5,0.5105341672897339
3048,0,0,0.8550701141357422
3049,3,3,0.5276440978050232
3050,0,0,0.76976478099823
3051,8,8,0.42786818742752075
3052,3,2,0.4073750972747803
3053,4,3,0.4609469771385193
3054,4,8,0.7661623954772949
3055,9,9,0.7388823628425598
3056,4,6,0.35794034600257874
3057,6,6,0.9228524565696716
3058,1,1,0.7408792972564697
3059,5,7,0.32267504930496216
3060,7,7,0.43062254786491394
3061,7,7,0.7497472763061523
3062,9,9,0.952386200428009
3063,0,0,0.5634487867355347
3064,1,9,0.49974894523620605
3065,3,3,0.4952874481678009
3066,1,9,0.5845270752906799
3067,3,4,0.29381605982780457
3068,2,0,0.8566594123840332
3069,4,3,0.3978844881057739
3070,0,0,0.6810249090194702
3071,7,7,0.8901581168174744
3072,8,8,0.5973796248435974
3073,3,4,0.21507683396339417
3074,1,1,0.9994524121284485
3075,6,3,0.42977234721183777
3076,2,2,0.5141595005989075
3077,1,1,0.7492666244506836
3078,8,8,0.9149670004844666
3079,8,8,0.8972601294517517
3080,1,1,0.44953176379203796
3081,9,9,0.9788556694984436
3082,7,3,0.33434322476387024
3083,5,0,0.5512968301773071
3084,3,5,0.3444892168045044
3085,2,3,0.36130261421203613
3086,9,9,0.9740721583366394
3087,0,0,0.8415340185165405
3088,6,4,0.5307323932647705
3089,8,8,0.7803561687469482
3090,4,4,0.6355156302452087
3091,1,1,0.6228131055831909
3092,5,5,0.20706826448440552
3093,7,7,0.6444777846336365
3094,2,0,0.6218568086624146
3095,4,7,0.39514434337615967
3096,7,7,0.9273502230644226
3097,0,0,0.2287554293870926
3098,4,4,0.6640962362289429
3099,9,9,0.9339025616645813
3100,0,0,0.7781345844268799
3101,7,7,0.9836207628250122
3102,0,0,0.539203405380249
3103,6,6,0.9322552680969238
3104,7,7,0.9773089289665222
3105,1,1,0.4907163679599762
3106,8,0,0.6146883964538574
3107,5,3,0.37280598282814026
3108,8,2,0.2742711305618286
3109,8,8,0.5459569096565247
3110,7,5,0.6105402112007141
3111,0,0,0.6402589678764343
3112,0,0,0.958332896232605
3113,3,4,0.277211993932724
3114,2,8,0.5074999332427979
3115,5,3,0.4137125313282013
3116,7,7,0.6611183285713196
3117,0,0,0.7390949130058289
3118,6,6,0.5855246782302856
3119,4,6,0.4777883291244507
3120,4,2,0.41896262764930725
3121,9,9,0.8712218403816223
3122,1,1,0.5732421875
3123,8,8,0.5489644408226013
3124,6,6,0.9041417241096497
3125,3,3,0.516610860824585
3126,9,9,0.9960158467292786
3127,4,6,0.33791467547416687
3128,9,9,0.860047459602356
3129,3,3,0.5608946084976196
3130,3,5,0.6872786283493042
3131,7,7,0.6800718903541565
3132,5,5,0.6723120808601379
3133,9,9,0.3997761905193329
3134,7,7,0.988226592540741
3135,7,7,0.4878345727920532
3136,4,4,0.7272653579711914
3137,5,5,0.5513331294059753
3138,8,8,0.7059305906295776
3139,2,9,0.5056567788124084
3140,8,8,0.8716613054275513
3141,9,9,0.9706235527992249
3142,5,5,0.5998268723487854
3143,3,5,0.5274889469146729
3144,1,1,0.9502084255218506
3145,9,9,0.2901865243911743
3146,2,3,0.37219589948654175
3147,2,5,0.4512036144733429
3148,0,0,0.5480015873908997
3149,1,9,0.7673284411430359
3150,1,9,0.8562330603599548
3151,8,8,0.8967107534408569
3152,1,1,0.8330979347229004
3153,1,1,0.714857816696167
3154,9,9,0.8123506307601929
3155,8,8,0.8255733847618103
3156,9,9,0.9901622533798218
3157,9,9,0.9936184883117676
3158,0,8,0.8561731576919556
3159,2,4,0.38400885462760925
3160,6,3,0.2771388292312622
3161,9,9,0.858076274394989
3162,1,1,0.80333012342453
3163,9,5,0.4194106161594391
3164,0,2,0.635866641998291
3165,1,1,0.46466585993766785
3166,9,1,0.44828611612319946
3167,2,3,0.20948471128940582
3168,9,8,0.4620044231414795
3169,9,9,0.752065896987915
3170,9,9,0.9327017664909363
3171,0,1,0.5135272741317749
3172,9,9,0.6276422142982483
3173,9,9,0.9534407258033752
3174,2,3,0.2897982597351074
3175,1,1,0.6816774606704712
3176,7,7,0.9941444993019104
3177,0,2,0.6638393998146057
3178,5,4,0.3431837558746338
3179,6,6,0.7191462516784668
3180,3,6,0.43714505434036255
3181,9,9,0.7613218426704407
3182,8,8,0.9806905388832092
3183,3,3,0.335833340883255
3184,0,0,0.7921242117881775
3185,2,3,0.5435993075370789
3186,7,4,0.27850353717803955
3187,7,7,0.9862059950828552
3188,4,4,0.4197729229927063
3189,8,8,0.9926961660385132
3190,3,5,0.5751169323921204
3191,0,8,0.4835810959339142
3192,5,2,0.5547491312026978
3193,2,0,0.4097446799278259
3194,3,5,0.5333806276321411
3195,5,7,0.24231743812561035
3196,7,7,0.3580789864063263
3197,6,6,0.7807992696762085
3198,6,6,0.8648023009300232
3199,6,6,0.935581624507904
3200,5,7,0.41310232877731323
3201,6,3,0.7483399510383606
3202,5,3,0.39763540029525757
3203,4,4,0.9164333343505859
3204,5,3,0.5847948789596558
3205,8,8,0.8318466544151306
3206,8,8,0.7419675588607788
3207,0,0,0.2355950027704239
3208,9,9,0.9946786165237427
3209,7,2,0.3499898314476013
3210,9,9,0.5250048041343689
3211,0,1,0.37813863158226013
3212,6,6,0.8080218434333801
3213,9,9,0.9777907729148865
3214,6,3,0.4722292721271515
3215,1,9,0.6752511262893677
3216,4,7,0.2786649465560913
3217,7,7,0.9719740152359009
3218,9,5,0.2893974781036377
3219,0,4,0.5012239813804626
3220,3,2,0.28100496530532837
3221,5,5,0.5820876359939575
3222,4,7,0.8280103206634521
3223,7,7,0.9514791965484619
3224,6,6,0.870454728603363
3225,9,9,0.9349626302719116
3226,8,0,0.8366957902908325
3227,2,4,0.7051321864128113
3228,3,0,0.4432981014251709
3229,9,1,0.5135048031806946
3230,3,5,0.6140746474266052
3231,3,3,0.49114400148391724
3232,7,7,0.5512447357177734
3233,8,8,0.9816046953201294
3234,3,3,0.6917057037353516
3235,5,0,0.39433732628822327
3236,5,3,0.3414812982082367
3237,9,1,0.6033792495727539
3238,6,6,0.6556093692779541
3239,1,1,0.9644289612770081
3240,4,0,0.34494855999946594
3241,7,7,0.9956567287445068
3242,4,6,0.3795698285102844
3243,8,8,0.8965269327163696
3244,7,7,0.8350598812103271
3245,7,7,0.8988204002380371
3246,1,8,0.36188703775405884
3247,3,5,0.5329455733299255
3248,0,0,0.9627010226249695
3249,3,3,0.7053796648979187
3250,2,2,0.3068960905075073
3251,5,5,0.6617400646209717
3252,4,4,0.7202440500259399
3253,9,8,0.9452477693557739
3254,3,3,0.42921215295791626
3255,5,7,0.7085853815078735
3256,4,4,0.8107329607009888
3257,7,7,0.8282714486122131
3258,0,0,0.31847018003463745
3259,3,3,0.39416182041168213
3260,7,0,0.3988841474056244
3261,0,0,0.9980869293212891
3262,2,7,0.30496272444725037
3263,1,1,0.7648861408233643
3264,5,9,0.46909305453300476
3265,8,8,0.993671178817749
3266,7,7,0.8609172701835632
3267,3,5,0.6293123960494995
3268,5,5,0.7676746845245361
3269,7,7,0.9614464640617371
3270,8,8,0.882091224193573
3271,5,3,0.4494321048259735
3272,7,7,0.9208664298057556
3273,8,8,0.48880770802497864
3274,1,1,0.36023640632629395
3275,5,7,0.5311339497566223
3276,4,7,0.4508081376552582
3277,7,7,0.9923626184463501
3278,0,0,0.5866981148719788
3279,8,8,0.8408843874931335
3280,3,5,0.5271129012107849
3281,2,2,0.6880698204040527
3282,9,9,0.5126661062240601
3283,7,5,0.21719907224178314
3284,4,5,0.4413154423236847
3285,1,1,0.4309776723384857
3286,6,6,0.8583840727806091
3287,5,7,0.6502652168273926
3288,9,9,0.5017191767692566
3289,8,8,0.965552806854248
3290,5,5,0.7146326899528503
3291,5,5,0.7871591448783875
3292,4,4,0.46949952840805054
3293,1,1,0.99174565076828
3294,0,0,0.996467113494873
3295,9,9,0.9358648657798767
3296,4,4,0.6080331206321716
3297,4,3,0.25842857360839844
3298,3,5,0.4766511917114258
3299,0,4,0.5569099187850952
3300,4,4,0.3213322162628174
3301,8,0,0.4797424077987671
3302,0,0,0.5961686372756958
3303,8,8,0.8855208158493042
3304,2,7,0.23697486519813538
3305,9,9,0.9748875498771667
3306,5,3,0.3626607656478882
3307,9,9,0.9834973812103271
3308,7,5,0.23362810909748077
3309,4,4,0.37084928154945374
3310,6,4,0.6449963450431824
3311,7,7,0.4087589383125305
3312,9,5,0.5944095849990845
3313,2,2,0.5908887982368469
3314,9,9,0.7366368174552917
3315,3,3,0.4501243829727173
3316,7,7,0.905806303024292
3317,7,7,0.9825199842453003
3318,8,9,0.48894667625427246
3319,2,7,0.32412445545196533
3320,2,7,0.3624136745929718
3321,0,2,0.4653523564338684
3322,2,5,0.8719696402549744
3323,5,5,0.5824388861656189
3324,3,9,0.5317298173904419
3325,6,8,0.4290030896663666
3326,4,4,0.33664214611053467
3327,7,3,0.4626987874507904
3328,2,4,0.39066800475120544
3329,3,3,0.4807965159416199
3330,7,7,0.6968865990638733
3331,8,8,0.9587949514389038
3332,7,7,0.7047165036201477
3333,2,2,0.6589595675468445
3334,5,2,0.37865278124809265
3335,0,7,0.6970241665840149
3336,0,9,0.714505672454834
3337,7,7,0.7524551153182983
3338,0,0,0.5895320773124695
3339,9,3,0.4255559742450714
3340,6,6,0.6156660318374634
3341,1,1,0.9094996452331543
3342,0,8,0.40385565161705017
3343,3,5,0.37992534041404724
3344,9,9,0.8749719262123108
3345,7,7,0.9579594135284424
3346,4,0,0.4225766956806183
3347,9,9,0.8653971552848816
3348,1,1,0.8547138571739197
3349,6,2,0.4426613450050354
3350,8,8,0.6669111847877502
3351,1,1,0.8081353902816772
3352,2,4,0.2722458243370056
3353,3,5,0.5154730081558228
3354,3,0,0.4003046452999115
3355,5,8,0.315529465675354
3356,4,7,0.2731884717941284
3357,8,2,0.3300531208515167
3358,9,9,0.7318381667137146
3359,7,3,0.5675081014633179
3360,4,4,0.45294317603111267
3361,4,7,0.9563524127006531
3362,1,1,0.5707651376724243
3363,2,9,0.3058438003063202
3364,4,4,0.31552374362945557
3365,9,9,0.5464926362037659
3366,8,8,0.6208541989326477
3367,7,7,0.4183969497680664
3368,9,9,0.8523030877113342
3369,5,5,0.44883275032043457
3370,1,1,0.978569507598877
3371,2,5,0.5285164713859558
3372,1,1,0.9607646465301514
3373,6,0,0.24044395983219147
3374,6,6,0.8634969592094421
3375,4,4,0.5857555270195007
3376,5,5,0.6960769891738892
3377,7,5,0.5054336190223694
3378,4,4,0.5743679404258728
3379,5,3,0.2960384488105774
3380,8,8,0.8433521389961243
3381,5,3,0.5926539301872253
3382,2,4,0.42341622710227966
3383,8,8,0.9896193146705627
3384,7,7,0.7671079635620117
3385,8,8,0.9846336245536804
3386,2,2,0.45385655760765076
3387,3,6,0.6121221780776978
3388,6,6,0.4911930561065674
3389,1,1,0.8957408666610718
3390,3,7,0.5964184999465942
3391,3,0,0.271593302488327
3392,1,9,0.3489948511123657
3393,5,5,0.6035113334655762
3394,1,1,0.9897687435150146
3395,9,9,0.9498290419578552
3396,0,2,0.3953884243965149
3397,9,9,0.7668887376785278
3398,2,0,0.46962451934814453
3399,0,0,0.5974545478820801
3400,6,8,0.48201680183410645
3401,2,7,0.5425233244895935
3402,4,6,0.5721372365951538
3403,8,8,0.9359594583511353
3404,5,5,0.8909755349159241
3405,7,7,0.8925142288208008
3406,6,6,0.9160016775131226
3407,1,1,0.7762339115142822
3408,2,2,0.3553796112537384
3409,9,1,0.7725816369056702
3410,4,4,0.91237872838974
3411,5,5,0.559815526008606
3412,0,0,0.6412021517753601
3413,3,8,0.25495949387550354
3414,3,7,0.3150131106376648
3415,7,2,0.27174896001815796
3416,7,2,0.3039167821407318
3417,7,5,0.2161700576543808
3418,1,1,0.7853834629058838
3419,4,4,0.6396023631095886
3420,5,5,0.4957481622695923
3421,0,7,0.6004956364631653
3422,2,5,0.31038138270378113
3423,8,8,0.8808268308639526
3424,5,5,0.8270444273948669
3425,0,0,0.8761054277420044
3426,0,0,0.8410619497299194
3427,6,5,0.5257107615470886
3428,2,5,0.2486385703086853
3429,0,0,0.7307752370834351
3430,8,0,0.7679974436759949
3431,4,4,0.8639193177223206
3432,5,5,0.3443470299243927
3433,4,5,0.39798229932785034
3434,5,5,0.6306048035621643
3435,6,6,0.8070541620254517
3436,4,4,0.2271447479724884
3437,7,7,0.9616662263870239
3438,9,9,0.9280845522880554
3439,4,5,0.28540414571762085
3440,2,5,0.40095797181129456
3441,0,0,0.8570919036865234
3442,6,3,0.44216328859329224
3443,4,2,0.6371039152145386
3444,0,0,0.23492102324962616
3445,0,0,0.9703042507171631
3446,6,3,0.5814716815948486
3447,4,2,0.4721399247646332
3448,6,5,0.44126754999160767
3449,1,7,0.25291240215301514
3450,9,1,0.47534051537513733
3451,5,5,0.5226606130599976
3452,5,5,0.4381474554538727
3453,2,2,0.4771375060081482
3454,2,2,0.571550190448761
3455,6,3,0.4658924639225006
3456,3,3,0.5753975510597229
3457,4,0,0.4885885417461395
3458,5,5,0.6342074871063232
3459,9,9,0.6047768592834473
3460,1,1,0.7477150559425354
3461,7,5,0.7692750692367554
3462,2,8,0.3278014063835144
3463,3,3,0.4512723982334137
3464,9,9,0.8322882056236267
3465,6,6,0.7796079516410828
3466,5,5,0.7981335520744324
3467,0,0,0.9520744681358337
3468,2,2,0.5473849177360535
3469,9,9,0.6494853496551514
3470,7,3,0.4380619525909424
3471,1,9,0.733354926109314
3472,7,7,0.6379396915435791
3473,2,2,0.6216619610786438
3474,2,6,0.30670687556266785
3475,0,0,0.49014177918434143
3476,8,8,0.5438612103462219
3477,6,6,0.5275744199752808
3478,4,6,0.29384467005729675
3479,3,5,0.5085732340812683
3480,2,2,0.7547541856765747
3481,7,5,0.44715452194213867
3482,7,7,0.6394168138504028
3483,0,0,0.9011250138282776
3484,4,4,0.8935787081718445
3485,1,1,0.5044777393341064
3486,6,6,0.815152645111084
3487,5,5,0.835997998714447
3488,1,1,0.5278553366661072
3489,3,9,0.6977899074554443
3490,0,0,0.5709758400917053
3491,3,3,0.4971392750740051
3492,9,9,0.5455518960952759
3493,0,0,0.5999358892440796
3494,0,9,0.7526890635490417
3495,2,4,0.5055525302886963
3496,5,0,0.4204610288143158
3497,0,8,0.26324212551116943
3498,4,8,0.5088614821434021
3499,0,0,0.9547218084335327
3500,1,9,0.41540083289146423
3501,9,1,0.6310108304023743
3502,8,5,0.3192082643508911
3503,4,5,0.36011165380477905
3504,9,9,0.9616541266441345
3505,4,5,0.345296710729599
3506,2,6,0.3194914162158966
3507,4,4,0.7447229623794556
3508,3,5,0.5064225196838379
3509,3,9,0.5005783438682556
3510,4,4,0.45159628987312317
3511,0,8,0.5914862751960754
3512,4,4,0.6261704564094543
3513,3,6,0.4907328486442566
3514,2,5,0.521536648273468
3515,8,8,0.9988276362419128
3516,9,9,0.9458280801773071
3517,1,9,0.5621369481086731
3518,5,5,0.7019698023796082
3519,8,8,0.6369609236717224
3520,1,1,0.9625276923179626
3521,8,8,0.8333317041397095
3522,2,2,0.7407403588294983
3523,4,6,0.41595616936683655
3524,5,4,0.8253188729286194
3525,2,3,0.2711876630783081
3526,4,4,0.6694169044494629
3527,1,9,0.6509522199630737
3528,1,1,0.8436697125434875
3529,6,6,0.752703845500946
3530,6,6,0.9701029062271118
3531,8,9,0.35121163725852966
3532,5,5,0.5079144835472107
3533,2,2,0.44321209192276
3534,2,3,0.34146612882614136
3535,5,5,0.6181740760803223
3536,0,0,0.8802034258842468
3537,8,8,0.8388567566871643
3538,2,2,0.3469317555427551
3539,3,3,0.31447935104370117
3540,6,6,0.85770183801651
3541,2,2,0.41573458909988403
3542,9,9,0.9998047947883606
3543,6,6,0.9633609652519226
3544,1,1,0.7161247730255127
3545,4,4,0.8734149932861328
3546,5,5,0.507124125957489
3547,9,9,0.7960062026977539
3548,0,0,0.8301733136177063
3549,1,9,0.5619423389434814
3550,0,4,0.3596145212650299
3551,0,0,0.5950307846069336
3552,8,8,0.809169590473175
3553,1,1,0.4136055111885071
3554,1,9,0.9070852994918823
3555,6,3,0.3350071609020233
3556,6,6,0.9384412169456482
3557,9,4,0.14412327110767365
3558,5,5,0.9108421206474304
3559,4,4,0.7215365767478943
3560,1,9,0.7621690034866333
3561,7,5,0.9255986213684082
3562,8,8,0.6008740663528442
3563,6,6,0.9245719313621521
3564,9,0,0.5101566314697266
3565,1,9,0.5322964191436768
3566,7,7,0.6727250218391418
3567,6,6,0.9571321606636047
3568,0,0,0.9808796048164368
3569,9,6,0.8197116255760193
3570,3,5,0.8553741574287415
3571,5,5,0.6146108508110046
3572,3,3,0.5443665385246277
3573,2,2,0.3993343114852905
3574,5,0,0.2516942322254181
3575,3,3,0.3518943190574646
3576,4,7,0.5306785106658936
3577,9,1,0.8820406794548035
3578,7,7,0.6739975214004517
3579,1,1,0.6606634855270386
3580,4,8,0.2554146945476532
3581,4,4,0.7599431872367859
3582,6,6,0.9600698947906494
3583,1,1,0.96675705909729
3584,3,5,0.5132826566696167
3585,8,8,0.9421178698539734
3586,8,8,0.9601538777351379
3587,0,8,0.3026924431324005
3588,6,6,0.9699097871780396
3589,7,7,0.733977198600769
3590,7,7,0.9769211411476135
3591,6,6,0.8649078607559204
3592,7,7,0.6999177932739258
3593,2,2,0.44083255529403687
3594,3,5,0.7062323093414307
3595,2,7,0.3937571942806244
3596,2,4,0.6176978349685669
3597,6,6,0.6334962248802185
3598,2,2,0.7669553756713867
3599,7,7,0.9640915989875793
3600,4,3,0.21671700477600098
3601,0,3,0.3654261827468872
3602,3,9,0.4957563579082489
3603,6,6,0.2734973132610321
3604,2,2,0.7899550795555115
3605,6,4,0.662187933921814
3606,3,5,0.5868427753448486
3607,3,2,0.37062975764274597
3608,0,0,0.6471834182739258
3609,9,9,0.8905678987503052
3610,5,5,0.5846970677375793
3611,1,9,0.6038539409637451
3612,1,1,0.8087397217750549
3613,5,5,0.7049028277397156
3614,3,5,0.33046388626098633
3615,6,2,0.5789416432380676
3616,4,4,0.4511873126029968
3617,3,3,0.4941367506980896
3618,4,0,0.36523911356925964
3619,1,1,0.6056299805641174
3620,0,0,0.5881167650222778
3621,4,0,0.675886869430542
3622,5,3,0.6221818923950195
3623,5,5,0.7220969200134277
3624,2,4,0.3414781093597412
3625,8,8,0.48145514726638794
3626,9,9,0.9602016806602478
3627,4,0,0.21706682443618774
3628,3,3,0.6262056827545166
3629,1,0,0.5851452946662903
3630,8,8,0.9875630140304565
3631,0,9,0.6475712060928345
3632,1,9,0.7474814653396606
3633,3,5,0.41320252418518066
3634,3,3,0.36951565742492676
3635,4,4,0.744572639465332
3636,4,4,0.3745969533920288
3637,2,6,0.5429895520210266
3638,9,9,0.7824116945266724
3639,7,7,0.9473523497581482
3640,6,2,0.4269360303878784
3641,8,0,0.6721583604812622
3642,1,1,0.8190932273864746
3643,8,8,0.7632003426551819
3644,9,9,0.8335322141647339
3645,1,9,0.977800726890564
3646,3,3,0.484967440366745
3647,1,1,0.9539316892623901
3648,7,7,0.6349188685417175
3649,3,3,0.49988076090812683
3650,0,0,0.933691143989563
3651,0,0,0.9650391936302185
3652,2,2,0.8173519968986511
3653,8,8,0.8007974028587341
3654,3,5,0.6622841954231262
3655,9,9,0.8832295536994934
3656,2,5,0.4679560959339142
3657,7,7,0.39552995562553406
3658,2,4,0.5081455707550049
3659,6,6,0.9015978574752808
3660,0,0,0.7918397784233093
3661,1,1,0.9403707981109619
3662,6,6,0.7024549245834351
3663,1,1,0.9905329942703247
3664,6,6,0.595409095287323
3665,7,7,0.35420799255371094
3666,5,5,0.6793552041053772
3667,5,5,0.7162532210350037
3668,2,4,0.7473788857460022
3669,5,3,0.3554375469684601
3670,9,9,0.7848014235496521
3671,4,4,0.6220407485961914
3672,0,0,0.7633601427078247
3673,2,8,0.5378087759017944
3674,3,8,0.5703527927398682
3675,4,2,0.28167924284935
3676,9,1,0.41673892736434937
3677,4,7,0.21866582334041595
3678,1,1,0.8631868958473206
3679,0,0,0.8245663046836853
3680,0,3,0.30441784858703613
3681,2,2,0.7077006697654724
3682,3,3,0.3585728704929352
3683,8,8,0.30986443161964417
3684,9,9,0.9655099511146545
3685,2,2,0.7551978826522827
3686,8,8,0.9614185094833374
3687,9,9,0.9253994226455688
3688,5,3,0.7194322943687439
3689,7,0,0.482014924287796
3690,9,9,0.3579094707965851
3691,1,1,0.9734072089195251
3692,4,4,0.9010060429573059
3693,6,8,0.3401399552822113
3694,2,2,0.4155435860157013
3695,8,8,0.988421618938446
3696,4,2,0.4607667922973633
3697,4,5,0.6288217902183533
3698,8,8,0.9662627577781677
3699,9,9,0.9908776879310608
3700,3,5,0.46431222558021545
3701,1,1,0.99642413854599
3702,1,1,0.32569390535354614
3703,6,6,0.7434694766998291
3704,5,0,0.28704673051834106
3705,8,9,0.5912585854530334
3706,4,4,0.8469973802566528
3707,6,3,0.44630953669548035
3708,4,4,0.3012896478176117
3709,5,5,0.5332115888595581
3710,2,4,0.5153627991676331
3711,6,4,0.3484764099121094
3712,4,2,0.32304584980010986
3713,2,5,0.41233736276626587
3714,3,3,0.24243177473545074
3715,1,4,0.27721017599105835
3716,3,6,0.6732219457626343
3717,6,6,0.972383975982666
3718,8,8,0.6761647462844849
3719,5,5,0.7536882758140564
3720,2,2,0.6126997470855713
3721,2,4,0.7266067266464233
3722,7,7,0.9768118262290955
3723,1,9,0.711804986000061
3724,6,6,0.5948773622512817
3725,2,2,0.4297877550125122
3726,5,3,0.31951770186424255
3727,9,9,0.9169468879699707
3728,2,3,0.3213180899620056
3729,8,8,0.8814155459403992
3730,1,9,0.5496718287467957
3731,6,6,0.7835142612457275
3732,9,9,0.8672091960906982
3733,2,5,0.5439624190330505
3734,7,5,0.5281649827957153
3735,5,2,0.4314348101615906
3736,3,5,0.33707523345947266
3737,2,2,0.6253576278686523
3738,9,9,0.9322519302368164
3739,7,7,0.8492795825004578
3740,0,0,0.9719841480255127
3741,2,7,0.240637868642807
3742,9,9,0.8731784820556641
3743,3,5,0.46206480264663696
3744,4,4,0.8024358153343201
3745,1,1,0.9564404487609863
3746,7,6,0.389656126499176
3747,9,9,0.9266234636306763
3748,5,5,0.4741620719432831
3749,8,8,0.9593935608863831
3750,9,0,0.607475757598877
3751,7,7,0.9450456500053406
3752,3,9,0.3695591390132904
3753,4,5,0.5523268580436707
3754,0,0,0.3464775085449219
3755,9,3,0.2425345927476883
3756,7,7,0.2501150667667389
3757,4,5,0.3475516438484192
3758,2,3,0.3313956558704376
3759,4,2,0.5408582091331482
3760,7,7,0.9912885427474976
3761,0,0,0.41494086384773254
3762,1,1,0.4638141691684723
3763,8,8,0.8140280842781067
3764,1,1,0.8604406714439392
3765,0,0,0.9320796728134155
3766,4,4,0.31445205211639404
3767,6,4,0.38830631971359253
3768,1,1,0.41894614696502686
3769,9,9,0.345949649810791
3770,9,1,0.6447167992591858
3771,2,0,0.9684244990348816
3772,1,8,0.44285252690315247
3773,2,5,0.7016048431396484
3774,5,5,0.30126455426216125
3775,6,6,0.7341716289520264
3776,9,9,0.7299718260765076
3777,7,7,0.8005810379981995
3778,7,7,0.5134068131446838
3779,3,2,0.37904462218284607
3780,4,4,0.3361399173736572
3781,2,2,0.42872077226638794
3782,0,3,0.519706130027771
3783,2,2,0.5900306701660156
3784,5,5,0.6905592679977417
3785,6,4,0.21599659323692322
3786,7,7,0.23050537705421448
3787,3,4,0.3357241153717041
3788,7,7,0.9698155522346497
3789,9,5,0.6123778223991394
3790,4,4,0.7938371896743774
3791,2,2,0.2662723958492279
3792,0,0,0.9459905624389648
3793,6,7,0.5275062918663025
3794,1,1,0.9692729711532593
3795,7,7,0.7722024917602539
3796,5,5,0.6650148034095764
3797,6,3,0.34995701909065247
3798,5,5,0.809818685054779
3799,3,7,0.5471261143684387
3800,9,9,0.6851873397827148
3801,2,2,0.5599128603935242
3802,7,7,0.7772158980369568
3803,8,8,0.9048624634742737
3804,5,2,0.6360244154930115
3805,9,9,0.8921381235122681
3806,5,4,0.4245612621307373
3807,8,1,0.49016302824020386
3808,5,3,0.31639134883880615
3809,4,4,0.4338947534561157
3810,3,3,0.5007338523864746
3811,7,7,0.948206901550293
3812,9,9,0.4900193512439728
3813,8,8,0.9778746962547302
3814,1,1,0.7273624539375305
3815,2,7,0.4577765464782715
3816,2,4,0.44242510199546814
3817,8,8,0.7893027067184448
3818,9,9,0.8275007605552673
3819,3,3,0.428945392370224
3820,0,0,0.5628535151481628
3821,8,8,0.48648184537887573
3822,4,3,0.3442564606666565
3823,0,0,0.9879021644592285
3824,2,2,0.29484227299690247
3825,0,0,0.924942135810852
3826,1,1,0.7508198022842407
3827,4,4,0.42750170826911926
3828,1,0,0.7144251465797424
3829,8,0,0.6090083122253418
3830,5,5,0.5687685608863831
3831,5,3,0.28519096970558167
3832,7,7,0.6556711196899414
3833,9,9,0.7513556480407715
3834,8,8,0.8519340753555298
3835,3,5,0.8485279083251953
3836,7,7,0.9666101336479187
3837,9,9,0.9435745477676392
3838,1,1,0.8299519419670105
3839,5,5,0.8728681802749634
3840,6,3,0.41008248925209045
3841,9,9,0.995273768901825
3842,8,8,0.8811603784561157
3843,7,3,0.48867130279541016
3844,2,2,0.4627622961997986
3845,0,0,0.783523678779602
3846,9,9,0.9117246270179749
3847,0,0,0.4169570803642273
3848,8,0,0.4742300510406494
3849,5,4,0.37979376316070557
3850,9,9,0.6965718269348145
3851,4,4,0.4283360242843628
3852,2,2,0.502693235874176
3853,9,0,0.2618865966796875
3854,8,8,0.763558030128479
3855,1,1,0.9449574947357178
3856,9,9,0.6117351651191711
3857,1,8,0.6362774968147278
3858,8,8,0.9200530052185059
3859,3,3,0.6195072531700134
3860,7,7,0.9733374714851379
3861,6,6,0.8256204724311829
3862,4,4,0.27206629514694214
3863,2,2,0.6537041664123535
3864,3,9,0.29552513360977173
3865,7,7,0.6631417870521545
3866,0,2,0.5733951926231384
3867,3,7,0.4860524833202362
3868,5,4,0.41791024804115295
3869,8,8,0.9536218643188477
3870,8,8,0.8671538829803467
3871,8,8,0.8962247371673584
3872,7,7,0.35043099522590637
3873,9,9,0.8968612551689148
3874,6,6,0.4897339642047882
3875,2,2,0.3040057420730591
3876,7,7,0.974027156829834
3877,4,4,0.610782265663147
3878,5,5,0.47628751397132874
3879,7,7,0.37634167075157166
3880,6,6,0.5272900462150574
3881,7,7,0.9480297565460205
3882,1,1,0.5226975679397583
3883,7,7,0.39046910405158997
3884,3,5,0.343254953622818
3885,6,6,0.4338628351688385
3886,8,8,0.8121106028556824
3887,2,4,0.2219569981098175
3888,6,6,0.6073976159095764
3889,6,6,0.996510922908783
3890,7,7,0.344623863697052
3891,1,1,0.4742806851863861
3892,5,6,0.40598708391189575
3893,9,9,0.7109554409980774
3894,7,7,0.8868563175201416
3895,1,8,0.5286190509796143
3896,7,2,0.30363351106643677
3897,0,0,0.8833253383636475
3898,1,1,0.785682201385498
3899,6,2,0.3609671890735626
3900,3,6,0.6272951364517212
3901,3,8,0.18711026012897491
3902,9,1,0.4478508234024048
3903,0,8,0.7369067072868347
3904,1,1,0.8887242674827576
3905,2,5,0.5589308738708496
3906,3,3,0.33993980288505554
3907,2,7,0.939685046672821
3908,2,2,0.983350932598114
3909,5,5,0.5224307775497437
3910,4,2,0.4731859862804413
3911,9,9,0.912904679775238
3912,8,8,0.765713632106781
3913,7,7,0.25731924176216125
3914,4,4,0.6422677040100098
3915,4,4,0.5867564082145691
3916,9,9,0.7570168375968933
3917,7,0,0.47854021191596985
3918,6,6,0.9032007455825806
3919,7,7,0.7013996243476868
3920,7,0,0.23034405708312988
3921,1,1,0.554248571395874
3922,2,8,0.5123211145401001
3923,3,3,0.2814966142177582
3924,5,3,0.27300718426704407
3925,1,1,0.9016132354736328
3926,9,9,0.9952788352966309
3927,0,0,0.6270570158958435
3928,3,5,0.24472425878047943
3929,3,3,0.5882845520973206
3930,1,1,0.9187074303627014
3931,5,5,0.7770135998725891
3932,6,6,0.5346302390098572
3933,6,2,0.2575587332248688
3934,2,7,0.7101269960403442
3935,4,7,0.9519029855728149
3936,6,6,0.934113085269928
3937,8,8,0.9633339643478394
3938,8,8,0.9937825798988342
3939,9,9,0.9397233724594116
3940,6,6,0.45235350728034973
3941,6,6,0.8046458959579468
3942,1,1,0.7609705328941345
3943,0,0,0.882037878036499
3944,7,7,0.929070770740509
3945,5,3,0.4603121876716614
3946,8,8,0.9481749534606934
3947,2,7,0.3004923164844513
3948,1,9,0.29528963565826416
3949,5,5,0.5878105759620667
3950,8,8,0.8410327434539795
3951,1,1,0.9517027735710144
3952,4,4,0.4161025285720825
3953,7,7,0.31968170404434204
3954,5,7,0.5201333165168762
3955,0,0,0.8819810152053833
3956,3,5,0.28432542085647583
3957,9,8,0.5943955183029175
3958,9,9,0.959160327911377
3959,5,5,0.5067165493965149
3960,2,2,0.46330854296684265
3961,8,8,0.9822547435760498
3962,4,7,0.5725619196891785
3963,1,5,0.3258676826953888
3964,9,1,0.5394643545150757
3965,0,0,0.8674346804618835
3966,4,4,0.4036858081817627
3967,4,4,0.4280411899089813
3968,8,0,0.3523555397987366
3969,2,7,0.477898508310318
3970,9,9,0.30463844537734985
3971,0,0,0.8344603776931763
3972,7,7,0.9635723829269409
3973,9,9,0.5213488340377808
3974,8,8,0.9789038896560669
3975,7,7,0.9358596801757812
3976,1,1,0.7993922233581543
3977,3,6,0.5827894806861877
3978,2,3,0.3228650391101837
3979,9,9,0.9730158448219299
3980,9,9,0.594741702079773
3981,5,8,0.30842503905296326
3982,9,9,0.9994193315505981
3983,7,7,0.25478696823120117
3984,6,6,0.5174450874328613
3985,7,7,0.9158933758735657
3986,7,7,0.49531540274620056
3987,1,1,0.6437187194824219
3988,1,1,0.5107834339141846
3989,2,2,0.5801670551300049
3990,4,2,0.5924423336982727
3991,2,2,0.6044824123382568
3992,0,0,0.9938964247703552
3993,6,6,0.6187390685081482
3994,8,8,0.8339453339576721
3995,7,9,0.6524516344070435
3996,6,6,0.40719014406204224
3997,2,4,0.3810105323791504
3998,2,3,0.4340910017490387
3999,9,9,0.63457852602005
4000,8,7,0.3054434061050415
4001,2,4,0.3262248635292053
4002,4,7,0.40409979224205017
4003,2,0,0.7690147161483765
4004,0,2,0.4739038944244385
4005,5,3,0.4442123770713806
4006,8,8,0.9716453552246094
4007,6,6,0.8079643845558167
4008,8,8,0.9874902367591858
4009,2,2,0.5686415433883667
4010,7,4,0.6190304160118103
4011,7,7,0.38813915848731995
4012,3,6,0.25608310103416443
4013,1,9,0.4637452960014343
4014,8,8,0.9558172821998596
4015,1,1,0.930839478969574
4016,6,6,0.5005398988723755
4017,5,5,0.5002107620239258
4018,9,9,0.6242055892944336
4019,7,7,0.45408356189727783
4020,8,8,0.3794744610786438
4021,9,9,0.8584724068641663
4022,6,6,0.8427535891532898
4023,4,3,0.41200223565101624
4024,8,8,0.9360712170600891
4025,1,8,0.740576982498169
4026,9,9,0.5366089344024658
4027,4,4,0.4643307626247406
4028,0,8,0.6437053084373474
4029,4,4,0.3413173258304596
4030,1,1,0.8149333000183105
4031,4,4,0.5346860289573669
4032,3,3,0.6014596819877625
4033,6,4,0.6074883341789246
4034,2,2,0.7223670482635498
4035,2,5,0.5251051783561707
4036,7,0,0.7847560048103333
4037,0,0,0.9621838927268982
4038,0,1,0.46532106399536133
4039,7,7,0.8295240998268127
4040,0,0,0.8705906271934509
4041,7,7,0.7265956997871399
4042,4,0,0.5154527425765991
4043,3,3,0.34836718440055847
4044,6,4,0.2581354081630707
4045,7,7,0.828628420829773
4046,7,7,0.9633258581161499
4047,4,4,0.605157196521759
4048,5,7,0.47663629055023193
4049,4,4,0.4561183750629425
4050,3,2,0.5682224035263062
4051,5,3,0.39149317145347595
4052,5,5,0.6027840375900269
4053,4,4,0.25958967208862305
4054,7,0,0.7417311668395996
4055,1,0,0.33006128668785095
4056,0,8,0.7891294956207275
4057,7,7,0.9312161207199097
4058,7,3,0.31417518854141235
4059,1,1,0.5087980628013611
4060,6,3,0.579104483127594
4061,5,5,0.6381404995918274
4062,0,8,0.6073379516601562
4063,7,7,0.5994502305984497
4064,7,7,0.9970452189445496
4065,4,4,0.44769740104675293
4066,6,4,0.32198870182037354
4067,1,1,0.6884310841560364
4068,8,8,0.9059165716171265
4069,5,5,0.6357312202453613
4070,9,9,0.9744402170181274
4071,3,3,0.5550628304481506
4072,5,5,0.8009788990020752
4073,6,6,0.40579354763031006
4074,2,2,0.8083903193473816
4075,2,5,0.35993343591690063
4076,7,7,0.7165358066558838
4077,3,3,0.5499204993247986
4078,5,5,0.659614086151123
4079,8,8,0.8860560655593872
4080,1,1,0.5358428359031677
4081,0,9,0.3945770561695099
4082,6,6,0.5994905829429626
4083,8,8,0.966498076915741
4084,7,7,0.8116695284843445
4085,8,3,0.28981813788414
4086,8,8,0.8642774820327759
4087,5,5,0.5205714106559753
4088,7,7,0.629386842250824
4089,5,3,0.337583988904953
4090,4,4,0.41759270429611206
4091,9,9,0.9784594774246216
4092,7,7,0.923941969871521
4093,3,3,0.47077247500419617
4094,3,5,0.5377036333084106
4095,8,8,0.8624832630157471
4096,8,8,0.40882763266563416
4097,3,3,0.30849313735961914
4098,9,0,0.38974231481552124
4099,4,3,0.24254997074604034
4100,7,7,0.9987825751304626
4101,2,2,0.5343887805938721
4102,0,0,0.9259560108184814
4103,8,0,0.9863235950469971
4104,0,0,0.6683650016784668
4105,7,7,0.9017613530158997
4106,3,8,0.765018880367279
4107,3,3,0.41479212045669556
4108,2,4,0.5031114220619202
4109,5,5,0.7296533584594727
4110,2,2,0.33196526765823364
4111,4,7,0.20850607752799988
4112,4,5,0.3617464005947113
4113,0,0,0.9625546336174011
4114,4,2,0.5839161276817322
4115,8,8,0.5572208166122437
4116,2,4,0.5069953799247742
4117,4,4,0.7537329196929932
4118,0,0,0.5442045331001282
4119,6,8,0.4878646433353424
4120,4,0,0.6929911375045776
4121,5,7,0.2845403552055359
4122,6,6,0.9260293245315552
4123,0,0,0.7993887662887573
4124,8,8,0.9362996220588684
4125,8,0,0.5906299948692322
4126,0,0,0.693905234336853
4127,6,7,0.2908158004283905
4128,1,1,0.9629106521606445
4129,1,1,0.8587713241577148
4130,6,6,0.6119874715805054
4131,1,1,0.7037102580070496
4132,4,7,0.24445459246635437
4133,2,2,0.35231584310531616
4134,1,9,0.3489198386669159
4135,1,5,0.7290617227554321
4136,2,2,0.5164332985877991
4137,4,5,0.4520993232727051
4138,4,4,0.4863440990447998
4139,5,0,0.5027304887771606
4140,5,3,0.41776394844055176
4141,8,8,0.8686779141426086
4142,8,8,0.8780946731567383
4143,5,5,0.9381449818611145
4144,1,1,0.887995183467865
4145,8,8,0.8389517664909363
4146,2,2,0.4978135824203491
4147,3,7,0.4411274194717407
4148,3,3,0.508080005645752
4149,9,9,0.8923463225364685
4150,6,6,0.7014552354812622
4151,6,4,0.46220389008522034
4152,5,6,0.40844282507896423
4153,0,0,0.9247353076934814
4154,7,7,0.9986299276351929
4155,3,3,0.49400174617767334
4156,3,8,0.30635660886764526
4157,2,5,0.3703678250312805
4158,7,7,0.3725466728210449
4159,4,4,0.5623329281806946
4160,5,5,0.35934123396873474
4161,6,6,0.8439375162124634
4162,0,0,0.8861159682273865
4163,2,6,0.44021621346473694
4164,1,1,0.6912946701049805
4165,8,8,0.39921054244041443
4166,1,3,0.2392030507326126
4167,0,0,0.5314080119132996
4168,9,9,0.9503787159919739
4169,3,3,0.40956398844718933
4170,1,4,0.5553716421127319
4171,0,0,0.4624332785606384
4172,5,5,0.6064151525497437
4173,4,3,0.32114648818969727
4174,2,5,0.3470897972583771
4175,3,3,0.3730727732181549
4176,3,5,0.5411896109580994
4177,6,6,0.9086077213287354
4178,7,7,0.9941508173942566
4179,6,6,0.6319528222084045
4180,0,2,0.4904329776763916
4181,0,0,0.9586374759674072
4182,5,5,0.2756209373474121
4183,7,7,0.9923067688941956
4184,4,2,0.48796209692955017
4185,7,7,0.8229675889015198
4186,7,7,0.9300609230995178
4187,0,0,0.8713184595108032
4188,6,6,0.759954035282135
4189,1,1,0.5089954137802124
4190,3,7,0.4780605137348175
4191,9,9,0.8482272624969482
4192,0,0,0.8582950830459595
4193,9,0,0.8683710694313049
4194,0,0,0.8906648755073547
4195,3,3,0.4063447117805481
4196,8,8,0.9944772124290466
4197,4,5,0.2384585440158844
4198,8,0,0.6061891913414001
4199,8,8,0.6224064826965332
4200,4,4,0.39730072021484375
4201,1,9,0.7423309087753296
4202,0,0,0.7846547961235046
4203,2,4,0.5019766092300415
4204,2,6,0.4544324278831482
4205,4,7,0.6385490298271179
4206,1,9,0.6184861660003662
4207,1,1,0.9206746220588684
4208,2,5,0.33646291494369507
4209,4,7,0.9155104756355286
4210,3,8,0.30388736724853516
4211,4,4,0.4965173006057739
4212,1,1,0.8025997281074524
4213,4,4,0.7333946228027344
4214,7,7,0.6464621424674988
4215,1,8,0.5234358906745911
4216,0,0,0.8014808297157288
4217,0,0,0.3324952721595764
4218,9,9,0.9499635100364685
4219,0,0,0.8461672067642212
4220,4,0,0.6202171444892883
4221,2,2,0.5621743202209473
4222,8,0,0.5469257831573486
4223,8,0,0.2574799060821533
4224,5,4,0.4521786570549011
4225,5,6,0.2855941951274872
4226,0,0,0.5989241003990173
4227,4,3,0.5144425630569458
4228,0,0,0.8413317203521729
4229,8,8,0.9106912016868591
4230,6,3,0.5158628225326538
4231,2,7,0.49048110842704773
4232,5,5,0.9007819890975952
4233,9,9,0.8494578003883362
4234,2,2,0.7245872616767883
4235,9,9,0.833970308303833
4236,1,1,0.9680736660957336
4237,1,1,0.9405543804168701
4238,5,5,0.6070664525032043
4239,4,4,0.6041308641433716
4240,7,7,0.8446575403213501
4241,5,5,0.37691912055015564
4242,8,8,0.570888340473175
4243,6,6,0.8755643963813782
4244,2,7,0.8647192120552063
4245,1,0,0.3566212058067322
4246,5,5,0.711495578289032
4247,5,5,0.46970078349113464
4248,3,5,0.5506611466407776
4249,4,4,0.8059635162353516
4250,1,9,0.385562002658844
4251,8,0,0.39391428232192993
4252,9,9,0.68194180727005
4253,9,9,0.7081537246704102
4254,8,8,0.9869927167892456
4255,9,6,0.25121745467185974
4256,8,8,0.9713179469108582
4257,6,6,0.8727377653121948
4258,8,0,0.5119820833206177
4259,5,7,0.6639439463615417
4260,8,8,0.9831347465515137
4261,9,0,0.4089832603931427
4262,4,4,0.4740736484527588
4263,6,9,0.8001595139503479
4264,2,5,0.27387773990631104
4265,6,3,0.2567048668861389
4266,3,5,0.4918469488620758
4267,7,0,0.280502587556839
4268,4,7,0.5331653952598572
4269,0,0,0.5680872201919556
4270,0,0,0.45647865533828735
4271,1,1,0.8381702899932861
4272,7,7,0.9306235313415527
4273,5,3,0.5711658596992493
4274,1,1,0.9503344893455505
4275,5,7,0.3894002139568329
4276,9,1,0.30873915553092957
4277,3,3,0.33955731987953186
4278,1,1,0.7225801944732666
4279,6,6,0.7262502908706665
4280,8,0,0.9361973404884338
4281,7,2,0.2448265552520752
4282,3,5,0.36744552850723267
4283,6,6,0.6203007698059082
4284,9,9,0.9941595792770386
4285,1,1,0.69688481092453
4286,2,0,0.5115553140640259
4287,0,3,0.36345502734184265
4288,1,1,0.9725899696350098
4289,7,7,0.7272974252700806
4290,2,2,0.4859423041343689
4291,6,6,0.45737260580062866
4292,1,1,0.9545483589172363
4293,9,5,0.24890711903572083
4294,0,2,0.29676011204719543
4295,0,0,0.9412701725959778
4296,8,1,0.7603394985198975
4297,9,9,0.9703750610351562
4298,9,9,0.6901773810386658
4299,2,8,0.3679102063179016
4300,8,8,0.7307137846946716
4301,6,4,0.3916320502758026
4302,2,3,0.41189485788345337
4303,5,5,0.39857709407806396
4304,6,3,0.2586936056613922
4305,0,0,0.9694207310676575
4306,3,5,0.49444490671157837
4307,3,3,0.35318779945373535
4308,0,0,0.9168254137039185
4309,7,4,0.4836619198322296
4310,4,7,0.459368497133255
4311,7,7,0.990436851978302
4312,5,5,0.392810583114624
4313,0,2,0.43236783146858215
4314,1,1,0.8225725293159485
4315,6,2,0.45631811022758484
4316,8,8,0.8400034308433533
4317,8,8,0.9862632751464844
4318,1,1,0.9129028916358948
4319,2,4,0.4499456584453583
4320,1,0,0.6216251254081726
4321,5,3,0.3820568919181824
4322,4,7,0.7074095010757446
4323,5,5,0.6472874879837036
4324,9,9,0.8821903467178345
4325,6,6,0.44402405619621277
4326,7,7,0.8404505252838135
4327,1,1,0.986591637134552
4328,0,0,0.973937451839447
4329,6,7,0.30826112627983093
4330,9,9,0.9594399333000183
4331,2,4,0.3260403573513031
4332,7,2,0.42654404044151306
4333,7,7,0.9111393690109253
4334,3,7,0.5094711780548096
4335,9,8,0.72181636095047
4336,9,9,0.9542565941810608
4337,1,1,0.6817695498466492
4338,9,9,0.6323308348655701
4339,7,7,0.9789197444915771
4340,0,0,0.9533185362815857
4341,1,1,0.8720433712005615
4342,3,3,0.3954005539417267
4343,5,5,0.5869057178497314
4344,4,4,0.5278513431549072
4345,6,6,0.5296351313591003
4346,3,5,0.5169685482978821
4347,8,0,0.6284148693084717
4348,8,8,0.83573979139328
4349,0,0,0.6705039739608765
4350,4,4,0.6213638186454773
4351,8,8,0.9763333201408386
4352,3,3,0.533613383769989
4353,6,4,0.796029269695282
4354,7,3,0.29910656809806824
4355,0,9,0.5252173542976379
4356,0,0,0.9728699326515198
4357,4,3,0.2187388390302658
4358,5,5,0.7174922823905945
4359,2,2,0.7414419054985046
4360,6,6,0.7931779623031616
4361,8,8,0.9968284964561462
4362,4,4,0.6837961673736572
4363,9,9,0.9807342290878296
4364,9,8,0.5014281868934631
4365,9,9,0.5226646065711975
4366,2,3,0.3502471148967743
4367,0,0,0.36883169412612915
4368,4,2,0.5014973282814026
4369,2,2,0.3102739155292511
4370,8,8,0.948574423789978
4371,1,1,0.994820237159729
4372,1,1,0.9657343626022339
4373,0,0,0.6190630197525024
4374,0,8,0.5789773464202881
4375,3,4,0.520622968673706
4376,7,5,0.5073042511940002
4377,4,4,0.7607694864273071
4378,1,1,0.9481170773506165
4379,1,1,0.989835798740387
4380,9,9,0.7181315422058105
4381,7,7,0.8511335253715515
4382,7,7,0.8520194888114929
4383,4,4,0.3232342004776001
4384,6,5,0.36726143956184387
4385,8,8,0.5752221345901489
4386,6,7,0.3120388090610504
4387,0,2,0.3590100407600403
4388,2,2,0.7238196730613708
4389,8,8,0.9432727694511414
4390,5,5,0.9238943457603455
4391,3,8,0.628243088722229
4392,5,5,0.434939980506897
4393,3,3,0.3532281517982483
4394,5,5,0.9154458045959473
4395,7,7,0.9976847171783447
4396,9,9,0.9923369288444519
4397,8,8,0.8711771368980408
4398,4,7,0.42302757501602173
4399,4,7,0.5672588348388672
4400,3,3,0.259053498506546
4401,1,1,0.77559494972229
4402,4,4,0.4531031847000122
4403,8,8,0.46682536602020264
4404,3,4,0.7248960733413696
4405,6,6,0.9552393555641174
4406,5,5,0.5746821761131287
4407,3,3,0.8165169954299927
4408,0,1,0.43972769379615784
4409,8,8,0.3900090754032135
4410,9,7,0.429899126291275
4411,5,3,0.5462706089019775
4412,7,7,0.9575815796852112
4413,6,6,0.8178644776344299
4414,2,2,0.3032929003238678
4415,0,0,0.9658775925636292
4416,4,6,0.4255444407463074
4417,9,9,0.9669778347015381
4418,9,9,0.9586110711097717
4419,0,0,0.8130309581756592
4420,5,5,0.42423051595687866
4421,2,5,0.4306584894657135
4422,3,8,0.2817533314228058
4423,6,2,0.2724021077156067
4424,1,1,0.9229843616485596
4425,1,1,0.9966347813606262
4426,0,0,0.899999737739563
4427,2,2,0.46958234906196594
4428,8,8,0.7547529935836792
4429,2,2,0.6511108875274658
4430,1,1,0.5898897051811218
4431,1,1,0.5556698441505432
4432,7,7,0.4370754361152649
4433,5,5,0.8701464533805847
4434,2,2,0.5916990637779236
4435,3,3,0.43396076560020447
4436,4,4,0.6809421181678772
4437,1,1,0.8387400507926941
4438,2,2,0.34339696168899536
4439,9,9,0.4560486376285553
4440,2,3,0.2658134996891022
4441,1,1,0.849748969078064
4442,3,0,0.4596923291683197
4443,4,4,0.7006691694259644
4444,8,8,0.9963167905807495
4445,9,1,0.5950731635093689
4446,0,1,0.4241567850112915
4447,0,8,0.9182730317115784
4448,4,6,0.5247623324394226
4449,9,1,0.37422916293144226
4450,0,0,0.2846900522708893
4451,2,0,0.5054317116737366
4452,2,3,0.32363009452819824
4453,0,0,0.5445845127105713
4454,6,6,0.91280198097229
4455,8,8,0.9752310514450073
4456,7,7,0.9776155352592468
4457,3,5,0.453593373298645
4458,3,3,0.5900515913963318
4459,8,8,0.9216054081916809
4460,9,9,0.8789963126182556
4461,0,0,0.8811451196670532
4462,2,5,0.6292626857757568
4463,5,2,0.3548920452594757
4464,3,3,0.24969908595085144
4465,6,6,0.6041813492774963
4466,1,1,0.8931351900100708
4467,3,3,0.35199877619743347
4468,9,9,0.8378746509552002
4469,5,5,0.6365050077438354
4470,0,9,0.5682654976844788
4471,5,5,0.5753299593925476
4472,4,4,0.7406914830207825
4473,4,2,0.3775646388530731
4474,0,8,0.7293586134910583
4475,1,0,0.6197201609611511
4476,1,5,0.4504326283931732
4477,6,7,0.29525303840637207
4478,1,0,0.36044207215309143
4479,7,7,0.6822900176048279
4480,9,9,0.9663618206977844
4481,9,1,0.7492762804031372
4482,6,6,0.5021494030952454
4483,2,0,0.24461771547794342
4484,4,4,0.7260443568229675
4485,3,7,0.8102807402610779
4486,8,6,0.18944843113422394
4487,3,5,0.5777339339256287
4488,4,4,0.6701440811157227
4489,7,7,0.997778594493866
4490,0,0,0.2201768159866333
4491,2,2,0.545562207698822
4492,8,8,0.9139268398284912
4493,4,4,0.5695229172706604
4494,8,8,0.7432500720024109
4495,3,3,0.39898037910461426
4496,8,8,0.6383404731750488
4497,8,8,0.983091413974762
4498,8,8,0.8106594085693359
4499,3,3,0.30526202917099
4500,3,5,0.5584115386009216
4501,5,5,0.5546517372131348
4502,7,7,0.8903153538703918
4503,7,7,0.39284440875053406
4504,0,0,0.4971992075443268
4505,4,4,0.8514915108680725
4506,1,1,0.7881265878677368
4507,5,5,0.4023987054824829
4508,9,0,0.4627249836921692
4509,7,7,0.6696037650108337
4510,0,8,0.40978989005088806
4511,6,6,0.9485658407211304
4512,8,8,0.8151898980140686
4513,4,3,0.5526968836784363
4514,9,9,0.9509894847869873
4515,0,0,0.973655641078949
4516,1,9,0.4190855324268341
4517,8,8,0.951904296875
4518,9,9,0.9785445332527161
4519,6,6,0.563151478767395
4520,3,7,0.3098262846469879
4521,9,9,0.6932300329208374
4522,2,4,0.6005723476409912
4523,4,6,0.38752955198287964
4524,4,4,0.8023515343666077
4525,0,7,0.22590835392475128
4526,3,5,0.61822909116745
4527,3,3,0.688133716583252
4528,5,7,0.6150853633880615
4529,4,4,0.8553177118301392
4530,5,3,0.33225831389427185
4531,1,1,0.6675463914871216
4532,1,1,0.9622161388397217
4533,8,8,0.6075994372367859
4534,2,2,0.47845473885536194
4535,2,4,0.5812072157859802
4536,9,9,0.34075498580932617
4537,3,3,0.3742884397506714
4538,7,7,0.5158195495605469
4539,8,9,0.4619665741920471
4540,9,9,0.9736964106559753
4541,2,2,0.469468891620636
4542,3,3,0.28832781314849854
4543,1,1,0.5100371837615967
4544,7,7,0.7657039761543274
4545,3,4,0.25570687651634216
4546,2,0,0.3303051292896271
4547,3,3,0.3730630576610565
4548,0,0,0.6965920925140381
4549,1,9,0.5211182236671448
4550,9,2,0.2806030809879303
4551,5,4,0.22940495610237122
4552,5,3,0.5351670980453491
4553,3,3,0.5383925437927246
4554,4,7,0.7037460207939148
4555,5,7,0.49549415707588196
4556,2,8,0.49438902735710144
4557,0,0,0.9909008741378784
4558,0,0,0.977275013923645
4559,3,3,0.5042492747306824
4560,1,1,0.7375339865684509
4561,3,5,0.4381643235683441
4562,4,4,0.24370545148849487
4563,7,5,0.2936253249645233
4564,4,4,0.5101127028465271
4565,2,7,0.346077024936676
4566,8,8,0.8285443186759949
4567,4,4,0.6459654569625854
4568,8,8,0.9467459321022034
4569,9,9,0.36027953028678894
4570,9,3,0.47503313422203064
4571,4,4,0.3294956386089325
4572,2,7,0.2624555230140686
4573,4,4,0.7227301597595215
4574,3,3,0.26612481474876404
4575,6,6,0.8513744473457336
4576,4,4,0.7794477939605713
4577,6,3,0.3513230085372925
4578,4,4,0.610075831413269
4579,6,6,0.4208381474018097
4580,6,4,0.6980679631233215
4581,3,5,0.5316382646560669
4582,8,8,0.8671459555625916
4583,7,7,0.8047623634338379
4584,4,0,0.5005167722702026
4585,8,8,0.6397252678871155
4586,0,2,0.6392550468444824
4587,5,5,0.842551589012146
4588,9,9,0.6558468341827393
4589,3,3,0.3989773392677307
4590,9,2,0.6835108399391174
4591,0,0,0.999153733253479
4592,7,7,0.9386005401611328
4593,5,3,0.4970288872718811
4594,1,8,0.4788457751274109
4595,9,9,0.5053123831748962
4596,7,5,0.4259363114833832
4597,9,9,0.6335224509239197
4598,1,1,0.6227869391441345
4599,8,9,0.5917977690696716
4600,4,7,0.6105915307998657
4601,2,2,0.3976632356643677
4602,1,9,0.6040987372398376
4603,6,6,0.27214759588241577
4604,4,4,0.7477014660835266
4605,3,4,0.33236458897590637
4606,0,9,0.2644054889678955
4607,1,1,0.9481542706489563
4608,4,4,0.3440398871898651
4609,8,9,0.5354822278022766
4610,6,6,0.2616822421550751
4611,1,1,0.9476798176765442
4612,7,7,0.925055742263794
4613,1,1,0.7504860162734985
4614,3,7,0.49519026279449463
4615,5,4,0.4718780815601349
4616,4,4,0.5154068470001221
4617,3,3,0.38814160227775574
4618,3,3,0.45116353034973145
4619,9,9,0.9468564987182617
4620,7,7,0.7723599076271057
4621,8,8,0.6662957668304443
4622,2,2,0.42351531982421875
4623,5,9,0.3019387423992157
4624,5,5,0.4201582372188568
4625,4,5,0.25871214270591736
4626,5,5,0.5930130481719971
4627,4,4,0.2271602749824524
4628,5,5,0.7383557558059692
4629,7,7,0.764298677444458
4630,2,3,0.4548104703426361
4631,5,5,0.8971415162086487
4632,5,2,0.2637959122657776
4633,1,1,0.964747965335846
4634,7,5,0.5767316222190857
4635,7,7,0.7772604823112488
4636,8,8,0.9638150930404663
4637,3,3,0.4436715543270111
4638,6,4,0.4299045205116272
4639,0,9,0.5418974757194519
4640,2,2,0.7697722911834717
4641,5,5,0.5969629883766174
4642,2,4,0.32656317949295044
4643,3,5,0.3556198477745056
4644,7,7,0.2661047577857971
4645,4,7,0.2747381329536438
4646,2,5,0.7096896171569824
4647,1,1,0.8321947455406189
4648,6,6,0.9377017021179199
4649,8,8,0.623106062412262
4650,6,6,0.5504414439201355
4651,8,8,0.8836249709129333
4652,3,3,0.45755577087402344
4653,2,2,0.6691843271255493
4654,7,7,0.5112980604171753
4655,7,5,0.4636125862598419
4656,9,9,0.9643521308898926
4657,7,7,0.9899067282676697
4658,1,9,0.6237139105796814
4659,4,7,0.6964693069458008
4660,7,9,0.4726584553718567
4661,4,5,0.7808380722999573
4662,6,6,0.9542410373687744
4663,1,1,0.9958395957946777
4664,7,7,0.8757383823394775
4665,3,5,0.5422280430793762
4666,0,0,0.8413966298103333
4667,0,8,0.5230584740638733
4668,6,6,0.6454877853393555
4669,6,6,0.2343520224094391
4670,8,8,0.87679523229599
4671,6,6,0.968746542930603
4672,6,6,0.600598931312561
4673,0,0,0.7876386642456055
4674,3,3,0.6651827692985535
4675,4,4,0.3453218638896942
4676,7,7,0.3504573702812195
4677,4,4,0.5429953932762146
4678,9,0,0.3098909854888916
4679,4,4,0.3358619511127472
4680,9,9,0.8819965124130249
4681,9,9,0.4313369393348694
4682,3,3,0.6614450812339783
4683,4,4,0.7902197241783142
4684,1,8,0.37675002217292786
4685,4,4,0.3304041028022766
4686,0,8,0.5915262699127197
4687,3,3,0.46509531140327454
4688,7,7,0.7614752650260925
4689,1,1,0.8944438695907593
4690,2,2,0.6287372708320618
4691,2,6,0.4230306148529053
4692,8,8,0.3018076717853546
4693,4,7,0.5053483843803406
4694,7,3,0.2715003788471222
4695,8,8,0.9722751379013062
4696,5,3,0.41099318861961365
4697,5,6,0.36402690410614014
4698,6,6,0.4254678189754486
4699,5,5,0.33619576692581177
4700,6,6,0.26274627447128296
4701,0,0,0.9602298140525818
4702,6,6,0.563338577747345
4703,4,8,0.5045521855354309
4704,9,9,0.9696398973464966
4705,3,4,0.7301987409591675
4706,2,2,0.3339906632900238
4707,7,7,0.6435362696647644
4708,3,3,0.49116137623786926
4709,8,0,0.34069547057151794
4710,3,7,0.5255682468414307
4711,9,9,0.9371009469032288
4712,4,4,0.7127301096916199
4713,1,1,0.6267268657684326
4714,6,6,0.9769903421401978
4715,9,9,0.9546630382537842
4716,9,9,0.9491138458251953
4717,4,4,0.35410645604133606
4718,3,5,0.45986318588256836
4719,9,9,0.9027031064033508
4720,8,0,0.9387636780738831
4721,1,1,0.5676721930503845
4722,6,3,0.49098706245422363
4723,9,9,0.9748597741127014
4724,5,5,0.3069920837879181
4725,9,9,0.9678671360015869
4726,0,0,0.6935197114944458
4727,9,9,0.9364939332008362
4728,7,7,0.9944649338722229
4729,2,5,0.4332521855831146
4730,2,4,0.8861501216888428
4731,4,4,0.5771876573562622
4732,2,3,0.28486505150794983
4733,6,6,0.7627228498458862
4734,4,4,0.5456715822219849
4735,8,8,0.3322699964046478
4736,1,1,0.9267343282699585
4737,9,9,0.9554846882820129
4738,5,3,0.3182991147041321
4739,6,6,0.2874940037727356
4740,5,5,0.4882391095161438
4741,1,1,0.9367027878761292
4742,8,8,0.7062966227531433
4743,6,6,0.5622071027755737
4744,6,0,0.8075288534164429
4745,7,8,0.3592635989189148
4746,6,6,0.6608898043632507
4747,5,5,0.8066585659980774
4748,0,0,0.43859726190567017
4749,2,3,0.3171318769454956
4750,7,7,0.20170384645462036
4751,6,6,0.7382621169090271
4752,1,9,0.4255977272987366
4753,2,3,0.2700252830982208
4754,3,8,0.62782883644104
4755,1,1,0.49901893734931946
4756,6,6,0.7713470458984375
4757,4,4,0.5215045213699341
4758,9,3,0.21857374906539917
4759,0,0,0.9870529770851135
4760,3,5,0.33944329619407654
4761,9,9,0.8775408864021301
4762,1,9,0.49742481112480164
4763,0,0,0.964739978313446
4764,5,5,0.6575514078140259
4765,3,5,0.45415717363357544
4766,1,1,0.6309215426445007
4767,6,6,0.6038265824317932
4768,9,9,0.9881021976470947
4769,8,8,0.9156620502471924
4770,9,9,0.49047204852104187
4771,0,0,0.9579877257347107
4772,6,6,0.8063081502914429
4773,1,1,0.8817289471626282
4774,6,6,0.9743397235870361
4775,2,5,0.316041499376297
4776,3,3,0.4397834837436676
4777,5,5,0.5172613859176636
4778,6,6,0.7222120761871338
4779,9,9,0.7048606872558594
4780,0,0,0.5224301218986511
4781,7,7,0.44121405482292175
4782,2,5,0.4519903361797333
4783,4,7,0.44415825605392456
4784,0,8,0.7623838782310486
4785,3,9,0.7904812693595886
4786,6,9,0.606188178062439
4787,8,8,0.9974585175514221
4788,6,5,0.24419021606445312
4789,9,9,0.8943101763725281
4790,1,9,0.8839282989501953
4791,9,9,0.5704858899116516
4792,0,0,0.5032413601875305
4793,6,6,0.7278792858123779
4794,4,2,0.3398362100124359
4795,5,5,0.4767126142978668
4796,9,9,0.45238277316093445
4797,5,5,0.47519269585609436
4798,4,0,0.744475245475769
4799,1,8,0.5044507384300232
4800,9,9,0.9894531965255737
4801,2,7,0.7478344440460205
4802,0,0,0.895368218421936
4803,7,7,0.26004186272621155
4804,3,5,0.6003051400184631
4805,5,5,0.5284715294837952
4806,1,1,0.5782118439674377
4807,8,8,0.9758563041687012
4808,3,5,0.587295651435852
4809,0,0,0.9747246503829956
4810,5,5,0.8871203064918518
4811,2,0,0.92739337682724
4812,8,8,0.7086222767829895
4813,8,8,0.9112046957015991
4814,3,4,0.34712713956832886
4815,9,9,0.7487447261810303
4816,6,4,0.39188697934150696
4817,0,0,0.6184930205345154
4818,3,9,0.5549977421760559
4819,5,5,0.515438973903656
4820,3,3,0.44708821177482605
4821,4,5,0.22156475484371185
4822,1,1,0.8375019431114197
4823,5,8,0.4402342438697815
4824,0,0,0.9791622161865234
4825,7,5,0.38921910524368286
4826,3,2,0.3202078938484192
4827,9,9,0.9124805331230164
4828,4,4,0.5136075019836426
4829,5,5,0.603295087814331
4830,3,5,0.4219561517238617
4831,1,1,0.625365138053894
4832,4,2,0.3106215298175812
4833,2,4,0.305978000164032
4834,4,5,0.3832903802394867
4835,9,9,0.9774615168571472
4836,9,9,0.7146009206771851
4837,7,7,0.9874820709228516
4838,1,1,0.5437672138214111
4839,7,7,0.865103542804718
4840,0,0,0.7988960146903992
4841,1,1,0.6941874623298645
4842,2,2,0.7004053592681885
4843,1,1,0.9385579824447632
4844,5,3,0.6282607316970825
4845,3,3,0.23313653469085693
4846,8,8,0.7386347651481628
4847,4,4,0.4191853404045105
4848,1,1,0.9906251430511475
4849,5,3,0.35062503814697266
4850,1,9,0.605254590511322
4851,9,9,0.9312275052070618
4852,9,0,0.6541414856910706
4853,7,7,0.6687713861465454
4854,0,0,0.8778943419456482
4855,1,1,0.9523672461509705
4856,7,7,0.974137544631958
4857,6,6,0.9932538866996765
4858,2,2,0.7675431966781616
4859,6,6,0.5355140566825867
4860,5,5,0.7214243412017822
4861,0,0,0.6359906792640686
4862,3,2,0.36626043915748596
4863,1,1,0.7475138306617737
4864,3,3,0.3519863784313202
4865,8,7,0.18759717047214508
4866,9,9,0.8925214409828186
4867,9,9,0.7682832479476929
4868,0,8,0.48653095960617065
4869,8,8,0.8157644867897034
4870,8,8,0.7188428044319153
4871,7,4,0.6313654780387878
4872,9,9,0.5157303214073181
4873,2,8,0.5183490514755249
4874,9,9,0.40002989768981934
4875,1,1,0.9451285004615784
4876,3,5,0.5398005843162537
4877,6,6,0.9766877293586731
4878,7,7,0.38343074917793274
4879,6,6,0.40834784507751465
4880,0,9,0.6383644342422485
4881,8,8,0.9737464189529419
4882,6,6,0.8786433339118958
4883,2,2,0.4935779571533203
4884,4,7,0.3283948600292206
4885,2,2,0.7742676138877869
4886,3,3,0.9259714484214783
4887,5,3,0.41614893078804016
4888,5,5,0.6250824928283691
4889,4,7,0.5873734354972839
4890,1,1,0.858691930770874
4891,6,6,0.7052046060562134
4892,7,7,0.46015337109565735
4893,1,1,0.787253737449646
4894,6,3,0.2685815393924713
4895,1,1,0.9094077348709106
4896,7,7,0.7078080177307129
4897,1,1,0.5214022397994995
4898,6,6,0.6908848285675049
4899,2,2,0.5329495668411255
4900,3,3,0.35604310035705566
4901,0,0,0.8878399133682251
4902,4,4,0.47448885440826416
4903,2,2,0.6202101111412048
4904,9,9,0.42961037158966064
4905,7,7,0.9904857277870178
4906,5,5,0.5042716264724731
4907,5,5,0.47069501876831055
4908,6,8,0.5267124772071838
4909,0,0,0.6544538736343384
4910,8,9,0.46435415744781494
4911,8,8,0.5146519541740417
4912,1,1,0.8127300143241882
4913,1,9,0.7755941152572632
4914,3,3,0.6480840444564819
4915,5,5,0.7266414165496826
4916,6,6,0.5332306623458862
4917,5,7,0.2707947790622711
4918,3,3,0.8758864402770996
4919,8,8,0.9212852716445923
4920,7,7,0.5503448843955994
4921,5,6,0.8614163994789124
4922,0,0,0.9500032067298889
4923,7,7,0.9846774339675903
4924,7,4,0.26464134454727173
4925,5,5,0.5472238659858704
4926,7,0,0.3486141562461853
4927,1,1,0.5762374401092529
4928,9,9,0.8185089230537415
4929,9,9,0.48596295714378357
4930,1,1,0.44810378551483154
4931,9,9,0.3801160454750061
4932,9,9,0.31405118107795715
4933,3,5,0.4234668016433716
4934,5,5,0.41344621777534485
4935,5,5,0.8113106489181519
4936,3,3,0.4065162241458893
4937,0,0,0.7945929169654846
4938,3,9,0.3661290109157562
4939,0,0,0.8828669786453247
4940,6,6,0.9368987083435059
4941,6,6,0.361061692237854
4942,5,4,0.3264537453651428
4943,6,7,0.30999237298965454
4944,8,8,0.8460187315940857
4945,9,9,0.8673079609870911
4946,4,5,0.22325007617473602
4947,5,3,0.5075180530548096
4948,1,1,0.9163452982902527
4949,1,1,0.6494046449661255
4950,2,2,0.5705693960189819
4951,7,6,0.39348289370536804
4952,9,9,0.6458853483200073
4953,0,0,0.9164727330207825
4954,1,1,0.6245066523551941
4955,2,0,0.6130620837211609
4956,5,5,0.562795102596283
4957,4,4,0.8691926002502441
4958,4,4,0.8779798746109009
4959,7,9,0.5918201804161072
4960,4,4,0.30558547377586365
4961,8,8,0.9471796154975891
4962,3,8,0.4432339668273926
4963,3,5,0.5626734495162964
4964,5,2,0.41803330183029175
4965,3,7,0.19304127991199493
4966,5,5,0.5695005059242249
4967,7,5,0.19451570510864258
4968,0,0,0.9700276255607605
4969,1,1,0.9322641491889954
4970,2,6,0.47936081886291504
4971,9,9,0.9752887487411499
4972,8,6,0.3467867076396942
4973,1,9,0.5515603423118591
4974,7,7,0.34221962094306946
4975,3,3,0.3876018822193146
4976,5,5,0.507397472858429
4977,9,9,0.8363755345344543
4978,1,1,0.7069622874259949
4979,9,6,0.7495877742767334
4980,1,9,0.4598691165447235
4981,1,8,0.38479769229888916
4982,3,5,0.3140711188316345
4983,6,5,0.34430035948753357
4984,7,3,0.28087562322616577
4985,4,2,0.32318994402885437
4986,8,1,0.36515071988105774
4987,3,3,0.4615451395511627
4988,5,7,0.3219471573829651
4989,6,6,0.7767601013183594
4990,7,7,0.5643814206123352
4991,0,0,0.6043434143066406
4992,1,1,0.9728958010673523
4993,7,8,0.464883029460907
4994,7,7,0.9782801866531372
4995,2,5,0.8159279227256775
4996,3,5,0.337747722864151
4997,3,3,0.5967316031455994
4998,5,5,0.9359702467918396
4999,1,1,0.784440279006958
5000,7,7,0.9987530708312988
5001,6,6,0.9956348538398743
5002,8,8,0.8224367499351501
5003,4,7,0.48294535279273987
5004,4,4,0.6123520135879517
5005,5,7,0.2979448139667511
5006,7,0,0.6486597061157227
5007,3,3,0.6239180564880371
5008,4,4,0.7223154902458191
5009,7,2,0.31128114461898804
5010,7,7,0.8201012015342712
5011,3,4,0.3534471094608307
5012,6,6,0.5216663479804993
5013,0,2,0.7665607333183289
5014,7,7,0.7426482439041138
5015,2,2,0.46391549706459045
5016,6,6,0.2940303087234497
5017,7,3,0.2778487205505371
5018,4,4,0.34637853503227234
5019,1,1,0.7606357932090759
5020,8,8,0.7570086121559143
5021,0,0,0.9945489764213562
5022,2,2,0.7956843376159668
5023,2,9,0.15167255699634552
5024,1,9,0.7161853909492493
5025,5,5,0.5635683536529541
5026,4,4,0.4809954762458801
5027,0,0,0.8928096294403076
5028,9,1,0.6148748993873596
5029,3,3,0.4923451840877533
5030,4,0,0.5179381966590881
5031,4,0,0.7913852334022522
5032,2,2,0.775744616985321
5033,3,5,0.4188310205936432
5034,8,0,0.7154390215873718
5035,5,5,0.644974410533905
5036,0,0,0.9009403586387634
5037,0,8,0.3747890293598175
5038,4,3,0.2555629014968872
5039,6,6,0.8510913252830505
5040,3,3,0.3394257724285126
5041,9,9,0.4482126832008362
5042,2,2,0.5247056484222412
5043,0,0,0.6148622632026672
5044,5,4,0.4613526463508606
5045,7,7,0.7562462091445923
5046,5,2,0.24657778441905975
5047,5,5,0.5297964811325073
5048,1,9,0.7527211308479309
5049,7,7,0.7167789936065674
5050,3,5,0.6280083656311035
5051,1,9,0.5895230770111084
5052,6,6,0.5711935758590698
5053,7,5,0.6013665199279785
5054,9,9,0.9945383667945862
5055,0,0,0.9976776242256165
5056,1,9,0.7040572762489319
5057,2,0,0.23762844502925873
5058,1,6,0.24944648146629333
5059,4,4,0.7106528282165527
5060,6,3,0.28640928864479065
5061,1,3,0.38333508372306824
5062,5,5,0.3644326329231262
5063,9,1,0.4884624481201172
5064,5,5,0.8971003890037537
5065,0,0,0.9858978986740112
5066,4,4,0.5430113077163696
5067,9,1,0.968896746635437
5068,4,5,0.41098687052726746
5069,9,9,0.6573461890220642
5070,7,5,0.6509784460067749
5071,1,9,0.2537114918231964
5072,6,5,0.2059514969587326
5073,8,8,0.97025066614151
5074,0,8,0.2295512557029724
5075,6,3,0.26917997002601624
5076,5,5,0.7431686520576477
5077,0,0,0.5263189673423767
5078,8,8,0.9475006461143494
5079,1,1,0.7582101225852966
5080,7,7,0.9134016036987305
5081,5,5,0.6799388527870178
5082,6,6,0.6999279856681824
5083,9,9,0.9418150186538696
5084,3,5,0.6046446561813354
5085,2,6,0.45243221521377563
5086,3,5,0.5059174299240112
5087,9,9,0.8512136340141296
5088,8,5,0.8064204454421997
5089,6,6,0.8370264768600464
5090,1,1,0.408049613237381
5091,0,0,0.8016027212142944
5092,9,9,0.8232157230377197
5093,0,8,0.914926290512085
5094,9,9,0.8867206573486328
5095,8,8,0.9925358295440674
5096,7,7,0.3567659854888916
5097,7,3,0.3973807394504547
5098,5,9,0.7024836540222168
5099,2,2,0.3869388997554779
5100,3,5,0.3037142753601074
5101,5,5,0.6859149932861328
5102,5,2,0.3631196618080139
5103,7,9,0.4892596900463104
5104,8,0,0.3901921212673187
5105,7,9,0.581752359867096
5106,6,7,0.3840111792087555
5107,9,1,0.7476916909217834
5108,1,1,0.5004125237464905
5109,9,0,0.4666801691055298
5110,8,8,0.8087944388389587
5111,6,6,0.6145817041397095
5112,5,6,0.2394988238811493
5113,6,4,0.6594729423522949
5114,7,7,0.9099229574203491
5115,5,5,0.348517507314682
5116,6,6,0.5347461700439453
5117,7,5,0.5441771149635315
5118,2,2,0.5865876078605652
5119,5,7,0.265354722738266
5120,9,9,0.7620462775230408
5121,6,6,0.9191198348999023
5122,6,6,0.4064458906650543
5123,7,7,0.3356204330921173
5124,0,0,0.9957886338233948
5125,1,1,0.9108752608299255
5126,0,0,0.4093319773674011
5127,1,9,0.4240555763244629
5128,3,3,0.4110914170742035
5129,2,6,0.7094512581825256
5130,5,2,0.26403534412384033
5131,6,4,0.43766650557518005
5132,1,1,0.6508461833000183
5133,2,2,0.7150557637214661
5134,5,6,0.5618619322776794
5135,1,1,0.931491494178772
5136,9,9,0.6142774820327759
5137,9,9,0.829933762550354
5138,8,8,0.9172685742378235
5139,6,6,0.6882942318916321
5140,8,8,0.9196910858154297
5141,6,6,0.458112508058548
5142,8,8,0.8560120463371277
5143,9,9,0.9264935851097107
5144,0,4,0.3387520909309387
5145,4,4,0.5622535347938538
5146,0,8,0.29732638597488403
5147,3,3,0.32780709862709045
5148,3,7,0.5071086287498474
5149,6,6,0.7772799134254456
5150,4,4,0.4833790361881256
5151,9,3,0.23084037005901337
5152,9,9,0.5838074088096619
5153,7,7,0.2911374866962433
5154,2,3,0.19566012918949127
5155,3,5,0.735366940498352
5156,5,5,0.6522759795188904
5157,6,6,0.8963985443115234
5158,4,4,0.5118565559387207
5159,6,4,0.5480936765670776
5160,0,0,0.9023041725158691
5161,3,5,0.59778892993927
5162,7,5,0.7259434461593628
5163,5,3,0.535685122013092
5164,0,0,0.8345838189125061
5165,2,3,0.29029950499534607
5166,9,0,0.36429280042648315
5167,2,2,0.5503628253936768
5168,7,7,0.9798179864883423
5169,2,2,0.7927994728088379
5170,9,9,0.9243367314338684
5171,2,4,0.35954299569129944
5172,4,5,0.23548299074172974
5173,0,0,0.9043152332305908
5174,6,6,0.6007189154624939
5175,6,9,0.7005361914634705
5176,3,3,0.3091227114200592
5177,4,4,0.26631614565849304
5178,5,5,0.8132023215293884
5179,5,3,0.6295692324638367
5180,9,9,0.581757128238678
5181,1,1,0.9277042746543884
5182,1,0,0.6116641759872437
5183,4,4,0.3418103754520416
5184,4,3,0.3416673243045807
5185,3,3,0.4531240165233612
5186,5,5,0.4932340383529663
5187,4,3,0.2464287430047989
5188,8,8,0.4833197593688965
5189,0,0,0.8028160333633423
5190,0,0,0.7303296327590942
5191,3,5,0.4797784090042114
5192,9,1,0.7505313754081726
5193,4,2,0.41382378339767456
5194,7,7,0.23914577066898346
5195,4,4,0.8716642260551453
5196,2,0,0.5306439995765686
5197,8,9,0.7221555113792419
5198,3,0,0.41496771574020386
5199,6,6,0.9216709136962891
5200,3,5,0.48398035764694214
5201,1,8,0.8383232951164246
5202,9,9,0.8580979108810425
5203,6,3,0.3515828847885132
5204,3,6,0.30442556738853455
5205,8,8,0.8313912749290466
5206,3,7,0.3685237169265747
5207,8,8,0.17640317976474762
5208,4,4,0.7667362689971924
5209,7,7,0.9877269864082336
5210,5,5,0.31265780329704285
5211,7,3,0.3922390639781952
5212,5,5,0.4477138817310333
5213,3,3,0.23135297000408173
5214,1,8,0.351354718208313
5215,2,0,0.2376520037651062
5216,6,6,0.47334203124046326
5217,1,1,0.9673582911491394
5218,3,5,0.31823164224624634
5219,2,6,0.36991745233535767
5220,0,0,0.9794030785560608
5221,7,7,0.8728350400924683
5222,5,5,0.38540855050086975
5223,0,0,0.9901360869407654
5224,0,0,0.9226806163787842
5225,0,0,0.7756774425506592
5226,1,1,0.7766379117965698
5227,4,7,0.3923366367816925
5228,3,3,0.430912047624588
5229,5,5,0.613551676273346
5230,8,8,0.7330647706985474
5231,4,4,0.4427106976509094
5232,3,5,0.6850972771644592
5233,1,1,0.7425875663757324
5234,7,7,0.4072791039943695
5235,1,6,0.4130244255065918
5236,0,8,0.5460457801818848
5237,4,4,0.4628458619117737
5238,2,2,0.48845648765563965
5239,4,4,0.287402868270874
5240,1,1,0.37305471301078796
5241,4,6,0.6859824061393738
5242,0,0,0.8770424127578735
5243,1,1,0.9815295338630676
5244,2,2,0.7090002298355103
5245,1,1,0.9564893841743469
5246,7,7,0.5783246159553528
5247,7,9,0.8752503991127014
5248,9,9,0.9804930090904236
5249,8,8,0.9757086038589478
5250,7,7,0.8784981966018677
5251,5,5,0.6594735980033875
5252,4,4,0.8769015669822693
5253,0,0,0.9327324628829956
5254,9,9,0.8324321508407593
5255,0,0,0.6898719072341919
5256,0,0,0.9142637848854065
5257,8,8,0.8181410431861877
5258,2,5,0.33109408617019653
5259,0,8,0.8315742015838623
5260,0,0,0.9545049071311951
5261,2,9,0.4359063506126404
5262,4,4,0.5439828038215637
5263,8,8,0.9815033674240112
5264,6,6,0.6295011043548584
5265,2,2,0.5086630582809448
5266,4,4,0.5169876217842102
5267,6,6,0.8145671486854553
5268,3,0,0.3736388385295868
5269,5,7,0.3577093780040741
5270,1,1,0.8637566566467285
5271,5,3,0.4566810429096222
5272,3,5,0.46624839305877686
5273,7,9,0.26906803250312805
5274,2,4,0.4386601150035858
5275,2,0,0.4273473024368286
5276,9,9,0.7672204971313477
5277,8,1,0.593414306640625
5278,0,0,0.7069957852363586
5279,0,0,0.7955707907676697
5280,0,0,0.5522009134292603
5281,3,4,0.27491679787635803
5282,4,4,0.8908179998397827
5283,4,5,0.4906143844127655
5284,6,6,0.7314379811286926
5285,1,1,0.6912145614624023
5286,6,6,0.7582904696464539
5287,7,5,0.3678305745124817
5288,4,4,0.5699105262756348
5289,4,4,0.5162234306335449
5290,3,5,0.40149402618408203
5291,9,9,0.9160404205322266
5292,4,7,0.35807618498802185
5293,0,8,0.35142970085144043
5294,8,8,0.968117356300354
5295,0,0,0.8738408088684082
5296,4,4,0.5884391665458679
5297,6,3,0.49559906125068665
5298,5,5,0.6576598882675171
5299,7,7,0.9825207591056824
5300,9,9,0.6522907614707947
5301,7,7,0.6421656608581543
5302,0,0,0.7898352742195129
5303,5,5,0.734641432762146
5304,7,7,0.42188695073127747
5305,7,7,0.5543522834777832
5306,3,3,0.28288814425468445
5307,1,1,0.6045041084289551
5308,9,9,0.7981587052345276
5309,3,3,0.3729635179042816
5310,0,0,0.5563481450080872
5311,9,5,0.3070388436317444
5312,5,5,0.8956999778747559
5313,3,4,0.24864158034324646
5314,7,7,0.2233811914920807
5315,9,9,0.6251844167709351
5316,4,7,0.30444827675819397
5317,4,4,0.5358595252037048
5318,1,0,0.9326882362365723
5319,7,7,0.5041007399559021
5320,7,2,0.40947628021240234
5321,1,9,0.5781090259552002
5322,4,4,0.595672607421875
5323,1,1,0.9622094035148621
5324,2,9,0.4001931846141815
5325,8,8,0.9015548229217529
5326,7,5,0.43868935108184814
5327,0,0,0.48089075088500977
5328,0,0,0.45459625124931335
5329,4,0,0.4175105094909668
5330,7,3,0.34000441431999207
5331,2,2,0.9390496015548706
5332,9,9,0.9362914562225342
5333,7,7,0.5785751938819885
5334,6,6,0.3701173961162567
5335,9,1,0.6577525734901428
5336,3,6,0.536910355091095
5337,5,5,0.4451237916946411
5338,8,1,0.28953927755355835
5339,0,0,0.4043600559234619
5340,3,0,0.6751389503479004
5341,6,6,0.6109313368797302
5342,8,3,0.2120392918586731
5343,3,5,0.6157594323158264
5344,2,5,0.4156745374202728
5345,4,4,0.5449023842811584
5346,7,0,0.3206877112388611
5347,1,1,0.586667001247406
5348,1,1,0.8920115828514099
5349,3,3,0.24015961587429047
5350,9,1,0.8929829597473145
5351,7,3,0.4656837284564972
5352,5,3,0.43373727798461914
5353,1,1,0.811630129814148
5354,0,8,0.4249722957611084
5355,8,8,0.924899697303772
5356,7,7,0.9829397201538086
5357,0,0,0.9742416143417358
5358,1,8,0.8555940985679626
5359,6,6,0.4170682430267334
5360,9,9,0.7943163514137268
5361,3,8,0.28706875443458557
5362,2,4,0.6227921843528748
5363,7,7,0.9389265179634094
5364,7,7,0.5976489186286926
5365,8,8,0.5261412858963013
5366,1,9,0.7993184328079224
5367,0,0,0.5772517323493958
5368,3,5,0.3012174665927887
5369,4,4,0.48414158821105957
5370,6,3,0.3117084503173828
5371,7,7,0.34785813093185425
5372,5,8,0.8490746021270752
5373,2,2,0.43886756896972656
5374,0,0,0.8162968754768372
5375,1,8,0.3797627091407776
5376,5,5,0.849480390548706
5377,5,5,0.5017221570014954
5378,1,9,0.3632855713367462
5379,4,0,0.2771031856536865
5380,1,1,0.6000682711601257
5381,3,3,0.4269440472126007
5382,0,0,0.929340660572052
5383,8,8,0.9566644430160522
5384,6,6,0.8477738499641418
5385,2,3,0.44169074296951294
5386,1,1,0.9660158157348633
5387,3,6,0.819222629070282
5388,6,6,0.29418766498565674
5389,4,4,0.3288992643356323
5390,1,1,0.9496851563453674
5391,9,9,0.8290404677391052
5392,0,0,0.7293785810470581
5393,4,7,0.2515040934085846
5394,1,1,0.9028186202049255
5395,0,0,0.49367839097976685
5396,1,9,0.4509181082248688
5397,9,0,0.7113997340202332
5398,8,8,0.926381528377533
5399,6,3,0.5863409638404846
5400,9,0,0.706562876701355
5401,2,0,0.6252037286758423
5402,4,4,0.7552100419998169
5403,7,4,0.5667595267295837
5404,2,2,0.3327593505382538
5405,2,0,0.9010371565818787
5406,7,7,0.3885718286037445
5407,4,7,0.7773174047470093
5408,9,9,0.5604618787765503
5409,1,1,0.7555679678916931
5410,3,7,0.439500629901886
5411,2,6,0.5144355893135071
5412,6,6,0.9141576886177063
5413,3,5,0.8724657297134399
5414,4,4,0.9309033155441284
5415,4,4,0.7364637851715088
5416,9,1,0.9341329336166382
5417,4,7,0.35264649987220764
5418,8,8,0.8947120308876038
5419,2,6,0.7926716804504395
5420,6,6,0.8502746224403381
5421,6,6,0.6681061387062073
5422,1,1,0.6031990647315979
5423,6,6,0.9467774033546448
5424,3,5,0.6350762844085693
5425,6,3,0.48517921566963196
5426,5,5,0.6229878664016724
5427,8,8,0.6652950644493103
5428,4,7,0.61451256275177
5429,6,6,0.9337945580482483
5430,7,7,0.5304081439971924
5431,1,9,0.5352977514266968
5432,9,9,0.3820855915546417
5433,3,5,0.6158202290534973
5434,6,6,0.6209298968315125
5435,7,4,0.33412593603134155
5436,6,4,0.2929983139038086
5437,0,0,0.5389671921730042
5438,7,4,0.511696994304657
5439,1,1,0.8024149537086487
5440,9,9,0.860025942325592
5441,5,5,0.5105744004249573
5442,2,7,0.181457981467247
5443,6,6,0.43593186140060425
5444,7,7,0.6970040798187256
5445,7,7,0.9203609824180603
5446,6,2,0.29951319098472595
5447,5,5,0.607632577419281
5448,9,9,0.9255982637405396
5449,1,1,0.9164187908172607
5450,5,3,0.5961934924125671
5451,6,6,0.8733435273170471
5452,0,0,0.9493969082832336
5453,2,2,0.4926794767379761
5454,0,0,0.9200272560119629
5455,9,9,0.5126858353614807
5456,1,9,0.3039037883281708
5457,8,8,0.9940353631973267
5458,3,6,0.3330616056919098
5459,5,5,0.4019838273525238
5460,0,3,0.5557015538215637
5461,0,0,0.5623100399971008
5462,0,2,0.25349313020706177
5463,5,5,0.6386961936950684
5464,7,7,0.6327971816062927
5465,7,7,0.9461035132408142
5466,8,0,0.37057092785835266
5467,5,3,0.2973228991031647
5468,5,5,0.44226378202438354
5469,5,3,0.395476758480072
5470,1,1,0.7777596116065979
5471,6,4,0.4633367359638214
5472,1,1,0.8161035776138306
5473,5,5,0.6643240451812744
5474,1,1,0.938890278339386
5475,0,0,0.9652333855628967
5476,6,6,0.7051964402198792
5477,2,5,0.233761265873909
5478,3,3,0.7280656695365906
5479,2,5,0.37703660130500793
5480,1,1,0.946419358253479
5481,7,7,0.45303666591644287
5482,5,9,0.33747372031211853
5483,1,9,0.634628176689148
5484,9,9,0.9482340216636658
5485,8,8,0.8036648631095886
5486,3,7,0.2980369031429291
5487,6,3,0.40873390436172485
5488,9,9,0.85714191198349
5489,7,7,0.6456897258758545
5490,3,5,0.4229635000228882
5491,0,0,0.9337294697761536
5492,2,0,0.47475555539131165
5493,3,4,0.32003363966941833
5494,9,9,0.8873194456100464
5495,4,7,0.8399462699890137
5496,4,6,0.8685301542282104
5497,3,7,0.22785381972789764
5498,9,9,0.8392951488494873
5499,6,6,0.5460468530654907
5500,8,8,0.9043055772781372
5501,6,6,0.8982104063034058
5502,6,6,0.8890326619148254
5503,8,8,0.8946837186813354
5504,5,4,0.3622645139694214
5505,4,4,0.6645587086677551
5506,3,4,0.48278123140335083
5507,6,6,0.5530371069908142
5508,7,5,0.31621280312538147
5509,7,7,0.496318519115448
5510,4,4,0.3890315592288971
5511,3,6,0.8016414046287537
5512,9,9,0.42343226075172424
5513,6,6,0.8271103501319885
5514,2,2,0.6008490920066833
5515,4,0,0.30622050166130066
5516,0,0,0.7153651714324951
5517,1,5,0.3829810321331024
5518,3,8,0.301750123500824
5519,6,6,0.8468782901763916
5520,4,7,0.24918900430202484
5521,9,9,0.8247921466827393
5522,2,2,0.3347782790660858
5523,6,6,0.6995969414710999
5524,0,0,0.7223142981529236
5525,3,7,0.5530986785888672
5526,8,8,0.9983494281768799
5527,7,7,0.64262455701828
5528,5,5,0.5269619226455688
5529,3,9,0.6548740863800049
5530,3,8,0.3693593144416809
5531,8,8,0.9132769107818604
5532,3,3,0.33398646116256714
5533,2,2,0.7130820155143738
5534,6,2,0.26959720253944397
5535,3,3,0.31038185954093933
5536,6,6,0.38721397519111633
5537,2,5,0.6866509318351746
5538,7,4,0.32907772064208984
5539,4,4,0.3190149664878845
5540,5,5,0.4259815216064453
5541,7,7,0.9657861590385437
5542,9,9,0.905318021774292
5543,0,0,0.9923885464668274
5544,0,1,0.722981333732605
5545,6,6,0.6419225335121155
5546,7,7,0.9582188129425049
5547,2,2,0.47730904817581177
5548,8,0,0.6875793933868408
5549,5,3,0.42024168372154236
5550,5,5,0.5161551237106323
5551,7,9,0.7233321070671082
5552,5,5,0.4469165802001953
5553,5,5,0.6303415894508362
5554,9,3,0.2506527900695801
5555,4,3,0.39981454610824585
5556,6,9,0.26717498898506165
5557,4,5,0.26711317896842957
5558,7,5,0.2886424958705902
5559,3,2,0.38506466150283813
5560,3,5,0.4884682595729828
5561,6,6,0.94659024477005
5562,4,7,0.5813760161399841
5563,1,9,0.6464472413063049
5564,6,6,0.7026655077934265
5565,3,7,0.3553956151008606
5566,1,1,0.5923086404800415
5567,6,6,0.6587444543838501
5568,7,7,0.8914013504981995
5569,0,1,0.35690975189208984
5570,5,5,0.8072411417961121
5571,0,7,0.7783343195915222
5572,1,9,0.6144682168960571
5573,9,3,0.37776708602905273
5574,7,7,0.9932176470756531
5575,3,3,0.31456923484802246
5576,5,5,0.4791804254055023
5577,2,4,0.5898684859275818
5578,3,3,0.5209341645240784
5579,9,9,0.992731511592865
5580,5,5,0.6580125093460083
5581,6,5,0.6926698684692383
5582,4,5,0.5293267965316772
5583,0,0,0.9737436771392822
5584,0,0,0.9868735671043396
5585,0,2,0.5017775893211365
5586,8,0,0.7196124196052551
5587,0,0,0.9250825643539429
5588,3,3,0.734054684638977
5589,2,2,0.6405636072158813
5590,4,4,0.5333389043807983
5591,5,5,0.5734966397285461
5592,3,5,0.2903040051460266
5593,7,7,0.8718456029891968
5594,9,9,0.8992714285850525
5595,6,6,0.42178666591644287
5596,9,9,0.9204681515693665
5597,3,8,0.6898390650749207
5598,1,1,0.9945374131202698
5599,2,2,0.4563668668270111
5600,6,6,0.30314305424690247
5601,7,7,0.6783897280693054
5602,4,4,0.7630004286766052
5603,5,4,0.6788856387138367
5604,1,1,0.9799014329910278
5605,3,5,0.4509226679801941
5606,7,7,0.7629669308662415
5607,6,0,0.7772572040557861
5608,9,9,0.7817045450210571
5609,5,0,0.28523963689804077
5610,8,8,0.5681977868080139
5611,5,5,0.5198417901992798
5612,8,8,0.9865082502365112
5613,5,3,0.25829654932022095
5614,8,8,0.7995508313179016
5615,5,5,0.7470516562461853
5616,6,6,0.9218175411224365
5617,5,5,0.8518590331077576
5618,0,0,0.6233641505241394
5619,8,8,0.9625582098960876
5620,3,4,0.5504562258720398
5621,8,9,0.7298927307128906
5622,1,7,0.5516354441642761
5623,8,8,0.959778368473053
5624,1,1,0.9576003551483154
5625,5,5,0.6564949750900269
5626,0,0,0.6407660245895386
5627,9,9,0.8061840534210205
5628,8,1,0.8724823594093323
5629,6,6,0.4660239815711975
5630,3,4,0.25769588351249695
5631,6,3,0.4569825828075409
5632,3,9,0.8806843161582947
5633,4,5,0.39928701519966125
5634,4,2,0.5052669048309326
5635,7,7,0.9349987506866455
5636,4,4,0.629830539226532
5637,7,7,0.7604171633720398
5638,4,4,0.558320164680481
5639,3,7,0.45198801159858704
5640,2,5,0.48533815145492554
5641,4,6,0.5003092885017395
5642,5,7,0.7929547429084778
5643,5,5,0.6842213273048401
5644,7,7,0.6138153672218323
5645,5,3,0.4671703577041626
5646,4,8,0.8566074967384338
5647,5,5,0.5030766129493713
5648,8,8,0.4609326422214508
5649,0,3,0.45001161098480225
5650,5,3,0.3470751643180847
5651,4,4,0.5795866847038269
5652,0,0,0.812641978263855
5653,5,5,0.5991842746734619
5654,4,4,0.675236701965332
5655,3,5,0.37462490797042847
5656,3,6,0.2378482222557068
5657,2,6,0.40005025267601013
5658,4,4,0.30983224511146545
5659,2,5,0.2793947160243988
5660,9,9,0.8636264801025391
5661,4,7,0.41285791993141174
5662,8,8,0.7179206013679504
5663,8,8,0.9940998554229736
5664,6,6,0.47334569692611694
5665,2,0,0.7474313378334045
5666,6,6,0.8945422172546387
5667,1,1,0.7406691908836365
5668,7,7,0.9617416858673096
5669,0,0,0.9372309446334839
5670,4,6,0.3463258743286133
5671,3,3,0.6399085521697998
5672,8,8,0.960681140422821
5673,5,5,0.5493239164352417
5674,9,9,0.8182674050331116
5675,7,7,0.8655418157577515
5676,6,6,0.562123715877533
5677,7,7,0.9016417264938354
5678,1,1,0.25524771213531494
5679,0,0,0.8311314582824707
5680,2,3,0.3009534180164337
5681,3,5,0.6284568309783936
5682,5,5,0.4711219072341919
5683,6,6,0.9509813189506531
5684,7,7,0.587339460849762
5685,1,1,0.9887199997901917
5686,6,4,0.4747355878353119
5687,2,2,0.5367287397384644
5688,8,8,0.9807227253913879
5689,3,3,0.4123869240283966
5690,7,7,0.6693182587623596
5691,2,5,0.23966002464294434
5692,5,5,0.812930166721344
5693,7,7,0.7931064963340759
5694,5,5,0.7172417044639587
5695,7,7,0.9124569296836853
5696,7,7,0.9422439932823181
5697,1,1,0.5130785703659058
5698,7,5,0.4134574830532074
5699,4,4,0.9168156385421753
5700,3,7,0.4487036466598511
5701,3,3,0.6070975065231323
5702,4,4,0.6481425762176514
5703,0,1,0.6649909615516663
5704,4,4,0.9068302512168884
5705,2,2,0.47490254044532776
5706,7,7,0.9816359281539917
5707,0,0,0.7675123810768127
5708,2,5,0.5799174308776855
5709,2,5,0.441802054643631
5710,6,6,0.3225277066230774
5711,6,6,0.739619255065918
5712,2,2,0.648462176322937
5713,5,5,0.5825760364532471
5714,2,4,0.4381488561630249
5715,6,5,0.3645555377006531
5716,0,0,0.8641734719276428
5717,6,3,0.3421437740325928
5718,1,1,0.8743361234664917
5719,2,5,0.6572681069374084
5720,9,9,0.9943108558654785
5721,0,0,0.9115975499153137
5722,0,0,0.7766299247741699
5723,1,1,0.8717890381813049
5724,5,5,0.8337060809135437
5725,5,5,0.4339751601219177
5726,1,1,0.8548994064331055
5727,6,4,0.5034025311470032
5728,7,7,0.9731581807136536
5729,8,8,0.6998133063316345
5730,5,1,0.3629652261734009
5731,6,6,0.7368864417076111
5732,3,5,0.3796791434288025
5733,3,3,0.44640666246414185
5734,6,6,0.7190968990325928
5735,0,0,0.8222311735153198
5736,9,9,0.8050000667572021
5737,9,9,0.953065812587738
5738,2,5,0.28607314825057983
5739,2,3,0.2142934799194336
5740,6,6,0.4121595025062561
5741,1,1,0.5714804530143738
5742,4,4,0.3459969460964203
5743,6,6,0.3949272930622101
5744,2,0,0.6124181747436523
5745,5,5,0.3269856572151184
5746,7,7,0.9763351082801819
5747,8,8,0.6812189221382141
5748,8,8,0.7003087401390076
5749,5,3,0.5279690623283386
5750,6,8,0.5085113644599915
5751,4,4,0.2923842966556549
5752,3,9,0.3081497251987457
5753,2,3,0.38739100098609924
5754,3,5,0.5710530877113342
5755,4,2,0.29457300901412964
5756,4,4,0.3660281002521515
5757,4,4,0.8352441787719727
5758,8,8,0.5751274824142456
5759,9,9,0.9794248342514038
5760,2,2,0.68243408203125
5761,6,6,0.9561173319816589
5762,0,8,0.5750922560691833
5763,9,9,0.9108907580375671
5764,7,7,0.8890196681022644
5765,9,9,0.8694308400154114
5766,8,8,0.7926265001296997
5767,7,7,0.9373366236686707
5768,7,7,0.8540823459625244
5769,3,3,0.3158358335494995
5770,8,8,0.9792596101760864
5771,2,2,0.2904919385910034
5772,9,9,0.9470797181129456
5773,3,3,0.36518239974975586
5774,5,5,0.5652341842651367
5775,7,7,0.7699864506721497
5776,5,5,0.5335051417350769
5777,8,8,0.9716690182685852
5778,7,7,0.9143564701080322
5779,3,3,0.5107818245887756
5780,7,7,0.9890720844268799
5781,0,8,0.5447465181350708
5782,7,7,0.9774878025054932
5783,1,0,0.6424673199653625
5784,6,6,0.6445522308349609
5785,2,2,0.6016339063644409
5786,4,2,0.27434906363487244
5787,0,0,0.3226490020751953
5788,0,0,0.9378332495689392
5789,2,2,0.3175971210002899
5790,9,9,0.5816836953163147
5791,8,8,0.5067625045776367
5792,2,6,0.34095481038093567
5793,8,8,0.9496964812278748
5794,7,0,0.2113114297389984
5795,7,4,0.5789107084274292
5796,5,5,0.3842199742794037
5797,5,2,0.3165908753871918
5798,0,0,0.6008086800575256
5799,1,1,0.7633286118507385
5800,2,7,0.39214304089546204
5801,9,1,0.8070403337478638
5802,6,6,0.4056559205055237
5803,1,1,0.7138991355895996
5804,0,0,0.5618573427200317
5805,1,1,0.7110377550125122
5806,0,0,0.7497685551643372
5807,6,6,0.45408204197883606
5808,5,5,0.6728775501251221
5809,0,0,0.40376022458076477
5810,5,5,0.7406209707260132
5811,7,7,0.6546493172645569
5812,4,6,0.36177659034729004
5813,4,4,0.42956432700157166
5814,8,8,0.6966548562049866
5815,3,3,0.38301753997802734
5816,5,5,0.4527480900287628
5817,3,7,0.31829217076301575
5818,7,7,0.801728367805481
5819,2,0,0.7876161336898804
5820,5,5,0.6588728427886963
5821,8,4,0.3943178951740265
5822,3,3,0.22555360198020935
5823,5,5,0.7762565612792969
5824,7,7,0.2720473110675812
5825,3,6,0.37815800309181213
5826,7,7,0.5756005048751831
5827,0,0,0.865868330001831
5828,5,5,0.8663719892501831
5829,4,4,0.8411434888839722
5830,5,5,0.38087499141693115
5831,6,2,0.20813016593456268
5832,9,9,0.2998666763305664
5833,3,0,0.28694650530815125
5834,5,5,0.5066130757331848
5835,3,2,0.33359968662261963
5836,8,1,0.37276148796081543
5837,2,3,0.4198082983493805
5838,4,7,0.5489022135734558
5839,2,5,0.2635442018508911
5840,2,5,0.3863137364387512
5841,6,6,0.4547276198863983
5842,7,7,0.27679139375686646
5843,6,6,0.7769581079483032
5844,0,0,0.879843533039093
5845,5,5,0.5627491474151611
5846,5,5,0.8043593168258667
5847,8,8,0.9847914576530457
5848,4,3,0.5253995656967163
5849,5,7,0.2889866232872009
5850,6,2,0.2869209945201874
5851,1,1,0.704391360282898
5852,3,3,0.4940188527107239
5853,5,5,0.5428438186645508
5854,4,4,0.2249646782875061
5855,7,2,0.5664246082305908
5856,3,5,0.6364885568618774
5857,0,0,0.7630606293678284
5858,7,7,0.9933961033821106
5859,2,2,0.4553895592689514
5860,0,0,0.8786313533782959
5861,1,0,0.39438408613204956
5862,2,5,0.3265323340892792
5863,4,4,0.734752357006073
5864,9,1,0.5173535346984863
5865,6,6,0.5440613031387329
5866,4,4,0.8195850849151611
5867,5,5,0.4504513740539551
5868,9,9,0.9057134985923767
5869,7,0,0.17407004535198212
5870,7,7,0.5662150979042053
5871,6,3,0.2142980992794037
5872,7,4,0.2827463746070862
5873,4,4,0.41870754957199097
5874,3,3,0.44905275106430054
5875,1,1,0.917298436164856
5876,6,6,0.7211941480636597
5877,9,9,0.9734338521957397
5878,4,2,0.5227495431900024
5879,8,8,0.8451579213142395
5880,0,8,0.8274535536766052
5881,3,5,0.48633873462677
5882,1,9,0.43338754773139954
5883,6,4,0.3516036570072174
5884,4,4,0.32771334052085876
5885,4,4,0.6895626187324524
5886,2,5,0.5452420711517334
5887,1,1,0.9451681971549988
5888,4,3,0.3859269917011261
5889,6,6,0.27205631136894226
5890,3,2,0.2940733730792999
5891,0,0,0.788127601146698
5892,8,8,0.6825190782546997
5893,9,0,0.44843873381614685
5894,7,7,0.6768060922622681
5895,6,6,0.9539911150932312
5896,8,9,0.6651310920715332
5897,4,4,0.9286643266677856
5898,8,6,0.4956827163696289
5899,1,1,0.6805762648582458
5900,4,3,0.20637883245944977
5901,5,6,0.350359171628952
5902,9,9,0.8270602822303772
5903,4,0,0.9091491103172302
5904,7,7,0.5618562698364258
5905,1,1,0.47183817625045776
5906,4,4,0.720594584941864
5907,5,7,0.5810589790344238
5908,3,9,0.3696259558200836
5909,1,9,0.4136528968811035
5910,2,7,0.24694226682186127
5911,6,6,0.7501294612884521
5912,4,4,0.3458634912967682
5913,7,7,0.99172043800354
5914,1,1,0.765001654624939
5915,5,3,0.6289676427841187
5916,9,9,0.9651771187782288
5917,3,4,0.6957957744598389
5918,1,1,0.733944833278656
5919,4,0,0.3100827634334564
5920,8,8,0.7355600595474243
5921,7,7,0.641788899898529
5922,7,7,0.8000884056091309
5923,0,1,0.7511855363845825
5924,4,0,0.4088501036167145
5925,3,5,0.4218654930591583
5926,4,0,0.4511133134365082
5927,6,6,0.42095598578453064
5928,7,7,0.5602243542671204
5929,7,7,0.9769641757011414
5930,5,2,0.7414947152137756
5931,4,3,0.2392742782831192
5932,4,4,0.3687196373939514
5933,4,2,0.36379215121269226
5934,3,7,0.9741971492767334
5935,6,6,0.9724924564361572
5936,6,6,0.6542965173721313
5937,1,1,0.8361103534698486
5938,9,0,0.47457948327064514
5939,9,1,0.5302409529685974
5940,7,7,0.2755471169948578
5941,9,9,0.76854407787323
5942,4,4,0.7262874245643616
5943,3,3,0.28593316674232483
5944,2,2,0.6336215138435364
5945,9,0,0.6060833930969238
5946,8,8,0.7189577221870422
5947,5,5,0.7970647811889648
5948,0,0,0.9343351721763611
5949,6,6,0.9623863697052002
5950,9,1,0.4051465094089508
5951,0,0,0.9902493357658386
5952,9,9,0.7928670048713684
5953,7,3,0.2865774631500244
5954,8,8,0.9243719577789307
5955,5,2,0.5065633654594421
5956,4,7,0.6312142014503479
5957,4,3,0.3839438259601593
5958,9,9,0.4524351954460144
5959,4,0,0.6014004945755005
5960,2,6,0.3046136200428009
5961,6,6,0.6210474371910095
5962,6,7,0.3945496678352356
5963,9,9,0.3367812931537628
5964,9,9,0.9441784024238586
5965,7,7,0.978570282459259
5966,9,9,0.955285370349884
5967,9,9,0.9759206771850586
5968,0,0,0.4732075035572052
5969,5,2,0.36848190426826477
5970,1,1,0.9293133020401001
5971,1,1,0.9737329483032227
5972,8,0,0.585019052028656
5973,6,6,0.46306613087654114
5974,9,9,0.9977325201034546
5975,9,9,0.9454600214958191
5976,5,5,0.6708437204360962
5977,6,6,0.7823039293289185
5978,5,5,0.663248598575592
5979,5,3,0.4814772605895996
5980,9,9,0.8934786319732666
5981,7,7,0.504105806350708
5982,9,9,0.7152281999588013
5983,4,7,0.7019103169441223
5984,5,5,0.4885830283164978
5985,4,4,0.5397637486457825
5986,3,9,0.41036880016326904
5987,3,7,0.29877063632011414
5988,9,9,0.9756080508232117
5989,8,8,0.997214138507843
5990,8,8,0.5505489706993103
5991,3,5,0.24899563193321228
5992,4,7,0.9193642139434814
5993,8,8,0.9930471777915955
5994,4,3,0.3248324692249298
5995,0,0,0.5432053208351135
5996,4,2,0.48887312412261963
5997,0,0,0.8490758538246155
5998,7,7,0.6814068555831909
5999,2,8,0.6518994569778442
6000,8,8,0.22249650955200195
6001,0,9,0.7942240834236145
6002,2,2,0.9726602435112
6003,0,0,0.922481119632721
6004,7,7,0.8039213418960571
6005,4,4,0.3504001200199127
6006,0,0,0.6301385760307312
6007,6,6,0.9105350375175476
6008,3,0,0.4151577651500702
6009,3,4,0.3347756862640381
6010,1,5,0.4990430474281311
6011,7,2,0.29138898849487305
6012,4,4,0.5128223299980164
6013,6,6,0.3822997212409973
6014,5,0,0.29274532198905945
6015,0,8,0.5989737510681152
6016,4,4,0.28803467750549316
6017,9,4,0.4970010221004486
6018,5,5,0.24310865998268127
6019,6,6,0.9936211705207825
6020,6,6,0.793486475944519
6021,3,3,0.4908120930194855
6022,0,0,0.6503698229789734
6023,5,5,0.4376877546310425
6024,2,5,0.342864990234375
6025,6,7,0.20334111154079437
6026,3,3,0.52718585729599
6027,3,3,0.4264761209487915
6028,8,8,0.2913636267185211
6029,0,0,0.8314636945724487
6030,8,8,0.6714082360267639
6031,5,5,0.43274715542793274
6032,4,4,0.4613720178604126
6033,2,2,0.6619099378585815
6034,9,9,0.7316917777061462
6035,5,5,0.38445547223091125
6036,0,0,0.9913767576217651
6037,5,5,0.41925889253616333
6038,4,4,0.3522607386112213
6039,8,8,0.8349264860153198
6040,2,5,0.25152212381362915
6041,7,8,0.6164827942848206
6042,6,0,0.34198859333992004
6043,5,5,0.33173704147338867
6044,7,7,0.624281108379364
6045,8,8,0.9649168848991394
6046,2,2,0.668785810470581
6047,0,0,0.7000543475151062
6048,1,1,0.9842915534973145
6049,8,8,0.990830659866333
6050,2,4,0.24353249371051788
6051,4,5,0.31160467863082886
6052,8,8,0.986032247543335
6053,4,4,0.435218870639801
6054,3,2,0.22593648731708527
6055,0,0,0.8211537599563599
6056,4,5,0.42392274737358093
6057,0,0,0.46857669949531555
6058,1,1,0.9069279432296753
6059,9,9,0.9953437447547913
6060,3,0,0.3757283389568329
6061,0,9,0.446018248796463
6062,3,5,0.267765611410141
6063,6,3,0.380109578371048
6064,5,5,0.6365779638290405
6065,5,2,0.40520724654197693
6066,2,5,0.34160131216049194
6067,8,8,0.8596609234809875
6068,5,3,0.4482690393924713
6069,0,0,0.7636930346488953
6070,8,9,0.7442901134490967
6071,7,4,0.4685805141925812
6072,5,5,0.4101502597332001
6073,2,2,0.4618023931980133
6074,4,4,0.726888120174408
6075,3,6,0.6620326638221741
6076,7,7,0.7782609462738037
6077,0,3,0.3471529483795166
6078,2,2,0.5510737895965576
6079,3,5,0.6080448031425476
6080,1,1,0.8648167848587036
6081,0,2,0.545204758644104
6082,0,8,0.6491863131523132
6083,2,2,0.32136791944503784
6084,1,1,0.5826919674873352
6085,2,3,0.34721410274505615
6086,1,9,0.9409366250038147
6087,4,4,0.5783214569091797
6088,6,6,0.8400629162788391
6089,7,4,0.6157276630401611
6090,1,1,0.6367165446281433
6091,0,0,0.8051416277885437
6092,5,5,0.5455586314201355
6093,2,3,0.3014563322067261
6094,5,5,0.7366205453872681
6095,9,1,0.6068679094314575
6096,2,2,0.3293270468711853
6097,5,5,0.7481140494346619
6098,6,6,0.7711629271507263
6099,7,7,0.5279762148857117
6100,1,1,0.5902167558670044
6101,9,9,0.6195163130760193
6102,3,7,0.33981192111968994
6103,6,6,0.6478674411773682
6104,1,1,0.9697121977806091
6105,0,0,0.9767048954963684
6106,2,7,0.3653002679347992
6107,9,9,0.9609512090682983
6108,4,5,0.3461069166660309
6109,2,2,0.6891171336174011
6110,9,9,0.9797030091285706
6111,3,2,0.2776586711406708
6112,8,8,0.9237467646598816
6113,2,5,0.45001542568206787
6114,9,1,0.4806583821773529
6115,8,8,0.911969780921936
6116,5,5,0.7380714416503906
6117,1,1,0.9744914770126343
6118,0,0,0.5200732350349426
6119,1,1,0.986707329750061
6120,5,5,0.586671769618988
6121,2,5,0.46848881244659424
6122,5,5,0.3623157739639282
6123,6,6,0.615687370300293
6124,8,2,0.2620089650154114
6125,8,8,0.807093620300293
6126,3,5,0.439838707447052
6127,5,2,0.43107953667640686
6128,0,0,0.9042319059371948
6129,4,5,0.49529439210891724
6130,1,9,0.4861834943294525
6131,3,6,0.33354225754737854
6132,7,7,0.4796355962753296
6133,0,0,0.9119725227355957
6134,3,8,0.515842854976654
6135,3,3,0.3712655007839203
6136,9,7,0.3223849833011627
6137,2,0,0.3611513376235962
6138,3,2,0.4412933588027954
6139,9,9,0.987019419670105
6140,9,9,0.9644541144371033
6141,8,8,0.6601319909095764
6142,5,3,0.2696938216686249
6143,9,9,0.8047583699226379
6144,7,7,0.6795182824134827
6145,2,3,0.49301037192344666
6146,0,0,0.3099120855331421
6147,9,9,0.9683876633644104
6148,4,4,0.5287171602249146
6149,7,7,0.9989233613014221
6150,1,1,0.562670111656189
6151,7,7,0.41756710410118103
6152,6,6,0.6948321461677551
6153,4,7,0.6874669790267944
6154,4,7,0.37799271941185
6155,8,0,0.8458205461502075
6156,9,9,0.7031328082084656
6157,0,4,0.3837379515171051
6158,7,0,0.23618435859680176
6159,1,1,0.9553595185279846
6160,2,5,0.4294474422931671
6161,4,4,0.6067011952400208
6162,0,2,0.3955186903476715
6163,3,3,0.5015093684196472
6164,7,7,0.35126593708992004
6165,5,6,0.3689611256122589
6166,1,0,0.3088141977787018
6167,9,9,0.8917808532714844
6168,3,5,0.511220395565033
6169,5,5,0.21239227056503296
6170,2,2,0.2588634490966797
6171,4,4,0.5678579211235046
6172,1,1,0.9516933560371399
6173,1,1,0.47096720337867737
6174,3,5,0.4932415783405304
6175,3,6,0.3224877715110779
6176,9,9,0.9730609655380249
6177,2,5,0.5366286635398865
6178,5,7,0.23180469870567322
6179,8,8,0.8954692482948303
6180,0,0,0.5953991413116455
6181,8,1,0.39650142192840576
6182,1,1,0.9465236067771912
6183,5,5,0.7487537264823914
6184,1,1,0.8045783042907715
6185,5,5,0.5823328495025635
6186,9,9,0.9354836344718933
6187,0,0,0.488093763589859
6188,9,1,0.8714514970779419
6189,2,2,0.8088553547859192
6190,4,5,0.31947433948516846
6191,0,0,0.5207504630088806
6192,6,6,0.8229909539222717
6193,9,9,0.5829159617424011
6194,1,0,0.34455394744873047
6195,1,9,0.2532568871974945
6196,3,3,0.34941068291664124
6197,4,3,0.3072991371154785
6198,9,9,0.9938153028488159
6199,5,5,0.42118367552757263
6200,3,7,0.3371928632259369
6201,3,2,0.40013718605041504
6202,3,4,0.32728564739227295
6203,3,3,0.48870763182640076
6204,4,7,0.88918137550354
6205,1,9,0.5418825745582581
6206,5,5,0.46729928255081177
6207,9,9,0.9950717091560364
6208,8,8,0.9395339488983154
6209,7,7,0.6569667458534241
6210,4,3,0.4830801784992218
6211,8,8,0.9119693636894226
6212,7,7,0.7981798648834229
6213,3,4,0.46097448468208313
6214,5,5,0.5667319297790527
6215,2,2,0.5095177292823792
6216,5,5,0.5345264673233032
6217,8,8,0.9902200102806091
6218,9,8,0.5664796829223633
6219,7,7,0.943123459815979
6220,2,5,0.3338541090488434
6221,0,0,0.6702498197555542
6222,0,0,0.9801249504089355
6223,7,7,0.8877235054969788
6224,5,5,0.900694727897644
6225,3,8,0.3225344717502594
6226,5,5,0.7587550282478333
6227,7,5,0.74623042345047
6228,4,7,0.9288641214370728
6229,6,4,0.2759861946105957
6230,2,2,0.5382102131843567
6231,8,8,0.4545295238494873
6232,2,3,0.2074921727180481
6233,7,7,0.9974427223205566
6234,7,7,0.45190882682800293
6235,6,3,0.6170470118522644
6236,1,8,0.7299790382385254
6237,3,4,0.30260223150253296
6238,8,8,0.9733077883720398
6239,6,6,0.6232795119285583
6240,2,4,0.4884037971496582
6241,0,0,0.5818204283714294
6242,4,0,0.610141932964325
6243,4,4,0.545993983745575
6244,8,8,0.8411570191383362
6245,6,5,0.36073485016822815
6246,4,4,0.6302318572998047
6247,0,0,0.9496273398399353
6248,2,0,0.6113641262054443
6249,5,5,0.33501484990119934
6250,4,7,0.25501564145088196
6251,1,9,0.4409348964691162
6252,2,2,0.6065261363983154
6253,5,5,0.3068734407424927
6254,4,4,0.8737537860870361
6255,6,4,0.38887667655944824
6256,9,9,0.8633047342300415
6257,5,2,0.4904775321483612
6258,0,0,0.543239951133728
6259,5,5,0.7308413982391357
6260,2,8,0.37771761417388916
6261,0,2,0.6173801422119141
6262,8,8,0.4776201546192169
6263,2,2,0.5528991222381592
6264,6,6,0.6065291166305542
6265,4,4,0.7303342223167419
6266,7,7,0.9694383144378662
6267,9,9,0.49619176983833313
6268,5,5,0.5816522836685181
6269,7,7,0.9937471151351929
6270,2,6,0.7652370929718018
6271,6,4,0.3795073628425598
6272,2,5,0.5658570528030396
6273,1,9,0.5561133027076721
6274,9,9,0.8182147145271301
6275,9,9,0.6356374025344849
6276,7,7,0.9808223843574524
6277,2,5,0.25198036432266235
6278,5,5,0.59490567445755
6279,1,1,0.9354822635650635
6280,8,5,0.3738238215446472
6281,1,1,0.6247867345809937
6282,6,4,0.3687160313129425
6283,3,3,0.6871005296707153
6284,0,0,0.9273360967636108
6285,8,0,0.6187490820884705
6286,8,9,0.7360643744468689
6287,5,5,0.5076855421066284
6288,6,6,0.8678357601165771
6289,9,9,0.8811372518539429
6290,9,1,0.47140973806381226
6291,9,9,0.9443748593330383
6292,6,6,0.6289103627204895
6293,3,3,0.46568605303764343
6294,0,8,0.7440878748893738
6295,8,8,0.8632767796516418
6296,8,8,0.9626769423484802
6297,5,5,0.7547824382781982
6298,3,3,0.20930561423301697
6299,3,4,0.34845736622810364
6300,1,1,0.4792090952396393
6301,1,9,0.6756225824356079
6302,0,0,0.4812554121017456
6303,7,7,0.4278377592563629
6304,0,0,0.969346821308136
6305,6,7,0.4440818727016449
6306,0,0,0.7635686993598938
6307,4,5,0.38270390033721924
6308,4,4,0.5355190634727478
6309,6,6,0.9242612719535828
6310,5,5,0.928894579410553
6311,3,5,0.30762508511543274
6312,2,2,0.47474923729896545
6313,9,9,0.9855117201805115
6314,6,6,0.8196914196014404
6315,6,3,0.29344815015792847
6316,7,7,0.9687986969947815
6317,9,9,0.42990416288375854
6318,7,7,0.8823725581169128
6319,7,7,0.6578447818756104
6320,0,0,0.80294269323349
6321,8,8,0.9382145404815674
6322,4,7,0.9865745902061462
6323,2,2,0.5744273662567139
6324,7,7,0.9734823107719421
6325,7,7,0.9974094033241272
6326,7,4,0.5362557768821716
6327,4,4,0.7314357757568359
6328,0,0,0.9972677230834961
6329,1,1,0.3655119836330414
6330,6,6,0.5267667770385742
6331,0,0,0.6295161247253418
6332,5,7,0.4567936956882477
6333,3,3,0.7868887186050415
6334,0,2,0.5119073987007141
6335,2,4,0.396099328994751
6336,4,4,0.8183494210243225
6337,9,9,0.9888330698013306
6338,7,7,0.5741240978240967
6339,3,3,0.5027770400047302
6340,3,3,0.5271846055984497
6341,2,2,0.2624289393424988
6342,8,8,0.5502979755401611
6343,8,8,0.9694342017173767
6344,5,5,0.6812701225280762
6345,3,7,0.248072549700737
6346,8,8,0.8922544717788696
6347,0,0,0.6329802870750427
6348,8,8,0.9728720784187317
6349,0,2,0.5275152921676636
6350,0,0,0.9385808706283569
6351,0,0,0.8120222687721252
6352,2,2,0.31128939986228943
6353,2,7,0.7007154822349548
6354,7,9,0.3208158314228058
6355,0,0,0.9431736469268799
6356,7,7,0.9505946636199951
6357,7,7,0.7112575173377991
6358,7,7,0.8037981390953064
6359,2,5,0.4819733202457428
6360,2,2,0.32727813720703125
6361,0,8,0.5124594569206238
6362,4,4,0.7530185580253601
6363,0,0,0.9882823824882507
6364,3,0,0.3766712248325348
6365,7,5,0.35685646533966064
6366,8,0,0.5265859365463257
6367,4,3,0.31055018305778503
6368,7,7,0.9233906865119934
6369,9,9,0.6701305508613586
6370,6,5,0.5274748802185059
6371,1,9,0.8413931131362915
6372,1,1,0.2872263193130493
6373,6,0,0.4507104158401489
6374,9,9,0.9122864603996277
6375,3,4,0.3586523234844208
6376,8,8,0.6012377738952637
6377,9,9,0.899960458278656
6378,5,7,0.6817075610160828
6379,8,8,0.6677570939064026
6380,3,5,0.40259501338005066
6381,9,1,0.8063077330589294
6382,4,5,0.41650354862213135
6383,3,5,0.3730563819408417
6384,7,7,0.5726470351219177
6385,5,5,0.5819706320762634
6386,5,2,0.410183310508728
6387,2,4,0.3387109637260437
6388,7,7,0.27157995104789734
6389,5,5,0.29035934805870056
6390,7,7,0.948118269443512
6391,9,9,0.3935394287109375
6392,6,3,0.5464354753494263
6393,3,2,0.5234269499778748
6394,0,9,0.8257195353507996
6395,8,8,0.8794140815734863
6396,4,4,0.33881381154060364
6397,5,5,0.40891599655151367
6398,6,5,0.2434697151184082
6399,1,9,0.7099523544311523
6400,0,0,0.8190036416053772
6401,4,5,0.2809149920940399
6402,8,9,0.24617338180541992
6403,4,4,0.4600234627723694
6404,7,7,0.9781845211982727
6405,1,1,0.4686126708984375
6406,3,7,0.4708441197872162
6407,2,2,0.7245789170265198
6408,0,0,0.7808112502098083
6409,9,9,0.9520824551582336
6410,1,1,0.9525797963142395
6411,8,3,0.3750040531158447
6412,8,9,0.5085961222648621
6413,6,4,0.25748196244239807
6414,8,8,0.6326146721839905
6415,1,9,0.4958590269088745
6416,7,7,0.805986762046814
6417,1,1,0.7979161143302917
6418,0,0,0.898235023021698
6419,9,8,0.7605212330818176
6420,7,5,0.3876191973686218
6421,6,6,0.5720454454421997
6422,4,5,0.4597616195678711
6423,5,4,0.5699575543403625
6424,8,8,0.768281102180481
6425,2,2,0.7562578320503235
6426,1,1,0.9089139103889465
6427,2,2,0.9411129951477051
6428,5,5,0.42483851313591003
6429,8,8,0.2744448184967041
6430,1,1,0.5820335149765015
6431,1,0,0.5566603541374207
6432,8,8,0.47853851318359375
6433,8,8,0.661878764629364
6434,0,8,0.9725866913795471
6435,9,9,0.9840213656425476
6436,0,8,0.6576351523399353
6437,0,0,0.8233499526977539
6438,4,6,0.1910957247018814
6439,3,4,0.5116575360298157
6440,3,4,0.3289041221141815
6441,5,5,0.44174426794052124
6442,6,6,0.367837518453598
6443,6,6,0.841408908367157
6444,3,3,0.6236353516578674
6445,1,1,0.6734020709991455
6446,4,2,0.2959855794906616
6447,4,4,0.5247765183448792
6448,7,7,0.9835213422775269
6449,8,8,0.9017437100410461
6450,0,0,0.8934615850448608
6451,1,1,0.5497428774833679
6452,4,4,0.49683287739753723
6453,8,8,0.9160258173942566
6454,4,7,0.7340124845504761
6455,6,6,0.6634799838066101
6456,2,2,0.6732445359230042
6457,2,5,0.5013360977172852
6458,2,2,0.6839264631271362
6459,6,6,0.9204339981079102
6460,3,3,0.3581824004650116
6461,4,4,0.4747891426086426
6462,0,0,0.8424710631370544
6463,8,8,0.5301739573478699
6464,1,9,0.5402347445487976
6465,3,3,0.3298049867153168
6466,8,7,0.19929179549217224
6467,3,6,0.6249371767044067
6468,8,8,0.9903329014778137
6469,9,9,0.30538704991340637
6470,1,1,0.8196793794631958
6471,6,3,0.43838658928871155
6472,1,1,0.535586953163147
6473,9,9,0.7537599205970764
6474,8,8,0.4788515567779541
6475,2,5,0.38713812828063965
6476,0,0,0.9676215052604675
6477,4,4,0.5285958051681519
6478,7,7,0.9703789949417114
6479,4,4,0.8438775539398193
6480,0,0,0.6760759949684143
6481,0,0,0.5518391132354736
6482,7,7,0.9490839838981628
6483,6,6,0.8451082706451416
6484,8,8,0.9781152606010437
6485,9,9,0.7070245146751404
6486,8,1,0.33961600065231323
6487,6,6,0.7972585558891296
6488,2,7,0.2855731248855591
6489,8,8,0.6486821174621582
6490,8,0,0.3763207197189331
6491,0,4,0.2321646362543106
6492,1,9,0.6438268423080444
6493,1,1,0.6812740564346313
6494,0,2,0.45839715003967285
6495,7,7,0.8476546406745911
6496,7,7,0.9614142775535583
6497,4,5,0.2484111189842224
6498,4,4,0.462723970413208
6499,7,5,0.42520493268966675
6500,7,6,0.2942655384540558
6501,2,7,0.36407843232154846
6502,6,6,0.6811093091964722
6503,6,6,0.45343729853630066
6504,7,4,0.5968886613845825
6505,4,4,0.43324586749076843
6506,5,5,0.5986617803573608
6507,4,5,0.3451475203037262
6508,0,0,0.9787554740905762
6509,9,9,0.9741408228874207
6510,4,1,0.4894900321960449
6511,7,7,0.9673494696617126
6512,2,2,0.34429675340652466
6513,5,7,0.7546892762184143
6514,3,2,0.4114950895309448
6515,2,5,0.4682543873786926
6516,2,2,0.4761510491371155
6517,7,7,0.2512016296386719
6518,6,6,0.8218725919723511
6519,2,4,0.46080273389816284
6520,6,4,0.4101543426513672
6521,4,4,0.8686916828155518
6522,9,1,0.6178094744682312
6523,6,6,0.280531108379364
6524,8,8,0.5239806771278381
6525,3,3,0.36500751972198486
6526,8,8,0.978951632976532
6527,5,5,0.7264164090156555
6528,5,7,0.43392878770828247
6529,2,0,0.507145345211029
6530,3,5,0.6778688430786133
6531,4,4,0.6696908473968506
6532,5,5,0.7550116181373596
6533,2,9,0.6980299353599548
6534,7,7,0.9915329813957214
6535,5,7,0.716303288936615
6536,1,1,0.8084715604782104
6537,5,8,0.6680341958999634
6538,3,3,0.18978874385356903
6539,7,7,0.9519215822219849
6540,8,8,0.747504711151123
6541,8,8,0.7036406397819519
6542,9,9,0.3792763948440552
6543,6,5,0.5314455032348633
6544,0,0,0.583236575126648
6545,9,0,0.8246335387229919
6546,2,2,0.8446390628814697
6547,6,6,0.9024935364723206
6548,0,0,0.8305407166481018
6549,0,8,0.729576826095581
6550,1,1,0.7862291932106018
6551,4,7,0.3965812921524048
6552,1,1,0.5893173217773438
6553,3,3,0.5507720708847046
6554,5,5,0.7438071966171265
6555,1,1,0.40985816717147827
6556,8,8,0.849672794342041
6557,9,6,0.38404572010040283
6558,6,6,0.8105675578117371
6559,2,4,0.8845941424369812
6560,6,4,0.7029778957366943
6561,9,1,0.34113195538520813
6562,5,5,0.6323373913764954
6563,6,9,0.5057432055473328
6564,5,3,0.5825421810150146
6565,9,9,0.9466293454170227
6566,1,9,0.554883599281311
6567,4,4,0.4470304250717163
6568,2,3,0.3530208170413971
6569,8,9,0.24247436225414276
6570,9,9,0.5347050428390503
6571,5,7,0.5202232003211975
6572,4,4,0.5014501810073853
6573,7,5,0.42801159620285034
6574,0,8,0.21650588512420654
6575,3,3,0.4663882255554199
6576,7,5,0.3606512248516083
6577,1,1,0.7023168206214905
6578,6,6,0.9016607403755188
6579,9,9,0.8297337889671326
6580,1,8,0.4963188171386719
6581,1,9,0.6316489577293396
6582,4,4,0.7158162593841553
6583,0,0,0.9820253849029541
6584,5,5,0.781325101852417
6585,1,1,0.80064457654953
6586,6,6,0.9194387793540955
6587,3,3,0.5176264047622681
6588,0,8,0.7245481014251709
6589,2,2,0.34509721398353577
6590,5,5,0.33599671721458435
6591,5,5,0.48142027854919434
6592,5,5,0.6966984868049622
6593,2,2,0.6565434336662292
6594,8,0,0.4880908131599426
6595,2,0,0.5767406225204468
6596,3,5,0.5582846999168396
6597,1,1,0.6093802452087402
6598,6,4,0.3456583321094513
6599,2,6,0.5720387697219849
6600,7,7,0.9991447925567627
6601,0,0,0.4579949378967285
6602,8,8,0.7702536582946777
6603,9,9,0.6900469064712524
6604,2,3,0.44104188680648804
6605,6,5,0.5000107884407043
6606,4,7,0.16709791123867035
6607,7,7,0.32522955536842346
6608,5,4,0.4563952684402466
6609,5,4,0.4196015000343323
6610,8,8,0.6692885160446167
6611,8,8,0.947736382484436
6612,7,5,0.29379916191101074
6613,8,8,0.6651737689971924
6614,5,7,0.45735490322113037
6615,7,7,0.9133607149124146
6616,4,4,0.34998610615730286
6617,4,4,0.5819800496101379
6618,0,0,0.8342205882072449
6619,0,0,0.8278589844703674
6620,7,7,0.5487611293792725
6621,0,0,0.4886304438114166
6622,4,4,0.8940140604972839
6623,0,0,0.7275638580322266
6624,4,4,0.5679563283920288
6625,4,4,0.5454840660095215
6626,2,2,0.2576095759868622
6627,5,6,0.34584152698516846
6628,4,4,0.3640855848789215
6629,0,0,0.5606411099433899
6630,7,7,0.8873369097709656
6631,7,4,0.3219614624977112
6632,7,7,0.3575718104839325
6633,0,0,0.5507124662399292
6634,4,0,0.755237340927124
6635,6,3,0.3078071177005768
6636,2,2,0.5904491543769836
6637,9,7,0.2863176465034485
6638,1,1,0.8017891049385071
6639,1,9,0.6179018020629883
6640,5,3,0.34395503997802734
6641,0,8,0.7718601226806641
6642,9,7,0.4014127552509308
6643,1,1,0.9306014180183411
6644,0,0,0.734708309173584
6645,6,6,0.6693631410598755
6646,5,5,0.3658723831176758
6647,3,5,0.395870178937912
6648,0,0,0.78436279296875
6649,9,9,0.9572259783744812
6650,0,0,0.7919312715530396
6651,6,6,0.49188387393951416
6652,2,5,0.3390026092529297
6653,0,0,0.6015800833702087
6654,4,4,0.510513424873352
6655,1,1,0.5639281272888184
6656,6,5,0.4127694070339203
6657,7,7,0.8254809379577637
6658,6,6,0.6307128667831421
6659,1,1,0.9182592034339905
6660,0,0,0.5393611192703247
6661,4,4,0.5472182631492615
6662,6,6,0.4051385819911957
6663,0,0,0.9869045615196228
6664,4,4,0.6397448778152466
6665,4,3,0.3268389403820038
6666,2,4,0.5624960660934448
6667,7,7,0.8471723794937134
6668,6,4,0.4668318033218384
6669,5,2,0.69118732213974
6670,3,3,0.2680329382419586
6671,5,7,0.44535160064697266
6672,9,9,0.9313361644744873
6673,4,4,0.3775619566440582
6674,5,5,0.7122394442558289
6675,2,2,0.4398672580718994
6676,0,0,0.5541166663169861
6677,5,6,0.3921618163585663
6678,7,7,0.5647861361503601
6679,2,4,0.6275123953819275
6680,3,3,0.491328626871109
6681,9,8,0.34041571617126465
6682,4,4,0.759174644947052
6683,5,5,0.8242247700691223
6684,8,8,0.943352997303009
6685,1,1,0.6658526062965393
6686,9,9,0.5176975727081299
6687,3,3,0.41342249512672424
6688,1,7,0.2783743739128113
6689,8,0,0.4144413471221924
6690,5,5,0.5324190855026245
6691,8,8,0.8859840631484985
6692,6,6,0.9465473294258118
6693,6,9,0.30944594740867615
6694,3,7,0.2741774916648865
6695,4,4,0.26503413915634155
6696,0,0,0.44203734397888184
6697,2,2,0.4540158212184906
6698,3,3,0.4232181906700134
6699,2,2,0.7337117791175842
6700,6,1,0.2708139717578888
6701,1,1,0.793400228023529
6702,8,8,0.8494310975074768
6703,2,4,0.5727722644805908
6704,1,9,0.885164201259613
6705,3,4,0.341612845659256
6706,6,3,0.3325141668319702
6707,2,2,0.4032188653945923
6708,2,2,0.5865313410758972
6709,3,5,0.5191788673400879
6710,3,3,0.3616812229156494
6711,5,5,0.8566226959228516
6712,0,0,0.901662290096283
6713,2,5,0.4496365189552307
6714,1,1,0.5907912254333496
6715,2,4,0.2944334149360657
6716,8,8,0.4962577521800995
6717,0,0,0.735653281211853
6718,8,8,0.8568991422653198
6719,2,3,0.2657988965511322
6720,2,2,0.7803755402565002
6721,7,7,0.5402182340621948
6722,3,5,0.4890691041946411
6723,5,7,0.9429895877838135
6724,9,9,0.9733807444572449
6725,8,8,0.9977983832359314
6726,3,2,0.2588430345058441
6727,6,6,0.8938166499137878
6728,1,1,0.9399685263633728
6729,0,3,0.2535557448863983
6730,8,8,0.4053548276424408
6731,6,6,0.862456202507019
6732,3,3,0.40727266669273376
6733,5,5,0.41716626286506653
6734,8,8,0.9615605473518372
6735,9,9,0.7546400427818298
6736,4,4,0.473557710647583
6737,8,7,0.7532533407211304
6738,0,0,0.8792747259140015
6739,0,3,0.1844453364610672
6740,2,2,0.6306033730506897
6741,9,8,0.541961133480072
6742,1,1,0.895010232925415
6743,8,8,0.9938362240791321
6744,3,3,0.5929178595542908
6745,7,4,0.32808247208595276
6746,2,5,0.44723474979400635
6747,8,8,0.6572721600532532
6748,0,2,0.30371713638305664
6749,9,9,0.9364233613014221
6750,4,3,0.7297368049621582
6751,8,8,0.8531168103218079
6752,9,9,0.7413440942764282
6753,4,6,0.8154582381248474
6754,8,8,0.7025813460350037
6755,9,9,0.792965292930603
6756,5,3,0.343180775642395
6757,4,7,0.37441495060920715
6758,8,8,0.8819527626037598
6759,1,9,0.4418187737464905
6760,5,5,0.7561384439468384
6761,5,7,0.7555050849914551
6762,7,5,0.2546500563621521
6763,2,2,0.4205774962902069
6764,5,5,0.8750388622283936
6765,8,9,0.4106196463108063
6766,8,0,0.48776745796203613
6767,1,1,0.6159927845001221
6768,2,2,0.707897424697876
6769,3,5,0.43487346172332764
6770,1,1,0.964057445526123
6771,5,5,0.5890964269638062
6772,0,9,0.8831705451011658
6773,2,2,0.5582533478736877
6774,3,7,0.4611557126045227
6775,0,0,0.927949845790863
6776,8,8,0.9568049907684326
6777,2,4,0.6492730379104614
6778,2,2,0.4981788694858551
6779,8,0,0.35795000195503235
6780,7,7,0.9815964102745056
6781,3,6,0.24100416898727417
6782,5,5,0.3158734142780304
6783,3,9,0.20685502886772156
6784,9,9,0.961297869682312
6785,6,3,0.4315842390060425
6786,3,5,0.2635344862937927
6787,5,5,0.9071504473686218
6788,1,1,0.9659346342086792
6789,1,1,0.8909631967544556
6790,7,5,0.6225953102111816
6791,7,7,0.8904300332069397
6792,3,9,0.31745362281799316
6793,3,5,0.6984580159187317
6794,8,8,0.9384956359863281
6795,9,0,0.22005540132522583
6796,6,5,0.2421250194311142
6797,0,0,0.9403063058853149
6798,8,8,0.8899441361427307
6799,0,8,0.3106077015399933
6800,6,5,0.22970905900001526
6801,6,6,0.9390944838523865
6802,4,4,0.4536771774291992
6803,6,6,0.6259241700172424
6804,9,7,0.29944729804992676
6805,1,1,0.9696462154388428
6806,1,1,0.9473690390586853
6807,7,7,0.7587859034538269
6808,0,8,0.650129497051239
6809,6,3,0.25480541586875916
6810,8,8,0.9076667428016663
6811,9,9,0.8278164267539978
6812,0,9,0.4707561433315277
6813,6,6,0.3955041170120239
6814,9,1,0.8671572804450989
6815,0,0,0.840701699256897
6816,1,1,0.766697108745575
6817,1,1,0.5809752941131592
6818,7,7,0.9483380913734436
6819,2,2,0.3435389995574951
6820,1,1,0.8515934944152832
6821,0,5,0.6565669775009155
6822,4,4,0.41190317273139954
6823,5,5,0.6872384548187256
6824,0,0,0.6246854066848755
6825,3,3,0.6454827189445496
6826,6,6,0.48864033818244934
6827,3,2,0.47051212191581726
6828,3,3,0.6495195627212524
6829,8,8,0.954696536064148
6830,1,9,0.6132108569145203
6831,8,8,0.9139909744262695
6832,1,9,0.8955050110816956
6833,3,3,0.3633262515068054
6834,1,9,0.7526008486747742
6835,5,7,0.3671443462371826
6836,4,7,0.7460055351257324
6837,5,7,0.4510301649570465
6838,1,1,0.7927519083023071
6839,8,8,0.42869651317596436
6840,9,1,0.5916140675544739
6841,1,9,0.4374198019504547
6842,3,8,0.22027066349983215
6843,1,1,0.5765841603279114
6844,7,7,0.9562751054763794
6845,2,4,0.2681695222854614
6846,9,9,0.7814463973045349
6847,8,8,0.8797537088394165
6848,9,8,0.5760524868965149
6849,4,2,0.40120574831962585
6850,6,6,0.5694798827171326
6851,0,0,0.8774631023406982
6852,9,2,0.38541918992996216
6853,4,5,0.3631594777107239
6854,0,0,0.674741268157959
6855,4,5,0.38572958111763
6856,6,3,0.5021204352378845
6857,2,2,0.23118653893470764
6858,1,9,0.48956841230392456
6859,3,1,0.503241240978241
6860,0,2,0.4540161192417145
6861,8,8,0.7712427377700806
6862,5,3,0.3681696653366089
6863,6,6,0.8778786659240723
6864,0,0,0.5193389654159546
6865,3,3,0.35208073258399963
6866,4,6,0.6135884523391724
6867,6,6,0.9160212874412537
6868,9,1,0.4958556890487671
6869,5,0,0.2761022448539734
6870,7,7,0.6238877177238464
6871,9,5,0.36351269483566284
6872,0,3,0.45580026507377625
6873,3,5,0.5024921298027039
6874,6,6,0.3697417676448822
6875,5,5,0.9029123187065125
6876,7,5,0.4255508780479431
6877,0,8,0.7415486574172974
6878,5,5,0.6474131345748901
6879,1,0,0.31791192293167114
6880,2,3,0.3434789776802063
6881,2,0,0.4939975440502167
6882,9,3,0.23787549138069153
6883,7,7,0.5179773569107056
6884,0,0,0.9192739129066467
6885,0,0,0.324731707572937
6886,1,1,0.9660695791244507
6887,4,6,0.32010418176651
6888,4,4,0.5657116770744324
6889,5,5,0.728280782699585
6890,5,5,0.6938853859901428
6891,9,9,0.784904956817627
6892,6,3,0.29536646604537964
6893,3,3,0.579285740852356
6894,6,6,0.561013400554657
6895,2,2,0.3157360553741455
6896,6,3,0.38004598021507263
6897,9,9,0.6247775554656982
6898,3,3,0.29861462116241455
6899,2,2,0.4416651427745819
6900,3,7,0.33624351024627686
6901,2,9,0.23359748721122742
6902,4,4,0.9024445414543152
6903,9,3,0.2648530900478363
6904,5,8,0.24295549094676971
6905,2,4,0.6400883197784424
6906,1,1,0.9269113540649414
6907,6,4,0.32469457387924194
6908,6,4,0.3683392405509949
6909,4,7,0.297325074672699
6910,7,7,0.911641538143158
6911,6,6,0.7944160103797913
6912,3,9,0.8640294671058655
6913,3,6,0.39009493589401245
6914,8,8,0.27525797486305237
6915,1,1,0.6112341284751892
6916,4,3,0.32164719700813293
6917,6,6,0.24321821331977844
6918,4,4,0.5582342147827148
6919,4,2,0.3928101658821106
6920,5,4,0.7510700225830078
6921,6,6,0.9243524074554443
6922,2,6,0.6807641983032227
6923,0,0,0.9922696352005005
6924,5,3,0.453477144241333
6925,2,5,0.40908095240592957
6926,7,5,0.4363534450531006
6927,5,5,0.8613947033882141
6928,2,2,0.6072229146957397
6929,5,5,0.6451802849769592
6930,2,0,0.9423503875732422
6931,5,5,0.7077996730804443
6932,9,1,0.5635570287704468
6933,0,7,0.37782207131385803
6934,6,6,0.5351631045341492
6935,7,7,0.7094917297363281
6936,9,9,0.5706855058670044
6937,8,8,0.6920796632766724
6938,3,3,0.29146602749824524
6939,2,2,0.7645660042762756
6940,1,1,0.8465619087219238
6941,4,3,0.25270500779151917
6942,3,2,0.2941170930862427
6943,4,4,0.8442217707633972
6944,5,5,0.366158664226532
6945,5,5,0.7094565033912659
6946,6,6,0.7698178291320801
6947,8,8,0.8887824416160583
6948,6,4,0.30320730805397034
6949,0,3,0.3043513298034668
6950,8,8,0.6065488457679749
6951,9,9,0.44256392121315
6952,8,8,0.6225359439849854
6953,0,0,0.6284820437431335
6954,7,0,0.3693983554840088
6955,7,7,0.9516238570213318
6956,6,6,0.9736406207084656
6957,6,4,0.29357650876045227
6958,7,3,0.3410171866416931
6959,5,4,0.39232325553894043
6960,9,0,0.3648402690887451
6961,8,3,0.35795509815216064
6962,7,5,0.6277331113815308
6963,9,7,0.40776336193084717
6964,5,5,0.6577655076980591
6965,6,5,0.3755662143230438
6966,0,8,0.688072681427002
6967,4,4,0.22318881750106812
6968,8,0,0.34415650367736816
6969,2,0,0.37336280941963196
6970,0,0,0.5956442952156067
6971,9,9,0.8435596227645874
6972,1,9,0.8811721205711365
6973,3,5,0.4643728733062744
6974,9,1,0.7731472849845886
6975,8,8,0.3933334946632385
6976,3,2,0.32544001936912537
6977,7,7,0.4413791596889496
6978,4,4,0.5972147583961487
6979,5,4,0.7272675633430481
6980,0,0,0.7938010096549988
6981,2,2,0.41458141803741455
6982,1,1,0.5236846208572388
6983,9,1,0.4706331193447113
6984,1,1,0.9713547825813293
6985,0,9,0.40061020851135254
6986,5,5,0.30927354097366333
6987,8,8,0.9320147633552551
6988,4,2,0.28432154655456543
6989,7,7,0.5275362133979797
6990,3,3,0.668130099773407
6991,1,1,0.5681182742118835
6992,4,3,0.3306075930595398
6993,5,3,0.5608416795730591
6994,3,4,0.47996553778648376
6995,1,1,0.7379096746444702
6996,0,0,0.8677236437797546
6997,8,3,0.6013734936714172
6998,8,0,0.5536946654319763
6999,8,8,0.6766145825386047
7000,2,0,0.2334650307893753
7001,1,1,0.8323834538459778
7002,3,6,0.7672083973884583
7003,7,3,0.738903820514679
7004,3,0,0.7026243805885315
7005,1,8,0.5473079085350037
7006,6,6,0.5780602693557739
7007,9,9,0.5283409953117371
7008,1,1,0.39016005396842957
7009,6,3,0.6028013229370117
7010,0,0,0.9740335941314697
7011,7,7,0.6032869815826416
7012,7,7,0.9720763564109802
7013,1,1,0.7285177707672119
7014,3,0,0.3651408553123474
7015,3,3,0.5283097624778748
7016,3,5,0.5366623401641846
7017,1,9,0.909514844417572
7018,0,0,0.981837809085846
7019,2,2,0.7242711186408997
7020,7,7,0.9851318001747131
7021,1,9,0.7163228988647461
7022,2,2,0.8084574341773987
7023,2,3,0.3684632480144501
7024,9,9,0.9505346417427063
7025,6,6,0.9471943378448486
7026,3,9,0.5317996740341187
7027,5,3,0.273926705121994
7028,9,9,0.6078445315361023
7029,4,7,0.4485619366168976
7030,8,2,0.33808279037475586
7031,0,0,0.684812068939209
7032,4,3,0.3128689229488373
7033,8,8,0.8945501446723938
7034,0,0,0.8328229188919067
7035,1,9,0.8098551630973816
7036,3,3,0.29013270139694214
7037,7,5,0.5602087378501892
7038,0,0,0.8917011618614197
7039,4,6,0.34114211797714233
7040,7,0,0.5608730912208557
7041,4,0,0.6969724893569946
7042,8,8,0.9058105945587158
7043,6,6,0.9384980201721191
7044,4,0,0.27860334515571594
7045,3,3,0.27430030703544617
7046,9,9,0.6756632328033447
7047,8,8,0.9162142872810364
7048,2,0,0.41430747509002686
7049,2,2,0.4038796126842499
7050,8,8,0.24762441217899323
7051,3,4,0.3932313919067383
7052,1,1,0.9762658476829529
7053,1,1,0.8565577864646912
7054,2,3,0.3730875551700592
7055,8,0,0.6934122443199158
7056,2,2,0.7414920926094055
7057,6,6,0.8981862664222717
7058,9,9,0.9989998936653137
7059,4,4,0.6849459409713745
7060,8,8,0.8884235620498657
7061,4,5,0.2633512318134308
7062,4,5,0.3210207521915436
7063,1,6,0.9377772808074951
7064,5,5,0.7068504691123962
7065,2,2,0.34540677070617676
7066,6,6,0.8051081895828247
7067,9,9,0.9112781882286072
7068,2,0,0.7141470313072205
7069,0,0,0.9600808024406433
7070,7,4,0.5662428140640259
7071,1,1,0.9595459699630737
7072,8,8,0.7964462637901306
7073,9,9,0.6574445366859436
7074,3,3,0.536801278591156
7075,9,1,0.5593904256820679
7076,9,9,0.8480824828147888
7077,0,0,0.9338339567184448
7078,7,7,0.9894707202911377
7079,7,7,0.9830808043479919
7080,5,2,0.24081727862358093
7081,4,8,0.31923750042915344
7082,2,2,0.346413254737854
7083,6,5,0.4745493531227112
7084,4,4,0.25513577461242676
7085,5,5,0.2441694587469101
7086,7,7,0.9880712032318115
7087,7,4,0.5096837878227234
7088,8,8,0.9043166041374207
7089,7,7,0.9476330876350403
7090,2,5,0.37005534768104553
7091,6,6,0.3560015857219696
7092,2,2,0.3124742805957794
7093,2,2,0.5839526057243347
7094,4,4,0.8756223320960999
7095,4,4,0.7529995441436768
7096,0,0,0.9183704853057861
7097,7,5,0.43869301676750183
7098,1,1,0.9950436353683472
7099,3,5,0.6035915613174438
7100,9,9,0.44815176725387573
7101,6,6,0.8427057862281799
7102,0,0,0.6539427042007446
7103,0,0,0.5199313163757324
7104,2,2,0.2527753710746765
7105,3,3,0.3227611780166626
7106,8,0,0.5773067474365234
7107,2,4,0.3180065453052521
7108,2,7,0.27323848009109497
7109,4,4,0.4522959887981415
7110,3,2,0.42602068185806274
7111,5,5,0.7683228254318237
7112,2,0,0.9552348852157593
7113,9,9,0.9438546299934387
7114,1,1,0.9729611277580261
7115,0,0,0.9344255328178406
7116,0,0,0.5869806408882141
7117,6,6,0.5121029615402222
7118,5,5,0.9558361172676086
7119,5,9,0.8075190186500549
7120,7,7,0.7435211539268494
7121,9,9,0.8835057616233826
7122,9,9,0.9709357023239136
7123,6,6,0.7764500975608826
7124,5,5,0.3413633108139038
7125,5,5,0.34471961855888367
7126,0,0,0.3310806155204773
7127,5,3,0.4329003095626831
7128,7,5,0.5279988050460815
7129,1,1,0.8724375367164612
7130,6,6,0.8891590237617493
7131,6,6,0.7103851437568665
7132,4,4,0.310215026140213
7133,1,1,0.41410186886787415
7134,4,4,0.5570286512374878
7135,4,4,0.49104276299476624
7136,1,1,0.4936140179634094
7137,5,5,0.530892014503479
7138,0,0,0.8455929756164551
7139,0,0,0.758690357208252
7140,4,4,0.6283816695213318
7141,5,5,0.4424939453601837
7142,8,0,0.6292933225631714
7143,4,4,0.4763765335083008
7144,8,8,0.9868491888046265
7145,3,5,0.5677324533462524
7146,0,9,0.7093479633331299
7147,5,5,0.34170299768447876
7148,0,0,0.5620979070663452
7149,5,3,0.4620976746082306
7150,3,3,0.43090859055519104
7151,1,1,0.4235856831073761
7152,6,5,0.4352051019668579
7153,7,0,0.577763020992279
7154,0,0,0.8065555095672607
7155,9,9,0.9210876822471619
7156,1,1,0.8135736584663391
7157,5,5,0.5476890206336975
7158,7,7,0.9732051491737366
7159,6,6,0.42849645018577576
7160,5,5,0.6937144994735718
7161,5,5,0.41104015707969666
7162,5,3,0.4067537188529968
7163,6,6,0.978777289390564
7164,0,0,0.9828094840049744
7165,0,0,0.7782961130142212
7166,1,1,0.8826325535774231
7167,7,7,0.9872231483459473
7168,5,3,0.3624570369720459
7169,1,1,0.7452549338340759
7170,9,9,0.45455220341682434
7171,2,2,0.47668877243995667
7172,4,4,0.4392433166503906
7173,1,3,0.44380196928977966
7174,3,6,0.36988362669944763
7175,7,7,0.948776364326477
7176,8,8,0.48302099108695984
7177,2,7,0.4743523895740509
7178,0,8,0.6211235523223877
7179,9,9,0.9556666612625122
7180,6,6,0.7245274782180786
7181,6,7,0.5235857963562012
7182,0,8,0.812809944152832
7183,6,5,0.4666682779788971
7184,5,5,0.35933879017829895
7185,8,8,0.6370249390602112
7186,2,7,0.2439497709274292
7187,7,7,0.4259814918041229
7188,4,4,0.4714410603046417
7189,0,8,0.6912656426429749
7190,2,2,0.46755051612854004
7191,7,7,0.6359320878982544
7192,7,7,0.7963111996650696
7193,8,8,0.9715542197227478
7194,8,8,0.9218055009841919
7195,7,4,0.4993765950202942
7196,0,0,0.9901582598686218
7197,4,5,0.2635096311569214
7198,9,9,0.7037575840950012
7199,1,9,0.3565060794353485
7200,4,4,0.49100905656814575
7201,4,0,0.1813221424818039
7202,3,5,0.56390780210495
7203,5,7,0.5279812216758728
7204,4,7,0.5833048820495605
7205,6,3,0.42283105850219727
7206,2,2,0.7545121908187866
7207,3,3,0.39367803931236267
7208,1,1,0.9579945206642151
7209,0,0,0.7811179757118225
7210,3,3,0.32743147015571594
7211,3,3,0.2550515830516815
7212,3,3,0.32194459438323975
7213,6,2,0.517198383808136
7214,3,5,0.47338584065437317
7215,1,1,0.9864634275436401
7216,2,2,0.7582610845565796
7217,8,0,0.6634227633476257
7218,9,8,0.35517174005508423
7219,7,7,0.979160726070404
7220,9,4,0.2846998870372772
7221,3,3,0.43518298864364624
7222,8,8,0.7216362357139587
7223,7,7,0.9681717753410339
7224,3,3,0.5438448190689087
7225,1,8,0.8700138330459595
7226,7,7,0.6257918477058411
7227,7,7,0.2696065604686737
7228,3,3,0.5629991292953491
7229,2,5,0.4486716687679291
7230,2,2,0.3374670147895813
7231,8,8,0.9258064031600952
7232,9,9,0.8299471735954285
7233,5,5,0.5478353500366211
7234,9,9,0.9701114296913147
7235,2,6,0.3432123363018036
7236,1,9,0.36821451783180237
7237,7,7,0.860997200012207
7238,4,2,0.23624137043952942
7239,4,9,0.33798882365226746
7240,0,0,0.48058444261550903
7241,5,3,0.5122164487838745
7242,7,7,0.5298751592636108
7243,1,1,0.4341074526309967
7244,5,5,0.8191357851028442
7245,4,4,0.5747163891792297
7246,0,2,0.6278368234634399
7247,8,8,0.7782223224639893
7248,4,4,0.6400569081306458
7249,9,9,0.8154121041297913
7250,8,8,0.3919753134250641
7251,7,7,0.7173973917961121
7252,8,8,0.9859172701835632
7253,4,4,0.3053120970726013
7254,2,2,0.6552673578262329
7255,3,3,0.439248263835907
7256,4,4,0.8241395950317383
7257,0,0,0.6566761136054993
7258,5,5,0.7068756222724915
7259,4,4,0.6208586692810059
7260,1,9,0.5231013894081116
7261,8,0,0.45333579182624817
7262,2,2,0.37967848777770996
7263,5,7,0.542064368724823
7264,4,4,0.587422251701355
7265,5,5,0.5962734222412109
7266,2,4,0.5078428387641907
7267,5,4,0.29810652136802673
7268,3,3,0.8389370441436768
7269,7,7,0.8923624753952026
7270,9,9,0.7191112041473389
7271,7,7,0.4125751852989197
7272,1,1,0.526033878326416
7273,4,4,0.6665233373641968
7274,1,9,0.7104921936988831
7275,3,9,0.3855438828468323
7276,1,1,0.47252777218818665
7277,4,6,0.4849238097667694
7278,5,5,0.5103592276573181
7279,5,5,0.757481575012207
7280,1,9,0.502433717250824
7281,7,7,0.4212902784347534
7282,1,1,0.7415813207626343
7283,3,4,0.3054802119731903
7284,0,9,0.365794837474823
7285,1,9,0.7194567322731018
7286,2,8,0.3505363464355469
7287,5,7,0.40973004698753357
7288,7,7,0.8024818301200867
7289,0,0,0.6957773566246033
7290,6,5,0.5293688774108887
7291,3,3,0.8483498692512512
7292,5,3,0.48909634351730347
7293,7,7,0.930271327495575
7294,5,7,0.36207517981529236
7295,5,5,0.48502397537231445
7296,8,8,0.9728448987007141
7297,9,9,0.46466249227523804
7298,4,2,0.5868334174156189
7299,6,6,0.8277294039726257
7300,3,3,0.4392043948173523
7301,6,6,0.9271478056907654
7302,6,6,0.6631712913513184
7303,8,8,0.932429313659668
7304,2,3,0.6180870532989502
7305,6,6,0.90227210521698
7306,4,7,0.46640875935554504
7307,8,8,0.9972823858261108
7308,4,4,0.7608647346496582
7309,1,1,0.9385182857513428
7310,3,5,0.4972829222679138
7311,1,9,0.3540220856666565
7312,2,2,0.6578338742256165
7313,3,3,0.34690991044044495
7314,3,3,0.354596346616745
7315,0,0,0.5322042107582092
7316,1,1,0.5439453721046448
7317,6,3,0.4122418761253357
7318,4,2,0.4703890085220337
7319,2,2,0.44952818751335144
7320,8,8,0.5772184133529663
7321,2,4,0.6598260998725891
7322,4,4,0.5369243025779724
7323,3,3,0.3916572630405426
7324,1,8,0.6327105164527893
7325,4,4,0.9176830053329468
7326,4,4,0.449190616607666
7327,4,4,0.7060422301292419
7328,4,4,0.47255492210388184
7329,1,1,0.5761808156967163
7330,5,5,0.44186434149742126
7331,5,5,0.9413919448852539
7332,7,7,0.3674488961696625
7333,6,6,0.8229172825813293
7334,5,5,0.6427596211433411
7335,4,4,0.5091433525085449
7336,5,4,0.8163929581642151
7337,6,6,0.8665188550949097
7338,5,5,0.6256920099258423
7339,6,4,0.39443764090538025
7340,2,2,0.5443752408027649
7341,4,4,0.6294561624526978
7342,7,5,0.3598383665084839
7343,7,5,0.5967128276824951
7344,4,4,0.21978972852230072
7345,6,6,0.9628909826278687
7346,5,5,0.7752287983894348
7347,0,0,0.7678077220916748
7348,2,8,0.635695219039917
7349,3,3,0.6119637489318848
7350,9,9,0.7908119559288025
7351,2,4,0.3840394616127014
7352,3,3,0.506544291973114
7353,8,8,0.9749749898910522
7354,0,0,0.9667259454727173
7355,7,7,0.9234842658042908
7356,0,0,0.48778995871543884
7357,6,6,0.441249817609787
7358,8,8,0.9466676712036133
7359,1,1,0.884951114654541
7360,2,7,0.6752400994300842
7361,8,8,0.9925386309623718
7362,9,1,0.5179944634437561
7363,1,1,0.9389302134513855
7364,5,5,0.49459317326545715
7365,4,6,0.4549120366573334
7366,2,0,0.2299250364303589
7367,3,5,0.48479020595550537
7368,5,7,0.4695375859737396
7369,5,5,0.7828855514526367
7370,3,8,0.2090398371219635
7371,6,6,0.8412056565284729
7372,5,3,0.3696543574333191
7373,0,0,0.9333191514015198
7374,3,5,0.4767642617225647
7375,2,2,0.2820056080818176
7376,1,1,0.8905727863311768
7377,3,5,0.4742121994495392
7378,3,5,0.6920720934867859
7379,7,7,0.8255801796913147
7380,7,7,0.3419043719768524
7381,4,4,0.85529625415802
7382,9,0,0.44962066411972046
7383,4,4,0.8349525332450867
7384,3,5,0.44797179102897644
7385,9,9,0.9900392889976501
7386,5,5,0.4861137866973877
7387,1,1,0.8006396889686584
7388,7,7,0.9539619088172913
7389,6,6,0.5811195373535156
7390,6,8,0.35829639434814453
7391,4,4,0.5643280148506165
7392,8,8,0.8901253342628479
7393,5,5,0.3639303743839264
7394,1,1,0.9315224289894104
7395,2,5,0.3424593508243561
7396,8,8,0.902789294719696
7397,4,6,0.7179767489433289
7398,5,3,0.40367263555526733
7399,3,5,0.7118420004844666
7400,3,3,0.4245801270008087
7401,3,3,0.5449225306510925
7402,0,0,0.5141777992248535
7403,4,4,0.5247785449028015
7404,8,8,0.7957485914230347
7405,7,7,0.9816007614135742
7406,7,3,0.25879842042922974
7407,9,9,0.35015588998794556
7408,4,5,0.4215511679649353
7409,8,8,0.8464159965515137
7410,4,4,0.5085427165031433
7411,5,4,0.42650163173675537
7412,9,0,0.465145081281662
7413,1,1,0.8617950677871704
7414,8,8,0.45144620537757874
7415,3,3,0.5140290260314941
7416,1,9,0.21733462810516357
7417,3,6,0.43143779039382935
7418,8,8,0.5492084622383118
7419,0,0,0.5476704239845276
7420,3,2,0.39529624581336975
7421,5,5,0.33470994234085083
7422,4,3,0.5465065240859985
7423,6,6,0.5030956268310547
7424,9,1,0.6687116026878357
7425,2,2,0.5931566953659058
7426,7,7,0.9969459176063538
7427,2,4,0.5987614393234253
7428,0,0,0.9890372157096863
7429,5,5,0.32949328422546387
7430,2,4,0.2898867130279541
7431,9,8,0.5549218058586121
7432,7,7,0.9985218644142151
7433,5,5,0.7466128468513489
7434,0,0,0.9289985299110413
7435,7,7,0.5227497816085815
7436,0,0,0.5579692721366882
7437,3,5,0.38518285751342773
7438,5,5,0.7180381417274475
7439,5,5,0.3005079925060272
7440,3,3,0.5537090301513672
7441,8,9,0.48688748478889465
7442,7,7,0.3464120924472809
7443,7,5,0.36713242530822754
7444,9,9,0.947007954120636
7445,6,6,0.6852256059646606
7446,5,9,0.6676161289215088
7447,8,0,0.7365841269493103
7448,9,9,0.9550521373748779
7449,0,4,0.2849225699901581
7450,1,1,0.9528232216835022
7451,9,1,0.9694703817367554
7452,4,7,0.29008519649505615
7453,0,9,0.7502435445785522
7454,0,0,0.9166174530982971
7455,1,9,0.8941628932952881
7456,7,0,0.359087198972702
7457,2,7,0.4135547876358032
7458,2,5,0.597287118434906
7459,8,8,0.99216228723526
7460,5,5,0.9732937812805176
7461,9,9,0.5086463093757629
7462,8,1,0.5029881596565247
7463,2,2,0.5134628415107727
7464,8,8,0.955619215965271
7465,0,8,0.5481281280517578
7466,6,6,0.9440629482269287
7467,6,6,0.7525148987770081
7468,8,8,0.94600909948349
7469,6,6,0.7283719182014465
7470,9,9,0.8620806932449341
7471,6,3,0.4695754647254944
7472,1,0,0.7087240815162659
7473,1,1,0.7375192642211914
7474,5,5,0.7164871692657471
7475,3,5,0.5930500626564026
7476,5,5,0.7457770705223083
7477,0,0,0.8615899682044983
7478,7,7,0.5509750843048096
7479,6,6,0.9907558560371399
7480,1,1,0.6410040259361267
7481,4,4,0.5478662252426147
7482,4,7,0.5716612339019775
7483,1,1,0.857020378112793
7484,1,1,0.9766088128089905
7485,8,8,0.7441091537475586
7486,1,1,0.6785769462585449
7487,1,1,0.8773813247680664
7488,2,2,0.6438978910446167
7489,3,3,0.26581573486328125
7490,4,4,0.6009534597396851
7491,9,9,0.5819826722145081
7492,9,9,0.7118282318115234
7493,5,5,0.6765657663345337
7494,2,2,0.7427009344100952
7495,7,7,0.8440934419631958
7496,3,4,0.47086283564567566
7497,3,3,0.1971253603696823
7498,6,6,0.344400018453598
7499,9,1,0.8103040456771851
7500,6,3,0.38001155853271484
7501,9,9,0.8900514841079712
7502,8,8,0.275751531124115
7503,8,8,0.7272705435752869
7504,6,3,0.6303027272224426
7505,7,7,0.8322024345397949
7506,4,4,0.9319460988044739
7507,7,5,0.47403115034103394
7508,2,2,0.583793580532074
7509,3,7,0.31093963980674744
7510,8,3,0.5689186453819275
7511,0,0,0.8336466550827026
7512,9,9,0.6148577332496643
7513,0,9,0.5928096175193787
7514,7,7,0.99068683385849
7515,8,8,0.776643693447113
7516,1,1,0.9271496534347534
7517,2,5,0.4568886458873749
7518,3,4,0.3112483322620392
7519,2,8,0.8471459746360779
7520,4,4,0.6818053126335144
7521,2,2,0.7494416236877441
7522,9,9,0.4805962145328522
7523,0,0,0.9523231387138367
7524,3,2,0.3053412437438965
7525,8,8,0.9778119921684265
7526,9,9,0.902580738067627
7527,6,5,0.385601669549942
7528,5,5,0.9120091199874878
7529,5,5,0.5318374037742615
7530,2,2,0.5355802178382874
7531,4,3,0.3403381407260895
7532,1,9,0.7420145869255066
7533,0,0,0.7595143914222717
7534,6,6,0.9581575393676758
7535,1,1,0.9331788420677185
7536,8,8,0.37125423550605774
7537,4,4,0.2791040539741516
7538,5,5,0.6294811367988586
7539,5,3,0.3028433918952942
7540,5,5,0.753445029258728
7541,0,0,0.8753082752227783
7542,8,8,0.4537980854511261
7543,9,9,0.9217832088470459
7544,0,0,0.6805485486984253
7545,5,7,0.4170757532119751
7546,7,7,0.5513342022895813
7547,9,9,0.8882104754447937
7548,6,6,0.6748344898223877
7549,3,5,0.6668319702148438
7550,4,4,0.7285546064376831
7551,6,4,0.46393710374832153
7552,4,7,0.41915494203567505
7553,9,8,0.636419415473938
7554,7,5,0.43909555673599243
7555,1,1,0.9090146422386169
7556,2,7,0.4740696847438812
7557,5,2,0.36508792638778687
7558,2,7,0.5928015112876892
7559,8,1,0.4157264530658722
7560,0,9,0.5802533030509949
7561,2,2,0.30503520369529724
7562,2,0,0.2742707133293152
7563,9,9,0.9732730388641357
7564,8,8,0.7287842631340027
7565,1,1,0.7574795484542847
7566,9,9,0.8378342986106873
7567,7,7,0.40321266651153564
7568,7,5,0.3187299370765686
7569,3,5,0.2251773178577423
7570,1,1,0.8560233116149902
7571,4,6,0.2639281749725342
7572,1,9,0.5506590008735657
7573,1,9,0.6180756688117981
7574,3,0,0.6293400526046753
7575,8,8,0.665283203125
7576,8,8,0.9974147081375122
7577,1,9,0.5689602494239807
7578,9,1,0.48977091908454895
7579,3,5,0.6023436188697815
7580,8,8,0.5597892999649048
7581,9,9,0.8727912306785583
7582,5,5,0.41806209087371826
7583,1,1,0.8506423830986023
7584,1,9,0.5152307152748108
7585,6,6,0.7969381213188171
7586,2,9,0.7209046483039856
7587,7,7,0.7780548930168152
7588,2,5,0.7056053280830383
7589,6,4,0.32938915491104126
7590,2,5,0.3543131351470947
7591,6,6,0.3948538899421692
7592,9,9,0.6564843058586121
7593,6,4,0.40523919463157654
7594,0,0,0.6656145453453064
7595,1,9,0.41292867064476013
7596,3,5,0.536940336227417
7597,9,9,0.7699998021125793
7598,3,3,0.4578036963939667
7599,8,8,0.6467999815940857
7600,8,9,0.26867854595184326
7601,8,8,0.9877911806106567
7602,2,5,0.36808860301971436
7603,9,9,0.8616208434104919
7604,1,1,0.8197512626647949
7605,2,6,0.432832807302475
7606,6,6,0.4734503924846649
7607,0,0,0.9699282646179199
7608,5,5,0.583564817905426
7609,0,9,0.6051564812660217
7610,7,3,0.5390077829360962
7611,7,9,0.3457953631877899
7612,7,7,0.529339611530304
7613,9,9,0.6504818797111511
7614,4,4,0.5774333477020264
7615,5,5,0.5251826047897339
7616,0,0,0.7961578965187073
7617,2,2,0.5751797556877136
7618,3,3,0.8331599235534668
7619,5,5,0.4630052149295807
7620,5,1,0.3863641917705536
7621,8,8,0.7833971381187439
7622,9,9,0.7548650503158569
7623,1,8,0.6977351307868958
7624,2,2,0.38703352212905884
7625,7,9,0.4035724699497223
7626,1,1,0.5531705021858215
7627,3,3,0.5260732173919678
7628,4,3,0.5207582116127014
7629,6,6,0.7748996615409851
7630,9,9,0.9544433951377869
7631,1,1,0.8712689280509949
7632,0,7,0.945322573184967
7633,7,7,0.8931520581245422
7634,1,9,0.5599022507667542
7635,9,9,0.8454742431640625
7636,5,5,0.6961743235588074
7637,8,8,0.9446291327476501
7638,1,8,0.8555824756622314
7639,9,9,0.8806599378585815
7640,9,9,0.6528674960136414
7641,7,3,0.24931783974170685
7642,9,9,0.8426940441131592
7643,8,8,0.454969584941864
7644,3,5,0.4339748024940491
7645,0,0,0.3522697985172272
7646,2,2,0.6162092685699463
7647,6,6,0.9365077614784241
7648,0,9,0.3535696566104889
7649,2,5,0.5440499186515808
7650,2,2,0.33692291378974915
7651,4,4,0.8543529510498047
7652,0,0,0.9118390083312988
7653,8,8,0.8905007839202881
7654,4,4,0.2292737364768982
7655,8,8,0.7349575757980347
7656,1,1,0.8595976233482361
7657,2,7,0.528427004814148
7658,7,7,0.9232273697853088
7659,2,2,0.43814143538475037
7660,7,6,0.3768971860408783
7661,9,9,0.8924563527107239
7662,5,5,0.47525784373283386
7663,2,2,0.45659634470939636
7664,2,2,0.5510753393173218
7665,9,9,0.7505991458892822
7666,2,4,0.4184994399547577
7667,6,6,0.6645293235778809
7668,5,5,0.7063696980476379
7669,7,4,0.47482597827911377
7670,2,4,0.30687782168388367
7671,5,5,0.6906021237373352
7672,6,6,0.7495902180671692
7673,5,7,0.5767757296562195
7674,1,9,0.6169531941413879
7675,8,3,0.3696281313896179
7676,2,2,0.3764224648475647
7677,6,4,0.5393362641334534
7678,8,8,0.9923925399780273
7679,6,6,0.7273122668266296
7680,3,9,0.3396957218647003
7681,0,0,0.983749508857727
7682,8,8,0.4238157868385315
7683,0,0,0.8994746804237366
7684,0,2,0.7094588279724121
7685,9,1,0.842322587966919
7686,9,9,0.41173726320266724
7687,6,3,0.19741091132164001
7688,8,8,0.7631836533546448
7689,0,8,0.8783636093139648
7690,6,6,0.5989622473716736
7691,6,6,0.9375143051147461
7692,0,0,0.9261865615844727
7693,7,7,0.9672045111656189
7694,9,9,0.9442335963249207
7695,8,8,0.9698958396911621
7696,0,0,0.8112812042236328
7697,5,5,0.3880102336406708
7698,0,0,0.9777882695198059
7699,9,9,0.6757432818412781
7700,6,6,0.9593364000320435
7701,0,0,0.9813552498817444
7702,4,4,0.47009018063545227
7703,7,7,0.9617164134979248
7704,1,1,0.5445898175239563
7705,7,7,0.34171003103256226
7706,8,8,0.8313061594963074
7707,8,8,0.5069553852081299
7708,2,2,0.4607807695865631
7709,3,4,0.31908896565437317
7710,9,9,0.8766394257545471
7711,6,4,0.33112382888793945
7712,5,5,0.8285514116287231
7713,5,5,0.42913928627967834
7714,3,3,0.7085462212562561
7715,1,1,0.985057532787323
7716,5,5,0.6578739285469055
7717,3,3,0.29340144991874695
7718,0,0,0.6215007305145264
7719,2,2,0.30480656027793884
7720,5,5,0.4113353490829468
7721,2,2,0.5954620242118835
7722,7,5,0.33581653237342834
7723,3,4,0.5260670185089111
7724,8,8,0.9876340627670288
7725,4,4,0.33210647106170654
7726,4,4,0.6055055856704712
7727,6,6,0.8576355576515198
7728,1,1,0.43395718932151794
7729,9,9,0.9552344083786011
7730,4,4,0.6399531960487366
7731,1,1,0.8566331267356873
7732,7,7,0.9489372372627258
7733,0,0,0.9075980186462402
7734,1,1,0.4744473099708557
7735,4,4,0.31421685218811035
7736,3,3,0.2911638617515564
7737,0,0,0.4959236979484558
7738,2,2,0.503869891166687
7739,9,9,0.93437659740448
7740,4,2,0.4372851550579071
7741,5,5,0.5874453186988831
7742,0,0,0.9266144037246704
7743,3,3,0.444120854139328
7744,4,3,0.40033379197120667
7745,7,7,0.8185423612594604
7746,2,0,0.840358316898346
7747,3,7,0.22496530413627625
7748,0,0,0.9953092932701111
7749,1,1,0.7868506908416748
7750,3,4,0.3890562653541565
7751,7,9,0.673335075378418
7752,9,9,0.9219276905059814
7753,9,9,0.8418809771537781
7754,0,0,0.6454616189002991
7755,7,7,0.8138059377670288
7756,5,7,0.24261526763439178
7757,6,6,0.572012722492218
7758,7,7,0.9706713557243347
7759,1,1,0.7814921140670776
7760,2,2,0.48365333676338196
7761,2,3,0.5289954543113708
7762,7,7,0.7638459801673889
7763,4,5,0.3224935829639435
7764,6,6,0.6533042192459106
7765,8,8,0.9801768064498901
7766,4,6,0.6831247806549072
7767,9,9,0.8401131629943848
7768,8,8,0.9290022850036621
7769,4,4,0.8220238089561462
7770,9,9,0.9310588836669922
7771,2,7,0.26930442452430725
7772,3,3,0.4851742684841156
7773,4,4,0.34195443987846375
7774,0,0,0.991847038269043
7775,2,5,0.3543892800807953
7776,5,5,0.6379002332687378
7777,6,6,0.8973440527915955
7778,0,3,0.39315587282180786
7779,5,3,0.3124105930328369
7780,3,8,0.5056447386741638
7781,5,5,0.45846807956695557
7782,8,8,0.9974796175956726
7783,3,5,0.6549406051635742
7784,7,4,0.4918673634529114
7785,4,2,0.6195526123046875
7786,9,9,0.6510918736457825
7787,5,7,0.51817786693573
7788,6,6,0.4870322346687317
7789,3,3,0.6393874287605286
7790,8,0,0.9390031099319458
7791,6,2,0.27929672598838806
7792,9,1,0.7571864128112793
7793,8,8,0.872745931148529
7794,5,6,0.6437055468559265
7795,5,0,0.39908310770988464
7796,8,8,0.9973452687263489
7797,3,6,0.5643958449363708
7798,5,5,0.5477263331413269
7799,9,1,0.4675750136375427
7800,0,0,0.5919432044029236
7801,4,4,0.799626350402832
7802,2,2,0.6932632327079773
7803,0,8,0.9782547950744629
7804,5,5,0.5112934708595276
7805,9,9,0.7384457588195801
7806,9,9,0.9237361550331116
7807,3,3,0.4534866213798523
7808,8,8,0.7521205544471741
7809,0,7,0.34329211711883545
7810,6,6,0.7993631958961487
7811,0,0,0.9263280034065247
7812,2,2,0.25226595997810364
7813,3,0,0.5371841788291931
7814,7,7,0.9477901458740234
7815,0,1,0.43067148327827454
7816,0,4,0.26040661334991455
7817,6,3,0.47465649247169495
7818,9,1,0.2861330211162567
7819,1,9,0.631507396697998
7820,5,3,0.4197804629802704
7821,2,0,0.8965905904769897
7822,2,6,0.26544952392578125
7823,7,4,0.523332417011261
7824,9,9,0.8127204775810242
7825,3,6,0.7125017046928406
7826,9,1,0.7970662117004395
7827,3,7,0.3395465612411499
7828,5,5,0.6458907723426819
7829,2,8,0.48892098665237427
7830,2,9,0.7563697695732117
7831,2,4,0.6764575839042664
7832,8,8,0.713353157043457
7833,8,8,0.57658451795578
7834,5,5,0.4598969519138336
7835,0,0,0.9700998663902283
7836,0,0,0.7014976739883423
7837,7,7,0.9814586043357849
7838,0,0,0.9198442697525024
7839,3,5,0.2680169343948364
7840,1,1,0.9519782662391663
7841,6,8,0.2975907623767853
7842,5,5,0.2333032786846161
7843,0,0,0.6706331372261047
7844,9,9,0.9705418944358826
7845,2,2,0.41090288758277893
7846,6,3,0.564220130443573
7847,7,7,0.33595970273017883
7848,4,2,0.6211541295051575
7849,2,0,0.9778919219970703
7850,0,0,0.7210853695869446
7851,0,0,0.7232591509819031
7852,5,7,0.780842125415802
7853,3,2,0.48206400871276855
7854,3,3,0.6559569239616394
7855,2,5,0.5993954539299011
7856,6,6,0.4492192566394806
7857,4,4,0.34378063678741455
7858,2,2,0.4755927622318268
7859,7,3,0.22023427486419678
7860,8,8,0.9348356127738953
7861,0,7,0.18972773849964142
7862,1,1,0.6386145353317261
7863,0,0,0.9298152327537537
7864,1,1,0.9892587065696716
7865,3,3,0.627360999584198
7866,6,6,0.5336981415748596
7867,4,0,0.4721933901309967
7868,8,8,0.9070899486541748
7869,0,0,0.9254281520843506
7870,6,6,0.8837887048721313
7871,0,7,0.3559362292289734
7872,9,9,0.9067612886428833
7873,1,0,0.6412026286125183
7874,6,6,0.361889511346817
7875,2,3,0.28117576241493225
7876,1,1,0.9873914122581482
7877,0,0,0.4158344268798828
7878,1,1,0.6231880784034729
7879,3,3,0.29563233256340027
7880,0,0,0.9617680311203003
7881,3,6,0.5381556153297424
7882,7,7,0.5155259370803833
7883,9,9,0.9456911683082581
7884,9,1,0.4034822881221771
7885,3,3,0.5124486088752747
7886,7,7,0.9990978240966797
7887,5,5,0.6991366147994995
7888,7,7,0.9940061569213867
7889,1,1,0.3915584087371826
7890,6,6,0.8043864369392395
7891,6,6,0.9638320207595825
7892,1,9,0.9960581064224243
7893,1,8,0.4607844054698944
7894,1,9,0.5180068016052246
7895,4,4,0.4391779601573944
7896,4,7,0.28037795424461365
7897,2,0,0.5661056637763977
7898,1,1,0.8376212120056152
7899,7,7,0.5684327483177185
7900,0,0,0.4878857433795929
7901,1,1,0.7240789532661438
7902,2,7,0.32801350951194763
7903,1,7,0.29433897137641907
7904,1,1,0.8213859796524048
7905,3,5,0.5028655529022217
7906,2,4,0.3731878399848938
7907,6,3,0.6555044651031494
7908,9,9,0.9733730554580688
7909,1,8,0.4766763746738434
7910,3,5,0.3457902669906616
7911,2,5,0.4607257544994354
7912,0,8,0.46892961859703064
7913,8,0,0.8183491230010986
7914,7,7,0.6721792221069336
7915,3,5,0.5903570055961609
7916,4,4,0.9287289977073669
7917,6,3,0.4014231860637665
7918,4,5,0.8196995854377747
7919,6,6,0.5953477621078491
7920,9,9,0.43983182311058044
7921,4,4,0.48307472467422485
7922,8,8,0.9246392846107483
7923,9,7,0.47592756152153015
7924,3,5,0.48105692863464355
7925,0,0,0.8906214237213135
7926,5,3,0.5094199776649475
7927,7,7,0.4685690999031067
7928,2,5,0.4018838703632355
7929,0,0,0.575361430644989
7930,2,0,0.7366824746131897
7931,9,9,0.6413102149963379
7932,9,9,0.717082679271698
7933,3,2,0.3531801104545593
7934,8,8,0.7016469240188599
7935,7,4,0.5289111733436584
7936,1,1,0.991971492767334
7937,1,1,0.958408772945404
7938,2,5,0.4408438205718994
7939,2,2,0.33641862869262695
7940,2,4,0.4051287770271301
7941,5,2,0.5307837128639221
7942,9,1,0.5103930234909058
7943,1,7,0.23336245119571686
7944,2,2,0.5315616130828857
7945,6,4,0.3540716767311096
7946,1,9,0.6610751748085022
7947,2,6,0.4137408137321472
7948,1,1,0.978878378868103
7949,8,8,0.8651542067527771
7950,9,9,0.9868481755256653
7951,2,2,0.8967441916465759
7952,3,8,0.5038453936576843
7953,1,1,0.7953785061836243
7954,9,9,0.7566754221916199
7955,9,9,0.9920470714569092
7956,4,3,0.3888876736164093
7957,4,4,0.6142855286598206
7958,5,3,0.3593408465385437
7959,5,0,0.37764593958854675
7960,0,0,0.5994653105735779
7961,3,3,0.2872641086578369
7962,3,5,0.40273231267929077
7963,7,7,0.759725034236908
7964,1,0,0.41289061307907104
7965,7,7,0.9808239936828613
7966,7,7,0.8436092138290405
7967,9,7,0.6174426078796387
7968,8,8,0.9449858069419861
7969,6,1,0.36010345816612244
7970,3,5,0.49496299028396606
7971,5,5,0.7140253782272339
7972,5,5,0.4350276291370392
7973,1,1,0.9415006637573242
7974,6,3,0.3056136667728424
7975,2,2,0.40284642577171326
7976,7,4,0.5850715041160583
7977,8,8,0.4663291275501251
7978,4,4,0.3007173240184784
7979,3,3,0.3562867045402527
7980,3,3,0.3810693323612213
7981,5,5,0.3076170086860657
7982,9,9,0.9351401329040527
7983,6,8,0.271553635597229
7984,8,8,0.7139466404914856
7985,5,3,0.4825897216796875
7986,1,9,0.6630262136459351
7987,0,0,0.8845168948173523
7988,6,6,0.7095827460289001
7989,7,5,0.5044024586677551
7990,0,0,0.48800840973854065
7991,9,9,0.754220187664032
7992,6,6,0.9821121692657471
7993,2,0,0.5318319797515869
7994,0,0,0.8827642202377319
7995,8,8,0.9884129166603088
7996,7,7,0.9610251784324646
7997,1,1,0.7671277523040771
7998,2,0,0.7005093693733215
7999,6,4,0.41387495398521423
8000,9,9,0.9456181526184082
8001,1,1,0.8075405955314636
8002,6,6,0.719582200050354
8003,4,3,0.2879154086112976
8004,7,7,0.2783268690109253
8005,1,0,0.7682373523712158
8006,9,0,0.27272671461105347
8007,0,1,0.21925882995128632
8008,0,0,0.7941825985908508
8009,5,3,0.48890793323516846
8010,2,2,0.43074455857276917
8011,8,8,0.7854306697845459
8012,3,3,0.6229634881019592
8013,8,8,0.5610888004302979
8014,2,2,0.6301044821739197
8015,8,0,0.8333043456077576
8016,4,4,0.662617027759552
8017,0,0,0.8423292636871338
8018,8,0,0.562102198600769
8019,3,6,0.671667218208313
8020,6,3,0.3033631145954132
8021,1,1,0.814275324344635
8022,2,5,0.33219650387763977
8023,3,3,0.4142798185348511
8024,0,0,0.7821913361549377
8025,5,5,0.4997495412826538
8026,0,0,0.4175987243652344
8027,4,7,0.4574691951274872
8028,1,1,0.7939392924308777
8029,7,7,0.6987357139587402
8030,2,2,0.624975323677063
8031,0,0,0.9355966448783875
8032,1,1,0.9527153372764587
8033,3,3,0.6624866127967834
8034,9,6,0.4365306496620178
8035,1,3,0.2483525425195694
8036,6,3,0.359291136264801
8037,1,1,0.9558910131454468
8038,6,6,0.7275969982147217
8039,1,1,0.8567192554473877
8040,2,2,0.34082382917404175
8041,8,8,0.44750919938087463
8042,7,7,0.9936919212341309
8043,0,0,0.5225973129272461
8044,9,9,0.8299829959869385
8045,5,5,0.620150089263916
8046,8,0,0.4820694923400879
8047,0,8,0.9042308926582336
8048,0,2,0.39161452651023865
8049,1,1,0.8340856432914734
8050,7,5,0.33231428265571594
8051,9,9,0.8382896184921265
8052,7,7,0.9010170102119446
8053,1,1,0.8714606761932373
8054,9,9,0.9961813688278198
8055,2,2,0.6448296904563904
8056,1,1,0.4911644756793976
8057,9,9,0.822574257850647
8058,4,7,0.2719687521457672
8059,3,3,0.6393361687660217
8060,6,6,0.9678824543952942
8061,0,0,0.9083429574966431
8062,2,4,0.767021656036377
8063,0,0,0.42190003395080566
8064,0,0,0.8985481858253479
8065,9,9,0.8998213410377502
8066,9,0,0.80982506275177
8067,8,8,0.933039665222168
8068,9,9,0.6860536932945251
8069,4,2,0.5029141306877136
8070,5,3,0.44688042998313904
8071,4,5,0.4744400084018707
8072,3,3,0.42248618602752686
8073,0,8,0.6048490405082703
8074,7,7,0.47392386198043823
8075,8,8,0.8294333815574646
8076,7,7,0.9989798665046692
8077,3,3,0.4306645095348358
8078,7,3,0.478500634431839
8079,5,3,0.3174920976161957
8080,4,5,0.34333536028862
8081,6,6,0.8924588561058044
8082,5,5,0.4314028322696686
8083,9,9,0.8736156821250916
8084,5,5,0.5166462659835815
8085,2,2,0.5994928479194641
8086,4,8,0.18496863543987274
8087,2,7,0.8005099892616272
8088,7,7,0.931921124458313
8089,9,9,0.9953698515892029
8090,6,6,0.7131263017654419
8091,7,7,0.7655723094940186
8092,4,1,0.3897024095058441
8093,7,0,0.6669925451278687
8094,1,1,0.9298683404922485
8095,2,0,0.4901968240737915
8096,3,3,0.640902042388916
8097,1,1,0.8510934114456177
8098,1,9,0.7556053996086121
8099,3,5,0.47071555256843567
8100,6,4,0.434783935546875
8101,8,8,0.7573027610778809
8102,3,7,0.3501454293727875
8103,7,7,0.6219893097877502
8104,7,7,0.7441544532775879
8105,0,0,0.5748105645179749
8106,8,0,0.4206058382987976
8107,1,0,0.29824963212013245
8108,5,5,0.6961021423339844
8109,2,6,0.4233053922653198
8110,5,6,0.3147957921028137
8111,5,5,0.6614434123039246
8112,3,4,0.42589524388313293
8113,6,6,0.7675195336341858
8114,3,5,0.3852139413356781
8115,5,3,0.26235198974609375
8116,9,9,0.9725357294082642
8117,8,8,0.5384534597396851
8118,4,2,0.36413177847862244
8119,6,5,0.4155399799346924
8120,8,8,0.40322571992874146
8121,0,0,0.9339970946311951
8122,4,5,0.33634069561958313
8123,1,9,0.5475739240646362
8124,7,7,0.8000352382659912
8125,8,8,0.8675711750984192
8126,4,3,0.372719407081604
8127,9,9,0.68071049451828
8128,7,2,0.2920585870742798
8129,2,4,0.7811012268066406
8130,6,6,0.3633936643600464
8131,3,3,0.587726891040802
8132,8,8,0.935424268245697
8133,8,8,0.8571709394454956
8134,6,3,0.32128196954727173
8135,7,2,0.32350224256515503
8136,3,2,0.4080100357532501
8137,8,0,0.8384668827056885
8138,1,1,0.735507071018219
8139,1,9,0.5033190250396729
8140,5,5,0.4360171854496002
8141,3,3,0.5339385867118835
8142,7,7,0.7166531085968018
8143,9,9,0.8226770758628845
8144,9,9,0.931473970413208
8145,9,9,0.5809443593025208
8146,8,8,0.723888099193573
8147,5,5,0.7674109935760498
8148,9,9,0.6032153367996216
8149,9,9,0.9534745216369629
8150,6,6,0.991136908531189
8151,8,8,0.8688320517539978
8152,8,8,0.9923838973045349
8153,4,3,0.25801029801368713
8154,8,8,0.3680131435394287
8155,1,1,0.7597874402999878
8156,0,0,0.5209426283836365
8157,1,1,0.8782244920730591
8158,8,8,0.9561862945556641
8159,8,8,0.9759048819541931
8160,6,6,0.33360639214515686
8161,5,5,0.442905068397522
8162,9,9,0.8253762125968933
8163,0,0,0.9789999723434448
8164,6,6,0.8716928362846375
8165,1,9,0.7086890339851379
8166,2,7,0.390519380569458
8167,6,6,0.7400394678115845
8168,6,6,0.33398112654685974
8169,3,7,0.2720435559749603
8170,5,5,0.45771265029907227
8171,6,9,0.5195486545562744
8172,5,3,0.36580121517181396
8173,5,7,0.6105848550796509
8174,3,7,0.6744332909584045
8175,3,3,0.5421662926673889
8176,6,3,0.4181538224220276
8177,8,0,0.42365679144859314
8178,9,9,0.30323395133018494
8179,4,4,0.9128755927085876
8180,4,4,0.7197171449661255
8181,3,5,0.4051229655742645
8182,8,8,0.19551466405391693
8183,3,5,0.5506343245506287
8184,6,6,0.7985708117485046
8185,0,0,0.905836820602417
8186,8,8,0.9372364282608032
8187,5,5,0.4446907937526703
8188,7,7,0.8472146987915039
8189,8,0,0.7592916488647461
8190,4,7,0.24697451293468475
8191,6,4,0.33716005086898804
8192,5,5,0.6465150713920593
8193,3,5,0.6189066171646118
8194,1,1,0.6131283640861511
8195,8,8,0.9990228414535522
8196,3,9,0.4493259787559509
8197,0,8,0.7855504155158997
8198,4,8,0.28436750173568726
8199,4,4,0.48382019996643066
8200,3,7,0.30193856358528137
8201,3,0,0.25437039136886597
8202,5,7,0.6171402335166931
8203,3,3,0.6470857858657837
8204,3,6,0.41555362939834595
8205,2,2,0.5099292397499084
8206,7,7,0.3196360468864441
8207,7,7,0.9917852878570557
8208,8,8,0.4749261438846588
8209,2,4,0.4948485791683197
8210,0,0,0.9960741996765137
8211,5,5,0.562313973903656
8212,5,6,0.5698452591896057
8213,6,5,0.3970147967338562
8214,1,1,0.624768853187561
8215,1,1,0.9791877269744873
8216,3,3,0.37436461448669434
8217,9,9,0.7503682374954224
8218,9,6,0.6415887475013733
8219,3,9,0.620403528213501
8220,6,9,0.24785116314888
8221,7,7,0.9286215305328369
8222,1,8,0.5384339690208435
8223,8,8,0.978053092956543
8224,3,6,0.3921727240085602
8225,9,0,0.6703498959541321
8226,8,9,0.2555636167526245
8227,7,4,0.34318313002586365
8228,8,8,0.9958946704864502
8229,8,3,0.34107762575149536
8230,0,0,0.8933389186859131
8231,3,9,0.3860532343387604
8232,2,2,0.46404287219047546
8233,4,4,0.35760298371315
8234,8,8,0.5937820672988892
8235,7,7,0.9997681975364685
8236,5,8,0.43963396549224854
8237,7,7,0.9361763000488281
8238,1,1,0.6589234471321106
8239,8,8,0.6812187433242798
8240,7,7,0.9873195886611938
8241,3,0,0.7755997180938721
8242,5,5,0.23795369267463684
8243,4,7,0.667445182800293
8244,4,4,0.6823857426643372
8245,3,5,0.6740922927856445
8246,8,0,0.5011692047119141
8247,6,6,0.9189141392707825
8248,1,1,0.5963445901870728
8249,1,9,0.5669620037078857
8250,6,6,0.5038122534751892
8251,3,3,0.6838837265968323
8252,2,2,0.2759574055671692
8253,2,0,0.832051694393158
8254,8,8,0.49310097098350525
8255,9,9,0.7036866545677185
8256,8,8,0.9923210740089417
8257,3,3,0.44538286328315735
8258,3,3,0.37065738439559937
8259,8,8,0.7477661967277527
8260,1,1,0.5163833498954773
8261,1,7,0.6055344343185425
8262,0,0,0.7212980389595032
8263,5,5,0.8055737614631653
8264,2,2,0.9056026339530945
8265,0,8,0.5931801795959473
8266,5,5,0.4218326210975647
8267,0,0,0.6664800643920898
8268,5,5,0.2935263514518738
8269,8,0,0.8882855176925659
8270,6,6,0.8219009041786194
8271,3,3,0.7155277132987976
8272,9,1,0.7042527198791504
8273,6,6,0.5055581331253052
8274,6,0,0.5616601705551147
8275,3,7,0.31749191880226135
8276,9,0,0.6492601633071899
8277,4,7,0.5795248746871948
8278,8,8,0.6468504071235657
8279,3,3,0.43816283345222473
8280,4,3,0.29390501976013184
8281,3,5,0.6173647046089172
8282,1,1,0.5495713949203491
8283,1,0,0.34283751249313354
8284,2,2,0.49119019508361816
8285,9,9,0.9058147072792053
8286,7,4,0.22342471778392792
8287,8,8,0.6475346684455872
8288,5,5,0.8793555498123169
8289,5,7,0.516002357006073
8290,8,8,0.5869490504264832
8291,6,4,0.3513651192188263
8292,9,9,0.39345666766166687
8293,0,0,0.7544189691543579
8294,8,8,0.9940151572227478
8295,3,0,0.6011292934417725
8296,5,5,0.6786393523216248
8297,1,1,0.6664424538612366
8298,3,5,0.3296654522418976
8299,3,6,0.5661629438400269
8300,5,5,0.474528044462204
8301,5,4,0.749058723449707
8302,3,3,0.4762590527534485
8303,8,8,0.5193048715591431
8304,1,9,0.4703356623649597
8305,4,4,0.3057088851928711
8306,6,2,0.34371688961982727
8307,4,4,0.5041130781173706
8308,2,5,0.3115299642086029
8309,4,6,0.5866655707359314
8310,3,5,0.7458938956260681
8311,8,8,0.6614829301834106
8312,9,9,0.43552061915397644
8313,6,6,0.5794559121131897
8314,6,6,0.28672489523887634
8315,6,6,0.8023156523704529
8316,5,5,0.5290022492408752
8317,5,5,0.4272093176841736
8318,2,5,0.3302878737449646
8319,7,7,0.5618686676025391
8320,7,3,0.26637399196624756
8321,4,4,0.7483941912651062
8322,4,6,0.40114226937294006
8323,9,9,0.5010283589363098
8324,3,7,0.487491637468338
8325,8,8,0.8838237524032593
8326,3,3,0.26889467239379883
8327,7,7,0.3263033926486969
8328,7,7,0.6178470253944397
8329,8,8,0.7582867741584778
8330,5,5,0.9319029450416565
8331,3,2,0.3945799469947815
8332,9,9,0.6938571333885193
8333,1,4,0.23841625452041626
8334,6,6,0.2768824100494385
8335,7,5,0.46607646346092224
8336,3,3,0.47415822744369507
8337,3,3,0.40176376700401306
8338,3,4,0.2709669768810272
8339,8,8,0.964727520942688
8340,5,3,0.4942583441734314
8341,6,4,0.2034323513507843
8342,1,1,0.28359535336494446
8343,3,3,0.6875572204589844
8344,7,4,0.575045108795166
8345,9,9,0.8738421201705933
8346,6,3,0.4762408435344696
8347,1,5,0.43444517254829407
8348,6,6,0.491353839635849
8349,4,4,0.5075113773345947
8350,9,9,0.8078407049179077
8351,0,0,0.5716450214385986
8352,5,5,0.4621617794036865
8353,7,7,0.9854283928871155
8354,4,5,0.281268835067749
8355,9,9,0.9776597619056702
8356,1,1,0.9962401390075684
8357,0,0,0.2371392846107483
8358,0,0,0.8730775117874146
8359,2,2,0.2836536467075348
8360,7,7,0.49227002263069153
8361,8,8,0.44927898049354553
8362,3,5,0.317543625831604
8363,2,5,0.5450541377067566
8364,7,9,0.25208112597465515
8365,6,6,0.8798523545265198
8366,1,1,0.9911544322967529
8367,6,6,0.5216314792633057
8368,6,6,0.7440007328987122
8369,4,4,0.4368833303451538
8370,4,6,0.6245250105857849
8371,2,0,0.503230094909668
8372,1,8,0.47300758957862854
8373,8,8,0.9640485644340515
8374,4,4,0.5762907266616821
8375,4,6,0.306135356426239
8376,7,7,0.5035197734832764
8377,8,8,0.8517331480979919
8378,5,5,0.6069449186325073
8379,8,8,0.9980699419975281
8380,9,9,0.5904959440231323
8381,4,3,0.23822003602981567
8382,3,3,0.6914520859718323
8383,2,2,0.513068675994873
8384,2,2,0.4108797013759613
8385,9,1,0.9641287922859192
8386,3,4,0.17373201251029968
8387,0,0,0.48565027117729187
8388,1,1,0.6022728681564331
8389,1,1,0.7474371194839478
8390,1,1,0.5997334718704224
8391,1,1,0.9575693011283875
8392,6,6,0.3902849853038788
8393,8,8,0.9802923798561096
8394,7,7,0.5051629543304443
8395,1,9,0.509567141532898
8396,3,5,0.34865331649780273
8397,0,2,0.6606868505477905
8398,4,4,0.6560695767402649
8399,5,7,0.5320820808410645
8400,0,0,0.6626871228218079
8401,3,5,0.3246137797832489
8402,0,0,0.7293462157249451
8403,6,6,0.6581097841262817
8404,2,4,0.6033875942230225
8405,0,4,0.28617995977401733
8406,9,9,0.7713685035705566
8407,8,8,0.8517816662788391
8408,6,3,0.25619933009147644
8409,8,8,0.39736273884773254
8410,5,5,0.6661041378974915
8411,8,8,0.5306456685066223
8412,2,8,0.3321079909801483
8413,9,9,0.35532739758491516
8414,6,6,0.5765466094017029
8415,0,0,0.9182016849517822
8416,6,5,0.19870525598526
8417,1,9,0.8185442686080933
8418,8,8,0.8644291162490845
8419,7,2,0.4538388252258301
8420,3,5,0.2576862573623657
8421,2,2,0.31396085023880005
8422,2,9,0.18740566074848175
8423,6,6,0.8834102749824524
8424,5,3,0.4034867286682129
8425,6,2,0.4654928147792816
8426,9,9,0.9193964600563049
8427,2,0,0.3454199731349945
8428,5,5,0.5833188891410828
8429,4,4,0.794843316078186
8430,9,9,0.5610328912734985
8431,8,8,0.9801886081695557
8432,5,5,0.5938799977302551
8433,3,3,0.2772793173789978
8434,9,9,0.7185105085372925
8435,3,9,0.42726942896842957
8436,5,5,0.7470151782035828
8437,7,7,0.6836574077606201
8438,1,1,0.678218424320221
8439,8,8,0.974980890750885
8440,5,5,0.472839891910553
8441,8,8,0.9899740219116211
8442,6,6,0.8758594393730164
8443,2,7,0.3554268479347229
8444,5,5,0.4927430748939514
8445,1,0,0.3105987310409546
8446,3,3,0.47645214200019836
8447,0,0,0.35820457339286804
8448,4,3,0.32624924182891846
8449,1,1,0.37656623125076294
8450,9,9,0.40830084681510925
8451,5,2,0.29370760917663574
8452,4,4,0.5550529360771179
8453,9,1,0.4443729519844055
8454,2,0,0.29555684328079224
8455,1,1,0.734983503818512
8456,4,7,0.5457518100738525
8457,2,4,0.42926669120788574
8458,5,5,0.8993804454803467
8459,9,9,0.8900358080863953
8460,8,8,0.9526146054267883
8461,7,7,0.31699174642562866
8462,2,4,0.27342864871025085
8463,1,3,0.19275954365730286
8464,6,6,0.6489264965057373
8465,9,9,0.7346392273902893
8466,7,7,0.8263832330703735
8467,3,3,0.7954374551773071
8468,6,6,0.9036704301834106
8469,5,1,0.5299014449119568
8470,8,8,0.6839612126350403
8471,0,8,0.6766022443771362
8472,2,2,0.7884743809700012
8473,2,7,0.7718071341514587
8474,4,4,0.5026509761810303
8475,9,9,0.5042157173156738
8476,0,4,0.5954062342643738
8477,5,5,0.7591984272003174
8478,5,3,0.30185580253601074
8479,4,7,0.36504504084587097
8480,2,2,0.20695176720619202
8481,3,2,0.4953639507293701
8482,1,8,0.6246113777160645
8483,0,0,0.9232743978500366
8484,3,1,0.3893186151981354
8485,0,0,0.9718258380889893
8486,4,4,0.6579934358596802
8487,4,3,0.42372599244117737
8488,9,7,0.6163313388824463
8489,1,9,0.5992205739021301
8490,3,5,0.7543501853942871
8491,3,4,0.38886210322380066
8492,0,9,0.650091290473938
8493,2,5,0.5724098682403564
8494,1,5,0.2786395847797394
8495,1,1,0.4733651578426361
8496,0,0,0.7436631321907043
8497,4,7,0.504764974117279
8498,1,1,0.44288408756256104
8499,9,9,0.984184741973877
8500,4,4,0.7604170441627502
8501,8,8,0.8706724643707275
8502,1,9,0.5050527453422546
8503,1,1,0.6104687452316284
8504,1,1,0.7357330322265625
8505,5,5,0.39901286363601685
8506,9,9,0.8915426135063171
8507,8,8,0.8966348171234131
8508,1,9,0.6169409155845642
8509,6,9,0.6038126945495605
8510,7,7,0.9682348966598511
8511,2,3,0.2735401391983032
8512,9,9,0.5877454876899719
8513,9,9,0.9435504674911499
8514,7,4,0.2332915961742401
8515,8,8,0.9279987812042236
8516,8,4,0.5024581551551819
8517,1,1,0.8628260493278503
8518,9,0,0.3049319386482239
8519,7,7,0.43389731645584106
8520,8,8,0.5435242652893066
8521,9,8,0.45517802238464355
8522,1,1,0.8551289439201355
8523,6,6,0.9489961862564087
8524,6,3,0.4985809326171875
8525,3,5,0.3541845977306366
8526,3,7,0.7290290594100952
8527,1,1,0.6716386079788208
8528,3,2,0.29878121614456177
8529,0,8,0.649720311164856
8530,8,8,0.719528079032898
8531,8,8,0.9729048013687134
8532,3,0,0.2606412470340729
8533,6,4,0.33182772994041443
8534,6,6,0.956393301486969
8535,7,7,0.8958591222763062
8536,1,0,0.6605606079101562
8537,0,0,0.9888816475868225
8538,7,3,0.35617852210998535
8539,6,3,0.269109845161438
8540,4,4,0.591178297996521
8541,8,1,0.8932985067367554
8542,2,6,0.5493993163108826
8543,0,0,0.8635929822921753
8544,6,6,0.8034328818321228
8545,6,6,0.3530077338218689
8546,8,0,0.33998849987983704
8547,6,6,0.5992945432662964
8548,3,5,0.2519143223762512
8549,1,9,0.7457556128501892
8550,1,0,0.7899037003517151
8551,8,8,0.39831939339637756
8552,6,6,0.5607594847679138
8553,7,9,0.2808963358402252
8554,0,0,0.9190735816955566
8555,5,5,0.734745442867279
8556,4,4,0.530258059501648
8557,3,3,0.5037855505943298
8558,2,0,0.3045630156993866
8559,1,1,0.8602429032325745
8560,7,7,0.7981681227684021
8561,8,8,0.913573682308197
8562,2,4,0.3015681207180023
8563,0,0,0.24283769726753235
8564,1,1,0.7008938193321228
8565,7,7,0.8982580304145813
8566,4,0,0.6347205638885498
8567,8,8,0.9863281846046448
8568,7,7,0.9891296625137329
8569,6,3,0.5172144174575806
8570,6,6,0.4838617146015167
8571,7,7,0.8838035464286804
8572,0,8,0.517223060131073
8573,6,0,0.4067898094654083
8574,4,4,0.5207668542861938
8575,9,9,0.9939583539962769
8576,2,5,0.4966914653778076
8577,3,5,0.19173379242420197
8578,2,5,0.8133304119110107
8579,1,1,0.9629749059677124
8580,3,0,0.5218945145606995
8581,8,8,0.3518217206001282
8582,6,6,0.7389979958534241
8583,8,8,0.9049841165542603
8584,1,1,0.5163720846176147
8585,9,1,0.6227365136146545
8586,6,6,0.5297709703445435
8587,7,7,0.8058879971504211
8588,6,6,0.9203429222106934
8589,5,5,0.3963741958141327
8590,0,0,0.5945230722427368
8591,6,6,0.7319796085357666
8592,0,0,0.7101882100105286
8593,1,9,0.9320895075798035
8594,3,3,0.7674342393875122
8595,1,9,0.5238568186759949
8596,1,1,0.6844040155410767
8597,5,5,0.44861242175102234
8598,3,3,0.5666372776031494
8599,4,4,0.6318938732147217
8600,3,2,0.4566294848918915
8601,3,3,0.3666550815105438
8602,8,8,0.8983883857727051
8603,1,1,0.6219682097434998
8604,6,3,0.4205743670463562
8605,6,6,0.22518566250801086
8606,1,1,0.6263980269432068
8607,8,8,0.962898850440979
8608,8,8,0.4101901352405548
8609,6,6,0.7403101325035095
8610,2,5,0.463706910610199
8611,7,7,0.838976263999939
8612,4,4,0.6439605951309204
8613,6,6,0.4391252100467682
8614,8,8,0.5848621726036072
8615,9,9,0.9651936292648315
8616,3,5,0.2613757252693176
8617,3,4,0.5852283239364624
8618,5,3,0.5268033146858215
8619,5,5,0.5171229243278503
8620,3,3,0.17682231962680817
8621,1,1,0.9008462429046631
8622,4,4,0.7579002976417542
8623,1,1,0.6805699467658997
8624,9,9,0.44219663739204407
8625,5,5,0.7116991877555847
8626,1,3,0.31954553723335266
8627,7,7,0.8837299942970276
8628,7,5,0.36642786860466003
8629,7,5,0.271646648645401
8630,5,2,0.30786341428756714
8631,2,4,0.2677996754646301
8632,3,3,0.425986111164093
8633,3,2,0.5316876173019409
8634,6,5,0.3736744523048401
8635,6,6,0.7750890851020813
8636,6,5,0.38690832257270813
8637,4,4,0.35500797629356384
8638,0,8,0.5021972060203552
8639,7,7,0.47965288162231445
8640,1,1,0.916438102722168
8641,7,7,0.6368022561073303
8642,3,6,0.4858729839324951
8643,0,0,0.9252409338951111
8644,8,7,0.2712477147579193
8645,1,9,0.4187963008880615
8646,2,7,0.29370009899139404
8647,4,4,0.6971458196640015
8648,1,1,0.7809678912162781
8649,2,2,0.4085560739040375
8650,2,5,0.47472283244132996
8651,4,4,0.4008815288543701
8652,9,9,0.9259570837020874
8653,8,8,0.8727031946182251
8654,2,3,0.5462155342102051
8655,8,8,0.7136514186859131
8656,7,7,0.9172058701515198
8657,6,3,0.4458386301994324
8658,3,3,0.634623110294342
8659,4,0,0.6656054258346558
8660,7,5,0.6814556121826172
8661,2,0,0.5487157106399536
8662,3,5,0.38903501629829407
8663,1,9,0.7540541291236877
8664,5,5,0.5799242854118347
8665,3,7,0.5695292949676514
8666,0,0,0.5772900581359863
8667,4,7,0.48822295665740967
8668,3,9,0.178676575422287
8669,4,4,0.2842198610305786
8670,9,9,0.7562019228935242
8671,4,3,0.44212251901626587
8672,7,4,0.5190258622169495
8673,9,9,0.7075648903846741
8674,1,9,0.62587970495224
8675,7,7,0.9848673939704895
8676,8,0,0.775774359703064
8677,3,5,0.6727330684661865
8678,1,9,0.33886343240737915
8679,8,1,0.4837864339351654
8680,3,3,0.33375295996665955
8681,2,4,0.2521469295024872
8682,5,5,0.5004861950874329
8683,7,7,0.9224696755409241
8684,2,3,0.359632283449173
8685,7,7,0.6410535573959351
8686,9,9,0.856909990310669
8687,6,6,0.3413768410682678
8688,8,8,0.5196236371994019
8689,6,6,0.6150644421577454
8690,8,8,0.9230494499206543
8691,6,6,0.2961176633834839
8692,5,5,0.33309024572372437
8693,9,9,0.9724660515785217
8694,0,0,0.6834765672683716
8695,4,4,0.805603563785553
8696,8,8,0.4966598153114319
8697,5,5,0.8208779692649841
8698,6,4,0.5900852084159851
8699,4,5,0.503633975982666
8700,3,5,0.39831098914146423
8701,8,8,0.9902251362800598
8702,0,8,0.5381209850311279
8703,4,4,0.2973337471485138
8704,8,8,0.7356172800064087
8705,6,6,0.5776615142822266
8706,7,7,0.8106236457824707
8707,2,2,0.6374685168266296
8708,7,6,0.32895901799201965
8709,1,8,0.45256802439689636
8710,7,7,0.7225743532180786
8711,4,2,0.3369970917701721
8712,1,1,0.6283769011497498
8713,2,2,0.24388191103935242
8714,4,4,0.8287886381149292
8715,2,3,0.3371221721172333
8716,2,0,0.3445667326450348
8717,8,8,0.93031245470047
8718,7,7,0.9557175040245056
8719,2,2,0.42227500677108765
8720,2,0,0.8565897345542908
8721,6,6,0.408657968044281
8722,7,9,0.31937798857688904
8723,5,7,0.44077131152153015
8724,6,6,0.6313368678092957
8725,8,8,0.9507737159729004
8726,9,9,0.7100741863250732
8727,9,8,0.5989109873771667
8728,6,6,0.2267100214958191
8729,5,3,0.26076608896255493
8730,2,2,0.2625429034233093
8731,9,1,0.49028927087783813
8732,8,1,0.6149749159812927
8733,7,7,0.9408199787139893
8734,2,5,0.2844444513320923
8735,3,3,0.4844769537448883
8736,3,3,0.3012678027153015
8737,7,7,0.7968156337738037
8738,4,4,0.6731258034706116
8739,3,3,0.32498374581336975
8740,2,3,0.22708263993263245
8741,1,0,0.42883992195129395
8742,9,9,0.5387923717498779
8743,0,8,0.9513172507286072
8744,1,1,0.9311320781707764
8745,5,5,0.5435744524002075
8746,3,5,0.298512727022171
8747,2,2,0.8061891198158264
8748,6,6,0.42839333415031433
8749,5,9,0.28327101469039917
8750,9,3,0.30274733901023865
8751,1,5,0.4250478446483612
8752,5,2,0.48582392930984497
8753,4,7,0.3962053656578064
8754,3,3,0.8491681814193726
8755,6,6,0.656115710735321
8756,2,6,0.48091697692871094
8757,8,3,0.3078239858150482
8758,9,9,0.6078059077262878
8759,7,7,0.7453914880752563
8760,8,8,0.9168598055839539
8761,0,0,0.653170645236969
8762,8,8,0.8982643485069275
8763,9,9,0.8491157293319702
8764,1,1,0.6753634810447693
8765,2,8,0.20729970932006836
8766,5,5,0.6505938768386841
8767,7,7,0.3562338650226593
8768,2,5,0.3335415720939636
8769,0,0,0.9672342538833618
8770,6,5,0.4248703122138977
8771,6,6,0.7218689918518066
8772,1,1,0.9354086518287659
8773,6,4,0.4827418923377991
8774,3,3,0.20793034136295319
8775,1,0,0.6986260414123535
8776,5,5,0.708308219909668
8777,0,0,0.8966201543807983
8778,3,0,0.42967110872268677
8779,7,7,0.7320690751075745
8780,4,4,0.47029584646224976
8781,6,8,0.35410648584365845
8782,5,5,0.7183017134666443
8783,6,4,0.3948065936565399
8784,4,4,0.8989600539207458
8785,8,8,0.7676756978034973
8786,3,3,0.3280079960823059
8787,4,7,0.36860740184783936
8788,5,2,0.3178289532661438
8789,5,5,0.8263275623321533
8790,0,7,0.31133735179901123
8791,6,4,0.4746142327785492
8792,6,6,0.6713303923606873
8793,7,7,0.9387649297714233
8794,5,5,0.5915571451187134
8795,0,0,0.977664053440094
8796,9,9,0.9364843368530273
8797,9,9,0.7588170170783997
8798,6,6,0.8728089928627014
8799,1,1,0.47300535440444946
8800,0,0,0.9687895178794861
8801,4,5,0.2927685081958771
8802,6,6,0.9384980201721191
8803,3,5,0.20896679162979126
8804,6,0,0.2581526041030884
8805,9,9,0.9750072956085205
8806,3,3,0.4160957336425781
8807,6,6,0.9306259155273438
8808,6,6,0.7817135453224182
8809,8,5,0.3734179437160492
8810,2,7,0.3890065550804138
8811,1,7,0.4094884395599365
8812,0,0,0.8998270630836487
8813,1,9,0.38688546419143677
8814,9,9,0.986922562122345
8815,3,1,0.32673999667167664
8816,7,7,0.5929919481277466
8817,4,5,0.5467017889022827
8818,3,3,0.2533053457736969
8819,0,0,0.9838626980781555
8820,2,2,0.4940890371799469
8821,7,7,0.5877307057380676
8822,6,6,0.558738648891449
8823,4,7,0.6551811695098877
8824,3,3,0.46648845076560974
8825,0,1,0.42315661907196045
8826,8,8,0.8543071746826172
8827,2,2,0.7872990965843201
8828,0,3,0.28065773844718933
8829,0,0,0.9545781016349792
8830,9,9,0.9972195625305176
8831,6,4,0.4653525650501251
8832,6,6,0.3621015250682831
8833,6,3,0.2088422030210495
8834,8,8,0.8514725565910339
8835,7,7,0.29986628890037537
8836,4,4,0.5793015360832214
8837,1,1,0.48666954040527344
8838,8,8,0.9421076774597168
8839,1,9,0.59581059217453
8840,2,4,0.26554611325263977
8841,2,0,0.3184390664100647
8842,4,4,0.38121017813682556
8843,8,8,0.4120502769947052
8844,5,5,0.6204937100410461
8845,2,2,0.7553282976150513
8846,6,6,0.9042667746543884
8847,5,4,0.4072117209434509
8848,3,7,0.3703555464744568
8849,9,9,0.5813524723052979
8850,1,9,0.3011220395565033
8851,0,0,0.8416262269020081
8852,7,7,0.958014726638794
8853,2,4,0.3669956922531128
8854,4,8,0.6501919031143188
8855,4,4,0.36357155442237854
8856,0,0,0.8544623255729675
8857,0,0,0.5605056285858154
8858,6,4,0.3636884093284607
8859,2,4,0.6855255961418152
8860,2,2,0.46113747358322144
8861,4,4,0.18734189867973328
8862,0,0,0.5986901521682739
8863,5,4,0.5665140151977539
8864,9,9,0.9845017790794373
8865,7,7,0.9076061844825745
8866,1,1,0.4496345520019531
8867,8,8,0.9778463244438171
8868,4,7,0.7345932722091675
8869,5,5,0.5572272539138794
8870,5,5,0.5592615008354187
8871,9,9,0.7911424040794373
8872,8,7,0.4473155736923218
8873,5,5,0.7674341201782227
8874,7,5,0.3629954159259796
8875,8,1,0.5224951505661011
8876,0,9,0.40182095766067505
8877,9,1,0.5528745651245117
8878,8,8,0.9160361289978027
8879,9,9,0.9494472742080688
8880,1,1,0.9521552920341492
8881,6,6,0.5250831842422485
8882,3,5,0.27198922634124756
8883,8,8,0.63076251745224
8884,0,0,0.5277771949768066
8885,3,3,0.6515772342681885
8886,4,5,0.46792200207710266
8887,4,4,0.7006558179855347
8888,8,8,0.9732491970062256
8889,4,4,0.7572041749954224
8890,8,8,0.9548692107200623
8891,9,9,0.8911559581756592
8892,8,8,0.5941470265388489
8893,6,6,0.7359008193016052
8894,0,0,0.45546412467956543
8895,0,0,0.9156384468078613
8896,8,9,0.28396880626678467
8897,2,4,0.46543657779693604
8898,7,9,0.3483598232269287
8899,4,4,0.5907254815101624
8900,2,4,0.47653576731681824
8901,5,7,0.7053037285804749
8902,6,6,0.5596237778663635
8903,0,8,0.5749621987342834
8904,5,5,0.31189024448394775
8905,8,8,0.9078901410102844
8906,4,2,0.4509749114513397
8907,1,1,0.7238505482673645
8908,9,9,0.5017200112342834
8909,0,0,0.9989861845970154
8910,1,1,0.9469784498214722
8911,4,4,0.3221447467803955
8912,4,7,0.3607446253299713
8913,8,8,0.6090955138206482
8914,4,4,0.6268064379692078
8915,9,9,0.4879038631916046
8916,6,6,0.34123677015304565
8917,0,0,0.4898681044578552
8918,7,0,0.7542707920074463
8919,7,7,0.812694787979126
8920,6,6,0.8243354558944702
8921,8,0,0.6151529550552368
8922,9,9,0.8155661821365356
8923,6,2,0.2605372965335846
8924,2,2,0.9208523631095886
8925,0,0,0.7403520345687866
8926,4,4,0.8315612077713013
8927,9,9,0.9267245531082153
8928,4,8,0.42997875809669495
8929,9,9,0.801447868347168
8930,3,3,0.3784794807434082
8931,9,9,0.9917170405387878
8932,6,2,0.7698801755905151
8933,6,9,0.23069821298122406
8934,7,5,0.4207020103931427
8935,0,0,0.9291003346443176
8936,9,3,0.21622808277606964
8937,7,2,0.2275022566318512
8938,1,8,0.43874529004096985
8939,8,3,0.20490707457065582
8940,6,3,0.41645291447639465
8941,0,0,0.5416913628578186
8942,6,6,0.37036335468292236
8943,7,7,0.2750755548477173
8944,4,7,0.745001494884491
8945,1,1,0.8268519043922424
8946,9,9,0.6965281963348389
8947,4,4,0.5893486142158508
8948,6,6,0.56952965259552
8949,7,9,0.3984375298023224
8950,9,9,0.729949951171875
8951,8,8,0.999408483505249
8952,3,6,0.8084743022918701
8953,9,9,0.8706943392753601
8954,2,4,0.6622788906097412
8955,1,1,0.7406309843063354
8956,2,9,0.2883132994174957
8957,7,5,0.22258271276950836
8958,6,4,0.5888586044311523
8959,1,1,0.5307021141052246
8960,0,0,0.7276822328567505
8961,0,0,0.5165349245071411
8962,5,7,0.27794376015663147
8963,6,6,0.7981410026550293
8964,0,8,0.8502328395843506
8965,4,4,0.5515349507331848
8966,3,3,0.5338705778121948
8967,2,2,0.17536649107933044
8968,8,8,0.7151134014129639
8969,8,8,0.9902798533439636
8970,0,0,0.7526941895484924
8971,6,6,0.855710506439209
8972,9,2,0.4016420245170593
8973,5,5,0.8267576694488525
8974,2,2,0.6703083515167236
8975,8,8,0.9975040555000305
8976,7,7,0.6580221652984619
8977,0,8,0.2773348391056061
8978,6,6,0.7619621753692627
8979,5,5,0.6540820598602295
8980,9,9,0.9071343541145325
8981,7,4,0.8609725832939148
8982,2,4,0.3118441700935364
8983,3,4,0.3124501407146454
8984,6,6,0.9758029580116272
8985,9,0,0.5783786773681641
8986,6,6,0.6533054709434509
8987,2,5,0.557027280330658
8988,2,2,0.8117448091506958
8989,4,4,0.3705926537513733
8990,1,1,0.9678759574890137
8991,0,0,0.6261227130889893
8992,5,5,0.7218847870826721
8993,0,9,0.6969130039215088
8994,8,8,0.9527566432952881
8995,9,9,0.8427119851112366
8996,3,7,0.33587974309921265
8997,5,3,0.2864047884941101
8998,9,9,0.9920342564582825
8999,3,3,0.5891552567481995
9000,8,8,0.903985321521759
9001,1,1,0.9105819463729858
9002,6,3,0.42948752641677856
9003,3,3,0.540344774723053
9004,7,7,0.7220460176467896
9005,5,5,0.5994784832000732
9006,6,6,0.4720838963985443
9007,2,5,0.3714858293533325
9008,0,0,0.8510591983795166
9009,2,6,0.2873131036758423
9010,8,8,0.43533429503440857
9011,2,4,0.3318033814430237
9012,8,9,0.3840944766998291
9013,7,7,0.5485347509384155
9014,7,7,0.39848586916923523
9015,8,8,0.736582338809967
9016,1,1,0.46124595403671265
9017,0,0,0.5483413934707642
9018,8,3,0.2682304084300995
9019,9,9,0.6236972212791443
9020,7,7,0.661126434803009
9021,0,0,0.31936562061309814
9022,3,3,0.6838820576667786
9023,8,8,0.7780748009681702
9024,0,0,0.8178627490997314
9025,5,5,0.6065912246704102
9026,9,0,0.587308406829834
9027,5,2,0.2744200527667999
9028,8,8,0.6729221940040588
9029,4,7,0.6002888083457947
9030,2,8,0.3633213937282562
9031,0,0,0.5321033596992493
9032,9,9,0.6742700338363647
9033,2,5,0.4098100960254669
9034,2,4,0.7986974716186523
9035,4,7,0.3708842694759369
9036,4,7,0.4070744812488556
9037,9,9,0.9399867057800293
9038,2,4,0.432110995054245
9039,2,2,0.27262505888938904
9040,2,5,0.7088453769683838
9041,5,3,0.3802917003631592
9042,1,1,0.7111092209815979
9043,3,3,0.4050559401512146
9044,2,6,0.3491973876953125
9045,0,0,0.8973288536071777
9046,0,0,0.4509187340736389
9047,4,0,0.2721688151359558
9048,0,9,0.809378981590271
9049,6,6,0.5052237510681152
9050,5,7,0.285824716091156
9051,8,8,0.9703951478004456
9052,0,0,0.7830975651741028
9053,5,5,0.7197169661521912
9054,8,8,0.6796459555625916
9055,6,6,0.9397252798080444
9056,4,5,0.31293320655822754
9057,8,3,0.3325294554233551
9058,5,5,0.5752781629562378
9059,2,5,0.4046792685985565
9060,9,9,0.7579006552696228
9061,7,7,0.926629364490509
9062,9,9,0.6045061945915222
9063,7,7,0.9955160021781921
9064,1,9,0.7795128226280212
9065,0,0,0.5226858258247375
9066,1,1,0.5641768574714661
9067,9,1,0.6169173717498779
9068,6,6,0.2657877206802368
9069,9,9,0.5909416079521179
9070,2,4,0.45997413992881775
9071,7,3,0.32346615195274353
9072,9,9,0.884867250919342
9073,4,6,0.2827572524547577
9074,4,4,0.5840910077095032
9075,0,0,0.940132200717926
9076,6,6,0.5795499086380005
9077,2,6,0.25041308999061584
9078,4,7,0.459116667509079
9079,1,8,0.6398072242736816
9080,3,5,0.45508527755737305
9081,7,7,0.9181725382804871
9082,2,3,0.4968748688697815
9083,8,8,0.3203572928905487
9084,5,5,0.5632069706916809
9085,9,1,0.6549573540687561
9086,0,0,0.9836024045944214
9087,3,5,0.2715599238872528
9088,2,3,0.56196528673172
9089,3,3,0.7840671539306641
9090,2,4,0.5549833178520203
9091,7,7,0.9759101271629333
9092,6,4,0.3269112706184387
9093,3,3,0.3793342709541321
9094,2,2,0.3086211383342743
9095,5,5,0.6250419020652771
9096,9,9,0.9515807628631592
9097,0,0,0.841673731803894
9098,5,5,0.4466624855995178
9099,9,9,0.8160156011581421
9100,9,9,0.5190621018409729
9101,8,8,0.9801258444786072
9102,7,7,0.678743839263916
9103,7,7,0.5591556429862976
9104,4,4,0.8144357800483704
9105,8,8,0.5516166687011719
9106,6,6,0.6704389452934265
9107,5,8,0.6844582557678223
9108,2,2,0.8099707365036011
9109,3,3,0.5118257403373718
9110,1,1,0.8918160200119019
9111,0,0,0.9975754618644714
9112,4,4,0.7441576719284058
9113,1,1,0.44639649987220764
9114,8,0,0.28906697034835815
9115,8,0,0.515071451663971
9116,4,2,0.6995666027069092
9117,9,9,0.6583952307701111
9118,4,3,0.4094434082508087
9119,4,4,0.5200073719024658
9120,3,5,0.5063271522521973
9121,3,3,0.5613182783126831
9122,9,5,0.38590413331985474
9123,2,2,0.4665866196155548
9124,0,0,0.9467839598655701
9125,1,1,0.8654668927192688
9126,1,0,0.45981231331825256
9127,8,8,0.41298288106918335
9128,4,2,0.4272858500480652
9129,4,2,0.3877551257610321
9130,8,8,0.6774182319641113
9131,3,5,0.29093632102012634
9132,2,3,0.34343767166137695
9133,9,8,0.5542275309562683
9134,5,5,0.4644794166088104
9135,7,7,0.8135581612586975
9136,6,6,0.9634616374969482
9137,2,4,0.38896816968917847
9138,5,5,0.9044615030288696
9139,4,4,0.4343142509460449
9140,7,7,0.42428454756736755
9141,3,3,0.724112868309021
9142,3,3,0.3340604603290558
9143,9,0,0.3654782176017761
9144,0,8,0.7178662419319153
9145,1,9,0.6055119633674622
9146,5,5,0.9132415056228638
9147,9,9,0.2907573878765106
9148,3,5,0.7020663619041443
9149,7,9,0.7712192535400391
9150,6,6,0.915692925453186
9151,0,0,0.9589376449584961
9152,4,4,0.3853958249092102
9153,2,0,0.6331148147583008
9154,2,2,0.5213146805763245
9155,5,5,0.8561311960220337
9156,6,6,0.8515284061431885
9157,3,3,0.46183428168296814
9158,8,8,0.6418255567550659
9159,9,9,0.8434333801269531
9160,5,3,0.45337292551994324
9161,6,6,0.8975265622138977
9162,1,8,0.5139172673225403
9163,4,4,0.4787997603416443
9164,5,5,0.46866706013679504
9165,4,0,0.8654758334159851
9166,6,6,0.8064019680023193
9167,7,7,0.7507933974266052
9168,2,2,0.7615638375282288
9169,1,8,0.7061821222305298
9170,0,9,0.6880308389663696
9171,2,5,0.3787819743156433
9172,0,0,0.5988404750823975
9173,4,7,0.2505141496658325
9174,9,9,0.6964772939682007
9175,8,8,0.9834765195846558
9176,8,8,0.695172905921936
9177,9,1,0.7367486953735352
9178,1,1,0.9252253174781799
9179,1,1,0.947413980960846
9180,5,5,0.7386077642440796
9181,0,0,0.9677113890647888
9182,0,0,0.9588305354118347
9183,8,8,0.8402301073074341
9184,7,7,0.7324054837226868
9185,1,1,0.28164491057395935
9186,7,7,0.8407966494560242
9187,4,4,0.4838816523551941
9188,5,5,0.3357752561569214
9189,4,2,0.29283446073532104
9190,3,2,0.31164035201072693
9191,3,5,0.36496344208717346
9192,2,4,0.3765049874782562
9193,0,0,0.4370410144329071
9194,6,6,0.9630439877510071
9195,6,6,0.795369565486908
9196,0,0,0.9412845373153687
9197,1,1,0.8892906308174133
9198,3,3,0.29610931873321533
9199,9,9,0.849929928779602
9200,8,8,0.9379311800003052
9201,3,3,0.5061697959899902
9202,7,7,0.9941987991333008
9203,8,8,0.9829214215278625
9204,9,8,0.8018577098846436
9205,4,4,0.5979094505310059
9206,8,8,0.8408050537109375
9207,9,9,0.9276912212371826
9208,0,8,0.5568599700927734
9209,9,1,0.696412980556488
9210,7,7,0.7965297102928162
9211,1,1,0.7114883661270142
9212,6,6,0.9055525660514832
9213,2,7,0.7092454433441162
9214,9,9,0.4883795380592346
9215,5,3,0.4997961223125458
9216,6,4,0.1745929718017578
9217,9,0,0.5772372484207153
9218,3,5,0.41589418053627014
9219,9,9,0.6654330492019653
9220,8,8,0.8177769780158997
9221,7,7,0.6150419116020203
9222,7,7,0.5233694314956665
9223,1,1,0.5119413137435913
9224,6,6,0.5328501462936401
9225,5,3,0.26301828026771545
9226,3,3,0.7005078196525574
9227,1,9,0.48118096590042114
9228,3,3,0.7839127779006958
9229,1,2,0.2927473187446594
9230,2,4,0.3223644495010376
9231,7,2,0.25365927815437317
9232,1,1,0.8880529999732971
9233,8,8,0.8456557393074036
9234,2,2,0.7502740025520325
9235,0,0,0.8734917640686035
9236,9,9,0.9826847910881042
9237,7,3,0.4789055287837982
9238,9,9,0.9518367648124695
9239,8,8,0.9906213283538818
9240,8,8,0.8753264546394348
9241,6,6,0.9104311466217041
9242,7,7,0.4570513367652893
9243,3,5,0.7191162705421448
9244,7,7,0.9136380553245544
9245,1,1,0.81462562084198
9246,3,7,0.3959425389766693
9247,9,9,0.9882623553276062
9248,0,0,0.38896772265434265
9249,9,9,0.9913976192474365
9250,3,3,0.3412764370441437
9251,6,6,0.8195725083351135
9252,7,4,0.37308749556541443
9253,2,0,0.6823301315307617
9254,7,5,0.5303475260734558
9255,3,3,0.7800449728965759
9256,0,0,0.9946957230567932
9257,5,5,0.579612672328949
9258,9,9,0.9640393853187561
9259,7,7,0.891209065914154
9260,5,5,0.690743088722229
9261,5,5,0.8274730443954468
9262,0,3,0.3247532844543457
9263,6,6,0.6559923887252808
9264,5,5,0.7175483107566833
9265,1,8,0.8299217224121094
9266,8,0,0.49263596534729004
9267,2,1,0.42990756034851074
9268,7,3,0.27175962924957275
9269,5,3,0.692539393901825
9270,9,9,0.6078289747238159
9271,0,0,0.6857215762138367
9272,0,0,0.9481334686279297
9273,0,5,0.25748756527900696
9274,8,8,0.7785329818725586
9275,8,8,0.9470220804214478
9276,7,7,0.7161893844604492
9277,3,3,0.5376204252243042
9278,7,7,0.8860220909118652
9279,8,8,0.9511407017707825
9280,9,0,0.3904394507408142
9281,3,0,0.6734707951545715
9282,7,2,0.4046909511089325
9283,9,9,0.9234253168106079
9284,7,7,0.9926827549934387
9285,8,8,0.9988873600959778
9286,7,7,0.9508762955665588
9287,9,9,0.9638614058494568
9288,8,3,0.3101085126399994
9289,5,5,0.6113913655281067
9290,4,4,0.7568828463554382
9291,8,9,0.3651074469089508
9292,3,7,0.3597787320613861
9293,7,7,0.8404192924499512
9294,6,3,0.34749874472618103
9295,3,5,0.566604495048523
9296,8,8,0.41474658250808716
9297,2,2,0.3871501684188843
9298,1,8,0.3207089900970459
9299,9,9,0.2864416241645813
9300,5,6,0.3006305396556854
9301,7,5,0.69629967212677
9302,3,8,0.2589215040206909
9303,9,1,0.5226846933364868
9304,5,5,0.7464114427566528
9305,5,7,0.5887842178344727
9306,8,8,0.4208087921142578
9307,7,7,0.6321945786476135
9308,3,3,0.537358283996582
9309,5,6,0.4114852845668793
9310,3,3,0.35871148109436035
9311,5,5,0.32696861028671265
9312,9,9,0.8867580890655518
9313,7,7,0.37843385338783264
9314,6,6,0.7379156351089478
9315,7,7,0.7286695837974548
9316,3,5,0.32231366634368896
9317,6,3,0.39747127890586853
9318,4,4,0.6387407183647156
9319,3,5,0.44050896167755127
9320,9,9,0.7304719090461731
9321,4,4,0.8038234710693359
9322,2,0,0.2950434982776642
9323,1,1,0.9080773591995239
9324,9,9,0.6404229402542114
9325,6,6,0.610490620136261
9326,0,0,0.9534142017364502
9327,2,3,0.375488817691803
9328,6,3,0.6193281412124634
9329,7,7,0.9789499044418335
9330,4,4,0.7325296998023987
9331,7,7,0.5738619565963745
9332,9,9,0.9678041338920593
9333,0,0,0.6863256692886353
9334,7,7,0.7608829140663147
9335,4,4,0.5852672457695007
9336,3,5,0.48309525847435
9337,5,4,0.20897787809371948
9338,3,6,0.3960679769515991
9339,1,1,0.43310293555259705
9340,1,1,0.9802767038345337
9341,2,3,0.38001421093940735
9342,6,6,0.5925933718681335
9343,8,8,0.6944264769554138
9344,2,5,0.33905312418937683
9345,1,1,0.5392650365829468
9346,7,5,0.36402618885040283
9347,8,8,0.815521776676178
9348,5,5,0.33063802123069763
9349,9,8,0.8148237466812134
9350,6,4,0.33722248673439026
9351,1,1,0.7345215678215027
9352,1,1,0.9618009924888611
9353,5,8,0.20829324424266815
9354,0,0,0.9829142689704895
9355,6,8,0.3217688202857971
9356,0,0,0.7235334515571594
9357,9,9,0.8736318945884705
9358,2,8,0.6255553364753723
9359,6,2,0.4323728680610657
9360,5,0,0.2639599144458771
9361,8,0,0.5875140428543091
9362,9,9,0.758469820022583
9363,5,5,0.2898566424846649
9364,5,5,0.8259121775627136
9365,6,6,0.6916009783744812
9366,2,2,0.5879050493240356
9367,9,9,0.9697568416595459
9368,1,1,0.4991205930709839
9369,5,8,0.46946531534194946
9370,8,5,0.3139725923538208
9371,8,0,0.8194587826728821
9372,7,7,0.9108350872993469
9373,1,1,0.9359571933746338
9374,7,4,0.6074134111404419
9375,3,4,0.4070201814174652
9376,5,5,0.3373018205165863
9377,4,7,0.6277533769607544
9378,9,9,0.5648583769798279
9379,7,7,0.9725115895271301
9380,5,5,0.6809243559837341
9381,2,5,0.49476727843284607
9382,9,9,0.8484126329421997
9383,9,9,0.38801077008247375
9384,4,4,0.5643974542617798
9385,7,3,0.38198745250701904
9386,4,2,0.6258804202079773
9387,1,1,0.8260320425033569
9388,3,3,0.5631113052368164
9389,8,8,0.9288707971572876
9390,7,7,0.8877698183059692
9391,9,9,0.9197529554367065
9392,0,3,0.43568700551986694
9393,4,3,0.45242565870285034
9394,5,5,0.3327641189098358
9395,7,7,0.8043894171714783
9396,5,2,0.5064035058021545
9397,2,2,0.40465787053108215
9398,8,1,0.533306360244751
9399,7,7,0.9866385459899902
9400,6,6,0.9822177290916443
9401,9,9,0.6577685475349426
9402,6,6,0.24121013283729553
9403,9,9,0.7862546443939209
9404,3,2,0.24582915008068085
9405,8,8,0.9736063480377197
9406,5,5,0.4539359211921692
9407,6,6,0.6877181529998779
9408,6,6,0.6253300309181213
9409,9,9,0.8642803430557251
9410,5,5,0.8794883489608765
9411,7,7,0.9196991324424744
9412,8,8,0.9840500950813293
9413,0,0,0.9239803552627563
9414,5,3,0.5311735272407532
9415,0,1,0.6795304417610168
9416,7,7,0.7605663537979126
9417,4,3,0.24584689736366272
9418,8,1,0.49565839767456055
9419,2,2,0.8666401505470276
9420,5,3,0.20907534658908844
9421,1,1,0.4265304207801819
9422,3,5,0.6880744695663452
9423,2,4,0.6304046511650085
9424,2,2,0.5000868439674377
9425,6,6,0.7420113682746887
9426,2,4,0.42979535460472107
9427,1,1,0.8468716144561768
9428,7,5,0.29178422689437866
9429,4,7,0.26593855023384094
9430,6,4,0.49317899346351624
9431,3,5,0.5254358649253845
9432,1,1,0.5714552998542786
9433,3,5,0.5037106871604919
9434,7,7,0.37720099091529846
9435,2,7,0.41511091589927673
9436,1,3,0.2647055685520172
9437,3,7,0.5415926575660706
9438,7,7,0.7853285670280457
9439,0,0,0.8132343888282776
9440,8,9,0.45845431089401245
9441,4,4,0.4431767463684082
9442,4,7,0.5688751935958862
9443,5,2,0.5615488290786743
9444,7,7,0.6383767127990723
9445,9,7,0.3590528070926666
9446,5,3,0.5810352563858032
9447,4,4,0.46487072110176086
9448,3,4,0.24866938591003418
9449,9,0,0.5776775479316711
9450,6,6,0.47604846954345703
9451,8,8,0.9539344906806946
9452,2,0,0.3651060163974762
9453,3,3,0.4208813011646271
9454,3,5,0.3949107229709625
9455,1,1,0.8359523415565491
9456,6,6,0.848386287689209
9457,1,1,0.5105539560317993
9458,7,7,0.9889053106307983
9459,0,0,0.5197131633758545
9460,3,3,0.26703330874443054
9461,4,7,0.27480602264404297
9462,2,0,0.5187366604804993
9463,9,8,0.4635986089706421
9464,4,4,0.39260268211364746
9465,5,7,0.5519418716430664
9466,8,8,0.6868433356285095
9467,2,9,0.26037371158599854
9468,7,7,0.5004456639289856
9469,0,0,0.9786016941070557
9470,9,9,0.9810356497764587
9471,6,7,0.43686971068382263
9472,8,8,0.79741370677948
9473,0,0,0.7386173605918884
9474,8,8,0.9304198622703552
9475,2,4,0.5155859589576721
9476,8,8,0.974524199962616
9477,5,5,0.8805826306343079
9478,7,7,0.9716355800628662
9479,7,7,0.92138671875
9480,2,2,0.7603769302368164
9481,2,5,0.3356318771839142
9482,0,0,0.8109303116798401
9483,0,8,0.6218169331550598
9484,0,9,0.9022446870803833
9485,7,7,0.8028643727302551
9486,4,7,0.44127506017684937
9487,1,1,0.9109792113304138
9488,6,3,0.7395377159118652
9489,6,6,0.9799696803092957
9490,8,8,0.3602803349494934
9491,8,4,0.24512718617916107
9492,9,9,0.8249344825744629
9493,0,0,0.5377978086471558
9494,9,9,0.8640223145484924
9495,0,0,0.8840159773826599
9496,1,1,0.9837659597396851
9497,3,2,0.306242436170578
9498,3,6,0.38745132088661194
9499,0,0,0.7415204048156738
9500,9,9,0.44031137228012085
9501,6,2,0.3010907769203186
9502,6,6,0.9589838981628418
9503,2,6,0.4894658029079437
9504,6,6,0.9401143193244934
9505,3,4,0.37674927711486816
9506,4,7,0.3229464888572693
9507,0,0,0.6935250163078308
9508,8,8,0.8883383870124817
9509,4,5,0.3752759099006653
9510,1,1,0.4643540680408478
9511,4,4,0.7599893808364868
9512,0,0,0.7571770548820496
9513,6,4,0.33854940533638
9514,5,4,0.5099490284919739
9515,0,9,0.6519361138343811
9516,9,9,0.9917043447494507
9517,9,1,0.5715692043304443
9518,9,1,0.7966067790985107
9519,9,9,0.8812919855117798
9520,1,9,0.6934887766838074
9521,2,2,0.1839340180158615
9522,3,4,0.36309656500816345
9523,5,5,0.6604769229888916
9524,4,4,0.26700541377067566
9525,2,2,0.6858432292938232
9526,9,8,0.43219903111457825
9527,6,3,0.5138455033302307
9528,0,0,0.5441733002662659
9529,9,0,0.4196555018424988
9530,6,6,0.962069034576416
9531,6,6,0.8870641589164734
9532,8,8,0.9199883341789246
9533,0,0,0.4597914516925812
9534,6,6,0.5046327114105225
9535,1,9,0.44240763783454895
9536,4,8,0.3713095784187317
9537,6,6,0.9674042463302612
9538,8,9,0.6026093363761902
9539,0,0,0.6355107426643372
9540,5,5,0.6927530765533447
9541,4,7,0.7462825179100037
9542,1,1,0.5749973654747009
9543,2,2,0.44521620869636536
9544,0,0,0.8329177498817444
9545,9,9,0.9904758334159851
9546,6,6,0.9447264671325684
9547,4,4,0.7920351028442383
9548,2,3,0.5167529582977295
9549,4,7,0.4043145775794983
9550,6,6,0.9328763484954834
9551,5,2,0.3684711456298828
9552,9,9,0.9515066146850586
9553,7,7,0.7424635887145996
9554,7,7,0.9864588379859924
9555,4,8,0.23384928703308105
9556,6,2,0.35397419333457947
9557,5,5,0.5261152982711792
9558,0,0,0.929762065410614
9559,1,9,0.8923450112342834
9560,9,7,0.582229495048523
9561,0,0,0.5023699998855591
9562,3,3,0.7732077836990356
9563,1,9,0.9335488080978394
9564,9,9,0.9956163167953491
9565,0,0,0.9927958846092224
9566,9,9,0.9519808888435364
9567,7,2,0.2639632523059845
9568,8,8,0.7583341598510742
9569,6,6,0.5545417070388794
9570,7,7,0.944290041923523
9571,6,6,0.5305940508842468
9572,8,8,0.9903632998466492
9573,2,7,0.31424105167388916
9574,4,4,0.8939927220344543
9575,5,5,0.5702937841415405
9576,3,0,0.30332207679748535
9577,0,0,0.9773474335670471
9578,3,7,0.37819480895996094
9579,2,2,0.5238194465637207
9580,1,1,0.7596682906150818
9581,7,7,0.9776351451873779
9582,5,5,0.7634981870651245
9583,9,0,0.5672366619110107
9584,3,3,0.5899214148521423
9585,4,7,0.5367743372917175
9586,5,5,0.4632348120212555
9587,7,7,0.7265461683273315
9588,1,1,0.8997154831886292
9589,5,5,0.9484226703643799
9590,0,0,0.37172412872314453
9591,1,9,0.7035855650901794
9592,1,1,0.971659779548645
9593,1,7,0.32370230555534363
9594,9,0,0.4183740019798279
9595,7,7,0.9534809589385986
9596,5,5,0.3847615718841553
9597,4,4,0.5368327498435974
9598,9,9,0.5601425766944885
9599,7,7,0.9574516415596008
9600,8,8,0.9726427793502808
9601,1,7,0.44261959195137024
9602,0,8,0.6244245171546936
9603,2,7,0.46990975737571716
9604,8,8,0.39425361156463623
9605,5,7,0.6614601016044617
9606,6,9,0.2858651280403137
9607,7,7,0.679591953754425
9608,0,0,0.8761571645736694
9609,1,6,0.3165883421897888
9610,4,0,0.278240829706192
9611,8,8,0.9814255237579346
9612,4,4,0.2515068054199219
9613,4,4,0.8312699794769287
9614,6,6,0.9662910103797913
9615,6,6,0.9236592054367065
9616,5,4,0.32590383291244507
9617,8,8,0.23461070656776428
9618,1,1,0.974563479423523
9619,8,8,0.9904778003692627
9620,4,7,0.5933921933174133
9621,6,6,0.6002689003944397
9622,5,7,0.33773964643478394
9623,9,9,0.9407219886779785
9624,2,2,0.3711059093475342
9625,2,2,0.6945675611495972
9626,1,1,0.9224104285240173
9627,4,4,0.579831063747406
9628,9,9,0.9776870012283325
9629,1,1,0.6974624395370483
9630,6,5,0.5156935453414917
9631,7,7,0.24785055220127106
9632,2,2,0.8572176694869995
9633,0,0,0.8661983609199524
9634,1,1,0.9332923293113708
9635,7,4,0.3048032224178314
9636,6,6,0.5565948486328125
9637,5,3,0.24101552367210388
9638,2,2,0.7389656901359558
9639,2,2,0.7532734870910645
9640,5,2,0.4176998734474182
9641,6,3,0.3276368975639343
9642,0,0,0.911888599395752
9643,9,0,0.7770752906799316
9644,0,9,0.6653696298599243
9645,1,1,0.9380661845207214
9646,5,7,0.5972235798835754
9647,3,1,0.4580114483833313
9648,3,3,0.43667078018188477
9649,5,3,0.46437153220176697
9650,8,8,0.9920709729194641
9651,7,7,0.9744808673858643
9652,5,3,0.2421373724937439
9653,6,6,0.8602398037910461
9654,5,7,0.6613717675209045
9655,8,8,0.9606696963310242
9656,0,0,0.5089988708496094
9657,5,3,0.6190977692604065
9658,9,9,0.6289998888969421
9659,4,6,0.27389439940452576
9660,6,6,0.36712735891342163
9661,5,5,0.5429701209068298
9662,1,1,0.5029144287109375
9663,1,1,0.659930408000946
9664,0,0,0.6021248698234558
9665,3,5,0.6760698556900024
9666,3,3,0.36921969056129456
9667,9,9,0.9768881797790527
9668,4,7,0.9091666340827942
9669,8,8,0.950667679309845
9670,1,9,0.35187822580337524
9671,7,7,0.9327260851860046
9672,7,7,0.9767147898674011
9673,9,8,0.36704543232917786
9674,9,9,0.9764285683631897
9675,4,7,0.8117255568504333
9676,3,5,0.3828410506248474
9677,6,6,0.7025925517082214
9678,3,2,0.37710800766944885
9679,2,5,0.7975365519523621
9680,8,8,0.739362359046936
9681,2,3,0.26261985301971436
9682,7,7,0.6034356951713562
9683,6,3,0.28483012318611145
9684,7,7,0.9780565500259399
9685,0,0,0.6566994190216064
9686,2,5,0.523052990436554
9687,1,1,0.5434757471084595
9688,2,2,0.7998247742652893
9689,9,9,0.5205819010734558
9690,4,2,0.5602202415466309
9691,6,3,0.24276335537433624
9692,9,1,0.4567188322544098
9693,6,3,0.4424070715904236
9694,1,6,0.3070097267627716
9695,0,0,0.893086314201355
9696,1,1,0.5241021513938904
9697,8,8,0.7957808971405029
9698,7,7,0.9946845173835754
9699,0,9,0.8397515416145325
9700,0,0,0.9231518507003784
9701,4,4,0.40064579248428345
9702,7,7,0.9941596984863281
9703,4,4,0.35228395462036133
9704,2,5,0.4198424220085144
9705,6,6,0.3403337001800537
9706,9,9,0.37151986360549927
9707,5,7,0.5382717251777649
9708,9,9,0.7737756371498108
9709,0,0,0.3173639178276062
9710,7,7,0.4489153325557709
9711,4,4,0.7431605458259583
9712,5,5,0.4775633215904236
9713,8,8,0.9946634769439697
9714,1,1,0.8999357223510742
9715,4,3,0.4415290951728821
9716,7,5,0.2961989641189575
9717,9,9,0.7122894525527954
9718,9,9,0.5550364851951599
9719,8,8,0.9662086367607117
9720,8,9,0.5031795501708984
9721,6,3,0.2055395394563675
9722,3,3,0.5431157946586609
9723,7,7,0.8254586458206177
9724,0,0,0.9197816252708435
9725,8,8,0.9698113203048706
9726,9,9,0.8265275955200195
9727,6,0,0.6969189643859863
9728,2,2,0.30835795402526855
9729,4,6,0.46393883228302
9730,6,6,0.7117389440536499
9731,2,2,0.5378380417823792
9732,9,9,0.5526832938194275
9733,7,7,0.8769095540046692
9734,4,4,0.375088095664978
9735,6,8,0.28031668066978455
9736,8,8,0.7053120136260986
9737,5,7,0.5526939034461975
9738,6,4,0.4124058485031128
9739,1,1,0.8897817730903625
9740,3,6,0.7738001942634583
9741,5,5,0.36687663197517395
9742,9,9,0.847707211971283
9743,9,1,0.9436224102973938
9744,1,9,0.970355212688446
9745,3,3,0.6902983784675598
9746,2,0,0.9827778935432434
9747,0,8,0.7288883924484253
9748,3,3,0.328141450881958
9749,0,8,0.5395075678825378
9750,2,4,0.2939850986003876
9751,0,8,0.34899023175239563
9752,7,7,0.7898641228675842
9753,3,3,0.4623669981956482
9754,9,9,0.6779623031616211
9755,3,5,0.33370789885520935
9756,5,4,0.3577370047569275
9757,7,7,0.4936726987361908
9758,6,6,0.7454560995101929
9759,5,5,0.6339898705482483
9760,9,7,0.32715296745300293
9761,5,3,0.37046217918395996
9762,6,6,0.8693355917930603
9763,1,1,0.9759560823440552
9764,2,0,0.7429491877555847
9765,4,4,0.38555851578712463
9766,0,0,0.6634602546691895
9767,2,4,0.7083612084388733
9768,7,7,0.9842496514320374
9769,8,8,0.9651772975921631
9770,4,4,0.28511518239974976
9771,4,4,0.8876791596412659
9772,0,2,0.5810018181800842
9773,9,9,0.9755682349205017
9774,5,3,0.28773707151412964
9775,9,9,0.9948291182518005
9776,2,4,0.319160521030426
9777,9,6,0.6134604811668396
9778,3,3,0.6579616665840149
9779,2,4,0.3181931972503662
9780,4,4,0.34282922744750977
9781,3,3,0.5509753823280334
9782,2,5,0.24158154428005219
9783,2,4,0.25567004084587097
9784,8,8,0.5398292541503906
9785,8,0,0.5075279474258423
9786,6,0,0.4495159983634949
9787,8,0,0.8899317383766174
9788,1,1,0.9888342022895813
9789,6,3,0.35807403922080994
9790,8,8,0.48146042227745056
9791,9,6,0.359834223985672
9792,8,7,0.3442067503929138
9793,2,6,0.27835652232170105
9794,1,1,0.4026085436344147
9795,4,4,0.508040726184845
9796,9,9,0.9158868789672852
9797,1,1,0.7313834428787231
9798,5,3,0.3861098289489746
9799,7,7,0.9141781330108643
9800,1,1,0.9903182983398438
9801,6,5,0.32344216108322144
9802,0,0,0.9983702301979065
9803,1,1,0.9068355560302734
9804,5,5,0.3583569824695587
9805,2,0,0.6805171966552734
9806,8,8,0.8708714842796326
9807,1,9,0.33103498816490173
9808,1,1,0.7948207855224609
9809,3,5,0.38757115602493286
9810,8,8,0.8821508288383484
9811,1,1,0.5504777431488037
9812,3,8,0.3595961034297943
9813,1,1,0.8539191484451294
9814,8,8,0.9986683130264282
9815,5,5,0.39507636427879333
9816,1,8,0.7791581749916077
9817,9,9,0.7511215209960938
9818,0,8,0.49528127908706665
9819,3,5,0.6617851853370667
9820,0,8,0.6583768725395203
9821,4,4,0.3509591221809387
9822,0,0,0.6479023098945618
9823,5,3,0.5521929860115051
9824,1,9,0.5360385179519653
9825,2,2,0.6773055791854858
9826,0,0,0.8502082824707031
9827,4,2,0.4647963345050812
9828,9,9,0.6452763080596924
9829,5,7,0.6023348569869995
9830,1,9,0.7480185627937317
9831,2,0,0.3652392625808716
9832,2,4,0.6303080916404724
9833,7,7,0.6549273133277893
9834,8,0,0.754720151424408
9835,7,7,0.2914171516895294
9836,2,0,0.26544395089149475
9837,4,5,0.3876483142375946
9838,5,5,0.6500924825668335
9839,3,5,0.24803155660629272
9840,4,4,0.5674176812171936
9841,0,8,0.6886027455329895
9842,6,4,0.7197754979133606
9843,1,1,0.6475762128829956
9844,5,5,0.42196568846702576
9845,9,9,0.7816459536552429
9846,8,8,0.9410305619239807
9847,0,0,0.9814256429672241
9848,2,5,0.2496347725391388
9849,0,2,0.7018735408782959
9850,7,4,0.5116483569145203
9851,6,4,0.3536266088485718
9852,0,0,0.7772541046142578
9853,5,2,0.301580011844635
9854,9,9,0.94276362657547
9855,7,7,0.7492691278457642
9856,5,9,0.20275717973709106
9857,0,1,0.6870848536491394
9858,4,6,0.3008846938610077
9859,6,7,0.33275628089904785
9860,0,2,0.42410093545913696
9861,6,6,0.95087730884552
9862,3,9,0.30894163250923157
9863,6,6,0.8792282938957214
9864,8,0,0.2800270617008209
9865,1,1,0.848128616809845
9866,1,0,0.17997251451015472
9867,8,8,0.5580471754074097
9868,9,9,0.7864639759063721
9869,7,7,0.40405383706092834
9870,2,5,0.5210825800895691
9871,9,9,0.6512351632118225
9872,0,0,0.7857218980789185
9873,2,2,0.3558273911476135
9874,2,5,0.33207955956459045
9875,9,9,0.7498340010643005
9876,0,0,0.8061755895614624
9877,6,4,0.4276261031627655
9878,5,4,0.3991210162639618
9879,7,0,0.3713565766811371
9880,7,4,0.34081903100013733
9881,9,1,0.4664570987224579
9882,1,9,0.5115895867347717
9883,7,7,0.5630508661270142
9884,9,1,0.5948721766471863
9885,8,8,0.7868190407752991
9886,4,4,0.9085754156112671
9887,5,5,0.3858027160167694
9888,0,2,0.3464602828025818
9889,8,8,0.48427876830101013
9890,0,0,0.9437670111656189
9891,2,0,0.4826374650001526
9892,5,5,0.5972877144813538
9893,2,2,0.28304997086524963
9894,1,1,0.5230106115341187
9895,4,4,0.680001974105835
9896,4,6,0.3329733610153198
9897,8,8,0.9941051006317139
9898,9,9,0.4317336082458496
9899,7,3,0.4226161539554596
9900,8,8,0.9736430048942566
9901,3,1,0.5104545950889587
9902,6,8,0.6266348361968994
9903,6,7,0.3033945858478546
9904,0,0,0.7892791628837585
9905,1,1,0.5829574465751648
9906,1,1,0.7616952657699585
9907,1,1,0.9274622797966003
9908,8,8,0.979330837726593
9909,1,1,0.663074254989624
9910,4,7,0.9178609251976013
9911,4,7,0.2853827476501465
9912,0,0,0.32060620188713074
9913,7,7,0.9132564067840576
9914,8,9,0.7214599251747131
9915,2,2,0.6248104572296143
9916,1,1,0.4324798882007599
9917,2,2,0.5491380095481873
9918,5,7,0.39309337735176086
9919,4,2,0.4977380335330963
9920,6,4,0.3541988730430603
9921,0,8,0.6915327310562134
9922,5,5,0.38185715675354004
9923,7,7,0.3356310725212097
9924,4,8,0.4451873302459717
9925,4,4,0.6037275791168213
9926,3,4,0.43337979912757874
9927,9,9,0.4537724554538727
9928,5,5,0.3551459312438965
9929,8,8,0.9297957420349121
9930,8,3,0.3826395571231842
9931,0,0,0.8933215141296387
9932,8,8,0.8119316101074219
9933,7,5,0.5073860883712769
9934,4,7,0.730546772480011
9935,1,1,0.47427573800086975
9936,8,8,0.907413899898529
9937,4,4,0.30843430757522583
9938,9,9,0.9658178687095642
9939,5,5,0.7677158713340759
9940,4,5,0.3625590205192566
9941,1,1,0.8865441083908081
9942,7,7,0.8026878833770752
9943,7,7,0.4611125886440277
9944,7,7,0.2517071068286896
9945,7,7,0.5127621293067932
9946,0,0,0.990706741809845
9947,3,3,0.37766963243484497
9948,8,0,0.5752129554748535
9949,3,3,0.3800848424434662
9950,3,4,0.32005661725997925
9951,0,0,0.9530951380729675
9952,5,5,0.6254710555076599
9953,7,7,0.5116337537765503
9954,0,0,0.5384875535964966
9955,8,8,0.9854059219360352
9956,0,0,0.8383349776268005
9957,0,1,0.47048407793045044
9958,9,9,0.725676417350769
9959,2,2,0.2950563430786133
9960,2,0,0.8777101039886475
9961,3,3,0.6791377067565918
9962,4,2,0.6934158205986023
9963,8,8,0.607246994972229
9964,2,4,0.28589335083961487
9965,2,2,0.36758750677108765
9966,6,6,0.41089820861816406
9967,3,3,0.23970645666122437
9968,3,5,0.5273104906082153
9969,6,0,0.4798593819141388
9970,2,4,0.7519715428352356
9971,9,9,0.7207308411598206
9972,4,5,0.2781889736652374
9973,0,0,0.5651591420173645
9974,1,9,0.7182301878929138
9975,7,7,0.7266196608543396
9976,5,5,0.4875968396663666
9977,5,5,0.41149893403053284
9978,7,7,0.3546920418739319
9979,3,8,0.32960760593414307
9980,0,0,0.9002590179443359
9981,4,7,0.7733270525932312
9982,2,6,0.41162109375
9983,0,0,0.41234642267227173
9984,7,7,0.5259829759597778
9985,5,5,0.588202178478241
9986,8,8,0.8841235041618347
9987,0,8,0.8088351488113403
9988,8,8,0.9903780221939087
9989,2,4,0.7063760757446289
9990,7,7,0.8306132555007935
9991,0,0,0.660865306854248
9992,3,3,0.6497992873191833
9993,5,3,0.5664396286010742
9994,3,3,0.6031304001808167
9995,8,3,0.5949857234954834
9996,3,4,0.39798566699028015
9997,5,5,0.6597877740859985
9998,1,1,0.44252216815948486
9999,7,7,0.7093906998634338
