test_id,true_label,predicted_label,confidence
0,7,7,0.9997674822807312
1,2,2,0.9999736547470093
2,1,1,0.9998880624771118
3,0,0,0.9999182224273682
4,4,4,0.9999849796295166
5,1,1,0.9998881816864014
6,4,4,0.9989569187164307
7,9,9,0.9991565942764282
8,5,5,0.9986370205879211
9,9,9,0.9999547004699707
10,0,0,0.9999796152114868
11,6,6,0.9999246597290039
12,9,9,0.9983837604522705
13,0,0,0.9999881982803345
14,1,1,0.9995204210281372
15,5,5,0.9992241859436035
16,9,9,0.9997711777687073
17,7,7,0.9998041987419128
18,3,8,0.9707915782928467
19,4,4,0.9999949932098389
20,9,9,0.9985964894294739
21,6,6,0.999733030796051
22,6,6,0.9997974038124084
23,5,5,0.9999934434890747
24,4,4,0.9999154806137085
25,0,0,0.9998400211334229
26,7,7,0.9997419714927673
27,4,4,0.999996542930603
28,0,0,0.9999762773513794
29,1,1,0.9987527132034302
30,3,3,0.9999713897705078
31,1,1,0.9983717799186707
32,3,3,0.9999921321868896
33,4,4,0.9993939399719238
34,7,7,0.999995231628418
35,2,2,0.9999765157699585
36,7,7,0.9945375323295593
37,1,1,0.9997683167457581
38,2,2,0.9999215602874756
39,1,1,0.9997032284736633
40,1,1,0.9996066689491272
41,7,7,0.9976522326469421
42,4,4,0.9999266862869263
43,2,2,0.9992465972900391
44,3,3,0.9997171759605408
45,5,5,0.9993658661842346
46,1,1,0.9855331778526306
47,2,2,0.9999997615814209
48,4,4,0.9973461627960205
49,4,4,0.9999731779098511
50,6,6,0.9998563528060913
51,3,3,0.99994957447052
52,5,5,0.9999884366989136
53,5,5,0.9995115995407104
54,6,6,0.9999557733535767
55,0,0,0.9998526573181152
56,4,4,0.9999983310699463
57,1,1,0.9998205304145813
58,9,9,0.9999082088470459
59,5,5,0.9930815100669861
60,7,7,0.9999121427536011
61,8,8,0.9999963045120239
62,9,5,0.6894362568855286
63,3,3,0.8898620009422302
64,7,7,0.9994726777076721
65,4,4,0.9991766810417175
66,6,6,0.9910479187965393
67,4,4,0.9969819188117981
68,3,3,0.9999957084655762
69,0,0,0.9999850988388062
70,7,7,0.9998722076416016
71,0,0,0.9999994039535522
72,2,2,0.9999797344207764
73,9,9,0.9977337121963501
74,1,1,0.9997822642326355
75,7,7,0.99998939037323
76,3,3,0.999976634979248
77,2,2,0.999556839466095
78,9,9,0.9628710746765137
79,7,7,0.9940844178199768
80,7,7,0.9986854195594788
81,6,6,0.9997393488883972
82,2,2,0.9999998807907104
83,7,7,0.9999771118164062
84,8,8,0.9999980926513672
85,4,4,0.9999673366546631
86,7,7,0.9997630715370178
87,3,3,0.9981491565704346
88,6,6,0.9999288320541382
89,1,1,0.999634861946106
90,3,3,0.9999949932098389
91,6,6,0.9999878406524658
92,9,9,0.8459272384643555
93,3,3,0.9975882768630981
94,1,1,0.9985815286636353
95,4,4,0.9226680397987366
96,1,1,0.9584445953369141
97,7,7,0.9985471367835999
98,6,6,0.9996211528778076
99,9,9,0.9999680519104004
100,6,6,0.9997813105583191
101,0,0,0.9999966621398926
102,5,5,0.9998385906219482
103,4,4,0.9999972581863403
104,9,9,0.9995768666267395
105,9,9,0.9995325803756714
106,2,2,0.9999665021896362
107,1,1,0.9991515874862671
108,9,9,0.9998000264167786
109,4,4,0.9999990463256836
110,8,8,0.9999581575393677
111,7,7,0.9938256740570068
112,3,3,0.9999566078186035
113,9,9,0.9999712705612183
114,7,7,0.9998488426208496
115,4,4,0.8206861019134521
116,4,4,0.9996139407157898
117,4,4,0.9999631643295288
118,9,9,0.999478280544281
119,2,2,0.989651620388031
120,5,5,0.9999208450317383
121,4,4,0.996971845626831
122,7,7,0.9988184571266174
123,6,6,0.9999903440475464
124,7,7,0.9993828535079956
125,9,9,0.9967941641807556
126,0,0,0.999940037727356
127,5,5,0.9999973773956299
128,8,8,0.9999980926513672
129,5,5,0.9999960660934448
130,6,6,0.9998911619186401
131,6,6,0.9998887777328491
132,5,5,0.9995716214179993
133,7,7,0.9999555349349976
134,8,8,0.9999992847442627
135,1,1,0.9999055862426758
136,0,0,0.9996507167816162
137,1,1,0.999595582485199
138,6,6,0.9999940395355225
139,4,4,0.9974086880683899
140,6,6,0.9998290538787842
141,7,7,0.999987006187439
142,3,3,0.9995869994163513
143,1,1,0.9998490810394287
144,7,7,0.9993712306022644
145,1,1,0.9994755387306213
146,8,8,0.9999881982803345
147,2,2,0.9999892711639404
148,0,0,0.9999696016311646
149,2,2,0.8672211766242981
150,9,9,0.9999488592147827
151,9,9,0.7742227911949158
152,5,5,0.9999916553497314
153,5,5,0.9998325109481812
154,1,1,0.999413251876831
155,5,5,0.9999873638153076
156,6,6,0.9999481439590454
157,0,0,0.9997832179069519
158,3,3,0.9962435960769653
159,4,4,0.9944408535957336
160,4,4,0.9946592450141907
161,6,6,0.9999109506607056
162,5,5,1.0
163,4,4,0.999962568283081
164,6,6,0.9998605251312256
165,5,5,0.9999961853027344
166,4,4,0.9999878406524658
167,5,5,0.9869421124458313
168,1,1,0.9998810291290283
169,4,4,0.9999954700469971
170,4,4,0.9999802112579346
171,7,7,0.9981449842453003
172,2,2,0.9998860359191895
173,3,3,0.9902620911598206
174,2,2,0.9999997615814209
175,7,7,0.6893401145935059
176,1,1,0.9999092817306519
177,8,8,0.997900128364563
178,1,1,0.9999054670333862
179,8,8,0.9999134540557861
180,1,1,0.999729573726654
181,8,8,0.9999934434890747
182,5,5,0.999797523021698
183,0,0,0.9999985694885254
184,8,8,0.8432396650314331
185,9,9,0.9990620017051697
186,2,2,0.9999918937683105
187,5,5,0.9999700784683228
188,0,0,0.9999926090240479
189,1,1,0.9991773962974548
190,1,1,0.9935948252677917
191,1,1,0.996791422367096
192,0,0,0.9999964237213135
193,9,9,0.8811525106430054
194,0,0,0.9999094009399414
195,3,3,0.990614652633667
196,1,1,0.9997329115867615
197,6,6,0.9999502897262573
198,4,4,0.9997698664665222
199,2,2,0.999854564666748
200,3,3,0.999670147895813
201,6,6,0.9999961853027344
202,1,1,0.9998999834060669
203,1,1,0.9990161657333374
204,1,1,0.9998179078102112
205,3,3,0.9998387098312378
206,9,9,0.9998325109481812
207,5,5,0.9995220899581909
208,2,2,0.9999972581863403
209,9,9,0.994240403175354
210,4,4,0.9999654293060303
211,5,5,0.969950258731842
212,9,9,0.9999417066574097
213,3,3,0.9995194673538208
214,9,9,0.9988300204277039
215,0,0,0.9999635219573975
216,3,3,0.9999929666519165
217,6,6,0.763869047164917
218,5,5,0.9999912977218628
219,5,5,0.9999831914901733
220,7,7,0.9796169400215149
221,2,2,0.9950763583183289
222,2,2,0.9998757839202881
223,7,7,0.9990904331207275
224,1,1,0.9996283054351807
225,2,2,0.9997342228889465
226,8,8,0.9994335770606995
227,4,4,0.9995296001434326
228,1,1,0.9998206496238708
229,7,7,0.9960772395133972
230,3,3,0.9995449185371399
231,3,3,0.9992877840995789
232,8,8,0.9997830986976624
233,8,8,0.9995906949043274
234,7,7,0.9998044371604919
235,9,9,0.9939122200012207
236,2,2,0.9999996423721313
237,2,2,0.9999996423721313
238,4,4,0.9999990463256836
239,1,1,0.9997989535331726
240,5,5,0.9998953342437744
241,9,9,0.9942781925201416
242,8,8,0.997878909111023
243,7,7,0.9978861212730408
244,2,2,0.9996015429496765
245,3,3,0.990228533744812
246,0,0,0.999997615814209
247,4,6,0.9409002065658569
248,4,4,0.9999372959136963
249,2,2,0.9999929666519165
250,4,4,0.9995361566543579
251,1,1,0.9964480400085449
252,9,9,0.9999855756759644
253,5,5,0.9999544620513916
254,7,7,0.9987859129905701
255,7,7,0.9989482760429382
256,2,2,0.9998606443405151
257,8,8,0.9999504089355469
258,2,2,0.9999963045120239
259,6,0,0.5670061111450195
260,8,8,0.9999998807907104
261,5,5,0.9970320463180542
262,7,7,0.9999847412109375
263,7,7,0.9994238615036011
264,9,9,0.9321557879447937
265,1,1,0.999906063079834
266,8,8,0.9508196115493774
267,1,1,0.9999136924743652
268,8,8,0.9999624490737915
269,0,0,0.9999827146530151
270,3,3,0.9999347925186157
271,0,0,0.9999933242797852
272,1,1,0.9997574687004089
273,9,9,0.9998718500137329
274,9,9,0.999606192111969
275,4,4,0.9994955062866211
276,1,1,0.9998493194580078
277,8,8,0.999976634979248
278,2,2,0.9999905824661255
279,1,1,0.9989012479782104
280,2,2,0.9999895095825195
281,9,9,0.999990701675415
282,7,7,0.9579017162322998
283,5,5,0.9998101592063904
284,9,9,0.9997279047966003
285,2,2,0.9999991655349731
286,6,6,0.9988529682159424
287,4,4,0.9994361996650696
288,1,1,0.9990836381912231
289,5,5,0.9945124387741089
290,8,8,0.7621886730194092
291,2,2,0.999919056892395
292,9,9,0.998824417591095
293,2,2,0.9999980926513672
294,0,0,0.9999781847000122
295,4,4,0.9999701976776123
296,0,0,0.9999992847442627
297,0,0,0.9999111890792847
298,2,2,0.99997878074646
299,8,8,0.9999997615814209
300,4,4,0.9973868727684021
301,7,7,0.9999129772186279
302,1,1,0.9997974038124084
303,2,2,0.9994044303894043
304,4,4,0.9999911785125732
305,0,0,0.999995231628418
306,2,2,0.9999954700469971
307,7,7,0.9998263716697693
308,4,4,0.9999606609344482
309,3,3,0.9999716281890869
310,3,3,0.9999710321426392
311,0,0,0.9999809265136719
312,0,0,0.9999663829803467
313,3,3,0.999024510383606
314,1,1,0.999832034111023
315,9,9,0.9999287128448486
316,6,6,0.9974995255470276
317,5,5,0.9999629259109497
318,2,2,0.9968963861465454
319,5,5,0.9997941851615906
320,9,9,0.9859275817871094
321,2,7,0.6591654419898987
322,9,9,0.9998979568481445
323,3,3,0.9999837875366211
324,0,0,0.9643936157226562
325,4,4,0.9998247027397156
326,2,2,0.9946275353431702
327,0,0,0.9999884366989136
328,7,7,0.9998315572738647
329,1,1,0.9998681545257568
330,1,1,0.9996243715286255
331,2,2,0.9999967813491821
332,1,1,0.99985671043396
333,5,5,0.9968686699867249
334,3,3,0.9999326467514038
335,3,3,0.9999027252197266
336,9,9,0.998163640499115
337,7,7,0.9689744114875793
338,8,8,0.9999912977218628
339,6,6,0.9969589710235596
340,5,3,0.6620094180107117
341,6,6,0.9986096620559692
342,1,1,0.9998581409454346
343,3,3,0.9999644756317139
344,8,8,0.9999929666519165
345,1,1,0.9995230436325073
346,0,0,0.999883770942688
347,5,5,0.9998502731323242
348,1,1,0.9993378520011902
349,3,3,0.9995999932289124
350,1,1,0.9949095845222473
351,5,5,0.9999988079071045
352,5,5,0.9996886253356934
353,6,6,0.9998835325241089
354,1,1,0.9998114705085754
355,8,8,0.999860405921936
356,5,5,0.9999980926513672
357,1,1,0.999258816242218
358,7,7,0.8516090512275696
359,9,9,0.8833854794502258
360,4,4,0.994446873664856
361,6,6,0.9999879598617554
362,2,2,0.9952616691589355
363,2,2,0.9998700618743896
364,5,5,0.9999977350234985
365,0,0,0.9998703002929688
366,6,6,0.984971821308136
367,5,5,0.9999942779541016
368,6,6,0.997435986995697
369,3,3,0.9996681213378906
370,7,7,0.9999366998672485
371,2,2,0.9999871253967285
372,0,0,0.9997054934501648
373,8,8,0.999997615814209
374,8,8,0.9999876022338867
375,5,5,0.9999992847442627
376,4,4,0.9994211196899414
377,1,1,0.9994338154792786
378,1,1,0.9991511106491089
379,4,4,0.9999743700027466
380,0,0,0.9999959468841553
381,3,3,0.5086108446121216
382,3,3,0.999993085861206
383,7,7,0.9998565912246704
384,6,6,0.9999966621398926
385,1,1,0.9998356103897095
386,6,6,0.9963149428367615
387,2,2,0.9999833106994629
388,1,1,0.9999428987503052
389,9,9,0.9959940910339355
390,2,2,0.9997580647468567
391,8,8,0.9998582601547241
392,6,6,0.999988317489624
393,1,1,0.999607503414154
394,9,9,0.999138593673706
395,5,5,0.9999905824661255
396,2,2,0.9999520778656006
397,5,5,0.9980865716934204
398,4,4,0.9999626874923706
399,4,4,0.9991590976715088
400,2,2,0.9995253086090088
401,8,8,0.9999288320541382
402,3,3,0.9999691247940063
403,8,8,0.9991405010223389
404,2,2,0.9807403087615967
405,4,4,0.999919056892395
406,5,5,0.8721873164176941
407,0,0,0.9999891519546509
408,3,3,0.9987751841545105
409,1,1,0.9839445948600769
410,7,7,0.9999967813491821
411,7,7,0.9928686022758484
412,5,5,0.9225509166717529
413,7,7,0.9991685152053833
414,9,9,0.9970248341560364
415,7,7,0.9802756905555725
416,1,1,0.9996705055236816
417,9,9,0.9951862692832947
418,2,2,0.999993085861206
419,1,1,0.999744713306427
420,4,4,0.9931012392044067
421,2,2,0.9997413754463196
422,9,9,0.9993507266044617
423,2,2,0.9999983310699463
424,0,0,0.9999973773956299
425,4,4,0.9997518658638
426,9,9,0.9996436834335327
427,1,1,0.9998102784156799
428,4,4,0.9999626874923706
429,8,8,0.9999915361404419
430,1,1,0.999884843826294
431,8,8,0.9999680519104004
432,4,4,0.9997311234474182
433,5,5,0.9999116659164429
434,9,9,0.9999518394470215
435,8,8,0.9296741485595703
436,8,8,0.999933123588562
437,3,3,0.999984622001648
438,7,7,0.9981107711791992
439,6,6,0.999581515789032
440,0,0,0.999993085861206
441,0,0,0.9999649524688721
442,3,3,0.9999812841415405
443,0,0,0.9948413968086243
444,2,2,0.981856644153595
445,6,0,0.8579856157302856
446,6,6,0.9996182918548584
447,4,4,0.8357042670249939
448,9,9,0.9751312136650085
449,3,5,0.6845244765281677
450,3,3,0.9856660962104797
451,3,3,0.9999511241912842
452,2,2,0.999937891960144
453,3,3,0.9999922513961792
454,9,9,0.9999550580978394
455,1,1,0.9998414516448975
456,2,2,0.9998162388801575
457,6,6,0.9930550456047058
458,8,8,1.0
459,0,0,0.9989567995071411
460,5,5,0.9643272757530212
461,6,6,0.9999054670333862
462,6,6,0.994487464427948
463,6,6,0.9999855756759644
464,3,3,0.9986714124679565
465,8,8,0.9998063445091248
466,8,8,0.9993975162506104
467,2,2,0.9999227523803711
468,7,7,0.9961530566215515
469,5,5,0.9994009733200073
470,8,8,0.9999967813491821
471,9,9,0.9995272159576416
472,6,6,0.9999747276306152
473,1,1,0.9997488856315613
474,8,8,0.9999771118164062
475,4,4,0.9996978044509888
476,1,1,0.9998999834060669
477,2,2,0.9999426603317261
478,5,5,0.9991975426673889
479,9,9,0.9964774250984192
480,1,1,0.9998120665550232
481,9,9,0.999977707862854
482,7,7,0.9999499320983887
483,5,5,0.9998099207878113
484,4,4,0.9999938011169434
485,0,0,0.9999771118164062
486,8,8,0.9999895095825195
487,9,9,0.9998910427093506
488,9,9,0.9941405653953552
489,1,1,0.99982088804245
490,0,0,0.9936603903770447
491,5,5,0.9996200799942017
492,2,2,0.9782392382621765
493,3,3,0.9999998807907104
494,7,7,0.9997028708457947
495,8,8,0.3646531403064728
496,9,9,0.9999754428863525
497,4,4,0.8582948446273804
498,0,0,0.9933019876480103
499,6,6,0.9991835951805115
500,3,3,0.9999881982803345
501,9,9,0.9999943971633911
502,5,5,0.9998379945755005
503,2,2,0.9999988079071045
504,1,1,0.9981521964073181
505,3,3,0.9998010993003845
506,1,1,0.9999668598175049
507,3,3,0.9999184608459473
508,6,6,0.919373631477356
509,5,5,0.9991045594215393
510,7,7,0.997434675693512
511,4,4,0.9432632327079773
512,2,2,0.9999998807907104
513,2,2,0.9999995231628418
514,6,6,0.9998605251312256
515,3,3,0.9995856881141663
516,2,2,0.9999500513076782
517,6,6,0.999833345413208
518,5,5,0.9999973773956299
519,4,4,0.9999120235443115
520,8,8,0.9997667670249939
521,9,9,0.9991361498832703
522,7,7,0.9964060187339783
523,1,1,0.9966844916343689
524,3,3,0.9996976852416992
525,0,0,0.9999850988388062
526,3,3,0.9998809099197388
527,8,8,0.9999831914901733
528,3,3,0.9996390342712402
529,1,1,0.999883770942688
530,9,9,0.9964801669120789
531,3,3,0.9993517994880676
532,4,4,0.9980226755142212
533,4,4,0.9999992847442627
534,6,6,0.9998206496238708
535,4,4,0.9999455213546753
536,2,2,0.9998181462287903
537,1,1,0.9997825026512146
538,8,8,0.9998735189437866
539,2,2,0.9999110698699951
540,5,5,0.9996428489685059
541,4,4,0.999946117401123
542,8,8,0.9961405396461487
543,8,8,0.9929437041282654
544,4,4,0.9999817609786987
545,0,0,0.9998406171798706
546,0,0,0.9999972581863403
547,2,2,0.9985451698303223
548,3,3,0.9999310970306396
549,2,2,0.9999828338623047
550,7,7,0.9988477230072021
551,7,7,0.814445436000824
552,0,0,0.9841576814651489
553,8,8,0.9995174407958984
554,7,7,0.9997602105140686
555,4,4,0.9999505281448364
556,4,4,0.9999064207077026
557,7,7,0.9937980771064758
558,9,9,0.9998738765716553
559,6,6,0.9989458918571472
560,9,9,0.9999520778656006
561,0,0,0.9993419051170349
562,9,9,0.9999064207077026
563,8,8,0.9996762275695801
564,0,0,0.9999151229858398
565,4,4,0.9989023208618164
566,6,6,0.9996316432952881
567,0,0,0.9999443292617798
568,6,6,0.9995623230934143
569,3,3,0.9999217987060547
570,5,5,0.9998835325241089
571,4,4,0.7776745557785034
572,8,8,0.9994908571243286
573,3,3,0.9999779462814331
574,3,3,0.9999508857727051
575,9,9,0.9993867874145508
576,3,3,0.9999908208847046
577,3,3,0.9999992847442627
578,3,3,0.9998390674591064
579,7,7,0.9990667700767517
580,8,8,0.9946139454841614
581,0,0,0.9998971223831177
582,8,2,0.9451982378959656
583,2,2,0.7577282786369324
584,1,1,0.9992794394493103
585,7,7,0.9999765157699585
586,0,0,0.9999901056289673
587,6,6,0.9996638298034668
588,5,5,0.9996143579483032
589,4,4,0.999911904335022
590,3,3,0.9999867677688599
591,8,8,0.8715337514877319
592,0,0,0.999991774559021
593,9,9,0.9801180362701416
594,6,6,0.9998598098754883
595,3,3,0.9999611377716064
596,8,8,0.9992877840995789
597,0,0,0.9953324198722839
598,9,9,0.9998798370361328
599,9,9,0.9999819993972778
600,6,6,0.9999949932098389
601,8,8,0.9968300461769104
602,6,6,0.9999983310699463
603,8,8,0.9973594546318054
604,5,5,0.9999979734420776
605,7,7,0.9851205945014954
606,8,8,0.9999778270721436
607,6,6,0.9999450445175171
608,0,0,0.9999866485595703
609,2,2,0.999987006187439
610,4,4,0.9892235994338989
611,0,0,0.9999344348907471
612,2,2,0.9999985694885254
613,2,2,0.988724410533905
614,3,3,0.9991125464439392
615,1,1,0.9999114274978638
616,9,9,0.9998997449874878
617,7,7,0.9997624754905701
618,5,5,0.9975093603134155
619,1,8,0.6933634877204895
620,0,0,0.9999830722808838
621,8,8,0.9999959468841553
622,4,4,0.9999963045120239
623,6,6,0.9999879598617554
624,2,2,0.9991163611412048
625,6,6,0.9718590378761292
626,7,7,0.9999964237213135
627,9,9,0.9991475343704224
628,3,3,0.9999691247940063
629,2,2,0.9962062835693359
630,9,9,0.9998785257339478
631,8,8,0.9999854564666748
632,2,2,0.9999909400939941
633,2,2,0.9999940395355225
634,9,9,0.9999489784240723
635,2,2,0.9992156028747559
636,7,7,0.999995231628418
637,3,3,0.9984248876571655
638,5,5,0.9999246597290039
639,9,9,0.999620795249939
640,1,1,0.999592125415802
641,8,8,0.9993565678596497
642,0,0,0.9965866804122925
643,2,2,0.9999958276748657
644,0,0,0.9999701976776123
645,5,5,0.9541260004043579
646,2,2,0.8796196579933167
647,1,1,0.9997267127037048
648,3,3,0.9999785423278809
649,7,7,0.99921715259552
650,6,6,0.9996975660324097
651,7,7,0.9998445510864258
652,1,1,0.9997941851615906
653,2,2,0.9999805688858032
654,5,5,0.9968528151512146
655,8,8,0.9999665021896362
656,0,0,0.9999996423721313
657,3,3,0.9999821186065674
658,7,7,0.9901185631752014
659,2,2,0.8926396369934082
660,4,4,0.9999995231628418
661,0,0,0.9995225667953491
662,9,9,0.9999762773513794
663,1,1,0.9998842477798462
664,8,8,0.9999756813049316
665,6,6,0.9999902248382568
666,7,7,0.999151349067688
667,7,7,0.9007039666175842
668,4,4,0.999951958656311
669,3,3,0.9991912245750427
670,4,4,0.9970492720603943
671,9,9,0.9999006986618042
672,1,1,0.9999169111251831
673,9,9,0.9999712705612183
674,5,5,0.9818035364151001
675,1,1,0.9998385906219482
676,7,7,0.9992451667785645
677,3,3,0.9999624490737915
678,9,9,0.9996947050094604
679,7,7,0.9995827078819275
680,6,6,0.9999916553497314
681,9,9,0.9998564720153809
682,1,1,0.9997246861457825
683,3,3,0.9981574416160583
684,7,7,0.9312912821769714
685,8,8,0.9451638460159302
686,3,3,0.9999736547470093
687,3,3,0.9999912977218628
688,6,6,0.9982681274414062
689,7,7,0.9599704742431641
690,2,2,0.9999897480010986
691,8,8,0.9974486231803894
692,5,5,0.9961175918579102
693,8,8,0.9996563196182251
694,5,5,0.9999805688858032
695,1,1,0.9998168349266052
696,1,1,0.9962133765220642
697,4,4,0.9999978542327881
698,4,4,0.9966887831687927
699,3,3,0.9998708963394165
700,1,1,0.9967387318611145
701,0,0,0.999977707862854
702,7,7,0.9992751479148865
703,7,7,0.9995378255844116
704,0,0,0.999995231628418
705,7,7,0.9999079704284668
706,9,9,0.9998315572738647
707,4,4,0.996927797794342
708,4,4,0.9999200105667114
709,8,8,0.9999964237213135
710,5,5,0.9999895095825195
711,5,5,0.999983549118042
712,4,4,0.997251570224762
713,0,0,0.9998939037322998
714,8,8,0.9999881982803345
715,2,2,0.999796450138092
716,1,1,0.8023882508277893
717,0,0,0.7036489248275757
718,8,8,0.9999523162841797
719,4,4,0.9997788071632385
720,5,8,0.7761136889457703
721,0,0,0.999958872795105
722,4,4,0.9999958276748657
723,0,0,0.994183361530304
724,6,6,0.9999524354934692
725,1,1,0.9998533725738525
726,7,7,0.5859490633010864
727,3,3,0.9999954700469971
728,2,2,0.999516487121582
729,6,6,0.9998894929885864
730,7,7,0.9969040751457214
731,2,2,0.9999983310699463
732,6,6,0.9999785423278809
733,9,9,0.999948263168335
734,3,3,0.9999861717224121
735,1,1,0.9998952150344849
736,4,4,0.9999246597290039
737,6,6,0.9985116124153137
738,2,2,0.9997171759605408
739,5,5,0.9998569488525391
740,4,9,0.8785074949264526
741,2,2,0.9999055862426758
742,0,0,0.9999983310699463
743,6,6,0.9998766183853149
744,2,2,0.9999604225158691
745,1,1,0.9999217987060547
746,7,7,0.9992069602012634
747,3,3,0.99998939037323
748,4,4,0.9987689852714539
749,1,1,0.9998409748077393
750,0,0,0.9999972581863403
751,5,5,0.9999697208404541
752,4,4,0.9999784231185913
753,3,3,0.9998387098312378
754,1,1,0.9999165534973145
755,1,1,0.9996547698974609
756,7,7,0.9999158382415771
757,4,4,0.999922513961792
758,9,9,0.9997146725654602
759,9,9,0.9999104738235474
760,4,4,0.9790412187576294
761,8,8,0.9899333119392395
762,4,4,0.9996065497398376
763,0,0,0.9998867511749268
764,2,2,0.999914288520813
765,4,4,0.9999773502349854
766,5,5,0.9998716115951538
767,1,1,0.9998461008071899
768,1,1,0.9998974800109863
769,6,6,0.9997648596763611
770,4,4,0.9999954700469971
771,7,7,0.9453208446502686
772,1,1,0.998938262462616
773,9,9,0.9996117949485779
774,4,4,0.9973742961883545
775,2,2,0.9999972581863403
776,4,4,0.9996241331100464
777,1,1,0.9989134073257446
778,5,5,0.9999673366546631
779,5,5,0.9999140501022339
780,3,3,0.9995657801628113
781,8,8,0.9998364448547363
782,3,3,0.9999614953994751
783,1,1,0.999836802482605
784,4,4,0.9997346997261047
785,5,5,0.9994556307792664
786,6,6,0.9775969386100769
787,8,8,0.999915599822998
788,9,9,0.9997172951698303
789,4,4,0.9995579123497009
790,1,1,0.9998601675033569
791,5,5,0.9989525079727173
792,3,3,0.9999996423721313
793,8,8,0.999998927116394
794,0,0,0.9999951124191284
795,3,3,0.9998449087142944
796,2,2,0.9999961853027344
797,5,5,0.9895040988922119
798,1,1,0.9995467066764832
799,2,2,0.9999998807907104
800,8,8,0.9981675148010254
801,3,3,0.9999891519546509
802,4,4,0.9999709129333496
803,4,4,0.9999996423721313
804,0,0,0.9997310042381287
805,8,8,0.9999998807907104
806,8,8,0.9999996423721313
807,3,3,0.9999712705612183
808,3,3,0.9999872446060181
809,1,1,0.9999151229858398
810,7,7,0.9997208714485168
811,3,3,0.9999724626541138
812,5,5,0.999997615814209
813,9,9,0.8934814929962158
814,6,6,0.9999864101409912
815,3,3,0.9985265731811523
816,2,2,0.9999761581420898
817,6,6,0.9978491067886353
818,1,1,0.9973844885826111
819,3,3,0.9999943971633911
820,6,6,0.9999964237213135
821,0,0,0.9999752044677734
822,7,7,0.9999492168426514
823,2,2,0.9996247291564941
824,1,1,0.9998772144317627
825,7,7,0.9998077750205994
826,1,1,0.9999434947967529
827,4,4,0.9969239830970764
828,2,2,0.9999016523361206
829,4,4,0.5309560894966125
830,2,2,0.99977046251297
831,1,1,0.9995378255844116
832,7,7,0.9999176263809204
833,9,9,0.9998432397842407
834,6,6,0.9982041120529175
835,1,1,0.9998941421508789
836,1,1,0.9999097585678101
837,2,2,0.9999775886535645
838,4,4,0.9999946355819702
839,8,8,0.8348674774169922
840,1,1,0.9992237091064453
841,7,7,0.9997062087059021
842,7,7,0.9908260703086853
843,4,4,0.9999877214431763
844,8,8,0.9831207990646362
845,0,0,0.999953031539917
846,7,9,0.911472737789154
847,3,3,0.9999653100967407
848,1,1,0.9999485015869141
849,3,3,0.99998939037323
850,1,1,0.9992018342018127
851,0,0,0.9999954700469971
852,7,7,0.999932050704956
853,7,7,0.9958082437515259
854,0,0,0.999983549118042
855,3,3,0.9999905824661255
856,5,5,0.999985933303833
857,5,5,0.9945454597473145
858,2,2,0.9999977350234985
859,7,7,0.9998393058776855
860,6,6,0.9999949932098389
861,6,6,0.9999814033508301
862,9,9,0.9990054965019226
863,2,2,0.9991405010223389
864,8,8,0.9999841451644897
865,3,3,0.9988964796066284
866,5,5,0.9971346855163574
867,2,2,0.9999761581420898
868,2,2,0.9999101161956787
869,5,5,0.99998939037323
870,6,6,0.9752324223518372
871,0,0,0.999998927116394
872,8,8,0.9989486336708069
873,2,2,0.9999990463256836
874,9,9,0.9983466863632202
875,2,2,0.9998445510864258
876,8,8,0.9999991655349731
877,8,8,0.9985771179199219
878,8,8,0.9997289776802063
879,8,8,0.9999970197677612
880,7,7,0.9996825456619263
881,4,4,0.8650498390197754
882,9,9,0.7871102094650269
883,3,3,0.9359797239303589
884,0,0,0.9998660087585449
885,6,6,0.9991182684898376
886,6,6,0.9999480247497559
887,3,3,0.9999828338623047
888,2,2,0.9999858140945435
889,1,1,0.9998157620429993
890,3,3,0.9990859031677246
891,2,2,0.999992847442627
892,2,2,0.9999990463256836
893,9,9,0.9989400506019592
894,3,3,0.9940484762191772
895,0,0,0.6328388452529907
896,0,0,0.9997614026069641
897,5,5,0.9999970197677612
898,7,7,0.9918273687362671
899,8,8,0.9999959468841553
900,1,1,0.9887369275093079
901,4,4,0.9996651411056519
902,4,4,0.9711474180221558
903,6,6,0.9989864230155945
904,0,0,0.9995025396347046
905,2,2,0.9999964237213135
906,9,9,0.9994163513183594
907,1,1,0.999574601650238
908,4,4,0.9999536275863647
909,7,7,0.9999550580978394
910,4,4,0.9999942779541016
911,7,7,0.9999613761901855
912,3,3,0.9999994039535522
913,9,9,0.9998999834060669
914,8,8,0.9999951124191284
915,8,8,0.9999005794525146
916,4,4,0.9947652816772461
917,7,7,0.9995947480201721
918,1,1,0.999092698097229
919,2,2,0.9999700784683228
920,1,1,0.9996119141578674
921,2,2,0.9999988079071045
922,2,2,0.9996743202209473
923,3,3,0.999996542930603
924,2,7,0.7242384552955627
925,3,3,0.9999973773956299
926,2,2,0.9991679191589355
927,3,3,0.9999969005584717
928,9,9,0.9990801811218262
929,1,1,0.999470055103302
930,7,7,0.9964106678962708
931,4,4,0.9999743700027466
932,0,0,0.9999215602874756
933,3,3,0.9999793767929077
934,5,5,0.9999984502792358
935,5,5,0.9998562335968018
936,8,8,0.9904601573944092
937,6,6,0.9999961853027344
938,3,3,0.9461125731468201
939,2,2,0.9073572754859924
940,6,6,0.9858777523040771
941,7,7,0.9998996257781982
942,6,6,0.9998716115951538
943,6,6,0.997036337852478
944,3,3,0.9998706579208374
945,2,2,0.9999992847442627
946,7,7,0.9996895790100098
947,8,9,0.9157119393348694
948,1,1,0.9998418092727661
949,1,1,0.9995926022529602
950,7,7,0.9874117374420166
951,5,5,0.9997124075889587
952,6,6,0.9990874528884888
953,4,4,0.9999332427978516
954,9,9,0.9999556541442871
955,5,5,0.9968352913856506
956,1,6,0.6526981592178345
957,3,3,0.9999855756759644
958,3,3,0.988731324672699
959,4,4,0.9932460784912109
960,7,7,0.9868735671043396
961,8,8,0.9999736547470093
962,9,9,0.9905030727386475
963,1,1,0.9996546506881714
964,1,1,0.9997081160545349
965,6,6,0.53851717710495
966,9,9,0.9991647005081177
967,1,1,0.9998996257781982
968,4,4,0.9999592304229736
969,4,4,0.979258120059967
970,5,5,0.9999685287475586
971,4,4,0.999883770942688
972,0,0,0.9999974966049194
973,6,6,0.9999958276748657
974,2,2,0.9999972581863403
975,2,2,0.9998307228088379
976,3,3,0.9998873472213745
977,1,1,0.999495267868042
978,5,5,0.999974250793457
979,1,1,0.9995673298835754
980,2,2,0.9999998807907104
981,0,0,0.9999897480010986
982,3,3,0.9992080330848694
983,8,8,0.9999877214431763
984,1,1,0.9996455907821655
985,2,2,0.9999704360961914
986,6,6,0.9999427795410156
987,7,7,0.9999765157699585
988,1,1,0.9988884329795837
989,6,6,0.9983127117156982
990,2,2,0.9996337890625
991,3,3,0.9999954700469971
992,9,9,0.9994120597839355
993,0,0,0.9999911785125732
994,1,1,0.9938302636146545
995,2,2,0.9995219707489014
996,2,2,0.9999996423721313
997,0,0,0.9999980926513672
998,8,8,0.9992089867591858
999,9,9,0.9973164200782776
1000,9,9,0.9998958110809326
1001,0,0,0.9998779296875
1002,2,2,0.9993056058883667
1003,5,5,0.9737754464149475
1004,1,1,0.9962934851646423
1005,9,9,0.999906063079834
1006,7,7,0.9972848892211914
1007,8,8,0.9997598528862
1008,1,1,0.9998948574066162
1009,0,0,0.999994158744812
1010,4,4,0.9967395663261414
1011,1,1,0.9999359846115112
1012,7,7,0.9961530566215515
1013,9,9,0.9999144077301025
1014,6,5,0.9993292093276978
1015,4,4,0.9999423027038574
1016,2,2,0.999967098236084
1017,6,6,0.9991496801376343
1018,8,8,0.9998470544815063
1019,1,1,0.9999830722808838
1020,3,3,0.9997774958610535
1021,7,7,0.9988771080970764
1022,5,5,0.9992369413375854
1023,4,4,0.9999934434890747
1024,4,4,0.9997270703315735
1025,1,1,0.9999309778213501
1026,8,8,0.9903096556663513
1027,1,1,0.9991675615310669
1028,3,3,0.9999734163284302
1029,8,8,0.999975323677063
1030,1,1,0.9994744658470154
1031,2,2,0.9999449253082275
1032,5,5,0.9866361021995544
1033,8,8,0.8868098855018616
1034,0,0,0.9999332427978516
1035,6,6,0.9999574422836304
1036,2,2,0.9999985694885254
1037,1,1,0.9997475743293762
1038,1,1,0.9999326467514038
1039,7,2,0.8518086075782776
1040,1,1,0.9999785423278809
1041,5,5,0.9999997615814209
1042,3,3,0.9999282360076904
1043,4,4,0.9998472929000854
1044,6,6,0.845443606376648
1045,9,9,0.9273640513420105
1046,5,5,0.9999252557754517
1047,0,0,0.9999774694442749
1048,9,9,0.9998743534088135
1049,2,2,0.9999973773956299
1050,2,2,0.993432879447937
1051,4,4,0.9996190071105957
1052,8,8,0.9998973608016968
1053,2,2,0.9999829530715942
1054,1,1,0.9996125102043152
1055,7,7,0.9940311312675476
1056,2,2,0.9999964237213135
1057,4,4,0.9999462366104126
1058,9,9,0.9999377727508545
1059,4,4,0.9997407793998718
1060,4,4,0.9995228052139282
1061,0,0,0.9999969005584717
1062,3,3,0.9953128099441528
1063,9,9,0.9999809265136719
1064,2,2,0.9999984502792358
1065,2,2,0.9999957084655762
1066,3,3,0.9993662238121033
1067,3,3,0.9999610185623169
1068,8,8,0.992148756980896
1069,3,3,0.9998652935028076
1070,5,5,0.9999908208847046
1071,7,7,0.9998117089271545
1072,3,3,0.9472761750221252
1073,5,5,0.9993283748626709
1074,8,8,0.9999970197677612
1075,1,1,0.9997804760932922
1076,2,2,0.9992639422416687
1077,4,4,0.9994458556175232
1078,4,4,0.9999904632568359
1079,6,6,0.999909520149231
1080,4,4,0.9998884201049805
1081,9,9,0.9991862177848816
1082,5,5,0.9906044602394104
1083,1,1,0.9996750354766846
1084,0,0,0.9999986886978149
1085,6,6,0.9997724890708923
1086,9,9,0.9997859597206116
1087,5,5,0.9998769760131836
1088,9,9,0.9999693632125854
1089,5,5,0.9917601943016052
1090,9,9,0.9939205646514893
1091,7,7,0.9999384880065918
1092,3,3,0.999969482421875
1093,8,8,0.9976781010627747
1094,0,0,0.9999626874923706
1095,3,3,0.9999710321426392
1096,7,7,0.9991023540496826
1097,1,1,0.9997738003730774
1098,3,3,0.9998866319656372
1099,6,6,0.9998633861541748
1100,7,7,0.9999364614486694
1101,8,8,0.9979686141014099
1102,5,5,0.9999837875366211
1103,9,9,0.9998940229415894
1104,7,7,0.9999707937240601
1105,9,9,0.9999581575393677
1106,6,6,0.9999958276748657
1107,9,9,0.9878225922584534
1108,6,6,0.9989859461784363
1109,3,3,0.9997972846031189
1110,7,7,0.9997842907905579
1111,4,4,0.9999749660491943
1112,4,6,0.841659426689148
1113,5,5,0.9999972581863403
1114,3,3,0.7454284429550171
1115,5,5,0.9995249509811401
1116,4,4,0.9997122883796692
1117,7,7,0.9999274015426636
1118,8,8,0.9998830556869507
1119,7,7,0.9998395442962646
1120,8,8,0.9999775886535645
1121,0,0,0.9985452890396118
1122,7,7,0.9969730377197266
1123,6,6,0.9999561309814453
1124,8,8,0.9988467693328857
1125,8,8,0.9989843964576721
1126,7,7,0.9989481568336487
1127,3,3,0.9999642372131348
1128,3,3,0.9817169308662415
1129,1,1,0.9998458623886108
1130,9,9,0.9991752505302429
1131,5,5,0.9999958276748657
1132,2,2,0.9999961853027344
1133,7,7,0.9990397095680237
1134,3,3,0.999984622001648
1135,5,5,0.996167004108429
1136,1,1,0.9995469450950623
1137,1,1,0.9997673630714417
1138,2,2,0.9994704127311707
1139,1,1,0.999674916267395
1140,4,4,0.9999525547027588
1141,7,7,0.9999581575393677
1142,4,4,0.9998219609260559
1143,7,7,0.9987558126449585
1144,5,5,0.9999723434448242
1145,4,4,0.9950077533721924
1146,5,5,0.9997496008872986
1147,4,4,0.9863584637641907
1148,0,0,0.999993085861206
1149,8,8,0.9999748468399048
1150,3,3,0.9996309280395508
1151,6,6,0.9982876181602478
1152,9,9,0.9999159574508667
1153,6,6,0.9770171642303467
1154,0,0,0.9997758269309998
1155,2,2,0.9999229907989502
1156,7,8,0.8291215896606445
1157,4,4,0.9981301426887512
1158,4,4,0.999997615814209
1159,4,4,0.9979698061943054
1160,4,4,0.9999048709869385
1161,6,6,0.9985784292221069
1162,6,6,0.9999806880950928
1163,4,4,0.9999836683273315
1164,7,7,0.994130551815033
1165,9,9,0.9997833371162415
1166,3,3,0.9750990867614746
1167,4,4,0.9997820258140564
1168,5,5,0.9999921321868896
1169,5,5,0.9970787763595581
1170,8,8,1.0
1171,7,7,0.999957799911499
1172,3,3,0.9999873638153076
1173,7,7,0.9803032875061035
1174,2,2,0.9999912977218628
1175,7,7,0.9999090433120728
1176,0,0,0.9998841285705566
1177,2,2,0.9999984502792358
1178,4,4,0.460314005613327
1179,1,1,0.999843955039978
1180,1,1,0.9998196959495544
1181,6,6,0.9134339094161987
1182,6,6,0.6289809346199036
1183,9,9,0.9999743700027466
1184,2,2,0.9991056323051453
1185,8,8,0.9999849796295166
1186,7,7,0.9998651742935181
1187,2,2,0.9937891364097595
1188,0,0,0.9999655485153198
1189,1,1,0.9998950958251953
1190,5,5,0.9999823570251465
1191,0,0,0.9748054146766663
1192,9,9,0.9796341061592102
1193,1,1,0.9998956918716431
1194,7,7,0.9993994235992432
1195,0,0,0.9999871253967285
1196,6,6,0.9999434947967529
1197,0,0,0.999962568283081
1198,8,8,0.9988775849342346
1199,6,6,0.9995889067649841
1200,8,8,0.9996336698532104
1201,1,1,0.9996379613876343
1202,8,8,0.9912842512130737
1203,0,0,0.9999957084655762
1204,3,3,0.9998767375946045
1205,3,3,0.9999991655349731
1206,7,7,0.9981210827827454
1207,2,2,0.9999961853027344
1208,3,3,0.9998540878295898
1209,6,6,0.9742320775985718
1210,2,2,0.9999991655349731
1211,1,1,0.9998961687088013
1212,6,6,0.9958017468452454
1213,1,1,0.9998075366020203
1214,1,1,0.9982588887214661
1215,3,3,0.9999393224716187
1216,7,7,0.9598521590232849
1217,9,9,0.9987388253211975
1218,0,0,0.9999814033508301
1219,8,8,0.9995971322059631
1220,0,0,0.9999889135360718
1221,5,5,0.9998742341995239
1222,4,4,0.9999986886978149
1223,0,0,0.99994957447052
1224,2,2,0.719835638999939
1225,8,8,0.9999967813491821
1226,7,2,0.9066394567489624
1227,2,2,0.999976396560669
1228,9,9,0.9989491105079651
1229,8,8,0.9997450709342957
1230,4,4,0.999937891960144
1231,0,0,0.999813973903656
1232,9,4,0.8270844221115112
1233,5,5,0.9998623132705688
1234,8,8,0.9997968077659607
1235,5,5,0.9997891783714294
1236,1,1,0.9990121126174927
1237,2,2,0.9999861717224121
1238,1,1,0.9998779296875
1239,3,3,0.9992108345031738
1240,1,1,0.9987040758132935
1241,7,7,0.9993104934692383
1242,4,4,0.7358658909797668
1243,5,5,0.9977174997329712
1244,7,7,0.9900402426719666
1245,2,2,0.9999991655349731
1246,0,0,0.9974718689918518
1247,9,0,0.5423160791397095
1248,8,8,0.9996529817581177
1249,8,8,0.9999996423721313
1250,6,6,0.9997469782829285
1251,2,2,0.9985527396202087
1252,5,5,0.9943954944610596
1253,4,4,0.9999293088912964
1254,1,1,0.9998588562011719
1255,9,9,0.9997767806053162
1256,2,2,0.9952528476715088
1257,1,1,0.9999245405197144
1258,5,5,0.9938734769821167
1259,8,8,0.9999444484710693
1260,7,1,0.6304001212120056
1261,0,0,0.9999903440475464
1262,2,2,0.9996720552444458
1263,4,4,0.9844146966934204
1264,4,4,0.9993425011634827
1265,3,3,0.9996582269668579
1266,6,6,0.9983038902282715
1267,8,8,0.9999967813491821
1268,8,8,0.9999980926513672
1269,2,2,0.9995633959770203
1270,4,4,0.8792304992675781
1271,0,0,0.9999953508377075
1272,5,5,0.9993915557861328
1273,0,0,0.9960820078849792
1274,4,4,0.9914659261703491
1275,4,4,0.9998186230659485
1276,7,7,0.9999608993530273
1277,9,9,0.9989312291145325
1278,3,3,0.9999978542327881
1279,4,4,0.952970027923584
1280,1,1,0.9998637437820435
1281,5,5,0.9934878349304199
1282,9,9,0.9941909909248352
1283,7,7,0.9971611499786377
1284,3,3,0.9999995231628418
1285,5,5,0.9999798536300659
1286,8,8,0.9999817609786987
1287,8,8,0.9998846054077148
1288,0,0,0.9996743202209473
1289,5,5,0.9918549060821533
1290,3,3,0.9444523453712463
1291,3,3,0.99996018409729
1292,6,6,0.9211891293525696
1293,6,6,0.9999737739562988
1294,0,0,0.9999932050704956
1295,1,1,0.9999176263809204
1296,6,6,0.9971740245819092
1297,0,0,0.9999839067459106
1298,3,3,0.9998886585235596
1299,5,7,0.8560404777526855
1300,4,4,0.9999736547470093
1301,4,4,0.9626803398132324
1302,1,1,0.9986874461174011
1303,2,2,0.9999487400054932
1304,9,9,0.9998706579208374
1305,1,1,0.9999798536300659
1306,4,4,0.9999891519546509
1307,6,6,0.9998332262039185
1308,9,9,0.9999707937240601
1309,9,9,0.9999411106109619
1310,3,3,0.9995689988136292
1311,9,9,0.9983932375907898
1312,8,8,0.9981185793876648
1313,4,4,0.9999586343765259
1314,4,4,0.9999985694885254
1315,3,3,0.9996020197868347
1316,1,1,0.9998455047607422
1317,3,3,0.9999996423721313
1318,1,1,0.9998605251312256
1319,8,8,0.9788824915885925
1320,8,8,0.9999397993087769
1321,7,7,0.999036431312561
1322,9,9,0.9999743700027466
1323,4,4,0.9999994039535522
1324,8,8,0.9986785054206848
1325,8,8,0.9998594522476196
1326,7,7,0.8805888891220093
1327,9,9,0.9998812675476074
1328,7,7,0.9808041453361511
1329,1,1,0.9999740123748779
1330,4,4,0.9948616623878479
1331,5,5,0.9698337316513062
1332,6,6,0.9999983310699463
1333,0,0,0.9999984502792358
1334,5,5,0.9981960654258728
1335,2,2,0.9998441934585571
1336,2,2,0.9999853372573853
1337,2,2,0.9506531357765198
1338,1,1,0.9990106821060181
1339,5,5,0.9895713329315186
1340,5,5,0.9999637603759766
1341,2,2,0.9999983310699463
1342,4,4,0.9999955892562866
1343,9,9,0.9995192289352417
1344,6,6,0.9702844619750977
1345,2,2,0.9995729327201843
1346,7,7,0.9999392032623291
1347,7,7,0.9992181062698364
1348,2,2,0.999630331993103
1349,2,2,0.9962388277053833
1350,1,1,0.9998904466629028
1351,1,1,0.9998471736907959
1352,2,2,0.9990190267562866
1353,8,8,0.9999761581420898
1354,3,3,0.9999744892120361
1355,7,7,0.9308843016624451
1356,2,2,0.9836897253990173
1357,4,4,0.9996961355209351
1358,1,1,0.9997004270553589
1359,7,7,0.9998977184295654
1360,1,1,0.9998045563697815
1361,7,7,0.9999210834503174
1362,6,6,0.9999305009841919
1363,7,7,0.9992318153381348
1364,8,8,0.9169812798500061
1365,2,2,0.9988012313842773
1366,7,7,0.9997205138206482
1367,3,3,0.9999924898147583
1368,1,1,0.9998846054077148
1369,7,7,0.9999383687973022
1370,5,5,0.9999401569366455
1371,8,8,0.9999994039535522
1372,2,2,0.9999924898147583
1373,6,6,0.999996542930603
1374,2,2,0.9999904632568359
1375,2,2,0.999893069267273
1376,5,5,0.9999995231628418
1377,6,6,0.9950024485588074
1378,5,5,0.9482465386390686
1379,0,0,0.9999902248382568
1380,9,9,0.9998891353607178
1381,2,2,0.9999986886978149
1382,4,4,0.9999897480010986
1383,3,3,0.9981462955474854
1384,3,3,0.9999090433120728
1385,9,9,0.9946643114089966
1386,7,7,0.9994681477546692
1387,6,6,0.9999396800994873
1388,6,6,0.9997203946113586
1389,8,8,0.9999916553497314
1390,0,0,0.9999884366989136
1391,4,4,0.9994168281555176
1392,1,1,0.9994407296180725
1393,5,3,0.9698250889778137
1394,8,8,0.9977263808250427
1395,2,2,0.9885691404342651
1396,9,9,0.999993085861206
1397,1,1,0.9921557307243347
1398,8,8,0.9995323419570923
1399,0,0,0.9999804496765137
1400,6,6,0.9997957348823547
1401,7,7,0.9991728663444519
1402,2,2,0.9940044283866882
1403,1,1,0.9972606897354126
1404,0,0,0.9997562766075134
1405,5,5,0.9995241165161133
1406,5,5,0.9885419607162476
1407,2,2,0.9999998807907104
1408,0,0,0.9999600648880005
1409,2,2,0.9999001026153564
1410,2,2,0.9995729327201843
1411,0,0,0.9992362260818481
1412,2,2,0.9999785423278809
1413,4,4,0.9997953772544861
1414,9,9,0.5162819027900696
1415,8,8,0.9985180497169495
1416,0,0,0.9999974966049194
1417,9,9,0.9982355833053589
1418,9,9,0.9999176263809204
1419,4,4,0.9998871088027954
1420,6,6,0.9999659061431885
1421,5,5,0.9999948740005493
1422,4,4,0.9991375207901001
1423,9,9,0.9997798800468445
1424,1,1,0.9998828172683716
1425,8,8,0.9834445714950562
1426,3,3,0.9999977350234985
1427,4,4,0.9992050528526306
1428,9,9,0.9977508187294006
1429,9,9,0.9588025808334351
1430,1,1,0.9998693466186523
1431,2,2,0.9995825886726379
1432,2,2,0.9999881982803345
1433,8,8,0.9980906844139099
1434,1,1,0.9997485280036926
1435,9,9,0.9979953765869141
1436,6,6,0.9514471888542175
1437,4,4,0.9965498447418213
1438,0,0,0.9947683811187744
1439,9,9,0.9984645843505859
1440,4,4,0.9951335787773132
1441,8,8,0.9958283305168152
1442,3,3,0.999444305896759
1443,8,8,0.9999990463256836
1444,6,6,0.9893026947975159
1445,0,0,0.9999834299087524
1446,2,2,0.9999818801879883
1447,5,5,0.9988619089126587
1448,1,1,0.9997791647911072
1449,9,9,0.9998619556427002
1450,6,6,0.999971866607666
1451,2,2,0.9998488426208496
1452,9,9,0.9999921321868896
1453,4,4,0.9914781451225281
1454,0,0,0.9997256398200989
1455,9,9,0.9990655779838562
1456,6,6,0.9997664093971252
1457,0,0,0.9999984502792358
1458,6,6,0.9991254210472107
1459,2,2,0.9626202583312988
1460,5,5,0.9999912977218628
1461,4,4,0.9998703002929688
1462,2,2,0.9994945526123047
1463,3,3,0.9978502988815308
1464,8,8,0.9983781576156616
1465,4,4,0.9853817224502563
1466,5,5,0.8507461547851562
1467,5,5,0.9856664538383484
1468,0,0,0.9999516010284424
1469,3,3,0.9927480816841125
1470,8,8,0.9999827146530151
1471,5,5,0.9999810457229614
1472,3,3,0.9996703863143921
1473,5,5,0.9999115467071533
1474,8,8,0.9968736171722412
1475,6,6,0.9976110458374023
1476,5,5,0.9999003410339355
1477,7,7,0.996882438659668
1478,6,6,0.9997261166572571
1479,3,3,0.9999959468841553
1480,3,3,0.9999908208847046
1481,9,9,0.9999605417251587
1482,6,6,0.9960951209068298
1483,1,1,0.9994196891784668
1484,1,1,0.9998661279678345
1485,2,2,0.9999818801879883
1486,9,9,0.9997925162315369
1487,0,0,0.9999984502792358
1488,4,4,0.9999498128890991
1489,3,3,0.9999878406524658
1490,3,3,0.9994869232177734
1491,6,6,0.9999486207962036
1492,9,9,0.9982882142066956
1493,5,5,0.9999419450759888
1494,7,7,0.9963356256484985
1495,3,3,0.9979426264762878
1496,7,7,0.9950227737426758
1497,7,7,0.9999949932098389
1498,7,7,0.9999872446060181
1499,8,8,0.9999991655349731
1500,7,7,0.6307768225669861
1501,9,9,0.999914288520813
1502,8,8,0.9998651742935181
1503,3,3,0.9997256398200989
1504,0,0,0.9999874830245972
1505,7,7,0.9980377554893494
1506,2,2,0.9999973773956299
1507,7,7,0.9996786117553711
1508,9,9,0.9988952875137329
1509,4,4,0.9874234795570374
1510,5,5,0.9999462366104126
1511,4,4,0.9978861212730408
1512,9,9,0.9999864101409912
1513,3,3,0.9999442100524902
1514,2,2,0.9998051524162292
1515,1,1,0.9994582533836365
1516,4,4,0.9954679012298584
1517,0,0,0.9999972581863403
1518,2,2,0.9999445676803589
1519,3,3,0.9999918937683105
1520,7,7,0.9984519481658936
1521,5,5,0.9999990463256836
1522,7,9,0.9090235829353333
1523,8,8,0.9546242952346802
1524,8,8,0.9996371269226074
1525,5,5,0.9989728927612305
1526,0,0,0.9999275207519531
1527,1,1,0.7217011451721191
1528,1,1,0.9999463558197021
1529,4,4,0.9999587535858154
1530,8,7,0.5665777325630188
1531,3,3,0.9938822984695435
1532,9,9,0.9998201727867126
1533,0,0,0.9998708963394165
1534,0,0,0.9999780654907227
1535,0,0,0.9999439716339111
1536,6,6,0.9994831085205078
1537,6,6,0.999943733215332
1538,2,2,0.9999825954437256
1539,3,3,0.9999791383743286
1540,7,7,0.9999680519104004
1541,8,8,0.9999668598175049
1542,4,4,0.9999984502792358
1543,7,7,0.998698353767395
1544,7,7,0.9999948740005493
1545,9,9,0.9996353387832642
1546,2,2,0.9998077750205994
1547,4,4,0.9998775720596313
1548,1,1,0.9995847344398499
1549,4,6,0.967512845993042
1550,5,5,0.9998180270195007
1551,2,2,0.9997256398200989
1552,4,4,0.9998639822006226
1553,9,9,0.6419705748558044
1554,9,9,0.9895123839378357
1555,1,1,0.9997971653938293
1556,8,8,0.9998607635498047
1557,4,4,0.9999141693115234
1558,0,0,0.9988743662834167
1559,9,9,0.9311122298240662
1560,8,8,0.9999511241912842
1561,4,4,0.9999607801437378
1562,8,8,0.9992617964744568
1563,7,7,0.9999021291732788
1564,7,7,0.999864935874939
1565,0,0,0.9999639987945557
1566,7,7,0.987705647945404
1567,8,8,0.9999986886978149
1568,8,8,0.9994414448738098
1569,6,6,0.9737613201141357
1570,0,0,0.9974712133407593
1571,4,4,0.9997267127037048
1572,8,8,0.9994872808456421
1573,8,8,0.9998471736907959
1574,2,2,0.9999972581863403
1575,4,4,0.9999598264694214
1576,7,7,0.9996525049209595
1577,6,6,0.9999096393585205
1578,6,6,0.9999823570251465
1579,6,6,0.998738706111908
1580,4,4,0.9998464584350586
1581,7,7,0.9912199378013611
1582,1,1,0.9996745586395264
1583,8,8,0.9994753003120422
1584,8,8,0.9827507138252258
1585,2,2,0.9999951124191284
1586,3,3,0.9999489784240723
1587,6,6,0.9997881054878235
1588,3,3,0.9999903440475464
1589,0,0,0.9999145269393921
1590,0,0,0.9999669790267944
1591,3,3,0.9998557567596436
1592,7,7,0.9998904466629028
1593,6,6,0.9987102746963501
1594,9,9,0.9997889399528503
1595,7,7,0.9871728420257568
1596,9,9,0.999819815158844
1597,9,9,0.998089611530304
1598,5,5,0.9999980926513672
1599,4,4,0.9999849796295166
1600,3,3,0.9975100755691528
1601,3,3,0.9993177652359009
1602,6,6,0.9999357461929321
1603,1,1,0.9999054670333862
1604,2,2,0.999994158744812
1605,3,3,0.999983549118042
1606,7,7,0.9999556541442871
1607,3,3,0.9975394010543823
1608,3,3,0.9999858140945435
1609,2,2,0.9713947772979736
1610,0,0,0.9999947547912598
1611,3,3,0.963676929473877
1612,3,3,0.9999620914459229
1613,8,8,0.9998608827590942
1614,4,4,0.998906135559082
1615,3,3,0.9999852180480957
1616,6,6,0.9997668862342834
1617,3,3,0.9076235294342041
1618,5,5,0.9881075024604797
1619,0,0,0.9998352527618408
1620,2,2,0.999974250793457
1621,0,0,0.8062392473220825
1622,9,9,0.9999690055847168
1623,0,0,0.999998927116394
1624,7,7,0.9998699426651001
1625,4,4,0.9999948740005493
1626,6,6,0.9974786639213562
1627,9,9,0.9999955892562866
1628,3,3,0.9999569654464722
1629,5,5,0.9999973773956299
1630,1,1,0.9999157190322876
1631,9,9,0.9997064471244812
1632,6,6,0.999924898147583
1633,1,1,0.9999018907546997
1634,4,4,0.9554234147071838
1635,5,5,0.9998507499694824
1636,4,4,0.9996267557144165
1637,5,5,0.9860371947288513
1638,0,0,0.9999191761016846
1639,5,5,0.9999971389770508
1640,9,9,0.9956751465797424
1641,5,5,0.9786238670349121
1642,2,2,0.9999278783798218
1643,1,1,0.9998871088027954
1644,2,2,0.999956488609314
1645,9,9,0.9999862909317017
1646,1,1,0.9999505281448364
1647,9,9,0.9999644756317139
1648,9,9,0.999864935874939
1649,4,4,0.9998939037322998
1650,0,0,0.9998364448547363
1651,8,8,0.9999896287918091
1652,4,4,0.9999086856842041
1653,5,5,0.999994158744812
1654,2,2,0.990972638130188
1655,9,9,0.9998481273651123
1656,2,2,0.9999971389770508
1657,1,1,0.9997889399528503
1658,2,2,0.9999945163726807
1659,1,1,0.9998517036437988
1660,7,7,0.9988644123077393
1661,3,3,0.999962329864502
1662,6,6,0.999991774559021
1663,8,8,0.9999980926513672
1664,8,8,0.9999434947967529
1665,4,4,0.9999778270721436
1666,9,9,0.9999747276306152
1667,1,1,0.9934334754943848
1668,9,9,0.9999895095825195
1669,8,8,0.9999933242797852
1670,5,5,0.9959918856620789
1671,7,7,0.9956996440887451
1672,5,5,0.9998425245285034
1673,1,1,0.9681933522224426
1674,1,1,0.9999369382858276
1675,8,8,0.9999775886535645
1676,6,6,0.9901359677314758
1677,5,5,0.9997416138648987
1678,2,2,0.9909628033638
1679,4,4,0.9999020099639893
1680,4,4,0.999925971031189
1681,3,3,0.9366954565048218
1682,2,2,0.9990002512931824
1683,3,3,0.9999978542327881
1684,5,5,0.9997542500495911
1685,6,6,0.9999845027923584
1686,8,8,0.9646331667900085
1687,8,8,0.9940811991691589
1688,6,6,0.9992238283157349
1689,2,2,0.9970808625221252
1690,3,3,0.9999407529830933
1691,1,1,0.7602239847183228
1692,0,0,0.9999984502792358
1693,5,5,0.9999645948410034
1694,8,8,0.998548686504364
1695,9,9,0.9989857077598572
1696,2,2,0.9998865127563477
1697,9,9,0.9990884065628052
1698,6,6,0.9999945163726807
1699,7,7,0.9999264478683472
1700,0,0,0.9999920129776001
1701,4,4,0.9977273344993591
1702,8,8,0.9987264275550842
1703,7,7,0.9994972944259644
1704,1,1,0.9995493292808533
1705,7,7,0.9999345541000366
1706,4,4,0.9981514811515808
1707,1,1,0.998428225517273
1708,0,0,0.9999964237213135
1709,9,5,0.7381325364112854
1710,7,7,0.9999721050262451
1711,2,2,0.9999330043792725
1712,0,0,0.9999765157699585
1713,0,0,0.9999617338180542
1714,9,9,0.9999598264694214
1715,1,1,0.9999494552612305
1716,7,7,0.9816209673881531
1717,8,8,0.8627490997314453
1718,7,7,0.9957655668258667
1719,8,8,0.999998927116394
1720,4,4,0.9997840523719788
1721,7,9,0.9264376759529114
1722,2,2,0.979121208190918
1723,0,0,0.9999959468841553
1724,4,4,0.9997761845588684
1725,6,6,0.9578731060028076
1726,0,0,0.9999945163726807
1727,3,3,0.9999674558639526
1728,1,1,0.9997236132621765
1729,1,1,0.9988610744476318
1730,3,3,0.9988806843757629
1731,3,3,0.9999897480010986
1732,9,9,0.9973133206367493
1733,6,6,0.9999938011169434
1734,7,7,0.9986396431922913
1735,4,4,0.9999338388442993
1736,1,1,0.9992456436157227
1737,5,5,0.7813283801078796
1738,3,3,0.9998781681060791
1739,0,0,0.9998681545257568
1740,8,8,0.9993767142295837
1741,7,7,0.9996782541275024
1742,3,3,0.9998002648353577
1743,9,9,0.9991866946220398
1744,6,6,0.9999371767044067
1745,9,9,0.9999896287918091
1746,3,3,0.9997943043708801
1747,5,5,0.9989804625511169
1748,0,0,0.9950760006904602
1749,2,2,0.9999575614929199
1750,7,7,0.9997245669364929
1751,4,4,0.6654337644577026
1752,5,5,0.9999837875366211
1753,1,1,0.9998825788497925
1754,7,2,0.5394004583358765
1755,5,5,0.9989799857139587
1756,8,8,0.9999873638153076
1757,0,0,0.9999521970748901
1758,8,8,0.999996542930603
1759,8,8,0.9994170665740967
1760,1,1,0.9996046423912048
1761,5,5,0.999815046787262
1762,0,0,0.9994692206382751
1763,3,3,0.9998831748962402
1764,0,0,0.9999605417251587
1765,3,3,0.9998975992202759
1766,1,1,0.999932050704956
1767,4,4,0.9997681975364685
1768,0,0,0.9999903440475464
1769,3,3,0.999229907989502
1770,7,7,0.9999858140945435
1771,2,2,0.9999799728393555
1772,7,7,0.9971795082092285
1773,1,1,0.9849972724914551
1774,8,8,0.9983559250831604
1775,0,0,0.9994353652000427
1776,7,7,0.9947308301925659
1777,0,0,0.9999978542327881
1778,4,4,0.9998146891593933
1779,3,3,0.99991774559021
1780,1,1,0.9998329877853394
1781,9,9,0.9998706579208374
1782,8,8,0.9975001215934753
1783,7,7,0.9999604225158691
1784,7,7,0.9999700784683228
1785,1,1,0.9857219457626343
1786,4,4,0.9998481273651123
1787,9,9,0.9998196959495544
1788,9,9,0.9999117851257324
1789,3,3,0.9994204044342041
1790,2,2,0.45890429615974426
1791,1,1,0.9998446702957153
1792,7,7,0.9992984533309937
1793,9,9,0.9999821186065674
1794,0,0,0.9997292160987854
1795,2,2,0.9999984502792358
1796,0,0,0.9999934434890747
1797,3,3,0.9999059438705444
1798,3,3,0.9998538494110107
1799,7,7,0.9998952150344849
1800,6,6,0.9978132247924805
1801,9,9,0.9999208450317383
1802,2,2,0.9996881484985352
1803,3,3,0.9999852180480957
1804,3,3,0.9999995231628418
1805,7,7,0.9999959468841553
1806,7,7,0.999524712562561
1807,0,0,0.9999104738235474
1808,0,0,0.991195797920227
1809,7,7,0.9091904759407043
1810,5,5,0.9989702701568604
1811,2,2,0.9992910623550415
1812,9,9,0.9999752044677734
1813,8,8,0.9975988268852234
1814,7,7,0.9963114857673645
1815,4,4,0.9999849796295166
1816,4,4,0.9992848038673401
1817,2,2,0.9999895095825195
1818,6,6,0.998305082321167
1819,6,6,0.9928627610206604
1820,1,1,0.9999524354934692
1821,9,9,0.9999393224716187
1822,6,6,0.9811356663703918
1823,8,8,0.9981443881988525
1824,2,2,0.9999963045120239
1825,9,9,0.998976469039917
1826,0,0,0.9999793767929077
1827,8,8,0.9999866485595703
1828,3,3,0.9863073229789734
1829,1,1,0.9989827275276184
1830,1,1,0.9999334812164307
1831,6,6,0.99992835521698
1832,3,3,0.9999662637710571
1833,5,5,0.9938003420829773
1834,1,1,0.9999040365219116
1835,1,1,0.9998728036880493
1836,1,1,0.9997327923774719
1837,3,3,0.999993085861206
1838,1,1,0.9983738660812378
1839,2,2,0.9991046786308289
1840,3,3,0.9999990463256836
1841,0,0,0.999819815158844
1842,2,2,0.9999595880508423
1843,0,0,0.9989657402038574
1844,1,1,0.9993108510971069
1845,3,3,0.9999998807907104
1846,5,5,0.9994200468063354
1847,5,5,0.9870870113372803
1848,7,7,0.9987977743148804
1849,4,4,0.9991922974586487
1850,8,8,0.9976339340209961
1851,9,9,0.9992702603340149
1852,6,6,0.9981997013092041
1853,9,9,0.9988197684288025
1854,6,6,0.9999591112136841
1855,8,8,0.9997039437294006
1856,3,3,0.8615304827690125
1857,6,6,0.9995474219322205
1858,6,6,0.9999958276748657
1859,8,8,0.9999979734420776
1860,5,5,0.9998164772987366
1861,1,1,0.9981100559234619
1862,4,4,0.9989614486694336
1863,2,2,0.9999990463256836
1864,4,4,0.9999961853027344
1865,4,4,0.9853212237358093
1866,5,5,0.9999738931655884
1867,1,1,0.9997970461845398
1868,1,1,0.9811084866523743
1869,9,9,0.9999675750732422
1870,0,0,0.9999902248382568
1871,2,2,0.9985646605491638
1872,4,4,0.9999855756759644
1873,9,9,0.9999921321868896
1874,5,5,0.9999505281448364
1875,7,7,0.9999889135360718
1876,1,1,0.9999387264251709
1877,8,8,0.9999792575836182
1878,8,2,0.5057454109191895
1879,5,5,0.9997702240943909
1880,6,6,0.8930969834327698
1881,9,9,0.999943733215332
1882,8,8,0.9999970197677612
1883,7,7,0.9950177073478699
1884,1,1,0.999129593372345
1885,1,1,0.9998316764831543
1886,6,6,0.9995313882827759
1887,7,7,0.9998860359191895
1888,6,6,0.9797691106796265
1889,3,3,0.9999850988388062
1890,2,2,1.0
1891,2,2,0.9999991655349731
1892,0,0,0.9999982118606567
1893,8,8,0.9999972581863403
1894,9,9,0.9970991611480713
1895,2,2,0.9999943971633911
1896,5,5,0.9998564720153809
1897,1,1,0.9997652173042297
1898,0,0,0.9993182420730591
1899,8,8,0.9991061091423035
1900,1,1,0.9844321012496948
1901,9,4,0.8658972978591919
1902,5,5,0.9999748468399048
1903,7,7,0.8464193940162659
1904,9,9,0.9998118281364441
1905,6,6,0.999996542930603
1906,9,9,0.9999322891235352
1907,0,0,0.9999408721923828
1908,6,6,0.9993094205856323
1909,1,1,0.9579230546951294
1910,5,5,0.9997636675834656
1911,5,5,0.9935437440872192
1912,8,8,0.9998953342437744
1913,3,3,0.9683212637901306
1914,8,8,0.9999984502792358
1915,2,2,0.9999567270278931
1916,6,6,0.9996974468231201
1917,5,5,0.9999724626541138
1918,0,0,0.9999281167984009
1919,7,7,0.999909520149231
1920,4,4,0.9947022795677185
1921,6,6,0.9999898672103882
1922,1,1,0.9999176263809204
1923,3,3,0.9999964237213135
1924,4,4,0.9817277193069458
1925,7,7,0.9998670816421509
1926,3,3,0.9999527931213379
1927,2,2,0.9999880790710449
1928,3,3,0.9999916553497314
1929,4,4,0.9997745156288147
1930,2,2,0.9998751878738403
1931,5,5,0.9973152279853821
1932,2,2,0.9999932050704956
1933,7,7,0.9998458623886108
1934,1,1,0.999811589717865
1935,7,7,0.9998887777328491
1936,2,2,0.9999964237213135
1937,6,6,0.9998961687088013
1938,4,4,0.9521642327308655
1939,1,1,0.999516487121582
1940,5,5,0.9981219172477722
1941,7,7,0.9935810565948486
1942,8,8,0.9991826415061951
1943,6,6,0.9961960315704346
1944,0,0,0.9997027516365051
1945,1,1,0.9996589422225952
1946,8,8,0.9999591112136841
1947,2,2,0.9999033212661743
1948,5,5,0.9979599714279175
1949,7,7,0.9991928935050964
1950,7,7,0.999983549118042
1951,6,6,0.999942421913147
1952,9,9,0.9930917024612427
1953,3,3,0.9999595880508423
1954,5,5,0.9939478635787964
1955,8,8,0.9906069040298462
1956,4,4,0.9910658001899719
1957,2,2,0.9999959468841553
1958,4,4,0.9999998807907104
1959,0,0,0.9999666213989258
1960,8,8,0.9999984502792358
1961,8,8,0.9994619488716125
1962,3,3,0.9999874830245972
1963,4,4,0.9985532164573669
1964,9,9,0.9994695782661438
1965,2,2,0.9997726082801819
1966,7,7,0.9999960660934448
1967,5,5,0.9999980926513672
1968,8,8,0.9894005656242371
1969,6,6,0.9995583891868591
1970,5,5,0.9998793601989746
1971,6,6,0.9999490976333618
1972,0,0,0.9999829530715942
1973,8,8,0.9997066855430603
1974,6,6,0.9999450445175171
1975,7,7,0.9999685287475586
1976,3,3,0.9934606552124023
1977,6,6,0.9999740123748779
1978,4,4,0.9993040561676025
1979,9,9,0.999785840511322
1980,4,4,0.9999985694885254
1981,6,6,0.9552112817764282
1982,6,6,0.7614002823829651
1983,3,3,0.999992847442627
1984,2,2,0.9997448325157166
1985,4,4,0.9999940395355225
1986,1,1,0.9997201561927795
1987,0,0,0.9330040812492371
1988,1,1,0.9834286570549011
1989,4,4,0.9847006797790527
1990,6,6,0.999579131603241
1991,2,2,0.9999948740005493
1992,9,9,0.9866076707839966
1993,1,1,0.9994496703147888
1994,1,1,0.9982355833053589
1995,0,0,0.9999839067459106
1996,6,6,0.9980921149253845
1997,3,3,0.9999972581863403
1998,9,9,0.998360812664032
1999,5,5,0.9985398054122925
2000,6,6,0.9998500347137451
2001,5,5,0.9957941770553589
2002,6,6,0.9999682903289795
2003,5,5,0.9999650716781616
2004,8,8,0.9994478821754456
2005,4,4,0.9999500513076782
2006,6,6,0.999092698097229
2007,4,4,0.9999964237213135
2008,3,3,0.9999487400054932
2009,9,9,0.9998822212219238
2010,1,1,0.9991305470466614
2011,3,3,0.9999692440032959
2012,4,4,0.9999663829803467
2013,1,1,0.9997195601463318
2014,9,9,0.9996724128723145
2015,1,1,0.9996178150177002
2016,7,7,0.9636474847793579
2017,1,1,0.9997727274894714
2018,1,1,0.39749807119369507
2019,9,9,0.9999830722808838
2020,3,3,0.9999961853027344
2021,5,5,0.9999719858169556
2022,4,4,0.9999828338623047
2023,0,0,0.9999282360076904
2024,7,7,0.8975762128829956
2025,3,3,0.9793437719345093
2026,6,6,0.9999988079071045
2027,1,1,0.9986874461174011
2028,7,7,0.9855254292488098
2029,5,5,0.9999239444732666
2030,5,5,0.9998481273651123
2031,3,3,0.9999994039535522
2032,3,3,0.9999892711639404
2033,0,0,0.999474823474884
2034,1,1,0.9998815059661865
2035,5,3,0.8711820840835571
2036,7,7,0.9998704195022583
2037,5,5,0.9988455772399902
2038,8,8,0.9953089356422424
2039,6,6,0.9996030926704407
2040,5,5,0.6392406225204468
2041,1,1,0.998823344707489
2042,0,0,0.999990701675415
2043,4,4,0.797187328338623
2044,2,2,0.996136486530304
2045,3,3,0.9999948740005493
2046,4,4,0.9999277591705322
2047,6,6,0.9958873391151428
2048,7,7,0.9902963042259216
2049,9,9,0.9985860586166382
2050,8,8,0.9999430179595947
2051,1,1,0.9999001026153564
2052,8,8,0.9721002578735352
2053,4,9,0.739101231098175
2054,9,9,0.9999736547470093
2055,2,2,0.9995391368865967
2056,8,8,0.9993928670883179
2057,6,6,0.9998643398284912
2058,2,2,0.9984933137893677
2059,7,7,0.9987338185310364
2060,0,0,0.9999402761459351
2061,0,0,0.999970555305481
2062,6,6,0.999994158744812
2063,7,7,0.9728326797485352
2064,5,5,0.9999678134918213
2065,8,8,0.9998831748962402
2066,6,6,0.9995250701904297
2067,0,0,0.9999089241027832
2068,9,9,0.9985377788543701
2069,3,3,0.9999967813491821
2070,7,9,0.9037440419197083
2071,1,1,0.9984768033027649
2072,3,3,0.9999873638153076
2073,5,5,0.9995816349983215
2074,4,4,0.9991559982299805
2075,3,3,0.9990606904029846
2076,3,3,0.9999954700469971
2077,5,5,0.9999537467956543
2078,5,5,0.9999850988388062
2079,6,6,0.9998420476913452
2080,3,3,0.9999973773956299
2081,0,0,0.9999970197677612
2082,2,2,0.9999942779541016
2083,3,3,0.9999760389328003
2084,4,4,0.998745322227478
2085,2,2,0.9999866485595703
2086,3,3,0.9999912977218628
2087,0,0,0.9999773502349854
2088,9,9,0.9999849796295166
2089,9,9,0.999935507774353
2090,4,4,0.9412945508956909
2091,7,7,0.9998723268508911
2092,2,2,0.9999995231628418
2093,8,8,0.9921087622642517
2094,4,4,0.9991174340248108
2095,7,7,0.9998418092727661
2096,0,0,0.9999797344207764
2097,6,6,0.9995542168617249
2098,2,2,0.9657888412475586
2099,8,8,0.9967358708381653
2100,5,5,0.9999616146087646
2101,2,2,0.9999914169311523
2102,8,8,0.9999979734420776
2103,5,5,0.9998493194580078
2104,7,7,0.9991852641105652
2105,3,3,0.9971693158149719
2106,0,0,0.9999768733978271
2107,8,8,0.8860539197921753
2108,2,2,0.9999891519546509
2109,3,9,0.4187740981578827
2110,2,2,0.9998840093612671
2111,8,8,0.999954104423523
2112,2,2,0.9999972581863403
2113,5,5,0.9767841696739197
2114,5,5,0.999886155128479
2115,7,7,0.9857534170150757
2116,6,6,0.9965023994445801
2117,4,4,0.9999880790710449
2118,6,0,0.8826140761375427
2119,8,8,0.9999979734420776
2120,4,4,0.9999959468841553
2121,8,8,0.9956358075141907
2122,2,2,0.9999762773513794
2123,7,7,0.9985377788543701
2124,4,4,0.9999983310699463
2125,5,5,0.9961704611778259
2126,2,2,0.9999998807907104
2127,0,0,0.9999970197677612
2128,3,3,0.9999592304229736
2129,9,9,0.813862681388855
2130,4,9,0.9966963529586792
2131,6,6,0.9991995692253113
2132,7,7,0.9998931884765625
2133,2,2,0.9999665021896362
2134,5,5,0.9999749660491943
2135,6,1,0.7925465106964111
2136,1,1,0.9978467226028442
2137,1,1,0.9998242259025574
2138,2,2,0.9996374845504761
2139,3,3,0.9999974966049194
2140,6,6,0.9999963045120239
2141,7,7,0.9999604225158691
2142,8,8,0.9998990297317505
2143,7,7,0.9984965324401855
2144,6,6,0.9987902045249939
2145,4,4,0.9997629523277283
2146,8,8,0.9998401403427124
2147,9,9,0.9994865655899048
2148,4,4,0.8772786855697632
2149,8,8,0.9987344145774841
2150,6,6,0.9995563626289368
2151,3,3,0.9997380375862122
2152,8,8,0.9999911785125732
2153,3,3,0.999356210231781
2154,1,1,0.9996681213378906
2155,0,0,0.9999891519546509
2156,6,6,0.9999618530273438
2157,2,2,0.9999809265136719
2158,2,2,0.9999779462814331
2159,5,5,0.9997339844703674
2160,6,6,0.9999184608459473
2161,9,9,0.9975759387016296
2162,5,5,0.9892446994781494
2163,8,8,0.9999985694885254
2164,1,1,0.9997819066047668
2165,4,4,0.9999988079071045
2166,1,1,0.987101674079895
2167,7,7,0.9999533891677856
2168,8,8,0.9995457530021667
2169,4,4,0.9998382329940796
2170,6,6,0.9999855756759644
2171,1,1,0.9996682405471802
2172,8,8,0.9999839067459106
2173,4,4,0.9999865293502808
2174,3,3,0.9971969127655029
2175,1,1,0.9942129254341125
2176,2,2,0.9999716281890869
2177,8,8,0.9999994039535522
2178,0,0,0.9999969005584717
2179,8,8,0.9936841130256653
2180,5,5,0.9999642372131348
2181,9,9,0.999975323677063
2182,1,3,0.931220531463623
2183,4,4,0.9998944997787476
2184,2,2,0.9999994039535522
2185,0,0,0.816888689994812
2186,2,2,0.8897262811660767
2187,7,7,0.9999328851699829
2188,0,0,0.998200535774231
2189,9,9,0.9601054191589355
2190,0,0,0.9999179840087891
2191,2,2,0.9999990463256836
2192,5,5,0.9984470009803772
2193,7,7,0.9998655319213867
2194,6,6,0.999774158000946
2195,7,7,0.9987419247627258
2196,9,9,0.9999315738677979
2197,4,4,0.9948300719261169
2198,2,2,0.999951958656311
2199,6,6,0.9993690848350525
2200,2,2,0.9933184385299683
2201,4,4,0.9999064207077026
2202,4,4,0.9996962547302246
2203,8,8,0.9999731779098511
2204,0,0,0.9996821880340576
2205,4,4,0.9996166229248047
2206,4,4,0.9999097585678101
2207,5,5,0.9999996423721313
2208,8,8,0.9999737739562988
2209,0,0,0.9999728202819824
2210,6,6,0.9999127388000488
2211,8,8,0.9999858140945435
2212,9,9,0.999711811542511
2213,8,8,0.9999998807907104
2214,5,5,0.9999479055404663
2215,6,6,0.9955348968505859
2216,9,9,0.9997344613075256
2217,0,0,0.9999994039535522
2218,4,4,0.9992398023605347
2219,8,8,0.9999815225601196
2220,7,7,0.9999765157699585
2221,1,1,0.9997242093086243
2222,3,3,0.9955534338951111
2223,4,4,0.9999290704727173
2224,5,5,0.941069483757019
2225,8,8,0.8965834975242615
2226,0,0,0.9999176263809204
2227,9,9,0.99988853931427
2228,1,1,0.9996622800827026
2229,3,3,0.9999498128890991
2230,3,3,0.9999992847442627
2231,6,6,0.999998927116394
2232,9,9,0.9997521042823792
2233,8,8,0.9999513626098633
2234,7,7,0.9940091371536255
2235,1,1,0.9998308420181274
2236,0,0,0.9999978542327881
2237,5,5,0.9746012091636658
2238,7,7,0.9998137354850769
2239,1,1,0.9997519850730896
2240,7,7,0.9999971389770508
2241,5,5,0.9999701976776123
2242,2,2,0.9999386072158813
2243,7,7,0.999884843826294
2244,9,9,0.9997970461845398
2245,1,1,0.9995136260986328
2246,8,8,0.9995749592781067
2247,5,5,0.9995636343955994
2248,2,2,0.9999895095825195
2249,4,4,0.9999995231628418
2250,9,9,0.9999551773071289
2251,4,4,0.9981829524040222
2252,7,7,0.9996646642684937
2253,2,2,0.9996747970581055
2254,2,2,0.999976396560669
2255,3,3,0.9999455213546753
2256,4,4,0.9999880790710449
2257,9,9,0.999823272228241
2258,1,1,0.9934817552566528
2259,9,9,0.9999606609344482
2260,2,2,0.9999960660934448
2261,1,1,0.9999264478683472
2262,7,7,0.9997275471687317
2263,9,9,0.9999983310699463
2264,4,4,0.9998745918273926
2265,4,4,0.9999549388885498
2266,1,3,0.4169017970561981
2267,6,6,0.9999539852142334
2268,7,7,0.9999101161956787
2269,2,2,0.9999865293502808
2270,7,7,0.9997826218605042
2271,8,8,0.999970555305481
2272,8,8,0.7186519503593445
2273,1,1,0.9994938373565674
2274,9,9,0.999941349029541
2275,7,7,0.9996029734611511
2276,1,1,0.9963163137435913
2277,1,1,0.999817430973053
2278,7,7,0.9998749494552612
2279,5,5,0.9992282390594482
2280,3,3,0.8176548480987549
2281,3,3,0.9999513626098633
2282,5,5,0.9990333318710327
2283,1,1,0.9998131394386292
2284,3,3,0.9999687671661377
2285,7,7,0.9999788999557495
2286,6,6,0.9997097849845886
2287,1,1,0.9997805953025818
2288,3,3,0.9986225366592407
2289,8,8,0.9997591376304626
2290,7,7,0.9987117052078247
2291,5,5,0.9912119507789612
2292,9,9,0.9858660697937012
2293,9,0,0.4810526669025421
2294,0,0,0.9998719692230225
2295,0,0,0.9999990463256836
2296,2,2,0.9999643564224243
2297,8,8,0.9999665021896362
2298,8,8,0.9988589286804199
2299,2,2,0.9973037242889404
2300,3,3,0.9998996257781982
2301,7,7,0.9999810457229614
2302,1,1,0.9979027509689331
2303,3,3,0.9999525547027588
2304,0,0,0.9999679327011108
2305,3,3,0.9982940554618835
2306,4,4,0.9998427629470825
2307,4,4,0.9999796152114868
2308,3,3,0.9990503191947937
2309,8,8,0.9989075660705566
2310,9,9,0.999874472618103
2311,2,2,0.9997901320457458
2312,3,3,0.9999392032623291
2313,9,9,0.9999338388442993
2314,7,7,0.9912017583847046
2315,1,1,0.9998026490211487
2316,1,1,0.9996424913406372
2317,7,7,0.9998698234558105
2318,0,0,0.9967501163482666
2319,4,4,0.9999406337738037
2320,9,9,0.9811939597129822
2321,6,6,0.9999964237213135
2322,5,5,0.9998007416725159
2323,9,9,0.9999749660491943
2324,1,1,0.9993859529495239
2325,7,7,0.9973132014274597
2326,0,0,0.9627852439880371
2327,2,2,0.9999445676803589
2328,0,0,0.9999568462371826
2329,0,0,0.8808279633522034
2330,4,4,0.9999042749404907
2331,6,6,0.9998176693916321
2332,7,7,0.9997443556785583
2333,0,0,0.9984448552131653
2334,7,7,0.9992684721946716
2335,1,1,0.9997250437736511
2336,4,4,0.9999977350234985
2337,6,6,0.999998927116394
2338,4,4,0.9993876218795776
2339,5,5,0.8940495848655701
2340,4,4,0.9999958276748657
2341,9,9,0.999789297580719
2342,9,9,0.9999520778656006
2343,1,1,0.9611425399780273
2344,7,7,0.9999948740005493
2345,9,9,0.9989540576934814
2346,5,5,0.9999986886978149
2347,3,3,0.9992175102233887
2348,3,3,0.999835729598999
2349,8,8,0.9999995231628418
2350,2,2,0.9999984502792358
2351,3,3,0.998416543006897
2352,6,6,0.9999833106994629
2353,2,2,0.9999983310699463
2354,2,2,0.9999996423721313
2355,1,1,0.9969425797462463
2356,1,1,0.9998134970664978
2357,1,1,0.9997491240501404
2358,1,1,0.9961064457893372
2359,1,1,0.999769389629364
2360,6,6,0.9999774694442749
2361,9,9,0.9998867511749268
2362,8,8,0.9998304843902588
2363,4,4,0.9928473830223083
2364,3,3,0.9999076128005981
2365,7,7,0.999869704246521
2366,1,1,0.9983370304107666
2367,6,6,0.9998524188995361
2368,4,4,0.9999701976776123
2369,5,3,0.6353619694709778
2370,0,0,0.9999169111251831
2371,4,4,0.9693301320075989
2372,7,7,0.9983643889427185
2373,4,4,0.9999985694885254
2374,2,2,0.9999544620513916
2375,4,4,0.9992297887802124
2376,0,0,0.9999277591705322
2377,7,7,0.9961984753608704
2378,0,0,0.9337700009346008
2379,1,1,0.9997808337211609
2380,9,9,0.7134195566177368
2381,8,8,0.9998942613601685
2382,8,8,0.9952595829963684
2383,6,6,0.9999833106994629
2384,0,0,0.9998399019241333
2385,0,0,0.9999836683273315
2386,4,4,0.9998317956924438
2387,9,1,0.5468159914016724
2388,6,6,0.9999116659164429
2389,8,8,0.9999933242797852
2390,2,2,0.9999980926513672
2391,2,2,0.9999419450759888
2392,3,3,0.999966025352478
2393,8,8,0.9993773102760315
2394,4,4,0.9874526858329773
2395,8,8,0.9659726619720459
2396,2,2,0.9994872808456421
2397,2,2,0.9998612403869629
2398,1,1,0.9923464059829712
2399,7,7,0.9999203681945801
2400,5,5,0.9970177412033081
2401,4,4,0.9999958276748657
2402,4,4,0.9999188184738159
2403,0,0,0.9999903440475464
2404,4,4,0.9990822076797485
2405,3,3,0.9502552151679993
2406,9,9,0.9493785500526428
2407,7,7,0.9999971389770508
2408,3,3,0.9988836646080017
2409,1,1,0.9964878559112549
2410,0,0,0.9999576807022095
2411,1,1,0.999970555305481
2412,2,2,0.9999769926071167
2413,5,5,0.999976634979248
2414,9,8,0.5722344517707825
2415,2,2,0.9997180104255676
2416,1,1,0.9991418123245239
2417,0,0,0.9990647435188293
2418,1,1,0.9997753500938416
2419,8,8,0.999895453453064
2420,9,9,0.9999786615371704
2421,1,1,0.9995850920677185
2422,6,6,0.9646972417831421
2423,8,8,0.9997825026512146
2424,3,3,0.999824583530426
2425,8,8,0.9996521472930908
2426,9,9,0.5906365513801575
2427,3,3,0.9999626874923706
2428,6,6,0.9999836683273315
2429,2,2,0.9998465776443481
2430,8,8,0.999991774559021
2431,3,3,0.9998966455459595
2432,2,2,0.9999467134475708
2433,2,2,0.9996649026870728
2434,1,1,0.9983201622962952
2435,0,0,0.999997615814209
2436,4,4,0.9995664954185486
2437,2,2,0.9483649730682373
2438,9,9,0.9997109770774841
2439,2,2,0.9999828338623047
2440,4,4,0.9998146891593933
2441,3,3,0.9992297887802124
2442,7,7,0.9999115467071533
2443,9,9,0.9999651908874512
2444,1,1,0.9997443556785583
2445,5,5,0.9999970197677612
2446,2,2,0.9999945163726807
2447,4,9,0.7728257775306702
2448,9,9,0.9983605742454529
2449,0,0,0.9942745566368103
2450,3,3,0.9982036352157593
2451,8,8,0.9999994039535522
2452,5,5,0.9999992847442627
2453,3,3,0.999599039554596
2454,6,6,0.6529640555381775
2455,0,0,0.99896240234375
2456,9,9,0.9994660019874573
2457,4,4,0.9825426340103149
2458,6,6,0.9999945163726807
2459,2,2,0.9996582269668579
2460,5,5,0.9987855553627014
2461,0,0,0.9999631643295288
2462,2,0,0.7203605771064758
2463,7,7,0.999710738658905
2464,4,4,0.9990397095680237
2465,6,6,0.9999837875366211
2466,6,6,0.9999557733535767
2467,8,8,0.9999967813491821
2468,6,6,0.999975323677063
2469,6,6,0.9990286827087402
2470,8,8,0.9999979734420776
2471,6,6,0.9999476671218872
2472,9,9,0.9997463822364807
2473,1,1,0.9425826668739319
2474,7,7,0.9997060894966125
2475,2,2,0.9999985694885254
2476,5,5,0.9955964684486389
2477,9,9,0.9999551773071289
2478,9,9,0.9994447827339172
2479,0,0,0.9997270703315735
2480,7,7,0.8947882056236267
2481,2,2,0.999993085861206
2482,7,7,0.9999104738235474
2483,6,6,0.9999819993972778
2484,7,7,0.9988631010055542
2485,0,0,0.9999896287918091
2486,6,6,0.9999961853027344
2487,5,5,0.9998273849487305
2488,2,2,0.8696755766868591
2489,4,4,0.9993618130683899
2490,7,7,0.9992820620536804
2491,2,2,0.9999579191207886
2492,0,0,0.9999232292175293
2493,9,9,0.9999152421951294
2494,9,9,0.9996310472488403
2495,2,2,0.9999936819076538
2496,2,2,0.9962635636329651
2497,9,9,0.9994957447052002
2498,4,4,0.9997612833976746
2499,4,4,0.9999933242797852
2500,2,2,0.9998249411582947
2501,3,3,0.9999948740005493
2502,3,3,0.9999891519546509
2503,2,2,0.9999994039535522
2504,1,1,0.9989577531814575
2505,7,7,0.9999667406082153
2506,0,0,0.9999818801879883
2507,7,7,0.991139829158783
2508,6,6,0.9957162737846375
2509,4,4,0.9999295473098755
2510,1,1,0.9998455047607422
2511,3,3,0.9997977614402771
2512,8,8,0.9997631907463074
2513,7,7,0.9998917579650879
2514,4,4,0.9922255277633667
2515,5,5,0.9996672868728638
2516,9,9,0.9990611672401428
2517,2,2,0.9999583959579468
2518,5,5,0.9999997615814209
2519,1,1,0.9996731281280518
2520,8,8,0.9999876022338867
2521,7,7,0.9989136457443237
2522,3,3,0.9999793767929077
2523,7,7,0.7997453212738037
2524,1,1,0.9998111128807068
2525,5,5,0.9042291641235352
2526,5,5,0.9239078164100647
2527,0,0,0.9999091625213623
2528,9,9,0.9980037808418274
2529,1,1,0.9997631907463074
2530,4,4,0.9997740387916565
2531,0,0,0.9999980926513672
2532,6,6,0.9868691563606262
2533,3,3,0.999565064907074
2534,3,3,0.9377521276473999
2535,6,6,0.999910831451416
2536,0,0,0.9999840259552002
2537,4,4,0.9999618530273438
2538,9,9,0.9999804496765137
2539,7,7,0.9997109770774841
2540,5,5,0.9992735981941223
2541,1,1,0.9998427629470825
2542,6,6,0.9996734857559204
2543,8,8,0.9999699592590332
2544,9,9,0.9997093081474304
2545,5,5,0.999387264251709
2546,5,5,0.9999951124191284
2547,7,7,0.9999622106552124
2548,9,9,0.9994285702705383
2549,3,3,0.9999912977218628
2550,8,8,0.9999288320541382
2551,3,3,0.9984899759292603
2552,8,8,0.9999771118164062
2553,1,1,0.9998161196708679
2554,5,5,0.9999949932098389
2555,3,3,0.9999868869781494
2556,5,5,0.9373037219047546
2557,0,0,0.999987006187439
2558,5,5,0.9999953508377075
2559,5,5,0.9877479076385498
2560,3,3,0.9853848814964294
2561,8,8,0.9999948740005493
2562,6,6,0.999937891960144
2563,7,7,0.9999603033065796
2564,7,7,0.9993358254432678
2565,7,7,0.9999943971633911
2566,3,3,0.9999961853027344
2567,7,7,0.999754011631012
2568,0,0,0.9999682903289795
2569,5,5,0.9987840056419373
2570,9,9,0.9994290471076965
2571,0,0,0.9995042085647583
2572,2,2,0.9999880790710449
2573,5,5,0.9794211387634277
2574,5,5,0.9600226879119873
2575,3,3,0.9999990463256836
2576,1,1,0.9980940222740173
2577,7,7,0.9998410940170288
2578,7,7,0.9344005584716797
2579,8,8,0.9999988079071045
2580,6,6,0.999951958656311
2581,5,5,0.9999814033508301
2582,9,9,0.9876301884651184
2583,3,3,0.9999926090240479
2584,8,8,0.9999551773071289
2585,9,9,0.9998968839645386
2586,5,5,0.9997543692588806
2587,3,3,0.9999903440475464
2588,7,7,0.9981957077980042
2589,9,9,0.9951015114784241
2590,1,1,0.9989261031150818
2591,7,7,0.9998449087142944
2592,0,0,0.9999765157699585
2593,0,0,0.9999558925628662
2594,3,3,0.9998089671134949
2595,7,7,0.9999983310699463
2596,2,2,0.9996460676193237
2597,5,3,0.99858558177948
2598,8,8,0.9983999133110046
2599,1,1,0.9996126294136047
2600,8,8,0.9999949932098389
2601,6,6,0.9998335838317871
2602,2,2,0.9999589920043945
2603,9,9,0.9990938901901245
2604,5,5,0.9994350075721741
2605,7,7,0.9997573494911194
2606,5,5,0.9999908208847046
2607,7,7,0.8636861443519592
2608,8,8,0.9999712705612183
2609,6,6,0.9920166730880737
2610,2,2,0.9994992017745972
2611,5,5,0.9999430179595947
2612,1,1,0.9993833303451538
2613,4,4,0.9999947547912598
2614,8,8,0.9999709129333496
2615,4,4,0.9999971389770508
2616,5,5,0.9998089671134949
2617,8,8,0.9940734505653381
2618,3,3,0.9494094848632812
2619,0,0,0.9999469518661499
2620,6,6,0.9995282888412476
2621,2,2,0.9999985694885254
2622,7,7,0.999942421913147
2623,3,3,0.9998282194137573
2624,3,3,0.999963641166687
2625,2,2,0.9999619722366333
2626,1,1,0.9999102354049683
2627,0,0,0.9999873638153076
2628,7,7,0.9999477863311768
2629,3,3,0.9996651411056519
2630,4,4,0.98589688539505
2631,0,0,0.9817036986351013
2632,3,3,0.9999914169311523
2633,9,9,0.9999942779541016
2634,3,3,0.9999862909317017
2635,2,2,0.9541401267051697
2636,8,8,0.9998937845230103
2637,9,9,0.9999942779541016
2638,0,0,0.9998910427093506
2639,3,3,0.9999979734420776
2640,8,8,0.9999301433563232
2641,0,0,0.999941349029541
2642,7,7,0.9994698166847229
2643,6,6,0.9997597336769104
2644,5,5,0.99998939037323
2645,4,4,0.991184413433075
2646,7,7,0.9999468326568604
2647,3,3,0.9998406171798706
2648,9,9,0.9645727872848511
2649,0,0,0.9981364011764526
2650,8,8,0.9998348951339722
2651,6,6,0.9982200264930725
2652,2,2,0.9999806880950928
2653,5,5,0.999993085861206
2654,6,1,0.8998532295227051
2655,1,1,0.9998676776885986
2656,0,0,0.9999480247497559
2657,0,0,0.9999985694885254
2658,4,4,0.9998780488967896
2659,4,4,0.8998433351516724
2660,0,0,0.9999417066574097
2661,1,1,0.9998224377632141
2662,2,2,0.9999849796295166
2663,3,3,0.9999756813049316
2664,2,2,0.9999927282333374
2665,7,7,0.9995904564857483
2666,7,7,0.9999346733093262
2667,8,8,0.9999972581863403
2668,5,5,0.9955301880836487
2669,2,2,0.9999996423721313
2670,5,5,0.992375910282135
2671,7,7,0.9941457509994507
2672,6,6,0.9988948702812195
2673,9,9,0.9992038607597351
2674,1,1,0.9998249411582947
2675,4,4,0.9999990463256836
2676,1,1,0.9966549873352051
2677,6,6,0.9999896287918091
2678,4,4,0.9662607312202454
2679,2,2,0.9999992847442627
2680,4,4,0.9998575448989868
2681,3,3,0.9983025789260864
2682,5,5,0.9999890327453613
2683,4,4,0.9997182488441467
2684,3,3,0.9998644590377808
2685,9,9,0.9980290532112122
2686,5,5,0.7756274342536926
2687,0,0,0.9999886751174927
2688,1,1,0.9999330043792725
2689,5,5,0.9594551920890808
2690,3,3,0.999997615814209
2691,8,8,0.9999946355819702
2692,9,9,0.9995564818382263
2693,1,1,0.999882698059082
2694,9,9,0.9998980760574341
2695,7,7,0.983394980430603
2696,9,9,0.9995405673980713
2697,5,5,0.9996826648712158
2698,5,5,0.9989790916442871
2699,2,2,0.9994088411331177
2700,7,7,0.9989686012268066
2701,4,4,0.9999291896820068
2702,6,6,0.9976244568824768
2703,0,0,0.9999186992645264
2704,1,1,0.9999361038208008
2705,1,1,0.9229722023010254
2706,1,1,0.9997867941856384
2707,0,0,0.999998927116394
2708,4,4,0.999504804611206
2709,4,4,0.9994103908538818
2710,7,7,0.9983965754508972
2711,6,6,0.9999985694885254
2712,3,3,0.9996423721313477
2713,0,0,0.9401774406433105
2714,0,0,0.9999958276748657
2715,4,4,0.9961538910865784
2716,3,3,0.999982476234436
2717,0,0,0.9999904632568359
2718,6,6,0.9983609318733215
2719,1,1,0.9999192953109741
2720,9,9,0.9267147779464722
2721,6,6,0.99681156873703
2722,1,1,0.9997907280921936
2723,3,3,0.9999730587005615
2724,8,8,0.9998776912689209
2725,1,1,0.9998514652252197
2726,2,2,0.9999595880508423
2727,5,5,0.9999433755874634
2728,6,6,0.9999762773513794
2729,2,2,0.9999996423721313
2730,7,7,0.9880401492118835
2731,3,3,0.9998611211776733
2732,6,6,0.9877344965934753
2733,0,0,0.9999817609786987
2734,1,1,0.9982789754867554
2735,9,9,0.9780560731887817
2736,7,7,0.9987576007843018
2737,6,6,0.9996834993362427
2738,6,6,0.9999392032623291
2739,8,8,0.9999072551727295
2740,9,9,0.9995664954185486
2741,2,2,0.999994158744812
2742,9,9,0.7479063868522644
2743,5,5,0.9633434414863586
2744,8,8,0.9996150732040405
2745,3,3,0.9997707009315491
2746,1,1,0.9999382495880127
2747,0,0,0.9999313354492188
2748,0,0,0.9998204112052917
2749,7,7,0.9974439144134521
2750,6,6,0.9978906512260437
2751,6,6,0.9975957274436951
2752,2,2,0.9999996423721313
2753,1,1,0.9995102882385254
2754,6,6,0.8437100052833557
2755,9,9,0.9987277388572693
2756,3,3,0.9993330836296082
2757,1,1,0.9998931884765625
2758,8,8,0.9960601925849915
2759,6,6,0.9999607801437378
2760,9,9,0.8841812014579773
2761,0,0,0.9999616146087646
2762,6,6,0.9997429251670837
2763,0,0,0.9999943971633911
2764,0,0,0.9995948672294617
2765,0,0,0.9999890327453613
2766,6,6,0.9990574717521667
2767,3,3,0.9995816349983215
2768,5,5,0.9999898672103882
2769,9,9,0.988481879234314
2770,3,3,0.7635568380355835
2771,4,4,0.7376324534416199
2772,5,5,0.999727189540863
2773,5,5,0.9997690320014954
2774,8,8,1.0
2775,5,5,0.9999072551727295
2776,3,3,0.9999957084655762
2777,0,0,0.9999692440032959
2778,4,4,0.9890025854110718
2779,0,0,0.999998927116394
2780,2,2,0.9792136549949646
2781,9,9,0.9998937845230103
2782,6,6,0.9998595714569092
2783,8,8,0.9991005659103394
2784,2,2,0.9999629259109497
2785,3,3,0.999998927116394
2786,1,1,0.9998949766159058
2787,2,2,0.9999905824661255
2788,1,1,0.9996050000190735
2789,1,1,0.9998829364776611
2790,5,5,0.9999896287918091
2791,6,6,0.9998103976249695
2792,9,9,0.9998633861541748
2793,8,8,0.9942312240600586
2794,0,0,0.9996156692504883
2795,6,6,0.9999681711196899
2796,6,6,0.9997963309288025
2797,5,5,0.999883770942688
2798,5,5,0.9999996423721313
2799,3,3,0.9999934434890747
2800,8,8,0.9998199343681335
2801,6,6,0.9999175071716309
2802,2,2,0.9984318614006042
2803,1,1,0.9942731261253357
2804,4,4,0.9999579191207886
2805,5,5,0.9999897480010986
2806,4,4,0.9999974966049194
2807,3,3,0.9999843835830688
2808,7,7,0.9873175024986267
2809,8,8,0.9999734163284302
2810,5,3,0.7361499667167664
2811,0,0,0.999896764755249
2812,9,9,0.9914030432701111
2813,3,3,0.9999682903289795
2814,5,5,0.9958819150924683
2815,1,1,0.9899898767471313
2816,1,1,0.9999651908874512
2817,0,0,0.9991124272346497
2818,4,4,0.9960038065910339
2819,4,4,0.9999805688858032
2820,7,7,0.9999743700027466
2821,0,0,0.9999716281890869
2822,1,1,0.9995556473731995
2823,7,7,0.6854668259620667
2824,0,0,0.9999631643295288
2825,1,1,0.9852730631828308
2826,6,6,0.999985933303833
2827,1,1,0.9992355108261108
2828,4,4,0.9955132603645325
2829,5,5,0.9997612833976746
2830,6,6,0.9998619556427002
2831,6,6,0.9995525479316711
2832,5,5,0.9971121549606323
2833,7,7,0.9999942779541016
2834,8,8,0.9994912147521973
2835,4,4,0.9993928670883179
2836,4,4,0.8274684548377991
2837,7,7,0.9999184608459473
2838,2,2,0.999996542930603
2839,5,5,0.9999955892562866
2840,3,3,0.9999420642852783
2841,7,7,0.9998393058776855
2842,0,0,0.999910831451416
2843,7,7,0.9904493689537048
2844,7,7,0.999991774559021
2845,9,9,0.9996209144592285
2846,6,6,0.9996100068092346
2847,4,4,0.9949281215667725
2848,2,2,0.9998633861541748
2849,8,8,0.9999979734420776
2850,5,5,0.9184865355491638
2851,7,7,0.9150434732437134
2852,8,8,0.9997261166572571
2853,3,3,0.9999065399169922
2854,9,9,0.9918808341026306
2855,5,5,0.9999791383743286
2856,8,8,0.9999536275863647
2857,9,9,0.9999877214431763
2858,9,9,0.9998055100440979
2859,8,8,0.9999921321868896
2860,6,6,0.794219970703125
2861,2,2,0.9999580383300781
2862,8,8,0.9947254061698914
2863,9,9,0.9564231038093567
2864,2,2,0.999618649482727
2865,3,3,0.9999978542327881
2866,6,6,0.9990096092224121
2867,1,1,0.9995973706245422
2868,1,1,0.9999505281448364
2869,8,8,0.9974935054779053
2870,9,9,0.999948263168335
2871,3,3,0.9999167919158936
2872,4,4,0.9993388056755066
2873,0,0,0.9999841451644897
2874,7,7,0.9999185800552368
2875,9,9,0.9994854927062988
2876,6,6,0.9999017715454102
2877,4,4,0.979069173336029
2878,1,1,0.9996358156204224
2879,4,4,0.9998075366020203
2880,1,1,0.9998058676719666
2881,3,3,0.9999854564666748
2882,4,4,0.9983876943588257
2883,9,9,0.999921441078186
2884,3,3,0.9999986886978149
2885,1,1,0.9993106126785278
2886,4,4,0.9999873638153076
2887,7,7,0.9999188184738159
2888,7,7,0.9971477389335632
2889,4,4,0.9999974966049194
2890,7,7,0.9996418952941895
2891,2,2,0.999994158744812
2892,9,9,0.9999897480010986
2893,3,3,0.9998069405555725
2894,0,0,0.9885244965553284
2895,8,8,0.9999957084655762
2896,8,0,0.9853960871696472
2897,8,8,0.9999958276748657
2898,4,4,0.9993515610694885
2899,0,0,0.9999788999557495
2900,4,4,0.9998606443405151
2901,4,4,0.9980462789535522
2902,1,1,0.9906402826309204
2903,5,5,0.9999983310699463
2904,2,2,0.9999994039535522
2905,8,8,0.9999940395355225
2906,3,3,0.9998564720153809
2907,4,4,0.9708885550498962
2908,9,9,0.9999713897705078
2909,5,5,0.999874472618103
2910,2,2,0.9993991851806641
2911,8,8,0.9974287152290344
2912,1,1,0.9996464252471924
2913,5,5,0.9997819066047668
2914,3,3,0.9999505281448364
2915,7,7,0.9915267825126648
2916,9,9,0.9998010993003845
2917,4,4,0.9999244213104248
2918,2,2,0.9999935626983643
2919,5,5,0.9995830655097961
2920,6,6,0.9987862706184387
2921,3,3,0.6856656670570374
2922,5,5,0.9999871253967285
2923,9,9,0.9998906850814819
2924,3,3,0.9999710321426392
2925,5,5,0.9907360672950745
2926,9,9,0.9998894929885864
2927,3,3,0.6947019696235657
2928,1,1,0.9999237060546875
2929,9,9,0.99969482421875
2930,5,5,0.7594065070152283
2931,3,3,0.9999798536300659
2932,0,0,0.9994043111801147
2933,6,6,0.9990808963775635
2934,9,9,0.9998669624328613
2935,8,8,0.9999995231628418
2936,4,4,0.9990857839584351
2937,0,0,0.9998194575309753
2938,4,4,0.9939204454421997
2939,9,5,0.7853888273239136
2940,2,2,0.99859219789505
2941,9,9,0.9999014139175415
2942,0,0,0.9999750852584839
2943,1,1,0.9994575381278992
2944,0,0,0.9980880618095398
2945,3,3,0.9918012022972107
2946,1,1,0.9996985197067261
2947,6,6,0.999982476234436
2948,5,5,0.9997603297233582
2949,8,8,0.9999868869781494
2950,1,1,0.9998107552528381
2951,5,5,0.9995716214179993
2952,3,3,0.9884135127067566
2953,3,3,0.824296236038208
2954,0,0,0.9999762773513794
2955,3,3,0.999976634979248
2956,5,5,0.9847913384437561
2957,5,5,0.9999833106994629
2958,9,9,0.9996770620346069
2959,2,3,0.6689965724945068
2960,8,8,0.9991471767425537
2961,7,7,0.9833146333694458
2962,0,0,0.9999880790710449
2963,4,4,0.9999690055847168
2964,9,9,0.9973514080047607
2965,1,1,0.9999127388000488
2966,9,9,0.9982576966285706
2967,7,7,0.9999526739120483
2968,7,7,0.9857823848724365
2969,5,5,0.9999475479125977
2970,5,5,0.5911770462989807
2971,2,2,0.999968409538269
2972,0,0,0.9813238978385925
2973,9,9,0.9999697208404541
2974,1,1,0.9997099041938782
2975,8,8,0.9993120431900024
2976,6,6,0.9989107847213745
2977,2,2,0.9981735944747925
2978,3,3,0.999981164932251
2979,9,9,0.9600034356117249
2980,6,6,0.9999856948852539
2981,2,2,0.999915361404419
2982,1,1,0.9996010661125183
2983,9,9,0.9998815059661865
2984,1,1,0.99981290102005
2985,3,3,0.9999780654907227
2986,5,5,0.9995146989822388
2987,5,5,0.9998288154602051
2988,0,0,0.9998857975006104
2989,3,3,0.9987078905105591
2990,8,8,0.9599506855010986
2991,3,3,0.9998936653137207
2992,3,3,0.9998341798782349
2993,7,7,0.9060595035552979
2994,6,6,0.9985349178314209
2995,6,8,0.9038349390029907
2996,0,0,0.9999946355819702
2997,1,1,0.9999254941940308
2998,4,4,0.9945875406265259
2999,0,0,0.9999728202819824
3000,6,6,0.999552309513092
3001,9,9,0.9991426467895508
3002,8,8,0.9999856948852539
3003,1,1,0.9987917542457581
3004,2,2,0.9996141195297241
3005,9,1,0.38375261425971985
3006,9,9,0.9998581409454346
3007,5,5,0.9999254941940308
3008,9,9,0.9999675750732422
3009,7,7,0.9999080896377563
3010,3,3,0.9999879598617554
3011,7,7,0.999158501625061
3012,8,8,0.9694362878799438
3013,0,0,0.999998927116394
3014,1,1,0.9996324777603149
3015,3,3,0.999994158744812
3016,0,0,0.999138355255127
3017,4,4,0.9999840259552002
3018,6,6,0.9999513626098633
3019,1,1,0.9998568296432495
3020,0,0,0.9999775886535645
3021,2,2,0.997391939163208
3022,5,5,0.9999738931655884
3023,8,8,0.9896681308746338
3024,4,4,0.9999268054962158
3025,4,4,0.9999943971633911
3026,1,1,0.9967578053474426
3027,1,1,0.9997099041938782
3028,5,5,0.9999998807907104
3029,4,4,0.9998847246170044
3030,6,6,0.46279436349868774
3031,6,6,0.9999890327453613
3032,0,0,0.9999829530715942
3033,6,6,0.9966668486595154
3034,9,9,0.9996427297592163
3035,2,2,0.9999837875366211
3036,6,6,0.999984622001648
3037,2,2,0.9999816417694092
3038,7,7,0.9990445971488953
3039,1,1,0.9989975094795227
3040,7,7,0.9980080723762512
3041,9,9,0.9999780654907227
3042,4,4,0.9999891519546509
3043,0,0,0.9999808073043823
3044,0,0,0.9999902248382568
3045,3,3,0.9999948740005493
3046,8,8,0.9999933242797852
3047,2,2,0.9999539852142334
3048,2,2,0.99996018409729
3049,3,3,0.9999818801879883
3050,1,1,0.9999207258224487
3051,6,6,0.9999042749404907
3052,0,0,0.9999957084655762
3053,5,5,0.9999991655349731
3054,7,7,0.9958208799362183
3055,7,7,0.9977062940597534
3056,9,9,0.9998898506164551
3057,2,2,0.9999955892562866
3058,6,6,0.9997870326042175
3059,7,7,0.9897729754447937
3060,9,9,0.6267330050468445
3061,7,7,0.9998031258583069
3062,8,8,0.9944393634796143
3063,6,6,0.9997643828392029
3064,8,8,0.9999947547912598
3065,8,8,0.9997230172157288
3066,4,4,0.9999983310699463
3067,6,6,0.9997331500053406
3068,8,8,0.9996784925460815
3069,4,4,0.9997472167015076
3070,1,1,0.9995563626289368
3071,2,2,0.9999996423721313
3072,8,8,0.999990701675415
3073,1,2,0.9687161445617676
3074,3,3,0.999998927116394
3075,9,9,0.9998019337654114
3076,4,4,0.9999942779541016
3077,0,0,0.9997876286506653
3078,3,3,0.9925165772438049
3079,7,7,0.9998750686645508
3080,3,3,0.9999958276748657
3081,2,2,0.9999988079071045
3082,3,3,0.9997636675834656
3083,3,3,0.9999715089797974
3084,7,7,0.9972980618476868
3085,3,3,0.9999557733535767
3086,4,4,0.9996564388275146
3087,0,0,0.9999386072158813
3088,6,6,0.9991624355316162
3089,2,2,0.9999712705612183
3090,0,0,0.9999845027923584
3091,8,8,0.9994945526123047
3092,1,1,0.9970176219940186
3093,5,5,0.999861478805542
3094,3,3,0.9628391265869141
3095,5,5,0.9999978542327881
3096,4,4,0.9977176189422607
3097,1,1,0.999901533126831
3098,7,7,0.9994490742683411
3099,1,1,0.9999285936355591
3100,5,5,0.9478537440299988
3101,7,7,0.9962671399116516
3102,5,5,0.8890988826751709
3103,7,7,0.9997895359992981
3104,3,3,0.9999732971191406
3105,2,2,0.9999980926513672
3106,2,2,0.9968875050544739
3107,7,7,0.992192804813385
3108,3,3,0.9962604641914368
3109,7,7,0.8298588395118713
3110,3,3,0.9999796152114868
3111,7,7,0.9998636245727539
3112,8,8,0.9999449253082275
3113,5,5,0.9999953508377075
3114,4,4,0.9761175513267517
3115,5,5,0.9985598921775818
3116,2,2,0.9999998807907104
3117,5,5,0.952040433883667
3118,6,6,0.9996793270111084
3119,5,5,0.9999988079071045
3120,3,3,0.9999042749404907
3121,6,6,0.9976333379745483
3122,7,7,0.9984498023986816
3123,4,4,0.9999856948852539
3124,1,1,0.9953638315200806
3125,7,7,0.9999692440032959
3126,1,1,0.9998162388801575
3127,5,5,0.9995180368423462
3128,2,2,0.9999994039535522
3129,3,3,0.7847761511802673
3130,6,6,0.9874124526977539
3131,3,3,0.9999749660491943
3132,1,1,0.8911013603210449
3133,4,4,0.9995699524879456
3134,2,2,0.9997722506523132
3135,6,6,0.9999879598617554
3136,7,7,0.9789867997169495
3137,4,4,0.9999287128448486
3138,3,3,0.999225378036499
3139,8,8,0.9999682903289795
3140,0,0,0.999969482421875
3141,6,6,0.9999428987503052
3142,2,2,0.9999953508377075
3143,1,1,0.9993289709091187
3144,6,6,0.999994158744812
3145,5,5,0.9998661279678345
3146,3,3,0.9992488026618958
3147,9,9,0.9999966621398926
3148,1,1,0.999829888343811
3149,9,9,0.9997712969779968
3150,3,3,0.9999994039535522
3151,2,2,0.9999294281005859
3152,1,1,0.9994096755981445
3153,8,8,0.9998452663421631
3154,4,4,0.9999635219573975
3155,4,4,0.999967098236084
3156,6,6,0.9999618530273438
3157,5,5,0.7997109293937683
3158,8,8,0.999893307685852
3159,6,6,0.9999840259552002
3160,9,9,0.898503839969635
3161,7,7,0.9992024302482605
3162,7,7,0.9999146461486816
3163,8,8,0.999314546585083
3164,6,6,0.997602641582489
3165,9,9,0.9999544620513916
3166,7,7,0.9982656836509705
3167,3,3,0.9989629983901978
3168,9,9,0.9999796152114868
3169,4,4,0.999997615814209
3170,0,0,0.9999785423278809
3171,5,5,0.9939438700675964
3172,4,4,0.9678282737731934
3173,6,6,0.9990682005882263
3174,4,4,0.999982476234436
3175,1,1,0.9994174242019653
3176,2,2,0.9997016787528992
3177,3,3,0.9999731779098511
3178,0,0,0.9999175071716309
3179,0,0,0.9999983310699463
3180,2,2,0.9999960660934448
3181,6,6,0.9998214840888977
3182,6,6,0.9999794960021973
3183,5,5,0.9998694658279419
3184,7,7,0.9921737909317017
3185,0,0,0.9997294545173645
3186,8,8,0.9980339407920837
3187,6,6,0.9999827146530151
3188,4,4,0.9999980926513672
3189,7,7,0.9985038042068481
3190,9,9,0.9997933506965637
3191,0,0,0.9999790191650391
3192,7,7,0.9999276399612427
3193,3,3,0.9998160004615784
3194,4,4,0.9995617270469666
3195,2,2,0.9999979734420776
3196,1,1,0.9983397722244263
3197,8,8,0.9999661445617676
3198,8,8,0.9999990463256836
3199,5,5,0.9999978542327881
3200,9,9,0.9999874830245972
3201,2,2,0.9999890327453613
3202,7,7,0.9986312985420227
3203,1,1,0.9997102618217468
3204,8,8,0.9999029636383057
3205,8,8,0.999711811542511
3206,8,8,0.9897087216377258
3207,2,2,0.9998843669891357
3208,7,7,0.9996764659881592
3209,6,6,0.9999068975448608
3210,0,0,0.9999510049819946
3211,1,1,0.9998360872268677
3212,2,2,0.9999891519546509
3213,7,7,0.8384997248649597
3214,1,1,0.9998050332069397
3215,0,0,0.999992847442627
3216,8,8,0.9998977184295654
3217,3,3,0.9999966621398926
3218,6,6,0.763167142868042
3219,0,0,0.9994934797286987
3220,5,5,0.9999790191650391
3221,3,3,0.9999641180038452
3222,6,6,0.9996781349182129
3223,2,2,1.0
3224,8,8,0.9978669881820679
3225,7,7,0.4806917905807495
3226,0,0,0.9999834299087524
3227,1,1,0.9998519420623779
3228,4,4,0.999929666519165
3229,2,2,0.9997656941413879
3230,1,1,0.9997321963310242
3231,1,1,0.999800980091095
3232,4,4,0.9999164342880249
3233,4,4,0.9996426105499268
3234,4,4,0.999998927116394
3235,4,4,0.9896461367607117
3236,7,7,0.9604080319404602
3237,1,1,0.9995471835136414
3238,6,6,0.9986900687217712
3239,2,2,0.9999792575836182
3240,9,9,0.9896120429039001
3241,9,9,0.9999899864196777
3242,0,0,0.9997815489768982
3243,0,0,0.999862790107727
3244,1,1,0.9998123049736023
3245,8,8,0.999573290348053
3246,8,8,0.9996113181114197
3247,4,4,0.9999266862869263
3248,3,3,0.9999936819076538
3249,4,4,0.9999744892120361
3250,2,2,0.9783446788787842
3251,0,0,0.9968241453170776
3252,6,6,0.9990328550338745
3253,1,1,0.9997345805168152
3254,6,6,0.9922341108322144
3255,1,1,0.9996939897537231
3256,2,2,0.9999710321426392
3257,2,2,0.9999995231628418
3258,2,2,0.9999997615814209
3259,1,1,0.9969203472137451
3260,2,2,0.9961728453636169
3261,3,3,0.9991029500961304
3262,7,7,0.9524859189987183
3263,8,8,0.9939908385276794
3264,1,1,0.9986053109169006
3265,0,0,0.9999954700469971
3266,0,0,0.9805302619934082
3267,2,2,0.998946487903595
3268,1,1,0.9999405145645142
3269,6,6,0.9878607392311096
3270,6,6,0.9999306201934814
3271,0,0,0.9999958276748657
3272,1,1,0.9993246793746948
3273,6,6,0.9998866319656372
3274,2,2,0.9999992847442627
3275,5,5,0.9996328353881836
3276,1,1,0.9999381303787231
3277,7,7,0.9967097043991089
3278,4,4,0.9999938011169434
3279,8,8,0.9999934434890747
3280,2,2,0.9997157454490662
3281,1,1,0.9995073080062866
3282,4,4,0.9996638298034668
3283,3,3,0.9999845027923584
3284,8,8,0.999708354473114
3285,3,3,0.9994663596153259
3286,9,9,0.9999921321868896
3287,9,9,0.9999542236328125
3288,4,4,0.8701314330101013
3289,8,9,0.6790782809257507
3290,3,3,0.9999310970306396
3291,4,4,0.9998076558113098
3292,7,7,0.9998818635940552
3293,2,2,0.9999994039535522
3294,7,7,0.9999392032623291
3295,5,5,0.9999972581863403
3296,7,7,0.9991704225540161
3297,0,0,0.9999868869781494
3298,4,4,0.999925971031189
3299,3,3,0.9999949932098389
3300,3,3,0.9999344348907471
3301,2,2,0.9999988079071045
3302,6,6,0.9998020529747009
3303,7,7,0.8897511959075928
3304,6,6,0.9998606443405151
3305,0,0,0.9977750182151794
3306,0,0,0.9999035596847534
3307,6,6,0.9999909400939941
3308,7,7,0.9999802112579346
3309,7,7,0.9999326467514038
3310,0,0,0.9999475479125977
3311,5,5,0.9999959468841553
3312,5,5,0.999281108379364
3313,8,8,0.9998200535774231
3314,1,1,0.9999171495437622
3315,0,0,0.9999992847442627
3316,7,7,0.7381338477134705
3317,0,0,0.9989228844642639
3318,2,2,0.9999918937683105
3319,8,8,0.998986542224884
3320,1,1,0.9998769760131836
3321,5,5,0.9997013211250305
3322,0,0,0.9999058246612549
3323,8,8,0.9999511241912842
3324,8,8,0.9999953508377075
3325,0,0,0.9999939203262329
3326,3,3,0.9990580677986145
3327,2,2,0.999995231628418
3328,7,7,0.9999523162841797
3329,7,7,0.9638197422027588
3330,2,2,0.978797435760498
3331,6,6,0.9998806715011597
3332,4,4,0.9999779462814331
3333,7,7,0.9821910858154297
3334,5,5,0.999966025352478
3335,5,5,0.9999117851257324
3336,5,5,0.9949668049812317
3337,2,2,0.9978883862495422
3338,9,9,0.9993090629577637
3339,2,2,0.9997894167900085
3340,8,8,0.9999856948852539
3341,4,4,0.990354061126709
3342,6,6,0.9971849322319031
3343,8,8,0.9996955394744873
3344,6,6,0.9822041392326355
3345,5,5,0.9998507499694824
3346,0,0,0.9999556541442871
3347,0,0,0.9991771578788757
3348,8,8,0.9998955726623535
3349,7,7,0.9998416900634766
3350,6,6,0.9998605251312256
3351,1,1,0.9998677968978882
3352,7,7,0.9997038245201111
3353,1,1,0.9994226694107056
3354,1,1,0.9998137354850769
3355,2,2,0.9999998807907104
3356,7,7,0.9999761581420898
3357,4,4,0.9999958276748657
3358,0,0,0.9943074584007263
3359,0,0,0.9999867677688599
3360,7,7,0.9997846484184265
3361,7,7,0.9501826763153076
3362,6,6,0.9999990463256836
3363,3,3,0.9999849796295166
3364,8,8,0.999969482421875
3365,6,6,0.9842224717140198
3366,4,4,0.999995231628418
3367,2,2,0.9975308775901794
3368,0,0,0.9999842643737793
3369,9,9,0.9312131404876709
3370,4,4,0.999996542930603
3371,0,0,0.9999933242797852
3372,5,5,0.9999774694442749
3373,7,7,0.998397171497345
3374,8,8,0.9999850988388062
3375,2,2,0.9991583824157715
3376,7,7,0.9974343180656433
3377,4,4,0.9857175350189209
3378,7,7,0.9999353885650635
3379,1,1,0.999845027923584
3380,1,1,0.9996137022972107
3381,3,3,0.9993517994880676
3382,6,6,0.9999946355819702
3383,6,6,0.99957674741745
3384,2,2,0.9701244831085205
3385,9,9,0.9999985694885254
3386,1,1,0.9998818635940552
3387,9,9,0.9999704360961914
3388,4,4,0.9876611232757568
3389,8,8,0.9999672174453735
3390,3,3,0.9999450445175171
3391,6,6,0.999909520149231
3392,9,9,0.9996333122253418
3393,5,5,0.9999908208847046
3394,9,9,0.9998156428337097
3395,6,6,0.9998774528503418
3396,2,2,0.9999983310699463
3397,4,4,0.9999997615814209
3398,6,6,0.9997748732566833
3399,7,7,0.9993700385093689
3400,7,7,0.9999359846115112
3401,0,0,0.9999939203262329
3402,6,6,0.9998140931129456
3403,6,6,0.9999514818191528
3404,9,9,0.9991758465766907
3405,4,4,0.8907291293144226
3406,8,8,0.9766230583190918
3407,3,3,0.9998899698257446
3408,5,5,0.9999488592147827
3409,3,3,0.9999279975891113
3410,4,4,0.9850161075592041
3411,9,9,0.9960218071937561
3412,0,0,0.9999736547470093
3413,0,0,0.9999964237213135
3414,5,5,0.9996309280395508
3415,2,2,0.9996829032897949
3416,5,5,0.999721348285675
3417,0,0,0.9998019337654114
3418,7,7,0.9994540810585022
3419,1,1,0.9999674558639526
3420,1,1,0.9997788071632385
3421,1,1,0.9998456239700317
3422,6,6,0.9182779788970947
3423,7,7,0.9965658783912659
3424,6,6,0.9999651908874512
3425,7,7,0.9925791621208191
3426,9,9,0.9998270869255066
3427,6,6,0.995387852191925
3428,6,6,0.9999682903289795
3429,4,4,0.998838484287262
3430,1,1,0.9985552430152893
3431,4,4,0.9999833106994629
3432,3,3,0.9998666048049927
3433,1,1,0.9999459981918335
3434,1,1,0.9997802376747131
3435,2,2,0.9999802112579346
3436,2,2,0.9987298846244812
3437,4,4,0.9979313611984253
3438,1,1,0.999194324016571
3439,0,0,0.9999104738235474
3440,8,8,0.9999979734420776
3441,7,7,0.9996517896652222
3442,6,6,0.9999164342880249
3443,3,3,0.9993475079536438
3444,4,4,0.9997363686561584
3445,0,0,0.9999967813491821
3446,0,0,0.9999624490737915
3447,6,6,0.9909358620643616
3448,3,3,0.8143358826637268
3449,3,3,0.999994158744812
3450,0,0,0.996619462966919
3451,7,7,0.8409402966499329
3452,1,1,0.9983896017074585
3453,7,7,0.9986022114753723
3454,1,1,0.9998828172683716
3455,1,1,0.9998576641082764
3456,3,3,0.9999747276306152
3457,1,1,0.8861169815063477
3458,0,0,0.9999872446060181
3459,9,9,0.9999679327011108
3460,9,9,0.8724344372749329
3461,7,7,0.9999774694442749
3462,5,5,0.9999969005584717
3463,4,4,0.9999995231628418
3464,1,1,0.9931326508522034
3465,4,4,0.9996484518051147
3466,8,8,0.9999785423278809
3467,9,9,0.9999911785125732
3468,5,5,0.9999580383300781
3469,3,3,0.9957488775253296
3470,5,5,0.9999760389328003
3471,1,1,0.9995970129966736
3472,9,9,0.9999743700027466
3473,8,8,0.9997838139533997
3474,2,2,0.978295624256134
3475,3,3,0.5663856863975525
3476,3,3,0.999665379524231
3477,9,9,0.9999790191650391
3478,9,9,0.9999116659164429
3479,0,0,0.9999948740005493
3480,1,1,0.9998026490211487
3481,0,0,0.9999951124191284
3482,2,2,0.9999940395355225
3483,9,9,0.9999738931655884
3484,3,3,0.9999964237213135
3485,9,9,0.9996629953384399
3486,3,3,0.9999796152114868
3487,3,3,0.9998414516448975
3488,6,6,0.9999462366104126
3489,2,2,0.9993104934692383
3490,4,4,0.990385890007019
3491,9,9,0.9922542572021484
3492,8,8,0.9987624883651733
3493,3,3,0.999998927116394
3494,7,7,0.9980723857879639
3495,4,4,0.9999924898147583
3496,0,0,0.9999326467514038
3497,4,4,0.9999582767486572
3498,7,7,0.938237726688385
3499,8,8,0.9999850988388062
3500,4,4,0.9999947547912598
3501,9,9,0.9999114274978638
3502,8,8,0.9999731779098511
3503,9,9,0.6523432731628418
3504,9,9,0.997978150844574
3505,7,7,0.9998900890350342
3506,5,5,0.9994252920150757
3507,9,9,0.9996542930603027
3508,2,2,0.9999966621398926
3509,8,8,0.9998055100440979
3510,2,2,0.999993085861206
3511,2,2,0.9834874272346497
3512,0,0,0.9998964071273804
3513,2,2,0.9999949932098389
3514,2,2,0.999811589717865
3515,3,3,0.9999781847000122
3516,8,8,0.9996938705444336
3517,4,4,0.9999849796295166
3518,6,6,0.9996460676193237
3519,8,8,0.9998602867126465
3520,6,4,0.6291847825050354
3521,8,8,0.9999411106109619
3522,2,2,0.9997468590736389
3523,4,4,0.9998025298118591
3524,6,6,0.9998185038566589
3525,7,7,0.9996914863586426
3526,9,9,0.9995204210281372
3527,3,3,0.9999837875366211
3528,3,3,0.9999293088912964
3529,9,9,0.9990617632865906
3530,4,4,0.9999375343322754
3531,3,3,0.9999855756759644
3532,1,1,0.9999054670333862
3533,4,4,0.9820579290390015
3534,4,8,0.6073517203330994
3535,7,7,0.9998726844787598
3536,0,0,0.9999179840087891
3537,5,5,0.9938719272613525
3538,9,9,0.9999332427978516
3539,6,6,0.999326229095459
3540,0,0,0.997262716293335
3541,4,4,0.9972124695777893
3542,4,4,0.9999485015869141
3543,4,4,0.9997056126594543
3544,4,4,0.9999428987503052
3545,6,6,0.9999957084655762
3546,1,1,0.9999115467071533
3547,2,2,0.9993616938591003
3548,3,3,0.9999924898147583
3549,3,3,0.6991661787033081
3550,6,6,0.6956725120544434
3551,4,4,0.9998878240585327
3552,5,5,0.9999618530273438
3553,9,9,0.9999300241470337
3554,6,6,0.9999977350234985
3555,8,8,0.999848484992981
3556,5,5,0.9999533891677856
3557,6,6,0.9921554923057556
3558,5,0,0.7772805094718933
3559,8,8,0.9900121092796326
3560,6,6,0.9999923706054688
3561,4,4,0.9999567270278931
3562,1,1,0.9999216794967651
3563,8,8,0.996601939201355
3564,6,6,0.9988676309585571
3565,5,5,0.9993124008178711
3566,2,2,0.9999995231628418
3567,8,8,0.9913007616996765
3568,4,4,0.9999874830245972
3569,5,5,0.9999986886978149
3570,5,5,0.9999954700469971
3571,4,4,0.9974352717399597
3572,7,7,0.9998996257781982
3573,7,7,0.9960654377937317
3574,0,0,0.9233127236366272
3575,7,7,0.9999473094940186
3576,8,8,0.9995311498641968
3577,2,2,0.9999629259109497
3578,2,2,0.9974561333656311
3579,3,3,0.9998051524162292
3580,7,7,0.9941957592964172
3581,0,0,0.9998677968978882
3582,1,1,0.9977595806121826
3583,8,8,0.9999250173568726
3584,0,0,0.9999973773956299
3585,7,7,0.9996438026428223
3586,1,1,0.9996846914291382
3587,9,9,0.9997749924659729
3588,8,8,0.9999816417694092
3589,7,7,0.9827815890312195
3590,5,5,0.9999246597290039
3591,5,5,0.9985964894294739
3592,9,9,0.9964370727539062
3593,1,1,0.9999663829803467
3594,7,7,0.9999868869781494
3595,5,5,0.9999985694885254
3596,4,4,0.9997829794883728
3597,9,3,0.46418142318725586
3598,1,1,0.9175981283187866
3599,2,2,0.9971082806587219
3600,2,2,0.9984048008918762
3601,1,1,0.9117149114608765
3602,6,6,0.9999874830245972
3603,6,6,0.999998927116394
3604,7,7,0.8978064656257629
3605,1,1,0.9998795986175537
3606,1,1,0.9932282567024231
3607,4,4,0.999437153339386
3608,0,0,0.999998927116394
3609,7,7,0.9988536834716797
3610,4,4,0.99998939037323
3611,2,2,0.9997004270553589
3612,4,4,0.9999492168426514
3613,0,0,0.9997251629829407
3614,6,6,0.9999803304672241
3615,4,4,0.9999388456344604
3616,7,7,0.9999793767929077
3617,6,6,0.999972939491272
3618,9,9,0.9604028463363647
3619,5,5,0.9996477365493774
3620,3,3,0.999996542930603
3621,4,4,0.999967098236084
3622,6,6,0.999984622001648
3623,5,5,0.99996018409729
3624,0,0,0.9999724626541138
3625,1,1,0.999552309513092
3626,8,8,0.9645021557807922
3627,8,8,0.9993789196014404
3628,2,2,0.9999974966049194
3629,8,8,0.996469259262085
3630,3,3,0.999964714050293
3631,5,5,0.9999949932098389
3632,7,7,0.9996908903121948
3633,8,8,0.9999651908874512
3634,0,0,0.9996389150619507
3635,8,8,0.9990088939666748
3636,5,5,0.9994822144508362
3637,7,7,0.9461719393730164
3638,1,1,0.9998539686203003
3639,1,1,0.999377965927124
3640,0,0,0.9981759786605835
3641,1,1,0.9998030066490173
3642,3,3,0.999998927116394
3643,7,7,0.9998950958251953
3644,8,8,0.9999961853027344
3645,5,5,0.9996622800827026
3646,0,0,0.9994520545005798
3647,7,7,0.9920473098754883
3648,1,1,0.9999421834945679
3649,1,1,0.9998490810394287
3650,0,0,0.9999110698699951
3651,1,1,0.9995337724685669
3652,1,1,0.999752938747406
3653,4,4,0.9996978044509888
3654,5,5,0.9901357293128967
3655,2,2,0.999997615814209
3656,7,7,0.9999648332595825
3657,6,6,0.9999872446060181
3658,2,2,0.999225378036499
3659,3,3,0.999991774559021
3660,0,0,0.9999977350234985
3661,2,2,0.9999953508377075
3662,8,0,0.570384681224823
3663,5,5,0.9997038245201111
3664,9,9,0.9998742341995239
3665,6,6,0.9987404942512512
3666,9,9,0.9999064207077026
3667,7,7,0.9987919926643372
3668,2,2,0.9999998807907104
3669,1,1,0.9999555349349976
3670,3,3,0.9999926090240479
3671,6,6,0.9999688863754272
3672,4,4,0.9947468638420105
3673,1,1,0.9995397329330444
3674,8,8,0.9999544620513916
3675,2,2,0.9999984502792358
3676,4,4,0.9999449253082275
3677,0,0,0.9999958276748657
3678,5,5,0.9999433755874634
3679,1,1,0.9997197985649109
3680,0,0,0.9999443292617798
3681,2,2,0.9539842009544373
3682,2,2,0.9997274279594421
3683,6,6,0.9997265934944153
3684,4,4,0.9990585446357727
3685,4,4,0.9999570846557617
3686,3,3,0.9997789263725281
3687,9,9,0.9999396800994873
3688,6,6,0.9174391627311707
3689,1,1,0.999925971031189
3690,6,6,0.989972710609436
3691,5,5,0.999998927116394
3692,7,7,0.9999504089355469
3693,9,9,0.9999212026596069
3694,2,2,0.9986264705657959
3695,0,0,0.9998741149902344
3696,2,2,0.9999809265136719
3697,6,6,0.9994425177574158
3698,0,0,0.9998726844787598
3699,1,1,0.9995179176330566
3700,4,4,0.9999799728393555
3701,3,3,0.9999794960021973
3702,5,5,0.6634409427642822
3703,2,2,0.9999995231628418
3704,8,8,0.99998939037323
3705,8,8,0.9999196529388428
3706,0,0,0.9999271631240845
3707,8,8,0.9999901056289673
3708,8,8,0.9999991655349731
3709,9,9,0.9998645782470703
3710,0,0,0.9994698166847229
3711,9,9,0.9997605681419373
3712,6,6,0.9999988079071045
3713,7,7,0.9998059868812561
3714,6,6,0.9998881816864014
3715,3,3,0.9999908208847046
3716,9,9,0.9903215765953064
3717,3,3,0.9999977350234985
3718,4,4,0.754399299621582
3719,7,7,0.9994726777076721
3720,7,7,0.9996175765991211
3721,7,7,0.9950500130653381
3722,4,4,0.999992847442627
3723,9,9,0.9921627640724182
3724,0,0,0.9998574256896973
3725,6,6,0.9998507499694824
3726,4,9,0.697709858417511
3727,8,9,0.5761599540710449
3728,4,4,0.9999054670333862
3729,2,2,0.9998732805252075
3730,7,7,0.8360448479652405
3731,2,2,0.9999954700469971
3732,8,8,0.9999375343322754
3733,1,1,0.9997715353965759
3734,0,0,0.9999918937683105
3735,0,0,0.999995231628418
3736,7,7,0.9852715730667114
3737,8,8,0.9997671246528625
3738,3,3,0.9997014403343201
3739,3,3,0.9880929589271545
3740,3,3,0.9999921321868896
3741,1,1,0.9997915625572205
3742,3,3,0.8904057741165161
3743,7,7,0.9994675517082214
3744,6,6,0.9923557043075562
3745,1,1,0.9999098777770996
3746,3,3,0.9999951124191284
3747,1,1,0.9957691431045532
3748,6,6,0.9968425035476685
3749,6,6,0.969254195690155
3750,5,5,0.9999605417251587
3751,7,7,0.7274962663650513
3752,4,4,0.9999995231628418
3753,7,7,0.999984622001648
3754,5,5,0.9997792840003967
3755,9,9,0.999135434627533
3756,5,5,0.9501924514770508
3757,8,8,0.993990957736969
3758,4,4,0.999920129776001
3759,9,9,0.9998339414596558
3760,9,9,0.9999538660049438
3761,1,1,0.9997352957725525
3762,6,8,0.9252077341079712
3763,5,5,0.9999542236328125
3764,0,0,0.999862551689148
3765,1,1,0.9996670484542847
3766,3,3,0.9991218447685242
3767,7,7,0.9061303734779358
3768,0,0,0.9999179840087891
3769,3,3,0.9999576807022095
3770,4,4,0.9999796152114868
3771,8,8,0.9959915280342102
3772,2,2,0.9839566349983215
3773,2,2,0.9999746084213257
3774,0,0,0.999983549118042
3775,2,2,0.9999947547912598
3776,5,5,0.9855262041091919
3777,1,1,0.9999068975448608
3778,5,5,0.8802059292793274
3779,1,1,0.9997552037239075
3780,4,4,0.6369662284851074
3781,8,8,0.9999909400939941
3782,8,8,0.999607264995575
3783,9,9,0.99994957447052
3784,1,1,0.9995837807655334
3785,2,2,0.9998016953468323
3786,1,1,0.9996724128723145
3787,3,3,0.9974984526634216
3788,5,5,0.9999977350234985
3789,1,1,0.9993341565132141
3790,0,0,0.9999849796295166
3791,9,9,0.999309778213501
3792,4,4,0.999994158744812
3793,4,4,0.99993896484375
3794,8,8,0.9990110397338867
3795,3,3,0.9999990463256836
3796,2,2,0.9781551957130432
3797,5,5,0.9999926090240479
3798,9,9,0.9996929168701172
3799,7,7,0.9993852376937866
3800,6,6,0.9985514283180237
3801,6,6,0.8552083373069763
3802,2,2,0.9999994039535522
3803,0,0,0.9999723434448242
3804,0,0,0.9999247789382935
3805,0,0,0.999980092048645
3806,5,5,0.7045819163322449
3807,8,8,1.0
3808,7,8,0.840769350528717
3809,1,1,0.9999241828918457
3810,5,5,0.9922056794166565
3811,2,2,0.9709340333938599
3812,3,3,0.9994204044342041
3813,8,8,0.9999998807907104
3814,5,5,0.9999996423721313
3815,1,1,0.9999333620071411
3816,8,8,0.9998596906661987
3817,2,2,0.9996153116226196
3818,0,0,0.9460105895996094
3819,4,4,0.9999924898147583
3820,9,9,0.9998970031738281
3821,9,9,0.9973335266113281
3822,6,6,0.9999903440475464
3823,2,2,0.999981164932251
3824,3,3,0.9999998807907104
3825,3,3,0.9998831748962402
3826,5,5,0.9999874830245972
3827,6,6,0.9998247027397156
3828,4,4,0.9999935626983643
3829,8,8,0.9999771118164062
3830,0,0,0.99997878074646
3831,9,9,0.9737233519554138
3832,2,2,0.9999457597732544
3833,8,8,0.9996964931488037
3834,3,3,0.9994925260543823
3835,6,6,0.9999769926071167
3836,7,7,0.9986889958381653
3837,5,5,0.9999251365661621
3838,7,7,0.46685072779655457
3839,2,2,0.9999866485595703
3840,9,9,0.9999107122421265
3841,4,4,0.9999828338623047
3842,9,9,0.9999852180480957
3843,1,1,0.999743640422821
3844,2,2,0.9999513626098633
3845,8,8,0.9999971389770508
3846,6,6,0.9577412009239197
3847,0,0,0.9999328851699829
3848,7,7,0.9991598129272461
3849,0,0,0.999998927116394
3850,9,9,0.8655369281768799
3851,1,1,0.9998646974563599
3852,1,1,0.9998229146003723
3853,6,0,0.35551077127456665
3854,7,7,0.9999927282333374
3855,5,5,0.9987223744392395
3856,9,9,0.9987512826919556
3857,9,9,0.9998096823692322
3858,1,1,0.9998223185539246
3859,9,9,0.9983716607093811
3860,5,5,0.9999915361404419
3861,9,9,0.9992761015892029
3862,2,2,0.9969419836997986
3863,5,5,0.9999966621398926
3864,0,0,0.9999375343322754
3865,4,4,0.9999992847442627
3866,1,1,0.9997895359992981
3867,0,0,0.9999465942382812
3868,8,8,0.9997908473014832
3869,9,9,0.9975994229316711
3870,0,0,0.9999524354934692
3871,8,8,0.9434000849723816
3872,9,9,0.9999938011169434
3873,8,8,0.9999991655349731
3874,9,9,0.9936072826385498
3875,4,4,0.9999134540557861
3876,2,2,0.9992997646331787
3877,5,5,0.9999990463256836
3878,7,7,0.9998008608818054
3879,9,9,0.9993523955345154
3880,8,8,0.9999345541000366
3881,9,9,0.9991445541381836
3882,8,8,0.9999997615814209
3883,0,0,0.9999996423721313
3884,9,9,0.9999731779098511
3885,9,9,0.9999862909317017
3886,6,6,0.9999828338623047
3887,8,8,0.9999990463256836
3888,9,9,0.9999631643295288
3889,9,9,0.9999023675918579
3890,5,5,0.9999368190765381
3891,9,9,0.9999614953994751
3892,8,8,0.9999992847442627
3893,5,5,0.8025070428848267
3894,1,1,0.9997685551643372
3895,0,0,0.9999638795852661
3896,3,3,0.9999990463256836
3897,3,3,0.9999529123306274
3898,5,5,0.9998358488082886
3899,2,2,0.999975323677063
3900,1,1,0.9993647933006287
3901,6,6,0.9998856782913208
3902,5,5,0.9960275888442993
3903,0,0,0.9999979734420776
3904,2,2,0.9999915361404419
3905,8,8,0.999971866607666
3906,1,2,0.4865530729293823
3907,5,5,0.9999994039535522
3908,6,6,0.9998897314071655
3909,2,2,0.9999768733978271
3910,3,3,0.9999969005584717
3911,0,0,0.9999836683273315
3912,2,2,0.9999700784683228
3913,2,2,0.9994389414787292
3914,6,6,0.9999665021896362
3915,4,4,0.9999923706054688
3916,3,3,0.9999028444290161
3917,5,5,0.9997377991676331
3918,5,5,0.980911135673523
3919,1,1,0.9998900890350342
3920,7,7,0.9999979734420776
3921,2,2,0.9999724626541138
3922,1,1,0.9998352527618408
3923,6,6,0.9996482133865356
3924,9,9,0.9973706007003784
3925,1,1,0.9999139308929443
3926,9,9,0.9719874858856201
3927,9,9,0.9999622106552124
3928,5,5,0.9997005462646484
3929,5,5,0.9996716976165771
3930,1,1,0.9998685121536255
3931,6,6,0.9999699592590332
3932,2,2,0.9999994039535522
3933,2,2,1.0
3934,8,8,1.0
3935,6,6,0.9998615980148315
3936,7,7,0.9999622106552124
3937,1,1,0.9998182654380798
3938,4,4,0.9998853206634521
3939,6,6,0.9943291544914246
3940,0,0,0.9992637038230896
3941,4,6,0.8001362085342407
3942,0,0,0.9999544620513916
3943,3,3,0.9915592074394226
3944,3,3,0.9999983310699463
3945,2,2,0.9999822378158569
3946,2,2,0.9961951971054077
3947,3,3,0.9999995231628418
3948,6,6,0.9996825456619263
3949,8,8,0.9999980926513672
3950,9,9,0.9980212450027466
3951,8,8,0.6369208693504333
3952,5,5,0.9995025396347046
3953,3,3,0.999981164932251
3954,8,8,0.9991593360900879
3955,5,5,0.9996575117111206
3956,4,4,0.9997532963752747
3957,5,5,0.9997374415397644
3958,2,2,0.9999898672103882
3959,0,0,0.9999974966049194
3960,5,5,0.9999988079071045
3961,6,6,0.9972092509269714
3962,3,3,0.9998680353164673
3963,2,2,0.9999904632568359
3964,8,8,0.9998311996459961
3965,3,3,0.9999663829803467
3966,9,9,0.9999958276748657
3967,9,9,0.9983072280883789
3968,5,5,0.9585558772087097
3969,7,7,0.9889655113220215
3970,9,9,0.9994001388549805
3971,4,4,0.9919039607048035
3972,6,6,0.9999469518661499
3973,7,7,0.9999879598617554
3974,1,1,0.9997859597206116
3975,3,3,0.9997740387916565
3976,7,7,0.5578528046607971
3977,3,3,0.9998080134391785
3978,6,6,0.9993034601211548
3979,6,6,0.9998587369918823
3980,0,0,0.9999895095825195
3981,9,9,0.9999845027923584
3982,0,0,0.9998923540115356
3983,1,1,0.9999555349349976
3984,9,9,0.9928758144378662
3985,9,9,0.951566219329834
3986,2,2,0.9993042945861816
3987,8,8,0.9994639754295349
3988,8,8,0.9935882091522217
3989,0,0,0.9998928308486938
3990,1,1,0.998580813407898
3991,6,6,0.9999204874038696
3992,9,9,0.999956488609314
3993,7,7,0.99996018409729
3994,5,5,0.9987140893936157
3995,3,3,0.9989930987358093
3996,4,4,0.9999463558197021
3997,7,7,0.9963801503181458
3998,4,4,0.9989972710609436
3999,9,9,0.9999704360961914
4000,9,9,0.9938871264457703
4001,4,4,0.9933329224586487
4002,3,3,0.9949566721916199
4003,6,6,0.9999538660049438
4004,3,3,0.9999804496765137
4005,1,1,0.9994812607765198
4006,1,1,0.9998008608818054
4007,7,7,0.5485756993293762
4008,6,6,0.9999939203262329
4009,9,9,0.9996505975723267
4010,1,1,0.9997789263725281
4011,8,8,0.9998800754547119
4012,4,4,0.999828577041626
4013,1,1,0.9987830519676208
4014,1,1,0.9992458820343018
4015,9,9,0.9964917302131653
4016,9,9,0.9999786615371704
4017,4,4,0.9437622427940369
4018,3,3,0.9925292134284973
4019,6,6,0.9999730587005615
4020,8,8,0.9999690055847168
4021,1,1,0.9995092153549194
4022,6,6,0.9997618794441223
4023,0,0,0.9999984502792358
4024,4,4,0.9999444484710693
4025,1,1,0.9996223449707031
4026,3,3,0.9999973773956299
4027,7,7,0.8915070295333862
4028,7,7,0.999804675579071
4029,4,4,0.9991672039031982
4030,9,9,0.9976195693016052
4031,5,5,0.999210000038147
4032,1,1,0.9990153312683105
4033,0,0,0.9999996423721313
4034,0,0,0.9999912977218628
4035,1,1,0.9998071789741516
4036,1,1,0.9999020099639893
4037,6,6,0.9873926043510437
4038,2,2,0.9999918937683105
4039,1,1,0.9998025298118591
4040,9,9,0.999915599822998
4041,8,8,0.9999891519546509
4042,4,4,0.9999884366989136
4043,0,0,0.9999849796295166
4044,3,3,0.9997380375862122
4045,6,6,0.9999669790267944
4046,4,4,0.9999614953994751
4047,9,9,0.9997041821479797
4048,0,0,0.9999445676803589
4049,7,7,0.9999891519546509
4050,1,1,0.999438464641571
4051,6,6,0.9997438788414001
4052,5,5,0.9952175617218018
4053,7,7,0.6138827204704285
4054,5,5,0.9995009899139404
4055,2,2,0.9999018907546997
4056,5,5,0.9949260950088501
4057,1,1,0.9997746348381042
4058,8,8,0.999937891960144
4059,5,5,0.9996917247772217
4060,4,4,0.9988213181495667
4061,7,7,0.9994412064552307
4062,0,0,0.9999585151672363
4063,6,6,0.8950018286705017
4064,7,7,0.9999758005142212
4065,0,0,0.9984214305877686
4066,2,2,0.9999966621398926
4067,5,5,0.9998619556427002
4068,8,8,0.9997832179069519
4069,1,1,0.99986732006073
4070,0,0,0.9999797344207764
4071,4,4,0.9988480806350708
4072,5,5,0.9988850951194763
4073,7,7,0.9999988079071045
4074,1,1,0.9995928406715393
4075,8,8,0.9662244319915771
4076,5,5,0.9999443292617798
4077,1,1,0.9997749924659729
4078,9,9,0.7217024564743042
4079,0,0,0.9998342990875244
4080,0,0,0.9990692734718323
4081,6,6,0.9982419013977051
4082,0,0,0.9999908208847046
4083,7,7,0.9999922513961792
4084,3,3,0.9956305027008057
4085,1,1,0.9998476505279541
4086,8,8,0.9990898370742798
4087,3,3,0.9999430179595947
4088,9,9,0.9993264675140381
4089,7,7,0.9997625946998596
4090,0,0,0.9999054670333862
4091,0,0,0.9999901056289673
4092,8,8,0.9958809614181519
4093,9,9,0.9978466033935547
4094,5,5,0.9998456239700317
4095,9,9,0.9998080134391785
4096,8,8,0.9999912977218628
4097,3,3,0.9999896287918091
4098,2,2,0.999691367149353
4099,7,7,0.9965221881866455
4100,2,2,0.9995837807655334
4101,9,9,0.99996018409729
4102,7,7,0.9454801082611084
4103,2,2,0.9999887943267822
4104,1,1,0.999545156955719
4105,1,1,0.999634861946106
4106,3,3,0.9999951124191284
4107,7,7,0.9998301267623901
4108,5,5,0.9999845027923584
4109,3,3,0.9999040365219116
4110,1,1,0.9998379945755005
4111,9,9,0.999714195728302
4112,8,8,0.9999326467514038
4113,2,2,0.999983549118042
4114,2,2,0.9992344379425049
4115,2,2,0.9999915361404419
4116,8,8,0.9993046522140503
4117,8,8,0.9998759031295776
4118,5,5,0.9998666048049927
4119,7,7,0.9998902082443237
4120,3,3,0.9999035596847534
4121,8,8,0.9998966455459595
4122,9,9,0.9999779462814331
4123,8,8,0.9989381432533264
4124,8,8,0.9993042945861816
4125,6,6,0.9994170665740967
4126,8,8,0.9705727696418762
4127,2,2,0.9999992847442627
4128,3,3,0.9998831748962402
4129,9,9,0.9987597465515137
4130,7,7,0.9998736381530762
4131,5,5,0.998172402381897
4132,6,6,0.9999151229858398
4133,2,2,0.9999854564666748
4134,9,9,0.9997872710227966
4135,2,2,0.9999427795410156
4136,8,8,0.9999709129333496
4137,8,8,0.9979395270347595
4138,1,1,0.9997684359550476
4139,6,6,0.9998495578765869
4140,8,8,0.9995980858802795
4141,8,8,0.9995444416999817
4142,7,7,0.9967113733291626
4143,9,9,0.9997289776802063
4144,1,1,0.9999099969863892
4145,8,8,0.9997112154960632
4146,0,0,0.9997856020927429
4147,1,1,0.999213457107544
4148,7,7,0.9910160303115845
4149,2,2,0.9997856020927429
4150,0,0,0.9999992847442627
4151,7,7,0.9855072498321533
4152,5,5,0.9978585839271545
4153,1,1,0.9999164342880249
4154,9,9,0.99297696352005
4155,0,0,0.9999996423721313
4156,2,2,0.9869039058685303
4157,0,0,0.9999710321426392
4158,9,9,0.9998075366020203
4159,8,8,0.9999831914901733
4160,6,6,0.999850869178772
4161,2,2,0.9998944997787476
4162,3,3,0.9999995231628418
4163,9,7,0.5864438414573669
4164,3,3,0.9999963045120239
4165,8,8,0.9998542070388794
4166,0,0,0.9999734163284302
4167,2,2,0.999896764755249
4168,1,1,0.9997220635414124
4169,1,1,0.9998936653137207
4170,1,1,0.9988479614257812
4171,1,1,0.9970588684082031
4172,4,4,0.9999051094055176
4173,2,2,0.9999161958694458
4174,9,9,0.99949049949646
4175,7,7,0.9990973472595215
4176,2,7,0.8769943714141846
4177,5,5,0.9998385906219482
4178,1,1,0.9998359680175781
4179,1,1,0.9997556805610657
4180,2,2,0.9987461566925049
4181,1,1,0.9998072981834412
4182,9,9,0.9995700716972351
4183,9,9,0.9998108744621277
4184,9,9,0.9984821677207947
4185,1,1,0.9998387098312378
4186,0,0,0.9999978542327881
4187,2,2,0.9999102354049683
4188,0,0,0.9999321699142456
4189,2,2,0.9999110698699951
4190,1,1,0.9995811581611633
4191,1,1,0.9998039603233337
4192,4,4,0.9992954730987549
4193,6,6,0.9746713042259216
4194,4,4,0.9936404824256897
4195,1,1,0.9995946288108826
4196,5,5,0.9981422424316406
4197,4,4,0.9996423721313477
4198,9,9,0.9999256134033203
4199,7,7,0.4878171980381012
4200,7,7,0.9999691247940063
4201,1,1,0.7661925554275513
4202,5,5,0.9998819828033447
4203,6,6,0.9997146725654602
4204,2,2,0.9999525547027588
4205,2,2,0.881222665309906
4206,2,2,0.9998180270195007
4207,8,8,0.9993661046028137
4208,0,0,0.9998995065689087
4209,6,6,0.9999747276306152
4210,9,9,0.9999725818634033
4211,6,6,0.7487975358963013
4212,1,1,0.9916203022003174
4213,9,9,0.9995606541633606
4214,7,7,0.9997344613075256
4215,7,7,0.9999648332595825
4216,1,1,0.9919002056121826
4217,4,4,0.9994924068450928
4218,8,8,0.9999594688415527
4219,5,5,0.9999942779541016
4220,3,3,0.9999966621398926
4221,4,4,0.9961095452308655
4222,3,3,0.9999734163284302
4223,4,4,0.9977237582206726
4224,9,9,0.7639697790145874
4225,7,7,0.9999346733093262
4226,5,5,0.9999340772628784
4227,0,0,0.9999573230743408
4228,7,7,0.9998053908348083
4229,4,4,0.9999898672103882
4230,8,8,0.9999921321868896
4231,8,8,0.9999493360519409
4232,1,1,0.9996596574783325
4233,5,5,0.9999862909317017
4234,3,3,0.9999998807907104
4235,9,9,0.9998711347579956
4236,5,5,1.0
4237,9,9,0.9999716281890869
4238,7,3,0.8331670165061951
4239,6,6,0.9946674108505249
4240,9,9,0.9999561309814453
4241,0,0,0.999993085861206
4242,3,3,0.9999890327453613
4243,6,6,0.9998693466186523
4244,3,3,0.9996225833892822
4245,9,9,0.9998698234558105
4246,8,8,0.9999802112579346
4247,2,2,0.9999977350234985
4248,2,2,0.4663688838481903
4249,1,1,0.9999692440032959
4250,2,2,0.9999898672103882
4251,8,8,0.9999881982803345
4252,6,6,0.9999819993972778
4253,8,8,0.9999985694885254
4254,5,5,0.9999583959579468
4255,5,5,0.9612253904342651
4256,3,3,0.5504681468009949
4257,9,9,0.9999784231185913
4258,4,4,0.9999991655349731
4259,9,9,0.9570388197898865
4260,2,2,0.9998921155929565
4261,5,5,0.9991593360900879
4262,1,1,0.9998195767402649
4263,5,5,0.9922298789024353
4264,1,1,0.9995322227478027
4265,4,4,0.6484259963035583
4266,4,4,0.9987183809280396
4267,1,1,0.9998432397842407
4268,4,4,0.9984689354896545
4269,4,4,0.7742201089859009
4270,3,3,0.9999691247940063
4271,5,5,0.9435335993766785
4272,9,9,0.9998866319656372
4273,1,1,0.9997426867485046
4274,2,2,0.9999929666519165
4275,2,2,0.9999876022338867
4276,3,3,0.9999818801879883
4277,3,3,0.9999101161956787
4278,0,0,0.9999982118606567
4279,2,2,0.9993440508842468
4280,9,9,0.9998414516448975
4281,0,0,0.9999067783355713
4282,0,0,0.9999580383300781
4283,9,9,0.9999401569366455
4284,9,3,0.5880978107452393
4285,6,6,0.9998169541358948
4286,0,0,0.9999868869781494
4287,9,9,0.9977484345436096
4288,3,3,1.0
4289,2,7,0.5981101393699646
4290,8,8,0.9999853372573853
4291,4,4,0.9996474981307983
4292,1,1,0.999927282333374
4293,9,9,0.9994970560073853
4294,9,9,0.9986045956611633
4295,7,7,0.9998188614845276
4296,2,2,0.9999876022338867
4297,7,7,0.9911443591117859
4298,9,9,0.9999396800994873
4299,9,9,0.9932677745819092
4300,5,5,0.9928559064865112
4301,9,9,0.9996901750564575
4302,5,5,0.9994611144065857
4303,1,1,0.9999374151229858
4304,1,1,0.9997089505195618
4305,8,8,0.99985671043396
4306,3,3,0.9429795145988464
4307,5,5,0.9999436140060425
4308,1,1,0.9961586594581604
4309,9,9,0.9996645450592041
4310,5,5,0.9997535347938538
4311,3,3,0.9997337460517883
4312,5,5,0.9999423027038574
4313,4,4,0.9675068855285645
4314,9,9,0.9981672763824463
4315,5,5,0.9786375164985657
4316,9,9,0.9999723434448242
4317,3,3,0.999933123588562
4318,1,1,0.999738872051239
4319,9,9,0.9998125433921814
4320,0,0,0.9999920129776001
4321,9,9,0.9999442100524902
4322,7,7,0.9999814033508301
4323,5,5,0.9957693815231323
4324,4,4,0.9998979568481445
4325,9,9,0.9997349381446838
4326,2,2,0.9999926090240479
4327,0,0,0.999994158744812
4328,1,1,0.9999626874923706
4329,0,0,0.9998379945755005
4330,5,5,0.8830347657203674
4331,1,1,0.9993278980255127
4332,4,4,0.9999988079071045
4333,9,9,0.9994211196899414
4334,3,3,0.9999513626098633
4335,3,3,0.9992722868919373
4336,6,6,0.9998880624771118
4337,1,1,0.9996055960655212
4338,5,5,0.9999016523361206
4339,2,2,0.9999977350234985
4340,5,5,0.9999274015426636
4341,2,2,0.9999330043792725
4342,2,2,0.9999587535858154
4343,0,0,0.999602735042572
4344,9,9,0.9543228149414062
4345,2,2,0.999993085861206
4346,6,6,0.9998842477798462
4347,6,6,0.999981164932251
4348,0,0,0.9999991655349731
4349,1,1,0.9997566342353821
4350,2,2,0.9793717265129089
4351,0,0,0.9999982118606567
4352,3,3,0.999984860420227
4353,0,0,0.9998538494110107
4354,2,2,0.9999759197235107
4355,5,5,0.675624430179596
4356,5,5,0.9983914494514465
4357,7,7,0.9999979734420776
4358,9,9,0.999920129776001
4359,5,5,0.9166213870048523
4360,5,5,0.8793182969093323
4361,0,0,0.9998756647109985
4362,8,8,0.9999991655349731
4363,9,9,0.9986523985862732
4364,5,5,0.9999974966049194
4365,0,0,0.9999765157699585
4366,3,3,0.9999992847442627
4367,2,2,0.9999544620513916
4368,5,5,0.954375147819519
4369,9,9,0.847656786441803
4370,0,0,0.9999822378158569
4371,8,8,0.9998747110366821
4372,8,8,0.9999990463256836
4373,4,4,0.999882698059082
4374,5,5,0.9983452558517456
4375,8,8,0.9999946355819702
4376,8,8,0.9999548196792603
4377,4,4,0.9998032450675964
4378,5,5,0.9999759197235107
4379,4,4,0.9998956918716431
4380,8,8,0.998551070690155
4381,5,5,0.9999253749847412
4382,4,4,0.7344280481338501
4383,9,9,0.9984257221221924
4384,2,2,0.9936946034431458
4385,2,2,0.9999692440032959
4386,1,1,0.999790608882904
4387,2,2,0.999265730381012
4388,6,6,0.999683141708374
4389,8,8,0.9993240833282471
4390,8,8,0.9981210827827454
4391,7,7,0.9919336438179016
4392,0,0,0.9999969005584717
4393,3,3,0.9956573247909546
4394,6,6,0.9999727010726929
4395,6,6,0.9999408721923828
4396,4,4,0.999929666519165
4397,3,3,0.999972939491272
4398,8,8,0.9999629259109497
4399,8,8,0.9997192025184631
4400,7,7,0.9270630478858948
4401,2,2,0.999687671661377
4402,2,2,0.9999998807907104
4403,0,0,0.9914855360984802
4404,0,0,0.9999780654907227
4405,9,9,0.9985438585281372
4406,3,3,0.9999954700469971
4407,9,9,0.9999938011169434
4408,9,9,0.9972583055496216
4409,1,1,0.9999228715896606
4410,9,9,0.9994402527809143
4411,8,8,0.9999967813491821
4412,6,6,0.999990701675415
4413,6,6,0.9997434020042419
4414,4,4,0.9999567270278931
4415,2,2,0.9994087219238281
4416,6,6,0.9999562501907349
4417,9,9,0.9999872446060181
4418,2,2,0.9999971389770508
4419,8,8,0.9898380041122437
4420,5,5,0.9998534917831421
4421,4,4,0.9999877214431763
4422,5,5,0.9996699094772339
4423,7,7,0.9999759197235107
4424,9,9,0.9991798996925354
4425,9,9,0.9936949610710144
4426,9,9,0.9997968077659607
4427,2,2,0.9999871253967285
4428,1,1,0.9995019435882568
4429,8,8,0.9997114539146423
4430,3,3,0.9999994039535522
4431,4,4,0.999893069267273
4432,0,0,0.9999455213546753
4433,7,7,0.9250506162643433
4434,8,8,0.999518632888794
4435,3,3,0.9979763627052307
4436,9,9,0.9998844861984253
4437,3,3,0.8005901575088501
4438,4,4,0.9994891881942749
4439,6,6,0.9204531908035278
4440,5,5,0.9998819828033447
4441,6,6,0.9996383190155029
4442,2,2,0.9999980926513672
4443,3,3,0.9661362171173096
4444,9,9,0.9997844099998474
4445,2,2,0.9999852180480957
4446,6,6,0.9999730587005615
4447,0,0,0.9999532699584961
4448,0,0,0.9999879598617554
4449,6,6,0.9981525540351868
4450,1,1,0.9999444484710693
4451,2,2,0.9980822801589966
4452,8,8,0.999996542930603
4453,7,7,0.9995248317718506
4454,9,9,0.9960508942604065
4455,8,8,0.9990441203117371
4456,2,2,0.9999990463256836
4457,0,0,0.999976634979248
4458,4,4,0.9987699389457703
4459,7,7,0.9998526573181152
4460,7,7,0.9366132616996765
4461,5,5,0.9998268485069275
4462,0,0,0.999990701675415
4463,5,5,0.9996634721755981
4464,6,6,0.9999959468841553
4465,4,4,0.9999353885650635
4466,6,6,0.999762237071991
4467,7,7,0.999286949634552
4468,4,4,0.9999510049819946
4469,3,3,0.9992030262947083
4470,0,0,0.9999555349349976
4471,7,7,0.9999388456344604
4472,5,5,0.9974104762077332
4473,0,0,0.9999369382858276
4474,7,7,0.9999808073043823
4475,4,4,0.9999500513076782
4476,2,2,0.9999817609786987
4477,0,0,0.839224100112915
4478,8,8,0.9999666213989258
4479,9,9,0.9912934899330139
4480,9,9,0.9998738765716553
4481,4,4,0.9971358776092529
4482,2,2,0.9996204376220703
4483,4,4,0.998660683631897
4484,6,6,0.9998229146003723
4485,7,7,0.9999849796295166
4486,8,8,0.9999680519104004
4487,7,7,0.9989749193191528
4488,6,6,0.9950088262557983
4489,9,9,0.9990184307098389
4490,4,4,0.9999954700469971
4491,1,1,0.9641484022140503
4492,3,3,0.9999943971633911
4493,7,7,0.999656081199646
4494,3,3,0.9982253909111023
4495,0,0,0.9999896287918091
4496,8,8,0.9999980926513672
4497,8,8,0.5455883145332336
4498,7,7,0.9946545362472534
4499,6,6,0.9998414516448975
4500,9,9,0.5515398383140564
4501,3,3,0.999995231628418
4502,9,9,0.999937891960144
4503,2,2,0.999922513961792
4504,2,2,0.6872125267982483
4505,9,9,0.9490586519241333
4506,2,2,0.9999665021896362
4507,1,1,0.88251131772995
4508,8,8,0.9999066591262817
4509,3,3,0.9998446702957153
4510,2,2,0.9999812841415405
4511,9,9,0.9916079044342041
4512,6,6,0.9999896287918091
4513,8,8,0.9961137771606445
4514,4,4,0.9802999496459961
4515,0,0,0.999768078327179
4516,1,1,0.9998388290405273
4517,2,2,0.9999995231628418
4518,8,8,0.9999359846115112
4519,4,4,0.9985963702201843
4520,5,5,0.9999160766601562
4521,2,2,0.9984399676322937
4522,7,7,0.999991774559021
4523,8,8,0.9998257756233215
4524,1,1,0.9997093081474304
4525,1,1,0.9997875094413757
4526,3,3,0.9991949200630188
4527,0,0,0.9999868869781494
4528,3,3,0.9944477081298828
4529,5,5,0.999997615814209
4530,7,7,0.9999667406082153
4531,0,0,0.9999778270721436
4532,3,3,0.9999958276748657
4533,1,1,0.9997753500938416
4534,9,9,0.9977083206176758
4535,3,3,0.9999568462371826
4536,6,6,0.5641241073608398
4537,3,3,0.9999958276748657
4538,1,1,0.9990608096122742
4539,7,7,0.9999228715896606
4540,7,7,0.9983046054840088
4541,3,3,0.9999686479568481
4542,0,0,0.9999990463256836
4543,8,8,0.985723078250885
4544,4,4,0.9999673366546631
4545,8,8,0.9999984502792358
4546,2,2,0.9999749660491943
4547,6,6,0.9507757425308228
4548,5,5,0.9953228831291199
4549,2,2,0.9999982118606567
4550,9,9,0.9998461008071899
4551,7,7,0.7224054932594299
4552,3,3,0.9899553060531616
4553,9,9,0.9997610449790955
4554,0,0,0.9993515610694885
4555,9,9,0.9997130036354065
4556,9,9,0.9997015595436096
4557,6,6,0.9999550580978394
4558,4,4,0.9982507824897766
4559,2,2,0.9999523162841797
4560,9,9,0.9997437596321106
4561,7,7,0.9936293959617615
4562,2,2,0.9999053478240967
4563,1,1,0.9985218644142151
4564,1,1,0.9998477697372437
4565,6,6,0.9996315240859985
4566,7,7,0.9965875148773193
4567,4,4,0.9769824743270874
4568,7,7,0.9997139573097229
4569,5,5,0.9963298439979553
4570,9,9,0.9998835325241089
4571,6,8,0.9977732300758362
4572,8,8,0.9985339641571045
4573,2,2,0.9999246597290039
4574,1,1,0.9966340661048889
4575,4,4,0.8670778274536133
4576,4,4,0.9999655485153198
4577,5,5,0.9998323917388916
4578,7,7,0.9241434335708618
4579,6,6,0.977970540523529
4580,1,1,0.9999332427978516
4581,3,3,0.9999793767929077
4582,2,2,0.9999957084655762
4583,5,5,0.9999890327453613
4584,9,9,0.9997856020927429
4585,9,9,0.9999285936355591
4586,3,3,0.999593198299408
4587,6,6,0.9999876022338867
4588,1,1,0.9999221563339233
4589,1,1,0.9999089241027832
4590,4,4,0.9999942779541016
4591,6,6,0.9999959468841553
4592,9,9,0.9999388456344604
4593,7,7,0.9985098242759705
4594,2,2,0.9994970560073853
4595,1,1,0.9998243451118469
4596,5,5,0.9999498128890991
4597,1,1,0.9998321533203125
4598,4,4,0.9989628791809082
4599,6,6,0.9998974800109863
4600,3,3,0.9999980926513672
4601,8,8,0.9999277591705322
4602,1,1,0.9999688863754272
4603,1,1,0.9998301267623901
4604,0,0,0.9591020941734314
4605,3,3,0.9995226860046387
4606,1,1,0.9998898506164551
4607,6,6,0.9999428987503052
4608,8,8,0.9998266100883484
4609,4,4,0.9986761212348938
4610,9,9,0.9995265007019043
4611,0,0,0.9999992847442627
4612,7,7,0.999994158744812
4613,3,3,0.9999217987060547
4614,0,0,0.9986916184425354
4615,2,2,0.9745668172836304
4616,9,9,0.9998074173927307
4617,0,0,0.9998385906219482
4618,6,6,0.9998846054077148
4619,6,6,0.9834703803062439
4620,6,6,0.9925002455711365
4621,3,3,0.9999979734420776
4622,6,6,0.9999873638153076
4623,7,7,0.9999841451644897
4624,7,7,0.9997000694274902
4625,2,2,0.9999179840087891
4626,8,8,0.9997833371162415
4627,6,6,0.9999463558197021
4628,0,0,0.9999996423721313
4629,8,8,1.0
4630,3,3,0.9945836663246155
4631,0,0,0.9999955892562866
4632,2,2,0.9999648332595825
4633,9,9,0.9888700246810913
4634,8,8,0.9999881982803345
4635,3,3,0.9964774250984192
4636,2,2,0.9999886751174927
4637,5,5,0.999997615814209
4638,3,3,0.9999732971191406
4639,8,8,0.6623645424842834
4640,8,8,0.9943238496780396
4641,0,0,0.9999223947525024
4642,0,0,0.9999243021011353
4643,1,1,0.9988704323768616
4644,9,9,0.9999090433120728
4645,5,5,0.999735414981842
4646,1,1,0.9999350309371948
4647,3,3,0.9999091625213623
4648,9,9,0.9999459981918335
4649,6,6,0.99998939037323
4650,0,0,0.999967098236084
4651,1,1,0.9997467398643494
4652,4,4,0.9999347925186157
4653,1,1,0.9995893836021423
4654,7,7,0.9999933242797852
4655,1,1,0.9997476935386658
4656,2,2,0.9863118529319763
4657,3,3,0.9996500015258789
4658,7,7,0.9998581409454346
4659,9,9,0.9998108744621277
4660,7,7,0.9990242719650269
4661,4,4,0.9999891519546509
4662,9,9,0.9808962345123291
4663,9,9,0.9997294545173645
4664,3,3,0.9999862909317017
4665,9,9,0.998568058013916
4666,2,2,0.9999512434005737
4667,8,8,0.9999982118606567
4668,2,2,0.9992062449455261
4669,7,7,0.9993923902511597
4670,1,1,0.999794065952301
4671,8,8,0.9978024363517761
4672,0,0,0.9999648332595825
4673,9,9,0.9992031455039978
4674,1,1,0.9993213415145874
4675,0,0,0.9999016523361206
4676,1,1,0.9997478127479553
4677,7,7,0.9992239475250244
4678,7,7,0.9999898672103882
4679,9,9,0.9969738721847534
4680,6,6,0.9999980926513672
4681,9,9,0.9995065927505493
4682,9,9,0.9993919134140015
4683,9,9,0.9998005032539368
4684,2,2,0.9999395608901978
4685,1,1,0.9996368885040283
4686,6,6,0.9998189806938171
4687,1,1,0.9997043013572693
4688,3,3,0.9999693632125854
4689,5,5,0.9999366998672485
4690,7,7,0.9498282670974731
4691,1,1,0.9998435974121094
4692,9,9,0.9993423819541931
4693,7,7,0.9991782307624817
4694,6,6,0.999930739402771
4695,4,4,0.9989444613456726
4696,5,5,0.5193952322006226
4697,7,7,0.9999427795410156
4698,6,6,0.9992558360099792
4699,6,6,0.6132431030273438
4700,9,9,0.9999247789382935
4701,9,9,0.9998157620429993
4702,6,6,0.9985256791114807
4703,3,3,0.9999750852584839
4704,6,6,0.9999052286148071
4705,2,2,0.9999990463256836
4706,9,9,0.9999663829803467
4707,8,8,0.9994196891784668
4708,1,1,0.9999327659606934
4709,2,2,0.9999951124191284
4710,2,2,0.9999685287475586
4711,5,5,0.9995972514152527
4712,5,5,0.9789299368858337
4713,2,2,0.9656527638435364
4714,3,3,0.9999779462814331
4715,7,7,0.9996827840805054
4716,2,2,0.9998570680618286
4717,1,1,0.9999246597290039
4718,0,0,0.9999972581863403
4719,1,1,0.9995933175086975
4720,0,0,0.9991216063499451
4721,4,4,0.9997500777244568
4722,5,5,0.9989960789680481
4723,2,2,0.9814497232437134
4724,8,8,0.9812465310096741
4725,2,2,0.9999765157699585
4726,8,8,0.9999768733978271
4727,3,3,0.9999896287918091
4728,5,5,0.9999775886535645
4729,1,1,0.9994107484817505
4730,7,7,0.9999983310699463
4731,8,8,0.9609375596046448
4732,1,1,0.9999303817749023
4733,1,1,0.9999336004257202
4734,2,2,0.9999600648880005
4735,9,9,0.9995542168617249
4736,7,7,0.9999452829360962
4737,8,8,0.9957215785980225
4738,4,4,0.9988048076629639
4739,0,0,0.9774008393287659
4740,3,3,0.6895347237586975
4741,0,0,0.999984622001648
4742,7,7,0.9998250603675842
4743,8,8,0.9917982816696167
4744,8,8,0.996480405330658
4745,4,4,0.9961987137794495
4746,7,7,0.9987446069717407
4747,7,7,0.9999643564224243
4748,8,8,0.9999932050704956
4749,5,5,0.9998940229415894
4750,8,8,0.999758780002594
4751,4,4,0.9976590871810913
4752,9,9,0.9999295473098755
4753,8,8,0.9999688863754272
4754,1,1,0.9996248483657837
4755,3,3,0.9990941286087036
4756,8,8,0.9999784231185913
4757,0,0,0.9999895095825195
4758,3,3,0.9999992847442627
4759,1,1,0.98659348487854
4760,7,7,0.9998898506164551
4761,9,8,0.40484458208084106
4762,5,5,0.9999790191650391
4763,5,5,0.9909201860427856
4764,1,1,0.9998297691345215
4765,6,6,0.999816358089447
4766,5,5,0.9999755620956421
4767,7,7,0.99997878074646
4768,4,4,0.9999512434005737
4769,9,9,0.9999723434448242
4770,3,3,0.9999969005584717
4771,5,5,0.9952377080917358
4772,4,4,0.9999473094940186
4773,7,7,0.9991911053657532
4774,1,1,0.9998641014099121
4775,2,2,0.9999853372573853
4776,0,0,0.999244213104248
4777,8,8,0.9974006414413452
4778,1,1,0.9995208978652954
4779,6,6,0.9999831914901733
4780,0,0,0.9999868869781494
4781,7,7,0.9999176263809204
4782,3,3,0.999984622001648
4783,4,9,0.7643351554870605
4784,7,7,0.999809205532074
4785,3,3,0.9998868703842163
4786,9,9,0.9999507665634155
4787,6,6,0.999984860420227
4788,0,0,0.9999297857284546
4789,8,8,0.9999628067016602
4790,6,6,0.9999200105667114
4791,4,4,0.9990918636322021
4792,8,8,0.9999982118606567
4793,7,7,0.9999680519104004
4794,7,7,0.9975634813308716
4795,9,9,0.999941349029541
4796,3,3,0.9988904595375061
4797,8,8,0.9999986886978149
4798,6,6,0.9299869537353516
4799,9,9,0.9999740123748779
4800,7,7,0.9999490976333618
4801,2,2,0.999971866607666
4802,3,3,0.999908447265625
4803,4,4,0.9999954700469971
4804,0,0,0.9994803071022034
4805,2,2,0.9999970197677612
4806,1,1,0.9999092817306519
4807,8,0,0.873903751373291
4808,3,3,0.9871634244918823
4809,5,5,0.9999927282333374
4810,5,5,0.9994444251060486
4811,7,7,0.9999924898147583
4812,2,2,0.9999778270721436
4813,4,4,0.9999364614486694
4814,6,0,0.9244418144226074
4815,7,7,0.9988101720809937
4816,2,2,0.9960492253303528
4817,8,8,0.9999790191650391
4818,3,3,0.9999988079071045
4819,0,0,0.9992402791976929
4820,8,8,0.999954342842102
4821,7,7,0.9996591806411743
4822,8,8,0.9999879598617554
4823,9,4,0.5911805033683777
4824,0,0,0.9999748468399048
4825,8,8,0.9994031190872192
4826,4,4,0.9997517466545105
4827,4,4,0.9983605742454529
4828,5,5,0.9982637763023376
4829,8,8,0.9999858140945435
4830,5,5,0.9999985694885254
4831,6,6,0.9998899698257446
4832,6,6,0.9999723434448242
4833,3,3,0.9998571872711182
4834,0,0,0.9997888207435608
4835,9,9,0.9998254179954529
4836,3,3,0.9999222755432129
4837,7,7,0.8372821807861328
4838,6,6,0.562414824962616
4839,8,8,0.9806066155433655
4840,9,9,0.9995974898338318
4841,3,3,0.9951920509338379
4842,4,4,0.9999097585678101
4843,9,9,0.9999756813049316
4844,5,5,0.9998773336410522
4845,8,8,0.998055100440979
4846,9,9,0.9991472959518433
4847,1,1,0.9988970756530762
4848,2,2,0.9999967813491821
4849,8,8,0.9999561309814453
4850,8,8,0.9999680519104004
4851,6,6,0.9996156692504883
4852,8,8,0.9995561242103577
4853,1,1,0.9996254444122314
4854,3,3,0.9999476671218872
4855,7,7,0.999906063079834
4856,9,9,0.9998525381088257
4857,0,0,0.9990326166152954
4858,1,1,0.9998785257339478
4859,1,1,0.9998427629470825
4860,4,9,0.9315639734268188
4861,7,7,0.9973524808883667
4862,0,0,0.9999953508377075
4863,8,8,0.9998455047607422
4864,1,1,0.9998772144317627
4865,7,7,0.9999974966049194
4866,4,4,0.9995447993278503
4867,5,5,0.9997221827507019
4868,7,7,0.9996517896652222
4869,1,1,0.9999263286590576
4870,2,2,0.9999997615814209
4871,1,1,0.9994726777076721
4872,1,1,0.9999245405197144
4873,3,3,0.9999052286148071
4874,9,0,0.5621508359909058
4875,6,6,0.9999758005142212
4876,2,2,0.9718998074531555
4877,1,1,0.9995306730270386
4878,2,2,0.9998953342437744
4879,8,8,0.8776042461395264
4880,0,0,0.9954771399497986
4881,7,7,0.9999908208847046
4882,6,6,0.7350396513938904
4883,6,6,0.9983536005020142
4884,9,9,0.9992774128913879
4885,3,3,0.9999918937683105
4886,7,7,0.9422855973243713
4887,0,0,0.9990394711494446
4888,5,5,0.9199375510215759
4889,2,2,0.9999991655349731
4890,8,8,0.9997641444206238
4891,0,0,0.9999967813491821
4892,5,5,0.9999995231628418
4893,4,4,0.9988881945610046
4894,3,3,0.9999483823776245
4895,8,8,0.9995074272155762
4896,4,4,0.9997730851173401
4897,6,6,0.9991143345832825
4898,6,6,0.9999082088470459
4899,2,2,0.9998711347579956
4900,7,7,0.9944288730621338
4901,9,9,0.999846339225769
4902,5,5,0.980657160282135
4903,1,1,0.9997040629386902
4904,3,3,0.9999610185623169
4905,2,2,0.9999923706054688
4906,4,4,0.9999831914901733
4907,3,3,0.9989089965820312
4908,6,6,0.9999116659164429
4909,1,1,0.997719943523407
4910,9,9,0.9999301433563232
4911,4,4,0.967581570148468
4912,4,4,0.9999833106994629
4913,7,7,0.9998966455459595
4914,6,6,0.9998922348022461
4915,5,5,0.9978395700454712
4916,4,4,0.9999775886535645
4917,1,1,0.9999037981033325
4918,9,9,0.9964057207107544
4919,9,9,0.9999445676803589
4920,2,2,0.9999977350234985
4921,7,7,0.706151008605957
4922,8,8,0.99985671043396
4923,0,0,0.9999701976776123
4924,1,1,0.9978578686714172
4925,3,3,0.9999202489852905
4926,6,6,0.9999834299087524
4927,1,1,0.9997639060020447
4928,3,3,0.9998424053192139
4929,4,4,0.9986485838890076
4930,1,1,0.9994427561759949
4931,1,1,0.9997654557228088
4932,1,1,0.9999270439147949
4933,5,5,0.9999961853027344
4934,6,6,0.9975685477256775
4935,0,0,0.9999924898147583
4936,7,7,0.9996237754821777
4937,0,0,0.9999929666519165
4938,7,7,0.9999597072601318
4939,2,2,0.9995360374450684
4940,3,3,0.9999991655349731
4941,2,2,0.9990800619125366
4942,5,5,0.6773311495780945
4943,2,2,0.9977329969406128
4944,2,2,0.9999769926071167
4945,9,9,0.9998212456703186
4946,4,4,0.9999328851699829
4947,9,9,0.9999758005142212
4948,8,8,0.9990904331207275
4949,1,1,0.9996680021286011
4950,2,2,0.9982491731643677
4951,1,1,0.9993582367897034
4952,6,6,0.9963520765304565
4953,1,1,0.999901294708252
4954,2,2,0.999661922454834
4955,7,7,0.999968409538269
4956,8,8,0.6009407043457031
4957,0,0,0.999976396560669
4958,0,0,0.9999972581863403
4959,0,0,0.9992850422859192
4960,8,8,0.9998805522918701
4961,2,2,0.9999997615814209
4962,2,2,0.9999991655349731
4963,9,9,0.9998385906219482
4964,2,2,0.9999958276748657
4965,2,2,0.9999990463256836
4966,7,7,0.9919931888580322
4967,9,9,0.9997826218605042
4968,9,9,0.9999786615371704
4969,2,2,0.9998941421508789
4970,7,7,0.9983522891998291
4971,5,5,0.9990028738975525
4972,1,1,0.9996009469032288
4973,3,3,0.9999992847442627
4974,4,4,0.9999345541000366
4975,9,9,0.9999679327011108
4976,4,4,0.9994450211524963
4977,1,1,0.9999552965164185
4978,8,8,0.9395251870155334
4979,5,5,0.999748170375824
4980,6,6,0.9991262555122375
4981,2,2,0.9999934434890747
4982,8,8,0.999596893787384
4983,3,3,0.999987006187439
4984,1,1,0.9995030164718628
4985,2,2,0.9999897480010986
4986,8,8,0.9995796084403992
4987,4,4,0.9995738863945007
4988,9,9,0.999929666519165
4989,9,9,0.9921309351921082
4990,3,3,0.9937852621078491
4991,7,7,0.9998466968536377
4992,0,0,0.9999995231628418
4993,7,7,0.9998981952667236
4994,7,7,0.9998138546943665
4995,2,2,0.9964535236358643
4996,3,3,0.9999830722808838
4997,2,2,0.9956472516059875
4998,4,4,0.9997310042381287
4999,0,0,0.9999898672103882
5000,3,3,0.9999901056289673
5001,9,9,0.9985159039497375
5002,9,9,0.9999940395355225
5003,8,8,0.9999983310699463
5004,4,4,0.9999942779541016
5005,1,1,0.9999315738677979
5006,0,0,0.999970555305481
5007,6,6,0.9999963045120239
5008,0,0,0.9999891519546509
5009,9,9,0.9999638795852661
5010,6,6,0.999992847442627
5011,8,8,0.9997103810310364
5012,6,6,0.9999974966049194
5013,1,1,0.9999134540557861
5014,1,1,0.9996813535690308
5015,9,9,0.9993501305580139
5016,8,8,0.9999881982803345
5017,9,9,0.9999754428863525
5018,2,2,0.9999995231628418
5019,3,3,0.9999818801879883
5020,5,5,0.9999703168869019
5021,5,5,0.9998605251312256
5022,9,9,0.9999685287475586
5023,4,4,0.9999834299087524
5024,2,2,0.999976396560669
5025,1,1,0.9998835325241089
5026,9,9,0.9999669790267944
5027,4,4,0.9999356269836426
5028,3,3,0.9999983310699463
5029,9,9,0.9997372031211853
5030,6,6,0.9999974966049194
5031,0,0,0.9999939203262329
5032,4,4,0.9999817609786987
5033,0,0,0.9999847412109375
5034,6,6,0.9999969005584717
5035,0,0,0.9989176988601685
5036,1,1,0.9999498128890991
5037,2,2,0.9999027252197266
5038,3,3,0.9995566010475159
5039,4,4,0.999992847442627
5040,7,7,0.9872642755508423
5041,8,8,0.9999980926513672
5042,9,9,0.9999864101409912
5043,0,0,0.9999892711639404
5044,1,1,0.9998587369918823
5045,2,2,0.9999735355377197
5046,3,3,0.9995189905166626
5047,4,4,0.999941349029541
5048,7,7,0.9934426546096802
5049,8,8,0.9999886751174927
5050,9,9,0.9999961853027344
5051,0,0,0.9999632835388184
5052,1,1,0.9998420476913452
5053,2,2,0.9998018145561218
5054,3,3,0.9999234676361084
5055,4,4,0.9999648332595825
5056,5,5,0.9999861717224121
5057,6,6,0.9999854564666748
5058,7,7,0.9995760321617126
5059,8,8,0.9999979734420776
5060,9,9,0.9999508857727051
5061,8,8,0.999948263168335
5062,3,3,0.9996697902679443
5063,4,4,0.9999498128890991
5064,7,7,0.9992101192474365
5065,8,8,0.9872435927391052
5066,6,6,0.9999868869781494
5067,3,3,0.9838581681251526
5068,4,4,0.8232524394989014
5069,0,0,0.999996542930603
5070,9,9,0.9999510049819946
5071,7,7,0.9996378421783447
5072,1,1,0.9998955726623535
5073,9,9,0.9999971389770508
5074,3,3,0.9997417330741882
5075,8,8,0.9999821186065674
5076,4,4,0.9999967813491821
5077,7,7,0.9998818635940552
5078,3,3,0.995186984539032
5079,0,0,0.9999958276748657
5080,9,9,0.9999982118606567
5081,1,1,0.9998854398727417
5082,4,4,0.9998713731765747
5083,5,5,0.9995241165161133
5084,4,4,0.9997758269309998
5085,6,6,0.9999531507492065
5086,2,2,0.9980453252792358
5087,0,0,0.9999973773956299
5088,6,6,0.9980693459510803
5089,2,2,0.999997615814209
5090,1,1,0.9934825301170349
5091,1,1,0.9996955394744873
5092,1,1,0.999230146408081
5093,1,1,0.9995831847190857
5094,7,7,0.9995582699775696
5095,2,2,0.9999958276748657
5096,4,4,0.9999816417694092
5097,7,7,0.9928092956542969
5098,5,5,0.9999088048934937
5099,2,2,0.9993981122970581
5100,9,9,0.999940037727356
5101,4,4,0.9993636012077332
5102,5,5,0.9999934434890747
5103,8,8,0.999990701675415
5104,4,4,0.9999803304672241
5105,2,2,0.9998363256454468
5106,9,9,0.9999743700027466
5107,7,7,0.9996259212493896
5108,0,0,0.9999397993087769
5109,0,0,0.9999915361404419
5110,7,7,0.9995693564414978
5111,5,5,0.9999659061431885
5112,1,1,0.9999754428863525
5113,1,1,0.9998949766159058
5114,7,7,0.9998471736907959
5115,6,6,0.9999921321868896
5116,6,6,0.9999974966049194
5117,6,6,0.9998724460601807
5118,8,8,0.9999107122421265
5119,2,2,0.9999434947967529
5120,2,2,0.9995827078819275
5121,7,7,0.9939813017845154
5122,7,7,0.9980046153068542
5123,4,4,0.9999953508377075
5124,0,0,0.9999946355819702
5125,2,2,0.9997269511222839
5126,4,4,0.9994645714759827
5127,2,2,0.7902141809463501
5128,1,1,0.9999653100967407
5129,8,8,0.9999760389328003
5130,9,9,0.999984860420227
5131,6,6,0.999992847442627
5132,1,1,0.9999500513076782
5133,0,0,0.9999970197677612
5134,5,5,0.9999741315841675
5135,9,9,0.9997863173484802
5136,6,6,0.9999592304229736
5137,9,9,0.9999984502792358
5138,8,8,0.999875545501709
5139,0,0,0.9999803304672241
5140,3,3,0.9422232508659363
5141,0,0,0.9999784231185913
5142,8,8,0.9999947547912598
5143,3,3,0.9996939897537231
5144,9,9,0.999966025352478
5145,6,6,0.9998877048492432
5146,3,3,0.999491810798645
5147,0,0,0.9999887943267822
5148,1,1,0.9998685121536255
5149,2,2,0.9999979734420776
5150,3,3,0.9999994039535522
5151,4,4,0.999907374382019
5152,5,5,0.9999492168426514
5153,6,6,0.9999327659606934
5154,7,7,0.9998468160629272
5155,0,0,0.9997029900550842
5156,1,1,0.999742329120636
5157,2,2,0.9999942779541016
5158,3,3,0.9999984502792358
5159,4,9,0.8271420001983643
5160,5,5,0.9999476671218872
5161,6,6,0.9999380111694336
5162,7,7,0.9916940331459045
5163,8,8,0.9999985694885254
5164,9,9,0.9998430013656616
5165,0,0,0.9934900999069214
5166,1,1,0.9999350309371948
5167,2,2,0.9999945163726807
5168,3,3,0.999998927116394
5169,4,4,0.999966025352478
5170,5,5,0.9999908208847046
5171,6,6,0.999941349029541
5172,7,7,0.9972153902053833
5173,8,8,0.9997621178627014
5174,5,5,0.999980092048645
5175,4,4,0.9999680519104004
5176,8,8,0.979526162147522
5177,7,7,0.9989951252937317
5178,4,4,0.9999984502792358
5179,7,7,0.9999988079071045
5180,7,7,0.9962409734725952
5181,3,3,0.9999984502792358
5182,9,9,0.9999035596847534
5183,8,8,0.9778507351875305
5184,8,8,0.9999805688858032
5185,3,3,0.9999872446060181
5186,1,1,0.9998903274536133
5187,5,5,0.999439537525177
5188,8,8,0.9999940395355225
5189,2,2,0.9999970197677612
5190,7,7,0.9986767172813416
5191,4,4,0.9999940395355225
5192,2,2,1.0
5193,1,1,0.9996015429496765
5194,5,5,0.9823552966117859
5195,4,4,0.9999964237213135
5196,5,5,0.9999946355819702
5197,5,5,0.9999359846115112
5198,8,8,0.999992847442627
5199,6,6,0.9989239573478699
5200,4,4,0.9998071789741516
5201,4,4,0.998532772064209
5202,4,4,0.9999479055404663
5203,1,1,0.987566351890564
5204,8,8,0.999951958656311
5205,7,7,0.999941349029541
5206,5,5,0.9999817609786987
5207,5,5,0.9991870522499084
5208,1,1,0.9998593330383301
5209,8,8,0.9999088048934937
5210,9,9,0.9884825348854065
5211,1,1,0.9996614456176758
5212,3,3,0.999997615814209
5213,6,6,0.9990074038505554
5214,3,3,0.9999958276748657
5215,3,3,0.9999762773513794
5216,2,2,0.9999954700469971
5217,2,2,0.9999856948852539
5218,6,6,0.9998693466186523
5219,9,9,0.9997602105140686
5220,9,9,0.9993484616279602
5221,6,6,0.9892565011978149
5222,5,5,0.9999971389770508
5223,5,5,0.9999985694885254
5224,3,3,0.9999853372573853
5225,3,3,0.9999926090240479
5226,8,8,0.9999940395355225
5227,1,1,0.999762237071991
5228,6,6,0.9934569001197815
5229,5,5,0.9973241090774536
5230,6,6,0.9999892711639404
5231,8,8,0.9999510049819946
5232,1,1,0.9999690055847168
5233,9,9,0.9999507665634155
5234,7,7,0.9996993541717529
5235,6,6,0.9999802112579346
5236,8,8,0.9999701976776123
5237,3,3,0.9998984336853027
5238,7,7,0.9994276165962219
5239,4,4,0.9998950958251953
5240,7,7,0.9994745850563049
5241,0,0,0.9999959468841553
5242,9,9,0.997646152973175
5243,0,0,0.999601423740387
5244,0,0,0.9997401833534241
5245,3,3,0.9999939203262329
5246,7,7,0.586631715297699
5247,9,9,0.999833345413208
5248,3,3,0.9999526739120483
5249,0,0,0.9999725818634033
5250,2,2,0.9999258518218994
5251,0,0,0.9991452693939209
5252,1,1,0.9999171495437622
5253,0,0,0.999988317489624
5254,1,1,0.9998874664306641
5255,0,0,0.9999873638153076
5256,4,4,0.9999979734420776
5257,0,0,0.9999656677246094
5258,1,1,0.999964714050293
5259,0,0,0.9999960660934448
5260,4,4,0.9971755743026733
5261,7,7,0.9939324259757996
5262,9,9,0.9991186261177063
5263,6,6,0.9999946355819702
5264,2,2,0.9999984502792358
5265,6,6,0.9869170188903809
5266,2,2,0.999998927116394
5267,2,2,0.9999803304672241
5268,9,9,0.9825025796890259
5269,9,9,0.9994564652442932
5270,0,0,0.9995101690292358
5271,1,1,0.9996691942214966
5272,2,2,0.9999926090240479
5273,3,3,0.9999927282333374
5274,4,4,0.9999980926513672
5275,5,5,0.9999858140945435
5276,6,6,0.9999949932098389
5277,7,7,0.999806821346283
5278,8,8,0.9465848207473755
5279,9,9,0.9999730587005615
5280,0,0,0.9999955892562866
5281,1,1,0.9999135732650757
5282,2,2,0.9999997615814209
5283,3,3,0.9997039437294006
5284,4,4,0.9989707469940186
5285,5,5,0.9999678134918213
5286,6,6,0.9999887943267822
5287,7,7,0.9999845027923584
5288,8,9,0.6965535879135132
5289,9,9,0.9999622106552124
5290,0,0,0.9999840259552002
5291,1,1,0.9999228715896606
5292,2,2,0.9999617338180542
5293,3,3,0.9999954700469971
5294,4,4,0.9999949932098389
5295,5,5,0.9999933242797852
5296,6,6,0.9999765157699585
5297,7,7,0.9997747540473938
5298,8,8,0.9601138830184937
5299,9,9,0.9999732971191406
5300,8,8,0.9999281167984009
5301,0,0,0.9999510049819946
5302,5,5,0.9999698400497437
5303,6,6,0.9999622106552124
5304,6,6,0.9999808073043823
5305,0,0,0.9999908208847046
5306,8,8,0.9997372031211853
5307,0,0,0.9999805688858032
5308,2,2,0.9998775720596313
5309,3,3,0.9999954700469971
5310,7,7,0.998970627784729
5311,9,9,0.9996167421340942
5312,4,4,0.999921441078186
5313,7,7,0.9999771118164062
5314,1,1,0.9999452829360962
5315,9,9,0.9999246597290039
5316,1,1,0.9999526739120483
5317,7,7,0.9990647435188293
5318,1,1,0.9999613761901855
5319,4,4,0.9998685121536255
5320,0,0,0.9998579025268555
5321,0,0,0.9999818801879883
5322,4,4,0.9996531009674072
5323,1,1,0.999842643737793
5324,7,7,0.9993233680725098
5325,5,5,0.9999914169311523
5326,7,7,0.9999122619628906
5327,1,1,0.9998883008956909
5328,3,3,0.9999933242797852
5329,3,3,0.9999899864196777
5330,3,3,0.9999951124191284
5331,1,1,0.9887944459915161
5332,6,6,0.9999915361404419
5333,9,9,0.9999786615371704
5334,7,7,0.9996281862258911
5335,4,4,0.9972489476203918
5336,3,3,0.9999929666519165
5337,0,0,0.9999955892562866
5338,2,2,0.9999740123748779
5339,5,5,0.9993746876716614
5340,2,2,0.9999996423721313
5341,6,6,0.9995970129966736
5342,0,0,0.9999953508377075
5343,8,8,0.9990121126174927
5344,9,9,0.9999434947967529
5345,4,4,0.9999394416809082
5346,3,3,0.9999949932098389
5347,5,5,0.9999949932098389
5348,4,4,0.9999771118164062
5349,8,8,0.9999537467956543
5350,1,1,0.9998753070831299
5351,5,5,0.9999219179153442
5352,9,9,0.9999812841415405
5353,0,0,0.9999927282333374
5354,6,6,0.9999934434890747
5355,4,4,0.9999916553497314
5356,3,3,0.9999630451202393
5357,6,6,0.9999955892562866
5358,3,3,0.9999868869781494
5359,3,3,0.9999164342880249
5360,8,8,0.9995236396789551
5361,1,1,0.9999650716781616
5362,4,4,0.9999920129776001
5363,7,7,0.9997708201408386
5364,5,5,0.9999988079071045
5365,7,7,0.999985933303833
5366,2,2,0.9999998807907104
5367,2,2,0.9999961853027344
5368,0,0,0.9999892711639404
5369,0,0,0.9999958276748657
5370,1,1,0.999931812286377
5371,7,7,0.9989670515060425
5372,7,7,0.999087929725647
5373,9,9,0.9999570846557617
5374,5,5,0.9999620914459229
5375,9,9,0.9999337196350098
5376,8,8,0.9999749660491943
5377,9,9,0.9998990297317505
5378,6,6,0.9999935626983643
5379,8,8,0.9780521988868713
5380,8,8,0.9998095631599426
5381,2,2,0.9999969005584717
5382,3,3,0.9998657703399658
5383,6,6,0.9999345541000366
5384,1,1,0.9998792409896851
5385,2,2,1.0
5386,9,9,0.9998714923858643
5387,8,8,0.9998267292976379
5388,9,9,0.9998881816864014
5389,5,5,0.9999067783355713
5390,2,2,0.9999164342880249
5391,6,6,0.9998478889465332
5392,2,2,0.9999712705612183
5393,4,4,0.9999951124191284
5394,8,8,0.9706493616104126
5395,4,4,0.9999375343322754
5396,6,6,0.9999375343322754
5397,5,5,0.9710241556167603
5398,0,0,0.9999200105667114
5399,1,1,0.9999544620513916
5400,5,5,0.999980092048645
5401,6,6,0.997627317905426
5402,7,7,0.9997536540031433
5403,8,8,0.99989914894104
5404,9,9,0.9999955892562866
5405,0,0,0.9999523162841797
5406,1,1,0.9996782541275024
5407,2,2,0.9996322393417358
5408,3,3,0.9999399185180664
5409,4,4,0.9990910291671753
5410,5,5,0.9998229146003723
5411,6,6,0.9999929666519165
5412,7,7,0.9999947547912598
5413,8,8,0.9999603033065796
5414,9,9,0.999961256980896
5415,0,0,0.9999961853027344
5416,1,1,0.9994571805000305
5417,2,2,0.9999414682388306
5418,3,3,0.9999990463256836
5419,4,4,0.9999891519546509
5420,5,5,0.999957799911499
5421,6,6,0.999861478805542
5422,7,7,0.999988317489624
5423,8,8,0.9997524619102478
5424,9,9,0.9998310804367065
5425,7,7,0.999980092048645
5426,4,4,0.9999997615814209
5427,2,2,0.9999254941940308
5428,0,0,0.9999938011169434
5429,9,9,0.999954104423523
5430,0,0,0.9999897480010986
5431,1,1,0.9998201727867126
5432,5,5,0.9999938011169434
5433,8,8,0.999885082244873
5434,8,8,0.9999902248382568
5435,0,0,0.9999741315841675
5436,2,2,0.9999998807907104
5437,7,7,0.9999817609786987
5438,8,8,0.9999697208404541
5439,4,4,0.999992847442627
5440,4,4,0.9999665021896362
5441,6,6,0.9999904632568359
5442,1,1,0.9999715089797974
5443,0,0,0.9999223947525024
5444,4,4,0.9999814033508301
5445,5,5,0.9999922513961792
5446,3,3,0.9999334812164307
5447,9,9,0.9999750852584839
5448,4,4,0.9999902248382568
5449,2,2,0.9997777342796326
5450,0,0,0.9917224049568176
5451,5,5,1.0
5452,0,0,0.9999651908874512
5453,1,1,0.9999067783355713
5454,3,3,0.9999895095825195
5455,2,2,0.9999982118606567
5456,9,9,0.9998626708984375
5457,1,1,0.9910233020782471
5458,6,6,0.9999934434890747
5459,0,0,0.9979220032691956
5460,1,1,0.9998379945755005
5461,1,1,0.9999611377716064
5462,8,8,0.9999617338180542
5463,0,0,0.9999972581863403
5464,4,4,0.9999924898147583
5465,7,7,0.9999991655349731
5466,7,7,0.9999561309814453
5467,6,6,0.9999829530715942
5468,3,3,0.9999958276748657
5469,6,6,0.9999867677688599
5470,0,0,0.9999396800994873
5471,7,7,0.9999735355377197
5472,3,3,0.9999990463256836
5473,5,5,0.9999850988388062
5474,4,4,0.9999542236328125
5475,2,2,0.9999997615814209
5476,4,4,0.9999655485153198
5477,1,1,0.9999037981033325
5478,8,8,0.9999912977218628
5479,3,3,0.9999970197677612
5480,5,5,0.9999982118606567
5481,6,6,0.9999904632568359
5482,7,7,0.999975323677063
5483,0,0,0.9999927282333374
5484,6,6,0.9999946355819702
5485,7,7,0.9999480247497559
5486,1,1,0.9998570680618286
5487,2,2,0.9999997615814209
5488,5,5,0.9999754428863525
5489,8,8,0.999996542930603
5490,1,1,0.999967098236084
5491,9,9,0.9999932050704956
5492,3,3,0.9999929666519165
5493,8,8,0.9999148845672607
5494,2,2,0.9999994039535522
5495,8,8,0.9999786615371704
5496,7,7,0.9997488856315613
5497,6,6,0.9999938011169434
5498,7,7,0.9999831914901733
5499,1,1,0.9998202919960022
5500,4,4,0.9999983310699463
5501,6,6,0.9999955892562866
5502,2,2,0.9999483823776245
5503,9,9,0.9999501705169678
5504,3,3,0.9998332262039185
5505,0,0,0.9999781847000122
5506,1,1,0.9999130964279175
5507,2,2,0.9999449253082275
5508,3,3,0.9999786615371704
5509,4,4,0.9999896287918091
5510,5,5,0.999995231628418
5511,6,6,0.9999775886535645
5512,7,7,0.999764621257782
5513,0,0,0.9999990463256836
5514,1,1,0.9995697140693665
5515,2,2,0.9999966621398926
5516,3,3,0.9999805688858032
5517,4,4,0.9999903440475464
5518,5,5,0.9999966621398926
5519,0,0,0.9992478489875793
5520,1,1,0.9999058246612549
5521,2,2,0.9999409914016724
5522,8,8,0.9784258008003235
5523,9,9,0.9968996047973633
5524,1,1,0.9997976422309875
5525,4,4,0.9992745518684387
5526,0,0,0.9999220371246338
5527,9,9,0.9977297186851501
5528,5,5,0.999971866607666
5529,0,0,0.9999105930328369
5530,8,8,0.9999111890792847
5531,0,0,0.999993085861206
5532,7,7,0.9985053539276123
5533,7,7,0.9882792234420776
5534,1,1,0.9999017715454102
5535,1,1,0.9995916485786438
5536,2,2,0.9998656511306763
5537,9,9,0.9998488426208496
5538,3,3,0.9999994039535522
5539,6,6,0.9982319474220276
5540,7,7,0.9990755319595337
5541,2,2,0.9999804496765137
5542,3,3,0.9999895095825195
5543,8,8,0.9994756579399109
5544,1,1,0.9999186992645264
5545,2,2,0.9999972581863403
5546,9,9,0.9995896220207214
5547,8,8,0.9966951608657837
5548,8,8,0.9999047517776489
5549,7,7,0.9998714923858643
5550,1,1,0.9999021291732788
5551,7,7,0.9997373223304749
5552,1,1,0.9998736381530762
5553,1,1,0.9998942613601685
5554,0,0,0.9999947547912598
5555,3,3,0.999995231628418
5556,4,4,0.9994750618934631
5557,2,2,0.9998908042907715
5558,6,6,0.9999641180038452
5559,4,4,0.999007523059845
5560,7,7,0.9984803795814514
5561,4,4,0.999110758304596
5562,2,2,0.999966025352478
5563,7,7,0.9999251365661621
5564,4,4,0.9373716115951538
5565,9,9,0.9999494552612305
5566,1,1,0.9998296499252319
5567,0,0,0.9999618530273438
5568,6,6,0.9999927282333374
5569,8,8,0.9991069436073303
5570,5,5,0.9999957084655762
5571,5,5,0.999962329864502
5572,5,5,0.9999661445617676
5573,3,3,0.9978070855140686
5574,5,5,0.9998772144317627
5575,9,9,0.9999339580535889
5576,7,7,0.9999648332595825
5577,4,4,0.9995095729827881
5578,8,8,0.990288257598877
5579,5,5,0.9999970197677612
5580,9,9,0.9996882677078247
5581,6,6,0.9999154806137085
5582,9,9,0.9999206066131592
5583,3,3,0.9992278814315796
5584,0,0,0.9999914169311523
5585,3,3,0.9999997615814209
5586,8,8,0.9315189123153687
5587,9,9,0.9999536275863647
5588,1,1,0.999795138835907
5589,8,8,0.9999973773956299
5590,1,1,0.9999241828918457
5591,6,6,0.9999747276306152
5592,0,0,0.999985933303833
5593,0,0,0.9988862872123718
5594,1,1,0.9866661429405212
5595,2,2,0.9997989535331726
5596,3,3,0.9999680519104004
5597,4,4,0.9992813467979431
5598,5,5,0.9999991655349731
5599,6,6,0.9999285936355591
5600,7,9,0.5768334865570068
5601,8,8,0.9998200535774231
5602,9,9,0.9995724558830261
5603,0,0,0.9999150037765503
5604,1,1,0.999869704246521
5605,2,2,0.9999982118606567
5606,3,3,0.9999884366989136
5607,4,4,0.9991601705551147
5608,5,5,0.9995239973068237
5609,6,6,0.9999973773956299
5610,7,7,0.9995645880699158
5611,8,8,0.9998797178268433
5612,9,9,0.9989210367202759
5613,0,0,0.9996621608734131
5614,1,1,0.9992849230766296
5615,2,2,0.9999986886978149
5616,3,3,0.9999542236328125
5617,4,4,0.999268114566803
5618,5,5,0.9999990463256836
5619,6,6,0.999930739402771
5620,7,7,0.9980525970458984
5621,8,8,0.9999886751174927
5622,9,9,0.9999759197235107
5623,3,3,0.9926583170890808
5624,5,5,0.999998927116394
5625,3,3,0.9999923706054688
5626,2,2,0.9995688796043396
5627,9,9,0.9998581409454346
5628,3,3,0.9999533891677856
5629,2,2,0.9999996423721313
5630,1,1,0.9991315007209778
5631,4,4,0.9984017014503479
5632,5,5,0.9999681711196899
5633,5,5,0.9993058443069458
5634,2,2,0.9617358446121216
5635,3,3,0.9999889135360718
5636,2,2,0.9998434782028198
5637,1,1,0.9996912479400635
5638,3,3,0.9999758005142212
5639,9,9,0.999690055847168
5640,7,7,0.999349057674408
5641,2,2,0.9999402761459351
5642,1,1,0.9708448052406311
5643,2,2,0.9999637603759766
5644,8,8,0.9999805688858032
5645,9,9,0.9999793767929077
5646,1,1,0.9999327659606934
5647,8,8,0.9997746348381042
5648,8,8,0.9998571872711182
5649,7,7,0.9862459897994995
5650,8,8,0.999923825263977
5651,1,1,0.9994783997535706
5652,0,0,0.9999771118164062
5653,0,0,0.9958471655845642
5654,7,7,0.9589494466781616
5655,7,7,0.8973754048347473
5656,8,8,0.9999920129776001
5657,7,7,0.9997643828392029
5658,5,5,0.9999994039535522
5659,0,0,0.9999985694885254
5660,6,6,0.9999768733978271
5661,1,1,0.9997829794883728
5662,5,5,0.9970129728317261
5663,7,7,0.998327910900116
5664,4,4,0.9996980428695679
5665,6,6,0.9999792575836182
5666,1,1,0.9986577033996582
5667,2,2,0.9998592138290405
5668,5,5,0.9999992847442627
5669,0,0,0.9999984502792358
5670,7,7,0.9997709393501282
5671,9,9,0.9999628067016602
5672,9,9,0.9999091625213623
5673,0,0,0.9999978542327881
5674,3,3,0.9996474981307983
5675,8,8,0.9999266862869263
5676,4,4,0.9617884159088135
5677,4,4,0.7586259245872498
5678,8,8,0.9988653659820557
5679,1,1,0.9997054934501648
5680,8,8,0.9999872446060181
5681,6,6,0.9999619722366333
5682,5,5,0.9999998807907104
5683,9,9,0.9998891353607178
5684,0,0,0.999998927116394
5685,0,0,0.9999994039535522
5686,0,0,0.9999954700469971
5687,3,3,0.9999957084655762
5688,7,7,0.9980992674827576
5689,1,1,0.9998562335968018
5690,6,6,0.9999170303344727
5691,4,4,0.9997444748878479
5692,2,2,0.9999998807907104
5693,6,6,0.9999663829803467
5694,6,6,0.9999908208847046
5695,0,0,0.9999876022338867
5696,4,4,0.9996352195739746
5697,5,5,0.9999858140945435
5698,4,4,0.9961063265800476
5699,1,1,0.9994893074035645
5700,3,3,0.9996401071548462
5701,8,8,0.999995231628418
5702,6,6,0.999937891960144
5703,3,3,0.9995204210281372
5704,9,9,0.999879002571106
5705,9,9,0.9999749660491943
5706,5,5,0.9999923706054688
5707,9,9,0.99981290102005
5708,3,3,0.9999654293060303
5709,7,9,0.7159199714660645
5710,8,8,0.9998302459716797
5711,5,5,0.9999978542327881
5712,6,6,0.9999779462814331
5713,4,4,0.9999068975448608
5714,7,7,0.9890430569648743
5715,6,6,0.9999269247055054
5716,2,2,0.9999998807907104
5717,2,2,0.9999703168869019
5718,0,0,0.9999407529830933
5719,9,9,0.9947537183761597
5720,4,4,0.9951767921447754
5721,0,0,0.9999698400497437
5722,1,1,0.9997733235359192
5723,2,2,0.9999986886978149
5724,3,3,0.9999723434448242
5725,4,4,0.9999903440475464
5726,5,5,0.9998800754547119
5727,6,6,0.9988642930984497
5728,7,7,0.9984927177429199
5729,8,8,0.9999947547912598
5730,9,9,0.9999853372573853
5731,0,0,0.9998419284820557
5732,1,1,0.9980769157409668
5733,2,2,0.9999992847442627
5734,3,3,0.7998996376991272
5735,5,5,0.9799898266792297
5736,6,6,0.9554409384727478
5737,0,0,0.9999822378158569
5738,1,1,0.9998494386672974
5739,2,2,0.9999985694885254
5740,3,3,0.9999648332595825
5741,4,4,0.9999933242797852
5742,5,5,0.9979750514030457
5743,6,6,0.9991315007209778
5744,8,8,0.9999901056289673
5745,7,7,0.9676012992858887
5746,1,1,0.9989720582962036
5747,3,3,0.9999927282333374
5748,2,2,0.9999862909317017
5749,8,8,0.937012255191803
5750,0,0,0.9999877214431763
5751,7,7,0.9999634027481079
5752,5,5,0.908093273639679
5753,9,9,0.9998998641967773
5754,9,9,0.9999563694000244
5755,6,6,0.9999980926513672
5756,0,0,0.9997773766517639
5757,9,9,0.99991774559021
5758,4,4,0.999997615814209
5759,1,1,0.9987961053848267
5760,3,3,0.9999897480010986
5761,2,2,0.999990701675415
5762,1,1,0.9992848038673401
5763,2,2,0.9999949932098389
5764,3,3,0.9998466968536377
5765,8,8,0.9999934434890747
5766,3,3,0.9999959468841553
5767,2,2,0.9999998807907104
5768,6,6,0.9998437166213989
5769,5,5,0.999785840511322
5770,6,6,0.9999535083770752
5771,8,8,0.998295247554779
5772,2,2,0.9999971389770508
5773,7,7,0.9998414516448975
5774,4,4,0.9999959468841553
5775,8,8,0.9999970197677612
5776,1,1,0.99986732006073
5777,8,8,0.999996542930603
5778,0,0,0.9999605417251587
5779,5,5,0.9999916553497314
5780,3,3,0.9998283386230469
5781,9,9,0.999988317489624
5782,4,4,0.9999194145202637
5783,1,1,0.9999270439147949
5784,9,9,0.9993982315063477
5785,2,2,1.0
5786,1,1,0.9997559189796448
5787,9,9,0.9996370077133179
5788,6,6,0.9999964237213135
5789,7,7,0.9999719858169556
5790,9,9,0.9998303651809692
5791,0,0,0.9999661445617676
5792,4,4,0.9999992847442627
5793,6,6,0.9999860525131226
5794,1,1,0.999924898147583
5795,7,7,0.9999868869781494
5796,3,3,0.9999974966049194
5797,8,8,0.9999994039535522
5798,7,7,0.9998836517333984
5799,2,2,0.9999983310699463
5800,9,9,0.999940037727356
5801,6,6,0.9988467693328857
5802,5,5,0.9904962778091431
5803,8,8,0.9999281167984009
5804,3,3,0.9999880790710449
5805,9,9,0.9999920129776001
5806,0,0,0.9999878406524658
5807,5,5,0.9993079900741577
5808,7,7,0.9999276399612427
5809,1,1,0.9999525547027588
5810,6,6,0.9999986886978149
5811,1,1,0.9999656677246094
5812,0,0,0.9999936819076538
5813,9,9,0.9999951124191284
5814,3,3,0.9998506307601929
5815,3,3,0.9999195337295532
5816,4,4,0.9999608993530273
5817,4,4,0.9999994039535522
5818,0,0,0.9999959468841553
5819,6,6,0.9999715089797974
5820,2,2,0.9999818801879883
5821,5,5,0.9959751963615417
5822,4,4,0.9999970197677612
5823,2,2,0.9999889135360718
5824,3,3,0.999518871307373
5825,4,4,0.9999678134918213
5826,6,6,0.9999856948852539
5827,0,0,0.9992547631263733
5828,0,0,0.9950132966041565
5829,2,2,0.9999994039535522
5830,0,0,0.9999390840530396
5831,1,1,0.9997977614402771
5832,4,4,0.999016284942627
5833,5,5,0.9995699524879456
5834,6,6,0.999995231628418
5835,7,7,0.9971887469291687
5836,8,8,0.9999973773956299
5837,9,9,0.9983223080635071
5838,0,0,0.9999940395355225
5839,1,1,0.9998891353607178
5840,2,2,0.9999819993972778
5841,3,3,0.9994039535522461
5842,4,7,0.8696199655532837
5843,5,5,0.9998642206192017
5844,6,6,0.9999878406524658
5845,7,7,0.9997299313545227
5846,8,8,0.9999946355819702
5847,0,0,0.9999879598617554
5848,1,1,0.9991657733917236
5849,2,2,0.9993612170219421
5850,3,3,0.9999991655349731
5851,4,4,0.9999219179153442
5852,5,5,0.9999680519104004
5853,6,6,0.999982476234436
5854,7,7,0.9993329644203186
5855,8,8,0.9998356103897095
5856,9,9,0.9999672174453735
5857,8,8,0.9941207766532898
5858,7,7,0.9981195330619812
5859,1,1,0.9999271631240845
5860,3,3,0.9999897480010986
5861,7,7,0.9996246099472046
5862,5,5,0.9997393488883972
5863,2,2,0.9999876022338867
5864,8,8,0.9999969005584717
5865,0,0,0.9999423027038574
5866,7,7,0.9998816251754761
5867,5,5,0.9997711777687073
5868,9,9,0.9998971223831177
5869,9,9,0.9999814033508301
5870,0,0,0.9997684359550476
5871,9,9,0.9998902082443237
5872,1,1,0.9997552037239075
5873,1,1,0.9998939037322998
5874,5,5,0.99986732006073
5875,8,8,0.9999945163726807
5876,8,8,0.999998927116394
5877,6,6,0.9918264150619507
5878,3,3,0.9994670748710632
5879,2,2,0.9999939203262329
5880,1,1,0.9998161196708679
5881,8,8,0.9999963045120239
5882,3,3,0.9999483823776245
5883,2,2,0.9999673366546631
5884,6,6,0.9999912977218628
5885,5,5,0.9992092847824097
5886,6,6,0.9999810457229614
5887,7,7,0.9368988275527954
5888,4,4,0.8253213763237
5889,1,1,0.9998250603675842
5890,0,0,0.9987541437149048
5891,5,5,0.9973273277282715
5892,3,3,0.9999614953994751
5893,1,1,0.9999724626541138
5894,9,9,0.9999122619628906
5895,2,2,0.9999232292175293
5896,1,1,0.9998679161071777
5897,9,9,0.9999721050262451
5898,6,6,0.9999929666519165
5899,0,0,0.9999880790710449
5900,4,4,0.9999996423721313
5901,6,6,0.999951958656311
5902,1,1,0.9999288320541382
5903,7,7,0.906191349029541
5904,3,3,0.9999483823776245
5905,8,8,0.9999896287918091
5906,7,7,0.9885313510894775
5907,2,2,0.9996441602706909
5908,9,9,0.9999514818191528
5909,6,6,0.999916672706604
5910,5,5,0.9999115467071533
5911,8,8,0.9999819993972778
5912,3,3,0.9997798800468445
5913,5,5,0.9977376461029053
5914,7,7,0.9969519376754761
5915,1,1,0.9999547004699707
5916,6,6,0.9997531771659851
5917,1,1,0.999810516834259
5918,0,0,0.9992721676826477
5919,9,9,0.9999076128005981
5920,6,6,0.9999500513076782
5921,2,2,0.999946117401123
5922,5,5,0.9760221838951111
5923,4,4,0.9993274211883545
5924,2,2,0.999958872795105
5925,3,3,0.999970555305481
5926,4,4,0.9925292134284973
5927,4,4,0.9999969005584717
5928,6,6,0.9999914169311523
5929,0,0,0.9999837875366211
5930,0,0,0.999998927116394
5931,2,2,0.9999979734420776
5932,0,0,0.9999979734420776
5933,1,1,0.9993064403533936
5934,2,2,0.9999454021453857
5935,3,3,0.9997619986534119
5936,4,4,0.8051958084106445
5937,5,3,0.9566344618797302
5938,6,6,0.9996562004089355
5939,7,7,0.997520387172699
5940,8,8,0.999984622001648
5941,9,9,0.9999912977218628
5942,0,0,0.9998514652252197
5943,1,1,0.9987552165985107
5944,2,2,0.9999643564224243
5945,3,3,0.9999548196792603
5946,4,4,0.9999103546142578
5947,5,5,0.9979556798934937
5948,6,6,0.9999421834945679
5949,7,7,0.9996639490127563
5950,8,8,0.9996243715286255
5951,9,9,0.9999330043792725
5952,0,0,0.9999138116836548
5953,1,1,0.9992662072181702
5954,2,2,0.9999921321868896
5955,3,8,0.9865053296089172
5956,4,4,0.9993270635604858
5957,5,5,0.9998157620429993
5958,6,6,0.9999334812164307
5959,7,7,0.9974880218505859
5960,8,8,0.9994704127311707
5961,9,9,0.9984788298606873
5962,8,8,0.9999970197677612
5963,6,6,0.9991635084152222
5964,5,5,0.9972959160804749
5965,0,0,0.9998869895935059
5966,6,6,0.9998568296432495
5967,8,8,0.9999213218688965
5968,9,9,0.9999921321868896
5969,4,4,0.9999406337738037
5970,1,1,0.9993284940719604
5971,9,9,0.9998270869255066
5972,5,5,0.9785040020942688
5973,3,3,0.6411086916923523
5974,0,0,0.9999116659164429
5975,4,4,0.9956575632095337
5976,8,8,0.9999669790267944
5977,9,9,0.9998356103897095
5978,1,1,0.9984586238861084
5979,4,4,0.9983514547348022
5980,0,0,0.9998249411582947
5981,5,5,0.6832691431045532
5982,5,5,0.7744194865226746
5983,2,2,0.9991891980171204
5984,1,1,0.9992104768753052
5985,5,5,0.9521864056587219
5986,4,4,0.9785641431808472
5987,0,0,0.9961445331573486
5988,7,7,0.9989497065544128
5989,6,6,0.9993215799331665
5990,0,0,0.9999808073043823
5991,1,1,0.9997368454933167
5992,7,7,0.9994718432426453
5993,0,0,0.99998939037323
5994,6,6,0.9999690055847168
5995,8,8,0.9999850988388062
5996,9,9,0.9999806880950928
5997,5,9,0.9129732251167297
5998,1,1,0.9915184378623962
5999,7,7,0.9997790455818176
6000,9,9,0.9989789724349976
6001,8,8,0.9996166229248047
6002,6,6,0.9995885491371155
6003,0,0,0.9999282360076904
6004,8,8,0.9981527924537659
6005,1,1,0.9913333058357239
6006,7,7,0.991956353187561
6007,7,7,0.9980308413505554
6008,1,1,0.9985851049423218
6009,3,3,0.9960417747497559
6010,2,2,0.9999727010726929
6011,3,3,0.9382681250572205
6012,1,1,0.9996839761734009
6013,4,4,0.9999573230743408
6014,2,2,0.9999986886978149
6015,0,0,0.9997864365577698
6016,0,0,0.9999914169311523
6017,7,7,0.9997007846832275
6018,8,8,0.9993383288383484
6019,4,4,0.9946039319038391
6020,6,6,0.999922513961792
6021,4,4,0.9997634291648865
6022,9,9,0.9998955726623535
6023,3,3,0.9831425547599792
6024,8,8,0.9993414282798767
6025,4,4,0.9995560050010681
6026,7,7,0.9658148288726807
6027,2,2,0.9999247789382935
6028,5,5,0.7149734497070312
6029,6,6,0.9998787641525269
6030,3,3,0.9997795224189758
6031,6,6,0.9997984766960144
6032,9,9,0.9999901056289673
6033,6,6,0.9997134804725647
6034,3,3,0.9998352527618408
6035,2,2,0.9917289614677429
6036,2,2,0.9999995231628418
6037,4,4,0.9822945594787598
6038,6,6,0.9999781847000122
6039,9,9,0.9999140501022339
6040,0,0,0.9998005032539368
6041,2,2,0.9999713897705078
6042,5,5,0.9874032735824585
6043,5,5,0.9996519088745117
6044,1,1,0.9992673993110657
6045,3,3,0.9986194372177124
6046,3,3,0.9998929500579834
6047,9,9,0.9999644756317139
6048,7,7,0.9982669353485107
6049,8,8,0.9993934631347656
6050,7,7,0.9963147044181824
6051,2,2,0.9998701810836792
6052,2,2,0.9999735355377197
6053,5,5,0.9371398687362671
6054,7,7,0.9977164268493652
6055,9,9,0.999953031539917
6056,8,8,0.9998619556427002
6057,2,2,0.9999970197677612
6058,1,1,0.9998148083686829
6059,3,3,0.9926748871803284
6060,1,1,0.9995065927505493
6061,3,3,0.9999911785125732
6062,0,0,0.9999402761459351
6063,1,1,0.999640703201294
6064,2,2,0.9999814033508301
6065,3,3,0.6590128540992737
6066,4,4,0.9999935626983643
6067,5,5,0.9999862909317017
6068,6,6,0.999995231628418
6069,7,7,0.9999362230300903
6070,8,8,0.9969910383224487
6071,9,3,0.6630622148513794
6072,0,0,0.997878909111023
6073,1,1,0.9996743202209473
6074,2,2,0.999993085861206
6075,3,3,0.9998631477355957
6076,4,4,0.9999330043792725
6077,5,5,0.9999815225601196
6078,6,6,0.999995231628418
6079,7,7,0.999883770942688
6080,8,8,0.9971363544464111
6081,9,3,0.6460874676704407
6082,0,0,0.9996758699417114
6083,1,1,0.9965102076530457
6084,2,2,0.9999455213546753
6085,3,3,0.9998881816864014
6086,4,4,0.99996018409729
6087,5,5,0.9999603033065796
6088,6,6,0.9999877214431763
6089,7,7,0.9998836517333984
6090,8,8,0.999488115310669
6091,9,5,0.3084698021411896
6092,1,1,0.9998776912689209
6093,2,2,0.9901686906814575
6094,6,6,0.9999809265136719
6095,5,5,1.0
6096,3,3,0.9999872446060181
6097,0,0,0.9999808073043823
6098,7,7,0.9999122619628906
6099,0,0,0.9999759197235107
6100,4,4,0.9999786615371704
6101,1,1,0.704151451587677
6102,4,4,0.9999967813491821
6103,3,3,0.9999717473983765
6104,6,6,0.999972939491272
6105,7,7,0.9996602535247803
6106,2,2,0.9999819993972778
6107,3,3,0.9999575614929199
6108,1,1,0.9997420907020569
6109,2,2,0.9990955591201782
6110,1,1,0.9997056126594543
6111,2,2,0.9999921321868896
6112,9,9,0.9875990152359009
6113,6,6,0.9998722076416016
6114,0,0,0.9999995231628418
6115,1,1,0.9989288449287415
6116,3,3,0.9999315738677979
6117,0,0,0.9999932050704956
6118,2,2,0.9999129772186279
6119,7,7,0.9999430179595947
6120,5,5,0.9999943971633911
6121,7,7,0.9998888969421387
6122,6,6,0.9999959468841553
6123,2,2,0.9999935626983643
6124,9,9,0.9992307424545288
6125,1,1,0.9999535083770752
6126,9,9,0.9959797859191895
6127,0,0,0.9999996423721313
6128,6,6,0.9999830722808838
6129,0,0,0.9999984502792358
6130,6,6,0.9999810457229614
6131,0,0,0.9999971389770508
6132,2,2,0.9999973773956299
6133,0,0,0.9999988079071045
6134,6,6,0.9999819993972778
6135,1,1,0.9998880624771118
6136,5,5,0.9999947547912598
6137,8,8,0.9976413249969482
6138,4,4,0.9999997615814209
6139,3,3,0.9999314546585083
6140,0,0,0.9994964599609375
6141,1,1,0.9997543692588806
6142,5,5,0.999953031539917
6143,4,4,0.9999616146087646
6144,4,4,0.9999701976776123
6145,8,8,0.9998863935470581
6146,5,5,0.9999988079071045
6147,7,7,0.999974250793457
6148,5,5,0.9999980926513672
6149,7,7,0.9998109936714172
6150,8,8,0.9996358156204224
6151,3,3,0.9999852180480957
6152,4,4,0.9999752044677734
6153,8,8,0.9998893737792969
6154,8,8,0.9999277591705322
6155,5,5,0.9998923540115356
6156,2,2,0.9999953508377075
6157,9,9,0.9724525213241577
6158,7,7,0.9999191761016846
6159,1,1,0.9999477863311768
6160,3,3,0.9999948740005493
6161,8,8,0.9774699211120605
6162,1,1,0.9999032020568848
6163,0,0,0.9993218183517456
6164,7,7,0.9999847412109375
6165,5,5,0.9995793700218201
6166,9,3,0.6582749485969543
6167,6,6,0.9999958276748657
6168,9,9,0.6857065558433533
6169,4,4,0.9999994039535522
6170,7,7,0.9996989965438843
6171,7,7,0.999951958656311
6172,9,9,0.5013173222541809
6173,9,9,0.8885752558708191
6174,3,3,0.9980238676071167
6175,4,4,0.9999911785125732
6176,4,4,0.9999958276748657
6177,3,3,0.9999481439590454
6178,8,8,0.9998196959495544
6179,6,6,0.9974238872528076
6180,2,2,0.9999649524688721
6181,0,0,0.9997966885566711
6182,1,1,0.9998435974121094
6183,2,2,0.9999984502792358
6184,3,3,0.9999796152114868
6185,4,4,0.9999831914901733
6186,5,5,0.9999867677688599
6187,6,6,0.9999902248382568
6188,7,7,0.9927785992622375
6189,8,8,0.9999877214431763
6190,9,9,0.9999942779541016
6191,0,0,0.9999947547912598
6192,1,1,0.99980229139328
6193,2,2,0.9999878406524658
6194,3,3,0.9999780654907227
6195,4,4,0.9999912977218628
6196,5,5,0.9999876022338867
6197,6,6,0.999997615814209
6198,7,7,0.9998857975006104
6199,8,8,0.9999990463256836
6200,9,9,0.999942421913147
6201,0,0,0.9999964237213135
6202,1,1,0.9997416138648987
6203,2,2,0.9999959468841553
6204,3,3,0.9999775886535645
6205,4,4,0.9999606609344482
6206,5,5,0.9999957084655762
6207,6,6,0.9999985694885254
6208,7,7,0.9981101751327515
6209,8,8,0.9999847412109375
6210,9,9,0.9999610185623169
6211,0,0,0.9999990463256836
6212,8,8,0.9999260902404785
6213,3,3,0.999921441078186
6214,9,9,0.9999799728393555
6215,5,5,0.9998435974121094
6216,5,5,0.9999926090240479
6217,2,2,0.9999991655349731
6218,6,6,0.9999803304672241
6219,8,8,0.9999974966049194
6220,4,4,0.9999990463256836
6221,9,9,0.9998992681503296
6222,1,1,0.9998193383216858
6223,7,7,0.9992632269859314
6224,1,1,0.9998706579208374
6225,2,2,0.9999544620513916
6226,3,3,0.9999896287918091
6227,5,5,0.9990999698638916
6228,9,9,0.9999686479568481
6229,6,6,0.9999899864196777
6230,9,9,0.9999557733535767
6231,1,1,0.9998990297317505
6232,1,1,0.9982898831367493
6233,1,1,0.9998262524604797
6234,2,2,0.99996018409729
6235,9,9,0.999929666519165
6236,5,5,0.9999982118606567
6237,6,6,0.9999881982803345
6238,8,8,0.9999574422836304
6239,1,1,0.9999186992645264
6240,2,2,0.9999854564666748
6241,0,0,0.999993085861206
6242,7,7,0.999471127986908
6243,7,7,0.995768666267395
6244,5,5,0.9999710321426392
6245,8,8,0.9999738931655884
6246,2,2,0.9999980926513672
6247,9,9,0.9997597336769104
6248,8,8,0.9999955892562866
6249,9,9,0.9999939203262329
6250,0,0,0.9999676942825317
6251,4,4,0.9999887943267822
6252,6,6,0.9999877214431763
6253,7,7,0.9994012117385864
6254,1,1,0.9999411106109619
6255,3,3,0.9999842643737793
6256,4,4,0.9999134540557861
6257,5,5,0.9999998807907104
6258,6,6,0.9999947547912598
6259,0,0,0.9999988079071045
6260,3,3,0.9999874830245972
6261,6,6,0.9999953508377075
6262,8,8,0.9999911785125732
6263,7,7,0.9996424913406372
6264,0,0,0.9999918937683105
6265,4,4,0.999943733215332
6266,2,2,0.9999071359634399
6267,7,7,0.9999004602432251
6268,4,4,0.999995231628418
6269,7,7,0.9999873638153076
6270,5,5,0.9999990463256836
6271,4,4,0.9995095729827881
6272,3,3,0.9999837875366211
6273,4,4,0.9999513626098633
6274,2,2,0.9999971389770508
6275,8,8,0.9999978542327881
6276,1,1,0.9999830722808838
6277,5,5,0.9999935626983643
6278,1,1,0.9998370409011841
6279,2,2,0.999992847442627
6280,0,0,0.9999971389770508
6281,2,2,0.9999969005584717
6282,5,5,0.9999995231628418
6283,6,6,0.9999862909317017
6284,4,4,0.9999219179153442
6285,3,3,0.9999996423721313
6286,0,0,0.9999918937683105
6287,0,0,0.9999858140945435
6288,0,0,0.9999892711639404
6289,3,3,0.9999712705612183
6290,3,3,0.9999220371246338
6291,5,5,0.9999936819076538
6292,7,7,0.999822199344635
6293,0,0,0.9999983310699463
6294,6,6,0.9999251365661621
6295,4,4,0.9999970197677612
6296,8,8,0.9999948740005493
6297,8,8,0.9999799728393555
6298,6,6,0.9999929666519165
6299,3,3,0.9999967813491821
6300,4,4,0.9999749660491943
6301,6,6,0.9999812841415405
6302,9,9,0.9999784231185913
6303,9,9,0.9999409914016724
6304,8,8,0.999983549118042
6305,2,2,0.9998916387557983
6306,7,7,0.99895179271698
6307,7,7,0.999925971031189
6308,1,1,0.9995427131652832
6309,0,0,0.9999895095825195
6310,1,1,0.9998725652694702
6311,2,2,0.9999977350234985
6312,3,3,0.9999973773956299
6313,4,4,0.9999966621398926
6314,5,5,0.9999966621398926
6315,6,6,0.9999897480010986
6316,7,7,0.9994440674781799
6317,8,8,0.9999758005142212
6318,9,9,0.9999881982803345
6319,0,0,0.9999988079071045
6320,1,1,0.9998526573181152
6321,2,2,1.0
6322,3,3,0.9998995065689087
6323,4,4,0.9999179840087891
6324,5,5,0.9999986886978149
6325,6,6,0.9999929666519165
6326,7,7,0.9999465942382812
6327,8,8,0.9999861717224121
6328,0,0,0.9999935626983643
6329,1,1,0.9998962879180908
6330,2,2,0.9999998807907104
6331,3,3,0.9999790191650391
6332,4,4,0.999998927116394
6333,5,5,0.9999978542327881
6334,6,6,0.999990701675415
6335,7,7,0.9999679327011108
6336,8,8,0.9987911581993103
6337,2,2,0.9999996423721313
6338,1,1,0.9995290040969849
6339,7,7,0.9999791383743286
6340,2,2,1.0
6341,5,5,0.9999997615814209
6342,0,0,0.9999880790710449
6343,8,8,0.9999520778656006
6344,0,0,0.9996163845062256
6345,2,2,0.9999978542327881
6346,7,7,0.9999649524688721
6347,8,8,0.9996235370635986
6348,8,8,0.9999507665634155
6349,3,3,0.9999984502792358
6350,6,6,0.9999936819076538
6351,0,0,0.9999449253082275
6352,2,2,0.9999608993530273
6353,7,7,0.999990701675415
6354,6,6,0.9999960660934448
6355,6,6,0.999984622001648
6356,1,1,0.9990555644035339
6357,2,2,0.9999985694885254
6358,8,8,0.9999761581420898
6359,8,8,0.9988343119621277
6360,7,7,0.999997615814209
6361,7,7,0.9999645948410034
6362,4,4,0.9999970197677612
6363,7,7,0.999966025352478
6364,7,7,0.9999682903289795
6365,3,3,0.9999957084655762
6366,7,7,0.9999319314956665
6367,4,4,0.9999918937683105
6368,5,5,0.9999880790710449
6369,4,4,0.9999991655349731
6370,3,3,0.9996988773345947
6371,3,3,0.9999912977218628
6372,8,8,0.9990977048873901
6373,4,4,0.9999949932098389
6374,1,1,0.9999005794525146
6375,1,1,0.9998779296875
6376,9,9,0.9991375207901001
6377,7,7,0.999715268611908
6378,4,4,0.9999533891677856
6379,3,3,0.999962329864502
6380,7,7,0.9987792372703552
6381,3,3,0.9998443126678467
6382,3,3,0.9999948740005493
6383,0,0,0.9999880790710449
6384,2,2,0.9999995231628418
6385,5,5,0.999948263168335
6386,5,5,0.9999876022338867
6387,6,6,0.9999792575836182
6388,6,6,0.9999687671661377
6389,3,3,0.9999709129333496
6390,5,5,0.9984435439109802
6391,2,2,0.9946462512016296
6392,5,5,0.9996669292449951
6393,9,9,0.9985779523849487
6394,9,9,0.9999423027038574
6395,8,8,0.999951958656311
6396,4,4,0.999942421913147
6397,1,1,0.9998492002487183
6398,0,0,0.9992713332176208
6399,6,6,0.9999572038650513
6400,0,0,0.98816978931427
6401,9,9,0.9998785257339478
6402,6,6,0.9991878867149353
6403,8,8,0.9999431371688843
6404,8,8,0.9997976422309875
6405,5,5,0.9999886751174927
6406,6,6,0.9999886751174927
6407,1,1,0.9998132586479187
6408,1,1,0.9998518228530884
6409,9,9,0.999479353427887
6410,8,8,0.9996908903121948
6411,9,9,0.9991663694381714
6412,2,2,0.9999984502792358
6413,3,3,0.9999988079071045
6414,5,5,0.9999980926513672
6415,5,5,0.9999983310699463
6416,9,9,0.9996496438980103
6417,4,4,0.9999462366104126
6418,2,2,0.9990191459655762
6419,1,1,0.999790608882904
6420,9,9,0.9989228844642639
6421,3,3,0.9966232776641846
6422,9,9,0.9999213218688965
6423,2,2,0.9999996423721313
6424,0,0,0.9998121857643127
6425,6,6,0.99996018409729
6426,0,0,0.9984020590782166
6427,4,4,0.9999988079071045
6428,0,0,0.9981628060340881
6429,0,0,0.999998927116394
6430,1,1,0.9999086856842041
6431,2,2,0.9999958276748657
6432,3,3,0.9999988079071045
6433,4,4,0.9999099969863892
6434,7,7,0.9988157749176025
6435,8,8,0.9999974966049194
6436,9,9,0.9999867677688599
6437,0,0,0.9999899864196777
6438,1,1,0.9998394250869751
6439,2,2,0.9999966621398926
6440,3,3,0.9999979734420776
6441,7,7,0.999314546585083
6442,8,8,0.9999994039535522
6443,9,9,0.9999282360076904
6444,0,0,0.9999221563339233
6445,1,1,0.9998910427093506
6446,2,2,0.9999494552612305
6447,3,3,0.9999983310699463
6448,4,4,0.9999868869781494
6449,7,7,0.9998284578323364
6450,8,8,0.9998753070831299
6451,9,9,0.9999852180480957
6452,7,7,0.9995170831680298
6453,3,3,0.9999758005142212
6454,0,0,0.9999953508377075
6455,3,3,0.9999734163284302
6456,1,1,0.999855637550354
6457,8,8,0.9999485015869141
6458,7,7,0.9997180104255676
6459,6,6,0.9999887943267822
6460,4,4,0.9999204874038696
6461,0,0,0.9999934434890747
6462,2,2,0.9999959468841553
6463,6,6,0.9999915361404419
6464,8,8,0.9999877214431763
6465,3,3,0.9999933242797852
6466,2,2,0.9999979734420776
6467,8,8,0.9999992847442627
6468,1,1,0.9998058676719666
6469,2,2,0.9999939203262329
6470,0,0,0.9999253749847412
6471,7,7,0.9973843693733215
6472,1,1,0.9999747276306152
6473,0,0,0.9999881982803345
6474,4,4,0.9998769760131836
6475,4,4,0.9999871253967285
6476,5,5,0.9999986886978149
6477,8,8,0.9993682503700256
6478,0,0,0.9999756813049316
6479,6,6,0.99998939037323
6480,2,2,0.9875005483627319
6481,3,3,0.9999755620956421
6482,1,1,0.9999028444290161
6483,5,5,0.9999918937683105
6484,1,1,0.99989914894104
6485,8,8,0.9999544620513916
6486,5,5,0.9999955892562866
6487,9,9,0.9999741315841675
6488,4,4,0.9999624490737915
6489,0,0,0.9999980926513672
6490,7,7,0.9998162388801575
6491,5,5,0.9999979734420776
6492,8,8,0.9997871518135071
6493,8,8,0.999998927116394
6494,3,3,0.9999845027923584
6495,8,8,0.983308732509613
6496,9,9,0.9999743700027466
6497,2,2,0.9999948740005493
6498,6,6,0.9999688863754272
6499,2,2,0.9999687671661377
6500,5,5,0.9999984502792358
6501,3,3,0.9999376535415649
6502,1,1,0.9998378753662109
6503,7,7,0.9991428852081299
6504,3,3,0.9999879598617554
6505,9,9,0.8356472253799438
6506,1,1,0.9999428987503052
6507,9,9,0.9999498128890991
6508,9,9,0.9999496936798096
6509,6,6,0.9999973773956299
6510,0,0,0.9999970197677612
6511,3,3,0.9958146214485168
6512,9,9,0.9997887015342712
6513,2,2,0.9999966621398926
6514,8,8,0.9999912977218628
6515,1,1,0.9998780488967896
6516,4,4,0.9999892711639404
6517,3,3,0.9998672008514404
6518,5,5,0.999981164932251
6519,2,2,0.9999994039535522
6520,9,9,0.9999831914901733
6521,2,2,0.9999946355819702
6522,5,5,0.9999997615814209
6523,8,8,0.9982725381851196
6524,9,9,0.9999924898147583
6525,5,5,0.9999337196350098
6526,0,0,0.9999828338623047
6527,1,1,0.9993795156478882
6528,2,2,0.9999223947525024
6529,4,4,0.9997076392173767
6530,5,5,0.9999388456344604
6531,6,6,0.999860405921936
6532,0,0,0.9961526989936829
6533,1,1,0.9996957778930664
6534,2,2,0.9999904632568359
6535,3,3,0.9997716546058655
6536,4,4,0.999727189540863
6537,5,5,0.9999959468841553
6538,6,6,0.995995283126831
6539,7,7,0.9999314546585083
6540,1,1,0.9873402714729309
6541,2,2,0.9999992847442627
6542,3,3,0.9999308586120605
6543,4,4,0.9999204874038696
6544,5,5,0.9858670830726624
6545,1,1,0.9994089603424072
6546,0,0,0.9911203980445862
6547,4,4,0.999982476234436
6548,5,5,0.999614953994751
6549,6,6,0.9999402761459351
6550,6,6,0.9999973773956299
6551,3,3,0.9999339580535889
6552,4,4,0.9999568462371826
6553,4,4,0.9956727027893066
6554,2,2,0.9974219799041748
6555,8,8,0.7088741064071655
6556,1,1,0.9993799924850464
6557,0,0,0.978310227394104
6558,6,6,0.9637086987495422
6559,4,4,0.9974537491798401
6560,9,9,0.6268724799156189
6561,7,7,0.9759865999221802
6562,2,2,0.9998893737792969
6563,3,3,0.9982815980911255
6564,3,3,0.9986811280250549
6565,9,9,0.9964419007301331
6566,2,2,0.99996018409729
6567,0,0,0.9999074935913086
6568,9,9,0.9912511110305786
6569,3,3,0.9249876737594604
6570,3,3,0.9971374273300171
6571,9,9,0.8851215243339539
6572,1,1,0.8107442855834961
6573,5,5,0.9987891316413879
6574,2,2,0.9223674535751343
6575,3,3,0.9950320720672607
6576,7,7,0.497911274433136
6577,7,7,0.9916650652885437
6578,8,8,0.6246651411056519
6579,4,4,0.9998530149459839
6580,0,0,0.9999655485153198
6581,2,2,0.9999938011169434
6582,4,4,0.9999973773956299
6583,0,0,0.9999178647994995
6584,2,2,0.9993042945861816
6585,4,4,0.9999873638153076
6586,7,7,0.9997698664665222
6587,8,8,0.9999983310699463
6588,0,0,0.9999823570251465
6589,7,7,0.9929302334785461
6590,0,0,0.9996310472488403
6591,6,6,0.9999886751174927
6592,9,4,0.6035645604133606
6593,3,3,0.9997779726982117
6594,2,2,0.9999972581863403
6595,8,8,0.9999761581420898
6596,6,6,0.998935878276825
6597,0,7,0.6613321900367737
6598,5,5,0.9960957169532776
6599,7,9,0.578105092048645
6600,5,5,0.9999557733535767
6601,1,1,0.9997060894966125
6602,0,0,0.9997729659080505
6603,8,8,0.940221905708313
6604,1,1,0.9996455907821655
6605,6,6,0.9654010534286499
6606,7,7,0.9999668598175049
6607,2,2,0.9998637437820435
6608,9,9,0.5572855472564697
6609,7,7,0.9969654679298401
6610,9,9,0.9996040463447571
6611,5,5,0.9999618530273438
6612,8,8,0.9991650581359863
6613,6,6,0.9883686304092407
6614,2,2,0.9833021759986877
6615,6,6,0.9767671227455139
6616,2,2,0.9999760389328003
6617,8,8,0.9963393211364746
6618,1,1,0.9996821880340576
6619,7,7,0.9998753070831299
6620,5,5,0.9999991655349731
6621,0,0,0.9998327493667603
6622,1,1,0.9993230104446411
6623,1,1,0.9924416542053223
6624,3,3,0.9993341565132141
6625,8,2,0.6905400156974792
6626,4,4,0.9997027516365051
6627,9,9,0.9994868040084839
6628,1,1,0.9969629645347595
6629,8,8,0.9999921321868896
6630,6,6,0.9999911785125732
6631,8,8,0.9980880618095398
6632,9,9,0.979520320892334
6633,0,0,0.9999948740005493
6634,1,1,0.9999045133590698
6635,2,2,0.9995972514152527
6636,3,3,0.9999672174453735
6637,4,4,0.9997689127922058
6638,5,5,0.9999947547912598
6639,6,6,0.9999939203262329
6640,7,7,0.9997859597206116
6641,8,8,0.999870777130127
6642,9,9,0.9996461868286133
6643,0,0,0.9994962215423584
6644,1,1,0.9999010562896729
6645,2,2,0.99993896484375
6646,3,3,0.9999971389770508
6647,4,4,0.9999978542327881
6648,7,7,0.9987163543701172
6649,8,8,0.9999992847442627
6650,9,9,0.9991157650947571
6651,0,8,0.43687620759010315
6652,1,1,0.9998302459716797
6653,7,7,0.9999055862426758
6654,8,8,0.9999914169311523
6655,9,9,0.9998990297317505
6656,9,9,0.9998923540115356
6657,8,8,0.9999990463256836
6658,9,9,0.999967098236084
6659,8,8,0.999994158744812
6660,4,4,0.999969482421875
6661,1,1,0.9998823404312134
6662,7,7,0.9521346688270569
6663,7,7,0.9999319314956665
6664,3,3,0.9999865293502808
6665,3,3,0.9999994039535522
6666,7,7,0.9991210103034973
6667,6,6,0.9994199275970459
6668,6,6,0.9829067587852478
6669,6,6,0.9946073889732361
6670,1,1,0.9999431371688843
6671,9,9,0.9999943971633911
6672,0,0,0.9996798038482666
6673,1,1,0.9999773502349854
6674,7,7,0.9994699358940125
6675,6,6,0.999836802482605
6676,3,3,0.9999886751174927
6677,2,2,0.9915162324905396
6678,1,1,0.9999136924743652
6679,7,7,0.9997934699058533
6680,1,1,0.9999465942382812
6681,3,3,0.9998980760574341
6682,9,9,0.999998927116394
6683,1,1,0.9999861717224121
6684,7,7,0.9984685778617859
6685,6,6,0.999958872795105
6686,8,8,0.9999977350234985
6687,4,4,0.9999115467071533
6688,1,1,0.9997069239616394
6689,4,4,0.9995443224906921
6690,3,3,0.9999963045120239
6691,6,6,0.9939029812812805
6692,9,9,0.9995063543319702
6693,6,6,0.9972081780433655
6694,1,1,0.9996205568313599
6695,4,4,0.9997196793556213
6696,4,4,0.9999970197677612
6697,7,7,0.9989644289016724
6698,2,2,0.9999939203262329
6699,4,4,0.9999982118606567
6700,4,4,0.9999464750289917
6701,0,0,0.999992847442627
6702,1,1,0.99981290102005
6703,2,2,0.9999895095825195
6704,3,3,0.999980092048645
6705,4,4,0.9999972581863403
6706,5,5,0.9987714886665344
6707,6,6,0.9999774694442749
6708,7,7,0.9985843896865845
6709,8,8,0.9999833106994629
6710,9,9,0.9998774528503418
6711,0,0,0.9999879598617554
6712,1,1,0.9997550845146179
6713,2,2,0.9999938011169434
6714,3,3,0.9999984502792358
6715,4,4,0.9999691247940063
6716,5,5,0.9998753070831299
6717,6,6,0.9999669790267944
6718,9,9,0.999170184135437
6719,0,0,0.9999985694885254
6720,1,1,0.9998375177383423
6721,2,2,0.9969663023948669
6722,3,3,0.9997779726982117
6723,4,4,0.9998763799667358
6724,7,7,0.9536253213882446
6725,8,8,0.9985284805297852
6726,1,1,0.9999321699142456
6727,3,3,0.9999996423721313
6728,5,5,0.99989914894104
6729,1,1,0.9999423027038574
6730,7,7,0.9954413175582886
6731,7,7,0.9970372915267944
6732,2,2,0.9997546076774597
6733,1,1,0.9999281167984009
6734,4,4,0.9999529123306274
6735,8,8,0.997718334197998
6736,3,3,0.9999992847442627
6737,4,4,0.9999058246612549
6738,4,4,0.9999603033065796
6739,3,3,0.9998936653137207
6740,9,9,0.9848900437355042
6741,7,7,0.9921367168426514
6742,4,4,0.9999761581420898
6743,1,1,0.9994582533836365
6744,2,2,0.9785933494567871
6745,3,3,0.9996182918548584
6746,5,5,0.9994552731513977
6747,9,9,0.9998903274536133
6748,1,1,0.999866247177124
6749,6,6,0.9563960433006287
6750,0,0,0.9999336004257202
6751,1,1,0.9996010661125183
6752,0,0,0.9999881982803345
6753,0,0,0.999983549118042
6754,2,2,0.999961256980896
6755,8,9,0.6547573208808899
6756,7,7,0.9907636046409607
6757,1,1,0.9999371767044067
6758,1,1,0.9997811913490295
6759,4,4,0.9984884262084961
6760,0,0,0.9999029636383057
6761,4,4,0.9904037714004517
6762,7,7,0.9976673722267151
6763,3,3,0.9999653100967407
6764,6,6,0.9994587302207947
6765,8,8,0.997491717338562
6766,0,0,0.9999797344207764
6767,3,3,0.9999992847442627
6768,7,7,0.9994127750396729
6769,4,4,0.9949996471405029
6770,0,0,0.9999997615814209
6771,6,6,0.999916672706604
6772,9,9,0.9999299049377441
6773,2,2,0.9999768733978271
6774,6,6,0.9999067783355713
6775,5,5,0.9999948740005493
6776,8,8,0.9989614486694336
6777,6,6,0.9999183416366577
6778,9,9,0.9999663829803467
6779,0,0,0.9999904632568359
6780,4,4,0.995442271232605
6781,0,0,0.9999929666519165
6782,6,6,0.9987674951553345
6783,1,6,0.7022853493690491
6784,9,9,0.9994949102401733
6785,2,2,0.9959284663200378
6786,0,0,0.9999912977218628
6787,9,9,0.9998395442962646
6788,5,5,0.9999459981918335
6789,1,1,0.9999656677246094
6790,3,3,0.999970555305481
6791,7,7,0.9879202842712402
6792,6,6,0.9999240636825562
6793,9,9,0.9994658827781677
6794,3,3,0.9999728202819824
6795,0,0,0.9999523162841797
6796,2,2,0.9381315112113953
6797,2,2,0.9986333250999451
6798,0,0,0.9999936819076538
6799,1,1,0.9999455213546753
6800,2,2,0.9998701810836792
6801,3,3,0.9999635219573975
6802,4,4,0.9999862909317017
6803,5,5,0.9999300241470337
6804,6,6,0.9999587535858154
6805,7,7,0.9995730519294739
6806,8,8,0.9997108578681946
6807,9,9,0.9982812404632568
6808,0,0,0.9999562501907349
6809,1,1,0.9993723034858704
6810,2,2,0.9999991655349731
6811,3,3,0.9999843835830688
6812,4,4,0.9999803304672241
6813,5,5,0.9999163150787354
6814,6,6,0.9999921321868896
6815,7,7,0.99997878074646
6816,8,8,0.9999954700469971
6817,9,9,0.9545102119445801
6818,0,0,0.9997779726982117
6819,1,1,0.9999395608901978
6820,2,2,0.9999972581863403
6821,3,3,0.9999849796295166
6822,4,4,0.999998927116394
6823,5,5,0.998640239238739
6824,6,6,0.9999887943267822
6825,7,7,0.999942421913147
6826,8,8,0.9999986886978149
6827,9,9,0.9974696636199951
6828,2,2,0.9999996423721313
6829,1,1,0.9997592568397522
6830,7,7,0.9996589422225952
6831,2,2,0.9999960660934448
6832,5,5,0.9999897480010986
6833,0,0,0.999983549118042
6834,8,8,0.9999982118606567
6835,0,0,0.99985671043396
6836,2,2,0.999924898147583
6837,7,7,0.9998791217803955
6838,8,8,0.9999921321868896
6839,8,8,0.9999957084655762
6840,3,3,0.9998600482940674
6841,0,0,0.999783456325531
6842,6,6,0.99998939037323
6843,0,0,0.9999337196350098
6844,2,2,0.9999934434890747
6845,7,7,0.9993742108345032
6846,6,6,0.9999793767929077
6847,6,6,0.9952059388160706
6848,1,1,0.9998348951339722
6849,2,2,0.9999990463256836
6850,8,8,0.9999992847442627
6851,8,8,0.9998038411140442
6852,7,7,0.999575674533844
6853,7,7,0.9995558857917786
6854,4,4,0.9999655485153198
6855,7,7,0.9999985694885254
6856,7,7,0.9993942975997925
6857,3,3,0.9999818801879883
6858,7,7,0.9999252557754517
6859,4,4,0.9999964237213135
6860,5,5,0.9999970197677612
6861,4,4,0.9999997615814209
6862,3,3,0.9999635219573975
6863,3,3,0.9999773502349854
6864,8,8,0.9999886751174927
6865,4,4,0.9999960660934448
6866,5,5,0.9999890327453613
6867,4,4,0.9992202520370483
6868,1,1,0.9999083280563354
6869,1,1,0.9998760223388672
6870,9,9,0.9997400641441345
6871,7,7,0.9999430179595947
6872,4,4,0.9993025064468384
6873,3,3,0.999833345413208
6874,7,7,0.9999792575836182
6875,3,3,0.999977707862854
6876,3,3,0.9999401569366455
6877,0,0,0.9999494552612305
6878,2,2,0.9999183416366577
6879,5,5,0.999996542930603
6880,5,5,0.9995918869972229
6881,6,6,0.9999929666519165
6882,3,3,0.9999717473983765
6883,1,1,0.9188483953475952
6884,5,5,0.9999966621398926
6885,2,2,0.999984622001648
6886,5,5,0.9913880228996277
6887,9,9,0.9997981190681458
6888,9,9,0.9998584985733032
6889,8,8,0.9999905824661255
6890,4,4,0.9999940395355225
6891,1,1,0.9998008608818054
6892,0,0,0.9999802112579346
6893,6,6,0.999936580657959
6894,0,0,0.9965977072715759
6895,9,9,0.9945076107978821
6896,6,6,0.9999440908432007
6897,8,8,0.9999827146530151
6898,8,8,0.9999436140060425
6899,5,5,0.990225613117218
6900,6,6,0.999901533126831
6901,1,1,0.9998254179954529
6902,1,1,0.9994720816612244
6903,9,9,0.9999797344207764
6904,8,8,0.999974250793457
6905,9,9,0.9997625946998596
6906,2,2,0.9718070030212402
6907,3,3,0.9999963045120239
6908,5,5,0.9999862909317017
6909,5,5,0.9992154836654663
6910,9,9,0.9979391694068909
6911,4,4,0.9999707937240601
6912,2,2,0.9987038373947144
6913,1,1,0.9999176263809204
6914,9,9,0.9982618689537048
6915,4,4,0.9999939203262329
6916,9,9,0.9997937083244324
6917,1,1,0.9998471736907959
6918,3,3,0.9999583959579468
6919,9,9,0.9981762170791626
6920,2,2,0.9999794960021973
6921,0,0,0.9999922513961792
6922,6,6,0.9998180270195007
6923,0,0,0.999958872795105
6924,4,4,0.9998700618743896
6925,0,0,0.9998394250869751
6926,6,6,0.999284565448761
6927,0,0,0.9999796152114868
6928,1,1,0.9997246861457825
6929,2,2,0.999660849571228
6930,3,3,0.9999407529830933
6931,4,4,0.9999223947525024
6932,5,5,0.9999829530715942
6933,6,6,0.9999957084655762
6934,7,7,0.9997044205665588
6935,8,8,0.9999922513961792
6936,9,9,0.999891996383667
6937,0,0,0.9999614953994751
6938,1,1,0.9998745918273926
6939,2,2,0.9999837875366211
6940,3,3,0.9983780384063721
6941,4,4,0.9999709129333496
6942,5,5,0.999974250793457
6943,6,6,0.9998965263366699
6944,7,7,0.9971931576728821
6945,8,8,0.9608641266822815
6946,9,9,0.999957799911499
6947,0,0,0.9999992847442627
6948,1,1,0.9998989105224609
6949,2,2,0.9999991655349731
6950,3,3,0.9998924732208252
6951,4,4,0.9999756813049316
6952,5,5,0.9999982118606567
6953,6,6,0.9999785423278809
6954,7,7,0.9748365879058838
6955,8,8,0.9999878406524658
6956,9,9,0.9999233484268188
6957,3,3,0.9995914101600647
6958,8,8,0.9999768733978271
6959,0,0,0.9999905824661255
6960,7,7,0.9999418258666992
6961,1,1,0.9995163679122925
6962,0,0,0.9997652173042297
6963,7,7,0.999954104423523
6964,5,5,0.9138999581336975
6965,5,5,0.9999393224716187
6966,6,6,0.9999963045120239
6967,9,9,0.9995126724243164
6968,0,0,0.9998782873153687
6969,1,1,0.9999030828475952
6970,0,0,0.9999171495437622
6971,0,0,0.9995540976524353
6972,8,8,0.9999973773956299
6973,3,3,0.9999972581863403
6974,4,4,0.9999910593032837
6975,3,3,0.9999706745147705
6976,1,1,0.9999443292617798
6977,5,5,0.9999959468841553
6978,0,0,0.9998370409011841
6979,0,0,0.9999589920043945
6980,9,9,0.9993138313293457
6981,5,5,0.9903399348258972
6982,3,3,0.999974250793457
6983,4,4,0.9983060359954834
6984,9,9,0.9998262524604797
6985,3,3,0.9999114274978638
6986,7,7,0.9992092847824097
6987,6,6,0.9999850988388062
6988,9,9,0.9997463822364807
6989,2,2,0.999994158744812
6990,4,4,0.9999328851699829
6991,5,5,0.9996945858001709
6992,7,7,0.9995380640029907
6993,2,2,0.9999995231628418
6994,6,6,0.9997578263282776
6995,4,4,0.9999897480010986
6996,9,9,0.9978199005126953
6997,4,4,0.9991426467895508
6998,9,9,0.9998729228973389
6999,4,4,0.9997796416282654
7000,1,1,0.9999301433563232
7001,2,2,0.9996657371520996
7002,2,2,0.9999834299087524
7003,5,5,0.999723494052887
7004,8,8,0.9999964237213135
7005,1,1,0.9999080896377563
7006,3,3,0.9999892711639404
7007,2,2,0.9999990463256836
7008,9,9,0.9998586177825928
7009,4,4,0.9999747276306152
7010,3,3,0.9999597072601318
7011,8,8,1.0
7012,2,2,0.9999912977218628
7013,2,2,0.9999775886535645
7014,1,1,0.9998739957809448
7015,2,2,0.9996684789657593
7016,8,8,0.9999935626983643
7017,6,6,0.999982476234436
7018,5,5,0.9995753169059753
7019,1,1,0.9997833371162415
7020,6,6,0.9998899698257446
7021,7,7,0.9976462721824646
7022,2,2,0.9999995231628418
7023,1,1,0.9994968175888062
7024,3,3,0.9999815225601196
7025,9,9,0.999907374382019
7026,3,3,0.9999850988388062
7027,8,8,0.9999998807907104
7028,7,7,0.9989224672317505
7029,5,5,0.999957799911499
7030,7,7,0.9811251163482666
7031,0,0,0.9995697140693665
7032,7,7,0.9914823770523071
7033,4,4,0.9984062314033508
7034,8,8,0.999997615814209
7035,8,8,0.997494101524353
7036,5,5,0.999998927116394
7037,0,0,0.9999096393585205
7038,6,6,0.9999942779541016
7039,6,6,0.9999856948852539
7040,3,3,0.9999544620513916
7041,7,7,0.9997537732124329
7042,6,6,0.9999905824661255
7043,9,9,0.9995489716529846
7044,9,9,0.9996376037597656
7045,4,4,0.9999586343765259
7046,8,8,0.9998283386230469
7047,4,4,0.9999799728393555
7048,1,1,0.9999617338180542
7049,0,0,0.814984142780304
7050,6,6,0.9999711513519287
7051,6,6,0.9995561242103577
7052,0,0,0.9999985694885254
7053,1,1,0.9989461302757263
7054,2,2,0.9995813965797424
7055,3,3,0.9999974966049194
7056,4,4,0.9999954700469971
7057,5,5,0.9999948740005493
7058,6,6,0.9999654293060303
7059,7,7,0.9996664524078369
7060,8,8,0.9999114274978638
7061,9,9,0.9998575448989868
7062,0,0,0.9999986886978149
7063,1,1,0.9996682405471802
7064,2,2,0.9998302459716797
7065,3,3,0.9999957084655762
7066,4,4,0.9999946355819702
7067,5,5,0.9999936819076538
7068,6,6,0.9999641180038452
7069,7,7,0.9974870681762695
7070,8,8,0.9999315738677979
7071,9,9,0.9996261596679688
7072,0,0,0.999995231628418
7073,1,1,0.9999241828918457
7074,2,2,0.999849796295166
7075,3,3,0.9999692440032959
7076,4,4,0.9999877214431763
7077,5,5,0.9999957084655762
7078,6,6,0.9999960660934448
7079,7,7,0.9982628226280212
7080,8,8,0.9999935626983643
7081,9,9,0.9981415271759033
7082,7,7,0.999925971031189
7083,4,4,0.999992847442627
7084,0,0,0.999942421913147
7085,4,4,0.9999966621398926
7086,0,0,0.9999957084655762
7087,1,1,0.9998620748519897
7088,7,7,0.9998931884765625
7089,9,9,0.9999134540557861
7090,5,5,0.9999654293060303
7091,1,1,0.9999452829360962
7092,4,4,0.9999994039535522
7093,2,2,0.9995163679122925
7094,8,8,0.7079136967658997
7095,9,9,0.9992753863334656
7096,4,4,0.9999996423721313
7097,3,3,0.9998792409896851
7098,7,7,0.9875310063362122
7099,8,8,0.9988162517547607
7100,2,2,0.9999219179153442
7101,4,4,0.9999778270721436
7102,4,4,0.9999688863754272
7103,3,3,0.9999966621398926
7104,3,3,0.9999644756317139
7105,6,6,0.999990701675415
7106,9,9,0.9993746876716614
7107,9,9,0.9995062351226807
7108,5,5,0.9999649524688721
7109,8,8,0.9999004602432251
7110,6,6,0.9999748468399048
7111,7,7,0.999843955039978
7112,0,0,0.9999967813491821
7113,6,6,0.9999892711639404
7114,8,8,0.9999978542327881
7115,2,2,0.9989522695541382
7116,6,6,0.9999967813491821
7117,3,3,0.9999927282333374
7118,9,9,0.9997683167457581
7119,3,3,0.9999818801879883
7120,2,2,0.999909520149231
7121,8,8,0.8619025349617004
7122,6,6,0.9997033476829529
7123,1,1,0.9998478889465332
7124,7,7,0.999932050704956
7125,4,4,0.9999985694885254
7126,8,8,0.9999196529388428
7127,8,8,0.999990701675415
7128,9,9,0.9998987913131714
7129,0,0,0.9999867677688599
7130,3,3,0.9999871253967285
7131,3,3,0.9999994039535522
7132,9,9,0.9995891451835632
7133,0,0,0.9999915361404419
7134,5,5,0.9999978542327881
7135,2,2,0.9959164261817932
7136,9,9,0.9999114274978638
7137,4,4,0.9999620914459229
7138,1,1,0.9999407529830933
7139,0,0,0.9999947547912598
7140,3,3,0.999987006187439
7141,7,7,0.9999333620071411
7142,5,5,0.9999980926513672
7143,8,8,0.9999880790710449
7144,7,7,0.9975246787071228
7145,7,7,0.9988038539886475
7146,8,8,0.999852180480957
7147,2,2,0.999956488609314
7148,9,9,0.9999014139175415
7149,7,7,0.9998200535774231
7150,1,1,0.9999653100967407
7151,2,2,0.9999071359634399
7152,6,6,0.9999984502792358
7153,4,4,0.9998347759246826
7154,2,2,0.9991181492805481
7155,5,5,0.9999947547912598
7156,2,2,0.9999403953552246
7157,3,3,0.9999953508377075
7158,6,6,0.999934196472168
7159,6,6,0.9999953508377075
7160,5,5,0.9999804496765137
7161,0,0,0.9999719858169556
7162,0,0,0.9999686479568481
7163,2,2,0.9999734163284302
7164,8,8,0.9999942779541016
7165,1,1,0.9999661445617676
7166,6,6,0.9999921321868896
7167,1,1,0.9999548196792603
7168,0,0,0.9999837875366211
7169,4,4,0.9999979734420776
7170,3,3,0.9999933242797852
7171,1,1,0.9998606443405151
7172,6,6,0.9999911785125732
7173,1,1,0.9999605417251587
7174,9,9,0.9998701810836792
7175,0,0,0.9999978542327881
7176,1,1,0.9998807907104492
7177,4,4,0.9999070167541504
7178,5,5,0.9998966455459595
7179,6,6,0.9989688396453857
7180,7,7,0.9999375343322754
7181,8,8,0.9982300400733948
7182,9,9,0.998199462890625
7183,1,1,0.9998809099197388
7184,2,2,0.9999856948852539
7185,3,3,0.9999778270721436
7186,4,4,0.9999082088470459
7187,5,5,0.999998927116394
7188,6,6,0.9999836683273315
7189,7,7,0.9993529915809631
7190,0,0,0.9999929666519165
7191,1,1,0.9998750686645508
7192,2,2,0.9999758005142212
7193,3,3,0.9999910593032837
7194,4,4,0.999997615814209
7195,5,5,0.9975337982177734
7196,6,6,0.9996404647827148
7197,7,7,0.9990537762641907
7198,8,8,0.9959087371826172
7199,9,9,0.9999216794967651
7200,8,8,0.9970663189888
7201,4,4,0.9999889135360718
7202,0,0,0.9999879598617554
7203,0,0,0.9999942779541016
7204,7,7,0.9993566870689392
7205,2,2,0.9996813535690308
7206,4,4,0.999994158744812
7207,3,3,0.9999936819076538
7208,8,8,0.9977906942367554
7209,6,6,0.9990872144699097
7210,6,6,0.9978410005569458
7211,3,3,0.9999212026596069
7212,2,2,0.997899055480957
7213,6,6,0.9999159574508667
7214,3,3,0.9999994039535522
7215,3,3,0.9999982118606567
7216,0,6,0.5081719756126404
7217,1,1,0.9996551275253296
7218,4,4,0.9999774694442749
7219,7,7,0.9999110698699951
7220,8,8,0.986327052116394
7221,0,0,0.9999897480010986
7222,3,3,0.9999998807907104
7223,1,1,0.9999219179153442
7224,9,9,0.9999897480010986
7225,0,0,0.9999731779098511
7226,1,1,0.9999018907546997
7227,9,9,0.9999732971191406
7228,1,1,0.9998506307601929
7229,2,2,0.9980837106704712
7230,7,7,0.9998480081558228
7231,0,0,0.9999926090240479
7232,1,1,0.9998639822006226
7233,3,3,0.8593947291374207
7234,8,8,0.9999934434890747
7235,2,2,0.9498318433761597
7236,9,9,0.9999769926071167
7237,2,2,0.9998449087142944
7238,7,7,0.9990944862365723
7239,6,6,0.9999358654022217
7240,5,5,0.9961676001548767
7241,5,5,0.998664140701294
7242,9,9,0.9997181296348572
7243,9,9,0.999889612197876
7244,8,8,0.9999994039535522
7245,2,2,0.9995885491371155
7246,9,9,0.9999773502349854
7247,1,1,0.9997811913490295
7248,3,3,0.996935248374939
7249,2,2,0.979674756526947
7250,3,3,0.9999991655349731
7251,4,4,0.9999992847442627
7252,3,3,0.9999762773513794
7253,1,1,0.9999459981918335
7254,9,9,0.9999951124191284
7255,0,0,0.9999904632568359
7256,9,9,0.9999382495880127
7257,3,3,0.9999954700469971
7258,6,6,0.999214768409729
7259,8,8,0.999126136302948
7260,7,7,0.9968762397766113
7261,0,0,0.9999854564666748
7262,1,1,0.9999648332595825
7263,0,0,0.9999861717224121
7264,5,5,0.9999974966049194
7265,8,8,0.9916016459465027
7266,2,2,0.9999089241027832
7267,7,7,0.9650915861129761
7268,7,7,0.9940692186355591
7269,0,0,0.9999923706054688
7270,1,1,0.9999512434005737
7271,2,2,0.9999653100967407
7272,3,3,0.9995108842849731
7273,4,4,0.9999939203262329
7274,5,5,0.9999958276748657
7275,6,6,0.9999920129776001
7276,7,7,0.9998666048049927
7277,8,8,0.998863697052002
7278,9,9,0.999777615070343
7279,0,0,0.9999676942825317
7280,1,1,0.9998831748962402
7281,2,2,0.9999990463256836
7282,3,3,0.998221218585968
7283,4,4,0.9999942779541016
7284,5,5,0.9999891519546509
7285,6,6,0.9999732971191406
7286,7,7,0.9998231530189514
7287,8,8,0.9990622401237488
7288,9,9,0.9999003410339355
7289,0,0,0.9999901056289673
7290,1,1,0.9999480247497559
7291,2,2,0.9999125003814697
7292,3,3,0.9998635053634644
7293,4,4,0.9998663663864136
7294,5,5,0.9997192025184631
7295,6,6,0.9999812841415405
7296,7,7,0.9998730421066284
7297,8,8,0.9998026490211487
7298,9,9,0.9998088479042053
7299,1,1,0.9998825788497925
7300,7,7,0.9997748732566833
7301,4,4,0.9999583959579468
7302,8,8,0.999869704246521
7303,1,1,0.9999445676803589
7304,5,5,0.9997497200965881
7305,6,6,0.9999891519546509
7306,5,5,0.9999843835830688
7307,7,7,0.9964209794998169
7308,2,2,0.9999986886978149
7309,8,8,0.9924641847610474
7310,6,6,0.999945878982544
7311,3,3,0.9999735355377197
7312,3,3,0.9999923706054688
7313,8,8,0.9999992847442627
7314,6,6,0.9999412298202515
7315,5,5,0.9998807907104492
7316,4,4,0.9999862909317017
7317,0,0,0.999491810798645
7318,9,9,0.9999574422836304
7319,1,1,0.9993115663528442
7320,7,7,0.9977110624313354
7321,2,2,0.9999949932098389
7322,9,9,0.9999711513519287
7323,1,1,0.9999181032180786
7324,5,5,0.9972443580627441
7325,1,1,0.9994139671325684
7326,3,3,0.9999964237213135
7327,2,2,0.999997615814209
7328,2,2,0.9999747276306152
7329,3,3,0.9998993873596191
7330,0,0,0.9999788999557495
7331,6,6,0.9999964237213135
7332,4,4,0.9997990727424622
7333,3,3,0.9995520710945129
7334,7,7,0.9998766183853149
7335,6,6,0.9997385144233704
7336,9,9,0.9999431371688843
7337,0,0,0.9992363452911377
7338,4,4,0.990069568157196
7339,8,8,0.9999284744262695
7340,1,1,0.9997875094413757
7341,4,4,0.9999948740005493
7342,0,0,0.999985933303833
7343,6,6,0.9999668598175049
7344,1,1,0.9996028542518616
7345,2,2,0.9999518394470215
7346,6,6,0.999996542930603
7347,9,9,0.9999281167984009
7348,2,2,0.9998821020126343
7349,2,2,0.9999516010284424
7350,3,3,0.9998562335968018
7351,5,5,0.9999455213546753
7352,5,5,0.9999250173568726
7353,1,1,0.9999368190765381
7354,0,0,0.9356910586357117
7355,7,7,0.9999686479568481
7356,7,7,0.9976182579994202
7357,9,9,0.9999943971633911
7358,6,6,0.9999959468841553
7359,2,2,0.9999126195907593
7360,9,9,0.9999922513961792
7361,4,4,0.9998557567596436
7362,7,7,0.9996577501296997
7363,0,0,0.9996851682662964
7364,2,2,0.9999666213989258
7365,3,3,0.9999806880950928
7366,4,4,0.9999992847442627
7367,0,0,0.9999678134918213
7368,0,0,0.9999861717224121
7369,8,8,0.9997672438621521
7370,8,8,0.9996976852416992
7371,8,8,0.9998852014541626
7372,5,5,0.9999039173126221
7373,1,1,0.9996098875999451
7374,3,3,0.9999942779541016
7375,7,7,0.9998679161071777
7376,4,4,0.9999808073043823
7377,9,9,0.9999912977218628
7378,8,8,0.999769389629364
7379,8,8,0.9993999004364014
7380,9,9,0.9997946619987488
7381,0,0,0.9998241066932678
7382,9,9,0.9999200105667114
7383,8,8,0.9998377561569214
7384,9,9,0.9995102882385254
7385,0,0,0.9999964237213135
7386,2,2,0.9999662637710571
7387,6,6,0.9998928308486938
7388,5,5,0.9998823404312134
7389,6,6,0.9999566078186035
7390,7,7,0.9996084570884705
7391,4,4,0.9999572038650513
7392,7,7,0.9965223073959351
7393,5,5,0.9999725818634033
7394,4,4,0.9971422553062439
7395,1,1,0.9998922348022461
7396,3,3,0.9999916553497314
7397,5,5,0.999954104423523
7398,3,3,0.9999792575836182
7399,1,1,0.9994353652000427
7400,2,2,0.999882698059082
7401,3,3,0.9895285964012146
7402,4,4,0.9970614314079285
7403,5,5,0.9497494697570801
7404,6,6,0.9998443126678467
7405,1,1,0.9995712637901306
7406,2,2,0.999941349029541
7407,3,3,0.9999874830245972
7408,4,4,0.9998243451118469
7409,6,6,0.9999983310699463
7410,0,0,0.9999644756317139
7411,1,1,0.9999271631240845
7412,2,2,0.9999954700469971
7413,4,4,0.992195725440979
7414,5,5,0.9999996423721313
7415,6,6,0.9999492168426514
7416,7,7,0.9999061822891235
7417,8,8,0.9997838139533997
7418,1,1,0.9999582767486572
7419,7,7,0.9923385381698608
7420,2,2,0.9845139384269714
7421,4,4,0.9999876022338867
7422,1,1,0.9999452829360962
7423,4,4,0.9889805316925049
7424,1,1,0.9999403953552246
7425,4,4,0.9999806880950928
7426,9,9,0.9910994172096252
7427,6,6,0.9996784925460815
7428,8,8,0.9999719858169556
7429,4,4,0.9999973773956299
7430,5,5,0.9991897940635681
7431,3,3,0.999992847442627
7432,7,7,0.9959262609481812
7433,8,8,0.9979064464569092
7434,4,4,0.6095312237739563
7435,3,3,0.9999998807907104
7436,3,3,0.9999687671661377
7437,5,5,0.999895453453064
7438,6,6,0.9993849992752075
7439,7,7,0.9961231350898743
7440,0,0,0.999994158744812
7441,6,6,0.9959638118743896
7442,1,1,0.99992835521698
7443,6,6,0.9998877048492432
7444,8,8,0.997661828994751
7445,7,7,0.9967576861381531
7446,0,0,0.9996160268783569
7447,1,1,0.9964577555656433
7448,5,5,0.9999653100967407
7449,0,0,0.9999046325683594
7450,8,8,0.9992067217826843
7451,5,5,0.9927915334701538
7452,0,0,0.9999935626983643
7453,1,1,0.9999303817749023
7454,5,5,0.9999985694885254
7455,8,8,0.9999465942382812
7456,4,4,0.9999016523361206
7457,2,2,0.9906399250030518
7458,3,3,0.9999964237213135
7459,9,9,0.9947277903556824
7460,7,7,0.9997114539146423
7461,6,6,0.9984717965126038
7462,9,9,0.9998825788497925
7463,1,1,0.9997780919075012
7464,9,9,0.9999880790710449
7465,0,0,0.9998972415924072
7466,6,6,0.9998018145561218
7467,7,7,0.9999539852142334
7468,1,1,0.999816358089447
7469,2,2,0.9998831748962402
7470,3,3,0.9999995231628418
7471,9,9,0.9994732737541199
7472,2,2,0.9988216757774353
7473,4,4,0.9951198101043701
7474,5,5,0.9999974966049194
7475,5,5,0.9999980926513672
7476,3,3,0.9994346499443054
7477,7,7,0.9998997449874878
7478,5,5,0.9999817609786987
7479,3,3,0.999929666519165
7480,1,1,0.9997492432594299
7481,8,8,0.9979269504547119
7482,2,2,0.999363124370575
7483,2,2,0.999058187007904
7484,3,3,0.9999697208404541
7485,0,0,0.9999841451644897
7486,2,2,0.9993454813957214
7487,9,9,0.9991288781166077
7488,4,4,0.9999569654464722
7489,9,9,0.9998018145561218
7490,7,7,0.9992544054985046
7491,0,0,0.9981470108032227
7492,2,2,0.9014037251472473
7493,7,7,0.9997506737709045
7494,4,4,0.9999406337738037
7495,9,9,0.9999185800552368
7496,9,9,0.9998210072517395
7497,2,2,0.9999679327011108
7498,5,5,0.9933990240097046
7499,9,9,0.9999521970748901
7500,8,8,0.9998337030410767
7501,3,3,0.9999979734420776
7502,8,8,0.9999719858169556
7503,6,6,0.9993971586227417
7504,7,7,0.9999136924743652
7505,0,0,0.9923408031463623
7506,0,0,0.9999971389770508
7507,1,1,0.9999340772628784
7508,2,2,0.9999632835388184
7509,3,3,0.999987006187439
7510,4,4,0.999956488609314
7511,5,5,0.9644955992698669
7512,6,6,0.9999687671661377
7513,7,7,0.9999592304229736
7514,8,8,0.9984410405158997
7515,9,9,0.9999891519546509
7516,0,0,0.9999963045120239
7517,1,1,0.9998334646224976
7518,2,2,0.9999687671661377
7519,3,3,0.999946117401123
7520,4,4,0.9998786449432373
7521,5,5,0.9999958276748657
7522,6,6,0.999829888343811
7523,7,7,0.9998146891593933
7524,8,8,0.9966026544570923
7525,9,9,0.9998937845230103
7526,0,0,0.9999964237213135
7527,1,1,0.9998877048492432
7528,2,2,0.9999117851257324
7529,3,3,0.9998939037322998
7530,4,4,0.9901573657989502
7531,5,5,0.9999922513961792
7532,6,6,0.9999895095825195
7533,7,7,0.9977715611457825
7534,8,8,0.9994783997535706
7535,9,9,0.9999080896377563
7536,0,0,0.9999667406082153
7537,0,0,0.9999972581863403
7538,7,7,0.9919388890266418
7539,2,2,0.9923189282417297
7540,6,6,0.9999961853027344
7541,5,5,0.9998952150344849
7542,5,5,0.9999934434890747
7543,3,3,0.9999990463256836
7544,7,7,0.9998176693916321
7545,8,8,0.9841120839118958
7546,6,6,0.9999516010284424
7547,6,6,0.999992847442627
7548,6,6,0.9999963045120239
7549,6,6,0.9999791383743286
7550,4,4,0.9997257590293884
7551,3,3,0.9999366998672485
7552,8,8,0.9914400577545166
7553,8,8,0.998040497303009
7554,3,3,0.9999938011169434
7555,0,0,0.9999834299087524
7556,1,1,0.9989511966705322
7557,9,9,0.9999861717224121
7558,0,0,0.9995241165161133
7559,5,5,0.9999556541442871
7560,4,4,0.9841176271438599
7561,1,1,0.9999121427536011
7562,9,9,0.9999686479568481
7563,1,1,0.9999560117721558
7564,2,2,0.9999738931655884
7565,7,7,0.9823534488677979
7566,0,0,0.9999818801879883
7567,1,1,0.9999620914459229
7568,3,3,0.9999476671218872
7569,8,8,0.9983136653900146
7570,2,2,0.9999567270278931
7571,9,9,0.9999724626541138
7572,2,2,0.9997102618217468
7573,7,7,0.99611496925354
7574,4,4,0.8985264897346497
7575,2,2,0.9999736547470093
7576,6,6,0.9999973773956299
7577,5,5,0.9999959468841553
7578,5,5,0.9999877214431763
7579,9,9,0.999915361404419
7580,9,9,0.9998230338096619
7581,1,1,0.9999498128890991
7582,1,1,0.9999276399612427
7583,5,5,0.9999910593032837
7584,7,7,0.9997169375419617
7585,6,6,0.9999969005584717
7586,8,8,0.9994478821754456
7587,2,2,0.9994346499443054
7588,9,9,0.9999701976776123
7589,4,4,0.9999755620956421
7590,3,3,0.9999992847442627
7591,1,1,0.9998756647109985
7592,9,9,0.9999665021896362
7593,0,0,0.9999942779541016
7594,9,9,0.9999814033508301
7595,3,3,0.9997325539588928
7596,6,6,0.9999915361404419
7597,8,8,0.999872088432312
7598,7,7,0.999984622001648
7599,0,0,0.9999825954437256
7600,1,1,0.9999645948410034
7601,0,0,0.9999969005584717
7602,5,5,0.9999997615814209
7603,8,8,0.9980813264846802
7604,2,2,0.9997414946556091
7605,7,7,0.9997056126594543
7606,7,7,0.9909441471099854
7607,0,0,0.9999959468841553
7608,1,1,0.9972838163375854
7609,2,2,0.9999912977218628
7610,3,3,0.999946117401123
7611,4,4,0.9999887943267822
7612,5,5,0.9996867179870605
7613,6,6,0.9999868869781494
7614,7,7,0.9999995231628418
7615,8,8,0.9999992847442627
7616,9,9,0.9998816251754761
7617,0,0,0.9999982118606567
7618,1,1,0.9999308586120605
7619,2,2,0.9967036843299866
7620,3,3,0.9999760389328003
7621,4,4,0.9997925162315369
7622,5,5,0.9999499320983887
7623,8,8,0.9999997615814209
7624,9,9,0.9999755620956421
7625,0,0,0.9999932050704956
7626,1,1,0.999800980091095
7627,2,2,0.9992774128913879
7628,3,3,0.9999934434890747
7629,4,4,0.9999650716781616
7630,5,5,0.9999014139175415
7631,6,6,0.9996531009674072
7632,7,7,0.9999526739120483
7633,8,8,0.9999985694885254
7634,9,9,0.9997043013572693
7635,2,2,0.9999363422393799
7636,1,1,0.9990542531013489
7637,2,2,0.9974861145019531
7638,1,1,0.9995482563972473
7639,3,3,0.9999650716781616
7640,9,9,0.9999179840087891
7641,9,9,0.995215892791748
7642,8,8,0.9999994039535522
7643,5,5,0.9999459981918335
7644,3,3,0.9999788999557495
7645,7,7,0.9999313354492188
7646,0,0,0.9999862909317017
7647,7,7,0.9999630451202393
7648,7,7,0.999963641166687
7649,5,5,0.999772846698761
7650,7,7,0.9996895790100098
7651,9,9,0.999058187007904
7652,9,9,0.9999308586120605
7653,4,4,0.999995231628418
7654,7,7,0.9999686479568481
7655,0,0,0.9999979734420776
7656,3,3,0.9999464750289917
7657,4,4,0.9998186230659485
7658,1,1,0.9997962117195129
7659,5,5,0.9999616146087646
7660,8,8,0.9999995231628418
7661,1,1,0.9997039437294006
7662,4,4,0.9999167919158936
7663,8,8,0.9999979734420776
7664,4,4,0.9999700784683228
7665,1,1,0.999872088432312
7666,8,8,1.0
7667,6,6,0.999991774559021
7668,6,6,0.9996708631515503
7669,4,4,0.9999865293502808
7670,6,6,0.9999344348907471
7671,0,0,0.9980379939079285
7672,5,5,0.9743869304656982
7673,5,5,0.9995152950286865
7674,3,3,0.9999970197677612
7675,3,3,0.9998286962509155
7676,5,5,0.9998500347137451
7677,7,7,0.9999666213989258
7678,2,2,0.9999946355819702
7679,5,5,0.9899667501449585
7680,9,9,0.998938262462616
7681,6,6,0.9999874830245972
7682,9,9,0.9999642372131348
7683,2,2,0.9983450174331665
7684,6,6,0.999984622001648
7685,2,2,0.9999946355819702
7686,1,1,0.999875545501709
7687,2,2,0.9996863603591919
7688,0,0,0.9999935626983643
7689,8,8,0.9995679259300232
7690,3,3,0.9999704360961914
7691,8,8,0.9999841451644897
7692,3,3,0.9996125102043152
7693,0,0,0.9999988079071045
7694,8,8,0.9999812841415405
7695,7,7,0.9997251629829407
7696,4,4,0.9999898672103882
7697,9,9,0.9988252520561218
7698,5,5,0.9945756196975708
7699,0,0,0.9999992847442627
7700,9,9,0.9999254941940308
7701,7,7,0.9998749494552612
7702,0,0,0.9999865293502808
7703,0,0,0.9999855756759644
7704,4,4,0.9999783039093018
7705,6,6,0.9999955892562866
7706,0,0,0.9999673366546631
7707,9,9,0.9994547963142395
7708,1,1,0.9999372959136963
7709,6,6,0.9999955892562866
7710,2,2,0.9999364614486694
7711,7,7,0.9998418092727661
7712,6,6,0.9999855756759644
7713,8,8,0.9999958276748657
7714,3,3,0.9999805688858032
7715,5,5,0.9999111890792847
7716,2,2,0.9999995231628418
7717,1,1,0.9999291896820068
7718,8,8,0.9998121857643127
7719,3,3,0.9999927282333374
7720,8,8,0.9999727010726929
7721,6,6,0.9999960660934448
7722,1,1,0.999868631362915
7723,0,0,0.9999998807907104
7724,2,2,0.999769389629364
7725,1,1,0.9998781681060791
7726,4,4,0.9999967813491821
7727,0,0,0.9999949932098389
7728,1,1,0.9995167255401611
7729,2,2,0.9999264478683472
7730,3,3,0.9999655485153198
7731,4,4,0.9999710321426392
7732,5,5,0.8788858652114868
7733,6,6,0.999828577041626
7734,7,7,0.9919519424438477
7735,8,8,0.9665902853012085
7736,9,9,0.8379755616188049
7737,0,0,0.9999970197677612
7738,1,1,0.9997453093528748
7739,2,2,0.999752938747406
7740,3,3,0.999997615814209
7741,4,4,0.9998043179512024
7742,5,5,0.9999886751174927
7743,6,6,0.9999710321426392
7744,7,7,0.9994903802871704
7745,8,8,0.9999740123748779
7746,9,9,0.9999210834503174
7747,0,0,0.999826967716217
7748,1,1,0.9995417594909668
7749,2,2,0.9999709129333496
7750,3,3,0.9999871253967285
7751,4,4,0.9999792575836182
7752,5,5,0.9999979734420776
7753,6,6,0.9999938011169434
7754,7,7,0.9993947744369507
7755,8,8,0.9983757734298706
7756,9,9,0.999958872795105
7757,7,7,0.9980067610740662
7758,6,6,0.9999955892562866
7759,4,4,0.9999971389770508
7760,7,7,0.998264729976654
7761,6,6,0.9999992847442627
7762,2,2,0.999997615814209
7763,3,3,0.9999582767486572
7764,4,4,0.9997918009757996
7765,8,8,0.9997740387916565
7766,7,7,0.9999032020568848
7767,8,8,0.9999805688858032
7768,6,6,0.9999862909317017
7769,9,9,0.9999812841415405
7770,8,8,0.9999638795852661
7771,3,3,0.9997170567512512
7772,2,2,0.9999505281448364
7773,2,2,0.9998281002044678
7774,8,8,0.9967617392539978
7775,4,4,0.9998844861984253
7776,8,8,0.9999798536300659
7777,5,5,0.9945698380470276
7778,6,6,0.9999815225601196
7779,5,5,0.9995922446250916
7780,0,0,0.9999675750732422
7781,2,2,0.999625563621521
7782,0,0,0.999976634979248
7783,1,1,0.9976733326911926
7784,1,1,0.9991623163223267
7785,2,2,0.9999657869338989
7786,9,9,0.9998657703399658
7787,6,6,0.999993085861206
7788,8,8,0.9995580315589905
7789,2,2,0.9999969005584717
7790,1,1,0.9936947226524353
7791,0,0,0.9999395608901978
7792,6,6,0.9999991655349731
7793,5,5,0.9999731779098511
7794,2,2,0.9999977350234985
7795,9,9,0.999846339225769
7796,7,7,0.9982842803001404
7797,5,5,0.9756590127944946
7798,3,3,0.9999388456344604
7799,9,9,0.9999251365661621
7800,3,3,0.9353822469711304
7801,7,7,0.9982686042785645
7802,1,1,0.9973623156547546
7803,8,8,0.9996362924575806
7804,3,3,0.9983558058738708
7805,8,8,0.9999992847442627
7806,1,1,0.998656153678894
7807,9,9,0.9999841451644897
7808,5,5,0.9999958276748657
7809,5,5,0.9999778270721436
7810,0,0,0.999991774559021
7811,1,1,0.9997777342796326
7812,1,1,0.9852398633956909
7813,9,9,0.9981783628463745
7814,8,8,0.9999806880950928
7815,2,2,0.9999054670333862
7816,6,6,0.999987006187439
7817,0,0,0.9999712705612183
7818,4,4,0.9999759197235107
7819,5,5,0.999998927116394
7820,0,0,0.9997339844703674
7821,3,3,0.9148344993591309
7822,1,1,0.9978119134902954
7823,8,8,0.999893307685852
7824,6,6,0.9999581575393677
7825,7,7,0.9997442364692688
7826,5,5,0.9998984336853027
7827,9,9,0.9999306201934814
7828,9,9,0.9999566078186035
7829,3,3,0.9982621073722839
7830,0,0,0.9999338388442993
7831,3,3,0.999853253364563
7832,1,1,0.999955415725708
7833,4,4,0.9999997615814209
7834,4,4,0.999994158744812
7835,0,0,0.9999853372573853
7836,4,4,0.9999393224716187
7837,9,9,0.9995656609535217
7838,0,0,0.9992457628250122
7839,1,1,0.9698619842529297
7840,2,2,0.999870777130127
7841,3,3,0.9996392726898193
7842,5,5,0.9568428993225098
7843,6,6,0.9998725652694702
7844,7,7,0.9731151461601257
7845,8,8,0.9797117114067078
7846,0,0,0.9999128580093384
7847,1,1,0.9909890294075012
7848,2,2,0.9999200105667114
7849,3,3,0.9790681600570679
7850,5,5,0.9926655888557434
7851,6,6,0.9963101744651794
7852,7,7,0.9574248194694519
7853,8,8,0.9524004459381104
7854,9,9,0.999667763710022
7855,0,0,0.99993896484375
7856,1,1,0.9924657344818115
7857,2,2,0.9995275735855103
7858,3,3,0.9997313618659973
7859,5,5,0.9986409544944763
7860,6,6,0.9983398914337158
7861,7,7,0.9977026581764221
7862,8,8,0.9964358806610107
7863,9,9,0.9997238516807556
7864,9,9,0.999981164932251
7865,7,7,0.9682513475418091
7866,0,0,0.9999171495437622
7867,9,9,0.9999909400939941
7868,0,0,0.9993643164634705
7869,1,1,0.9994832277297974
7870,5,5,0.9999637603759766
7871,8,8,0.999494194984436
7872,8,8,0.9999158382415771
7873,0,0,0.99996018409729
7874,9,9,0.9997476935386658
7875,3,3,0.9999457597732544
7876,2,2,0.999984622001648
7877,7,7,0.9989388585090637
7878,8,8,0.9999182224273682
7879,4,4,0.9998475313186646
7880,6,6,0.9999822378158569
7881,1,1,0.999980092048645
7882,0,0,0.9999902248382568
7883,4,4,0.9999260902404785
7884,9,9,0.999995231628418
7885,4,4,0.9999613761901855
7886,2,2,0.9981708526611328
7887,0,0,0.9861992597579956
7888,5,5,0.9988090991973877
7889,0,0,0.9999068975448608
7890,1,1,0.9998334646224976
7891,6,6,0.999743640422821
7892,9,9,0.9999598264694214
7893,3,3,0.999840497970581
7894,2,2,0.9998623132705688
7895,9,9,0.9999759197235107
7896,1,1,0.9994506239891052
7897,6,6,0.9994742274284363
7898,0,0,0.9975469708442688
7899,1,1,0.9911755323410034
7900,1,1,0.9967468976974487
7901,8,8,0.9997441172599792
7902,7,9,0.8451188802719116
7903,7,7,0.9350719451904297
7904,6,6,0.999864935874939
7905,3,3,0.990522027015686
7906,6,6,0.9998917579650879
7907,0,0,0.9998223185539246
7908,7,7,0.9547821283340454
7909,2,2,0.9998985528945923
7910,4,4,0.9987884163856506
7911,1,1,0.998752236366272
7912,7,7,0.9788919687271118
7913,0,0,0.9999537467956543
7914,6,6,0.9990501999855042
7915,7,9,0.6900078654289246
7916,1,1,0.9984342455863953
7917,2,2,0.9998644590377808
7918,5,5,0.9910915493965149
7919,8,8,0.9998860359191895
7920,1,1,0.9980015158653259
7921,8,8,0.8606117367744446
7922,2,2,0.9999834299087524
7923,8,8,0.9999191761016846
7924,7,7,0.9719945192337036
7925,6,6,0.9993763566017151
7926,8,8,0.9998620748519897
7927,7,7,0.785194993019104
7928,1,1,0.9904477596282959
7929,6,6,0.9956455230712891
7930,2,2,0.9999784231185913
7931,9,9,0.9999823570251465
7932,3,3,0.999963641166687
7933,0,0,0.9999934434890747
7934,1,1,0.9991359114646912
7935,2,2,0.999997615814209
7936,3,3,0.9999961853027344
7937,4,4,0.9999643564224243
7938,5,5,0.999993085861206
7939,6,6,0.9999915361404419
7940,7,7,0.9993664622306824
7941,8,8,0.9991157650947571
7942,9,9,0.9999573230743408
7943,0,0,0.9979541301727295
7944,1,1,0.9997548460960388
7945,2,2,0.99915611743927
7946,3,3,0.9977272152900696
7947,4,4,0.9999871253967285
7948,5,5,0.9997448325157166
7949,6,6,0.9998883008956909
7950,7,7,0.9995081424713135
7951,8,8,0.9999457597732544
7952,9,9,0.9999382495880127
7953,0,0,0.9999986886978149
7954,1,1,0.999907374382019
7955,2,2,0.9999861717224121
7956,3,3,0.9998519420623779
7957,4,4,0.9999246597290039
7958,5,5,0.9999982118606567
7959,6,6,0.9999938011169434
7960,7,7,0.9999090433120728
7961,8,8,0.9999879598617554
7962,9,9,0.9999170303344727
7963,8,8,0.9999644756317139
7964,9,9,0.9990228414535522
7965,5,5,0.9999979734420776
7966,7,7,0.9995179176330566
7967,0,0,0.9999964237213135
7968,3,3,0.9999791383743286
7969,1,1,0.9999701976776123
7970,6,6,0.9999955892562866
7971,8,9,0.5065638422966003
7972,4,4,0.9998952150344849
7973,1,1,0.9998144507408142
7974,5,5,0.9999978542327881
7975,6,6,0.9997344613075256
7976,4,4,0.9997171759605408
7977,2,2,0.9999977350234985
7978,7,7,0.9994456171989441
7979,8,8,0.9999059438705444
7980,1,1,0.9997195601463318
7981,3,3,0.9999951124191284
7982,4,4,0.9988217949867249
7983,3,3,0.9999879598617554
7984,4,4,0.999936580657959
7985,7,7,0.9960147142410278
7986,2,2,0.9998384714126587
7987,0,0,0.9999442100524902
7988,5,5,0.9999971389770508
7989,0,0,0.9999797344207764
7990,1,1,0.998396098613739
7991,9,9,0.9928972721099854
7992,2,2,0.9999996423721313
7993,3,3,0.9999991655349731
7994,2,2,0.9999889135360718
7995,3,3,0.9999966621398926
7996,5,5,0.9999749660491943
7997,5,5,0.9999896287918091
7998,7,7,0.9999732971191406
7999,8,8,0.996311366558075
8000,4,4,0.9968357682228088
8001,9,9,0.9999891519546509
8002,9,9,0.9999833106994629
8003,7,7,0.9998888969421387
8004,1,1,0.9987897276878357
8005,1,1,0.9999085664749146
8006,9,9,0.9999924898147583
8007,0,0,0.9999284744262695
8008,7,7,0.9987773299217224
8009,8,8,0.9999685287475586
8010,3,3,0.9997357726097107
8011,4,4,0.9990399479866028
8012,8,8,0.999254047870636
8013,6,6,0.9999929666519165
8014,3,3,0.999982476234436
8015,8,8,0.9998294115066528
8016,0,0,0.9992665648460388
8017,9,9,0.9999558925628662
8018,6,6,0.9999949932098389
8019,2,2,0.9995436072349548
8020,1,1,0.9922319650650024
8021,0,0,0.9999178647994995
8022,1,1,0.9986560344696045
8023,0,0,0.9997534155845642
8024,6,6,0.9999939203262329
8025,2,2,0.9999990463256836
8026,3,3,0.9999979734420776
8027,8,8,0.9999932050704956
8028,9,9,0.9999009370803833
8029,0,0,0.9989833235740662
8030,7,7,0.9995715022087097
8031,2,2,0.9999734163284302
8032,3,3,0.9999821186065674
8033,4,4,0.9999945163726807
8034,5,5,0.9999803304672241
8035,5,5,0.9999542236328125
8036,2,2,0.9999786615371704
8037,8,8,0.9968389272689819
8038,5,5,0.9999839067459106
8039,4,4,0.9999712705612183
8040,6,6,0.9999924898147583
8041,6,6,0.9999898672103882
8042,6,6,0.9999914169311523
8043,7,7,0.999756395816803
8044,9,9,0.9996188879013062
8045,1,1,0.999625563621521
8046,8,8,0.9999903440475464
8047,2,2,0.9979875087738037
8048,1,1,0.9999178647994995
8049,5,5,0.999996542930603
8050,3,3,0.9999239444732666
8051,4,4,0.9999861717224121
8052,7,7,0.9979777932167053
8053,9,9,0.9999306201934814
8054,4,4,0.9999911785125732
8055,0,0,0.9999006986618042
8056,0,0,0.9999927282333374
8057,0,0,0.9999830722808838
8058,1,1,0.9993658661842346
8059,2,2,0.9228357076644897
8060,3,3,0.9998075366020203
8061,4,4,0.9361169934272766
8062,5,5,0.9986631870269775
8063,6,6,0.996151864528656
8064,7,7,0.9843930602073669
8065,8,8,0.7756954431533813
8066,9,9,0.9989455342292786
8067,0,0,0.9999922513961792
8068,1,1,0.9991483688354492
8069,2,2,0.9970307350158691
8070,3,3,0.9999760389328003
8071,4,4,0.9955670237541199
8072,5,5,0.9994602799415588
8073,6,6,0.9998904466629028
8074,7,7,0.9993873834609985
8075,8,8,0.9811413288116455
8076,9,9,0.9999375343322754
8077,0,0,0.9999669790267944
8078,1,1,0.999751627445221
8079,2,2,0.9996782541275024
8080,3,3,0.9998792409896851
8081,4,4,0.9746412038803101
8082,5,5,0.9999533891677856
8083,6,6,0.9999208450317383
8084,9,9,0.9995842576026917
8085,0,0,0.9999943971633911
8086,1,1,0.9996731281280518
8087,3,3,0.9999971389770508
8088,1,1,0.998121440410614
8089,5,5,0.9999971389770508
8090,1,1,0.998969316482544
8091,2,2,0.9908552169799805
8092,4,4,0.7083335518836975
8093,9,9,0.9987254738807678
8094,2,2,0.9081031084060669
8095,4,4,0.7937667369842529
8096,6,6,0.9999271631240845
8097,8,8,0.8370561003684998
8098,0,0,0.9997687935829163
8099,1,1,0.9998390674591064
8100,1,1,0.9996055960655212
8101,9,9,0.9995993971824646
8102,2,2,0.9952184557914734
8103,6,6,0.9996572732925415
8104,6,6,0.9814923405647278
8105,8,8,0.930030345916748
8106,7,7,0.9961048364639282
8107,4,4,0.955327033996582
8108,2,2,0.9999755620956421
8109,9,9,0.9996821880340576
8110,7,7,0.9520469903945923
8111,0,0,0.999983549118042
8112,2,2,0.999281108379364
8113,1,1,0.9998189806938171
8114,0,0,0.9999617338180542
8115,3,3,0.9932290315628052
8116,6,6,0.9846862554550171
8117,0,0,0.9999984502792358
8118,1,1,0.9999418258666992
8119,2,2,0.9998242259025574
8120,3,3,0.9999955892562866
8121,4,4,0.9999866485595703
8122,5,5,0.9999995231628418
8123,6,6,0.9999759197235107
8124,7,7,0.9995068311691284
8125,8,8,0.9999940395355225
8126,9,9,0.9996775388717651
8127,0,0,0.9999986886978149
8128,1,1,0.5690279006958008
8129,2,2,0.999988317489624
8130,3,3,0.9999984502792358
8131,4,4,0.9999980926513672
8132,5,5,0.9999953508377075
8133,6,6,0.9999926090240479
8134,7,7,0.999941349029541
8135,8,8,0.9999556541442871
8136,9,9,0.9998955726623535
8137,0,0,0.999995231628418
8138,1,1,0.9991987347602844
8139,2,2,0.9991955161094666
8140,3,3,0.999991774559021
8141,4,4,0.9999845027923584
8142,5,5,0.9997197985649109
8143,6,6,0.9980136156082153
8144,7,7,0.9989376664161682
8145,8,8,0.999998927116394
8146,9,9,0.9998835325241089
8147,8,8,0.9999585151672363
8148,6,6,0.9999903440475464
8149,5,5,0.9999799728393555
8150,9,9,0.9999551773071289
8151,7,7,0.9986280202865601
8152,0,0,0.9999986886978149
8153,2,2,0.9999470710754395
8154,3,3,0.9999799728393555
8155,4,4,0.9999990463256836
8156,3,3,0.9977914094924927
8157,8,8,0.9999966621398926
8158,5,5,0.9999958276748657
8159,1,1,0.9995877146720886
8160,5,5,0.9993928670883179
8161,2,2,0.9999984502792358
8162,3,3,0.9999997615814209
8163,0,0,0.9999847412109375
8164,1,1,0.9994834661483765
8165,2,2,0.989959180355072
8166,1,1,0.9998605251312256
8167,3,3,0.9999996423721313
8168,2,2,0.9996911287307739
8169,6,6,0.9999899864196777
8170,5,5,0.9999181032180786
8171,3,3,0.9998577833175659
8172,0,0,0.9999842643737793
8173,7,7,0.999879002571106
8174,2,2,0.9999746084213257
8175,7,7,0.9985812902450562
8176,4,4,0.9999971389770508
8177,6,6,0.9999935626983643
8178,4,4,0.9999313354492188
8179,0,0,0.9999972581863403
8180,5,5,0.9999592304229736
8181,9,9,0.9988729357719421
8182,9,9,0.9984631538391113
8183,8,8,0.9989739656448364
8184,9,9,0.9998854398727417
8185,5,5,0.9994958639144897
8186,3,3,0.9999997615814209
8187,1,1,0.9999579191207886
8188,7,7,0.9990941286087036
8189,4,4,0.9999867677688599
8190,7,7,0.9999074935913086
8191,6,6,0.9999873638153076
8192,5,5,0.9999982118606567
8193,4,4,0.9998791217803955
8194,0,0,0.9999949932098389
8195,0,0,0.9999969005584717
8196,6,6,0.9992357492446899
8197,6,6,0.9985228180885315
8198,2,2,0.9975860118865967
8199,0,0,0.9999979734420776
8200,6,6,0.9999747276306152
8201,3,3,0.9999527931213379
8202,7,7,0.9996261596679688
8203,7,7,0.9979454874992371
8204,4,4,0.9999673366546631
8205,4,4,0.9999980926513672
8206,3,3,0.9999995231628418
8207,9,9,0.9999836683273315
8208,2,2,0.9999427795410156
8209,8,8,0.9999911785125732
8210,9,9,0.9999699592590332
8211,6,6,0.9999947547912598
8212,0,0,0.9999942779541016
8213,9,9,0.9999079704284668
8214,5,5,0.9999939203262329
8215,3,3,0.9999961853027344
8216,8,8,0.999823272228241
8217,8,8,0.9992015957832336
8218,7,7,0.9972533583641052
8219,1,1,0.9997867941856384
8220,4,4,0.9999310970306396
8221,0,0,0.9999967813491821
8222,4,4,0.9999991655349731
8223,8,8,0.9999915361404419
8224,5,5,0.999998927116394
8225,2,2,0.9993582367897034
8226,3,3,0.9997326731681824
8227,9,9,0.9999635219573975
8228,0,0,0.9999527931213379
8229,1,1,0.9998999834060669
8230,9,9,0.9999759197235107
8231,1,1,0.9999043941497803
8232,5,5,0.9999961853027344
8233,1,1,0.9998729228973389
8234,7,7,0.9978371262550354
8235,4,4,0.9999769926071167
8236,8,8,0.9995602965354919
8237,6,6,0.9999840259552002
8238,2,2,0.9998842477798462
8239,1,1,0.9999536275863647
8240,6,6,0.9999696016311646
8241,8,8,0.9999953508377075
8242,8,8,0.9998809099197388
8243,0,0,0.9920204281806946
8244,1,1,0.9983718991279602
8245,2,2,0.9998282194137573
8246,3,3,0.951032280921936
8247,4,4,0.9994675517082214
8248,7,7,0.9998676776885986
8249,8,8,0.9999885559082031
8250,9,9,0.9999780654907227
8251,0,0,0.9999181032180786
8252,1,1,0.9998528957366943
8253,2,2,0.9921133518218994
8254,3,3,0.9974902868270874
8255,4,4,0.9991363883018494
8256,6,6,0.9990904331207275
8257,7,7,0.9998668432235718
8258,8,8,0.9996174573898315
8259,9,9,0.9738714098930359
8260,0,0,0.9995414018630981
8261,1,1,0.9997938275337219
8262,2,2,0.9990538954734802
8263,3,3,0.9998051524162292
8264,4,4,0.9998302459716797
8265,7,7,0.999118983745575
8266,8,8,0.9999891519546509
8267,9,9,0.9967637062072754
8268,1,1,0.9999611377716064
8269,4,4,0.9999904632568359
8270,5,5,0.9999836683273315
8271,3,3,0.999839186668396
8272,3,3,0.9998855590820312
8273,0,0,0.9756591320037842
8274,9,9,0.9994280934333801
8275,5,5,0.9996752738952637
8276,4,4,0.9999967813491821
8277,3,3,0.9984167814254761
8278,0,0,0.9707645177841187
8279,8,8,0.9921479821205139
8280,4,4,0.9999368190765381
8281,6,6,0.9997549653053284
8282,7,7,0.9999634027481079
8283,0,0,0.9997518658638
8284,7,7,0.9999445676803589
8285,7,7,0.9999685287475586
8286,1,1,0.9993552565574646
8287,6,6,0.9980555772781372
8288,9,9,0.9921746850013733
8289,1,1,0.9996107220649719
8290,3,3,0.9970222115516663
8291,6,6,0.9999911785125732
8292,2,2,0.9989983439445496
8293,3,3,0.9998602867126465
8294,8,8,0.9996870756149292
8295,2,2,0.9981027245521545
8296,3,3,0.9992710947990417
8297,8,8,0.9999586343765259
8298,9,9,0.9994480013847351
8299,5,5,0.9973354935646057
8300,8,8,0.9999969005584717
8301,8,8,0.9999972581863403
8302,7,7,0.9997370839118958
8303,1,1,0.9997730851173401
8304,7,7,0.9993367791175842
8305,1,1,0.9998923540115356
8306,1,1,0.999698281288147
8307,0,0,0.9999920129776001
8308,3,3,0.9996961355209351
8309,4,4,0.9999264478683472
8310,2,2,0.9996088147163391
8311,6,6,0.9863135814666748
8312,4,4,0.9999308586120605
8313,7,7,0.9973721504211426
8314,4,4,0.9999834299087524
8315,2,2,0.9989810585975647
8316,7,7,0.880037784576416
8317,4,4,0.9989056587219238
8318,2,2,0.9992365837097168
8319,9,9,0.9999432563781738
8320,2,2,0.99916672706604
8321,7,7,0.9952384233474731
8322,9,9,0.9969922304153442
8323,2,2,0.9973757266998291
8324,1,1,0.9998397827148438
8325,0,0,0.8292526006698608
8326,6,6,0.9604557752609253
8327,5,5,0.9999215602874756
8328,3,3,0.9999977350234985
8329,4,4,0.9999114274978638
8330,8,8,0.9999834299087524
8331,5,5,0.9999831914901733
8332,9,9,0.9904659986495972
8333,6,6,0.9999281167984009
8334,9,9,0.9997995495796204
8335,0,0,0.9999289512634277
8336,6,6,0.9999867677688599
8337,3,3,0.9999909400939941
8338,0,0,0.9999943971633911
8339,8,8,0.8084608912467957
8340,1,1,0.9994576573371887
8341,6,6,0.9999972581863403
8342,0,0,0.99998939037323
8343,0,0,0.9999904632568359
8344,1,1,0.9998829364776611
8345,2,2,0.9999942779541016
8346,3,3,0.9999936819076538
8347,4,4,0.9999220371246338
8348,5,5,0.9999991655349731
8349,6,6,0.9995625615119934
8350,7,7,0.9999171495437622
8351,0,0,0.9999406337738037
8352,1,1,0.9995444416999817
8353,2,2,0.9989025592803955
8354,3,3,0.9998373985290527
8355,4,4,0.9997685551643372
8356,7,7,0.9999867677688599
8357,8,8,0.9999194145202637
8358,9,9,0.9995988011360168
8359,0,0,0.9999520778656006
8360,1,1,0.9998884201049805
8361,2,2,0.9998642206192017
8362,3,3,0.9991316199302673
8363,4,4,0.9999274015426636
8364,7,7,0.9997816681861877
8365,2,2,0.9999984502792358
8366,5,5,0.9999738931655884
8367,1,1,0.9999158382415771
8368,6,6,0.9999915361404419
8369,4,4,0.9999334812164307
8370,3,3,0.9999985694885254
8371,9,9,0.999943733215332
8372,9,9,0.9995089769363403
8373,0,0,0.9999309778213501
8374,9,9,0.9935116171836853
8375,7,7,0.9946272969245911
8376,1,1,0.9067105054855347
8377,6,6,0.9998645782470703
8378,4,4,0.9995431900024414
8379,3,3,0.9990177154541016
8380,6,6,0.9999951124191284
8381,2,2,0.9997056126594543
8382,0,0,0.9792168736457825
8383,9,9,0.9652608633041382
8384,8,8,0.999997615814209
8385,6,6,0.9999861717224121
8386,5,5,0.9999805688858032
8387,7,7,0.9994279742240906
8388,0,0,0.9998527765274048
8389,0,0,0.9999047517776489
8390,1,1,0.9999040365219116
8391,7,7,0.9988382458686829
8392,4,4,0.9999946355819702
8393,3,3,0.9999600648880005
8394,2,2,0.9999967813491821
8395,4,4,0.9999914169311523
8396,1,1,0.9992613196372986
8397,3,3,0.9994420409202576
8398,7,7,0.9992960691452026
8399,6,6,0.9999945163726807
8400,4,4,0.9999192953109741
8401,7,7,0.9999368190765381
8402,7,7,0.9999744892120361
8403,7,7,0.999890923500061
8404,9,9,0.9998176693916321
8405,8,8,0.9999866485595703
8406,4,4,0.5825812816619873
8407,3,3,0.9999988079071045
8408,8,5,0.9225254654884338
8409,2,2,0.9999812841415405
8410,8,8,0.9926142692565918
8411,3,3,0.9996422529220581
8412,5,5,0.9998536109924316
8413,8,8,0.9999840259552002
8414,0,0,0.9999980926513672
8415,5,5,0.9999988079071045
8416,4,4,0.9994968175888062
8417,7,7,0.9999486207962036
8418,1,1,0.9999170303344727
8419,3,3,0.9996024966239929
8420,1,1,0.9999548196792603
8421,7,7,0.9999812841415405
8422,9,9,0.9999746084213257
8423,6,6,0.99982750415802
8424,2,2,0.9999997615814209
8425,0,0,0.9999852180480957
8426,9,9,0.997836172580719
8427,1,1,0.9999768733978271
8428,7,7,0.9999288320541382
8429,3,3,0.999953031539917
8430,3,3,0.9999755620956421
8431,9,9,0.9988011121749878
8432,1,1,0.9999804496765137
8433,6,6,0.9999898672103882
8434,4,4,0.9999409914016724
8435,3,3,0.9998260140419006
8436,9,9,0.9997822642326355
8437,8,8,0.999997615814209
8438,2,2,0.9999986886978149
8439,1,1,0.999650239944458
8440,8,8,0.9999977350234985
8441,6,6,0.9999868869781494
8442,4,4,0.9992678761482239
8443,1,1,0.9999096393585205
8444,5,5,0.9999648332595825
8445,5,5,1.0
8446,6,6,0.9999953508377075
8447,5,5,0.9999762773513794
8448,0,0,0.9999963045120239
8449,1,1,0.9999384880065918
8450,2,2,0.9999994039535522
8451,3,3,0.9999978542327881
8452,4,4,0.9999363422393799
8453,5,5,0.9895608425140381
8454,6,6,0.9999912977218628
8455,7,7,0.9999967813491821
8456,8,8,0.9998552799224854
8457,9,9,0.9999097585678101
8458,0,0,0.9999974966049194
8459,1,1,0.9990198612213135
8460,2,2,0.9999996423721313
8461,3,3,0.9999847412109375
8462,4,4,0.9998346567153931
8463,5,5,0.9995077848434448
8464,6,6,0.9999912977218628
8465,7,7,0.9986463189125061
8466,8,8,0.9999700784683228
8467,9,9,0.999976634979248
8468,0,0,0.9999895095825195
8469,1,1,0.9976632595062256
8470,2,2,0.9999879598617554
8471,3,3,0.9999909400939941
8472,4,4,0.9997908473014832
8473,5,5,0.999994158744812
8474,6,6,0.9999939203262329
8475,7,7,0.999958872795105
8476,8,8,0.999869704246521
8477,9,9,0.9999924898147583
8478,6,6,0.9999771118164062
8479,9,9,0.9997605681419373
8480,7,7,0.999996542930603
8481,0,0,0.9999872446060181
8482,2,2,0.9999983310699463
8483,3,3,0.9999270439147949
8484,4,4,0.9999983310699463
8485,3,3,0.9997153878211975
8486,8,8,0.9830970764160156
8487,5,5,0.9999563694000244
8488,1,1,0.9996040463447571
8489,3,3,0.999871015548706
8490,0,0,0.999908447265625
8491,1,1,0.9985016584396362
8492,2,2,0.9999746084213257
8493,1,1,0.9715084433555603
8494,3,3,0.9998517036437988
8495,2,2,0.9999430179595947
8496,0,0,0.9998419284820557
8497,7,7,0.9987724423408508
8498,2,2,0.9999347925186157
8499,6,6,0.9998838901519775
8500,4,4,0.9999979734420776
8501,0,0,0.9999868869781494
8502,5,5,0.9989928603172302
8503,9,9,0.999849796295166
8504,9,9,0.9919853210449219
8505,8,8,0.999932050704956
8506,9,9,0.9999067783355713
8507,5,5,0.9999834299087524
8508,3,3,0.9963517189025879
8509,1,1,0.9976824522018433
8510,7,7,0.999729573726654
8511,4,4,0.9978347420692444
8512,7,7,0.9999467134475708
8513,0,0,0.9997895359992981
8514,0,0,0.999997615814209
8515,6,6,0.999123752117157
8516,6,6,0.9999387264251709
8517,6,6,0.999932050704956
8518,3,3,0.9999740123748779
8519,7,7,0.9961826205253601
8520,4,4,0.6486086845397949
8521,2,2,0.9999022483825684
8522,8,8,0.9985800981521606
8523,9,9,0.9914643168449402
8524,8,8,0.9982648491859436
8525,7,7,0.9995530247688293
8526,1,1,0.9980888962745667
8527,4,4,0.8061808347702026
8528,0,0,0.9999986886978149
8529,4,4,0.9999161958694458
8530,8,8,0.9982409477233887
8531,5,5,0.9992330074310303
8532,2,2,0.9999932050704956
8533,3,3,0.9999861717224121
8534,9,9,0.9996920824050903
8535,0,0,0.999998927116394
8536,1,1,0.9992077946662903
8537,9,9,0.9999796152114868
8538,1,1,0.9992343187332153
8539,5,5,0.999774158000946
8540,1,1,0.9995926022529602
8541,7,7,0.9993155002593994
8542,6,6,0.9995408058166504
8543,1,1,0.9995390176773071
8544,2,2,0.9998915195465088
8545,1,1,0.9986355900764465
8546,6,6,0.9995297193527222
8547,8,8,0.999943733215332
8548,0,0,0.9999980926513672
8549,1,1,0.9999359846115112
8550,2,2,0.9999960660934448
8551,3,3,0.9999988079071045
8552,4,4,0.9999988079071045
8553,5,5,0.9084474444389343
8554,6,6,0.9999749660491943
8555,7,7,0.999993085861206
8556,8,8,0.9999974966049194
8557,9,9,0.9997536540031433
8558,0,0,0.9999327659606934
8559,1,1,0.999714195728302
8560,2,2,0.9999991655349731
8561,3,3,0.999966025352478
8562,4,4,0.999998927116394
8563,5,5,0.9999924898147583
8564,6,6,0.9994157552719116
8565,7,7,0.999734103679657
8566,8,8,0.999997615814209
8567,0,0,0.9999972581863403
8568,1,1,0.9999306201934814
8569,2,2,0.9999980926513672
8570,3,3,0.9999951124191284
8571,5,5,0.9999575614929199
8572,6,6,0.9999545812606812
8573,7,7,0.9999520778656006
8574,8,8,0.9999997615814209
8575,1,1,0.9997254014015198
8576,0,0,0.9999958276748657
8577,4,4,0.9999572038650513
8578,5,5,0.9989186525344849
8579,6,6,0.9995803236961365
8580,6,6,0.999988317489624
8581,3,3,0.9999986886978149
8582,4,4,0.9999942779541016
8583,4,4,0.9999852180480957
8584,2,2,0.9716360569000244
8585,8,8,0.9999914169311523
8586,1,1,0.9998817443847656
8587,0,0,0.9999995231628418
8588,6,6,0.9998519420623779
8589,4,4,0.9999958276748657
8590,9,9,0.9999222755432129
8591,7,7,0.9999740123748779
8592,2,2,0.9999949932098389
8593,9,9,0.9998841285705566
8594,2,2,0.9999872446060181
8595,0,0,0.9999997615814209
8596,9,9,0.999876856803894
8597,3,3,0.9999412298202515
8598,3,3,0.9995954632759094
8599,9,9,0.9999475479125977
8600,1,1,0.9995322227478027
8601,5,5,0.9999885559082031
8602,2,2,0.9998668432235718
8603,3,3,0.9998761415481567
8604,1,1,0.9998558759689331
8605,6,6,0.9999122619628906
8606,7,7,0.9999451637268066
8607,3,3,0.9996490478515625
8608,7,7,0.9997735619544983
8609,8,8,0.9999809265136719
8610,4,4,0.9998401403427124
8611,0,0,0.9999967813491821
8612,2,2,0.9999992847442627
8613,4,4,0.9998371601104736
8614,0,0,0.9999980926513672
8615,2,2,0.9999822378158569
8616,4,4,0.9999384880065918
8617,7,7,0.9995879530906677
8618,8,8,0.9999850988388062
8619,0,0,1.0
8620,7,7,0.9999880790710449
8621,0,0,0.9999878406524658
8622,6,6,0.9999879598617554
8623,9,9,0.9988090991973877
8624,3,3,0.9999802112579346
8625,2,2,0.9999980926513672
8626,4,4,0.9999836683273315
8627,8,8,0.9999986886978149
8628,6,6,0.9999035596847534
8629,0,0,0.9999957084655762
8630,5,5,0.9996616840362549
8631,7,7,0.9995777010917664
8632,5,5,0.9997226595878601
8633,1,1,0.9979199767112732
8634,0,0,0.999983549118042
8635,8,8,0.9999924898147583
8636,1,1,0.9998865127563477
8637,6,6,0.9975016713142395
8638,7,7,0.9999622106552124
8639,2,2,0.9999885559082031
8640,9,9,0.9999709129333496
8641,7,7,0.9999574422836304
8642,9,9,0.9999984502792358
8643,5,5,0.9999792575836182
8644,6,6,0.9998470544815063
8645,5,5,0.9991015195846558
8646,2,2,0.9999948740005493
8647,6,6,0.9998534917831421
8648,2,2,0.9999994039535522
8649,8,8,0.9999988079071045
8650,1,1,0.9997629523277283
8651,7,7,0.9999767541885376
8652,5,5,0.999936580657959
8653,5,5,0.9195287823677063
8654,7,7,0.9992496371269226
8655,3,3,0.9999836683273315
8656,5,5,0.9980272650718689
8657,0,0,0.9999979734420776
8658,1,1,0.9999650716781616
8659,1,1,0.9999159574508667
8660,3,3,0.9999963045120239
8661,8,8,0.9999864101409912
8662,4,4,0.9999939203262329
8663,9,9,0.9999825954437256
8664,4,4,0.9997310042381287
8665,5,5,0.9995614886283875
8666,1,1,0.999721109867096
8667,8,8,0.9999994039535522
8668,6,6,0.9999791383743286
8669,8,8,0.9999984502792358
8670,9,9,0.9999847412109375
8671,0,0,0.9999948740005493
8672,1,1,0.9999521970748901
8673,2,2,0.9999949932098389
8674,3,3,0.9999346733093262
8675,4,4,0.9999998807907104
8676,5,5,0.9999585151672363
8677,6,6,0.9999953508377075
8678,7,7,0.9995430707931519
8679,8,8,0.9999140501022339
8680,9,9,0.9999783039093018
8681,0,0,0.9998544454574585
8682,1,1,0.9998831748962402
8683,2,2,0.9999974966049194
8684,3,3,0.9999251365661621
8685,4,4,0.9999995231628418
8686,5,5,0.9997298121452332
8687,6,6,0.9999885559082031
8688,7,7,0.9999525547027588
8689,8,8,0.9999759197235107
8690,9,9,0.999963641166687
8691,0,0,0.9999808073043823
8692,1,1,0.9999545812606812
8693,2,2,0.9999715089797974
8694,3,3,0.9999583959579468
8695,4,4,0.9999982118606567
8696,5,5,0.9999982118606567
8697,6,6,0.9999986886978149
8698,7,7,0.9999216794967651
8699,8,8,0.9996567964553833
8700,9,9,0.9999561309814453
8701,3,3,0.9999948740005493
8702,5,5,0.9999874830245972
8703,3,3,0.9994609951972961
8704,2,2,0.9999990463256836
8705,9,9,0.9999412298202515
8706,3,3,0.9998353719711304
8707,2,2,0.9999963045120239
8708,1,1,0.9999328851699829
8709,4,4,0.9999971389770508
8710,5,5,0.9999492168426514
8711,5,5,0.9998878240585327
8712,2,2,0.9999991655349731
8713,3,3,0.9993002414703369
8714,2,2,0.9999836683273315
8715,1,1,0.9999154806137085
8716,3,3,0.9999544620513916
8717,9,9,0.9999397993087769
8718,7,7,0.999369204044342
8719,2,2,0.9999940395355225
8720,1,1,0.9999701976776123
8721,2,2,0.9999982118606567
8722,8,8,0.9995400905609131
8723,9,9,0.9997298121452332
8724,1,1,0.9999411106109619
8725,8,8,0.9998470544815063
8726,8,8,0.9994346499443054
8727,7,7,0.9997852444648743
8728,8,8,0.9999405145645142
8729,1,1,0.9999356269836426
8730,0,0,0.999995231628418
8731,0,0,0.9999979734420776
8732,6,6,0.9999736547470093
8733,7,7,0.9999802112579346
8734,7,7,0.9999743700027466
8735,8,8,0.859195351600647
8736,7,7,0.9476627111434937
8737,5,5,0.9999821186065674
8738,0,0,0.9997058510780334
8739,6,6,0.9999901056289673
8740,1,1,0.9998729228973389
8741,5,5,0.9999183416366577
8742,7,7,0.9963093400001526
8743,4,4,0.9999988079071045
8744,6,6,0.9999319314956665
8745,1,1,0.9999337196350098
8746,2,2,0.999995231628418
8747,5,5,0.9999949932098389
8748,0,0,0.9999979734420776
8749,7,7,0.9999138116836548
8750,9,9,0.9999409914016724
8751,9,9,0.999958872795105
8752,0,0,0.9998841285705566
8753,3,3,0.9999765157699585
8754,4,4,0.9999971389770508
8755,4,4,0.9999960660934448
8756,8,8,0.9998358488082886
8757,4,4,0.9999818801879883
8758,1,1,0.9999523162841797
8759,8,8,0.9988632202148438
8760,6,6,0.9999884366989136
8761,5,5,0.9999892711639404
8762,9,9,0.9999963045120239
8763,0,0,0.9999886751174927
8764,0,0,0.9999394416809082
8765,0,0,0.9995723366737366
8766,3,3,0.9999964237213135
8767,7,7,0.9993140697479248
8768,1,1,0.9999698400497437
8769,6,6,0.9999450445175171
8770,4,4,0.9999985694885254
8771,6,6,0.9999880790710449
8772,0,0,0.9999991655349731
8773,4,4,0.9999973773956299
8774,5,5,0.9999972581863403
8775,4,4,0.999958872795105
8776,1,1,0.9999508857727051
8777,3,3,0.9999982118606567
8778,8,8,0.9999306201934814
8779,6,6,0.9999938011169434
8780,3,3,0.9999983310699463
8781,9,9,0.9992889165878296
8782,9,9,0.9999840259552002
8783,5,5,0.9999945163726807
8784,9,9,0.9999254941940308
8785,3,3,0.9999929666519165
8786,7,7,0.9999885559082031
8787,8,8,0.9998445510864258
8788,5,5,0.9987950325012207
8789,6,6,0.9999984502792358
8790,4,4,0.9999988079071045
8791,7,7,0.9995352029800415
8792,6,6,0.9999957084655762
8793,2,2,0.9999997615814209
8794,2,2,0.9999997615814209
8795,0,0,0.9999567270278931
8796,9,9,0.9998064637184143
8797,4,4,0.999946117401123
8798,0,0,0.999972939491272
8799,1,1,0.9999792575836182
8800,2,2,0.9999998807907104
8801,3,3,0.999997615814209
8802,4,4,0.9999886751174927
8803,5,5,0.9999991655349731
8804,6,6,0.999961256980896
8805,7,7,0.9995156526565552
8806,8,8,0.9965037107467651
8807,9,9,0.9998741149902344
8808,0,0,0.9999969005584717
8809,1,1,0.9999411106109619
8810,2,2,0.9999884366989136
8811,3,3,0.9999996423721313
8812,4,4,0.9998482465744019
8813,5,5,0.9999982118606567
8814,6,6,0.9999910593032837
8815,7,7,0.999882698059082
8816,8,8,0.9996273517608643
8817,9,9,0.999983549118042
8818,0,0,0.9999977350234985
8819,1,1,0.9998687505722046
8820,2,2,0.9999988079071045
8821,3,3,0.9999823570251465
8822,4,4,0.9999812841415405
8823,5,5,0.9999977350234985
8824,6,6,0.9999971389770508
8825,7,7,0.9978781938552856
8826,8,8,0.9996966123580933
8827,9,9,0.9999847412109375
8828,6,6,0.9999982118606567
8829,4,4,0.9999948740005493
8830,2,2,0.9999823570251465
8831,6,6,0.9999889135360718
8832,4,4,0.9999970197677612
8833,7,7,0.9995712637901306
8834,5,5,0.9999938011169434
8835,5,5,0.9999998807907104
8836,4,4,0.9999892711639404
8837,7,7,0.9998599290847778
8838,2,2,1.0
8839,9,9,0.9996274709701538
8840,3,3,0.9999997615814209
8841,9,9,0.9999966621398926
8842,3,3,0.9999988079071045
8843,8,8,0.9999722242355347
8844,2,2,0.9999970197677612
8845,0,0,0.9999958276748657
8846,9,9,0.9996293783187866
8847,5,5,0.9999164342880249
8848,6,6,0.9999791383743286
8849,0,0,0.9999394416809082
8850,1,1,0.9999426603317261
8851,0,0,0.999971866607666
8852,6,6,0.9999971389770508
8853,5,5,0.9999701976776123
8854,3,3,0.9999984502792358
8855,5,5,0.9999995231628418
8856,3,3,0.9999994039535522
8857,8,8,0.9999964237213135
8858,0,0,0.9999977350234985
8859,0,0,0.9999582767486572
8860,3,3,0.9999994039535522
8861,4,4,0.9999606609344482
8862,1,1,0.9999141693115234
8863,5,5,0.9999710321426392
8864,3,3,0.9999971389770508
8865,0,0,0.999976396560669
8866,8,8,0.9997568726539612
8867,3,3,0.9999942779541016
8868,0,0,0.9999659061431885
8869,6,6,0.9999947547912598
8870,2,2,0.9999971389770508
8871,7,7,0.9998047947883606
8872,8,8,0.9999986886978149
8873,1,1,0.9999362230300903
8874,7,7,0.9999300241470337
8875,1,1,0.9999707937240601
8876,3,3,0.9999953508377075
8877,8,8,0.999976396560669
8878,5,5,0.9999949932098389
8879,4,4,0.9999992847442627
8880,2,2,0.9999996423721313
8881,0,0,0.9999839067459106
8882,9,9,0.9987809062004089
8883,7,7,0.9999961853027344
8884,6,6,0.9999948740005493
8885,7,7,0.9999603033065796
8886,4,4,0.9999904632568359
8887,1,1,0.9996126294136047
8888,6,6,0.999995231628418
8889,2,2,0.9994658827781677
8890,6,6,0.9999908208847046
8891,7,7,0.9999455213546753
8892,1,1,0.9997766613960266
8893,9,9,0.9999971389770508
8894,8,8,0.9999514818191528
8895,0,0,0.9999945163726807
8896,6,6,0.9999829530715942
8897,9,9,0.9998646974563599
8898,4,4,0.9999890327453613
8899,9,9,0.9999911785125732
8900,9,9,0.9999101161956787
8901,6,6,0.999953031539917
8902,2,2,0.9999896287918091
8903,3,3,0.9999980926513672
8904,7,7,0.998151957988739
8905,1,1,0.9996622800827026
8906,9,9,0.999064028263092
8907,2,2,0.9999985694885254
8908,2,2,0.9998534917831421
8909,5,5,0.9999949932098389
8910,3,3,0.9999904632568359
8911,7,7,0.9999557733535767
8912,8,8,0.998923122882843
8913,0,0,0.9999411106109619
8914,1,1,0.9999556541442871
8915,2,2,0.9999991655349731
8916,3,3,0.9999927282333374
8917,4,4,0.9999936819076538
8918,7,7,0.9997279047966003
8919,8,8,0.9999996423721313
8920,9,9,0.999997615814209
8921,0,0,0.9999916553497314
8922,1,1,0.9999306201934814
8923,2,2,0.9998914003372192
8924,3,3,0.9999974966049194
8925,4,4,0.9999991655349731
8926,7,7,0.9996102452278137
8927,8,8,0.9999992847442627
8928,9,9,0.9998161196708679
8929,0,0,0.9999963045120239
8930,1,1,0.9999080896377563
8931,7,7,0.9999078512191772
8932,8,8,0.9999982118606567
8933,9,9,0.9999886751174927
8934,8,8,0.9999821186065674
8935,9,9,0.9999990463256836
8936,2,2,0.9999953508377075
8937,6,6,0.9999940395355225
8938,1,1,0.9999500513076782
8939,3,3,0.9999967813491821
8940,5,5,0.9999746084213257
8941,4,4,0.9999959468841553
8942,8,8,0.9956063628196716
8943,2,2,0.9999082088470459
8944,6,6,0.9996757507324219
8945,4,4,0.9999916553497314
8946,3,3,0.9999974966049194
8947,4,4,0.9999868869781494
8948,5,5,0.9999779462814331
8949,9,9,0.9999666213989258
8950,2,2,0.9999781847000122
8951,0,0,0.9999897480010986
8952,3,3,0.9998363256454468
8953,9,9,0.9999933242797852
8954,4,4,0.9999361038208008
8955,9,9,0.9999825954437256
8956,7,7,0.9988204836845398
8957,3,3,0.9999946355819702
8958,8,8,0.9997605681419373
8959,7,7,0.9996452331542969
8960,4,4,0.9999991655349731
8961,4,4,0.9999725818634033
8962,9,9,0.9999946355819702
8963,8,8,0.9990218877792358
8964,5,5,0.9999897480010986
8965,8,8,0.9999990463256836
8966,2,2,0.9999974966049194
8967,6,6,0.9999855756759644
8968,6,6,0.999998927116394
8969,2,2,0.9999964237213135
8970,3,3,1.0
8971,1,1,0.999936580657959
8972,3,3,0.9999969005584717
8973,2,2,0.9999915361404419
8974,7,7,0.9997623562812805
8975,3,3,0.999970555305481
8976,1,1,0.999966025352478
8977,9,9,0.9999881982803345
8978,0,0,0.9999867677688599
8979,1,1,0.9998770952224731
8980,1,1,0.999893307685852
8981,3,3,0.9998793601989746
8982,5,5,0.999921441078186
8983,0,0,0.9999901056289673
8984,7,7,0.9996640682220459
8985,8,8,0.999996542930603
8986,1,1,0.9998179078102112
8987,5,5,0.9999932050704956
8988,1,1,0.9999346733093262
8989,4,4,0.9999985694885254
8990,6,6,0.9999972581863403
8991,0,0,0.9999961853027344
8992,0,0,0.999995231628418
8993,4,4,0.9999923706054688
8994,9,9,0.9999799728393555
8995,1,1,0.9997418522834778
8996,6,6,0.9999991655349731
8997,6,6,0.9999982118606567
8998,9,9,0.9995021820068359
8999,0,0,0.9999964237213135
9000,7,7,0.9999285936355591
9001,6,6,0.9999978542327881
9002,1,1,0.9998724460601807
9003,1,1,0.9999215602874756
9004,0,0,0.9999593496322632
9005,1,1,0.9999366998672485
9006,2,2,0.9994874000549316
9007,3,3,0.9999978542327881
9008,4,4,0.9999710321426392
9009,7,2,0.9106115102767944
9010,2,2,0.9970694184303284
9011,3,3,0.9999978542327881
9012,4,4,0.9969983100891113
9013,5,5,0.9977648258209229
9014,6,6,0.9889817833900452
9015,7,7,0.6050255298614502
9016,0,0,0.9873569011688232
9017,1,1,0.9997884631156921
9018,2,2,0.9994602799415588
9019,7,7,0.9513595700263977
9020,8,8,0.9998313188552856
9021,6,6,0.999995231628418
9022,3,3,0.9996869564056396
9023,9,9,0.9998742341995239
9024,7,7,0.8345696330070496
9025,1,1,0.9972905516624451
9026,9,9,0.9999581575393677
9027,3,3,0.9999487400054932
9028,9,9,0.9992438554763794
9029,6,6,0.9998689889907837
9030,1,1,0.9999192953109741
9031,7,7,0.9999382495880127
9032,2,2,0.9992632269859314
9033,4,4,0.9999659061431885
9034,4,4,0.9999736547470093
9035,5,5,0.9998852014541626
9036,7,7,0.9858369827270508
9037,0,0,0.9999452829360962
9038,0,0,0.9976730942726135
9039,1,1,0.9998753070831299
9040,6,6,0.9976703524589539
9041,6,6,0.999944806098938
9042,8,8,0.9999988079071045
9043,2,2,0.9998940229415894
9044,7,7,0.9997288584709167
9045,7,7,0.9995001554489136
9046,2,2,0.9966291785240173
9047,4,4,0.9994633793830872
9048,2,2,0.9999990463256836
9049,1,1,0.9999279975891113
9050,6,6,0.9996175765991211
9051,1,8,0.5345624089241028
9052,0,0,0.9999114274978638
9053,6,6,0.9999728202819824
9054,9,9,0.9999078512191772
9055,8,8,1.0
9056,3,3,0.9999984502792358
9057,9,9,0.9996412992477417
9058,6,6,0.9999759197235107
9059,3,3,0.9999954700469971
9060,0,0,0.9999923706054688
9061,1,1,0.9989099502563477
9062,2,2,0.999860405921936
9063,3,3,0.9995161294937134
9064,4,4,0.9999932050704956
9065,5,5,0.9999997615814209
9066,6,6,0.9999294281005859
9067,7,7,0.9999920129776001
9068,8,8,0.9998243451118469
9069,9,9,0.9944860339164734
9070,0,0,0.9999605417251587
9071,1,8,0.5919342637062073
9072,2,2,0.9999903440475464
9073,3,3,0.9997900128364563
9074,4,4,0.9999970197677612
9075,5,5,0.9999922513961792
9076,6,6,0.9999693632125854
9077,7,7,0.9999980926513672
9078,8,8,0.9999967813491821
9079,9,9,0.9997549653053284
9080,0,0,0.9999622106552124
9081,1,1,0.9993440508842468
9082,2,2,0.99997878074646
9083,3,3,0.9999988079071045
9084,4,4,0.9997921586036682
9085,5,5,0.9996370077133179
9086,6,6,0.9999958276748657
9087,7,7,0.9999994039535522
9088,8,8,0.9999600648880005
9089,9,9,0.9995927214622498
9090,1,1,0.9997904896736145
9091,6,6,0.9999600648880005
9092,8,8,0.9999841451644897
9093,9,9,0.9998973608016968
9094,9,9,0.9999688863754272
9095,0,0,0.999970555305481
9096,1,1,0.9980441331863403
9097,2,2,0.9999992847442627
9098,4,4,0.9999982118606567
9099,4,4,0.9999884366989136
9100,3,3,0.9999980926513672
9101,7,7,0.9999628067016602
9102,4,4,0.9999891519546509
9103,4,4,0.9999713897705078
9104,4,4,0.9997491240501404
9105,0,0,0.999948263168335
9106,3,3,0.9999990463256836
9107,8,8,0.9999964237213135
9108,7,7,0.9999988079071045
9109,5,5,0.9999997615814209
9110,8,8,0.9989331364631653
9111,2,2,0.9999986886978149
9112,1,1,0.9870944619178772
9113,7,7,0.9996848106384277
9114,5,5,0.9999992847442627
9115,3,3,0.999997615814209
9116,8,8,0.9997474551200867
9117,5,5,0.9999415874481201
9118,2,2,0.999988317489624
9119,5,5,0.9999974966049194
9120,1,1,0.9996606111526489
9121,1,1,0.999582827091217
9122,6,6,0.9999860525131226
9123,2,2,0.9999831914901733
9124,1,1,0.9998894929885864
9125,3,3,0.9999995231628418
9126,8,8,0.9999667406082153
9127,6,6,0.9999781847000122
9128,4,4,0.999796450138092
9129,2,2,0.9999891519546509
9130,6,6,0.999657392501831
9131,2,2,0.999953031539917
9132,5,5,0.9999985694885254
9133,5,5,0.9999984502792358
9134,0,0,0.9996306896209717
9135,2,2,0.9999992847442627
9136,8,8,0.9999041557312012
9137,0,0,0.9999879598617554
9138,6,6,0.99998939037323
9139,8,8,0.9999898672103882
9140,1,1,0.9998607635498047
9141,7,7,0.9978944659233093
9142,9,9,0.999933123588562
9143,1,1,0.9995759129524231
9144,9,9,0.9997299313545227
9145,2,2,0.9999979734420776
9146,6,6,0.9999212026596069
9147,7,7,0.999998927116394
9148,6,6,0.9999825954437256
9149,6,6,0.9999920129776001
9150,8,8,0.9999682903289795
9151,7,7,0.9999110698699951
9152,4,4,0.9999970197677612
9153,9,9,0.9993608593940735
9154,2,2,0.999997615814209
9155,1,1,0.9997934699058533
9156,3,3,0.9999948740005493
9157,3,3,0.9999997615814209
9158,0,0,0.9759136438369751
9159,5,5,0.9999955892562866
9160,5,5,0.9999992847442627
9161,8,8,0.9999477863311768
9162,0,0,0.9999657869338989
9163,3,3,0.9991568326950073
9164,7,7,0.9999933242797852
9165,9,9,0.9998631477355957
9166,7,7,0.999995231628418
9167,0,0,0.9999964237213135
9168,2,2,0.9999336004257202
9169,7,7,0.9998633861541748
9170,9,9,0.9982466697692871
9171,1,1,0.9996010661125183
9172,7,7,0.9989792108535767
9173,8,8,0.9999715089797974
9174,0,0,0.9999964237213135
9175,3,3,0.9998606443405151
9176,5,5,0.9999997615814209
9177,3,3,0.9999904632568359
9178,6,6,0.9999986886978149
9179,0,0,0.9999884366989136
9180,1,1,0.999916672706604
9181,2,2,0.9999969005584717
9182,3,3,0.9999964237213135
9183,4,4,0.9996071457862854
9184,5,5,0.9999959468841553
9185,6,6,0.9999743700027466
9186,7,7,0.9997026324272156
9187,8,8,0.9999905824661255
9188,9,9,0.9999231100082397
9189,0,0,0.9999960660934448
9190,1,1,0.9999654293060303
9191,2,2,0.9999772310256958
9192,3,3,0.9999796152114868
9193,4,4,0.9999971389770508
9194,5,5,0.9999964237213135
9195,6,6,0.9999946355819702
9196,7,7,0.9997326731681824
9197,8,8,0.9999915361404419
9198,9,9,0.9999434947967529
9199,0,0,0.9999860525131226
9200,1,1,0.9999449253082275
9201,2,2,0.9999951124191284
9202,3,3,0.9994502663612366
9203,4,4,0.9999595880508423
9204,7,7,0.9998841285705566
9205,8,8,0.9998857975006104
9206,9,9,0.9999535083770752
9207,6,6,0.9999927282333374
9208,4,4,0.999937891960144
9209,2,2,0.9999501705169678
9210,6,6,0.999665379524231
9211,4,4,0.9916561841964722
9212,7,7,0.9998323917388916
9213,8,8,0.999998927116394
9214,9,9,0.9994199275970459
9215,2,2,0.9999850988388062
9216,9,9,0.9998832941055298
9217,3,3,0.9999090433120728
9218,9,9,0.9999103546142578
9219,3,3,0.9999842643737793
9220,0,0,0.999991774559021
9221,0,0,0.9998968839645386
9222,1,1,0.9999113082885742
9223,0,0,0.999982476234436
9224,4,4,0.999954342842102
9225,2,2,0.9997707009315491
9226,6,6,0.9999886751174927
9227,3,3,0.999874472618103
9228,5,5,0.9999982118606567
9229,3,3,0.9999819993972778
9230,0,0,0.9999927282333374
9231,3,3,0.999997615814209
9232,4,4,0.9999932050704956
9233,1,1,0.9999144077301025
9234,5,5,0.9999970197677612
9235,3,3,0.9999994039535522
9236,0,0,0.9999620914459229
9237,8,8,0.9999439716339111
9238,3,3,0.9999649524688721
9239,0,0,0.9999949932098389
9240,6,6,0.9997188448905945
9241,1,1,0.9999704360961914
9242,7,7,0.9999946355819702
9243,8,8,0.9968834519386292
9244,0,0,0.9999704360961914
9245,9,9,0.9999898672103882
9246,2,2,0.9999752044677734
9247,6,6,0.9999862909317017
9248,7,7,0.9998719692230225
9249,1,1,0.9999828338623047
9250,9,9,0.9999773502349854
9251,6,6,0.9999687671661377
9252,9,9,0.9998074173927307
9253,4,4,0.9909946322441101
9254,9,9,0.9999903440475464
9255,9,9,0.9999117851257324
9256,6,6,0.999705970287323
9257,7,7,0.9989655017852783
9258,1,1,0.9999607801437378
9259,2,2,0.9984748959541321
9260,5,5,0.9999887943267822
9261,3,3,0.9999957084655762
9262,7,7,0.9991661310195923
9263,8,8,0.9999805688858032
9264,0,0,0.9999938011169434
9265,1,1,0.9985839128494263
9266,2,2,0.999997615814209
9267,4,4,0.9997250437736511
9268,5,5,0.9999188184738159
9269,6,6,0.9999880790710449
9270,7,7,0.9999814033508301
9271,8,8,0.9999969005584717
9272,9,9,0.9999805688858032
9273,0,0,0.9999858140945435
9274,1,1,0.9998997449874878
9275,3,3,0.9998773336410522
9276,4,4,0.9999854564666748
9277,5,5,0.9999990463256836
9278,6,6,0.9999839067459106
9279,7,7,0.9999953508377075
9280,8,8,0.9999524354934692
9281,0,0,0.999987006187439
9282,1,1,0.999515175819397
9283,3,3,0.9998998641967773
9284,4,4,0.9999969005584717
9285,7,7,0.9999523162841797
9286,8,8,0.9999997615814209
9287,9,9,0.9999520778656006
9288,7,7,0.9999679327011108
9289,5,5,0.9999918937683105
9290,5,5,0.9998188614845276
9291,1,1,0.9998327493667603
9292,9,9,0.9999897480010986
9293,9,9,0.9997588992118835
9294,7,7,0.9999948740005493
9295,1,1,0.9999266862869263
9296,0,0,0.999506950378418
9297,0,0,0.9999798536300659
9298,5,5,0.9999980926513672
9299,9,9,0.9999902248382568
9300,7,7,0.9999914169311523
9301,1,1,0.9998821020126343
9302,7,7,0.9999828338623047
9303,2,2,0.9999098777770996
9304,2,2,0.999995231628418
9305,3,3,0.9995792508125305
9306,6,6,0.9999992847442627
9307,8,8,0.9999933242797852
9308,3,3,0.9663580060005188
9309,2,2,0.9999414682388306
9310,0,0,0.999988317489624
9311,0,0,0.9999583959579468
9312,6,6,0.9999920129776001
9313,1,1,0.9999620914459229
9314,7,7,0.9999916553497314
9315,5,5,0.9995468258857727
9316,8,8,0.9998683929443359
9317,6,6,0.9999890327453613
9318,2,2,0.9999921321868896
9319,9,9,0.9998229146003723
9320,4,4,0.9999871253967285
9321,8,8,0.9999843835830688
9322,8,8,0.999998927116394
9323,7,7,0.9999979734420776
9324,1,1,0.9999425411224365
9325,0,0,0.999961256980896
9326,8,8,0.999897837638855
9327,7,7,0.9999954700469971
9328,7,7,0.9999873638153076
9329,5,5,0.9999960660934448
9330,8,8,0.9999878406524658
9331,5,5,0.9995661377906799
9332,3,3,0.9959949254989624
9333,4,4,0.999997615814209
9334,6,6,0.9999935626983643
9335,1,1,0.9997615218162537
9336,1,1,0.999788224697113
9337,5,5,0.9999690055847168
9338,5,5,0.9999450445175171
9339,0,0,0.9999778270721436
9340,7,7,0.9999775886535645
9341,2,2,0.9999920129776001
9342,3,3,0.9623224139213562
9343,6,6,0.9999922513961792
9344,4,4,0.9999828338623047
9345,1,1,0.9999114274978638
9346,2,2,0.9914728403091431
9347,4,4,0.9999809265136719
9348,1,1,0.9998805522918701
9349,5,5,0.9999467134475708
9350,4,4,0.9999681711196899
9351,2,2,0.9999942779541016
9352,0,0,0.9999991655349731
9353,4,4,0.9999392032623291
9354,8,8,0.9999794960021973
9355,6,6,0.9999938011169434
9356,1,1,0.9997977614402771
9357,9,9,0.9999023675918579
9358,0,0,0.9999908208847046
9359,2,2,0.9999961853027344
9360,5,5,0.9999885559082031
9361,6,6,0.9999969005584717
9362,9,9,0.9999533891677856
9363,3,3,0.9996260404586792
9364,6,6,0.999992847442627
9365,3,3,0.9999960660934448
9366,6,6,0.9999465942382812
9367,0,0,0.9999992847442627
9368,1,1,0.9997912049293518
9369,2,2,0.9993759989738464
9370,3,3,0.9999834299087524
9371,4,4,0.9999605417251587
9372,5,5,0.999972939491272
9373,6,6,0.9999967813491821
9374,7,7,0.9999967813491821
9375,8,8,0.9997487664222717
9376,9,9,0.9999548196792603
9377,0,0,0.9997568726539612
9378,1,1,0.9997370839118958
9379,2,2,0.9999597072601318
9380,3,3,0.9999772310256958
9381,4,4,0.999855637550354
9382,5,5,0.9947769641876221
9383,6,6,0.9998695850372314
9384,7,7,0.999984860420227
9385,8,8,0.9965912103652954
9386,9,9,0.999977707862854
9387,0,0,0.999941349029541
9388,1,1,0.9990043044090271
9389,2,2,0.9999997615814209
9390,3,3,0.9999274015426636
9391,5,5,0.9999291896820068
9392,6,6,0.9978152513504028
9393,7,7,0.9999496936798096
9394,8,8,0.9997109770774841
9395,1,1,0.9997236132621765
9396,0,0,0.9999947547912598
9397,9,9,0.9998862743377686
9398,5,5,0.9988330006599426
9399,7,7,0.9998094439506531
9400,5,5,0.9997437596321106
9401,1,1,0.9998089671134949
9402,8,8,0.9999985694885254
9403,6,6,0.9999960660934448
9404,9,9,0.9999216794967651
9405,0,0,0.9999943971633911
9406,4,4,0.9999525547027588
9407,1,1,0.9999270439147949
9408,9,9,0.9999945163726807
9409,3,3,0.9999619722366333
9410,8,8,0.9983381032943726
9411,4,4,0.9998713731765747
9412,4,4,0.9999524354934692
9413,7,7,0.9999158382415771
9414,0,0,0.9999856948852539
9415,1,1,0.9997513890266418
9416,9,9,0.9998241066932678
9417,2,2,0.9999443292617798
9418,8,8,0.9999912977218628
9419,7,7,0.9999047517776489
9420,8,8,0.9999986886978149
9421,2,2,0.9938659071922302
9422,5,5,0.9960236549377441
9423,9,9,0.9995243549346924
9424,6,6,0.9999970197677612
9425,0,0,0.9901909828186035
9426,6,6,0.9989606142044067
9427,5,5,0.9983949065208435
9428,5,5,0.9996639490127563
9429,3,3,0.9999982118606567
9430,3,3,0.9999836683273315
9431,3,3,0.9999983310699463
9432,9,9,0.9999958276748657
9433,8,8,0.9992105960845947
9434,1,1,0.9998410940170288
9435,1,1,0.999721109867096
9436,0,0,0.9999455213546753
9437,6,6,0.9999794960021973
9438,1,1,0.9998393058776855
9439,0,0,0.9999822378158569
9440,0,0,0.9999748468399048
9441,6,6,0.9999736547470093
9442,2,2,0.9999785423278809
9443,1,1,0.9998589754104614
9444,1,1,0.9996402263641357
9445,3,3,0.9999996423721313
9446,2,2,0.9631296396255493
9447,7,7,0.9968274235725403
9448,7,7,0.9996528625488281
9449,8,8,0.9999474287033081
9450,8,8,0.998829185962677
9451,7,7,0.9999504089355469
9452,8,8,0.9999970197677612
9453,4,4,0.9999619722366333
9454,6,6,0.9998749494552612
9455,0,0,0.9999887943267822
9456,2,2,0.9990444779396057
9457,0,0,0.9999969005584717
9458,7,7,0.9998824596405029
9459,0,0,0.9999973773956299
9460,3,3,0.9999997615814209
9461,6,6,0.9999960660934448
9462,8,8,0.9999980926513672
9463,7,7,0.9006606936454773
9464,1,1,0.9998189806938171
9465,5,5,0.9995483756065369
9466,9,9,0.9998981952667236
9467,9,9,0.9997968077659607
9468,3,3,0.9999537467956543
9469,7,7,0.9988642930984497
9470,2,2,0.9999957084655762
9471,4,4,0.9997768998146057
9472,9,9,0.9999840259552002
9473,4,4,0.9999872446060181
9474,3,3,0.9999397993087769
9475,6,6,0.9999992847442627
9476,2,2,0.999996542930603
9477,2,2,0.9998737573623657
9478,5,5,0.9986440539360046
9479,3,3,0.9999791383743286
9480,2,2,0.9999995231628418
9481,5,5,0.9998294115066528
9482,5,5,0.9998986721038818
9483,9,9,0.9999370574951172
9484,4,4,0.9998028874397278
9485,1,1,0.9999381303787231
9486,7,7,0.9998691082000732
9487,2,2,0.9999836683273315
9488,0,0,0.9998152852058411
9489,1,1,0.9991833567619324
9490,2,2,0.9983603358268738
9491,3,3,0.9985445737838745
9492,4,4,0.9959696531295776
9493,5,5,0.9999696016311646
9494,6,6,0.9995274543762207
9495,7,7,0.9996901750564575
9496,8,8,0.9999843835830688
9497,9,9,0.9984101057052612
9498,0,0,0.9999995231628418
9499,1,1,0.9996155500411987
9500,2,2,0.9998002648353577
9501,3,3,0.9992218017578125
9502,4,4,0.9996815919876099
9503,5,5,0.9999991655349731
9504,6,6,0.9999936819076538
9505,7,7,0.9372394680976868
9506,8,8,0.9999679327011108
9507,9,9,0.9994686245918274
9508,0,0,0.9997645020484924
9509,1,1,0.9996868371963501
9510,2,2,0.9999933242797852
9511,3,3,0.9999182224273682
9512,4,4,0.99016934633255
9513,5,5,0.9998756647109985
9514,6,6,0.9998372793197632
9515,7,7,0.9999595880508423
9516,8,8,0.9999995231628418
9517,9,9,0.9954420328140259
9518,1,1,0.999942421913147
9519,0,0,0.9999916553497314
9520,1,1,0.9999017715454102
9521,2,2,0.9999992847442627
9522,7,7,0.9993116855621338
9523,5,5,0.9999985694885254
9524,3,3,0.9998711347579956
9525,4,4,0.9998822212219238
9526,4,4,0.9998342990875244
9527,0,0,0.999853253364563
9528,0,0,0.9999983310699463
9529,6,6,0.9999741315841675
9530,9,9,0.7186786532402039
9531,6,6,0.9998445510864258
9532,6,6,0.9999819993972778
9533,5,5,0.9998427629470825
9534,7,7,0.9969602227210999
9535,2,2,0.9993388056755066
9536,3,3,0.9988376498222351
9537,4,4,0.9997233748435974
9538,4,4,0.8313736915588379
9539,9,9,0.9927389025688171
9540,1,8,0.5969817042350769
9541,4,4,0.9990323781967163
9542,0,0,0.9990136623382568
9543,7,7,0.9999465942382812
9544,9,9,0.9995929598808289
9545,5,5,0.9999879598617554
9546,7,7,0.998870313167572
9547,2,2,0.9999971389770508
9548,3,3,0.9999589920043945
9549,1,1,0.9990692734718323
9550,4,4,0.9999912977218628
9551,4,4,0.9999752044677734
9552,0,0,0.9999411106109619
9553,9,9,0.9997352957725525
9554,9,9,0.9954385161399841
9555,6,6,0.999980092048645
9556,1,1,0.9980423450469971
9557,8,8,0.9999336004257202
9558,3,3,0.9999752044677734
9559,3,3,0.9999867677688599
9560,7,7,0.9987737536430359
9561,3,3,0.9999581575393677
9562,9,9,0.99922776222229
9563,8,8,0.999997615814209
9564,8,8,0.9999719858169556
9565,4,4,0.999964714050293
9566,7,7,0.9999769926071167
9567,7,7,0.9997245669364929
9568,6,6,0.9999502897262573
9569,2,2,0.9999781847000122
9570,1,1,0.9998618364334106
9571,9,9,0.9995177984237671
9572,8,8,0.9998641014099121
9573,7,7,0.9999716281890869
9574,8,8,0.9999964237213135
9575,8,8,0.9999947547912598
9576,7,7,0.995254397392273
9577,2,2,0.9999978542327881
9578,2,2,0.9999934434890747
9579,3,3,0.9999881982803345
9580,9,9,0.9996523857116699
9581,3,3,0.9999970197677612
9582,3,3,0.9999319314956665
9583,5,5,0.9998946189880371
9584,5,5,0.9999967813491821
9585,0,0,0.9999246597290039
9586,7,7,0.9996135830879211
9587,9,9,0.7568720579147339
9588,5,5,0.9999756813049316
9589,6,6,0.9999961853027344
9590,5,5,1.0
9591,1,1,0.9997401833534241
9592,4,4,0.9999587535858154
9593,1,1,0.9998773336410522
9594,1,1,0.9987776875495911
9595,2,2,0.999334990978241
9596,8,8,0.9996892213821411
9597,2,2,0.9999972581863403
9598,6,6,0.9999830722808838
9599,1,1,0.9956423044204712
9600,5,5,0.9999443292617798
9601,0,0,0.9999977350234985
9602,1,1,0.9997679591178894
9603,2,2,0.9998133778572083
9604,3,3,0.9999994039535522
9605,4,4,0.9993773102760315
9606,5,5,0.9999914169311523
9607,6,6,0.9989281296730042
9608,7,7,0.9996234178543091
9609,8,8,0.9999996423721313
9610,9,9,0.9999649524688721
9611,0,0,0.9999940395355225
9612,1,1,0.9586613774299622
9613,2,2,0.9993884563446045
9614,3,3,0.9999847412109375
9615,4,4,0.9989941716194153
9616,5,5,0.999997615814209
9617,6,6,0.9981702566146851
9618,7,7,0.9997100234031677
9619,8,8,0.9999790191650391
9620,9,9,0.7224350571632385
9621,0,0,0.9994612336158752
9622,1,1,0.9931930899620056
9623,2,2,0.9999232292175293
9624,3,3,0.9999264478683472
9625,4,4,0.9669026136398315
9626,5,5,0.9999758005142212
9627,6,6,0.99048912525177
9628,7,7,0.9946527481079102
9629,8,8,0.9994565844535828
9630,8,8,0.9999485015869141
9631,0,0,0.9999891519546509
9632,6,6,0.9989908337593079
9633,0,0,0.9999837875366211
9634,0,1,0.4896562099456787
9635,2,2,0.9999991655349731
9636,3,3,0.9941869974136353
9637,7,7,0.9847918748855591
9638,9,9,0.9988025426864624
9639,4,4,0.999402642250061
9640,7,7,0.9999668598175049
9641,1,1,0.9981251358985901
9642,9,9,0.6909100413322449
9643,1,1,0.9696521162986755
9644,7,7,0.9970471262931824
9645,1,1,0.9792271256446838
9646,4,4,0.9989221096038818
9647,0,0,0.9999986886978149
9648,0,0,0.9999957084655762
9649,1,1,0.9998706579208374
9650,7,7,0.999835729598999
9651,5,5,0.9996364116668701
9652,7,7,0.9784693717956543
9653,1,1,0.9902280569076538
9654,3,3,0.9999984502792358
9655,3,3,0.9924841523170471
9656,3,3,0.9981897473335266
9657,1,1,0.9988734126091003
9658,6,6,0.9985760450363159
9659,9,9,0.9998062252998352
9660,7,7,0.9997860789299011
9661,1,1,0.9951964020729065
9662,3,3,0.9999552965164185
9663,0,0,0.9999200105667114
9664,2,7,0.6651574969291687
9665,6,6,0.9991311430931091
9666,0,0,0.9979174733161926
9667,8,8,0.9999995231628418
9668,9,9,0.9999922513961792
9669,4,4,0.9092265963554382
9670,3,3,0.9999991655349731
9671,5,5,0.9999237060546875
9672,4,4,0.9962493777275085
9673,8,8,0.999987006187439
9674,1,1,0.9994489550590515
9675,5,5,0.9999959468841553
9676,9,9,0.9998910427093506
9677,0,0,0.9882811903953552
9678,6,6,0.999649167060852
9679,6,3,0.7087082266807556
9680,3,3,0.9999880790710449
9681,8,8,0.9999434947967529
9682,1,1,0.9988779425621033
9683,4,4,0.9996364116668701
9684,7,7,0.9998132586479187
9685,5,5,0.9999902248382568
9686,2,2,0.9952027797698975
9687,0,0,0.999272882938385
9688,0,0,0.9999697208404541
9689,1,1,0.9998319149017334
9690,7,7,0.99978107213974
9691,8,8,0.999390721321106
9692,9,7,0.678693413734436
9693,6,6,0.9695650339126587
9694,8,8,0.9998406171798706
9695,8,8,0.9658942222595215
9696,2,2,0.9998835325241089
9697,3,3,0.9999644756317139
9698,6,6,0.6886609792709351
9699,1,1,0.9874362945556641
9700,2,2,0.877230703830719
9701,9,9,0.9981483221054077
9702,5,5,0.9999985694885254
9703,2,2,0.9999203681945801
9704,0,0,0.9999488592147827
9705,1,1,0.9999856948852539
9706,2,2,0.999504804611206
9707,3,3,0.999998927116394
9708,4,4,0.9998476505279541
9709,5,5,0.9998726844787598
9710,6,6,0.9984903335571289
9711,7,7,0.9996771812438965
9712,8,8,0.9968063831329346
9713,9,9,0.9992198944091797
9714,0,0,0.9969773292541504
9715,1,1,0.9998304843902588
9716,2,2,0.9883665442466736
9717,3,3,0.9999988079071045
9718,4,4,0.9999949932098389
9719,5,5,0.9340817332267761
9720,6,6,0.9987174272537231
9721,7,7,0.9968830943107605
9722,8,8,0.999922513961792
9723,9,9,0.999897837638855
9724,0,0,0.9999319314956665
9725,1,1,0.9999406337738037
9726,2,2,0.957604169845581
9727,3,3,0.9999910593032837
9728,4,4,0.999868631362915
9729,5,6,0.9579400420188904
9730,6,6,0.9977965354919434
9731,7,7,0.9866177439689636
9732,8,8,0.995820164680481
9733,9,9,0.9949637651443481
9734,7,7,0.999534010887146
9735,4,4,0.9855212569236755
9736,6,6,0.997292697429657
9737,1,1,0.9998347759246826
9738,4,4,0.9999659061431885
9739,0,0,0.9994468092918396
9740,9,9,0.9959174990653992
9741,9,9,0.9973499774932861
9742,3,3,0.9971904158592224
9743,7,7,0.9998973608016968
9744,8,8,0.9996569156646729
9745,4,4,0.9900894165039062
9746,7,7,0.9991676807403564
9747,5,5,0.9999258518218994
9748,8,8,0.9999699592590332
9749,5,5,0.9880367517471313
9750,3,3,0.9986880421638489
9751,2,2,0.9832883477210999
9752,2,2,0.9806249141693115
9753,0,0,0.9999804496765137
9754,5,5,0.9952991008758545
9755,8,8,0.9921877384185791
9756,6,6,0.9995933175086975
9757,0,0,0.9999643564224243
9758,3,3,0.9999042749404907
9759,8,8,0.9999078512191772
9760,1,1,0.9998677968978882
9761,0,0,0.9999886751174927
9762,3,3,0.5300464630126953
9763,0,0,0.9999775886535645
9764,4,4,0.9966296553611755
9765,7,7,0.99946528673172
9766,4,4,0.9999971389770508
9767,9,9,0.9996305704116821
9768,2,2,0.9631274342536926
9769,9,9,0.999987006187439
9770,5,5,0.9834954142570496
9771,7,7,0.9998929500579834
9772,1,1,0.9998921155929565
9773,7,7,0.9990172386169434
9774,1,1,0.9999483823776245
9775,6,6,0.999921441078186
9776,6,6,0.9996732473373413
9777,5,5,0.982235312461853
9778,6,6,0.9997286200523376
9779,2,2,0.9728268384933472
9780,8,8,0.9990845918655396
9781,7,7,0.9804167151451111
9782,6,6,0.6892834901809692
9783,4,4,0.9999254941940308
9784,9,9,0.9999772310256958
9785,9,9,0.9999814033508301
9786,5,5,0.9996929168701172
9787,3,3,0.999874472618103
9788,7,7,0.9978756904602051
9789,4,4,0.9997014403343201
9790,3,3,0.9998747110366821
9791,0,0,0.9999384880065918
9792,4,9,0.6967617869377136
9793,6,6,0.9211919903755188
9794,6,6,0.999929666519165
9795,1,1,0.9996618032455444
9796,1,1,0.9995984435081482
9797,3,3,0.9999964237213135
9798,2,2,0.9997684359550476
9799,1,1,0.9993450045585632
9800,0,0,0.9991816878318787
9801,0,0,0.9999951124191284
9802,1,1,0.9999743700027466
9803,2,2,0.9999990463256836
9804,3,3,0.9999985694885254
9805,4,4,0.9999991655349731
9806,7,7,0.9998537302017212
9807,8,8,0.9999991655349731
9808,9,9,0.9982101917266846
9809,0,0,0.9999817609786987
9810,1,1,0.9998904466629028
9811,2,2,0.9379841685295105
9812,3,3,0.9999947547912598
9813,4,4,0.9999780654907227
9814,5,5,0.9999059438705444
9815,6,6,0.9997832179069519
9816,7,7,0.9946669340133667
9817,8,8,0.9999916553497314
9818,0,0,0.9999780654907227
9819,1,1,0.9998822212219238
9820,2,2,0.9999783039093018
9821,3,3,0.9999992847442627
9822,4,4,0.9999992847442627
9823,7,7,0.9999727010726929
9824,8,8,0.9999396800994873
9825,9,9,0.9999909400939941
9826,0,0,0.9997242093086243
9827,8,8,0.9999878406524658
9828,3,3,0.9968501925468445
9829,9,9,0.9995114803314209
9830,5,5,0.9999169111251831
9831,5,5,0.9796233773231506
9832,2,2,0.9995961785316467
9833,6,6,0.9998596906661987
9834,8,8,0.9988473653793335
9835,4,4,0.9999821186065674
9836,1,1,0.9998883008956909
9837,7,7,0.9997813105583191
9838,1,1,0.9998881816864014
9839,2,2,0.7242017388343811
9840,3,3,0.9957301020622253
9841,5,5,0.999691367149353
9842,6,6,0.9998893737792969
9843,9,9,0.9999681711196899
9844,1,1,0.9999210834503174
9845,1,1,0.999882698059082
9846,1,1,0.9996126294136047
9847,2,2,0.9986900687217712
9848,1,1,0.9997885823249817
9849,2,2,0.9999443292617798
9850,0,0,0.9268588423728943
9851,7,7,0.9997617602348328
9852,7,7,0.9992819428443909
9853,5,5,0.9999278783798218
9854,8,8,0.999333918094635
9855,2,2,0.9960101842880249
9856,9,9,0.8109975457191467
9857,8,8,0.9980483055114746
9858,6,6,0.9912439584732056
9859,7,7,0.9999128580093384
9860,3,3,0.9998544454574585
9861,4,4,0.9999741315841675
9862,6,6,0.999262273311615
9863,8,8,0.999018669128418
9864,7,7,0.9996217489242554
9865,0,0,0.999969482421875
9866,4,4,0.9999816417694092
9867,2,2,0.9995638728141785
9868,7,7,0.9976453185081482
9869,7,7,0.9999792575836182
9870,5,5,0.9998899698257446
9871,4,4,0.9999943971633911
9872,3,3,0.9999974966049194
9873,4,4,0.9999896287918091
9874,2,2,0.9930863380432129
9875,8,8,0.9990087747573853
9876,1,1,0.99996018409729
9877,5,5,0.9998282194137573
9878,1,1,0.9999426603317261
9879,0,0,0.8891846537590027
9880,2,2,0.9999716281890869
9881,3,3,0.9997962117195129
9882,3,3,0.9999490976333618
9883,5,5,0.9841563105583191
9884,7,7,0.9987829327583313
9885,0,0,0.9999825954437256
9886,6,6,0.9971044659614563
9887,8,8,0.9996706247329712
9888,6,6,0.9849783182144165
9889,3,3,0.999981164932251
9890,9,9,0.9992938041687012
9891,9,9,0.9703441858291626
9892,8,8,0.9824434518814087
9893,2,2,0.9879330992698669
9894,7,7,0.9951411485671997
9895,7,7,0.999880313873291
9896,1,1,0.9999181032180786
9897,0,0,0.9999852180480957
9898,1,1,0.9999587535858154
9899,7,7,0.9999301433563232
9900,8,8,0.9999110698699951
9901,9,9,0.9991378784179688
9902,0,0,0.9995463490486145
9903,1,1,0.9999454021453857
9904,2,8,0.6283835172653198
9905,3,3,0.7267294526100159
9906,4,4,0.9746877551078796
9907,5,5,0.9999804496765137
9908,6,6,0.9999969005584717
9909,7,7,0.9995850920677185
9910,8,8,0.9999362230300903
9911,0,0,0.9999953508377075
9912,1,1,0.9999067783355713
9913,2,2,0.996914267539978
9914,3,3,0.9999473094940186
9915,4,4,0.999188244342804
9916,7,7,0.9920555949211121
9917,8,8,0.9999628067016602
9918,9,9,0.9998389482498169
9919,7,7,0.9997255206108093
9920,8,8,0.999995231628418
9921,6,6,0.9999446868896484
9922,4,4,0.9758269786834717
9923,1,1,0.9999053478240967
9924,9,9,0.9997581839561462
9925,3,3,0.9988412261009216
9926,8,8,0.9998940229415894
9927,4,4,0.9998513460159302
9928,4,4,0.9999438524246216
9929,7,7,0.9994494318962097
9930,0,0,0.9999974966049194
9931,1,1,0.9998937845230103
9932,9,9,0.9998067021369934
9933,2,2,0.9999910593032837
9934,8,8,0.9999957084655762
9935,7,7,0.9998537302017212
9936,8,8,0.9999306201934814
9937,2,2,0.9999802112579346
9938,6,6,0.9999887943267822
9939,0,0,0.9999840259552002
9940,6,6,0.993869423866272
9941,5,5,0.9672783017158508
9942,3,3,0.9999967813491821
9943,3,3,0.9997852444648743
9944,3,3,0.9985705614089966
9945,9,9,0.9999405145645142
9946,1,1,0.999940037727356
9947,4,4,0.9992489218711853
9948,0,0,0.9993407130241394
9949,6,6,0.9999219179153442
9950,1,1,0.9999228715896606
9951,0,0,0.9998598098754883
9952,0,0,0.9999972581863403
9953,6,6,0.9999215602874756
9954,2,2,0.9999265670776367
9955,1,1,0.9998601675033569
9956,1,1,0.9992671608924866
9957,7,7,0.9962193369865417
9958,7,7,0.9999254941940308
9959,8,8,0.9995675683021545
9960,4,4,0.9999517202377319
9961,6,6,0.9999969005584717
9962,0,0,0.9999915361404419
9963,7,7,0.988980770111084
9964,0,0,0.9998645782470703
9965,3,3,0.9982341527938843
9966,6,6,0.9999704360961914
9967,8,8,0.9999977350234985
9968,7,7,0.9998387098312378
9969,1,1,0.9999061822891235
9970,5,5,0.988431453704834
9971,2,2,0.9998152852058411
9972,4,4,0.9999290704727173
9973,9,9,0.9999533891677856
9974,4,4,0.999816358089447
9975,3,3,0.9909440279006958
9976,6,6,0.9995392560958862
9977,4,4,0.999887228012085
9978,1,1,0.9996137022972107
9979,7,7,0.99977046251297
9980,2,2,0.9974637031555176
9981,6,6,0.9992523789405823
9982,5,5,0.5177299976348877
9983,0,0,0.9999927282333374
9984,1,1,0.9998486042022705
9985,2,2,0.9996540546417236
9986,3,3,0.9999587535858154
9987,4,4,0.9999936819076538
9988,5,5,0.9999922513961792
9989,6,6,0.9999918937683105
9990,7,7,0.9999247789382935
9991,8,8,0.999697208404541
9992,9,9,0.9999147653579712
9993,0,0,0.9969766139984131
9994,1,1,0.9998953342437744
9995,2,2,0.999997615814209
9996,3,3,0.9998672008514404
9997,4,4,0.999982476234436
9998,5,5,0.9933279752731323
9999,6,6,0.9997186064720154
