test_id,true_label,predicted_label,confidence
0,7,7,0.9999524354934692
1,2,2,0.9999967813491821
2,1,1,0.9987378716468811
3,0,0,0.9998699426651001
4,4,4,0.99993896484375
5,1,1,0.9994035959243774
6,4,4,0.9980316758155823
7,9,9,0.9978454113006592
8,5,5,0.9982649683952332
9,9,9,0.9997556805610657
10,0,0,0.9999843835830688
11,6,6,0.9999948740005493
12,9,9,0.9998247027397156
13,0,0,0.9999967813491821
14,1,1,0.9995852112770081
15,5,5,0.9994875192642212
16,9,9,0.998751163482666
17,7,7,0.999951958656311
18,3,8,0.994114339351654
19,4,4,0.9999923706054688
20,9,9,0.999173104763031
21,6,6,0.9997084736824036
22,6,6,0.9999008178710938
23,5,5,0.999974250793457
24,4,4,0.999049723148346
25,0,0,0.9997715353965759
26,7,7,0.9998726844787598
27,4,4,0.9999876022338867
28,0,0,0.999987006187439
29,1,1,0.9975780844688416
30,3,3,0.9998706579208374
31,1,1,0.9964256882667542
32,3,3,0.9999994039535522
33,4,4,0.9970932006835938
34,7,7,0.9999810457229614
35,2,2,0.9999986886978149
36,7,7,0.9993671774864197
37,1,1,0.9987327456474304
38,2,2,0.9998282194137573
39,1,1,0.9982751607894897
40,1,1,0.9918311238288879
41,7,7,0.9993764758110046
42,4,4,0.9999499320983887
43,2,2,0.9967817068099976
44,3,3,0.9999170303344727
45,5,5,0.9999387264251709
46,1,1,0.9956650137901306
47,2,2,1.0
48,4,4,0.9939953684806824
49,4,4,0.9999926090240479
50,6,6,0.9998012185096741
51,3,3,0.999971866607666
52,5,5,0.9999651908874512
53,5,5,0.9995653033256531
54,6,6,0.9999996423721313
55,0,0,0.9999252557754517
56,4,4,0.9999992847442627
57,1,1,0.9974859952926636
58,9,9,0.9999932050704956
59,5,5,0.9978142976760864
60,7,7,0.9999595880508423
61,8,8,0.9999862909317017
62,9,9,0.9613486528396606
63,3,3,0.9798716902732849
64,7,7,0.9999923706054688
65,4,4,0.995015561580658
66,6,6,0.9993593096733093
67,4,4,0.9999688863754272
68,3,3,0.9999954700469971
69,0,0,0.9999972581863403
70,7,7,0.9999313354492188
71,0,0,0.9999996423721313
72,2,2,0.999861478805542
73,9,9,0.9924302697181702
74,1,1,0.9996132254600525
75,7,7,0.9999425411224365
76,3,3,0.9999823570251465
77,2,2,0.9999178647994995
78,9,9,0.9914129972457886
79,7,7,0.9995241165161133
80,7,7,0.9516783952713013
81,6,6,0.9999864101409912
82,2,2,1.0
83,7,7,0.9998774528503418
84,8,8,0.9999996423721313
85,4,4,0.9999951124191284
86,7,7,0.999699592590332
87,3,3,0.9980192184448242
88,6,6,0.9999834299087524
89,1,1,0.9937843084335327
90,3,3,0.999990701675415
91,6,6,0.9999891519546509
92,9,9,0.9491395950317383
93,3,3,0.996593177318573
94,1,1,0.9839271903038025
95,4,4,0.557917058467865
96,1,1,0.8638119101524353
97,7,7,0.99689120054245
98,6,6,0.9963654279708862
99,9,9,0.9999536275863647
100,6,6,0.9999949932098389
101,0,0,0.9999979734420776
102,5,5,0.9999914169311523
103,4,4,1.0
104,9,9,0.9999076128005981
105,9,9,0.9999682903289795
106,2,2,0.9999420642852783
107,1,1,0.9917307496070862
108,9,9,0.999984622001648
109,4,4,0.9999983310699463
110,8,8,0.9999793767929077
111,7,7,0.996384859085083
112,3,3,0.999929666519165
113,9,9,0.9999681711196899
114,7,7,0.9990021586418152
115,4,9,0.5365241765975952
116,4,4,0.9994961023330688
117,4,4,0.9999856948852539
118,9,9,0.9982379674911499
119,2,2,0.9899881482124329
120,5,5,0.999935507774353
121,4,4,0.9991714954376221
122,7,7,0.99874347448349
123,6,6,0.9999983310699463
124,7,7,0.9998738765716553
125,9,9,0.9994921684265137
126,0,0,0.9999740123748779
127,5,5,0.9999979734420776
128,8,8,0.9999997615814209
129,5,5,0.9999949932098389
130,6,6,0.9999561309814453
131,6,6,0.999933123588562
132,5,5,0.999992847442627
133,7,7,0.9999589920043945
134,8,8,0.9999994039535522
135,1,1,0.9998286962509155
136,0,0,0.9999392032623291
137,1,1,0.9991106390953064
138,6,6,0.9999986886978149
139,4,4,0.9962334036827087
140,6,6,0.9998132586479187
141,7,7,0.9999980926513672
142,3,3,0.9999395608901978
143,1,1,0.9994776844978333
144,7,7,0.9979854822158813
145,1,1,0.9955440163612366
146,8,8,0.9999998807907104
147,2,2,0.9999996423721313
148,0,0,0.9999929666519165
149,2,2,0.9963725805282593
150,9,9,0.9999986886978149
151,9,9,0.9404637217521667
152,5,5,0.999998927116394
153,5,5,0.9986420273780823
154,1,1,0.9985758066177368
155,5,5,0.9999943971633911
156,6,6,0.9999877214431763
157,0,0,0.9999526739120483
158,3,3,0.9885900616645813
159,4,4,0.9950163960456848
160,4,4,0.9991705417633057
161,6,6,0.9999843835830688
162,5,5,1.0
163,4,4,0.9999896287918091
164,6,6,0.9998424053192139
165,5,5,0.9999971389770508
166,4,4,0.9999958276748657
167,5,5,0.9949599504470825
168,1,1,0.9993714690208435
169,4,4,0.9999961853027344
170,4,4,0.9998718500137329
171,7,7,0.99741131067276
172,2,2,0.9998100399971008
173,3,3,0.9998947381973267
174,2,2,0.9999978542327881
175,7,7,0.9552138447761536
176,1,1,0.9972172975540161
177,8,8,0.9997163414955139
178,1,1,0.9997901320457458
179,8,8,0.9999805688858032
180,1,1,0.9991280436515808
181,8,8,0.9999880790710449
182,5,5,0.999908447265625
183,0,0,0.9999916553497314
184,8,8,0.5962380170822144
185,9,9,0.9988289475440979
186,2,2,0.999976634979248
187,5,5,0.9999904632568359
188,0,0,0.9999899864196777
189,1,1,0.9868943691253662
190,1,1,0.9928362965583801
191,1,1,0.9742481708526611
192,0,0,0.9996076226234436
193,9,9,0.9975595474243164
194,0,0,0.9999295473098755
195,3,3,0.9139748215675354
196,1,1,0.9986867308616638
197,6,6,0.9989637136459351
198,4,4,0.9999924898147583
199,2,2,0.9953740239143372
200,3,3,0.9992812275886536
201,6,6,0.9999842643737793
202,1,1,0.9991481304168701
203,1,1,0.9943814873695374
204,1,1,0.9984595775604248
205,3,3,0.9999923706054688
206,9,9,0.9998061060905457
207,5,5,0.9998873472213745
208,2,2,0.9999953508377075
209,9,9,0.9988625049591064
210,4,4,0.9999128580093384
211,5,5,0.9858065247535706
212,9,9,0.9999964237213135
213,3,3,0.9976970553398132
214,9,9,0.9994537234306335
215,0,0,0.9999797344207764
216,3,3,0.9999966621398926
217,6,6,0.8207415342330933
218,5,5,0.9999886751174927
219,5,5,0.9999945163726807
220,7,7,0.9923292994499207
221,2,2,0.9912800192832947
222,2,2,0.9988956451416016
223,7,7,0.9990167617797852
224,1,1,0.9784265160560608
225,2,2,0.9999456405639648
226,8,8,0.9999982118606567
227,4,4,0.9998989105224609
228,1,1,0.9988019466400146
229,7,7,0.9961652755737305
230,3,3,0.9955304265022278
231,3,3,0.9944374561309814
232,8,8,0.9999723434448242
233,8,8,0.9992609620094299
234,7,7,0.9981787204742432
235,9,9,0.9997403025627136
236,2,2,0.9999750852584839
237,2,2,0.9999980926513672
238,4,4,0.9999997615814209
239,1,1,0.9994416832923889
240,5,5,0.9999399185180664
241,9,9,0.9171801209449768
242,8,8,0.9991286396980286
243,7,7,0.9984657764434814
244,2,2,0.8853179216384888
245,3,3,0.9985116124153137
246,0,0,0.999997615814209
247,4,4,0.879749059677124
248,4,4,0.999940037727356
249,2,2,0.9994853734970093
250,4,4,0.8511808514595032
251,1,1,0.9089716076850891
252,9,9,0.9999881982803345
253,5,5,0.9998841285705566
254,7,7,0.9995563626289368
255,7,7,0.9991611242294312
256,2,2,0.9995877146720886
257,8,8,0.9991012811660767
258,2,2,0.999998927116394
259,6,0,0.5843262076377869
260,8,8,0.9999991655349731
261,5,5,0.9997846484184265
262,7,7,0.9999927282333374
263,7,7,0.9981710910797119
264,9,9,0.9829686284065247
265,1,1,0.9997451901435852
266,8,8,0.8004955053329468
267,1,1,0.9994397759437561
268,8,8,0.9998977184295654
269,0,0,0.9999523162841797
270,3,3,0.9999977350234985
271,0,0,0.9999849796295166
272,1,1,0.9990248680114746
273,9,9,0.9998782873153687
274,9,9,0.9989359974861145
275,4,4,0.9998175501823425
276,1,1,0.9997904896736145
277,8,8,0.9999836683273315
278,2,2,0.999887228012085
279,1,1,0.9984031319618225
280,2,2,0.9999303817749023
281,9,9,0.9999955892562866
282,7,7,0.8775742053985596
283,5,5,0.9999953508377075
284,9,9,0.9994707703590393
285,2,2,0.9999995231628418
286,6,6,0.9188298583030701
287,4,4,0.9999562501907349
288,1,1,0.9970709085464478
289,5,5,0.9922290444374084
290,8,8,0.995785653591156
291,2,2,0.9996709823608398
292,9,9,0.9996116757392883
293,2,2,0.999996542930603
294,0,0,0.9999207258224487
295,4,4,0.9999561309814453
296,0,0,0.9999998807907104
297,0,0,0.9999381303787231
298,2,2,0.9999971389770508
299,8,8,0.9999808073043823
300,4,4,0.9997790455818176
301,7,7,0.9994206428527832
302,1,1,0.9989427924156189
303,2,2,0.9996211528778076
304,4,4,0.9999662637710571
305,0,0,0.9999877214431763
306,2,2,0.9999910593032837
307,7,7,0.9833818674087524
308,4,4,0.9983910918235779
309,3,3,0.9999867677688599
310,3,3,0.9999344348907471
311,0,0,0.9999520778656006
312,0,0,0.9999828338623047
313,3,3,0.99964439868927
314,1,1,0.9993152618408203
315,9,9,0.9999725818634033
316,6,6,0.9924719333648682
317,5,5,0.9963627457618713
318,2,2,0.9850879311561584
319,5,5,0.9957640171051025
320,9,9,0.7293340563774109
321,2,7,0.8805594444274902
322,9,9,0.9999884366989136
323,3,3,0.9999988079071045
324,0,8,0.6134677529335022
325,4,4,0.9998419284820557
326,2,2,0.997868537902832
327,0,0,0.9999874830245972
328,7,7,0.9990135431289673
329,1,1,0.9995885491371155
330,1,1,0.9994431138038635
331,2,2,0.9999618530273438
332,1,1,0.9997383952140808
333,5,5,0.9955343008041382
334,3,3,0.9999979734420776
335,3,3,0.9994920492172241
336,9,9,0.9999551773071289
337,7,7,0.9781127572059631
338,8,8,0.9989939332008362
339,6,6,0.9872565269470215
340,5,5,0.5627529621124268
341,6,6,0.9997236132621765
342,1,1,0.9995470643043518
343,3,3,0.9999485015869141
344,8,8,0.9999988079071045
345,1,1,0.9982849955558777
346,0,0,0.9999063014984131
347,5,5,0.9978411197662354
348,1,1,0.9958595633506775
349,3,3,0.9961550831794739
350,1,1,0.9952399730682373
351,5,5,0.9999983310699463
352,5,5,0.9995743632316589
353,6,6,0.9969781637191772
354,1,1,0.9980388283729553
355,8,8,0.9999773502349854
356,5,5,0.9999985694885254
357,1,1,0.9871273040771484
358,7,7,0.9990235567092896
359,9,9,0.9653952717781067
360,4,4,0.9999266862869263
361,6,6,0.9999979734420776
362,2,2,0.986136794090271
363,2,2,0.9985328912734985
364,5,5,0.9999469518661499
365,0,0,0.9999117851257324
366,6,6,0.9177873730659485
367,5,5,0.9999845027923584
368,6,6,0.9984449744224548
369,3,3,0.9993815422058105
370,7,7,0.9996566772460938
371,2,2,0.999975323677063
372,0,0,0.9999463558197021
373,8,8,0.9999997615814209
374,8,8,0.9999963045120239
375,5,5,1.0
376,4,4,0.978529691696167
377,1,1,0.9991405010223389
378,1,1,0.9994072914123535
379,4,4,0.9999592304229736
380,0,0,0.999997615814209
381,3,3,0.7417130470275879
382,3,3,0.9999897480010986
383,7,7,0.9995297193527222
384,6,6,0.9999998807907104
385,1,1,0.9993091821670532
386,6,6,0.997611403465271
387,2,2,0.9999817609786987
388,1,1,0.9977878332138062
389,9,9,0.997563362121582
390,2,2,0.9999463558197021
391,8,8,0.9999898672103882
392,6,6,0.9999935626983643
393,1,1,0.9992294311523438
394,9,9,0.9519395232200623
395,5,5,0.999982476234436
396,2,2,0.9999722242355347
397,5,5,0.997053861618042
398,4,4,0.9999655485153198
399,4,4,0.999935507774353
400,2,2,0.9991170763969421
401,8,8,0.9999479055404663
402,3,3,0.9999730587005615
403,8,8,0.9987305998802185
404,2,2,0.8548498153686523
405,4,4,0.9999868869781494
406,5,5,0.9743906259536743
407,0,0,0.999996542930603
408,3,3,0.999962568283081
409,1,1,0.9953285455703735
410,7,7,0.9999991655349731
411,7,7,0.9975085258483887
412,5,5,0.9967033267021179
413,7,7,0.9998852014541626
414,9,9,0.9988646507263184
415,7,7,0.9902456998825073
416,1,1,0.9995712637901306
417,9,9,0.9899829030036926
418,2,2,0.999927282333374
419,1,1,0.997195839881897
420,4,4,0.9770191311836243
421,2,2,0.9933945536613464
422,9,9,0.9998955726623535
423,2,2,0.9999784231185913
424,0,0,0.9999878406524658
425,4,4,0.9999796152114868
426,9,9,0.9989975094795227
427,1,1,0.9986717700958252
428,4,4,0.9998931884765625
429,8,8,0.9999996423721313
430,1,1,0.9993041753768921
431,8,8,0.9980584979057312
432,4,4,0.9995197057723999
433,5,5,0.9999641180038452
434,9,9,0.9997351765632629
435,8,8,0.9932716488838196
436,8,8,0.9999079704284668
437,3,3,0.999990701675415
438,7,7,0.9973278045654297
439,6,6,0.9896032214164734
440,0,0,0.9999994039535522
441,0,0,0.999884843826294
442,3,3,0.9999855756759644
443,0,0,0.9861646890640259
444,2,2,0.9296431541442871
445,6,0,0.5988212823867798
446,6,6,0.9918402433395386
447,4,4,0.9964687824249268
448,9,9,0.9869927167892456
449,3,3,0.9242408871650696
450,3,3,0.7953799962997437
451,3,3,0.9999221563339233
452,2,2,0.995914876461029
453,3,3,0.9999990463256836
454,9,9,0.99994957447052
455,1,1,0.9986968636512756
456,2,2,0.9985752105712891
457,6,6,0.6082108020782471
458,8,8,0.9999998807907104
459,0,0,0.9998705387115479
460,5,5,0.9149780869483948
461,6,6,0.9999979734420776
462,6,6,0.999298095703125
463,6,6,0.9999995231628418
464,3,3,0.8722537159919739
465,8,8,0.9997487664222717
466,8,8,0.9999960660934448
467,2,2,0.9974910020828247
468,7,7,0.9997231364250183
469,5,5,0.997075080871582
470,8,8,0.9999886751174927
471,9,9,0.9920850396156311
472,6,6,0.9999985694885254
473,1,1,0.9914166331291199
474,8,8,0.9999300241470337
475,4,4,0.9998775720596313
476,1,1,0.9997983574867249
477,2,2,0.9999972581863403
478,5,5,0.9734171032905579
479,9,9,0.9767497181892395
480,1,1,0.9982471466064453
481,9,9,0.9999939203262329
482,7,7,0.9999916553497314
483,5,5,0.9999138116836548
484,4,4,0.9999953508377075
485,0,0,0.9999154806137085
486,8,8,0.9999960660934448
487,9,9,0.9999715089797974
488,9,9,0.9995569586753845
489,1,1,0.999115526676178
490,0,0,0.9989615678787231
491,5,5,0.9964401125907898
492,2,2,0.8478466272354126
493,3,3,1.0
494,7,7,0.9999699592590332
495,8,0,0.6668086647987366
496,9,9,0.9999092817306519
497,4,4,0.9732810258865356
498,0,0,0.9901551008224487
499,6,6,0.9953975081443787
500,3,3,0.9999992847442627
501,9,9,0.999953031539917
502,5,5,0.9983915686607361
503,2,2,1.0
504,1,1,0.9955657124519348
505,3,3,0.9997159838676453
506,1,1,0.9963969588279724
507,3,3,0.999651312828064
508,6,6,0.9642865061759949
509,5,5,0.9984442591667175
510,7,7,0.9964041709899902
511,4,4,0.9251186847686768
512,2,2,0.9999934434890747
513,2,2,1.0
514,6,6,0.9999344348907471
515,3,3,0.9989534616470337
516,2,2,0.9992578625679016
517,6,6,0.9998664855957031
518,5,5,0.9999984502792358
519,4,4,0.9997946619987488
520,8,8,0.9999552965164185
521,9,9,0.9948181509971619
522,7,7,0.9969430565834045
523,1,1,0.8269457817077637
524,3,3,0.997161865234375
525,0,0,0.9999899864196777
526,3,3,0.9998764991760254
527,8,8,0.9999810457229614
528,3,3,0.9986079335212708
529,1,1,0.9998005032539368
530,9,9,0.99974125623703
531,3,3,0.999861478805542
532,4,4,0.9997342228889465
533,4,4,0.9999997615814209
534,6,6,0.9999594688415527
535,4,4,0.999992847442627
536,2,2,0.9676402807235718
537,1,1,0.9989713430404663
538,8,8,0.9999455213546753
539,2,2,0.9999691247940063
540,5,5,0.9997469782829285
541,4,4,0.9999896287918091
542,8,8,0.9922165870666504
543,8,8,0.9913427829742432
544,4,4,0.9999750852584839
545,0,0,0.9964008331298828
546,0,0,0.9999990463256836
547,2,2,0.9986887574195862
548,3,3,0.9999486207962036
549,2,2,0.9999980926513672
550,7,7,0.9858042001724243
551,7,7,0.9517134428024292
552,0,0,0.9768902063369751
553,8,8,0.9998605251312256
554,7,7,0.9998646974563599
555,4,4,0.9999374151229858
556,4,4,0.9999996423721313
557,7,7,0.9915369749069214
558,9,9,0.9998891353607178
559,6,6,0.9995738863945007
560,9,9,0.9994931221008301
561,0,0,0.9998288154602051
562,9,9,0.9997493624687195
563,8,8,0.9999567270278931
564,0,0,0.999321699142456
565,4,4,0.9990190267562866
566,6,6,0.9911808967590332
567,0,0,0.9969082474708557
568,6,6,0.9994403719902039
569,3,3,0.9998753070831299
570,5,5,0.9999935626983643
571,4,4,0.863467812538147
572,8,8,0.9987422823905945
573,3,3,0.9999990463256836
574,3,3,0.9999806880950928
575,9,9,0.9988958835601807
576,3,3,0.9999990463256836
577,3,3,0.9999868869781494
578,3,3,0.9670842885971069
579,7,7,0.9993404746055603
580,8,8,0.9990109205245972
581,0,0,0.9998493194580078
582,8,2,0.7647467255592346
583,2,2,0.6735347509384155
584,1,1,0.9972947239875793
585,7,7,0.9999700784683228
586,0,0,0.9999810457229614
587,6,6,0.9999912977218628
588,5,5,0.9997773766517639
589,4,4,0.9996223449707031
590,3,3,0.9999997615814209
591,8,8,0.9467049837112427
592,0,0,0.9999949932098389
593,9,9,0.9949872493743896
594,6,6,0.9999047517776489
595,3,3,0.9999264478683472
596,8,8,0.9917934536933899
597,0,0,0.9961097836494446
598,9,9,0.9998549222946167
599,9,9,0.9999850988388062
600,6,6,0.999994158744812
601,8,8,0.9987909197807312
602,6,6,0.9999985694885254
603,8,8,0.9971792697906494
604,5,5,0.9999980926513672
605,7,7,0.9776500463485718
606,8,8,0.999977707862854
607,6,6,0.9999430179595947
608,0,0,0.999963641166687
609,2,2,0.9999973773956299
610,4,4,0.998897910118103
611,0,0,0.999497652053833
612,2,2,1.0
613,2,2,0.9779938459396362
614,3,3,0.9997151494026184
615,1,1,0.9998639822006226
616,9,9,0.9999645948410034
617,7,7,0.9986051917076111
618,5,5,0.9979649782180786
619,1,8,0.9616559147834778
620,0,0,0.999974250793457
621,8,8,0.9999815225601196
622,4,4,0.9999988079071045
623,6,6,0.9999622106552124
624,2,2,0.9996267557144165
625,6,6,0.5647757649421692
626,7,7,0.9999781847000122
627,9,9,0.9995162487030029
628,3,3,0.9938297867774963
629,2,2,0.8991112112998962
630,9,9,0.9999468326568604
631,8,8,0.9999998807907104
632,2,2,0.9999934434890747
633,2,2,0.9999995231628418
634,9,9,0.999996542930603
635,2,2,0.9991353154182434
636,7,7,0.9999990463256836
637,3,3,0.999848484992981
638,5,5,0.9999781847000122
639,9,9,0.9998425245285034
640,1,1,0.9976186156272888
641,8,8,0.9999889135360718
642,0,0,0.999241828918457
643,2,2,0.9999490976333618
644,0,0,0.9999892711639404
645,5,5,0.992807149887085
646,2,2,0.781713604927063
647,1,1,0.9986385703086853
648,3,3,0.9999939203262329
649,7,7,0.9971985816955566
650,6,6,0.9983464479446411
651,7,7,0.9999688863754272
652,1,1,0.9993242025375366
653,2,2,0.9998852014541626
654,5,5,0.9998862743377686
655,8,8,0.9998151659965515
656,0,0,0.9999978542327881
657,3,3,0.9999969005584717
658,7,7,0.9971169233322144
659,2,2,0.3268668055534363
660,4,4,0.9999974966049194
661,0,0,0.9994563460350037
662,9,9,0.9999948740005493
663,1,1,0.9991601705551147
664,8,8,0.9999991655349731
665,6,6,0.9999997615814209
666,7,7,0.9974708557128906
667,7,7,0.9792894124984741
668,4,4,0.9999954700469971
669,3,3,0.9999480247497559
670,4,4,0.9999786615371704
671,9,9,0.9999674558639526
672,1,1,0.9998639822006226
673,9,9,0.9998952150344849
674,5,5,0.9473075270652771
675,1,1,0.9986752867698669
676,7,7,0.9998594522476196
677,3,3,0.9999905824661255
678,9,9,0.9999103546142578
679,7,7,0.999536395072937
680,6,6,0.9999934434890747
681,9,9,0.9999949932098389
682,1,1,0.9988284707069397
683,3,3,0.9988393187522888
684,7,3,0.6934671998023987
685,8,8,0.9881983399391174
686,3,3,0.9999977350234985
687,3,3,0.9999985694885254
688,6,6,0.9913036823272705
689,7,7,0.8694067001342773
690,2,2,0.9999985694885254
691,8,8,0.9778171181678772
692,5,5,0.9963147044181824
693,8,8,0.9995160102844238
694,5,5,0.9995185136795044
695,1,1,0.9994621872901917
696,1,1,0.9952775239944458
697,4,4,0.9999997615814209
698,4,4,0.9994252920150757
699,3,3,0.9988018274307251
700,1,1,0.9938051700592041
701,0,0,0.9999337196350098
702,7,7,0.9997021555900574
703,7,7,0.9810282588005066
704,0,0,0.9999147653579712
705,7,7,0.9998750686645508
706,9,9,0.9999533891677856
707,4,4,0.9509152173995972
708,4,4,0.9996113181114197
709,8,8,0.9999959468841553
710,5,5,0.9999992847442627
711,5,5,0.9999998807907104
712,4,4,0.9675337672233582
713,0,0,0.9999203681945801
714,8,8,0.9999986886978149
715,2,2,0.9994864463806152
716,1,1,0.8899982571601868
717,0,0,0.9758127927780151
718,8,8,0.9998778104782104
719,4,4,0.9999560117721558
720,5,8,0.8692893981933594
721,0,0,0.9999188184738159
722,4,4,0.9999980926513672
723,0,0,0.9998742341995239
724,6,6,0.9999947547912598
725,1,1,0.9992130994796753
726,7,7,0.6840692162513733
727,3,3,0.999997615814209
728,2,2,0.9997243285179138
729,6,6,0.9995244741439819
730,7,7,0.9350621700286865
731,2,2,0.9999995231628418
732,6,6,0.9999982118606567
733,9,9,0.9999986886978149
734,3,3,0.9998007416725159
735,1,1,0.9988502264022827
736,4,4,0.999828577041626
737,6,6,0.9826949238777161
738,2,2,0.9899202585220337
739,5,5,0.9999527931213379
740,4,9,0.8236652612686157
741,2,2,0.9943879246711731
742,0,0,0.9999971389770508
743,6,6,0.999823272228241
744,2,2,0.9999984502792358
745,1,1,0.9996135830879211
746,7,7,0.9892061948776245
747,3,3,0.9999972581863403
748,4,4,0.9968051910400391
749,1,1,0.9970393776893616
750,0,0,0.9999911785125732
751,5,5,0.999915599822998
752,4,4,0.9999769926071167
753,3,3,0.9996856451034546
754,1,1,0.9997785687446594
755,1,1,0.9985374212265015
756,7,7,0.9999086856842041
757,4,4,0.9999936819076538
758,9,9,0.9999808073043823
759,9,9,0.9997979998588562
760,4,4,0.7427107691764832
761,8,8,0.9947265982627869
762,4,4,0.9983415603637695
763,0,0,0.9999812841415405
764,2,2,0.9997575879096985
765,4,4,0.999987006187439
766,5,5,0.9999911785125732
767,1,1,0.9925698637962341
768,1,1,0.9996594190597534
769,6,6,0.9982160925865173
770,4,4,0.9999860525131226
771,7,7,0.915725827217102
772,1,1,0.9990983009338379
773,9,9,0.9999728202819824
774,4,4,0.941742479801178
775,2,2,0.9998010993003845
776,4,4,0.9999794960021973
777,1,1,0.9954249262809753
778,5,5,0.9999908208847046
779,5,5,0.9999920129776001
780,3,3,0.9994720816612244
781,8,8,0.9997040629386902
782,3,3,0.9990673661231995
783,1,1,0.9993676543235779
784,4,4,0.9999868869781494
785,5,5,0.9992128610610962
786,6,6,0.9830673336982727
787,8,8,0.9999748468399048
788,9,9,0.9997357726097107
789,4,4,0.997941792011261
790,1,1,0.9995453953742981
791,5,5,0.9702687859535217
792,3,3,0.9999986886978149
793,8,8,0.9999996423721313
794,0,0,0.9999891519546509
795,3,3,0.9994576573371887
796,2,2,0.9999945163726807
797,5,5,0.6851538419723511
798,1,1,0.9965972304344177
799,2,2,0.9999988079071045
800,8,8,0.9997029900550842
801,3,3,0.9999852180480957
802,4,4,0.9999169111251831
803,4,4,0.9999990463256836
804,0,0,0.9999911785125732
805,8,8,1.0
806,8,8,0.9999998807907104
807,3,3,0.9999734163284302
808,3,3,0.9999759197235107
809,1,1,0.9985283613204956
810,7,7,0.9983022212982178
811,3,3,0.9999788999557495
812,5,5,0.9999997615814209
813,9,9,0.8217926621437073
814,6,6,0.9998818635940552
815,3,3,0.9985933899879456
816,2,2,0.9999829530715942
817,6,6,0.9900597333908081
818,1,1,0.9995905756950378
819,3,3,0.9999967813491821
820,6,6,0.9999831914901733
821,0,0,0.9999634027481079
822,7,7,0.9999639987945557
823,2,2,0.9949169158935547
824,1,1,0.9986314177513123
825,7,7,0.9997656941413879
826,1,1,0.9996236562728882
827,4,4,0.9989150762557983
828,2,2,0.9995457530021667
829,4,4,0.6573938727378845
830,2,2,0.9988670349121094
831,1,1,0.9987702965736389
832,7,7,0.9972078204154968
833,9,9,0.9871434569358826
834,6,6,0.9987276196479797
835,1,1,0.9991556406021118
836,1,1,0.9984084963798523
837,2,2,0.9999501705169678
838,4,4,0.9999916553497314
839,8,8,0.9852222800254822
840,1,1,0.9950690269470215
841,7,7,0.9906613230705261
842,7,7,0.9960489869117737
843,4,4,0.9999990463256836
844,8,8,0.9462152719497681
845,0,0,0.999854564666748
846,7,9,0.9306371808052063
847,3,3,0.9999556541442871
848,1,1,0.9992464780807495
849,3,3,0.9999996423721313
850,1,1,0.9992475509643555
851,0,0,0.9999908208847046
852,7,7,0.9998689889907837
853,7,7,0.9998200535774231
854,0,0,0.9999434947967529
855,3,3,0.9999765157699585
856,5,5,0.9998968839645386
857,5,5,0.9990445971488953
858,2,2,0.9998321533203125
859,7,7,0.9972941279411316
860,6,6,0.9999991655349731
861,6,6,0.9999858140945435
862,9,9,0.9999496936798096
863,2,2,0.9934239387512207
864,8,8,0.9999998807907104
865,3,3,0.9999130964279175
866,5,5,0.9991462230682373
867,2,2,0.9989156723022461
868,2,2,0.9989330172538757
869,5,5,0.999936580657959
870,6,6,0.9100646376609802
871,0,0,0.9999814033508301
872,8,8,0.9825432896614075
873,2,2,0.9999274015426636
874,9,9,0.970750093460083
875,2,2,0.9993568062782288
876,8,8,0.9999996423721313
877,8,8,0.9850199222564697
878,8,8,0.9996687173843384
879,8,8,0.9999778270721436
880,7,7,0.9998883008956909
881,4,4,0.538538932800293
882,9,7,0.5821560025215149
883,3,3,0.8541197180747986
884,0,0,0.9998058676719666
885,6,6,0.94522625207901
886,6,6,0.9999829530715942
887,3,3,0.9999933242797852
888,2,2,0.9997914433479309
889,1,1,0.9995672106742859
890,3,3,0.9954511523246765
891,2,2,0.9999885559082031
892,2,2,0.9999988079071045
893,9,9,0.9999058246612549
894,3,3,0.9914398193359375
895,0,0,0.9954236149787903
896,0,0,0.9545705914497375
897,5,5,0.9999924898147583
898,7,7,0.9590944051742554
899,8,8,0.9999983310699463
900,1,1,0.9930505752563477
901,4,4,0.9999136924743652
902,4,4,0.993263304233551
903,6,6,0.9995818734169006
904,0,0,0.9998403787612915
905,2,2,0.9999912977218628
906,9,9,0.9999352693557739
907,1,1,0.9974175691604614
908,4,4,0.9999935626983643
909,7,7,0.9982714653015137
910,4,4,0.999996542930603
911,7,7,0.9997063279151917
912,3,3,0.9999946355819702
913,9,9,0.9998674392700195
914,8,8,0.9999992847442627
915,8,8,0.9999756813049316
916,4,4,0.9995144605636597
917,7,7,0.9994879961013794
918,1,1,0.9913132786750793
919,2,2,0.9998028874397278
920,1,1,0.9978861212730408
921,2,2,0.9999980926513672
922,2,2,0.9995492100715637
923,3,3,0.9999998807907104
924,2,7,0.6262814998626709
925,3,3,0.9999995231628418
926,2,2,0.9464735984802246
927,3,3,0.999996542930603
928,9,9,0.9999560117721558
929,1,1,0.9986810088157654
930,7,7,0.9904974102973938
931,4,4,0.9974244832992554
932,0,0,0.9999611377716064
933,3,3,0.9999845027923584
934,5,5,0.9999971389770508
935,5,5,0.9996172189712524
936,8,8,0.956361711025238
937,6,6,0.9999997615814209
938,3,5,0.6495310068130493
939,2,2,0.8177850246429443
940,6,6,0.9810870289802551
941,7,7,0.9998189806938171
942,6,6,0.999997615814209
943,6,6,0.9839847683906555
944,3,3,0.9983161687850952
945,2,2,0.9999971389770508
946,7,7,0.998694121837616
947,8,9,0.9477948546409607
948,1,1,0.9982989430427551
949,1,1,0.9971835017204285
950,7,7,0.9848986268043518
951,5,5,0.9657840132713318
952,6,6,0.9995554089546204
953,4,4,0.9999873638153076
954,9,9,0.9999687671661377
955,5,5,0.9994925260543823
956,1,1,0.8354451060295105
957,3,3,0.9996390342712402
958,3,3,0.9682928919792175
959,4,4,0.9947599768638611
960,7,7,0.977599561214447
961,8,8,0.9999994039535522
962,9,9,0.9932899475097656
963,1,1,0.9978110194206238
964,1,1,0.9942139983177185
965,6,6,0.6855939030647278
966,9,9,0.9995180368423462
967,1,1,0.9997580647468567
968,4,4,0.999994158744812
969,4,4,0.8991931676864624
970,5,5,0.9990386962890625
971,4,4,0.9999793767929077
972,0,0,0.9999990463256836
973,6,6,0.9999997615814209
974,2,2,0.9999985694885254
975,2,2,0.999848484992981
976,3,3,0.9804204702377319
977,1,1,0.9934169054031372
978,5,5,0.9999953508377075
979,1,1,0.9993009567260742
980,2,2,1.0
981,0,0,0.9999545812606812
982,3,3,0.9867967367172241
983,8,8,0.9999915361404419
984,1,1,0.9968326687812805
985,2,2,0.9999932050704956
986,6,6,0.994714081287384
987,7,7,0.9998099207878113
988,1,1,0.9773903489112854
989,6,6,0.9994632601737976
990,2,2,0.9993343949317932
991,3,3,0.9999996423721313
992,9,9,0.9993883371353149
993,0,0,0.9999767541885376
994,1,1,0.9366573095321655
995,2,2,0.9989560842514038
996,2,2,0.9999992847442627
997,0,0,0.9999991655349731
998,8,8,0.9988916516304016
999,9,9,0.9983893632888794
1000,9,9,0.9996325969696045
1001,0,0,0.999972939491272
1002,2,2,0.9814106822013855
1003,5,5,0.9981210827827454
1004,1,1,0.9864309430122375
1005,9,9,0.9999139308929443
1006,7,7,0.998695433139801
1007,8,8,0.9996885061264038
1008,1,1,0.9994673132896423
1009,0,0,0.9999895095825195
1010,4,4,0.99930739402771
1011,1,1,0.999693751335144
1012,7,7,0.8498514890670776
1013,9,9,0.9998700618743896
1014,6,5,0.8271348476409912
1015,4,4,0.9996461868286133
1016,2,2,0.9999943971633911
1017,6,6,0.9993472695350647
1018,8,8,0.999915599822998
1019,1,1,0.9974619150161743
1020,3,3,0.9999972581863403
1021,7,7,0.9933639764785767
1022,5,5,0.975482165813446
1023,4,4,0.9999744892120361
1024,4,4,0.9999134540557861
1025,1,1,0.9996442794799805
1026,8,8,0.821823000907898
1027,1,1,0.9986578226089478
1028,3,3,0.9999762773513794
1029,8,8,0.9999825954437256
1030,1,1,0.9979244470596313
1031,2,2,0.9999755620956421
1032,5,5,0.9949668049812317
1033,8,8,0.8923469185829163
1034,0,0,0.9997249245643616
1035,6,6,0.999902606010437
1036,2,2,0.9999656677246094
1037,1,1,0.9993523955345154
1038,1,1,0.9990498423576355
1039,7,3,0.425454318523407
1040,1,1,0.9993788003921509
1041,5,5,0.9999997615814209
1042,3,3,0.9999825954437256
1043,4,4,0.9999939203262329
1044,6,6,0.9436214566230774
1045,9,9,0.9866476058959961
1046,5,5,0.999983549118042
1047,0,0,0.999984622001648
1048,9,9,0.9995170831680298
1049,2,2,1.0
1050,2,2,0.9914120435714722
1051,4,4,0.9991325736045837
1052,8,8,0.9999648332595825
1053,2,2,0.9999922513961792
1054,1,1,0.9971454739570618
1055,7,7,0.9902756214141846
1056,2,2,0.9986856579780579
1057,4,4,0.999981164932251
1058,9,9,0.9997990727424622
1059,4,4,0.999901533126831
1060,4,4,0.9999948740005493
1061,0,0,0.9998413324356079
1062,3,3,0.9608308672904968
1063,9,9,0.9998955726623535
1064,2,2,0.9999585151672363
1065,2,2,0.9999939203262329
1066,3,3,0.9987247586250305
1067,3,3,0.9999656677246094
1068,8,8,0.9987362027168274
1069,3,3,0.9998130202293396
1070,5,5,0.9999998807907104
1071,7,7,0.9979655742645264
1072,3,3,0.9746111631393433
1073,5,5,0.9999397993087769
1074,8,8,0.9999979734420776
1075,1,1,0.9959626793861389
1076,2,2,0.9997907280921936
1077,4,4,0.9998595714569092
1078,4,4,0.9999829530715942
1079,6,6,0.9996564388275146
1080,4,4,0.9998677968978882
1081,9,9,0.9998807907104492
1082,5,5,0.9764552712440491
1083,1,1,0.9979128241539001
1084,0,0,0.9999997615814209
1085,6,6,0.9999396800994873
1086,9,9,0.9999892711639404
1087,5,5,0.9985853433609009
1088,9,9,0.9999810457229614
1089,5,5,0.9986769556999207
1090,9,9,0.9985367059707642
1091,7,7,0.9999526739120483
1092,3,3,0.9997182488441467
1093,8,8,0.9994045495986938
1094,0,0,0.9999912977218628
1095,3,3,0.9999645948410034
1096,7,7,0.9654021263122559
1097,1,1,0.9990180730819702
1098,3,3,0.9996579885482788
1099,6,6,0.9996440410614014
1100,7,7,0.9999314546585083
1101,8,8,0.9994997978210449
1102,5,5,1.0
1103,9,9,0.9999755620956421
1104,7,7,0.9999064207077026
1105,9,9,0.9999492168426514
1106,6,6,0.999998927116394
1107,9,9,0.9955319166183472
1108,6,6,0.9831092953681946
1109,3,3,0.9995841383934021
1110,7,7,0.9999369382858276
1111,4,4,0.9999837875366211
1112,4,6,0.5429574847221375
1113,5,5,0.9999985694885254
1114,3,3,0.6691502928733826
1115,5,5,0.9995490908622742
1116,4,4,0.9839175939559937
1117,7,7,0.9992977380752563
1118,8,8,0.998868465423584
1119,7,7,0.9994896650314331
1120,8,8,0.999958872795105
1121,0,0,0.9978261590003967
1122,7,7,0.9955081939697266
1123,6,6,0.9999996423721313
1124,8,8,0.9957973957061768
1125,8,8,0.9998961687088013
1126,7,7,0.9996291399002075
1127,3,3,0.9999686479568481
1128,3,3,0.9432114958763123
1129,1,1,0.9951829314231873
1130,9,9,0.9999579191207886
1131,5,5,0.9996126294136047
1132,2,2,0.9999872446060181
1133,7,7,0.9994650483131409
1134,3,3,0.9999972581863403
1135,5,5,0.9998530149459839
1136,1,1,0.998408854007721
1137,1,1,0.998120129108429
1138,2,2,0.9799962043762207
1139,1,1,0.9994246959686279
1140,4,4,0.9999895095825195
1141,7,7,0.9997988343238831
1142,4,4,0.9999679327011108
1143,7,7,0.9985062479972839
1144,5,5,0.9999980926513672
1145,4,4,0.9997761845588684
1146,5,5,0.9999505281448364
1147,4,4,0.9997027516365051
1148,0,0,0.9999879598617554
1149,8,8,0.9999147653579712
1150,3,3,0.9998146891593933
1151,6,6,0.9928590059280396
1152,9,9,0.999572217464447
1153,6,6,0.9933302998542786
1154,0,0,0.9987362027168274
1155,2,2,0.9996384382247925
1156,7,8,0.9613023400306702
1157,4,4,0.9973065853118896
1158,4,4,0.9999996423721313
1159,4,4,0.9976430535316467
1160,4,4,0.9999934434890747
1161,6,6,0.9987567663192749
1162,6,6,0.9999985694885254
1163,4,4,0.9999457597732544
1164,7,7,0.9983166456222534
1165,9,9,0.9999078512191772
1166,3,3,0.9708415865898132
1167,4,4,0.9999750852584839
1168,5,5,0.9999953508377075
1169,5,5,0.9884282946586609
1170,8,8,1.0
1171,7,7,0.9999617338180542
1172,3,3,0.9999955892562866
1173,7,7,0.9443724155426025
1174,2,2,0.9999905824661255
1175,7,7,0.9988662004470825
1176,0,0,0.9998742341995239
1177,2,2,0.9998939037322998
1178,4,0,0.6860594153404236
1179,1,1,0.9986252784729004
1180,1,1,0.9991024732589722
1181,6,1,0.5229980945587158
1182,6,5,0.6059291958808899
1183,9,9,0.9999761581420898
1184,2,2,0.9971478581428528
1185,8,8,0.9999983310699463
1186,7,7,0.9999986886978149
1187,2,2,0.9996160268783569
1188,0,0,0.999970555305481
1189,1,1,0.9992062449455261
1190,5,5,0.999998927116394
1191,0,0,0.9986611604690552
1192,9,9,0.9817187190055847
1193,1,1,0.9997783303260803
1194,7,7,0.9491861462593079
1195,0,0,0.9999470710754395
1196,6,6,0.9997275471687317
1197,0,0,0.9999549388885498
1198,8,8,0.999915599822998
1199,6,6,0.9999666213989258
1200,8,8,0.9926822781562805
1201,1,1,0.999058187007904
1202,8,8,0.9949501752853394
1203,0,0,0.9999980926513672
1204,3,3,0.9962573051452637
1205,3,3,1.0
1206,7,7,0.9932470321655273
1207,2,2,1.0
1208,3,3,0.9957991242408752
1209,6,6,0.9834234714508057
1210,2,2,0.9999995231628418
1211,1,1,0.998839795589447
1212,6,6,0.9835151433944702
1213,1,1,0.9995427131652832
1214,1,1,0.9957646131515503
1215,3,3,0.999919056892395
1216,7,7,0.9792537689208984
1217,9,9,0.9972835779190063
1218,0,0,0.9999927282333374
1219,8,8,0.9996587038040161
1220,0,0,0.9999740123748779
1221,5,5,0.999804675579071
1222,4,4,0.9999969005584717
1223,0,0,0.999981164932251
1224,2,2,0.992077112197876
1225,8,8,0.9999997615814209
1226,7,7,0.5915620923042297
1227,2,2,0.9999454021453857
1228,9,9,0.9996242523193359
1229,8,8,0.9999964237213135
1230,4,4,0.9999758005142212
1231,0,0,0.9998552799224854
1232,9,9,0.5313845276832581
1233,5,5,0.9999960660934448
1234,8,8,0.9997485280036926
1235,5,5,0.9994485974311829
1236,1,1,0.996953010559082
1237,2,2,0.9999053478240967
1238,1,1,0.9996533393859863
1239,3,3,0.9993013143539429
1240,1,1,0.9950672388076782
1241,7,7,0.9975628852844238
1242,4,9,0.6853553056716919
1243,5,5,0.9927302002906799
1244,7,7,0.9970881342887878
1245,2,2,1.0
1246,0,0,0.9973117113113403
1247,9,5,0.5184745192527771
1248,8,8,0.996288537979126
1249,8,8,1.0
1250,6,6,0.9937657117843628
1251,2,2,0.9999723434448242
1252,5,5,0.9757784008979797
1253,4,4,0.9998420476913452
1254,1,1,0.9992285966873169
1255,9,9,0.999968409538269
1256,2,2,0.9994578957557678
1257,1,1,0.9992172718048096
1258,5,5,0.9969472289085388
1259,8,8,0.9999899864196777
1260,7,7,0.5613524317741394
1261,0,0,0.999997615814209
1262,2,2,0.9999722242355347
1263,4,4,0.9959062337875366
1264,4,4,0.9976147413253784
1265,3,3,0.9999977350234985
1266,6,6,0.9989481568336487
1267,8,8,0.9999676942825317
1268,8,8,0.9999986886978149
1269,2,2,0.9999592304229736
1270,4,4,0.9762964844703674
1271,0,0,0.9999945163726807
1272,5,5,0.9939392805099487
1273,0,0,0.9929267764091492
1274,4,4,0.9881203174591064
1275,4,4,0.9992613196372986
1276,7,7,0.9998437166213989
1277,9,9,0.9997887015342712
1278,3,3,1.0
1279,4,4,0.9596952795982361
1280,1,1,0.9993292093276978
1281,5,5,0.9999227523803711
1282,9,9,0.9997749924659729
1283,7,7,0.9996620416641235
1284,3,3,0.9999996423721313
1285,5,5,0.9999922513961792
1286,8,8,0.9999822378158569
1287,8,8,0.994961142539978
1288,0,0,0.9996160268783569
1289,5,5,0.911986231803894
1290,3,3,0.6633869409561157
1291,3,3,0.9998836517333984
1292,6,6,0.9449708461761475
1293,6,6,0.999998927116394
1294,0,0,0.9999949932098389
1295,1,1,0.999404788017273
1296,6,6,0.9906644821166992
1297,0,0,0.9999934434890747
1298,3,3,0.9983993172645569
1299,5,7,0.5122089385986328
1300,4,4,0.9997145533561707
1301,4,4,0.9340558648109436
1302,1,1,0.9945520758628845
1303,2,2,0.9998148083686829
1304,9,9,0.9999908208847046
1305,1,1,0.9990308284759521
1306,4,4,0.9999887943267822
1307,6,6,0.9999960660934448
1308,9,9,0.9993627667427063
1309,9,9,0.99983811378479
1310,3,3,0.9998261332511902
1311,9,9,0.9995843768119812
1312,8,8,0.9993324875831604
1313,4,4,0.9999961853027344
1314,4,4,0.9999998807907104
1315,3,3,0.9995394945144653
1316,1,1,0.9996047616004944
1317,3,3,0.9999891519546509
1318,1,1,0.9967065453529358
1319,8,0,0.826683759689331
1320,8,8,0.9993780851364136
1321,7,7,0.9986249208450317
1322,9,9,0.9999918937683105
1323,4,4,0.9999996423721313
1324,8,8,0.9994537234306335
1325,8,8,0.9999878406524658
1326,7,7,0.9079504609107971
1327,9,9,0.9988172650337219
1328,7,7,0.9274981021881104
1329,1,1,0.9997304081916809
1330,4,4,0.9999265670776367
1331,5,5,0.9990656971931458
1332,6,6,0.9999998807907104
1333,0,0,0.9999996423721313
1334,5,5,0.9966853260993958
1335,2,2,0.9988501071929932
1336,2,2,0.9995953440666199
1337,2,2,0.9128202199935913
1338,1,1,0.998281717300415
1339,5,5,0.9883063435554504
1340,5,5,0.9999569654464722
1341,2,2,0.9999973773956299
1342,4,4,0.9999990463256836
1343,9,9,0.9999057054519653
1344,6,6,0.9752809405326843
1345,2,2,0.9990291595458984
1346,7,7,0.9999409914016724
1347,7,7,0.9919580221176147
1348,2,2,0.9999992847442627
1349,2,2,0.9121909141540527
1350,1,1,0.9997147917747498
1351,1,1,0.9967207312583923
1352,2,2,0.9958295226097107
1353,8,8,0.9999991655349731
1354,3,3,0.9995408058166504
1355,7,7,0.9228465557098389
1356,2,2,0.9158807992935181
1357,4,4,0.9984639883041382
1358,1,1,0.9990594983100891
1359,7,7,0.9998997449874878
1360,1,1,0.99842369556427
1361,7,7,0.999871015548706
1362,6,6,0.9999996423721313
1363,7,7,0.9996222257614136
1364,8,8,0.9701974987983704
1365,2,2,0.9794321060180664
1366,7,7,0.9999080896377563
1367,3,3,0.9999992847442627
1368,1,1,0.9969584941864014
1369,7,7,0.9999722242355347
1370,5,5,0.9998656511306763
1371,8,8,0.9999992847442627
1372,2,2,0.9989080429077148
1373,6,6,0.9999991655349731
1374,2,2,0.9999961853027344
1375,2,2,0.9997218251228333
1376,5,5,0.9999998807907104
1377,6,6,0.9987223744392395
1378,5,5,0.970832109451294
1379,0,0,0.999998927116394
1380,9,9,0.9999332427978516
1381,2,2,0.999997615814209
1382,4,4,0.9999996423721313
1383,3,3,0.986081600189209
1384,3,3,0.9999017715454102
1385,9,9,0.9993377327919006
1386,7,7,0.9995971322059631
1387,6,6,0.9999245405197144
1388,6,6,0.9999701976776123
1389,8,8,0.9999996423721313
1390,0,0,0.9997336268424988
1391,4,4,0.9997853636741638
1392,1,1,0.9951052665710449
1393,5,3,0.5601195096969604
1394,8,8,0.9975780844688416
1395,2,2,0.9788838624954224
1396,9,9,0.9998663663864136
1397,1,1,0.9937999844551086
1398,8,8,0.9994257688522339
1399,0,0,0.9999853372573853
1400,6,6,0.9979518055915833
1401,7,7,0.9992940425872803
1402,2,2,0.9427458047866821
1403,1,1,0.9415040612220764
1404,0,0,0.9996682405471802
1405,5,5,0.9999814033508301
1406,5,5,0.9849067330360413
1407,2,2,1.0
1408,0,0,0.9995558857917786
1409,2,2,0.9982642531394958
1410,2,2,0.9998819828033447
1411,0,0,0.9952042102813721
1412,2,2,0.9996817111968994
1413,4,4,0.999372661113739
1414,9,9,0.8532998561859131
1415,8,8,0.9999740123748779
1416,0,0,0.9999971389770508
1417,9,9,0.9997668862342834
1418,9,9,0.9999059438705444
1419,4,4,0.9999779462814331
1420,6,6,0.9994237422943115
1421,5,5,0.9999865293502808
1422,4,4,0.9998114705085754
1423,9,9,0.9999209642410278
1424,1,1,0.9998059868812561
1425,8,8,0.9849994778633118
1426,3,3,0.9999969005584717
1427,4,4,0.9964565634727478
1428,9,9,0.9997754693031311
1429,9,9,0.9814221858978271
1430,1,1,0.9984670281410217
1431,2,2,0.99956876039505
1432,2,2,0.9999984502792358
1433,8,8,0.9983413219451904
1434,1,1,0.9991577863693237
1435,9,9,0.999707043170929
1436,6,6,0.9706874489784241
1437,4,4,0.997884213924408
1438,0,0,0.9938841462135315
1439,9,9,0.9928109049797058
1440,4,4,0.9898053407669067
1441,8,8,0.9986869692802429
1442,3,3,0.9999799728393555
1443,8,8,0.9999992847442627
1444,6,6,0.9885534048080444
1445,0,0,0.999972939491272
1446,2,2,0.9999668598175049
1447,5,5,0.9999245405197144
1448,1,1,0.9992823004722595
1449,9,9,0.9999302625656128
1450,6,6,0.9999879598617554
1451,2,2,0.9996150732040405
1452,9,9,0.9999887943267822
1453,4,4,0.8813642263412476
1454,0,0,0.995848536491394
1455,9,9,0.9987205862998962
1456,6,6,0.9998366832733154
1457,0,0,0.9999998807907104
1458,6,6,0.9937853813171387
1459,2,2,0.6107476353645325
1460,5,5,0.9999905824661255
1461,4,4,0.9999719858169556
1462,2,2,0.9920641779899597
1463,3,3,0.9994344115257263
1464,8,8,0.9983025789260864
1465,4,4,0.996709942817688
1466,5,5,0.9958797693252563
1467,5,5,0.9997802376747131
1468,0,0,0.9996161460876465
1469,3,3,0.9794073104858398
1470,8,8,0.9999891519546509
1471,5,5,0.9999682903289795
1472,3,3,0.9979813694953918
1473,5,5,0.9999829530715942
1474,8,8,0.9999412298202515
1475,6,6,0.9958491325378418
1476,5,5,0.9998623132705688
1477,7,7,0.9994118213653564
1478,6,6,0.9986703395843506
1479,3,3,0.9999988079071045
1480,3,3,0.9999961853027344
1481,9,9,0.9999183416366577
1482,6,6,0.9912506341934204
1483,1,1,0.9963405132293701
1484,1,1,0.9990648627281189
1485,2,2,0.9999727010726929
1486,9,9,0.9999922513961792
1487,0,0,0.9999973773956299
1488,4,4,0.999975323677063
1489,3,3,0.9999510049819946
1490,3,3,0.9996639490127563
1491,6,6,0.9999992847442627
1492,9,9,0.9990561604499817
1493,5,5,0.9999655485153198
1494,7,7,0.9994220733642578
1495,3,3,0.997836172580719
1496,7,7,0.8925288319587708
1497,7,7,0.9999207258224487
1498,7,7,0.9998944997787476
1499,8,8,0.9999942779541016
1500,7,7,0.7413734793663025
1501,9,9,0.9999732971191406
1502,8,8,0.9989389777183533
1503,3,3,0.999745786190033
1504,0,0,0.9999630451202393
1505,7,7,0.9915068745613098
1506,2,2,0.9999986886978149
1507,7,7,0.9994094371795654
1508,9,9,0.9998182654380798
1509,4,4,0.9954434633255005
1510,5,5,0.9993922710418701
1511,4,4,0.9997251629829407
1512,9,9,0.9999910593032837
1513,3,3,0.9996269941329956
1514,2,2,0.9997149109840393
1515,1,1,0.999631404876709
1516,4,4,0.9957427382469177
1517,0,0,0.999991774559021
1518,2,2,0.9975153207778931
1519,3,3,0.9999922513961792
1520,7,7,0.8224849700927734
1521,5,5,1.0
1522,7,9,0.8841989636421204
1523,8,8,0.9863831996917725
1524,8,8,0.9999866485595703
1525,5,5,0.9969353675842285
1526,0,0,0.9994791150093079
1527,1,3,0.7428501844406128
1528,1,1,0.9996652603149414
1529,4,4,0.9999985694885254
1530,8,8,0.629594087600708
1531,3,3,0.9768539071083069
1532,9,9,0.9999463558197021
1533,0,0,0.9994713664054871
1534,0,0,0.9999756813049316
1535,0,0,0.9999443292617798
1536,6,6,0.9997724890708923
1537,6,6,0.9998797178268433
1538,2,2,0.9998300075531006
1539,3,3,0.9999880790710449
1540,7,7,0.999535322189331
1541,8,8,0.999998927116394
1542,4,4,0.9999911785125732
1543,7,7,0.6387972235679626
1544,7,7,0.9999991655349731
1545,9,9,0.9999850988388062
1546,2,2,0.9999188184738159
1547,4,4,0.9996050000190735
1548,1,1,0.9984434247016907
1549,4,4,0.9453279972076416
1550,5,5,0.9998989105224609
1551,2,2,0.9964512586593628
1552,4,4,0.9981537461280823
1553,9,9,0.9085257649421692
1554,9,9,0.9045661091804504
1555,1,1,0.9985671043395996
1556,8,8,0.9999998807907104
1557,4,4,0.9999935626983643
1558,0,0,0.9933682084083557
1559,9,9,0.9446976184844971
1560,8,8,0.9999992847442627
1561,4,4,0.9999381303787231
1562,8,8,0.999967098236084
1563,7,7,0.9999344348907471
1564,7,7,0.9996399879455566
1565,0,0,0.9999223947525024
1566,7,7,0.7794848084449768
1567,8,8,0.9999998807907104
1568,8,8,0.9999691247940063
1569,6,6,0.9978858828544617
1570,0,0,0.9977055191993713
1571,4,4,0.9932973980903625
1572,8,8,0.9998886585235596
1573,8,8,0.9999172687530518
1574,2,2,0.9999986886978149
1575,4,4,0.9999914169311523
1576,7,7,0.9999270439147949
1577,6,6,0.9999412298202515
1578,6,6,0.999997615814209
1579,6,6,0.9887895584106445
1580,4,4,0.9999592304229736
1581,7,7,0.9822399616241455
1582,1,1,0.9980809688568115
1583,8,8,0.9999749660491943
1584,8,8,0.9996603727340698
1585,2,2,0.9999990463256836
1586,3,3,0.9979432225227356
1587,6,6,0.9361391663551331
1588,3,3,0.999998927116394
1589,0,0,0.999987006187439
1590,0,0,0.9998284578323364
1591,3,3,0.9989027976989746
1592,7,7,0.9994675517082214
1593,6,6,0.9968752861022949
1594,9,9,0.999599277973175
1595,7,7,0.9993864297866821
1596,9,9,0.9969444870948792
1597,9,9,0.9734055995941162
1598,5,5,0.999997615814209
1599,4,4,0.9999668598175049
1600,3,3,0.9900684952735901
1601,3,3,0.9980013966560364
1602,6,6,0.9999791383743286
1603,1,1,0.9984381794929504
1604,2,2,0.9999513626098633
1605,3,3,0.9999905824661255
1606,7,7,0.9999140501022339
1607,3,3,0.9965317845344543
1608,3,3,0.9999977350234985
1609,2,2,0.9615112543106079
1610,0,0,0.9999651908874512
1611,3,3,0.9358643293380737
1612,3,3,0.9998254179954529
1613,8,8,0.9998788833618164
1614,4,4,0.889894962310791
1615,3,3,0.999991774559021
1616,6,6,0.9998941421508789
1617,3,3,0.9607426524162292
1618,5,5,0.9827663898468018
1619,0,0,0.9998047947883606
1620,2,2,0.9997850060462952
1621,0,6,0.6920514106750488
1622,9,9,0.9999560117721558
1623,0,0,0.9999861717224121
1624,7,7,0.9996827840805054
1625,4,4,0.9999839067459106
1626,6,6,0.7214926481246948
1627,9,9,0.9999589920043945
1628,3,3,0.9997665286064148
1629,5,5,0.9999983310699463
1630,1,1,0.9994438290596008
1631,9,9,0.9998824596405029
1632,6,6,0.9999809265136719
1633,1,1,0.9996914863586426
1634,4,9,0.43776488304138184
1635,5,5,0.9999798536300659
1636,4,4,0.9999790191650391
1637,5,5,0.9981922507286072
1638,0,0,0.999822199344635
1639,5,5,0.9998476505279541
1640,9,9,0.9992682337760925
1641,5,8,0.6486285924911499
1642,2,2,0.9997519850730896
1643,1,1,0.9995007514953613
1644,2,2,0.9978051781654358
1645,9,9,0.9999963045120239
1646,1,1,0.9997569918632507
1647,9,9,0.9995421171188354
1648,9,9,0.9995880722999573
1649,4,4,0.9997691512107849
1650,0,0,0.9991621971130371
1651,8,8,0.9999996423721313
1652,4,4,0.9999812841415405
1653,5,5,0.9988797307014465
1654,2,2,0.9403434991836548
1655,9,9,0.9999498128890991
1656,2,2,0.9999884366989136
1657,1,1,0.9989985823631287
1658,2,2,0.9988712668418884
1659,1,1,0.9988401532173157
1660,7,7,0.9991175532341003
1661,3,3,0.9994082450866699
1662,6,6,0.9999969005584717
1663,8,8,0.9999997615814209
1664,8,8,0.9999719858169556
1665,4,4,0.9998576641082764
1666,9,9,0.999940037727356
1667,1,1,0.997821569442749
1668,9,9,0.9999798536300659
1669,8,8,0.9999879598617554
1670,5,5,0.9999330043792725
1671,7,7,0.7913329005241394
1672,5,5,0.9993242025375366
1673,1,1,0.9610652327537537
1674,1,1,0.9997099041938782
1675,8,8,0.9999836683273315
1676,6,6,0.9764735698699951
1677,5,5,0.999906063079834
1678,2,2,0.821678102016449
1679,4,4,0.9999909400939941
1680,4,4,0.9999512434005737
1681,3,3,0.7334555387496948
1682,2,2,0.9997652173042297
1683,3,3,0.9999988079071045
1684,5,5,0.9999576807022095
1685,6,6,0.9999967813491821
1686,8,8,0.9974378347396851
1687,8,8,0.9980977177619934
1688,6,6,0.9990085959434509
1689,2,2,0.9834374189376831
1690,3,3,0.9997732043266296
1691,1,1,0.964099645614624
1692,0,0,0.9999966621398926
1693,5,5,0.9999827146530151
1694,8,8,0.9935469031333923
1695,9,9,0.998681366443634
1696,2,2,0.9987403750419617
1697,9,9,0.9978604912757874
1698,6,6,1.0
1699,7,7,0.999975323677063
1700,0,0,0.9999618530273438
1701,4,4,0.9919196367263794
1702,8,8,0.9987578392028809
1703,7,7,0.9984873533248901
1704,1,1,0.9996172189712524
1705,7,7,0.9983528852462769
1706,4,4,0.9999277591705322
1707,1,1,0.9896689057350159
1708,0,0,0.9999978542327881
1709,9,3,0.2770999073982239
1710,7,7,0.9998735189437866
1711,2,2,0.9987888932228088
1712,0,0,0.9978413581848145
1713,0,0,0.9999725818634033
1714,9,9,0.9999521970748901
1715,1,1,0.999710738658905
1716,7,7,0.9946044087409973
1717,8,0,0.5076389908790588
1718,7,7,0.9998792409896851
1719,8,8,0.9999994039535522
1720,4,4,0.9999709129333496
1721,7,9,0.839492678642273
1722,2,2,0.7482637166976929
1723,0,0,0.999994158744812
1724,4,4,0.9999865293502808
1725,6,6,0.9090725779533386
1726,0,0,0.9999988079071045
1727,3,3,0.9998687505722046
1728,1,1,0.9992973804473877
1729,1,1,0.9958517551422119
1730,3,3,0.9990677237510681
1731,3,3,0.9999983310699463
1732,9,9,0.9999195337295532
1733,6,6,0.9999972581863403
1734,7,7,0.9994093179702759
1735,4,4,0.9999144077301025
1736,1,1,0.9970859885215759
1737,5,5,0.7158851623535156
1738,3,3,0.9999959468841553
1739,0,0,0.9999738931655884
1740,8,8,0.9992427825927734
1741,7,7,0.9993602633476257
1742,3,3,0.9999966621398926
1743,9,9,0.9982323050498962
1744,6,6,0.9999878406524658
1745,9,9,0.999923825263977
1746,3,3,0.9998570680618286
1747,5,5,0.9953546524047852
1748,0,0,0.9962723255157471
1749,2,2,0.9998345375061035
1750,7,7,0.9983488321304321
1751,4,4,0.9971338510513306
1752,5,5,0.9999864101409912
1753,1,1,0.9987550973892212
1754,7,7,0.8768671154975891
1755,5,5,0.9997159838676453
1756,8,8,0.9999072551727295
1757,0,0,0.9999845027923584
1758,8,8,0.9999992847442627
1759,8,8,0.9979488253593445
1760,1,1,0.9982119798660278
1761,5,5,0.9998453855514526
1762,0,0,0.9820875525474548
1763,3,3,0.9998053908348083
1764,0,0,0.9999569654464722
1765,3,3,0.9998836517333984
1766,1,1,0.999652624130249
1767,4,4,0.9992290735244751
1768,0,0,0.9999039173126221
1769,3,3,0.976905882358551
1770,7,7,0.9999521970748901
1771,2,2,0.9999864101409912
1772,7,7,0.9987136125564575
1773,1,1,0.6886309385299683
1774,8,8,0.9960718154907227
1775,0,0,0.9995120763778687
1776,7,7,0.9974180459976196
1777,0,0,0.9999909400939941
1778,4,4,0.999883770942688
1779,3,3,0.999958872795105
1780,1,1,0.9994494318962097
1781,9,9,0.9998001456260681
1782,8,8,0.9814900755882263
1783,7,7,0.9998630285263062
1784,7,7,0.9999876022338867
1785,1,1,0.9720831513404846
1786,4,4,0.9960120916366577
1787,9,9,0.9999891519546509
1788,9,9,0.9997287392616272
1789,3,3,0.9991021156311035
1790,2,8,0.8157033324241638
1791,1,1,0.9986701011657715
1792,7,7,0.9994845390319824
1793,9,9,0.9999958276748657
1794,0,0,0.9979689717292786
1795,2,2,0.9999995231628418
1796,0,0,0.9999954700469971
1797,3,3,0.995603084564209
1798,3,3,0.9999947547912598
1799,7,7,0.9998014569282532
1800,6,6,0.9907312989234924
1801,9,9,0.9999256134033203
1802,2,2,0.9999433755874634
1803,3,3,0.9999947547912598
1804,3,3,0.9999997615814209
1805,7,7,0.9999982118606567
1806,7,7,0.9995909333229065
1807,0,0,0.9999964237213135
1808,0,0,0.9947203397750854
1809,7,7,0.9689520001411438
1810,5,5,0.9999780654907227
1811,2,2,0.9983080625534058
1812,9,9,0.9992431402206421
1813,8,8,0.9993993043899536
1814,7,7,0.9998612403869629
1815,4,4,0.9998928308486938
1816,4,4,0.9998927116394043
1817,2,2,0.9999961853027344
1818,6,6,0.9996730089187622
1819,6,6,0.9988319277763367
1820,1,1,0.9997445940971375
1821,9,9,0.9999953508377075
1822,6,6,0.9952195286750793
1823,8,8,0.9974864721298218
1824,2,2,0.9999988079071045
1825,9,9,0.9983049631118774
1826,0,0,0.9999053478240967
1827,8,8,0.9999885559082031
1828,3,3,0.9886680245399475
1829,1,1,0.9980776309967041
1830,1,1,0.9995648264884949
1831,6,6,0.9997180104255676
1832,3,3,0.9999055862426758
1833,5,5,0.9353517889976501
1834,1,1,0.9997987151145935
1835,1,1,0.9995459914207458
1836,1,1,0.999160885810852
1837,3,3,0.9999736547470093
1838,1,1,0.9057484269142151
1839,2,2,0.9891653656959534
1840,3,3,0.9999915361404419
1841,0,0,0.9994680285453796
1842,2,2,0.9994346499443054
1843,0,0,0.9994631409645081
1844,1,1,0.9984416365623474
1845,3,3,0.9999681711196899
1846,5,5,0.9982911944389343
1847,5,5,0.9462059736251831
1848,7,7,0.9999058246612549
1849,4,4,0.998136043548584
1850,8,8,0.9997044205665588
1851,9,9,0.9991071820259094
1852,6,6,0.997132420539856
1853,9,9,0.9998130202293396
1854,6,6,0.9999998807907104
1855,8,8,0.999234676361084
1856,3,3,0.9996192455291748
1857,6,6,0.9989514350891113
1858,6,6,0.9999984502792358
1859,8,8,0.9999927282333374
1860,5,5,0.9993871450424194
1861,1,1,0.9948757290840149
1862,4,4,0.9998378753662109
1863,2,2,1.0
1864,4,4,0.9999587535858154
1865,4,4,0.9883911609649658
1866,5,5,0.9999895095825195
1867,1,1,0.9993981122970581
1868,1,1,0.9665250182151794
1869,9,9,0.9999701976776123
1870,0,0,0.9999871253967285
1871,2,2,0.9357132911682129
1872,4,4,0.9999988079071045
1873,9,9,0.999954104423523
1874,5,5,0.9871860146522522
1875,7,7,0.9999977350234985
1876,1,1,0.9998646974563599
1877,8,8,0.9999867677688599
1878,8,3,0.9321035146713257
1879,5,5,0.999397873878479
1880,6,6,0.972059965133667
1881,9,9,0.9997542500495911
1882,8,8,0.9999994039535522
1883,7,7,0.799172580242157
1884,1,1,0.9987140893936157
1885,1,1,0.9416384696960449
1886,6,6,0.9963770508766174
1887,7,7,0.9997515082359314
1888,6,6,0.9270617365837097
1889,3,3,0.9998880624771118
1890,2,2,1.0
1891,2,2,0.9999996423721313
1892,0,0,0.9999998807907104
1893,8,8,0.9999936819076538
1894,9,9,0.9994407296180725
1895,2,2,0.9999998807907104
1896,5,5,0.9995893836021423
1897,1,1,0.9998188614845276
1898,0,0,0.9976609945297241
1899,8,8,0.999758780002594
1900,1,1,0.9717773795127869
1901,9,4,0.9866885542869568
1902,5,5,0.9998339414596558
1903,7,7,0.8781865239143372
1904,9,9,0.9996154308319092
1905,6,6,0.9999958276748657
1906,9,9,0.9999898672103882
1907,0,0,0.9997878670692444
1908,6,6,0.9985893368721008
1909,1,1,0.9417774677276611
1910,5,5,0.9959235191345215
1911,5,5,0.9980486631393433
1912,8,8,0.999987006187439
1913,3,3,0.9926207065582275
1914,8,8,0.9999992847442627
1915,2,2,0.9998410940170288
1916,6,6,0.9994783997535706
1917,5,5,0.9739529490470886
1918,0,0,0.9999598264694214
1919,7,7,0.999862551689148
1920,4,4,0.9964714050292969
1921,6,6,0.999996542930603
1922,1,1,0.9992170333862305
1923,3,3,0.9999996423721313
1924,4,4,0.975765585899353
1925,7,7,0.9998588562011719
1926,3,3,0.9964048862457275
1927,2,2,0.9980471134185791
1928,3,3,0.9999889135360718
1929,4,4,0.9996103644371033
1930,2,2,0.9968293309211731
1931,5,5,0.9996778964996338
1932,2,2,0.9989433884620667
1933,7,7,0.9986469149589539
1934,1,1,0.9995633959770203
1935,7,7,0.9997947812080383
1936,2,2,0.9999619722366333
1937,6,6,0.9970170259475708
1938,4,4,0.9799081683158875
1939,1,1,0.9994315505027771
1940,5,5,0.922562301158905
1941,7,2,0.5449569225311279
1942,8,8,0.9999394416809082
1943,6,6,0.9966549873352051
1944,0,0,0.9999380111694336
1945,1,1,0.9986636638641357
1946,8,8,0.9999990463256836
1947,2,2,0.9947564601898193
1948,5,5,0.9873337745666504
1949,7,7,0.9952805638313293
1950,7,7,0.9999619722366333
1951,6,6,0.9994831085205078
1952,9,9,0.988661527633667
1953,3,3,0.9997754693031311
1954,5,5,0.9306530952453613
1955,8,8,0.9380160570144653
1956,4,4,0.9993945360183716
1957,2,2,0.9999873638153076
1958,4,4,0.9999997615814209
1959,0,0,0.9999150037765503
1960,8,8,0.9999977350234985
1961,8,8,0.9999759197235107
1962,3,3,0.9999991655349731
1963,4,4,0.9940810799598694
1964,9,9,0.9999041557312012
1965,2,2,0.9941991567611694
1966,7,7,0.9999980926513672
1967,5,5,0.9999992847442627
1968,8,8,0.9935046434402466
1969,6,6,0.9148017764091492
1970,5,5,0.9999957084655762
1971,6,6,0.9984007477760315
1972,0,0,0.9999884366989136
1973,8,8,0.9998321533203125
1974,6,6,0.9999865293502808
1975,7,7,0.9996582269668579
1976,3,3,0.9975785613059998
1977,6,6,0.9999804496765137
1978,4,4,0.9998916387557983
1979,9,9,0.9998477697372437
1980,4,4,0.9999995231628418
1981,6,6,0.9859894514083862
1982,6,6,0.4027002453804016
1983,3,3,0.999994158744812
1984,2,2,0.9947943091392517
1985,4,4,0.9999779462814331
1986,1,1,0.9993026256561279
1987,0,0,0.9978524446487427
1988,1,1,0.9950969815254211
1989,4,4,0.9257556796073914
1990,6,6,0.9993529915809631
1991,2,2,0.9998912811279297
1992,9,9,0.9986591339111328
1993,1,1,0.8000434637069702
1994,1,1,0.9844732284545898
1995,0,0,0.999974250793457
1996,6,6,0.9993282556533813
1997,3,3,0.9999912977218628
1998,9,9,0.9979773163795471
1999,5,5,0.9982068538665771
2000,6,6,0.9994315505027771
2001,5,5,0.9494365453720093
2002,6,6,0.9999687671661377
2003,5,5,0.9998832941055298
2004,8,8,0.9994671940803528
2005,4,4,0.9999843835830688
2006,6,6,0.9999762773513794
2007,4,4,0.9999990463256836
2008,3,3,0.9998608827590942
2009,9,9,0.9950507283210754
2010,1,1,0.9702789783477783
2011,3,3,0.999970555305481
2012,4,4,0.999996542930603
2013,1,1,0.9923736453056335
2014,9,9,0.9992260932922363
2015,1,1,0.998096764087677
2016,7,7,0.9988812804222107
2017,1,1,0.9991253018379211
2018,1,7,0.4882025718688965
2019,9,9,0.9999674558639526
2020,3,3,0.999976396560669
2021,5,5,0.9999128580093384
2022,4,4,0.9999511241912842
2023,0,0,0.9998681545257568
2024,7,9,0.7664677500724792
2025,3,3,0.9829425811767578
2026,6,6,0.9999905824661255
2027,1,1,0.99636310338974
2028,7,7,0.9991080164909363
2029,5,5,0.9973872303962708
2030,5,5,0.9997766613960266
2031,3,3,0.9999998807907104
2032,3,3,0.9999997615814209
2033,0,0,0.9996127486228943
2034,1,1,0.9991575479507446
2035,5,3,0.5276827812194824
2036,7,7,0.9964536428451538
2037,5,5,0.985706627368927
2038,8,8,0.9988620281219482
2039,6,6,0.9999699592590332
2040,5,5,0.5704807639122009
2041,1,1,0.9990039467811584
2042,0,0,0.9999818801879883
2043,4,4,0.8119457960128784
2044,2,2,0.9715547561645508
2045,3,3,0.9999971389770508
2046,4,4,0.9999735355377197
2047,6,6,0.9773807525634766
2048,7,7,0.7243936657905579
2049,9,9,0.9905473589897156
2050,8,8,0.9999576807022095
2051,1,1,0.9981794357299805
2052,8,8,0.6154646873474121
2053,4,4,0.5703251957893372
2054,9,9,0.9998766183853149
2055,2,2,0.997767448425293
2056,8,8,0.9991029500961304
2057,6,6,0.9999017715454102
2058,2,2,0.9729642868041992
2059,7,7,0.993309497833252
2060,0,0,0.9998394250869751
2061,0,0,0.9999847412109375
2062,6,6,0.9999996423721313
2063,7,7,0.9773250818252563
2064,5,5,0.9999047517776489
2065,8,8,0.9999455213546753
2066,6,6,0.9989067316055298
2067,0,0,0.9994636178016663
2068,9,9,0.998928964138031
2069,3,3,0.999998927116394
2070,7,9,0.6806949377059937
2071,1,1,0.9963545799255371
2072,3,3,0.9999980926513672
2073,5,5,0.9997641444206238
2074,4,4,0.996480405330658
2075,3,3,0.9998520612716675
2076,3,3,0.999998927116394
2077,5,5,0.9999624490737915
2078,5,5,0.9999977350234985
2079,6,6,0.9996620416641235
2080,3,3,0.999998927116394
2081,0,0,0.9999680519104004
2082,2,2,0.9999339580535889
2083,3,3,0.9999984502792358
2084,4,4,0.8758504986763
2085,2,2,0.9999239444732666
2086,3,3,0.9999017715454102
2087,0,0,0.9999953508377075
2088,9,9,0.999996542930603
2089,9,9,0.9997449517250061
2090,4,4,0.993817150592804
2091,7,7,0.9997546076774597
2092,2,2,0.9999908208847046
2093,8,8,0.9791026711463928
2094,4,4,0.9915673136711121
2095,7,7,0.9999645948410034
2096,0,0,0.9999874830245972
2097,6,6,0.9999732971191406
2098,2,2,0.5982425808906555
2099,8,8,0.9992175102233887
2100,5,5,0.9996258020401001
2101,2,2,0.99957674741745
2102,8,8,0.9999979734420776
2103,5,5,0.9998098015785217
2104,7,7,0.998528242111206
2105,3,3,0.9996867179870605
2106,0,0,0.9997687935829163
2107,8,8,0.8021062016487122
2108,2,2,0.9999369382858276
2109,3,9,0.8181968331336975
2110,2,2,0.9995173215866089
2111,8,8,0.9999998807907104
2112,2,2,0.9999680519104004
2113,5,5,0.9980884194374084
2114,5,5,0.9999668598175049
2115,7,7,0.999715268611908
2116,6,6,0.9290921688079834
2117,4,4,0.9999895095825195
2118,6,0,0.977828860282898
2119,8,8,0.9999992847442627
2120,4,4,0.9999750852584839
2121,8,8,0.999515175819397
2122,2,2,0.9994296431541443
2123,7,7,0.9991158843040466
2124,4,4,0.9999991655349731
2125,5,5,0.839927613735199
2126,2,2,0.9999954700469971
2127,0,0,0.9999980926513672
2128,3,3,0.999956488609314
2129,9,9,0.9054557085037231
2130,4,9,0.9902267456054688
2131,6,6,0.9568809866905212
2132,7,7,0.9913866519927979
2133,2,2,0.9995438456535339
2134,5,5,0.9998631477355957
2135,6,8,0.43034258484840393
2136,1,1,0.9948315620422363
2137,1,1,0.9989084005355835
2138,2,2,0.9984096884727478
2139,3,3,0.9999983310699463
2140,6,6,0.999995231628418
2141,7,7,0.9999475479125977
2142,8,8,0.9999996423721313
2143,7,7,0.9991673231124878
2144,6,6,0.9999393224716187
2145,4,4,0.9999865293502808
2146,8,8,0.9999804496765137
2147,9,9,0.9999208450317383
2148,4,4,0.5596305131912231
2149,8,8,0.9999122619628906
2150,6,6,0.9996991157531738
2151,3,3,0.9998146891593933
2152,8,8,0.999992847442627
2153,3,3,0.9892594814300537
2154,1,1,0.9994415640830994
2155,0,0,0.9999926090240479
2156,6,6,0.9995906949043274
2157,2,2,0.9998786449432373
2158,2,2,0.9988166093826294
2159,5,5,0.999930739402771
2160,6,6,0.9999362230300903
2161,9,9,0.9950483441352844
2162,5,5,0.9901464581489563
2163,8,8,0.9999994039535522
2164,1,1,0.998055100440979
2165,4,4,0.9999995231628418
2166,1,1,0.9909295439720154
2167,7,7,0.999946117401123
2168,8,8,0.9996789693832397
2169,4,4,0.9904108047485352
2170,6,6,0.9999998807907104
2171,1,1,0.9956102967262268
2172,8,8,0.9999998807907104
2173,4,4,0.9999979734420776
2174,3,3,0.9982722997665405
2175,1,1,0.9708399772644043
2176,2,2,0.9999501705169678
2177,8,8,0.999998927116394
2178,0,0,0.9998999834060669
2179,8,8,0.9994288086891174
2180,5,5,0.9999814033508301
2181,9,9,0.9999822378158569
2182,1,3,0.4112025201320648
2183,4,4,0.9999845027923584
2184,2,2,0.999994158744812
2185,0,8,0.7989250421524048
2186,2,0,0.49716266989707947
2187,7,7,0.9999866485595703
2188,0,0,0.9998059868812561
2189,9,9,0.5636792182922363
2190,0,0,0.9999703168869019
2191,2,2,0.9999977350234985
2192,5,5,0.9999169111251831
2193,7,7,0.9999408721923828
2194,6,6,0.9992210865020752
2195,7,7,0.9900310039520264
2196,9,9,0.9998853206634521
2197,4,4,0.9974420070648193
2198,2,2,0.9948338270187378
2199,6,6,0.9960610270500183
2200,2,2,0.9986932873725891
2201,4,4,0.9999866485595703
2202,4,4,0.9999908208847046
2203,8,8,0.9999977350234985
2204,0,0,0.9957088232040405
2205,4,4,0.9984238147735596
2206,4,4,0.9999544620513916
2207,5,5,0.9999980926513672
2208,8,8,0.9999257326126099
2209,0,0,0.9998606443405151
2210,6,6,0.9999186992645264
2211,8,8,0.9999996423721313
2212,9,9,0.9995232820510864
2213,8,8,1.0
2214,5,5,0.9999867677688599
2215,6,6,0.9856678247451782
2216,9,9,0.9999485015869141
2217,0,0,0.9999995231628418
2218,4,4,0.9998928308486938
2219,8,8,0.999954104423523
2220,7,7,0.9999959468841553
2221,1,1,0.9898396730422974
2222,3,3,0.9995437264442444
2223,4,4,0.9999834299087524
2224,5,8,0.6719675660133362
2225,8,8,0.9961685538291931
2226,0,0,0.999969482421875
2227,9,9,0.996231734752655
2228,1,1,0.9967303276062012
2229,3,3,0.9998522996902466
2230,3,3,0.9999980926513672
2231,6,6,0.9999997615814209
2232,9,9,0.9970237612724304
2233,8,8,0.9999916553497314
2234,7,7,0.998963475227356
2235,1,1,0.9982929825782776
2236,0,0,0.9999963045120239
2237,5,5,0.9858517050743103
2238,7,7,0.9993189573287964
2239,1,1,0.9982352256774902
2240,7,7,0.9999996423721313
2241,5,5,0.9999656677246094
2242,2,2,0.9982931017875671
2243,7,7,0.9997022747993469
2244,9,9,0.9999052286148071
2245,1,1,0.9946526288986206
2246,8,8,0.999672532081604
2247,5,5,0.9999991655349731
2248,2,2,0.9999039173126221
2249,4,4,0.9999997615814209
2250,9,9,0.9995822310447693
2251,4,4,0.9996784925460815
2252,7,7,0.9992672801017761
2253,2,2,0.9999744892120361
2254,2,2,0.9999579191207886
2255,3,3,0.9999587535858154
2256,4,4,0.9999983310699463
2257,9,9,0.9999804496765137
2258,1,1,0.9430974125862122
2259,9,9,0.999995231628418
2260,2,2,0.9999992847442627
2261,1,1,0.9994968175888062
2262,7,7,0.9961740374565125
2263,9,9,0.9999963045120239
2264,4,4,0.9999978542327881
2265,4,4,0.9998774528503418
2266,1,3,0.8110336065292358
2267,6,6,0.9999938011169434
2268,7,7,0.9988095760345459
2269,2,2,0.9999755620956421
2270,7,7,0.9999445676803589
2271,8,8,0.9999963045120239
2272,8,8,0.9412060379981995
2273,1,1,0.9847241640090942
2274,9,9,0.9999520778656006
2275,7,7,0.9994245767593384
2276,1,1,0.8862252831459045
2277,1,1,0.993380069732666
2278,7,7,0.9998754262924194
2279,5,5,0.9994874000549316
2280,3,5,0.7085272073745728
2281,3,3,0.9999951124191284
2282,5,5,0.9996009469032288
2283,1,1,0.999748170375824
2284,3,3,0.9999418258666992
2285,7,7,0.9999160766601562
2286,6,6,0.9998641014099121
2287,1,1,0.9993908405303955
2288,3,3,0.9999657869338989
2289,8,8,0.9990535378456116
2290,7,7,0.9995394945144653
2291,5,5,0.9987483024597168
2292,9,9,0.9994139671325684
2293,9,9,0.8083005547523499
2294,0,0,0.999805748462677
2295,0,0,0.9999957084655762
2296,2,2,0.978209912776947
2297,8,8,0.9999971389770508
2298,8,8,0.9989577531814575
2299,2,2,0.9610570073127747
2300,3,3,0.9817050695419312
2301,7,7,0.999974250793457
2302,1,1,0.9775312542915344
2303,3,3,0.9999943971633911
2304,0,0,0.9999024868011475
2305,3,3,0.9999459981918335
2306,4,4,0.9999014139175415
2307,4,4,0.9999203681945801
2308,3,3,0.9871717095375061
2309,8,8,0.972807765007019
2310,9,9,0.9996778964996338
2311,2,2,0.9992885589599609
2312,3,3,0.9995633959770203
2313,9,9,0.9998437166213989
2314,7,7,0.9770320057868958
2315,1,1,0.9993566870689392
2316,1,1,0.9995891451835632
2317,7,7,0.9999617338180542
2318,0,0,0.9864952564239502
2319,4,4,0.9999922513961792
2320,9,9,0.9763416051864624
2321,6,6,0.9999988079071045
2322,5,5,0.9999035596847534
2323,9,9,0.9998970031738281
2324,1,1,0.9973987340927124
2325,7,7,0.9943808913230896
2326,0,0,0.9821845293045044
2327,2,2,0.9990473389625549
2328,0,0,0.9974477291107178
2329,0,0,0.8504892587661743
2330,4,4,0.9998831748962402
2331,6,6,0.9996873140335083
2332,7,7,0.9994507431983948
2333,0,0,0.9959583878517151
2334,7,7,0.9965542554855347
2335,1,1,0.9995051622390747
2336,4,4,0.9999963045120239
2337,6,6,1.0
2338,4,4,0.9998538494110107
2339,5,5,0.95680171251297
2340,4,4,0.9999997615814209
2341,9,9,0.9997316002845764
2342,9,9,0.9999922513961792
2343,1,1,0.7744544148445129
2344,7,7,0.9999943971633911
2345,9,9,0.9987866282463074
2346,5,5,0.9999998807907104
2347,3,3,0.9998840093612671
2348,3,3,0.9958845973014832
2349,8,8,0.9999995231628418
2350,2,2,0.9999983310699463
2351,3,3,0.9972925782203674
2352,6,6,0.9999963045120239
2353,2,2,0.9999873638153076
2354,2,2,1.0
2355,1,1,0.9822750091552734
2356,1,1,0.9984404444694519
2357,1,1,0.999488115310669
2358,1,1,0.9950226545333862
2359,1,1,0.998435914516449
2360,6,6,0.9999996423721313
2361,9,9,0.9968685507774353
2362,8,8,0.9998354911804199
2363,4,4,0.9914731979370117
2364,3,3,0.9999914169311523
2365,7,7,0.9996134638786316
2366,1,1,0.9992813467979431
2367,6,6,0.999894380569458
2368,4,4,0.9999995231628418
2369,5,5,0.7890673875808716
2370,0,0,0.9998050332069397
2371,4,4,0.9794266223907471
2372,7,7,0.9851505160331726
2373,4,4,0.999998927116394
2374,2,2,0.9984939098358154
2375,4,4,0.9999841451644897
2376,0,0,0.9998639822006226
2377,7,7,0.999702513217926
2378,0,0,0.9992223978042603
2379,1,1,0.9999099969863892
2380,9,9,0.9980831146240234
2381,8,8,0.9999728202819824
2382,8,8,0.9936519861221313
2383,6,6,0.9999951124191284
2384,0,0,0.9993948936462402
2385,0,0,0.9999287128448486
2386,4,4,0.9996697902679443
2387,9,1,0.7480350136756897
2388,6,6,0.9993497729301453
2389,8,8,0.9999953508377075
2390,2,2,0.9999958276748657
2391,2,2,0.9999798536300659
2392,3,3,0.9998317956924438
2393,8,8,0.9981381893157959
2394,4,4,0.9960454106330872
2395,8,8,0.9966880679130554
2396,2,2,0.999932050704956
2397,2,2,0.9997723698616028
2398,1,1,0.8662015795707703
2399,7,7,0.9999215602874756
2400,5,5,0.9975584745407104
2401,4,4,0.9999985694885254
2402,4,4,0.9998536109924316
2403,0,0,0.9999570846557617
2404,4,4,0.9997956156730652
2405,3,3,0.9987695813179016
2406,9,9,0.35500460863113403
2407,7,7,0.9999963045120239
2408,3,3,0.8971711993217468
2409,1,1,0.9862954020500183
2410,0,0,0.9999039173126221
2411,1,1,0.99982750415802
2412,2,2,0.9996683597564697
2413,5,5,0.9999915361404419
2414,9,4,0.7321372032165527
2415,2,2,0.9997722506523132
2416,1,1,0.9983524084091187
2417,0,0,0.9998753070831299
2418,1,1,0.997139573097229
2419,8,8,0.9996308088302612
2420,9,9,0.9997033476829529
2421,1,1,0.9986312985420227
2422,6,6,0.9792467951774597
2423,8,8,0.9999926090240479
2424,3,3,0.9999086856842041
2425,8,8,0.9990469813346863
2426,9,9,0.8860011100769043
2427,3,3,0.9999994039535522
2428,6,6,0.9999723434448242
2429,2,2,0.9992425441741943
2430,8,8,0.9999831914901733
2431,3,3,0.9999992847442627
2432,2,2,0.9999054670333862
2433,2,2,0.8499614000320435
2434,1,1,0.9962515234947205
2435,0,0,0.9999970197677612
2436,4,4,0.9999583959579468
2437,2,2,0.9647568464279175
2438,9,9,0.9995551705360413
2439,2,2,0.9999942779541016
2440,4,4,0.9999927282333374
2441,3,3,0.9979022741317749
2442,7,7,0.9997518658638
2443,9,9,0.9999909400939941
2444,1,1,0.9976751208305359
2445,5,5,0.9992619156837463
2446,2,2,0.9999955892562866
2447,4,9,0.8421714305877686
2448,9,9,0.999218225479126
2449,0,0,0.9722166657447815
2450,3,3,0.9929801821708679
2451,8,8,0.9999997615814209
2452,5,5,1.0
2453,3,3,0.9999375343322754
2454,6,8,0.9247366786003113
2455,0,0,0.9622408747673035
2456,9,9,0.999419093132019
2457,4,4,0.9975727200508118
2458,6,6,0.9999991655349731
2459,2,2,0.994192898273468
2460,5,5,0.9984056353569031
2461,0,0,0.9999878406524658
2462,2,0,0.5856726765632629
2463,7,7,0.9952357411384583
2464,4,4,0.9970182180404663
2465,6,6,0.9999996423721313
2466,6,6,0.9999853372573853
2467,8,8,0.9999997615814209
2468,6,6,0.9999740123748779
2469,6,6,0.9996476173400879
2470,8,8,0.9999932050704956
2471,6,6,0.9999786615371704
2472,9,9,0.9989344477653503
2473,1,1,0.9064856171607971
2474,7,7,0.9999500513076782
2475,2,2,0.9999827146530151
2476,5,5,0.9993647933006287
2477,9,9,0.9999717473983765
2478,9,9,0.9998470544815063
2479,0,0,0.9997872710227966
2480,7,7,0.9618099331855774
2481,2,2,0.9958425164222717
2482,7,7,0.9996767044067383
2483,6,6,0.9999648332595825
2484,7,7,0.9998156428337097
2485,0,0,0.9999898672103882
2486,6,6,0.9999983310699463
2487,5,5,0.9999933242797852
2488,2,2,0.6396059393882751
2489,4,4,0.9994868040084839
2490,7,7,0.9965676069259644
2491,2,2,0.9999847412109375
2492,0,0,0.9999349117279053
2493,9,9,0.9999148845672607
2494,9,9,0.9999245405197144
2495,2,2,0.9999998807907104
2496,2,2,0.9996403455734253
2497,9,9,0.9990782737731934
2498,4,4,0.9999631643295288
2499,4,4,0.9999983310699463
2500,2,2,0.9965993762016296
2501,3,3,0.9999926090240479
2502,3,3,0.9999985694885254
2503,2,2,1.0
2504,1,1,0.9947998523712158
2505,7,7,0.9999822378158569
2506,0,0,0.9999772310256958
2507,7,7,0.9535667896270752
2508,6,6,0.9996145963668823
2509,4,4,0.9992654919624329
2510,1,1,0.9970834851264954
2511,3,3,0.9999551773071289
2512,8,8,0.9978722333908081
2513,7,7,0.9996932744979858
2514,4,4,0.9411276578903198
2515,5,5,0.9988514184951782
2516,9,9,0.9991565942764282
2517,2,2,0.9994966983795166
2518,5,5,0.9999997615814209
2519,1,1,0.9976720213890076
2520,8,8,0.9999902248382568
2521,7,7,0.9976412057876587
2522,3,3,0.9999778270721436
2523,7,7,0.9961077570915222
2524,1,1,0.9989778995513916
2525,5,5,0.9736316800117493
2526,5,5,0.8782323002815247
2527,0,0,0.9999732971191406
2528,9,9,0.9992857575416565
2529,1,1,0.9995684027671814
2530,4,4,0.9999926090240479
2531,0,0,0.999998927116394
2532,6,6,0.9650074243545532
2533,3,3,0.996793806552887
2534,3,3,0.9915825724601746
2535,6,6,0.9998199343681335
2536,0,0,0.9999659061431885
2537,4,4,0.9998965263366699
2538,9,9,0.9999624490737915
2539,7,7,0.9922153353691101
2540,5,5,0.9999229907989502
2541,1,1,0.9997308850288391
2542,6,6,0.9996127486228943
2543,8,8,0.9999747276306152
2544,9,9,0.9991287589073181
2545,5,5,0.9999247789382935
2546,5,5,0.9999996423721313
2547,7,7,0.9998593330383301
2548,9,9,0.9986924529075623
2549,3,3,0.9999879598617554
2550,8,8,0.9999911785125732
2551,3,3,0.9943607449531555
2552,8,8,0.9999973773956299
2553,1,1,0.9994088411331177
2554,5,5,0.9999992847442627
2555,3,3,0.9999945163726807
2556,5,5,0.9088573455810547
2557,0,0,0.9999901056289673
2558,5,5,0.9999983310699463
2559,5,5,0.993019163608551
2560,3,3,0.9268658757209778
2561,8,8,0.9999995231628418
2562,6,6,0.9996278285980225
2563,7,7,0.9999451637268066
2564,7,7,0.9997031092643738
2565,7,7,0.9999996423721313
2566,3,3,0.9999889135360718
2567,7,7,0.9996495246887207
2568,0,0,0.9999911785125732
2569,5,5,0.998934805393219
2570,9,9,0.9999644756317139
2571,0,0,0.9968292117118835
2572,2,2,0.9998074173927307
2573,5,5,0.9153128266334534
2574,5,5,0.989147424697876
2575,3,3,0.9999990463256836
2576,1,1,0.9887187480926514
2577,7,7,0.9994320273399353
2578,7,7,0.9288906455039978
2579,8,8,0.9999997615814209
2580,6,6,0.9997977614402771
2581,5,5,0.9996922016143799
2582,9,9,0.9635414481163025
2583,3,3,0.9999713897705078
2584,8,8,0.9999996423721313
2585,9,9,0.9990752935409546
2586,5,5,0.9998326301574707
2587,3,3,0.999488353729248
2588,7,7,0.999764621257782
2589,9,9,0.99130779504776
2590,1,1,0.9988816380500793
2591,7,7,0.9996004700660706
2592,0,0,0.9999877214431763
2593,0,0,0.999479353427887
2594,3,3,0.9997557997703552
2595,7,7,0.9999990463256836
2596,2,2,0.9786996841430664
2597,5,3,0.9927830696105957
2598,8,8,0.991585373878479
2599,1,1,0.9990529417991638
2600,8,8,0.9999997615814209
2601,6,6,0.9996895790100098
2602,2,2,0.9963052272796631
2603,9,9,0.9998706579208374
2604,5,5,0.9990270137786865
2605,7,7,0.9999982118606567
2606,5,5,0.9999887943267822
2607,7,8,0.503873884677887
2608,8,8,0.9997281432151794
2609,6,6,0.9986758828163147
2610,2,2,0.9987601041793823
2611,5,5,0.9999207258224487
2612,1,1,0.9981174468994141
2613,4,4,0.9999996423721313
2614,8,8,0.9999631643295288
2615,4,4,0.9999988079071045
2616,5,5,0.9998279809951782
2617,8,8,0.9979586601257324
2618,3,3,0.8774279952049255
2619,0,0,0.9999109506607056
2620,6,6,0.9990899562835693
2621,2,2,1.0
2622,7,7,0.9997496008872986
2623,3,3,0.9999755620956421
2624,3,3,0.9999287128448486
2625,2,2,0.9969411492347717
2626,1,1,0.999459445476532
2627,0,0,0.9999922513961792
2628,7,7,0.9996364116668701
2629,3,3,0.9975663423538208
2630,4,4,0.9236459732055664
2631,0,0,0.9750664830207825
2632,3,3,0.9999986886978149
2633,9,9,0.9999877214431763
2634,3,3,0.9999363422393799
2635,2,2,0.9951803684234619
2636,8,8,0.9999936819076538
2637,9,9,0.9999889135360718
2638,0,0,0.9998825788497925
2639,3,3,0.9996671676635742
2640,8,8,0.9997500777244568
2641,0,0,0.9999692440032959
2642,7,7,0.9880727529525757
2643,6,6,0.9999643564224243
2644,5,5,0.9999951124191284
2645,4,4,0.9938552975654602
2646,7,7,0.9996974468231201
2647,3,3,0.9999632835388184
2648,9,9,0.9734199643135071
2649,0,0,0.9982315897941589
2650,8,8,0.9999606609344482
2651,6,6,0.9907163381576538
2652,2,2,0.9990498423576355
2653,5,5,0.9999996423721313
2654,6,1,0.9824711680412292
2655,1,1,0.9983506202697754
2656,0,0,0.9996084570884705
2657,0,0,0.9999979734420776
2658,4,4,0.999772846698761
2659,4,4,0.9805160760879517
2660,0,0,0.9992998838424683
2661,1,1,0.9985187649726868
2662,2,2,0.9999995231628418
2663,3,3,0.9999864101409912
2664,2,2,0.999976634979248
2665,7,7,0.9981924891471863
2666,7,7,0.9994074106216431
2667,8,8,0.9999779462814331
2668,5,5,0.9701219797134399
2669,2,2,0.9999998807907104
2670,5,5,0.9942806959152222
2671,7,7,0.9909408688545227
2672,6,6,0.9997121691703796
2673,9,9,0.9999271631240845
2674,1,1,0.9963202476501465
2675,4,4,0.9999997615814209
2676,1,1,0.997506320476532
2677,6,6,0.9998854398727417
2678,4,4,0.9939411878585815
2679,2,2,0.9999982118606567
2680,4,4,0.999427080154419
2681,3,3,0.9977220892906189
2682,5,5,0.999995231628418
2683,4,4,0.999322772026062
2684,3,3,0.9986703395843506
2685,9,9,0.9997743964195251
2686,5,5,0.9667162895202637
2687,0,0,0.9998370409011841
2688,1,1,0.9997029900550842
2689,5,5,0.9893378019332886
2690,3,3,0.9999903440475464
2691,8,8,0.9999920129776001
2692,9,9,0.9997058510780334
2693,1,1,0.9994574189186096
2694,9,9,0.999121367931366
2695,7,7,0.9990890026092529
2696,9,9,0.998994767665863
2697,5,5,0.999927282333374
2698,5,5,0.998318076133728
2699,2,2,0.9962952733039856
2700,7,7,0.9788811206817627
2701,4,4,0.9999731779098511
2702,6,6,0.999625563621521
2703,0,0,0.9999924898147583
2704,1,1,0.9991348385810852
2705,1,1,0.4976946711540222
2706,1,1,0.9966314435005188
2707,0,0,0.9999990463256836
2708,4,4,0.998512327671051
2709,4,4,0.998946487903595
2710,7,7,0.9988170862197876
2711,6,6,0.9999998807907104
2712,3,3,0.9999170303344727
2713,0,0,0.8067912459373474
2714,0,0,0.9999891519546509
2715,4,4,0.9998892545700073
2716,3,3,0.9999886751174927
2717,0,0,0.9999682903289795
2718,6,6,0.9783511757850647
2719,1,1,0.9979010820388794
2720,9,4,0.7139883637428284
2721,6,6,0.9648706912994385
2722,1,1,0.9931572079658508
2723,3,3,0.9998372793197632
2724,8,8,0.9999920129776001
2725,1,1,0.9954232573509216
2726,2,2,0.9996258020401001
2727,5,5,0.999998927116394
2728,6,6,0.9999269247055054
2729,2,2,0.9999988079071045
2730,7,7,0.9712235331535339
2731,3,3,0.9998018145561218
2732,6,6,0.9602877497673035
2733,0,0,0.9999938011169434
2734,1,1,0.9852113723754883
2735,9,9,0.990475594997406
2736,7,7,0.9996455907821655
2737,6,6,0.9999483823776245
2738,6,6,0.9999998807907104
2739,8,8,0.9999315738677979
2740,9,9,0.9995469450950623
2741,2,2,0.9999548196792603
2742,9,9,0.8282066583633423
2743,5,5,0.8351788520812988
2744,8,8,0.9999786615371704
2745,3,3,0.9995114803314209
2746,1,1,0.999462902545929
2747,0,0,0.9997355341911316
2748,0,0,0.9988037347793579
2749,7,7,0.9985371828079224
2750,6,6,0.9899896383285522
2751,6,6,0.9986691474914551
2752,2,2,1.0
2753,1,1,0.9666807651519775
2754,6,6,0.9908705353736877
2755,9,9,0.9991229176521301
2756,3,3,0.9999276399612427
2757,1,1,0.9998531341552734
2758,8,8,0.9879074692726135
2759,6,6,0.9999966621398926
2760,9,9,0.6492456197738647
2761,0,0,0.9995905756950378
2762,6,6,0.999816358089447
2763,0,0,0.9999867677688599
2764,0,0,0.9998961687088013
2765,0,0,0.9999499320983887
2766,6,6,0.999909520149231
2767,3,3,0.9997794032096863
2768,5,5,0.9999994039535522
2769,9,9,0.9898137450218201
2770,3,3,0.9434061646461487
2771,4,9,0.6954126358032227
2772,5,5,0.999969482421875
2773,5,5,0.9995989203453064
2774,8,8,0.9999997615814209
2775,5,5,0.999955415725708
2776,3,3,0.9999905824661255
2777,0,0,0.9991075396537781
2778,4,4,0.9585903882980347
2779,0,0,0.9999982118606567
2780,2,2,0.9513377547264099
2781,9,9,0.9998458623886108
2782,6,6,0.9990140199661255
2783,8,8,0.996342122554779
2784,2,2,0.999458372592926
2785,3,3,0.9999997615814209
2786,1,1,0.996674656867981
2787,2,2,0.9999910593032837
2788,1,1,0.9990110397338867
2789,1,1,0.9990008473396301
2790,5,5,1.0
2791,6,6,0.9981021285057068
2792,9,9,0.9999690055847168
2793,8,8,0.9986762404441833
2794,0,0,0.9985527396202087
2795,6,6,0.9999954700469971
2796,6,6,0.9995286464691162
2797,5,5,0.9999475479125977
2798,5,5,0.9999908208847046
2799,3,3,0.9999749660491943
2800,8,8,0.9997654557228088
2801,6,6,0.9998478889465332
2802,2,2,0.9999206066131592
2803,1,1,0.9367595911026001
2804,4,4,0.9999488592147827
2805,5,5,0.9917707443237305
2806,4,4,0.9999974966049194
2807,3,3,0.9999949932098389
2808,7,7,0.8643261790275574
2809,8,8,0.9999988079071045
2810,5,5,0.9787038564682007
2811,0,0,0.9999964237213135
2812,9,9,0.9953238368034363
2813,3,3,0.999852180480957
2814,5,5,0.9981781244277954
2815,1,1,0.9981173276901245
2816,1,1,0.9985322952270508
2817,0,0,0.9997325539588928
2818,4,4,0.989303469657898
2819,4,4,0.9999843835830688
2820,7,7,0.999942421913147
2821,0,0,0.9999114274978638
2822,1,1,0.999190628528595
2823,7,7,0.7962182760238647
2824,0,0,0.9999630451202393
2825,1,1,0.96578449010849
2826,6,6,0.9999938011169434
2827,1,1,0.9890833497047424
2828,4,4,0.9949207901954651
2829,5,5,0.9993768334388733
2830,6,6,0.9999995231628418
2831,6,6,0.984616756439209
2832,5,5,0.9999759197235107
2833,7,7,0.9999996423721313
2834,8,8,0.9999803304672241
2835,4,4,0.999984860420227
2836,4,2,0.601117730140686
2837,7,7,0.9999827146530151
2838,2,2,0.9999464750289917
2839,5,5,0.9999921321868896
2840,3,3,0.9999797344207764
2841,7,7,0.9997125267982483
2842,0,0,0.9999973773956299
2843,7,7,0.9987285733222961
2844,7,7,0.999885082244873
2845,9,9,0.9998756647109985
2846,6,6,0.9996590614318848
2847,4,4,0.9964894652366638
2848,2,2,0.998621940612793
2849,8,8,1.0
2850,5,5,0.9971218705177307
2851,7,7,0.7583972215652466
2852,8,8,0.999750554561615
2853,3,3,0.9681609272956848
2854,9,9,0.9962524771690369
2855,5,5,0.9997357726097107
2856,8,8,0.999984622001648
2857,9,9,0.9998756647109985
2858,9,9,0.9996888637542725
2859,8,8,0.9999912977218628
2860,6,6,0.7849887609481812
2861,2,2,0.9921173453330994
2862,8,8,0.9994658827781677
2863,9,9,0.9457615613937378
2864,2,2,0.9987245202064514
2865,3,3,0.9999997615814209
2866,6,6,0.9988215565681458
2867,1,1,0.9933879375457764
2868,1,1,0.9998551607131958
2869,8,8,0.9999951124191284
2870,9,9,0.9999449253082275
2871,3,3,0.9999423027038574
2872,4,4,0.9902978539466858
2873,0,0,0.999972939491272
2874,7,7,0.9999775886535645
2875,9,9,0.9991330504417419
2876,6,6,0.9995496869087219
2877,4,4,0.9883169531822205
2878,1,1,0.9978591799736023
2879,4,4,0.9995135068893433
2880,1,1,0.9997382760047913
2881,3,3,0.9999568462371826
2882,4,4,0.9999512434005737
2883,9,9,0.9999444484710693
2884,3,3,0.9999942779541016
2885,1,1,0.9761949181556702
2886,4,4,0.9999936819076538
2887,7,7,0.9998252987861633
2888,7,7,0.9997770190238953
2889,4,4,0.9999964237213135
2890,7,7,0.9998593330383301
2891,2,2,0.9996474981307983
2892,9,9,0.9999921321868896
2893,3,3,0.9999986886978149
2894,0,0,0.9969735145568848
2895,8,8,0.9999998807907104
2896,8,0,0.9953433275222778
2897,8,8,0.9999796152114868
2898,4,4,0.9998751878738403
2899,0,0,0.9999063014984131
2900,4,4,0.9999969005584717
2901,4,4,0.9955111742019653
2902,1,1,0.9870299696922302
2903,5,5,0.9999996423721313
2904,2,2,1.0
2905,8,8,0.9999728202819824
2906,3,3,0.9997206330299377
2907,4,4,0.9049472212791443
2908,9,9,0.9999854564666748
2909,5,5,0.9998500347137451
2910,2,2,0.9483880400657654
2911,8,8,0.9973056316375732
2912,1,1,0.9989284873008728
2913,5,5,0.996973991394043
2914,3,3,0.9997325539588928
2915,7,7,0.9688096642494202
2916,9,9,0.9949337840080261
2917,4,4,0.992861807346344
2918,2,2,1.0
2919,5,5,0.9973860383033752
2920,6,6,0.9995017051696777
2921,3,3,0.8619808554649353
2922,5,5,0.9999996423721313
2923,9,9,0.9998778104782104
2924,3,3,0.9999881982803345
2925,5,5,0.9929394721984863
2926,9,9,0.999592125415802
2927,3,7,0.6504861116409302
2928,1,1,0.999367892742157
2929,9,9,0.9998917579650879
2930,5,5,0.9374950528144836
2931,3,3,0.9995211362838745
2932,0,0,0.9998575448989868
2933,6,6,0.9999262094497681
2934,9,9,0.9993808269500732
2935,8,8,0.9999998807907104
2936,4,4,0.9999346733093262
2937,0,0,0.9997791647911072
2938,4,4,0.9979801774024963
2939,9,5,0.841080904006958
2940,2,2,0.9382580518722534
2941,9,9,0.9999914169311523
2942,0,0,0.9999872446060181
2943,1,1,0.9949448704719543
2944,0,0,0.9535092115402222
2945,3,3,0.7235185503959656
2946,1,1,0.9897127151489258
2947,6,6,0.999870777130127
2948,5,5,0.9991679191589355
2949,8,8,0.9999016523361206
2950,1,1,0.999526858329773
2951,5,5,0.9995889067649841
2952,3,5,0.5477601289749146
2953,3,3,0.9701659679412842
2954,0,0,0.9988579750061035
2955,3,3,0.9998540878295898
2956,5,5,0.9104487299919128
2957,5,5,0.9997811913490295
2958,9,9,0.9998773336410522
2959,2,2,0.9818927049636841
2960,8,8,0.9999831914901733
2961,7,7,0.9974678754806519
2962,0,0,0.999992847442627
2963,4,4,0.999997615814209
2964,9,9,0.9962783455848694
2965,1,1,0.9997171759605408
2966,9,9,0.9995488524436951
2967,7,7,0.9999258518218994
2968,7,7,0.9988679885864258
2969,5,5,0.9999170303344727
2970,5,3,0.6332224011421204
2971,2,2,0.9998617172241211
2972,0,0,0.9903276562690735
2973,9,9,0.999886155128479
2974,1,1,0.9987142086029053
2975,8,8,0.9869281649589539
2976,6,6,0.9797095060348511
2977,2,2,0.9921311736106873
2978,3,3,0.9998639822006226
2979,9,9,0.7844765782356262
2980,6,6,0.9999990463256836
2981,2,2,0.9998579025268555
2982,1,1,0.9994369149208069
2983,9,9,0.9999973773956299
2984,1,1,0.9996358156204224
2985,3,3,0.9999483823776245
2986,5,5,0.9997636675834656
2987,5,5,0.9978408813476562
2988,0,0,0.9998162388801575
2989,3,3,0.9998725652694702
2990,8,8,0.9459425210952759
2991,3,3,0.9999469518661499
2992,3,3,0.9992057681083679
2993,7,7,0.9968007802963257
2994,6,6,0.9988062381744385
2995,6,8,0.8956748843193054
2996,0,0,0.9999992847442627
2997,1,1,0.9997251629829407
2998,4,4,0.9858421683311462
2999,0,0,0.9999483823776245
3000,6,6,0.9979091286659241
3001,9,9,0.999622106552124
3002,8,8,0.9999977350234985
3003,1,1,0.9971318244934082
3004,2,2,0.9995514750480652
3005,9,9,0.9749161005020142
3006,9,9,0.9999384880065918
3007,5,5,0.999206006526947
3008,9,9,0.9999856948852539
3009,7,7,0.9998326301574707
3010,3,3,0.9999727010726929
3011,7,7,0.9998793601989746
3012,8,8,0.8367799520492554
3013,0,0,0.9999947547912598
3014,1,1,0.9993357062339783
3015,3,3,0.9999973773956299
3016,0,0,0.9999067783355713
3017,4,4,0.9999173879623413
3018,6,6,0.9996501207351685
3019,1,1,0.9965043067932129
3020,0,0,0.999953031539917
3021,2,2,0.894570529460907
3022,5,5,0.9999581575393677
3023,8,8,0.9700835347175598
3024,4,4,0.9999972581863403
3025,4,4,0.9999929666519165
3026,1,1,0.9932863116264343
3027,1,1,0.9982349872589111
3028,5,5,1.0
3029,4,4,0.9997939467430115
3030,6,8,0.7351977825164795
3031,6,6,0.9999996423721313
3032,0,0,0.9999943971633911
3033,6,6,0.9998341798782349
3034,9,9,0.9997225403785706
3035,2,2,1.0
3036,6,6,0.9999954700469971
3037,2,2,0.9999986886978149
3038,7,7,0.994659960269928
3039,1,1,0.9884862899780273
3040,7,7,0.9950716495513916
3041,9,9,0.9999945163726807
3042,4,4,0.9999985694885254
3043,0,0,0.9999432563781738
3044,0,0,0.9999850988388062
3045,3,3,0.9999998807907104
3046,8,8,0.9999977350234985
3047,2,2,0.9998385906219482
3048,2,2,0.999934196472168
3049,3,3,0.9998410940170288
3050,1,1,0.9997499585151672
3051,6,6,0.9990787506103516
3052,0,0,0.9999991655349731
3053,5,5,0.9999985694885254
3054,7,7,0.9911156892776489
3055,7,7,0.9996188879013062
3056,9,9,0.9966616630554199
3057,2,2,0.9999885559082031
3058,6,6,0.9999194145202637
3059,7,7,0.9990178346633911
3060,9,7,0.534169614315033
3061,7,7,0.9999332427978516
3062,8,8,0.9689935445785522
3063,6,6,0.9999067783355713
3064,8,8,0.9998724460601807
3065,8,8,0.9979405999183655
3066,4,4,0.9999855756759644
3067,6,6,0.9999957084655762
3068,8,8,0.9994358420372009
3069,4,4,0.9995194673538208
3070,1,1,0.9982762336730957
3071,2,2,0.9999992847442627
3072,8,8,0.9999992847442627
3073,1,2,0.8306354880332947
3074,3,3,0.9999998807907104
3075,9,9,0.9999970197677612
3076,4,4,0.9999998807907104
3077,0,0,0.9996108412742615
3078,3,3,0.996863842010498
3079,7,7,0.9999755620956421
3080,3,3,0.9999997615814209
3081,2,2,0.999998927116394
3082,3,3,0.9999791383743286
3083,3,3,0.999993085861206
3084,7,7,0.9895215034484863
3085,3,3,0.999144434928894
3086,4,4,0.9996010661125183
3087,0,0,0.999985933303833
3088,6,6,0.9999809265136719
3089,2,2,0.9997599720954895
3090,0,0,0.999958872795105
3091,8,8,0.999976634979248
3092,1,1,0.9965588450431824
3093,5,5,0.999870777130127
3094,3,3,0.9997237324714661
3095,5,5,0.9999990463256836
3096,4,4,0.9998107552528381
3097,1,1,0.9988447427749634
3098,7,7,0.993267297744751
3099,1,1,0.998336672782898
3100,5,5,0.8176406025886536
3101,7,7,0.9946263432502747
3102,5,5,0.973497211933136
3103,7,7,0.998676598072052
3104,3,3,0.9999979734420776
3105,2,2,0.9999998807907104
3106,2,2,0.9939764738082886
3107,7,7,0.997138261795044
3108,3,3,0.9991217255592346
3109,7,7,0.9361690282821655
3110,3,3,0.9998724460601807
3111,7,7,0.9989714622497559
3112,8,8,0.9999164342880249
3113,5,5,0.9999991655349731
3114,4,4,0.9985900521278381
3115,5,5,0.981639564037323
3116,2,2,0.9999997615814209
3117,5,5,0.9969985485076904
3118,6,6,0.9998903274536133
3119,5,5,0.9999988079071045
3120,3,3,0.999995231628418
3121,6,6,0.9993218183517456
3122,7,7,0.9919860363006592
3123,4,4,0.9996680021286011
3124,1,1,0.9972051978111267
3125,7,7,0.9999649524688721
3126,1,1,0.9996615648269653
3127,5,5,0.9966583251953125
3128,2,2,0.9999914169311523
3129,3,3,0.9743738770484924
3130,6,6,0.7483355402946472
3131,3,3,0.9999865293502808
3132,1,1,0.9245331287384033
3133,4,4,0.9851195216178894
3134,2,2,0.9952797889709473
3135,6,6,0.9999912977218628
3136,7,7,0.9760419130325317
3137,4,4,0.9999552965164185
3138,3,3,0.9979931116104126
3139,8,8,0.9999912977218628
3140,0,0,0.9999862909317017
3141,6,6,0.9996366500854492
3142,2,2,0.9999880790710449
3143,1,1,0.9992769360542297
3144,6,6,1.0
3145,5,5,0.9994937181472778
3146,3,3,0.9595115184783936
3147,9,9,0.999963641166687
3148,1,1,0.9990763664245605
3149,9,9,0.9999743700027466
3150,3,3,0.999982476234436
3151,2,2,0.9915444850921631
3152,1,1,0.9970759153366089
3153,8,8,0.9999268054962158
3154,4,4,0.999863862991333
3155,4,4,0.9998553991317749
3156,6,6,0.9998348951339722
3157,5,5,0.9621504545211792
3158,8,8,0.9998618364334106
3159,6,6,0.9999517202377319
3160,9,9,0.9873276352882385
3161,7,7,0.9981175661087036
3162,7,7,0.9998688697814941
3163,8,8,0.9992719292640686
3164,6,6,0.999995231628418
3165,9,9,0.9999390840530396
3166,7,7,0.998984158039093
3167,3,3,0.9883363842964172
3168,9,9,0.9999637603759766
3169,4,4,0.9999964237213135
3170,0,0,0.9999949932098389
3171,5,5,0.9853721261024475
3172,4,4,0.919379711151123
3173,6,6,0.9971407651901245
3174,4,4,0.9999871253967285
3175,1,1,0.9984685778617859
3176,2,2,0.9905965328216553
3177,3,3,0.9999988079071045
3178,0,0,0.9999780654907227
3179,0,0,0.9999983310699463
3180,2,2,0.9999903440475464
3181,6,6,0.999254047870636
3182,6,6,0.999955415725708
3183,5,5,0.9999973773956299
3184,7,7,0.9824490547180176
3185,0,0,0.9981155395507812
3186,8,8,0.99981290102005
3187,6,6,0.9999719858169556
3188,4,4,0.9999997615814209
3189,7,7,0.9557889699935913
3190,9,9,0.9999701976776123
3191,0,0,0.9999257326126099
3192,7,7,0.9999440908432007
3193,3,3,0.999858021736145
3194,4,4,0.9994832277297974
3195,2,2,0.9999995231628418
3196,1,1,0.9559438228607178
3197,8,8,0.9999973773956299
3198,8,8,1.0
3199,5,5,0.9999992847442627
3200,9,9,0.9998144507408142
3201,2,2,0.9999996423721313
3202,7,7,0.9991993308067322
3203,1,1,0.9961051940917969
3204,8,8,0.9994432330131531
3205,8,8,0.9999688863754272
3206,8,8,0.9960001111030579
3207,2,2,0.9885075092315674
3208,7,7,0.9996414184570312
3209,6,6,0.9994744658470154
3210,0,0,0.999845027923584
3211,1,1,0.9913924932479858
3212,2,2,0.9999992847442627
3213,7,7,0.9341411590576172
3214,1,1,0.9985047578811646
3215,0,0,0.9999959468841553
3216,8,8,0.9999731779098511
3217,3,3,0.9999998807907104
3218,6,5,0.5173136591911316
3219,0,0,0.9989890456199646
3220,5,5,0.9999990463256836
3221,3,3,0.9999951124191284
3222,6,6,0.9729791879653931
3223,2,2,0.9999996423721313
3224,8,8,0.9999257326126099
3225,7,7,0.5117645263671875
3226,0,0,0.9999977350234985
3227,1,1,0.998977541923523
3228,4,4,0.9999415874481201
3229,2,2,0.9981237053871155
3230,1,1,0.9985879063606262
3231,1,1,0.9993686079978943
3232,4,4,0.9999058246612549
3233,4,4,0.9996330738067627
3234,4,4,1.0
3235,4,4,0.9851983189582825
3236,7,7,0.9631842970848083
3237,1,1,0.9977104663848877
3238,6,6,0.9783323407173157
3239,2,2,0.9995323419570923
3240,9,9,0.9748212695121765
3241,9,9,0.9999935626983643
3242,0,0,0.9998798370361328
3243,0,0,0.9996362924575806
3244,1,1,0.9986500144004822
3245,8,8,0.9995253086090088
3246,8,8,0.9992480874061584
3247,4,4,0.9997434020042419
3248,3,3,0.9999836683273315
3249,4,4,0.9999700784683228
3250,2,2,0.9940738081932068
3251,0,0,0.9998317956924438
3252,6,6,0.9978898167610168
3253,1,1,0.9981052875518799
3254,6,6,0.9841906428337097
3255,1,1,0.9992069602012634
3256,2,2,0.9985294342041016
3257,2,2,0.9999988079071045
3258,2,2,0.999994158744812
3259,1,1,0.9921028017997742
3260,2,2,0.8922767639160156
3261,3,3,0.9410915970802307
3262,7,7,0.9937961101531982
3263,8,8,0.9999209642410278
3264,1,1,0.9977759718894958
3265,0,0,0.9999889135360718
3266,0,0,0.9995005130767822
3267,2,2,0.9984976053237915
3268,1,1,0.9997338652610779
3269,6,6,0.9986574649810791
3270,6,6,0.9999679327011108
3271,0,0,0.9999985694885254
3272,1,1,0.9957249164581299
3273,6,6,0.9944104552268982
3274,2,2,0.9999943971633911
3275,5,5,0.9991517066955566
3276,1,1,0.9996703863143921
3277,7,7,0.9996713399887085
3278,4,4,0.9999837875366211
3279,8,8,0.9999847412109375
3280,2,2,0.9900229573249817
3281,1,1,0.9988387227058411
3282,4,4,0.9851283431053162
3283,3,3,0.9998712539672852
3284,8,8,0.99967360496521
3285,3,3,0.9999433755874634
3286,9,9,0.999987006187439
3287,9,9,0.9999567270278931
3288,4,4,0.8706456422805786
3289,8,8,0.5777286887168884
3290,3,3,0.9978297352790833
3291,4,4,0.9980552196502686
3292,7,7,0.9959946870803833
3293,2,2,0.999997615814209
3294,7,7,0.999832034111023
3295,5,5,0.9999551773071289
3296,7,7,0.9981887936592102
3297,0,0,0.9999915361404419
3298,4,4,0.9999929666519165
3299,3,3,0.9999841451644897
3300,3,3,0.9999324083328247
3301,2,2,0.999980092048645
3302,6,6,0.9973171353340149
3303,7,7,0.9574800133705139
3304,6,6,0.9991058707237244
3305,0,0,0.9971702694892883
3306,0,0,0.9999502897262573
3307,6,6,0.9999979734420776
3308,7,7,0.9996978044509888
3309,7,7,0.9997462630271912
3310,0,0,0.999902606010437
3311,5,5,0.999963641166687
3312,5,5,0.9967395663261414
3313,8,8,0.9999940395355225
3314,1,1,0.999895453453064
3315,0,0,0.9999994039535522
3316,7,7,0.4450392425060272
3317,0,0,0.9982554316520691
3318,2,2,0.9998619556427002
3319,8,8,0.999077558517456
3320,1,1,0.9993864297866821
3321,5,5,0.9982337951660156
3322,0,0,0.9999394416809082
3323,8,8,0.9991599321365356
3324,8,8,0.9999940395355225
3325,0,0,0.9999887943267822
3326,3,3,0.9999372959136963
3327,2,2,0.9998264908790588
3328,7,7,0.9955911636352539
3329,7,7,0.9947803616523743
3330,2,2,0.9033796191215515
3331,6,6,0.9881454706192017
3332,4,4,0.9999511241912842
3333,7,9,0.6795725226402283
3334,5,5,0.9967857599258423
3335,5,5,0.9999673366546631
3336,5,5,0.9519444704055786
3337,2,2,0.9871248602867126
3338,9,9,0.999934196472168
3339,2,2,0.9805121421813965
3340,8,8,0.999935507774353
3341,4,4,0.999982476234436
3342,6,6,0.9469231963157654
3343,8,8,0.9999475479125977
3344,6,6,0.9798229336738586
3345,5,5,0.9997050166130066
3346,0,0,0.9999780654907227
3347,0,0,0.9996826648712158
3348,8,8,0.999972939491272
3349,7,7,0.9998620748519897
3350,6,6,0.9998045563697815
3351,1,1,0.9865062832832336
3352,7,7,0.9995816349983215
3353,1,1,0.9983552098274231
3354,1,1,0.9997891783714294
3355,2,2,0.9999997615814209
3356,7,7,0.9999977350234985
3357,4,4,0.9999915361404419
3358,0,0,0.9856824278831482
3359,0,0,0.9999874830245972
3360,7,7,0.9991897940635681
3361,7,7,0.9916207790374756
3362,6,6,0.9999995231628418
3363,3,3,0.9998990297317505
3364,8,8,0.9991241097450256
3365,6,6,0.9692040085792542
3366,4,4,0.9999954700469971
3367,2,2,0.9999229907989502
3368,0,0,0.9999585151672363
3369,9,9,0.9876054525375366
3370,4,4,0.9999500513076782
3371,0,0,0.9999911785125732
3372,5,5,0.9999804496765137
3373,7,7,0.9718754887580872
3374,8,8,0.9999918937683105
3375,2,2,0.9945874214172363
3376,7,7,0.9819961786270142
3377,4,4,0.9625154733657837
3378,7,7,0.9997532963752747
3379,1,1,0.9993442893028259
3380,1,1,0.999055802822113
3381,3,3,0.9842764139175415
3382,6,6,0.999940037727356
3383,6,6,0.9991650581359863
3384,2,2,0.9972769618034363
3385,9,9,0.9999921321868896
3386,1,1,0.998838484287262
3387,9,9,0.9999743700027466
3388,4,4,0.9951554536819458
3389,8,8,0.9995554089546204
3390,3,3,0.9999922513961792
3391,6,6,0.9986506104469299
3392,9,9,0.9997045397758484
3393,5,5,0.9999740123748779
3394,9,9,0.9999450445175171
3395,6,6,0.9999743700027466
3396,2,2,0.9999986886978149
3397,4,4,1.0
3398,6,6,0.998982846736908
3399,7,7,0.9977999329566956
3400,7,7,0.9999595880508423
3401,0,0,0.9999864101409912
3402,6,6,0.9973262548446655
3403,6,6,0.9998331069946289
3404,9,9,0.9999669790267944
3405,4,4,0.9742417335510254
3406,8,8,0.9997696280479431
3407,3,3,0.9999575614929199
3408,5,5,0.9999955892562866
3409,3,3,0.9999970197677612
3410,4,4,0.9481756091117859
3411,9,9,0.9999313354492188
3412,0,0,0.7760704159736633
3413,0,0,0.9999892711639404
3414,5,5,0.9993360638618469
3415,2,2,0.9978241920471191
3416,5,5,0.999660849571228
3417,0,0,0.999354898929596
3418,7,7,0.9983844757080078
3419,1,1,0.9993723034858704
3420,1,1,0.9983194470405579
3421,1,1,0.9990654587745667
3422,6,0,0.8891178965568542
3423,7,7,0.9984813332557678
3424,6,6,0.999755322933197
3425,7,7,0.9969561100006104
3426,9,9,0.9998823404312134
3427,6,6,0.9892857670783997
3428,6,6,0.9997523427009583
3429,4,4,0.9840493202209473
3430,1,1,0.9902564287185669
3431,4,4,0.9999938011169434
3432,3,3,0.994563639163971
3433,1,1,0.9979062080383301
3434,1,1,0.9972904920578003
3435,2,2,0.9999594688415527
3436,2,2,0.978527843952179
3437,4,4,0.9717352986335754
3438,1,1,0.9988654851913452
3439,0,0,0.9999741315841675
3440,8,8,0.9999905824661255
3441,7,7,0.9977205395698547
3442,6,6,0.9980831146240234
3443,3,3,0.9998389482498169
3444,4,4,0.9999771118164062
3445,0,0,1.0
3446,0,0,0.9999107122421265
3447,6,6,0.6282004714012146
3448,3,3,0.9996217489242554
3449,3,3,0.9999998807907104
3450,0,0,0.9901718497276306
3451,7,7,0.8868193626403809
3452,1,1,0.9923086166381836
3453,7,7,0.9970299005508423
3454,1,1,0.9995985627174377
3455,1,1,0.9994669556617737
3456,3,3,0.99918133020401
3457,1,1,0.9069232940673828
3458,0,0,0.9999929666519165
3459,9,9,0.9999786615371704
3460,9,9,0.9996877908706665
3461,7,7,0.9998964071273804
3462,5,5,0.9999998807907104
3463,4,4,0.9999998807907104
3464,1,1,0.9919750094413757
3465,4,4,0.9998936653137207
3466,8,8,0.9999165534973145
3467,9,9,0.9999716281890869
3468,5,5,0.9999617338180542
3469,3,3,0.9989200830459595
3470,5,5,0.9999856948852539
3471,1,1,0.9952163696289062
3472,9,9,0.999936580657959
3473,8,8,0.9999561309814453
3474,2,2,0.8453745245933533
3475,3,3,0.8707516193389893
3476,3,3,0.9951246380805969
3477,9,9,0.9960042834281921
3478,9,9,0.9999792575836182
3479,0,0,0.999985933303833
3480,1,1,0.9994878768920898
3481,0,0,0.9999982118606567
3482,2,2,0.999994158744812
3483,9,9,0.9998551607131958
3484,3,3,0.9999995231628418
3485,9,9,0.9999853372573853
3486,3,3,0.9999978542327881
3487,3,3,0.9999953508377075
3488,6,6,0.9999897480010986
3489,2,2,0.9988589286804199
3490,4,4,0.9885572195053101
3491,9,9,0.9994980096817017
3492,8,8,0.969770610332489
3493,3,3,0.9999921321868896
3494,7,7,0.9988614320755005
3495,4,4,0.9998394250869751
3496,0,0,0.9970449805259705
3497,4,4,0.9997028708457947
3498,7,7,0.9809333086013794
3499,8,8,0.9999949932098389
3500,4,4,0.9999982118606567
3501,9,9,0.9999383687973022
3502,8,8,0.999990701675415
3503,9,1,0.7628518342971802
3504,9,9,0.9996503591537476
3505,7,7,0.9997722506523132
3506,5,5,0.9999756813049316
3507,9,9,0.999992847442627
3508,2,2,0.9999696016311646
3509,8,8,0.9999043941497803
3510,2,2,0.9999823570251465
3511,2,7,0.509871244430542
3512,0,0,0.9999443292617798
3513,2,2,0.999993085861206
3514,2,2,0.9998365640640259
3515,3,3,0.9999943971633911
3516,8,8,0.9836146235466003
3517,4,4,0.9999997615814209
3518,6,6,0.9953601956367493
3519,8,8,0.9999414682388306
3520,6,4,0.9859663844108582
3521,8,8,0.999962568283081
3522,2,2,0.9873336553573608
3523,4,4,0.9997732043266296
3524,6,6,0.9999639987945557
3525,7,7,0.9984205961227417
3526,9,9,0.9998842477798462
3527,3,3,0.9998836517333984
3528,3,3,0.9999881982803345
3529,9,9,0.9965065121650696
3530,4,4,0.9999736547470093
3531,3,3,0.9999852180480957
3532,1,1,0.9983717799186707
3533,4,4,0.7301203012466431
3534,4,4,0.8743130564689636
3535,7,7,0.9997149109840393
3536,0,0,0.999864935874939
3537,5,5,0.9989757537841797
3538,9,9,0.9999899864196777
3539,6,6,0.9995521903038025
3540,0,0,0.999940037727356
3541,4,4,0.9974984526634216
3542,4,4,0.9999978542327881
3543,4,4,0.9999974966049194
3544,4,4,0.999809205532074
3545,6,6,0.9999991655349731
3546,1,1,0.9998156428337097
3547,2,2,0.9997993111610413
3548,3,3,0.9999567270278931
3549,3,3,0.9751580357551575
3550,6,5,0.6840938925743103
3551,4,4,0.999976634979248
3552,5,5,0.9998562335968018
3553,9,9,0.9999486207962036
3554,6,6,0.9999916553497314
3555,8,8,0.9930811524391174
3556,5,5,0.9998867511749268
3557,6,6,0.9266313314437866
3558,5,0,0.8319986462593079
3559,8,8,0.7814968824386597
3560,6,6,0.9999961853027344
3561,4,4,0.9992234706878662
3562,1,1,0.9985221028327942
3563,8,8,0.9989079236984253
3564,6,6,0.9974696636199951
3565,5,5,0.9746725559234619
3566,2,2,0.9999898672103882
3567,8,8,0.9925258159637451
3568,4,4,0.999996542930603
3569,5,5,0.9999997615814209
3570,5,5,0.9999924898147583
3571,4,4,0.9917913675308228
3572,7,7,0.9997997879981995
3573,7,7,0.98503577709198
3574,0,0,0.9082658290863037
3575,7,7,0.999529242515564
3576,8,8,0.9996927976608276
3577,2,2,0.9999549388885498
3578,2,2,0.9958231449127197
3579,3,3,0.9999973773956299
3580,7,7,0.9997329115867615
3581,0,0,0.999936580657959
3582,1,1,0.9432728886604309
3583,8,8,0.9979400038719177
3584,0,0,1.0
3585,7,7,0.999863862991333
3586,1,1,0.9993057250976562
3587,9,9,0.999993085861206
3588,8,8,0.9999978542327881
3589,7,7,0.9928644895553589
3590,5,5,0.9999711513519287
3591,5,5,0.6952545046806335
3592,9,9,0.9988142251968384
3593,1,1,0.9991158843040466
3594,7,7,0.999996542930603
3595,5,5,0.9999985694885254
3596,4,4,0.9984561204910278
3597,9,9,0.8607768416404724
3598,1,1,0.944416880607605
3599,2,2,0.7393119931221008
3600,2,2,0.9975888729095459
3601,1,1,0.7864034175872803
3602,6,6,0.9999998807907104
3603,6,6,1.0
3604,7,7,0.99755859375
3605,1,1,0.9966764450073242
3606,1,1,0.9847618341445923
3607,4,4,0.994189977645874
3608,0,0,0.9999953508377075
3609,7,7,0.9995386600494385
3610,4,4,0.9999995231628418
3611,2,2,0.9998397827148438
3612,4,4,0.9998399019241333
3613,0,0,0.9996569156646729
3614,6,6,0.9999749660491943
3615,4,4,0.9998200535774231
3616,7,7,0.9998772144317627
3617,6,6,0.9996647834777832
3618,9,9,0.9996181726455688
3619,5,5,0.999997615814209
3620,3,3,0.9997647404670715
3621,4,4,0.9999645948410034
3622,6,6,0.9999935626983643
3623,5,5,0.9999175071716309
3624,0,0,0.9999028444290161
3625,1,1,0.9977059364318848
3626,8,8,0.9958691000938416
3627,8,8,0.9999263286590576
3628,2,2,0.9999808073043823
3629,8,8,0.9717403650283813
3630,3,3,0.9999990463256836
3631,5,5,0.9999738931655884
3632,7,7,0.9996325969696045
3633,8,8,0.999992847442627
3634,0,0,0.999467670917511
3635,8,8,0.9997038245201111
3636,5,5,0.9989670515060425
3637,7,7,0.9995088577270508
3638,1,1,0.9977018237113953
3639,1,1,0.9975631237030029
3640,0,0,0.9980046153068542
3641,1,1,0.9984151124954224
3642,3,3,0.9999998807907104
3643,7,7,0.999913215637207
3644,8,8,0.9999995231628418
3645,5,5,0.9996731281280518
3646,0,0,0.999600350856781
3647,7,7,0.9883500337600708
3648,1,1,0.9997908473014832
3649,1,1,0.9986042380332947
3650,0,0,0.999870777130127
3651,1,1,0.9993188381195068
3652,1,1,0.9992818236351013
3653,4,4,0.9967798590660095
3654,5,5,0.941853404045105
3655,2,2,0.9999719858169556
3656,7,7,0.998521625995636
3657,6,6,0.9999985694885254
3658,2,2,0.9601426720619202
3659,3,3,0.9999829530715942
3660,0,0,0.9999717473983765
3661,2,2,0.9999914169311523
3662,8,0,0.5384764075279236
3663,5,5,0.9997262358665466
3664,9,9,0.954142689704895
3665,6,6,0.9986886382102966
3666,9,9,0.9998420476913452
3667,7,7,0.9997647404670715
3668,2,2,0.9999997615814209
3669,1,1,0.9990025162696838
3670,3,3,0.9999855756759644
3671,6,6,0.9999904632568359
3672,4,4,0.9988232254981995
3673,1,1,0.9969101548194885
3674,8,8,0.999980092048645
3675,2,2,0.9999997615814209
3676,4,4,0.9999996423721313
3677,0,0,0.9999969005584717
3678,5,5,0.9999821186065674
3679,1,1,0.9995231628417969
3680,0,0,0.9999892711639404
3681,2,2,0.822284996509552
3682,2,2,0.9999901056289673
3683,6,6,0.9999828338623047
3684,4,4,0.9999643564224243
3685,4,4,0.9998592138290405
3686,3,3,0.9992832541465759
3687,9,9,0.999985933303833
3688,6,6,0.8234539031982422
3689,1,1,0.9996315240859985
3690,6,6,0.9970155954360962
3691,5,5,0.9999970197677612
3692,7,7,0.9997010231018066
3693,9,9,0.9999513626098633
3694,2,2,0.9973480701446533
3695,0,0,0.9998753070831299
3696,2,2,0.9998775720596313
3697,6,6,0.9998512268066406
3698,0,0,0.9997873902320862
3699,1,1,0.9987050294876099
3700,4,4,0.9999384880065918
3701,3,3,0.9999827146530151
3702,5,5,0.9437597990036011
3703,2,2,0.9999932050704956
3704,8,8,0.9999971389770508
3705,8,8,0.9999961853027344
3706,0,0,0.9953005313873291
3707,8,8,0.9999856948852539
3708,8,8,0.9999903440475464
3709,9,9,0.9991195797920227
3710,0,0,0.9979975819587708
3711,9,9,0.9999856948852539
3712,6,6,0.9999998807907104
3713,7,7,0.9987080097198486
3714,6,6,0.9998928308486938
3715,3,3,0.9999922513961792
3716,9,9,0.9701935648918152
3717,3,3,0.9995323419570923
3718,4,4,0.9533359408378601
3719,7,7,0.9991446733474731
3720,7,7,0.999110996723175
3721,7,7,0.9807367324829102
3722,4,4,0.999930739402771
3723,9,9,0.9997861981391907
3724,0,0,0.999923586845398
3725,6,6,0.9997636675834656
3726,4,4,0.6655932068824768
3727,8,8,0.7801817655563354
3728,4,4,0.9999408721923828
3729,2,2,0.9977864027023315
3730,7,7,0.6838063597679138
3731,2,2,0.9999977350234985
3732,8,8,0.9998132586479187
3733,1,1,0.9993684887886047
3734,0,0,0.9999960660934448
3735,0,0,0.9999974966049194
3736,7,7,0.9592090249061584
3737,8,8,0.9999874830245972
3738,3,3,0.9985029697418213
3739,3,3,0.9920539855957031
3740,3,3,0.9999984502792358
3741,1,1,0.9994062185287476
3742,3,3,0.7654888033866882
3743,7,7,0.9993405938148499
3744,6,6,0.9920722842216492
3745,1,1,0.9989585876464844
3746,3,3,0.9996711015701294
3747,1,1,0.9942157864570618
3748,6,6,0.9832717776298523
3749,6,6,0.9927927255630493
3750,5,5,0.9999926090240479
3751,7,7,0.6727362275123596
3752,4,4,0.9999988079071045
3753,7,7,0.9999576807022095
3754,5,5,0.9991738200187683
3755,9,9,0.9985491633415222
3756,5,5,0.8929787278175354
3757,8,8,0.9988929629325867
3758,4,4,0.9999204874038696
3759,9,9,0.9999656677246094
3760,9,9,0.9999833106994629
3761,1,1,0.9938522577285767
3762,6,8,0.8867325782775879
3763,5,5,0.9989088773727417
3764,0,0,0.9974610805511475
3765,1,1,0.9986028075218201
3766,3,3,0.9999514818191528
3767,7,2,0.8781658411026001
3768,0,0,0.9999334812164307
3769,3,3,0.9301608204841614
3770,4,4,0.9999885559082031
3771,8,8,0.9999310970306396
3772,2,2,0.9488022327423096
3773,2,2,0.9989171028137207
3774,0,0,0.9993207454681396
3775,2,2,0.9999986886978149
3776,5,5,0.9987873435020447
3777,1,1,0.9984489679336548
3778,5,8,0.916368842124939
3779,1,1,0.9990247488021851
3780,4,4,0.9863264560699463
3781,8,8,0.9998881816864014
3782,8,8,0.9769054651260376
3783,9,9,0.9999978542327881
3784,1,1,0.9995042085647583
3785,2,2,0.9992431402206421
3786,1,1,0.9927887320518494
3787,3,3,0.9992446899414062
3788,5,5,1.0
3789,1,1,0.9935883283615112
3790,0,0,0.9999978542327881
3791,9,9,0.9966371059417725
3792,4,4,0.9999833106994629
3793,4,4,0.9999094009399414
3794,8,8,0.9858580231666565
3795,3,3,0.999794065952301
3796,2,2,0.5378549098968506
3797,5,5,0.999998927116394
3798,9,9,0.9983277916908264
3799,7,7,0.9992139339447021
3800,6,6,0.9893462061882019
3801,6,6,0.9825010895729065
3802,2,2,1.0
3803,0,0,0.9999662637710571
3804,0,0,0.9994088411331177
3805,0,0,0.9999735355377197
3806,5,8,0.5465068221092224
3807,8,8,1.0
3808,7,8,0.7923652529716492
3809,1,1,0.99811851978302
3810,5,5,0.9978299736976624
3811,2,2,0.48047924041748047
3812,3,3,0.9983841180801392
3813,8,8,1.0
3814,5,5,0.999998927116394
3815,1,1,0.9998342990875244
3816,8,8,0.9999289512634277
3817,2,2,0.9935105443000793
3818,0,0,0.9988640546798706
3819,4,4,0.9999518394470215
3820,9,9,0.9999934434890747
3821,9,9,0.9995467066764832
3822,6,6,0.9999985694885254
3823,2,2,0.9999998807907104
3824,3,3,0.9999775886535645
3825,3,3,0.9999562501907349
3826,5,5,0.9990400671958923
3827,6,6,0.9999814033508301
3828,4,4,0.9999995231628418
3829,8,8,0.9999434947967529
3830,0,0,0.9999786615371704
3831,9,9,0.9694492220878601
3832,2,2,0.9999597072601318
3833,8,8,0.9970999956130981
3834,3,3,0.9967483282089233
3835,6,6,0.9999387264251709
3836,7,7,0.9978038668632507
3837,5,5,0.9999361038208008
3838,7,7,0.8685869574546814
3839,2,2,0.9999643564224243
3840,9,9,0.9998427629470825
3841,4,4,1.0
3842,9,9,0.9999936819076538
3843,1,1,0.9994196891784668
3844,2,2,0.9999465942382812
3845,8,8,0.9999988079071045
3846,6,6,0.9971875548362732
3847,0,0,0.9999947547912598
3848,7,7,0.9997722506523132
3849,0,0,0.9999992847442627
3850,9,9,0.846172571182251
3851,1,1,0.995153546333313
3852,1,1,0.9962659478187561
3853,6,0,0.43628111481666565
3854,7,7,0.9999885559082031
3855,5,5,0.9637194275856018
3856,9,9,0.9994261264801025
3857,9,9,0.9998051524162292
3858,1,1,0.9975691437721252
3859,9,9,0.9983941912651062
3860,5,5,0.9999967813491821
3861,9,9,0.9998693466186523
3862,2,2,0.9785877466201782
3863,5,5,0.9999854564666748
3864,0,0,0.9998551607131958
3865,4,4,0.9999990463256836
3866,1,1,0.997894823551178
3867,0,0,0.9999649524688721
3868,8,8,0.9997918009757996
3869,9,9,0.9633572697639465
3870,0,0,0.9999237060546875
3871,8,8,0.596193253993988
3872,9,9,0.9999496936798096
3873,8,8,0.9999994039535522
3874,9,9,0.9977278113365173
3875,4,4,0.9999361038208008
3876,2,2,0.986950695514679
3877,5,5,0.9999741315841675
3878,7,7,0.9978110194206238
3879,9,9,0.999954104423523
3880,8,8,0.999347984790802
3881,9,9,0.9992741942405701
3882,8,8,0.9999998807907104
3883,0,0,0.9999998807907104
3884,9,9,0.9999986886978149
3885,9,9,0.9999806880950928
3886,6,6,0.9999978542327881
3887,8,8,0.9999992847442627
3888,9,9,0.9997513890266418
3889,9,9,0.9999938011169434
3890,5,5,0.9999829530715942
3891,9,9,0.9999610185623169
3892,8,8,1.0
3893,5,5,0.9950757622718811
3894,1,1,0.9991052746772766
3895,0,0,0.9999080896377563
3896,3,3,0.9999949932098389
3897,3,3,0.9996786117553711
3898,5,5,0.999982476234436
3899,2,2,0.9984739422798157
3900,1,1,0.9994107484817505
3901,6,6,0.9999539852142334
3902,5,5,0.8062887787818909
3903,0,0,0.9999949932098389
3904,2,2,0.9998713731765747
3905,8,8,0.9999983310699463
3906,1,1,0.5000460743904114
3907,5,5,0.9999996423721313
3908,6,6,0.9997020363807678
3909,2,2,0.9995077848434448
3910,3,3,0.9999914169311523
3911,0,0,0.9995120763778687
3912,2,2,0.9999246597290039
3913,2,2,0.9998633861541748
3914,6,6,0.9999858140945435
3915,4,4,0.9999860525131226
3916,3,3,0.9885942935943604
3917,5,5,0.9997523427009583
3918,5,5,0.9976933598518372
3919,1,1,0.9991241097450256
3920,7,7,0.9999992847442627
3921,2,2,0.9996758699417114
3922,1,1,0.9982098340988159
3923,6,6,0.999945878982544
3924,9,9,0.9988678693771362
3925,1,1,0.998699426651001
3926,9,9,0.9649845957756042
3927,9,9,0.9998793601989746
3928,5,5,0.9999698400497437
3929,5,5,0.9999752044677734
3930,1,1,0.999221920967102
3931,6,6,0.9999305009841919
3932,2,2,1.0
3933,2,2,1.0
3934,8,8,0.9999998807907104
3935,6,6,0.9999969005584717
3936,7,7,0.9998964071273804
3937,1,1,0.998112678527832
3938,4,4,0.9993512034416199
3939,6,6,0.884266197681427
3940,0,0,0.999987006187439
3941,4,4,0.6070504188537598
3942,0,0,0.9974775910377502
3943,3,3,0.8586940765380859
3944,3,3,0.999985933303833
3945,2,2,0.999993085861206
3946,2,2,0.9967541098594666
3947,3,3,0.9999997615814209
3948,6,6,0.99986732006073
3949,8,8,0.9999920129776001
3950,9,9,0.9889206886291504
3951,8,8,0.9964327812194824
3952,5,5,0.9999512434005737
3953,3,3,0.9999862909317017
3954,8,8,0.9947395920753479
3955,5,5,0.9997904896736145
3956,4,4,0.9999731779098511
3957,5,5,0.9998018145561218
3958,2,2,0.9997990727424622
3959,0,0,0.9999960660934448
3960,5,5,0.9999998807907104
3961,6,6,0.9954173564910889
3962,3,3,0.979744553565979
3963,2,2,0.9999977350234985
3964,8,8,0.9999769926071167
3965,3,3,0.9999527931213379
3966,9,9,0.9999971389770508
3967,9,9,0.9969125986099243
3968,5,5,0.5443440079689026
3969,7,7,0.9914218783378601
3970,9,9,0.9991329312324524
3971,4,4,0.9981173276901245
3972,6,6,0.9996955394744873
3973,7,7,0.9999369382858276
3974,1,1,0.9971675276756287
3975,3,3,0.9999421834945679
3976,7,7,0.6570333242416382
3977,3,3,0.999747097492218
3978,6,6,0.9994798302650452
3979,6,6,0.9999932050704956
3980,0,0,0.9999921321868896
3981,9,9,0.9994673132896423
3982,0,0,0.999744713306427
3983,1,1,0.9981611371040344
3984,9,9,0.9979625940322876
3985,9,9,0.7184225916862488
3986,2,2,0.9615339636802673
3987,8,8,0.9998887777328491
3988,8,8,0.9977046847343445
3989,0,0,0.9996699094772339
3990,1,1,0.9933159947395325
3991,6,6,0.9999905824661255
3992,9,9,0.9999924898147583
3993,7,7,0.9999849796295166
3994,5,5,0.9998865127563477
3995,3,3,0.9944673776626587
3996,4,4,0.999932050704956
3997,7,7,0.9974092841148376
3998,4,4,0.999576985836029
3999,9,9,0.9999984502792358
4000,9,9,0.9977108240127563
4001,4,4,0.9944610595703125
4002,3,3,0.9930649399757385
4003,6,6,0.9999611377716064
4004,3,3,0.999972939491272
4005,1,1,0.9990359544754028
4006,1,1,0.9994421601295471
4007,7,7,0.5542370080947876
4008,6,6,0.9999984502792358
4009,9,9,0.9996953010559082
4010,1,1,0.9996745586395264
4011,8,8,0.9997113347053528
4012,4,4,0.9995006322860718
4013,1,1,0.9807013869285583
4014,1,1,0.9989016056060791
4015,9,9,0.9996557235717773
4016,9,9,0.9999587535858154
4017,4,4,0.9882034659385681
4018,3,3,0.9974598288536072
4019,6,6,0.9999589920043945
4020,8,8,0.9999996423721313
4021,1,1,0.999764621257782
4022,6,6,0.9971133470535278
4023,0,0,0.9999957084655762
4024,4,4,0.9985993504524231
4025,1,1,0.9982520937919617
4026,3,3,0.9999994039535522
4027,7,7,0.8111457228660583
4028,7,7,0.9999185800552368
4029,4,4,0.9999068975448608
4030,9,9,0.999206006526947
4031,5,5,0.9992266893386841
4032,1,1,0.9962360262870789
4033,0,0,0.9999984502792358
4034,0,0,0.9999454021453857
4035,1,1,0.9998099207878113
4036,1,1,0.999437153339386
4037,6,6,0.991316556930542
4038,2,2,0.9994094371795654
4039,1,1,0.9997261166572571
4040,9,9,0.9999911785125732
4041,8,8,0.9999960660934448
4042,4,4,0.9999979734420776
4043,0,0,0.9999880790710449
4044,3,3,0.998708963394165
4045,6,6,0.999736487865448
4046,4,4,0.9999955892562866
4047,9,9,0.9999148845672607
4048,0,0,0.9958558678627014
4049,7,7,0.9999903440475464
4050,1,1,0.9899047017097473
4051,6,6,0.9999860525131226
4052,5,5,0.9914966821670532
4053,7,7,0.8292332887649536
4054,5,5,0.9998167157173157
4055,2,2,0.9999682903289795
4056,5,5,0.9663152694702148
4057,1,1,0.9994781613349915
4058,8,8,0.9999696016311646
4059,5,5,0.7518149614334106
4060,4,4,0.9999467134475708
4061,7,7,0.9979484677314758
4062,0,0,0.9999644756317139
4063,6,6,0.7810030579566956
4064,7,7,0.9999772310256958
4065,0,0,0.9735326766967773
4066,2,2,0.9999946355819702
4067,5,5,0.9999703168869019
4068,8,8,0.9999825954437256
4069,1,1,0.9991243481636047
4070,0,0,0.9999979734420776
4071,4,4,0.9816774129867554
4072,5,5,0.9990189075469971
4073,7,7,0.9999978542327881
4074,1,1,0.9958704113960266
4075,8,8,0.6226902604103088
4076,5,5,0.9999657869338989
4077,1,1,0.9986637830734253
4078,9,9,0.8046430945396423
4079,0,0,0.9999518394470215
4080,0,0,0.9988370537757874
4081,6,6,0.999056875705719
4082,0,0,0.999993085861206
4083,7,7,0.999982476234436
4084,3,3,0.9954663515090942
4085,1,1,0.9996514320373535
4086,8,8,0.9998890161514282
4087,3,3,0.9975201487541199
4088,9,9,0.999944806098938
4089,7,7,0.9996849298477173
4090,0,0,0.9989627599716187
4091,0,0,0.9998869895935059
4092,8,8,0.9997865557670593
4093,9,9,0.9917430281639099
4094,5,5,0.9996768236160278
4095,9,9,0.9999966621398926
4096,8,8,0.9999885559082031
4097,3,3,0.999997615814209
4098,2,2,0.9999961853027344
4099,7,7,0.9838238954544067
4100,2,2,0.7165009379386902
4101,9,9,0.9995976090431213
4102,7,7,0.5796512365341187
4103,2,2,0.9999668598175049
4104,1,1,0.9997723698616028
4105,1,1,0.9983739852905273
4106,3,3,0.9999986886978149
4107,7,7,0.9995201826095581
4108,5,5,0.9999959468841553
4109,3,3,0.9993178844451904
4110,1,1,0.998656153678894
4111,9,9,0.9999958276748657
4112,8,8,0.9996992349624634
4113,2,2,0.999962568283081
4114,2,2,0.995848536491394
4115,2,2,0.9999978542327881
4116,8,8,0.999749481678009
4117,8,8,0.9997627139091492
4118,5,5,0.999884843826294
4119,7,7,0.9997041821479797
4120,3,3,0.999846339225769
4121,8,8,0.9999580383300781
4122,9,9,0.9999841451644897
4123,8,8,0.9999687671661377
4124,8,8,0.9997956156730652
4125,6,6,0.9938952326774597
4126,8,8,0.9805013537406921
4127,2,2,0.9994482398033142
4128,3,3,0.9981473684310913
4129,9,9,0.9986305236816406
4130,7,7,0.9999548196792603
4131,5,5,0.9994090795516968
4132,6,6,0.9998137354850769
4133,2,2,0.9999983310699463
4134,9,9,0.9993446469306946
4135,2,2,0.9998337030410767
4136,8,8,0.9999027252197266
4137,8,8,0.9998983144760132
4138,1,1,0.9997113347053528
4139,6,6,0.9989732503890991
4140,8,8,0.732210636138916
4141,8,8,0.9942634701728821
4142,7,7,0.9988958835601807
4143,9,9,0.9993423819541931
4144,1,1,0.9994920492172241
4145,8,8,0.9995476603507996
4146,0,0,0.9984654188156128
4147,1,1,0.9972565770149231
4148,7,7,0.997319757938385
4149,2,2,0.9755454659461975
4150,0,0,0.9999995231628418
4151,7,7,0.9684513211250305
4152,5,5,0.9915999174118042
4153,1,1,0.9997009038925171
4154,9,9,0.9994986057281494
4155,0,0,0.9999998807907104
4156,2,2,0.8208112716674805
4157,0,0,0.9999792575836182
4158,9,9,0.9999822378158569
4159,8,8,0.9999978542327881
4160,6,6,0.9997021555900574
4161,2,2,0.999932050704956
4162,3,3,0.9999998807907104
4163,9,9,0.9206541180610657
4164,3,3,0.9999992847442627
4165,8,8,0.9995631575584412
4166,0,0,0.9999735355377197
4167,2,2,0.9986316561698914
4168,1,1,0.9993155002593994
4169,1,1,0.9996637105941772
4170,1,1,0.994968831539154
4171,1,1,0.9760274887084961
4172,4,4,0.9999641180038452
4173,2,2,0.9999504089355469
4174,9,9,0.9986833930015564
4175,7,7,0.9998369216918945
4176,2,7,0.9877832531929016
4177,5,5,0.9908443093299866
4178,1,1,0.9465294480323792
4179,1,1,0.999346911907196
4180,2,2,0.9832012057304382
4181,1,1,0.9997625946998596
4182,9,9,0.9999163150787354
4183,9,9,0.9999234676361084
4184,9,9,0.9993759989738464
4185,1,1,0.9583808779716492
4186,0,0,0.9999734163284302
4187,2,2,0.999976396560669
4188,0,0,0.999977707862854
4189,2,2,0.999586284160614
4190,1,1,0.9991191029548645
4191,1,1,0.9995569586753845
4192,4,4,0.9970607161521912
4193,6,6,0.9517046213150024
4194,4,4,0.951654851436615
4195,1,1,0.9987964630126953
4196,5,5,0.9771831035614014
4197,4,4,0.999962329864502
4198,9,9,0.9999876022338867
4199,7,9,0.7184844613075256
4200,7,7,0.9999986886978149
4201,1,1,0.64039146900177
4202,5,5,0.9999852180480957
4203,6,6,0.999897837638855
4204,2,2,0.9999265670776367
4205,2,2,0.7739492058753967
4206,2,2,0.9999376535415649
4207,8,8,0.9321666955947876
4208,0,0,0.9999650716781616
4209,6,6,0.9996083378791809
4210,9,9,0.9997720122337341
4211,6,6,0.9732335209846497
4212,1,1,0.9636421203613281
4213,9,9,0.9996026158332825
4214,7,7,0.996209979057312
4215,7,7,0.9990673661231995
4216,1,1,0.9308789372444153
4217,4,4,0.9960936903953552
4218,8,8,0.9999786615371704
4219,5,5,0.9999926090240479
4220,3,3,0.9999922513961792
4221,4,4,0.990012526512146
4222,3,3,0.9999991655349731
4223,4,4,0.9991937279701233
4224,9,9,0.7685198783874512
4225,7,7,0.999946117401123
4226,5,5,0.9999988079071045
4227,0,0,0.9999566078186035
4228,7,7,0.999944806098938
4229,4,4,0.9999967813491821
4230,8,8,0.9999970197677612
4231,8,8,0.9990690350532532
4232,1,1,0.9965915679931641
4233,5,5,0.9999285936355591
4234,3,3,0.9999983310699463
4235,9,9,0.9999097585678101
4236,5,5,1.0
4237,9,9,0.9999263286590576
4238,7,3,0.6420482397079468
4239,6,6,0.988084614276886
4240,9,9,0.9999908208847046
4241,0,0,0.9999980926513672
4242,3,3,0.9999147653579712
4243,6,6,0.9984924793243408
4244,3,3,0.9992021918296814
4245,9,9,0.9999810457229614
4246,8,8,0.9999985694885254
4247,2,2,0.999702513217926
4248,2,8,0.48178979754447937
4249,1,1,0.9997802376747131
4250,2,2,0.9999191761016846
4251,8,8,0.9999967813491821
4252,6,6,0.9999560117721558
4253,8,8,0.9999957084655762
4254,5,5,0.9999548196792603
4255,5,5,0.9901371002197266
4256,3,3,0.7579710483551025
4257,9,9,0.9999161958694458
4258,4,4,0.9999979734420776
4259,9,9,0.9685302376747131
4260,2,2,0.9810685515403748
4261,5,5,0.9997888207435608
4262,1,1,0.999042809009552
4263,5,5,0.9951159954071045
4264,1,1,0.9990057349205017
4265,4,4,0.33804988861083984
4266,4,4,0.9988484382629395
4267,1,1,0.999427318572998
4268,4,4,0.9997755885124207
4269,4,4,0.9986737966537476
4270,3,3,0.9999521970748901
4271,5,5,0.9301366209983826
4272,9,9,0.9999884366989136
4273,1,1,0.9972696900367737
4274,2,2,0.9998569488525391
4275,2,2,0.9999910593032837
4276,3,3,0.9999157190322876
4277,3,3,0.9997864365577698
4278,0,0,0.999998927116394
4279,2,2,0.9999986886978149
4280,9,9,0.9955833554267883
4281,0,0,0.9999029636383057
4282,0,0,0.9999027252197266
4283,9,9,0.999751627445221
4284,9,9,0.9518771767616272
4285,6,6,0.9972266554832458
4286,0,0,0.999996542930603
4287,9,9,0.999442994594574
4288,3,3,0.9999996423721313
4289,2,8,0.6854574084281921
4290,8,8,0.9999879598617554
4291,4,4,0.9955219030380249
4292,1,1,0.999313235282898
4293,9,9,0.9999758005142212
4294,9,9,0.8489739298820496
4295,7,7,0.9988963603973389
4296,2,2,0.9999927282333374
4297,7,7,0.9947469830513
4298,9,9,0.9999454021453857
4299,9,9,0.9926279187202454
4300,5,5,0.9883988499641418
4301,9,9,0.9999462366104126
4302,5,5,0.99964439868927
4303,1,1,0.9984453320503235
4304,1,1,0.9994805455207825
4305,8,8,0.9999865293502808
4306,3,3,0.8701164126396179
4307,5,5,0.9999986886978149
4308,1,1,0.9955539107322693
4309,9,9,0.9994401335716248
4310,5,5,0.9991463422775269
4311,3,3,0.9997161030769348
4312,5,5,0.999919056892395
4313,4,4,0.9963202476501465
4314,9,9,0.9770588278770447
4315,5,5,0.6842158436775208
4316,9,9,0.9991946816444397
4317,3,3,0.9983237385749817
4318,1,1,0.9927379488945007
4319,9,9,0.9999788999557495
4320,0,0,0.9999427795410156
4321,9,9,0.9997932314872742
4322,7,7,0.9999890327453613
4323,5,5,0.9959132075309753
4324,4,4,0.9998552799224854
4325,9,9,0.9986586570739746
4326,2,2,0.9999904632568359
4327,0,0,0.99988853931427
4328,1,1,0.999876856803894
4329,0,0,0.9999158382415771
4330,5,5,0.9845051169395447
4331,1,1,0.9959088563919067
4332,4,4,0.9999949932098389
4333,9,9,0.9996919631958008
4334,3,3,0.9997099041938782
4335,3,3,0.993521511554718
4336,6,6,0.999846339225769
4337,1,1,0.9984996318817139
4338,5,5,0.9996992349624634
4339,2,2,0.9998886585235596
4340,5,5,0.9999874830245972
4341,2,2,0.991585373878479
4342,2,2,0.9999762773513794
4343,0,0,0.9989907145500183
4344,9,9,0.9248444437980652
4345,2,2,1.0
4346,6,6,0.9995239973068237
4347,6,6,0.9999662637710571
4348,0,0,0.999998927116394
4349,1,1,0.9933406710624695
4350,2,2,0.4802696108818054
4351,0,0,0.9999992847442627
4352,3,3,0.9999740123748779
4353,0,0,0.9997673630714417
4354,2,2,0.9985910058021545
4355,5,5,0.979617178440094
4356,5,5,0.9984946250915527
4357,7,7,0.999998927116394
4358,9,9,0.9998519420623779
4359,5,5,0.9251201152801514
4360,5,5,0.8219636678695679
4361,0,0,0.9999167919158936
4362,8,8,0.9999990463256836
4363,9,9,0.9995124340057373
4364,5,5,0.9999916553497314
4365,0,0,0.9999916553497314
4366,3,3,0.9999988079071045
4367,2,2,0.9999411106109619
4368,5,5,0.9885787963867188
4369,9,9,0.5657737851142883
4370,0,0,0.9996744394302368
4371,8,8,0.999976396560669
4372,8,8,0.9999997615814209
4373,4,4,0.998705267906189
4374,5,5,0.803324282169342
4375,8,8,0.9999573230743408
4376,8,8,0.9999922513961792
4377,4,4,0.9977781176567078
4378,5,5,0.999991774559021
4379,4,4,0.9971766471862793
4380,8,8,0.9653900265693665
4381,5,5,0.9999915361404419
4382,4,4,0.9394904971122742
4383,9,9,0.9997926354408264
4384,2,2,0.9620296359062195
4385,2,2,0.9998868703842163
4386,1,1,0.9990782737731934
4387,2,2,0.9966654181480408
4388,6,6,0.9999796152114868
4389,8,8,0.9999856948852539
4390,8,8,0.999893307685852
4391,7,7,0.8882602453231812
4392,0,0,0.999996542930603
4393,3,3,0.999832034111023
4394,6,6,0.9999861717224121
4395,6,6,0.9999171495437622
4396,4,4,0.999936580657959
4397,3,3,0.9999837875366211
4398,8,8,0.9999676942825317
4399,8,8,0.9973573088645935
4400,7,7,0.9935505390167236
4401,2,2,0.995061457157135
4402,2,2,0.9999303817749023
4403,0,0,0.9962969422340393
4404,0,0,0.9999771118164062
4405,9,9,0.9620077013969421
4406,3,3,0.9999996423721313
4407,9,9,0.9999372959136963
4408,9,9,0.9998657703399658
4409,1,1,0.9987323880195618
4410,9,9,0.9998527765274048
4411,8,8,0.9999994039535522
4412,6,6,0.99986732006073
4413,6,6,0.9902352094650269
4414,4,4,0.9999140501022339
4415,2,2,0.9999973773956299
4416,6,6,0.9999969005584717
4417,9,9,0.9999654293060303
4418,2,2,0.9999998807907104
4419,8,8,0.9999339580535889
4420,5,5,0.9997976422309875
4421,4,4,0.9999312162399292
4422,5,5,0.9983996748924255
4423,7,7,0.9999077320098877
4424,9,9,0.9990536570549011
4425,9,9,0.9874622225761414
4426,9,9,0.9990525841712952
4427,2,2,0.9980364441871643
4428,1,1,0.9980182647705078
4429,8,8,0.999800980091095
4430,3,3,0.9999995231628418
4431,4,4,0.9999291896820068
4432,0,0,0.9999399185180664
4433,7,7,0.9817385077476501
4434,8,8,0.9999722242355347
4435,3,3,0.9870238304138184
4436,9,9,0.9999889135360718
4437,3,3,0.9788343906402588
4438,4,4,0.9915779829025269
4439,6,6,0.9905263185501099
4440,5,5,0.9994934797286987
4441,6,6,0.9999250173568726
4442,2,2,0.9999942779541016
4443,3,3,0.9298891425132751
4444,9,9,0.9998551607131958
4445,2,2,0.9999992847442627
4446,6,6,0.9999979734420776
4447,0,0,0.9999793767929077
4448,0,0,0.9999988079071045
4449,6,6,0.9967607855796814
4450,1,1,0.9994339346885681
4451,2,2,0.9858673214912415
4452,8,8,0.9999872446060181
4453,7,7,0.9985004663467407
4454,9,9,0.9195680618286133
4455,8,8,0.9998719692230225
4456,2,2,0.9999468326568604
4457,0,0,0.9999892711639404
4458,4,4,0.9988759160041809
4459,7,7,0.999805748462677
4460,7,7,0.9906284213066101
4461,5,5,0.9999244213104248
4462,0,0,0.9999992847442627
4463,5,5,0.9997164607048035
4464,6,6,0.9999997615814209
4465,4,4,0.9995470643043518
4466,6,6,0.9997634291648865
4467,7,7,0.9995856881141663
4468,4,4,0.9999756813049316
4469,3,3,0.9986349940299988
4470,0,0,0.9999778270721436
4471,7,7,0.9999444484710693
4472,5,5,0.9981430768966675
4473,0,0,0.9999648332595825
4474,7,7,0.9999921321868896
4475,4,4,0.9999350309371948
4476,2,2,0.9998718500137329
4477,0,0,0.9891084432601929
4478,8,8,0.9999992847442627
4479,9,9,0.9969050288200378
4480,9,9,0.9999545812606812
4481,4,4,0.9992231130599976
4482,2,2,0.9429608583450317
4483,4,4,0.9992128610610962
4484,6,6,0.9999643564224243
4485,7,7,0.9999769926071167
4486,8,8,0.9997507929801941
4487,7,7,0.9944619536399841
4488,6,6,0.9989680051803589
4489,9,9,0.9987353682518005
4490,4,4,0.999988317489624
4491,1,1,0.9968751668930054
4492,3,3,0.9999967813491821
4493,7,7,0.9989842772483826
4494,3,3,0.9944621920585632
4495,0,0,0.9999877214431763
4496,8,8,0.9999995231628418
4497,8,8,0.9006807208061218
4498,7,7,0.9924862384796143
4499,6,6,0.9955123066902161
4500,9,1,0.6306612491607666
4501,3,3,0.9999973773956299
4502,9,9,0.9999940395355225
4503,2,2,0.993587851524353
4504,2,2,0.944452166557312
4505,9,9,0.9956632256507874
4506,2,2,0.9988503456115723
4507,1,2,0.5108647346496582
4508,8,8,0.9999980926513672
4509,3,3,0.999967098236084
4510,2,2,0.9999626874923706
4511,9,9,0.9936978220939636
4512,6,6,0.9999336004257202
4513,8,8,0.8393653631210327
4514,4,4,0.9955081939697266
4515,0,0,0.9995585083961487
4516,1,1,0.9992972612380981
4517,2,2,1.0
4518,8,8,0.9999911785125732
4519,4,4,0.9999891519546509
4520,5,5,0.9992733597755432
4521,2,2,0.9911974668502808
4522,7,7,0.9999964237213135
4523,8,8,0.9947656393051147
4524,1,1,0.9997350573539734
4525,1,1,0.9996299743652344
4526,3,3,0.9999239444732666
4527,0,0,0.9998884201049805
4528,3,3,0.9998756647109985
4529,5,5,0.9999994039535522
4530,7,7,0.9999817609786987
4531,0,0,0.9997656941413879
4532,3,3,0.9999935626983643
4533,1,1,0.9988208413124084
4534,9,9,0.9967857599258423
4535,3,3,0.9999860525131226
4536,6,5,0.5511301159858704
4537,3,3,0.9999994039535522
4538,1,1,0.997044026851654
4539,7,7,0.9999359846115112
4540,7,7,0.9996823072433472
4541,3,3,0.9999527931213379
4542,0,0,0.9999994039535522
4543,8,8,0.9982509016990662
4544,4,4,0.9999667406082153
4545,8,8,0.999994158744812
4546,2,2,0.9998799562454224
4547,6,6,0.9767087697982788
4548,5,5,0.9755202531814575
4549,2,2,0.9997180104255676
4550,9,9,0.9998548030853271
4551,7,7,0.9622617363929749
4552,3,3,0.9989508390426636
4553,9,9,0.9999910593032837
4554,0,0,0.9999227523803711
4555,9,9,0.9995627999305725
4556,9,9,0.9996596574783325
4557,6,6,0.9999780654907227
4558,4,4,0.9999693632125854
4559,2,2,0.9999821186065674
4560,9,9,0.9999896287918091
4561,7,7,0.9897583723068237
4562,2,2,0.999992847442627
4563,1,1,0.9811861515045166
4564,1,1,0.9992857575416565
4565,6,6,0.9992399215698242
4566,7,7,0.9958333969116211
4567,4,9,0.8690074682235718
4568,7,7,0.9998283386230469
4569,5,5,0.999813973903656
4570,9,9,0.9997598528862
4571,6,8,0.5185533165931702
4572,8,8,0.9999865293502808
4573,2,2,0.9992239475250244
4574,1,1,0.9873578548431396
4575,4,4,0.6904862523078918
4576,4,4,0.999927282333374
4577,5,5,0.9999353885650635
4578,7,9,0.5925132036209106
4579,6,6,0.9502779245376587
4580,1,1,0.9998262524604797
4581,3,3,0.9999970197677612
4582,2,2,0.999985933303833
4583,5,5,0.9998687505722046
4584,9,9,0.9991439580917358
4585,9,9,0.9998544454574585
4586,3,3,0.9981233477592468
4587,6,6,0.9999973773956299
4588,1,1,0.9995868802070618
4589,1,1,0.9974946975708008
4590,4,4,0.9999954700469971
4591,6,6,0.9999918937683105
4592,9,9,0.9999860525131226
4593,7,7,0.999930739402771
4594,2,2,0.9688023924827576
4595,1,1,0.999576985836029
4596,5,5,0.9998395442962646
4597,1,1,0.9959055185317993
4598,4,4,0.9981716871261597
4599,6,6,0.9995265007019043
4600,3,3,0.9999988079071045
4601,8,8,0.9701869487762451
4602,1,1,0.9994111061096191
4603,1,1,0.9990606904029846
4604,0,0,0.9976195693016052
4605,3,3,0.998223602771759
4606,1,1,0.9990667700767517
4607,6,6,0.999948263168335
4608,8,8,0.9997194409370422
4609,4,4,0.9980252981185913
4610,9,9,0.9996944665908813
4611,0,0,1.0
4612,7,7,0.9999889135360718
4613,3,3,0.9999650716781616
4614,0,0,0.9999775886535645
4615,2,2,0.9308889508247375
4616,9,9,0.9997723698616028
4617,0,0,0.9999966621398926
4618,6,6,0.9999206066131592
4619,6,6,0.9007507562637329
4620,6,6,0.9648865461349487
4621,3,3,0.9999998807907104
4622,6,6,0.9999974966049194
4623,7,7,0.9999861717224121
4624,7,7,0.9996104836463928
4625,2,2,0.999519944190979
4626,8,8,0.9999545812606812
4627,6,6,0.9999274015426636
4628,0,0,0.9999990463256836
4629,8,8,0.9999998807907104
4630,3,3,0.997368574142456
4631,0,0,0.9999877214431763
4632,2,2,0.9939369559288025
4633,9,9,0.9936908483505249
4634,8,8,0.9999978542327881
4635,3,3,0.9997022747993469
4636,2,2,0.999997615814209
4637,5,5,0.9999953508377075
4638,3,3,0.9999551773071289
4639,8,9,0.9618411064147949
4640,8,8,0.985554575920105
4641,0,0,0.99997878074646
4642,0,0,0.9996966123580933
4643,1,1,0.9529889225959778
4644,9,9,0.999971866607666
4645,5,5,0.999763548374176
4646,1,1,0.997577965259552
4647,3,3,0.9999362230300903
4648,9,9,0.9996541738510132
4649,6,6,0.9999662637710571
4650,0,0,0.9999949932098389
4651,1,1,0.9991336464881897
4652,4,4,0.9999948740005493
4653,1,1,0.9991024732589722
4654,7,7,0.9998314380645752
4655,1,1,0.9876794219017029
4656,2,2,0.9993960857391357
4657,3,3,0.9994152784347534
4658,7,7,0.9994248151779175
4659,9,9,0.9999895095825195
4660,7,7,0.9914147257804871
4661,4,4,0.9999924898147583
4662,9,9,0.9998517036437988
4663,9,9,0.9998390674591064
4664,3,3,0.9998185038566589
4665,9,9,0.9950309991836548
4666,2,2,0.9999852180480957
4667,8,8,0.9999984502792358
4668,2,2,0.9997326731681824
4669,7,7,0.9994052648544312
4670,1,1,0.9993925094604492
4671,8,8,0.9984581470489502
4672,0,0,0.9999866485595703
4673,9,9,0.9998856782913208
4674,1,1,0.9864296913146973
4675,0,0,0.9999685287475586
4676,1,1,0.9971747398376465
4677,7,7,0.9989835619926453
4678,7,7,0.9999825954437256
4679,9,9,0.9976243376731873
4680,6,6,0.9999964237213135
4681,9,9,0.9989909529685974
4682,9,9,0.9999523162841797
4683,9,9,0.9999368190765381
4684,2,2,0.9980406165122986
4685,1,1,0.9991948008537292
4686,6,6,0.9994975328445435
4687,1,1,0.998897910118103
4688,3,3,0.999958872795105
4689,5,5,0.9999672174453735
4690,7,7,0.6590598821640015
4691,1,1,0.9941664934158325
4692,9,9,0.999685525894165
4693,7,7,0.9805248975753784
4694,6,6,0.9997617602348328
4695,4,4,0.997867226600647
4696,5,5,0.9637741446495056
4697,7,7,0.9998090863227844
4698,6,6,0.9996217489242554
4699,6,6,0.6160981059074402
4700,9,9,0.9999905824661255
4701,9,9,0.999995231628418
4702,6,6,0.9891082048416138
4703,3,3,0.9999943971633911
4704,6,6,0.998108983039856
4705,2,2,0.9999985694885254
4706,9,9,0.9998062252998352
4707,8,8,0.9999947547912598
4708,1,1,0.999729573726654
4709,2,2,0.9999881982803345
4710,2,2,0.9999040365219116
4711,5,5,0.9959826469421387
4712,5,5,0.998166024684906
4713,2,2,0.9908134341239929
4714,3,3,0.9999542236328125
4715,7,7,0.9999094009399414
4716,2,2,0.9998832941055298
4717,1,1,0.998640239238739
4718,0,0,0.9999922513961792
4719,1,1,0.9887989163398743
4720,0,0,0.9999082088470459
4721,4,4,0.9998805522918701
4722,5,5,0.9997633099555969
4723,2,2,0.9893303513526917
4724,8,8,0.9988781809806824
4725,2,2,0.9986099004745483
4726,8,8,0.9999916553497314
4727,3,3,0.9964063763618469
4728,5,5,0.9999960660934448
4729,1,1,0.9963099360466003
4730,7,7,0.9999994039535522
4731,8,8,0.614041805267334
4732,1,1,0.999371349811554
4733,1,1,0.9916000366210938
4734,2,2,0.9990936517715454
4735,9,9,0.9996540546417236
4736,7,7,0.9996283054351807
4737,8,8,0.9997755885124207
4738,4,4,0.9959108829498291
4739,0,0,0.9933348894119263
4740,3,3,0.6266152262687683
4741,0,0,0.9999833106994629
4742,7,7,0.9969911575317383
4743,8,8,0.9537661671638489
4744,8,8,0.9998112320899963
4745,4,4,0.999722421169281
4746,7,7,0.9946197271347046
4747,7,7,0.9999953508377075
4748,8,8,0.999997615814209
4749,5,5,0.9974855184555054
4750,8,8,0.9999964237213135
4751,4,4,0.9983507394790649
4752,9,9,0.9999722242355347
4753,8,8,0.9999600648880005
4754,1,1,0.9997312426567078
4755,3,3,0.9994764924049377
4756,8,8,0.9999945163726807
4757,0,0,0.9999294281005859
4758,3,3,0.9999997615814209
4759,1,1,0.7585713863372803
4760,7,7,0.9986041188240051
4761,9,8,0.7339448928833008
4762,5,5,0.999946117401123
4763,5,5,0.9999490976333618
4764,1,1,0.996695876121521
4765,6,6,0.9999651908874512
4766,5,5,0.999997615814209
4767,7,7,0.9999681711196899
4768,4,4,0.999998927116394
4769,9,9,0.9999850988388062
4770,3,3,0.9999964237213135
4771,5,5,0.9990983009338379
4772,4,4,0.9999855756759644
4773,7,7,0.998274564743042
4774,1,1,0.9988177418708801
4775,2,2,0.999996542930603
4776,0,0,0.9996150732040405
4777,8,8,0.999776303768158
4778,1,1,0.9955702424049377
4779,6,6,0.9999966621398926
4780,0,0,0.9999698400497437
4781,7,7,0.9999836683273315
4782,3,3,0.9997605681419373
4783,4,9,0.8905798196792603
4784,7,7,0.9997569918632507
4785,3,3,0.9874693155288696
4786,9,9,0.9999332427978516
4787,6,6,0.9999902248382568
4788,0,0,0.9998007416725159
4789,8,8,0.9999531507492065
4790,6,6,0.9986327290534973
4791,4,4,0.9965877532958984
4792,8,8,0.9999996423721313
4793,7,7,0.9999271631240845
4794,7,7,0.9993153810501099
4795,9,9,0.9999383687973022
4796,3,3,0.999670147895813
4797,8,8,0.9999995231628418
4798,6,6,0.7605627775192261
4799,9,9,0.9992122650146484
4800,7,7,0.9999715089797974
4801,2,2,0.999962329864502
4802,3,3,0.9991833567619324
4803,4,4,0.9999977350234985
4804,0,0,0.9999653100967407
4805,2,2,0.9999204874038696
4806,1,1,0.9990264177322388
4807,8,0,0.9857595562934875
4808,3,3,0.7965653538703918
4809,5,5,0.9999969005584717
4810,5,5,0.9999738931655884
4811,7,7,0.9999977350234985
4812,2,2,0.9988300204277039
4813,4,4,0.9997765421867371
4814,6,0,0.6501898169517517
4815,7,7,0.9944127202033997
4816,2,2,0.995749831199646
4817,8,8,0.9999995231628418
4818,3,3,0.9999991655349731
4819,0,0,0.99757319688797
4820,8,8,0.9999971389770508
4821,7,7,0.998930037021637
4822,8,8,0.9998875856399536
4823,9,4,0.5104049444198608
4824,0,0,0.9999606609344482
4825,8,8,0.9995124340057373
4826,4,4,0.9974308609962463
4827,4,4,0.999987006187439
4828,5,5,0.9949395656585693
4829,8,8,0.9999711513519287
4830,5,5,0.9998952150344849
4831,6,6,0.999997615814209
4832,6,6,0.999929666519165
4833,3,3,0.9908308982849121
4834,0,0,0.9999945163726807
4835,9,9,0.9998244643211365
4836,3,3,0.9999639987945557
4837,7,7,0.9853366017341614
4838,6,6,0.787209689617157
4839,8,8,0.9733158349990845
4840,9,9,0.9997110962867737
4841,3,3,0.9993938207626343
4842,4,4,0.9995096921920776
4843,9,9,0.9999698400497437
4844,5,5,0.9999666213989258
4845,8,8,0.9992637038230896
4846,9,9,0.999424934387207
4847,1,1,0.9868690371513367
4848,2,2,0.9998338222503662
4849,8,8,0.9999902248382568
4850,8,8,0.9999947547912598
4851,6,6,0.9997873902320862
4852,8,8,0.9999085664749146
4853,1,1,0.9995436072349548
4854,3,3,0.9997313618659973
4855,7,7,0.9993570446968079
4856,9,9,0.9999709129333496
4857,0,0,0.9977758526802063
4858,1,1,0.9995779395103455
4859,1,1,0.9991629123687744
4860,4,9,0.7925643920898438
4861,7,7,0.9720955491065979
4862,0,0,0.9996902942657471
4863,8,8,0.9972431659698486
4864,1,1,0.9962189793586731
4865,7,7,0.999996542930603
4866,4,4,0.9998195767402649
4867,5,5,0.999998927116394
4868,7,7,0.9999107122421265
4869,1,1,0.9990363121032715
4870,2,2,1.0
4871,1,1,0.995394766330719
4872,1,1,0.9963058233261108
4873,3,3,0.9998644590377808
4874,9,9,0.9779564142227173
4875,6,6,0.9999568462371826
4876,2,2,0.9936286807060242
4877,1,1,0.9971926808357239
4878,2,2,0.9992709755897522
4879,8,8,0.9959808588027954
4880,0,0,0.9698452949523926
4881,7,7,0.9999575614929199
4882,6,6,0.9848722219467163
4883,6,6,0.9999924898147583
4884,9,9,0.9997772574424744
4885,3,3,0.9999269247055054
4886,7,7,0.9833230376243591
4887,0,0,0.9973157048225403
4888,5,5,0.8891212344169617
4889,2,2,0.9999977350234985
4890,8,8,0.9927079081535339
4891,0,0,0.9999978542327881
4892,5,5,0.9999854564666748
4893,4,4,0.9896878600120544
4894,3,3,0.9999082088470459
4895,8,8,0.9999138116836548
4896,4,4,0.9996376037597656
4897,6,6,0.9946916699409485
4898,6,6,0.9978963136672974
4899,2,2,0.9956947565078735
4900,7,7,0.9997051358222961
4901,9,9,0.9999591112136841
4902,5,5,0.9889841675758362
4903,1,1,0.9927850961685181
4904,3,3,0.9999897480010986
4905,2,2,0.9999986886978149
4906,4,4,0.9999852180480957
4907,3,3,0.9987785220146179
4908,6,6,0.9999597072601318
4909,1,1,0.9952777624130249
4910,9,9,0.9997877478599548
4911,4,4,0.9844361543655396
4912,4,4,0.9999985694885254
4913,7,7,0.9996311664581299
4914,6,6,0.9999982118606567
4915,5,5,0.8475733399391174
4916,4,4,0.9999874830245972
4917,1,1,0.9986685514450073
4918,9,9,0.9215460419654846
4919,9,9,0.9999014139175415
4920,2,2,0.9999995231628418
4921,7,7,0.9759142994880676
4922,8,8,0.9999738931655884
4923,0,0,0.999964714050293
4924,1,1,0.9957637786865234
4925,3,3,0.999941349029541
4926,6,6,0.9999841451644897
4927,1,1,0.9987678527832031
4928,3,3,0.9999879598617554
4929,4,4,0.9948280453681946
4930,1,1,0.9981892704963684
4931,1,1,0.9989173412322998
4932,1,1,0.9989815354347229
4933,5,5,0.9998841285705566
4934,6,6,0.9911307096481323
4935,0,0,0.9999790191650391
4936,7,7,0.9995942711830139
4937,0,0,0.9998601675033569
4938,7,7,0.9999086856842041
4939,2,2,0.9159373641014099
4940,3,3,0.999996542930603
4941,2,2,0.9986479878425598
4942,5,5,0.9575319290161133
4943,2,2,0.9567419290542603
4944,2,2,0.9998564720153809
4945,9,9,0.9999895095825195
4946,4,4,0.9999957084655762
4947,9,9,0.9999974966049194
4948,8,8,0.9999556541442871
4949,1,1,0.9996181726455688
4950,2,2,0.9328848719596863
4951,1,1,0.9546281695365906
4952,6,6,0.9955828785896301
4953,1,1,0.9992539286613464
4954,2,2,0.9999107122421265
4955,7,7,0.9999983310699463
4956,8,8,0.7970751523971558
4957,0,0,0.9999991655349731
4958,0,0,0.9999643564224243
4959,0,0,0.9986201524734497
4960,8,8,0.9999754428863525
4961,2,2,0.9999978542327881
4962,2,2,0.9999943971633911
4963,9,9,0.9957303404808044
4964,2,2,0.9999167919158936
4965,2,2,0.9999966621398926
4966,7,7,0.861505925655365
4967,9,9,0.9999567270278931
4968,9,9,0.9999927282333374
4969,2,2,0.9992116689682007
4970,7,7,0.9984632730484009
4971,5,5,0.9997343420982361
4972,1,1,0.998761773109436
4973,3,3,1.0
4974,4,4,0.9999545812606812
4975,9,9,0.9999892711639404
4976,4,4,0.9990496039390564
4977,1,1,0.9998000264167786
4978,8,8,0.9604666233062744
4979,5,5,0.9997376799583435
4980,6,6,0.9999735355377197
4981,2,2,0.99965500831604
4982,8,8,0.9999393224716187
4983,3,3,0.9999521970748901
4984,1,1,0.9970695972442627
4985,2,2,0.9998160004615784
4986,8,8,0.9999402761459351
4987,4,4,0.999930739402771
4988,9,9,0.9998846054077148
4989,9,9,0.996841549873352
4990,3,3,0.9762433171272278
4991,7,7,0.9999853372573853
4992,0,0,0.9999992847442627
4993,7,7,0.9981131553649902
4994,7,7,0.999786913394928
4995,2,2,0.978203296661377
4996,3,3,0.9999963045120239
4997,2,2,0.9302257299423218
4998,4,4,0.999038577079773
4999,0,0,1.0
5000,3,3,0.9999749660491943
5001,9,9,0.999612033367157
5002,9,9,0.999992847442627
5003,8,8,0.9999954700469971
5004,4,4,0.9999991655349731
5005,1,1,0.9995006322860718
5006,0,0,0.9999673366546631
5007,6,6,0.9999946355819702
5008,0,0,0.9999340772628784
5009,9,9,0.9997991919517517
5010,6,6,0.999984860420227
5011,8,8,0.9999063014984131
5012,6,6,0.9999736547470093
5013,1,1,0.9992905855178833
5014,1,1,0.9986338019371033
5015,9,9,0.9999611377716064
5016,8,8,0.9999980926513672
5017,9,9,0.9999703168869019
5018,2,2,0.9999998807907104
5019,3,3,0.9999784231185913
5020,5,5,0.9999538660049438
5021,5,5,0.9999537467956543
5022,9,9,0.999920129776001
5023,4,4,0.9999929666519165
5024,2,2,0.9998811483383179
5025,1,1,0.9997170567512512
5026,9,9,0.9999258518218994
5027,4,4,0.999984622001648
5028,3,3,0.9999974966049194
5029,9,9,0.9998025298118591
5030,6,6,0.999992847442627
5031,0,0,0.9999752044677734
5032,4,4,0.9999957084655762
5033,0,0,0.9999593496322632
5034,6,6,0.9999986886978149
5035,0,0,0.9992330074310303
5036,1,1,0.9993069171905518
5037,2,2,0.99997878074646
5038,3,3,0.9988662004470825
5039,4,4,0.9999986886978149
5040,7,7,0.9856120347976685
5041,8,8,0.9999991655349731
5042,9,9,0.9998047947883606
5043,0,0,0.9999992847442627
5044,1,1,0.9986716508865356
5045,2,2,0.9998499155044556
5046,3,3,0.9991639852523804
5047,4,4,0.9999889135360718
5048,7,7,0.9971657395362854
5049,8,8,0.999886155128479
5050,9,9,0.9999798536300659
5051,0,0,0.9999334812164307
5052,1,1,0.9983193278312683
5053,2,2,0.9999872446060181
5054,3,3,0.9993532299995422
5055,4,4,0.9999814033508301
5056,5,5,0.9999949932098389
5057,6,6,0.9999819993972778
5058,7,7,0.9991224408149719
5059,8,8,0.999976634979248
5060,9,9,0.9999791383743286
5061,8,8,0.9999570846557617
5062,3,3,0.9978983402252197
5063,4,4,0.9999619722366333
5064,7,7,0.9975201487541199
5065,8,8,0.9835521578788757
5066,6,6,0.9999438524246216
5067,3,3,0.9923075437545776
5068,4,4,0.975597083568573
5069,0,0,0.9999926090240479
5070,9,9,0.9999383687973022
5071,7,7,0.999868631362915
5072,1,1,0.9997214674949646
5073,9,9,0.9999974966049194
5074,3,3,0.9998121857643127
5075,8,8,0.9999464750289917
5076,4,4,0.9999991655349731
5077,7,7,0.998832643032074
5078,3,3,0.9930360913276672
5079,0,0,0.9999909400939941
5080,9,9,0.999998927116394
5081,1,1,0.9975806474685669
5082,4,4,0.999998927116394
5083,5,5,0.999193012714386
5084,4,4,0.9997944235801697
5085,6,6,0.999913215637207
5086,2,2,0.9939867258071899
5087,0,0,0.9999982118606567
5088,6,6,0.9977692365646362
5089,2,2,0.9999996423721313
5090,1,1,0.9751396775245667
5091,1,1,0.9937704205513
5092,1,1,0.991557240486145
5093,1,1,0.9960410594940186
5094,7,7,0.99982088804245
5095,2,2,0.9999972581863403
5096,4,4,0.9999333620071411
5097,7,7,0.992969810962677
5098,5,5,0.9999889135360718
5099,2,2,0.999731719493866
5100,9,9,0.9961825013160706
5101,4,4,0.9995296001434326
5102,5,5,0.9999991655349731
5103,8,8,0.9999961853027344
5104,4,4,0.999823272228241
5105,2,2,0.99998939037323
5106,9,9,0.9998654127120972
5107,7,7,0.9997479319572449
5108,0,0,0.9999916553497314
5109,0,0,0.9998083710670471
5110,7,7,0.9947963356971741
5111,5,5,0.9999982118606567
5112,1,1,0.9996562004089355
5113,1,1,0.9993749260902405
5114,7,7,0.9946103096008301
5115,6,6,0.9999926090240479
5116,6,6,0.999985933303833
5117,6,6,0.9999722242355347
5118,8,8,0.999974250793457
5119,2,2,0.9999939203262329
5120,2,2,0.9999159574508667
5121,7,7,0.9981733560562134
5122,7,7,0.9976623058319092
5123,4,4,0.9999357461929321
5124,0,0,0.9999834299087524
5125,2,2,0.9996905326843262
5126,4,4,0.9990434050559998
5127,2,7,0.5419405102729797
5128,1,1,0.9993376135826111
5129,8,8,0.999997615814209
5130,9,9,0.9999673366546631
5131,6,6,0.9999923706054688
5132,1,1,0.9993939399719238
5133,0,0,0.9999656677246094
5134,5,5,0.9999021291732788
5135,9,9,0.9997016787528992
5136,6,6,0.9999467134475708
5137,9,9,0.9999598264694214
5138,8,8,0.9999022483825684
5139,0,0,0.9998778104782104
5140,3,5,0.5089426040649414
5141,0,0,0.9999010562896729
5142,8,8,0.9999955892562866
5143,3,3,0.996451735496521
5144,9,9,0.9999319314956665
5145,6,6,0.9968838095664978
5146,3,3,0.998484194278717
5147,0,0,0.9999915361404419
5148,1,1,0.9990836381912231
5149,2,2,0.9999997615814209
5150,3,3,0.9999996423721313
5151,4,4,0.9999885559082031
5152,5,5,0.9999148845672607
5153,6,6,0.9998353719711304
5154,7,7,0.9998738765716553
5155,0,0,0.9996833801269531
5156,1,1,0.9997261166572571
5157,2,2,0.9999924898147583
5158,3,3,0.9999774694442749
5159,4,4,0.9508600234985352
5160,5,5,0.9999723434448242
5161,6,6,0.9992165565490723
5162,7,7,0.9919776916503906
5163,8,8,0.9999932050704956
5164,9,9,0.9999293088912964
5165,0,0,0.9883063435554504
5166,1,1,0.9987610578536987
5167,2,2,0.9998601675033569
5168,3,3,0.9999982118606567
5169,4,4,0.999997615814209
5170,5,5,0.9999982118606567
5171,6,6,0.9997498393058777
5172,7,7,0.9985367059707642
5173,8,8,0.9995664954185486
5174,5,5,0.9999237060546875
5175,4,4,0.9999451637268066
5176,8,8,0.983627200126648
5177,7,7,0.9987500905990601
5178,4,4,0.9999991655349731
5179,7,7,0.999992847442627
5180,7,7,0.9987517595291138
5181,3,3,0.9999955892562866
5182,9,9,0.9999158382415771
5183,8,8,0.9989217519760132
5184,8,8,0.9999991655349731
5185,3,3,0.9999878406524658
5186,1,1,0.9995762705802917
5187,5,5,0.9999432563781738
5188,8,8,0.9999998807907104
5189,2,2,0.9999752044677734
5190,7,7,0.9978129863739014
5191,4,4,0.9999881982803345
5192,2,2,0.9999998807907104
5193,1,1,0.9945932030677795
5194,5,5,0.9923298954963684
5195,4,4,0.999997615814209
5196,5,5,0.9999977350234985
5197,5,5,0.9999970197677612
5198,8,8,0.9999861717224121
5199,6,6,0.5922990441322327
5200,4,4,0.9998739957809448
5201,4,4,0.9220394492149353
5202,4,4,0.9999585151672363
5203,1,1,0.9837665557861328
5204,8,8,0.9998925924301147
5205,7,7,0.9998655319213867
5206,5,5,0.9996216297149658
5207,5,5,0.9980359673500061
5208,1,1,0.9989883303642273
5209,8,8,0.9999033212661743
5210,9,9,0.9950292706489563
5211,1,1,0.9991724491119385
5212,3,3,0.9999575614929199
5213,6,6,0.9994138479232788
5214,3,3,0.9999988079071045
5215,3,3,0.9999936819076538
5216,2,2,0.9999997615814209
5217,2,2,0.9997425675392151
5218,6,6,0.9887682795524597
5219,9,9,0.9995465874671936
5220,9,9,0.9999139308929443
5221,6,6,0.9937475919723511
5222,5,5,0.9999969005584717
5223,5,5,0.9999967813491821
5224,3,3,0.9999971389770508
5225,3,3,0.999992847442627
5226,8,8,0.999998927116394
5227,1,1,0.9977123737335205
5228,6,4,0.8419179916381836
5229,5,5,0.9999641180038452
5230,6,6,0.9999994039535522
5231,8,8,0.9999879598617554
5232,1,1,0.999568521976471
5233,9,9,0.9999814033508301
5234,7,7,0.9998519420623779
5235,6,6,0.998322069644928
5236,8,8,0.999998927116394
5237,3,3,0.9998513460159302
5238,7,7,0.9997805953025818
5239,4,4,0.9999555349349976
5240,7,7,0.9991652965545654
5241,0,0,0.9999980926513672
5242,9,9,0.9999349117279053
5243,0,0,0.9994989633560181
5244,0,0,0.9999856948852539
5245,3,3,0.999944806098938
5246,7,7,0.6829087138175964
5247,9,9,0.9998680353164673
5248,3,3,0.9999737739562988
5249,0,0,0.9999938011169434
5250,2,2,0.9999877214431763
5251,0,0,0.9999191761016846
5252,1,1,0.9993600249290466
5253,0,0,0.9994586110115051
5254,1,1,0.9949648380279541
5255,0,0,0.9999266862869263
5256,4,4,0.9999927282333374
5257,0,0,0.9993465542793274
5258,1,1,0.9997926354408264
5259,0,0,0.9999921321868896
5260,4,4,0.9880857467651367
5261,7,7,0.9947361350059509
5262,9,9,0.9996318817138672
5263,6,6,0.9996955394744873
5264,2,2,0.9999995231628418
5265,6,6,0.8102225065231323
5266,2,2,0.9999992847442627
5267,2,2,0.9999345541000366
5268,9,9,0.9542334675788879
5269,9,9,0.9990283250808716
5270,0,0,0.9999409914016724
5271,1,1,0.9986953139305115
5272,2,2,0.9999990463256836
5273,3,3,0.9999921321868896
5274,4,4,0.9999994039535522
5275,5,5,0.9999969005584717
5276,6,6,0.9999992847442627
5277,7,7,0.9999289512634277
5278,8,8,0.9936482310295105
5279,9,9,0.9998747110366821
5280,0,0,0.9999942779541016
5281,1,1,0.9992095232009888
5282,2,2,1.0
5283,3,3,0.9957499504089355
5284,4,4,0.9999736547470093
5285,5,5,0.9999982118606567
5286,6,6,0.9999889135360718
5287,7,7,0.9999983310699463
5288,8,8,0.9907248616218567
5289,9,9,0.9999957084655762
5290,0,0,0.9999829530715942
5291,1,1,0.9993880987167358
5292,2,2,0.9999969005584717
5293,3,3,0.9999964237213135
5294,4,4,0.9999873638153076
5295,5,5,1.0
5296,6,6,0.9999282360076904
5297,7,7,0.9999616146087646
5298,8,8,0.9989594221115112
5299,9,9,0.9992269277572632
5300,8,8,0.9999767541885376
5301,0,0,0.9999830722808838
5302,5,5,0.9999746084213257
5303,6,6,0.999961256980896
5304,6,6,0.9999810457229614
5305,0,0,0.9999916553497314
5306,8,8,0.9999715089797974
5307,0,0,0.9999923706054688
5308,2,2,0.9999634027481079
5309,3,3,0.9999940395355225
5310,7,7,0.9998983144760132
5311,9,9,0.9991129040718079
5312,4,4,0.9999251365661621
5313,7,7,0.99998939037323
5314,1,1,0.9997871518135071
5315,9,9,0.9999862909317017
5316,1,1,0.9995678067207336
5317,7,7,0.9999133348464966
5318,1,1,0.9995805621147156
5319,4,4,0.9999045133590698
5320,0,0,0.9999027252197266
5321,0,0,0.999995231628418
5322,4,4,0.9999030828475952
5323,1,1,0.9988742470741272
5324,7,7,0.9999440908432007
5325,5,5,0.9999971389770508
5326,7,7,0.9999326467514038
5327,1,1,0.999405026435852
5328,3,3,0.9999769926071167
5329,3,3,0.9999889135360718
5330,3,3,0.9998663663864136
5331,1,1,0.6893349289894104
5332,6,6,0.9999955892562866
5333,9,9,0.9999748468399048
5334,7,7,0.9995006322860718
5335,4,4,0.9974672794342041
5336,3,3,0.9999954700469971
5337,0,0,0.9999980926513672
5338,2,2,0.9999995231628418
5339,5,5,0.9999901056289673
5340,2,2,1.0
5341,6,6,0.9998881816864014
5342,0,0,0.9999858140945435
5343,8,8,0.9991554021835327
5344,9,9,0.9999971389770508
5345,4,4,0.9999706745147705
5346,3,3,0.9999992847442627
5347,5,5,0.9999997615814209
5348,4,4,0.9992709755897522
5349,8,8,0.9999514818191528
5350,1,1,0.9980226755142212
5351,5,5,0.9999983310699463
5352,9,9,0.9999982118606567
5353,0,0,0.9999892711639404
5354,6,6,0.9999943971633911
5355,4,4,0.9999521970748901
5356,3,3,0.9999606609344482
5357,6,6,0.9999713897705078
5358,3,3,0.9999808073043823
5359,3,3,0.9999996423721313
5360,8,8,0.9970819354057312
5361,1,1,0.9984318614006042
5362,4,4,0.9999381303787231
5363,7,7,0.9972279667854309
5364,5,5,0.9999998807907104
5365,7,7,0.9998489618301392
5366,2,2,1.0
5367,2,2,0.9999998807907104
5368,0,0,0.9999964237213135
5369,0,0,0.9999985694885254
5370,1,1,0.9998037219047546
5371,7,7,0.9962538480758667
5372,7,7,0.9997590184211731
5373,9,9,0.9999973773956299
5374,5,5,0.9999992847442627
5375,9,9,0.9999758005142212
5376,8,8,0.9999979734420776
5377,9,9,0.9999947547912598
5378,6,6,0.9999932050704956
5379,8,8,0.9929353594779968
5380,8,8,0.9845770001411438
5381,2,2,0.9999995231628418
5382,3,3,0.9999979734420776
5383,6,6,0.999974250793457
5384,1,1,0.9996306896209717
5385,2,2,1.0
5386,9,9,0.9999939203262329
5387,8,8,0.9999397993087769
5388,9,9,0.9999876022338867
5389,5,5,0.9999485015869141
5390,2,2,0.9999995231628418
5391,6,6,0.9997943043708801
5392,2,2,0.9999904632568359
5393,4,4,0.9999964237213135
5394,8,8,0.9966228008270264
5395,4,4,0.9998656511306763
5396,6,6,0.9995459914207458
5397,5,5,0.9913124442100525
5398,0,0,0.9999746084213257
5399,1,1,0.9994726777076721
5400,5,5,0.999998927116394
5401,6,6,0.9998132586479187
5402,7,7,0.9998914003372192
5403,8,8,0.9992846846580505
5404,9,9,0.9999973773956299
5405,0,0,0.9993026256561279
5406,1,1,0.9983200430870056
5407,2,2,0.9945532083511353
5408,3,3,0.9996534585952759
5409,4,4,0.9998496770858765
5410,5,5,0.9999972581863403
5411,6,6,0.9999985694885254
5412,7,7,0.9999929666519165
5413,8,8,0.9999715089797974
5414,9,9,0.9999914169311523
5415,0,0,0.9999696016311646
5416,1,1,0.994925856590271
5417,2,2,0.9997376799583435
5418,3,3,0.9999994039535522
5419,4,4,0.999765932559967
5420,5,5,0.9999920129776001
5421,6,6,0.9965206384658813
5422,7,7,0.9999725818634033
5423,8,8,0.9987485408782959
5424,9,9,0.9997050166130066
5425,7,7,0.9999566078186035
5426,4,4,0.9999997615814209
5427,2,2,0.9988439083099365
5428,0,0,0.9999996423721313
5429,9,9,0.9999449253082275
5430,0,0,0.9999971389770508
5431,1,1,0.9983141422271729
5432,5,5,0.9999634027481079
5433,8,8,0.9998898506164551
5434,8,8,0.9999852180480957
5435,0,0,0.9999982118606567
5436,2,2,0.9999998807907104
5437,7,7,0.9999523162841797
5438,8,8,0.999940037727356
5439,4,4,0.9999991655349731
5440,4,4,0.9994409680366516
5441,6,6,0.9999929666519165
5442,1,1,0.998504638671875
5443,0,0,0.9999979734420776
5444,4,4,0.9999969005584717
5445,5,5,0.9999996423721313
5446,3,3,0.9999305009841919
5447,9,9,0.9999918937683105
5448,4,4,0.9999865293502808
5449,2,2,0.9999856948852539
5450,0,0,0.9780043363571167
5451,5,5,0.9999998807907104
5452,0,0,0.9999954700469971
5453,1,1,0.999323844909668
5454,3,3,0.9980067610740662
5455,2,2,0.9999821186065674
5456,9,9,0.9999960660934448
5457,1,1,0.9859995245933533
5458,6,6,0.9999978542327881
5459,0,0,0.9996788501739502
5460,1,1,0.9992671608924866
5461,1,1,0.9996148347854614
5462,8,8,0.9999912977218628
5463,0,0,0.9999942779541016
5464,4,4,0.999997615814209
5465,7,7,0.9999988079071045
5466,7,7,0.9999396800994873
5467,6,6,0.9999992847442627
5468,3,3,0.9999873638153076
5469,6,6,0.999984622001648
5470,0,0,0.9999948740005493
5471,7,7,0.9999724626541138
5472,3,3,0.9999998807907104
5473,5,5,0.9999977350234985
5474,4,4,0.9999949932098389
5475,2,2,0.9999980926513672
5476,4,4,0.9999927282333374
5477,1,1,0.9994325041770935
5478,8,8,0.9999885559082031
5479,3,3,0.9999532699584961
5480,5,5,0.9999997615814209
5481,6,6,0.9999972581863403
5482,7,7,0.9999861717224121
5483,0,0,0.9997060894966125
5484,6,6,0.9999991655349731
5485,7,7,0.9999891519546509
5486,1,1,0.9997673630714417
5487,2,2,0.999998927116394
5488,5,5,0.9999977350234985
5489,8,8,0.9999973773956299
5490,1,1,0.999263346195221
5491,9,9,0.9999818801879883
5492,3,3,0.9999912977218628
5493,8,8,0.9999929666519165
5494,2,2,0.9999998807907104
5495,8,8,0.999998927116394
5496,7,7,0.999901294708252
5497,6,6,0.9999791383743286
5498,7,7,0.9999949932098389
5499,1,1,0.99908447265625
5500,4,4,0.9999988079071045
5501,6,6,0.9999997615814209
5502,2,2,0.9999841451644897
5503,9,9,0.9999196529388428
5504,3,3,0.9996044039726257
5505,0,0,0.9999251365661621
5506,1,1,0.9995860457420349
5507,2,2,0.9976001381874084
5508,3,3,0.999995231628418
5509,4,4,0.9998378753662109
5510,5,5,0.9999992847442627
5511,6,6,0.9999951124191284
5512,7,7,0.9989778995513916
5513,0,0,0.9999990463256836
5514,1,1,0.9990600943565369
5515,2,2,0.9998292922973633
5516,3,3,0.999990701675415
5517,4,4,0.9999758005142212
5518,5,5,0.9999957084655762
5519,0,0,0.9974645376205444
5520,1,1,0.9993407130241394
5521,2,2,0.9999758005142212
5522,8,8,0.999447762966156
5523,9,9,0.9997768998146057
5524,1,1,0.9995400905609131
5525,4,4,0.9999874830245972
5526,0,0,0.9999550580978394
5527,9,9,0.9944410920143127
5528,5,5,0.9999370574951172
5529,0,0,0.9999681711196899
5530,8,8,0.9999678134918213
5531,0,0,0.999996542930603
5532,7,7,0.9840445518493652
5533,7,7,0.9991876482963562
5534,1,1,0.9998589754104614
5535,1,1,0.9992089867591858
5536,2,2,0.994604766368866
5537,9,9,0.9997058510780334
5538,3,3,1.0
5539,6,6,0.9993556141853333
5540,7,7,0.9996187686920166
5541,2,2,0.9999784231185913
5542,3,3,0.9999239444732666
5543,8,8,0.9998270869255066
5544,1,1,0.9996283054351807
5545,2,2,0.9999866485595703
5546,9,9,0.9999449253082275
5547,8,8,0.9998557567596436
5548,8,8,0.9999915361404419
5549,7,7,0.9995675683021545
5550,1,1,0.9997135996818542
5551,7,7,0.9995028972625732
5552,1,1,0.9993731379508972
5553,1,1,0.9997757077217102
5554,0,0,0.9999910593032837
5555,3,3,0.9999942779541016
5556,4,4,0.999950647354126
5557,2,2,0.9999393224716187
5558,6,6,0.9999967813491821
5559,4,4,0.9915435314178467
5560,7,7,0.9994524121284485
5561,4,4,0.9998645782470703
5562,2,2,0.9988877177238464
5563,7,7,0.999933123588562
5564,4,4,0.997798502445221
5565,9,9,0.9999096393585205
5566,1,1,0.9997889399528503
5567,0,0,0.9999444484710693
5568,6,6,0.9999998807907104
5569,8,8,0.9998021721839905
5570,5,5,0.9999986886978149
5571,5,5,0.9999995231628418
5572,5,5,0.9999966621398926
5573,3,3,0.995745837688446
5574,5,5,0.999996542930603
5575,9,9,0.9998643398284912
5576,7,7,0.9999344348907471
5577,4,4,0.9999533891677856
5578,8,8,0.9998227953910828
5579,5,5,0.9999924898147583
5580,9,9,0.9969293475151062
5581,6,6,0.9999960660934448
5582,9,9,0.9999364614486694
5583,3,3,0.9998059868812561
5584,0,0,0.9999991655349731
5585,3,3,0.9999998807907104
5586,8,8,0.9991154074668884
5587,9,9,0.9999666213989258
5588,1,1,0.9987989664077759
5589,8,8,0.9999991655349731
5590,1,1,0.9997815489768982
5591,6,6,0.9999606609344482
5592,0,0,0.9999932050704956
5593,0,0,0.9999257326126099
5594,1,1,0.9344443678855896
5595,2,2,0.9999749660491943
5596,3,3,0.998956561088562
5597,4,4,0.9999464750289917
5598,5,5,1.0
5599,6,6,0.999975323677063
5600,7,9,0.7473881244659424
5601,8,8,0.9997550845146179
5602,9,9,0.9999545812606812
5603,0,0,0.9999701976776123
5604,1,1,0.9991015195846558
5605,2,2,0.9999998807907104
5606,3,3,0.9999911785125732
5607,4,4,0.9999759197235107
5608,5,5,0.9975188970565796
5609,6,6,1.0
5610,7,7,0.9979174733161926
5611,8,8,0.9997062087059021
5612,9,9,0.9999768733978271
5613,0,0,0.9998157620429993
5614,1,1,0.9960281848907471
5615,2,2,0.9999990463256836
5616,3,3,0.999847412109375
5617,4,4,0.9989160299301147
5618,5,5,0.9999998807907104
5619,6,6,0.9999531507492065
5620,7,7,0.9897992610931396
5621,8,8,0.9999997615814209
5622,9,9,0.9998611211776733
5623,3,3,0.9977706670761108
5624,5,5,1.0
5625,3,3,0.9999403953552246
5626,2,2,0.9998972415924072
5627,9,9,0.9999569654464722
5628,3,3,0.9999240636825562
5629,2,2,0.9999998807907104
5630,1,1,0.9976969361305237
5631,4,4,0.9999426603317261
5632,5,5,0.9999995231628418
5633,5,5,0.9999805688858032
5634,2,2,0.9067033529281616
5635,3,3,0.9999583959579468
5636,2,2,0.9999407529830933
5637,1,1,0.998902440071106
5638,3,3,0.9999823570251465
5639,9,9,0.9997451901435852
5640,7,7,0.9853590726852417
5641,2,2,0.9999997615814209
5642,1,8,0.7538259625434875
5643,2,2,0.9999980926513672
5644,8,8,0.9999988079071045
5645,9,9,0.9999634027481079
5646,1,1,0.9993780851364136
5647,8,8,0.9999986886978149
5648,8,8,0.9999891519546509
5649,7,7,0.8224747776985168
5650,8,8,0.9999990463256836
5651,1,1,0.9986924529075623
5652,0,0,0.9999942779541016
5653,0,0,0.9913968443870544
5654,7,7,0.907852292060852
5655,7,7,0.9936043620109558
5656,8,8,0.9999990463256836
5657,7,7,0.9988686442375183
5658,5,5,1.0
5659,0,0,0.9999996423721313
5660,6,6,0.9999860525131226
5661,1,1,0.9994596838951111
5662,5,5,0.9999579191207886
5663,7,7,0.9975364208221436
5664,4,4,0.9999411106109619
5665,6,6,0.9999847412109375
5666,1,1,0.9997459053993225
5667,2,2,0.9999657869338989
5668,5,5,1.0
5669,0,0,0.9999948740005493
5670,7,7,0.9980691075325012
5671,9,9,0.9999949932098389
5672,9,9,0.9999943971633911
5673,0,0,0.9999990463256836
5674,3,3,0.999940037727356
5675,8,8,0.9999942779541016
5676,4,4,0.9506374001502991
5677,4,4,0.9992691874504089
5678,8,8,0.9992749094963074
5679,1,1,0.9989013671875
5680,8,8,0.9999599456787109
5681,6,6,0.9999866485595703
5682,5,5,0.9999847412109375
5683,9,9,0.9999923706054688
5684,0,0,0.9999991655349731
5685,0,0,0.9999974966049194
5686,0,0,0.9999927282333374
5687,3,3,0.9999966621398926
5688,7,7,0.9955177903175354
5689,1,1,0.9997401833534241
5690,6,6,0.9999866485595703
5691,4,4,0.9999561309814453
5692,2,2,1.0
5693,6,6,0.9999867677688599
5694,6,6,0.9999986886978149
5695,0,0,0.9999773502349854
5696,4,4,0.9996769428253174
5697,5,5,0.9989010095596313
5698,4,4,0.9999414682388306
5699,1,1,0.9993639588356018
5700,3,3,0.9999423027038574
5701,8,8,0.999998927116394
5702,6,6,0.9999974966049194
5703,3,3,0.9998451471328735
5704,9,9,0.999966025352478
5705,9,9,0.99994957447052
5706,5,5,0.9999994039535522
5707,9,9,0.9999783039093018
5708,3,3,0.999991774559021
5709,7,7,0.5535812973976135
5710,8,8,0.9999980926513672
5711,5,5,0.9999998807907104
5712,6,6,0.9999819993972778
5713,4,4,0.999997615814209
5714,7,7,0.9988549947738647
5715,6,6,0.9997827410697937
5716,2,2,1.0
5717,2,2,0.9999902248382568
5718,0,0,0.9999796152114868
5719,9,9,0.9936631917953491
5720,4,4,0.9983349442481995
5721,0,0,0.9999964237213135
5722,1,1,0.9994016885757446
5723,2,2,0.9999992847442627
5724,3,3,0.9999921321868896
5725,4,4,0.9999996423721313
5726,5,5,0.9999825954437256
5727,6,6,0.9996260404586792
5728,7,7,0.9996843338012695
5729,8,8,0.999754011631012
5730,9,9,0.9999104738235474
5731,0,0,0.9999315738677979
5732,1,1,0.9970808625221252
5733,2,2,1.0
5734,3,3,0.7005615234375
5735,5,5,0.9917145371437073
5736,6,6,0.8569141030311584
5737,0,0,0.9988518953323364
5738,1,1,0.9988962411880493
5739,2,2,0.9999998807907104
5740,3,3,0.9999868869781494
5741,4,4,0.9999986886978149
5742,5,5,0.999650239944458
5743,6,6,0.9996821880340576
5744,8,8,0.9999855756759644
5745,7,7,0.9841534495353699
5746,1,1,0.9965294003486633
5747,3,3,0.9999990463256836
5748,2,2,0.9999927282333374
5749,8,8,0.905066967010498
5750,0,0,0.9987776875495911
5751,7,7,0.9999791383743286
5752,5,5,0.9953444600105286
5753,9,9,0.9999804496765137
5754,9,9,0.9998674392700195
5755,6,6,0.9999998807907104
5756,0,0,0.9973340034484863
5757,9,9,0.9823690056800842
5758,4,4,0.9999998807907104
5759,1,1,0.968986451625824
5760,3,3,0.9998817443847656
5761,2,2,0.9999967813491821
5762,1,1,0.9988511800765991
5763,2,2,0.9999887943267822
5764,3,3,0.9999926090240479
5765,8,8,0.9999886751174927
5766,3,3,0.9999979734420776
5767,2,2,1.0
5768,6,6,0.9999898672103882
5769,5,5,0.9882119297981262
5770,6,6,0.999565064907074
5771,8,8,0.9990930557250977
5772,2,2,0.9999595880508423
5773,7,7,0.9995054006576538
5774,4,4,0.9999924898147583
5775,8,8,0.9999980926513672
5776,1,1,0.9994344115257263
5777,8,8,0.9998005032539368
5778,0,0,0.9997814297676086
5779,5,5,0.9999864101409912
5780,3,3,0.9997370839118958
5781,9,9,0.9996503591537476
5782,4,4,0.9999685287475586
5783,1,1,0.9994199275970459
5784,9,9,0.9994268417358398
5785,2,2,1.0
5786,1,1,0.9991734623908997
5787,9,9,0.9999775886535645
5788,6,6,1.0
5789,7,7,0.9999785423278809
5790,9,9,0.9999860525131226
5791,0,0,0.999923825263977
5792,4,4,0.9999995231628418
5793,6,6,0.9999926090240479
5794,1,1,0.9986125230789185
5795,7,7,0.9999808073043823
5796,3,3,0.9999997615814209
5797,8,8,0.9999998807907104
5798,7,7,0.9998199343681335
5799,2,2,0.9999719858169556
5800,9,9,0.9998524188995361
5801,6,6,0.9493067264556885
5802,5,5,0.9995369911193848
5803,8,8,0.9999521970748901
5804,3,3,0.9999842643737793
5805,9,9,0.999996542930603
5806,0,0,0.9999749660491943
5807,5,5,0.9951143264770508
5808,7,7,0.9998677968978882
5809,1,1,0.9992899894714355
5810,6,6,0.9999972581863403
5811,1,1,0.9987209439277649
5812,0,0,0.9999978542327881
5813,9,9,0.9999979734420776
5814,3,3,0.9999988079071045
5815,3,3,0.9999698400497437
5816,4,4,0.9999991655349731
5817,4,4,0.9999996423721313
5818,0,0,0.9999727010726929
5819,6,6,0.9999825954437256
5820,2,2,0.9999464750289917
5821,5,5,0.9993948936462402
5822,4,4,0.999995231628418
5823,2,2,0.9999816417694092
5824,3,3,0.999032735824585
5825,4,4,0.9999984502792358
5826,6,6,0.9998282194137573
5827,0,0,0.9999154806137085
5828,0,0,0.9983322024345398
5829,2,2,0.9999995231628418
5830,0,0,0.9999842643737793
5831,1,1,0.9966873526573181
5832,4,4,0.9999932050704956
5833,5,5,0.9997331500053406
5834,6,6,0.9999986886978149
5835,7,7,0.9324772357940674
5836,8,8,0.9999856948852539
5837,9,9,0.9999897480010986
5838,0,0,0.9999781847000122
5839,1,1,0.9995437264442444
5840,2,2,0.9999492168426514
5841,3,3,0.9931320548057556
5842,4,4,0.9651498794555664
5843,5,5,0.9999991655349731
5844,6,6,1.0
5845,7,7,0.9979115128517151
5846,8,8,1.0
5847,0,0,0.9999834299087524
5848,1,1,0.9993564486503601
5849,2,2,0.9999500513076782
5850,3,3,0.9999992847442627
5851,4,4,0.9999961853027344
5852,5,5,0.9999996423721313
5853,6,6,0.9999037981033325
5854,7,7,0.9970213770866394
5855,8,8,0.9999886751174927
5856,9,9,0.9999558925628662
5857,8,8,0.9999595880508423
5858,7,7,0.9025578498840332
5859,1,1,0.9997976422309875
5860,3,3,0.9999910593032837
5861,7,7,0.9997368454933167
5862,5,5,0.9999967813491821
5863,2,2,0.9999816417694092
5864,8,8,0.9999998807907104
5865,0,0,0.9999939203262329
5866,7,7,0.9957370758056641
5867,5,5,0.999990701675415
5868,9,9,0.9999812841415405
5869,9,9,0.9999885559082031
5870,0,0,0.9990290403366089
5871,9,9,0.9999440908432007
5872,1,1,0.9994989633560181
5873,1,1,0.9996228218078613
5874,5,5,0.9999324083328247
5875,8,8,0.9999994039535522
5876,8,8,0.999993085861206
5877,6,6,0.8900731205940247
5878,3,3,0.9990189075469971
5879,2,2,0.9999758005142212
5880,1,1,0.9996860027313232
5881,8,8,0.9999984502792358
5882,3,3,0.9999219179153442
5883,2,2,0.9999994039535522
5884,6,6,1.0
5885,5,5,0.9996364116668701
5886,6,6,0.9999886751174927
5887,7,7,0.6996492743492126
5888,4,4,0.9935992956161499
5889,1,1,0.9994291663169861
5890,0,0,0.9985164999961853
5891,5,5,0.9998946189880371
5892,3,3,0.9999771118164062
5893,1,1,0.9997814297676086
5894,9,9,0.99993896484375
5895,2,2,0.9999606609344482
5896,1,1,0.9997037053108215
5897,9,9,0.9995009899139404
5898,6,6,0.999998927116394
5899,0,0,0.999985933303833
5900,4,4,0.9999979734420776
5901,6,6,0.9999184608459473
5902,1,1,0.9996927976608276
5903,7,7,0.9573318362236023
5904,3,3,0.9998457431793213
5905,8,8,0.9999992847442627
5906,7,7,0.9954375624656677
5907,2,2,0.999068558216095
5908,9,9,0.9999837875366211
5909,6,6,0.9999949932098389
5910,5,5,0.9999713897705078
5911,8,8,0.9999915361404419
5912,3,3,0.9997466206550598
5913,5,5,0.9999067783355713
5914,7,7,0.9975536465644836
5915,1,1,0.9996863603591919
5916,6,6,0.9999661445617676
5917,1,1,0.9988753199577332
5918,0,0,0.9989681243896484
5919,9,9,0.9997530579566956
5920,6,6,0.999943733215332
5921,2,2,0.9991644620895386
5922,5,5,0.9178172945976257
5923,4,4,0.9994989633560181
5924,2,2,0.9987629652023315
5925,3,3,0.9999498128890991
5926,4,4,0.9899208545684814
5927,4,4,0.9999998807907104
5928,6,6,0.999993085861206
5929,0,0,0.9999463558197021
5930,0,0,0.9999992847442627
5931,2,2,0.999992847442627
5932,0,0,0.9999991655349731
5933,1,1,0.9968752861022949
5934,2,2,0.9986363053321838
5935,3,3,0.999421238899231
5936,4,4,0.9310442209243774
5937,5,3,0.7481681704521179
5938,6,6,0.9999855756759644
5939,7,7,0.9957879185676575
5940,8,8,0.9998251795768738
5941,9,9,0.9999983310699463
5942,0,0,0.9999750852584839
5943,1,1,0.9699947834014893
5944,2,2,0.9977738261222839
5945,3,3,0.9999268054962158
5946,4,4,0.9993578791618347
5947,5,5,0.9995403289794922
5948,6,6,0.9999916553497314
5949,7,7,0.9920650124549866
5950,8,8,0.9993368983268738
5951,9,9,0.9999134540557861
5952,0,0,0.9999879598617554
5953,1,1,0.9993467926979065
5954,2,2,0.9999982118606567
5955,3,8,0.987445592880249
5956,4,4,0.9987829327583313
5957,5,5,0.9998136162757874
5958,6,6,0.9999997615814209
5959,7,7,0.99755859375
5960,8,8,0.9997102618217468
5961,9,9,0.995248019695282
5962,8,8,0.9999996423721313
5963,6,6,0.9995386600494385
5964,5,5,0.9996242523193359
5965,0,0,0.9999796152114868
5966,6,6,0.9999783039093018
5967,8,8,0.9998764991760254
5968,9,9,0.9999945163726807
5969,4,4,0.9994924068450928
5970,1,1,0.9915727376937866
5971,9,9,0.9999878406524658
5972,5,5,0.9967660903930664
5973,3,8,0.8033554553985596
5974,0,0,0.9999452829360962
5975,4,4,0.9508640170097351
5976,8,8,0.9999852180480957
5977,9,9,0.9999843835830688
5978,1,1,0.9989739656448364
5979,4,4,0.9996222257614136
5980,0,0,0.9998371601104736
5981,5,5,0.4856622517108917
5982,5,5,0.9881207942962646
5983,2,2,0.999180257320404
5984,1,1,0.9981456995010376
5985,5,8,0.7590165138244629
5986,4,4,0.9910873770713806
5987,0,0,0.9984354376792908
5988,7,7,0.9973827004432678
5989,6,6,0.9871551990509033
5990,0,0,0.9999170303344727
5991,1,1,0.999134361743927
5992,7,7,0.991547167301178
5993,0,0,0.9999916553497314
5994,6,6,0.9999961853027344
5995,8,8,0.9999994039535522
5996,9,9,0.9999959468841553
5997,5,9,0.7508971691131592
5998,1,1,0.9951862692832947
5999,7,7,0.9997292160987854
6000,9,9,0.9996654987335205
6001,8,8,0.9996402263641357
6002,6,6,0.9982157945632935
6003,0,0,0.999362051486969
6004,8,8,0.971630871295929
6005,1,1,0.9739493131637573
6006,7,7,0.9711695313453674
6007,7,7,0.997316300868988
6008,1,1,0.9971822500228882
6009,3,3,0.9876240491867065
6010,2,2,0.9995800852775574
6011,3,3,0.7634549736976624
6012,1,1,0.9986317753791809
6013,4,4,0.9995713829994202
6014,2,2,0.9999942779541016
6015,0,0,0.999884843826294
6016,0,0,0.9999943971633911
6017,7,7,0.9999657869338989
6018,8,8,0.9999536275863647
6019,4,4,0.9917288422584534
6020,6,6,0.9994778037071228
6021,4,4,0.9992097616195679
6022,9,9,0.9999758005142212
6023,3,3,0.8235412836074829
6024,8,8,0.999943733215332
6025,4,4,0.9994871616363525
6026,7,7,0.9662200808525085
6027,2,2,0.9915293455123901
6028,5,5,0.8359702825546265
6029,6,6,0.9999151229858398
6030,3,3,0.9999699592590332
6031,6,6,0.9987075328826904
6032,9,9,0.999983549118042
6033,6,6,0.9992151260375977
6034,3,3,0.9999176263809204
6035,2,2,0.9579606056213379
6036,2,2,0.999997615814209
6037,4,4,0.8767291903495789
6038,6,6,0.9999456405639648
6039,9,9,0.999956488609314
6040,0,0,0.9997178912162781
6041,2,2,0.9898772835731506
6042,5,5,0.9602428674697876
6043,5,5,0.9955273270606995
6044,1,1,0.995297372341156
6045,3,3,0.9898537993431091
6046,3,3,0.9995623230934143
6047,9,9,0.9999556541442871
6048,7,7,0.9974601864814758
6049,8,8,0.9999340772628784
6050,7,7,0.9984221458435059
6051,2,2,0.9984563589096069
6052,2,2,0.9992590546607971
6053,5,5,0.995375394821167
6054,7,7,0.9867139458656311
6055,9,9,0.9999788999557495
6056,8,8,0.9999829530715942
6057,2,2,0.9999680519104004
6058,1,1,0.9990463852882385
6059,3,3,0.9440533518791199
6060,1,1,0.9890373349189758
6061,3,3,0.9999775886535645
6062,0,0,0.9998714923858643
6063,1,1,0.9968106150627136
6064,2,2,0.9998836517333984
6065,3,3,0.963553249835968
6066,4,4,0.9999998807907104
6067,5,5,0.9999958276748657
6068,6,6,1.0
6069,7,7,0.999990701675415
6070,8,8,0.9963447451591492
6071,9,9,0.9986670017242432
6072,0,0,0.998609185218811
6073,1,1,0.9939011335372925
6074,2,2,0.9999793767929077
6075,3,3,0.9996905326843262
6076,4,4,0.9999914169311523
6077,5,5,0.9998459815979004
6078,6,6,0.9999994039535522
6079,7,7,0.9999620914459229
6080,8,8,0.8979346752166748
6081,9,9,0.987561047077179
6082,0,0,0.999976396560669
6083,1,1,0.9763193130493164
6084,2,2,0.9999465942382812
6085,3,3,0.9851685762405396
6086,4,4,0.999995231628418
6087,5,5,0.999544084072113
6088,6,6,0.9999979734420776
6089,7,7,0.9999569654464722
6090,8,8,0.9997028708457947
6091,9,9,0.9265292882919312
6092,1,1,0.999614953994751
6093,2,2,0.6696642637252808
6094,6,6,0.9999939203262329
6095,5,5,0.9999990463256836
6096,3,3,0.9999700784683228
6097,0,0,0.9999988079071045
6098,7,7,0.9997593760490417
6099,0,0,0.999996542930603
6100,4,4,0.9999992847442627
6101,1,8,0.5058031678199768
6102,4,4,1.0
6103,3,3,0.9999994039535522
6104,6,6,0.9999998807907104
6105,7,7,0.9996376037597656
6106,2,2,0.9999618530273438
6107,3,3,0.9999961853027344
6108,1,1,0.9967858791351318
6109,2,2,0.9977872371673584
6110,1,1,0.9929317235946655
6111,2,2,0.9998911619186401
6112,9,9,0.996640682220459
6113,6,6,0.9998667240142822
6114,0,0,0.9999991655349731
6115,1,1,0.9954931735992432
6116,3,3,0.9999815225601196
6117,0,0,0.9999871253967285
6118,2,2,0.9996912479400635
6119,7,7,0.9999796152114868
6120,5,5,0.999945878982544
6121,7,7,0.9999537467956543
6122,6,6,0.9999986886978149
6123,2,2,0.9999876022338867
6124,9,9,0.9998928308486938
6125,1,1,0.9997486472129822
6126,9,9,0.9997933506965637
6127,0,0,1.0
6128,6,6,1.0
6129,0,0,1.0
6130,6,6,1.0
6131,0,0,0.9999978542327881
6132,2,2,0.9999983310699463
6133,0,0,0.9999958276748657
6134,6,6,0.999936580657959
6135,1,1,0.9990215301513672
6136,5,5,0.9999997615814209
6137,8,8,0.9996651411056519
6138,4,4,1.0
6139,3,3,0.9999914169311523
6140,0,0,0.9999632835388184
6141,1,1,0.9998376369476318
6142,5,5,0.9999979734420776
6143,4,4,0.9999948740005493
6144,4,4,0.9999997615814209
6145,8,8,0.9999673366546631
6146,5,5,0.9926171898841858
6147,7,7,0.9997642636299133
6148,5,5,0.9999998807907104
6149,7,7,0.9993112087249756
6150,8,8,0.9994944334030151
6151,3,3,0.9999905824661255
6152,4,4,0.9999885559082031
6153,8,8,0.9994207620620728
6154,8,8,0.9985800981521606
6155,5,5,0.9999978542327881
6156,2,2,0.999994158744812
6157,9,9,0.9964471459388733
6158,7,7,0.9991022348403931
6159,1,1,0.9994843006134033
6160,3,3,0.9998297691345215
6161,8,8,0.9924308657646179
6162,1,1,0.9997302889823914
6163,0,0,0.9998548030853271
6164,7,7,0.9999946355819702
6165,5,5,0.9999966621398926
6166,9,9,0.9980517625808716
6167,6,6,0.9999978542327881
6168,9,9,0.9990267753601074
6169,4,4,0.9999998807907104
6170,7,7,0.9998013377189636
6171,7,7,0.9999651908874512
6172,9,9,0.9984649419784546
6173,9,9,0.9420997500419617
6174,3,3,0.9970935583114624
6175,4,4,0.9999984502792358
6176,4,4,0.9999997615814209
6177,3,3,0.9999921321868896
6178,8,8,0.9987454414367676
6179,6,6,0.9981729984283447
6180,2,2,0.9998273849487305
6181,0,0,0.999932050704956
6182,1,1,0.999541163444519
6183,2,2,0.9999997615814209
6184,3,3,0.9999860525131226
6185,4,4,0.9999829530715942
6186,5,5,0.9999842643737793
6187,6,6,0.9999892711639404
6188,7,7,0.9489333629608154
6189,8,8,0.9999908208847046
6190,9,9,0.999987006187439
6191,0,0,0.9999940395355225
6192,1,1,0.9988386034965515
6193,2,2,0.9999974966049194
6194,3,3,0.9999995231628418
6195,4,4,0.9999963045120239
6196,5,5,0.999998927116394
6197,6,6,0.9999977350234985
6198,7,7,0.9999403953552246
6199,8,8,0.9999994039535522
6200,9,9,0.9999881982803345
6201,0,0,0.9999997615814209
6202,1,1,0.9994242191314697
6203,2,2,0.9999997615814209
6204,3,3,0.9999744892120361
6205,4,4,0.9999802112579346
6206,5,5,0.9999998807907104
6207,6,6,0.9999983310699463
6208,7,7,0.999524712562561
6209,8,8,0.9999946355819702
6210,9,9,0.9999958276748657
6211,0,0,0.9999985694885254
6212,8,8,0.9999967813491821
6213,3,3,0.9998260140419006
6214,9,9,0.9999802112579346
6215,5,5,0.9999915361404419
6216,5,5,0.9999946355819702
6217,2,2,0.9999992847442627
6218,6,6,0.9999382495880127
6219,8,8,0.9999897480010986
6220,4,4,0.9999997615814209
6221,9,9,0.9999964237213135
6222,1,1,0.999609649181366
6223,7,7,0.9987186193466187
6224,1,1,0.999627947807312
6225,2,2,0.9999991655349731
6226,3,3,0.9999990463256836
6227,5,5,0.9965139031410217
6228,9,9,0.9999988079071045
6229,6,6,0.99998939037323
6230,9,9,0.9999959468841553
6231,1,1,0.9985259175300598
6232,1,1,0.9987784028053284
6233,1,1,0.9984663724899292
6234,2,2,0.9999359846115112
6235,9,9,0.9999862909317017
6236,5,5,1.0
6237,6,6,0.9999812841415405
6238,8,8,0.9999923706054688
6239,1,1,0.9981993436813354
6240,2,2,0.9999974966049194
6241,0,0,0.9999986886978149
6242,7,7,0.9933250546455383
6243,7,7,0.9962332844734192
6244,5,5,0.9999997615814209
6245,8,8,0.999994158744812
6246,2,2,1.0
6247,9,9,0.9999934434890747
6248,8,8,0.9999995231628418
6249,9,9,0.9999645948410034
6250,0,0,0.9999610185623169
6251,4,4,0.9999873638153076
6252,6,6,0.999958872795105
6253,7,7,0.9996758699417114
6254,1,1,0.9994310736656189
6255,3,3,0.9999951124191284
6256,4,4,0.9999899864196777
6257,5,5,0.9999997615814209
6258,6,6,0.999995231628418
6259,0,0,0.9999995231628418
6260,3,3,0.9999352693557739
6261,6,6,0.9999994039535522
6262,8,8,0.9999934434890747
6263,7,7,0.9998152852058411
6264,0,0,0.9999438524246216
6265,4,4,0.9999289512634277
6266,2,2,0.9999947547912598
6267,7,7,0.9991381168365479
6268,4,4,0.9999850988388062
6269,7,7,0.9994962215423584
6270,5,5,0.9999992847442627
6271,4,4,0.9999457597732544
6272,3,3,0.9999548196792603
6273,4,4,0.9999351501464844
6274,2,2,0.9999997615814209
6275,8,8,0.9999985694885254
6276,1,1,0.999657154083252
6277,5,5,0.9999963045120239
6278,1,1,0.9994609951972961
6279,2,2,0.9999978542327881
6280,0,0,0.9999986886978149
6281,2,2,1.0
6282,5,5,0.9999990463256836
6283,6,6,0.9995310306549072
6284,4,4,0.9999154806137085
6285,3,3,0.9999994039535522
6286,0,0,0.9998842477798462
6287,0,0,0.9999915361404419
6288,0,0,0.9999978542327881
6289,3,3,0.9999984502792358
6290,3,3,0.9999502897262573
6291,5,5,0.9999998807907104
6292,7,7,0.9997696280479431
6293,0,0,0.9999891519546509
6294,6,6,0.9991266131401062
6295,4,4,0.9999873638153076
6296,8,8,0.9999969005584717
6297,8,8,0.9999995231628418
6298,6,6,0.9999681711196899
6299,3,3,0.9999978542327881
6300,4,4,0.9999947547912598
6301,6,6,0.999992847442627
6302,9,9,0.999977707862854
6303,9,9,0.9999974966049194
6304,8,8,0.9998533725738525
6305,2,2,0.9999977350234985
6306,7,7,0.9992377758026123
6307,7,7,0.9999799728393555
6308,1,1,0.9995720982551575
6309,0,0,0.9999986886978149
6310,1,1,0.9997015595436096
6311,2,2,1.0
6312,3,3,0.9999918937683105
6313,4,4,0.9999998807907104
6314,5,5,0.9999997615814209
6315,6,6,0.9999899864196777
6316,7,7,0.9995341300964355
6317,8,8,0.9998377561569214
6318,9,9,0.999991774559021
6319,0,0,0.9999995231628418
6320,1,1,0.9989966750144958
6321,2,2,1.0
6322,3,3,0.9999959468841553
6323,4,4,0.9996275901794434
6324,5,5,0.9999998807907104
6325,6,6,0.9999947547912598
6326,7,7,0.9999865293502808
6327,8,8,0.9999889135360718
6328,0,0,0.9999970197677612
6329,1,1,0.999401330947876
6330,2,2,1.0
6331,3,3,0.9999914169311523
6332,4,4,0.9999974966049194
6333,5,5,1.0
6334,6,6,0.9999892711639404
6335,7,7,0.9999847412109375
6336,8,8,0.9999797344207764
6337,2,2,0.9999998807907104
6338,1,1,0.995581328868866
6339,7,7,0.9999853372573853
6340,2,2,1.0
6341,5,5,1.0
6342,0,0,0.9999929666519165
6343,8,8,0.9999815225601196
6344,0,0,0.9997578263282776
6345,2,2,1.0
6346,7,7,0.9999129772186279
6347,8,8,0.998134434223175
6348,8,8,0.9999655485153198
6349,3,3,0.9999990463256836
6350,6,6,0.9999971389770508
6351,0,0,0.9998800754547119
6352,2,2,0.9999997615814209
6353,7,7,0.9999969005584717
6354,6,6,0.9999997615814209
6355,6,6,0.999998927116394
6356,1,1,0.9989628791809082
6357,2,2,1.0
6358,8,8,0.9999816417694092
6359,8,8,0.9841268658638
6360,7,7,0.9999771118164062
6361,7,7,0.9999427795410156
6362,4,4,0.9999971389770508
6363,7,7,0.9999310970306396
6364,7,7,0.9999468326568604
6365,3,3,0.9999964237213135
6366,7,7,0.9999783039093018
6367,4,4,0.9999995231628418
6368,5,5,1.0
6369,4,4,0.9999927282333374
6370,3,3,0.9999337196350098
6371,3,3,0.9995220899581909
6372,8,8,0.999914288520813
6373,4,4,0.9999992847442627
6374,1,1,0.9997099041938782
6375,1,1,0.9998348951339722
6376,9,9,0.9967181086540222
6377,7,7,0.9990680813789368
6378,4,4,0.9999958276748657
6379,3,3,0.999996542930603
6380,7,7,0.9894188046455383
6381,3,3,0.9999761581420898
6382,3,3,0.9999985694885254
6383,0,0,0.9999918937683105
6384,2,2,1.0
6385,5,5,0.9999904632568359
6386,5,5,0.9999957084655762
6387,6,6,0.999994158744812
6388,6,6,0.9999933242797852
6389,3,3,0.9996747970581055
6390,5,5,0.9991779923439026
6391,2,2,0.9992863535881042
6392,5,5,0.9952202439308167
6393,9,9,0.9956308603286743
6394,9,9,0.9999905824661255
6395,8,8,0.9999978542327881
6396,4,4,0.9999938011169434
6397,1,1,0.9996720552444458
6398,0,0,0.9998809099197388
6399,6,6,0.9999912977218628
6400,0,0,0.9760465025901794
6401,9,9,0.9996377229690552
6402,6,6,0.9988182187080383
6403,8,8,0.9997792840003967
6404,8,8,0.9999281167984009
6405,5,5,0.9999985694885254
6406,6,6,0.9999996423721313
6407,1,1,0.9996993541717529
6408,1,1,0.9986822009086609
6409,9,9,0.9999849796295166
6410,8,8,0.9999287128448486
6411,9,9,0.9993160963058472
6412,2,2,0.9999998807907104
6413,3,3,0.9999971389770508
6414,5,5,0.9999957084655762
6415,5,5,0.9999997615814209
6416,9,9,0.9982243180274963
6417,4,4,0.9998834133148193
6418,2,2,0.9960188269615173
6419,1,1,0.9996575117111206
6420,9,9,0.994055986404419
6421,3,3,0.9997226595878601
6422,9,9,0.9994076490402222
6423,2,2,1.0
6424,0,0,0.9990472197532654
6425,6,6,0.9997196793556213
6426,0,0,0.9953573346138
6427,4,4,0.9999984502792358
6428,0,0,0.9997929930686951
6429,0,0,0.9999992847442627
6430,1,1,0.997230589389801
6431,2,2,0.9999997615814209
6432,3,3,0.9998377561569214
6433,4,4,0.9999948740005493
6434,7,7,0.9844231009483337
6435,8,8,0.9999949932098389
6436,9,9,0.9999984502792358
6437,0,0,0.9999986886978149
6438,1,1,0.9996029734611511
6439,2,2,0.9999996423721313
6440,3,3,0.9999861717224121
6441,7,7,0.9969316720962524
6442,8,8,0.9999986886978149
6443,9,9,0.9998385906219482
6444,0,0,0.9999676942825317
6445,1,1,0.9991658926010132
6446,2,2,0.9999756813049316
6447,3,3,0.9999912977218628
6448,4,4,0.9999934434890747
6449,7,7,0.9996145963668823
6450,8,8,0.999992847442627
6451,9,9,0.9999881982803345
6452,7,7,0.9952326416969299
6453,3,3,0.9999194145202637
6454,0,0,0.9999371767044067
6455,3,3,0.9997648596763611
6456,1,1,0.9990754127502441
6457,8,8,0.9999971389770508
6458,7,7,0.9932447075843811
6459,6,6,0.9999573230743408
6460,4,4,0.9999853372573853
6461,0,0,0.9999924898147583
6462,2,2,1.0
6463,6,6,0.9999959468841553
6464,8,8,0.999996542930603
6465,3,3,0.99998939037323
6466,2,2,0.9999998807907104
6467,8,8,0.999997615814209
6468,1,1,0.9968082308769226
6469,2,2,0.9999892711639404
6470,0,0,0.9999063014984131
6471,7,7,0.9937841892242432
6472,1,1,0.9995580315589905
6473,0,0,0.9999916553497314
6474,4,4,0.9997140765190125
6475,4,4,0.9999661445617676
6476,5,5,0.9999996423721313
6477,8,8,0.9995751976966858
6478,0,0,0.999993085861206
6479,6,6,0.9999828338623047
6480,2,2,0.9999668598175049
6481,3,3,0.9992340803146362
6482,1,1,0.999830961227417
6483,5,5,0.9999984502792358
6484,1,1,0.999290943145752
6485,8,8,0.9999881982803345
6486,5,5,0.9999970197677612
6487,9,9,0.9999773502349854
6488,4,4,0.9999873638153076
6489,0,0,0.9999681711196899
6490,7,7,0.9996740818023682
6491,5,5,0.9999977350234985
6492,8,8,0.999990701675415
6493,8,8,0.9999966621398926
6494,3,3,0.9993081092834473
6495,8,8,0.9995723366737366
6496,9,9,0.9998321533203125
6497,2,2,0.9999935626983643
6498,6,6,0.9999845027923584
6499,2,2,0.9999971389770508
6500,5,5,0.9999998807907104
6501,3,3,0.9992198944091797
6502,1,1,0.999238133430481
6503,7,7,0.9996722936630249
6504,3,3,0.9999973773956299
6505,9,9,0.9398578405380249
6506,1,1,0.9998225569725037
6507,9,9,0.9999817609786987
6508,9,9,0.999997615814209
6509,6,6,0.9999988079071045
6510,0,0,0.9999748468399048
6511,3,3,0.9979162812232971
6512,9,9,0.9997510313987732
6513,2,2,0.9999969005584717
6514,8,8,0.9999769926071167
6515,1,1,0.9996219873428345
6516,4,4,0.9999914169311523
6517,3,3,0.9999535083770752
6518,5,5,0.9999923706054688
6519,2,2,1.0
6520,9,9,0.9999799728393555
6521,2,2,0.9999991655349731
6522,5,5,0.9999992847442627
6523,8,8,0.9992513060569763
6524,9,9,0.999996542930603
6525,5,5,0.9999997615814209
6526,0,0,0.9998339414596558
6527,1,1,0.9991324543952942
6528,2,2,0.9997902512550354
6529,4,4,0.9999912977218628
6530,5,5,0.9997890591621399
6531,6,6,0.9999955892562866
6532,0,0,0.9977512955665588
6533,1,1,0.9984983205795288
6534,2,2,0.9990994930267334
6535,3,3,0.9995742440223694
6536,4,4,0.9999886751174927
6537,5,5,0.9999786615371704
6538,6,6,0.9787160158157349
6539,7,7,0.999785840511322
6540,1,1,0.9967344403266907
6541,2,2,0.9999983310699463
6542,3,3,0.920634925365448
6543,4,4,0.9999595880508423
6544,5,5,0.9941102862358093
6545,1,1,0.9982580542564392
6546,0,0,0.999492883682251
6547,4,4,0.9999985694885254
6548,5,5,0.9999984502792358
6549,6,6,0.9993189573287964
6550,6,6,0.9999958276748657
6551,3,3,0.9999897480010986
6552,4,4,0.9999265670776367
6553,4,4,0.9984716773033142
6554,2,2,0.9932346940040588
6555,8,9,0.6702670454978943
6556,1,1,0.9926440119743347
6557,0,0,0.9804932475090027
6558,6,6,0.8974831700325012
6559,4,4,0.993492066860199
6560,9,9,0.9549573659896851
6561,7,7,0.5063815712928772
6562,2,2,0.9995631575584412
6563,3,3,0.9983922839164734
6564,3,3,0.9598665833473206
6565,9,9,0.9982116222381592
6566,2,2,0.9999980926513672
6567,0,0,0.9998036026954651
6568,9,9,0.9777024984359741
6569,3,3,0.9258137941360474
6570,3,3,0.9973719120025635
6571,9,9,0.5781227350234985
6572,1,7,0.5406732559204102
6573,5,5,0.9991565942764282
6574,2,2,0.6823074817657471
6575,3,3,0.9876077771186829
6576,7,7,0.48921358585357666
6577,7,7,0.9985547661781311
6578,8,8,0.9889786839485168
6579,4,4,0.9999879598617554
6580,0,0,0.9999978542327881
6581,2,2,0.9994906187057495
6582,4,4,0.9999991655349731
6583,0,0,0.999994158744812
6584,2,2,0.9093076586723328
6585,4,4,0.9999973773956299
6586,7,7,0.9997450709342957
6587,8,8,0.9999858140945435
6588,0,0,0.9999599456787109
6589,7,7,0.9997053742408752
6590,0,0,0.9963058233261108
6591,6,6,0.9999979734420776
6592,9,9,0.973588764667511
6593,3,3,0.9992926120758057
6594,2,2,0.9991738200187683
6595,8,8,0.9999997615814209
6596,6,6,0.9995926022529602
6597,0,7,0.8588098287582397
6598,5,5,0.9620757699012756
6599,7,7,0.9497258067131042
6600,5,5,0.9999768733978271
6601,1,1,0.9994040727615356
6602,0,0,0.9998189806938171
6603,8,8,0.9993657469749451
6604,1,1,0.9993610978126526
6605,6,6,0.9921867847442627
6606,7,7,0.9992896318435669
6607,2,2,0.9998168349266052
6608,9,9,0.7538249492645264
6609,7,7,0.9828648567199707
6610,9,9,0.9973350167274475
6611,5,5,0.9999634027481079
6612,8,8,0.9998032450675964
6613,6,6,0.9952415227890015
6614,2,2,0.709021806716919
6615,6,6,0.9987370371818542
6616,2,2,0.9999490976333618
6617,8,8,0.9941936135292053
6618,1,1,0.9743466377258301
6619,7,7,0.9983657002449036
6620,5,5,0.9999994039535522
6621,0,0,0.9994248151779175
6622,1,1,0.9933781027793884
6623,1,1,0.9788739085197449
6624,3,3,0.9998852014541626
6625,8,8,0.6635273694992065
6626,4,4,0.9999740123748779
6627,9,9,0.9988454580307007
6628,1,1,0.9871913194656372
6629,8,8,0.9999886751174927
6630,6,6,0.9999985694885254
6631,8,8,0.999744713306427
6632,9,9,0.9817395210266113
6633,0,0,0.99992835521698
6634,1,1,0.9990548491477966
6635,2,2,0.9994401335716248
6636,3,3,0.999879002571106
6637,4,4,0.9997605681419373
6638,5,5,0.9999463558197021
6639,6,6,0.9999698400497437
6640,7,7,0.9999347925186157
6641,8,8,0.9903168678283691
6642,9,9,0.9923343062400818
6643,0,0,0.9989621639251709
6644,1,1,0.9980788230895996
6645,2,2,0.9999135732650757
6646,3,3,0.9999974966049194
6647,4,4,0.9999864101409912
6648,7,7,0.9994027614593506
6649,8,8,0.9999943971633911
6650,9,9,0.9997233748435974
6651,0,8,0.4690174460411072
6652,1,1,0.997901439666748
6653,7,7,0.9999347925186157
6654,8,8,1.0
6655,9,9,0.9996342658996582
6656,9,9,0.9999349117279053
6657,8,8,0.9999805688858032
6658,9,9,0.999669075012207
6659,8,8,0.9998255372047424
6660,4,4,0.9999864101409912
6661,1,1,0.9814768433570862
6662,7,7,0.9871118664741516
6663,7,7,0.9999099969863892
6664,3,3,0.9999659061431885
6665,3,3,0.9999992847442627
6666,7,7,0.9998255372047424
6667,6,6,0.9889800548553467
6668,6,6,0.9010881185531616
6669,6,6,0.9708977341651917
6670,1,1,0.9984666109085083
6671,9,9,0.9999624490737915
6672,0,0,0.9988483190536499
6673,1,1,0.9919303059577942
6674,7,7,0.9999523162841797
6675,6,6,0.9998917579650879
6676,3,3,0.9999899864196777
6677,2,2,0.9991656541824341
6678,1,1,0.9991069436073303
6679,7,7,0.9999039173126221
6680,1,1,0.9995877146720886
6681,3,3,0.9999817609786987
6682,9,9,0.9999791383743286
6683,1,1,0.9987024068832397
6684,7,7,0.9989057779312134
6685,6,6,0.9999991655349731
6686,8,8,0.9999940395355225
6687,4,4,0.9999794960021973
6688,1,1,0.9886587262153625
6689,4,4,0.9997598528862
6690,3,3,0.9999986886978149
6691,6,6,0.9896491765975952
6692,9,9,0.9998955726623535
6693,6,6,0.9995342493057251
6694,1,1,0.9837223887443542
6695,4,4,0.9957412481307983
6696,4,4,0.9999927282333374
6697,7,7,0.9997677206993103
6698,2,2,0.9999998807907104
6699,4,4,0.999997615814209
6700,4,4,0.9997460246086121
6701,0,0,0.9999535083770752
6702,1,1,0.9987700581550598
6703,2,2,0.9998897314071655
6704,3,3,0.9999945163726807
6705,4,4,0.9999858140945435
6706,5,5,0.7694293856620789
6707,6,6,0.9999369382858276
6708,7,7,0.9995033740997314
6709,8,8,0.9999493360519409
6710,9,9,0.9987024068832397
6711,0,0,0.9999966621398926
6712,1,1,0.998376727104187
6713,2,2,0.9999605417251587
6714,3,3,0.9999556541442871
6715,4,4,0.9999994039535522
6716,5,5,0.9999682903289795
6717,6,6,0.9999806880950928
6718,9,9,0.9930375218391418
6719,0,0,0.9998747110366821
6720,1,1,0.9944656491279602
6721,2,2,0.9999457597732544
6722,3,3,0.9996469020843506
6723,4,4,0.9996033310890198
6724,7,7,0.9882674813270569
6725,8,8,0.9980834722518921
6726,1,1,0.9992631077766418
6727,3,3,0.9999984502792358
6728,5,5,0.9997841715812683
6729,1,1,0.9998093247413635
6730,7,7,0.9951874017715454
6731,7,7,0.9994151592254639
6732,2,2,0.9997690320014954
6733,1,1,0.9995450377464294
6734,4,4,0.9997746348381042
6735,8,8,0.9995577931404114
6736,3,3,0.9999920129776001
6737,4,4,0.9999501705169678
6738,4,4,0.9999771118164062
6739,3,3,0.998124897480011
6740,9,9,0.9915287494659424
6741,7,7,0.9511171579360962
6742,4,4,0.9999979734420776
6743,1,1,0.9979566335678101
6744,2,2,0.9987229704856873
6745,3,3,0.9996826648712158
6746,5,5,0.9997523427009583
6747,9,9,0.9992892742156982
6748,1,1,0.9995404481887817
6749,6,6,0.9709503650665283
6750,0,0,0.9999021291732788
6751,1,1,0.9996359348297119
6752,0,0,0.9999890327453613
6753,0,0,0.9999624490737915
6754,2,2,0.9998195767402649
6755,8,9,0.5131312012672424
6756,7,7,0.9752340316772461
6757,1,1,0.9998304843902588
6758,1,1,0.9984663724899292
6759,4,4,0.9986642599105835
6760,0,0,0.9999457597732544
6761,4,4,0.9994254112243652
6762,7,7,0.9997711777687073
6763,3,3,0.9998946189880371
6764,6,6,0.9993316531181335
6765,8,8,0.9969378709793091
6766,0,0,0.999994158744812
6767,3,3,0.9999923706054688
6768,7,7,0.9989216327667236
6769,4,4,0.9972233772277832
6770,0,0,0.9999990463256836
6771,6,6,0.9983651041984558
6772,9,9,0.9998792409896851
6773,2,2,0.9997836947441101
6774,6,6,0.9996473789215088
6775,5,5,0.9997603297233582
6776,8,8,0.9998725652694702
6777,6,6,0.9996697902679443
6778,9,9,0.9998916387557983
6779,0,0,0.9999924898147583
6780,4,4,0.9993304014205933
6781,0,0,0.9999371767044067
6782,6,6,0.9982460737228394
6783,1,1,0.7910889983177185
6784,9,9,0.9976404905319214
6785,2,2,0.999804675579071
6786,0,0,0.9999991655349731
6787,9,9,0.9970324039459229
6788,5,5,0.9998483657836914
6789,1,1,0.9997251629829407
6790,3,3,0.9999058246612549
6791,7,7,0.953722357749939
6792,6,6,0.999925971031189
6793,9,9,0.9971103072166443
6794,3,3,0.9998687505722046
6795,0,0,0.9999992847442627
6796,2,2,0.9984344840049744
6797,2,2,0.9992006421089172
6798,0,0,0.9999916553497314
6799,1,1,0.9998892545700073
6800,2,2,0.99979168176651
6801,3,3,0.9999854564666748
6802,4,4,0.9999951124191284
6803,5,5,0.9999983310699463
6804,6,6,0.9999963045120239
6805,7,7,0.9984455704689026
6806,8,8,0.9999909400939941
6807,9,9,0.9991154074668884
6808,0,0,0.9999704360961914
6809,1,1,0.9991720914840698
6810,2,2,0.9995063543319702
6811,3,3,0.9999744892120361
6812,4,4,0.9999492168426514
6813,5,5,0.9999942779541016
6814,6,6,0.999994158744812
6815,7,7,0.9999891519546509
6816,8,8,0.9999806880950928
6817,9,9,0.9404342770576477
6818,0,0,0.9998283386230469
6819,1,1,0.9998478889465332
6820,2,2,0.9995525479316711
6821,3,3,0.9999961853027344
6822,4,4,0.999997615814209
6823,5,5,0.999954104423523
6824,6,6,0.9999996423721313
6825,7,7,0.9996994733810425
6826,8,8,0.9999998807907104
6827,9,9,0.9977357387542725
6828,2,2,0.9999831914901733
6829,1,1,0.9997783303260803
6830,7,7,0.9991746544837952
6831,2,2,0.9999984502792358
6832,5,5,0.9999864101409912
6833,0,0,0.9996628761291504
6834,8,8,0.9999998807907104
6835,0,0,0.9984909296035767
6836,2,2,0.9991942048072815
6837,7,7,0.9996621608734131
6838,8,8,0.9999958276748657
6839,8,8,0.9999673366546631
6840,3,3,0.9996682405471802
6841,0,0,0.9998181462287903
6842,6,6,0.9999995231628418
6843,0,0,0.999861478805542
6844,2,2,0.9999927282333374
6845,7,7,0.999868631362915
6846,6,6,0.9999821186065674
6847,6,6,0.6942818760871887
6848,1,1,0.9997969269752502
6849,2,2,0.9999507665634155
6850,8,8,0.9999996423721313
6851,8,8,0.9999529123306274
6852,7,7,0.9971538782119751
6853,7,7,0.9999191761016846
6854,4,4,0.9999722242355347
6855,7,7,0.9998201727867126
6856,7,7,0.999750554561615
6857,3,3,0.9999955892562866
6858,7,7,0.9998856782913208
6859,4,4,0.9999997615814209
6860,5,5,0.9999998807907104
6861,4,4,1.0
6862,3,3,0.9999966621398926
6863,3,3,0.9999881982803345
6864,8,8,0.9999821186065674
6865,4,4,0.9999984502792358
6866,5,5,0.9999985694885254
6867,4,4,0.9997674822807312
6868,1,1,0.9996858835220337
6869,1,1,0.9996604919433594
6870,9,9,0.9997795224189758
6871,7,7,0.9998365640640259
6872,4,4,0.999875545501709
6873,3,3,0.9999690055847168
6874,7,7,0.9999828338623047
6875,3,3,0.9999971389770508
6876,3,3,0.9999818801879883
6877,0,0,0.9999706745147705
6878,2,2,0.998786985874176
6879,5,5,0.9999979734420776
6880,5,5,0.9999910593032837
6881,6,6,0.9999997615814209
6882,3,3,0.9999486207962036
6883,1,1,0.9952775239944458
6884,5,5,0.9999533891677856
6885,2,2,0.9992061257362366
6886,5,5,0.9986710548400879
6887,9,9,0.9999634027481079
6888,9,9,0.9999420642852783
6889,8,8,0.9999936819076538
6890,4,4,0.9999988079071045
6891,1,1,0.9991469383239746
6892,0,0,0.9999799728393555
6893,6,6,0.9999772310256958
6894,0,0,0.9935412406921387
6895,9,9,0.9919015765190125
6896,6,6,0.9999959468841553
6897,8,8,0.9998683929443359
6898,8,8,0.9999818801879883
6899,5,5,0.9872506856918335
6900,6,6,0.9999881982803345
6901,1,1,0.9994364380836487
6902,1,1,0.9992110729217529
6903,9,9,0.9999638795852661
6904,8,8,0.9999899864196777
6905,9,9,0.9998805522918701
6906,2,2,0.9997639060020447
6907,3,3,0.9999867677688599
6908,5,5,0.999995231628418
6909,5,5,0.9992626309394836
6910,9,9,0.9981240630149841
6911,4,4,0.9999983310699463
6912,2,2,0.9985361099243164
6913,1,1,0.999755322933197
6914,9,9,0.9893127083778381
6915,4,4,0.99998939037323
6916,9,9,0.999991774559021
6917,1,1,0.9995723366737366
6918,3,3,0.9999898672103882
6919,9,9,0.9986262321472168
6920,2,2,0.9999356269836426
6921,0,0,0.9999942779541016
6922,6,6,0.9999243021011353
6923,0,0,0.9999822378158569
6924,4,4,0.9998071789741516
6925,0,0,0.9997794032096863
6926,6,6,0.6988008618354797
6927,0,0,0.9999957084655762
6928,1,1,0.9992356300354004
6929,2,2,0.9999353885650635
6930,3,3,0.9999145269393921
6931,4,4,0.9999512434005737
6932,5,5,0.9999998807907104
6933,6,6,0.9999867677688599
6934,7,7,0.9996036887168884
6935,8,8,0.9999967813491821
6936,9,9,0.9998780488967896
6937,0,0,0.9995279312133789
6938,1,1,0.999722421169281
6939,2,2,0.9999947547912598
6940,3,3,0.9999527931213379
6941,4,4,0.9999988079071045
6942,5,5,0.9999971389770508
6943,6,6,0.9996432065963745
6944,7,7,0.9766951203346252
6945,8,8,0.9424815773963928
6946,9,9,0.9999204874038696
6947,0,0,0.9999983310699463
6948,1,1,0.999588668346405
6949,2,2,0.9999998807907104
6950,3,3,0.9998769760131836
6951,4,4,0.9999935626983643
6952,5,5,0.999984622001648
6953,6,6,0.999922513961792
6954,7,7,0.9912887811660767
6955,8,8,0.9999984502792358
6956,9,9,0.9999688863754272
6957,3,3,0.9999673366546631
6958,8,8,0.9999982118606567
6959,0,0,0.9999866485595703
6960,7,7,0.9999288320541382
6961,1,1,0.9997394680976868
6962,0,0,0.9997846484184265
6963,7,7,0.9998645782470703
6964,5,5,0.999721109867096
6965,5,5,0.9999548196792603
6966,6,6,0.9999957084655762
6967,9,9,0.9996496438980103
6968,0,0,0.9948276877403259
6969,1,1,0.9990936517715454
6970,0,0,0.9998818635940552
6971,0,0,0.9999088048934937
6972,8,8,0.9999997615814209
6973,3,3,0.999994158744812
6974,4,4,0.9999958276748657
6975,3,3,0.9998728036880493
6976,1,1,0.9988378882408142
6977,5,5,0.9999996423721313
6978,0,0,0.9999347925186157
6979,0,0,0.9999794960021973
6980,9,9,0.9973310232162476
6981,5,5,0.9994329810142517
6982,3,3,0.9999922513961792
6983,4,4,0.9967328310012817
6984,9,9,0.9999090433120728
6985,3,3,0.9999892711639404
6986,7,7,0.9995015859603882
6987,6,6,0.9999922513961792
6988,9,9,0.9959022402763367
6989,2,2,0.9999979734420776
6990,4,4,0.9997501969337463
6991,5,5,0.9999957084655762
6992,7,7,0.9999637603759766
6993,2,2,0.9999998807907104
6994,6,6,0.9998996257781982
6995,4,4,0.9999990463256836
6996,9,9,0.9994589686393738
6997,4,4,0.9873799085617065
6998,9,9,0.9998844861984253
6999,4,4,0.9994495511054993
7000,1,1,0.9990230798721313
7001,2,2,0.9965709447860718
7002,2,2,0.9998331069946289
7003,5,5,0.9999359846115112
7004,8,8,0.999991774559021
7005,1,1,0.999143123626709
7006,3,3,0.9999752044677734
7007,2,2,0.9999997615814209
7008,9,9,0.9999721050262451
7009,4,4,0.9999682903289795
7010,3,3,0.9999867677688599
7011,8,8,1.0
7012,2,2,0.9999990463256836
7013,2,2,1.0
7014,1,1,0.9990817308425903
7015,2,2,0.9999717473983765
7016,8,8,0.9999929666519165
7017,6,6,0.999958872795105
7018,5,5,0.9999912977218628
7019,1,1,0.999745786190033
7020,6,6,0.9999051094055176
7021,7,7,0.999772846698761
7022,2,2,1.0
7023,1,1,0.9993263483047485
7024,3,3,0.9998569488525391
7025,9,9,0.9998823404312134
7026,3,3,0.9999841451644897
7027,8,8,0.9999958276748657
7028,7,7,0.9909201860427856
7029,5,5,0.9999903440475464
7030,7,7,0.9853615760803223
7031,0,0,0.9990178346633911
7032,7,7,0.9967945218086243
7033,4,4,0.9991010427474976
7034,8,8,0.9999994039535522
7035,8,8,0.9977699518203735
7036,5,5,1.0
7037,0,0,0.9998904466629028
7038,6,6,0.9999998807907104
7039,6,6,0.9999598264694214
7040,3,3,0.999996542930603
7041,7,7,0.9999233484268188
7042,6,6,0.9999957084655762
7043,9,9,0.999797523021698
7044,9,9,0.9988981485366821
7045,4,4,0.9999251365661621
7046,8,8,0.9999651908874512
7047,4,4,0.9999666213989258
7048,1,1,0.9991331696510315
7049,0,0,0.9984862804412842
7050,6,6,0.9998311996459961
7051,6,6,0.9982628226280212
7052,0,0,0.9999938011169434
7053,1,1,0.9972510933876038
7054,2,2,0.984650731086731
7055,3,3,0.9999996423721313
7056,4,4,0.9999994039535522
7057,5,5,0.9999948740005493
7058,6,6,0.9999308586120605
7059,7,7,0.9999732971191406
7060,8,8,0.9999768733978271
7061,9,9,0.9988313317298889
7062,0,0,0.9999921321868896
7063,1,1,0.9998050332069397
7064,2,2,0.9999600648880005
7065,3,3,0.9999901056289673
7066,4,4,0.9999998807907104
7067,5,5,0.999996542930603
7068,6,6,0.9998786449432373
7069,7,7,0.9995296001434326
7070,8,8,0.9999516010284424
7071,9,9,0.9998793601989746
7072,0,0,0.999997615814209
7073,1,1,0.999669075012207
7074,2,2,0.9984991550445557
7075,3,3,0.9999103546142578
7076,4,4,0.9999964237213135
7077,5,5,0.9999992847442627
7078,6,6,0.9999939203262329
7079,7,7,0.9997978806495667
7080,8,8,0.999993085861206
7081,9,9,0.9555999636650085
7082,7,7,0.9999696016311646
7083,4,4,0.9999988079071045
7084,0,0,0.9997835755348206
7085,4,4,0.9999996423721313
7086,0,0,0.9999749660491943
7087,1,1,0.9993785619735718
7088,7,7,0.999932050704956
7089,9,9,0.9996209144592285
7090,5,5,0.9998730421066284
7091,1,1,0.9996782541275024
7092,4,4,1.0
7093,2,2,0.8699870109558105
7094,8,8,0.8967975974082947
7095,9,9,0.9989381432533264
7096,4,4,1.0
7097,3,3,0.9995915293693542
7098,7,7,0.9993459582328796
7099,8,8,0.9994339346885681
7100,2,2,0.9996695518493652
7101,4,4,0.9999957084655762
7102,4,4,0.9997122883796692
7103,3,3,0.9999994039535522
7104,3,3,0.9999901056289673
7105,6,6,0.9999980926513672
7106,9,9,0.9992344379425049
7107,9,9,0.995184600353241
7108,5,5,0.9999967813491821
7109,8,8,0.999993085861206
7110,6,6,0.9999830722808838
7111,7,7,0.9999856948852539
7112,0,0,0.9999929666519165
7113,6,6,0.99998939037323
7114,8,8,0.9999994039535522
7115,2,2,0.9977585077285767
7116,6,6,0.999998927116394
7117,3,3,0.9999966621398926
7118,9,9,0.9993428587913513
7119,3,3,0.9999960660934448
7120,2,2,0.9993902444839478
7121,8,9,0.6840636134147644
7122,6,6,0.9999747276306152
7123,1,1,0.9958170056343079
7124,7,7,0.9999414682388306
7125,4,4,0.9999998807907104
7126,8,8,0.9998260140419006
7127,8,8,0.9999926090240479
7128,9,9,0.9993273019790649
7129,0,0,0.9999837875366211
7130,3,3,0.9999790191650391
7131,3,3,0.9999995231628418
7132,9,9,0.9998602867126465
7133,0,0,0.9999942779541016
7134,5,5,0.9999988079071045
7135,2,2,0.9998995065689087
7136,9,9,0.9993459582328796
7137,4,4,0.9999979734420776
7138,1,1,0.9997703433036804
7139,0,0,0.9999923706054688
7140,3,3,0.9999973773956299
7141,7,7,0.9998530149459839
7142,5,5,0.9999874830245972
7143,8,8,0.9999926090240479
7144,7,7,0.9999077320098877
7145,7,7,0.9999024868011475
7146,8,8,0.9999852180480957
7147,2,2,0.9999535083770752
7148,9,9,0.9998089671134949
7149,7,7,0.999882698059082
7150,1,1,0.9997674822807312
7151,2,2,0.9951978325843811
7152,6,6,0.9999995231628418
7153,4,4,0.9999943971633911
7154,2,2,0.9404268264770508
7155,5,5,0.9999998807907104
7156,2,2,0.9991366267204285
7157,3,3,0.9999995231628418
7158,6,6,0.9998595714569092
7159,6,6,0.9999839067459106
7160,5,5,0.9999994039535522
7161,0,0,0.9999589920043945
7162,0,0,0.9999293088912964
7163,2,2,0.9999033212661743
7164,8,8,0.9999969005584717
7165,1,1,0.9997867941856384
7166,6,6,0.9999879598617554
7167,1,1,0.9991791844367981
7168,0,0,0.9998617172241211
7169,4,4,0.9999974966049194
7170,3,3,0.9999102354049683
7171,1,1,0.9976348876953125
7172,6,6,0.9999878406524658
7173,1,1,0.9997097849845886
7174,9,9,0.9977208971977234
7175,0,0,0.9999978542327881
7176,1,1,0.9996947050094604
7177,4,4,0.9999101161956787
7178,5,5,0.9995286464691162
7179,6,6,0.9337790608406067
7180,7,7,0.9997715353965759
7181,8,8,0.9999521970748901
7182,9,9,0.9995149374008179
7183,1,1,0.9990682005882263
7184,2,2,0.999997615814209
7185,3,3,0.9999991655349731
7186,4,4,0.999835729598999
7187,5,5,0.9998413324356079
7188,6,6,0.9999735355377197
7189,7,7,0.9994063377380371
7190,0,0,0.9999624490737915
7191,1,1,0.9975631237030029
7192,2,2,0.999998927116394
7193,3,3,0.9998569488525391
7194,4,4,0.9999995231628418
7195,5,5,0.9997144341468811
7196,6,6,0.9997668862342834
7197,7,7,0.9955388903617859
7198,8,8,0.9977486729621887
7199,9,9,0.9999685287475586
7200,8,8,0.9997158646583557
7201,4,4,0.9999986886978149
7202,0,0,0.9999780654907227
7203,0,0,0.9999985694885254
7204,7,7,0.9999262094497681
7205,2,2,0.999974250793457
7206,4,4,0.9999996423721313
7207,3,3,0.9999433755874634
7208,8,8,0.998654842376709
7209,6,6,0.9500271677970886
7210,6,6,0.9779792428016663
7211,3,3,0.9989591836929321
7212,2,2,0.9998661279678345
7213,6,6,0.9998934268951416
7214,3,3,0.9999961853027344
7215,3,3,0.9999878406524658
7216,0,0,0.9735482931137085
7217,1,1,0.9974246025085449
7218,4,4,0.9999995231628418
7219,7,7,0.9963829517364502
7220,8,8,0.999956488609314
7221,0,0,0.9998891353607178
7222,3,3,0.9999982118606567
7223,1,1,0.9978280663490295
7224,9,9,0.9993506073951721
7225,0,0,0.9999555349349976
7226,1,1,0.9949630498886108
7227,9,9,0.9996708631515503
7228,1,1,0.9969077706336975
7229,2,2,0.9999912977218628
7230,7,7,0.9984785914421082
7231,0,0,0.9999526739120483
7232,1,1,0.991743266582489
7233,3,3,0.9991708993911743
7234,8,8,0.9999980926513672
7235,2,2,0.9999352693557739
7236,9,9,0.9999724626541138
7237,2,2,0.999847412109375
7238,7,7,0.9944326281547546
7239,6,6,0.9999474287033081
7240,5,5,0.9964711666107178
7241,5,5,0.9990766048431396
7242,9,9,0.999987006187439
7243,9,9,0.9996685981750488
7244,8,8,0.9999995231628418
7245,2,2,0.9998635053634644
7246,9,9,0.999993085861206
7247,1,1,0.9956414699554443
7248,3,3,0.994207501411438
7249,2,2,0.99236661195755
7250,3,3,0.9999957084655762
7251,4,4,1.0
7252,3,3,0.9999967813491821
7253,1,1,0.9982591271400452
7254,9,9,0.9999982118606567
7255,0,0,0.9998623132705688
7256,9,9,0.9996638298034668
7257,3,3,0.9999969005584717
7258,6,6,0.9679945707321167
7259,8,8,0.999622106552124
7260,7,7,0.998009979724884
7261,0,0,0.9997418522834778
7262,1,1,0.998461127281189
7263,0,0,0.9999600648880005
7264,5,5,0.9999620914459229
7265,8,8,0.9999014139175415
7266,2,2,0.999998927116394
7267,7,7,0.9971712231636047
7268,7,7,0.9931158423423767
7269,0,0,0.9999959468841553
7270,1,1,0.999799907207489
7271,2,2,0.9999117851257324
7272,3,3,0.9904205799102783
7273,4,4,0.999971866607666
7274,5,5,0.9999264478683472
7275,6,6,0.9999760389328003
7276,7,7,0.9999476671218872
7277,8,8,0.9998781681060791
7278,9,9,0.9997465014457703
7279,0,0,0.9999526739120483
7280,1,1,0.9996762275695801
7281,2,2,1.0
7282,3,3,0.9987314343452454
7283,4,4,0.9999878406524658
7284,5,5,0.999981164932251
7285,6,6,0.9999411106109619
7286,7,7,0.9995018243789673
7287,8,8,0.9984250068664551
7288,9,9,0.996645987033844
7289,0,0,0.9999862909317017
7290,1,1,0.9998925924301147
7291,2,2,0.9997795224189758
7292,3,3,0.9997379183769226
7293,4,4,0.9998956918716431
7294,5,5,0.9999395608901978
7295,6,6,0.9999992847442627
7296,7,7,0.9996438026428223
7297,8,8,0.9997026324272156
7298,9,9,0.9995797276496887
7299,1,1,0.99965500831604
7300,7,7,0.9916988611221313
7301,4,4,0.9999984502792358
7302,8,8,0.9995855689048767
7303,1,1,0.999924898147583
7304,5,5,0.999822199344635
7305,6,6,0.9999961853027344
7306,5,5,0.9999971389770508
7307,7,7,0.9961464405059814
7308,2,2,0.9999991655349731
7309,8,8,0.9997417330741882
7310,6,6,0.9915598034858704
7311,3,3,0.9996993541717529
7312,3,3,0.9999949932098389
7313,8,8,0.9999997615814209
7314,6,6,0.9999929666519165
7315,5,5,0.9995618462562561
7316,4,4,0.9999654293060303
7317,0,0,0.9998942613601685
7318,9,9,0.9999833106994629
7319,1,1,0.9993446469306946
7320,7,7,0.9400182366371155
7321,2,2,0.9999990463256836
7322,9,9,0.9999301433563232
7323,1,1,0.9997938275337219
7324,5,5,0.9989858269691467
7325,1,1,0.9979597330093384
7326,3,3,0.9999825954437256
7327,2,2,0.9999990463256836
7328,2,2,0.9999997615814209
7329,3,3,0.9999656677246094
7330,0,0,0.9999934434890747
7331,6,6,0.9999687671661377
7332,4,4,0.9809788465499878
7333,3,3,0.9741337895393372
7334,7,7,0.9999042749404907
7335,6,6,0.9991945624351501
7336,9,9,0.9999816417694092
7337,0,0,0.9973664879798889
7338,4,4,0.9982156753540039
7339,8,8,0.9999834299087524
7340,1,1,0.9996286630630493
7341,4,4,0.9999974966049194
7342,0,0,0.9999970197677612
7343,6,6,0.9999933242797852
7344,1,1,0.9995829463005066
7345,2,2,0.9985854625701904
7346,6,6,0.9999996423721313
7347,9,9,0.999996542930603
7348,2,2,0.9990536570549011
7349,2,2,0.9999014139175415
7350,3,3,0.995663583278656
7351,5,5,0.9999681711196899
7352,5,5,0.9998736381530762
7353,1,1,0.9996354579925537
7354,0,0,0.9923346638679504
7355,7,7,0.9999196529388428
7356,7,7,0.9993422627449036
7357,9,9,0.9999614953994751
7358,6,6,0.9999946355819702
7359,2,2,0.9994598031044006
7360,9,9,0.9999945163726807
7361,4,4,0.9989840388298035
7362,7,7,0.999782383441925
7363,0,0,0.9999711513519287
7364,2,2,0.9999692440032959
7365,3,3,0.9999828338623047
7366,4,4,0.9999992847442627
7367,0,0,0.9999942779541016
7368,0,0,0.9999905824661255
7369,8,8,0.9999628067016602
7370,8,8,0.9983513355255127
7371,8,8,0.9999575614929199
7372,5,5,0.9998903274536133
7373,1,1,0.9990614056587219
7374,3,3,0.9999895095825195
7375,7,7,0.9998396635055542
7376,4,4,0.9999996423721313
7377,9,9,0.9998830556869507
7378,8,8,0.9998551607131958
7379,8,8,0.9998742341995239
7380,9,9,0.9991579055786133
7381,0,0,0.9997726082801819
7382,9,9,0.999724805355072
7383,8,8,0.9999756813049316
7384,9,9,0.999272882938385
7385,0,0,0.9999774694442749
7386,2,2,0.9999861717224121
7387,6,6,0.9992234706878662
7388,5,5,0.9998006224632263
7389,6,6,0.9999477863311768
7390,7,7,0.9988288283348083
7391,4,4,0.9999489784240723
7392,7,7,0.9964764714241028
7393,5,5,0.9999896287918091
7394,4,4,0.9993341565132141
7395,1,1,0.9913271069526672
7396,3,3,0.9894968271255493
7397,5,5,0.9999886751174927
7398,3,3,0.9998931884765625
7399,1,1,0.9994909763336182
7400,2,2,0.99997878074646
7401,3,3,0.9979071617126465
7402,4,4,0.9993840456008911
7403,5,5,0.996721088886261
7404,6,6,0.9974915981292725
7405,1,1,0.998970627784729
7406,2,2,0.9994033575057983
7407,3,3,0.9993797540664673
7408,4,4,0.9999070167541504
7409,6,6,0.9999966621398926
7410,0,0,0.9998646974563599
7411,1,1,0.9995104074478149
7412,2,2,0.9999996423721313
7413,4,4,0.9993141889572144
7414,5,5,0.9999997615814209
7415,6,6,0.9999557733535767
7416,7,7,0.9998346567153931
7417,8,8,0.999971866607666
7418,1,1,0.9994934797286987
7419,7,7,0.9985571503639221
7420,2,2,0.9965799450874329
7421,4,4,0.999991774559021
7422,1,1,0.9980946183204651
7423,4,4,0.9996732473373413
7424,1,1,0.9996368885040283
7425,4,4,0.9999728202819824
7426,9,9,0.9972519278526306
7427,6,6,0.9984980821609497
7428,8,8,0.9999819993972778
7429,4,4,0.9999942779541016
7430,5,5,0.9946564435958862
7431,3,3,0.9995492100715637
7432,7,7,0.9822373986244202
7433,8,8,0.999902606010437
7434,4,4,0.5697051882743835
7435,3,3,0.9999994039535522
7436,3,3,0.9999969005584717
7437,5,5,0.9997292160987854
7438,6,6,0.9996354579925537
7439,7,7,0.9985190033912659
7440,0,0,0.9998043179512024
7441,6,6,0.904625415802002
7442,1,1,0.9996190071105957
7443,6,6,0.9988858103752136
7444,8,8,0.9997023940086365
7445,7,7,0.9985490441322327
7446,0,0,0.9977467656135559
7447,1,1,0.9514665007591248
7448,5,5,0.9999716281890869
7449,0,0,0.9998680353164673
7450,8,8,0.9993997812271118
7451,5,5,0.9648745656013489
7452,0,0,0.9996352195739746
7453,1,1,0.9987635612487793
7454,5,5,0.9998171925544739
7455,8,8,0.999047577381134
7456,4,4,0.9999591112136841
7457,2,2,0.991880476474762
7458,3,3,0.9999949932098389
7459,9,9,0.93825364112854
7460,7,7,0.9997597336769104
7461,6,6,0.8505238890647888
7462,9,9,0.9999302625656128
7463,1,1,0.9983394145965576
7464,9,9,0.9998086094856262
7465,0,0,0.9971779584884644
7466,6,6,0.9993398785591125
7467,7,7,0.999992847442627
7468,1,1,0.9987878203392029
7469,2,2,0.9999926090240479
7470,3,3,0.9999643564224243
7471,9,9,0.9999123811721802
7472,2,2,0.99994957447052
7473,4,4,0.9033052921295166
7474,5,5,0.9999961853027344
7475,5,5,0.9999985694885254
7476,3,3,0.998481810092926
7477,7,7,0.9987254738807678
7478,5,5,0.9999074935913086
7479,3,3,0.9911991953849792
7480,1,1,0.9990917444229126
7481,8,8,0.9966237545013428
7482,2,2,0.9521409869194031
7483,2,2,0.9994552731513977
7484,3,3,0.9999949932098389
7485,0,0,0.9987848401069641
7486,2,2,0.9819403290748596
7487,9,9,0.9994331002235413
7488,4,4,0.9999696016311646
7489,9,9,0.9998001456260681
7490,7,7,0.9996229410171509
7491,0,0,0.9864587187767029
7492,2,2,0.6922564506530762
7493,7,7,0.9983491897583008
7494,4,4,0.999921441078186
7495,9,9,0.9999697208404541
7496,9,9,0.9996919631958008
7497,2,2,0.9992006421089172
7498,5,5,0.9996414184570312
7499,9,9,0.9999467134475708
7500,8,8,0.9999841451644897
7501,3,3,0.9999593496322632
7502,8,8,0.9990523457527161
7503,6,6,0.9996157884597778
7504,7,7,0.9997695088386536
7505,0,0,0.9986107349395752
7506,0,0,0.9999802112579346
7507,1,1,0.9991484880447388
7508,2,2,0.9999860525131226
7509,3,3,0.9999241828918457
7510,4,4,0.9999908208847046
7511,5,5,0.998803973197937
7512,6,6,0.9999817609786987
7513,7,7,0.9995755553245544
7514,8,8,0.9897271990776062
7515,9,9,0.9999910593032837
7516,0,0,0.9999418258666992
7517,1,1,0.9998314380645752
7518,2,2,0.9999039173126221
7519,3,3,0.9998800754547119
7520,4,4,0.9999970197677612
7521,5,5,0.9999746084213257
7522,6,6,0.9986259937286377
7523,7,7,0.9999094009399414
7524,8,8,0.991706132888794
7525,9,9,0.9997231364250183
7526,0,0,0.9999704360961914
7527,1,1,0.9986518025398254
7528,2,2,0.9994346499443054
7529,3,3,0.9852307438850403
7530,4,4,0.9994521737098694
7531,5,5,0.9965049028396606
7532,6,6,0.9999383687973022
7533,7,7,0.9973410964012146
7534,8,8,0.9735937118530273
7535,9,9,0.999886155128479
7536,0,0,0.9999685287475586
7537,0,0,0.9999799728393555
7538,7,7,0.9674682021141052
7539,2,2,0.9960242509841919
7540,6,6,0.9998729228973389
7541,5,5,0.9919405579566956
7542,5,5,0.9996953010559082
7543,3,3,0.999996542930603
7544,7,7,0.9992375373840332
7545,8,8,0.9858033657073975
7546,6,6,0.9999822378158569
7547,6,6,0.9999878406524658
7548,6,6,0.9999550580978394
7549,6,6,0.9999061822891235
7550,4,4,0.9999645948410034
7551,3,3,0.9997784495353699
7552,8,8,0.9976939558982849
7553,8,8,0.9992623925209045
7554,3,3,0.999893069267273
7555,0,0,0.9999642372131348
7556,1,1,0.9591115117073059
7557,9,9,0.9999678134918213
7558,0,0,0.9992703795433044
7559,5,5,0.9999973773956299
7560,4,4,0.9994841814041138
7561,1,1,0.9980897307395935
7562,9,9,0.9998334646224976
7563,1,1,0.9997062087059021
7564,2,2,0.9999222755432129
7565,7,7,0.7349891662597656
7566,0,0,0.9999908208847046
7567,1,1,0.9987595081329346
7568,3,3,0.9995272159576416
7569,8,8,0.9940088987350464
7570,2,2,0.9999966621398926
7571,9,9,0.9999939203262329
7572,2,2,0.9999442100524902
7573,7,7,0.9929683804512024
7574,4,4,0.957277238368988
7575,2,2,0.9999637603759766
7576,6,6,0.999996542930603
7577,5,5,0.9999711513519287
7578,5,5,0.9999392032623291
7579,9,9,0.9996435642242432
7580,9,9,0.9784265756607056
7581,1,1,0.9997333884239197
7582,1,1,0.999559223651886
7583,5,5,0.9999748468399048
7584,7,7,0.9964113831520081
7585,6,6,0.9999958276748657
7586,8,8,0.9984001517295837
7587,2,2,0.9988825917243958
7588,9,9,0.999445378780365
7589,4,4,0.999997615814209
7590,3,3,0.9999498128890991
7591,1,1,0.9994294047355652
7592,9,9,0.999859094619751
7593,0,0,0.9998672008514404
7594,9,9,0.9999459981918335
7595,3,3,0.9997550845146179
7596,6,6,0.9999434947967529
7597,8,8,0.9989432692527771
7598,7,7,0.9999077320098877
7599,0,0,0.9999910593032837
7600,1,1,0.9998431205749512
7601,0,0,0.9999855756759644
7602,5,5,0.9999971389770508
7603,8,8,0.9990935325622559
7604,2,2,0.9993533492088318
7605,7,7,0.994746744632721
7606,7,7,0.984086811542511
7607,0,0,0.999998927116394
7608,1,1,0.9987868666648865
7609,2,2,0.9999997615814209
7610,3,3,0.9999357461929321
7611,4,4,0.9999963045120239
7612,5,5,0.9999833106994629
7613,6,6,0.999998927116394
7614,7,7,0.9999970197677612
7615,8,8,0.9999998807907104
7616,9,9,0.9998304843902588
7617,0,0,0.9999996423721313
7618,1,1,0.9994196891784668
7619,2,2,0.5232647061347961
7620,3,3,0.9999768733978271
7621,4,4,0.9999697208404541
7622,5,5,0.9999759197235107
7623,8,8,0.9999992847442627
7624,9,9,0.9999308586120605
7625,0,0,0.9999982118606567
7626,1,1,0.9996720552444458
7627,2,2,0.9983872175216675
7628,3,3,0.9999980926513672
7629,4,4,0.9999715089797974
7630,5,5,0.9998290538787842
7631,6,6,0.9998652935028076
7632,7,7,0.9999815225601196
7633,8,8,1.0
7634,9,9,0.9997344613075256
7635,2,2,0.9999881982803345
7636,1,1,0.9982084035873413
7637,2,2,0.9996054768562317
7638,1,1,0.9947615265846252
7639,3,3,0.9999722242355347
7640,9,9,0.999974250793457
7641,9,9,0.999864935874939
7642,8,8,0.9999979734420776
7643,5,5,0.9999309778213501
7644,3,3,0.9999908208847046
7645,7,7,0.9999580383300781
7646,0,0,0.9999974966049194
7647,7,7,0.9999712705612183
7648,7,7,0.9998952150344849
7649,5,5,0.9999308586120605
7650,7,7,0.9998948574066162
7651,9,9,0.9990471005439758
7652,9,9,0.9994754195213318
7653,4,4,0.9999880790710449
7654,7,7,0.9999736547470093
7655,0,0,0.9999996423721313
7656,3,3,0.9999581575393677
7657,4,4,0.999657154083252
7658,1,1,0.9994040727615356
7659,5,5,0.9999892711639404
7660,8,8,0.9999990463256836
7661,1,1,0.9993252754211426
7662,4,4,0.9999690055847168
7663,8,8,0.9999997615814209
7664,4,4,0.9999676942825317
7665,1,1,0.999681830406189
7666,8,8,1.0
7667,6,6,0.9999991655349731
7668,6,6,0.9398583769798279
7669,4,4,0.9999886751174927
7670,6,6,0.9997329115867615
7671,0,0,0.9950513243675232
7672,5,5,0.9698174595832825
7673,5,5,0.9906678795814514
7674,3,3,0.9999992847442627
7675,3,3,0.9999431371688843
7676,5,5,0.999795138835907
7677,7,7,0.9999793767929077
7678,2,2,0.9999983310699463
7679,5,5,0.9597247838973999
7680,9,9,0.9997093081474304
7681,6,6,0.9999990463256836
7682,9,9,0.9999741315841675
7683,2,3,0.6954625248908997
7684,6,6,0.9999967813491821
7685,2,2,0.9999986886978149
7686,1,1,0.9994598031044006
7687,2,2,0.9996261596679688
7688,0,0,0.9999992847442627
7689,8,8,0.9991361498832703
7690,3,3,0.9999115467071533
7691,8,8,0.9999988079071045
7692,3,3,0.999312162399292
7693,0,0,0.9999988079071045
7694,8,8,0.9999932050704956
7695,7,7,0.9999855756759644
7696,4,4,0.9999772310256958
7697,9,9,0.999366819858551
7698,5,5,0.9937496185302734
7699,0,0,0.9999992847442627
7700,9,9,0.9999573230743408
7701,7,7,0.9998912811279297
7702,0,0,0.9999841451644897
7703,0,0,0.9999935626983643
7704,4,4,0.999945878982544
7705,6,6,0.9999970197677612
7706,0,0,0.9999908208847046
7707,9,9,0.9998027682304382
7708,1,1,0.9992120265960693
7709,6,6,0.9999995231628418
7710,2,2,0.9999891519546509
7711,7,7,0.999976634979248
7712,6,6,0.9999948740005493
7713,8,8,0.9999828338623047
7714,3,3,0.9999972581863403
7715,5,5,0.9999926090240479
7716,2,2,0.9999998807907104
7717,1,1,0.9998606443405151
7718,8,8,0.999976396560669
7719,3,3,0.9999991655349731
7720,8,8,0.9997766613960266
7721,6,6,0.9999998807907104
7722,1,1,0.9996342658996582
7723,0,0,0.9999998807907104
7724,2,2,0.9998880624771118
7725,1,1,0.9997814297676086
7726,4,4,0.9999830722808838
7727,0,0,0.9999935626983643
7728,1,1,0.9974091649055481
7729,2,2,0.9998788833618164
7730,3,3,0.9999567270278931
7731,4,4,0.9999983310699463
7732,5,5,0.7955124378204346
7733,6,6,0.9998733997344971
7734,7,7,0.9918357729911804
7735,8,8,0.9894112944602966
7736,9,9,0.9085118770599365
7737,0,0,0.9999995231628418
7738,1,1,0.9976803064346313
7739,2,2,0.999955415725708
7740,3,3,0.9999904632568359
7741,4,4,0.9999957084655762
7742,5,5,1.0
7743,6,6,0.9998700618743896
7744,7,7,0.9985387325286865
7745,8,8,0.9998639822006226
7746,9,9,0.9966517090797424
7747,0,0,0.9999485015869141
7748,1,1,0.9962759017944336
7749,2,2,0.9999344348907471
7750,3,3,0.999788224697113
7751,4,4,0.999962329864502
7752,5,5,0.9999996423721313
7753,6,6,0.9999991655349731
7754,7,7,0.999488115310669
7755,8,8,0.9989134073257446
7756,9,9,0.9984982013702393
7757,7,7,0.998434841632843
7758,6,6,0.9999982118606567
7759,4,4,0.9999940395355225
7760,7,7,0.9988991022109985
7761,6,6,0.9999991655349731
7762,2,2,1.0
7763,3,3,0.9988184571266174
7764,4,4,0.9985452890396118
7765,8,8,0.9999850988388062
7766,7,7,0.9931290149688721
7767,8,8,0.9999368190765381
7768,6,6,0.9999434947967529
7769,9,9,0.9999184608459473
7770,8,8,0.9997401833534241
7771,3,3,0.9999847412109375
7772,2,2,0.9999971389770508
7773,2,2,0.9998987913131714
7774,8,8,0.9999797344207764
7775,4,4,0.9999822378158569
7776,8,8,0.9999964237213135
7777,5,5,0.9997987151145935
7778,6,6,0.9999969005584717
7779,5,5,0.9999574422836304
7780,0,0,0.9999991655349731
7781,2,2,0.9998000264167786
7782,0,0,0.9999719858169556
7783,1,1,0.9522973299026489
7784,1,1,0.9988691210746765
7785,2,2,0.9999964237213135
7786,9,9,0.9999393224716187
7787,6,6,0.9999996423721313
7788,8,8,0.9996979236602783
7789,2,2,0.9999997615814209
7790,1,1,0.9853271245956421
7791,0,0,0.9999771118164062
7792,6,6,1.0
7793,5,5,0.9999867677688599
7794,2,2,0.999895453453064
7795,9,9,0.9998621940612793
7796,7,7,0.9998284578323364
7797,5,5,0.9985988736152649
7798,3,3,0.9997938275337219
7799,9,9,0.9998601675033569
7800,3,3,0.6429718136787415
7801,7,7,0.9962098598480225
7802,1,1,0.9747498035430908
7803,8,8,0.9980771541595459
7804,3,3,0.9999080896377563
7805,8,8,0.9999997615814209
7806,1,1,0.9960221648216248
7807,9,9,0.9999867677688599
7808,5,5,0.9999758005142212
7809,5,5,0.9999915361404419
7810,0,0,0.9999700784683228
7811,1,1,0.9975736737251282
7812,1,1,0.8444985747337341
7813,9,9,0.9887922406196594
7814,8,8,0.9999978542327881
7815,2,2,0.9999804496765137
7816,6,6,0.9999988079071045
7817,0,0,0.9999884366989136
7818,4,4,0.9999681711196899
7819,5,5,0.9999972581863403
7820,0,0,0.999984622001648
7821,3,3,0.8099246025085449
7822,1,1,0.9914097189903259
7823,8,8,0.9981166124343872
7824,6,6,0.9999964237213135
7825,7,7,0.9969748258590698
7826,5,5,0.9995081424713135
7827,9,9,0.9999959468841553
7828,9,9,0.9999606609344482
7829,3,3,0.9997109770774841
7830,0,0,0.9999909400939941
7831,3,3,0.9999951124191284
7832,1,1,0.9997033476829529
7833,4,4,0.9999997615814209
7834,4,4,0.9999868869781494
7835,0,0,0.9999998807907104
7836,4,4,0.9999996423721313
7837,9,9,0.9995719790458679
7838,0,0,0.9995225667953491
7839,1,1,0.6446964144706726
7840,2,2,0.9998520612716675
7841,3,3,0.9988007545471191
7842,5,8,0.9344364404678345
7843,6,6,0.9999761581420898
7844,7,7,0.9869292974472046
7845,8,8,0.9991683959960938
7846,0,0,0.9999436140060425
7847,1,1,0.7168673872947693
7848,2,2,0.9999954700469971
7849,3,2,0.5245808362960815
7850,5,8,0.8616407513618469
7851,6,6,0.9864805340766907
7852,7,7,0.9981568455696106
7853,8,8,0.9927628636360168
7854,9,9,0.9998632669448853
7855,0,0,0.9999797344207764
7856,1,1,0.8959233164787292
7857,2,2,0.9999810457229614
7858,3,3,0.9992127418518066
7859,5,5,0.9808042645454407
7860,6,6,0.9914051294326782
7861,7,7,0.9957330822944641
7862,8,8,0.9991359114646912
7863,9,9,0.9977108240127563
7864,9,9,0.9999542236328125
7865,7,7,0.9847821593284607
7866,0,0,0.9998620748519897
7867,9,9,0.9999792575836182
7868,0,0,0.9993457198143005
7869,1,1,0.99782395362854
7870,5,5,0.9981805086135864
7871,8,8,0.9999570846557617
7872,8,8,0.9999364614486694
7873,0,0,0.9999868869781494
7874,9,9,0.9998010993003845
7875,3,3,0.9998069405555725
7876,2,2,0.9998185038566589
7877,7,7,0.9998626708984375
7878,8,8,0.9998817443847656
7879,4,4,0.9999985694885254
7880,6,6,0.9998461008071899
7881,1,1,0.9997246861457825
7882,0,0,0.9999939203262329
7883,4,4,0.9999797344207764
7884,9,9,0.9999603033065796
7885,4,4,0.9998642206192017
7886,2,2,0.9982699155807495
7887,0,0,0.9988144636154175
7888,5,5,0.9997789263725281
7889,0,0,0.9999245405197144
7890,1,1,0.9987598657608032
7891,6,6,0.9999176263809204
7892,9,9,0.9997056126594543
7893,3,3,0.9997578263282776
7894,2,2,0.9996768236160278
7895,9,9,0.9999128580093384
7896,1,1,0.9948340654373169
7897,6,6,0.9988621473312378
7898,0,0,0.999098539352417
7899,1,1,0.8545027375221252
7900,1,1,0.982752799987793
7901,8,8,0.9999954700469971
7902,7,7,0.9196726083755493
7903,7,7,0.9963255524635315
7904,6,6,0.9999136924743652
7905,3,3,0.9957250356674194
7906,6,6,0.9996970891952515
7907,0,0,0.9996767044067383
7908,7,7,0.9989450573921204
7909,2,2,0.9999852180480957
7910,4,4,0.9999901056289673
7911,1,1,0.9915667176246643
7912,7,7,0.997670590877533
7913,0,0,0.999969482421875
7914,6,6,0.9938010573387146
7915,7,7,0.7847575545310974
7916,1,1,0.9763034582138062
7917,2,2,0.9999345541000366
7918,5,5,0.9904282093048096
7919,8,8,0.9995306730270386
7920,1,1,0.9736952781677246
7921,8,8,0.9893835186958313
7922,2,2,0.9999884366989136
7923,8,8,0.9996474981307983
7924,7,7,0.9950259327888489
7925,6,6,0.9986442923545837
7926,8,8,0.9999467134475708
7927,7,7,0.9851324558258057
7928,1,1,0.9330668449401855
7929,6,6,0.9965882301330566
7930,2,2,0.9999955892562866
7931,9,9,0.9999570846557617
7932,3,3,0.9999955892562866
7933,0,0,0.9991337656974792
7934,1,1,0.955146849155426
7935,2,2,0.9999251365661621
7936,3,3,0.9999971389770508
7937,4,4,0.999993085861206
7938,5,5,0.9999997615814209
7939,6,6,0.9999953508377075
7940,7,7,0.9998780488967896
7941,8,8,0.9999005794525146
7942,9,9,0.9999879598617554
7943,0,0,0.9999721050262451
7944,1,1,0.9965128302574158
7945,2,2,0.9992741942405701
7946,3,3,0.9979134202003479
7947,4,4,0.999974250793457
7948,5,5,0.9994450211524963
7949,6,6,0.9999589920043945
7950,7,7,0.9997749924659729
7951,8,8,0.9995883107185364
7952,9,9,0.9997846484184265
7953,0,0,0.9999986886978149
7954,1,1,0.9970596432685852
7955,2,2,0.9999974966049194
7956,3,3,0.9999997615814209
7957,4,4,0.9999208450317383
7958,5,5,0.9999992847442627
7959,6,6,0.9999996423721313
7960,7,7,0.9999911785125732
7961,8,8,0.9999983310699463
7962,9,9,0.9999481439590454
7963,8,8,0.9999855756759644
7964,9,9,0.9992513060569763
7965,5,5,1.0
7966,7,7,0.9996458292007446
7967,0,0,0.9999985694885254
7968,3,3,0.999994158744812
7969,1,1,0.999671220779419
7970,6,6,0.9999808073043823
7971,8,8,0.7567432522773743
7972,4,4,0.9999936819076538
7973,1,1,0.9986658096313477
7974,5,5,0.9999994039535522
7975,6,6,0.999994158744812
7976,4,4,0.9999392032623291
7977,2,2,0.9999973773956299
7978,7,7,0.9963141083717346
7979,8,8,0.9999433755874634
7980,1,1,0.9981836676597595
7981,3,3,0.9999961853027344
7982,4,4,0.9999666213989258
7983,3,3,0.9999240636825562
7984,4,4,0.9999867677688599
7985,7,7,0.987522304058075
7986,2,2,0.9998339414596558
7987,0,0,0.9999253749847412
7988,5,5,0.9999916553497314
7989,0,0,0.9999717473983765
7990,1,1,0.8347183465957642
7991,9,9,0.9693687558174133
7992,2,2,0.9999996423721313
7993,3,3,0.9999924898147583
7994,2,2,0.9999645948410034
7995,3,3,0.9999997615814209
7996,5,5,0.9999822378158569
7997,5,5,0.9999988079071045
7998,7,7,0.9999182224273682
7999,8,8,0.997967541217804
8000,4,4,0.9999252557754517
8001,9,9,0.9999970197677612
8002,9,9,0.9999349117279053
8003,7,7,0.9999074935913086
8004,1,1,0.9961916208267212
8005,1,1,0.9989532232284546
8006,9,9,0.9999520778656006
8007,0,0,0.9995726943016052
8008,7,7,0.997192919254303
8009,8,8,0.9997126460075378
8010,3,3,0.9988229870796204
8011,4,4,0.9999644756317139
8012,8,8,0.9999704360961914
8013,6,6,1.0
8014,3,3,0.9999992847442627
8015,8,8,0.9999982118606567
8016,0,0,0.9943625926971436
8017,9,9,0.9999891519546509
8018,6,6,0.9999998807907104
8019,2,2,0.9999786615371704
8020,1,1,0.9078550338745117
8021,0,0,0.9999769926071167
8022,1,1,0.9509637355804443
8023,0,0,0.9996325969696045
8024,6,6,0.9999951124191284
8025,2,2,1.0
8026,3,3,0.9999998807907104
8027,8,8,0.9999936819076538
8028,9,9,0.9997357726097107
8029,0,0,0.9999120235443115
8030,7,7,0.9968056678771973
8031,2,2,0.9999861717224121
8032,3,3,0.9999781847000122
8033,4,4,0.9999979734420776
8034,5,5,0.9988967180252075
8035,5,5,0.9921463131904602
8036,2,2,0.9999996423721313
8037,8,8,0.9999916553497314
8038,5,5,0.9989712238311768
8039,4,4,0.9999775886535645
8040,6,6,0.9999998807907104
8041,6,6,0.999992847442627
8042,6,6,0.9999985694885254
8043,7,7,0.9976254105567932
8044,9,9,0.999638557434082
8045,1,1,0.9932525753974915
8046,8,8,0.9999988079071045
8047,2,2,0.9953799247741699
8048,1,1,0.9992027878761292
8049,5,5,0.9999872446060181
8050,3,3,0.999963641166687
8051,4,4,0.9999932050704956
8052,7,7,0.9995322227478027
8053,9,9,0.9999772310256958
8054,4,4,0.9999982118606567
8055,0,0,0.9998095631599426
8056,0,0,0.9999802112579346
8057,0,0,0.9985924363136292
8058,1,1,0.9941283464431763
8059,2,2,0.6967976093292236
8060,3,3,0.9999908208847046
8061,4,4,0.997164785861969
8062,5,5,0.8158085942268372
8063,6,6,0.993826687335968
8064,7,7,0.9997324347496033
8065,8,8,0.9812862277030945
8066,9,9,0.9980915188789368
8067,0,0,0.9999897480010986
8068,1,1,0.9975784420967102
8069,2,2,0.8761782646179199
8070,3,3,0.9999690055847168
8071,4,4,0.9828690886497498
8072,5,5,0.9999583959579468
8073,6,6,0.9999477863311768
8074,7,7,0.9946554899215698
8075,8,8,0.9877553582191467
8076,9,9,0.9997531771659851
8077,0,0,0.9999022483825684
8078,1,1,0.9980620741844177
8079,2,2,0.9762637615203857
8080,3,3,0.9999837875366211
8081,4,4,0.9993739724159241
8082,5,5,0.9998918771743774
8083,6,6,0.9999849796295166
8084,9,9,0.998955488204956
8085,0,0,0.9999892711639404
8086,1,1,0.9997424483299255
8087,3,3,0.9999935626983643
8088,1,1,0.989680826663971
8089,5,5,0.9999998807907104
8090,1,1,0.9965701103210449
8091,2,2,0.7429579496383667
8092,4,4,0.9991194605827332
8093,9,9,0.9928202033042908
8094,2,8,0.8002309203147888
8095,4,4,0.9854727387428284
8096,6,6,0.9998195767402649
8097,8,8,0.9921820759773254
8098,0,0,0.9998611211776733
8099,1,1,0.99941086769104
8100,1,1,0.9987333416938782
8101,9,9,0.9989187717437744
8102,2,2,0.9622055292129517
8103,6,6,0.9995207786560059
8104,6,6,0.9911184906959534
8105,8,8,0.9803459048271179
8106,7,7,0.9954620003700256
8107,4,4,0.9836109280586243
8108,2,2,0.9996609687805176
8109,9,9,0.9982643723487854
8110,7,7,0.9615152478218079
8111,0,0,0.99996018409729
8112,2,2,0.9990720748901367
8113,1,1,0.9995216131210327
8114,0,0,0.999969482421875
8115,3,3,0.7859495282173157
8116,6,6,0.9999278783798218
8117,0,0,0.9999990463256836
8118,1,1,0.9997784495353699
8119,2,2,0.9999537467956543
8120,3,3,0.999990701675415
8121,4,4,0.9999986886978149
8122,5,5,0.9999842643737793
8123,6,6,0.9999485015869141
8124,7,7,0.9994885921478271
8125,8,8,0.9999954700469971
8126,9,9,0.9999556541442871
8127,0,0,0.9999990463256836
8128,1,1,0.9043501019477844
8129,2,2,0.9999955892562866
8130,3,3,0.9999781847000122
8131,4,4,0.9999998807907104
8132,5,5,0.9999991655349731
8133,6,6,0.9999874830245972
8134,7,7,0.9999810457229614
8135,8,8,0.9999947547912598
8136,9,9,0.9999305009841919
8137,0,0,0.9999604225158691
8138,1,1,0.9993544220924377
8139,2,2,0.9996294975280762
8140,3,3,0.999992847442627
8141,4,4,0.9999961853027344
8142,5,5,0.9998028874397278
8143,6,6,0.9982572197914124
8144,7,7,0.9992432594299316
8145,8,8,1.0
8146,9,9,0.9999194145202637
8147,8,8,0.9999221563339233
8148,6,6,0.9999891519546509
8149,5,5,0.9999973773956299
8150,9,9,0.999969482421875
8151,7,7,0.9990218877792358
8152,0,0,0.9999983310699463
8153,2,2,0.9999735355377197
8154,3,3,0.9999403953552246
8155,4,4,0.999993085861206
8156,3,3,0.9997925162315369
8157,8,8,0.9999997615814209
8158,5,5,0.9999756813049316
8159,1,1,0.9982990622520447
8160,5,5,0.9944884777069092
8161,2,2,1.0
8162,3,3,1.0
8163,0,0,0.9999395608901978
8164,1,1,0.9981246590614319
8165,2,2,0.985136866569519
8166,1,1,0.999052107334137
8167,3,3,0.9999991655349731
8168,2,2,0.9999886751174927
8169,6,6,0.9999997615814209
8170,5,5,0.9999840259552002
8171,3,3,0.9935809373855591
8172,0,0,0.9999798536300659
8173,7,7,0.999908447265625
8174,2,2,0.9998137354850769
8175,7,7,0.999466598033905
8176,4,4,0.9999737739562988
8177,6,6,0.9999971389770508
8178,4,4,0.9999995231628418
8179,0,0,0.9999995231628418
8180,5,5,0.9999935626983643
8181,9,9,0.993683934211731
8182,9,9,0.9878636598587036
8183,8,8,0.9966322779655457
8184,9,9,0.9983139038085938
8185,5,5,0.9997993111610413
8186,3,3,0.9999997615814209
8187,1,1,0.9987627267837524
8188,7,7,0.991159975528717
8189,4,4,0.9999971389770508
8190,7,7,0.9995323419570923
8191,6,6,0.999927282333374
8192,5,5,0.9999730587005615
8193,4,4,0.9999842643737793
8194,0,0,0.9997403025627136
8195,0,0,0.9999997615814209
8196,6,6,0.9983713030815125
8197,6,6,0.9997228980064392
8198,2,2,0.9997066855430603
8199,0,0,0.9999505281448364
8200,6,6,0.9999953508377075
8201,3,3,0.9998501539230347
8202,7,7,0.9994951486587524
8203,7,7,0.9454218745231628
8204,4,4,0.9999972581863403
8205,4,4,0.9999978542327881
8206,3,3,0.9999997615814209
8207,9,9,0.9999452829360962
8208,2,2,0.9999606609344482
8209,8,8,0.9999984502792358
8210,9,9,0.9999064207077026
8211,6,6,0.9999998807907104
8212,0,0,0.9998750686645508
8213,9,9,0.9998136162757874
8214,5,5,0.9999500513076782
8215,3,3,0.9999129772186279
8216,8,8,0.9999655485153198
8217,8,8,0.9953979849815369
8218,7,7,0.9986516833305359
8219,1,1,0.9998750686645508
8220,4,4,0.9999431371688843
8221,0,0,0.9999986886978149
8222,4,4,0.9999997615814209
8223,8,8,0.9999873638153076
8224,5,5,0.9999992847442627
8225,2,2,0.9999961853027344
8226,3,3,0.9999620914459229
8227,9,9,0.999968409538269
8228,0,0,0.9966481328010559
8229,1,1,0.9921938180923462
8230,9,9,0.9994339346885681
8231,1,1,0.9977664947509766
8232,5,5,0.9998786449432373
8233,1,1,0.9986095428466797
8234,7,7,0.9979684948921204
8235,4,4,0.9999977350234985
8236,8,8,0.9999197721481323
8237,6,6,0.999991774559021
8238,2,2,0.999997615814209
8239,1,1,0.9996680021286011
8240,6,6,0.9995664954185486
8241,8,8,0.9999774694442749
8242,8,8,0.9999916553497314
8243,0,0,0.9977350234985352
8244,1,1,0.9911262392997742
8245,2,2,0.9990468621253967
8246,3,3,0.9744200706481934
8247,4,4,0.9999092817306519
8248,7,7,0.9999496936798096
8249,8,8,0.9999996423721313
8250,9,9,0.9999663829803467
8251,0,0,0.9999966621398926
8252,1,1,0.998332679271698
8253,2,2,0.99997878074646
8254,3,3,0.9996026158332825
8255,4,4,0.9990960359573364
8256,6,6,0.998802661895752
8257,7,7,0.9996115565299988
8258,8,8,0.9996017813682556
8259,9,9,0.9868435263633728
8260,0,0,0.9999946355819702
8261,1,1,0.9996662139892578
8262,2,2,0.9997683167457581
8263,3,3,0.9977641105651855
8264,4,4,0.9999855756759644
8265,7,7,0.9997269511222839
8266,8,8,1.0
8267,9,9,0.9908344745635986
8268,1,1,0.9983083009719849
8269,4,4,0.9999954700469971
8270,5,5,0.9973388314247131
8271,3,3,0.9999903440475464
8272,3,3,0.9999690055847168
8273,0,0,0.9510787725448608
8274,9,9,0.9999349117279053
8275,5,5,0.9959765076637268
8276,4,4,0.9999979734420776
8277,3,3,0.9966800212860107
8278,0,0,0.9545256495475769
8279,8,8,0.9988490343093872
8280,4,4,0.9999978542327881
8281,6,6,0.9999420642852783
8282,7,7,0.9983059167861938
8283,0,0,0.9984949827194214
8284,7,7,0.9996962547302246
8285,7,7,0.9999399185180664
8286,1,1,0.9900550842285156
8287,6,6,0.9780263304710388
8288,9,9,0.999535322189331
8289,1,1,0.9990350008010864
8290,3,3,0.9913553595542908
8291,6,6,0.9999573230743408
8292,2,2,0.9996459484100342
8293,3,3,0.9998847246170044
8294,8,8,0.9999977350234985
8295,2,2,0.9995893836021423
8296,3,3,0.9999274015426636
8297,8,8,0.9999853372573853
8298,9,9,0.9988228678703308
8299,5,5,0.9902423024177551
8300,8,8,0.9999998807907104
8301,8,8,0.9999969005584717
8302,7,7,0.9999957084655762
8303,1,1,0.9995168447494507
8304,7,7,0.9999334812164307
8305,1,1,0.9989042282104492
8306,1,1,0.9996346235275269
8307,0,0,0.9999994039535522
8308,3,3,0.9999961853027344
8309,4,4,0.9999394416809082
8310,2,2,0.9997739195823669
8311,6,6,0.6255371570587158
8312,4,4,0.999996542930603
8313,7,7,0.9999527931213379
8314,4,4,0.9999902248382568
8315,2,2,0.9998754262924194
8316,7,7,0.9900834560394287
8317,4,4,0.9992695450782776
8318,2,2,0.9965386390686035
8319,9,9,0.999562680721283
8320,2,2,0.9995848536491394
8321,7,7,0.9991225600242615
8322,9,9,0.9912379384040833
8323,2,2,0.9999676942825317
8324,1,1,0.9970561265945435
8325,0,0,0.9866634607315063
8326,6,6,0.9978229999542236
8327,5,5,0.9995453953742981
8328,3,3,0.9999994039535522
8329,4,4,0.9997408986091614
8330,8,8,0.9928768277168274
8331,5,5,0.9999856948852539
8332,9,9,0.9857021570205688
8333,6,6,0.9998878240585327
8334,9,9,0.9999003410339355
8335,0,0,0.9999997615814209
8336,6,6,0.9999954700469971
8337,3,3,0.9999949932098389
8338,0,0,0.9999774694442749
8339,8,8,0.9943607449531555
8340,1,1,0.999485969543457
8341,6,6,0.9999991655349731
8342,0,0,0.9997677206993103
8343,0,0,0.9999750852584839
8344,1,1,0.9972448348999023
8345,2,2,0.9999996423721313
8346,3,3,0.999736487865448
8347,4,4,0.999284565448761
8348,5,5,1.0
8349,6,6,0.999929666519165
8350,7,7,0.998950719833374
8351,0,0,0.9996201992034912
8352,1,1,0.9973388314247131
8353,2,2,0.9986155033111572
8354,3,3,0.9998394250869751
8355,4,4,0.9999969005584717
8356,7,7,0.9997387528419495
8357,8,8,0.9999966621398926
8358,9,9,0.9975290894508362
8359,0,0,0.9998375177383423
8360,1,1,0.9995725750923157
8361,2,2,0.999997615814209
8362,3,3,0.9994522929191589
8363,4,4,0.9999728202819824
8364,7,7,0.9999922513961792
8365,2,2,1.0
8366,5,5,0.9999779462814331
8367,1,1,0.9977536797523499
8368,6,6,0.9999876022338867
8369,4,4,0.9999955892562866
8370,3,3,0.9999949932098389
8371,9,9,0.9999974966049194
8372,9,9,0.9998975992202759
8373,0,0,0.9999756813049316
8374,9,9,0.9998084902763367
8375,7,7,0.7163533568382263
8376,1,1,0.9852108359336853
8377,6,6,0.9998869895935059
8378,4,4,0.9993224143981934
8379,3,3,0.9983654618263245
8380,6,6,0.9999953508377075
8381,2,2,0.9998669624328613
8382,0,0,0.9374324679374695
8383,9,9,0.9993463158607483
8384,8,8,0.9999979734420776
8385,6,6,0.9999425411224365
8386,5,5,0.9999995231628418
8387,7,7,0.9992620348930359
8388,0,0,0.9972034692764282
8389,0,0,0.9997954964637756
8390,1,1,0.9994592070579529
8391,7,7,0.995542585849762
8392,4,4,0.9999792575836182
8393,3,3,0.9998188614845276
8394,2,2,0.999995231628418
8395,4,4,0.9997732043266296
8396,1,1,0.9947769641876221
8397,3,3,0.9992357492446899
8398,7,7,0.9997984766960144
8399,6,6,0.9999984502792358
8400,4,4,0.9999896287918091
8401,7,7,0.9999734163284302
8402,7,7,0.9996422529220581
8403,7,7,0.9995632767677307
8404,9,9,0.9999366998672485
8405,8,8,0.9999253749847412
8406,4,4,0.7783614993095398
8407,3,3,0.9999942779541016
8408,8,5,0.5143631100654602
8409,2,2,0.9999967813491821
8410,8,8,0.7938250303268433
8411,3,3,0.9999923706054688
8412,5,5,0.9999790191650391
8413,8,8,0.9999268054962158
8414,0,0,0.9999475479125977
8415,5,5,0.9999865293502808
8416,4,4,0.9996650218963623
8417,7,7,0.9999876022338867
8418,1,1,0.998573899269104
8419,3,3,0.9994231462478638
8420,1,1,0.998405396938324
8421,7,7,0.9999464750289917
8422,9,9,0.9999487400054932
8423,6,6,0.9999696016311646
8424,2,2,1.0
8425,0,0,0.9999843835830688
8426,9,9,0.9993187189102173
8427,1,1,0.9982771873474121
8428,7,7,0.9997794032096863
8429,3,3,0.9996155500411987
8430,3,3,0.9988601207733154
8431,9,9,0.9997920393943787
8432,1,1,0.9997366070747375
8433,6,6,0.9999958276748657
8434,4,4,0.9999970197677612
8435,3,3,0.9997619986534119
8436,9,9,0.9999934434890747
8437,8,8,0.9999998807907104
8438,2,2,1.0
8439,1,1,0.9996832609176636
8440,8,8,0.9999978542327881
8441,6,6,0.9998725652694702
8442,4,4,0.9999419450759888
8443,1,1,0.9950283169746399
8444,5,5,0.9999691247940063
8445,5,5,0.9999979734420776
8446,6,6,0.9999990463256836
8447,5,5,0.9999778270721436
8448,0,0,0.9999994039535522
8449,1,1,0.9997743964195251
8450,2,2,0.9999997615814209
8451,3,3,0.9999910593032837
8452,4,4,0.9985527396202087
8453,5,5,0.9985241293907166
8454,6,6,1.0
8455,7,7,0.9999986886978149
8456,8,8,0.9999562501907349
8457,9,9,0.9999961853027344
8458,0,0,0.9999995231628418
8459,1,1,0.9913978576660156
8460,2,2,1.0
8461,3,3,0.9999803304672241
8462,4,4,0.9999926090240479
8463,5,5,0.9999252557754517
8464,6,6,0.9999997615814209
8465,7,7,0.9990296363830566
8466,8,8,0.9999818801879883
8467,9,9,0.9999474287033081
8468,0,0,0.9999985694885254
8469,1,1,0.9390381574630737
8470,2,2,0.9999949932098389
8471,3,3,0.9999934434890747
8472,4,4,0.9997826218605042
8473,5,5,0.9999994039535522
8474,6,6,0.9999978542327881
8475,7,7,0.9998985528945923
8476,8,8,0.9999836683273315
8477,9,9,0.9999814033508301
8478,6,6,0.9999443292617798
8479,9,9,0.9998815059661865
8480,7,7,0.9999957084655762
8481,0,0,0.9999840259552002
8482,2,2,1.0
8483,3,3,0.999994158744812
8484,4,4,0.9999982118606567
8485,3,3,0.9999518394470215
8486,8,8,0.9997585415840149
8487,5,5,0.9999948740005493
8488,1,1,0.9965857267379761
8489,3,3,0.9999743700027466
8490,0,0,0.9999934434890747
8491,1,1,0.9698561429977417
8492,2,2,0.9983314871788025
8493,1,1,0.5747003555297852
8494,3,3,0.9998468160629272
8495,2,2,0.9997240900993347
8496,0,0,0.9999161958694458
8497,7,7,0.9955490827560425
8498,2,2,0.9985727071762085
8499,6,6,0.9999996423721313
8500,4,4,0.9999997615814209
8501,0,0,0.9999955892562866
8502,5,5,0.9997438788414001
8503,9,9,0.9995740056037903
8504,9,9,0.9979115128517151
8505,8,8,0.999976396560669
8506,9,9,0.9998723268508911
8507,5,5,0.999030590057373
8508,3,3,0.997751772403717
8509,1,1,0.8280643224716187
8510,7,7,0.9989215135574341
8511,4,4,0.9986328482627869
8512,7,7,0.9993221759796143
8513,0,0,0.9999985694885254
8514,0,0,0.99998939037323
8515,6,6,0.9999220371246338
8516,6,6,0.9999992847442627
8517,6,6,0.9999985694885254
8518,3,3,0.9999971389770508
8519,7,7,0.9748035073280334
8520,4,9,0.7269887328147888
8521,2,2,0.9999419450759888
8522,8,8,0.8178325891494751
8523,9,9,0.9975395202636719
8524,8,8,0.9986494183540344
8525,7,7,0.9991944432258606
8526,1,1,0.9746862649917603
8527,4,9,0.7808679342269897
8528,0,0,0.9999997615814209
8529,4,4,0.9999881982803345
8530,8,8,0.9991320967674255
8531,5,5,0.9999120235443115
8532,2,2,0.9999717473983765
8533,3,3,0.9999959468841553
8534,9,9,0.9998339414596558
8535,0,0,0.999998927116394
8536,1,1,0.9968444108963013
8537,9,9,0.9999862909317017
8538,1,1,0.9900751709938049
8539,5,5,0.9995040893554688
8540,1,1,0.9960333704948425
8541,7,7,0.9983277916908264
8542,6,6,0.999955415725708
8543,1,1,0.9946184754371643
8544,2,2,0.9999991655349731
8545,1,1,0.9963060617446899
8546,6,6,0.9999492168426514
8547,8,8,0.9999996423721313
8548,0,0,0.9999972581863403
8549,1,1,0.9998176693916321
8550,2,2,0.9999651908874512
8551,3,3,0.9999988079071045
8552,4,4,0.9999998807907104
8553,5,5,0.999970555305481
8554,6,6,0.9999990463256836
8555,7,7,0.9999967813491821
8556,8,8,0.999994158744812
8557,9,9,0.9999806880950928
8558,0,0,0.9999549388885498
8559,1,1,0.999548614025116
8560,2,2,1.0
8561,3,3,0.9992115497589111
8562,4,4,0.9999986886978149
8563,5,5,0.9999971389770508
8564,6,6,0.9996563196182251
8565,7,7,0.9985490441322327
8566,8,8,0.9999998807907104
8567,0,0,0.999988317489624
8568,1,1,0.9999158382415771
8569,2,2,0.9999998807907104
8570,3,3,1.0
8571,5,5,0.9999897480010986
8572,6,6,0.9999982118606567
8573,7,7,0.9999992847442627
8574,8,8,0.9999994039535522
8575,1,1,0.9994713664054871
8576,0,0,0.9999984502792358
8577,4,4,0.9999983310699463
8578,5,5,0.9999139308929443
8579,6,6,0.999911904335022
8580,6,6,0.999852180480957
8581,3,3,0.9999909400939941
8582,4,4,0.9999902248382568
8583,4,4,0.9999847412109375
8584,2,2,0.9952026605606079
8585,8,8,0.9999996423721313
8586,1,1,0.9998250603675842
8587,0,0,0.9999996423721313
8588,6,6,0.9998514652252197
8589,4,4,0.9999991655349731
8590,9,9,0.9998372793197632
8591,7,7,0.9989132881164551
8592,2,2,0.9999985694885254
8593,9,9,0.9976145029067993
8594,2,2,0.9999984502792358
8595,0,0,0.9999995231628418
8596,9,9,0.9998792409896851
8597,3,3,0.999752938747406
8598,3,3,0.999769389629364
8599,9,9,0.999997615814209
8600,1,1,0.9996153116226196
8601,5,5,0.9992733597755432
8602,2,2,0.9999960660934448
8603,3,3,0.9999734163284302
8604,1,1,0.9997137188911438
8605,6,6,0.9999959468841553
8606,7,7,0.9995133876800537
8607,3,3,0.9257464408874512
8608,7,7,0.9994599223136902
8609,8,8,0.999995231628418
8610,4,4,0.999995231628418
8611,0,0,0.9999752044677734
8612,2,2,1.0
8613,4,4,0.9999512434005737
8614,0,0,0.9999982118606567
8615,2,2,0.9999681711196899
8616,4,4,0.9999608993530273
8617,7,7,0.9995830655097961
8618,8,8,0.9999995231628418
8619,0,0,1.0
8620,7,7,0.9998340606689453
8621,0,0,0.9999959468841553
8622,6,6,0.9999734163284302
8623,9,9,0.9998242259025574
8624,3,3,0.9997088313102722
8625,2,2,1.0
8626,4,4,0.9999994039535522
8627,8,8,0.9999996423721313
8628,6,6,0.9994220733642578
8629,0,0,0.9999990463256836
8630,5,5,0.9999964237213135
8631,7,7,0.9994974136352539
8632,5,5,0.9999680519104004
8633,1,1,0.9993250370025635
8634,0,0,0.9999979734420776
8635,8,8,1.0
8636,1,1,0.9997053742408752
8637,6,6,0.9975847005844116
8638,7,7,0.999914288520813
8639,2,2,0.9999805688858032
8640,9,9,0.9999721050262451
8641,7,7,0.9999473094940186
8642,9,9,0.9999717473983765
8643,5,5,0.9999974966049194
8644,6,6,0.9999880790710449
8645,5,5,0.9998103976249695
8646,2,2,1.0
8647,6,6,0.9999858140945435
8648,2,2,1.0
8649,8,8,0.9999994039535522
8650,1,1,0.9981536269187927
8651,7,7,0.9999785423278809
8652,5,5,0.999992847442627
8653,5,5,0.9271093010902405
8654,7,7,0.999796450138092
8655,3,3,0.9999970197677612
8656,5,5,0.9998444318771362
8657,0,0,0.9999994039535522
8658,1,1,0.9998617172241211
8659,1,1,0.9997909665107727
8660,3,3,0.9999836683273315
8661,8,8,0.9999973773956299
8662,4,4,0.9999996423721313
8663,9,9,0.9999924898147583
8664,4,4,0.9999992847442627
8665,5,5,0.9999754428863525
8666,1,1,0.9998019337654114
8667,8,8,0.9999991655349731
8668,6,6,0.9999974966049194
8669,8,8,1.0
8670,9,9,0.9999462366104126
8671,0,0,0.9999898672103882
8672,1,1,0.9991872906684875
8673,2,2,0.9999957084655762
8674,3,3,0.9999032020568848
8675,4,4,0.9999998807907104
8676,5,5,0.9999973773956299
8677,6,6,0.9999985694885254
8678,7,7,0.9960783123970032
8679,8,8,0.9999992847442627
8680,9,9,0.9999756813049316
8681,0,0,0.9992092251777649
8682,1,1,0.999537467956543
8683,2,2,0.9999964237213135
8684,3,3,0.999972939491272
8685,4,4,0.9999918937683105
8686,5,5,0.999976634979248
8687,6,6,0.9999934434890747
8688,7,7,0.9999759197235107
8689,8,8,1.0
8690,9,9,0.9999827146530151
8691,0,0,0.9998278617858887
8692,1,1,0.9991361498832703
8693,2,2,0.9999980926513672
8694,3,3,0.9999808073043823
8695,4,4,0.9999961853027344
8696,5,5,0.9999994039535522
8697,6,6,0.9999988079071045
8698,7,7,0.9986745119094849
8699,8,8,0.9999998807907104
8700,9,9,0.9999160766601562
8701,3,3,0.999998927116394
8702,5,5,0.9999812841415405
8703,3,3,0.9999703168869019
8704,2,2,0.9999955892562866
8705,9,9,0.9999942779541016
8706,3,3,0.9999995231628418
8707,2,2,0.9999986886978149
8708,1,1,0.9990220069885254
8709,4,4,0.9999997615814209
8710,5,5,0.9999892711639404
8711,5,5,0.9999949932098389
8712,2,2,0.9999998807907104
8713,3,3,0.9999926090240479
8714,2,2,0.9999924898147583
8715,1,1,0.9979788661003113
8716,3,3,0.9999868869781494
8717,9,9,0.9999663829803467
8718,7,7,0.9994838237762451
8719,2,2,0.999991774559021
8720,1,1,0.9994520545005798
8721,2,2,0.9999477863311768
8722,8,8,0.9999871253967285
8723,9,9,0.9999849796295166
8724,1,1,0.9992061257362366
8725,8,8,0.999976396560669
8726,8,8,0.9999862909317017
8727,7,7,0.999428927898407
8728,8,8,0.999993085861206
8729,1,1,0.9995759129524231
8730,0,0,0.9999963045120239
8731,0,0,0.999996542930603
8732,6,6,0.9999862909317017
8733,7,7,0.9999419450759888
8734,7,7,0.9999961853027344
8735,8,8,0.9870300889015198
8736,7,7,0.9844915270805359
8737,5,5,0.9999983310699463
8738,0,0,0.9993205070495605
8739,6,6,0.9999979734420776
8740,1,1,0.9997304081916809
8741,5,5,0.9999834299087524
8742,7,7,0.9989569187164307
8743,4,4,1.0
8744,6,6,0.9998294115066528
8745,1,1,0.9996284246444702
8746,2,2,0.9999998807907104
8747,5,5,0.9999444484710693
8748,0,0,0.9999986886978149
8749,7,7,0.999524712562561
8750,9,9,0.9999903440475464
8751,9,9,0.999991774559021
8752,0,0,0.9999884366989136
8753,3,3,0.9999665021896362
8754,4,4,0.9999996423721313
8755,4,4,0.9999997615814209
8756,8,8,0.9980794191360474
8757,4,4,0.9999892711639404
8758,1,1,0.9986538887023926
8759,8,8,0.9997978806495667
8760,6,6,0.9999953508377075
8761,5,5,0.9999979734420776
8762,9,9,0.9999781847000122
8763,0,0,0.9999855756759644
8764,0,0,0.9998657703399658
8765,0,0,0.9997883439064026
8766,3,3,0.9999994039535522
8767,7,7,0.9995840191841125
8768,1,1,0.9989117383956909
8769,6,6,0.9989508390426636
8770,4,4,0.9999990463256836
8771,6,6,0.9999880790710449
8772,0,0,0.9999948740005493
8773,4,4,0.9999690055847168
8774,5,5,0.9999990463256836
8775,4,4,0.9998413324356079
8776,1,1,0.9992096424102783
8777,3,3,0.9999966621398926
8778,8,8,0.9999699592590332
8779,6,6,0.9999990463256836
8780,3,3,1.0
8781,9,9,0.9993634819984436
8782,9,9,0.9999411106109619
8783,5,5,0.9999997615814209
8784,9,9,0.9997596144676208
8785,3,3,0.9999748468399048
8786,7,7,0.999975323677063
8787,8,8,0.9997580647468567
8788,5,5,0.9989019632339478
8789,6,6,0.9999984502792358
8790,4,4,0.9999997615814209
8791,7,7,0.9996750354766846
8792,6,6,0.9999728202819824
8793,2,2,0.9999986886978149
8794,2,2,0.9999970197677612
8795,0,0,0.9999767541885376
8796,9,9,0.9999889135360718
8797,4,4,0.9999951124191284
8798,0,0,0.9999901056289673
8799,1,1,0.9996953010559082
8800,2,2,1.0
8801,3,3,0.9999959468841553
8802,4,4,0.999997615814209
8803,5,5,0.9999997615814209
8804,6,6,0.9999839067459106
8805,7,7,0.9997240900993347
8806,8,8,0.9994814991950989
8807,9,9,0.9999896287918091
8808,0,0,0.9999600648880005
8809,1,1,0.9992703795433044
8810,2,2,0.9999988079071045
8811,3,3,0.9999998807907104
8812,4,4,0.9999924898147583
8813,5,5,1.0
8814,6,6,0.9999973773956299
8815,7,7,0.9999868869781494
8816,8,8,0.9997304081916809
8817,9,9,0.9999912977218628
8818,0,0,0.9999128580093384
8819,1,1,0.9969891905784607
8820,2,2,0.9999998807907104
8821,3,3,0.9999902248382568
8822,4,4,0.9999973773956299
8823,5,5,0.9999730587005615
8824,6,6,0.9999955892562866
8825,7,7,0.999224066734314
8826,8,8,0.9998772144317627
8827,9,9,0.9999868869781494
8828,6,6,0.9999932050704956
8829,4,4,0.9999948740005493
8830,2,2,1.0
8831,6,6,0.9999796152114868
8832,4,4,0.9999988079071045
8833,7,7,0.9995542168617249
8834,5,5,1.0
8835,5,5,0.9999998807907104
8836,4,4,0.9999873638153076
8837,7,7,0.9995724558830261
8838,2,2,1.0
8839,9,9,0.9996633529663086
8840,3,3,0.9999997615814209
8841,9,9,0.9999977350234985
8842,3,3,0.9999628067016602
8843,8,8,0.999962329864502
8844,2,2,1.0
8845,0,0,0.999995231628418
8846,9,9,0.9980955719947815
8847,5,5,0.9997218251228333
8848,6,6,0.9999210834503174
8849,0,0,0.999992847442627
8850,1,1,0.9996389150619507
8851,0,0,0.9997500777244568
8852,6,6,0.9999945163726807
8853,5,5,0.9998883008956909
8854,3,3,0.9999973773956299
8855,5,5,0.9999996423721313
8856,3,3,0.9999997615814209
8857,8,8,0.9999966621398926
8858,0,0,0.9999687671661377
8859,0,0,0.9999935626983643
8860,3,3,0.9999982118606567
8861,4,4,0.9999926090240479
8862,1,1,0.9994669556617737
8863,5,5,0.999955415725708
8864,3,3,0.9999971389770508
8865,0,0,0.9999692440032959
8866,8,8,0.999974250793457
8867,3,3,0.9999945163726807
8868,0,0,0.9999986886978149
8869,6,6,0.9999672174453735
8870,2,2,1.0
8871,7,7,0.9999370574951172
8872,8,8,0.9999995231628418
8873,1,1,0.9989781379699707
8874,7,7,0.9998774528503418
8875,1,1,0.9989858269691467
8876,3,3,0.9999905824661255
8877,8,8,0.9999996423721313
8878,5,5,0.9999998807907104
8879,4,4,0.9999996423721313
8880,2,2,1.0
8881,0,0,0.9999774694442749
8882,9,9,0.9994398951530457
8883,7,7,0.999998927116394
8884,6,6,0.9999967813491821
8885,7,7,0.9999291896820068
8886,4,4,0.9999839067459106
8887,1,1,0.9964281916618347
8888,6,6,0.9999899864196777
8889,2,2,0.9999825954437256
8890,6,6,0.9991463422775269
8891,7,7,0.9999887943267822
8892,1,1,0.9990370273590088
8893,9,9,0.9999992847442627
8894,8,8,0.9999992847442627
8895,0,0,0.9999262094497681
8896,6,6,0.9999659061431885
8897,9,9,0.9985927939414978
8898,4,4,0.9999916553497314
8899,9,9,0.9999935626983643
8900,9,9,0.9999951124191284
8901,6,6,0.9994102716445923
8902,2,2,0.9999984502792358
8903,3,3,0.9999991655349731
8904,7,7,0.9995155334472656
8905,1,1,0.9997051358222961
8906,9,9,0.9965026378631592
8907,2,2,0.9999994039535522
8908,2,2,0.9998277425765991
8909,5,5,0.9999997615814209
8910,3,3,0.9999939203262329
8911,7,7,0.9999816417694092
8912,8,8,0.9992237091064453
8913,0,0,0.9999914169311523
8914,1,1,0.999562680721283
8915,2,2,0.9999982118606567
8916,3,3,0.9999774694442749
8917,4,4,0.9999978542327881
8918,7,7,0.9992628693580627
8919,8,8,0.9999997615814209
8920,9,9,0.99998939037323
8921,0,0,0.9999488592147827
8922,1,1,0.9995662569999695
8923,2,2,0.9999992847442627
8924,3,3,0.9999831914901733
8925,4,4,1.0
8926,7,7,0.9999301433563232
8927,8,8,0.9999963045120239
8928,9,9,0.9999151229858398
8929,0,0,0.9999953508377075
8930,1,1,0.9996554851531982
8931,7,7,0.9989469647407532
8932,8,8,0.9999959468841553
8933,9,9,0.9999690055847168
8934,8,8,0.9999881982803345
8935,9,9,0.9999955892562866
8936,2,2,0.9999990463256836
8937,6,6,0.9999982118606567
8938,1,1,0.9987714886665344
8939,3,3,0.9999943971633911
8940,5,5,0.9999986886978149
8941,4,4,0.9999967813491821
8942,8,8,0.9989155530929565
8943,2,2,0.9998883008956909
8944,6,6,0.9994482398033142
8945,4,4,0.9999998807907104
8946,3,3,0.9999514818191528
8947,4,4,0.9999935626983643
8948,5,5,0.9999103546142578
8949,9,9,0.999998927116394
8950,2,2,0.999988317489624
8951,0,0,0.9999983310699463
8952,3,3,0.9373093247413635
8953,9,9,0.9999961853027344
8954,4,4,0.9999978542327881
8955,9,9,0.9999945163726807
8956,7,7,0.9970023036003113
8957,3,3,0.9998263716697693
8958,8,8,0.9999990463256836
8959,7,7,0.9995771050453186
8960,4,4,0.9999997615814209
8961,4,4,0.9999939203262329
8962,9,9,0.9999896287918091
8963,8,8,0.9918853044509888
8964,5,5,0.9999938011169434
8965,8,8,0.9999986886978149
8966,2,2,0.9999998807907104
8967,6,6,0.9999544620513916
8968,6,6,0.9999994039535522
8969,2,2,1.0
8970,3,3,0.9999997615814209
8971,1,1,0.9996658563613892
8972,3,3,0.9999957084655762
8973,2,2,0.9999998807907104
8974,7,7,0.9937700629234314
8975,3,3,0.9992293119430542
8976,1,1,0.9997519850730896
8977,9,9,0.9999922513961792
8978,0,0,0.9999858140945435
8979,1,1,0.996683657169342
8980,1,1,0.9938299059867859
8981,3,3,0.9999228715896606
8982,5,5,0.9999707937240601
8983,0,0,0.9999754428863525
8984,7,7,0.9956374764442444
8985,8,8,0.9999995231628418
8986,1,1,0.9971422553062439
8987,5,5,1.0
8988,1,1,0.9998989105224609
8989,4,4,0.9999998807907104
8990,6,6,0.9999983310699463
8991,0,0,0.9999959468841553
8992,0,0,0.9999969005584717
8993,4,4,0.9999579191207886
8994,9,9,0.9999939203262329
8995,1,1,0.9992213249206543
8996,6,6,0.9999997615814209
8997,6,6,0.9999986886978149
8998,9,9,0.9999035596847534
8999,0,0,0.9999982118606567
9000,7,7,0.9999412298202515
9001,6,6,0.9999986886978149
9002,1,1,0.9988780617713928
9003,1,1,0.9993153810501099
9004,0,0,0.9996739625930786
9005,1,1,0.9954769015312195
9006,2,2,0.9995704293251038
9007,3,3,0.9999996423721313
9008,4,4,0.9999783039093018
9009,7,2,0.7817029356956482
9010,2,2,0.9927018880844116
9011,3,3,0.9999532699584961
9012,4,4,0.998293936252594
9013,5,5,0.9984884262084961
9014,6,6,0.9997740387916565
9015,7,2,0.6265562772750854
9016,0,0,0.8418968319892883
9017,1,1,0.9888322353363037
9018,2,2,0.9999397993087769
9019,7,7,0.8313342928886414
9020,8,8,0.9999743700027466
9021,6,6,0.9999992847442627
9022,3,3,0.9999305009841919
9023,9,9,0.9998475313186646
9024,7,7,0.9889490604400635
9025,1,1,0.6349456906318665
9026,9,9,0.9992127418518066
9027,3,3,0.9996616840362549
9028,9,9,0.9998408555984497
9029,6,6,0.9999958276748657
9030,1,1,0.9983552098274231
9031,7,7,0.9999337196350098
9032,2,2,0.9989104270935059
9033,4,4,0.9999618530273438
9034,4,4,0.9999972581863403
9035,5,5,0.9998565912246704
9036,7,7,0.9954805374145508
9037,0,0,0.9999353885650635
9038,0,0,0.9993448853492737
9039,1,1,0.9975389242172241
9040,6,6,0.9982931017875671
9041,6,6,0.9999115467071533
9042,8,8,0.9999936819076538
9043,2,2,0.9970383644104004
9044,7,7,0.9994840621948242
9045,7,7,0.9983221888542175
9046,2,2,0.9920393228530884
9047,4,4,0.9999452829360962
9048,2,2,0.9999967813491821
9049,1,1,0.9983238577842712
9050,6,6,0.9985417127609253
9051,1,8,0.46377766132354736
9052,0,0,0.9999657869338989
9053,6,6,0.9999181032180786
9054,9,9,0.9984240531921387
9055,8,8,1.0
9056,3,3,0.9999821186065674
9057,9,9,0.9997226595878601
9058,6,6,0.9999102354049683
9059,3,3,0.9999595880508423
9060,0,0,0.9999992847442627
9061,1,1,0.9720816612243652
9062,2,2,0.9997127652168274
9063,3,3,0.9998787641525269
9064,4,4,0.9999998807907104
9065,5,5,0.9999998807907104
9066,6,6,1.0
9067,7,7,0.9997960925102234
9068,8,8,0.9999548196792603
9069,9,9,0.9983186721801758
9070,0,0,0.9999439716339111
9071,1,8,0.6143943071365356
9072,2,2,0.9999574422836304
9073,3,3,0.9999276399612427
9074,4,4,0.9999949932098389
9075,5,5,1.0
9076,6,6,0.9999992847442627
9077,7,7,0.9999992847442627
9078,8,8,0.9999997615814209
9079,9,9,0.9999884366989136
9080,0,0,0.9999909400939941
9081,1,1,0.999458372592926
9082,2,2,0.9996034502983093
9083,3,3,1.0
9084,4,4,0.9998878240585327
9085,5,5,0.9992489218711853
9086,6,6,1.0
9087,7,7,0.999997615814209
9088,8,8,0.9999904632568359
9089,9,9,0.9999966621398926
9090,1,1,0.9991719722747803
9091,6,6,0.9999977350234985
9092,8,8,0.9999936819076538
9093,9,9,0.9998679161071777
9094,9,9,0.9999945163726807
9095,0,0,0.9999996423721313
9096,1,1,0.9989526271820068
9097,2,2,0.9999992847442627
9098,4,4,0.9999960660934448
9099,4,4,0.9999502897262573
9100,3,3,1.0
9101,7,7,0.9999629259109497
9102,4,4,0.9999940395355225
9103,4,4,0.9996649026870728
9104,4,4,0.9999945163726807
9105,0,0,0.9999566078186035
9106,3,3,1.0
9107,8,8,0.9999994039535522
9108,7,7,0.9999896287918091
9109,5,5,0.9999997615814209
9110,8,8,0.9998036026954651
9111,2,2,0.9999974966049194
9112,1,1,0.9678195714950562
9113,7,7,0.9990986585617065
9114,5,5,0.9999363422393799
9115,3,3,0.9999985694885254
9116,8,8,0.9999592304229736
9117,5,5,0.9999982118606567
9118,2,2,0.9999934434890747
9119,5,5,0.9999765157699585
9120,1,1,0.9986240863800049
9121,1,1,0.9981006979942322
9122,6,6,0.9999672174453735
9123,2,2,0.9999998807907104
9124,1,1,0.9997928738594055
9125,3,3,0.9999983310699463
9126,8,8,0.9999957084655762
9127,6,6,0.9999415874481201
9128,4,4,0.9992979764938354
9129,2,2,0.9999947547912598
9130,6,6,0.9999772310256958
9131,2,2,0.9999784231185913
9132,5,5,0.9999995231628418
9133,5,5,0.9998695850372314
9134,0,0,0.9999686479568481
9135,2,2,0.9999977350234985
9136,8,8,0.9999403953552246
9137,0,0,0.9999532699584961
9138,6,6,1.0
9139,8,8,0.9999980926513672
9140,1,1,0.9997803568840027
9141,7,7,0.9951338171958923
9142,9,9,0.9999731779098511
9143,1,1,0.9998782873153687
9144,9,9,0.9998654127120972
9145,2,2,0.9999955892562866
9146,6,6,0.9999722242355347
9147,7,7,0.999901533126831
9148,6,6,0.9997640252113342
9149,6,6,0.9999016523361206
9150,8,8,0.9999990463256836
9151,7,7,0.9997484087944031
9152,4,4,0.9999879598617554
9153,9,9,0.9997923970222473
9154,2,2,0.9999997615814209
9155,1,1,0.9983475208282471
9156,3,3,0.9999303817749023
9157,3,3,0.9999998807907104
9158,0,0,0.9969478249549866
9159,5,5,0.9999966621398926
9160,5,5,0.9999990463256836
9161,8,8,0.9999996423721313
9162,0,0,0.9999719858169556
9163,3,3,0.9899516701698303
9164,7,7,0.999933123588562
9165,9,9,0.9999641180038452
9166,7,7,0.9999735355377197
9167,0,0,0.9999988079071045
9168,2,2,0.9998999834060669
9169,7,7,0.9991033673286438
9170,9,9,0.9991917014122009
9171,1,1,0.99928879737854
9172,7,7,0.9881951808929443
9173,8,8,0.9999912977218628
9174,0,0,0.9999990463256836
9175,3,3,0.9999721050262451
9176,5,5,0.9999924898147583
9177,3,3,1.0
9178,6,6,0.9999998807907104
9179,0,0,0.9999768733978271
9180,1,1,0.9995284080505371
9181,2,2,0.9999960660934448
9182,3,3,0.9999841451644897
9183,4,4,0.9999905824661255
9184,5,5,0.9999995231628418
9185,6,6,0.9999185800552368
9186,7,7,0.9998584985733032
9187,8,8,0.9992747902870178
9188,9,9,0.999848484992981
9189,0,0,0.999992847442627
9190,1,1,0.9986373782157898
9191,2,2,0.9996747970581055
9192,3,3,0.9984830021858215
9193,4,4,0.9999971389770508
9194,5,5,0.999984860420227
9195,6,6,0.9999656677246094
9196,7,7,0.9999016523361206
9197,8,8,0.9999724626541138
9198,9,9,0.9997170567512512
9199,0,0,0.9999885559082031
9200,1,1,0.9992964267730713
9201,2,2,0.9999938011169434
9202,3,3,0.5191600322723389
9203,4,4,0.9999904632568359
9204,7,7,0.9995217323303223
9205,8,8,0.9999709129333496
9206,9,9,0.9997994303703308
9207,6,6,0.9998979568481445
9208,4,4,0.9944315552711487
9209,2,2,0.9997312426567078
9210,6,6,0.9962600469589233
9211,4,4,0.9876640439033508
9212,7,7,0.9996740818023682
9213,8,8,0.9999992847442627
9214,9,9,0.9997032284736633
9215,2,2,0.9999842643737793
9216,9,9,0.9996002316474915
9217,3,3,0.9992412328720093
9218,9,9,0.9999382495880127
9219,3,3,0.999930739402771
9220,0,0,0.9999996423721313
9221,0,0,0.999956488609314
9222,1,1,0.9972847700119019
9223,0,0,0.9999946355819702
9224,4,4,0.9999988079071045
9225,2,2,0.9990719556808472
9226,6,6,0.9999916553497314
9227,3,3,0.9991776347160339
9228,5,5,0.9999967813491821
9229,3,3,0.9999912977218628
9230,0,0,0.9999994039535522
9231,3,3,0.9999233484268188
9232,4,4,0.9999998807907104
9233,1,1,0.9989330172538757
9234,5,5,0.9999958276748657
9235,3,3,0.9999614953994751
9236,0,0,0.9999678134918213
9237,8,8,0.9999606609344482
9238,3,3,0.9891799688339233
9239,0,0,0.9999995231628418
9240,6,6,0.9999498128890991
9241,1,1,0.9990344047546387
9242,7,7,0.9998565912246704
9243,8,8,0.9981104135513306
9244,0,0,0.9999911785125732
9245,9,9,0.9994602799415588
9246,2,2,0.9999804496765137
9247,6,6,0.9999849796295166
9248,7,7,0.9986953139305115
9249,1,1,0.9985307455062866
9250,9,9,0.999984860420227
9251,6,6,0.9999628067016602
9252,9,9,0.9605587720870972
9253,4,4,0.9870232343673706
9254,9,9,0.9998383522033691
9255,9,9,0.9991880059242249
9256,6,6,0.9997840523719788
9257,7,7,0.9962521195411682
9258,1,1,0.9980927109718323
9259,2,2,0.9999322891235352
9260,5,5,0.999996542930603
9261,3,3,0.9999980926513672
9262,7,7,0.9999527931213379
9263,8,8,0.9999977350234985
9264,0,0,0.9998905658721924
9265,1,1,0.9982016086578369
9266,2,2,0.9999990463256836
9267,4,4,0.9986394047737122
9268,5,5,0.9986613988876343
9269,6,6,0.9999881982803345
9270,7,7,0.999937891960144
9271,8,8,0.9999998807907104
9272,9,9,0.9999923706054688
9273,0,0,0.9999858140945435
9274,1,1,0.9992068409919739
9275,3,3,0.9999692440032959
9276,4,4,0.9999966621398926
9277,5,5,0.9999834299087524
9278,6,6,0.999563992023468
9279,7,7,0.9999964237213135
9280,8,8,0.9939202070236206
9281,0,0,0.9999825954437256
9282,1,1,0.9993956089019775
9283,3,3,0.9999877214431763
9284,4,4,0.9999994039535522
9285,7,7,0.9999825954437256
9286,8,8,0.9999997615814209
9287,9,9,0.9999831914901733
9288,7,7,0.9999469518661499
9289,5,5,0.9999414682388306
9290,5,5,0.9999676942825317
9291,1,1,0.9996095299720764
9292,9,9,0.9999847412109375
9293,9,9,0.9993896484375
9294,7,7,0.9999823570251465
9295,1,1,0.999261200428009
9296,0,0,0.9992235898971558
9297,0,0,0.9998948574066162
9298,5,5,0.9999972581863403
9299,9,9,0.9999812841415405
9300,7,7,0.9999996423721313
9301,1,1,0.9991652965545654
9302,7,7,0.9999978542327881
9303,2,2,0.9974896907806396
9304,2,2,0.9999880790710449
9305,3,3,0.9998797178268433
9306,6,6,1.0
9307,8,8,0.9999964237213135
9308,3,3,0.9961920976638794
9309,2,2,0.9999405145645142
9310,0,0,0.9999650716781616
9311,0,0,0.9999072551727295
9312,6,6,0.9999567270278931
9313,1,1,0.999336302280426
9314,7,7,0.9999386072158813
9315,5,5,0.9992967844009399
9316,8,8,0.9989544153213501
9317,6,6,0.999969482421875
9318,2,2,0.9999796152114868
9319,9,9,0.999923586845398
9320,4,4,0.9999761581420898
9321,8,8,0.9999805688858032
9322,8,8,0.9999997615814209
9323,7,7,0.9999995231628418
9324,1,1,0.9996862411499023
9325,0,0,0.9998200535774231
9326,8,8,0.9999758005142212
9327,7,7,0.9999840259552002
9328,7,7,0.9999903440475464
9329,5,5,0.9999998807907104
9330,8,8,0.9999722242355347
9331,5,5,0.9817481637001038
9332,3,3,0.9998841285705566
9333,4,4,0.9999973773956299
9334,6,6,0.9999960660934448
9335,1,1,0.9990179538726807
9336,1,1,0.9993982315063477
9337,5,5,0.9998568296432495
9338,5,5,0.9999914169311523
9339,0,0,0.9997242093086243
9340,7,7,0.9999080896377563
9341,2,2,0.9998562335968018
9342,3,3,0.9250766634941101
9343,6,6,0.9999982118606567
9344,4,4,0.9999793767929077
9345,1,1,0.9996066689491272
9346,2,2,0.9998888969421387
9347,4,4,0.9999922513961792
9348,1,1,0.999691367149353
9349,5,5,0.9999971389770508
9350,4,4,0.9998552799224854
9351,2,2,0.9999819993972778
9352,0,0,0.999998927116394
9353,4,4,0.9999059438705444
9354,8,8,0.9999958276748657
9355,6,6,0.9999114274978638
9356,1,1,0.999200165271759
9357,9,9,0.9999029636383057
9358,0,0,0.9999864101409912
9359,2,2,0.9999947547912598
9360,5,5,0.9999895095825195
9361,6,6,0.9999991655349731
9362,9,9,0.9999581575393677
9363,3,3,0.9998557567596436
9364,6,6,0.9999911785125732
9365,3,3,0.9999959468841553
9366,6,6,0.9998013377189636
9367,0,0,0.9999998807907104
9368,1,1,0.9995457530021667
9369,2,2,0.9999665021896362
9370,3,3,0.9999997615814209
9371,4,4,0.9999983310699463
9372,5,5,0.9999955892562866
9373,6,6,0.9999969005584717
9374,7,7,0.9994361996650696
9375,8,8,0.9998579025268555
9376,9,9,0.9999970197677612
9377,0,0,0.9999988079071045
9378,1,1,0.9977229237556458
9379,2,2,0.9999847412109375
9380,3,3,0.9999942779541016
9381,4,4,0.999944806098938
9382,5,5,0.9703006148338318
9383,6,6,0.9999982118606567
9384,7,7,0.9992930889129639
9385,8,8,0.9996507167816162
9386,9,9,0.999923825263977
9387,0,0,0.999969482421875
9388,1,1,0.9964088797569275
9389,2,2,1.0
9390,3,3,0.9999926090240479
9391,5,5,0.9999667406082153
9392,6,6,0.999854564666748
9393,7,7,0.999639630317688
9394,8,8,0.9998570680618286
9395,1,1,0.9994168281555176
9396,0,0,0.9999995231628418
9397,9,9,0.9999834299087524
9398,5,5,0.999994158744812
9399,7,7,0.9998118281364441
9400,5,5,0.9999644756317139
9401,1,1,0.9991337656974792
9402,8,8,0.9999973773956299
9403,6,6,0.9999997615814209
9404,9,9,0.9999822378158569
9405,0,0,0.9999969005584717
9406,4,4,0.9999133348464966
9407,1,1,0.9990310668945312
9408,9,9,0.9999774694442749
9409,3,3,0.9999650716781616
9410,8,8,0.9877062439918518
9411,4,4,0.9994743466377258
9412,4,4,0.9999885559082031
9413,7,7,0.9998024106025696
9414,0,0,0.9999562501907349
9415,1,1,0.9994885921478271
9416,9,9,0.9999569654464722
9417,2,2,0.9999995231628418
9418,8,8,0.999997615814209
9419,7,7,0.9999631643295288
9420,8,8,0.9999984502792358
9421,2,2,0.9989656209945679
9422,5,5,0.9996532201766968
9423,9,9,0.9987689852714539
9424,6,6,0.9999997615814209
9425,0,0,0.9999748468399048
9426,6,6,0.9882789850234985
9427,5,5,0.999885082244873
9428,5,5,0.9999853372573853
9429,3,3,0.9999465942382812
9430,3,3,0.9999902248382568
9431,3,3,0.9999997615814209
9432,9,9,0.9999867677688599
9433,8,8,0.999686598777771
9434,1,1,0.9993922710418701
9435,1,1,0.9992735981941223
9436,0,0,0.9999773502349854
9437,6,6,0.9999817609786987
9438,1,1,0.9998428821563721
9439,0,0,0.9999327659606934
9440,0,0,0.9999915361404419
9441,6,6,0.9999754428863525
9442,2,2,0.9999971389770508
9443,1,1,0.9993509650230408
9444,1,1,0.9975097179412842
9445,3,3,1.0
9446,2,2,0.9996589422225952
9447,7,7,0.9979933500289917
9448,7,7,0.9996531009674072
9449,8,8,0.9999903440475464
9450,8,8,0.9999339580535889
9451,7,7,0.9996347427368164
9452,8,8,0.9999995231628418
9453,4,4,0.9999911785125732
9454,6,6,0.9999443292617798
9455,0,0,0.999976396560669
9456,2,2,0.9982376098632812
9457,0,0,0.9999948740005493
9458,7,7,0.9989058971405029
9459,0,0,0.999992847442627
9460,3,3,0.9999998807907104
9461,6,6,0.9999995231628418
9462,8,8,0.9999997615814209
9463,7,7,0.9648034572601318
9464,1,1,0.999634861946106
9465,5,5,0.9999275207519531
9466,9,9,0.9996638298034668
9467,9,9,0.9999758005142212
9468,3,3,0.9999690055847168
9469,7,7,0.9961135387420654
9470,2,2,0.9999957084655762
9471,4,4,0.9999430179595947
9472,9,9,0.9998632669448853
9473,4,4,0.9999582767486572
9474,3,3,0.9985800981521606
9475,6,6,1.0
9476,2,2,1.0
9477,2,2,0.9996786117553711
9478,5,5,0.9972477555274963
9479,3,3,0.9999072551727295
9480,2,2,0.9999977350234985
9481,5,5,0.9999887943267822
9482,5,5,0.9993106126785278
9483,9,9,0.9999524354934692
9484,4,4,0.9999411106109619
9485,1,1,0.9990811347961426
9486,7,7,0.999546468257904
9487,2,2,0.9999880790710449
9488,0,0,0.9999960660934448
9489,1,1,0.9986720085144043
9490,2,2,0.9997411370277405
9491,3,3,0.9993270635604858
9492,4,4,0.9990983009338379
9493,5,5,0.9999432563781738
9494,6,6,0.9999819993972778
9495,7,7,0.999092698097229
9496,8,8,0.9999983310699463
9497,9,9,0.9983139038085938
9498,0,0,0.9999957084655762
9499,1,1,0.9994447827339172
9500,2,2,0.8465864658355713
9501,3,3,0.999769389629364
9502,4,4,0.9998505115509033
9503,5,5,0.9999505281448364
9504,6,6,0.9999997615814209
9505,7,7,0.9898668527603149
9506,8,8,0.99997878074646
9507,9,9,0.9999759197235107
9508,0,0,0.9997461438179016
9509,1,1,0.997524082660675
9510,2,2,0.999715268611908
9511,3,3,0.9994004964828491
9512,4,4,0.9998674392700195
9513,5,5,0.9999127388000488
9514,6,6,0.9998464584350586
9515,7,7,0.9999903440475464
9516,8,8,1.0
9517,9,9,0.9793477654457092
9518,1,1,0.9977651834487915
9519,0,0,0.9999922513961792
9520,1,1,0.9995902180671692
9521,2,2,0.9999979734420776
9522,7,7,0.9954143762588501
9523,5,5,0.9999775886535645
9524,3,3,0.9998776912689209
9525,4,4,0.9999974966049194
9526,4,4,0.9999749660491943
9527,0,0,0.9991464614868164
9528,0,0,0.9999990463256836
9529,6,6,0.9999996423721313
9530,9,9,0.9771251678466797
9531,6,6,0.9998732805252075
9532,6,6,0.9999499320983887
9533,5,5,0.9999806880950928
9534,7,7,0.9941632151603699
9535,2,2,0.9999222755432129
9536,3,3,0.9920904636383057
9537,4,4,0.9999974966049194
9538,4,4,0.942191481590271
9539,9,9,0.9992658495903015
9540,1,8,0.7932177186012268
9541,4,4,0.9870375394821167
9542,0,0,0.9989643096923828
9543,7,7,0.9997631907463074
9544,9,9,0.9977649450302124
9545,5,5,0.9999963045120239
9546,7,7,0.992107093334198
9547,2,2,1.0
9548,3,3,0.9998027682304382
9549,1,1,0.9984437823295593
9550,4,4,0.9999746084213257
9551,4,4,0.9999697208404541
9552,0,0,0.9999282360076904
9553,9,9,0.9989768266677856
9554,9,9,0.9983793497085571
9555,6,6,0.9999986886978149
9556,1,1,0.9817258715629578
9557,8,8,0.9999958276748657
9558,3,3,0.9998923540115356
9559,3,3,0.999957799911499
9560,7,7,0.9998701810836792
9561,3,3,0.9999687671661377
9562,9,9,0.9984390139579773
9563,8,8,0.9999990463256836
9564,8,8,0.9999890327453613
9565,4,4,0.9999947547912598
9566,7,7,0.9999569654464722
9567,7,7,0.9994502663612366
9568,6,6,0.9999995231628418
9569,2,2,0.9997937083244324
9570,1,1,0.9996234178543091
9571,9,9,0.9995124340057373
9572,8,8,0.9999816417694092
9573,7,7,0.9999830722808838
9574,8,8,0.9999998807907104
9575,8,8,0.9999996423721313
9576,7,7,0.9927430152893066
9577,2,2,0.9999839067459106
9578,2,2,0.9999996423721313
9579,3,3,0.9999210834503174
9580,9,9,0.9984503984451294
9581,3,3,0.9999854564666748
9582,3,3,0.9998838901519775
9583,5,5,0.9999891519546509
9584,5,5,0.9999818801879883
9585,0,0,0.9999860525131226
9586,7,7,0.999913215637207
9587,9,9,0.6297801733016968
9588,5,5,0.9999793767929077
9589,6,6,0.9999988079071045
9590,5,5,1.0
9591,1,1,0.9991801381111145
9592,4,4,0.999997615814209
9593,1,1,0.99880051612854
9594,1,1,0.9091705083847046
9595,2,2,0.9999312162399292
9596,8,8,0.996777355670929
9597,2,2,1.0
9598,6,6,0.9999983310699463
9599,1,1,0.98581463098526
9600,5,5,0.9999943971633911
9601,0,0,0.9999635219573975
9602,1,1,0.9940335154533386
9603,2,2,0.9999343156814575
9604,3,3,0.9999971389770508
9605,4,4,0.9999877214431763
9606,5,5,0.9995057582855225
9607,6,6,0.9977421760559082
9608,7,7,0.9998264908790588
9609,8,8,0.9999988079071045
9610,9,9,0.9994111061096191
9611,0,0,0.9999954700469971
9612,1,1,0.8832202553749084
9613,2,2,0.9923341274261475
9614,3,3,0.9996863603591919
9615,4,4,0.9999436140060425
9616,5,5,1.0
9617,6,6,0.9914478063583374
9618,7,7,0.9857600331306458
9619,8,8,0.9999991655349731
9620,9,9,0.989948034286499
9621,0,0,0.9992897510528564
9622,1,1,0.9797428250312805
9623,2,2,0.9999879598617554
9624,3,3,0.9992988109588623
9625,4,4,0.9841408729553223
9626,5,5,0.999994158744812
9627,6,6,0.9270383715629578
9628,7,7,0.9975650310516357
9629,8,8,0.9860272407531738
9630,8,8,0.9999687671661377
9631,0,0,0.9999940395355225
9632,6,6,0.9977130889892578
9633,0,0,0.9999585151672363
9634,0,0,0.6927660703659058
9635,2,2,0.9999994039535522
9636,3,3,0.995121419429779
9637,7,7,0.9981347322463989
9638,9,9,0.9823607206344604
9639,4,4,0.9999744892120361
9640,7,7,0.9989994168281555
9641,1,1,0.9820043444633484
9642,9,9,0.8458665013313293
9643,1,1,0.8804767727851868
9644,7,7,0.9960125684738159
9645,1,1,0.9861337542533875
9646,4,4,0.9999808073043823
9647,0,0,0.9999436140060425
9648,0,0,0.9999802112579346
9649,1,1,0.991958737373352
9650,7,7,0.9997828602790833
9651,5,5,0.9997391104698181
9652,7,7,0.9370802044868469
9653,1,1,0.9785932302474976
9654,3,3,0.9999829530715942
9655,3,3,0.968373715877533
9656,3,3,0.9996935129165649
9657,1,1,0.9751414060592651
9658,6,6,0.9924329519271851
9659,9,9,0.9999401569366455
9660,7,7,0.9996559619903564
9661,1,1,0.988461971282959
9662,3,3,0.9999792575836182
9663,0,0,0.9998975992202759
9664,2,7,0.5692377090454102
9665,6,6,0.9975234866142273
9666,0,0,0.9972482323646545
9667,8,8,0.9999959468841553
9668,9,9,0.9999722242355347
9669,4,4,0.9619771242141724
9670,3,3,0.999966025352478
9671,5,5,0.9999953508377075
9672,4,4,0.9999586343765259
9673,8,8,0.9999995231628418
9674,1,1,0.9991169571876526
9675,5,5,0.9999761581420898
9676,9,9,0.9996308088302612
9677,0,0,0.9976403713226318
9678,6,6,0.9881546497344971
9679,6,4,0.46505802869796753
9680,3,3,0.9999918937683105
9681,8,8,0.9999886751174927
9682,1,1,0.9963778853416443
9683,4,4,0.9996621608734131
9684,7,7,0.999916672706604
9685,5,5,0.9999977350234985
9686,2,2,0.9974791407585144
9687,0,0,0.9992979764938354
9688,0,0,0.9992853999137878
9689,1,1,0.9969947338104248
9690,7,7,0.9997336268424988
9691,8,8,0.9999033212661743
9692,9,7,0.5612511038780212
9693,6,6,0.995354413986206
9694,8,8,0.9999204874038696
9695,8,8,0.9951199293136597
9696,2,2,0.9923933744430542
9697,3,3,0.9999873638153076
9698,6,5,0.46323245763778687
9699,1,1,0.9776474237442017
9700,2,2,0.995498538017273
9701,9,9,0.9808417558670044
9702,5,5,0.9999997615814209
9703,2,2,0.9997437596321106
9704,0,0,0.9999771118164062
9705,1,1,0.999698281288147
9706,2,2,0.9998953342437744
9707,3,3,0.9999984502792358
9708,4,4,0.9999567270278931
9709,5,5,0.9991759657859802
9710,6,6,0.9982779026031494
9711,7,7,0.9984837174415588
9712,8,8,0.9989045858383179
9713,9,9,0.999306321144104
9714,0,0,0.9991648197174072
9715,1,1,0.9995856881141663
9716,2,2,0.9855526089668274
9717,3,3,0.9998063445091248
9718,4,4,0.9999995231628418
9719,5,5,0.9992935657501221
9720,6,6,0.9893038272857666
9721,7,7,0.9999325275421143
9722,8,8,0.999995231628418
9723,9,9,0.9997039437294006
9724,0,0,0.9999822378158569
9725,1,1,0.9991239905357361
9726,2,2,0.9923325777053833
9727,3,3,0.9999634027481079
9728,4,4,0.9996546506881714
9729,5,6,0.9810419082641602
9730,6,6,0.9972476363182068
9731,7,7,0.9974557757377625
9732,8,8,0.9999899864196777
9733,9,9,0.9903783798217773
9734,7,7,0.9927855730056763
9735,4,4,0.9744753241539001
9736,6,6,0.9747655391693115
9737,1,1,0.9996488094329834
9738,4,4,0.9990153312683105
9739,0,0,0.9947770833969116
9740,9,9,0.9856954216957092
9741,9,9,0.9774496555328369
9742,3,3,0.9997357726097107
9743,7,7,0.9991017580032349
9744,8,8,0.9995852112770081
9745,4,4,0.8689275979995728
9746,7,7,0.9729832410812378
9747,5,5,0.9999574422836304
9748,8,8,0.9999966621398926
9749,5,5,0.9777422547340393
9750,3,3,0.8029705882072449
9751,2,2,0.9998900890350342
9752,2,2,0.9998836517333984
9753,0,0,0.9999388456344604
9754,5,5,0.9774720072746277
9755,8,8,0.9997935891151428
9756,6,6,0.9968221187591553
9757,0,0,0.9986673593521118
9758,3,3,0.9999814033508301
9759,8,8,0.999951958656311
9760,1,1,0.9971328973770142
9761,0,0,0.9996477365493774
9762,3,3,0.9821828007698059
9763,0,0,0.9975850582122803
9764,4,4,0.9847486615180969
9765,7,7,0.9981147050857544
9766,4,4,0.9999641180038452
9767,9,9,0.9983174800872803
9768,2,2,0.8263324499130249
9769,9,9,0.999640941619873
9770,5,0,0.9767066240310669
9771,7,7,0.9983331561088562
9772,1,1,0.9997122883796692
9773,7,7,0.9981784820556641
9774,1,1,0.9993403553962708
9775,6,6,0.999961256980896
9776,6,6,0.9976513981819153
9777,5,0,0.594958484172821
9778,6,6,0.9994414448738098
9779,2,2,0.9328548908233643
9780,8,8,0.9999114274978638
9781,7,7,0.9530571699142456
9782,6,6,0.9217993021011353
9783,4,4,0.9996488094329834
9784,9,9,0.9996175765991211
9785,9,9,0.9999876022338867
9786,5,5,0.9999978542327881
9787,3,3,0.9999902248382568
9788,7,7,0.9982969164848328
9789,4,4,0.9981862902641296
9790,3,3,0.9952048063278198
9791,0,0,0.9998793601989746
9792,4,9,0.7289614081382751
9793,6,6,0.927146852016449
9794,6,6,0.999437153339386
9795,1,1,0.9724581837654114
9796,1,1,0.9988545179367065
9797,3,3,0.9996957778930664
9798,2,2,0.9999972581863403
9799,1,1,0.9988607168197632
9800,0,0,0.9569289088249207
9801,0,0,0.9999877214431763
9802,1,1,0.9994592070579529
9803,2,2,0.9999628067016602
9804,3,3,0.9997472167015076
9805,4,4,0.9999996423721313
9806,7,7,0.999806821346283
9807,8,8,0.9999990463256836
9808,9,9,0.9843769073486328
9809,0,0,0.999845027923584
9810,1,1,0.9995881915092468
9811,2,2,0.4833965301513672
9812,3,3,0.9999710321426392
9813,4,4,0.9999376535415649
9814,5,5,0.9995487332344055
9815,6,6,0.9973499774932861
9816,7,7,0.9924865961074829
9817,8,8,0.9997133612632751
9818,0,0,0.9996805191040039
9819,1,1,0.9992477893829346
9820,2,2,0.9995858073234558
9821,3,3,0.9999997615814209
9822,4,4,0.9999990463256836
9823,7,7,0.9999580383300781
9824,8,8,0.9999903440475464
9825,9,9,0.9999887943267822
9826,0,0,0.9993376135826111
9827,8,8,0.9999711513519287
9828,3,3,0.9896458983421326
9829,9,9,0.9991017580032349
9830,5,5,0.9974068999290466
9831,5,5,0.99790358543396
9832,2,2,0.9147060513496399
9833,6,6,0.9972590208053589
9834,8,8,0.9944140911102295
9835,4,4,0.9999963045120239
9836,1,1,0.998950719833374
9837,7,7,0.999554455280304
9838,1,1,0.9993815422058105
9839,2,3,0.6322932243347168
9840,3,3,0.9919387698173523
9841,5,5,0.9981198906898499
9842,6,6,0.9993389248847961
9843,9,9,0.9989905953407288
9844,1,1,0.9981562495231628
9845,1,1,0.9978336691856384
9846,1,1,0.9982911944389343
9847,2,2,0.9828870892524719
9848,1,1,0.9993453621864319
9849,2,2,0.9993564486503601
9850,0,0,0.5607694387435913
9851,7,7,0.9998288154602051
9852,7,7,0.9996830224990845
9853,5,5,0.9943443536758423
9854,8,8,0.9997442364692688
9855,2,2,0.9970858693122864
9856,9,9,0.925305962562561
9857,8,8,0.9962777495384216
9858,6,6,0.9820204377174377
9859,7,7,0.9995394945144653
9860,3,3,0.9996351003646851
9861,4,4,0.9999525547027588
9862,6,6,0.9917840957641602
9863,8,8,0.9676620364189148
9864,7,7,0.9921254515647888
9865,0,0,0.9997103810310364
9866,4,4,0.9999837875366211
9867,2,2,0.9969285130500793
9868,7,7,0.9996154308319092
9869,7,7,0.9999710321426392
9870,5,5,0.999480664730072
9871,4,4,0.9999974966049194
9872,3,3,0.9999959468841553
9873,4,4,0.9999741315841675
9874,2,2,0.9330878257751465
9875,8,8,0.9725413918495178
9876,1,1,0.998589813709259
9877,5,5,0.9999125003814697
9878,1,1,0.9991818070411682
9879,0,0,0.9016249775886536
9880,2,2,0.9996165037155151
9881,3,3,0.9986883997917175
9882,3,3,0.9996801614761353
9883,5,5,0.9951276779174805
9884,7,7,0.9953650236129761
9885,0,0,0.9999083280563354
9886,6,6,0.9967899918556213
9887,8,8,0.9983537197113037
9888,6,0,0.5741953253746033
9889,3,3,0.9999465942382812
9890,9,9,0.9833727478981018
9891,9,9,0.9439627528190613
9892,8,5,0.8666679263114929
9893,2,2,0.9753919839859009
9894,7,7,0.9967126846313477
9895,7,7,0.999629020690918
9896,1,1,0.9994304776191711
9897,0,0,0.9999061822891235
9898,1,1,0.9997386336326599
9899,7,7,0.9999356269836426
9900,8,8,0.9997029900550842
9901,9,9,0.9999589920043945
9902,0,0,0.9975277781486511
9903,1,1,0.9953369498252869
9904,2,8,0.5058943629264832
9905,3,9,0.5836830139160156
9906,4,4,0.9850205183029175
9907,5,5,0.9999796152114868
9908,6,6,0.9999414682388306
9909,7,7,0.9995230436325073
9910,8,8,0.9999839067459106
9911,0,0,0.9997373223304749
9912,1,1,0.999320387840271
9913,2,2,0.9982569813728333
9914,3,3,0.9954798221588135
9915,4,4,0.9998779296875
9916,7,7,0.9991625547409058
9917,8,8,0.9999958276748657
9918,9,9,0.9993078708648682
9919,7,7,0.9976015686988831
9920,8,8,0.9999984502792358
9921,6,6,0.9999668598175049
9922,4,4,0.9700109362602234
9923,1,1,0.999835729598999
9924,9,9,0.9990224838256836
9925,3,3,0.9806201457977295
9926,8,8,0.9999288320541382
9927,4,4,0.9999794960021973
9928,4,4,0.9999793767929077
9929,7,7,0.9997729659080505
9930,0,0,0.9999973773956299
9931,1,1,0.9982137680053711
9932,9,9,0.9994781613349915
9933,2,2,1.0
9934,8,8,0.9999825954437256
9935,7,7,0.9926982522010803
9936,8,8,0.9999730587005615
9937,2,2,0.9999995231628418
9938,6,6,0.9998888969421387
9939,0,0,0.9999738931655884
9940,6,6,0.9974345564842224
9941,5,5,0.9986134767532349
9942,3,3,0.9999955892562866
9943,3,3,0.9999123811721802
9944,3,3,0.9789350628852844
9945,9,9,0.9996138215065002
9946,1,1,0.9992606043815613
9947,4,4,0.9988536834716797
9948,0,0,0.9827650189399719
9949,6,6,0.9999003410339355
9950,1,1,0.9991419315338135
9951,0,0,0.9987714886665344
9952,0,0,0.9999828338623047
9953,6,6,0.9993765950202942
9954,2,2,0.9996412992477417
9955,1,1,0.9955317974090576
9956,1,1,0.9991777539253235
9957,7,7,0.9995761513710022
9958,7,7,0.9991130232810974
9959,8,8,0.9992407560348511
9960,4,4,0.9997274279594421
9961,6,6,0.9999924898147583
9962,0,0,0.9997766613960266
9963,7,7,0.9998986721038818
9964,0,0,0.999427080154419
9965,3,3,0.9994934797286987
9966,6,6,0.9999738931655884
9967,8,8,0.9998428821563721
9968,7,7,0.9994497895240784
9969,1,1,0.9987891316413879
9970,5,5,0.9998894929885864
9971,2,2,0.9999583959579468
9972,4,4,0.9999912977218628
9973,9,9,0.9996170997619629
9974,4,4,0.9995294809341431
9975,3,3,0.9912790656089783
9976,6,6,0.965472936630249
9977,4,4,0.9974324107170105
9978,1,1,0.9989230036735535
9979,7,7,0.9996778964996338
9980,2,2,0.9744276404380798
9981,6,6,0.9946954846382141
9982,5,5,0.9828045964241028
9983,0,0,0.9999991655349731
9984,1,1,0.9998495578765869
9985,2,2,0.9990523457527161
9986,3,3,0.99996018409729
9987,4,4,0.9999979734420776
9988,5,5,0.9999942779541016
9989,6,6,0.9999839067459106
9990,7,7,0.9994899034500122
9991,8,8,0.9999943971633911
9992,9,9,0.9998428821563721
9993,0,0,0.9978373646736145
9994,1,1,0.9993127584457397
9995,2,2,0.9999985694885254
9996,3,3,0.999962568283081
9997,4,4,0.9999924898147583
9998,5,5,0.9986838698387146
9999,6,6,0.9999912977218628
