test_id,true_label,predicted_label,confidence
0,3,3,0.6327833533287048
1,8,1,0.5248359441757202
2,8,8,0.6069497466087341
3,0,0,0.4840731918811798
4,6,6,0.5777572989463806
5,6,6,0.5556485652923584
6,1,1,0.9312556982040405
7,6,6,0.3914383351802826
8,3,3,0.5966617465019226
9,1,1,0.9515248537063599
10,0,0,0.5601126551628113
11,9,9,0.8606722950935364
12,5,3,0.2931492030620575
13,7,7,0.9454770684242249
14,9,9,0.9339519739151001
15,8,8,0.4227059781551361
16,5,5,0.608491837978363
17,7,3,0.26263943314552307
18,8,8,0.9440033435821533
19,6,6,0.8334894776344299
20,7,7,0.6450632214546204
21,0,0,0.9595922827720642
22,4,2,0.5373225212097168
23,9,9,0.6414000988006592
24,5,4,0.6833183169364929
25,2,2,0.30763354897499084
26,4,4,0.5834407806396484
27,0,7,0.3237096071243286
28,9,1,0.8564515709877014
29,6,6,0.7068822383880615
30,6,6,0.450005441904068
31,5,2,0.2915527820587158
32,4,4,0.5890441536903381
33,5,3,0.394098162651062
34,9,9,0.8439450860023499
35,2,9,0.5224743485450745
36,4,7,0.4433164596557617
37,1,9,0.5750353932380676
38,9,9,0.9610958695411682
39,5,5,0.6217561960220337
40,4,0,0.4136466681957245
41,6,6,0.5219129323959351
42,5,5,0.30246230959892273
43,6,6,0.6395766735076904
44,0,0,0.8703192472457886
45,9,9,0.7987377047538757
46,3,5,0.438682496547699
47,9,9,0.4344758987426758
48,7,7,0.7253722548484802
49,6,4,0.411066472530365
50,9,9,0.9633885025978088
51,8,8,0.7953685522079468
52,0,2,0.2361677587032318
53,3,6,0.4935648739337921
54,8,8,0.9313633441925049
55,8,8,0.7775201201438904
56,7,7,0.6079203486442566
57,7,8,0.2442682683467865
58,4,3,0.3422870934009552
59,6,3,0.45798319578170776
60,7,7,0.9157752990722656
61,3,5,0.47987502813339233
62,6,1,0.2833382487297058
63,3,1,0.4239450693130493
64,6,6,0.642607569694519
65,2,2,0.4501914978027344
66,1,1,0.8600336313247681
67,2,8,0.3908306956291199
68,3,5,0.6049593091011047
69,7,9,0.5154623985290527
70,2,0,0.4414771497249603
71,6,6,0.6101998090744019
72,8,8,0.8883952498435974
73,8,8,0.9812710881233215
74,0,0,0.5517412424087524
75,2,2,0.7084047794342041
76,9,9,0.6038831472396851
77,3,3,0.4266684353351593
78,3,5,0.4982239007949829
79,8,8,0.9640982151031494
80,8,8,0.9320722222328186
81,1,1,0.8731848001480103
82,1,1,0.8555921316146851
83,7,5,0.35257241129875183
84,2,2,0.5245065689086914
85,5,7,0.34681153297424316
86,2,4,0.2677581310272217
87,7,8,0.6180229187011719
88,8,8,0.709203839302063
89,9,9,0.8873345851898193
90,0,0,0.758837878704071
91,3,5,0.24335315823554993
92,8,8,0.9719844460487366
93,6,6,0.42464715242385864
94,4,4,0.5961240530014038
95,6,6,0.6131290793418884
96,6,6,0.7259091138839722
97,0,0,0.37883496284484863
98,0,0,0.470294713973999
99,7,7,0.36018267273902893
100,4,4,0.3080180883407593
101,5,3,0.3000856339931488
102,6,6,0.6289387941360474
103,3,3,0.44992437958717346
104,1,1,0.9010905623435974
105,1,1,0.6328598856925964
106,3,6,0.2053295075893402
107,6,6,0.9439523220062256
108,8,8,0.8643051385879517
109,7,5,0.7222327589988708
110,4,7,0.3257816731929779
111,0,0,0.9077553749084473
112,6,2,0.8337772488594055
113,2,2,0.41626983880996704
114,1,9,0.537926435470581
115,3,3,0.25580331683158875
116,0,0,0.8773433566093445
117,4,2,0.28028303384780884
118,2,2,0.3187553882598877
119,7,5,0.4485945701599121
120,8,8,0.8455772399902344
121,3,4,0.2440306693315506
122,1,9,0.4597461223602295
123,2,2,0.7368134260177612
124,8,0,0.628730058670044
125,0,2,0.20497208833694458
126,8,8,0.6304295659065247
127,3,3,0.6336212158203125
128,5,3,0.49030640721321106
129,2,0,0.38686949014663696
130,4,4,0.5998050570487976
131,1,1,0.8526046872138977
132,8,8,0.4657392203807831
133,9,9,0.8903324604034424
134,1,1,0.79073566198349
135,2,2,0.3459506034851074
136,9,9,0.6485915184020996
137,7,7,0.9076148271560669
138,2,2,0.55423903465271
139,9,8,0.5324053168296814
140,6,4,0.3800508379936218
141,5,5,0.784649133682251
142,6,6,0.4916844069957733
143,3,5,0.31008216738700867
144,8,8,0.49287712574005127
145,7,3,0.20715251564979553
146,6,6,0.4895593225955963
147,2,5,0.7672248482704163
148,5,5,0.5314955115318298
149,2,5,0.4470967948436737
150,8,8,0.42640650272369385
151,9,9,0.40176922082901
152,6,8,0.1786307394504547
153,0,0,0.43557730317115784
154,0,0,0.7657753825187683
155,5,5,0.6320650577545166
156,2,2,0.5106611847877502
157,9,9,0.8402215242385864
158,5,5,0.4572870433330536
159,4,4,0.5599862933158875
160,2,2,0.6466464996337891
161,1,1,0.8521401286125183
162,6,6,0.3014446496963501
163,6,6,0.41329509019851685
164,8,8,0.6092594265937805
165,4,7,0.8559080958366394
166,8,8,0.6929664611816406
167,4,6,0.5334511995315552
168,5,7,0.6054688692092896
169,0,0,0.3547297418117523
170,9,9,0.8072694540023804
171,9,9,0.8400799036026001
172,9,1,0.27194371819496155
173,8,8,0.6487292051315308
174,9,9,0.6820783019065857
175,9,9,0.9677331447601318
176,3,8,0.7049508690834045
177,7,7,0.8199674487113953
178,5,3,0.444803923368454
179,0,9,0.5107194781303406
180,0,0,0.5682784914970398
181,5,5,0.5104531049728394
182,2,2,0.5928742289543152
183,2,5,0.33406737446784973
184,3,0,0.273370623588562
185,8,8,0.8127049207687378
186,6,6,0.24127614498138428
187,3,3,0.29935333132743835
188,4,3,0.4011189937591553
189,0,8,0.8915919661521912
190,5,2,0.4967273771762848
191,8,8,0.5717208981513977
192,0,0,0.4462532103061676
193,1,1,0.8436065316200256
194,7,7,0.5949845314025879
195,2,4,0.42835190892219543
196,8,8,0.9216525554656982
197,8,3,0.2569889724254608
198,7,7,0.3313821852207184
199,8,8,0.5661530494689941
200,5,5,0.5416958332061768
201,1,0,0.42035791277885437
202,8,8,0.8424257040023804
203,7,7,0.9616555571556091
204,1,1,0.8260802626609802
205,3,3,0.5214830636978149
206,0,0,0.6880836486816406
207,5,5,0.3614479601383209
208,7,7,0.6294261813163757
209,9,9,0.5652144551277161
210,7,3,0.3054879307746887
211,4,8,0.656672477722168
212,5,5,0.741151750087738
213,9,9,0.28848394751548767
214,8,9,0.3041194677352905
215,0,3,0.2398163229227066
216,7,0,0.2532657980918884
217,9,9,0.9737218618392944
218,8,0,0.8026619553565979
219,2,7,0.49184295535087585
220,7,7,0.6079321503639221
221,6,7,0.3569360673427582
222,9,9,0.99070143699646
223,4,2,0.23179461061954498
224,3,3,0.2662898898124695
225,9,9,0.8538843989372253
226,6,6,0.42578360438346863
227,4,2,0.5279936194419861
228,7,3,0.3577771782875061
229,6,3,0.2297927886247635
230,5,5,0.5068369507789612
231,1,1,0.8821989297866821
232,5,5,0.538468062877655
233,8,1,0.7066938877105713
234,8,8,0.9092295169830322
235,0,0,0.9992313385009766
236,4,4,0.5423074960708618
237,0,7,0.48062634468078613
238,5,3,0.3990176022052765
239,5,2,0.43629780411720276
240,1,1,0.9819141030311584
241,1,1,0.6060448884963989
242,8,8,0.38906148076057434
243,9,9,0.7266572117805481
244,0,0,0.9160643219947815
245,3,6,0.31064125895500183
246,1,0,0.23350733518600464
247,9,8,0.9257972240447998
248,2,2,0.4095408618450165
249,2,1,0.5035319924354553
250,5,7,0.28425276279449463
251,3,3,0.5896010994911194
252,9,9,0.6312907338142395
253,9,9,0.6943130493164062
254,4,2,0.30327317118644714
255,0,8,0.26617351174354553
256,3,3,0.5655796527862549
257,0,0,0.7108825445175171
258,0,8,0.5598856806755066
259,9,1,0.7893389463424683
260,8,8,0.7548909783363342
261,1,1,0.7542221546173096
262,5,3,0.15494877099990845
263,7,3,0.4275068938732147
264,0,0,0.8387946486473083
265,8,8,0.8596012592315674
266,2,3,0.27086886763572693
267,4,4,0.6665738821029663
268,7,7,0.9450579881668091
269,0,0,0.4307525157928467
270,2,3,0.29443931579589844
271,3,4,0.3384139835834503
272,6,6,0.9033492803573608
273,3,5,0.6544284224510193
274,8,8,0.7637679576873779
275,5,2,0.32717788219451904
276,0,0,0.3261009454727173
277,3,3,0.19948504865169525
278,4,7,0.33023905754089355
279,3,7,0.7754480242729187
280,9,9,0.8690106868743896
281,0,1,0.5321239829063416
282,6,6,0.4262771010398865
283,1,1,0.9225552678108215
284,0,9,0.41450273990631104
285,9,9,0.9595308303833008
286,1,1,0.868264377117157
287,0,8,0.8099043965339661
288,7,7,0.8650960326194763
289,9,9,0.5865538120269775
290,1,1,0.9987058639526367
291,2,2,0.6321306228637695
292,6,6,0.47080516815185547
293,9,1,0.6355423927307129
294,3,5,0.4956183433532715
295,4,2,0.7298220992088318
296,6,6,0.9326230883598328
297,0,0,0.757586658000946
298,0,0,0.9355074167251587
299,6,6,0.7741054892539978
300,6,6,0.46609193086624146
301,6,6,0.3513580560684204
302,3,2,0.4212333559989929
303,2,5,0.30624526739120483
304,6,2,0.38009893894195557
305,1,8,0.4718290865421295
306,8,9,0.49895352125167847
307,2,2,0.41202783584594727
308,1,1,0.8795086741447449
309,6,2,0.531740665435791
310,8,8,0.7246997356414795
311,6,6,0.9309258460998535
312,8,0,0.5721856355667114
313,0,3,0.3582417070865631
314,4,2,0.2698763310909271
315,0,0,0.9461676478385925
316,7,7,0.8544051647186279
317,7,7,0.6230095624923706
318,5,5,0.46267426013946533
319,5,5,0.6269494295120239
320,3,5,0.473955363035202
321,5,3,0.5569615960121155
322,2,2,0.22126761078834534
323,3,5,0.2576923966407776
324,4,3,0.4476339817047119
325,1,9,0.3369300961494446
326,7,7,0.2546903192996979
327,5,5,0.45840996503829956
328,4,4,0.30858302116394043
329,6,6,0.7921618819236755
330,1,1,0.5017796754837036
331,9,9,0.5846187472343445
332,3,3,0.25882235169410706
333,6,6,0.6977586150169373
334,6,6,0.8896533250808716
335,9,1,0.5019564628601074
336,3,3,0.43918702006340027
337,8,8,0.4779658317565918
338,0,0,0.7468873858451843
339,7,7,0.6157197952270508
340,2,4,0.5571816563606262
341,6,6,0.7184976935386658
342,2,2,0.40395256876945496
343,5,7,0.43137654662132263
344,8,8,0.7694205045700073
345,5,5,0.5839930772781372
346,4,7,0.9033122062683105
347,6,6,0.5026964545249939
348,8,8,0.9740337133407593
349,9,9,0.5297563672065735
350,9,9,0.7809364199638367
351,1,1,0.8540520071983337
352,0,8,0.8001648783683777
353,2,2,0.7440913915634155
354,2,3,0.35066330432891846
355,7,4,0.32154983282089233
356,3,2,0.4674072861671448
357,2,2,0.31804555654525757
358,8,1,0.6979855298995972
359,0,8,0.4628247618675232
360,9,9,0.549248218536377
361,5,5,0.678581714630127
362,8,8,0.9926389455795288
363,1,0,0.47166070342063904
364,9,9,0.900555431842804
365,4,0,0.46222004294395447
366,1,4,0.16461099684238434
367,3,1,0.391846239566803
368,8,0,0.5038310289382935
369,1,1,0.8516178727149963
370,4,2,0.49642589688301086
371,7,7,0.6343469023704529
372,9,9,0.6044975519180298
373,4,4,0.3797324001789093
374,2,2,0.3160478472709656
375,7,7,0.6060125231742859
376,0,8,0.35625705122947693
377,7,3,0.2090950459241867
378,0,8,0.7245863676071167
379,6,6,0.8049867749214172
380,6,6,0.8422653079032898
381,9,9,0.5490243434906006
382,0,0,0.9968293309211731
383,9,0,0.4284529387950897
384,2,5,0.48875895142555237
385,8,0,0.954675555229187
386,7,7,0.8430140614509583
387,2,4,0.30100488662719727
388,2,2,0.32426807284355164
389,5,5,0.6847692728042603
390,1,1,0.4904140532016754
391,2,0,0.7469972372055054
392,6,6,0.7718499898910522
393,2,5,0.36045101284980774
394,9,2,0.3467997908592224
395,6,6,0.8140943646430969
396,2,2,0.3110300302505493
397,3,3,0.5227290987968445
398,0,0,0.5955168604850769
399,3,1,0.372978538274765
400,9,9,0.9572095274925232
401,8,1,0.375616192817688
402,7,7,0.8565787076950073
403,8,0,0.5162941217422485
404,8,8,0.5319599509239197
405,4,4,0.4372396469116211
406,0,0,0.7880657911300659
407,1,9,0.6836605072021484
408,8,8,0.7084707617759705
409,2,5,0.30526989698410034
410,7,7,0.32589781284332275
411,9,0,0.6085980534553528
412,3,5,0.3598858416080475
413,6,6,0.829984188079834
414,1,1,0.759850800037384
415,9,9,0.7853856086730957
416,0,0,0.28950396180152893
417,7,7,0.23849831521511078
418,3,2,0.23198360204696655
419,7,7,0.6968917846679688
420,4,4,0.3637075126171112
421,5,4,0.27231985330581665
422,0,0,0.5461390018463135
423,0,0,0.3271649181842804
424,2,2,0.5074703097343445
425,9,9,0.5230764150619507
426,3,5,0.30173513293266296
427,4,4,0.41335251927375793
428,0,6,0.6156589388847351
429,6,6,0.8434052467346191
430,2,4,0.3111741840839386
431,5,5,0.4740105867385864
432,3,5,0.4304831922054291
433,7,7,0.3302949070930481
434,3,9,0.4997952878475189
435,7,7,0.615093469619751
436,2,3,0.21250873804092407
437,5,5,0.2926553189754486
438,3,3,0.43513646721839905
439,1,9,0.668425977230072
440,1,1,0.589943528175354
441,4,4,0.41565388441085815
442,9,9,0.8947015404701233
443,9,9,0.4483332335948944
444,5,5,0.6002234816551208
445,7,2,0.31606343388557434
446,5,5,0.284101665019989
447,0,0,0.9574342370033264
448,2,2,0.37107473611831665
449,2,0,0.6942698955535889
450,2,1,0.44913575053215027
451,9,9,0.7479639053344727
452,7,7,0.9024507999420166
453,3,3,0.5198900699615479
454,9,9,0.7574626803398132
455,4,4,0.46683382987976074
456,3,4,0.44153720140457153
457,5,5,0.3158574104309082
458,4,4,0.5475425720214844
459,6,8,0.4586242437362671
460,5,5,0.6395106315612793
461,6,6,0.49084794521331787
462,1,1,0.9548754096031189
463,4,3,0.28582239151000977
464,3,4,0.23597842454910278
465,4,4,0.7507655024528503
466,4,7,0.8198102712631226
467,3,3,0.4381447434425354
468,7,5,0.6894258260726929
469,8,9,0.5222187042236328
470,3,3,0.45194461941719055
471,7,9,0.42961254715919495
472,8,8,0.9361398816108704
473,0,8,0.5982816219329834
474,5,3,0.38990986347198486
475,7,7,0.7311118245124817
476,6,4,0.4947609603404999
477,0,0,0.634137749671936
478,5,5,0.3750138580799103
479,4,6,0.4280049800872803
480,8,9,0.4751714766025543
481,6,6,0.9591690897941589
482,8,8,0.6740724444389343
483,5,3,0.22659803926944733
484,5,5,0.3029038906097412
485,9,9,0.6476975083351135
486,9,9,0.7540396451950073
487,9,9,0.7366063594818115
488,5,3,0.2253943234682083
489,0,0,0.9637795686721802
490,1,1,0.9559192061424255
491,0,7,0.24896568059921265
492,8,8,0.6109601259231567
493,1,1,0.9541680812835693
494,1,8,0.5947180986404419
495,8,0,0.5402693152427673
496,0,0,0.26970672607421875
497,2,2,0.729221522808075
498,2,4,0.5249704718589783
499,0,0,0.9574090242385864
500,4,4,0.36750540137290955
501,6,6,0.5841442346572876
502,5,5,0.4601863920688629
503,4,4,0.25153860449790955
504,9,9,0.733055830001831
505,4,4,0.3566726744174957
506,7,7,0.28425148129463196
507,9,9,0.7744589447975159
508,9,9,0.4473938047885895
509,4,4,0.65013587474823
510,5,3,0.4774220585823059
511,6,6,0.9739693403244019
512,6,6,0.993851900100708
513,1,1,0.5587366223335266
514,5,5,0.8749765753746033
515,3,3,0.4788631498813629
516,8,8,0.8134421706199646
517,9,9,0.6980913877487183
518,5,3,0.3094275891780853
519,8,8,0.7206481695175171
520,5,5,0.4696985185146332
521,7,7,0.9466016888618469
522,0,0,0.4070117473602295
523,7,7,0.803517758846283
524,0,0,0.9246362447738647
525,5,4,0.22510531544685364
526,0,7,0.26058369874954224
527,0,0,0.7461398839950562
528,4,0,0.5989029407501221
529,6,6,0.4907427430152893
530,9,0,0.4526355266571045
531,0,3,0.2964179217815399
532,9,1,0.577689528465271
533,5,8,0.3401937782764435
534,6,6,0.960733950138092
535,6,6,0.9435742497444153
536,6,6,0.718359649181366
537,2,2,0.5138795375823975
538,9,0,0.42441317439079285
539,0,0,0.4942784309387207
540,1,1,0.9676159620285034
541,7,7,0.4698741137981415
542,6,6,0.879784107208252
543,7,7,0.907256007194519
544,5,5,0.7890194654464722
545,9,9,0.8641999363899231
546,1,1,0.6000077724456787
547,6,6,0.9084857106208801
548,2,2,0.3732583522796631
549,5,5,0.539823591709137
550,5,2,0.46207934617996216
551,5,3,0.34926503896713257
552,8,8,0.5335105061531067
553,5,5,0.4079735577106476
554,9,9,0.5909256339073181
555,4,8,0.33008283376693726
556,6,6,0.3511408269405365
557,4,3,0.3639557361602783
558,3,3,0.7481296062469482
559,2,2,0.7583562135696411
560,0,0,0.8747833371162415
561,7,7,0.39901575446128845
562,6,6,0.6697444319725037
563,2,2,0.29035818576812744
564,2,4,0.5666093826293945
565,3,5,0.6500317454338074
566,9,9,0.7220191955566406
567,7,3,0.2859443426132202
568,9,8,0.634954571723938
569,2,6,0.3689509928226471
570,6,3,0.3016170859336853
571,7,7,0.924221932888031
572,1,1,0.7827792167663574
573,3,2,0.2814948260784149
574,6,3,0.526432991027832
575,6,6,0.47547781467437744
576,8,8,0.9429090023040771
577,9,8,0.44176730513572693
578,7,7,0.956394612789154
579,5,3,0.19555531442165375
580,4,4,0.5697874426841736
581,0,8,0.2456599771976471
582,8,0,0.40944230556488037
583,4,2,0.2951515018939972
584,0,0,0.49570056796073914
585,9,8,0.4647737741470337
586,3,5,0.3505987524986267
587,4,4,0.2968357801437378
588,8,8,0.9785830974578857
589,9,9,0.9153665900230408
590,6,6,0.7649061679840088
591,9,9,0.4816489517688751
592,2,2,0.9325385689735413
593,6,6,0.6266779899597168
594,1,1,0.6364879608154297
595,4,0,0.25154736638069153
596,7,9,0.43330177664756775
597,3,2,0.3140365779399872
598,5,5,0.328372597694397
599,3,3,0.5049933791160583
600,8,8,0.6945635080337524
601,5,5,0.688332200050354
602,0,0,0.6081494092941284
603,2,3,0.2702200710773468
604,1,1,0.9709830284118652
605,6,6,0.7340486645698547
606,4,8,0.4028542637825012
607,3,3,0.3762182295322418
608,3,3,0.5210403203964233
609,9,9,0.8898325562477112
610,6,6,0.8480181097984314
611,9,1,0.7100719213485718
612,8,8,0.9482440948486328
613,8,8,0.9354600310325623
614,5,5,0.40248048305511475
615,8,8,0.8378894329071045
616,6,6,0.6321300268173218
617,6,6,0.8627278208732605
618,2,7,0.3112696409225464
619,1,1,0.7570180892944336
620,7,7,0.8431621193885803
621,7,1,0.2126937359571457
622,1,1,0.9239956140518188
623,2,2,0.5018156170845032
624,7,7,0.9309096336364746
625,9,1,0.5413753986358643
626,9,9,0.8640496730804443
627,4,4,0.41211527585983276
628,4,7,0.821617603302002
629,1,8,0.17330867052078247
630,2,8,0.4115319550037384
631,5,2,0.5339329242706299
632,6,6,0.38327163457870483
633,8,8,0.45991870760917664
634,7,4,0.35284972190856934
635,6,6,0.7897464632987976
636,8,9,0.34501031041145325
637,3,2,0.26148614287376404
638,0,0,0.7192225456237793
639,5,5,0.33526280522346497
640,5,5,0.35391974449157715
641,3,6,0.7027696371078491
642,0,7,0.2716461718082428
643,7,7,0.4867846369743347
644,9,9,0.6782203912734985
645,1,1,0.662947416305542
646,3,4,0.4270979166030884
647,4,2,0.4677746295928955
648,4,7,0.36209502816200256
649,5,5,0.37484392523765564
650,3,3,0.30163344740867615
651,9,9,0.7826827764511108
652,5,3,0.2700672447681427
653,6,6,0.43267714977264404
654,9,9,0.5944374203681946
655,2,0,0.6407095789909363
656,1,1,0.9134681224822998
657,1,9,0.5036451816558838
658,4,4,0.3676872253417969
659,1,1,0.27353888750076294
660,9,9,0.7864131927490234
661,4,7,0.5086860656738281
662,7,7,0.9858322143554688
663,6,6,0.4980612099170685
664,3,3,0.4154362380504608
665,8,8,0.5451187491416931
666,9,9,0.790507435798645
667,0,0,0.9164940714836121
668,1,1,0.6209954023361206
669,3,2,0.4080219566822052
670,6,6,0.9386381506919861
671,3,5,0.5384132266044617
672,6,3,0.3018939793109894
673,3,3,0.5032618641853333
674,2,2,0.35419631004333496
675,0,9,0.3461284041404724
676,3,4,0.785871684551239
677,1,9,0.5946282744407654
678,0,3,0.4623139500617981
679,5,5,0.4369451701641083
680,9,9,0.5440400838851929
681,6,6,0.9849939942359924
682,4,2,0.33133450150489807
683,8,8,0.3451988995075226
684,9,9,0.7941998243331909
685,6,4,0.44440728425979614
686,9,9,0.33082202076911926
687,6,5,0.25495028495788574
688,3,4,0.32372424006462097
689,0,3,0.18271057307720184
690,3,2,0.2696649134159088
691,2,2,0.505443811416626
692,2,0,0.7165291905403137
693,7,7,0.9204025864601135
694,8,8,0.6428021788597107
695,3,3,0.36471155285835266
696,8,8,0.47982797026634216
697,2,2,0.2833900451660156
698,7,7,0.8047699332237244
699,5,5,0.4391050338745117
700,7,7,0.6413285732269287
701,2,0,0.4695899188518524
702,4,4,0.3031795918941498
703,8,0,0.4763490557670593
704,7,7,0.6116120219230652
705,4,5,0.2851641774177551
706,2,0,0.660680890083313
707,9,5,0.5109390616416931
708,8,0,0.5106208920478821
709,8,8,0.938014566898346
710,6,2,0.36093828082084656
711,8,8,0.7773081660270691
712,8,8,0.7240520119667053
713,7,7,0.6529526114463806
714,4,3,0.327560693025589
715,3,3,0.20898465812206268
716,3,3,0.5131044387817383
717,8,8,0.3908674418926239
718,4,7,0.38714465498924255
719,9,8,0.4110240042209625
720,4,7,0.43771928548812866
721,8,8,0.649183452129364
722,8,8,0.9352549314498901
723,1,1,0.9606327414512634
724,8,8,0.5733606815338135
725,2,8,0.21826517581939697
726,1,1,0.4877456724643707
727,3,4,0.3344937562942505
728,6,6,0.6010807752609253
729,5,5,0.44558221101760864
730,4,3,0.4261918365955353
731,2,0,0.9232077598571777
732,7,7,0.5416298508644104
733,9,9,0.4596478343009949
734,9,8,0.3173541724681854
735,4,2,0.6491347551345825
736,1,0,0.6672545671463013
737,4,2,0.25591161847114563
738,1,1,0.6780436038970947
739,3,5,0.2843111753463745
740,2,5,0.7238817811012268
741,7,7,0.8688502907752991
742,0,9,0.6464897394180298
743,7,7,0.5109100937843323
744,9,2,0.23371955752372742
745,7,7,0.933351457118988
746,6,6,0.4288073778152466
747,6,6,0.8342711329460144
748,2,2,0.43247562646865845
749,5,3,0.48553624749183655
750,9,9,0.8797495365142822
751,2,0,0.6162559390068054
752,9,9,0.8281001448631287
753,1,1,0.7977696657180786
754,2,2,0.7430399060249329
755,2,4,0.4013630747795105
756,6,6,0.9224017858505249
757,8,8,0.6423313617706299
758,2,2,0.5046359300613403
759,1,1,0.9499873518943787
760,3,2,0.35532039403915405
761,6,5,0.2908514440059662
762,6,6,0.5949887037277222
763,0,0,0.5331564545631409
764,1,1,0.6116920113563538
765,2,2,0.7679256200790405
766,7,2,0.3610880672931671
767,0,9,0.24371279776096344
768,5,2,0.3674186170101166
769,4,2,0.39616337418556213
770,6,9,0.5585215091705322
771,1,9,0.691913902759552
772,6,6,0.935526430606842
773,4,6,0.2066328227519989
774,0,0,0.9258718490600586
775,2,4,0.5118526220321655
776,2,4,0.30801424384117126
777,6,6,0.840112566947937
778,0,0,0.8811426758766174
779,5,6,0.6920934319496155
780,9,9,0.7163971662521362
781,1,1,0.7891600728034973
782,7,7,0.6308205723762512
783,6,6,0.5022330284118652
784,7,7,0.7758752703666687
785,0,8,0.7082844972610474
786,3,3,0.5454809069633484
787,9,9,0.3498130142688751
788,6,6,0.6603861451148987
789,8,8,0.781627357006073
790,3,0,0.920293927192688
791,0,0,0.9651471376419067
792,3,3,0.5138998627662659
793,4,5,0.25086551904678345
794,7,7,0.6059995889663696
795,7,5,0.49906957149505615
796,1,2,0.24335820972919464
797,4,3,0.3337292969226837
798,7,5,0.25229182839393616
799,2,4,0.48739466071128845
800,7,7,0.9063036441802979
801,1,1,0.968024492263794
802,4,2,0.6712537407875061
803,7,7,0.7631236910820007
804,4,4,0.46083083748817444
805,4,4,0.4262089431285858
806,8,0,0.5726866126060486
807,4,4,0.41449952125549316
808,7,3,0.340309739112854
809,7,2,0.2200632095336914
810,5,5,0.7792043089866638
811,3,3,0.35222458839416504
812,7,7,0.846511721611023
813,2,2,0.7164787650108337
814,0,8,0.5833948254585266
815,8,8,0.9425418972969055
816,9,9,0.6473833322525024
817,5,3,0.347464382648468
818,8,8,0.5181482434272766
819,3,8,0.20367079973220825
820,6,2,0.2657628059387207
821,2,2,0.48124054074287415
822,0,0,0.7206434607505798
823,8,8,0.9713419079780579
824,7,7,0.4581741988658905
825,3,4,0.21727696061134338
826,7,0,0.2277994453907013
827,6,6,0.7913914918899536
828,5,2,0.3234555721282959
829,3,3,0.36366161704063416
830,1,1,0.3149987757205963
831,3,6,0.7896413207054138
832,2,2,0.6168179512023926
833,2,5,0.5948619842529297
834,5,4,0.4676162302494049
835,4,3,0.3892984688282013
836,1,9,0.3655664622783661
837,2,2,0.48271796107292175
838,9,9,0.6401948928833008
839,2,2,0.8136580586433411
840,7,7,0.985000729560852
841,0,8,0.6898678541183472
842,7,7,0.9711912274360657
843,2,2,0.6452704668045044
844,1,1,0.8298105001449585
845,3,2,0.16207543015480042
846,2,4,0.43693453073501587
847,0,0,0.6065608859062195
848,2,2,0.3752647340297699
849,4,4,0.6570215225219727
850,7,5,0.5265885591506958
851,9,1,0.5282415747642517
852,8,0,0.5851278901100159
853,9,1,0.719778835773468
854,0,0,0.44685062766075134
855,7,7,0.2273087352514267
856,7,7,0.7635774612426758
857,0,0,0.6413321495056152
858,7,7,0.874178409576416
859,8,8,0.5603825449943542
860,4,4,0.7394325733184814
861,6,6,0.5496599674224854
862,3,6,0.4194851517677307
863,3,0,0.36902597546577454
864,0,0,0.9625040888786316
865,1,1,0.9305264949798584
866,3,8,0.2949967086315155
867,7,3,0.3101452887058258
868,0,0,0.881369411945343
869,1,1,0.384467750787735
870,3,6,0.3361245393753052
871,1,1,0.9935061931610107
872,4,4,0.6253145337104797
873,2,0,0.6614940762519836
874,3,3,0.6513732075691223
875,8,8,0.9769256114959717
876,4,4,0.3572673797607422
877,2,2,0.5318368673324585
878,3,2,0.2291855663061142
879,7,7,0.45508137345314026
880,8,8,0.8892845511436462
881,4,4,0.5143513679504395
882,3,1,0.33441200852394104
883,0,0,0.7028561234474182
884,9,9,0.18684715032577515
885,0,0,0.7719003558158875
886,0,8,0.7007880210876465
887,1,1,0.8391480445861816
888,0,8,0.6315128207206726
889,4,6,0.45560622215270996
890,4,3,0.3161267638206482
891,6,6,0.873288631439209
892,7,7,0.42402106523513794
893,6,5,0.45328304171562195
894,1,9,0.609366774559021
895,1,1,0.8308541774749756
896,3,3,0.47256264090538025
897,7,7,0.7051075100898743
898,3,3,0.3481537103652954
899,5,5,0.44181710481643677
900,2,2,0.3636459708213806
901,6,6,0.7374058961868286
902,6,6,0.9515316486358643
903,5,5,0.5935544967651367
904,8,0,0.4119219183921814
905,7,7,0.29384732246398926
906,1,1,0.5757070779800415
907,6,6,0.5988823771476746
908,8,8,0.8438664674758911
909,8,8,0.610590398311615
910,5,4,0.21122105419635773
911,3,3,0.784156322479248
912,0,3,0.27206656336784363
913,4,5,0.2772749066352844
914,0,1,0.3361752927303314
915,1,9,0.5473175048828125
916,3,0,0.27521082758903503
917,8,8,0.5825881361961365
918,8,8,0.8898264765739441
919,0,0,0.4037073850631714
920,6,6,0.4064171612262726
921,9,9,0.941430926322937
922,9,9,0.6296187043190002
923,9,9,0.46307024359703064
924,5,3,0.263436496257782
925,5,5,0.6309621930122375
926,8,6,0.40354853868484497
927,6,3,0.3222889304161072
928,0,0,0.9263290762901306
929,0,8,0.7333085536956787
930,4,4,0.7877910137176514
931,2,2,0.6148985028266907
932,3,3,0.25377824902534485
933,2,5,0.3304697871208191
934,7,7,0.9843346476554871
935,2,5,0.513701319694519
936,2,5,0.313534677028656
937,5,3,0.32119980454444885
938,9,1,0.6377539038658142
939,8,8,0.4440062940120697
940,9,9,0.6664518117904663
941,1,7,0.6524896621704102
942,7,7,0.850484311580658
943,4,4,0.41207975149154663
944,0,0,0.5883883833885193
945,3,3,0.69573974609375
946,0,0,0.9197807908058167
947,1,1,0.5408951640129089
948,3,3,0.2533108592033386
949,8,8,0.45828214287757874
950,3,3,0.3229072093963623
951,9,9,0.7720720171928406
952,6,4,0.4313499331474304
953,1,8,0.7040198445320129
954,4,6,0.4030219614505768
955,7,7,0.8764954805374146
956,0,0,0.47379031777381897
957,3,6,0.6661021113395691
958,7,7,0.5457224249839783
959,8,8,0.9617536664009094
960,9,9,0.7252960205078125
961,1,1,0.5308229923248291
962,1,1,0.5575990080833435
963,6,6,0.6338552236557007
964,6,5,0.4360359013080597
965,6,5,0.40902984142303467
966,6,9,0.25694698095321655
967,9,9,0.9218997955322266
968,1,1,0.8996292948722839
969,9,9,0.8499211668968201
970,9,9,0.6710052490234375
971,4,4,0.6626182794570923
972,2,4,0.5415620803833008
973,1,1,0.987301230430603
974,7,0,0.40936997532844543
975,0,0,0.9595777988433838
976,6,6,0.32859694957733154
977,8,8,0.7388899922370911
978,1,1,0.8179246187210083
979,9,9,0.799964964389801
980,2,6,0.4773729741573334
981,9,9,0.29176217317581177
982,0,5,0.6256383061408997
983,4,4,0.6436607837677002
984,7,7,0.9248126149177551
985,8,8,0.7794205546379089
986,3,5,0.40505215525627136
987,1,1,0.8542109131813049
988,2,2,0.3069896101951599
989,0,0,0.8888500928878784
990,1,1,0.918373167514801
991,5,5,0.43770402669906616
992,8,8,0.9169632196426392
993,4,7,0.43169817328453064
994,6,6,0.21519622206687927
995,3,2,0.44567716121673584
996,8,8,0.46129265427589417
997,1,1,0.4832507073879242
998,3,3,0.6471900343894958
999,8,8,0.9169428944587708
1000,5,5,0.8703867197036743
1001,0,0,0.36765825748443604
1002,8,8,0.4970036745071411
1003,4,2,0.5407903790473938
1004,8,8,0.5142121911048889
1005,1,1,0.820235013961792
1006,1,1,0.9551982283592224
1007,8,8,0.9067017436027527
1008,9,9,0.24216102063655853
1009,6,6,0.6501482725143433
1010,0,0,0.9866254329681396
1011,8,8,0.8830563426017761
1012,6,6,0.16430799663066864
1013,1,1,0.8160255551338196
1014,3,3,0.3544359803199768
1015,4,2,0.5960670113563538
1016,1,1,0.7500661611557007
1017,6,6,0.8650187253952026
1018,0,0,0.9202002286911011
1019,5,8,0.3782801032066345
1020,1,1,0.9510242342948914
1021,1,2,0.2892477512359619
1022,0,8,0.5036965608596802
1023,0,0,0.5275794267654419
1024,3,3,0.5680972337722778
1025,5,5,0.8155701756477356
1026,0,0,0.2833337187767029
1027,0,0,0.875144362449646
1028,6,6,0.8568145632743835
1029,6,6,0.9482588768005371
1030,3,3,0.3042428195476532
1031,3,5,0.5398120284080505
1032,6,2,0.17001567780971527
1033,3,3,0.3174011707305908
1034,6,3,0.3368755280971527
1035,6,4,0.21155181527137756
1036,0,2,0.341372013092041
1037,7,7,0.7196058630943298
1038,2,2,0.5208055377006531
1039,2,4,0.5238930583000183
1040,7,5,0.6173344850540161
1041,5,5,0.7171366214752197
1042,5,2,0.2817910313606262
1043,2,4,0.412443608045578
1044,8,8,0.7850955724716187
1045,5,5,0.4012124240398407
1046,2,2,0.6844552755355835
1047,1,8,0.5141199231147766
1048,1,1,0.8804503679275513
1049,4,1,0.9274107217788696
1050,3,0,0.45291703939437866
1051,2,7,0.312629371881485
1052,0,0,0.5578721165657043
1053,3,5,0.6965392231941223
1054,1,1,0.6698375940322876
1055,5,5,0.5774993300437927
1056,3,3,0.3936104476451874
1057,7,7,0.2896210253238678
1058,6,6,0.284170001745224
1059,8,8,0.5247966647148132
1060,9,9,0.9774043560028076
1061,1,9,0.7203446626663208
1062,6,4,0.32201990485191345
1063,4,4,0.3359517753124237
1064,9,5,0.3271946907043457
1065,3,1,0.4130183458328247
1066,9,1,0.7536085247993469
1067,0,0,0.93759685754776
1068,9,9,0.797927975654602
1069,6,6,0.8616806268692017
1070,3,3,0.524491548538208
1071,6,6,0.9606658220291138
1072,0,8,0.773152768611908
1073,7,7,0.8809523582458496
1074,3,3,0.4635118544101715
1075,8,8,0.8523139953613281
1076,0,0,0.7972714304924011
1077,0,0,0.9735583662986755
1078,0,0,0.9926814436912537
1079,6,6,0.9526589512825012
1080,6,6,0.9569312930107117
1081,6,2,0.2966829240322113
1082,9,9,0.8913974761962891
1083,2,2,0.39615097641944885
1084,5,2,0.3691883981227875
1085,4,4,0.905179500579834
1086,4,7,0.3085804283618927
1087,6,6,0.3494050204753876
1088,3,5,0.3340795934200287
1089,6,6,0.8674719333648682
1090,0,0,0.6148372292518616
1091,8,8,0.9162643551826477
1092,6,6,0.5409607291221619
1093,0,3,0.2934366762638092
1094,6,5,0.4375338852405548
1095,2,4,0.6851555705070496
1096,7,7,0.9175160527229309
1097,5,5,0.2740066349506378
1098,1,1,0.596268892288208
1099,2,2,0.7392430901527405
1100,7,8,0.41509875655174255
1101,8,8,0.8773930072784424
1102,8,8,0.9598758816719055
1103,0,0,0.8225146532058716
1104,9,9,0.9035365581512451
1105,4,4,0.29471898078918457
1106,9,9,0.9197473526000977
1107,7,7,0.7602623701095581
1108,2,2,0.5531368851661682
1109,0,1,0.48937317728996277
1110,2,0,0.549002468585968
1111,8,8,0.7853517532348633
1112,3,4,0.33431023359298706
1113,8,0,0.7647566199302673
1114,9,9,0.6416922211647034
1115,1,1,0.8739457726478577
1116,5,3,0.42729437351226807
1117,5,5,0.7073530554771423
1118,4,7,0.5075021982192993
1119,7,7,0.9828705787658691
1120,5,2,0.5415594577789307
1121,3,3,0.31730201840400696
1122,8,8,0.6756125688552856
1123,3,3,0.31255874037742615
1124,3,2,0.7018560767173767
1125,6,6,0.8179377317428589
1126,2,0,0.6373537182807922
1127,8,8,0.9062665700912476
1128,4,3,0.4034527540206909
1129,3,3,0.41196373105049133
1130,7,0,0.28085389733314514
1131,1,1,0.4631706178188324
1132,2,8,0.17960214614868164
1133,4,4,0.3790326416492462
1134,1,1,0.6387484669685364
1135,6,6,0.7548738121986389
1136,9,1,0.7054840326309204
1137,0,0,0.30665159225463867
1138,5,6,0.5556627511978149
1139,8,8,0.5344976186752319
1140,6,6,0.7241109013557434
1141,1,1,0.632413923740387
1142,8,8,0.9189099073410034
1143,6,6,0.9071750044822693
1144,1,1,0.5695979595184326
1145,4,4,0.2607235908508301
1146,2,4,0.7639015913009644
1147,6,8,0.31189465522766113
1148,2,2,0.4497508108615875
1149,7,7,0.2758505642414093
1150,2,1,0.3990294933319092
1151,2,2,0.5442276000976562
1152,0,0,0.47018107771873474
1153,8,8,0.4743919372558594
1154,6,6,0.7474460005760193
1155,9,2,0.1876501888036728
1156,1,0,0.3298671543598175
1157,7,1,0.4408565163612366
1158,1,1,0.9153807759284973
1159,8,9,0.42345330119132996
1160,8,8,0.7840553522109985
1161,0,0,0.5966720581054688
1162,7,7,0.9595544338226318
1163,3,7,0.4517984092235565
1164,8,8,0.8851803541183472
1165,0,0,0.7293809652328491
1166,3,3,0.3524724841117859
1167,4,2,0.31112992763519287
1168,3,4,0.221258282661438
1169,7,0,0.36990755796432495
1170,7,7,0.334011971950531
1171,9,9,0.9185746908187866
1172,2,2,0.3346681594848633
1173,3,6,0.6018222570419312
1174,1,8,0.45332416892051697
1175,9,9,0.6609192490577698
1176,1,1,0.5257685780525208
1177,9,1,0.5524687170982361
1178,6,2,0.5590409636497498
1179,3,3,0.40665873885154724
1180,3,9,0.3644471764564514
1181,3,6,0.2515219748020172
1182,1,1,0.715546727180481
1183,0,2,0.26483049988746643
1184,6,6,0.5534817576408386
1185,1,1,0.8408428430557251
1186,4,4,0.6466532349586487
1187,1,1,0.560566246509552
1188,0,0,0.6348304152488708
1189,0,0,0.727479100227356
1190,1,1,0.8334320783615112
1191,1,1,0.8013584017753601
1192,6,3,0.3295155465602875
1193,5,2,0.35906660556793213
1194,4,0,0.4252200722694397
1195,6,6,0.9063677191734314
1196,2,5,0.3503076136112213
1197,0,0,0.9242469668388367
1198,7,7,0.40785375237464905
1199,9,9,0.45908334851264954
1200,8,8,0.886252224445343
1201,7,7,0.6253644227981567
1202,2,5,0.3779218792915344
1203,0,0,0.5628535151481628
1204,6,6,0.8765648603439331
1205,8,8,0.8603125214576721
1206,1,1,0.9834666848182678
1207,4,8,0.6054264307022095
1208,3,2,0.4077765941619873
1209,7,7,0.8709306716918945
1210,0,0,0.878452479839325
1211,6,6,0.4251183271408081
1212,1,1,0.9138741493225098
1213,8,8,0.6844286918640137
1214,5,5,0.6673224568367004
1215,7,7,0.6841017007827759
1216,8,1,0.8253421187400818
1217,4,2,0.3345777094364166
1218,8,8,0.7472314834594727
1219,3,3,0.484569251537323
1220,9,6,0.4335275888442993
1221,9,9,0.9261490702629089
1222,9,1,0.8874242901802063
1223,8,0,0.8729591965675354
1224,7,4,0.44742539525032043
1225,6,4,0.33606451749801636
1226,6,6,0.6444075107574463
1227,3,3,0.2524072527885437
1228,5,2,0.35711097717285156
1229,1,1,0.9391780495643616
1230,5,5,0.3799968957901001
1231,9,9,0.7093194127082825
1232,1,1,0.8368790149688721
1233,4,0,0.3527454733848572
1234,1,1,0.8200734257698059
1235,5,5,0.5134102702140808
1236,7,5,0.1899089217185974
1237,0,0,0.8055657148361206
1238,1,1,0.9959791898727417
1239,5,3,0.5195567607879639
1240,2,6,0.510629415512085
1241,0,8,0.605979323387146
1242,8,1,0.5844747424125671
1243,8,8,0.40939658880233765
1244,5,3,0.4691920578479767
1245,6,8,0.41387251019477844
1246,7,9,0.26358741521835327
1247,3,0,0.2962227761745453
1248,2,2,0.30536389350891113
1249,4,4,0.5261532068252563
1250,7,7,0.8736635446548462
1251,2,5,0.46377047896385193
1252,5,5,0.5123562812805176
1253,8,8,0.8643062114715576
1254,2,0,0.5940397381782532
1255,4,4,0.8104877471923828
1256,9,8,0.9353075623512268
1257,2,4,0.3193309009075165
1258,1,6,0.33421364426612854
1259,8,8,0.9225108623504639
1260,1,9,0.7647631168365479
1261,9,8,0.5297028422355652
1262,8,8,0.8098723888397217
1263,8,0,0.7822544574737549
1264,8,8,0.851682722568512
1265,9,1,0.48979321122169495
1266,0,8,0.904849648475647
1267,4,4,0.6866492629051208
1268,3,3,0.16967183351516724
1269,3,3,0.3910576403141022
1270,1,9,0.4196806848049164
1271,8,8,0.9483203887939453
1272,4,7,0.7642000317573547
1273,6,6,0.8045021295547485
1274,3,3,0.5674920082092285
1275,3,3,0.36976754665374756
1276,5,1,0.42461246252059937
1277,2,3,0.28336283564567566
1278,2,2,0.8230770826339722
1279,8,8,0.1777287870645523
1280,3,5,0.3412338197231293
1281,8,8,0.8235782384872437
1282,9,9,0.7761808633804321
1283,5,3,0.5491016507148743
1284,8,8,0.5303400158882141
1285,9,9,0.29866155982017517
1286,8,8,0.5553857684135437
1287,9,9,0.6348604559898376
1288,1,1,0.9673471450805664
1289,6,9,0.6448659896850586
1290,5,5,0.4349297285079956
1291,9,1,0.8571062684059143
1292,4,6,0.34928908944129944
1293,4,7,0.4832683205604553
1294,8,0,0.6395992636680603
1295,0,0,0.9799473285675049
1296,7,5,0.4205705523490906
1297,2,0,0.6240278482437134
1298,9,1,0.5727908611297607
1299,7,9,0.2606362998485565
1300,4,4,0.5287287831306458
1301,1,1,0.6056898236274719
1302,6,3,0.2692159116268158
1303,4,4,0.43248528242111206
1304,4,8,0.426555335521698
1305,9,9,0.8250963687896729
1306,1,3,0.22778621315956116
1307,2,0,0.5988714694976807
1308,5,2,0.23899812996387482
1309,6,6,0.4314013123512268
1310,0,8,0.7252067923545837
1311,8,8,0.9236634373664856
1312,6,6,0.3603816628456116
1313,1,1,0.8238279223442078
1314,9,9,0.760638952255249
1315,4,0,0.43204107880592346
1316,5,5,0.8733858466148376
1317,9,9,0.984904944896698
1318,5,3,0.4219599962234497
1319,0,0,0.9455781579017639
1320,7,7,0.7015072107315063
1321,2,3,0.2525140047073364
1322,0,9,0.39223363995552063
1323,0,8,0.7738442420959473
1324,4,4,0.24724040925502777
1325,2,4,0.548551619052887
1326,6,3,0.2059623748064041
1327,6,6,0.6697000861167908
1328,5,5,0.43915510177612305
1329,5,4,0.26630884408950806
1330,2,7,0.3805345892906189
1331,8,8,0.8536635637283325
1332,1,1,0.8291175961494446
1333,7,2,0.3636581003665924
1334,3,3,0.34965404868125916
1335,1,1,0.6929112672805786
1336,4,4,0.6767260432243347
1337,5,5,0.3023586571216583
1338,6,6,0.8857666850090027
1339,5,5,0.540476381778717
1340,1,8,0.3249518871307373
1341,4,4,0.6070370078086853
1342,7,3,0.35803383588790894
1343,0,8,0.41585612297058105
1344,9,1,0.5103763341903687
1345,4,2,0.5260276794433594
1346,3,5,0.18454034626483917
1347,8,8,0.7902807593345642
1348,2,3,0.31082025170326233
1349,8,8,0.920152485370636
1350,4,4,0.6195746064186096
1351,7,7,0.5878515243530273
1352,2,2,0.2844722867012024
1353,3,8,0.23628827929496765
1354,1,1,0.5082193613052368
1355,5,3,0.42197006940841675
1356,2,4,0.2898465096950531
1357,9,9,0.5762888193130493
1358,8,8,0.8394387364387512
1359,9,9,0.9120473861694336
1360,7,7,0.8134256601333618
1361,9,9,0.920744776725769
1362,5,5,0.5986191630363464
1363,1,1,0.6534345149993896
1364,4,4,0.5036020874977112
1365,0,0,0.9683365821838379
1366,8,8,0.8834987878799438
1367,2,2,0.6503878235816956
1368,3,5,0.5276936888694763
1369,8,8,0.7927606105804443
1370,9,9,0.7130644917488098
1371,1,1,0.5828771591186523
1372,1,9,0.6312967538833618
1373,3,3,0.27417927980422974
1374,2,0,0.7408394813537598
1375,4,4,0.4744468927383423
1376,9,9,0.6306692957878113
1377,3,2,0.22406499087810516
1378,1,1,0.9162997603416443
1379,7,4,0.3204750120639801
1380,4,4,0.24253380298614502
1381,6,6,0.5374823808670044
1382,2,0,0.9157959222793579
1383,8,8,0.6245508193969727
1384,9,1,0.7010640501976013
1385,5,5,0.8550045490264893
1386,3,3,0.38109156489372253
1387,9,9,0.60494065284729
1388,5,3,0.3011634051799774
1389,5,2,0.48678210377693176
1390,6,6,0.9531352519989014
1391,7,2,0.47359317541122437
1392,2,2,0.8609499931335449
1393,4,3,0.2503551244735718
1394,6,5,0.33493608236312866
1395,3,6,0.3667023479938507
1396,1,1,0.9169301390647888
1397,0,0,0.8333476185798645
1398,7,8,0.27960556745529175
1399,2,0,0.8818828463554382
1400,5,3,0.5610974431037903
1401,4,4,0.48480865359306335
1402,7,7,0.27985256910324097
1403,6,4,0.27928978204727173
1404,1,1,0.6620495915412903
1405,1,1,0.46720537543296814
1406,9,9,0.8989751935005188
1407,8,8,0.9309971928596497
1408,1,1,0.988789439201355
1409,0,0,0.5970659255981445
1410,1,1,0.9968284964561462
1411,3,5,0.42105403542518616
1412,1,1,0.8271839618682861
1413,1,1,0.8386275768280029
1414,1,1,0.8851150274276733
1415,7,7,0.7793141603469849
1416,3,5,0.5441413521766663
1417,9,9,0.8097135424613953
1418,6,3,0.2725200653076172
1419,8,8,0.8994911909103394
1420,4,4,0.22614021599292755
1421,6,6,0.8101616501808167
1422,8,8,0.6383596658706665
1423,4,4,0.7652581334114075
1424,9,1,0.5516236424446106
1425,4,3,0.3033527731895447
1426,7,7,0.6236809492111206
1427,9,9,0.6485300660133362
1428,7,7,0.6611306071281433
1429,6,3,0.3049177825450897
1430,8,8,0.32673293352127075
1431,4,4,0.41244786977767944
1432,9,9,0.5614099502563477
1433,7,7,0.3975483775138855
1434,0,0,0.4685070812702179
1435,1,6,0.3343296945095062
1436,6,3,0.5645506978034973
1437,1,1,0.7403082847595215
1438,5,5,0.2898329794406891
1439,9,9,0.40908536314964294
1440,0,8,0.4407636225223541
1441,4,4,0.6118683218955994
1442,3,3,0.7025676369667053
1443,4,4,0.4250413775444031
1444,1,1,0.6156813502311707
1445,3,5,0.39813119173049927
1446,0,0,0.7740172147750854
1447,8,8,0.7604087591171265
1448,4,2,0.2616268992424011
1449,6,6,0.9842474460601807
1450,2,2,0.2928295433521271
1451,2,6,0.4829234480857849
1452,6,9,0.45360299944877625
1453,5,2,0.3507014214992523
1454,3,5,0.6404998302459717
1455,6,6,0.6702386736869812
1456,2,2,0.3399413824081421
1457,1,1,0.9229795932769775
1458,1,8,0.48993247747421265
1459,8,8,0.5955821871757507
1460,6,6,0.7612490057945251
1461,0,0,0.7244821786880493
1462,4,4,0.42800164222717285
1463,0,9,0.22170333564281464
1464,1,1,0.7860811948776245
1465,9,8,0.3036169707775116
1466,7,4,0.6831115484237671
1467,1,1,0.8317636847496033
1468,3,3,0.7399699687957764
1469,7,2,0.3318104147911072
1470,7,7,0.3482770025730133
1471,8,8,0.5685126185417175
1472,7,7,0.6176685094833374
1473,7,7,0.9472388625144958
1474,3,7,0.49582749605178833
1475,9,9,0.9212195873260498
1476,7,7,0.8312534093856812
1477,7,7,0.38725167512893677
1478,7,7,0.41478559374809265
1479,2,9,0.22326485812664032
1480,1,1,0.677643895149231
1481,2,2,0.7123827934265137
1482,8,8,0.7409467697143555
1483,6,6,0.8623510599136353
1484,4,4,0.26143383979797363
1485,0,8,0.517310380935669
1486,7,7,0.806322455406189
1487,9,9,0.5527698397636414
1488,8,8,0.8185359239578247
1489,6,6,0.28233692049980164
1490,8,0,0.6394760012626648
1491,4,1,0.41056138277053833
1492,9,8,0.4417981207370758
1493,1,1,0.7126968502998352
1494,7,5,0.7437452673912048
1495,2,0,0.8375845551490784
1496,2,2,0.5963773131370544
1497,8,8,0.8592915534973145
1498,5,3,0.880335807800293
1499,8,8,0.6117932200431824
1500,1,1,0.7918088436126709
1501,2,3,0.31832021474838257
1502,2,2,0.5995506048202515
1503,4,3,0.2491677850484848
1504,1,1,0.9291545748710632
1505,2,2,0.3403749167919159
1506,5,7,0.7224550843238831
1507,2,9,0.5842863321304321
1508,8,8,0.7042929530143738
1509,1,0,0.38433027267456055
1510,8,8,0.6573296189308167
1511,1,1,0.8559935092926025
1512,8,8,0.6904977560043335
1513,6,5,0.3457719385623932
1514,0,9,0.33906757831573486
1515,2,2,0.6693772077560425
1516,4,4,0.4828873574733734
1517,1,1,0.854503333568573
1518,3,3,0.4916576147079468
1519,6,6,0.7656330466270447
1520,7,7,0.2679070234298706
1521,7,4,0.4851071238517761
1522,4,4,0.5861253142356873
1523,4,4,0.7259372472763062
1524,3,3,0.2738855481147766
1525,3,0,0.2786225974559784
1526,4,7,0.5705949664115906
1527,5,7,0.6569388508796692
1528,2,2,0.7781811952590942
1529,4,4,0.2979549765586853
1530,3,9,0.65914386510849
1531,7,4,0.3514428734779358
1532,8,8,0.7665797472000122
1533,4,7,0.6419275403022766
1534,4,4,0.4463376998901367
1535,4,4,0.6576553583145142
1536,5,9,0.7784037590026855
1537,4,4,0.43347495794296265
1538,3,8,0.38524600863456726
1539,2,2,0.6041238903999329
1540,8,8,0.9565207958221436
1541,4,2,0.5502277612686157
1542,5,5,0.4919341802597046
1543,5,5,0.45684897899627686
1544,4,4,0.3819642961025238
1545,1,9,0.4585703909397125
1546,4,4,0.49911466240882874
1547,2,0,0.9289414882659912
1548,5,2,0.4093051850795746
1549,1,1,0.25610437989234924
1550,6,6,0.630669116973877
1551,4,4,0.5557559728622437
1552,3,3,0.4530736207962036
1553,4,4,0.6051809191703796
1554,4,4,0.5819271802902222
1555,0,0,0.6760382056236267
1556,8,8,0.4965752065181732
1557,8,8,0.93190997838974
1558,4,6,0.8323405981063843
1559,5,5,0.544261634349823
1560,7,7,0.8831292390823364
1561,5,5,0.4572471082210541
1562,6,6,0.8671425580978394
1563,9,1,0.28847306966781616
1564,1,1,0.8548126220703125
1565,6,6,0.524394690990448
1566,7,7,0.8310950398445129
1567,2,2,0.26268789172172546
1568,0,9,0.4396669566631317
1569,1,1,0.22521579265594482
1570,4,7,0.5445675253868103
1571,5,5,0.4982425570487976
1572,6,3,0.25870227813720703
1573,0,0,0.6097990870475769
1574,0,0,0.27545925974845886
1575,2,4,0.36823517084121704
1576,7,4,0.41794419288635254
1577,5,3,0.26248300075531006
1578,6,6,0.9627067446708679
1579,0,0,0.7241240739822388
1580,6,9,0.40155476331710815
1581,2,2,0.2756975293159485
1582,9,9,0.7684339880943298
1583,1,0,0.20339979231357574
1584,7,4,0.2531282305717468
1585,7,3,0.3311408758163452
1586,5,5,0.6306962370872498
1587,2,0,0.6771172881126404
1588,5,5,0.38133159279823303
1589,6,6,0.9226804971694946
1590,4,2,0.4030854403972626
1591,1,1,0.6978302597999573
1592,4,2,0.2518903613090515
1593,3,5,0.40116679668426514
1594,3,4,0.3604443371295929
1595,3,1,0.37554940581321716
1596,0,2,0.33021029829978943
1597,3,3,0.41587337851524353
1598,5,5,0.3920947313308716
1599,5,5,0.5465434193611145
1600,8,9,0.8304789662361145
1601,9,9,0.502841591835022
1602,7,7,0.4246918559074402
1603,3,6,0.23389756679534912
1604,1,1,0.8991003632545471
1605,3,4,0.39071372151374817
1606,3,3,0.34226933121681213
1607,3,9,0.6334512829780579
1608,4,4,0.35107025504112244
1609,4,4,0.3975333571434021
1610,2,3,0.20650485157966614
1611,3,3,0.5476008653640747
1612,3,8,0.22633031010627747
1613,8,8,0.5160346627235413
1614,1,1,0.7051670551300049
1615,7,3,0.3045708239078522
1616,7,7,0.8748024702072144
1617,0,0,0.7382065057754517
1618,7,7,0.24639306962490082
1619,4,6,0.28946906328201294
1620,5,3,0.34552425146102905
1621,1,1,0.7964111566543579
1622,4,4,0.23447519540786743
1623,2,2,0.23111285269260406
1624,4,4,0.41443246603012085
1625,3,3,0.37605777382850647
1626,9,8,0.254626601934433
1627,9,9,0.6519938707351685
1628,4,2,0.4067668914794922
1629,9,0,0.4021115005016327
1630,9,9,0.6481496095657349
1631,1,1,0.8200145959854126
1632,8,0,0.6319743394851685
1633,1,1,0.5429334044456482
1634,6,6,0.7085135579109192
1635,7,7,0.9806402921676636
1636,5,5,0.3218201696872711
1637,5,5,0.29696333408355713
1638,4,4,0.29061225056648254
1639,9,9,0.5464771389961243
1640,7,5,0.6281580924987793
1641,6,6,0.44937586784362793
1642,5,4,0.31365087628364563
1643,9,9,0.7517377138137817
1644,2,6,0.40154463052749634
1645,4,4,0.5705457329750061
1646,0,0,0.8564969897270203
1647,7,7,0.9837110638618469
1648,8,8,0.47674110531806946
1649,5,6,0.3221691846847534
1650,5,5,0.8365224003791809
1651,0,0,0.7131874561309814
1652,0,0,0.7190085053443909
1653,9,1,0.5238073468208313
1654,9,9,0.9416119456291199
1655,8,8,0.8712000846862793
1656,2,4,0.31839388608932495
1657,5,5,0.7659896612167358
1658,4,4,0.38974395394325256
1659,8,8,0.6967329382896423
1660,3,4,0.5244973301887512
1661,6,6,0.7051897644996643
1662,3,9,0.26458293199539185
1663,6,6,0.6417408585548401
1664,0,0,0.9761331081390381
1665,6,6,0.9834396243095398
1666,6,6,0.42660731077194214
1667,6,6,0.7611290216445923
1668,9,9,0.5910113453865051
1669,6,6,0.45786330103874207
1670,6,6,0.6922191977500916
1671,8,8,0.8049561977386475
1672,6,7,0.1607857197523117
1673,2,9,0.27721306681632996
1674,4,4,0.5166788101196289
1675,5,5,0.20836566388607025
1676,8,8,0.6347466707229614
1677,1,1,0.9481307864189148
1678,2,2,0.6430546045303345
1679,7,7,0.8976191282272339
1680,6,6,0.7490693926811218
1681,5,7,0.20122270286083221
1682,7,7,0.6615166068077087
1683,8,8,0.9392744898796082
1684,1,9,0.3659372329711914
1685,8,7,0.3435417115688324
1686,0,0,0.4468757212162018
1687,8,8,0.518973171710968
1688,6,4,0.40427422523498535
1689,9,9,0.36686649918556213
1690,2,7,0.8034705519676208
1691,8,8,0.9794583320617676
1692,9,9,0.7650503516197205
1693,4,8,0.724769651889801
1694,0,0,0.9960587024688721
1695,9,9,0.7868054509162903
1696,4,9,0.5975475311279297
1697,9,9,0.9304335117340088
1698,5,5,0.6193462014198303
1699,7,4,0.2756912410259247
1700,5,3,0.47347939014434814
1701,5,2,0.46088311076164246
1702,9,9,0.546257495880127
1703,5,5,0.7440483570098877
1704,3,2,0.4510616958141327
1705,0,2,0.2999700605869293
1706,1,1,0.9311473965644836
1707,9,9,0.8185564875602722
1708,7,1,0.22236253321170807
1709,2,4,0.448059618473053
1710,4,4,0.5285067558288574
1711,1,1,0.6364508271217346
1712,0,0,0.8042823672294617
1713,8,1,0.690662682056427
1714,0,0,0.6159747838973999
1715,3,5,0.434069961309433
1716,1,1,0.9048931002616882
1717,7,7,0.8491595983505249
1718,0,8,0.7317038774490356
1719,0,0,0.9216972589492798
1720,4,4,0.33545035123825073
1721,8,9,0.3698427975177765
1722,6,6,0.7784906625747681
1723,2,7,0.2934326231479645
1724,4,2,0.4635592997074127
1725,0,0,0.9914575219154358
1726,0,0,0.9735738039016724
1727,9,1,0.5892526507377625
1728,0,0,0.2773551344871521
1729,8,8,0.9788610339164734
1730,4,0,0.3691108822822571
1731,5,3,0.45448270440101624
1732,9,1,0.7230600118637085
1733,3,5,0.5910776853561401
1734,9,1,0.388322651386261
1735,0,0,0.7124301791191101
1736,5,3,0.23576565086841583
1737,6,7,0.32631179690361023
1738,5,5,0.6906880736351013
1739,0,9,0.4857516884803772
1740,1,1,0.7162707448005676
1741,4,3,0.31166619062423706
1742,8,8,0.9803250432014465
1743,1,1,0.991299569606781
1744,0,0,0.7768610119819641
1745,5,7,0.6523277759552002
1746,2,2,0.3911595344543457
1747,1,9,0.6556974053382874
1748,0,0,0.9816864728927612
1749,2,2,0.3048573434352875
1750,8,8,0.8380168080329895
1751,1,1,0.8697740435600281
1752,5,3,0.27259963750839233
1753,6,6,0.6696670651435852
1754,7,7,0.9515568017959595
1755,7,3,0.34009045362472534
1756,2,3,0.32824093103408813
1757,6,6,0.46835023164749146
1758,2,2,0.8449895977973938
1759,5,3,0.5390284061431885
1760,0,0,0.42316949367523193
1761,1,1,0.8778029680252075
1762,4,4,0.4512903690338135
1763,2,0,0.19594284892082214
1764,5,7,0.3589525520801544
1765,4,4,0.3093899190425873
1766,6,4,0.39382097125053406
1767,2,2,0.641584575176239
1768,2,0,0.6235337257385254
1769,1,1,0.24855630099773407
1770,7,7,0.7092381715774536
1771,2,4,0.6613259315490723
1772,8,9,0.5403298735618591
1773,5,5,0.5076472759246826
1774,5,5,0.38264745473861694
1775,3,3,0.23238804936408997
1776,0,0,0.8888856172561646
1777,4,4,0.28918397426605225
1778,8,8,0.7267084717750549
1779,3,5,0.591698944568634
1780,7,7,0.4349360466003418
1781,6,6,0.9838916659355164
1782,3,5,0.49836793541908264
1783,8,8,0.7521581649780273
1784,1,1,0.9548520445823669
1785,0,2,0.6103541254997253
1786,1,9,0.7276287078857422
1787,3,0,0.5159822106361389
1788,3,3,0.2859606444835663
1789,0,0,0.5584939122200012
1790,7,7,0.7057211399078369
1791,4,4,0.39004307985305786
1792,9,9,0.9717563390731812
1793,5,5,0.36674895882606506
1794,3,5,0.3601512610912323
1795,6,9,0.2325792759656906
1796,0,8,0.6100573539733887
1797,1,1,0.9359189867973328
1798,4,4,0.3672487437725067
1799,4,0,0.3781241476535797
1800,4,0,0.25709396600723267
1801,4,4,0.8933376669883728
1802,2,2,0.6366683840751648
1803,2,3,0.24614191055297852
1804,5,3,0.19010162353515625
1805,8,8,0.7969014048576355
1806,1,1,0.7075620293617249
1807,5,4,0.2963045537471771
1808,9,9,0.7937926054000854
1809,8,8,0.7857521772384644
1810,1,8,0.5257051587104797
1811,1,1,0.8455584645271301
1812,5,7,0.6945565342903137
1813,3,2,0.46563592553138733
1814,9,1,0.589601993560791
1815,9,9,0.82696133852005
1816,7,3,0.28154924511909485
1817,6,4,0.4609268009662628
1818,5,5,0.5855480432510376
1819,0,0,0.9113120436668396
1820,8,9,0.2794436514377594
1821,4,4,0.6711212396621704
1822,7,5,0.3166189193725586
1823,0,2,0.358203649520874
1824,9,9,0.754574716091156
1825,2,2,0.6644470691680908
1826,8,8,0.9625513553619385
1827,4,4,0.6045846343040466
1828,7,7,0.25083085894584656
1829,1,9,0.4017546474933624
1830,3,5,0.33505892753601074
1831,9,1,0.5787325501441956
1832,6,9,0.2104894071817398
1833,8,8,0.9903638958930969
1834,9,1,0.6061142683029175
1835,0,3,0.3091681897640228
1836,4,4,0.608325719833374
1837,9,9,0.24873104691505432
1838,6,0,0.41696277260780334
1839,7,7,0.9942090511322021
1840,8,9,0.33063969016075134
1841,9,9,0.8028914928436279
1842,4,7,0.7584677934646606
1843,8,8,0.7982415556907654
1844,9,9,0.8119893074035645
1845,7,7,0.5218321084976196
1846,2,2,0.3732217848300934
1847,5,5,0.6736977100372314
1848,3,3,0.6772435903549194
1849,7,7,0.9432651400566101
1850,1,0,0.24150431156158447
1851,0,0,0.7315439581871033
1852,2,8,0.35718315839767456
1853,9,9,0.8925941586494446
1854,5,3,0.5230885744094849
1855,5,5,0.7326663136482239
1856,8,8,0.9027248024940491
1857,5,5,0.7612605094909668
1858,4,3,0.38195499777793884
1859,2,5,0.46533599495887756
1860,8,8,0.4058082699775696
1861,3,3,0.4117656350135803
1862,5,4,0.24957925081253052
1863,5,0,0.30809229612350464
1864,7,7,0.8427816033363342
1865,7,7,0.3882942497730255
1866,8,8,0.9567497968673706
1867,6,2,0.42237746715545654
1868,2,7,0.7387146949768066
1869,8,8,0.9174147248268127
1870,2,0,0.5008409023284912
1871,3,3,0.40457770228385925
1872,5,8,0.24987855553627014
1873,6,6,0.36297842860221863
1874,8,8,0.4729994237422943
1875,0,0,0.9563944935798645
1876,2,5,0.337298184633255
1877,3,5,0.38159117102622986
1878,7,7,0.5319923758506775
1879,0,0,0.7645402550697327
1880,1,1,0.2250627875328064
1881,9,9,0.9557570815086365
1882,1,8,0.47489458322525024
1883,3,4,0.5595964193344116
1884,7,2,0.23680517077445984
1885,5,5,0.6252682209014893
1886,8,8,0.22401800751686096
1887,3,3,0.3341085910797119
1888,2,2,0.28506043553352356
1889,9,9,0.7866267561912537
1890,6,6,0.3990553915500641
1891,8,8,0.8686997890472412
1892,6,6,0.514447808265686
1893,9,9,0.7743744850158691
1894,3,3,0.5533797144889832
1895,8,8,0.3806902766227722
1896,9,9,0.8980734944343567
1897,8,8,0.7659077048301697
1898,0,7,0.31255844235420227
1899,7,7,0.6209240555763245
1900,8,8,0.9052296280860901
1901,5,5,0.8457943797111511
1902,0,0,0.4826195240020752
1903,0,0,0.9265185594558716
1904,1,1,0.9178844094276428
1905,3,6,0.36700552701950073
1906,9,3,0.2678837180137634
1907,1,9,0.31187301874160767
1908,5,5,0.479051411151886
1909,3,8,0.3688316345214844
1910,4,6,0.2522609233856201
1911,4,6,0.45169970393180847
1912,0,0,0.6682396531105042
1913,9,0,0.32031601667404175
1914,9,9,0.8956027030944824
1915,9,9,0.9952001571655273
1916,9,2,0.2877435088157654
1917,8,8,0.7024022340774536
1918,2,6,0.5389499068260193
1919,4,7,0.5444440841674805
1920,2,4,0.3299299478530884
1921,2,0,0.3224171996116638
1922,5,5,0.5854266881942749
1923,1,1,0.5420320630073547
1924,9,3,0.3144419491291046
1925,1,1,0.8445678949356079
1926,0,0,0.666847288608551
1927,9,1,0.4733463525772095
1928,4,4,0.45556336641311646
1929,2,4,0.45193448662757874
1930,1,1,0.6176570653915405
1931,6,5,0.36497071385383606
1932,0,0,0.6069778800010681
1933,3,5,0.7576518058776855
1934,7,9,0.4540385901927948
1935,6,4,0.38251611590385437
1936,3,9,0.44102713465690613
1937,1,1,0.5678442716598511
1938,8,0,0.5898902416229248
1939,6,3,0.2378988116979599
1940,5,2,0.5249868631362915
1941,7,7,0.4928358197212219
1942,2,2,0.6123712658882141
1943,8,8,0.7287274599075317
1944,4,3,0.428566575050354
1945,4,5,0.30296021699905396
1946,8,8,0.8739179968833923
1947,3,9,0.4714164137840271
1948,5,5,0.7698613405227661
1949,0,0,0.8724492192268372
1950,5,5,0.4934116005897522
1951,7,7,0.3478131592273712
1952,4,4,0.4259103238582611
1953,4,4,0.5091168284416199
1954,2,0,0.7020469307899475
1955,2,7,0.7893676161766052
1956,7,7,0.5646520256996155
1957,3,5,0.27704131603240967
1958,6,6,0.3075655698776245
1959,0,0,0.7204107046127319
1960,2,5,0.7414414882659912
1961,7,7,0.5327620506286621
1962,6,6,0.9160537123680115
1963,2,0,0.9171371459960938
1964,3,5,0.44416290521621704
1965,0,9,0.4490223228931427
1966,7,7,0.9126430749893188
1967,7,7,0.7953785061836243
1968,8,8,0.9667607545852661
1969,1,9,0.8301680088043213
1970,1,1,0.9755329489707947
1971,4,3,0.2868572771549225
1972,6,4,0.34083589911460876
1973,0,0,0.8494624495506287
1974,6,6,0.7567621469497681
1975,6,9,0.20281346142292023
1976,5,5,0.7588901519775391
1977,5,4,0.27122801542282104
1978,6,6,0.6798409223556519
1979,3,3,0.22007232904434204
1980,9,9,0.7033488750457764
1981,3,5,0.414959579706192
1982,6,6,0.5835062265396118
1983,8,7,0.29583898186683655
1984,7,7,0.5627821087837219
1985,6,2,0.5768723487854004
1986,4,6,0.382837176322937
1987,9,0,0.4682050943374634
1988,5,5,0.6774402260780334
1989,6,6,0.45453745126724243
1990,4,7,0.6046052575111389
1991,1,1,0.9716907143592834
1992,6,6,0.9169102907180786
1993,3,2,0.2847166061401367
1994,8,9,0.28014811873435974
1995,2,2,0.2748826742172241
1996,3,3,0.4647650122642517
1997,9,0,0.6663289666175842
1998,8,8,0.31216710805892944
1999,5,3,0.4197140038013458
2000,1,1,0.43121251463890076
2001,5,3,0.41675201058387756
2002,4,2,0.4553607404232025
2003,5,6,0.3238283693790436
2004,7,7,0.9352386593818665
2005,5,5,0.35633862018585205
2006,7,7,0.9625755548477173
2007,8,8,0.9497057199478149
2008,9,9,0.538212776184082
2009,1,9,0.5356124639511108
2010,7,5,0.2983987629413605
2011,2,2,0.4901249408721924
2012,5,5,0.7837677001953125
2013,6,6,0.2705734074115753
2014,8,8,0.9309978485107422
2015,4,4,0.6434823274612427
2016,6,6,0.6895032525062561
2017,5,2,0.18458740413188934
2018,3,6,0.5544536113739014
2019,9,9,0.49813753366470337
2020,9,9,0.9236117601394653
2021,8,8,0.8333650827407837
2022,5,3,0.3753138482570648
2023,5,3,0.4026887118816376
2024,6,6,0.31644752621650696
2025,4,2,0.4920980930328369
2026,5,5,0.39427095651626587
2027,9,3,0.40181246399879456
2028,7,7,0.6781269907951355
2029,3,3,0.25215163826942444
2030,4,6,0.7322763204574585
2031,1,1,0.8844757080078125
2032,4,4,0.536612331867218
2033,2,2,0.5564579367637634
2034,3,4,0.434539794921875
2035,6,6,0.624752938747406
2036,5,3,0.33287951350212097
2037,5,3,0.40173184871673584
2038,2,2,0.25094082951545715
2039,8,9,0.5858990550041199
2040,0,0,0.8251153826713562
2041,0,0,0.8695518970489502
2042,1,1,0.9574405550956726
2043,8,8,0.7012295126914978
2044,3,5,0.6209809184074402
2045,1,1,0.44997599720954895
2046,3,3,0.37705132365226746
2047,5,5,0.5569639801979065
2048,8,8,0.8535303473472595
2049,3,4,0.32599812746047974
2050,8,8,0.9683260917663574
2051,5,3,0.40540575981140137
2052,8,8,0.9838953614234924
2053,6,6,0.4483742117881775
2054,3,5,0.6559141278266907
2055,5,5,0.4705147445201874
2056,5,5,0.9223881959915161
2057,5,8,0.37072449922561646
2058,0,8,0.5691503286361694
2059,9,8,0.35385623574256897
2060,5,3,0.5023450255393982
2061,5,4,0.4398480951786041
2062,7,7,0.8138103485107422
2063,1,1,0.7535365223884583
2064,8,8,0.5824101567268372
2065,2,4,0.2968202829360962
2066,2,2,0.47618240118026733
2067,7,4,0.6419767737388611
2068,3,3,0.497122198343277
2069,4,0,0.6352368593215942
2070,2,2,0.7572047710418701
2071,9,9,0.8150149583816528
2072,6,6,0.26514026522636414
2073,2,4,0.35805511474609375
2074,2,2,0.9270803928375244
2075,4,7,0.737453043460846
2076,3,3,0.3619450330734253
2077,0,0,0.44883817434310913
2078,2,6,0.6763445138931274
2079,0,2,0.5904721617698669
2080,1,1,0.7691395282745361
2081,3,2,0.21703816950321198
2082,2,2,0.5232354998588562
2083,2,5,0.35084298253059387
2084,7,7,0.960358738899231
2085,0,0,0.7327743172645569
2086,1,1,0.3945150375366211
2087,0,0,0.6771718859672546
2088,7,7,0.8546510934829712
2089,7,7,0.6578978896141052
2090,2,2,0.39884284138679504
2091,0,3,0.19234305620193481
2092,1,1,0.9234256148338318
2093,6,6,0.9813312292098999
2094,5,5,0.42658352851867676
2095,0,7,0.7684898972511292
2096,2,2,0.16380390524864197
2097,2,2,0.4908434748649597
2098,0,0,0.47834858298301697
2099,1,1,0.9543361663818359
2100,2,2,0.38470280170440674
2101,6,6,0.8587191700935364
2102,0,0,0.504970133304596
2103,1,1,0.912537157535553
2104,6,6,0.4673166573047638
2105,6,6,0.3013087213039398
2106,5,3,0.6341200470924377
2107,3,3,0.3839537501335144
2108,4,3,0.4247301518917084
2109,0,0,0.8102558255195618
2110,0,2,0.2256905436515808
2111,9,9,0.4534095823764801
2112,1,1,0.9187900424003601
2113,0,0,0.8039939999580383
2114,2,2,0.45589855313301086
2115,5,5,0.5335650444030762
2116,9,9,0.8426525592803955
2117,7,9,0.5094569325447083
2118,8,8,0.8156175017356873
2119,6,6,0.9393373131752014
2120,4,8,0.28504645824432373
2121,6,6,0.44228607416152954
2122,0,0,0.9914783835411072
2123,2,2,0.5306786298751831
2124,0,0,0.8778541088104248
2125,1,1,0.48305970430374146
2126,9,1,0.6096752285957336
2127,2,2,0.22345088422298431
2128,4,6,0.9175803065299988
2129,9,0,0.40761491656303406
2130,0,0,0.5629402995109558
2131,7,7,0.8199530839920044
2132,2,2,0.48534709215164185
2133,3,3,0.32092273235321045
2134,4,3,0.3033643662929535
2135,8,8,0.9832608103752136
2136,0,9,0.8589386343955994
2137,2,4,0.25567173957824707
2138,6,4,0.4269106388092041
2139,8,8,0.8539474606513977
2140,9,9,0.6793278455734253
2141,7,7,0.29936733841896057
2142,1,9,0.5741602778434753
2143,9,9,0.9188660979270935
2144,3,2,0.47453469038009644
2145,7,4,0.5897279977798462
2146,2,2,0.5975038409233093
2147,7,9,0.5662564039230347
2148,9,9,0.8857159614562988
2149,6,6,0.9343880414962769
2150,9,9,0.9237864017486572
2151,5,3,0.34323468804359436
2152,7,7,0.6268289089202881
2153,8,8,0.7217801809310913
2154,5,5,0.2396259307861328
2155,9,8,0.4487943947315216
2156,8,8,0.8706376552581787
2157,3,5,0.3759637176990509
2158,9,9,0.6421442031860352
2159,8,9,0.185383602976799
2160,0,0,0.5440053939819336
2161,5,3,0.24609696865081787
2162,5,8,0.43543481826782227
2163,7,7,0.4500579237937927
2164,1,1,0.9265304207801819
2165,2,0,0.9179019927978516
2166,0,0,0.767485499382019
2167,7,7,0.3896876573562622
2168,5,3,0.28588739037513733
2169,8,8,0.7717940807342529
2170,2,2,0.8741000294685364
2171,2,5,0.37406468391418457
2172,5,0,0.45690566301345825
2173,3,2,0.23445771634578705
2174,9,9,0.8423906564712524
2175,3,3,0.2153027355670929
2176,1,1,0.5715636014938354
2177,9,9,0.7127053737640381
2178,3,9,0.8046326637268066
2179,1,8,0.3600703179836273
2180,4,4,0.5312267541885376
2181,3,0,0.29185250401496887
2182,4,4,0.6652962565422058
2183,4,4,0.4364902377128601
2184,9,9,0.6884269714355469
2185,0,0,0.8879752159118652
2186,9,1,0.6912012696266174
2187,5,3,0.6063587069511414
2188,9,9,0.9081893563270569
2189,2,2,0.7557241916656494
2190,9,1,0.8520239591598511
2191,4,6,0.5631266236305237
2192,0,3,0.22420679032802582
2193,2,0,0.9192773699760437
2194,8,8,0.6348431706428528
2195,4,7,0.3736199736595154
2196,8,8,0.5759291648864746
2197,6,6,0.9438209533691406
2198,8,8,0.9755707383155823
2199,2,4,0.2573646008968353
2200,0,0,0.6412177681922913
2201,5,5,0.4625300168991089
2202,9,9,0.8987799286842346
2203,6,2,0.2464202642440796
2204,9,9,0.8955464959144592
2205,5,5,0.428208589553833
2206,1,9,0.7599377632141113
2207,3,3,0.2605442404747009
2208,4,4,0.6027812957763672
2209,4,4,0.2780672609806061
2210,2,0,0.5212216973304749
2211,7,7,0.8169494271278381
2212,2,2,0.5990976691246033
2213,4,6,0.5587607026100159
2214,4,4,0.46629926562309265
2215,0,0,0.5128117203712463
2216,2,5,0.3661441504955292
2217,8,8,0.7403476238250732
2218,4,4,0.8688248991966248
2219,5,5,0.3472282588481903
2220,1,1,0.9875988364219666
2221,2,2,0.8067334294319153
2222,6,4,0.6145222783088684
2223,8,0,0.5760235786437988
2224,1,1,0.7633403539657593
2225,7,7,0.5578762888908386
2226,2,6,0.8017386198043823
2227,8,8,0.5508544445037842
2228,7,7,0.7782461047172546
2229,4,4,0.7200167179107666
2230,3,3,0.47015583515167236
2231,3,3,0.2925967276096344
2232,0,5,0.3427584171295166
2233,3,2,0.45313185453414917
2234,7,7,0.6733921766281128
2235,2,2,0.49443769454956055
2236,5,2,0.36425119638442993
2237,6,6,0.5038909316062927
2238,1,1,0.6676527261734009
2239,7,7,0.8353742957115173
2240,9,9,0.8453041911125183
2241,0,0,0.8589940071105957
2242,2,4,0.303385853767395
2243,3,3,0.4042010009288788
2244,9,9,0.5194145441055298
2245,8,8,0.7120197415351868
2246,9,8,0.3923308551311493
2247,5,5,0.33779221773147583
2248,0,8,0.5258284211158752
2249,0,0,0.9232336282730103
2250,7,7,0.30558720231056213
2251,6,3,0.4958919286727905
2252,3,3,0.7487077713012695
2253,3,5,0.2803226113319397
2254,8,8,0.850928783416748
2255,1,8,0.7428099513053894
2256,4,4,0.5373161435127258
2257,0,0,0.5951113104820251
2258,1,1,0.9049191474914551
2259,5,5,0.29592594504356384
2260,4,4,0.6799683570861816
2261,3,6,0.3488651514053345
2262,2,2,0.26056838035583496
2263,6,6,0.7795982360839844
2264,0,0,0.2749553620815277
2265,8,8,0.9620701670646667
2266,8,8,0.9928383231163025
2267,6,3,0.343492716550827
2268,3,3,0.34179916977882385
2269,3,4,0.5268397927284241
2270,2,4,0.26521313190460205
2271,9,8,0.71973717212677
2272,7,7,0.6253982186317444
2273,5,3,0.38593655824661255
2274,1,1,0.7112540602684021
2275,6,6,0.5750565528869629
2276,0,0,0.36884528398513794
2277,5,5,0.5923885107040405
2278,9,9,0.7098222970962524
2279,9,9,0.7630017995834351
2280,4,2,0.31309887766838074
2281,5,5,0.6285603642463684
2282,9,9,0.5452779531478882
2283,4,3,0.41056960821151733
2284,8,8,0.6249755024909973
2285,3,5,0.6992893218994141
2286,3,3,0.3525395691394806
2287,2,2,0.38905760645866394
2288,5,4,0.28645291924476624
2289,1,1,0.7769179344177246
2290,9,9,0.7398322820663452
2291,5,5,0.7355653643608093
2292,5,3,0.33847036957740784
2293,8,1,0.7248006463050842
2294,1,0,0.29543912410736084
2295,8,8,0.9506543278694153
2296,9,9,0.9120808243751526
2297,7,7,0.5722137093544006
2298,0,0,0.35655444860458374
2299,6,3,0.28508883714675903
2300,3,4,0.3344210386276245
2301,2,2,0.49629104137420654
2302,0,0,0.6007197499275208
2303,2,2,0.625525712966919
2304,6,6,0.8247143626213074
2305,9,9,0.36067113280296326
2306,3,3,0.6076565980911255
2307,9,9,0.6048997640609741
2308,1,1,0.8484317660331726
2309,6,6,0.4022257626056671
2310,6,2,0.20599235594272614
2311,7,7,0.7450280785560608
2312,2,2,0.42386963963508606
2313,6,4,0.4786858856678009
2314,3,3,0.5082995295524597
2315,2,2,0.526515781879425
2316,5,2,0.5552289485931396
2317,5,5,0.6293323636054993
2318,2,2,0.8696991801261902
2319,7,7,0.34757623076438904
2320,5,2,0.43154826760292053
2321,2,8,0.25632813572883606
2322,0,0,0.9086042642593384
2323,8,1,0.5915230512619019
2324,0,0,0.4185042977333069
2325,7,2,0.3112068176269531
2326,7,7,0.8388358950614929
2327,1,0,0.2811938524246216
2328,7,7,0.7134856581687927
2329,4,6,0.529352605342865
2330,0,0,0.698159396648407
2331,2,3,0.38370078802108765
2332,2,2,0.8751479983329773
2333,6,6,0.9811643958091736
2334,1,1,0.8332042694091797
2335,5,5,0.3729577958583832
2336,9,9,0.945926308631897
2337,7,5,0.36390697956085205
2338,6,6,0.6913489699363708
2339,2,2,0.49655890464782715
2340,7,7,0.8029718995094299
2341,0,0,0.9355906844139099
2342,5,3,0.25168877840042114
2343,6,6,0.3105964958667755
2344,0,0,0.6758185625076294
2345,1,1,0.8557167053222656
2346,1,1,0.8419674038887024
2347,8,8,0.7948853373527527
2348,4,3,0.42366689443588257
2349,5,5,0.7114388346672058
2350,3,0,0.41376742720603943
2351,1,1,0.7159237861633301
2352,2,3,0.2347777783870697
2353,4,4,0.5000418424606323
2354,8,8,0.9012506604194641
2355,9,8,0.5356977581977844
2356,8,8,0.623871386051178
2357,1,9,0.5651739239692688
2358,7,5,0.36537107825279236
2359,2,4,0.3554356098175049
2360,7,7,0.5041859745979309
2361,2,2,0.5500290393829346
2362,3,4,0.331271231174469
2363,2,6,0.6316819190979004
2364,6,6,0.6067211031913757
2365,7,5,0.40131327509880066
2366,9,8,0.3921326696872711
2367,4,4,0.5559282302856445
2368,0,0,0.9000918865203857
2369,1,1,0.9060804843902588
2370,0,0,0.8650799989700317
2371,4,8,0.3649081885814667
2372,5,5,0.6247087717056274
2373,0,0,0.999092698097229
2374,8,8,0.7608346343040466
2375,0,0,0.6193552017211914
2376,7,0,0.4812025725841522
2377,6,4,0.7047891616821289
2378,1,1,0.6924176812171936
2379,0,8,0.6806655526161194
2380,8,8,0.8505854606628418
2381,5,5,0.7616506814956665
2382,9,9,0.7481507658958435
2383,2,2,0.5068629384040833
2384,5,3,0.25636136531829834
2385,4,7,0.23647688329219818
2386,4,4,0.4755184054374695
2387,9,8,0.32925620675086975
2388,0,0,0.7746642231941223
2389,6,6,0.5179960131645203
2390,1,4,0.15315164625644684
2391,2,2,0.2894383668899536
2392,5,2,0.5207464098930359
2393,1,1,0.8180333375930786
2394,6,4,0.2404150515794754
2395,7,0,0.2389865666627884
2396,1,9,0.42007529735565186
2397,5,5,0.3312526345252991
2398,8,8,0.8479079008102417
2399,8,8,0.9848251938819885
2400,0,0,0.9823859333992004
2401,3,3,0.3792490065097809
2402,9,9,0.8292762637138367
2403,4,4,0.4336782395839691
2404,0,0,0.49448734521865845
2405,3,6,0.7599456906318665
2406,4,4,0.4381988048553467
2407,9,9,0.39969316124916077
2408,2,2,0.7476317882537842
2409,4,4,0.5835545063018799
2410,3,3,0.5129152536392212
2411,0,8,0.6661686897277832
2412,6,6,0.34296914935112
2413,4,6,0.28137168288230896
2414,5,6,0.36553943157196045
2415,6,6,0.6162302494049072
2416,6,6,0.5573174953460693
2417,7,7,0.71605384349823
2418,8,8,0.9227786660194397
2419,4,7,0.27857667207717896
2420,8,1,0.6428572535514832
2421,8,8,0.4043101966381073
2422,3,2,0.25928929448127747
2423,2,6,0.3370109498500824
2424,8,8,0.4781918525695801
2425,0,0,0.5238291025161743
2426,2,2,0.48004841804504395
2427,5,3,0.41569650173187256
2428,6,6,0.9045450687408447
2429,8,8,0.7077531814575195
2430,7,7,0.3587993383407593
2431,8,8,0.7301936745643616
2432,9,0,0.4511561393737793
2433,9,1,0.6565459370613098
2434,0,0,0.510383129119873
2435,6,2,0.3969535827636719
2436,6,6,0.6073397397994995
2437,8,8,0.723412036895752
2438,1,8,0.7818366289138794
2439,1,1,0.688183605670929
2440,7,8,0.34515613317489624
2441,4,4,0.4067010283470154
2442,4,4,0.48210862278938293
2443,2,2,0.6901078820228577
2444,3,5,0.46843382716178894
2445,6,6,0.9885019063949585
2446,9,9,0.5563973188400269
2447,6,1,0.2766334116458893
2448,2,2,0.594399631023407
2449,4,5,0.33310666680336
2450,1,1,0.9830778241157532
2451,8,8,0.9423418045043945
2452,2,2,0.299129456281662
2453,3,4,0.49484556913375854
2454,1,8,0.6197841167449951
2455,6,6,0.26218342781066895
2456,8,8,0.8801411986351013
2457,6,6,0.9324156641960144
2458,8,8,0.7606402635574341
2459,5,5,0.7014562487602234
2460,9,9,0.8739867806434631
2461,0,0,0.8703514337539673
2462,1,1,0.8741287589073181
2463,0,0,0.979658842086792
2464,2,6,0.2620494067668915
2465,9,9,0.6043546795845032
2466,2,2,0.3327437937259674
2467,9,9,0.7851195335388184
2468,0,0,0.9286510348320007
2469,9,9,0.8749944567680359
2470,7,7,0.5577137470245361
2471,8,8,0.9437212347984314
2472,5,7,0.17434005439281464
2473,0,0,0.7173064947128296
2474,6,6,0.325642466545105
2475,6,6,0.9079228639602661
2476,8,8,0.982260525226593
2477,1,1,0.7313480973243713
2478,6,6,0.7812938094139099
2479,5,5,0.32008466124534607
2480,8,8,0.9321170449256897
2481,7,7,0.38165587186813354
2482,9,9,0.6199213862419128
2483,2,2,0.24562682211399078
2484,1,1,0.968065083026886
2485,6,6,0.7383471727371216
2486,7,4,0.6596457958221436
2487,5,5,0.5733309388160706
2488,6,6,0.8926429748535156
2489,3,2,0.33337026834487915
2490,0,8,0.4636143147945404
2491,9,0,0.7285409569740295
2492,8,8,0.7527845501899719
2493,9,9,0.834826648235321
2494,5,3,0.26347458362579346
2495,9,0,0.3469334840774536
2496,9,9,0.6316968202590942
2497,9,0,0.4521036148071289
2498,3,3,0.40607020258903503
2499,6,2,0.2707163393497467
2500,4,4,0.5644069314002991
2501,4,4,0.4749436676502228
2502,8,8,0.8994478583335876
2503,8,8,0.6885891556739807
2504,1,1,0.9845545887947083
2505,7,1,0.7182530164718628
2506,3,3,0.26316484808921814
2507,0,0,0.7136496305465698
2508,6,4,0.7175647020339966
2509,2,1,0.23345617949962616
2510,4,4,0.3780169188976288
2511,8,1,0.8025587201118469
2512,2,2,0.2909758687019348
2513,2,2,0.7917572855949402
2514,9,9,0.5221307277679443
2515,2,2,0.29739654064178467
2516,2,5,0.4610244035720825
2517,9,9,0.49174031615257263
2518,7,7,0.9353711605072021
2519,4,3,0.3026435971260071
2520,1,8,0.1778736412525177
2521,9,5,0.46248140931129456
2522,1,0,0.578852653503418
2523,4,3,0.2824646234512329
2524,3,3,0.2708387076854706
2525,5,9,0.3069726228713989
2526,3,5,0.31883740425109863
2527,8,8,0.9230439066886902
2528,9,9,0.34627729654312134
2529,3,5,0.40953823924064636
2530,6,6,0.583247184753418
2531,2,5,0.2816808223724365
2532,0,1,0.7211282849311829
2533,8,2,0.2544521689414978
2534,9,9,0.7253151535987854
2535,0,6,0.5046735405921936
2536,5,5,0.7745770812034607
2537,1,1,0.9200701713562012
2538,5,2,0.5826264023780823
2539,8,9,0.7868780493736267
2540,2,2,0.3623882830142975
2541,1,1,0.8344525694847107
2542,2,8,0.7852212190628052
2543,3,0,0.7808742523193359
2544,2,2,0.4301939010620117
2545,4,4,0.3584133982658386
2546,8,8,0.9004111289978027
2547,4,4,0.5439223647117615
2548,0,9,0.5173048377037048
2549,6,6,0.72420734167099
2550,4,4,0.2739059329032898
2551,2,2,0.385506808757782
2552,9,9,0.9412834644317627
2553,8,8,0.9348099827766418
2554,4,4,0.6779178977012634
2555,7,9,0.9850060343742371
2556,6,6,0.6838098168373108
2557,2,2,0.31937915086746216
2558,4,4,0.26961037516593933
2559,7,7,0.8681591153144836
2560,7,4,0.35007405281066895
2561,6,6,0.9716717004776001
2562,4,4,0.47747209668159485
2563,2,2,0.4589943289756775
2564,2,2,0.4830198585987091
2565,3,3,0.49878403544425964
2566,2,2,0.3927932679653168
2567,4,3,0.39135703444480896
2568,9,4,0.2942253053188324
2569,0,0,0.9758530855178833
2570,0,3,0.4602274000644684
2571,9,9,0.24051235616207123
2572,6,6,0.7573900818824768
2573,5,4,0.26090970635414124
2574,8,8,0.7661455869674683
2575,5,4,0.48971953988075256
2576,2,3,0.2518015205860138
2577,4,4,0.545820951461792
2578,8,3,0.4024294912815094
2579,8,8,0.6602575182914734
2580,6,6,0.6150755286216736
2581,4,4,0.2140910029411316
2582,5,5,0.6478517651557922
2583,7,7,0.9866389036178589
2584,6,6,0.954217255115509
2585,3,5,0.534768283367157
2586,7,2,0.3219202756881714
2587,0,0,0.5335274338722229
2588,4,4,0.4497779905796051
2589,0,0,0.3982095420360565
2590,5,0,0.2039908766746521
2591,8,8,0.7618457674980164
2592,2,5,0.3301856219768524
2593,8,8,0.8930425047874451
2594,0,0,0.8239418268203735
2595,4,6,0.4913661479949951
2596,9,9,0.5428221821784973
2597,2,5,0.3813243806362152
2598,3,5,0.41984784603118896
2599,6,3,0.4194030165672302
2600,8,8,0.5100676417350769
2601,1,1,0.938439667224884
2602,6,6,0.9889428615570068
2603,0,1,0.4173680543899536
2604,8,8,0.7966348528862
2605,4,7,0.45975998044013977
2606,3,5,0.31542956829071045
2607,1,1,0.3530457317829132
2608,4,2,0.5272284150123596
2609,5,7,0.24700979888439178
2610,2,2,0.8912739753723145
2611,4,4,0.2685178518295288
2612,3,5,0.48022183775901794
2613,6,4,0.4028533399105072
2614,0,0,0.9525357484817505
2615,7,7,0.9316074252128601
2616,1,1,0.6902037858963013
2617,3,5,0.48807933926582336
2618,5,3,0.3494061529636383
2619,7,3,0.3781873285770416
2620,1,1,0.9168784618377686
2621,8,8,0.9459238648414612
2622,0,0,0.5430834889411926
2623,4,4,0.25865069031715393
2624,8,8,0.6273719072341919
2625,2,2,0.5494624972343445
2626,7,7,0.772310733795166
2627,7,7,0.6943323016166687
2628,0,8,0.7844168543815613
2629,2,4,0.4756523072719574
2630,2,2,0.41726574301719666
2631,4,4,0.5141841769218445
2632,3,3,0.22563931345939636
2633,3,3,0.3399352431297302
2634,1,1,0.3383205533027649
2635,6,4,0.6236732006072998
2636,1,1,0.5788535475730896
2637,6,4,0.5948814749717712
2638,4,4,0.7117948532104492
2639,6,9,0.3564014136791229
2640,7,7,0.683189332485199
2641,4,4,0.4906558692455292
2642,7,5,0.20120258629322052
2643,3,4,0.5254029631614685
2644,8,8,0.35321900248527527
2645,1,1,0.9892598390579224
2646,3,3,0.439689040184021
2647,1,1,0.7395464181900024
2648,4,4,0.32117801904678345
2649,6,6,0.5877651572227478
2650,5,2,0.3944007456302643
2651,5,0,0.7258002758026123
2652,7,7,0.7977273464202881
2653,4,0,0.622383177280426
2654,5,5,0.22863033413887024
2655,4,0,0.4608932435512543
2656,9,9,0.6953962445259094
2657,7,5,0.259339839220047
2658,7,7,0.44107282161712646
2659,2,3,0.27677229046821594
2660,3,3,0.3268556296825409
2661,3,3,0.4500458538532257
2662,6,2,0.2660686671733856
2663,7,9,0.38357409834861755
2664,4,4,0.5802844166755676
2665,1,1,0.7484714984893799
2666,6,6,0.9327548742294312
2667,1,1,0.9854300022125244
2668,0,2,0.42529574036598206
2669,6,6,0.9462199807167053
2670,9,9,0.701393187046051
2671,6,1,0.5472168326377869
2672,0,0,0.29948872327804565
2673,2,2,0.3391043543815613
2674,0,0,0.8544622659683228
2675,2,4,0.5090304017066956
2676,4,4,0.7046608328819275
2677,7,7,0.5033259987831116
2678,0,0,0.5487523674964905
2679,0,0,0.6346153616905212
2680,0,0,0.9148544669151306
2681,0,0,0.3589906692504883
2682,7,4,0.5087619423866272
2683,5,5,0.7264882326126099
2684,3,3,0.4079969823360443
2685,2,4,0.48578161001205444
2686,7,7,0.9037899971008301
2687,8,8,0.9929511547088623
2688,5,5,0.4582720696926117
2689,5,5,0.4647362232208252
2690,2,0,0.30210813879966736
2691,2,2,0.7681217193603516
2692,8,8,0.6905978322029114
2693,9,9,0.6315639019012451
2694,1,1,0.9219269752502441
2695,2,6,0.570827305316925
2696,2,7,0.6020782589912415
2697,0,8,0.5206348299980164
2698,3,3,0.6197268962860107
2699,4,4,0.6614664196968079
2700,9,9,0.6249886751174927
2701,1,1,0.38614997267723083
2702,6,4,0.5407494902610779
2703,9,0,0.8488578200340271
2704,0,8,0.36054733395576477
2705,8,0,0.5861539244651794
2706,3,3,0.42141154408454895
2707,6,4,0.33638325333595276
2708,4,4,0.1725267767906189
2709,6,6,0.37226006388664246
2710,7,7,0.9010266065597534
2711,5,3,0.3345052897930145
2712,1,1,0.6869299411773682
2713,8,8,0.905164361000061
2714,9,8,0.5965991020202637
2715,0,0,0.996020495891571
2716,5,3,0.30933472514152527
2717,0,3,0.305213987827301
2718,5,2,0.27295148372650146
2719,4,5,0.40369686484336853
2720,3,3,0.2656748294830322
2721,8,8,0.4854731559753418
2722,5,3,0.311448335647583
2723,2,2,0.48563751578330994
2724,0,0,0.9251525402069092
2725,8,8,0.8292573094367981
2726,5,5,0.4604657292366028
2727,9,9,0.9474840760231018
2728,2,2,0.20996849238872528
2729,5,3,0.29193583130836487
2730,6,6,0.5321745276451111
2731,5,7,0.3829120695590973
2732,7,7,0.9788258671760559
2733,3,4,0.4300653040409088
2734,7,7,0.8322873115539551
2735,2,2,0.4130237102508545
2736,8,8,0.6659339070320129
2737,8,8,0.6530359387397766
2738,4,4,0.31058037281036377
2739,2,2,0.805342972278595
2740,1,7,0.5294764041900635
2741,6,6,0.7539182901382446
2742,2,5,0.47295665740966797
2743,9,9,0.46422499418258667
2744,9,9,0.7644760012626648
2745,8,8,0.9261279106140137
2746,2,1,0.33080413937568665
2747,3,1,0.38932690024375916
2748,1,1,0.8438030481338501
2749,0,0,0.8578833341598511
2750,5,5,0.4662627577781677
2751,2,7,0.3384665548801422
2752,3,5,0.28358933329582214
2753,7,7,0.27592214941978455
2754,9,1,0.4996800124645233
2755,5,7,0.5427660346031189
2756,9,9,0.5172742605209351
2757,1,9,0.8847209215164185
2758,1,1,0.6250361800193787
2759,3,6,0.31919625401496887
2760,2,2,0.45925280451774597
2761,7,7,0.8841833472251892
2762,4,2,0.43015599250793457
2763,4,4,0.6233254075050354
2764,1,1,0.9737226366996765
2765,9,9,0.5685636401176453
2766,4,4,0.861433744430542
2767,5,0,0.2582252025604248
2768,5,5,0.35557815432548523
2769,2,1,0.31604036688804626
2770,7,5,0.3747454583644867
2771,7,7,0.342611700296402
2772,6,6,0.6945217847824097
2773,1,1,0.32054296135902405
2774,2,2,0.4309750199317932
2775,3,3,0.4879646301269531
2776,7,7,0.4080407917499542
2777,5,5,0.6016639471054077
2778,4,4,0.7040330171585083
2779,3,2,0.22693438827991486
2780,7,7,0.9834291338920593
2781,7,0,0.272709459066391
2782,0,2,0.3549576699733734
2783,0,0,0.6730169057846069
2784,1,1,0.6391006112098694
2785,4,4,0.32919371128082275
2786,4,7,0.3842477798461914
2787,3,8,0.21422424912452698
2788,7,7,0.29054975509643555
2789,9,9,0.5118951797485352
2790,8,8,0.7655103802680969
2791,7,7,0.7979514002799988
2792,0,0,0.9844592809677124
2793,9,9,0.984499454498291
2794,0,0,0.6959331035614014
2795,3,3,0.3936499357223511
2796,7,7,0.8834454417228699
2797,6,4,0.3609928488731384
2798,3,5,0.7328078746795654
2799,8,8,0.8430054187774658
2800,4,4,0.4791735112667084
2801,5,5,0.5214784741401672
2802,6,6,0.9734627604484558
2803,5,5,0.6766156554222107
2804,3,2,0.2899795472621918
2805,4,2,0.5802834630012512
2806,2,2,0.4876956045627594
2807,9,8,0.4936853051185608
2808,2,2,0.2551482617855072
2809,4,4,0.3971738815307617
2810,9,0,0.281100869178772
2811,2,2,0.31339171528816223
2812,0,0,0.8766563534736633
2813,1,1,0.9836243391036987
2814,1,9,0.4672374725341797
2815,3,9,0.1676648110151291
2816,7,4,0.3397141695022583
2817,9,9,0.5788547396659851
2818,5,6,0.5670916438102722
2819,1,1,0.9653806686401367
2820,6,6,0.8669211268424988
2821,0,0,0.23017726838588715
2822,3,5,0.6746878027915955
2823,3,4,0.29585614800453186
2824,7,7,0.9132080674171448
2825,2,6,0.4606335759162903
2826,4,4,0.4678387939929962
2827,5,5,0.6912868022918701
2828,2,2,0.2739400565624237
2829,3,6,0.45080673694610596
2830,6,6,0.9581901431083679
2831,3,3,0.3596380949020386
2832,3,3,0.31476181745529175
2833,0,0,0.9533309936523438
2834,4,2,0.4878983497619629
2835,4,6,0.19880475103855133
2836,3,8,0.7426404356956482
2837,8,8,0.8107388615608215
2838,1,8,0.35706478357315063
2839,2,2,0.4079568088054657
2840,3,3,0.4252873361110687
2841,2,7,0.7409309148788452
2842,7,6,0.3481665849685669
2843,1,8,0.40508002042770386
2844,4,4,0.2413015514612198
2845,5,2,0.5079730153083801
2846,6,6,0.6112884879112244
2847,8,0,0.6053298115730286
2848,6,9,0.5074942111968994
2849,6,6,0.2834091782569885
2850,5,5,0.7774311900138855
2851,4,4,0.39160582423210144
2852,2,4,0.3761838674545288
2853,9,9,0.8578272461891174
2854,9,7,0.5621164441108704
2855,3,5,0.49967578053474426
2856,2,3,0.2845669984817505
2857,0,0,0.643569827079773
2858,4,4,0.48570725321769714
2859,1,1,0.409576952457428
2860,5,7,0.2249082773923874
2861,5,5,0.516716480255127
2862,6,6,0.5048697590827942
2863,6,6,0.473960280418396
2864,5,5,0.9057876467704773
2865,6,6,0.6761925220489502
2866,9,9,0.7217287421226501
2867,7,3,0.2620666027069092
2868,9,7,0.19288665056228638
2869,4,0,0.5556857585906982
2870,8,8,0.7909198999404907
2871,3,3,0.4885454773902893
2872,1,1,0.6940105557441711
2873,9,9,0.49112722277641296
2874,8,8,0.5225022435188293
2875,1,0,0.5484216213226318
2876,9,8,0.39088064432144165
2877,0,8,0.7630400061607361
2878,3,3,0.37640321254730225
2879,0,2,0.4060207009315491
2880,4,4,0.6134573817253113
2881,7,7,0.3747188448905945
2882,7,4,0.4286448359489441
2883,2,2,0.7913100123405457
2884,6,6,0.7677310705184937
2885,5,5,0.6060951352119446
2886,6,6,0.5343383550643921
2887,9,1,0.518832802772522
2888,7,3,0.2972578704357147
2889,7,5,0.7216882705688477
2890,5,5,0.5700940489768982
2891,7,7,0.3235359489917755
2892,0,0,0.5431883335113525
2893,8,8,0.8958812952041626
2894,6,6,0.5412028431892395
2895,7,5,0.6242977976799011
2896,8,8,0.9730502963066101
2897,3,3,0.3340546190738678
2898,8,6,0.8858237862586975
2899,9,2,0.18334777653217316
2900,3,7,0.3521975576877594
2901,2,8,0.6362514495849609
2902,9,9,0.3642676770687103
2903,2,2,0.5430135726928711
2904,7,7,0.9184861183166504
2905,4,4,0.386195570230484
2906,1,9,0.3580711781978607
2907,9,9,0.4156847596168518
2908,7,7,0.7323487997055054
2909,0,0,0.6796976923942566
2910,8,7,0.18544194102287292
2911,1,1,0.9727956056594849
2912,2,4,0.5459369421005249
2913,0,8,0.721671998500824
2914,6,6,0.6078435778617859
2915,5,5,0.8760069012641907
2916,1,1,0.5347272753715515
2917,4,4,0.9040446877479553
2918,2,2,0.6061787605285645
2919,8,8,0.8512223958969116
2920,2,4,0.2676866352558136
2921,8,8,0.9170340895652771
2922,3,3,0.5210914015769958
2923,3,5,0.5683994293212891
2924,1,1,0.9275029897689819
2925,4,7,0.3485995829105377
2926,9,9,0.9729500412940979
2927,8,8,0.8517348766326904
2928,1,1,0.9776710271835327
2929,1,1,0.8624265193939209
2930,7,5,0.3488942086696625
2931,9,9,0.6303749084472656
2932,9,9,0.5087727904319763
2933,4,4,0.5460112690925598
2934,6,6,0.6812537908554077
2935,8,8,0.662051796913147
2936,5,5,0.6334465146064758
2937,3,3,0.3885971009731293
2938,2,2,0.2670742869377136
2939,2,2,0.3617016077041626
2940,3,7,0.4943160116672516
2941,8,8,0.44034475088119507
2942,5,5,0.7519034743309021
2943,1,1,0.807253360748291
2944,9,9,0.8023936748504639
2945,7,9,0.3215511441230774
2946,9,9,0.7727941870689392
2947,1,1,0.6190130710601807
2948,5,0,0.2556588649749756
2949,3,3,0.36138105392456055
2950,1,1,0.8832252025604248
2951,0,8,0.4735546112060547
2952,3,3,0.45426517724990845
2953,8,8,0.9568020701408386
2954,9,9,0.38703274726867676
2955,2,5,0.8003556728363037
2956,0,0,0.543432891368866
2957,8,8,0.34074667096138
2958,0,8,0.6577847003936768
2959,7,0,0.47571057081222534
2960,9,9,0.7240384817123413
2961,4,4,0.5846437215805054
2962,8,8,0.5620245933532715
2963,3,3,0.34026145935058594
2964,0,0,0.49949100613594055
2965,7,5,0.2557421028614044
2966,0,0,0.5881466269493103
2967,7,7,0.565476655960083
2968,0,0,0.7477043271064758
2969,5,5,0.6562396287918091
2970,5,3,0.42840689420700073
2971,4,4,0.7769505381584167
2972,3,9,0.16217049956321716
2973,0,0,0.6016737818717957
2974,9,9,0.8633797764778137
2975,9,2,0.3966674506664276
2976,0,2,0.3999923765659332
2977,2,6,0.29147613048553467
2978,2,9,0.2100571244955063
2979,0,0,0.975273609161377
2980,8,8,0.9846858978271484
2981,4,3,0.20362704992294312
2982,4,4,0.7788795828819275
2983,5,5,0.6579304933547974
2984,2,2,0.2319488376379013
2985,2,9,0.39124584197998047
2986,1,8,0.8191478252410889
2987,1,7,0.28936347365379333
2988,5,7,0.4473859369754791
2989,5,6,0.37608602643013
2990,4,4,0.2919996380805969
2991,3,3,0.3957540988922119
2992,4,0,0.5744068026542664
2993,0,8,0.7953168153762817
2994,8,8,0.8938637971878052
2995,4,2,0.3444390892982483
2996,8,8,0.4987843334674835
2997,2,5,0.5900362730026245
2998,5,5,0.5567203760147095
2999,6,4,0.6040803790092468
3000,5,5,0.825587809085846
3001,1,1,0.9849152565002441
3002,7,7,0.7290751934051514
3003,2,2,0.2258133888244629
3004,4,4,0.40865859389305115
3005,0,8,0.4235171675682068
3006,5,5,0.339258074760437
3007,6,6,0.9224043488502502
3008,8,8,0.37522512674331665
3009,7,7,0.8050480484962463
3010,6,6,0.7710594534873962
3011,3,3,0.24487578868865967
3012,1,1,0.37914028763771057
3013,3,5,0.31479355692863464
3014,6,3,0.2458859533071518
3015,6,6,0.7197441458702087
3016,4,2,0.22717928886413574
3017,5,5,0.8831807374954224
3018,5,3,0.358744740486145
3019,5,5,0.4396955668926239
3020,1,1,0.9391084909439087
3021,8,8,0.8108181953430176
3022,7,7,0.9281938672065735
3023,3,5,0.39808329939842224
3024,0,0,0.9595680236816406
3025,2,6,0.6927334666252136
3026,5,7,0.6975134015083313
3027,1,1,0.981532096862793
3028,1,1,0.5996417999267578
3029,1,9,0.5396983623504639
3030,6,1,0.734188973903656
3031,7,7,0.2066809982061386
3032,2,6,0.31902337074279785
3033,1,9,0.5631930232048035
3034,2,2,0.39234504103660583
3035,3,3,0.3431324064731598
3036,9,9,0.8052526116371155
3037,8,8,0.6912980079650879
3038,3,3,0.4012209177017212
3039,1,9,0.3953225612640381
3040,7,7,0.986470639705658
3041,4,4,0.48291632533073425
3042,8,8,0.5509370565414429
3043,4,8,0.2569097578525543
3044,7,7,0.6625518798828125
3045,5,5,0.6681153178215027
3046,8,8,0.8531027436256409
3047,6,5,0.5434014797210693
3048,0,0,0.8482549786567688
3049,3,3,0.4256896674633026
3050,0,0,0.6046819686889648
3051,8,2,0.42061156034469604
3052,3,2,0.41415736079216003
3053,4,6,0.762054979801178
3054,4,0,0.49282610416412354
3055,9,1,0.5530540943145752
3056,4,4,0.26011577248573303
3057,6,6,0.9666392207145691
3058,1,1,0.8543859124183655
3059,5,8,0.30019286274909973
3060,7,5,0.26099997758865356
3061,7,7,0.36230596899986267
3062,9,9,0.8327304720878601
3063,0,0,0.7583470344543457
3064,1,1,0.8712999820709229
3065,3,7,0.5017507076263428
3066,1,0,0.37510010600090027
3067,3,5,0.26867857575416565
3068,2,0,0.7603223919868469
3069,4,3,0.2631855905056
3070,0,0,0.7411592602729797
3071,7,7,0.48998957872390747
3072,8,1,0.7288472652435303
3073,3,5,0.593463659286499
3074,1,1,0.9972493052482605
3075,6,3,0.3086090087890625
3076,2,2,0.6224329471588135
3077,1,1,0.9203540086746216
3078,8,8,0.8175390362739563
3079,8,8,0.39677944779396057
3080,1,0,0.5384852886199951
3081,9,9,0.9060646295547485
3082,7,7,0.4333469867706299
3083,5,8,0.33969542384147644
3084,3,3,0.3437524437904358
3085,2,2,0.3600991368293762
3086,9,9,0.9453076124191284
3087,0,0,0.7482172846794128
3088,6,4,0.41793444752693176
3089,8,8,0.821047842502594
3090,4,4,0.5206797122955322
3091,1,1,0.34474533796310425
3092,5,2,0.3264588713645935
3093,7,7,0.8238725066184998
3094,2,0,0.6560470461845398
3095,4,4,0.46652865409851074
3096,7,7,0.5434852838516235
3097,0,7,0.3266545534133911
3098,4,4,0.6858781576156616
3099,9,9,0.8194084763526917
3100,0,0,0.5651171207427979
3101,7,7,0.9970376491546631
3102,0,0,0.695690393447876
3103,6,6,0.6190544366836548
3104,7,7,0.9654462337493896
3105,1,1,0.613152027130127
3106,8,8,0.8077854514122009
3107,5,3,0.3802139163017273
3108,8,3,0.2812747359275818
3109,8,8,0.8492196798324585
3110,7,5,0.5503578186035156
3111,0,0,0.5442419052124023
3112,0,0,0.8997137546539307
3113,3,6,0.441976934671402
3114,2,0,0.39394858479499817
3115,5,3,0.270729124546051
3116,7,5,0.24829329550266266
3117,0,0,0.37926214933395386
3118,6,4,0.5229726433753967
3119,4,6,0.48582184314727783
3120,4,4,0.3103184700012207
3121,9,9,0.7936820387840271
3122,1,1,0.6192400455474854
3123,8,8,0.7393445372581482
3124,6,6,0.7540509700775146
3125,3,6,0.4560466706752777
3126,9,9,0.939350426197052
3127,4,4,0.3431014120578766
3128,9,9,0.851925790309906
3129,3,3,0.5864993333816528
3130,3,3,0.5675771236419678
3131,7,4,0.3991851210594177
3132,5,5,0.5693865418434143
3133,9,9,0.5686506032943726
3134,7,7,0.8876282572746277
3135,7,5,0.41034790873527527
3136,4,4,0.4476289749145508
3137,5,5,0.4753796458244324
3138,8,8,0.8184524178504944
3139,2,9,0.3546941876411438
3140,8,8,0.8333818316459656
3141,9,9,0.9332908987998962
3142,5,5,0.6570245623588562
3143,3,3,0.6092973351478577
3144,1,1,0.9431813955307007
3145,9,9,0.7186061143875122
3146,2,2,0.29644516110420227
3147,2,5,0.22718214988708496
3148,0,8,0.590945303440094
3149,1,1,0.49928611516952515
3150,1,1,0.5129276514053345
3151,8,8,0.8643329739570618
3152,1,1,0.9455322623252869
3153,1,1,0.958003580570221
3154,9,0,0.7271400690078735
3155,8,8,0.8546428680419922
3156,9,9,0.9659491777420044
3157,9,9,0.8953570127487183
3158,0,8,0.6532606482505798
3159,2,4,0.37630000710487366
3160,6,3,0.2415880560874939
3161,9,9,0.876508891582489
3162,1,1,0.6912730932235718
3163,9,3,0.5388989448547363
3164,0,2,0.5163902044296265
3165,1,9,0.6025757193565369
3166,9,1,0.5524093508720398
3167,2,2,0.22500279545783997
3168,9,7,0.180496945977211
3169,9,9,0.6303665041923523
3170,9,9,0.6771904230117798
3171,0,1,0.4556436836719513
3172,9,9,0.61775141954422
3173,9,9,0.8954586982727051
3174,2,3,0.32431432604789734
3175,1,1,0.9296526312828064
3176,7,7,0.9352959990501404
3177,0,2,0.5595648884773254
3178,5,7,0.4565295875072479
3179,6,6,0.82011878490448
3180,3,6,0.24234260618686676
3181,9,9,0.6773770451545715
3182,8,8,0.96151202917099
3183,3,4,0.31498798727989197
3184,0,0,0.6487101912498474
3185,2,3,0.4073592722415924
3186,7,0,0.454048216342926
3187,7,7,0.8511700630187988
3188,4,3,0.3966800570487976
3189,8,8,0.7695551514625549
3190,3,3,0.5868759751319885
3191,0,8,0.3820427656173706
3192,5,2,0.3036358952522278
3193,2,0,0.5526241660118103
3194,3,3,0.5234357714653015
3195,5,5,0.24339549243450165
3196,7,9,0.2623317539691925
3197,6,6,0.7623394727706909
3198,6,6,0.8727970719337463
3199,6,6,0.8496701121330261
3200,5,7,0.2608768343925476
3201,6,5,0.4798574149608612
3202,5,3,0.36588215827941895
3203,4,4,0.6263721585273743
3204,5,3,0.5459432601928711
3205,8,8,0.7287623882293701
3206,8,0,0.8423357009887695
3207,0,0,0.3824526369571686
3208,9,9,0.748695433139801
3209,7,4,0.2300076186656952
3210,9,9,0.4460306763648987
3211,0,8,0.5850852727890015
3212,6,6,0.848412811756134
3213,9,9,0.7070895433425903
3214,6,3,0.29099568724632263
3215,1,1,0.6384162306785583
3216,4,7,0.15409192442893982
3217,7,7,0.7522586584091187
3218,9,3,0.40998250246047974
3219,0,6,0.5359951853752136
3220,3,1,0.37343189120292664
3221,5,5,0.5415802597999573
3222,4,4,0.2924952208995819
3223,7,7,0.36747226119041443
3224,6,6,0.8770434856414795
3225,9,9,0.9103803634643555
3226,8,0,0.8437023162841797
3227,2,2,0.4706859886646271
3228,3,3,0.3172627389431
3229,9,1,0.2800445854663849
3230,3,5,0.4177236258983612
3231,3,3,0.27819448709487915
3232,7,7,0.44853082299232483
3233,8,8,0.738219141960144
3234,3,3,0.3890313506126404
3235,5,5,0.5051258206367493
3236,5,3,0.28253138065338135
3237,9,9,0.5409343242645264
3238,6,6,0.48240727186203003
3239,1,1,0.9803165793418884
3240,4,8,0.43217676877975464
3241,7,7,0.9342726469039917
3242,4,2,0.2711207866668701
3243,8,8,0.9588697552680969
3244,7,7,0.7627677321434021
3245,7,7,0.8048961162567139
3246,1,0,0.26063817739486694
3247,3,5,0.44609469175338745
3248,0,0,0.9344308376312256
3249,3,3,0.3611564338207245
3250,2,6,0.5169792175292969
3251,5,3,0.43008413910865784
3252,4,4,0.44247400760650635
3253,9,8,0.48495662212371826
3254,3,2,0.3395906090736389
3255,5,5,0.3633863925933838
3256,4,4,0.6358585953712463
3257,7,7,0.6834779977798462
3258,0,2,0.2481987029314041
3259,3,5,0.5276808738708496
3260,7,7,0.5156853199005127
3261,0,0,0.7179165482521057
3262,2,7,0.329194575548172
3263,1,1,0.8047205805778503
3264,5,9,0.3640761971473694
3265,8,8,0.9231551885604858
3266,7,7,0.2803521454334259
3267,3,5,0.36519885063171387
3268,5,5,0.8400330543518066
3269,7,7,0.8403525948524475
3270,8,8,0.7000812292098999
3271,5,6,0.5445958375930786
3272,7,7,0.7835265398025513
3273,8,8,0.8511131405830383
3274,1,9,0.6793856024742126
3275,5,4,0.43033722043037415
3276,4,7,0.46049433946609497
3277,7,7,0.9729419350624084
3278,0,0,0.6307503581047058
3279,8,8,0.8222894668579102
3280,3,5,0.5636478066444397
3281,2,2,0.4220171868801117
3282,9,9,0.3225339353084564
3283,7,3,0.19069594144821167
3284,4,3,0.30170923471450806
3285,1,1,0.7160575985908508
3286,6,6,0.8886823654174805
3287,5,5,0.33925560116767883
3288,9,9,0.41765129566192627
3289,8,8,0.8913378715515137
3290,5,5,0.8872095346450806
3291,5,5,0.690604031085968
3292,4,4,0.47472772002220154
3293,1,1,0.9697660207748413
3294,0,0,0.9944899082183838
3295,9,9,0.8581090569496155
3296,4,4,0.6717538833618164
3297,4,3,0.1982785165309906
3298,3,3,0.35810279846191406
3299,0,2,0.3646876811981201
3300,4,4,0.6781333088874817
3301,8,8,0.7172511219978333
3302,0,0,0.6003884673118591
3303,8,8,0.6282752752304077
3304,2,5,0.3758188486099243
3305,9,9,0.8752452731132507
3306,5,2,0.33639925718307495
3307,9,9,0.5833158493041992
3308,7,7,0.29519250988960266
3309,4,7,0.7631176114082336
3310,6,4,0.6252343654632568
3311,7,7,0.621555507183075
3312,9,5,0.29657042026519775
3313,2,2,0.3585767447948456
3314,9,1,0.9384379982948303
3315,3,3,0.3498889207839966
3316,7,7,0.9211866855621338
3317,7,7,0.8977149128913879
3318,8,8,0.8093451857566833
3319,2,3,0.2898290455341339
3320,2,7,0.5573146343231201
3321,0,2,0.32860368490219116
3322,2,5,0.8713643550872803
3323,5,5,0.47233328223228455
3324,3,1,0.394807904958725
3325,6,9,0.275713711977005
3326,4,4,0.8229297995567322
3327,7,5,0.2909766435623169
3328,2,2,0.5265316963195801
3329,3,6,0.4599744379520416
3330,7,3,0.35314449667930603
3331,8,8,0.8480405807495117
3332,7,7,0.5279408097267151
3333,2,2,0.5588444471359253
3334,5,2,0.5069970488548279
3335,0,0,0.5169588327407837
3336,0,9,0.37776869535446167
3337,7,7,0.6517046689987183
3338,0,0,0.7708320021629333
3339,9,9,0.2930971384048462
3340,6,6,0.7433731555938721
3341,1,1,0.9627127051353455
3342,0,8,0.4156416952610016
3343,3,5,0.4044361710548401
3344,9,9,0.3873634338378906
3345,7,7,0.9337716698646545
3346,4,0,0.4384617507457733
3347,9,9,0.895394504070282
3348,1,1,0.47566789388656616
3349,6,3,0.28059130907058716
3350,8,8,0.7500134706497192
3351,1,1,0.9236114621162415
3352,2,2,0.3316184878349304
3353,3,5,0.3039013147354126
3354,3,3,0.2733891010284424
3355,5,8,0.4299687147140503
3356,4,4,0.34970834851264954
3357,8,2,0.5151341557502747
3358,9,9,0.6978172659873962
3359,7,3,0.4787377715110779
3360,4,4,0.580035388469696
3361,4,7,0.7562767267227173
3362,1,1,0.8580098748207092
3363,2,6,0.6991009712219238
3364,4,4,0.622212290763855
3365,9,1,0.5802001953125
3366,8,0,0.5095064640045166
3367,7,7,0.8593161106109619
3368,9,9,0.80532306432724
3369,5,3,0.3461803197860718
3370,1,1,0.7427489757537842
3371,2,5,0.37689876556396484
3372,1,1,0.9697712659835815
3373,6,6,0.2700818181037903
3374,6,6,0.5825633406639099
3375,4,4,0.553184449672699
3376,5,5,0.5219484567642212
3377,7,7,0.5977411866188049
3378,4,2,0.5581737160682678
3379,5,3,0.4193943738937378
3380,8,8,0.8243001103401184
3381,5,5,0.44273215532302856
3382,2,4,0.3110509216785431
3383,8,8,0.8376314043998718
3384,7,5,0.5638699531555176
3385,8,8,0.9631607532501221
3386,2,2,0.44419440627098083
3387,3,6,0.5071753859519958
3388,6,6,0.43434861302375793
3389,1,1,0.9506312608718872
3390,3,5,0.38679516315460205
3391,3,8,0.16741496324539185
3392,1,8,0.774722695350647
3393,5,3,0.4638296961784363
3394,1,1,0.6519803404808044
3395,9,9,0.9557480216026306
3396,0,2,0.4715202748775482
3397,9,9,0.4074324071407318
3398,2,0,0.6425440311431885
3399,0,0,0.563815176486969
3400,6,8,0.3851982653141022
3401,2,2,0.5133734941482544
3402,4,6,0.6489918828010559
3403,8,8,0.6980953812599182
3404,5,5,0.7673171758651733
3405,7,7,0.845139741897583
3406,6,6,0.48012733459472656
3407,1,1,0.7121423482894897
3408,2,4,0.5885226130485535
3409,9,9,0.7483515739440918
3410,4,4,0.856572687625885
3411,5,5,0.5289283990859985
3412,0,0,0.560051679611206
3413,3,8,0.49481701850891113
3414,3,5,0.2838858664035797
3415,7,2,0.3518697917461395
3416,7,7,0.21272824704647064
3417,7,2,0.23808027803897858
3418,1,1,0.9621565341949463
3419,4,3,0.2212480902671814
3420,5,3,0.30026140809059143
3421,0,0,0.667884111404419
3422,2,5,0.31820914149284363
3423,8,8,0.8750718832015991
3424,5,5,0.6152021884918213
3425,0,0,0.7176838517189026
3426,0,0,0.8958039879798889
3427,6,7,0.247819185256958
3428,2,9,0.21293996274471283
3429,0,0,0.6778879761695862
3430,8,8,0.6197521090507507
3431,4,4,0.6023150682449341
3432,5,5,0.48011159896850586
3433,4,2,0.49569612741470337
3434,5,5,0.6967790722846985
3435,6,6,0.8569072484970093
3436,4,4,0.5476875305175781
3437,7,7,0.9089388251304626
3438,9,9,0.8622787594795227
3439,4,3,0.24444140493869781
3440,2,3,0.34205228090286255
3441,0,0,0.9350999593734741
3442,6,6,0.3198232352733612
3443,4,2,0.766489565372467
3444,0,3,0.4094560444355011
3445,0,0,0.8296899199485779
3446,6,3,0.47290268540382385
3447,4,4,0.4723740816116333
3448,6,5,0.25090306997299194
3449,1,9,0.32714471220970154
3450,9,1,0.3798659145832062
3451,5,5,0.4231308102607727
3452,5,5,0.354093074798584
3453,2,2,0.5915436744689941
3454,2,2,0.6278970837593079
3455,6,3,0.48410332202911377
3456,3,3,0.5829751491546631
3457,4,4,0.33229637145996094
3458,5,5,0.42827579379081726
3459,9,9,0.46128368377685547
3460,1,1,0.48209714889526367
3461,7,5,0.4398437738418579
3462,2,2,0.45375290513038635
3463,3,3,0.34079912304878235
3464,9,9,0.5140929818153381
3465,6,6,0.5635043978691101
3466,5,5,0.5661078095436096
3467,0,0,0.7865001559257507
3468,2,2,0.5585448741912842
3469,9,1,0.6935835480690002
3470,7,3,0.2259923368692398
3471,1,1,0.8910223841667175
3472,7,7,0.6015005707740784
3473,2,5,0.34650957584381104
3474,2,2,0.15909337997436523
3475,0,0,0.7330569624900818
3476,8,2,0.3065224885940552
3477,6,6,0.550421953201294
3478,4,4,0.370620459318161
3479,3,3,0.32964470982551575
3480,2,2,0.8024486303329468
3481,7,2,0.2657740116119385
3482,7,7,0.6497762799263
3483,0,0,0.8386836647987366
3484,4,4,0.5718504190444946
3485,1,1,0.8968091011047363
3486,6,6,0.9499998688697815
3487,5,5,0.6748958230018616
3488,1,1,0.8908692002296448
3489,3,9,0.3089427053928375
3490,0,0,0.5296435952186584
3491,3,5,0.5392661094665527
3492,9,9,0.7697659730911255
3493,0,0,0.5304904580116272
3494,0,9,0.28805506229400635
3495,2,4,0.2501411437988281
3496,5,8,0.5859701633453369
3497,0,1,0.3686234652996063
3498,4,8,0.5387824773788452
3499,0,0,0.968367874622345
3500,1,1,0.6647332906723022
3501,9,1,0.6604697704315186
3502,8,5,0.31939977407455444
3503,4,3,0.2655327022075653
3504,9,9,0.8720265626907349
3505,4,2,0.5463038086891174
3506,2,7,0.3224281370639801
3507,4,4,0.5036231875419617
3508,3,3,0.5348005890846252
3509,3,9,0.4096459746360779
3510,4,4,0.36695849895477295
3511,0,8,0.694720447063446
3512,4,6,0.48343586921691895
3513,3,6,0.7726645469665527
3514,2,5,0.40135908126831055
3515,8,8,0.9200645089149475
3516,9,9,0.7209486961364746
3517,1,9,0.3909209370613098
3518,5,5,0.6940468549728394
3519,8,2,0.38989126682281494
3520,1,1,0.8783279657363892
3521,8,8,0.5660466551780701
3522,2,2,0.8394458293914795
3523,4,6,0.3517889976501465
3524,5,7,0.4627705216407776
3525,2,3,0.2635246515274048
3526,4,4,0.44039130210876465
3527,1,9,0.35389378666877747
3528,1,1,0.6687594056129456
3529,6,6,0.47802314162254333
3530,6,6,0.9294053316116333
3531,8,8,0.46003830432891846
3532,5,5,0.8638971447944641
3533,2,2,0.43065914511680603
3534,2,3,0.33903345465660095
3535,5,3,0.44308778643608093
3536,0,0,0.6927669644355774
3537,8,8,0.6805133819580078
3538,2,2,0.42766281962394714
3539,3,8,0.4033195674419403
3540,6,6,0.6861739754676819
3541,2,2,0.5008791089057922
3542,9,9,0.8942782282829285
3543,6,6,0.21890142560005188
3544,1,1,0.8853610157966614
3545,4,4,0.8646555542945862
3546,5,5,0.6612024903297424
3547,9,9,0.890117883682251
3548,0,0,0.6332007646560669
3549,1,1,0.8508546352386475
3550,0,4,0.44089850783348083
3551,0,0,0.7167933583259583
3552,8,8,0.7341320514678955
3553,1,1,0.710552453994751
3554,1,1,0.7371553182601929
3555,6,3,0.3421294689178467
3556,6,6,0.9745470881462097
3557,9,8,0.2179783284664154
3558,5,5,0.818334698677063
3559,4,4,0.7366237044334412
3560,1,1,0.5685293674468994
3561,7,5,0.7831025719642639
3562,8,8,0.9507741332054138
3563,6,6,0.912070095539093
3564,9,9,0.417355477809906
3565,1,1,0.7606291770935059
3566,7,5,0.3358610272407532
3567,6,6,0.9723318219184875
3568,0,0,0.960085928440094
3569,9,6,0.21176688373088837
3570,3,5,0.7462838292121887
3571,5,5,0.5100519061088562
3572,3,6,0.6989694833755493
3573,2,6,0.5563474893569946
3574,5,0,0.4083252549171448
3575,3,3,0.3487137258052826
3576,4,6,0.4830750524997711
3577,9,1,0.8301516175270081
3578,7,7,0.6851248741149902
3579,1,1,0.49373680353164673
3580,4,4,0.18167582154273987
3581,4,4,0.541292667388916
3582,6,6,0.9297885298728943
3583,1,1,0.9444485306739807
3584,3,3,0.4876842498779297
3585,8,8,0.9782450795173645
3586,8,8,0.8792669773101807
3587,0,1,0.3198736608028412
3588,6,6,0.975417971611023
3589,7,4,0.5322580337524414
3590,7,7,0.9838399291038513
3591,6,6,0.6142173409461975
3592,7,7,0.8948858380317688
3593,2,2,0.29444074630737305
3594,3,5,0.7802997827529907
3595,2,4,0.7474699020385742
3596,2,4,0.34907105565071106
3597,6,6,0.8600719571113586
3598,2,2,0.9550310373306274
3599,7,7,0.7873061299324036
3600,4,4,0.2508927285671234
3601,0,3,0.40356749296188354
3602,3,3,0.46800774335861206
3603,6,3,0.37331825494766235
3604,2,0,0.49470075964927673
3605,6,4,0.5576357841491699
3606,3,3,0.4562794268131256
3607,3,2,0.5601232647895813
3608,0,0,0.5374900102615356
3609,9,9,0.9215583205223083
3610,5,3,0.314339816570282
3611,1,1,0.5802017450332642
3612,1,1,0.9363638162612915
3613,5,5,0.50252765417099
3614,3,5,0.43488913774490356
3615,6,2,0.43534690141677856
3616,4,2,0.47013214230537415
3617,3,3,0.43231168389320374
3618,4,2,0.45976749062538147
3619,1,1,0.7116264700889587
3620,0,4,0.5820263624191284
3621,4,0,0.7813666462898254
3622,5,3,0.61627197265625
3623,5,5,0.8264769315719604
3624,2,2,0.3475952446460724
3625,8,8,0.4620341658592224
3626,9,9,0.8274757266044617
3627,4,3,0.18273678421974182
3628,3,3,0.5700522661209106
3629,1,0,0.53631192445755
3630,8,8,0.8853734731674194
3631,0,9,0.763366162776947
3632,1,1,0.584816038608551
3633,3,5,0.4685870110988617
3634,3,3,0.2951595187187195
3635,4,4,0.7357638478279114
3636,4,3,0.3126475512981415
3637,2,6,0.4420493543148041
3638,9,9,0.6968169212341309
3639,7,7,0.9292711615562439
3640,6,2,0.5223948359489441
3641,8,0,0.5459839701652527
3642,1,1,0.8741738200187683
3643,8,8,0.6165151596069336
3644,9,9,0.6707474589347839
3645,1,9,0.7305635213851929
3646,3,3,0.609653115272522
3647,1,1,0.9027789235115051
3648,7,7,0.7368074655532837
3649,3,3,0.37725308537483215
3650,0,0,0.8570559024810791
3651,0,0,0.9188559651374817
3652,2,2,0.4185957908630371
3653,8,8,0.8125585913658142
3654,3,5,0.4108046889305115
3655,9,9,0.6922947764396667
3656,2,3,0.48087674379348755
3657,7,5,0.29991415143013
3658,2,0,0.43248018622398376
3659,6,6,0.8355035185813904
3660,0,0,0.7372649908065796
3661,1,1,0.9041237235069275
3662,6,4,0.31088337302207947
3663,1,1,0.9759243130683899
3664,6,6,0.8269252777099609
3665,7,7,0.4587886333465576
3666,5,5,0.34535419940948486
3667,5,5,0.6131815910339355
3668,2,4,0.5641283392906189
3669,5,5,0.36373594403266907
3670,9,9,0.7951472401618958
3671,4,4,0.44746044278144836
3672,0,0,0.8212553858757019
3673,2,8,0.508897066116333
3674,3,0,0.23128469288349152
3675,4,5,0.2066875547170639
3676,9,1,0.6209945678710938
3677,4,4,0.20890690386295319
3678,1,1,0.910888671875
3679,0,0,0.8061470985412598
3680,0,0,0.33941757678985596
3681,2,2,0.7349536418914795
3682,3,4,0.2447165697813034
3683,8,8,0.2809754014015198
3684,9,9,0.8119261860847473
3685,2,2,0.5375078320503235
3686,8,8,0.8699886202812195
3687,9,9,0.6107693910598755
3688,5,3,0.3598172664642334
3689,7,7,0.3041396737098694
3690,9,1,0.4219048321247101
3691,1,1,0.8955327868461609
3692,4,4,0.6865924000740051
3693,6,2,0.3241388201713562
3694,2,2,0.419567346572876
3695,8,8,0.7412165999412537
3696,4,2,0.3812909424304962
3697,4,2,0.2898401916027069
3698,8,8,0.8808552026748657
3699,9,9,0.7852379679679871
3700,3,3,0.4367799162864685
3701,1,1,0.9192607998847961
3702,1,1,0.34737628698349
3703,6,6,0.6349966526031494
3704,5,0,0.46486321091651917
3705,8,8,0.8209396004676819
3706,4,4,0.8339152932167053
3707,6,6,0.5737984776496887
3708,4,4,0.3195110261440277
3709,5,5,0.6670829653739929
3710,2,2,0.3915567398071289
3711,6,2,0.41639024019241333
3712,4,4,0.44181564450263977
3713,2,5,0.37946444749832153
3714,3,5,0.26596251130104065
3715,1,6,0.532282292842865
3716,3,6,0.6551980376243591
3717,6,6,0.9808969497680664
3718,8,8,0.7696843147277832
3719,5,5,0.5023137927055359
3720,2,2,0.5900781154632568
3721,2,0,0.3831918239593506
3722,7,7,0.9759647250175476
3723,1,9,0.549765944480896
3724,6,6,0.36205780506134033
3725,2,2,0.40723130106925964
3726,5,6,0.27466607093811035
3727,9,9,0.68662029504776
3728,2,6,0.23466016352176666
3729,8,8,0.8823387622833252
3730,1,1,0.9016658663749695
3731,6,6,0.29666778445243835
3732,9,9,0.8773028254508972
3733,2,0,0.2708325684070587
3734,7,5,0.3882639706134796
3735,5,2,0.44801899790763855
3736,3,5,0.4188765287399292
3737,2,2,0.45521074533462524
3738,9,9,0.8107776641845703
3739,7,7,0.6249650716781616
3740,0,0,0.943229079246521
3741,2,2,0.3295523226261139
3742,9,9,0.9001430869102478
3743,3,5,0.5111263990402222
3744,4,7,0.3770667016506195
3745,1,1,0.8114185929298401
3746,7,3,0.22655993700027466
3747,9,9,0.8042951822280884
3748,5,5,0.42383745312690735
3749,8,8,0.5551638603210449
3750,9,9,0.4320389926433563
3751,7,7,0.9137756824493408
3752,3,8,0.2626554071903229
3753,4,5,0.307658851146698
3754,0,8,0.23616138100624084
3755,9,2,0.2988072335720062
3756,7,7,0.45500850677490234
3757,4,3,0.4126433730125427
3758,2,3,0.233635812997818
3759,4,2,0.5458505749702454
3760,7,7,0.9443260431289673
3761,0,8,0.7052927017211914
3762,1,0,0.38939157128334045
3763,8,9,0.47852885723114014
3764,1,1,0.7742757201194763
3765,0,0,0.4508059620857239
3766,4,9,0.2545408010482788
3767,6,4,0.5352228879928589
3768,1,1,0.6621018648147583
3769,9,9,0.5831232666969299
3770,9,1,0.6862174272537231
3771,2,0,0.9163991808891296
3772,1,8,0.4218544065952301
3773,2,5,0.5366827249526978
3774,5,5,0.26692453026771545
3775,6,6,0.7314082980155945
3776,9,9,0.7290400862693787
3777,7,7,0.7989209294319153
3778,7,4,0.3925117254257202
3779,3,2,0.2794991731643677
3780,4,4,0.3810082674026489
3781,2,2,0.4933777451515198
3782,0,0,0.979377031326294
3783,2,2,0.3497493863105774
3784,5,5,0.6366757750511169
3785,6,3,0.18639712035655975
3786,7,8,0.3819369077682495
3787,3,7,0.4821000397205353
3788,7,7,0.9368287324905396
3789,9,7,0.34770041704177856
3790,4,2,0.49822351336479187
3791,2,2,0.33625975251197815
3792,0,0,0.7573853731155396
3793,6,7,0.2808372378349304
3794,1,1,0.8023719787597656
3795,7,4,0.34795081615448
3796,5,5,0.770270824432373
3797,6,3,0.3589767813682556
3798,5,5,0.8920711278915405
3799,3,5,0.34594792127609253
3800,9,1,0.33851975202560425
3801,2,0,0.7569149732589722
3802,7,9,0.6198673844337463
3803,8,8,0.7450673580169678
3804,5,2,0.40700921416282654
3805,9,9,0.9505888223648071
3806,5,2,0.2159307301044464
3807,8,1,0.594474196434021
3808,5,3,0.3240640461444855
3809,4,4,0.48892879486083984
3810,3,3,0.605889618396759
3811,7,7,0.9057319760322571
3812,9,1,0.6048514246940613
3813,8,8,0.9626907706260681
3814,1,1,0.8969349265098572
3815,2,4,0.4316457211971283
3816,2,4,0.4845554232597351
3817,8,8,0.5749801397323608
3818,9,9,0.8629698753356934
3819,3,3,0.31155073642730713
3820,0,2,0.5152493715286255
3821,8,8,0.402398943901062
3822,4,4,0.2980503737926483
3823,0,0,0.9804819226264954
3824,2,4,0.4287453293800354
3825,0,0,0.7510691285133362
3826,1,1,0.844203531742096
3827,4,4,0.293729305267334
3828,1,3,0.4448024332523346
3829,8,8,0.5478057265281677
3830,5,5,0.7055063247680664
3831,5,2,0.18272846937179565
3832,7,4,0.33287185430526733
3833,9,9,0.8551461100578308
3834,8,8,0.77428138256073
3835,3,5,0.530602216720581
3836,7,7,0.8325215578079224
3837,9,9,0.6164257526397705
3838,1,1,0.6062761545181274
3839,5,5,0.7879109978675842
3840,6,3,0.4344637095928192
3841,9,9,0.9714794158935547
3842,8,8,0.6386520862579346
3843,7,3,0.34456688165664673
3844,2,4,0.41153445839881897
3845,0,0,0.6644731163978577
3846,9,9,0.8661186695098877
3847,0,0,0.6738599538803101
3848,8,8,0.4376242458820343
3849,5,5,0.3933115601539612
3850,9,9,0.8698433041572571
3851,4,4,0.38973551988601685
3852,2,2,0.827875554561615
3853,9,3,0.34372109174728394
3854,8,8,0.43255266547203064
3855,1,1,0.9516214728355408
3856,9,1,0.7256444692611694
3857,1,8,0.48484137654304504
3858,8,8,0.5774160623550415
3859,3,3,0.3135109543800354
3860,7,7,0.8899034261703491
3861,6,6,0.6203633546829224
3862,4,2,0.3186102509498596
3863,2,2,0.627202570438385
3864,3,9,0.46823394298553467
3865,7,7,0.4101627767086029
3866,0,2,0.4863360822200775
3867,3,3,0.4300185739994049
3868,5,2,0.2671267092227936
3869,8,8,0.7035298347473145
3870,8,8,0.5657625198364258
3871,8,8,0.902146577835083
3872,7,7,0.5438570380210876
3873,9,9,0.8188351392745972
3874,6,4,0.4953150451183319
3875,2,8,0.31497564911842346
3876,7,7,0.6986634135246277
3877,4,4,0.5180759429931641
3878,5,5,0.4245358109474182
3879,7,7,0.47684377431869507
3880,6,6,0.8219444155693054
3881,7,7,0.6577810645103455
3882,1,1,0.44468721747398376
3883,7,5,0.5108115673065186
3884,3,3,0.2512839734554291
3885,6,3,0.33077508211135864
3886,8,8,0.532982587814331
3887,2,4,0.3965875208377838
3888,6,6,0.4621131122112274
3889,6,6,0.9954337477684021
3890,7,7,0.4089091420173645
3891,1,1,0.8330103754997253
3892,5,3,0.3190186321735382
3893,9,9,0.6431059241294861
3894,7,7,0.8615859746932983
3895,1,1,0.6003003716468811
3896,7,5,0.34757503867149353
3897,0,0,0.935854971408844
3898,1,1,0.5978098511695862
3899,6,2,0.551361620426178
3900,3,6,0.3570459485054016
3901,3,8,0.43824923038482666
3902,9,9,0.42553192377090454
3903,0,8,0.5384864807128906
3904,1,1,0.8307358026504517
3905,2,2,0.3744523525238037
3906,3,3,0.41731107234954834
3907,2,7,0.5771183371543884
3908,2,2,0.9402016401290894
3909,5,3,0.3814682066440582
3910,4,2,0.43637487292289734
3911,9,9,0.720021665096283
3912,8,8,0.5314789414405823
3913,7,7,0.38337022066116333
3914,4,2,0.46215349435806274
3915,4,4,0.28758183121681213
3916,9,9,0.8129190802574158
3917,7,0,0.3492629826068878
3918,6,6,0.8298980593681335
3919,7,7,0.6557430624961853
3920,7,9,0.3605007827281952
3921,1,1,0.6200779676437378
3922,2,2,0.30083879828453064
3923,3,3,0.2884974181652069
3924,5,3,0.2439040094614029
3925,1,1,0.8135114312171936
3926,9,9,0.9745055437088013
3927,0,3,0.3837878406047821
3928,3,5,0.4118683636188507
3929,3,3,0.4247561991214752
3930,1,1,0.9972835779190063
3931,5,5,0.7113164663314819
3932,6,6,0.48578184843063354
3933,6,7,0.2694798409938812
3934,2,7,0.3679579496383667
3935,4,7,0.3355051875114441
3936,6,6,0.8229922652244568
3937,8,8,0.9615089893341064
3938,8,8,0.9725704789161682
3939,9,9,0.4312332570552826
3940,6,6,0.472687691450119
3941,6,6,0.8458804488182068
3942,1,1,0.6940559148788452
3943,0,0,0.8686428070068359
3944,7,7,0.7404417991638184
3945,5,5,0.6603657603263855
3946,8,8,0.9850800633430481
3947,2,4,0.29985374212265015
3948,1,1,0.5351291298866272
3949,5,5,0.531808614730835
3950,8,8,0.9062323570251465
3951,1,1,0.90382319688797
3952,4,2,0.5391583442687988
3953,7,7,0.2682332992553711
3954,5,5,0.4918898642063141
3955,0,0,0.9369730353355408
3956,3,3,0.39534783363342285
3957,9,0,0.4492810368537903
3958,9,9,0.9070864915847778
3959,5,5,0.36553630232810974
3960,2,5,0.5638383626937866
3961,8,1,0.5829352140426636
3962,4,7,0.6455866098403931
3963,1,5,0.4223220944404602
3964,9,8,0.7441219091415405
3965,0,8,0.44001519680023193
3966,4,2,0.44512009620666504
3967,4,4,0.6389067769050598
3968,8,8,0.5975572466850281
3969,2,4,0.41205915808677673
3970,9,2,0.20963358879089355
3971,0,8,0.5527961254119873
3972,7,7,0.9185085296630859
3973,9,1,0.5008925795555115
3974,8,8,0.9454885721206665
3975,7,7,0.902147650718689
3976,1,9,0.5973294973373413
3977,3,6,0.4872615933418274
3978,2,2,0.38881587982177734
3979,9,9,0.8147861361503601
3980,9,9,0.6009590029716492
3981,5,3,0.42159274220466614
3982,9,9,0.9907740950584412
3983,7,0,0.20741596817970276
3984,6,6,0.747859537601471
3985,7,7,0.9356765747070312
3986,7,7,0.3113178014755249
3987,1,1,0.6365870237350464
3988,1,1,0.48826009035110474
3989,2,2,0.30970999598503113
3990,4,2,0.694311797618866
3991,2,2,0.3536180257797241
3992,0,0,0.9734622240066528
3993,6,6,0.8391919732093811
3994,8,8,0.9495570063591003
3995,7,9,0.7795505523681641
3996,6,1,0.49886390566825867
3997,2,2,0.35351428389549255
3998,2,5,0.19318807125091553
3999,9,1,0.45485323667526245
4000,8,4,0.2742684483528137
4001,2,6,0.3909759819507599
4002,4,5,0.427264541387558
4003,2,8,0.554133951663971
4004,0,0,0.5702089667320251
4005,5,5,0.42679452896118164
4006,8,8,0.9392920732498169
4007,6,6,0.6615051627159119
4008,8,8,0.9825721979141235
4009,2,2,0.5479767918586731
4010,7,4,0.5335233807563782
4011,7,9,0.23347723484039307
4012,3,1,0.3027814030647278
4013,1,1,0.4547748565673828
4014,8,8,0.9185900092124939
4015,1,1,0.5607354044914246
4016,6,5,0.35232576727867126
4017,5,5,0.37681272625923157
4018,9,9,0.8900092840194702
4019,7,7,0.8071350455284119
4020,8,8,0.5648889541625977
4021,9,9,0.759476900100708
4022,6,6,0.9654243588447571
4023,4,3,0.3211362361907959
4024,8,8,0.7745419144630432
4025,1,1,0.6981922388076782
4026,9,8,0.4921327233314514
4027,4,2,0.44669368863105774
4028,0,8,0.577486515045166
4029,4,4,0.371256947517395
4030,1,1,0.9677351713180542
4031,4,6,0.3839486539363861
4032,3,3,0.5057219862937927
4033,6,6,0.47376948595046997
4034,2,2,0.7629375457763672
4035,2,2,0.5437155961990356
4036,7,0,0.6495766639709473
4037,0,0,0.9549093246459961
4038,0,1,0.4631497859954834
4039,7,7,0.49822911620140076
4040,0,0,0.7135933637619019
4041,7,7,0.20802824199199677
4042,4,0,0.6646049618721008
4043,3,3,0.48773324489593506
4044,6,2,0.44019195437431335
4045,7,7,0.22132572531700134
4046,7,7,0.656340479850769
4047,4,4,0.46919840574264526
4048,5,7,0.46773236989974976
4049,4,4,0.4939183294773102
4050,3,2,0.6052495241165161
4051,5,3,0.30745285749435425
4052,5,4,0.22201679646968842
4053,4,4,0.5295361876487732
4054,7,0,0.4655110538005829
4055,1,1,0.5090457201004028
4056,0,8,0.6293694376945496
4057,7,7,0.830566942691803
4058,7,5,0.27750131487846375
4059,1,1,0.9479345083236694
4060,6,6,0.7401887774467468
4061,5,5,0.37205371260643005
4062,0,8,0.7297137379646301
4063,7,7,0.6180312633514404
4064,7,7,0.9937558174133301
4065,4,4,0.4363667070865631
4066,6,2,0.3942810893058777
4067,1,9,0.453378826379776
4068,8,8,0.5316917896270752
4069,5,5,0.6160792708396912
4070,9,9,0.8197422623634338
4071,3,1,0.27005475759506226
4072,5,5,0.7968557476997375
4073,6,6,0.3361486792564392
4074,2,2,0.7792547941207886
4075,2,2,0.4620833694934845
4076,7,7,0.5483874678611755
4077,3,3,0.5419839024543762
4078,5,5,0.6172431707382202
4079,8,8,0.9405099153518677
4080,1,1,0.9066338539123535
4081,0,9,0.8329713344573975
4082,6,3,0.5023555159568787
4083,8,8,0.6026140451431274
4084,7,7,0.8191563487052917
4085,8,7,0.8218554854393005
4086,8,8,0.9330858588218689
4087,5,5,0.5768463015556335
4088,7,7,0.8666959404945374
4089,5,8,0.2753836512565613
4090,4,4,0.4716402590274811
4091,9,9,0.8194488883018494
4092,7,7,0.8412219285964966
4093,3,3,0.333604097366333
4094,3,5,0.4771876633167267
4095,8,8,0.4079752266407013
4096,8,8,0.4547693431377411
4097,3,7,0.31609874963760376
4098,9,9,0.37667718529701233
4099,4,4,0.38018566370010376
4100,7,7,0.9803591966629028
4101,2,2,0.5218871831893921
4102,0,0,0.8633835911750793
4103,8,8,0.5271570086479187
4104,0,0,0.8030133247375488
4105,7,7,0.9081959128379822
4106,3,0,0.43254730105400085
4107,3,4,0.18804778158664703
4108,2,4,0.3443417251110077
4109,5,5,0.6305545568466187
4110,2,2,0.5287390351295471
4111,4,7,0.4547343850135803
4112,4,5,0.33723217248916626
4113,0,0,0.886545717716217
4114,4,4,0.32342901825904846
4115,8,9,0.4040037989616394
4116,2,2,0.7286086678504944
4117,4,4,0.5795250535011292
4118,0,0,0.5739733576774597
4119,6,3,0.37796977162361145
4120,4,0,0.7577512860298157
4121,5,5,0.3468227684497833
4122,6,6,0.6041741967201233
4123,0,0,0.7794942259788513
4124,8,8,0.8885607719421387
4125,8,0,0.49515682458877563
4126,0,0,0.50201815366745
4127,6,6,0.5191550850868225
4128,1,1,0.7616053819656372
4129,1,1,0.9493705630302429
4130,6,6,0.3868119418621063
4131,1,1,0.6316010355949402
4132,4,4,0.45670846104621887
4133,2,2,0.3451312780380249
4134,1,1,0.16812309622764587
4135,1,2,0.26699742674827576
4136,2,2,0.5859455466270447
4137,4,3,0.2662826478481293
4138,4,4,0.6093797087669373
4139,5,0,0.43618255853652954
4140,5,3,0.47488582134246826
4141,8,8,0.9799556136131287
4142,8,8,0.8550364375114441
4143,5,5,0.9070795178413391
4144,1,1,0.7921019792556763
4145,8,8,0.8623098731040955
4146,2,2,0.4685525596141815
4147,3,3,0.20749211311340332
4148,3,3,0.33354058861732483
4149,9,9,0.8515604734420776
4150,6,6,0.6900076270103455
4151,6,4,0.3945665657520294
4152,5,6,0.38123494386672974
4153,0,0,0.7486016154289246
4154,7,7,0.9866687059402466
4155,3,3,0.5210695862770081
4156,3,3,0.5932124853134155
4157,2,0,0.26696059107780457
4158,7,7,0.26234081387519836
4159,4,4,0.5362337827682495
4160,5,5,0.302452027797699
4161,6,6,0.7895150780677795
4162,0,0,0.7813740968704224
4163,2,6,0.38804227113723755
4164,1,3,0.1754370480775833
4165,8,8,0.6767826676368713
4166,1,3,0.18880167603492737
4167,0,0,0.6748723387718201
4168,9,9,0.6146900057792664
4169,3,2,0.20746630430221558
4170,1,2,0.22679713368415833
4171,0,0,0.763959527015686
4172,5,5,0.7283087968826294
4173,4,3,0.31103384494781494
4174,2,3,0.3311208486557007
4175,3,3,0.3290853500366211
4176,3,3,0.5524281859397888
4177,6,6,0.705151379108429
4178,7,7,0.9820743203163147
4179,6,6,0.3388693034648895
4180,0,0,0.4764690399169922
4181,0,0,0.9457664489746094
4182,5,3,0.27901530265808105
4183,7,7,0.9861960411071777
4184,4,2,0.6263015866279602
4185,7,7,0.5034039616584778
4186,7,7,0.9231843948364258
4187,0,0,0.8539947867393494
4188,6,6,0.5558581352233887
4189,1,1,0.5412396788597107
4190,3,7,0.4642079472541809
4191,9,9,0.620039165019989
4192,0,0,0.6356363296508789
4193,9,9,0.515930712223053
4194,0,0,0.9597073197364807
4195,3,3,0.3908750116825104
4196,8,8,0.8827412724494934
4197,4,4,0.27166515588760376
4198,8,2,0.5538152456283569
4199,8,8,0.650317907333374
4200,4,2,0.5309186577796936
4201,1,1,0.7143200039863586
4202,0,0,0.6759517788887024
4203,2,4,0.5147053003311157
4204,2,4,0.40397804975509644
4205,4,7,0.6976046562194824
4206,1,9,0.6144002676010132
4207,1,1,0.9187747240066528
4208,2,2,0.28235945105552673
4209,4,7,0.9711503982543945
4210,3,5,0.28846412897109985
4211,4,4,0.6632517576217651
4212,1,1,0.5757732391357422
4213,4,4,0.5947020053863525
4214,7,4,0.2330159842967987
4215,1,1,0.9221839904785156
4216,0,0,0.8506197929382324
4217,0,4,0.32716304063796997
4218,9,9,0.8002910017967224
4219,0,0,0.831648588180542
4220,4,0,0.8360080718994141
4221,2,2,0.32094088196754456
4222,8,8,0.6555338501930237
4223,8,0,0.6080693602561951
4224,5,3,0.3068426251411438
4225,5,6,0.2551783621311188
4226,0,8,0.6892691850662231
4227,4,3,0.4096858501434326
4228,0,0,0.7084904909133911
4229,8,8,0.9651740789413452
4230,6,3,0.4133543074131012
4231,2,0,0.45493197441101074
4232,5,5,0.6486607789993286
4233,9,9,0.6676847338676453
4234,2,2,0.7495610117912292
4235,9,9,0.8758304715156555
4236,1,1,0.8520382642745972
4237,1,1,0.9090939164161682
4238,5,5,0.4809268116950989
4239,4,4,0.39028552174568176
4240,7,7,0.8317679762840271
4241,5,5,0.5196747183799744
4242,8,0,0.5335249900817871
4243,6,6,0.9171510338783264
4244,2,5,0.42514029145240784
4245,1,1,0.5392472147941589
4246,5,5,0.4183729290962219
4247,5,5,0.7158218026161194
4248,3,5,0.42389610409736633
4249,4,4,0.5185818672180176
4250,1,1,0.6777390241622925
4251,8,1,0.6021786332130432
4252,9,9,0.8133267164230347
4253,9,9,0.6301714777946472
4254,8,8,0.8794653415679932
4255,9,9,0.3434502184391022
4256,8,8,0.9130547046661377
4257,6,6,0.5702465176582336
4258,8,8,0.8062553405761719
4259,5,5,0.5408185124397278
4260,8,8,0.6218291521072388
4261,9,9,0.5432102084159851
4262,4,4,0.6983888149261475
4263,6,6,0.866215169429779
4264,2,4,0.34814658761024475
4265,6,6,0.5616971850395203
4266,3,5,0.29865244030952454
4267,7,9,0.32812684774398804
4268,4,4,0.33407142758369446
4269,0,0,0.7353068590164185
4270,0,0,0.4945436120033264
4271,1,8,0.660974383354187
4272,7,7,0.9611688852310181
4273,5,3,0.37412381172180176
4274,1,1,0.8175326585769653
4275,5,5,0.5857464671134949
4276,9,8,0.3838391900062561
4277,3,5,0.4185705780982971
4278,1,1,0.9634677171707153
4279,6,8,0.3206788897514343
4280,8,0,0.5724439024925232
4281,7,4,0.26312872767448425
4282,3,7,0.3203746974468231
4283,6,6,0.49340206384658813
4284,9,9,0.560448944568634
4285,1,1,0.3358956575393677
4286,2,0,0.5434044003486633
4287,0,3,0.4400331974029541
4288,1,1,0.9623737931251526
4289,7,7,0.37586355209350586
4290,2,5,0.3700512647628784
4291,6,0,0.2893657684326172
4292,1,1,0.95839923620224
4293,9,9,0.5135899782180786
4294,0,0,0.27863600850105286
4295,0,0,0.9303231239318848
4296,8,8,0.45015960931777954
4297,9,9,0.6879575252532959
4298,9,9,0.8204430937767029
4299,2,0,0.36735329031944275
4300,8,8,0.8543450236320496
4301,6,6,0.5971261858940125
4302,2,5,0.4498233497142792
4303,5,5,0.37854307889938354
4304,6,2,0.24085453152656555
4305,0,0,0.5625522136688232
4306,3,5,0.3393598794937134
4307,3,2,0.32035502791404724
4308,0,0,0.8854842782020569
4309,7,2,0.372507780790329
4310,4,7,0.5673586130142212
4311,7,7,0.9750139713287354
4312,5,5,0.3985981345176697
4313,0,3,0.278393417596817
4314,1,1,0.9119641184806824
4315,6,2,0.3379048705101013
4316,8,8,0.8089640736579895
4317,8,8,0.7522392868995667
4318,1,1,0.6734331846237183
4319,2,2,0.4975842237472534
4320,1,8,0.5372370481491089
4321,5,5,0.5003543496131897
4322,4,7,0.6444815993309021
4323,5,5,0.7950416803359985
4324,9,9,0.674213707447052
4325,6,6,0.35357466340065
4326,7,7,0.8479276299476624
4327,1,1,0.9814721345901489
4328,0,0,0.9875693917274475
4329,6,3,0.29216596484184265
4330,9,9,0.8101877570152283
4331,2,6,0.3299857974052429
4332,7,7,0.3899609446525574
4333,7,7,0.7129040360450745
4334,3,4,0.3137706518173218
4335,9,9,0.42222824692726135
4336,9,9,0.809173047542572
4337,1,1,0.42065614461898804
4338,9,8,0.5768789649009705
4339,7,7,0.8950760364532471
4340,0,0,0.9064717888832092
4341,1,1,0.9256448149681091
4342,3,5,0.4230753183364868
4343,5,5,0.7100365161895752
4344,4,2,0.3586844503879547
4345,6,3,0.3385729193687439
4346,3,3,0.645928144454956
4347,8,8,0.8240538835525513
4348,8,0,0.40307697653770447
4349,0,0,0.6136608719825745
4350,4,4,0.8431276082992554
4351,8,8,0.9337322115898132
4352,3,3,0.42694950103759766
4353,6,4,0.5577018857002258
4354,7,9,0.2730342149734497
4355,0,6,0.32952454686164856
4356,0,0,0.9977638721466064
4357,4,4,0.3059985339641571
4358,5,5,0.8280964493751526
4359,2,2,0.5499473810195923
4360,6,9,0.6939664483070374
4361,8,8,0.9018798470497131
4362,4,4,0.6914081573486328
4363,9,9,0.9438868165016174
4364,9,1,0.8881780505180359
4365,9,9,0.7484373450279236
4366,2,3,0.34195730090141296
4367,0,0,0.5557854771614075
4368,4,3,0.3336765170097351
4369,2,7,0.33516037464141846
4370,8,8,0.9525538086891174
4371,1,1,0.9862724542617798
4372,1,1,0.9788634181022644
4373,0,0,0.8960185647010803
4374,0,8,0.37374943494796753
4375,3,3,0.46593672037124634
4376,7,2,0.4300132393836975
4377,4,4,0.4816472828388214
4378,1,1,0.6634130477905273
4379,1,1,0.9959285855293274
4380,9,9,0.7771670818328857
4381,7,7,0.6345524787902832
4382,7,7,0.4092738926410675
4383,4,6,0.2631731927394867
4384,6,5,0.5007894039154053
4385,8,8,0.5835803747177124
4386,6,7,0.2788141369819641
4387,0,2,0.48415735363960266
4388,2,2,0.7085965871810913
4389,8,8,0.8823174238204956
4390,5,5,0.9326619505882263
4391,3,8,0.4537539482116699
4392,5,5,0.4456084370613098
4393,3,7,0.19227276742458344
4394,5,5,0.9158827066421509
4395,7,7,0.9185490608215332
4396,9,9,0.9746672511100769
4397,8,8,0.7219595909118652
4398,4,5,0.3078373670578003
4399,4,4,0.7167440056800842
4400,3,2,0.22987553477287292
4401,1,1,0.6501052379608154
4402,4,4,0.5033563375473022
4403,8,8,0.37217167019844055
4404,3,4,0.32120200991630554
4405,6,6,0.8164793252944946
4406,5,5,0.4615858197212219
4407,3,3,0.6752437353134155
4408,0,1,0.34037458896636963
4409,8,8,0.7344533205032349
4410,9,9,0.48916441202163696
4411,5,3,0.34461167454719543
4412,7,7,0.9196797013282776
4413,6,6,0.726538360118866
4414,2,3,0.44160446524620056
4415,0,0,0.9873954653739929
4416,4,2,0.47123512625694275
4417,9,9,0.7479010224342346
4418,9,9,0.9426283240318298
4419,0,0,0.9620165228843689
4420,5,3,0.35530826449394226
4421,2,5,0.5795385837554932
4422,3,3,0.28861138224601746
4423,6,5,0.2745992839336395
4424,1,1,0.9643536806106567
4425,1,1,0.9820147752761841
4426,0,0,0.9430388808250427
4427,2,4,0.4370752274990082
4428,8,8,0.9280290603637695
4429,2,2,0.7164297699928284
4430,1,1,0.4616457223892212
4431,1,1,0.4929105341434479
4432,7,5,0.28733891248703003
4433,5,2,0.4558120369911194
4434,2,2,0.6027383804321289
4435,3,3,0.40506187081336975
4436,4,4,0.509226381778717
4437,1,1,0.512859582901001
4438,2,6,0.21202455461025238
4439,9,9,0.5484083294868469
4440,2,3,0.4040948748588562
4441,1,1,0.7889698147773743
4442,3,0,0.2308984398841858
4443,4,4,0.34480372071266174
4444,8,8,0.8227424621582031
4445,9,1,0.5617433190345764
4446,0,1,0.3492024540901184
4447,0,8,0.5446448922157288
4448,4,6,0.861494779586792
4449,9,9,0.5801540017127991
4450,0,0,0.23198619484901428
4451,2,0,0.5360352993011475
4452,2,2,0.5428192019462585
4453,0,0,0.7621570825576782
4454,6,6,0.9856523275375366
4455,8,8,0.8911129832267761
4456,7,7,0.9797034859657288
4457,3,3,0.5582090616226196
4458,3,3,0.3666734993457794
4459,8,8,0.7974438071250916
4460,9,9,0.8628843426704407
4461,0,0,0.5887856483459473
4462,2,5,0.7649778127670288
4463,5,2,0.25940683484077454
4464,3,3,0.4254246652126312
4465,6,4,0.5362034440040588
4466,1,1,0.9461897611618042
4467,3,3,0.35218653082847595
4468,9,9,0.43330612778663635
4469,5,5,0.4522829055786133
4470,0,0,0.4285615384578705
4471,5,5,0.542047381401062
4472,4,4,0.7287193536758423
4473,4,4,0.5147241950035095
4474,0,8,0.43408119678497314
4475,1,0,0.5599000453948975
4476,1,3,0.3714168965816498
4477,6,3,0.34436124563217163
4478,1,1,0.4807269871234894
4479,7,7,0.6681850552558899
4480,9,9,0.7428032755851746
4481,9,8,0.9156410694122314
4482,6,2,0.30092620849609375
4483,2,2,0.29783734679222107
4484,4,2,0.45663854479789734
4485,3,7,0.7562021613121033
4486,8,1,0.49242353439331055
4487,3,3,0.4904153645038605
4488,4,4,0.7226557731628418
4489,7,7,0.9564131498336792
4490,0,8,0.4605417549610138
4491,2,2,0.3986729681491852
4492,8,8,0.8409659266471863
4493,4,7,0.2718106210231781
4494,8,8,0.697830855846405
4495,3,3,0.44422009587287903
4496,8,8,0.8199946880340576
4497,8,8,0.9419714212417603
4498,8,8,0.7692429423332214
4499,3,2,0.357989102602005
4500,3,6,0.2296028435230255
4501,5,5,0.42184850573539734
4502,7,7,0.4464001953601837
4503,7,5,0.23507197201251984
4504,0,0,0.5818977355957031
4505,4,4,0.6953200101852417
4506,1,1,0.8895830512046814
4507,5,5,0.39932650327682495
4508,9,0,0.4088002145290375
4509,7,7,0.4592318832874298
4510,0,0,0.4848330616950989
4511,6,6,0.795531153678894
4512,8,8,0.8211798667907715
4513,4,3,0.42312097549438477
4514,9,9,0.5489891171455383
4515,0,0,0.9897168874740601
4516,1,9,0.6510244607925415
4517,8,8,0.6044877767562866
4518,9,9,0.9809536933898926
4519,6,9,0.47988858819007874
4520,3,2,0.28632548451423645
4521,9,9,0.5738847851753235
4522,2,4,0.587601363658905
4523,4,2,0.2767447531223297
4524,4,4,0.5804319977760315
4525,0,6,0.35819342732429504
4526,3,5,0.488770455121994
4527,3,5,0.45246124267578125
4528,5,4,0.3348366916179657
4529,4,4,0.5457165241241455
4530,5,8,0.3511376976966858
4531,1,1,0.8882908225059509
4532,1,1,0.9906623959541321
4533,8,8,0.37497588992118835
4534,2,2,0.48008832335472107
4535,2,6,0.4150550663471222
4536,9,9,0.4178503453731537
4537,3,6,0.3595050871372223
4538,7,5,0.6192811727523804
4539,8,8,0.8385450839996338
4540,9,9,0.93267422914505
4541,2,2,0.6181703209877014
4542,3,3,0.2961620092391968
4543,1,1,0.837131142616272
4544,7,7,0.878879964351654
4545,3,4,0.30639174580574036
4546,2,0,0.4019165635108948
4547,3,5,0.3690204918384552
4548,0,0,0.3993365466594696
4549,1,1,0.4314214885234833
4550,9,4,0.408247172832489
4551,5,5,0.26329976320266724
4552,5,5,0.5380961298942566
4553,3,3,0.3402286767959595
4554,4,4,0.6470964550971985
4555,5,7,0.5714160203933716
4556,2,8,0.6091093420982361
4557,0,0,0.9170409440994263
4558,0,0,0.9745113253593445
4559,3,5,0.3759843111038208
4560,1,1,0.9121689200401306
4561,3,3,0.398661345243454
4562,4,7,0.23586434125900269
4563,7,5,0.36521369218826294
4564,4,4,0.825954258441925
4565,2,4,0.36464545130729675
4566,8,0,0.8179649114608765
4567,4,4,0.4852597713470459
4568,8,8,0.7725053429603577
4569,9,9,0.9004562497138977
4570,9,3,0.41258710622787476
4571,4,4,0.4277535378932953
4572,2,3,0.29018548130989075
4573,4,4,0.46694618463516235
4574,3,3,0.22566315531730652
4575,6,6,0.9766087532043457
4576,4,4,0.4138779044151306
4577,6,3,0.279554545879364
4578,4,3,0.3427959382534027
4579,6,6,0.863882303237915
4580,6,4,0.4732495844364166
4581,3,5,0.40065935254096985
4582,8,8,0.7033957839012146
4583,7,4,0.57841557264328
4584,4,0,0.42730045318603516
4585,8,0,0.5279574990272522
4586,0,2,0.4652930796146393
4587,5,5,0.360691636800766
4588,9,9,0.3784298598766327
4589,3,3,0.33932778239250183
4590,9,2,0.5422510504722595
4591,0,0,0.9899964332580566
4592,7,7,0.7071820497512817
4593,5,5,0.2597111165523529
4594,1,1,0.8806045651435852
4595,9,9,0.4876630902290344
4596,7,4,0.4705038368701935
4597,9,9,0.9666907787322998
4598,1,1,0.6180053949356079
4599,8,8,0.4240960478782654
4600,4,7,0.47382232546806335
4601,2,2,0.4721526801586151
4602,1,1,0.8335983753204346
4603,6,4,0.491479754447937
4604,4,7,0.4160209894180298
4605,3,4,0.25546079874038696
4606,0,3,0.3244861364364624
4607,1,1,0.8382858037948608
4608,4,6,0.37421128153800964
4609,8,0,0.3191249668598175
4610,6,6,0.4421757459640503
4611,1,1,0.9490740299224854
4612,7,7,0.7714818120002747
4613,1,1,0.7578974366188049
4614,3,4,0.37789392471313477
4615,5,4,0.6572901010513306
4616,4,4,0.6631793975830078
4617,3,3,0.2715446949005127
4618,3,3,0.4151862561702728
4619,9,9,0.6506354212760925
4620,7,7,0.7835552096366882
4621,8,8,0.9000417590141296
4622,2,2,0.4873003363609314
4623,5,5,0.47783055901527405
4624,5,4,0.2832907438278198
4625,4,2,0.5375922918319702
4626,5,5,0.7254167795181274
4627,4,4,0.35532015562057495
4628,5,5,0.4083237051963806
4629,7,7,0.7538219690322876
4630,2,3,0.3915187418460846
4631,5,5,0.7345830798149109
4632,5,3,0.3411136865615845
4633,1,1,0.9844335317611694
4634,7,5,0.5821710228919983
4635,7,7,0.9167836308479309
4636,8,8,0.7856961488723755
4637,3,3,0.44615983963012695
4638,6,4,0.46486252546310425
4639,0,0,0.27703142166137695
4640,2,2,0.42908015847206116
4641,5,5,0.4566342234611511
4642,2,4,0.47620129585266113
4643,3,3,0.3431692123413086
4644,7,3,0.21512781083583832
4645,4,4,0.38805481791496277
4646,2,5,0.618142306804657
4647,1,1,0.8877682089805603
4648,6,6,0.9283365607261658
4649,8,8,0.6845205426216125
4650,6,6,0.32282060384750366
4651,8,8,0.9171250462532043
4652,3,3,0.6061806678771973
4653,2,2,0.7038035988807678
4654,7,7,0.28619903326034546
4655,7,5,0.5587474703788757
4656,9,9,0.7054252028465271
4657,7,7,0.9835415482521057
4658,1,1,0.713462769985199
4659,4,4,0.7895806431770325
4660,7,5,0.215044766664505
4661,4,5,0.45597824454307556
4662,6,6,0.9534029364585876
4663,1,1,0.9698965549468994
4664,7,7,0.6355045437812805
4665,3,5,0.36465972661972046
4666,0,0,0.7483332753181458
4667,0,0,0.534379243850708
4668,6,6,0.6546704769134521
4669,6,2,0.5698620676994324
4670,8,8,0.7454362511634827
4671,6,6,0.9509669542312622
4672,6,6,0.9546946883201599
4673,0,0,0.9664790630340576
4674,3,3,0.5038192868232727
4675,4,7,0.35386791825294495
4676,7,7,0.1870705932378769
4677,4,4,0.5837663412094116
4678,9,8,0.5755727291107178
4679,4,4,0.33860206604003906
4680,9,9,0.6374184489250183
4681,9,1,0.6440249681472778
4682,3,3,0.4798215627670288
4683,4,2,0.6040147542953491
4684,1,1,0.2783622145652771
4685,4,4,0.5711982846260071
4686,0,8,0.7209351658821106
4687,3,0,0.2723594605922699
4688,7,7,0.5828284025192261
4689,1,1,0.776827335357666
4690,2,2,0.7180029153823853
4691,2,6,0.5131264925003052
4692,8,8,0.6417398452758789
4693,4,2,0.23782162368297577
4694,7,7,0.43509191274642944
4695,8,8,0.5675244331359863
4696,5,3,0.21867305040359497
4697,5,6,0.37089070677757263
4698,6,6,0.3197573721408844
4699,5,3,0.3119109570980072
4700,6,1,0.36383092403411865
4701,0,0,0.9294644594192505
4702,6,6,0.5396430492401123
4703,4,4,0.42737653851509094
4704,9,9,0.8892526030540466
4705,3,2,0.3317831754684448
4706,2,2,0.5270670056343079
4707,7,3,0.20444561541080475
4708,3,3,0.4601917862892151
4709,8,8,0.6143153309822083
4710,3,1,0.47712671756744385
4711,9,9,0.5842369794845581
4712,4,4,0.6001993417739868
4713,1,1,0.8043917417526245
4714,6,6,0.9831687211990356
4715,9,9,0.7423537969589233
4716,9,9,0.7031330466270447
4717,4,4,0.25820669531822205
4718,3,5,0.46956223249435425
4719,9,9,0.9059537649154663
4720,8,0,0.6314482688903809
4721,1,1,0.7587206959724426
4722,6,3,0.3868725597858429
4723,9,9,0.9392598867416382
4724,5,2,0.629525899887085
4725,9,1,0.5092911720275879
4726,0,0,0.6927330493927002
4727,9,9,0.9668576717376709
4728,7,7,0.9644714593887329
4729,2,3,0.43461933732032776
4730,2,4,0.5790693163871765
4731,4,2,0.23331093788146973
4732,2,7,0.42111214995384216
4733,6,6,0.4519695043563843
4734,4,4,0.8380131721496582
4735,8,8,0.499674528837204
4736,1,1,0.9602507948875427
4737,9,9,0.8788455724716187
4738,5,0,0.24906562268733978
4739,6,3,0.2823561131954193
4740,5,3,0.42093807458877563
4741,1,1,0.9679674506187439
4742,8,8,0.7882897853851318
4743,6,6,0.8664785623550415
4744,6,0,0.5296323299407959
4745,7,8,0.3579546809196472
4746,6,6,0.5986612439155579
4747,5,5,0.5056279897689819
4748,0,1,0.36433637142181396
4749,2,7,0.4397171139717102
4750,7,4,0.2742903530597687
4751,6,6,0.3036022484302521
4752,1,1,0.503732442855835
4753,2,9,0.5634355545043945
4754,3,0,0.43181049823760986
4755,1,1,0.8821913003921509
4756,6,6,0.5205491185188293
4757,4,7,0.5794549584388733
4758,9,2,0.3197671175003052
4759,0,0,0.9747142195701599
4760,3,5,0.2901047170162201
4761,9,9,0.9162096977233887
4762,1,9,0.7474144101142883
4763,0,0,0.9714162945747375
4764,5,5,0.6221002340316772
4765,3,5,0.2517944872379303
4766,1,1,0.5780436396598816
4767,6,6,0.3548296093940735
4768,9,9,0.9122349619865417
4769,8,8,0.8847199082374573
4770,9,9,0.5065429210662842
4771,0,0,0.8221079111099243
4772,6,6,0.8656718730926514
4773,1,1,0.919859766960144
4774,6,6,0.9134249687194824
4775,2,3,0.2898317873477936
4776,3,3,0.36487317085266113
4777,5,2,0.4396204650402069
4778,6,6,0.6950069665908813
4779,9,9,0.9099175333976746
4780,0,0,0.8703861832618713
4781,7,5,0.26388412714004517
4782,2,2,0.32081568241119385
4783,4,7,0.3730364739894867
4784,0,8,0.8924553394317627
4785,3,9,0.5311613082885742
4786,6,1,0.5619468092918396
4787,8,8,0.9644797444343567
4788,6,6,0.38944023847579956
4789,9,9,0.6760204434394836
4790,1,9,0.506268322467804
4791,9,9,0.438835084438324
4792,0,7,0.47549372911453247
4793,6,1,0.5932222604751587
4794,4,4,0.3010099232196808
4795,5,5,0.5153136253356934
4796,9,9,0.5118761658668518
4797,5,5,0.4043353497982025
4798,4,0,0.6129182577133179
4799,1,8,0.4562402367591858
4800,9,9,0.8830292820930481
4801,2,7,0.4908837378025055
4802,0,0,0.8088128566741943
4803,7,4,0.21335749328136444
4804,3,3,0.6497944593429565
4805,5,3,0.5072720646858215
4806,1,1,0.8400667309761047
4807,8,8,0.6545882225036621
4808,3,5,0.2969130277633667
4809,0,0,0.7892399430274963
4810,5,5,0.7896329760551453
4811,2,0,0.759109377861023
4812,8,8,0.5070847868919373
4813,8,8,0.9431273937225342
4814,3,6,0.25526663661003113
4815,9,1,0.46921977400779724
4816,6,4,0.4686386287212372
4817,0,0,0.6968321204185486
4818,3,1,0.2947652041912079
4819,5,3,0.538233757019043
4820,3,3,0.4298085570335388
4821,4,2,0.26264724135398865
4822,1,1,0.7402066588401794
4823,5,3,0.265562504529953
4824,0,0,0.9565621614456177
4825,7,7,0.3019191324710846
4826,3,4,0.3677618205547333
4827,9,9,0.8268850445747375
4828,4,4,0.48838499188423157
4829,5,3,0.4519515633583069
4830,3,3,0.4368126094341278
4831,1,1,0.8289255499839783
4832,4,4,0.388223260641098
4833,2,6,0.33459025621414185
4834,4,3,0.29864805936813354
4835,9,9,0.8809282183647156
4836,9,9,0.7093759179115295
4837,7,7,0.897208034992218
4838,1,9,0.7270925045013428
4839,7,7,0.8640788793563843
4840,0,0,0.6231908202171326
4841,1,1,0.9715004563331604
4842,2,2,0.4889216721057892
4843,1,1,0.8415821194648743
4844,5,3,0.35664963722229004
4845,3,5,0.22337129712104797
4846,8,8,0.36084216833114624
4847,4,2,0.2623470723628998
4848,1,1,0.939513087272644
4849,5,5,0.42322686314582825
4850,1,1,0.5144302248954773
4851,9,9,0.9496833086013794
4852,9,0,0.44243913888931274
4853,7,7,0.8634566068649292
4854,0,0,0.8378368020057678
4855,1,1,0.8019777536392212
4856,7,7,0.9787629246711731
4857,6,6,0.995030403137207
4858,2,2,0.5551778078079224
4859,6,4,0.4785737991333008
4860,5,5,0.7439782023429871
4861,0,0,0.6048153638839722
4862,3,0,0.30409106612205505
4863,1,1,0.6794697046279907
4864,3,4,0.263335645198822
4865,8,9,0.5888350605964661
4866,9,9,0.9088067412376404
4867,9,1,0.4824487268924713
4868,0,8,0.335684210062027
4869,8,8,0.7107120156288147
4870,8,8,0.6416869759559631
4871,7,3,0.2785486876964569
4872,9,1,0.8849080801010132
4873,2,0,0.32935047149658203
4874,9,9,0.25350427627563477
4875,1,1,0.6548565030097961
4876,3,3,0.44233158230781555
4877,6,6,0.9369586706161499
4878,7,7,0.2549212872982025
4879,6,6,0.8033416271209717
4880,0,9,0.2781030535697937
4881,8,8,0.9680739045143127
4882,6,6,0.7966708540916443
4883,2,2,0.5279025435447693
4884,4,6,0.29352056980133057
4885,2,5,0.38744181394577026
4886,3,3,0.5510048270225525
4887,5,5,0.2176915556192398
4888,5,5,0.5733808875083923
4889,4,7,0.38941875100135803
4890,1,1,0.9679816365242004
4891,6,6,0.8677771091461182
4892,7,7,0.5323273539543152
4893,1,1,0.6864439845085144
4894,6,4,0.3478838801383972
4895,1,1,0.9728182554244995
4896,7,7,0.6533330082893372
4897,1,0,0.6328848004341125
4898,6,6,0.44122710824012756
4899,2,0,0.31250932812690735
4900,3,6,0.27721694111824036
4901,0,0,0.7959216833114624
4902,4,2,0.401849627494812
4903,2,8,0.3797357976436615
4904,9,9,0.8032611012458801
4905,7,7,0.6866540908813477
4906,5,5,0.40244176983833313
4907,5,5,0.6833866238594055
4908,6,6,0.27048608660697937
4909,0,0,0.8064791560173035
4910,8,8,0.38812947273254395
4911,8,8,0.6708403825759888
4912,1,1,0.9414182305335999
4913,1,9,0.8175157308578491
4914,3,3,0.521214485168457
4915,5,5,0.7967149019241333
4916,6,6,0.5850868821144104
4917,5,3,0.2741226851940155
4918,3,3,0.5713955760002136
4919,8,8,0.8366362452507019
4920,7,7,0.32751578092575073
4921,5,6,0.3960605263710022
4922,0,0,0.7991843819618225
4923,7,7,0.6514527797698975
4924,7,6,0.4188527464866638
4925,5,5,0.6230390667915344
4926,7,3,0.23310507833957672
4927,1,1,0.643600583076477
4928,9,9,0.8672485947608948
4929,9,1,0.5279070138931274
4930,1,1,0.9182931780815125
4931,9,8,0.7935654520988464
4932,9,9,0.252510666847229
4933,3,5,0.4675278961658478
4934,5,2,0.43697845935821533
4935,5,5,0.7544915676116943
4936,3,5,0.32539239525794983
4937,0,0,0.5674265027046204
4938,3,9,0.7368637323379517
4939,0,0,0.9362010955810547
4940,6,6,0.5479322671890259
4941,6,6,0.4312702715396881
4942,5,2,0.3848682641983032
4943,6,6,0.3182242214679718
4944,8,8,0.652006208896637
4945,9,1,0.4194861054420471
4946,4,2,0.27053868770599365
4947,5,3,0.44124534726142883
4948,1,1,0.9334557056427002
4949,1,1,0.7451107501983643
4950,2,2,0.7499507069587708
4951,7,7,0.21964778006076813
4952,9,9,0.8310349583625793
4953,0,0,0.9441902041435242
4954,1,1,0.7904050946235657
4955,2,8,0.549858808517456
4956,5,3,0.3630882203578949
4957,4,4,0.4715183675289154
4958,4,4,0.6235870718955994
4959,7,7,0.8777129650115967
4960,4,3,0.38156718015670776
4961,8,8,0.7594184279441833
4962,3,3,0.2557370066642761
4963,3,3,0.3857795000076294
4964,5,2,0.5779526829719543
4965,3,6,0.23995599150657654
4966,5,5,0.4263644814491272
4967,7,9,0.4714128077030182
4968,0,0,0.9961264729499817
4969,1,1,0.8494836091995239
4970,2,6,0.8174564242362976
4971,9,9,0.5280357599258423
4972,8,8,0.33442214131355286
4973,1,9,0.7783260345458984
4974,7,7,0.5937843918800354
4975,3,3,0.3118366599082947
4976,5,5,0.6149848103523254
4977,9,9,0.9637967348098755
4978,1,1,0.5947874784469604
4979,9,9,0.6678996682167053
4980,1,9,0.7459314465522766
4981,1,1,0.40530502796173096
4982,3,7,0.28856489062309265
4983,6,6,0.3776526153087616
4984,7,5,0.29276254773139954
4985,4,2,0.4614131450653076
4986,8,0,0.3905391991138458
4987,3,6,0.4413548707962036
4988,5,5,0.4249175190925598
4989,6,6,0.5792815685272217
4990,7,7,0.6083794236183167
4991,0,8,0.6152265667915344
4992,1,1,0.9821264147758484
4993,7,2,0.19869688153266907
4994,7,7,0.9412634968757629
4995,2,5,0.6156892776489258
4996,3,2,0.5476242303848267
4997,3,3,0.4146658778190613
4998,5,7,0.46020856499671936
4999,1,1,0.8836765289306641
5000,7,7,0.8405837416648865
5001,6,6,0.9875012636184692
5002,8,8,0.8937536478042603
5003,4,7,0.3731316924095154
5004,4,4,0.4820941686630249
5005,5,5,0.4666876494884491
5006,7,3,0.20024321973323822
5007,3,3,0.38851311802864075
5008,4,4,0.6554412245750427
5009,7,7,0.24523699283599854
5010,7,7,0.6857395768165588
5011,3,7,0.26536455750465393
5012,6,6,0.9042093753814697
5013,0,2,0.6487239599227905
5014,7,7,0.5144359469413757
5015,2,2,0.7410863041877747
5016,6,6,0.229517862200737
5017,7,8,0.24843131005764008
5018,4,2,0.30471503734588623
5019,1,1,0.8092318773269653
5020,8,8,0.6944244503974915
5021,0,0,0.9925572872161865
5022,2,2,0.660716712474823
5023,2,7,0.16420987248420715
5024,1,9,0.5062068700790405
5025,5,5,0.45152750611305237
5026,4,2,0.5208336114883423
5027,0,0,0.3760250210762024
5028,9,1,0.3884745240211487
5029,3,3,0.350924015045166
5030,4,4,0.39018112421035767
5031,4,0,0.8571296334266663
5032,2,2,0.6900393962860107
5033,3,7,0.44716447591781616
5034,8,8,0.4700257480144501
5035,5,5,0.8489885330200195
5036,0,0,0.7097505927085876
5037,0,8,0.6670751571655273
5038,4,4,0.34125563502311707
5039,6,6,0.9079028367996216
5040,3,3,0.22771833837032318
5041,9,9,0.47194811701774597
5042,2,2,0.8633962869644165
5043,0,0,0.24811463057994843
5044,5,2,0.37703102827072144
5045,7,9,0.5596314668655396
5046,5,2,0.31141531467437744
5047,5,5,0.7010700702667236
5048,1,1,0.6869852542877197
5049,7,7,0.7728258371353149
5050,3,3,0.3703743517398834
5051,1,1,0.8432983756065369
5052,6,6,0.3781721889972687
5053,7,3,0.26408490538597107
5054,9,9,0.9928199648857117
5055,0,0,0.9977268576622009
5056,1,9,0.8183034062385559
5057,2,6,0.29240110516548157
5058,1,1,0.6259208917617798
5059,4,4,0.4528869688510895
5060,6,6,0.5167099833488464
5061,1,3,0.33147791028022766
5062,5,2,0.4404798746109009
5063,9,9,0.5382641553878784
5064,5,5,0.8110470771789551
5065,0,0,0.569498598575592
5066,4,4,0.27296340465545654
5067,9,1,0.8976395130157471
5068,4,2,0.6075982451438904
5069,9,8,0.5239981412887573
5070,7,5,0.4858624041080475
5071,1,9,0.3419066071510315
5072,6,6,0.4892024099826813
5073,8,8,0.7001218795776367
5074,0,4,0.24499908089637756
5075,6,2,0.24540191888809204
5076,5,5,0.6898669004440308
5077,0,0,0.4749152660369873
5078,8,8,0.815851092338562
5079,1,1,0.7439264059066772
5080,7,7,0.6691967248916626
5081,5,5,0.6811903119087219
5082,6,6,0.6206507682800293
5083,9,9,0.9300414323806763
5084,3,5,0.4711582064628601
5085,2,6,0.3414304852485657
5086,3,4,0.472339391708374
5087,9,9,0.5275759100914001
5088,8,5,0.41575735807418823
5089,6,6,0.5906026363372803
5090,1,1,0.7940636873245239
5091,0,0,0.5615934729576111
5092,9,1,0.5323424339294434
5093,0,0,0.7351676225662231
5094,9,1,0.34879547357559204
5095,8,8,0.977057695388794
5096,7,0,0.7853459119796753
5097,7,3,0.308106005191803
5098,5,9,0.40715184807777405
5099,2,2,0.6023732423782349
5100,3,3,0.32514268159866333
5101,5,5,0.5302945971488953
5102,5,4,0.5634716153144836
5103,7,9,0.8629244565963745
5104,8,8,0.651338517665863
5105,7,7,0.5213677287101746
5106,6,5,0.30034932494163513
5107,9,1,0.5772258639335632
5108,1,1,0.5287564992904663
5109,9,0,0.6716388463973999
5110,8,8,0.8687086701393127
5111,6,1,0.4560164213180542
5112,5,6,0.21892616152763367
5113,6,4,0.5867475271224976
5114,7,7,0.8986762166023254
5115,5,5,0.34687304496765137
5116,6,6,0.5971007347106934
5117,7,5,0.27743545174598694
5118,2,2,0.516294002532959
5119,5,7,0.4793391227722168
5120,9,9,0.5844376683235168
5121,6,6,0.950742244720459
5122,6,6,0.3326988220214844
5123,7,2,0.295990526676178
5124,0,0,0.9887058138847351
5125,1,1,0.2414165437221527
5126,0,0,0.2512633204460144
5127,1,9,0.6166223883628845
5128,3,3,0.31902778148651123
5129,2,6,0.6748232841491699
5130,5,3,0.2911320924758911
5131,6,4,0.5811759233474731
5132,1,1,0.38228335976600647
5133,2,2,0.7247398495674133
5134,5,3,0.3099648952484131
5135,1,1,0.7849231362342834
5136,9,9,0.6342456936836243
5137,9,9,0.8243272304534912
5138,8,8,0.730538547039032
5139,6,3,0.35144346952438354
5140,8,8,0.9090279340744019
5141,6,1,0.3769126534461975
5142,8,8,0.7301234006881714
5143,9,9,0.9605931043624878
5144,0,9,0.3516319692134857
5145,4,4,0.4412284195423126
5146,0,2,0.3690038025379181
5147,3,3,0.20972967147827148
5148,3,3,0.5381619930267334
5149,6,6,0.9428468942642212
5150,4,4,0.4772348999977112
5151,9,0,0.1518014669418335
5152,9,9,0.31760719418525696
5153,7,7,0.4399377405643463
5154,2,4,0.3017904758453369
5155,3,5,0.3114427626132965
5156,5,5,0.6349664926528931
5157,6,6,0.7413583397865295
5158,4,4,0.6441227793693542
5159,6,6,0.6886374354362488
5160,0,0,0.8268225789070129
5161,3,3,0.4397171139717102
5162,7,3,0.3907938003540039
5163,5,3,0.49264514446258545
5164,0,0,0.823123037815094
5165,2,2,0.4932616055011749
5166,9,0,0.321094810962677
5167,2,2,0.7312854528427124
5168,7,7,0.8188647627830505
5169,2,2,0.5095962882041931
5170,9,9,0.5582799315452576
5171,2,2,0.3728691041469574
5172,4,3,0.19678033888339996
5173,0,0,0.930814802646637
5174,6,6,0.728776752948761
5175,6,6,0.7826431393623352
5176,3,8,0.45580437779426575
5177,4,2,0.28272607922554016
5178,5,5,0.7525375485420227
5179,5,5,0.6084768176078796
5180,9,9,0.5228469967842102
5181,1,1,0.8519516587257385
5182,1,1,0.25743529200553894
5183,4,4,0.5569067001342773
5184,4,3,0.3190532326698303
5185,3,3,0.4112526476383209
5186,5,5,0.47248366475105286
5187,4,4,0.31109529733657837
5188,8,8,0.7685190439224243
5189,0,0,0.766825795173645
5190,0,0,0.45761027932167053
5191,3,3,0.4400235116481781
5192,9,1,0.4114885926246643
5193,4,4,0.25511041283607483
5194,7,3,0.2809312641620636
5195,4,4,0.6767395734786987
5196,2,8,0.4633655250072479
5197,8,9,0.36104628443717957
5198,3,4,0.3342157304286957
5199,6,6,0.7570067048072815
5200,3,3,0.47226038575172424
5201,1,8,0.8688405156135559
5202,9,9,0.877257227897644
5203,6,3,0.2630007266998291
5204,3,6,0.41920462250709534
5205,8,8,0.8766375780105591
5206,3,7,0.3484971225261688
5207,8,9,0.1788073182106018
5208,4,4,0.7197970151901245
5209,7,7,0.9080464839935303
5210,5,5,0.49061259627342224
5211,7,3,0.4240362346172333
5212,5,5,0.42814725637435913
5213,3,7,0.2229844182729721
5214,1,9,0.3346458971500397
5215,2,9,0.30025169253349304
5216,6,3,0.3041875660419464
5217,1,1,0.9296602606773376
5218,3,2,0.26488471031188965
5219,2,4,0.5110194683074951
5220,0,0,0.8810131549835205
5221,7,7,0.5283864140510559
5222,5,3,0.2989174723625183
5223,0,0,0.8765243291854858
5224,0,0,0.4574546813964844
5225,0,0,0.7466694116592407
5226,1,1,0.5707035064697266
5227,4,6,0.36478284001350403
5228,3,3,0.44884225726127625
5229,5,5,0.6453106999397278
5230,8,8,0.5078393816947937
5231,4,2,0.3242953419685364
5232,3,5,0.49758633971214294
5233,1,9,0.6657882332801819
5234,7,7,0.45204558968544006
5235,1,6,0.44659164547920227
5236,0,8,0.7368513345718384
5237,4,4,0.3618007004261017
5238,2,0,0.6150848865509033
5239,4,0,0.46270257234573364
5240,1,9,0.3990887403488159
5241,4,4,0.4239591658115387
5242,0,0,0.9091524481773376
5243,1,1,0.9610363841056824
5244,2,2,0.6954810619354248
5245,1,1,0.9752029776573181
5246,7,7,0.40180256962776184
5247,7,9,0.362692266702652
5248,9,9,0.9041189551353455
5249,8,8,0.5581235289573669
5250,7,7,0.5446330308914185
5251,5,5,0.65227210521698
5252,4,4,0.7596744894981384
5253,0,0,0.973620593547821
5254,9,9,0.6293066143989563
5255,0,0,0.5599768161773682
5256,0,0,0.9676541090011597
5257,8,0,0.4969680607318878
5258,2,2,0.4072616696357727
5259,0,1,0.7224739789962769
5260,0,0,0.9777929782867432
5261,2,9,0.5395124554634094
5262,4,0,0.4585300385951996
5263,8,8,0.9852328896522522
5264,6,6,0.8283578753471375
5265,2,2,0.29574283957481384
5266,4,4,0.5461393594741821
5267,6,6,0.4049763083457947
5268,3,0,0.2370506227016449
5269,5,5,0.31915342807769775
5270,1,1,0.9759768843650818
5271,5,3,0.44726696610450745
5272,3,7,0.23533619940280914
5273,7,9,0.628959596157074
5274,2,5,0.23803377151489258
5275,2,2,0.5053847432136536
5276,9,9,0.6441776752471924
5277,8,1,0.6186211705207825
5278,0,8,0.3421170711517334
5279,0,0,0.7421912550926208
5280,0,8,0.702741801738739
5281,3,6,0.5606916546821594
5282,4,4,0.8951696753501892
5283,4,2,0.6601847410202026
5284,6,6,0.9347240328788757
5285,1,1,0.7123933434486389
5286,6,6,0.6608049273490906
5287,7,5,0.3117387592792511
5288,4,4,0.5343664288520813
5289,4,2,0.5983482003211975
5290,3,3,0.3239593803882599
5291,9,9,0.6980661749839783
5292,4,4,0.5734602808952332
5293,0,0,0.47277000546455383
5294,8,8,0.953292191028595
5295,0,0,0.3768925964832306
5296,4,4,0.40187644958496094
5297,6,3,0.2842169404029846
5298,5,5,0.4470228850841522
5299,7,7,0.9500452876091003
5300,9,9,0.8915174007415771
5301,7,7,0.6686305403709412
5302,0,0,0.9368924498558044
5303,5,5,0.5034899115562439
5304,7,7,0.5788959264755249
5305,7,4,0.27559828758239746
5306,3,3,0.31616875529289246
5307,1,1,0.6256238222122192
5308,9,9,0.6583712100982666
5309,3,8,0.4706517457962036
5310,0,0,0.4892199635505676
5311,9,9,0.3469255268573761
5312,5,5,0.8185907006263733
5313,3,3,0.39808809757232666
5314,7,9,0.3750526010990143
5315,9,9,0.9135947823524475
5316,4,4,0.6174184679985046
5317,4,4,0.3575822412967682
5318,1,0,0.6203270554542542
5319,7,7,0.519903838634491
5320,7,5,0.27551913261413574
5321,1,1,0.824033796787262
5322,4,4,0.3584153950214386
5323,1,1,0.9846903085708618
5324,2,8,0.33262118697166443
5325,8,8,0.8637065887451172
5326,7,7,0.375126451253891
5327,0,0,0.4795944094657898
5328,0,8,0.3207288980484009
5329,4,8,0.6285443305969238
5330,7,3,0.41236862540245056
5331,2,2,0.5051565766334534
5332,9,9,0.7978883385658264
5333,7,7,0.7358438968658447
5334,6,6,0.5350457429885864
5335,9,1,0.8108219504356384
5336,3,8,0.47204357385635376
5337,5,2,0.5321220755577087
5338,8,8,0.7012414932250977
5339,0,8,0.5399752259254456
5340,3,4,0.4849958121776581
5341,6,6,0.40650349855422974
5342,8,8,0.2485514134168625
5343,3,5,0.5456157326698303
5344,2,3,0.27261418104171753
5345,4,4,0.513149619102478
5346,7,4,0.2055007368326187
5347,1,1,0.8007017374038696
5348,1,1,0.8902653455734253
5349,3,3,0.35797393321990967
5350,9,9,0.5521678328514099
5351,7,5,0.36273500323295593
5352,5,5,0.2991877496242523
5353,1,1,0.8058141469955444
5354,0,0,0.3592471480369568
5355,8,8,0.8792737126350403
5356,7,7,0.8711766600608826
5357,0,0,0.5922852158546448
5358,1,8,0.4325510561466217
5359,6,3,0.37288516759872437
5360,9,9,0.7026230096817017
5361,3,9,0.38276568055152893
5362,2,4,0.6252784132957458
5363,7,7,0.8774808645248413
5364,7,7,0.5436491370201111
5365,8,8,0.5987964272499084
5366,1,9,0.574712336063385
5367,0,0,0.5408769845962524
5368,3,5,0.3819444179534912
5369,4,2,0.46194082498550415
5370,6,3,0.507086455821991
5371,7,7,0.5422513484954834
5372,5,8,0.473392516374588
5373,2,2,0.3055248558521271
5374,0,8,0.5331940650939941
5375,1,8,0.5585008263587952
5376,5,5,0.7544212341308594
5377,5,5,0.35377979278564453
5378,1,1,0.306524395942688
5379,4,2,0.3175030052661896
5380,1,9,0.8273652791976929
5381,3,3,0.4385319650173187
5382,0,0,0.8122029304504395
5383,8,8,0.9695560932159424
5384,6,6,0.8764532804489136
5385,2,4,0.2618314027786255
5386,1,1,0.9195953011512756
5387,3,4,0.7297335863113403
5388,6,5,0.2698557376861572
5389,4,4,0.17599967122077942
5390,1,1,0.922846794128418
5391,9,9,0.8225526213645935
5392,0,0,0.6763279438018799
5393,4,7,0.22851820290088654
5394,1,1,0.9115172028541565
5395,0,0,0.7496984004974365
5396,1,9,0.3203660249710083
5397,9,8,0.8881698846817017
5398,8,0,0.41662049293518066
5399,6,3,0.30832383036613464
5400,9,9,0.38401859998703003
5401,2,8,0.5381211042404175
5402,4,4,0.4113049805164337
5403,7,4,0.4966706931591034
5404,2,2,0.3699582517147064
5405,2,0,0.7500235438346863
5406,7,7,0.45499998331069946
5407,4,7,0.7452103495597839
5408,9,9,0.487954318523407
5409,1,1,0.8160881996154785
5410,3,7,0.38990992307662964
5411,2,6,0.5309745669364929
5412,6,6,0.8483304381370544
5413,3,5,0.8014776110649109
5414,4,4,0.7514998912811279
5415,4,4,0.4662548303604126
5416,9,1,0.9754071831703186
5417,4,7,0.4638146162033081
5418,8,8,0.7596957087516785
5419,2,6,0.2871946394443512
5420,6,6,0.7496869564056396
5421,6,6,0.3098629117012024
5422,1,1,0.46263208985328674
5423,6,6,0.9805488586425781
5424,3,5,0.5074096322059631
5425,6,6,0.6014159321784973
5426,5,5,0.448984831571579
5427,8,8,0.595613956451416
5428,4,7,0.5073909163475037
5429,6,6,0.9510514736175537
5430,7,7,0.6633669137954712
5431,1,9,0.6765427589416504
5432,9,9,0.7305067777633667
5433,3,5,0.5853704810142517
5434,6,3,0.2614617347717285
5435,7,7,0.2892574667930603
5436,6,6,0.5853959321975708
5437,0,0,0.4499482214450836
5438,7,4,0.6235740780830383
5439,1,1,0.9717568159103394
5440,9,9,0.9308706521987915
5441,5,3,0.40229490399360657
5442,2,2,0.5336180925369263
5443,6,4,0.43204885721206665
5444,7,1,0.8584451675415039
5445,7,7,0.796932578086853
5446,6,2,0.36511173844337463
5447,5,3,0.6289989948272705
5448,9,9,0.6772282123565674
5449,1,1,0.9136216640472412
5450,5,3,0.4522949755191803
5451,6,6,0.9028716683387756
5452,0,0,0.9676369428634644
5453,2,2,0.6294443011283875
5454,0,0,0.952101469039917
5455,9,1,0.34094229340553284
5456,1,9,0.5476074814796448
5457,8,8,0.9517877697944641
5458,3,4,0.2398083359003067
5459,5,3,0.2683466076850891
5460,0,3,0.4487820565700531
5461,0,3,0.2878989279270172
5462,0,2,0.44244384765625
5463,5,5,0.45591792464256287
5464,7,7,0.4464016258716583
5465,7,7,0.7711589336395264
5466,8,3,0.24797724187374115
5467,5,7,0.21523378789424896
5468,5,5,0.4424620568752289
5469,5,3,0.321527361869812
5470,1,1,0.6256176829338074
5471,6,6,0.8571487665176392
5472,1,1,0.8385801315307617
5473,5,5,0.8336775898933411
5474,1,1,0.7420067191123962
5475,0,0,0.9557068347930908
5476,6,6,0.6601070761680603
5477,2,9,0.40734434127807617
5478,3,3,0.3870885372161865
5479,2,2,0.4424547851085663
5480,1,1,0.9299380779266357
5481,7,2,0.19139444828033447
5482,5,7,0.7599340677261353
5483,1,1,0.5120120644569397
5484,9,9,0.7281782031059265
5485,8,8,0.9426785707473755
5486,3,7,0.2020924985408783
5487,6,5,0.3599957525730133
5488,9,9,0.820219099521637
5489,7,7,0.2696201205253601
5490,3,5,0.38936302065849304
5491,0,0,0.7944015860557556
5492,2,0,0.5989517569541931
5493,3,5,0.2365184724330902
5494,9,9,0.664162814617157
5495,4,4,0.44230419397354126
5496,4,6,0.4699985682964325
5497,3,3,0.20952709019184113
5498,9,1,0.55055171251297
5499,6,6,0.7251408100128174
5500,8,8,0.42179179191589355
5501,6,6,0.8548933267593384
5502,6,6,0.8363327980041504
5503,8,8,0.9547688961029053
5504,5,2,0.3998244106769562
5505,4,4,0.5640786290168762
5506,3,4,0.3486635386943817
5507,6,6,0.7412130236625671
5508,7,7,0.6226922273635864
5509,7,7,0.6779375672340393
5510,4,4,0.470050573348999
5511,3,6,0.7344215512275696
5512,9,7,0.37713509798049927
5513,6,6,0.7934680581092834
5514,2,2,0.6852337718009949
5515,4,4,0.3371949791908264
5516,0,2,0.5382205843925476
5517,1,5,0.37728187441825867
5518,3,8,0.3473272919654846
5519,6,6,0.8621136546134949
5520,4,4,0.2441854476928711
5521,9,9,0.8123924732208252
5522,2,3,0.34035876393318176
5523,6,6,0.8276422619819641
5524,0,0,0.5056154131889343
5525,3,7,0.6234419345855713
5526,8,8,0.7213894724845886
5527,7,7,0.6385555863380432
5528,5,5,0.5983906984329224
5529,3,8,0.3926519453525543
5530,3,0,0.25550997257232666
5531,8,8,0.9790645241737366
5532,3,3,0.34878069162368774
5533,2,2,0.32819685339927673
5534,6,4,0.40319374203681946
5535,3,8,0.2769812345504761
5536,6,9,0.47913745045661926
5537,2,3,0.48394206166267395
5538,7,0,0.34308698773384094
5539,4,4,0.4293613135814667
5540,5,3,0.24959023296833038
5541,7,7,0.8581923842430115
5542,9,9,0.7537901997566223
5543,0,0,0.9965948462486267
5544,0,3,0.2553718388080597
5545,6,6,0.7720438241958618
5546,7,7,0.8545250296592712
5547,2,8,0.2485809326171875
5548,8,0,0.45853129029273987
5549,5,4,0.289441853761673
5550,5,5,0.41742372512817383
5551,7,2,0.18635645508766174
5552,5,5,0.4687257707118988
5553,5,5,0.8215671181678772
5554,9,8,0.5786409974098206
5555,4,3,0.2900817096233368
5556,6,9,0.2539314031600952
5557,4,4,0.27436864376068115
5558,7,2,0.35418739914894104
5559,3,2,0.545787513256073
5560,3,5,0.4637872576713562
5561,6,6,0.9190242290496826
5562,4,7,0.4590163230895996
5563,1,1,0.518923282623291
5564,6,8,0.47375643253326416
5565,3,4,0.32830193638801575
5566,1,1,0.6505017876625061
5567,6,6,0.7245565056800842
5568,7,7,0.9049780368804932
5569,0,0,0.4132751226425171
5570,5,5,0.8504918813705444
5571,0,7,0.7900997400283813
5572,1,1,0.7845421433448792
5573,9,9,0.5875634551048279
5574,7,7,0.9406483769416809
5575,3,5,0.4101293087005615
5576,5,3,0.4395356774330139
5577,2,4,0.3396950960159302
5578,3,3,0.23318450152873993
5579,9,9,0.7780044078826904
5580,5,3,0.39750969409942627
5581,6,5,0.6805517673492432
5582,4,3,0.38825443387031555
5583,0,0,0.9377651810646057
5584,0,0,0.9854595065116882
5585,0,1,0.3836701810359955
5586,8,8,0.6029869318008423
5587,0,0,0.7878758311271667
5588,3,3,0.5640302896499634
5589,2,2,0.6841714978218079
5590,4,4,0.5882517695426941
5591,5,5,0.32116588950157166
5592,3,5,0.5788219571113586
5593,7,7,0.5710985064506531
5594,9,9,0.3762775659561157
5595,6,6,0.48246076703071594
5596,9,9,0.8885700106620789
5597,3,8,0.4102141261100769
5598,1,1,0.97678542137146
5599,2,2,0.5098034143447876
5600,6,6,0.47793036699295044
5601,7,0,0.403247207403183
5602,4,4,0.7325977087020874
5603,5,7,0.4205950200557709
5604,1,1,0.9539895057678223
5605,3,5,0.3593614101409912
5606,7,7,0.49454617500305176
5607,6,0,0.6638251543045044
5608,9,9,0.9206273555755615
5609,5,7,0.29257556796073914
5610,8,9,0.46276694536209106
5611,5,3,0.44623303413391113
5612,8,8,0.852836549282074
5613,5,5,0.26856645941734314
5614,8,8,0.8340293765068054
5615,5,5,0.6451650261878967
5616,6,6,0.7858809232711792
5617,5,5,0.8118879199028015
5618,0,0,0.44259998202323914
5619,8,8,0.9213694334030151
5620,3,4,0.49500977993011475
5621,8,9,0.4676033556461334
5622,1,1,0.6928830146789551
5623,8,8,0.9239674210548401
5624,1,1,0.9251469373703003
5625,5,7,0.6821937561035156
5626,0,4,0.3351794183254242
5627,9,9,0.7433186173439026
5628,8,1,0.9338000416755676
5629,6,6,0.49033138155937195
5630,3,8,0.3007813096046448
5631,6,6,0.4475119113922119
5632,3,1,0.34953877329826355
5633,4,4,0.3960596024990082
5634,4,2,0.49376794695854187
5635,7,7,0.8915725946426392
5636,4,4,0.4273240268230438
5637,7,7,0.8721996545791626
5638,4,6,0.4872284233570099
5639,3,3,0.3259119987487793
5640,2,5,0.45469775795936584
5641,4,5,0.2061227262020111
5642,5,7,0.5293160676956177
5643,5,5,0.49718713760375977
5644,7,7,0.49069008231163025
5645,5,5,0.4861960709095001
5646,4,8,0.7807592153549194
5647,5,3,0.6376641392707825
5648,8,4,0.35329321026802063
5649,0,0,0.7839385867118835
5650,5,3,0.3178759813308716
5651,4,4,0.4770779311656952
5652,0,0,0.8778063654899597
5653,5,5,0.6960030794143677
5654,4,7,0.46850210428237915
5655,3,7,0.2517538368701935
5656,3,2,0.23069947957992554
5657,2,2,0.52915358543396
5658,4,4,0.3484276235103607
5659,2,5,0.2302606701850891
5660,9,9,0.8882321119308472
5661,4,7,0.3107130229473114
5662,8,0,0.19942085444927216
5663,8,8,0.6473140716552734
5664,6,6,0.8937371373176575
5665,2,0,0.8603919148445129
5666,6,6,0.832474410533905
5667,1,1,0.7689768075942993
5668,7,7,0.9224010705947876
5669,0,0,0.36546826362609863
5670,4,4,0.32968899607658386
5671,3,6,0.321291983127594
5672,8,8,0.6971449851989746
5673,5,5,0.8189060091972351
5674,9,1,0.24424169957637787
5675,7,7,0.6607652902603149
5676,6,3,0.20932137966156006
5677,7,7,0.6122101545333862
5678,1,8,0.21867816150188446
5679,0,0,0.8051865100860596
5680,2,3,0.25419971346855164
5681,3,5,0.44379934668540955
5682,5,5,0.42461326718330383
5683,6,6,0.7087025046348572
5684,7,7,0.5132517218589783
5685,1,1,0.9590804576873779
5686,6,4,0.3014487624168396
5687,2,0,0.5316275358200073
5688,8,8,0.828192412853241
5689,3,3,0.7006970643997192
5690,7,7,0.925133466720581
5691,2,2,0.3967715799808502
5692,5,5,0.704807460308075
5693,7,7,0.7629423141479492
5694,5,5,0.718116819858551
5695,7,7,0.7990365028381348
5696,7,7,0.9854715466499329
5697,1,1,0.847440779209137
5698,7,5,0.7695732116699219
5699,4,4,0.8265237212181091
5700,3,7,0.2692941725254059
5701,3,5,0.5130865573883057
5702,4,4,0.5991507768630981
5703,0,1,0.47120583057403564
5704,4,4,0.5913153886795044
5705,2,2,0.5640648007392883
5706,7,7,0.9160597324371338
5707,0,0,0.640118420124054
5708,2,5,0.4576815962791443
5709,2,2,0.3923474848270416
5710,6,6,0.6172548532485962
5711,6,6,0.7552794814109802
5712,2,2,0.5216749310493469
5713,5,5,0.8894230127334595
5714,2,2,0.41878312826156616
5715,6,6,0.6621329188346863
5716,0,0,0.9120179414749146
5717,6,3,0.288166880607605
5718,1,9,0.5247864127159119
5719,2,2,0.35908564925193787
5720,9,9,0.9760918021202087
5721,0,0,0.6817883253097534
5722,0,0,0.735346794128418
5723,1,1,0.9183239936828613
5724,5,5,0.5567837953567505
5725,5,5,0.45249947905540466
5726,1,1,0.693884551525116
5727,6,6,0.4654656648635864
5728,7,7,0.8505944013595581
5729,8,1,0.5617812275886536
5730,5,1,0.24055737257003784
5731,6,6,0.6533923149108887
5732,3,8,0.3136352598667145
5733,3,5,0.4309290945529938
5734,6,3,0.25648054480552673
5735,0,0,0.8714599609375
5736,9,1,0.32874444127082825
5737,9,9,0.7521536350250244
5738,2,2,0.3603518605232239
5739,2,6,0.743794858455658
5740,6,6,0.6811964511871338
5741,1,8,0.5707619190216064
5742,4,4,0.43839406967163086
5743,6,6,0.34160831570625305
5744,2,2,0.470420241355896
5745,5,2,0.4134743809700012
5746,7,7,0.909576952457428
5747,8,8,0.7489556670188904
5748,8,8,0.6548137068748474
5749,5,3,0.6032334566116333
5750,6,2,0.3094605505466461
5751,4,4,0.517125129699707
5752,3,0,0.31698018312454224
5753,2,3,0.42212462425231934
5754,3,5,0.686170756816864
5755,4,2,0.3797801434993744
5756,4,4,0.4543724060058594
5757,4,4,0.6001935005187988
5758,8,8,0.2850140929222107
5759,9,9,0.703255295753479
5760,2,2,0.5302606225013733
5761,6,6,0.8791839480400085
5762,0,0,0.4746946394443512
5763,9,9,0.8177817463874817
5764,7,7,0.640262246131897
5765,9,9,0.7780466675758362
5766,8,8,0.9260342121124268
5767,7,7,0.8932021260261536
5768,7,7,0.4171947240829468
5769,3,3,0.279735803604126
5770,8,8,0.9151170253753662
5771,2,5,0.27975085377693176
5772,9,9,0.9043816328048706
5773,3,3,0.43844977021217346
5774,5,3,0.3927135765552521
5775,7,7,0.7282251119613647
5776,5,3,0.271228164434433
5777,8,8,0.9484321475028992
5778,7,7,0.8746334910392761
5779,3,4,0.2992595434188843
5780,7,7,0.9186526536941528
5781,0,0,0.3000115156173706
5782,7,7,0.9126406908035278
5783,1,9,0.5968061089515686
5784,6,6,0.7718984484672546
5785,2,2,0.5586471557617188
5786,4,2,0.4041024446487427
5787,0,1,0.4921782314777374
5788,0,0,0.9146770238876343
5789,2,7,0.3473528027534485
5790,9,9,0.9227795004844666
5791,8,8,0.6795535683631897
5792,2,2,0.3317049443721771
5793,8,8,0.737833559513092
5794,7,7,0.33154788613319397
5795,7,4,0.6719803214073181
5796,5,5,0.4905400574207306
5797,5,8,0.6217525005340576
5798,0,0,0.6939137578010559
5799,1,8,0.36360371112823486
5800,2,4,0.32018783688545227
5801,9,9,0.5534209609031677
5802,6,4,0.5775960087776184
5803,1,1,0.9499327540397644
5804,0,0,0.6427420377731323
5805,1,1,0.616203248500824
5806,0,0,0.5629624128341675
5807,6,6,0.5511254668235779
5808,5,5,0.4001355767250061
5809,0,0,0.3803977370262146
5810,5,5,0.5206982493400574
5811,7,5,0.3941138684749603
5812,4,3,0.25838974118232727
5813,4,4,0.41114404797554016
5814,8,0,0.5093048214912415
5815,3,3,0.35572344064712524
5816,5,3,0.37579381465911865
5817,3,4,0.27910706400871277
5818,7,7,0.8170258402824402
5819,2,0,0.7448797821998596
5820,5,5,0.4891981780529022
5821,8,7,0.3610725402832031
5822,3,3,0.26891812682151794
5823,5,5,0.7291818857192993
5824,7,7,0.2928163409233093
5825,3,5,0.3014622926712036
5826,7,5,0.22593721747398376
5827,0,0,0.8669835925102234
5828,5,5,0.8668390512466431
5829,4,4,0.7420791387557983
5830,5,5,0.2676812410354614
5831,6,8,0.3331923186779022
5832,9,9,0.4725361764431
5833,3,2,0.3459954857826233
5834,5,5,0.6681988835334778
5835,3,2,0.26727670431137085
5836,8,8,0.7202069163322449
5837,2,3,0.31695815920829773
5838,4,9,0.6774895787239075
5839,2,2,0.43060365319252014
5840,2,5,0.27379024028778076
5841,6,6,0.5580034852027893
5842,7,5,0.2835119962692261
5843,6,6,0.5096611380577087
5844,0,0,0.9497953653335571
5845,5,5,0.7769209146499634
5846,5,5,0.6725361943244934
5847,8,0,0.5331811904907227
5848,4,7,0.2867172956466675
5849,5,2,0.18824517726898193
5850,6,2,0.4137578308582306
5851,1,1,0.8682142496109009
5852,3,5,0.5249923467636108
5853,5,3,0.3004147410392761
5854,4,0,0.37629830837249756
5855,7,2,0.5555446743965149
5856,3,5,0.7291944622993469
5857,0,0,0.8683369159698486
5858,7,7,0.913215160369873
5859,2,2,0.575738251209259
5860,0,0,0.837486207485199
5861,1,9,0.6459846496582031
5862,2,5,0.2665461301803589
5863,4,4,0.8449596166610718
5864,9,1,0.722370445728302
5865,6,3,0.3983843922615051
5866,4,4,0.7639927268028259
5867,5,5,0.5830199718475342
5868,9,9,0.30145859718322754
5869,7,3,0.30236122012138367
5870,7,7,0.43256181478500366
5871,6,2,0.3313312530517578
5872,7,5,0.2835361361503601
5873,4,4,0.384444922208786
5874,3,4,0.35458511114120483
5875,1,1,0.8904827833175659
5876,6,6,0.33387595415115356
5877,9,1,0.5861355662345886
5878,4,2,0.4808984696865082
5879,8,1,0.4913315773010254
5880,0,8,0.8567299842834473
5881,3,5,0.45213285088539124
5882,1,9,0.6214381456375122
5883,6,6,0.3236725628376007
5884,4,2,0.35932213068008423
5885,4,4,0.5372624397277832
5886,2,2,0.45092421770095825
5887,1,1,0.868590772151947
5888,4,3,0.6062938570976257
5889,6,4,0.3608940541744232
5890,3,2,0.3957059681415558
5891,0,0,0.8681454062461853
5892,8,8,0.5592780709266663
5893,9,9,0.5294126272201538
5894,7,7,0.7807572484016418
5895,6,6,0.8357192277908325
5896,8,9,0.7196617722511292
5897,4,4,0.7328213453292847
5898,8,8,0.5543109178543091
5899,1,1,0.9271693229675293
5900,4,0,0.4641853868961334
5901,5,6,0.3559154272079468
5902,9,0,0.4261879026889801
5903,4,0,0.6473973393440247
5904,7,7,0.4941383898258209
5905,1,1,0.9522086977958679
5906,4,4,0.3995482325553894
5907,5,6,0.23890331387519836
5908,3,7,0.35394468903541565
5909,1,9,0.32414692640304565
5910,2,3,0.3486131429672241
5911,6,6,0.836740255355835
5912,4,4,0.26020216941833496
5913,7,7,0.9408949017524719
5914,1,1,0.5835436582565308
5915,5,3,0.38467809557914734
5916,9,9,0.8085435032844543
5917,3,4,0.3427114188671112
5918,1,1,0.9758185148239136
5919,4,0,0.7046611309051514
5920,8,0,0.4861864149570465
5921,7,4,0.2659873366355896
5922,7,7,0.3684741258621216
5923,0,1,0.39394986629486084
5924,4,5,0.23722341656684875
5925,3,5,0.4383740723133087
5926,4,0,0.6475672125816345
5927,6,2,0.24849224090576172
5928,7,3,0.2892095446586609
5929,7,7,0.9860098361968994
5930,5,2,0.4796268343925476
5931,4,3,0.22107423841953278
5932,4,4,0.31915390491485596
5933,4,0,0.3895490765571594
5934,3,7,0.835979700088501
5935,6,6,0.9877340793609619
5936,6,6,0.3921321630477905
5937,1,1,0.9534887671470642
5938,9,9,0.6441496014595032
5939,9,1,0.6161220073699951
5940,7,4,0.2461145520210266
5941,9,9,0.8770709037780762
5942,4,4,0.8299434185028076
5943,3,2,0.30785199999809265
5944,2,5,0.27860763669013977
5945,9,9,0.7670713663101196
5946,8,8,0.40699461102485657
5947,5,5,0.8590537905693054
5948,0,0,0.9018822312355042
5949,6,6,0.9840473532676697
5950,9,0,0.46777546405792236
5951,0,0,0.976909875869751
5952,9,9,0.758794903755188
5953,7,5,0.47381871938705444
5954,8,8,0.5870903134346008
5955,5,4,0.3401028513908386
5956,4,7,0.41801321506500244
5957,4,4,0.2773148715496063
5958,9,9,0.9212506413459778
5959,4,8,0.33645808696746826
5960,2,5,0.23240548372268677
5961,6,4,0.2676486670970917
5962,6,9,0.3067016899585724
5963,9,9,0.5933719277381897
5964,9,1,0.7984522581100464
5965,7,7,0.923751711845398
5966,9,9,0.9266220331192017
5967,9,9,0.9427730441093445
5968,0,0,0.5054751634597778
5969,5,2,0.2932538390159607
5970,1,1,0.8389379978179932
5971,1,1,0.7907618880271912
5972,8,0,0.7669912576675415
5973,6,6,0.5277547240257263
5974,9,9,0.9281735420227051
5975,9,9,0.6431965827941895
5976,5,5,0.505727231502533
5977,6,6,0.5783255696296692
5978,5,5,0.4224742352962494
5979,5,6,0.6064240336418152
5980,9,9,0.9193152189254761
5981,7,7,0.44442254304885864
5982,9,9,0.7375839948654175
5983,4,4,0.2763092815876007
5984,5,5,0.3971596658229828
5985,4,4,0.4901995360851288
5986,3,9,0.8146432638168335
5987,3,7,0.30654239654541016
5988,9,9,0.7814005613327026
5989,8,8,0.9687957763671875
5990,8,8,0.5913898944854736
5991,3,2,0.28216636180877686
5992,4,7,0.7096231579780579
5993,8,8,0.9207350611686707
5994,4,2,0.2955334782600403
5995,0,0,0.6368419528007507
5996,4,2,0.34484872221946716
5997,0,0,0.5349728465080261
5998,7,7,0.4787774980068207
5999,2,0,0.5380332469940186
6000,8,7,0.20742030441761017
6001,0,0,0.5912476778030396
6002,2,2,0.5941103100776672
6003,0,0,0.9954873919487
6004,7,7,0.36583951115608215
6005,4,5,0.257506787776947
6006,0,0,0.22321976721286774
6007,6,6,0.7374745607376099
6008,3,2,0.5485653281211853
6009,3,7,0.2764946520328522
6010,1,2,0.20410990715026855
6011,7,5,0.46391862630844116
6012,4,4,0.4882691204547882
6013,6,6,0.7144650816917419
6014,5,3,0.1840042918920517
6015,0,0,0.287621408700943
6016,4,6,0.7297635078430176
6017,9,1,0.5409752130508423
6018,5,5,0.39496251940727234
6019,6,6,0.9668123126029968
6020,6,6,0.37331587076187134
6021,3,5,0.47484055161476135
6022,0,0,0.43951863050460815
6023,5,5,0.3669939637184143
6024,2,2,0.31247416138648987
6025,6,6,0.3330499231815338
6026,3,8,0.42973417043685913
6027,3,5,0.4459085762500763
6028,8,9,0.6507534980773926
6029,0,0,0.761790931224823
6030,8,1,0.8367002010345459
6031,5,7,0.2855668365955353
6032,4,4,0.43190672993659973
6033,2,2,0.5366614460945129
6034,9,9,0.4737509787082672
6035,5,3,0.5798924565315247
6036,0,0,0.9948970675468445
6037,5,3,0.3947408199310303
6038,4,2,0.2612798511981964
6039,8,8,0.6468513607978821
6040,2,2,0.24446573853492737
6041,7,8,0.3502122163772583
6042,6,4,0.3882579505443573
6043,5,5,0.24299442768096924
6044,7,4,0.43824976682662964
6045,8,8,0.9835196137428284
6046,2,2,0.3049606680870056
6047,0,0,0.7404799461364746
6048,1,1,0.8703163862228394
6049,8,8,0.9698767066001892
6050,2,3,0.1731685847043991
6051,4,4,0.37803906202316284
6052,8,8,0.878136157989502
6053,4,6,0.4174668490886688
6054,3,2,0.3619937300682068
6055,0,0,0.7338529229164124
6056,4,3,0.27967196702957153
6057,0,8,0.4872671365737915
6058,1,1,0.972775936126709
6059,9,9,0.8153782486915588
6060,3,4,0.2588280141353607
6061,0,0,0.5068957805633545
6062,3,6,0.5934122800827026
6063,6,3,0.3290784955024719
6064,5,5,0.5952560901641846
6065,5,2,0.3954954445362091
6066,2,4,0.37531447410583496
6067,8,8,0.5298264622688293
6068,5,3,0.4051336348056793
6069,0,8,0.6993409395217896
6070,8,9,0.6236864924430847
6071,7,4,0.3605956435203552
6072,5,5,0.36171555519104004
6073,2,2,0.3712789714336395
6074,4,4,0.34967756271362305
6075,3,6,0.7229507565498352
6076,7,7,0.8207979202270508
6077,0,0,0.29441913962364197
6078,2,2,0.5441461801528931
6079,3,5,0.5005255937576294
6080,1,1,0.7944412231445312
6081,0,0,0.4164353609085083
6082,0,0,0.6751320958137512
6083,2,2,0.4796334505081177
6084,1,1,0.6893136501312256
6085,2,3,0.31439173221588135
6086,1,1,0.5424336194992065
6087,4,6,0.43575242161750793
6088,6,6,0.5810107588768005
6089,7,4,0.38052594661712646
6090,1,1,0.7288818359375
6091,0,8,0.4938293397426605
6092,5,5,0.6092439293861389
6093,2,2,0.3175227642059326
6094,5,5,0.6232476234436035
6095,9,1,0.6503031849861145
6096,2,2,0.42322516441345215
6097,5,5,0.4624118208885193
6098,6,6,0.8872661590576172
6099,7,2,0.4163348376750946
6100,1,1,0.5473982691764832
6101,9,9,0.7184445261955261
6102,3,7,0.4976678192615509
6103,6,8,0.27180156111717224
6104,1,1,0.9757617115974426
6105,0,0,0.9693117141723633
6106,2,2,0.4299294948577881
6107,9,9,0.8892183899879456
6108,4,2,0.3561176359653473
6109,2,2,0.6601819396018982
6110,9,9,0.9910077452659607
6111,3,3,0.2944478690624237
6112,8,8,0.9392284154891968
6113,2,5,0.8589873909950256
6114,9,9,0.6957895159721375
6115,8,8,0.842694103717804
6116,5,5,0.4213404953479767
6117,1,1,0.9692895412445068
6118,0,0,0.7329524159431458
6119,1,1,0.92168790102005
6120,5,5,0.8373717069625854
6121,2,5,0.7081693410873413
6122,5,5,0.3083791136741638
6123,6,3,0.3128420114517212
6124,8,0,0.26256534457206726
6125,8,8,0.44403141736984253
6126,3,3,0.2816644310951233
6127,5,2,0.48555925488471985
6128,0,0,0.6378833651542664
6129,4,2,0.30005156993865967
6130,1,1,0.5553085803985596
6131,3,3,0.27799510955810547
6132,7,7,0.3421885073184967
6133,0,0,0.8763684034347534
6134,3,8,0.38785305619239807
6135,3,3,0.27808868885040283
6136,9,7,0.24495844542980194
6137,2,4,0.2359064221382141
6138,3,2,0.40922099351882935
6139,9,9,0.9238259792327881
6140,9,9,0.9705295562744141
6141,8,8,0.7045825719833374
6142,5,3,0.16858002543449402
6143,9,9,0.7051281332969666
6144,7,7,0.7566869854927063
6145,2,3,0.3997473120689392
6146,0,0,0.27482935786247253
6147,9,9,0.8366800546646118
6148,4,4,0.5954874753952026
6149,7,7,0.9757959246635437
6150,1,9,0.32993894815444946
6151,7,3,0.35220596194267273
6152,6,6,0.8770533800125122
6153,4,7,0.6686522960662842
6154,4,0,0.15920987725257874
6155,8,8,0.5856028199195862
6156,9,9,0.8505193591117859
6157,0,2,0.24465718865394592
6158,7,0,0.3744347393512726
6159,1,1,0.9889473915100098
6160,2,5,0.34375646710395813
6161,4,4,0.3803861439228058
6162,0,2,0.3367016017436981
6163,3,3,0.39426466822624207
6164,7,2,0.20194047689437866
6165,5,3,0.2520126402378082
6166,1,8,0.5934650301933289
6167,9,9,0.4580860733985901
6168,3,5,0.5085847973823547
6169,5,5,0.22920280694961548
6170,2,2,0.5026901364326477
6171,4,4,0.4738551378250122
6172,1,1,0.6672198176383972
6173,1,1,0.9653154015541077
6174,3,5,0.45752811431884766
6175,3,6,0.4499880075454712
6176,9,9,0.8780149817466736
6177,2,5,0.381285160779953
6178,5,2,0.19694116711616516
6179,8,8,0.887290894985199
6180,0,0,0.5484236478805542
6181,8,8,0.35388556122779846
6182,1,1,0.9233202338218689
6183,5,5,0.780913770198822
6184,1,1,0.6497964262962341
6185,5,5,0.5658019185066223
6186,9,9,0.9651474356651306
6187,0,9,0.670907735824585
6188,9,1,0.5655746459960938
6189,2,0,0.5589357018470764
6190,4,4,0.5501047372817993
6191,0,0,0.39462918043136597
6192,6,6,0.6560300588607788
6193,9,9,0.6472764611244202
6194,1,8,0.4207543432712555
6195,1,9,0.603847324848175
6196,3,8,0.30661627650260925
6197,4,4,0.44055312871932983
6198,9,9,0.8027312159538269
6199,5,5,0.5699097514152527
6200,3,9,0.2056073695421219
6201,3,3,0.33213233947753906
6202,3,4,0.6003731489181519
6203,3,3,0.36877018213272095
6204,4,4,0.5153485536575317
6205,1,1,0.7133127450942993
6206,5,3,0.45822182297706604
6207,9,9,0.8507207632064819
6208,8,8,0.6986362338066101
6209,7,7,0.9087238311767578
6210,4,3,0.3417477309703827
6211,8,8,0.9323654770851135
6212,7,9,0.5669535994529724
6213,3,6,0.3392919898033142
6214,5,5,0.3967752158641815
6215,2,0,0.33995380997657776
6216,5,5,0.5997372269630432
6217,8,8,0.9207441210746765
6218,9,9,0.4808991253376007
6219,7,7,0.8971924185752869
6220,2,5,0.25200721621513367
6221,0,8,0.764231264591217
6222,0,0,0.9531267881393433
6223,7,7,0.7580134272575378
6224,5,5,0.8528649210929871
6225,3,6,0.3740919232368469
6226,5,5,0.8518874645233154
6227,7,5,0.5245503783226013
6228,4,7,0.42678049206733704
6229,6,6,0.3643379509449005
6230,2,2,0.4620267152786255
6231,8,8,0.32416078448295593
6232,2,8,0.3846594989299774
6233,7,7,0.9830000400543213
6234,7,5,0.20992551743984222
6235,6,3,0.4259779751300812
6236,1,9,0.49601590633392334
6237,3,9,0.2357323169708252
6238,8,8,0.661298394203186
6239,6,6,0.8506321310997009
6240,2,2,0.31139519810676575
6241,0,0,0.680394172668457
6242,4,0,0.6718722581863403
6243,4,4,0.29658451676368713
6244,8,8,0.8598979711532593
6245,6,6,0.34957370162010193
6246,4,4,0.623431921005249
6247,0,0,0.8742110133171082
6248,2,2,0.5515984892845154
6249,5,3,0.2958061397075653
6250,4,3,0.23698097467422485
6251,1,9,0.6112968921661377
6252,2,4,0.4027960002422333
6253,5,4,0.275293231010437
6254,4,4,0.7042326331138611
6255,6,4,0.3640452027320862
6256,9,9,0.9418672919273376
6257,5,5,0.3921995759010315
6258,0,0,0.9334756731987
6259,5,5,0.6416749954223633
6260,2,2,0.24870061874389648
6261,0,0,0.4414709210395813
6262,8,0,0.49838730692863464
6263,2,2,0.4084051847457886
6264,6,6,0.5617578625679016
6265,4,4,0.3447757363319397
6266,7,7,0.7088198661804199
6267,9,1,0.6403076648712158
6268,5,5,0.32563966512680054
6269,7,7,0.9082024097442627
6270,2,6,0.436276376247406
6271,6,2,0.38758373260498047
6272,2,5,0.5209404230117798
6273,1,8,0.2047237902879715
6274,9,9,0.3467876613140106
6275,9,9,0.7223008871078491
6276,7,7,0.9467265605926514
6277,2,4,0.2513812482357025
6278,5,3,0.3615187406539917
6279,1,1,0.9499751925468445
6280,8,8,0.18332011997699738
6281,1,1,0.2546766698360443
6282,6,6,0.47913432121276855
6283,3,3,0.46987369656562805
6284,0,0,0.7682214379310608
6285,8,0,0.8923404812812805
6286,8,9,0.4919781982898712
6287,5,5,0.5411662459373474
6288,6,6,0.6916817426681519
6289,9,9,0.6610156297683716
6290,9,1,0.7486114501953125
6291,9,9,0.8988410830497742
6292,6,2,0.2898276746273041
6293,3,3,0.4210043251514435
6294,0,0,0.7216188907623291
6295,8,8,0.7791249752044678
6296,8,8,0.9539241790771484
6297,5,5,0.852935254573822
6298,3,3,0.2931126654148102
6299,3,3,0.20301638543605804
6300,1,8,0.347992867231369
6301,1,9,0.6361925601959229
6302,0,1,0.311859667301178
6303,7,7,0.40956205129623413
6304,0,0,0.9727100729942322
6305,6,4,0.4642038345336914
6306,0,9,0.41708624362945557
6307,4,4,0.30203720927238464
6308,4,4,0.5863832235336304
6309,6,6,0.819398820400238
6310,5,5,0.8791648745536804
6311,3,3,0.31428951025009155
6312,2,2,0.37922045588493347
6313,9,9,0.7494635581970215
6314,6,6,0.7375656962394714
6315,6,1,0.33777162432670593
6316,7,7,0.9002204537391663
6317,9,0,0.3378119468688965
6318,7,7,0.8014758825302124
6319,7,7,0.7600512504577637
6320,0,0,0.4857804775238037
6321,8,8,0.8950061202049255
6322,4,7,0.9191389679908752
6323,2,2,0.8276929259300232
6324,7,7,0.9808955788612366
6325,7,7,0.9806890487670898
6326,7,6,0.476238876581192
6327,4,4,0.7813223600387573
6328,0,0,0.6725414395332336
6329,1,6,0.3369753062725067
6330,6,6,0.5553895831108093
6331,0,0,0.8966415524482727
6332,5,7,0.45999521017074585
6333,3,3,0.6530067324638367
6334,0,2,0.35763171315193176
6335,2,2,0.3963860869407654
6336,4,4,0.7192585468292236
6337,9,9,0.9318090081214905
6338,7,5,0.4691067337989807
6339,3,3,0.3654220998287201
6340,3,3,0.4181661307811737
6341,2,2,0.24863161146640778
6342,8,8,0.7846731543540955
6343,8,8,0.9524376392364502
6344,5,5,0.42421191930770874
6345,3,3,0.2289872020483017
6346,8,8,0.6225389242172241
6347,0,0,0.9747157096862793
6348,8,8,0.9298364520072937
6349,0,8,0.43651053309440613
6350,0,0,0.7061433792114258
6351,0,0,0.9542964100837708
6352,2,2,0.4012051820755005
6353,2,6,0.16641826927661896
6354,7,9,0.5169744491577148
6355,0,0,0.37583035230636597
6356,7,7,0.7804982662200928
6357,7,7,0.853818416595459
6358,7,7,0.6528207063674927
6359,2,2,0.351205050945282
6360,2,2,0.38016167283058167
6361,0,0,0.5096369385719299
6362,4,4,0.7532047629356384
6363,0,0,0.9913389682769775
6364,3,8,0.6900525689125061
6365,7,6,0.34115704894065857
6366,8,8,0.3727254569530487
6367,4,4,0.6076287031173706
6368,7,5,0.44392868876457214
6369,9,9,0.4500814974308014
6370,6,3,0.5393136739730835
6371,1,9,0.6740917563438416
6372,1,1,0.48473304510116577
6373,6,6,0.5530195832252502
6374,9,9,0.8337385058403015
6375,3,3,0.29676708579063416
6376,8,0,0.712837278842926
6377,9,9,0.9976529479026794
6378,5,5,0.6741775870323181
6379,8,8,0.8170495629310608
6380,3,3,0.3666352331638336
6381,9,1,0.9764325022697449
6382,4,5,0.3835432827472687
6383,3,5,0.3203045725822449
6384,7,6,0.8461638689041138
6385,5,5,0.4506259858608246
6386,5,7,0.24133551120758057
6387,2,5,0.2534983456134796
6388,7,1,0.1544588804244995
6389,5,5,0.40936022996902466
6390,7,7,0.9647804498672485
6391,9,9,0.49391505122184753
6392,6,3,0.2990089952945709
6393,3,0,0.5533860921859741
6394,0,9,0.6130590438842773
6395,8,8,0.8998373746871948
6396,4,4,0.5415505766868591
6397,5,5,0.6146626472473145
6398,6,4,0.2725973129272461
6399,1,9,0.6730626225471497
6400,0,0,0.6344254612922668
6401,4,3,0.26467978954315186
6402,8,8,0.34960272908210754
6403,4,4,0.5251679420471191
6404,7,7,0.9004685878753662
6405,1,1,0.6244667172431946
6406,3,9,0.42273738980293274
6407,2,2,0.6478021144866943
6408,0,0,0.7713039517402649
6409,9,9,0.8932894468307495
6410,1,1,0.9206926226615906
6411,8,8,0.3201594352722168
6412,8,9,0.4133780598640442
6413,6,2,0.34827864170074463
6414,8,8,0.3040241599082947
6415,1,1,0.5114544034004211
6416,7,7,0.6393901109695435
6417,1,1,0.8480638265609741
6418,0,0,0.7638550996780396
6419,9,8,0.7379150390625
6420,7,7,0.3120161294937134
6421,6,4,0.39772480726242065
6422,4,3,0.3463207483291626
6423,5,4,0.24978314340114594
6424,8,0,0.8387058973312378
6425,2,1,0.2996737062931061
6426,1,1,0.781832754611969
6427,2,2,0.8468267917633057
6428,5,3,0.4744020104408264
6429,8,6,0.33081817626953125
6430,1,1,0.5851232409477234
6431,1,1,0.5677820444107056
6432,8,0,0.7047854065895081
6433,8,8,0.674567461013794
6434,0,8,0.7694318890571594
6435,9,9,0.8816862106323242
6436,0,8,0.8602235317230225
6437,0,0,0.7887469530105591
6438,4,4,0.3698241710662842
6439,3,4,0.8707903027534485
6440,3,4,0.19680337607860565
6441,5,3,0.26323986053466797
6442,6,3,0.3477809727191925
6443,6,6,0.826350748538971
6444,3,3,0.3703555464744568
6445,1,9,0.44562777876853943
6446,4,4,0.33278754353523254
6447,4,4,0.32981324195861816
6448,7,7,0.7582954168319702
6449,8,8,0.8840453028678894
6450,0,0,0.5389811992645264
6451,1,1,0.4057685136795044
6452,4,2,0.3934129476547241
6453,8,1,0.6112931370735168
6454,4,7,0.5288324356079102
6455,6,6,0.4609268605709076
6456,2,2,0.8270402550697327
6457,2,2,0.3137530982494354
6458,2,2,0.5515599250793457
6459,6,6,0.8845528364181519
6460,3,3,0.20237873494625092
6461,4,4,0.3711927533149719
6462,0,0,0.6502209901809692
6463,8,8,0.7483271360397339
6464,1,1,0.9563419818878174
6465,3,5,0.48790663480758667
6466,8,5,0.39097002148628235
6467,3,6,0.30743324756622314
6468,8,8,0.960761547088623
6469,9,1,0.27555516362190247
6470,1,1,0.6930103898048401
6471,6,6,0.6461546421051025
6472,1,8,0.4641227722167969
6473,9,9,0.8846755027770996
6474,8,0,0.3750148415565491
6475,2,5,0.30709439516067505
6476,0,0,0.8102229833602905
6477,4,4,0.27132222056388855
6478,7,7,0.7322606444358826
6479,4,4,0.5557372570037842
6480,0,0,0.7421212792396545
6481,0,0,0.5644354224205017
6482,7,7,0.9425588846206665
6483,6,6,0.720699667930603
6484,8,8,0.7957174181938171
6485,9,9,0.6505674719810486
6486,8,1,0.646986722946167
6487,6,6,0.835314154624939
6488,2,0,0.2599991261959076
6489,8,8,0.878192663192749
6490,8,9,0.41687291860580444
6491,0,5,0.2600574791431427
6492,1,1,0.47977370023727417
6493,1,9,0.38884058594703674
6494,0,0,0.3215041160583496
6495,7,7,0.6654597520828247
6496,7,5,0.34893277287483215
6497,4,4,0.2065993696451187
6498,4,6,0.5128186941146851
6499,7,5,0.21656256914138794
6500,7,6,0.3259647786617279
6501,2,2,0.4336070418357849
6502,6,6,0.4758179187774658
6503,6,6,0.733020007610321
6504,7,7,0.3993690013885498
6505,4,2,0.24229764938354492
6506,5,3,0.5014221668243408
6507,4,3,0.24409349262714386
6508,0,0,0.9705722332000732
6509,9,9,0.7453927397727966
6510,4,9,0.4254853129386902
6511,7,7,0.8867828845977783
6512,2,2,0.435413122177124
6513,5,7,0.5413963794708252
6514,3,2,0.30941709876060486
6515,2,5,0.37676483392715454
6516,2,2,0.31697481870651245
6517,7,7,0.28227847814559937
6518,6,6,0.8083968758583069
6519,2,2,0.694994330406189
6520,6,6,0.5075111389160156
6521,4,4,0.6256067752838135
6522,9,9,0.6509889364242554
6523,6,6,0.32072198390960693
6524,8,0,0.8365516066551208
6525,3,3,0.42441239953041077
6526,8,8,0.929319441318512
6527,5,5,0.8149412870407104
6528,5,7,0.33955109119415283
6529,2,2,0.40992361307144165
6530,3,5,0.5783833861351013
6531,4,4,0.5674943327903748
6532,5,5,0.4874166250228882
6533,2,9,0.5681604146957397
6534,7,7,0.9843442440032959
6535,5,5,0.6064661145210266
6536,1,1,0.7034754157066345
6537,5,8,0.27670982480049133
6538,3,3,0.20634829998016357
6539,7,7,0.931094229221344
6540,8,0,0.4692906141281128
6541,8,8,0.36058321595191956
6542,9,7,0.5351837873458862
6543,6,5,0.368630051612854
6544,0,0,0.49472081661224365
6545,9,0,0.8598781228065491
6546,2,2,0.8260713815689087
6547,6,6,0.6840970516204834
6548,0,0,0.7971210479736328
6549,0,8,0.48074406385421753
6550,1,1,0.952282190322876
6551,4,4,0.5386328101158142
6552,1,9,0.5706813335418701
6553,3,6,0.29694056510925293
6554,5,5,0.5238292813301086
6555,1,1,0.9320611357688904
6556,8,8,0.5358791351318359
6557,9,9,0.597684919834137
6558,6,6,0.5271878838539124
6559,2,4,0.7597450017929077
6560,6,6,0.8665921688079834
6561,9,8,0.36126410961151123
6562,5,5,0.41053640842437744
6563,6,1,0.2666168510913849
6564,5,3,0.5939818620681763
6565,9,9,0.9049094319343567
6566,1,3,0.27608075737953186
6567,4,2,0.5245670080184937
6568,2,3,0.47072914242744446
6569,8,9,0.6311158537864685
6570,9,9,0.43342939019203186
6571,5,5,0.34498023986816406
6572,4,4,0.5500757098197937
6573,7,5,0.3935101628303528
6574,0,2,0.20379680395126343
6575,3,3,0.3687538504600525
6576,7,5,0.5231069326400757
6577,1,1,0.33419662714004517
6578,6,6,0.8567870259284973
6579,9,9,0.5338282585144043
6580,1,4,0.1696217805147171
6581,1,9,0.6072925329208374
6582,4,4,0.7271565794944763
6583,0,0,0.8774451613426208
6584,5,5,0.5488018989562988
6585,1,1,0.9527008533477783
6586,6,6,0.9646407961845398
6587,3,3,0.39542916417121887
6588,0,8,0.5858705639839172
6589,2,2,0.4142245948314667
6590,5,5,0.4139232635498047
6591,5,5,0.3898434340953827
6592,5,5,0.8252172470092773
6593,2,2,0.6058012843132019
6594,8,8,0.5348116159439087
6595,2,0,0.7041014432907104
6596,3,5,0.7066468596458435
6597,1,9,0.6289209723472595
6598,6,9,0.2752101421356201
6599,2,6,0.6829988360404968
6600,7,7,0.966362476348877
6601,0,0,0.6070616245269775
6602,8,8,0.8328370451927185
6603,9,9,0.4824705719947815
6604,2,5,0.3973737061023712
6605,6,5,0.42572447657585144
6606,4,3,0.20360372960567474
6607,7,9,0.6279717683792114
6608,5,2,0.4856376647949219
6609,5,5,0.36080852150917053
6610,8,8,0.7734023928642273
6611,8,8,0.9236063957214355
6612,7,7,0.44865795969963074
6613,8,1,0.4779805839061737
6614,5,5,0.4007631242275238
6615,7,7,0.749617874622345
6616,4,8,0.30140426754951477
6617,4,4,0.5395707488059998
6618,0,0,0.8416039347648621
6619,0,9,0.4446307420730591
6620,7,5,0.4171711206436157
6621,0,0,0.4831881523132324
6622,4,4,0.7970170974731445
6623,0,0,0.45522966980934143
6624,4,4,0.449070543050766
6625,4,3,0.23490886390209198
6626,2,2,0.42556288838386536
6627,5,3,0.45945432782173157
6628,4,4,0.5128294229507446
6629,0,8,0.5222759246826172
6630,7,7,0.4036431908607483
6631,7,2,0.2757278382778168
6632,7,7,0.37213632464408875
6633,0,3,0.4979477524757385
6634,4,4,0.3247801661491394
6635,6,6,0.29058393836021423
6636,2,2,0.48201677203178406
6637,9,9,0.5533767938613892
6638,1,9,0.5090419054031372
6639,1,9,0.5715214610099792
6640,5,2,0.2288285195827484
6641,0,8,0.7884927988052368
6642,9,9,0.6390118598937988
6643,1,1,0.9761953949928284
6644,0,0,0.8005079030990601
6645,6,6,0.7108478546142578
6646,5,4,0.22909630835056305
6647,3,5,0.3054453432559967
6648,0,0,0.7982728481292725
6649,9,9,0.6889455318450928
6650,0,0,0.7876773476600647
6651,6,6,0.6543468832969666
6652,2,2,0.33485177159309387
6653,0,0,0.5554668307304382
6654,4,4,0.24709224700927734
6655,1,1,0.7040665745735168
6656,6,5,0.38463419675827026
6657,7,7,0.6863961815834045
6658,6,6,0.7387356758117676
6659,1,1,0.9720169305801392
6660,0,0,0.8090775012969971
6661,4,4,0.342538058757782
6662,6,6,0.20072562992572784
6663,0,0,0.8283352851867676
6664,4,4,0.4887238144874573
6665,4,3,0.2692312002182007
6666,2,2,0.5479745864868164
6667,7,7,0.663836658000946
6668,6,6,0.9108613133430481
6669,5,2,0.6069883704185486
6670,3,9,0.2385278344154358
6671,5,3,0.2672441005706787
6672,9,9,0.8440516591072083
6673,4,2,0.4294913709163666
6674,5,3,0.27041390538215637
6675,2,2,0.5813921689987183
6676,0,0,0.6184338331222534
6677,5,3,0.33533328771591187
6678,7,7,0.6399884223937988
6679,2,4,0.33322229981422424
6680,3,5,0.421476274728775
6681,9,8,0.39634209871292114
6682,4,4,0.7531166076660156
6683,5,5,0.5402665734291077
6684,8,8,0.7668883204460144
6685,1,1,0.575126588344574
6686,9,9,0.5354284644126892
6687,3,2,0.3989659249782562
6688,1,9,0.3601507544517517
6689,8,8,0.3773456811904907
6690,5,5,0.40305039286613464
6691,8,8,0.7881695032119751
6692,6,6,0.9631609320640564
6693,6,1,0.3933820426464081
6694,3,2,0.2695034444332123
6695,4,4,0.2019229531288147
6696,0,0,0.7075599431991577
6697,2,2,0.2599274814128876
6698,3,3,0.25957903265953064
6699,2,2,0.8786015510559082
6700,6,0,0.3211851716041565
6701,1,1,0.9377304911613464
6702,8,8,0.937191903591156
6703,2,4,0.5128372311592102
6704,1,9,0.966020941734314
6705,3,2,0.30511772632598877
6706,6,3,0.39969760179519653
6707,2,2,0.5038979649543762
6708,2,2,0.7234374284744263
6709,3,3,0.47026148438453674
6710,3,3,0.2877626121044159
6711,5,5,0.7940158247947693
6712,0,0,0.7608001232147217
6713,2,2,0.3989977538585663
6714,1,1,0.7472786903381348
6715,2,2,0.16847571730613708
6716,8,8,0.5132046341896057
6717,0,0,0.4530583322048187
6718,8,8,0.8079913854598999
6719,2,2,0.46230441331863403
6720,2,2,0.5883246660232544
6721,7,7,0.31923848390579224
6722,3,3,0.2933652997016907
6723,5,7,0.8200697302818298
6724,9,9,0.9783157110214233
6725,8,8,0.9302892684936523
6726,3,4,0.22505152225494385
6727,6,6,0.4632922112941742
6728,1,1,0.872754693031311
6729,0,9,0.423811674118042
6730,8,8,0.8308581113815308
6731,6,6,0.9392930269241333
6732,3,3,0.3139059543609619
6733,5,5,0.6840740442276001
6734,8,8,0.8920773863792419
6735,9,9,0.7925146222114563
6736,4,4,0.4332592487335205
6737,8,8,0.5086797475814819
6738,0,0,0.8793779611587524
6739,0,0,0.20965221524238586
6740,2,2,0.3699699342250824
6741,9,1,0.34086906909942627
6742,1,1,0.9856299757957458
6743,8,8,0.9171525239944458
6744,3,3,0.2754065990447998
6745,7,7,0.4937094748020172
6746,2,5,0.45079994201660156
6747,8,8,0.9455113410949707
6748,0,2,0.49938586354255676
6749,9,9,0.7585235238075256
6750,4,3,0.354636013507843
6751,8,8,0.8791046142578125
6752,9,9,0.8451911807060242
6753,4,6,0.3065575361251831
6754,8,8,0.37846046686172485
6755,9,7,0.467526912689209
6756,5,5,0.25361907482147217
6757,4,4,0.5071175694465637
6758,8,8,0.8940700888633728
6759,1,9,0.6453108191490173
6760,5,5,0.8570170402526855
6761,5,7,0.5515069365501404
6762,7,7,0.2993122935295105
6763,2,3,0.2888747453689575
6764,5,5,0.4357462227344513
6765,8,8,0.6056233048439026
6766,8,8,0.7215767502784729
6767,1,1,0.5239073634147644
6768,2,2,0.5065129995346069
6769,3,3,0.37438276410102844
6770,1,1,0.8945088386535645
6771,5,5,0.4017210602760315
6772,0,9,0.5396972894668579
6773,2,2,0.587536096572876
6774,3,2,0.2526976466178894
6775,0,0,0.9762772917747498
6776,8,8,0.7760210037231445
6777,2,4,0.5178296566009521
6778,2,2,0.5551149845123291
6779,8,8,0.5074796080589294
6780,7,7,0.9638023376464844
6781,3,4,0.5144957304000854
6782,5,5,0.27267536520957947
6783,3,6,0.47364166378974915
6784,9,9,0.6644048094749451
6785,6,6,0.7578794360160828
6786,3,5,0.31673845648765564
6787,5,5,0.8768601417541504
6788,1,1,0.9581763744354248
6789,1,1,0.5251590609550476
6790,7,5,0.4193429946899414
6791,7,7,0.31904423236846924
6792,3,3,0.12994284927845
6793,3,5,0.643763542175293
6794,8,8,0.7164693474769592
6795,9,3,0.16979390382766724
6796,6,6,0.3987344801425934
6797,0,0,0.9935043454170227
6798,8,6,0.3418686091899872
6799,0,0,0.39094310998916626
6800,6,4,0.6436255574226379
6801,6,6,0.9833396673202515
6802,4,4,0.545860767364502
6803,6,6,0.48888444900512695
6804,9,9,0.2555248737335205
6805,1,1,0.9324367046356201
6806,1,1,0.8788005113601685
6807,7,7,0.6055957078933716
6808,0,8,0.813007116317749
6809,6,6,0.5378318428993225
6810,8,8,0.8106715083122253
6811,9,9,0.7243529558181763
6812,0,0,0.40854328870773315
6813,6,4,0.5030856132507324
6814,9,1,0.7690983414649963
6815,0,0,0.831075131893158
6816,1,1,0.8692986965179443
6817,1,1,0.6465966105461121
6818,7,7,0.8835264444351196
6819,2,2,0.17382565140724182
6820,1,1,0.8288171887397766
6821,0,2,0.34990689158439636
6822,4,2,0.46425116062164307
6823,5,5,0.6054195761680603
6824,0,0,0.7093873620033264
6825,3,5,0.5855696797370911
6826,6,6,0.6899001002311707
6827,3,2,0.36604928970336914
6828,3,5,0.3931814730167389
6829,8,8,0.7089945077896118
6830,1,9,0.5592553019523621
6831,8,8,0.5183203220367432
6832,1,9,0.44743362069129944
6833,3,3,0.31438636779785156
6834,1,9,0.5390464067459106
6835,5,4,0.22676193714141846
6836,4,7,0.7911500930786133
6837,5,3,0.24562110006809235
6838,1,1,0.7436390519142151
6839,8,2,0.22286613285541534
6840,9,9,0.5018731355667114
6841,1,9,0.36972278356552124
6842,3,8,0.31993991136550903
6843,1,1,0.5260648131370544
6844,7,7,0.8935598134994507
6845,2,0,0.2941320240497589
6846,9,1,0.5421584844589233
6847,8,8,0.8588228225708008
6848,9,8,0.5922747850418091
6849,4,2,0.4265885055065155
6850,6,6,0.7038410902023315
6851,0,0,0.8189509510993958
6852,9,9,0.44652044773101807
6853,4,5,0.4174346923828125
6854,0,8,0.4799756407737732
6855,4,6,0.3123849034309387
6856,6,3,0.4594627022743225
6857,2,3,0.28693687915802
6858,1,1,0.38357990980148315
6859,3,1,0.6533094048500061
6860,0,2,0.4561367630958557
6861,8,8,0.4539298415184021
6862,5,3,0.3744674026966095
6863,6,6,0.7987269759178162
6864,0,9,0.47236335277557373
6865,3,2,0.23287200927734375
6866,4,6,0.4876212477684021
6867,6,6,0.9853864908218384
6868,9,1,0.3997468948364258
6869,5,8,0.26281970739364624
6870,7,5,0.4438971281051636
6871,9,9,0.36793333292007446
6872,0,3,0.5836019515991211
6873,3,3,0.40543797612190247
6874,6,6,0.3898470103740692
6875,5,5,0.39378321170806885
6876,7,3,0.24545834958553314
6877,0,8,0.6514396071434021
6878,5,5,0.4028967618942261
6879,1,1,0.6009418368339539
6880,2,9,0.3843238949775696
6881,2,0,0.6185743808746338
6882,9,8,0.5170978307723999
6883,7,2,0.1961544305086136
6884,0,0,0.8356228470802307
6885,0,0,0.517372190952301
6886,1,1,0.888595461845398
6887,4,6,0.2369176596403122
6888,4,2,0.5638257265090942
6889,5,5,0.4320122301578522
6890,5,5,0.603988766670227
6891,9,9,0.8124676942825317
6892,6,6,0.3354651629924774
6893,3,6,0.6205794215202332
6894,6,6,0.5348088145256042
6895,2,9,0.2670631408691406
6896,6,3,0.22945955395698547
6897,9,9,0.3691818416118622
6898,3,5,0.40813326835632324
6899,2,2,0.3594663739204407
6900,3,3,0.3152350187301636
6901,2,9,0.3885122239589691
6902,4,4,0.4167461395263672
6903,9,9,0.5310732126235962
6904,5,0,0.3606182634830475
6905,2,4,0.4475538432598114
6906,1,1,0.7928052544593811
6907,6,6,0.857578456401825
6908,6,4,0.7214403748512268
6909,4,4,0.439728707075119
6910,7,7,0.7631133198738098
6911,6,6,0.850572943687439
6912,3,6,0.2929326593875885
6913,3,3,0.37763187289237976
6914,8,2,0.37467873096466064
6915,1,1,0.7675149440765381
6916,4,4,0.31150466203689575
6917,6,6,0.29055219888687134
6918,4,4,0.35339340567588806
6919,4,4,0.45815858244895935
6920,5,2,0.6758902072906494
6921,6,6,0.5956454873085022
6922,2,6,0.540681779384613
6923,0,0,0.9512946009635925
6924,5,3,0.37089765071868896
6925,2,5,0.3605622947216034
6926,7,5,0.5161724090576172
6927,5,5,0.7245975136756897
6928,2,2,0.7034271359443665
6929,5,5,0.6016787886619568
6930,2,0,0.9189002513885498
6931,5,3,0.3863482177257538
6932,9,9,0.7256001830101013
6933,0,4,0.29711565375328064
6934,6,6,0.5213153958320618
6935,7,4,0.39991626143455505
6936,9,9,0.8798786401748657
6937,8,0,0.5396944284439087
6938,3,7,0.2679367661476135
6939,2,2,0.521774172782898
6940,1,1,0.9020711779594421
6941,4,4,0.30502647161483765
6942,3,3,0.4308586120605469
6943,4,4,0.6681858897209167
6944,5,5,0.2784118950366974
6945,5,5,0.7149816155433655
6946,6,6,0.4979579746723175
6947,8,8,0.5943113565444946
6948,6,7,0.4200339615345001
6949,0,8,0.1826208382844925
6950,8,0,0.6975845694541931
6951,9,9,0.286436527967453
6952,8,0,0.40602731704711914
6953,0,8,0.34928181767463684
6954,7,9,0.3248973488807678
6955,7,7,0.7448503971099854
6956,6,6,0.9850039482116699
6957,6,6,0.4372725188732147
6958,7,8,0.4652617573738098
6959,5,4,0.37482666969299316
6960,9,9,0.41942164301872253
6961,8,8,0.465364545583725
6962,7,5,0.4397014379501343
6963,9,9,0.18253669142723083
6964,5,5,0.8934762477874756
6965,6,5,0.5261622071266174
6966,0,0,0.5501708388328552
6967,4,0,0.22138063609600067
6968,8,8,0.5430110692977905
6969,2,5,0.31249523162841797
6970,0,3,0.4951416254043579
6971,9,9,0.5830717086791992
6972,1,1,0.7096112966537476
6973,3,5,0.34010031819343567
6974,9,1,0.5321563482284546
6975,8,1,0.8441290259361267
6976,3,0,0.4268355369567871
6977,7,4,0.26712092757225037
6978,4,4,0.29451093077659607
6979,5,4,0.7263178825378418
6980,0,1,0.3899567723274231
6981,2,4,0.5197047591209412
6982,1,1,0.7410587072372437
6983,9,1,0.5581278204917908
6984,1,1,0.9167178273200989
6985,0,9,0.3494514226913452
6986,5,5,0.2900935113430023
6987,8,8,0.7677068114280701
6988,4,5,0.3616647720336914
6989,7,7,0.3866382837295532
6990,3,3,0.46287858486175537
6991,1,1,0.9205436706542969
6992,4,2,0.33321404457092285
6993,5,3,0.5248587727546692
6994,3,4,0.3760938346385956
6995,1,1,0.7910549640655518
6996,0,0,0.9293435215950012
6997,8,3,0.4251719117164612
6998,8,8,0.7281453609466553
6999,8,0,0.6292234063148499
7000,2,0,0.3488907516002655
7001,1,1,0.9809302091598511
7002,3,6,0.6606801152229309
7003,7,3,0.33261770009994507
7004,3,7,0.2926580011844635
7005,1,8,0.36507338285446167
7006,6,6,0.8933215141296387
7007,9,1,0.621012270450592
7008,1,8,0.40842053294181824
7009,6,3,0.5786887407302856
7010,0,0,0.9704750776290894
7011,7,4,0.3850177228450775
7012,7,7,0.8050817251205444
7013,1,1,0.9880985617637634
7014,3,0,0.4179996848106384
7015,3,3,0.7415043115615845
7016,3,5,0.45135462284088135
7017,1,9,0.7540225982666016
7018,0,0,0.8663827180862427
7019,2,2,0.33862176537513733
7020,7,9,0.7210873961448669
7021,1,1,0.4201730489730835
7022,2,2,0.7098172903060913
7023,2,3,0.29077184200286865
7024,9,9,0.533957302570343
7025,6,6,0.9567829370498657
7026,3,3,0.2516297399997711
7027,5,5,0.22156229615211487
7028,9,1,0.5037132501602173
7029,4,4,0.3807327151298523
7030,8,4,0.28107261657714844
7031,0,0,0.7695565819740295
7032,4,3,0.35590702295303345
7033,8,8,0.752737283706665
7034,0,0,0.6306420564651489
7035,1,9,0.5903326272964478
7036,3,3,0.3209357261657715
7037,7,5,0.3608540892601013
7038,0,8,0.5623456835746765
7039,4,6,0.5570427179336548
7040,7,0,0.521685779094696
7041,4,0,0.7500864863395691
7042,8,8,0.8923030495643616
7043,6,6,0.8803614974021912
7044,4,4,0.2044053077697754
7045,3,9,0.2655579149723053
7046,9,9,0.44726434350013733
7047,8,8,0.9577919244766235
7048,2,0,0.2753199338912964
7049,2,2,0.5494244694709778
7050,8,0,0.40221816301345825
7051,3,3,0.4532316327095032
7052,1,1,0.9260949492454529
7053,1,1,0.644239068031311
7054,2,8,0.27750417590141296
7055,8,0,0.3470107614994049
7056,2,2,0.6482040286064148
7057,6,6,0.9429653286933899
7058,9,9,0.9918168187141418
7059,4,4,0.7028191089630127
7060,8,8,0.6372874975204468
7061,4,3,0.26335492730140686
7062,4,2,0.256937712430954
7063,1,6,0.9400659203529358
7064,5,5,0.5892712473869324
7065,2,2,0.34955671429634094
7066,6,6,0.7671922445297241
7067,9,9,0.5484836101531982
7068,2,0,0.6205412745475769
7069,0,0,0.5811299085617065
7070,7,7,0.6040869951248169
7071,1,1,0.9786067008972168
7072,8,8,0.41330045461654663
7073,9,9,0.7964826822280884
7074,3,5,0.5096563696861267
7075,9,1,0.5101451277732849
7076,9,9,0.3436371982097626
7077,0,0,0.4925627112388611
7078,7,7,0.817115068435669
7079,7,7,0.9812262058258057
7080,5,0,0.3277299404144287
7081,4,8,0.3068791925907135
7082,2,8,0.49094027280807495
7083,6,3,0.3899359703063965
7084,4,2,0.3539029061794281
7085,5,2,0.5113191604614258
7086,7,7,0.8677718043327332
7087,7,7,0.2999260723590851
7088,8,8,0.8743983507156372
7089,7,7,0.7655833959579468
7090,2,4,0.3309301435947418
7091,6,6,0.39430633187294006
7092,2,2,0.47991928458213806
7093,2,4,0.38014909625053406
7094,4,4,0.8310293555259705
7095,4,4,0.43234989047050476
7096,0,0,0.5354977250099182
7097,7,5,0.36389654874801636
7098,1,1,0.9677084684371948
7099,3,4,0.38777783513069153
7100,9,7,0.24552330374717712
7101,6,6,0.8192344307899475
7102,0,0,0.6188950538635254
7103,0,0,0.5335569977760315
7104,2,6,0.2830005884170532
7105,3,2,0.30310529470443726
7106,8,8,0.5226483941078186
7107,2,4,0.6192271709442139
7108,2,2,0.3499782979488373
7109,4,4,0.4808605909347534
7110,3,2,0.26509636640548706
7111,5,5,0.5572040677070618
7112,2,0,0.939350426197052
7113,9,9,0.6221166849136353
7114,1,1,0.9131618738174438
7115,0,0,0.7783490419387817
7116,0,0,0.4640672206878662
7117,6,1,0.31273162364959717
7118,5,5,0.9542781710624695
7119,5,8,0.6103196740150452
7120,7,7,0.36378297209739685
7121,9,9,0.8110015988349915
7122,9,9,0.9557510614395142
7123,6,6,0.7723805904388428
7124,5,4,0.28899431228637695
7125,5,5,0.23885312676429749
7126,0,8,0.6818579435348511
7127,5,3,0.24459883570671082
7128,7,5,0.5099971890449524
7129,1,8,0.5826586484909058
7130,6,6,0.8054150342941284
7131,6,6,0.5053328275680542
7132,4,3,0.27409040927886963
7133,1,8,0.36069467663764954
7134,4,6,0.48936107754707336
7135,4,4,0.5912744402885437
7136,1,1,0.6616648435592651
7137,5,5,0.6888442635536194
7138,0,8,0.7032268643379211
7139,0,0,0.9314950108528137
7140,4,4,0.31118395924568176
7141,5,5,0.40726879239082336
7142,8,8,0.8934951424598694
7143,4,2,0.43682125210762024
7144,8,8,0.8488103151321411
7145,3,5,0.5593050718307495
7146,0,9,0.4557711184024811
7147,5,5,0.5395196676254272
7148,0,8,0.4316372275352478
7149,5,3,0.20994025468826294
7150,3,3,0.47715872526168823
7151,1,1,0.3948978781700134
7152,6,5,0.36847808957099915
7153,7,0,0.36400046944618225
7154,0,0,0.9496564865112305
7155,9,9,0.9022383689880371
7156,1,1,0.950816810131073
7157,5,5,0.4120436906814575
7158,7,7,0.946732223033905
7159,6,6,0.536356508731842
7160,5,5,0.4093465209007263
7161,5,6,0.37658384442329407
7162,5,3,0.2598506510257721
7163,6,6,0.8472396731376648
7164,0,0,0.8829641342163086
7165,0,0,0.6019629836082458
7166,1,1,0.9619510173797607
7167,7,7,0.9609302878379822
7168,5,3,0.32103538513183594
7169,1,1,0.7191223502159119
7170,9,9,0.6506098508834839
7171,2,2,0.3998590111732483
7172,4,4,0.6175463795661926
7173,1,6,0.5195901989936829
7174,3,6,0.7304403781890869
7175,7,7,0.5471724271774292
7176,8,8,0.6944621205329895
7177,2,2,0.41065189242362976
7178,0,8,0.6794223189353943
7179,9,1,0.5653183460235596
7180,6,6,0.826988160610199
7181,6,7,0.3828964829444885
7182,0,8,0.7998719215393066
7183,6,2,0.603638231754303
7184,5,5,0.40276890993118286
7185,8,8,0.7647401094436646
7186,2,7,0.3987237513065338
7187,7,7,0.392272025346756
7188,4,7,0.4330029785633087
7189,0,0,0.9044077396392822
7190,2,2,0.698503315448761
7191,7,7,0.403677374124527
7192,7,7,0.6796886324882507
7193,8,8,0.8543567061424255
7194,8,8,0.939041793346405
7195,7,5,0.3278510272502899
7196,0,0,0.9955592155456543
7197,4,5,0.32953503727912903
7198,9,8,0.5340471267700195
7199,1,9,0.6311131119728088
7200,4,6,0.5265715718269348
7201,4,3,0.19458435475826263
7202,3,3,0.48134100437164307
7203,5,7,0.8224912285804749
7204,4,7,0.835381031036377
7205,6,6,0.24851323664188385
7206,2,2,0.7480725049972534
7207,3,3,0.34452956914901733
7208,1,1,0.9558470249176025
7209,0,0,0.8586130142211914
7210,3,3,0.24158869683742523
7211,3,9,0.36787542700767517
7212,3,9,0.30086538195610046
7213,6,2,0.40423086285591125
7214,3,5,0.49109771847724915
7215,1,1,0.5615435242652893
7216,2,2,0.7212817668914795
7217,8,0,0.5514445900917053
7218,9,8,0.36429810523986816
7219,7,7,0.8860819935798645
7220,9,7,0.37854042649269104
7221,3,3,0.396706759929657
7222,8,8,0.5569497346878052
7223,7,7,0.8245577812194824
7224,3,3,0.28770580887794495
7225,1,8,0.5012896060943604
7226,7,9,0.4812115728855133
7227,7,3,0.23479227721691132
7228,3,0,0.23557841777801514
7229,2,5,0.42554911971092224
7230,2,2,0.6768083572387695
7231,8,8,0.65108722448349
7232,9,1,0.6608639359474182
7233,5,5,0.30682337284088135
7234,9,9,0.7507538795471191
7235,2,2,0.4324646294116974
7236,1,9,0.310032457113266
7237,7,7,0.979665219783783
7238,4,4,0.21394550800323486
7239,4,1,0.2903209924697876
7240,0,0,0.5289682745933533
7241,5,3,0.3585778772830963
7242,7,7,0.24266307055950165
7243,1,9,0.49535077810287476
7244,5,5,0.6636280417442322
7245,4,4,0.6245600581169128
7246,0,2,0.7478141784667969
7247,8,1,0.5357678532600403
7248,4,4,0.5054080486297607
7249,9,9,0.8994619846343994
7250,8,8,0.45109277963638306
7251,7,0,0.2344108521938324
7252,8,8,0.9114499688148499
7253,4,3,0.3744041919708252
7254,2,2,0.5910004377365112
7255,3,3,0.33825382590293884
7256,4,4,0.7300925254821777
7257,0,4,0.27577343583106995
7258,5,5,0.47825080156326294
7259,4,4,0.5761572122573853
7260,1,1,0.449428915977478
7261,8,8,0.49714401364326477
7262,2,2,0.24226374924182892
7263,5,3,0.38574016094207764
7264,4,6,0.6494882702827454
7265,5,3,0.34817948937416077
7266,2,4,0.584117591381073
7267,5,5,0.26974377036094666
7268,3,3,0.6591203212738037
7269,7,7,0.7070510387420654
7270,9,9,0.7528794407844543
7271,7,7,0.3950986862182617
7272,1,1,0.7931511998176575
7273,4,4,0.770460307598114
7274,1,1,0.49980178475379944
7275,3,6,0.38695111870765686
7276,1,1,0.7611030340194702
7277,4,6,0.4053860306739807
7278,5,2,0.4189993739128113
7279,5,5,0.7026108503341675
7280,1,9,0.8159470558166504
7281,7,2,0.26441293954849243
7282,1,1,0.9527190923690796
7283,3,4,0.5230606198310852
7284,0,0,0.29418858885765076
7285,1,1,0.6157884001731873
7286,2,8,0.3961069881916046
7287,5,5,0.4787399470806122
7288,7,7,0.79583340883255
7289,0,0,0.5175621509552002
7290,6,3,0.5674488544464111
7291,3,3,0.6301454901695251
7292,5,3,0.4683740735054016
7293,7,7,0.8055122494697571
7294,5,2,0.3290822207927704
7295,5,5,0.5524933934211731
7296,8,8,0.852828323841095
7297,9,9,0.4493749439716339
7298,4,2,0.5491412281990051
7299,6,6,0.7235346436500549
7300,3,8,0.21024316549301147
7301,6,6,0.7240079045295715
7302,6,6,0.8630291819572449
7303,8,8,0.8351262807846069
7304,2,3,0.2705940008163452
7305,6,6,0.9374125003814697
7306,4,4,0.39138099551200867
7307,8,8,0.9795006513595581
7308,4,4,0.5997238159179688
7309,1,1,0.972761869430542
7310,3,5,0.32849350571632385
7311,1,8,0.6214668154716492
7312,2,2,0.541260302066803
7313,3,3,0.42700955271720886
7314,3,9,0.4395018219947815
7315,0,0,0.5468191504478455
7316,1,1,0.961677074432373
7317,6,6,0.5179558396339417
7318,4,6,0.42566585540771484
7319,2,2,0.49602580070495605
7320,8,0,0.5888906121253967
7321,2,2,0.3322036862373352
7322,4,4,0.8050192594528198
7323,3,5,0.38495904207229614
7324,1,8,0.34385815262794495
7325,4,4,0.8762756586074829
7326,4,6,0.6609262824058533
7327,4,4,0.43266257643699646
7328,4,2,0.3184942603111267
7329,1,1,0.5022568106651306
7330,5,5,0.49605637788772583
7331,5,5,0.8310561180114746
7332,7,7,0.6588890552520752
7333,6,6,0.8030282855033875
7334,5,5,0.6727756857872009
7335,4,4,0.5188774466514587
7336,5,2,0.3264240622520447
7337,6,6,0.6634928584098816
7338,5,5,0.5245508551597595
7339,6,6,0.8550794124603271
7340,2,2,0.5817334651947021
7341,4,4,0.45116594433784485
7342,7,5,0.559813916683197
7343,7,2,0.38367748260498047
7344,4,6,0.2939020097255707
7345,6,6,0.8595041036605835
7346,5,5,0.7529407739639282
7347,0,0,0.9235596060752869
7348,2,6,0.558324933052063
7349,3,3,0.6022511720657349
7350,9,9,0.847926676273346
7351,2,1,0.8844040632247925
7352,3,3,0.49342581629753113
7353,8,8,0.9136577844619751
7354,0,0,0.8070557117462158
7355,7,7,0.7961858510971069
7356,0,0,0.40991172194480896
7357,6,6,0.4882967472076416
7358,8,8,0.9237391352653503
7359,1,1,0.8848721981048584
7360,2,3,0.20250247418880463
7361,8,8,0.6876484155654907
7362,9,1,0.7509750723838806
7363,1,1,0.958404541015625
7364,5,3,0.2698776423931122
7365,4,4,0.6098275780677795
7366,2,0,0.22896887362003326
7367,3,5,0.49380457401275635
7368,5,5,0.8240999579429626
7369,5,5,0.7498450875282288
7370,3,8,0.4602821469306946
7371,6,6,0.6475317478179932
7372,5,5,0.6761744618415833
7373,0,0,0.9057443141937256
7374,3,5,0.5213088989257812
7375,2,2,0.39106059074401855
7376,1,1,0.9805244207382202
7377,3,5,0.484880656003952
7378,3,5,0.6123051047325134
7379,7,7,0.7458193898200989
7380,7,7,0.6294536590576172
7381,4,4,0.6499718427658081
7382,9,0,0.7751647233963013
7383,4,2,0.7582453489303589
7384,3,5,0.6484164595603943
7385,9,9,0.843340277671814
7386,5,2,0.30099165439605713
7387,1,1,0.7651561498641968
7388,7,7,0.8640938997268677
7389,6,6,0.44193413853645325
7390,6,1,0.29792019724845886
7391,4,2,0.45007961988449097
7392,8,8,0.369112491607666
7393,5,5,0.24452796578407288
7394,1,1,0.9086302518844604
7395,2,5,0.3888084292411804
7396,8,8,0.7041571140289307
7397,4,6,0.6927188634872437
7398,5,5,0.29023048281669617
7399,3,3,0.47806301712989807
7400,3,3,0.3084804117679596
7401,3,3,0.6011715531349182
7402,0,0,0.5334568023681641
7403,4,4,0.6580048203468323
7404,8,8,0.4195930063724518
7405,7,7,0.6305332779884338
7406,7,6,0.3081493377685547
7407,9,9,0.4657840132713318
7408,4,3,0.4336111843585968
7409,8,8,0.9136285781860352
7410,4,4,0.4490664005279541
7411,5,7,0.39065468311309814
7412,9,9,0.39691033959388733
7413,1,6,0.3713304400444031
7414,8,8,0.3766680359840393
7415,3,4,0.3198792636394501
7416,1,8,0.31772470474243164
7417,3,6,0.23904025554656982
7418,8,8,0.3013106882572174
7419,0,8,0.4176425635814667
7420,3,2,0.5977872610092163
7421,5,3,0.39809852838516235
7422,4,7,0.4685719907283783
7423,6,6,0.7186817526817322
7424,9,1,0.8435567021369934
7425,2,2,0.4950869083404541
7426,7,7,0.945565938949585
7427,2,4,0.39852777123451233
7428,0,0,0.9790921807289124
7429,5,3,0.3454437255859375
7430,2,5,0.26964837312698364
7431,9,9,0.3410770297050476
7432,7,7,0.9847033619880676
7433,5,5,0.6659339070320129
7434,0,0,0.8121463656425476
7435,7,7,0.3018881678581238
7436,0,8,0.6031704545021057
7437,3,7,0.3161337673664093
7438,5,5,0.7434831261634827
7439,5,3,0.4034880995750427
7440,3,3,0.6086076498031616
7441,8,9,0.6589568853378296
7442,7,7,0.4532788097858429
7443,7,5,0.2677800953388214
7444,9,1,0.5804969072341919
7445,6,6,0.6518809199333191
7446,5,9,0.22757607698440552
7447,8,0,0.8387807607650757
7448,9,9,0.9696534872055054
7449,0,6,0.24900509417057037
7450,1,1,0.9738863706588745
7451,9,1,0.8917056918144226
7452,4,4,0.6416529417037964
7453,0,1,0.6035327315330505
7454,0,0,0.945173442363739
7455,1,9,0.8704695701599121
7456,7,7,0.5401408672332764
7457,2,4,0.2246904820203781
7458,2,5,0.7596920728683472
7459,8,8,0.8738875389099121
7460,5,5,0.8944602608680725
7461,9,9,0.8722952008247375
7462,8,1,0.7112751007080078
7463,2,2,0.7307594418525696
7464,8,8,0.8352647423744202
7465,0,0,0.6634260416030884
7466,6,6,0.9183588027954102
7467,6,6,0.9121848940849304
7468,8,8,0.8303205370903015
7469,6,6,0.7946100234985352
7470,9,9,0.8362777233123779
7471,6,3,0.34594136476516724
7472,1,0,0.454925000667572
7473,1,3,0.29948580265045166
7474,5,5,0.5056248307228088
7475,3,3,0.48685702681541443
7476,5,5,0.6058962941169739
7477,0,0,0.41904330253601074
7478,7,7,0.6036955714225769
7479,6,6,0.9573047757148743
7480,1,8,0.3710636496543884
7481,4,4,0.4779525399208069
7482,4,6,0.27413296699523926
7483,1,1,0.8102006912231445
7484,1,1,0.8689104914665222
7485,8,8,0.8046217560768127
7486,1,1,0.8622241616249084
7487,1,1,0.9136657118797302
7488,2,2,0.5223676562309265
7489,3,5,0.3118225932121277
7490,4,4,0.36510169506073
7491,9,1,0.2322084903717041
7492,9,1,0.7709164619445801
7493,5,5,0.6553547382354736
7494,2,4,0.42226642370224
7495,7,7,0.6173999905586243
7496,3,4,0.37026092410087585
7497,3,5,0.37663111090660095
7498,6,6,0.8399920463562012
7499,9,9,0.34758883714675903
7500,6,6,0.3504265546798706
7501,9,9,0.5495762825012207
7502,8,8,0.5275413990020752
7503,8,8,0.6694031953811646
7504,6,3,0.4859031140804291
7505,7,7,0.6328667998313904
7506,4,4,0.7138888835906982
7507,7,5,0.27746322751045227
7508,2,2,0.5139199495315552
7509,3,7,0.22379134595394135
7510,8,3,0.6091405749320984
7511,0,0,0.8411442637443542
7512,9,9,0.6041340231895447
7513,0,9,0.5945571660995483
7514,7,7,0.9479109644889832
7515,8,8,0.4056927263736725
7516,1,1,0.9532212018966675
7517,2,5,0.2912400960922241
7518,3,4,0.4995143413543701
7519,2,8,0.4589895009994507
7520,4,4,0.519516110420227
7521,2,2,0.8714590072631836
7522,9,9,0.7580476403236389
7523,0,0,0.9903055429458618
7524,3,2,0.2654361128807068
7525,8,8,0.9301893711090088
7526,9,9,0.45275604724884033
7527,6,9,0.2766861319541931
7528,5,5,0.7799205780029297
7529,5,3,0.4669632017612457
7530,2,8,0.5776379704475403
7531,4,4,0.22861336171627045
7532,1,1,0.8889288306236267
7533,0,0,0.9363137483596802
7534,6,6,0.7700347304344177
7535,1,1,0.6838780641555786
7536,8,9,0.43175825476646423
7537,4,4,0.48642802238464355
7538,5,5,0.4642455577850342
7539,5,3,0.2742044925689697
7540,5,5,0.8843357563018799
7541,0,0,0.4108048975467682
7542,8,8,0.6702208518981934
7543,9,9,0.7406010627746582
7544,0,0,0.7550190091133118
7545,5,7,0.5163832902908325
7546,7,7,0.29813408851623535
7547,9,9,0.8359562158584595
7548,6,6,0.5910604596138
7549,3,5,0.6696089506149292
7550,4,4,0.637610912322998
7551,6,2,0.3594661355018616
7552,4,7,0.4091278910636902
7553,9,8,0.6649705171585083
7554,7,5,0.6016518473625183
7555,1,1,0.9376199245452881
7556,2,7,0.45980721712112427
7557,5,2,0.44712314009666443
7558,2,4,0.27812904119491577
7559,8,1,0.8119898438453674
7560,0,9,0.6525245904922485
7561,2,2,0.37470895051956177
7562,2,4,0.23944585025310516
7563,9,9,0.796394407749176
7564,8,8,0.9816370606422424
7565,1,1,0.811637818813324
7566,9,9,0.9478886723518372
7567,7,7,0.2527172267436981
7568,7,7,0.4070931673049927
7569,3,6,0.36554935574531555
7570,1,1,0.9588826894760132
7571,4,6,0.592011034488678
7572,1,1,0.9013980627059937
7573,1,1,0.5718799233436584
7574,3,0,0.5278875231742859
7575,8,8,0.5829116106033325
7576,8,8,0.8018187284469604
7577,1,9,0.5721848011016846
7578,9,1,0.5229824185371399
7579,3,5,0.6716946363449097
7580,8,0,0.6708348393440247
7581,9,9,0.736524224281311
7582,5,5,0.4255247116088867
7583,1,1,0.6975117921829224
7584,1,9,0.5009360313415527
7585,6,6,0.9453306198120117
7586,2,9,0.25682777166366577
7587,7,7,0.5843346118927002
7588,2,5,0.5012353658676147
7589,6,6,0.311508446931839
7590,2,4,0.3547080159187317
7591,6,6,0.4718964695930481
7592,9,9,0.9456334114074707
7593,6,4,0.5029214024543762
7594,0,9,0.4979053735733032
7595,1,8,0.5057843327522278
7596,3,5,0.6100443005561829
7597,9,9,0.7331447601318359
7598,3,5,0.508776843547821
7599,8,8,0.7836712002754211
7600,8,9,0.4143652021884918
7601,8,8,0.883389949798584
7602,2,5,0.5603066086769104
7603,9,9,0.6876142024993896
7604,1,1,0.6684955358505249
7605,2,4,0.35123348236083984
7606,6,5,0.22946251928806305
7607,0,0,0.768671989440918
7608,5,6,0.2930522859096527
7609,0,8,0.25583022832870483
7610,7,7,0.23940175771713257
7611,7,7,0.5505754351615906
7612,7,7,0.31708404421806335
7613,9,9,0.7865523099899292
7614,4,4,0.5245522856712341
7615,5,3,0.386260986328125
7616,0,0,0.9060789942741394
7617,2,2,0.47873979806900024
7618,3,3,0.5494037866592407
7619,5,3,0.3608710467815399
7620,5,3,0.24515287578105927
7621,8,8,0.730140745639801
7622,9,9,0.8598098158836365
7623,1,1,0.44847938418388367
7624,2,4,0.3564551770687103
7625,7,7,0.3960420489311218
7626,1,1,0.5875420570373535
7627,3,5,0.3642332851886749
7628,4,3,0.3953269124031067
7629,6,6,0.6427446603775024
7630,9,9,0.38533544540405273
7631,1,1,0.7063555121421814
7632,0,7,0.3074289858341217
7633,7,7,0.8626468181610107
7634,1,1,0.36176797747612
7635,9,9,0.7037817239761353
7636,5,5,0.310081422328949
7637,8,8,0.764223575592041
7638,1,8,0.4704737961292267
7639,9,9,0.677547812461853
7640,9,9,0.49109548330307007
7641,7,6,0.474018931388855
7642,9,9,0.8054875135421753
7643,8,8,0.8487477898597717
7644,3,5,0.4175202548503876
7645,0,0,0.8526591062545776
7646,2,2,0.4477944076061249
7647,6,6,0.7478944659233093
7648,0,9,0.4101884365081787
7649,2,3,0.26532381772994995
7650,2,2,0.540662407875061
7651,4,4,0.786899745464325
7652,0,0,0.9720089435577393
7653,8,8,0.9382831454277039
7654,4,4,0.2951221168041229
7655,8,8,0.7293871641159058
7656,1,1,0.7407589554786682
7657,2,7,0.435177206993103
7658,7,7,0.9007372260093689
7659,2,2,0.5512939691543579
7660,7,6,0.2926969528198242
7661,9,9,0.5681228041648865
7662,5,5,0.47090718150138855
7663,2,2,0.357104629278183
7664,2,2,0.3768966495990753
7665,9,9,0.7430915832519531
7666,2,7,0.28639698028564453
7667,6,6,0.37112587690353394
7668,5,5,0.313547283411026
7669,7,4,0.5539379715919495
7670,2,7,0.4012620449066162
7671,5,5,0.5720415115356445
7672,6,6,0.8873819708824158
7673,5,5,0.31036612391471863
7674,1,8,0.35722818970680237
7675,8,3,0.26745733618736267
7676,2,2,0.3513610363006592
7677,6,1,0.20615534484386444
7678,8,8,0.9818204045295715
7679,6,6,0.6484741568565369
7680,3,9,0.4253740608692169
7681,0,0,0.6414377689361572
7682,8,8,0.6634984016418457
7683,0,0,0.9291573166847229
7684,0,2,0.7028658390045166
7685,9,1,0.6294572353363037
7686,9,8,0.2261728048324585
7687,6,2,0.21781477332115173
7688,8,0,0.4366539418697357
7689,0,0,0.7742193937301636
7690,6,6,0.8170331716537476
7691,6,6,0.9402134418487549
7692,0,0,0.9293717741966248
7693,7,7,0.9552115797996521
7694,9,9,0.9520625472068787
7695,8,8,0.8523420095443726
7696,0,0,0.9368659853935242
7697,5,5,0.31961023807525635
7698,0,0,0.9921823143959045
7699,9,9,0.5799149870872498
7700,6,6,0.8964632153511047
7701,0,0,0.9608979225158691
7702,4,2,0.2553735375404358
7703,7,7,0.8839778900146484
7704,1,1,0.9029073715209961
7705,7,7,0.20526474714279175
7706,8,8,0.8904412984848022
7707,8,8,0.3672005236148834
7708,2,2,0.656477689743042
7709,3,4,0.44868138432502747
7710,9,9,0.5160427689552307
7711,6,3,0.3479732275009155
7712,5,5,0.6895367503166199
7713,5,8,0.3550349771976471
7714,3,5,0.55953449010849
7715,1,1,0.9551481008529663
7716,5,5,0.8272536993026733
7717,3,3,0.1953132301568985
7718,0,0,0.8771348595619202
7719,2,2,0.4064069986343384
7720,5,2,0.41967910528182983
7721,2,2,0.43997299671173096
7722,7,5,0.3245213031768799
7723,3,2,0.24513643980026245
7724,8,8,0.8977681994438171
7725,4,4,0.617518424987793
7726,4,6,0.4064099192619324
7727,6,6,0.7395697832107544
7728,1,1,0.3520928621292114
7729,9,9,0.5676371455192566
7730,4,4,0.6085495948791504
7731,1,1,0.9107258915901184
7732,7,7,0.9687178134918213
7733,0,0,0.6785337328910828
7734,1,1,0.6832676529884338
7735,4,0,0.5906155109405518
7736,3,3,0.2565777897834778
7737,0,8,0.6014119386672974
7738,2,2,0.5690733790397644
7739,9,9,0.9634901881217957
7740,4,2,0.3815974295139313
7741,5,3,0.5008242130279541
7742,0,8,0.8080623149871826
7743,3,9,0.23761877417564392
7744,4,3,0.43800780177116394
7745,7,5,0.30879145860671997
7746,2,0,0.6237901449203491
7747,3,3,0.2047567069530487
7748,0,0,0.773144006729126
7749,1,9,0.7025723457336426
7750,3,6,0.4904625713825226
7751,7,7,0.45210686326026917
7752,9,9,0.8873491287231445
7753,9,9,0.6271195411682129
7754,0,0,0.7512838244438171
7755,7,7,0.8705015182495117
7756,5,5,0.31719714403152466
7757,6,6,0.8639543652534485
7758,7,7,0.9159671664237976
7759,1,1,0.9694111943244934
7760,2,7,0.2582557797431946
7761,2,5,0.4691241979598999
7762,7,7,0.8922299146652222
7763,4,4,0.30225810408592224
7764,6,6,0.7746064066886902
7765,8,8,0.9555482268333435
7766,4,6,0.953416645526886
7767,9,9,0.8578505516052246
7768,8,8,0.9270832538604736
7769,4,7,0.3550102114677429
7770,9,9,0.8232297301292419
7771,2,8,0.44121605157852173
7772,3,3,0.3621576726436615
7773,4,0,0.26263564825057983
7774,0,0,0.9943987727165222
7775,2,2,0.2896035313606262
7776,5,5,0.7899944186210632
7777,6,6,0.9446148872375488
7778,0,6,0.27333778142929077
7779,5,3,0.36615079641342163
7780,3,8,0.6226472854614258
7781,5,3,0.43480631709098816
7782,8,8,0.9300455451011658
7783,3,5,0.4825364649295807
7784,7,4,0.5190203785896301
7785,4,2,0.6517035365104675
7786,9,9,0.5580255389213562
7787,5,5,0.7324477434158325
7788,6,6,0.6348949670791626
7789,3,3,0.345136433839798
7790,8,8,0.8634382486343384
7791,6,4,0.3911101222038269
7792,9,1,0.828027069568634
7793,8,8,0.7904274463653564
7794,5,4,0.24245820939540863
7795,5,7,0.3905945122241974
7796,8,8,0.9457491040229797
7797,3,6,0.47665783762931824
7798,5,5,0.36749324202537537
7799,9,9,0.49332576990127563
7800,0,0,0.5212497115135193
7801,4,4,0.41596120595932007
7802,2,3,0.27892178297042847
7803,0,8,0.7300888895988464
7804,5,5,0.5076510310173035
7805,9,9,0.6610954999923706
7806,9,9,0.7807840704917908
7807,3,5,0.3363792598247528
7808,8,8,0.7481082677841187
7809,0,0,0.2992270886898041
7810,6,6,0.7019359469413757
7811,0,0,0.9101261496543884
7812,2,2,0.3570789694786072
7813,3,0,0.5078312158584595
7814,7,7,0.799685001373291
7815,0,8,0.6933647394180298
7816,0,4,0.26561883091926575
7817,6,6,0.6289392709732056
7818,9,9,0.40469223260879517
7819,1,1,0.4378198981285095
7820,5,8,0.38772907853126526
7821,2,0,0.8315629363059998
7822,2,6,0.5861440300941467
7823,7,7,0.5711985230445862
7824,9,9,0.7908731698989868
7825,3,6,0.6745943427085876
7826,9,1,0.7988783121109009
7827,3,7,0.37425437569618225
7828,5,5,0.6458118557929993
7829,2,8,0.5896195769309998
7830,2,9,0.20878542959690094
7831,2,4,0.5731620192527771
7832,8,8,0.7969202399253845
7833,8,0,0.5958182215690613
7834,5,7,0.2897489368915558
7835,0,0,0.9296169877052307
7836,0,0,0.8308733701705933
7837,7,7,0.9633370637893677
7838,0,0,0.8643421530723572
7839,3,8,0.21542729437351227
7840,1,1,0.9583104848861694
7841,6,9,0.19169415533542633
7842,5,3,0.3699241280555725
7843,0,0,0.46766602993011475
7844,9,9,0.8020039796829224
7845,2,2,0.5659759640693665
7846,6,3,0.44572097063064575
7847,7,7,0.3344893455505371
7848,4,2,0.618818461894989
7849,2,0,0.8834270238876343
7850,0,0,0.8033285140991211
7851,0,0,0.47083282470703125
7852,5,7,0.7626937031745911
7853,3,2,0.38134583830833435
7854,3,3,0.4941970109939575
7855,2,2,0.36172229051589966
7856,6,6,0.6332736611366272
7857,4,6,0.6228874921798706
7858,2,2,0.4246410131454468
7859,7,5,0.2206219583749771
7860,8,8,0.5547341108322144
7861,0,9,0.24643263220787048
7862,1,1,0.7429934144020081
7863,0,0,0.920458197593689
7864,1,1,0.9902873039245605
7865,3,3,0.44094884395599365
7866,6,6,0.9342769384384155
7867,4,9,0.2975009083747864
7868,8,0,0.4372682273387909
7869,0,0,0.5954352617263794
7870,6,6,0.875717043876648
7871,0,0,0.3673970103263855
7872,9,9,0.7492640614509583
7873,1,8,0.38488996028900146
7874,6,6,0.6620619297027588
7875,2,3,0.2747666537761688
7876,1,1,0.976301372051239
7877,0,0,0.41507238149642944
7878,1,1,0.40107542276382446
7879,3,3,0.2497420310974121
7880,0,0,0.6062349081039429
7881,3,4,0.5031407475471497
7882,7,7,0.6245234608650208
7883,9,9,0.7787609100341797
7884,9,1,0.6336171627044678
7885,3,2,0.3731216490268707
7886,7,7,0.9876113533973694
7887,5,5,0.6257603168487549
7888,7,7,0.9806667566299438
7889,1,1,0.5266413688659668
7890,6,6,0.9300821423530579
7891,6,6,0.9810464978218079
7892,1,9,0.9716935157775879
7893,1,9,0.6131812930107117
7894,1,1,0.8637190461158752
7895,4,6,0.44728320837020874
7896,4,4,0.3923453390598297
7897,2,0,0.7981433272361755
7898,1,1,0.9285243153572083
7899,7,7,0.31727850437164307
7900,0,1,0.3838905394077301
7901,1,9,0.540956437587738
7902,2,2,0.3767277002334595
7903,1,1,0.6589084267616272
7904,1,8,0.592472493648529
7905,3,3,0.3316517770290375
7906,2,2,0.39867502450942993
7907,6,3,0.7422925233840942
7908,9,9,0.9000409841537476
7909,1,8,0.5453747510910034
7910,3,5,0.6943696141242981
7911,2,2,0.6203157305717468
7912,0,8,0.63540118932724
7913,8,0,0.5208694338798523
7914,7,7,0.5424567461013794
7915,3,5,0.6567428708076477
7916,4,4,0.37511444091796875
7917,6,3,0.31173065304756165
7918,4,5,0.39819854497909546
7919,6,3,0.5712970495223999
7920,9,9,0.6356672048568726
7921,4,2,0.47059130668640137
7922,8,8,0.5669938921928406
7923,9,9,0.6986420750617981
7924,3,5,0.507884681224823
7925,0,0,0.8467422723770142
7926,5,3,0.4930703639984131
7927,7,7,0.36485403776168823
7928,2,2,0.4919354319572449
7929,0,0,0.7778990268707275
7930,2,0,0.958101749420166
7931,9,9,0.42604899406433105
7932,9,1,0.4223707318305969
7933,3,4,0.26869577169418335
7934,8,8,0.6916623115539551
7935,7,2,0.4991665184497833
7936,1,1,0.9785895943641663
7937,1,1,0.9543368816375732
7938,2,2,0.2669346332550049
7939,2,4,0.3214508593082428
7940,2,2,0.38892862200737
7941,5,2,0.4434775710105896
7942,9,1,0.5995387434959412
7943,1,1,0.3295011520385742
7944,2,2,0.7440704703330994
7945,6,6,0.7695128917694092
7946,1,0,0.3863282799720764
7947,2,6,0.3744018077850342
7948,1,1,0.9873916506767273
7949,8,8,0.7140370607376099
7950,9,9,0.5297626852989197
7951,2,2,0.7566251158714294
7952,3,2,0.2294388711452484
7953,1,1,0.3728276491165161
7954,9,9,0.7719429731369019
7955,9,9,0.8401566743850708
7956,4,3,0.40307945013046265
7957,4,4,0.49502718448638916
7958,5,3,0.31820616126060486
7959,5,0,0.4963517189025879
7960,0,0,0.6471295356750488
7961,3,6,0.32453227043151855
7962,3,5,0.37258636951446533
7963,7,7,0.661170244216919
7964,1,0,0.40831008553504944
7965,7,7,0.9687467813491821
7966,7,7,0.6569046378135681
7967,9,7,0.21082933247089386
7968,8,8,0.7220215797424316
7969,6,1,0.45993220806121826
7970,3,3,0.42817750573158264
7971,5,5,0.5874185562133789
7972,5,6,0.3857541084289551
7973,1,1,0.9342242479324341
7974,6,2,0.2310730516910553
7975,2,2,0.2059902399778366
7976,7,4,0.5976299047470093
7977,8,8,0.7643997669219971
7978,4,2,0.2427297681570053
7979,3,3,0.299559623003006
7980,3,3,0.43910232186317444
7981,5,5,0.5621250867843628
7982,9,9,0.8996513485908508
7983,6,8,0.4200245141983032
7984,8,8,0.44970133900642395
7985,5,3,0.36940959095954895
7986,1,9,0.39056041836738586
7987,0,0,0.7607641220092773
7988,6,6,0.49563896656036377
7989,7,5,0.5598323345184326
7990,0,0,0.7749350070953369
7991,9,9,0.8592489957809448
7992,6,6,0.9841672778129578
7993,2,0,0.33646687865257263
7994,0,0,0.9215198159217834
7995,8,8,0.7658482789993286
7996,7,7,0.908987283706665
7997,1,1,0.6041803956031799
7998,2,0,0.8321418166160583
7999,6,6,0.8111156821250916
8000,9,9,0.8541653752326965
8001,1,1,0.8113295435905457
8002,6,6,0.8189873099327087
8003,4,5,0.29226991534233093
8004,7,4,0.36791539192199707
8005,1,1,0.8485326170921326
8006,9,8,0.2768096923828125
8007,0,1,0.4175862967967987
8008,0,0,0.7728025913238525
8009,5,6,0.33047449588775635
8010,2,2,0.4119577407836914
8011,8,8,0.6323356628417969
8012,3,3,0.6090123057365417
8013,8,0,0.6222580075263977
8014,2,2,0.6254233121871948
8015,8,8,0.8587263822555542
8016,4,4,0.5273897647857666
8017,0,0,0.9366500377655029
8018,8,8,0.5608636736869812
8019,3,6,0.3899777829647064
8020,6,3,0.3271368145942688
8021,1,1,0.9815564155578613
8022,2,7,0.2502676546573639
8023,3,3,0.443502277135849
8024,0,0,0.6433584690093994
8025,5,3,0.35285475850105286
8026,0,1,0.4483349919319153
8027,4,7,0.4164700210094452
8028,1,9,0.5963911414146423
8029,7,7,0.5280338525772095
8030,2,2,0.8311232924461365
8031,0,0,0.8465479016304016
8032,1,1,0.8476914763450623
8033,3,3,0.4240747094154358
8034,9,7,0.29113563895225525
8035,1,2,0.17456528544425964
8036,6,6,0.3408985137939453
8037,1,1,0.6256418824195862
8038,6,6,0.7162160873413086
8039,1,1,0.5379301905632019
8040,2,2,0.2924745976924896
8041,8,3,0.2669825553894043
8042,7,7,0.9213477969169617
8043,0,0,0.4248703122138977
8044,9,9,0.8989276885986328
8045,5,5,0.2795761823654175
8046,8,2,0.26275163888931274
8047,0,8,0.5831868052482605
8048,0,2,0.4225456714630127
8049,1,1,0.7853395938873291
8050,7,5,0.29497358202934265
8051,9,9,0.5239707827568054
8052,7,7,0.8710511922836304
8053,1,1,0.8176241517066956
8054,9,9,0.8052300214767456
8055,2,2,0.390915185213089
8056,1,1,0.4744873642921448
8057,9,1,0.4705790877342224
8058,4,9,0.3082108795642853
8059,3,3,0.43025314807891846
8060,6,6,0.9678627848625183
8061,0,0,0.9433205127716064
8062,2,4,0.5030889511108398
8063,0,8,0.7428413033485413
8064,0,0,0.9173226356506348
8065,9,9,0.9168245196342468
8066,9,8,0.4279991090297699
8067,8,8,0.9177770614624023
8068,9,8,0.4141976833343506
8069,4,2,0.5744520425796509
8070,5,5,0.7732598185539246
8071,4,3,0.2240837812423706
8072,3,3,0.287624716758728
8073,0,8,0.8006927967071533
8074,7,7,0.9614576101303101
8075,8,8,0.7275081276893616
8076,7,7,0.9847733974456787
8077,3,3,0.43198922276496887
8078,7,3,0.38568830490112305
8079,5,3,0.35560134053230286
8080,4,4,0.4286040663719177
8081,6,6,0.9550136923789978
8082,5,3,0.4466114342212677
8083,9,9,0.6640782952308655
8084,5,5,0.62065589427948
8085,2,2,0.7294577360153198
8086,4,2,0.216970294713974
8087,2,5,0.30695515871047974
8088,7,7,0.8175744414329529
8089,9,9,0.9720116257667542
8090,6,3,0.3295043110847473
8091,7,7,0.6908251047134399
8092,4,4,0.3341222405433655
8093,7,0,0.3620970845222473
8094,1,1,0.7331891655921936
8095,2,0,0.7237175107002258
8096,3,3,0.5416830778121948
8097,1,1,0.7769098281860352
8098,1,9,0.5235867500305176
8099,3,5,0.4266088604927063
8100,6,2,0.2877536416053772
8101,8,8,0.48517000675201416
8102,3,5,0.33352920413017273
8103,7,7,0.6585674285888672
8104,7,7,0.6692586541175842
8105,0,0,0.5535026788711548
8106,8,8,0.9401181936264038
8107,1,1,0.8880375623703003
8108,5,5,0.8134593367576599
8109,2,4,0.5425294041633606
8110,5,6,0.5371720194816589
8111,5,5,0.3746810555458069
8112,3,2,0.21743163466453552
8113,6,6,0.8692713975906372
8114,3,3,0.26501378417015076
8115,5,3,0.35246551036834717
8116,9,9,0.9673573970794678
8117,8,0,0.7120478749275208
8118,4,8,0.6604737043380737
8119,6,3,0.5078479647636414
8120,8,8,0.6710604429244995
8121,0,0,0.8658179640769958
8122,4,3,0.4162347614765167
8123,1,9,0.721357524394989
8124,7,7,0.718105673789978
8125,8,1,0.39843305945396423
8126,4,4,0.26473215222358704
8127,9,9,0.592055082321167
8128,7,3,0.27304720878601074
8129,2,4,0.3075539469718933
8130,6,6,0.7413293123245239
8131,3,3,0.4786762595176697
8132,8,8,0.7945863008499146
8133,8,0,0.4311162233352661
8134,6,6,0.31372082233428955
8135,7,3,0.23969998955726624
8136,3,9,0.2199167013168335
8137,8,8,0.6292806267738342
8138,1,1,0.7707068920135498
8139,1,9,0.5841845273971558
8140,5,5,0.39756789803504944
8141,3,5,0.4610297977924347
8142,7,7,0.3559400141239166
8143,9,9,0.4840181767940521
8144,9,1,0.5254640579223633
8145,9,3,0.3130115568637848
8146,8,8,0.5510356426239014
8147,5,5,0.45796889066696167
8148,9,2,0.34920161962509155
8149,9,9,0.9061978459358215
8150,6,6,0.9973758459091187
8151,8,8,0.7276996374130249
8152,8,8,0.8786239624023438
8153,4,0,0.29048952460289
8154,8,8,0.39402997493743896
8155,1,1,0.9792951345443726
8156,0,8,0.5587922930717468
8157,1,1,0.8927665948867798
8158,8,8,0.9049451351165771
8159,8,8,0.8474946618080139
8160,6,6,0.7795296907424927
8161,5,7,0.4548143744468689
8162,9,9,0.6914430260658264
8163,0,0,0.9849045276641846
8164,6,6,0.6753131747245789
8165,1,1,0.49797871708869934
8166,2,5,0.35036686062812805
8167,6,6,0.8276199102401733
8168,6,6,0.421389639377594
8169,3,6,0.4894629418849945
8170,5,5,0.4934735894203186
8171,6,4,0.24854342639446259
8172,5,3,0.21099434792995453
8173,5,3,0.3633788526058197
8174,3,4,0.3811238408088684
8175,3,3,0.4746842086315155
8176,6,3,0.44785284996032715
8177,8,8,0.45453348755836487
8178,9,9,0.6839221715927124
8179,4,4,0.7423602938652039
8180,4,4,0.5314720869064331
8181,3,3,0.395898699760437
8182,8,0,0.2103366255760193
8183,3,5,0.3299027681350708
8184,6,6,0.7113651633262634
8185,0,0,0.9283303022384644
8186,8,8,0.7018177509307861
8187,5,5,0.3559889793395996
8188,7,4,0.4029856324195862
8189,8,0,0.5478546023368835
8190,4,4,0.44690456986427307
8191,6,4,0.4271181523799896
8192,5,5,0.5038790702819824
8193,3,5,0.5877391695976257
8194,1,9,0.7281545996665955
8195,8,8,0.9758591055870056
8196,3,9,0.319446861743927
8197,0,8,0.8147682547569275
8198,4,2,0.23293712735176086
8199,4,4,0.48404034972190857
8200,3,3,0.26263293623924255
8201,3,0,0.26020434498786926
8202,5,7,0.6782657504081726
8203,3,5,0.4681040048599243
8204,3,6,0.2462635636329651
8205,2,2,0.45938941836357117
8206,7,7,0.4604548513889313
8207,7,7,0.9475089907646179
8208,8,8,0.5367154479026794
8209,2,4,0.399858295917511
8210,0,0,0.9967934489250183
8211,5,5,0.6387304067611694
8212,5,3,0.32196420431137085
8213,6,6,0.5620867609977722
8214,1,9,0.41628727316856384
8215,1,1,0.9848141074180603
8216,3,4,0.4511730372905731
8217,9,9,0.8425211906433105
8218,9,9,0.45934921503067017
8219,3,3,0.335726797580719
8220,6,2,0.210862398147583
8221,7,7,0.7938153743743896
8222,1,8,0.5067921876907349
8223,8,8,0.9583152532577515
8224,3,6,0.24426858127117157
8225,9,0,0.46370023488998413
8226,8,0,0.30901139974594116
8227,7,7,0.2930363416671753
8228,8,8,0.9741289019584656
8229,8,3,0.31775450706481934
8230,0,0,0.9336627721786499
8231,3,9,0.6295303106307983
8232,2,5,0.6085785031318665
8233,4,6,0.2880092263221741
8234,8,1,0.7792923450469971
8235,7,7,0.9983099699020386
8236,5,3,0.3108175992965698
8237,7,7,0.8141750693321228
8238,1,1,0.7110334038734436
8239,8,1,0.5825760960578918
8240,7,7,0.9267237782478333
8241,3,0,0.7357491254806519
8242,5,7,0.2943417727947235
8243,4,4,0.7498757243156433
8244,4,4,0.5580559968948364
8245,3,5,0.8940867781639099
8246,8,8,0.7337485551834106
8247,6,6,0.9838708639144897
8248,1,1,0.5675654411315918
8249,1,1,0.5618963241577148
8250,6,3,0.30394136905670166
8251,3,3,0.4565108120441437
8252,2,2,0.27306899428367615
8253,2,0,0.725353479385376
8254,8,8,0.5803731083869934
8255,9,9,0.8514463901519775
8256,8,8,0.8627532124519348
8257,3,3,0.3982048034667969
8258,3,3,0.20135928690433502
8259,8,8,0.40308842062950134
8260,1,1,0.9331068396568298
8261,1,7,0.21428948640823364
8262,0,8,0.4305351972579956
8263,5,5,0.579163134098053
8264,2,2,0.6350885033607483
8265,0,0,0.780901312828064
8266,5,5,0.48420417308807373
8267,0,0,0.5009440779685974
8268,5,5,0.2896728515625
8269,8,0,0.47800329327583313
8270,6,6,0.459877610206604
8271,3,3,0.599577009677887
8272,9,1,0.585459291934967
8273,6,6,0.5299407839775085
8274,6,0,0.7014203071594238
8275,3,5,0.2512442469596863
8276,9,0,0.7436227202415466
8277,4,7,0.5291184782981873
8278,8,8,0.4152451157569885
8279,3,3,0.4376588463783264
8280,4,4,0.44344180822372437
8281,3,5,0.5188175439834595
8282,1,1,0.9007757306098938
8283,1,1,0.4170028567314148
8284,2,2,0.6056087017059326
8285,9,9,0.7608077526092529
8286,7,5,0.3607759475708008
8287,8,8,0.8222357630729675
8288,5,5,0.8939026594161987
8289,5,7,0.8595750331878662
8290,8,0,0.44358009099960327
8291,6,7,0.6263554096221924
8292,9,2,0.26022785902023315
8293,0,0,0.3602736294269562
8294,8,8,0.9494327902793884
8295,3,0,0.689074695110321
8296,5,5,0.36343374848365784
8297,1,1,0.914665937423706
8298,3,9,0.32861223816871643
8299,3,6,0.4409427046775818
8300,5,5,0.4041885733604431
8301,5,7,0.3091290593147278
8302,3,6,0.8415526747703552
8303,8,8,0.5484888553619385
8304,1,9,0.6487166285514832
8305,4,3,0.425369530916214
8306,6,2,0.24759866297245026
8307,4,4,0.5909053087234497
8308,2,5,0.5328665375709534
8309,4,6,0.535767674446106
8310,3,5,0.5165557265281677
8311,8,8,0.3717718720436096
8312,9,1,0.43581852316856384
8313,6,6,0.34502366185188293
8314,6,0,0.19268301129341125
8315,6,6,0.6607180833816528
8316,5,5,0.34247562289237976
8317,5,3,0.41169658303260803
8318,2,3,0.24373270571231842
8319,7,7,0.39404454827308655
8320,7,9,0.3042658269405365
8321,4,2,0.49663856625556946
8322,4,4,0.3901536464691162
8323,9,7,0.3462531268596649
8324,3,3,0.40792274475097656
8325,8,8,0.5789822340011597
8326,3,6,0.21474343538284302
8327,7,0,0.26120707392692566
8328,7,7,0.526147723197937
8329,8,8,0.8576435446739197
8330,5,5,0.8002822399139404
8331,3,4,0.3763570189476013
8332,9,9,0.6333826780319214
8333,1,2,0.4577065110206604
8334,6,6,0.29299846291542053
8335,7,5,0.35201507806777954
8336,3,5,0.49093687534332275
8337,3,4,0.28470614552497864
8338,3,6,0.5473136305809021
8339,8,8,0.7746968865394592
8340,5,3,0.5066419839859009
8341,6,6,0.4712229371070862
8342,1,9,0.5591342449188232
8343,3,3,0.4859076738357544
8344,7,7,0.6873299479484558
8345,9,9,0.7883659601211548
8346,6,3,0.38194769620895386
8347,1,1,0.7864671349525452
8348,6,6,0.4177681505680084
8349,4,7,0.4067702889442444
8350,9,9,0.6611990928649902
8351,0,0,0.6909194588661194
8352,5,5,0.44517046213150024
8353,7,7,0.9877049922943115
8354,4,4,0.36445242166519165
8355,9,9,0.9518214464187622
8356,1,1,0.9732487201690674
8357,0,3,0.19111086428165436
8358,0,0,0.9287363886833191
8359,2,2,0.7452329993247986
8360,7,7,0.4905986487865448
8361,8,1,0.6532655358314514
8362,3,2,0.3881571292877197
8363,2,5,0.5131168961524963
8364,7,8,0.3631347417831421
8365,6,6,0.7283904552459717
8366,1,1,0.9755905866622925
8367,6,6,0.43286871910095215
8368,6,6,0.6306980848312378
8369,4,2,0.369288831949234
8370,4,6,0.6498563885688782
8371,2,0,0.6621167659759521
8372,1,8,0.41116762161254883
8373,8,8,0.8589943647384644
8374,4,4,0.402243971824646
8375,4,4,0.5705919861793518
8376,7,3,0.2654351592063904
8377,8,8,0.7398478984832764
8378,5,3,0.27887648344039917
8379,8,8,0.9797257781028748
8380,9,9,0.5359416604042053
8381,4,4,0.21602626144886017
8382,3,3,0.41860431432724
8383,2,4,0.5141503214836121
8384,2,2,0.39777424931526184
8385,9,1,0.47953271865844727
8386,3,3,0.22438843548297882
8387,0,8,0.5730964541435242
8388,1,1,0.5967994928359985
8389,1,8,0.2482035905122757
8390,1,1,0.6539114713668823
8391,1,1,0.4976763129234314
8392,6,6,0.8806663155555725
8393,8,8,0.9072765111923218
8394,7,9,0.2620140612125397
8395,1,1,0.4587183892726898
8396,3,5,0.4522499442100525
8397,0,2,0.4258267879486084
8398,4,4,0.5825701355934143
8399,5,7,0.31970447301864624
8400,0,9,0.44551485776901245
8401,3,2,0.323489785194397
8402,0,0,0.5036612749099731
8403,6,6,0.2732881009578705
8404,2,2,0.28129228949546814
8405,0,0,0.31975308060646057
8406,9,1,0.370128333568573
8407,8,8,0.8636833429336548
8408,6,3,0.33428460359573364
8409,8,8,0.5787148475646973
8410,5,5,0.5556577444076538
8411,8,8,0.8575078845024109
8412,2,8,0.36835840344429016
8413,9,9,0.7815258502960205
8414,6,6,0.7336375713348389
8415,0,0,0.9007067680358887
8416,6,2,0.3514965772628784
8417,1,9,0.5467456579208374
8418,8,8,0.8532577157020569
8419,7,7,0.2906551957130432
8420,3,6,0.43607521057128906
8421,2,4,0.2976320683956146
8422,2,8,0.2215295433998108
8423,6,6,0.8690427541732788
8424,5,3,0.33516326546669006
8425,6,4,0.5667133331298828
8426,9,9,0.8327248692512512
8427,2,2,0.33988288044929504
8428,5,5,0.46633684635162354
8429,4,4,0.29834088683128357
8430,9,9,0.8454555869102478
8431,8,8,0.8368828296661377
8432,5,5,0.4324303865432739
8433,3,2,0.23215658962726593
8434,9,9,0.8901657462120056
8435,3,1,0.7092731595039368
8436,5,5,0.6308035850524902
8437,7,7,0.6510712504386902
8438,1,1,0.3500695526599884
8439,8,8,0.4757458567619324
8440,5,5,0.6629362106323242
8441,8,8,0.9411535859107971
8442,6,6,0.4831356108188629
8443,2,7,0.32258370518684387
8444,5,5,0.4739069640636444
8445,1,8,0.6274731755256653
8446,3,5,0.3602982461452484
8447,0,0,0.3038221001625061
8448,4,4,0.473112016916275
8449,1,1,0.7853978276252747
8450,9,8,0.6103057265281677
8451,5,4,0.25556135177612305
8452,4,4,0.6458978056907654
8453,9,1,0.4470609128475189
8454,2,5,0.25069713592529297
8455,1,1,0.8652999401092529
8456,4,7,0.2765596807003021
8457,2,3,0.392509400844574
8458,5,5,0.7652109861373901
8459,9,9,0.6285338997840881
8460,8,8,0.7681856751441956
8461,7,7,0.4498640298843384
8462,2,2,0.2645970284938812
8463,1,8,0.16893833875656128
8464,6,6,0.7590761184692383
8465,9,9,0.6265637278556824
8466,7,9,0.47970932722091675
8467,3,3,0.680974006652832
8468,6,6,0.8696222901344299
8469,5,3,0.5425732731819153
8470,8,8,0.7349357008934021
8471,0,0,0.6814670562744141
8472,2,2,0.7623434066772461
8473,2,7,0.2845268249511719
8474,4,4,0.5317642688751221
8475,9,6,0.35560131072998047
8476,0,4,0.32396551966667175
8477,5,5,0.5764350295066833
8478,5,4,0.26323550939559937
8479,4,3,0.21960537135601044
8480,2,2,0.3479313254356384
8481,3,3,0.3729158639907837
8482,1,1,0.5404201149940491
8483,0,0,0.9500887393951416
8484,3,1,0.6833103895187378
8485,0,0,0.9642109274864197
8486,4,4,0.5453522801399231
8487,4,4,0.3879781663417816
8488,9,9,0.20602470636367798
8489,1,1,0.4771786630153656
8490,3,3,0.43892011046409607
8491,3,7,0.4423668682575226
8492,0,9,0.7737529873847961
8493,2,9,0.24576620757579803
8494,1,3,0.1625930368900299
8495,1,1,0.7983784079551697
8496,0,0,0.884326696395874
8497,4,4,0.4228692948818207
8498,1,0,0.30824142694473267
8499,9,0,0.289478600025177
8500,4,4,0.7415409684181213
8501,8,8,0.490252286195755
8502,1,1,0.8408156037330627
8503,1,8,0.5027302503585815
8504,1,1,0.8430945873260498
8505,5,3,0.4391632676124573
8506,9,9,0.8716945648193359
8507,8,8,0.6814896464347839
8508,1,9,0.42634502053260803
8509,6,6,0.5364301800727844
8510,7,7,0.8408110737800598
8511,2,5,0.27308425307273865
8512,9,9,0.7692142724990845
8513,9,9,0.803686797618866
8514,7,4,0.3688138425350189
8515,8,8,0.9704601168632507
8516,8,2,0.33869290351867676
8517,1,1,0.826492428779602
8518,9,8,0.19159267842769623
8519,7,7,0.7626214623451233
8520,8,8,0.8349354267120361
8521,9,8,0.3813530504703522
8522,1,1,0.9516833424568176
8523,6,6,0.8914601802825928
8524,6,3,0.4015752375125885
8525,3,9,0.30701783299446106
8526,3,5,0.38498473167419434
8527,1,1,0.4886416494846344
8528,3,2,0.3462938070297241
8529,0,9,0.4562397301197052
8530,8,1,0.6264936923980713
8531,8,8,0.8385484218597412
8532,3,3,0.24840475618839264
8533,6,4,0.3588946461677551
8534,6,6,0.8286415934562683
8535,7,7,0.9173730611801147
8536,1,9,0.6883772611618042
8537,0,0,0.8932151794433594
8538,7,5,0.22435790300369263
8539,6,6,0.4212544858455658
8540,4,4,0.5381559133529663
8541,8,1,0.9882773756980896
8542,2,6,0.457815945148468
8543,0,0,0.9401013255119324
8544,6,6,0.8516190052032471
8545,6,6,0.45162999629974365
8546,8,0,0.30392012000083923
8547,6,6,0.9581884145736694
8548,3,3,0.2661512494087219
8549,1,1,0.6624965071678162
8550,1,1,0.587817370891571
8551,8,8,0.6739665269851685
8552,6,6,0.41980570554733276
8553,7,1,0.40469878911972046
8554,0,0,0.5006908178329468
8555,5,5,0.6436429023742676
8556,4,0,0.2024773806333542
8557,3,3,0.5321487188339233
8558,2,0,0.4667372405529022
8559,1,1,0.6700132489204407
8560,7,7,0.7126981616020203
8561,8,8,0.7906926870346069
8562,2,2,0.335254967212677
8563,0,3,0.2863428294658661
8564,1,8,0.6878300905227661
8565,7,7,0.6391364336013794
8566,4,0,0.5828233361244202
8567,8,8,0.634479820728302
8568,7,7,0.9729176759719849
8569,6,3,0.3107716739177704
8570,6,9,0.4934002757072449
8571,7,7,0.7589563131332397
8572,0,0,0.6351280212402344
8573,6,5,0.3384389281272888
8574,4,7,0.5302919745445251
8575,9,9,0.9730805158615112
8576,2,0,0.583787202835083
8577,3,6,0.42193204164505005
8578,2,5,0.754296064376831
8579,1,1,0.7421090006828308
8580,3,0,0.41042107343673706
8581,8,8,0.7243197560310364
8582,6,6,0.6516457200050354
8583,8,8,0.8610439896583557
8584,1,8,0.5336641669273376
8585,9,9,0.6332321166992188
8586,6,6,0.6266713738441467
8587,7,7,0.5666341781616211
8588,6,6,0.9506030678749084
8589,5,3,0.35861048102378845
8590,0,0,0.4471510350704193
8591,6,6,0.31242644786834717
8592,0,0,0.6108100414276123
8593,1,1,0.7790258526802063
8594,3,6,0.508937656879425
8595,1,1,0.5270749926567078
8596,1,1,0.8644587397575378
8597,5,5,0.7066230177879333
8598,3,3,0.596064031124115
8599,4,4,0.5276557803153992
8600,3,2,0.38345909118652344
8601,3,5,0.38764622807502747
8602,8,0,0.7073146104812622
8603,1,1,0.900786280632019
8604,6,9,0.5324290990829468
8605,6,6,0.2629128694534302
8606,1,1,0.37405940890312195
8607,8,8,0.7964441180229187
8608,8,8,0.4650121331214905
8609,6,6,0.471709281206131
8610,2,2,0.29609447717666626
8611,7,7,0.8043822646141052
8612,4,4,0.628968358039856
8613,6,6,0.6567747592926025
8614,8,8,0.9762558341026306
8615,9,9,0.6063076257705688
8616,3,2,0.3508172035217285
8617,3,4,0.4254414737224579
8618,5,3,0.5139321684837341
8619,5,7,0.42129793763160706
8620,3,3,0.18750163912773132
8621,1,1,0.8809483051300049
8622,4,4,0.760368287563324
8623,1,1,0.7914053797721863
8624,9,9,0.2722543776035309
8625,5,5,0.599550724029541
8626,1,3,0.486256867647171
8627,7,7,0.7480619549751282
8628,7,5,0.4466010630130768
8629,7,7,0.37222763895988464
8630,5,2,0.38629528880119324
8631,2,4,0.4966312348842621
8632,3,3,0.2783812880516052
8633,3,2,0.39068135619163513
8634,6,5,0.3858279287815094
8635,6,6,0.5024737119674683
8636,6,5,0.3111414611339569
8637,4,4,0.41837793588638306
8638,0,0,0.8300999402999878
8639,7,0,0.42475783824920654
8640,1,1,0.9615184664726257
8641,7,5,0.318812757730484
8642,3,6,0.3899645209312439
8643,0,0,0.5170712471008301
8644,8,9,0.3106803894042969
8645,1,9,0.4624982476234436
8646,2,7,0.3212147355079651
8647,4,4,0.6351323127746582
8648,1,1,0.7080236673355103
8649,2,5,0.36694255471229553
8650,2,5,0.6403988599777222
8651,4,2,0.8153768181800842
8652,9,9,0.6327455639839172
8653,8,8,0.7278013229370117
8654,2,3,0.356438010931015
8655,8,8,0.6548132300376892
8656,7,7,0.8648428320884705
8657,6,3,0.2402554452419281
8658,3,3,0.36147961020469666
8659,4,4,0.40286844968795776
8660,7,5,0.5547678470611572
8661,2,2,0.42869776487350464
8662,3,3,0.36677736043930054
8663,1,1,0.8668690919876099
8664,5,5,0.48298320174217224
8665,3,3,0.23706264793872833
8666,0,0,0.6501860618591309
8667,4,4,0.46140146255493164
8668,3,6,0.30058181285858154
8669,4,3,0.2944324016571045
8670,9,3,0.22957879304885864
8671,4,3,0.3764636516571045
8672,7,5,0.24003329873085022
8673,9,9,0.385331928730011
8674,1,1,0.5283172726631165
8675,7,7,0.9464911222457886
8676,8,0,0.5302266478538513
8677,3,5,0.7661083340644836
8678,1,9,0.3875387907028198
8679,8,8,0.42935532331466675
8680,3,3,0.3488094210624695
8681,2,4,0.2231585830450058
8682,5,5,0.5836660861968994
8683,7,7,0.8454779982566833
8684,2,5,0.47991082072257996
8685,7,7,0.4143763780593872
8686,9,9,0.710324227809906
8687,6,6,0.4006361961364746
8688,8,8,0.6479689478874207
8689,6,6,0.7434881329536438
8690,8,8,0.8860662579536438
8691,6,4,0.3047190010547638
8692,5,5,0.3113674223423004
8693,9,9,0.632411777973175
8694,0,0,0.7976571321487427
8695,4,4,0.7622838020324707
8696,8,8,0.5952663421630859
8697,5,5,0.8459810614585876
8698,6,4,0.49892306327819824
8699,4,5,0.4473264813423157
8700,3,3,0.37340226769447327
8701,8,8,0.8352462649345398
8702,0,8,0.6427034139633179
8703,4,4,0.2913876175880432
8704,8,0,0.5097575783729553
8705,6,2,0.32630905508995056
8706,7,7,0.5011417865753174
8707,2,0,0.6469047665596008
8708,7,4,0.29814258217811584
8709,1,1,0.6762875318527222
8710,7,7,0.6886274218559265
8711,4,2,0.342677503824234
8712,1,9,0.6270952224731445
8713,2,2,0.26240313053131104
8714,4,4,0.451323926448822
8715,2,7,0.28174105286598206
8716,2,3,0.3117755055427551
8717,8,8,0.84373539686203
8718,7,7,0.8818446397781372
8719,2,2,0.3166312277317047
8720,2,0,0.9345160722732544
8721,6,6,0.24945616722106934
8722,7,2,0.18299466371536255
8723,5,5,0.31168219447135925
8724,6,6,0.6459483504295349
8725,8,8,0.8329748511314392
8726,9,9,0.7613980770111084
8727,9,0,0.5874297618865967
8728,6,9,0.3220023214817047
8729,5,5,0.42370349168777466
8730,2,2,0.28385910391807556
8731,9,9,0.7875150442123413
8732,8,1,0.9131225943565369
8733,7,7,0.3089059293270111
8734,2,2,0.23177319765090942
8735,3,3,0.2909938395023346
8736,3,6,0.3387884199619293
8737,7,7,0.6925276517868042
8738,4,7,0.35295283794403076
8739,3,8,0.3789033591747284
8740,2,7,0.3081088662147522
8741,1,0,0.755208432674408
8742,9,9,0.38667500019073486
8743,0,8,0.7022839784622192
8744,1,1,0.9593300223350525
8745,5,5,0.6421777009963989
8746,3,5,0.24144011735916138
8747,2,2,0.9098111391067505
8748,6,4,0.36215028166770935
8749,5,9,0.40354469418525696
8750,9,9,0.8239386677742004
8751,1,1,0.5979079008102417
8752,5,2,0.5808137655258179
8753,4,7,0.5113837718963623
8754,3,3,0.5139637589454651
8755,6,5,0.3432733416557312
8756,2,9,0.6489023566246033
8757,8,9,0.2245350331068039
8758,9,9,0.8369328379631042
8759,7,7,0.647178053855896
8760,8,8,0.9263848066329956
8761,0,0,0.459976464509964
8762,8,8,0.7814265489578247
8763,9,9,0.7574940919876099
8764,1,1,0.7995679378509521
8765,2,8,0.28821003437042236
8766,5,3,0.30466896295547485
8767,7,7,0.2725703716278076
8768,2,2,0.41094955801963806
8769,0,0,0.9421342611312866
8770,6,3,0.28759124875068665
8771,6,6,0.46683523058891296
8772,1,1,0.9831563830375671
8773,6,2,0.5154867768287659
8774,3,4,0.23840239644050598
8775,1,1,0.3565928041934967
8776,5,5,0.526050329208374
8777,0,0,0.928068220615387
8778,3,2,0.5682539343833923
8779,7,7,0.6290627717971802
8780,4,4,0.3989976942539215
8781,6,3,0.2261371612548828
8782,5,5,0.6963471174240112
8783,6,6,0.5184157490730286
8784,4,4,0.6654657125473022
8785,8,8,0.49837446212768555
8786,3,4,0.3631669282913208
8787,4,7,0.22528007626533508
8788,5,3,0.3100949823856354
8789,5,5,0.7916970252990723
8790,0,9,0.5191135406494141
8791,6,6,0.28249236941337585
8792,6,6,0.6320080161094666
8793,7,7,0.3584943413734436
8794,5,5,0.5401089787483215
8795,0,0,0.972793698310852
8796,9,9,0.2605544626712799
8797,9,9,0.4836048483848572
8798,6,6,0.6980993747711182
8799,1,1,0.6419802308082581
8800,0,0,0.9913644790649414
8801,4,7,0.38065609335899353
8802,6,6,0.9134986400604248
8803,3,5,0.29640257358551025
8804,6,5,0.3925383687019348
8805,9,9,0.9214074015617371
8806,3,3,0.3246482312679291
8807,6,6,0.9651029109954834
8808,6,6,0.7524762153625488
8809,8,2,0.27159878611564636
8810,2,3,0.21880432963371277
8811,1,9,0.444664865732193
8812,0,0,0.9816640615463257
8813,1,1,0.8278849720954895
8814,9,9,0.8829976320266724
8815,3,9,0.3507620692253113
8816,7,7,0.31217992305755615
8817,4,7,0.593075156211853
8818,3,3,0.37392109632492065
8819,0,0,0.5349962115287781
8820,2,2,0.4820968806743622
8821,7,7,0.669653594493866
8822,6,6,0.6024175882339478
8823,4,7,0.5961015224456787
8824,3,5,0.2947979271411896
8825,0,8,0.6391615271568298
8826,8,8,0.7270042300224304
8827,2,2,0.7920361161231995
8828,0,5,0.4596084654331207
8829,0,0,0.9796168804168701
8830,9,9,0.8899142146110535
8831,6,6,0.4802900552749634
8832,6,6,0.7323741912841797
8833,6,2,0.159748837351799
8834,8,8,0.7684897184371948
8835,7,8,0.1972506195306778
8836,4,4,0.5202428102493286
8837,1,1,0.8131216168403625
8838,8,8,0.9761564135551453
8839,1,1,0.9392436742782593
8840,2,4,0.2981281280517578
8841,2,0,0.6977598667144775
8842,4,4,0.43622592091560364
8843,8,8,0.15650418400764465
8844,5,5,0.5028285384178162
8845,2,2,0.7723104357719421
8846,6,6,0.7892223596572876
8847,5,2,0.38495898246765137
8848,3,4,0.2696559727191925
8849,9,9,0.6999016404151917
8850,1,1,0.6406923532485962
8851,0,0,0.6570115685462952
8852,7,7,0.8683193922042847
8853,2,2,0.6266677975654602
8854,4,8,0.5395622253417969
8855,4,4,0.4027182459831238
8856,0,0,0.9108477234840393
8857,0,8,0.4744868278503418
8858,6,4,0.43991267681121826
8859,2,4,0.4974203407764435
8860,2,2,0.4114310145378113
8861,4,4,0.34970664978027344
8862,0,8,0.5254687666893005
8863,5,4,0.3364517390727997
8864,9,9,0.9388094544410706
8865,7,7,0.7983583807945251
8866,1,1,0.8049815893173218
8867,8,8,0.974143385887146
8868,4,7,0.34623897075653076
8869,5,5,0.6863104701042175
8870,5,5,0.7174484729766846
8871,9,9,0.7712536454200745
8872,8,7,0.7591328620910645
8873,5,5,0.6159075498580933
8874,7,5,0.2626968026161194
8875,8,1,0.7341753244400024
8876,0,9,0.8555014729499817
8877,9,1,0.41162052750587463
8878,8,8,0.5840265154838562
8879,9,9,0.7727823257446289
8880,1,1,0.7548317313194275
8881,6,6,0.7312320470809937
8882,3,4,0.28638845682144165
8883,8,1,0.7055713534355164
8884,0,9,0.4127926230430603
8885,3,5,0.5242469906806946
8886,4,5,0.5472346544265747
8887,4,4,0.5597653388977051
8888,8,8,0.9308327436447144
8889,4,4,0.6465721130371094
8890,8,8,0.9502341151237488
8891,9,9,0.6046542525291443
8892,8,8,0.957320511341095
8893,6,6,0.7938269972801208
8894,0,3,0.3211580216884613
8895,0,0,0.6055509448051453
8896,8,8,0.4572703540325165
8897,2,0,0.2891812026500702
8898,7,8,0.2897661030292511
8899,4,2,0.4824656546115875
8900,2,2,0.37086915969848633
8901,5,7,0.6192272305488586
8902,6,6,0.9161704778671265
8903,0,8,0.5217465758323669
8904,5,5,0.7317669987678528
8905,8,8,0.6700727939605713
8906,4,2,0.33760881423950195
8907,1,1,0.7821481823921204
8908,9,9,0.6009834408760071
8909,0,0,0.9264765977859497
8910,1,1,0.9826048612594604
8911,4,8,0.8569018244743347
8912,4,5,0.22304241359233856
8913,8,8,0.7824193239212036
8914,4,4,0.7890122532844543
8915,9,9,0.5928604602813721
8916,6,6,0.2326851785182953
8917,0,9,0.3819918632507324
8918,7,0,0.4319436848163605
8919,7,7,0.6239820718765259
8920,6,6,0.7781156301498413
8921,8,0,0.48417019844055176
8922,9,9,0.3155423104763031
8923,6,5,0.2903618812561035
8924,2,2,0.6098840832710266
8925,0,0,0.7810057401657104
8926,4,4,0.7488150596618652
8927,9,9,0.9167740345001221
8928,4,8,0.27356284856796265
8929,9,9,0.8277254700660706
8930,3,2,0.4039672613143921
8931,9,9,0.9884452819824219
8932,6,2,0.889931857585907
8933,6,6,0.1787409484386444
8934,7,5,0.5203136205673218
8935,0,8,0.683871328830719
8936,9,8,0.2628583014011383
8937,7,2,0.37058505415916443
8938,1,1,0.7745183110237122
8939,8,3,0.2541128396987915
8940,6,3,0.3786470592021942
8941,0,0,0.7207800149917603
8942,6,3,0.33279451727867126
8943,7,4,0.39703208208084106
8944,4,7,0.3359869718551636
8945,1,1,0.9008345007896423
8946,9,9,0.3205028772354126
8947,4,4,0.5014845132827759
8948,6,6,0.8506267666816711
8949,7,7,0.5744914412498474
8950,9,9,0.9512976408004761
8951,8,8,0.9716101288795471
8952,3,3,0.39319729804992676
8953,9,9,0.8861569166183472
8954,2,4,0.5056992173194885
8955,1,1,0.528822124004364
8956,2,8,0.2960599362850189
8957,7,4,0.21074587106704712
8958,6,4,0.47223761677742004
8959,1,1,0.8636155724525452
8960,0,0,0.6224421262741089
8961,0,0,0.37638208270072937
8962,5,7,0.4077274799346924
8963,6,6,0.5880147218704224
8964,0,0,0.7303445935249329
8965,4,4,0.31308141350746155
8966,3,3,0.3412180542945862
8967,2,2,0.3763577938079834
8968,8,8,0.3013882637023926
8969,8,8,0.9808440804481506
8970,0,0,0.8592898845672607
8971,6,6,0.5767751336097717
8972,9,3,0.39199310541152954
8973,5,5,0.5549030303955078
8974,2,2,0.6620457172393799
8975,8,8,0.9713717103004456
8976,7,0,0.2470855563879013
8977,0,9,0.4245503842830658
8978,6,6,0.8545592427253723
8979,5,5,0.5993933081626892
8980,9,9,0.5293251872062683
8981,7,4,0.6944206357002258
8982,2,0,0.2643146812915802
8983,3,5,0.45473286509513855
8984,6,6,0.8695325255393982
8985,9,0,0.6328446865081787
8986,6,6,0.9255649447441101
8987,2,5,0.5800439119338989
8988,2,2,0.8854765295982361
8989,4,4,0.3191334307193756
8990,1,1,0.98509281873703
8991,0,0,0.8094891309738159
8992,5,5,0.7654262781143188
8993,0,9,0.5716661810874939
8994,8,8,0.8634446263313293
8995,9,9,0.8481301665306091
8996,3,6,0.185050368309021
8997,5,5,0.27199485898017883
8998,9,9,0.8407948613166809
8999,3,5,0.26866304874420166
9000,8,8,0.9486716389656067
9001,1,1,0.5290095806121826
9002,6,4,0.41008782386779785
9003,3,3,0.3514060378074646
9004,7,7,0.5416987538337708
9005,5,5,0.7969732284545898
9006,6,6,0.5461412668228149
9007,2,5,0.22012250125408173
9008,0,0,0.7681307196617126
9009,2,2,0.29050853848457336
9010,8,3,0.2906642258167267
9011,2,2,0.3551452159881592
9012,8,1,0.6184115409851074
9013,7,7,0.6211068034172058
9014,7,7,0.44039881229400635
9015,8,8,0.4789530038833618
9016,1,1,0.5585587024688721
9017,0,0,0.8492300510406494
9018,8,0,0.24995283782482147
9019,9,9,0.6587755084037781
9020,7,7,0.863518476486206
9021,0,0,0.3377716541290283
9022,3,3,0.4821177124977112
9023,8,8,0.8185728788375854
9024,0,0,0.954475998878479
9025,5,5,0.5719897150993347
9026,9,0,0.4113081693649292
9027,5,2,0.3448646068572998
9028,8,8,0.7493255138397217
9029,4,4,0.2713909447193146
9030,2,0,0.24052299559116364
9031,0,0,0.6860646605491638
9032,9,9,0.6753957867622375
9033,2,2,0.5946662425994873
9034,2,4,0.5822348594665527
9035,4,7,0.2613455653190613
9036,4,7,0.4344543218612671
9037,9,9,0.6296775937080383
9038,2,2,0.5028946995735168
9039,2,5,0.3064018487930298
9040,2,5,0.555756688117981
9041,5,3,0.32772818207740784
9042,1,9,0.49478670954704285
9043,3,5,0.23872248828411102
9044,2,6,0.4691964089870453
9045,0,0,0.9544886946678162
9046,0,0,0.5049477815628052
9047,4,4,0.3029046356678009
9048,0,9,0.7731461524963379
9049,6,6,0.4008256793022156
9050,5,3,0.3193799555301666
9051,8,8,0.9265789985656738
9052,0,0,0.8406216502189636
9053,5,3,0.5371993184089661
9054,8,8,0.8553049564361572
9055,6,6,0.8923855423927307
9056,4,4,0.4035608470439911
9057,8,9,0.5303434133529663
9058,5,5,0.3866018056869507
9059,2,2,0.4066101014614105
9060,9,9,0.8308961391448975
9061,7,7,0.5231989026069641
9062,9,9,0.6215320229530334
9063,7,7,0.9821120500564575
9064,1,9,0.283826619386673
9065,0,0,0.5166782140731812
9066,1,1,0.3205278813838959
9067,9,1,0.8001677393913269
9068,6,8,0.35251590609550476
9069,9,1,0.8283796310424805
9070,2,2,0.49373477697372437
9071,7,3,0.2837737798690796
9072,9,9,0.6607021689414978
9073,4,6,0.5858151316642761
9074,4,4,0.4825287461280823
9075,0,0,0.9919628500938416
9076,6,4,0.3667629361152649
9077,2,4,0.567446231842041
9078,4,4,0.4980878233909607
9079,1,8,0.5576292276382446
9080,3,3,0.4695846140384674
9081,7,7,0.8638452887535095
9082,2,5,0.4087671637535095
9083,8,8,0.8545053601264954
9084,5,3,0.5424222350120544
9085,9,1,0.41642627120018005
9086,0,0,0.8603760600090027
9087,3,5,0.35192012786865234
9088,2,3,0.37883883714675903
9089,3,3,0.45417875051498413
9090,2,4,0.34007662534713745
9091,7,7,0.9027839303016663
9092,6,2,0.5511907339096069
9093,3,2,0.3030553460121155
9094,2,2,0.25716227293014526
9095,5,2,0.38452962040901184
9096,9,9,0.6920360326766968
9097,0,2,0.4607812166213989
9098,5,3,0.4332863390445709
9099,9,9,0.7619231939315796
9100,9,9,0.6177219748497009
9101,8,8,0.8452008366584778
9102,7,7,0.4153708219528198
9103,7,7,0.4391433596611023
9104,4,2,0.2862147390842438
9105,8,0,0.5552982687950134
9106,6,6,0.8088445663452148
9107,5,9,0.2822238504886627
9108,2,2,0.7953341007232666
9109,3,3,0.41156890988349915
9110,1,1,0.9183630347251892
9111,0,0,0.9465874433517456
9112,4,4,0.62159663438797
9113,1,0,0.22206847369670868
9114,8,0,0.26349300146102905
9115,8,8,0.9468470215797424
9116,4,2,0.5324392914772034
9117,9,9,0.704486072063446
9118,4,4,0.5090151429176331
9119,4,2,0.4640790820121765
9120,3,3,0.3833833932876587
9121,3,3,0.441458135843277
9122,9,9,0.26610201597213745
9123,2,2,0.5211238265037537
9124,0,0,0.7418169975280762
9125,1,1,0.8398571014404297
9126,1,8,0.24247564375400543
9127,8,8,0.638647198677063
9128,4,4,0.3862260580062866
9129,4,2,0.3559781312942505
9130,8,8,0.3963887095451355
9131,3,5,0.43120497465133667
9132,2,3,0.3330022990703583
9133,9,0,0.3920350968837738
9134,5,5,0.37391602993011475
9135,7,5,0.47006216645240784
9136,6,6,0.9570741057395935
9137,2,2,0.22675450146198273
9138,5,5,0.9599530100822449
9139,4,4,0.6097491383552551
9140,7,7,0.6489353775978088
9141,3,5,0.3792293667793274
9142,3,0,0.373794823884964
9143,9,0,0.3242488503456116
9144,0,8,0.6288964748382568
9145,1,1,0.6897112131118774
9146,5,5,0.7512354254722595
9147,9,6,0.22145789861679077
9148,3,5,0.6756011843681335
9149,7,9,0.4773673415184021
9150,6,6,0.9033781886100769
9151,0,0,0.8352702856063843
9152,4,4,0.4280130863189697
9153,2,2,0.46012431383132935
9154,2,2,0.48270902037620544
9155,5,5,0.46839046478271484
9156,6,6,0.9297359585762024
9157,3,5,0.4919973611831665
9158,8,8,0.6005493402481079
9159,9,9,0.7147802710533142
9160,5,3,0.4298374652862549
9161,6,6,0.7798038125038147
9162,1,8,0.5027264952659607
9163,4,6,0.3572028577327728
9164,5,5,0.7894088625907898
9165,4,0,0.5296401381492615
9166,6,6,0.6869254112243652
9167,7,7,0.611903965473175
9168,2,2,0.5982630252838135
9169,1,8,0.40790507197380066
9170,0,9,0.9225541949272156
9171,2,2,0.5685645937919617
9172,0,0,0.9211801290512085
9173,4,4,0.3112260103225708
9174,9,9,0.38526812195777893
9175,8,0,0.7626418471336365
9176,8,8,0.5098380446434021
9177,9,9,0.664988100528717
9178,1,1,0.7327532768249512
9179,1,1,0.9869459271430969
9180,5,5,0.554985761642456
9181,0,0,0.9333493709564209
9182,0,0,0.9873924851417542
9183,8,8,0.7819717526435852
9184,7,7,0.9284875988960266
9185,1,1,0.4705525040626526
9186,7,7,0.7464922666549683
9187,4,2,0.5650403499603271
9188,5,3,0.2310505211353302
9189,4,3,0.35968199372291565
9190,3,7,0.32335948944091797
9191,3,3,0.30463141202926636
9192,2,2,0.33054035902023315
9193,0,0,0.3811597526073456
9194,6,6,0.8767493367195129
9195,6,6,0.9722924828529358
9196,0,0,0.9302567839622498
9197,1,1,0.6882480978965759
9198,3,2,0.33647236227989197
9199,9,9,0.7843494415283203
9200,8,8,0.8233449459075928
9201,3,5,0.503009021282196
9202,7,7,0.9600592851638794
9203,8,8,0.8708524107933044
9204,9,8,0.47814416885375977
9205,4,4,0.4070186913013458
9206,8,8,0.5684164762496948
9207,9,9,0.6623619794845581
9208,0,8,0.7265158891677856
9209,9,1,0.869806170463562
9210,7,7,0.3262121379375458
9211,1,0,0.44047775864601135
9212,6,6,0.82218998670578
9213,2,5,0.3375663459300995
9214,9,7,0.3588906526565552
9215,5,5,0.5621408820152283
9216,6,9,0.20076340436935425
9217,9,0,0.6215713620185852
9218,3,3,0.35274338722229004
9219,9,9,0.662539541721344
9220,8,8,0.6336711645126343
9221,7,7,0.28180092573165894
9222,7,7,0.823311984539032
9223,1,9,0.4010353982448578
9224,6,6,0.5506938099861145
9225,5,8,0.3320375382900238
9226,3,3,0.26450565457344055
9227,1,9,0.5333003997802734
9228,3,3,0.5182297229766846
9229,1,2,0.2605600357055664
9230,2,2,0.22990930080413818
9231,7,2,0.2831776440143585
9232,1,1,0.8993613719940186
9233,8,8,0.7226004004478455
9234,2,2,0.6760314106941223
9235,0,0,0.836851954460144
9236,9,9,0.9287081360816956
9237,7,5,0.3470640778541565
9238,9,9,0.6373435854911804
9239,8,8,0.9197947382926941
9240,8,8,0.8577058911323547
9241,6,6,0.8417038917541504
9242,7,7,0.8022436499595642
9243,3,3,0.6095843315124512
9244,7,7,0.8195444941520691
9245,1,1,0.6879878640174866
9246,3,6,0.5073531866073608
9247,9,9,0.937860906124115
9248,0,0,0.5891525149345398
9249,9,9,0.9432924389839172
9250,3,5,0.5687381625175476
9251,6,6,0.4789528250694275
9252,7,2,0.4245058000087738
9253,2,0,0.6755523681640625
9254,7,5,0.40588968992233276
9255,3,3,0.4664493799209595
9256,0,0,0.9764509201049805
9257,5,5,0.48929378390312195
9258,9,9,0.8692229390144348
9259,7,7,0.9383934736251831
9260,5,5,0.5752450823783875
9261,5,5,0.7375071048736572
9262,0,3,0.22646065056324005
9263,6,6,0.33720862865448
9264,5,5,0.4610697031021118
9265,1,1,0.7800729274749756
9266,8,8,0.5548389554023743
9267,2,6,0.39365190267562866
9268,7,5,0.26376375555992126
9269,5,3,0.3666829764842987
9270,9,9,0.558036208152771
9271,0,0,0.875555694103241
9272,0,0,0.9770191311836243
9273,0,2,0.46494388580322266
9274,8,8,0.7340753674507141
9275,8,8,0.902647078037262
9276,7,4,0.3742566406726837
9277,3,3,0.33065855503082275
9278,7,7,0.340204656124115
9279,8,8,0.9278918504714966
9280,9,0,0.4330604076385498
9281,3,2,0.24078302085399628
9282,7,2,0.3510938286781311
9283,9,9,0.6940685510635376
9284,7,7,0.8554351925849915
9285,8,8,0.7841740250587463
9286,7,0,0.4867033064365387
9287,9,9,0.546747624874115
9288,8,9,0.21173369884490967
9289,5,5,0.5377554297447205
9290,4,2,0.6420356631278992
9291,8,0,0.3861686885356903
9292,3,8,0.16139362752437592
9293,7,7,0.47046592831611633
9294,6,6,0.21050311625003815
9295,3,5,0.6354274153709412
9296,8,3,0.3256280720233917
9297,2,2,0.6683263182640076
9298,1,9,0.4680590033531189
9299,9,9,0.4409286677837372
9300,5,2,0.2807636857032776
9301,7,5,0.5030269622802734
9302,3,3,0.22549863159656525
9303,9,1,0.6184221506118774
9304,5,5,0.627877950668335
9305,5,7,0.42758679389953613
9306,8,8,0.6228941679000854
9307,7,7,0.7156513929367065
9308,3,3,0.33510303497314453
9309,5,5,0.33950793743133545
9310,3,4,0.28162485361099243
9311,5,7,0.21953095495700836
9312,9,9,0.8733677268028259
9313,7,7,0.40372559428215027
9314,6,6,0.8464641571044922
9315,7,7,0.9101276397705078
9316,3,5,0.256830632686615
9317,6,4,0.19847507774829865
9318,4,4,0.5366218090057373
9319,3,3,0.32651370763778687
9320,9,0,0.4040601849555969
9321,4,2,0.557853102684021
9322,2,4,0.4229498505592346
9323,1,1,0.6984420418739319
9324,9,9,0.3791893720626831
9325,6,6,0.3172660768032074
9326,0,0,0.8943091034889221
9327,2,3,0.36833125352859497
9328,6,3,0.43654125928878784
9329,7,7,0.9747486710548401
9330,4,4,0.4938242435455322
9331,7,7,0.6346311569213867
9332,9,9,0.7702590823173523
9333,0,0,0.8467721343040466
9334,7,9,0.4492538571357727
9335,4,7,0.3110034465789795
9336,3,5,0.7379482984542847
9337,5,1,0.15306717157363892
9338,3,8,0.21857593953609467
9339,1,1,0.4454847574234009
9340,1,1,0.9921647310256958
9341,2,3,0.34827515482902527
9342,6,6,0.4189067780971527
9343,8,8,0.6489519476890564
9344,2,5,0.40160539746284485
9345,1,1,0.5582223534584045
9346,7,4,0.2309160679578781
9347,8,8,0.7347357869148254
9348,5,5,0.44793084263801575
9349,9,0,0.39959046244621277
9350,6,6,0.43156373500823975
9351,1,1,0.7754985094070435
9352,1,1,0.4781101942062378
9353,5,2,0.3076235353946686
9354,0,0,0.9860510230064392
9355,6,8,0.5918854475021362
9356,0,0,0.9772534966468811
9357,9,9,0.8260856866836548
9358,2,8,0.6712968945503235
9359,6,3,0.42765963077545166
9360,5,0,0.6146213412284851
9361,8,1,0.3379204273223877
9362,9,9,0.6667219996452332
9363,5,5,0.4044758081436157
9364,5,5,0.9284926652908325
9365,6,6,0.5045945048332214
9366,2,2,0.5863430500030518
9367,9,9,0.9071286916732788
9368,1,1,0.9637449979782104
9369,5,8,0.20647498965263367
9370,8,8,0.47746214270591736
9371,8,0,0.5894988775253296
9372,7,7,0.7669599056243896
9373,1,1,0.8202949166297913
9374,7,7,0.32243937253952026
9375,3,6,0.40532466769218445
9376,5,2,0.25212669372558594
9377,4,4,0.42184174060821533
9378,9,1,0.4578079879283905
9379,7,7,0.9805217981338501
9380,5,5,0.7573036551475525
9381,2,3,0.4066411554813385
9382,9,9,0.8073551654815674
9383,9,9,0.3982158899307251
9384,4,2,0.3522385060787201
9385,7,3,0.3810875713825226
9386,4,2,0.7648792862892151
9387,1,1,0.47301846742630005
9388,3,5,0.5305363535881042
9389,8,8,0.827892005443573
9390,7,7,0.6977384090423584
9391,9,9,0.7767246961593628
9392,0,9,0.29733771085739136
9393,4,4,0.24435438215732574
9394,5,5,0.4498971104621887
9395,7,7,0.7370768189430237
9396,5,2,0.7131913304328918
9397,2,2,0.2894443869590759
9398,8,8,0.42221716046333313
9399,7,7,0.9787884950637817
9400,6,6,0.9638447761535645
9401,9,0,0.5249801278114319
9402,6,6,0.18394054472446442
9403,9,9,0.5251470804214478
9404,3,7,0.22415253520011902
9405,8,8,0.9849168658256531
9406,5,3,0.493808776140213
9407,6,6,0.6680616140365601
9408,6,6,0.7902556657791138
9409,9,9,0.8915286660194397
9410,5,5,0.6890159249305725
9411,7,7,0.9135662913322449
9412,8,8,0.9641410112380981
9413,0,0,0.6056554913520813
9414,5,3,0.5225661396980286
9415,0,1,0.5213764905929565
9416,7,7,0.7221489548683167
9417,4,2,0.2527313232421875
9418,8,1,0.5656322836875916
9419,2,2,0.7502709627151489
9420,5,5,0.4749602973461151
9421,1,1,0.7355518341064453
9422,3,3,0.44304946064949036
9423,2,2,0.44096440076828003
9424,2,2,0.8009760975837708
9425,6,6,0.768906831741333
9426,2,1,0.33248183131217957
9427,1,1,0.914959728717804
9428,7,3,0.22945134341716766
9429,4,7,0.2504282295703888
9430,6,6,0.4602690637111664
9431,3,5,0.43310415744781494
9432,1,1,0.820490837097168
9433,3,5,0.2524246275424957
9434,7,5,0.35301122069358826
9435,2,2,0.2937625050544739
9436,1,1,0.19714686274528503
9437,3,2,0.4143297076225281
9438,7,7,0.5208058953285217
9439,0,0,0.45886850357055664
9440,8,8,0.8619983792304993
9441,4,4,0.5035433173179626
9442,4,4,0.24111275374889374
9443,5,2,0.9268728494644165
9444,7,7,0.30684590339660645
9445,9,5,0.3163192570209503
9446,5,3,0.3598446846008301
9447,4,4,0.2599523365497589
9448,3,7,0.20153817534446716
9449,9,8,0.5740224719047546
9450,6,6,0.3707807660102844
9451,8,8,0.8006771206855774
9452,2,0,0.44701969623565674
9453,3,3,0.26050814986228943
9454,3,6,0.5363787412643433
9455,1,1,0.9362438321113586
9456,6,6,0.7680920958518982
9457,1,1,0.7708793878555298
9458,7,7,0.9146265387535095
9459,0,0,0.7825793623924255
9460,3,4,0.4241243600845337
9461,4,4,0.4115781784057617
9462,2,8,0.41632023453712463
9463,9,8,0.6115044951438904
9464,4,6,0.366544246673584
9465,5,7,0.38436558842658997
9466,8,8,0.47910821437835693
9467,2,7,0.25320714712142944
9468,7,7,0.5746374130249023
9469,0,0,0.954089879989624
9470,9,9,0.926654040813446
9471,6,7,0.2610413134098053
9472,8,8,0.6838085055351257
9473,0,0,0.6899949312210083
9474,8,8,0.8048667907714844
9475,2,4,0.4627082943916321
9476,8,8,0.9773107171058655
9477,5,5,0.6791934370994568
9478,7,7,0.6396111249923706
9479,7,7,0.8748928308486938
9480,2,2,0.5813105702400208
9481,2,5,0.48110663890838623
9482,0,0,0.6127465963363647
9483,0,0,0.6238871216773987
9484,0,9,0.5367502570152283
9485,7,7,0.5470473170280457
9486,4,2,0.26554620265960693
9487,1,1,0.8600718975067139
9488,6,3,0.4735080897808075
9489,6,6,0.8156079649925232
9490,8,8,0.7745614051818848
9491,8,8,0.6513786315917969
9492,9,9,0.5937207341194153
9493,0,0,0.818271279335022
9494,9,9,0.8946110606193542
9495,0,0,0.9057899117469788
9496,1,1,0.9817277193069458
9497,3,2,0.2805435359477997
9498,3,3,0.38943347334861755
9499,0,0,0.7207815647125244
9500,9,9,0.43838831782341003
9501,6,2,0.2800579369068146
9502,6,6,0.956603467464447
9503,2,4,0.3344354033470154
9504,6,6,0.9090860486030579
9505,3,7,0.24227041006088257
9506,4,2,0.49310502409935
9507,0,0,0.7436898350715637
9508,8,8,0.6719791889190674
9509,4,5,0.30327659845352173
9510,1,1,0.8244922757148743
9511,4,4,0.47142675518989563
9512,0,0,0.4520381689071655
9513,6,6,0.5491995215415955
9514,5,0,0.29056790471076965
9515,0,9,0.523080050945282
9516,9,9,0.9483572840690613
9517,9,1,0.5215142369270325
9518,9,9,0.5833059549331665
9519,9,9,0.6793383359909058
9520,1,9,0.5950618386268616
9521,2,2,0.23309308290481567
9522,3,2,0.529052197933197
9523,5,5,0.638170063495636
9524,4,2,0.31368324160575867
9525,2,2,0.604509711265564
9526,9,9,0.7324959635734558
9527,6,5,0.5211889743804932
9528,0,8,0.4130668044090271
9529,9,2,0.2729570269584656
9530,6,6,0.954247772693634
9531,6,6,0.5644809603691101
9532,8,8,0.6230897903442383
9533,0,0,0.6103893518447876
9534,6,6,0.7777105569839478
9535,1,9,0.3864617943763733
9536,4,3,0.29200872778892517
9537,6,6,0.9688798189163208
9538,8,9,0.6405641436576843
9539,0,0,0.9445533156394958
9540,5,5,0.7369738817214966
9541,4,7,0.6947035789489746
9542,1,1,0.5719543695449829
9543,2,2,0.43968650698661804
9544,0,0,0.477965384721756
9545,9,9,0.9187713861465454
9546,6,6,0.6164590716362
9547,4,2,0.48601487278938293
9548,2,3,0.5819904804229736
9549,4,4,0.4715581238269806
9550,6,6,0.9059779047966003
9551,5,5,0.4163358211517334
9552,9,9,0.7508838772773743
9553,7,7,0.8774216175079346
9554,7,7,0.9801573157310486
9555,4,3,0.2735939621925354
9556,6,6,0.36038830876350403
9557,5,5,0.4039608836174011
9558,0,0,0.6949015855789185
9559,1,9,0.8277211785316467
9560,9,7,0.2607709467411041
9561,0,8,0.8229039311408997
9562,3,3,0.3714323937892914
9563,1,9,0.5026595592498779
9564,9,9,0.9289000034332275
9565,0,0,0.9976502060890198
9566,9,9,0.9371416568756104
9567,7,7,0.4977996349334717
9568,8,8,0.7316793203353882
9569,6,6,0.42576342821121216
9570,7,7,0.9465546011924744
9571,6,6,0.7949521541595459
9572,8,8,0.9925098419189453
9573,2,2,0.36378464102745056
9574,4,4,0.8873529434204102
9575,5,5,0.5462532639503479
9576,3,3,0.44583842158317566
9577,0,0,0.9219426512718201
9578,3,5,0.2562934160232544
9579,2,4,0.3441036343574524
9580,1,8,0.3648846447467804
9581,7,7,0.9977754950523376
9582,5,5,0.7341692447662354
9583,9,0,0.6678009033203125
9584,3,3,0.4371699392795563
9585,4,4,0.7671163082122803
9586,5,5,0.3243199586868286
9587,7,7,0.42639443278312683
9588,1,1,0.8584334850311279
9589,5,5,0.9420535564422607
9590,0,0,0.5610859990119934
9591,1,1,0.5953210592269897
9592,1,1,0.9843288660049438
9593,1,9,0.25935983657836914
9594,9,9,0.43165841698646545
9595,7,7,0.7596796154975891
9596,5,3,0.3875359296798706
9597,4,4,0.31179869174957275
9598,9,1,0.5121327638626099
9599,7,7,0.8689032196998596
9600,8,8,0.9067138433456421
9601,1,6,0.474344938993454
9602,0,8,0.804929792881012
9603,2,7,0.48722532391548157
9604,8,0,0.3615908920764923
9605,5,5,0.5552946925163269
9606,6,9,0.6455369591712952
9607,7,7,0.36748525500297546
9608,0,0,0.6676790714263916
9609,1,6,0.3123737573623657
9610,4,4,0.503868579864502
9611,8,8,0.9259502291679382
9612,4,7,0.29847124218940735
9613,4,4,0.7906867861747742
9614,6,6,0.941394567489624
9615,6,6,0.9199010729789734
9616,5,4,0.45237410068511963
9617,8,8,0.35083043575286865
9618,1,1,0.8835611939430237
9619,8,8,0.9669948816299438
9620,4,7,0.3530672490596771
9621,6,6,0.7893977761268616
9622,5,5,0.39697757363319397
9623,9,9,0.8928347826004028
9624,2,8,0.35592272877693176
9625,2,0,0.6049003601074219
9626,1,1,0.8498944044113159
9627,4,2,0.6432420611381531
9628,9,9,0.9783740043640137
9629,1,1,0.9507083296775818
9630,6,3,0.4100993275642395
9631,7,7,0.4604683518409729
9632,2,2,0.7832379341125488
9633,0,0,0.45735639333724976
9634,1,1,0.9692534804344177
9635,7,7,0.49577072262763977
9636,6,6,0.5967882871627808
9637,5,5,0.2565855085849762
9638,2,2,0.893233060836792
9639,2,2,0.5537396669387817
9640,5,5,0.30374789237976074
9641,6,3,0.36341723799705505
9642,0,0,0.931179404258728
9643,9,0,0.5620907545089722
9644,0,0,0.4377303421497345
9645,1,1,0.9873540997505188
9646,5,7,0.5903779864311218
9647,3,1,0.5972595810890198
9648,3,3,0.2706230878829956
9649,5,5,0.5208054780960083
9650,8,8,0.9085276126861572
9651,7,7,0.9322284460067749
9652,5,5,0.39052876830101013
9653,6,6,0.9447097778320312
9654,5,7,0.25318244099617004
9655,8,8,0.9809117317199707
9656,0,8,0.6631248593330383
9657,5,3,0.4559939205646515
9658,9,9,0.4154164791107178
9659,4,3,0.2307000756263733
9660,6,9,0.26550549268722534
9661,5,5,0.3051970303058624
9662,1,1,0.8284461498260498
9663,1,1,0.4097357988357544
9664,0,0,0.46559765934944153
9665,3,3,0.5458753108978271
9666,3,3,0.46983274817466736
9667,9,9,0.9191379547119141
9668,4,7,0.8240031003952026
9669,8,8,0.9290459752082825
9670,1,9,0.6267672181129456
9671,7,7,0.9475346803665161
9672,7,7,0.7499869465827942
9673,9,9,0.42429065704345703
9674,9,9,0.8762751817703247
9675,4,7,0.3656814694404602
9676,3,3,0.32014623284339905
9677,6,6,0.8615871667861938
9678,3,2,0.5077510476112366
9679,2,5,0.6218598484992981
9680,8,8,0.7808132171630859
9681,2,2,0.33775272965431213
9682,7,3,0.31025487184524536
9683,6,6,0.6018450856208801
9684,7,7,0.5012951493263245
9685,0,0,0.4270744323730469
9686,2,2,0.32964545488357544
9687,1,1,0.5211907029151917
9688,2,2,0.4824780225753784
9689,9,9,0.7248812913894653
9690,4,2,0.5781946182250977
9691,6,2,0.24848529696464539
9692,9,0,0.5551651120185852
9693,6,6,0.6113672256469727
9694,1,1,0.29837551712989807
9695,0,0,0.7918761968612671
9696,1,9,0.4133526384830475
9697,8,8,0.5769389867782593
9698,7,7,0.9460479617118835
9699,0,9,0.7388467192649841
9700,0,0,0.5139074325561523
9701,4,4,0.37463900446891785
9702,7,7,0.9522811770439148
9703,4,0,0.32324689626693726
9704,2,3,0.43947291374206543
9705,6,6,0.8331458568572998
9706,9,9,0.3566826283931732
9707,5,7,0.5104478001594543
9708,9,1,0.5439156293869019
9709,0,9,0.4596039056777954
9710,7,5,0.41991519927978516
9711,4,4,0.4925679862499237
9712,5,5,0.4771709442138672
9713,8,8,0.9375923871994019
9714,1,1,0.8832274079322815
9715,4,4,0.31282612681388855
9716,7,2,0.2647775709629059
9717,9,1,0.5973712801933289
9718,9,9,0.8848447799682617
9719,8,8,0.9390347599983215
9720,8,8,0.5457464456558228
9721,6,3,0.21320870518684387
9722,3,9,0.3130057156085968
9723,7,7,0.618303120136261
9724,0,0,0.9712283611297607
9725,8,8,0.715872049331665
9726,9,9,0.6969946026802063
9727,6,0,0.4971042275428772
9728,2,2,0.5194959044456482
9729,4,3,0.3212951421737671
9730,6,6,0.3548155725002289
9731,2,3,0.38994377851486206
9732,9,1,0.6448380947113037
9733,7,7,0.9476358294487
9734,4,4,0.32489562034606934
9735,6,8,0.3256779611110687
9736,8,8,0.9201453328132629
9737,5,7,0.5392467975616455
9738,6,6,0.47703754901885986
9739,1,1,0.9149566292762756
9740,3,6,0.5504884123802185
9741,5,5,0.4627903997898102
9742,9,9,0.69554603099823
9743,9,1,0.5417861938476562
9744,1,9,0.8847386837005615
9745,3,3,0.4235075116157532
9746,2,0,0.7555593848228455
9747,0,0,0.644846498966217
9748,3,3,0.3766710162162781
9749,0,8,0.9496256113052368
9750,2,2,0.43471410870552063
9751,0,8,0.38041365146636963
9752,7,7,0.5705123543739319
9753,3,3,0.22610411047935486
9754,9,9,0.49730074405670166
9755,3,5,0.35286998748779297
9756,5,7,0.4253442585468292
9757,7,3,0.3146573007106781
9758,6,6,0.30749353766441345
9759,5,5,0.48451411724090576
9760,9,1,0.34217628836631775
9761,5,5,0.33192604780197144
9762,6,6,0.9382785558700562
9763,1,1,0.9526298642158508
9764,2,3,0.26443371176719666
9765,4,4,0.5735827088356018
9766,0,0,0.8758643865585327
9767,2,4,0.621946394443512
9768,7,7,0.911975622177124
9769,8,8,0.8177399635314941
9770,4,4,0.3123733699321747
9771,4,4,0.8789237141609192
9772,0,0,0.34119054675102234
9773,9,9,0.789332926273346
9774,5,2,0.23773036897182465
9775,9,9,0.9307712912559509
9776,2,2,0.41457539796829224
9777,9,9,0.5393363833427429
9778,3,3,0.5734162330627441
9779,2,4,0.32109910249710083
9780,4,6,0.38092753291130066
9781,3,5,0.48856696486473083
9782,2,2,0.186940535902977
9783,2,6,0.46032625436782837
9784,8,0,0.9285683035850525
9785,8,8,0.5211852788925171
9786,6,0,0.3062180280685425
9787,8,0,0.6349659562110901
9788,1,1,0.9445311427116394
9789,6,3,0.2882693409919739
9790,8,9,0.4417095184326172
9791,9,5,0.342570960521698
9792,8,9,0.3428114652633667
9793,2,5,0.3145628571510315
9794,1,6,0.2509591579437256
9795,4,2,0.4759365916252136
9796,9,1,0.8713041543960571
9797,1,9,0.70540452003479
9798,5,8,0.8013567924499512
9799,7,7,0.42543357610702515
9800,1,1,0.986212968826294
9801,6,3,0.4244089722633362
9802,0,0,0.9991014003753662
9803,1,1,0.9091699123382568
9804,5,3,0.38732895255088806
9805,2,0,0.47717589139938354
9806,8,8,0.9509081244468689
9807,1,9,0.5229911208152771
9808,1,1,0.815546989440918
9809,3,5,0.536781370639801
9810,8,8,0.4907373785972595
9811,1,1,0.6687151789665222
9812,3,8,0.8132753372192383
9813,1,1,0.8965281844139099
9814,8,8,0.9960100650787354
9815,5,2,0.47864648699760437
9816,1,8,0.691248893737793
9817,9,1,0.801895797252655
9818,0,0,0.5976567268371582
9819,3,5,0.517811119556427
9820,0,0,0.33759158849716187
9821,4,4,0.4711257517337799
9822,0,0,0.6979801654815674
9823,5,3,0.5978849530220032
9824,1,9,0.578866720199585
9825,2,2,0.5930089354515076
9826,0,0,0.8462735414505005
9827,4,2,0.5857407450675964
9828,9,9,0.824820876121521
9829,5,7,0.36399608850479126
9830,1,1,0.5491226315498352
9831,2,0,0.36596694588661194
9832,2,4,0.6006166934967041
9833,7,7,0.8360034227371216
9834,8,0,0.9136817455291748
9835,7,7,0.2927532494068146
9836,2,0,0.36565274000167847
9837,4,4,0.30581846833229065
9838,5,5,0.4697690010070801
9839,3,5,0.2672366201877594
9840,4,4,0.28529098629951477
9841,0,8,0.7982557415962219
9842,6,4,0.47034090757369995
9843,1,1,0.6333374381065369
9844,5,3,0.3593745827674866
9845,9,9,0.9585978984832764
9846,8,8,0.8491703867912292
9847,0,0,0.6248748302459717
9848,2,2,0.3631545901298523
9849,0,2,0.44522175192832947
9850,7,4,0.5583052039146423
9851,6,6,0.6462739706039429
9852,0,0,0.5267095565795898
9853,5,2,0.3577287197113037
9854,9,9,0.8676159381866455
9855,7,7,0.4591520428657532
9856,5,9,0.31611135601997375
9857,0,1,0.9606584310531616
9858,4,4,0.3344985246658325
9859,6,3,0.23096896708011627
9860,0,0,0.3276975750923157
9861,6,6,0.9562084078788757
9862,3,1,0.40302029252052307
9863,6,6,0.7693990468978882
9864,8,0,0.3526161313056946
9865,1,1,0.5910429954528809
9866,1,9,0.28848886489868164
9867,8,0,0.4312041699886322
9868,9,1,0.5733456611633301
9869,7,7,0.7955498695373535
9870,2,5,0.2526372969150543
9871,9,1,0.6256816387176514
9872,0,7,0.4282277822494507
9873,2,2,0.30992433428764343
9874,2,2,0.42913442850112915
9875,9,9,0.5077731609344482
9876,0,0,0.8121755719184875
9877,6,2,0.430178701877594
9878,5,2,0.5993552207946777
9879,7,7,0.28824666142463684
9880,7,3,0.26005932688713074
9881,9,1,0.946844220161438
9882,1,1,0.7186657786369324
9883,7,7,0.2451791912317276
9884,9,8,0.31635698676109314
9885,8,8,0.932888388633728
9886,4,4,0.6585128307342529
9887,5,5,0.4186563193798065
9888,0,2,0.45943260192871094
9889,8,8,0.4558584988117218
9890,0,0,0.9796746373176575
9891,2,3,0.32370588183403015
9892,5,5,0.26971668004989624
9893,2,4,0.3513723313808441
9894,1,1,0.7172899842262268
9895,4,2,0.3626093864440918
9896,4,6,0.5064700841903687
9897,8,8,0.959658145904541
9898,9,9,0.6569642424583435
9899,7,7,0.3944288492202759
9900,8,8,0.8760221004486084
9901,3,1,0.6283712387084961
9902,6,1,0.31594231724739075
9903,6,6,0.3328835964202881
9904,0,0,0.6894716024398804
9905,1,9,0.5878787636756897
9906,1,1,0.7706165313720703
9907,1,1,0.5895040035247803
9908,8,8,0.9639270305633545
9909,1,1,0.7030371427536011
9910,4,7,0.6198217272758484
9911,4,3,0.237040176987648
9912,0,0,0.5303605794906616
9913,7,7,0.6826807856559753
9914,8,8,0.7783055305480957
9915,2,2,0.7019743919372559
9916,1,1,0.5049975514411926
9917,2,2,0.32232072949409485
9918,5,7,0.2241044044494629
9919,4,2,0.5699767470359802
9920,6,6,0.6896043419837952
9921,0,0,0.903713047504425
9922,5,3,0.26574817299842834
9923,7,7,0.6056495904922485
9924,4,0,0.6442215442657471
9925,4,4,0.446106880903244
9926,3,2,0.3168785572052002
9927,9,9,0.8764642477035522
9928,5,3,0.353463351726532
9929,8,8,0.7955320477485657
9930,8,3,0.41343745589256287
9931,0,0,0.8090373873710632
9932,8,8,0.6882188320159912
9933,7,3,0.30459749698638916
9934,4,7,0.693888783454895
9935,1,1,0.749937891960144
9936,8,1,0.4958631992340088
9937,4,0,0.2896300256252289
9938,9,9,0.9158182144165039
9939,5,5,0.6606391668319702
9940,4,4,0.37075844407081604
9941,1,1,0.8973802924156189
9942,7,9,0.7146185636520386
9943,7,7,0.4245757460594177
9944,7,7,0.7508468627929688
9945,7,7,0.41571828722953796
9946,0,0,0.9707947969436646
9947,3,3,0.3934183418750763
9948,8,8,0.6187813878059387
9949,3,2,0.17821195721626282
9950,3,3,0.42243334650993347
9951,0,0,0.8626614809036255
9952,5,5,0.608132541179657
9953,7,7,0.5730408430099487
9954,0,0,0.40308240056037903
9955,8,8,0.9077063202857971
9956,0,0,0.7859641313552856
9957,0,9,0.5744379758834839
9958,9,9,0.6756165027618408
9959,2,2,0.36297714710235596
9960,2,0,0.9652364253997803
9961,3,3,0.7551507353782654
9962,4,2,0.5520846843719482
9963,8,8,0.7294405698776245
9964,2,8,0.30369633436203003
9965,2,2,0.44431185722351074
9966,6,4,0.33418622612953186
9967,3,6,0.46018776297569275
9968,3,5,0.4939696192741394
9969,6,9,0.6535889506340027
9970,2,4,0.35559898614883423
9971,9,9,0.9395880103111267
9972,4,6,0.3590344190597534
9973,0,8,0.7385250329971313
9974,1,1,0.6576643586158752
9975,7,7,0.7606252431869507
9976,5,5,0.4768229126930237
9977,5,5,0.4395790696144104
9978,7,4,0.7761691808700562
9979,3,3,0.3839355707168579
9980,0,0,0.9736331701278687
9981,4,7,0.6895614266395569
9982,2,4,0.31071266531944275
9983,0,8,0.27724650502204895
9984,7,7,0.356526643037796
9985,5,9,0.5985540747642517
9986,8,8,0.5582670569419861
9987,0,8,0.7531495094299316
9988,8,8,0.7950094938278198
9989,2,4,0.6360123753547668
9990,7,7,0.6179428100585938
9991,0,0,0.658839225769043
9992,3,5,0.5439004898071289
9993,5,3,0.48315128684043884
9994,3,6,0.6360340714454651
9995,8,3,0.4898446798324585
9996,3,6,0.3293044865131378
9997,5,5,0.6885669231414795
9998,1,1,0.5490062832832336
9999,7,7,0.5342891812324524
