test_id,true_label,predicted_label,confidence
0,49,12,0.07504769414663315
1,33,33,0.14626392722129822
2,72,15,0.11027753353118896
3,51,55,0.1839064061641693
4,71,71,0.616183340549469
5,92,38,0.11463403701782227
6,15,97,0.12014336884021759
7,14,78,0.24705307185649872
8,23,23,0.4383765459060669
9,0,83,0.3028023838996887
10,71,76,0.2547292411327362
11,75,93,0.1298856884241104
12,81,81,0.6909461617469788
13,69,69,0.597265899181366
14,40,40,0.4418676793575287
15,43,38,0.13420893251895905
16,92,92,0.41494616866111755
17,97,97,0.3578278422355652
18,70,70,0.4812070429325104
19,53,62,0.29555076360702515
20,70,10,0.24524536728858948
21,49,39,0.8126185536384583
22,75,95,0.14511919021606445
23,29,59,0.3578241169452667
24,21,21,0.847338855266571
25,16,16,0.5011867880821228
26,39,13,0.3075748383998871
27,8,8,0.4103507995605469
28,8,89,0.21013228595256805
29,70,98,0.2882503569126129
30,20,20,0.9829568862915039
31,61,61,0.6543754935264587
32,41,41,0.3538612425327301
33,93,73,0.2092110812664032
34,56,56,0.24796150624752045
35,73,67,0.11580508202314377
36,58,58,0.5407347083091736
37,11,35,0.3708112835884094
38,25,25,0.3523689806461334
39,37,17,0.29919278621673584
40,63,63,0.16414625942707062
41,24,55,0.1869785040616989
42,49,67,0.16532202064990997
43,73,73,0.31032803654670715
44,56,56,0.7953643798828125
45,22,22,0.7251397967338562
46,41,83,0.36002063751220703
47,58,58,0.2819455564022064
48,75,90,0.10050521045923233
49,17,9,0.09519342333078384
50,4,4,0.10459263622760773
51,6,6,0.3459891080856323
52,9,9,0.5376973748207092
53,57,4,0.07419795542955399
54,2,2,0.17852482199668884
55,32,51,0.12219157814979553
56,71,71,0.3762025237083435
57,52,52,0.6974042057991028
58,42,42,0.4110315144062042
59,69,30,0.5316479206085205
60,77,44,0.17805975675582886
61,27,27,0.30934929847717285
62,15,45,0.32028889656066895
63,65,27,0.11474839597940445
64,7,92,0.24251872301101685
65,35,53,0.21899385750293732
66,43,97,0.27599000930786133
67,82,14,0.1868492066860199
68,63,74,0.1875714659690857
69,92,84,0.21597395837306976
70,66,97,0.12616929411888123
71,90,37,0.23539233207702637
72,67,2,0.3361741602420807
73,91,58,0.3370058536529541
74,32,93,0.2255077362060547
75,32,11,0.1752833127975464
76,82,82,0.9844726920127869
77,10,10,0.41342559456825256
78,77,77,0.21203239262104034
79,22,61,0.9252674579620361
80,71,71,0.6457087397575378
81,78,36,0.1515522450208664
82,54,54,0.6311354637145996
83,6,6,0.5721762180328369
84,29,1,0.2381265014410019
85,89,89,0.3198825418949127
86,78,99,0.09318489581346512
87,33,90,0.25257056951522827
88,11,34,0.08447331935167313
89,67,73,0.2579196095466614
90,22,32,0.2089795023202896
91,18,80,0.11553735285997391
92,27,27,0.11299650371074677
93,21,46,0.3222593367099762
94,13,13,0.4300321936607361
95,21,31,0.15452119708061218
96,50,98,0.10832995176315308
97,75,7,0.450665146112442
98,37,68,0.7255223393440247
99,35,43,0.188127338886261
100,26,42,0.3478894829750061
101,83,53,0.4815346598625183
102,47,47,0.6456391215324402
103,95,39,0.19076696038246155
104,43,3,0.17551662027835846
105,69,69,0.8605849146842957
106,76,76,0.9314129948616028
107,17,17,0.5249421000480652
108,57,57,0.26045504212379456
109,59,76,0.3549043834209442
110,25,25,0.42000067234039307
111,20,20,0.6623474359512329
112,27,27,0.17186811566352844
113,0,0,0.3676499128341675
114,9,9,0.3567679226398468
115,71,60,0.35939016938209534
116,8,20,0.5493798851966858
117,43,43,0.49475905299186707
118,57,57,0.31056591868400574
119,56,56,0.9797415733337402
120,85,90,0.3621116578578949
121,10,84,0.17626596987247467
122,19,38,0.2358275055885315
123,92,62,0.4056074321269989
124,33,33,0.39434361457824707
125,20,5,0.15854884684085846
126,21,3,0.5437152981758118
127,50,88,0.09234925359487534
128,70,70,0.4085967540740967
129,46,64,0.15189489722251892
130,11,91,0.2889650762081146
131,16,16,0.8962082862854004
132,1,5,0.08590419590473175
133,74,74,0.11145642399787903
134,33,75,0.08281687647104263
135,91,91,0.9524649977684021
136,60,60,0.7582269906997681
137,64,97,0.12341351062059402
138,52,52,0.8587446212768555
139,23,23,0.8184897899627686
140,4,74,0.31409549713134766
141,11,11,0.7911547422409058
142,52,52,0.8896593451499939
143,37,89,0.07837587594985962
144,24,55,0.18548473715782166
145,95,30,0.5603312849998474
146,25,10,0.1560860276222229
147,39,39,0.2938815951347351
148,51,51,0.25131845474243164
149,58,90,0.058980945497751236
150,58,24,0.13347786664962769
151,77,8,0.12437030673027039
152,18,97,0.1684059500694275
153,59,60,0.1327538937330246
154,45,82,0.1861286461353302
155,66,63,0.2005745768547058
156,58,13,0.43023785948753357
157,20,5,0.5692849159240723
158,24,24,0.20781345665454865
159,4,74,0.09650880098342896
160,36,36,0.19330820441246033
161,8,84,0.1363845318555832
162,87,50,0.05088585615158081
163,10,40,0.3250851631164551
164,30,64,0.19028078019618988
165,47,47,0.3816276490688324
166,54,54,0.9504541754722595
167,99,32,0.16405992209911346
168,51,51,0.21774698793888092
169,83,83,0.5881993770599365
170,9,7,0.18843869864940643
171,37,70,0.12274091690778732
172,4,42,0.1521333009004593
173,83,16,0.1589733362197876
174,95,95,0.7995854616165161
175,83,53,0.13063479959964752
176,32,74,0.10198833048343658
177,73,23,0.15019673109054565
178,18,18,0.28968656063079834
179,40,40,0.4582790434360504
180,39,33,0.1449720412492752
181,64,15,0.33191388845443726
182,22,16,0.21724846959114075
183,80,65,0.10324858129024506
184,28,6,0.06764255464076996
185,28,38,0.25575965642929077
186,40,98,0.11917906254529953
187,95,95,0.2745389938354492
188,98,47,0.31473106145858765
189,83,45,0.2554527819156647
190,12,12,0.3628471791744232
191,24,7,0.40795668959617615
192,45,82,0.16647860407829285
193,13,83,0.4769779443740845
194,94,94,0.958400547504425
195,24,24,0.47527891397476196
196,58,90,0.30488908290863037
197,63,42,0.32974398136138916
198,7,7,0.27167534828186035
199,87,87,0.6874322891235352
200,6,6,0.3525577485561371
201,78,93,0.09769034385681152
202,68,68,0.41217362880706787
203,60,60,0.44070833921432495
204,6,6,0.282289057970047
205,23,23,0.4960322678089142
206,44,44,0.1911276876926422
207,31,31,0.5453045964241028
208,80,32,0.25670796632766724
209,93,59,0.31132811307907104
210,73,30,0.22477267682552338
211,98,98,0.23736539483070374
212,49,49,0.1219736635684967
213,90,33,0.13145053386688232
214,97,97,0.4242035448551178
215,59,42,0.055999793112277985
216,2,53,0.3088093400001526
217,67,30,0.3762931525707245
218,16,10,0.29739558696746826
219,81,81,0.27629536390304565
220,94,87,0.5232008695602417
221,27,68,0.13527366518974304
222,76,69,0.2159900814294815
223,77,3,0.10361115634441376
224,12,12,0.4571305513381958
225,18,67,0.1417091339826584
226,0,0,0.5946589708328247
227,76,37,0.28529176115989685
228,79,14,0.1217830553650856
229,71,71,0.44253823161125183
230,89,76,0.1409134864807129
231,57,57,0.4789005517959595
232,47,59,0.5239294767379761
233,24,24,0.5866832733154297
234,65,65,0.15374113619327545
235,0,70,0.4469064772129059
236,32,97,0.3610927164554596
237,36,43,0.21515485644340515
238,82,82,0.9946050047874451
239,31,31,0.3136586844921112
240,23,23,0.5070070624351501
241,24,24,0.9098801016807556
242,34,36,0.17548005282878876
243,21,72,0.18856342136859894
244,11,46,0.2176641821861267
245,53,62,0.30436235666275024
246,80,80,0.08001843839883804
247,44,91,0.10001684725284576
248,4,33,0.11354927718639374
249,39,86,0.1314435452222824
250,91,91,0.5015518069267273
251,16,13,0.22227787971496582
252,36,64,0.13882391154766083
253,68,31,0.08205004036426544
254,50,38,0.10743290930986404
255,97,66,0.15785525739192963
256,58,91,0.2039717435836792
257,31,75,0.18846352398395538
258,6,36,0.14088085293769836
259,42,43,0.13197164237499237
260,80,80,0.0924040898680687
261,76,73,0.3094594478607178
262,89,13,0.20116031169891357
263,55,55,0.11503838002681732
264,19,66,0.14657635986804962
265,91,54,0.2417924553155899
266,70,83,0.19525311887264252
267,1,1,0.3139621317386627
268,6,53,0.20203746855258942
269,62,89,0.1678398847579956
270,99,61,0.4059767425060272
271,51,51,0.2545287311077118
272,96,52,0.2721533179283142
273,83,57,0.1307654231786728
274,42,42,0.5131856799125671
275,18,1,0.21696975827217102
276,67,67,0.5873942971229553
277,66,43,0.3357800245285034
278,40,67,0.14961746335029602
279,62,62,0.48290565609931946
280,78,26,0.19176070392131805
281,84,87,0.4695218503475189
282,28,28,0.7392628192901611
283,89,85,0.48594731092453003
284,30,30,0.3935256004333496
285,66,38,0.07752213627099991
286,18,18,0.21657268702983856
287,38,80,0.0971575528383255
288,42,42,0.1702565848827362
289,92,34,0.1589708775281906
290,27,27,0.171775683760643
291,11,38,0.0816468819975853
292,86,21,0.15018755197525024
293,44,27,0.13111922144889832
294,96,96,0.22042316198349
295,12,12,0.7483177781105042
296,16,58,0.23274199664592743
297,67,67,0.0942649245262146
298,43,27,0.058807846158742905
299,89,48,0.3139145076274872
300,96,52,0.13820309937000275
301,12,9,0.28618115186691284
302,40,40,0.11723362654447556
303,7,7,0.15883752703666687
304,86,39,0.12520605325698853
305,77,44,0.10965386778116226
306,76,76,0.9913839101791382
307,31,29,0.108856700360775
308,18,28,0.09902045130729675
309,28,28,0.28355976939201355
310,19,46,0.2777429521083832
311,18,18,0.26503825187683105
312,41,41,0.9712509512901306
313,42,47,0.4887545108795166
314,43,65,0.14039264619350433
315,31,37,0.15324461460113525
316,93,74,0.11994298547506332
317,15,2,0.086234450340271
318,10,22,0.1880364716053009
319,8,8,0.934550940990448
320,37,81,0.2793877124786377
321,89,79,0.05696878582239151
322,32,97,0.21690820157527924
323,67,67,0.6034316420555115
324,12,37,0.1698603481054306
325,2,5,0.08841188251972198
326,19,54,0.09399008005857468
327,91,92,0.2134464979171753
328,94,94,0.15272989869117737
329,7,89,0.4937054216861725
330,71,71,0.4046848714351654
331,36,53,0.2212463915348053
332,61,32,0.2793600261211395
333,62,62,0.30502355098724365
334,5,23,0.1513902246952057
335,60,60,0.6744852662086487
336,45,67,0.4815511703491211
337,91,27,0.08154021203517914
338,34,97,0.3067789077758789
339,95,73,0.5807785987854004
340,9,61,0.27979111671447754
341,40,1,0.2703722417354584
342,68,68,0.711240291595459
343,62,62,0.5832294821739197
344,99,20,0.15525197982788086
345,66,64,0.22079621255397797
346,46,21,0.4278353452682495
347,7,24,0.2873661518096924
348,10,10,0.09083861857652664
349,10,88,0.1344248205423355
350,68,68,0.8149498701095581
351,34,34,0.23066404461860657
352,37,95,0.24287311732769012
353,58,89,0.2877140939235687
354,48,26,0.12998631596565247
355,40,40,0.2610916495323181
356,96,18,0.06650180369615555
357,14,42,0.21170485019683838
358,11,11,0.16993150115013123
359,66,97,0.31277158856391907
360,64,67,0.11316990852355957
361,39,39,0.1402939110994339
362,33,37,0.20090624690055847
363,94,94,0.8172242045402527
364,63,63,0.6485400795936584
365,10,61,0.3691243529319763
366,89,45,0.3697921931743622
367,92,54,0.9095721244812012
368,90,37,0.1243077889084816
369,65,90,0.11450020968914032
370,90,81,0.2925442159175873
371,33,33,0.7001379132270813
372,28,28,0.2517911195755005
373,29,56,0.2319425791501999
374,87,87,0.1871998906135559
375,86,39,0.15973509848117828
376,7,7,0.47519782185554504
377,0,0,0.6674641370773315
378,94,94,0.9895037412643433
379,11,35,0.07461295276880264
380,26,48,0.30881616473197937
381,6,14,0.10928896069526672
382,41,41,0.7621291875839233
383,21,38,0.10539843887090683
384,69,69,0.5141189694404602
385,27,78,0.08816717565059662
386,29,64,0.15181833505630493
387,67,30,0.384869784116745
388,85,85,0.6198210120201111
389,65,57,0.11817295104265213
390,40,72,0.12296821177005768
391,57,57,0.24439479410648346
392,72,32,0.11972444504499435
393,30,30,0.5056465864181519
394,74,6,0.5888836979866028
395,27,42,0.15429000556468964
396,3,26,0.12632839381694794
397,49,68,0.750797688961029
398,52,52,0.4786078631877899
399,95,72,0.21702328324317932
400,40,64,0.2070460021495819
401,93,59,0.23682640492916107
402,77,50,0.08117082715034485
403,91,71,0.2637270987033844
404,6,54,0.15400326251983643
405,57,1,0.2580679953098297
406,72,95,0.30192121863365173
407,16,16,0.36243486404418945
408,98,46,0.30272477865219116
409,89,8,0.165308877825737
410,40,40,0.3976522982120514
411,96,96,0.22554202377796173
412,71,71,0.663108766078949
413,3,29,0.1030474603176117
414,2,36,0.1267836093902588
415,66,66,0.2750515639781952
416,27,50,0.06981825083494186
417,8,59,0.20478202402591705
418,53,82,0.678188681602478
419,33,42,0.2630929946899414
420,55,3,0.12985791265964508
421,81,81,0.16849997639656067
422,88,80,0.10693168640136719
423,96,96,0.18732699751853943
424,68,71,0.7586579918861389
425,42,88,0.38925549387931824
426,77,63,0.23108594119548798
427,10,61,0.19742806255817413
428,27,66,0.11832083016633987
429,32,21,0.3031809329986572
430,79,67,0.0914664939045906
431,98,9,0.1739102154970169
432,18,23,0.2669001817703247
433,51,34,0.14259126782417297
434,2,11,0.14361649751663208
435,19,34,0.27269384264945984
436,31,90,0.14770618081092834
437,67,67,0.41717249155044556
438,36,64,0.4124161899089813
439,10,32,0.21621258556842804
440,16,86,0.2910152077674866
441,5,35,0.1440720111131668
442,81,29,0.1033267080783844
443,85,85,0.2336701601743698
444,26,6,0.4252656102180481
445,85,58,0.6109799146652222
446,65,63,0.13137181103229523
447,22,26,0.191579669713974
448,55,32,0.14990286529064178
449,85,75,0.1486530750989914
450,22,32,0.14238746464252472
451,22,98,0.22322668135166168
452,10,10,0.34566453099250793
453,18,80,0.09510189294815063
454,98,57,0.09053824841976166
455,9,86,0.3480440080165863
456,26,38,0.3154543340206146
457,27,51,0.30675822496414185
458,7,7,0.17200489342212677
459,5,65,0.09742199629545212
460,58,81,0.10971181094646454
461,87,87,0.9627773761749268
462,76,73,0.28434276580810547
463,2,86,0.25170034170150757
464,54,14,0.35682740807533264
465,38,44,0.10258398950099945
466,33,96,0.25692370533943176
467,17,17,0.35477423667907715
468,6,6,0.6437596082687378
469,0,0,0.29843106865882874
470,79,18,0.10668307542800903
471,97,78,0.11467111110687256
472,14,77,0.09855181723833084
473,14,7,0.2527780532836914
474,73,26,0.09031594544649124
475,79,54,0.3588356673717499
476,8,33,0.12742586433887482
477,42,8,0.23866833746433258
478,4,77,0.23613284528255463
479,25,87,0.19933530688285828
480,37,76,0.20700809359550476
481,75,75,0.9510083794593811
482,74,61,0.15296220779418945
483,41,66,0.0779557004570961
484,0,0,0.9275186061859131
485,99,67,0.5127871632575989
486,79,6,0.10889123380184174
487,87,87,0.1816241443157196
488,67,73,0.31328049302101135
489,72,21,0.14718957245349884
490,38,43,0.11149194836616516
491,25,94,0.31495219469070435
492,49,60,0.6783413887023926
493,3,98,0.13484013080596924
494,74,74,0.23570653796195984
495,69,38,0.13069485127925873
496,36,36,0.295134037733078
497,77,19,0.152324840426445
498,89,89,0.43574509024620056
499,71,71,0.5665230751037598
500,31,45,0.14095184206962585
501,50,65,0.12412550300359726
502,90,89,0.24243590235710144
503,11,11,0.160375714302063
504,2,64,0.06570930778980255
505,41,41,0.9652996063232422
506,38,31,0.16001321375370026
507,58,58,0.5457824468612671
508,47,47,0.9684406518936157
509,93,95,0.30418989062309265
510,68,68,0.9502007365226746
511,11,11,0.3769063949584961
512,35,99,0.14501717686653137
513,67,99,0.10090585798025131
514,54,54,0.4641166627407074
515,53,53,0.17108510434627533
516,30,73,0.41969361901283264
517,36,36,0.3403097689151764
518,83,62,0.5098124146461487
519,54,54,0.6351494193077087
520,64,38,0.1310296356678009
521,46,39,0.11696764826774597
522,45,66,0.1046382486820221
523,98,72,0.09353704005479813
524,62,62,0.511445939540863
525,46,10,0.08041982352733612
526,95,30,0.2975376546382904
527,88,50,0.10775312036275864
528,37,43,0.16447536647319794
529,18,18,0.22186610102653503
530,29,56,0.2980058193206787
531,63,63,0.4728032648563385
532,8,8,0.1728583574295044
533,33,65,0.2203528732061386
534,35,45,0.13925990462303162
535,6,99,0.10925348848104477
536,76,76,0.6717768311500549
537,19,91,0.15640848875045776
538,99,39,0.18467776477336884
539,53,53,0.4591720700263977
540,15,77,0.11480836570262909
541,57,77,0.09571487456560135
542,2,36,0.5769351720809937
543,27,42,0.10206945240497589
544,27,23,0.10813269019126892
545,93,67,0.21018852293491364
546,81,84,0.11194230616092682
547,54,54,0.36250877380371094
548,71,68,0.4985716640949249
549,26,7,0.24537606537342072
550,25,33,0.4906865656375885
551,35,35,0.220193549990654
552,30,95,0.26655176281929016
553,72,49,0.12317845970392227
554,8,66,0.17319431900978088
555,42,42,0.2618573009967804
556,62,62,0.5179135799407959
557,56,29,0.32698854804039
558,78,36,0.16669057309627533
559,47,1,0.20589835941791534
560,73,64,0.1496535688638687
561,43,63,0.2101312130689621
562,20,20,0.43566352128982544
563,83,62,0.42662790417671204
564,63,33,0.17695938050746918
565,49,59,0.2909603416919708
566,28,61,0.38356608152389526
567,26,45,0.4049764573574066
568,45,88,0.24230989813804626
569,36,80,0.11479868739843369
570,36,1,0.29555773735046387
571,68,68,0.9072372913360596
572,1,48,0.29883110523223877
573,2,2,0.4025837182998657
574,99,44,0.1037340983748436
575,9,76,0.26663535833358765
576,65,22,0.15353722870349884
577,38,38,0.2681726813316345
578,58,81,0.10851462185382843
579,96,67,0.7629144191741943
580,38,63,0.07581456750631332
581,87,87,0.13158009946346283
582,82,6,0.17815957963466644
583,22,22,0.24465225636959076
584,83,0,0.33922097086906433
585,41,41,0.9568629860877991
586,7,54,0.4577207565307617
587,12,42,0.1273057907819748
588,10,10,0.23301546275615692
589,35,43,0.1812039017677307
590,44,44,0.16256068646907806
591,81,13,0.207662895321846
592,91,91,0.9600188136100769
593,56,56,0.9103653430938721
594,9,9,0.2869516611099243
595,24,24,0.6228845715522766
596,3,7,0.08051042258739471
597,30,30,0.3000594973564148
598,1,1,0.4609328806400299
599,39,39,0.2972557842731476
600,98,86,0.2593036890029907
601,72,30,0.23596063256263733
602,83,57,0.15414445102214813
603,80,22,0.29376453161239624
604,43,43,0.6333984732627869
605,84,88,0.14741143584251404
606,66,88,0.20099040865898132
607,4,45,0.3786497116088867
608,64,50,0.17172057926654816
609,77,51,0.18457582592964172
610,98,11,0.21760065853595734
611,82,82,0.7392938137054443
612,81,81,0.5985146760940552
613,20,20,0.8665587902069092
614,0,70,0.36423271894454956
615,48,48,0.877106785774231
616,46,64,0.2857365012168884
617,33,33,0.32150575518608093
618,22,61,0.6121402382850647
619,13,5,0.2624692916870117
620,17,17,0.5387375950813293
621,39,14,0.3296468257904053
622,76,76,0.43359190225601196
623,0,92,0.4346330463886261
624,17,85,0.1268359273672104
625,64,38,0.0797613337635994
626,48,48,0.5097405314445496
627,90,46,0.23074930906295776
628,93,32,0.10930614173412323
629,82,82,0.8003764748573303
630,75,64,0.10098885744810104
631,96,33,0.24530357122421265
632,97,97,0.5110803842544556
633,3,32,0.15942570567131042
634,83,62,0.4532619118690491
635,60,68,0.35739666223526
636,61,61,0.6484627723693848
637,32,32,0.26538607478141785
638,26,10,0.3901585340499878
639,84,84,0.2792433202266693
640,41,59,0.2733594477176666
641,12,21,0.4258798062801361
642,85,85,0.5619526505470276
643,12,56,0.36429527401924133
644,8,8,0.23258931934833527
645,82,82,0.2010151892900467
646,72,10,0.10614518076181412
647,94,94,0.9251049160957336
648,7,3,0.14353527128696442
649,22,81,0.27150049805641174
650,15,35,0.0858868956565857
651,66,22,0.18828605115413666
652,89,89,0.2939195930957794
653,97,80,0.09179769456386566
654,19,29,0.1839902400970459
655,0,5,0.19856597483158112
656,19,84,0.13241679966449738
657,5,25,0.21362550556659698
658,56,51,0.14272455871105194
659,36,97,0.24510818719863892
660,45,20,0.13976864516735077
661,1,48,0.47791093587875366
662,94,94,0.42279109358787537
663,66,80,0.10962442308664322
664,86,94,0.19076015055179596
665,82,82,0.9847187399864197
666,17,12,0.24593085050582886
667,64,63,0.19054917991161346
668,99,88,0.26548126339912415
669,34,28,0.18182118237018585
670,30,79,0.1601235270500183
671,73,73,0.4790557324886322
672,83,83,0.5343201756477356
673,6,55,0.1291309893131256
674,1,10,0.1523323357105255
675,28,28,0.6875565052032471
676,77,77,0.17376437783241272
677,91,91,0.9106083512306213
678,74,88,0.11695189774036407
679,68,68,0.42946985363960266
680,14,1,0.18598857522010803
681,14,14,0.9004812836647034
682,1,54,0.5570410490036011
683,92,16,0.15167036652565002
684,97,97,0.5759851336479187
685,45,42,0.24896104633808136
686,7,14,0.20404374599456787
687,21,21,0.3553082346916199
688,37,49,0.2633431553840637
689,32,72,0.09322597086429596
690,73,30,0.2968994379043579
691,88,88,0.11300712823867798
692,86,86,0.7403464913368225
693,92,62,0.5836521983146667
694,14,3,0.18643726408481598
695,86,21,0.13131071627140045
696,74,74,0.22148680686950684
697,25,20,0.6166198253631592
698,93,73,0.5276132225990295
699,78,7,0.2791934609413147
700,77,98,0.09439994394779205
701,88,33,0.08620572090148926
702,42,63,0.1361018866300583
703,10,91,0.49227064847946167
704,65,79,0.1743386834859848
705,26,50,0.17210382223129272
706,31,64,0.06169931963086128
707,85,55,0.15712876617908478
708,78,45,0.7413879632949829
709,29,81,0.17964883148670197
710,32,32,0.2896215617656708
711,81,56,0.10815353691577911
712,97,97,0.5338923931121826
713,1,1,0.5973737835884094
714,82,82,0.9025206565856934
715,0,83,0.35670602321624756
716,21,7,0.18394479155540466
717,15,19,0.19286389648914337
718,56,96,0.4006778597831726
719,57,57,0.410244345664978
720,97,97,0.10716758668422699
721,76,76,0.8704838156700134
722,60,53,0.3930036127567291
723,87,41,0.16622167825698853
724,46,11,0.2460383027791977
725,1,67,0.485424667596817
726,61,22,0.40451115369796753
727,75,75,0.39514267444610596
728,62,62,0.5615310668945312
729,21,19,0.14585183560848236
730,61,22,0.5341390371322632
731,78,6,0.22230783104896545
732,90,87,0.08204197138547897
733,68,12,0.7245585918426514
734,94,94,0.8785938620567322
735,88,43,0.2937385141849518
736,95,30,0.16244842112064362
737,3,38,0.13265785574913025
738,83,53,0.5630566477775574
739,32,32,0.2003984898328781
740,93,30,0.129757359623909
741,77,24,0.19295436143875122
742,38,43,0.25188976526260376
743,63,65,0.10383028537034988
744,61,10,0.23766449093818665
745,41,41,0.41885969042778015
746,88,29,0.1957612931728363
747,83,13,0.28231555223464966
748,35,61,0.21222172677516937
749,82,82,0.7656093835830688
750,50,74,0.36777573823928833
751,15,9,0.44119173288345337
752,48,45,0.26475271582603455
753,25,62,0.3306979537010193
754,4,63,0.14994634687900543
755,71,71,0.4445320963859558
756,8,33,0.14787352085113525
757,98,84,0.14635252952575684
758,67,10,0.22514045238494873
759,7,24,0.436326801776886
760,85,56,0.23141621053218842
761,25,25,0.4109085202217102
762,96,96,0.22037498652935028
763,60,71,0.3751530349254608
764,55,2,0.07506190240383148
765,80,97,0.1474713683128357
766,13,82,0.31511521339416504
767,90,81,0.4143591523170471
768,54,54,0.6642656922340393
769,15,56,0.19603277742862701
770,76,76,0.8385288119316101
771,39,84,0.11100601404905319
772,95,95,0.32166731357574463
773,24,24,0.7264457941055298
774,7,7,0.2947407364845276
775,64,64,0.2605832815170288
776,70,70,0.47027114033699036
777,88,42,0.15979990363121033
778,81,81,0.2488584667444229
779,0,70,0.533647894859314
780,12,68,0.23386667668819427
781,64,72,0.15056756138801575
782,31,18,0.14242379367351532
783,79,79,0.283548504114151
784,86,86,0.7659280300140381
785,60,60,0.5931216478347778
786,22,22,0.9002618789672852
787,38,93,0.08173717558383942
788,82,82,0.8982362151145935
789,14,45,0.09929171949625015
790,48,48,0.8362166285514832
791,33,33,0.1470574289560318
792,55,3,0.11081594973802567
793,53,57,0.17067058384418488
794,40,99,0.14789822697639465
795,1,73,0.13752977550029755
796,58,13,0.27112460136413574
797,94,94,0.5946296453475952
798,70,62,0.6854464411735535
799,29,27,0.1676635891199112
800,86,10,0.4143029451370239
801,23,23,0.15786240994930267
802,46,46,0.37908735871315
803,58,89,0.3958441913127899
804,99,40,0.20195743441581726
805,78,78,0.17442162334918976
806,10,22,0.344798743724823
807,53,53,0.5727823972702026
808,37,37,0.2983529567718506
809,97,43,0.1947712004184723
810,65,36,0.3682069480419159
811,15,17,0.16244623064994812
812,77,53,0.31040048599243164
813,52,52,0.32662439346313477
814,63,77,0.16665971279144287
815,32,93,0.4816191792488098
816,6,6,0.4409686326980591
817,36,36,0.7119754552841187
818,6,82,0.16699430346488953
819,7,7,0.5310052633285522
820,36,42,0.18277929723262787
821,74,4,0.20629172027111053
822,13,81,0.2752813994884491
823,22,9,0.11280281841754913
824,32,23,0.17352214455604553
825,54,5,0.0764099732041359
826,62,62,0.22816486656665802
827,84,99,0.11036142706871033
828,57,36,0.09549500793218613
829,25,67,0.1730157881975174
830,11,11,0.6228026747703552
831,62,62,0.292555570602417
832,85,90,0.143794447183609
833,31,7,0.1763220578432083
834,26,26,0.3706851303577423
835,16,76,0.21705463528633118
836,96,76,0.7140900492668152
837,71,71,0.40436840057373047
838,90,76,0.2523231506347656
839,39,8,0.1116565465927124
840,20,88,0.1377338320016861
841,47,47,0.5983017683029175
842,35,98,0.582979142665863
843,19,31,0.21860410273075104
844,52,29,0.1861935555934906
845,66,74,0.18926893174648285
846,32,46,0.255154013633728
847,53,72,0.12506920099258423
848,53,53,0.38616281747817993
849,21,43,0.25387030839920044
850,98,20,0.22328919172286987
851,6,6,0.8764780163764954
852,88,77,0.1576048731803894
853,71,23,0.5009495615959167
854,45,97,0.20197993516921997
855,98,1,0.31662580370903015
856,55,55,0.08726953715085983
857,99,61,0.12837329506874084
858,24,24,0.5008532404899597
859,93,93,0.10163403302431107
860,67,99,0.07389946281909943
861,33,96,0.6428442001342773
862,16,16,0.7012346982955933
863,33,1,0.14136166870594025
864,9,76,0.20823368430137634
865,10,5,0.11477405577898026
866,46,36,0.17132769525051117
867,68,68,0.8801431059837341
868,24,7,0.4521404504776001
869,96,53,0.3207274377346039
870,22,99,0.15346457064151764
871,40,33,0.10834146291017532
872,63,34,0.20869916677474976
873,53,53,0.8928350806236267
874,10,92,0.11795427650213242
875,14,45,0.18563055992126465
876,41,18,0.06304602324962616
877,77,24,0.5089284181594849
878,54,70,0.5875275731086731
879,84,88,0.08225728571414948
880,20,26,0.10700314491987228
881,29,26,0.46702584624290466
882,76,76,0.17744067311286926
883,36,34,0.33225759863853455
884,1,70,0.2212672084569931
885,26,26,0.5855618715286255
886,99,74,0.1375156193971634
887,2,2,0.5862669348716736
888,96,33,0.40031278133392334
889,69,69,0.8607496023178101
890,36,2,0.14294801652431488
891,18,65,0.08486901223659515
892,90,49,0.2624553442001343
893,66,66,0.25755226612091064
894,52,47,0.6116482615470886
895,37,81,0.21029861271381378
896,99,73,0.11712164431810379
897,97,77,0.08101906627416611
898,12,49,0.24588517844676971
899,55,27,0.23527252674102783
900,15,75,0.1777675300836563
901,85,43,0.14175467193126678
902,15,76,0.4518579840660095
903,16,9,0.33651643991470337
904,33,18,0.2604377269744873
905,99,10,0.41913938522338867
906,80,9,0.25686904788017273
907,28,28,0.3070312738418579
908,69,73,0.47324877977371216
909,51,51,0.1401280164718628
910,72,64,0.08342411369085312
911,39,39,0.1716480404138565
912,8,8,0.4537319839000702
913,56,56,0.33560696244239807
914,59,52,0.5325589179992676
915,15,64,0.18127332627773285
916,21,98,0.3545626103878021
917,77,27,0.08006732165813446
918,45,78,0.13574668765068054
919,21,38,0.10549306124448776
920,80,1,0.1869828999042511
921,89,89,0.24198324978351593
922,37,13,0.2828822433948517
923,48,48,0.21526159346103668
924,47,56,0.14002875983715057
925,56,82,0.22658200562000275
926,65,65,0.13335196673870087
927,96,17,0.17623615264892578
928,14,57,0.24367131292819977
929,52,63,0.2195989489555359
930,2,11,0.1791083663702011
931,60,71,0.5567185282707214
932,9,24,0.12557366490364075
933,68,68,0.6472322344779968
934,22,22,0.11135035008192062
935,23,99,0.18260298669338226
936,44,96,0.0695677176117897
937,19,4,0.10793745517730713
938,54,46,0.0655205175280571
939,97,97,0.5866585969924927
940,23,23,0.4991675317287445
941,54,54,0.4423031210899353
942,62,62,0.5941844582557678
943,56,69,0.2144114077091217
944,23,23,0.3697799742221832
945,42,88,0.1741138994693756
946,81,72,0.10112278163433075
947,66,43,0.09426088631153107
948,87,87,0.15822088718414307
949,47,47,0.2569541037082672
950,47,59,0.23068347573280334
951,45,99,0.18087269365787506
952,42,42,0.4933052957057953
953,51,51,0.24601319432258606
954,10,10,0.15256747603416443
955,35,54,0.10005819797515869
956,68,71,0.5589080452919006
957,13,13,0.13907890021800995
958,55,30,0.2768104076385498
959,34,34,0.172064870595932
960,74,80,0.20170393586158752
961,47,47,0.362824946641922
962,40,93,0.1655672788619995
963,51,43,0.15590175986289978
964,6,6,0.21961486339569092
965,3,72,0.15985222160816193
966,76,76,0.7789382934570312
967,52,52,0.7226294875144958
968,53,62,0.4337293207645416
969,34,34,0.4261884391307831
970,60,60,0.9231544137001038
971,63,63,0.29429376125335693
972,28,10,0.40804600715637207
973,24,24,0.3674432337284088
974,36,67,0.11823546886444092
975,69,69,0.7372270226478577
976,82,59,0.14490064978599548
977,90,90,0.3512314558029175
978,70,70,0.5020513534545898
979,75,1,0.11141337454319
980,77,35,0.21076713502407074
981,43,43,0.36619871854782104
982,43,43,0.6671857833862305
983,78,99,0.09032785147428513
984,81,31,0.09198883920907974
985,80,41,0.09099268168210983
986,66,97,0.07391121983528137
987,35,35,0.3511494994163513
988,84,23,0.09664972126483917
989,21,98,0.5408169627189636
990,49,49,0.818860650062561
991,96,33,0.6090400815010071
992,15,15,0.1721014678478241
993,37,37,0.12855210900306702
994,2,45,0.28646305203437805
995,89,93,0.07183375954627991
996,36,34,0.1937217116355896
997,9,76,0.5022349953651428
998,53,53,0.6381492018699646
999,91,91,0.5052621960639954
1000,65,65,0.1194695383310318
1001,67,23,0.30098724365234375
1002,94,94,0.7969345450401306
1003,40,92,0.12794847786426544
1004,72,19,0.2022540420293808
1005,90,5,0.3048533797264099
1006,86,24,0.2956829071044922
1007,85,1,0.20159800350666046
1008,30,30,0.6298602223396301
1009,92,92,0.19891461730003357
1010,25,62,0.3012542724609375
1011,60,34,0.12046591192483902
1012,2,87,0.06961511820554733
1013,29,29,0.13618169724941254
1014,0,70,0.17415636777877808
1015,9,9,0.4622647166252136
1016,37,37,0.15498456358909607
1017,1,64,0.11129999905824661
1018,50,36,0.10101122409105301
1019,90,18,0.13492053747177124
1020,27,63,0.18609333038330078
1021,52,52,0.6098145246505737
1022,36,43,0.27226436138153076
1023,48,89,0.606778621673584
1024,71,23,0.5391775965690613
1025,12,81,0.3235451579093933
1026,97,97,0.3638557195663452
1027,0,0,0.9517603516578674
1028,3,21,0.34211406111717224
1029,41,41,0.3033439815044403
1030,21,21,0.5331258773803711
1031,16,16,0.3986627161502838
1032,51,45,0.18513399362564087
1033,72,75,0.11342642456293106
1034,13,13,0.4436655342578888
1035,63,38,0.27185702323913574
1036,81,48,0.10315818339586258
1037,73,67,0.2731896936893463
1038,55,32,0.12372878938913345
1039,30,73,0.4265613555908203
1040,28,56,0.1965598613023758
1041,10,22,0.362776517868042
1042,84,82,0.17581041157245636
1043,8,89,0.1512579470872879
1044,6,26,0.18471109867095947
1045,9,57,0.23293624818325043
1046,93,30,0.06981278210878372
1047,2,35,0.1692264825105667
1048,78,66,0.12857253849506378
1049,26,1,0.3674218952655792
1050,16,20,0.28818002343177795
1051,17,17,0.40011274814605713
1052,39,80,0.13569426536560059
1053,67,67,0.33560219407081604
1054,20,24,0.6206082105636597
1055,3,72,0.09952906519174576
1056,81,22,0.2208804339170456
1057,26,4,0.1050938218832016
1058,96,17,0.13966785371303558
1059,45,26,0.16478446125984192
1060,15,31,0.29967445135116577
1061,29,45,0.11974178999662399
1062,57,57,0.2089644968509674
1063,60,49,0.19928078353405
1064,49,60,0.39418768882751465
1065,36,36,0.4071897864341736
1066,23,23,0.5467067956924438
1067,63,80,0.12923842668533325
1068,72,85,0.12133269757032394
1069,19,19,0.46540918946266174
1070,41,11,0.1387007087469101
1071,55,19,0.11270304024219513
1072,26,70,0.10002386569976807
1073,25,86,0.37480825185775757
1074,49,17,0.4249926209449768
1075,28,23,0.23303842544555664
1076,20,20,0.4534004330635071
1077,33,52,0.18076540529727936
1078,7,7,0.8945904970169067
1079,45,95,0.15933583676815033
1080,7,88,0.16930893063545227
1081,89,48,0.44966554641723633
1082,1,1,0.6889705061912537
1083,90,90,0.20849423110485077
1084,42,33,0.12609225511550903
1085,15,38,0.11612610518932343
1086,23,23,0.49383747577667236
1087,93,73,0.48176905512809753
1088,96,96,0.3031063973903656
1089,59,52,0.26640093326568604
1090,29,29,0.23037368059158325
1091,29,29,0.23403625190258026
1092,75,58,0.1894301027059555
1093,93,93,0.7537398338317871
1094,8,17,0.13359220325946808
1095,70,45,0.1060866266489029
1096,48,48,0.8429993391036987
1097,82,53,0.31938090920448303
1098,84,40,0.14105044305324554
1099,81,68,0.158753901720047
1100,72,18,0.11191011965274811
1101,38,44,0.10611770302057266
1102,80,80,0.10700959712266922
1103,63,63,0.2589316666126251
1104,76,76,0.9557206034660339
1105,4,33,0.2662629783153534
1106,54,39,0.3193584084510803
1107,60,23,0.4330127239227295
1108,1,19,0.14239086210727692
1109,49,49,0.7354179620742798
1110,1,1,0.43640390038490295
1111,92,54,0.2615262269973755
1112,77,36,0.2603045701980591
1113,30,73,0.2970489263534546
1114,98,98,0.19482868909835815
1115,62,82,0.2600151002407074
1116,25,25,0.1656716763973236
1117,26,47,0.22238583862781525
1118,55,64,0.16859321296215057
1119,25,25,0.06542951613664627
1120,21,72,0.11666495352983475
1121,25,88,0.18013019859790802
1122,82,1,0.6604384779930115
1123,80,80,0.14077049493789673
1124,19,84,0.14495594799518585
1125,93,64,0.08592532575130463
1126,35,35,0.18999983370304108
1127,61,22,0.24208076298236847
1128,81,85,0.07486753910779953
1129,69,49,0.44957754015922546
1130,9,9,0.4395309090614319
1131,91,91,0.23287121951580048
1132,96,47,0.26097381114959717
1133,34,44,0.12208734452724457
1134,23,25,0.150252103805542
1135,9,9,0.19206608831882477
1136,0,0,0.9238798022270203
1137,28,62,0.5310401916503906
1138,51,62,0.3081904351711273
1139,91,44,0.16488642990589142
1140,65,97,0.13833709061145782
1141,33,36,0.1581043154001236
1142,5,61,0.19762946665287018
1143,13,32,0.13998040556907654
1144,52,52,0.8914163112640381
1145,58,13,0.14035670459270477
1146,65,15,0.137040913105011
1147,32,70,0.19769109785556793
1148,37,17,0.3476952612400055
1149,63,74,0.44987618923187256
1150,61,61,0.30518388748168945
1151,19,15,0.6144624948501587
1152,2,46,0.2918371260166168
1153,49,30,0.23288463056087494
1154,64,64,0.1253211796283722
1155,58,58,0.8935365676879883
1156,93,27,0.10721926391124725
1157,62,62,0.6473057866096497
1158,52,52,0.7921169400215149
1159,53,61,0.3250751197338104
1160,41,89,0.2358083873987198
1161,33,33,0.2627266049385071
1162,84,97,0.09318113327026367
1163,22,25,0.2188260704278946
1164,67,61,0.30753129720687866
1165,44,77,0.18221382796764374
1166,95,56,0.191066712141037
1167,24,24,0.4009738266468048
1168,46,85,0.1761467307806015
1169,98,6,0.1097942367196083
1170,31,37,0.26419559121131897
1171,83,92,0.26159727573394775
1172,16,10,0.08905967324972153
1173,2,2,0.5006237030029297
1174,47,59,0.4773233234882355
1175,51,46,0.2275688648223877
1176,3,72,0.14088334143161774
1177,18,18,0.1337459236383438
1178,60,60,0.95750492811203
1179,38,66,0.17548054456710815
1180,95,23,0.2051641196012497
1181,89,88,0.15664277970790863
1182,11,88,0.24149121344089508
1183,63,21,0.20333799719810486
1184,15,77,0.1377028077840805
1185,49,73,0.43159228563308716
1186,63,63,0.29017725586891174
1187,85,89,0.3156034052371979
1188,12,37,0.16996102035045624
1189,38,67,0.12728729844093323
1190,66,66,0.09196361154317856
1191,99,45,0.3319034278392792
1192,72,74,0.18669989705085754
1193,83,53,0.6138334274291992
1194,12,12,0.3846205770969391
1195,93,56,0.1326996088027954
1196,51,42,0.27201345562934875
1197,21,46,0.13108181953430176
1198,47,52,0.4862194061279297
1199,21,21,0.2314959019422531
1200,43,35,0.14195457100868225
1201,77,65,0.09068527817726135
1202,55,74,0.117678202688694
1203,36,22,0.18167303502559662
1204,57,91,0.2360607087612152
1205,69,56,0.11366268247365952
1206,5,5,0.3512747883796692
1207,29,59,0.18769027292728424
1208,41,11,0.11653590947389603
1209,14,39,0.19233235716819763
1210,41,41,0.5576640367507935
1211,77,51,0.17361196875572205
1212,58,91,0.6073436737060547
1213,60,60,0.9426841735839844
1214,45,26,0.6277391910552979
1215,88,61,0.7000850439071655
1216,19,76,0.5039950013160706
1217,19,31,0.553041398525238
1218,48,45,0.1155228391289711
1219,5,23,0.19730335474014282
1220,81,37,0.18378528952598572
1221,69,79,0.17758892476558685
1222,77,91,0.16480377316474915
1223,60,23,0.5746487379074097
1224,88,29,0.10128625482320786
1225,92,62,0.6095056533813477
1226,31,31,0.3684578239917755
1227,34,97,0.14946986734867096
1228,36,36,0.4055481553077698
1229,30,30,0.46775296330451965
1230,64,80,0.20178046822547913
1231,82,82,0.5805647373199463
1232,88,96,0.10697619616985321
1233,7,66,0.4217941462993622
1234,38,65,0.09572514146566391
1235,57,43,0.13915550708770752
1236,92,54,0.31071028113365173
1237,23,53,0.41546308994293213
1238,11,46,0.26775801181793213
1239,41,45,0.17935092747211456
1240,38,7,0.30420586466789246
1241,90,32,0.11488690227270126
1242,76,17,0.125102236866951
1243,28,9,0.22230876982212067
1244,24,24,0.7515923976898193
1245,6,6,0.5119339227676392
1246,84,28,0.11550707370042801
1247,76,49,0.20347295701503754
1248,88,43,0.21180112659931183
1249,28,40,0.25429022312164307
1250,98,46,0.33601048588752747
1251,96,96,0.5026251077651978
1252,93,55,0.09412514418363571
1253,64,35,0.2789812684059143
1254,45,42,0.13034164905548096
1255,54,54,0.7675946354866028
1256,26,22,0.25473299622535706
1257,79,33,0.5526590943336487
1258,70,70,0.42240047454833984
1259,46,36,0.31750598549842834
1260,89,89,0.6249352097511292
1261,89,90,0.26625412702560425
1262,64,67,0.1278267353773117
1263,93,26,0.07189861685037613
1264,39,39,0.26000046730041504
1265,53,53,0.8035883903503418
1266,36,74,0.3124644458293915
1267,50,63,0.12436393648386002
1268,56,56,0.37352314591407776
1269,84,84,0.15800242125988007
1270,46,54,0.24199266731739044
1271,13,85,0.3129694163799286
1272,5,81,0.29173484444618225
1273,51,51,0.26971039175987244
1274,5,5,0.4815106987953186
1275,56,56,0.5518859028816223
1276,68,33,0.14901676774024963
1277,70,45,0.09685792773962021
1278,92,92,0.21548046171665192
1279,93,95,0.28988879919052124
1280,28,69,0.5584218502044678
1281,18,19,0.1808706521987915
1282,37,34,0.06438758969306946
1283,50,64,0.09850554168224335
1284,81,89,0.15286600589752197
1285,67,73,0.33322250843048096
1286,41,41,0.8740448355674744
1287,35,42,0.1439666748046875
1288,99,39,0.1967255175113678
1289,41,41,0.9216998815536499
1290,79,24,0.3150123953819275
1291,90,12,0.2958497107028961
1292,59,56,0.38994741439819336
1293,59,59,0.18386267125606537
1294,35,35,0.3186171054840088
1295,16,97,0.2176491618156433
1296,17,56,0.28664782643318176
1297,64,97,0.2047048658132553
1298,90,90,0.06674908101558685
1299,96,62,0.22091636061668396
1300,3,97,0.17842240631580353
1301,88,80,0.137900248169899
1302,3,3,0.588250458240509
1303,45,20,0.39238259196281433
1304,0,70,0.29620352387428284
1305,68,74,0.1272425651550293
1306,33,33,0.3591174781322479
1307,49,30,0.13299408555030823
1308,0,0,0.3667716085910797
1309,18,18,0.22737786173820496
1310,22,1,0.2083897739648819
1311,72,72,0.15497519075870514
1312,4,42,0.10352300107479095
1313,66,88,0.11908651143312454
1314,5,16,0.24514681100845337
1315,46,51,0.3793639540672302
1316,79,6,0.4437761902809143
1317,70,70,0.297520250082016
1318,9,9,0.3429616391658783
1319,49,92,0.13196609914302826
1320,34,6,0.1661398708820343
1321,48,48,0.15375873446464539
1322,71,60,0.5321740508079529
1323,37,31,0.14954935014247894
1324,42,8,0.2391558587551117
1325,6,7,0.15585440397262573
1326,91,91,0.5563634037971497
1327,58,13,0.38802671432495117
1328,42,21,0.18776291608810425
1329,17,38,0.17344488203525543
1330,1,70,0.38747066259384155
1331,5,25,0.15015126764774323
1332,65,65,0.20485995709896088
1333,5,58,0.19434954226016998
1334,38,15,0.3597375750541687
1335,47,47,0.6922065615653992
1336,38,42,0.2678760886192322
1337,63,63,0.48343974351882935
1338,61,35,0.21606887876987457
1339,28,50,0.09501133859157562
1340,99,87,0.15240450203418732
1341,20,20,0.9480801820755005
1342,88,88,0.18274207413196564
1343,50,80,0.10286901146173477
1344,53,53,0.3574546277523041
1345,97,97,0.1071922779083252
1346,59,98,0.17673882842063904
1347,78,44,0.10651784390211105
1348,35,35,0.29761746525764465
1349,50,43,0.1846342831850052
1350,6,82,0.3286624550819397
1351,98,46,0.267869234085083
1352,33,91,0.2357654720544815
1353,65,30,0.4093395173549652
1354,23,99,0.1921580284833908
1355,68,68,0.9689823389053345
1356,26,84,0.20246776938438416
1357,96,52,0.5368778705596924
1358,17,17,0.16573913395404816
1359,65,65,0.15741170942783356
1360,47,47,0.6937581300735474
1361,12,76,0.2910240888595581
1362,94,94,0.9014087319374084
1363,81,16,0.23886452615261078
1364,76,76,0.9139259457588196
1365,91,91,0.6603978276252747
1366,72,3,0.24861764907836914
1367,35,61,0.29613399505615234
1368,18,18,0.2737809121608734
1369,96,96,0.5098130702972412
1370,92,51,0.2478429675102234
1371,98,46,0.20185500383377075
1372,19,41,0.2537079155445099
1373,0,82,0.6279803514480591
1374,43,43,0.27256396412849426
1375,50,50,0.2594566345214844
1376,43,43,0.18443118035793304
1377,44,27,0.15698876976966858
1378,73,99,0.1282934695482254
1379,4,55,0.09635324776172638
1380,53,53,0.7731687426567078
1381,37,23,0.08371211588382721
1382,8,89,0.0886010155081749
1383,25,92,0.09683721512556076
1384,52,59,0.1481582522392273
1385,29,29,0.49976348876953125
1386,44,85,0.10023407638072968
1387,12,56,0.241488516330719
1388,38,38,0.19284045696258545
1389,5,35,0.12691496312618256
1390,25,74,0.12254676967859268
1391,41,41,0.6672515273094177
1392,81,88,0.1431640088558197
1393,23,67,0.37086760997772217
1394,68,68,0.5867034792900085
1395,59,59,0.42852145433425903
1396,81,81,0.5709313154220581
1397,43,43,0.18368062376976013
1398,8,48,0.8694272637367249
1399,11,2,0.1094982698559761
1400,18,44,0.10270904749631882
1401,92,92,0.2862260341644287
1402,5,86,0.12217940390110016
1403,34,80,0.2937442660331726
1404,48,48,0.9103387594223022
1405,80,51,0.10244534909725189
1406,25,61,0.12029197812080383
1407,31,80,0.23860004544258118
1408,8,46,0.11287721991539001
1409,88,88,0.1781003177165985
1410,10,14,0.22965401411056519
1411,50,80,0.2014985978603363
1412,76,54,0.07382527738809586
1413,50,84,0.22490590810775757
1414,95,30,0.4365536868572235
1415,94,94,0.5162798166275024
1416,83,33,0.4791869819164276
1417,52,52,0.8498899936676025
1418,44,28,0.09124576300382614
1419,16,57,0.38601016998291016
1420,99,73,0.0953882560133934
1421,68,68,0.44330549240112305
1422,28,7,0.1978292316198349
1423,15,43,0.3293543756008148
1424,47,96,0.64484041929245
1425,34,34,0.30046021938323975
1426,57,57,0.3649476170539856
1427,13,13,0.3729878067970276
1428,22,22,0.7277637124061584
1429,9,36,0.34419965744018555
1430,90,22,0.2219214290380478
1431,50,61,0.2811070382595062
1432,34,6,0.2736932635307312
1433,43,43,0.7105976343154907
1434,20,20,0.9845369458198547
1435,87,86,0.19442546367645264
1436,91,91,0.9289395809173584
1437,80,69,0.12433023750782013
1438,9,9,0.869931161403656
1439,17,88,0.17834602296352386
1440,19,47,0.21838884055614471
1441,57,57,0.7150900363922119
1442,14,3,0.11673366278409958
1443,27,73,0.14363999664783478
1444,46,35,0.3135562241077423
1445,13,13,0.45270752906799316
1446,44,27,0.05514787137508392
1447,24,6,0.17493154108524323
1448,10,7,0.10913866013288498
1449,84,46,0.1117740347981453
1450,4,21,0.47205808758735657
1451,56,56,0.8241933584213257
1452,29,3,0.150513157248497
1453,29,42,0.11506470292806625
1454,51,91,0.2999904155731201
1455,78,64,0.14232030510902405
1456,62,62,0.3292574882507324
1457,53,36,0.25061243772506714
1458,17,17,0.30798786878585815
1459,28,28,0.43905553221702576
1460,28,61,0.19170257449150085
1461,11,36,0.2880183756351471
1462,65,97,0.16782468557357788
1463,48,45,0.2971809506416321
1464,48,89,0.6121119260787964
1465,12,71,0.3612878620624542
1466,55,30,0.5802965760231018
1467,66,66,0.1599930226802826
1468,98,46,0.6722171306610107
1469,8,8,0.5341885685920715
1470,94,94,0.20073692500591278
1471,25,25,0.21514767408370972
1472,70,62,0.3343334197998047
1473,54,54,0.40174055099487305
1474,12,56,0.5189251899719238
1475,86,16,0.3128913938999176
1476,3,77,0.14451870322227478
1477,76,49,0.45119911432266235
1478,13,13,0.2576863765716553
1479,2,86,0.10738883167505264
1480,7,7,0.28663238883018494
1481,91,2,0.1611616015434265
1482,55,38,0.12794604897499084
1483,45,70,0.19784337282180786
1484,51,70,0.26387012004852295
1485,53,53,0.2883903980255127
1486,28,28,0.5173354148864746
1487,9,9,0.29285910725593567
1488,87,87,0.589754581451416
1489,13,81,0.3530840277671814
1490,30,30,0.15530964732170105
1491,58,58,0.16725631058216095
1492,61,26,0.33508434891700745
1493,31,80,0.21455958485603333
1494,70,0,0.21137915551662445
1495,39,20,0.1530415266752243
1496,3,99,0.06769666075706482
1497,47,96,0.34853723645210266
1498,34,43,0.33055898547172546
1499,26,50,0.10596615076065063
1500,50,45,0.33044394850730896
1501,59,96,0.4573715627193451
1502,64,65,0.378192275762558
1503,37,17,0.39040350914001465
1504,92,62,0.2146245390176773
1505,14,14,0.35499799251556396
1506,26,45,0.2421180009841919
1507,37,39,0.1403002291917801
1508,94,94,0.8689306378364563
1509,29,24,0.3590621054172516
1510,15,12,0.21548528969287872
1511,63,39,0.11909102648496628
1512,7,30,0.1737462431192398
1513,32,95,0.3618867099285126
1514,9,9,0.8910994529724121
1515,43,43,0.7493431568145752
1516,12,37,0.11548575758934021
1517,27,3,0.09724846482276917
1518,78,14,0.349875807762146
1519,97,97,0.19705893099308014
1520,55,63,0.14866909384727478
1521,11,32,0.1005348339676857
1522,69,69,0.12134487181901932
1523,66,75,0.25499218702316284
1524,31,75,0.20756061375141144
1525,20,20,0.9443389177322388
1526,54,54,0.8166807889938354
1527,45,91,0.4528263509273529
1528,86,86,0.9101558327674866
1529,84,89,0.10495637357234955
1530,55,3,0.13286875188350677
1531,3,32,0.0630401149392128
1532,6,45,0.09735821932554245
1533,54,54,0.6771440505981445
1534,69,69,0.5752678513526917
1535,47,96,0.4343138039112091
1536,62,92,0.4387452304363251
1537,57,10,0.5432329773902893
1538,85,85,0.11658986657857895
1539,30,73,0.5299565196037292
1540,16,35,0.1282951384782791
1541,11,25,0.0780201256275177
1542,82,14,0.09206879138946533
1543,65,1,0.2315439134836197
1544,59,47,0.14045849442481995
1545,81,90,0.09320330619812012
1546,39,63,0.19529934227466583
1547,79,97,0.12021477520465851
1548,25,5,0.4011392891407013
1549,44,44,0.14393827319145203
1550,16,7,0.11113385111093521
1551,23,73,0.11376079171895981
1552,17,17,0.5276098251342773
1553,49,55,0.17117628455162048
1554,69,95,0.24980081617832184
1555,74,72,0.14673805236816406
1556,63,80,0.24038685858249664
1557,10,7,0.1525813639163971
1558,56,56,0.3333604335784912
1559,43,21,0.4731055498123169
1560,22,82,0.13426318764686584
1561,11,24,0.21181941032409668
1562,9,9,0.38989853858947754
1563,17,17,0.17996281385421753
1564,31,31,0.2062641680240631
1565,52,59,0.3440680205821991
1566,52,96,0.4284859299659729
1567,36,43,0.08784055709838867
1568,58,58,0.244069442152977
1569,79,64,0.3585609197616577
1570,42,66,0.106545090675354
1571,32,91,0.16094766557216644
1572,15,97,0.20197883248329163
1573,15,68,0.3914831876754761
1574,79,82,0.1987498700618744
1575,56,31,0.12055018544197083
1576,3,67,0.1698296219110489
1577,77,95,0.3396400213241577
1578,57,62,0.2571960687637329
1579,5,5,0.33696505427360535
1580,76,23,0.41064003109931946
1581,84,6,0.19985345005989075
1582,47,52,0.6796604990959167
1583,79,18,0.11422242224216461
1584,64,36,0.12462937831878662
1585,3,21,0.3399740159511566
1586,22,58,0.2971087694168091
1587,84,43,0.3200716972351074
1588,15,76,0.2205551713705063
1589,83,83,0.6158704161643982
1590,19,19,0.14907583594322205
1591,64,44,0.09735778719186783
1592,61,22,0.19912268221378326
1593,33,33,0.8061338663101196
1594,16,34,0.12804576754570007
1595,76,76,0.467070609331131
1596,96,82,0.17014335095882416
1597,87,25,0.10987642407417297
1598,92,83,0.2855522036552429
1599,39,37,0.10670404881238937
1600,60,68,0.21639329195022583
1601,59,72,0.11919903010129929
1602,74,67,0.1243840828537941
1603,27,84,0.12400677800178528
1604,68,68,0.7487195134162903
1605,7,18,0.15906360745429993
1606,23,67,0.23138421773910522
1607,42,88,0.14922669529914856
1608,47,62,0.42934364080429077
1609,2,26,0.1576174646615982
1610,20,25,0.46479037404060364
1611,80,27,0.17748142778873444
1612,24,24,0.1682480126619339
1613,17,76,0.2562541663646698
1614,12,90,0.08134229481220245
1615,55,64,0.11048151552677155
1616,13,13,0.1925922930240631
1617,17,17,0.23607699573040009
1618,67,34,0.09524005651473999
1619,21,21,0.500095546245575
1620,42,42,0.4178081750869751
1621,21,21,0.3546324074268341
1622,46,46,0.1568950116634369
1623,79,79,0.11259962618350983
1624,21,81,0.10950051248073578
1625,61,61,0.745293915271759
1626,64,80,0.1815636307001114
1627,41,41,0.6924029588699341
1628,16,84,0.219025656580925
1629,40,92,0.11706822365522385
1630,54,83,0.27557724714279175
1631,70,54,0.789943277835846
1632,65,32,0.1448865532875061
1633,84,95,0.18343277275562286
1634,64,74,0.1479375809431076
1635,37,48,0.13108369708061218
1636,59,52,0.6200559139251709
1637,92,70,0.46446382999420166
1638,71,9,0.1487465649843216
1639,17,17,0.5599576830863953
1640,96,96,0.3703264892101288
1641,94,94,0.841342568397522
1642,39,39,0.26358675956726074
1643,93,97,0.1213686540722847
1644,79,79,0.1579260230064392
1645,34,88,0.11889719218015671
1646,26,70,0.2079491764307022
1647,33,33,0.6419211030006409
1648,24,26,0.16176658868789673
1649,12,37,0.18419454991817474
1650,53,57,0.2581694424152374
1651,88,64,0.08548452705144882
1652,20,20,0.9595998525619507
1653,47,47,0.7612892389297485
1654,98,4,0.06804563850164413
1655,25,86,0.10091200470924377
1656,45,75,0.1035601794719696
1657,25,5,0.5512953400611877
1658,61,61,0.6193057894706726
1659,56,56,0.8388896584510803
1660,68,68,0.6166583299636841
1661,27,34,0.11013483256101608
1662,13,13,0.6181599497795105
1663,92,1,0.2686959207057953
1664,12,31,0.10406195372343063
1665,46,46,0.5108680129051208
1666,76,76,0.7821146249771118
1667,67,67,0.807922899723053
1668,27,20,0.2840450704097748
1669,2,36,0.38265302777290344
1670,78,44,0.06734075397253036
1671,48,48,0.8303639888763428
1672,3,4,0.3082558512687683
1673,98,45,0.09075937420129776
1674,20,39,0.1991928070783615
1675,8,8,0.8840338587760925
1676,43,46,0.2731683850288391
1677,57,40,0.1854274421930313
1678,63,3,0.22767692804336548
1679,7,7,0.33684754371643066
1680,10,61,0.5163716077804565
1681,47,56,0.5109735727310181
1682,46,2,0.4672621190547943
1683,52,96,0.31853988766670227
1684,90,81,0.4040440022945404
1685,69,76,0.19493214786052704
1686,78,74,0.13324837386608124
1687,15,3,0.09900914877653122
1688,78,74,0.14401279389858246
1689,29,42,0.30360811948776245
1690,61,61,0.5802896022796631
1691,5,88,0.11268714815378189
1692,30,27,0.14777491986751556
1693,86,26,0.13876134157180786
1694,85,93,0.11188609153032303
1695,33,33,0.5106778740882874
1696,10,64,0.13973961770534515
1697,44,51,0.1120137944817543
1698,34,13,0.12786865234375
1699,24,44,0.1923234462738037
1700,56,15,0.10831306874752045
1701,61,61,0.6957687139511108
1702,62,53,0.43863731622695923
1703,38,29,0.13556215167045593
1704,72,44,0.0962241142988205
1705,44,93,0.2105584293603897
1706,53,53,0.49080583453178406
1707,7,7,0.19739432632923126
1708,38,79,0.15964920818805695
1709,17,12,0.3954877257347107
1710,40,48,0.3071169853210449
1711,91,86,0.2356734573841095
1712,83,14,0.22173407673835754
1713,82,82,0.8948725461959839
1714,10,61,0.8863599300384521
1715,21,21,0.2857767641544342
1716,30,30,0.30190223455429077
1717,65,38,0.14819706976413727
1718,47,52,0.5151663422584534
1719,57,0,0.4224489629268646
1720,16,13,0.15376591682434082
1721,81,45,0.2237241566181183
1722,30,95,0.48196202516555786
1723,72,26,0.0634574368596077
1724,96,52,0.3961583971977234
1725,88,33,0.2837904393672943
1726,62,43,0.19165755808353424
1727,95,30,0.43009185791015625
1728,27,93,0.13611450791358948
1729,61,61,0.5027356147766113
1730,2,91,0.17979967594146729
1731,50,97,0.1665002405643463
1732,21,77,0.1630997508764267
1733,87,81,0.12655887007713318
1734,5,84,0.21879684925079346
1735,69,46,0.17444480955600739
1736,37,37,0.2540189325809479
1737,59,69,0.22798782587051392
1738,0,0,0.8634511232376099
1739,78,38,0.15183626115322113
1740,20,86,0.12441590428352356
1741,85,85,0.5313970446586609
1742,54,54,0.38872575759887695
1743,53,53,0.8194964528083801
1744,73,30,0.6304948329925537
1745,69,76,0.5640413165092468
1746,3,3,0.19980388879776
1747,35,35,0.19317369163036346
1748,49,49,0.4134739339351654
1749,33,33,0.731435239315033
1750,73,73,0.5060043931007385
1751,99,44,0.09754450619220734
1752,97,80,0.12902963161468506
1753,89,89,0.3931390047073364
1754,3,15,0.12588834762573242
1755,54,54,0.13103967905044556
1756,90,85,0.27253958582878113
1757,45,6,0.1368573009967804
1758,11,30,0.3854679763317108
1759,1,36,0.14714519679546356
1760,51,51,0.2797420620918274
1761,28,66,0.0816139504313469
1762,79,26,0.160457044839859
1763,47,47,0.19092565774917603
1764,54,20,0.3556404709815979
1765,83,62,0.2716373801231384
1766,40,10,0.15228912234306335
1767,14,51,0.20837131142616272
1768,26,67,0.4221496880054474
1769,27,30,0.32351046800613403
1770,12,30,0.2730353772640228
1771,42,97,0.23108017444610596
1772,44,44,0.10393069684505463
1773,29,24,0.4217750132083893
1774,59,96,0.3499784767627716
1775,8,19,0.23193593323230743
1776,17,17,0.1432831883430481
1777,56,38,0.26608583331108093
1778,46,46,0.16933080554008484
1779,80,4,0.108065165579319
1780,1,1,0.23259948194026947
1781,82,82,0.9190088510513306
1782,51,96,0.17267167568206787
1783,34,88,0.154848113656044
1784,86,86,0.9153880476951599
1785,96,21,0.2555001676082611
1786,86,86,0.34421977400779724
1787,93,32,0.2227471023797989
1788,38,38,0.15719330310821533
1789,20,20,0.5353938937187195
1790,19,27,0.09512365609407425
1791,2,36,0.4198763370513916
1792,20,94,0.18803682923316956
1793,91,5,0.29266130924224854
1794,55,43,0.12965434789657593
1795,65,97,0.1976601779460907
1796,64,80,0.15831495821475983
1797,90,90,0.22259248793125153
1798,70,82,0.2915017902851105
1799,34,77,0.09339847415685654
1800,11,11,0.22615668177604675
1801,55,26,0.13800057768821716
1802,68,68,0.9437119960784912
1803,52,52,0.42945921421051025
1804,6,6,0.5765504837036133
1805,79,46,0.12933993339538574
1806,22,26,0.09601619839668274
1807,22,11,0.21152763068675995
1808,86,86,0.4878475069999695
1809,10,10,0.4920322597026825
1810,1,73,0.24800226092338562
1811,75,44,0.15796634554862976
1812,48,86,0.24230782687664032
1813,5,97,0.1653074473142624
1814,90,39,0.16602584719657898
1815,67,69,0.1185353696346283
1816,99,67,0.15401417016983032
1817,33,15,0.3693133592605591
1818,82,82,0.664755642414093
1819,76,76,0.5683239698410034
1820,51,74,0.11347479373216629
1821,92,65,0.28132104873657227
1822,65,94,0.35696280002593994
1823,77,77,0.1889958381652832
1824,70,70,0.3301132619380951
1825,12,12,0.7684521675109863
1826,91,73,0.12498161196708679
1827,83,53,0.41137978434562683
1828,95,95,0.41891559958457947
1829,48,48,0.3233768939971924
1830,52,52,0.560247540473938
1831,30,30,0.42446455359458923
1832,49,76,0.2666425108909607
1833,11,46,0.2451050877571106
1834,3,7,0.2558952271938324
1835,17,17,0.21738335490226746
1836,80,38,0.1455904096364975
1837,94,61,0.35769328474998474
1838,29,55,0.0896427184343338
1839,87,54,0.3338645398616791
1840,49,30,0.17420876026153564
1841,64,3,0.10115686804056168
1842,57,24,0.33527132868766785
1843,42,64,0.0680452212691307
1844,95,73,0.32198137044906616
1845,28,10,0.2676480710506439
1846,16,84,0.26609107851982117
1847,99,51,0.305410236120224
1848,46,98,0.28680136799812317
1849,31,3,0.0955432876944542
1850,25,55,0.08865152299404144
1851,2,35,0.20336078107357025
1852,95,73,0.46248146891593933
1853,21,21,0.3324223756790161
1854,83,62,0.34765157103538513
1855,59,52,0.685049831867218
1856,56,56,0.9016180038452148
1857,28,28,0.6202337145805359
1858,17,17,0.8368164300918579
1859,53,53,0.237416610121727
1860,71,71,0.4439314305782318
1861,7,24,0.11784671247005463
1862,94,94,0.2240084856748581
1863,53,53,0.5701727867126465
1864,89,81,0.2114277184009552
1865,10,34,0.1465744823217392
1866,28,69,0.13600772619247437
1867,7,9,0.07986980676651001
1868,36,54,0.19809594750404358
1869,79,33,0.7001931071281433
1870,53,53,0.7988860607147217
1871,87,87,0.3290064036846161
1872,43,43,0.07799360901117325
1873,76,17,0.3647119998931885
1874,69,9,0.6080350875854492
1875,22,35,0.10153742879629135
1876,17,17,0.67258620262146
1877,6,6,0.7665711045265198
1878,53,62,0.41883206367492676
1879,68,68,0.4274912476539612
1880,44,29,0.09102421253919601
1881,89,33,0.1367073804140091
1882,15,43,0.12212861329317093
1883,80,38,0.24130351841449738
1884,45,6,0.23941394686698914
1885,95,95,0.19499178230762482
1886,37,37,0.260245680809021
1887,80,97,0.35147520899772644
1888,28,28,0.5896243453025818
1889,13,47,0.13785284757614136
1890,23,23,0.5774998664855957
1891,52,52,0.795751690864563
1892,24,24,0.6916825175285339
1893,21,33,0.25831425189971924
1894,55,68,0.3656679093837738
1895,99,10,0.2455740123987198
1896,98,95,0.16843870282173157
1897,21,21,0.18446359038352966
1898,59,76,0.22311368584632874
1899,9,7,0.2862791121006012
1900,81,89,0.09091131389141083
1901,88,97,0.22821111977100372
1902,93,93,0.14537504315376282
1903,61,61,0.3736476004123688
1904,17,17,0.43073368072509766
1905,44,93,0.2950781285762787
1906,49,96,0.28021666407585144
1907,81,25,0.2827574908733368
1908,78,78,0.10703172534704208
1909,94,9,0.08322686702013016
1910,40,40,0.7096831202507019
1911,60,60,0.8298264145851135
1912,80,77,0.14161449670791626
1913,58,29,0.10499832779169083
1914,4,3,0.14189234375953674
1915,88,88,0.18928426504135132
1916,18,91,0.2124003916978836
1917,24,15,0.07842551916837692
1918,36,36,0.32166925072669983
1919,26,85,0.14875616133213043
1920,74,66,0.30793312191963196
1921,88,78,0.12976191937923431
1922,56,47,0.33705654740333557
1923,3,80,0.1670571267604828
1924,65,84,0.09027349203824997
1925,0,0,0.8953588604927063
1926,43,43,0.4375072419643402
1927,22,89,0.1716131716966629
1928,47,29,0.2926420569419861
1929,65,76,0.3951182961463928
1930,22,87,0.1541997343301773
1931,69,69,0.12642355263233185
1932,9,9,0.8433451056480408
1933,78,22,0.08327878266572952
1934,4,91,0.24814902245998383
1935,69,95,0.266658753156662
1936,46,46,0.35983577370643616
1937,97,65,0.2309766262769699
1938,29,24,0.159861221909523
1939,18,77,0.12247471511363983
1940,64,54,0.12193040549755096
1941,98,98,0.4350034296512604
1942,65,99,0.12460736930370331
1943,36,36,0.7602314949035645
1944,94,16,0.23394030332565308
1945,84,26,0.2834349572658539
1946,91,7,0.48374325037002563
1947,20,20,0.19734834134578705
1948,36,36,0.28115370869636536
1949,50,63,0.13761651515960693
1950,76,76,0.7062795162200928
1951,29,31,0.06698114424943924
1952,63,25,0.08954042196273804
1953,6,29,0.3733445405960083
1954,30,91,0.12161988765001297
1955,99,61,0.5047009587287903
1956,55,95,0.3310692608356476
1957,21,4,0.09567204117774963
1958,38,51,0.14889328181743622
1959,83,62,0.3707953691482544
1960,67,49,0.24079462885856628
1961,31,43,0.1489545702934265
1962,49,49,0.1851464807987213
1963,39,39,0.24487930536270142
1964,66,97,0.20476490259170532
1965,66,22,0.2452424168586731
1966,53,53,0.921306312084198
1967,54,54,0.5373697876930237
1968,41,41,0.818157434463501
1969,36,36,0.6413705348968506
1970,61,99,0.21264372766017914
1971,88,88,0.2975855767726898
1972,30,95,0.39611706137657166
1973,19,27,0.2076442986726761
1974,95,95,0.45448166131973267
1975,41,41,0.4747680425643921
1976,89,48,0.17823143303394318
1977,19,97,0.2285917103290558
1978,46,46,0.4799768328666687
1979,78,54,0.0924752801656723
1980,37,37,0.14107303321361542
1981,31,31,0.5045673251152039
1982,22,22,0.7196754217147827
1983,2,54,0.2581012547016144
1984,78,78,0.08153974264860153
1985,13,41,0.39316433668136597
1986,73,30,0.25051888823509216
1987,51,9,0.14661471545696259
1988,95,73,0.1353697031736374
1989,2,97,0.07335960119962692
1990,38,63,0.09531953930854797
1991,98,43,0.1815856248140335
1992,28,28,0.4499359130859375
1993,18,45,0.08988234400749207
1994,42,42,0.2997193932533264
1995,7,79,0.224282369017601
1996,88,77,0.09481745213270187
1997,61,10,0.5695692300796509
1998,12,81,0.1825101524591446
1999,8,81,0.23695489764213562
2000,92,83,0.16454137861728668
2001,41,41,0.5104629993438721
2002,33,33,0.2629372775554657
2003,65,38,0.15945185720920563
2004,17,17,0.6992117166519165
2005,51,38,0.13306334614753723
2006,99,99,0.18507258594036102
2007,35,11,0.4233216941356659
2008,67,73,0.5159851908683777
2009,63,88,0.23840931057929993
2010,63,36,0.20431829988956451
2011,9,9,0.8343438506126404
2012,58,58,0.29436933994293213
2013,96,96,0.6517457365989685
2014,77,50,0.17837753891944885
2015,1,1,0.28135231137275696
2016,36,64,0.17600752413272858
2017,53,82,0.5233543515205383
2018,83,62,0.23689143359661102
2019,13,95,0.19200900197029114
2020,98,2,0.33151721954345703
2021,21,21,0.13105255365371704
2022,35,98,0.3034026026725769
2023,39,39,0.2584854066371918
2024,49,49,0.2222338616847992
2025,81,81,0.11275853216648102
2026,35,94,0.20692457258701324
2027,3,21,0.49797096848487854
2028,77,36,0.1279233694076538
2029,89,80,0.05792345851659775
2030,30,95,0.7131307125091553
2031,85,85,0.8722514510154724
2032,59,52,0.3302420973777771
2033,48,48,0.16753989458084106
2034,98,54,0.42312490940093994
2035,38,97,0.16447897255420685
2036,80,2,0.08769500255584717
2037,39,84,0.23265665769577026
2038,82,53,0.17322474718093872
2039,43,43,0.23940618336200714
2040,12,71,0.1966312974691391
2041,21,21,0.7917062044143677
2042,18,80,0.09337801486253738
2043,25,9,0.14314432442188263
2044,5,99,0.06405216455459595
2045,25,29,0.08386499434709549
2046,63,63,0.4975484311580658
2047,78,64,0.1877783238887787
2048,4,63,0.09405391663312912
2049,40,51,0.23159362375736237
2050,29,21,0.2969905436038971
2051,15,38,0.12300918251276016
2052,39,73,0.30202436447143555
2053,49,32,0.09856952726840973
2054,93,95,0.4966381788253784
2055,39,86,0.19668082892894745
2056,77,51,0.08861205726861954
2057,69,24,0.24913489818572998
2058,53,53,0.7738856673240662
2059,64,65,0.13098786771297455
2060,12,12,0.45147043466567993
2061,57,19,0.19869790971279144
2062,5,5,0.20235957205295563
2063,17,96,0.13320627808570862
2064,97,97,0.1049712747335434
2065,37,17,0.41593021154403687
2066,48,48,0.8047043681144714
2067,79,79,0.28087708353996277
2068,5,5,0.26655441522598267
2069,83,53,0.2761705219745636
2070,16,98,0.22590945661067963
2071,41,18,0.11079256981611252
2072,48,48,0.491182416677475
2073,54,54,0.21230857074260712
2074,79,84,0.10900981724262238
2075,67,65,0.13022707402706146
2076,73,10,0.25439658761024475
2077,0,0,0.2582298219203949
2078,19,27,0.11364618688821793
2079,14,21,0.14035233855247498
2080,29,29,0.1416880041360855
2081,84,20,0.5859206914901733
2082,48,78,0.0908874049782753
2083,36,2,0.18126721680164337
2084,76,32,0.17678037285804749
2085,95,95,0.728165864944458
2086,20,20,0.9817845821380615
2087,59,52,0.2798093557357788
2088,57,32,0.08127770572900772
2089,67,63,0.11670928448438644
2090,6,6,0.12773138284683228
2091,71,71,0.3023468554019928
2092,21,31,0.1931009292602539
2093,7,45,0.20681309700012207
2094,91,91,0.38536614179611206
2095,92,86,0.2125033438205719
2096,87,87,0.33130741119384766
2097,91,91,0.21998174488544464
2098,16,48,0.32380950450897217
2099,86,79,0.24641670286655426
2100,58,58,0.5531872510910034
2101,89,89,0.8340290784835815
2102,97,97,0.1989762783050537
2103,83,57,0.30039462447166443
2104,72,7,0.10039493441581726
2105,85,76,0.3157622814178467
2106,41,41,0.17867214977741241
2107,3,99,0.11108066141605377
2108,20,20,0.6582284569740295
2109,10,5,0.2716682553291321
2110,74,18,0.08283497393131256
2111,49,17,0.33320382237434387
2112,63,55,0.09861057996749878
2113,91,74,0.20154747366905212
2114,56,56,0.5036394596099854
2115,92,54,0.47358664870262146
2116,19,7,0.245318204164505
2117,64,67,0.38379308581352234
2118,28,28,0.7038875222206116
2119,11,66,0.08922707289457321
2120,41,41,0.2121884673833847
2121,81,13,0.4560525119304657
2122,90,89,0.3294634222984314
2123,89,89,0.591724157333374
2124,86,86,0.5586272478103638
2125,22,99,0.10099185258150101
2126,41,45,0.09931047260761261
2127,50,41,0.1940115988254547
2128,27,63,0.1529250293970108
2129,87,87,0.1813868284225464
2130,21,21,0.2423030138015747
2131,34,51,0.37510013580322266
2132,36,36,0.570317804813385
2133,90,8,0.17664626240730286
2134,94,16,0.18891611695289612
2135,71,71,0.330069899559021
2136,31,74,0.1785283386707306
2137,62,62,0.3701972961425781
2138,95,95,0.45664286613464355
2139,33,96,0.49319276213645935
2140,38,19,0.1310768723487854
2141,95,32,0.217712864279747
2142,41,90,0.052134815603494644
2143,24,7,0.5787550210952759
2144,89,59,0.6551433801651001
2145,15,15,0.45678526163101196
2146,81,82,0.2531798481941223
2147,8,42,0.19670754671096802
2148,48,78,0.2537655532360077
2149,30,73,0.36521613597869873
2150,52,47,0.45342394709587097
2151,79,46,0.18565665185451508
2152,20,25,0.22727452218532562
2153,68,68,0.9866083860397339
2154,16,86,0.22859972715377808
2155,78,75,0.25107550621032715
2156,45,46,0.18079286813735962
2157,31,85,0.17241740226745605
2158,66,38,0.3565048575401306
2159,52,52,0.5276787281036377
2160,43,43,0.23019525408744812
2161,20,20,0.8898979425430298
2162,98,35,0.12926213443279266
2163,24,24,0.844700813293457
2164,71,76,0.23089735209941864
2165,49,49,0.40596577525138855
2166,44,91,0.11444101482629776
2167,46,45,0.14563484489917755
2168,62,51,0.20616213977336884
2169,22,45,0.1017378494143486
2170,11,12,0.27559199929237366
2171,89,89,0.27154552936553955
2172,99,80,0.1852904111146927
2173,73,93,0.2559862434864044
2174,26,26,0.24608160555362701
2175,53,57,0.3981093466281891
2176,10,10,0.7661582827568054
2177,41,37,0.2900167405605316
2178,12,90,0.09507972747087479
2179,2,21,0.14377057552337646
2180,4,4,0.16136789321899414
2181,39,93,0.30729418992996216
2182,19,15,0.17708149552345276
2183,56,56,0.9522570967674255
2184,74,65,0.1756306141614914
2185,79,15,0.15575973689556122
2186,73,23,0.16254645586013794
2187,46,98,0.3144027590751648
2188,3,63,0.1572059988975525
2189,22,22,0.2787087857723236
2190,6,6,0.16944670677185059
2191,59,76,0.20447832345962524
2192,54,6,0.16995000839233398
2193,87,87,0.6774965524673462
2194,2,6,0.2150563895702362
2195,87,25,0.09264042973518372
2196,49,76,0.1225280836224556
2197,91,91,0.5799888968467712
2198,37,25,0.219924196600914
2199,53,9,0.10846370458602905
2200,51,42,0.17225539684295654
2201,7,14,0.48614296317100525
2202,99,24,0.2563345730304718
2203,13,12,0.30766576528549194
2204,25,11,0.11420071125030518
2205,66,97,0.40031129121780396
2206,80,76,0.2658332288265228
2207,22,23,0.18627196550369263
2208,73,73,0.26154810190200806
2209,83,11,0.22759760916233063
2210,14,16,0.19380846619606018
2211,42,38,0.12675108015537262
2212,86,20,0.14965996146202087
2213,22,43,0.14308635890483856
2214,90,27,0.11353857815265656
2215,74,26,0.09417469799518585
2216,24,24,0.2399563491344452
2217,84,34,0.14567121863365173
2218,91,73,0.2999953627586365
2219,97,97,0.830016553401947
2220,88,34,0.14171575009822845
2221,4,43,0.16794182360172272
2222,26,26,0.6948613524436951
2223,22,14,0.13968117535114288
2224,19,19,0.17510119080543518
2225,67,67,0.24467052519321442
2226,73,30,0.1520235538482666
2227,84,78,0.09137708693742752
2228,98,55,0.07749010622501373
2229,6,82,0.8981807827949524
2230,35,33,0.17527830600738525
2231,29,29,0.3848099410533905
2232,51,51,0.29014453291893005
2233,59,7,0.24904865026474
2234,62,82,0.5835641622543335
2235,60,60,0.7089268565177917
2236,68,68,0.5474828481674194
2237,44,36,0.09391362965106964
2238,83,83,0.4090758264064789
2239,0,83,0.39922958612442017
2240,41,41,0.13225944340229034
2241,90,56,0.2558918297290802
2242,48,13,0.2569374144077301
2243,82,82,0.3110376298427582
2244,67,73,0.5774502158164978
2245,28,86,0.5041824579238892
2246,28,46,0.1340440958738327
2247,71,71,0.2812964618206024
2248,79,38,0.1561439037322998
2249,43,88,0.4245481491088867
2250,17,17,0.4057280719280243
2251,5,84,0.2530655860900879
2252,17,17,0.47252532839775085
2253,7,7,0.4796265959739685
2254,84,99,0.1688229739665985
2255,57,83,0.21101988852024078
2256,27,27,0.10641162842512131
2257,57,57,0.1222849115729332
2258,68,68,0.10753022134304047
2259,26,11,0.31648924946784973
2260,59,56,0.36542195081710815
2261,4,67,0.1052255630493164
2262,87,86,0.44099000096321106
2263,99,61,0.19514715671539307
2264,3,21,0.23585215210914612
2265,66,35,0.1781373918056488
2266,38,18,0.21424178779125214
2267,15,29,0.17799383401870728
2268,75,75,0.4713294208049774
2269,20,20,0.21201811730861664
2270,47,47,0.8357099294662476
2271,0,57,0.2801309823989868
2272,14,14,0.4311591386795044
2273,85,69,0.25878211855888367
2274,62,62,0.4779898524284363
2275,55,24,0.30452966690063477
2276,63,63,0.21261584758758545
2277,69,73,0.32674890756607056
2278,3,3,0.12834082543849945
2279,77,73,0.22732369601726532
2280,73,30,0.2656024396419525
2281,38,51,0.15113823115825653
2282,59,33,0.1215512827038765
2283,52,47,0.31348469853401184
2284,84,69,0.17086870968341827
2285,37,17,0.22346019744873047
2286,60,90,0.15059596300125122
2287,21,21,0.07537747919559479
2288,96,47,0.46473875641822815
2289,68,68,0.6501646637916565
2290,16,88,0.21044155955314636
2291,19,19,0.2913668155670166
2292,40,40,0.2557883560657501
2293,70,92,0.46775564551353455
2294,61,22,0.49991342425346375
2295,10,94,0.23087607324123383
2296,57,64,0.059721022844314575
2297,81,76,0.08670495450496674
2298,68,68,0.9468167424201965
2299,12,1,0.20042316615581512
2300,10,43,0.23101359605789185
2301,38,97,0.23995566368103027
2302,10,61,0.40312814712524414
2303,47,47,0.39183056354522705
2304,76,71,0.3428787589073181
2305,11,36,0.14196603000164032
2306,72,95,0.29474538564682007
2307,23,73,0.19957518577575684
2308,1,30,0.13083483278751373
2309,14,3,0.23552367091178894
2310,31,15,0.3046663701534271
2311,30,32,0.128619983792305
2312,93,38,0.08969547599554062
2313,54,54,0.491068959236145
2314,9,14,0.2434111386537552
2315,15,19,0.5125072002410889
2316,2,2,0.29121455550193787
2317,26,45,0.33817070722579956
2318,65,5,0.11575391888618469
2319,32,97,0.08531427383422852
2320,12,12,0.2864781618118286
2321,58,5,0.2246396541595459
2322,73,67,0.5006795525550842
2323,76,76,0.8898919224739075
2324,95,99,0.12340962141752243
2325,67,67,0.5548104047775269
2326,95,30,0.39126771688461304
2327,26,11,0.19130505621433258
2328,92,70,0.3251674473285675
2329,47,7,0.2681970000267029
2330,84,23,0.10524869710206985
2331,29,51,0.13422897458076477
2332,51,18,0.20959575474262238
2333,44,44,0.08386775106191635
2334,45,94,0.13937832415103912
2335,60,60,0.5711826086044312
2336,34,34,0.27920591831207275
2337,97,61,0.07215950638055801
2338,1,1,0.3892216980457306
2339,93,97,0.16456250846385956
2340,97,97,0.13192857801914215
2341,19,43,0.23206627368927002
2342,19,1,0.2139137089252472
2343,92,62,0.27922454476356506
2344,69,97,0.12414325773715973
2345,65,35,0.15154047310352325
2346,95,95,0.3991142809391022
2347,78,97,0.08646104484796524
2348,5,5,0.12915964424610138
2349,34,33,0.15296192467212677
2350,76,76,0.5037184357643127
2351,25,65,0.08304722607135773
2352,50,99,0.1204083114862442
2353,30,30,0.33297082781791687
2354,69,69,0.8205196261405945
2355,59,52,0.34643280506134033
2356,34,38,0.16222624480724335
2357,77,27,0.11965012550354004
2358,46,46,0.4067029058933258
2359,66,66,0.2223365753889084
2360,31,31,0.5064021944999695
2361,73,67,0.3177347183227539
2362,87,20,0.2232997715473175
2363,90,74,0.09806538373231888
2364,18,9,0.11912324279546738
2365,6,97,0.2789275646209717
2366,38,38,0.13946744799613953
2367,81,89,0.2108955979347229
2368,25,25,0.16109801828861237
2369,81,90,0.25487226247787476
2370,64,97,0.2804410755634308
2371,70,45,0.3302048146724701
2372,37,17,0.7622760534286499
2373,76,76,0.7896562814712524
2374,31,34,0.32322973012924194
2375,0,0,0.8786098957061768
2376,90,90,0.36868816614151
2377,32,1,0.23260055482387543
2378,5,87,0.41176894307136536
2379,56,59,0.33107665181159973
2380,41,41,0.8731552958488464
2381,80,1,0.16821135580539703
2382,5,20,0.4619905352592468
2383,52,47,0.4648711383342743
2384,51,32,0.189472958445549
2385,25,58,0.3648735284805298
2386,20,20,0.22749954462051392
2387,61,61,0.4336586594581604
2388,98,35,0.4827740788459778
2389,20,84,0.2200663685798645
2390,32,4,0.24948586523532867
2391,35,98,0.2674473226070404
2392,5,60,0.17901156842708588
2393,72,69,0.1280919313430786
2394,61,61,0.884593665599823
2395,43,43,0.25776374340057373
2396,58,58,0.9292227625846863
2397,36,36,0.3758227527141571
2398,99,22,0.20853425562381744
2399,60,60,0.6099801063537598
2400,70,70,0.6287581920623779
2401,38,2,0.13373802602291107
2402,59,7,0.30011919140815735
2403,26,91,0.20018011331558228
2404,56,23,0.2925315499305725
2405,78,27,0.13009768724441528
2406,83,62,0.22519825398921967
2407,23,69,0.2677675187587738
2408,52,59,0.3808199465274811
2409,32,72,0.2511886656284332
2410,54,54,0.8789628744125366
2411,33,33,0.16289252042770386
2412,61,61,0.3629818558692932
2413,49,17,0.11462968587875366
2414,53,0,0.5734151601791382
2415,15,24,0.5002769827842712
2416,50,50,0.1599019467830658
2417,3,3,0.32577598094940186
2418,12,56,0.26672667264938354
2419,86,86,0.46018385887145996
2420,55,77,0.15928876399993896
2421,58,58,0.9090766310691833
2422,5,88,0.10158678144216537
2423,30,95,0.5847482085227966
2424,26,29,0.0997609794139862
2425,10,0,0.2818872928619385
2426,0,61,0.41574352979660034
2427,11,35,0.2139497548341751
2428,9,45,0.06468557566404343
2429,33,33,0.568598210811615
2430,53,53,0.6707305908203125
2431,33,53,0.12571248412132263
2432,94,94,0.9508786797523499
2433,46,30,0.28123143315315247
2434,99,99,0.08583024144172668
2435,34,5,0.1209440678358078
2436,1,1,0.2598940432071686
2437,17,76,0.3591098487377167
2438,63,79,0.17571957409381866
2439,69,69,0.2829540967941284
2440,66,97,0.3426623046398163
2441,37,37,0.12986086308956146
2442,67,67,0.31472915410995483
2443,40,40,0.4041786789894104
2444,93,73,0.20700791478157043
2445,24,24,0.28951042890548706
2446,82,82,0.32232144474983215
2447,23,23,0.24119450151920319
2448,30,30,0.16351455450057983
2449,66,99,0.14677974581718445
2450,30,67,0.35555127263069153
2451,11,65,0.17792978882789612
2452,11,11,0.2803254723548889
2453,94,94,0.546004056930542
2454,88,46,0.2700112462043762
2455,37,31,0.16517740488052368
2456,29,29,0.20382213592529297
2457,46,2,0.3494628965854645
2458,95,95,0.3643296957015991
2459,54,54,0.6829158663749695
2460,41,41,0.8748782277107239
2461,6,6,0.212354838848114
2462,19,3,0.13070140779018402
2463,22,22,0.7888108491897583
2464,3,24,0.18467164039611816
2465,32,64,0.12709477543830872
2466,55,4,0.1424085795879364
2467,53,53,0.5487997531890869
2468,72,3,0.17555251717567444
2469,33,82,0.1522018015384674
2470,20,20,0.3432610332965851
2471,63,63,0.4315696656703949
2472,12,30,0.2566736936569214
2473,64,63,0.15324252843856812
2474,23,23,0.2623552978038788
2475,22,44,0.08566293120384216
2476,75,66,0.1341429501771927
2477,8,80,0.09529180079698563
2478,33,33,0.45767855644226074
2479,66,7,0.20663972198963165
2480,55,32,0.19381408393383026
2481,72,25,0.20825277268886566
2482,73,1,0.27998048067092896
2483,84,34,0.10601308196783066
2484,13,13,0.18701289594173431
2485,96,88,0.15510429441928864
2486,65,80,0.11012353003025055
2487,22,88,0.2143927961587906
2488,0,0,0.6029197573661804
2489,19,19,0.4480702579021454
2490,80,38,0.1382824033498764
2491,23,23,0.5956497192382812
2492,85,13,0.2695293128490448
2493,68,12,0.2429400384426117
2494,86,28,0.14676092565059662
2495,37,37,0.4452461302280426
2496,81,80,0.06924920529127121
2497,35,35,0.3086177110671997
2498,98,22,0.31604522466659546
2499,8,12,0.18580330908298492
2500,23,23,0.4392719566822052
2501,76,76,0.5809613466262817
2502,74,74,0.3259170949459076
2503,89,89,0.19580118358135223
2504,60,60,0.6094682216644287
2505,69,69,0.8238621950149536
2506,96,17,0.218859001994133
2507,32,73,0.08335583657026291
2508,29,29,0.25964120030403137
2509,64,63,0.11462778598070145
2510,9,9,0.9234773516654968
2511,16,16,0.4985051155090332
2512,0,0,0.3329169750213623
2513,74,2,0.09954235702753067
2514,17,17,0.5985535979270935
2515,54,89,0.16421283781528473
2516,62,62,0.7395569682121277
2517,6,89,0.38967806100845337
2518,34,29,0.25730302929878235
2519,65,64,0.10092540830373764
2520,8,37,0.13936395943164825
2521,46,63,0.11654231697320938
2522,67,67,0.25720909237861633
2523,53,53,0.48490941524505615
2524,23,12,0.6682649254798889
2525,78,45,0.32660967111587524
2526,61,61,0.4229356348514557
2527,26,26,0.21997840702533722
2528,64,81,0.2357165515422821
2529,25,25,0.3227006196975708
2530,70,62,0.2825101315975189
2531,96,96,0.43401309847831726
2532,67,67,0.35023224353790283
2533,22,10,0.5118958353996277
2534,45,50,0.13162106275558472
2535,65,5,0.233515202999115
2536,96,27,0.12639324367046356
2537,79,24,0.21470046043395996
2538,23,23,0.5033308863639832
2539,76,76,0.3988167643547058
2540,26,33,0.14625293016433716
2541,57,78,0.12311411648988724
2542,16,87,0.16720040142536163
2543,64,78,0.1724969893693924
2544,34,34,0.10592649132013321
2545,82,82,0.8972637057304382
2546,66,97,0.14364615082740784
2547,83,53,0.7913051247596741
2548,72,27,0.11189843714237213
2549,71,71,0.46011802554130554
2550,9,76,0.3727567791938782
2551,60,60,0.7907596230506897
2552,35,35,0.1743285059928894
2553,43,43,0.24313481152057648
2554,29,31,0.20637176930904388
2555,93,97,0.12075240910053253
2556,58,13,0.3865389823913574
2557,94,40,0.18725717067718506
2558,5,81,0.4099496901035309
2559,83,83,0.5002463459968567
2560,92,62,0.5958570837974548
2561,26,51,0.3946087658405304
2562,39,86,0.10576284676790237
2563,86,97,0.5327296257019043
2564,93,7,0.11232773959636688
2565,16,16,0.3077627122402191
2566,85,85,0.9129754900932312
2567,27,43,0.28933554887771606
2568,76,31,0.3007058799266815
2569,89,69,0.2707054913043976
2570,42,59,0.3074941039085388
2571,18,84,0.09647510945796967
2572,14,14,0.39263924956321716
2573,4,21,0.2577536702156067
2574,73,67,0.4307142496109009
2575,71,67,0.15039269626140594
2576,20,25,0.3790029287338257
2577,20,15,0.17894667387008667
2578,16,84,0.10541883111000061
2579,51,51,0.615200400352478
2580,88,88,0.21204036474227905
2581,5,39,0.44201603531837463
2582,25,25,0.2612352669239044
2583,64,32,0.1620907187461853
2584,59,85,0.0874180793762207
2585,77,42,0.12410709261894226
2586,22,22,0.2403823882341385
2587,3,77,0.11607829481363297
2588,68,68,0.39160028100013733
2589,28,18,0.32829195261001587
2590,44,42,0.10876380652189255
2591,13,13,0.4436936676502228
2592,73,73,0.7290817499160767
2593,98,2,0.12640449404716492
2594,52,52,0.7588896751403809
2595,44,77,0.05606044456362724
2596,99,8,0.46938958764076233
2597,17,37,0.14829112589359283
2598,31,31,0.1797647476196289
2599,50,44,0.1250738650560379
2600,87,35,0.2787579596042633
2601,44,26,0.12671929597854614
2602,85,85,0.8605390787124634
2603,58,58,0.45377087593078613
2604,57,57,0.6659854054450989
2605,45,45,0.341580331325531
2606,28,28,0.12915518879890442
2607,5,50,0.10996074974536896
2608,11,2,0.1756320297718048
2609,81,33,0.4932209253311157
2610,46,80,0.08229681104421616
2611,67,73,0.36915650963783264
2612,96,96,0.4409632980823517
2613,69,71,0.22078175842761993
2614,19,84,0.07140598446130753
2615,55,55,0.09763491153717041
2616,75,75,0.8063691258430481
2617,31,66,0.1431078016757965
2618,97,32,0.18799042701721191
2619,66,45,0.14995090663433075
2620,51,32,0.0673556700348854
2621,71,54,0.20758186280727386
2622,29,80,0.16715288162231445
2623,4,91,0.10955250263214111
2624,89,85,0.2545957863330841
2625,99,44,0.21773456037044525
2626,67,67,0.46284887194633484
2627,39,67,0.1985398679971695
2628,52,52,0.30634304881095886
2629,59,59,0.4230959415435791
2630,12,6,0.09801419079303741
2631,96,96,0.39115944504737854
2632,16,46,0.20253218710422516
2633,36,36,0.6535171866416931
2634,64,64,0.21554473042488098
2635,27,37,0.14248131215572357
2636,81,81,0.42182132601737976
2637,37,37,0.48682358860969543
2638,11,21,0.30601125955581665
2639,85,32,0.20846670866012573
2640,50,65,0.2626424729824066
2641,35,97,0.28223395347595215
2642,78,58,0.2262999266386032
2643,6,70,0.2319035679101944
2644,72,75,0.15226151049137115
2645,70,70,0.4041283130645752
2646,74,4,0.11312929540872574
2647,42,88,0.24248364567756653
2648,0,0,0.9287704229354858
2649,41,41,0.924088180065155
2650,39,39,0.3811222314834595
2651,87,87,0.46066856384277344
2652,80,80,0.11581723392009735
2653,44,24,0.17853252589702606
2654,47,47,0.2484196275472641
2655,95,24,0.10567270964384079
2656,10,61,0.5099061727523804
2657,21,21,0.21483251452445984
2658,63,63,0.7311456203460693
2659,55,80,0.08272624760866165
2660,69,12,0.2747712731361389
2661,20,20,0.7124871611595154
2662,85,89,0.20297297835350037
2663,78,14,0.14620274305343628
2664,23,44,0.19240039587020874
2665,13,68,0.5206646919250488
2666,92,34,0.15354575216770172
2667,98,70,0.19562308490276337
2668,84,87,0.345635324716568
2669,75,75,0.5096530318260193
2670,10,14,0.25147607922554016
2671,4,14,0.0779438242316246
2672,52,59,0.32186827063560486
2673,55,27,0.11821012198925018
2674,61,86,0.2004757523536682
2675,89,15,0.2049170434474945
2676,57,57,0.6907215714454651
2677,50,43,0.11880498379468918
2678,42,39,0.10234469175338745
2679,40,78,0.2553692162036896
2680,91,51,0.1940375119447708
2681,88,37,0.14751584827899933
2682,73,44,0.08983154594898224
2683,49,29,0.22567607462406158
2684,20,20,0.9950838685035706
2685,2,46,0.2631757855415344
2686,16,16,0.9245426058769226
2687,26,93,0.05995571240782738
2688,91,91,0.9976857900619507
2689,88,84,0.15049447119235992
2690,85,85,0.3770833909511566
2691,28,28,0.5492170453071594
2692,27,26,0.14680327475070953
2693,83,53,0.23357966542243958
2694,54,54,0.5826669931411743
2695,65,34,0.12525717914104462
2696,71,69,0.3849758207798004
2697,77,14,0.12613873183727264
2698,13,58,0.5254011154174805
2699,56,96,0.23934604227542877
2700,76,76,0.46151474118232727
2701,37,17,0.4265959858894348
2702,3,97,0.10919100046157837
2703,72,21,0.0842093899846077
2704,63,43,0.1515575796365738
2705,46,46,0.11267504096031189
2706,75,74,0.10504026710987091
2707,90,90,0.3383104205131531
2708,26,26,0.3537508249282837
2709,60,60,0.6067438125610352
2710,49,49,0.5271691083908081
2711,50,50,0.152265727519989
2712,15,17,0.177376851439476
2713,2,35,0.12461261451244354
2714,78,15,0.10115287452936172
2715,94,94,0.6655495762825012
2716,86,3,0.09257476031780243
2717,25,5,0.23112107813358307
2718,11,51,0.20829233527183533
2719,13,89,0.38636237382888794
2720,4,24,0.15849849581718445
2721,40,15,0.13185358047485352
2722,47,56,0.14641433954238892
2723,44,74,0.10339947044849396
2724,90,96,0.1680377721786499
2725,95,95,0.17841681838035583
2726,78,45,0.07438072562217712
2727,7,7,0.7414985299110413
2728,78,87,0.1639091968536377
2729,39,86,0.36465001106262207
2730,40,69,0.1422666609287262
2731,69,73,0.40178966522216797
2732,72,72,0.14809907972812653
2733,64,38,0.2908572554588318
2734,47,47,0.4209957420825958
2735,60,60,0.3914843201637268
2736,78,22,0.3662048578262329
2737,36,63,0.10700036585330963
2738,75,75,0.4192338287830353
2739,36,36,0.25780874490737915
2740,82,82,0.1350795328617096
2741,88,43,0.2777494192123413
2742,38,91,0.14135703444480896
2743,36,36,0.1569415181875229
2744,81,12,0.37922951579093933
2745,72,57,0.13244549930095673
2746,50,64,0.05195864662528038
2747,2,45,0.1916658729314804
2748,52,52,0.5460606217384338
2749,68,68,0.8782163262367249
2750,44,44,0.23706918954849243
2751,6,83,0.23787082731723785
2752,53,57,0.300464928150177
2753,56,56,0.5143733024597168
2754,32,67,0.13836140930652618
2755,46,97,0.42661744356155396
2756,34,34,0.10927178710699081
2757,83,6,0.29144078493118286
2758,74,21,0.33232948184013367
2759,19,32,0.13307562470436096
2760,43,34,0.15282116830348969
2761,77,38,0.11738866567611694
2762,87,94,0.21647489070892334
2763,26,26,0.12419357150793076
2764,63,63,0.16531334817409515
2765,5,23,0.26014113426208496
2766,79,82,0.39890632033348083
2767,85,89,0.2618308365345001
2768,38,38,0.17331266403198242
2769,80,38,0.12171541899442673
2770,59,59,0.26097172498703003
2771,5,36,0.1545579433441162
2772,73,95,0.3215358555316925
2773,32,32,0.8466442823410034
2774,15,54,0.14544476568698883
2775,24,9,0.2981671988964081
2776,93,77,0.10853476822376251
2777,2,46,0.16199974715709686
2778,88,88,0.37319502234458923
2779,49,49,0.5636767148971558
2780,11,11,0.28971409797668457
2781,38,19,0.1624487042427063
2782,62,62,0.3637336194515228
2783,7,14,0.17487388849258423
2784,6,45,0.27670446038246155
2785,61,61,0.9909795522689819
2786,27,27,0.12972210347652435
2787,5,87,0.8737756609916687
2788,41,86,0.14159731566905975
2789,37,40,0.08493945002555847
2790,10,20,0.5524733066558838
2791,43,35,0.12343331426382065
2792,69,67,0.24428901076316833
2793,21,21,0.16047358512878418
2794,73,73,0.43711352348327637
2795,68,68,0.6070027351379395
2796,88,88,0.5321273803710938
2797,10,0,0.21892793476581573
2798,65,51,0.1479194313287735
2799,4,80,0.27659714221954346
2800,47,96,0.44308263063430786
2801,59,59,0.6087868213653564
2802,20,86,0.10974190384149551
2803,35,53,0.45153868198394775
2804,2,54,0.45436984300613403
2805,88,88,0.2577942907810211
2806,83,20,0.1950063407421112
2807,72,10,0.18331484496593475
2808,4,30,0.31734269857406616
2809,3,14,0.2528006434440613
2810,60,60,0.41187480092048645
2811,82,56,0.33509257435798645
2812,61,91,0.18266695737838745
2813,68,68,0.8901323080062866
2814,92,82,0.37877145409584045
2815,22,70,0.4385124444961548
2816,84,84,0.2012350708246231
2817,87,87,0.7420875430107117
2818,32,67,0.2016378492116928
2819,91,91,0.790559709072113
2820,38,66,0.11549250781536102
2821,36,36,0.19089820981025696
2822,9,9,0.9316819310188293
2823,63,63,0.34574636816978455
2824,57,18,0.3329026699066162
2825,50,44,0.16554464399814606
2826,97,97,0.11142230033874512
2827,27,42,0.29748308658599854
2828,34,97,0.17472660541534424
2829,69,56,0.16016630828380585
2830,1,1,0.3335569500923157
2831,82,82,0.23523442447185516
2832,13,12,0.15736201405525208
2833,84,65,0.32312706112861633
2834,15,15,0.5828006863594055
2835,97,21,0.17785590887069702
2836,22,22,0.34964168071746826
2837,27,80,0.17405393719673157
2838,18,18,0.2709745764732361
2839,79,7,0.2439059317111969
2840,98,46,0.32703763246536255
2841,74,63,0.29880765080451965
2842,97,64,0.1846705973148346
2843,13,87,0.07934476435184479
2844,78,78,0.22047844529151917
2845,88,6,0.4443153440952301
2846,98,46,0.17800703644752502
2847,78,26,0.13409298658370972
2848,5,98,0.07600369304418564
2849,4,38,0.11696157604455948
2850,17,17,0.634815514087677
2851,60,17,0.29807984828948975
2852,44,79,0.14624828100204468
2853,69,34,0.07321341335773468
2854,53,53,0.7088915109634399
2855,37,85,0.8694084882736206
2856,82,82,0.9189648628234863
2857,44,47,0.09258575737476349
2858,3,21,0.13133543729782104
2859,24,24,0.4557606279850006
2860,27,91,0.09431785345077515
2861,6,6,0.2760486900806427
2862,38,38,0.13134634494781494
2863,35,98,0.23372186720371246
2864,21,21,0.15607064962387085
2865,0,92,0.4878227114677429
2866,16,22,0.4789492189884186
2867,84,84,0.19652894139289856
2868,11,11,0.4937690496444702
2869,41,21,0.16675813496112823
2870,98,53,0.11484742164611816
2871,89,89,0.8140339255332947
2872,99,38,0.07837486267089844
2873,31,31,0.4696260094642639
2874,46,54,0.2333361655473709
2875,68,68,0.967331051826477
2876,47,20,0.4461681842803955
2877,47,52,0.39035722613334656
2878,11,28,0.1790883094072342
2879,95,22,0.11713921278715134
2880,70,70,0.4123546779155731
2881,23,23,0.394088476896286
2882,58,86,0.110868901014328
2883,50,39,0.12731415033340454
2884,27,27,0.13168638944625854
2885,8,8,0.2595280706882477
2886,47,96,0.3755205273628235
2887,27,66,0.07282397150993347
2888,3,4,0.13359417021274567
2889,68,68,0.34399470686912537
2890,53,53,0.5767934918403625
2891,34,97,0.07364796847105026
2892,68,68,0.8408355712890625
2893,96,8,0.5413486957550049
2894,53,0,0.5242526531219482
2895,19,97,0.10759948194026947
2896,70,62,0.21142859756946564
2897,21,64,0.18418744206428528
2898,90,45,0.14264824986457825
2899,11,44,0.07233095914125443
2900,21,21,0.37535813450813293
2901,4,51,0.10832466930150986
2902,1,69,0.17945848405361176
2903,53,53,0.39441347122192383
2904,29,26,0.21370720863342285
2905,93,86,0.24483653903007507
2906,14,14,0.384796142578125
2907,91,91,0.9950209856033325
2908,71,23,0.3553270995616913
2909,88,42,0.3093295395374298
2910,98,98,0.17493963241577148
2911,89,89,0.543982744216919
2912,27,38,0.23621851205825806
2913,71,60,0.2647199332714081
2914,64,97,0.09497672319412231
2915,94,87,0.16275964677333832
2916,61,93,0.12304338812828064
2917,20,5,0.14702601730823517
2918,83,6,0.3366154134273529
2919,3,3,0.15101781487464905
2920,38,42,0.13021762669086456
2921,99,39,0.15010353922843933
2922,5,5,0.3538568615913391
2923,11,46,0.10156961530447006
2924,84,65,0.2548666000366211
2925,88,46,0.35489732027053833
2926,6,20,0.3216104209423065
2927,67,75,0.1858523190021515
2928,5,25,0.20242631435394287
2929,31,31,0.4522078335285187
2930,65,64,0.2916509807109833
2931,59,52,0.5281679034233093
2932,30,30,0.5937021970748901
2933,97,97,0.3249606490135193
2934,64,35,0.13477399945259094
2935,46,35,0.2233172506093979
2936,22,22,0.7956397533416748
2937,51,36,0.14833392202854156
2938,25,53,0.4098248779773712
2939,18,29,0.13434676826000214
2940,78,74,0.07837552577257156
2941,56,8,0.15924757719039917
2942,88,77,0.0796528160572052
2943,24,24,0.7507668137550354
2944,5,5,0.1946636289358139
2945,22,36,0.13287091255187988
2946,15,77,0.12106530368328094
2947,67,73,0.31217387318611145
2948,15,34,0.278376966714859
2949,2,35,0.11581279337406158
2950,60,23,0.5678879022598267
2951,41,41,0.2580069899559021
2952,11,31,0.22537298500537872
2953,70,82,0.3649292588233948
2954,76,76,0.1694272756576538
2955,81,88,0.1490146517753601
2956,89,89,0.21776384115219116
2957,24,91,0.1972227543592453
2958,30,73,0.6846743226051331
2959,50,46,0.15218771994113922
2960,0,0,0.2971382439136505
2961,75,75,0.5950881838798523
2962,63,18,0.1785670816898346
2963,9,98,0.12185253202915192
2964,36,36,0.1898757964372635
2965,20,20,0.6503420472145081
2966,7,7,0.18432027101516724
2967,74,97,0.3500584363937378
2968,24,29,0.35745102167129517
2969,73,67,0.34189462661743164
2970,32,65,0.2402380108833313
2971,35,43,0.1560053676366806
2972,82,82,0.37030839920043945
2973,87,24,0.41904154419898987
2974,31,95,0.16084496676921844
2975,14,6,0.1900537610054016
2976,73,67,0.46709272265434265
2977,47,96,0.3174605965614319
2978,65,36,0.17129254341125488
2979,77,77,0.09942097961902618
2980,51,54,0.10470740497112274
2981,61,61,0.7202916741371155
2982,30,30,0.1652621179819107
2983,32,46,0.21034349501132965
2984,66,66,0.14503037929534912
2985,29,29,0.646345853805542
2986,97,89,0.16464032232761383
2987,16,16,0.4005333185195923
2988,0,0,0.4250670373439789
2989,82,53,0.300705224275589
2990,43,80,0.14151915907859802
2991,23,67,0.2469167709350586
2992,89,81,0.4422401189804077
2993,9,6,0.1376308798789978
2994,16,16,0.425483763217926
2995,68,68,0.417175829410553
2996,2,91,0.13904374837875366
2997,45,67,0.23073801398277283
2998,44,66,0.15777280926704407
2999,23,23,0.17971228063106537
3000,38,64,0.08363483101129532
3001,56,45,0.2773135006427765
3002,40,40,0.13100875914096832
3003,35,35,0.24944764375686646
3004,73,72,0.10754092037677765
3005,0,0,0.6175090074539185
3006,88,28,0.28584080934524536
3007,23,49,0.1369982361793518
3008,7,57,0.1274193972349167
3009,42,63,0.2758331596851349
3010,77,65,0.11758100241422653
3011,9,11,0.10357300192117691
3012,35,6,0.16548891365528107
3013,96,33,0.5681184530258179
3014,83,56,0.28409284353256226
3015,94,87,0.165471151471138
3016,3,15,0.20602315664291382
3017,90,90,0.6300919055938721
3018,75,75,0.15843607485294342
3019,38,24,0.09169965982437134
3020,14,48,0.13676495850086212
3021,71,60,0.49802178144454956
3022,36,46,0.09598071873188019
3023,3,34,0.25555214285850525
3024,78,38,0.1311514973640442
3025,21,21,0.5459492206573486
3026,13,58,0.4189518392086029
3027,48,86,0.17325754463672638
3028,83,0,0.5561752915382385
3029,50,24,0.3078787922859192
3030,79,38,0.14941707253456116
3031,55,18,0.13404929637908936
3032,33,33,0.36172014474868774
3033,21,86,0.12402889877557755
3034,60,60,0.4855268597602844
3035,8,8,0.18259049952030182
3036,84,34,0.15383853018283844
3037,92,92,0.31017765402793884
3038,6,29,0.14701351523399353
3039,51,88,0.24712969362735748
3040,25,20,0.3693650960922241
3041,27,55,0.08040358871221542
3042,86,86,0.8532487750053406
3043,27,44,0.13635757565498352
3044,8,8,0.6294214725494385
3045,21,3,0.16750375926494598
3046,12,13,0.1815613955259323
3047,44,99,0.11325506865978241
3048,75,78,0.1840410679578781
3049,27,88,0.24484500288963318
3050,50,50,0.12004631757736206
3051,80,43,0.14955200254917145
3052,54,45,0.38963159918785095
3053,94,94,0.3324872851371765
3054,48,41,0.26904070377349854
3055,41,41,0.38979461789131165
3056,53,70,0.18867984414100647
3057,14,39,0.4089435040950775
3058,55,44,0.10209000110626221
3059,53,83,0.3136419951915741
3060,12,85,0.20072491466999054
3061,7,7,0.1536279022693634
3062,46,35,0.16421768069267273
3063,95,95,0.6189754009246826
3064,38,76,0.2684042751789093
3065,67,67,0.6203168630599976
3066,0,0,0.9618488550186157
3067,72,95,0.2921987473964691
3068,11,46,0.19088895618915558
3069,27,91,0.17534826695919037
3070,1,18,0.09027289599180222
3071,73,73,0.3699590265750885
3072,25,85,0.08709651976823807
3073,47,47,0.5744845271110535
3074,42,97,0.1064545214176178
3075,75,75,0.5166327357292175
3076,81,47,0.20878031849861145
3077,69,69,0.19932353496551514
3078,10,26,0.10891985148191452
3079,24,24,0.19069397449493408
3080,87,87,0.3678745627403259
3081,35,35,0.22102032601833344
3082,69,50,0.05428829789161682
3083,86,39,0.4487185776233673
3084,59,37,0.23769813776016235
3085,84,97,0.10574723035097122
3086,63,80,0.17425796389579773
3087,86,5,0.3219708502292633
3088,23,51,0.12080182135105133
3089,82,83,0.14800319075584412
3090,14,14,0.3942985534667969
3091,10,16,0.40032750368118286
3092,26,26,0.3853604197502136
3093,62,54,0.18290027976036072
3094,6,74,0.1119709461927414
3095,10,5,0.3820109963417053
3096,17,17,0.7441312074661255
3097,76,80,0.13825024664402008
3098,56,69,0.22051213681697845
3099,63,4,0.13935579359531403
3100,85,58,0.2603572905063629
3101,99,24,0.20305247604846954
3102,64,35,0.1577269434928894
3103,7,48,0.41011670231819153
3104,42,42,0.4289934039115906
3105,24,24,0.5939415097236633
3106,13,56,0.10417153686285019
3107,6,82,0.5342332720756531
3108,37,19,0.106414295732975
3109,16,10,0.1605929434299469
3110,33,19,0.12162522971630096
3111,48,82,0.47454601526260376
3112,44,44,0.1766178011894226
3113,80,33,0.10172467678785324
3114,19,19,0.2576364278793335
3115,82,82,0.5363245606422424
3116,46,8,0.2233598232269287
3117,33,33,0.15787172317504883
3118,31,31,0.07665125280618668
3119,86,86,0.2568662464618683
3120,59,51,0.11467640101909637
3121,3,3,0.28347235918045044
3122,9,9,0.5674681663513184
3123,57,57,0.8202506303787231
3124,54,28,0.38154423236846924
3125,43,43,0.3672710657119751
3126,35,35,0.3472909927368164
3127,93,64,0.11075699329376221
3128,62,62,0.1940458118915558
3129,88,42,0.42244207859039307
3130,64,74,0.1419306844472885
3131,78,78,0.23108577728271484
3132,45,2,0.13911913335323334
3133,36,15,0.13519832491874695
3134,1,10,0.24854795634746552
3135,43,43,0.1731427013874054
3136,34,51,0.258669912815094
3137,71,71,0.40319910645484924
3138,87,9,0.23254705965518951
3139,39,73,0.22161000967025757
3140,18,18,0.19690419733524323
3141,57,57,0.3632475435733795
3142,67,67,0.40009474754333496
3143,4,4,0.11795809864997864
3144,73,93,0.22283294796943665
3145,41,58,0.1875416487455368
3146,76,98,0.2965739369392395
3147,73,67,0.4614148736000061
3148,43,26,0.12909403443336487
3149,94,94,0.9024039506912231
3150,25,90,0.13841921091079712
3151,63,5,0.1285393387079239
3152,71,71,0.6737881898880005
3153,15,15,0.4489962160587311
3154,52,52,0.5608725547790527
3155,38,38,0.29332855343818665
3156,30,67,0.1607775241136551
3157,64,46,0.10151080787181854
3158,30,30,0.5780550241470337
3159,23,71,0.3990696668624878
3160,35,98,0.2979782521724701
3161,74,18,0.10103431344032288
3162,36,36,0.7747302055358887
3163,76,76,0.9569843411445618
3164,96,47,0.4494991600513458
3165,17,37,0.29721036553382874
3166,31,15,0.14836880564689636
3167,76,76,0.40357834100723267
3168,88,8,0.14327968657016754
3169,3,74,0.2033606320619583
3170,63,64,0.369833767414093
3171,2,46,0.1336788535118103
3172,77,77,0.16479308903217316
3173,49,49,0.15561529994010925
3174,92,70,0.3368380069732666
3175,17,37,0.2866884469985962
3176,80,7,0.14863348007202148
3177,89,6,0.13083168864250183
3178,3,31,0.2272341102361679
3179,88,88,0.272155225276947
3180,26,22,0.2853103578090668
3181,41,41,0.20622266829013824
3182,79,38,0.2690734565258026
3183,32,32,0.1463906615972519
3184,62,6,0.5763172507286072
3185,55,33,0.25514331459999084
3186,20,20,0.5286474823951721
3187,98,46,0.19046945869922638
3188,26,26,0.6974455714225769
3189,17,12,0.134417325258255
3190,1,36,0.10753186047077179
3191,32,35,0.17277519404888153
3192,43,43,0.311280757188797
3193,85,89,0.12398891896009445
3194,72,13,0.09514040499925613
3195,59,52,0.3589683771133423
3196,24,24,0.49059441685676575
3197,13,85,0.2585241198539734
3198,31,80,0.09173619002103806
3199,14,18,0.19718386232852936
3200,42,97,0.28113535046577454
3201,40,86,0.2524668872356415
3202,33,33,0.39107686281204224
3203,20,20,0.48690757155418396
3204,68,68,0.9206111431121826
3205,23,73,0.2995600402355194
3206,62,62,0.6407899260520935
3207,24,48,0.15913233160972595
3208,55,67,0.0950205847620964
3209,10,14,0.263881117105484
3210,22,45,0.33608728647232056
3211,70,20,0.5927786231040955
3212,79,97,0.18247899413108826
3213,73,73,0.3154571056365967
3214,45,2,0.15433987975120544
3215,84,9,0.19540183246135712
3216,9,9,0.6192763447761536
3217,70,54,0.5419736504554749
3218,96,52,0.5524055361747742
3219,97,97,0.2594878375530243
3220,33,49,0.33630481362342834
3221,67,67,0.39471256732940674
3222,21,21,0.2487579882144928
3223,90,59,0.12308024615049362
3224,62,46,0.18745215237140656
3225,57,67,0.09898002445697784
3226,25,25,0.408332496881485
3227,54,54,0.7435653805732727
3228,69,67,0.095754474401474
3229,40,98,0.4543065130710602
3230,41,84,0.2508063018321991
3231,93,90,0.17645804584026337
3232,9,89,0.11119350790977478
3233,83,45,0.2789401710033417
3234,7,2,0.10815019905567169
3235,25,20,0.38236483931541443
3236,13,58,0.5911493897438049
3237,90,19,0.1852966547012329
3238,16,20,0.2038300335407257
3239,12,1,0.18098124861717224
3240,48,48,0.8503808975219727
3241,50,98,0.26999881863594055
3242,37,37,0.6849281787872314
3243,49,49,0.23708361387252808
3244,60,60,0.2108405977487564
3245,36,43,0.13613010942935944
3246,37,44,0.10136458277702332
3247,39,33,0.18664327263832092
3248,65,67,0.16953995823860168
3249,91,99,0.16208593547344208
3250,70,11,0.11737842857837677
3251,90,90,0.17059750854969025
3252,99,67,0.24143236875534058
3253,10,10,0.22266057133674622
3254,4,74,0.23161980509757996
3255,21,86,0.31694865226745605
3256,48,48,0.4729119539260864
3257,36,2,0.21567130088806152
3258,31,63,0.1299172192811966
3259,66,8,0.15881963074207306
3260,5,53,0.2753572165966034
3261,92,51,0.22923623025417328
3262,93,91,0.40229323506355286
3263,60,25,0.1261557787656784
3264,50,63,0.08569031953811646
3265,93,74,0.16791056096553802
3266,28,18,0.227691188454628
3267,49,32,0.1078333780169487
3268,32,98,0.24495728313922882
3269,79,69,0.4085969924926758
3270,98,98,0.13724078238010406
3271,86,86,0.6732126474380493
3272,30,73,0.2864026129245758
3273,64,36,0.34096193313598633
3274,18,67,0.08718293160200119
3275,44,44,0.23219972848892212
3276,13,58,0.2499404102563858
3277,99,73,0.5691569447517395
3278,27,27,0.19406485557556152
3279,69,9,0.62216717004776
3280,87,87,0.6132991909980774
3281,6,35,0.3854362368583679
3282,22,80,0.11894261837005615
3283,50,57,0.1538943648338318
3284,90,13,0.43714672327041626
3285,71,73,0.23318573832511902
3286,20,70,0.3275712728500366
3287,91,33,0.11128100752830505
3288,90,21,0.1296629011631012
3289,71,71,0.5985284447669983
3290,49,76,0.3831849694252014
3291,42,38,0.07251179963350296
3292,57,57,0.45344021916389465
3293,20,20,0.9760963320732117
3294,63,63,0.3159085214138031
3295,67,73,0.405718058347702
3296,12,49,0.133693665266037
3297,91,91,0.4788702726364136
3298,39,91,0.17441654205322266
3299,20,6,0.24041181802749634
3300,73,73,0.4078949987888336
3301,52,52,0.41205134987831116
3302,69,76,0.21667179465293884
3303,56,8,0.1613702028989792
3304,10,28,0.24211466312408447
3305,51,48,0.19824054837226868
3306,44,29,0.15629729628562927
3307,62,54,0.6732466220855713
3308,62,83,0.2777762711048126
3309,43,80,0.14328517019748688
3310,30,30,0.6289374828338623
3311,6,82,0.5029689073562622
3312,99,61,0.26743412017822266
3313,35,35,0.27275002002716064
3314,79,79,0.4430432915687561
3315,35,98,0.12609292566776276
3316,9,28,0.10245078802108765
3317,20,24,0.12952573597431183
3318,79,79,0.6627987027168274
3319,15,15,0.4734415113925934
3320,87,87,0.6243048310279846
3321,37,31,0.4950483441352844
3322,20,91,0.18339844048023224
3323,60,60,0.9543840289115906
3324,33,33,0.6880554556846619
3325,67,67,0.3706081807613373
3326,92,14,0.16504667699337006
3327,73,33,0.15634380280971527
3328,88,45,0.07841313630342484
3329,38,80,0.1564098596572876
3330,90,81,0.2803500294685364
3331,70,45,0.14482001960277557
3332,77,98,0.10825720429420471
3333,84,26,0.17783990502357483
3334,16,16,0.15326692163944244
3335,18,45,0.20877982676029205
3336,80,65,0.2832261621952057
3337,51,92,0.2865199148654938
3338,42,97,0.267983078956604
3339,68,68,0.9903292655944824
3340,18,18,0.19994279742240906
3341,24,78,0.17143180966377258
3342,19,27,0.07792147248983383
3343,6,15,0.1507788598537445
3344,57,6,0.2737068235874176
3345,21,31,0.2183786928653717
3346,42,97,0.14853502810001373
3347,39,37,0.3931933045387268
3348,10,78,0.1959923654794693
3349,20,20,0.8975690007209778
3350,9,9,0.2560015618801117
3351,4,3,0.19468346238136292
3352,51,51,0.5531397461891174
3353,1,57,0.14747746288776398
3354,14,14,0.3126618266105652
3355,53,53,0.6925119161605835
3356,7,7,0.3329086899757385
3357,60,60,0.5917949080467224
3358,53,53,0.4019638001918793
3359,90,90,0.3791748583316803
3360,43,43,0.09606970101594925
3361,62,62,0.25808173418045044
3362,38,43,0.4340784549713135
3363,76,76,0.8153449296951294
3364,84,7,0.1532338559627533
3365,46,56,0.15225832164287567
3366,32,89,0.3589712679386139
3367,54,45,0.30952098965644836
3368,34,31,0.08834479749202728
3369,29,89,0.11249857395887375
3370,65,61,0.17508140206336975
3371,72,45,0.23401644825935364
3372,65,77,0.10205437988042831
3373,10,91,0.10741160064935684
3374,25,81,0.16041821241378784
3375,7,83,0.3807471692562103
3376,48,48,0.403562068939209
3377,90,58,0.3703562021255493
3378,94,94,0.4341898262500763
3379,42,80,0.1475207507610321
3380,4,72,0.11024343222379684
3381,55,33,0.0684509202837944
3382,99,74,0.12381020933389664
3383,68,33,0.23094777762889862
3384,6,45,0.13712094724178314
3385,24,50,0.1210172101855278
3386,82,82,0.7194136381149292
3387,43,80,0.13310568034648895
3388,71,71,0.366129070520401
3389,31,43,0.18694862723350525
3390,75,88,0.12088142335414886
3391,26,26,0.689874529838562
3392,49,49,0.24214209616184235
3393,98,46,0.251647412776947
3394,25,25,0.1306147277355194
3395,62,54,0.33487093448638916
3396,73,1,0.38186711072921753
3397,2,98,0.2887786030769348
3398,81,90,0.2693678140640259
3399,99,99,0.2978629767894745
3400,11,11,0.6646775603294373
3401,31,31,0.31122276186943054
3402,82,82,0.5937204360961914
3403,56,80,0.10360420495271683
3404,3,3,0.2944740951061249
3405,88,88,0.11407272517681122
3406,62,83,0.5127454996109009
3407,8,8,0.9612268209457397
3408,73,67,0.3634406328201294
3409,20,29,0.2341616004705429
3410,44,20,0.12677156925201416
3411,80,3,0.3234674334526062
3412,89,89,0.5994015336036682
3413,0,0,0.5076019763946533
3414,23,23,0.43225327134132385
3415,16,45,0.2675398588180542
3416,96,96,0.3079030215740204
3417,24,38,0.1877661794424057
3418,26,36,0.19922928512096405
3419,93,73,0.12144873291254044
3420,6,6,0.37093859910964966
3421,53,70,0.18953581154346466
3422,93,13,0.34722965955734253
3423,19,19,0.31062212586402893
3424,49,60,0.8819192051887512
3425,11,43,0.16728267073631287
3426,45,37,0.22260484099388123
3427,27,64,0.06106836721301079
3428,26,64,0.12960517406463623
3429,82,83,0.2857791781425476
3430,84,91,0.11461940407752991
3431,28,97,0.1453845202922821
3432,1,62,0.25398391485214233
3433,56,6,0.08714699745178223
3434,26,79,0.17764753103256226
3435,57,57,0.3244069218635559
3436,60,60,0.7877131104469299
3437,18,7,0.1582009196281433
3438,55,38,0.1296233832836151
3439,71,23,0.22719621658325195
3440,56,56,0.6547057032585144
3441,47,52,0.555718719959259
3442,21,21,0.6454326510429382
3443,36,30,0.2936360538005829
3444,9,9,0.19749706983566284
3445,41,74,0.20382720232009888
3446,24,29,0.17294012010097504
3447,75,75,0.7112166881561279
3448,5,25,0.20527252554893494
3449,32,32,0.41966596245765686
3450,12,12,0.1120009645819664
3451,57,53,0.27852463722229004
3452,84,20,0.2697141468524933
3453,76,76,0.17693795263767242
3454,65,29,0.09696211665868759
3455,12,49,0.37158066034317017
3456,21,21,0.10262278467416763
3457,23,67,0.23115701973438263
3458,76,67,0.32920676469802856
3459,29,29,0.8646435141563416
3460,57,0,0.38659313321113586
3461,75,27,0.09869442880153656
3462,32,32,0.8083591461181641
3463,25,88,0.1806764453649521
3464,96,52,0.7977062463760376
3465,56,56,0.6724677085876465
3466,49,49,0.4873538315296173
3467,8,8,0.3559156358242035
3468,19,4,0.10752388834953308
3469,98,74,0.16731677949428558
3470,39,38,0.1405152678489685
3471,71,71,0.6551452279090881
3472,46,98,0.20709961652755737
3473,3,3,0.13749511539936066
3474,41,18,0.30199792981147766
3475,64,43,0.20147602260112762
3476,37,89,0.17730386555194855
3477,8,8,0.4749564826488495
3478,13,13,0.1815716177225113
3479,99,36,0.2958802878856659
3480,31,38,0.2134333848953247
3481,35,98,0.2762845754623413
3482,52,96,0.258925199508667
3483,73,91,0.21303321421146393
3484,89,26,0.12104137986898422
3485,2,2,0.31615254282951355
3486,54,70,0.15782326459884644
3487,97,15,0.23453634977340698
3488,73,73,0.6317296624183655
3489,95,12,0.31570756435394287
3490,1,84,0.1821315735578537
3491,12,59,0.16809798777103424
3492,0,36,0.11598131060600281
3493,51,43,0.15723301470279694
3494,23,23,0.5660024881362915
3495,73,73,0.6917054057121277
3496,72,44,0.15849119424819946
3497,83,53,0.5344560742378235
3498,74,45,0.11642102152109146
3499,1,54,0.2989864647388458
3500,12,12,0.3704344630241394
3501,38,38,0.2987060844898224
3502,51,45,0.14714929461479187
3503,29,29,0.48241299390792847
3504,77,46,0.15259608626365662
3505,44,44,0.2568317651748657
3506,18,57,0.2440660297870636
3507,10,61,0.20531488955020905
3508,16,99,0.08972946554422379
3509,43,82,0.5126771926879883
3510,0,0,0.48240089416503906
3511,7,7,0.33052393794059753
3512,70,62,0.6455555558204651
3513,17,17,0.2909717559814453
3514,3,72,0.23050540685653687
3515,6,80,0.1264754831790924
3516,83,70,0.5200546383857727
3517,65,21,0.1547674536705017
3518,0,0,0.43542295694351196
3519,46,48,0.19449369609355927
3520,85,96,0.10393663495779037
3521,62,62,0.4615529179573059
3522,18,80,0.1808149516582489
3523,81,17,0.33690598607063293
3524,40,56,0.18569545447826385
3525,48,48,0.9350488781929016
3526,4,5,0.14264565706253052
3527,2,32,0.16044484078884125
3528,21,22,0.1420290768146515
3529,24,24,0.08090195059776306
3530,95,95,0.8503187894821167
3531,53,62,0.31255486607551575
3532,89,89,0.5358986258506775
3533,50,97,0.21899758279323578
3534,35,2,0.1311037540435791
3535,98,35,0.3043392300605774
3536,32,90,0.18281300365924835
3537,58,13,0.43077918887138367
3538,97,34,0.16057716310024261
3539,56,56,0.8147944808006287
3540,78,48,0.23984366655349731
3541,60,71,0.6234234571456909
3542,79,24,0.33730775117874146
3543,84,56,0.3857639729976654
3544,28,28,0.3882599174976349
3545,46,39,0.2586444318294525
3546,90,90,0.23873955011367798
3547,43,36,0.14804305136203766
3548,9,16,0.6049014925956726
3549,42,42,0.09283751249313354
3550,84,42,0.14988534152507782
3551,59,47,0.5017784833908081
3552,27,42,0.08284513652324677
3553,17,19,0.2546771764755249
3554,62,46,0.1954144686460495
3555,23,23,0.7397028207778931
3556,31,31,0.08743729442358017
3557,11,7,0.15373796224594116
3558,48,48,0.5891138911247253
3559,82,83,0.1142803207039833
3560,87,71,0.16873769462108612
3561,28,20,0.44189542531967163
3562,14,18,0.34109193086624146
3563,99,5,0.10822143405675888
3564,13,10,0.1595226228237152
3565,66,46,0.19515405595302582
3566,35,98,0.07948721200227737
3567,42,21,0.1359342634677887
3568,20,24,0.3612760305404663
3569,2,80,0.17005352675914764
3570,16,46,0.3169268071651459
3571,68,32,0.09436958283185959
3572,23,67,0.2006358802318573
3573,93,26,0.48024293780326843
3574,79,56,0.150294229388237
3575,87,87,0.6532593369483948
3576,41,41,0.9053745269775391
3577,2,86,0.22004647552967072
3578,96,4,0.11230014264583588
3579,39,75,0.1592520773410797
3580,49,49,0.1651511937379837
3581,57,14,0.06346851587295532
3582,96,52,0.4749966561794281
3583,12,59,0.18000078201293945
3584,38,15,0.3233170807361603
3585,65,38,0.12031088024377823
3586,39,88,0.09421706944704056
3587,93,73,0.37826210260391235
3588,83,18,0.318925142288208
3589,32,61,0.6045755743980408
3590,19,9,0.2116290032863617
3591,8,8,0.37878233194351196
3592,53,53,0.5970090627670288
3593,69,69,0.6566057801246643
3594,72,67,0.1524227410554886
3595,23,61,0.22466392815113068
3596,29,48,0.30060866475105286
3597,43,43,0.21215756237506866
3598,88,6,0.1062585860490799
3599,11,46,0.2882290482521057
3600,96,33,0.16057942807674408
3601,62,62,0.36726945638656616
3602,54,45,0.24731193482875824
3603,2,46,0.22742629051208496
3604,73,73,0.36056387424468994
3605,34,34,0.27413100004196167
3606,48,48,0.33591827750205994
3607,34,38,0.177612766623497
3608,34,45,0.09636038541793823
3609,94,94,0.6655899286270142
3610,88,79,0.21368266642093658
3611,67,67,0.5831593871116638
3612,71,71,0.46790778636932373
3613,97,51,0.10432017594575882
3614,7,20,0.4793786108493805
3615,35,41,0.2812801003456116
3616,77,43,0.16051502525806427
3617,95,30,0.54948890209198
3618,44,86,0.5380404591560364
3619,45,25,0.10339628159999847
3620,27,27,0.14960485696792603
3621,80,80,0.12874597311019897
3622,84,34,0.206608384847641
3623,99,22,0.12288656085729599
3624,52,52,0.3768620193004608
3625,92,92,0.2565867304801941
3626,70,54,0.10306887328624725
3627,16,33,0.23870931565761566
3628,88,31,0.12348638474941254
3629,25,99,0.11240582913160324
3630,58,89,0.26660746335983276
3631,79,79,0.31432169675827026
3632,54,57,0.17584815621376038
3633,73,73,0.5709331631660461
3634,50,54,0.21656839549541473
3635,47,52,0.7875386476516724
3636,51,85,0.08389291912317276
3637,78,89,0.31693363189697266
3638,26,45,0.2790483832359314
3639,50,50,0.07756626605987549
3640,17,68,0.9157823920249939
3641,86,86,0.32807570695877075
3642,72,84,0.15569108724594116
3643,87,37,0.22027917206287384
3644,34,34,0.34144121408462524
3645,47,59,0.28813350200653076
3646,25,36,0.1673092395067215
3647,72,60,0.15940047800540924
3648,29,29,0.4268134534358978
3649,95,93,0.2324805110692978
3650,86,86,0.3133174777030945
3651,92,14,0.4881930351257324
3652,78,38,0.08885379880666733
3653,3,21,0.6907099485397339
3654,28,28,0.8910529613494873
3655,58,13,0.43790143728256226
3656,66,66,0.21093453466892242
3657,78,18,0.493630588054657
3658,38,31,0.1582127958536148
3659,22,66,0.17404209077358246
3660,66,75,0.12176726013422012
3661,95,95,0.5499463081359863
3662,45,17,0.23328420519828796
3663,97,7,0.17888468503952026
3664,65,91,0.16514863073825836
3665,54,46,0.16754309833049774
3666,71,87,0.17924325168132782
3667,70,77,0.1074352040886879
3668,80,38,0.35641348361968994
3669,85,85,0.6678184866905212
3670,28,87,0.32317349314689636
3671,41,41,0.9956722259521484
3672,71,71,0.44077321887016296
3673,64,14,0.21634113788604736
3674,75,75,0.17712406814098358
3675,90,4,0.17443378269672394
3676,7,24,0.37216368317604065
3677,37,15,0.45716023445129395
3678,23,23,0.5011292695999146
3679,54,2,0.27666813135147095
3680,84,26,0.20198068022727966
3681,86,11,0.34511470794677734
3682,8,89,0.29074662923812866
3683,22,61,0.5449633598327637
3684,51,38,0.13562719523906708
3685,75,24,0.13524487614631653
3686,26,26,0.6829937696456909
3687,11,97,0.32725948095321655
3688,3,39,0.21926826238632202
3689,46,36,0.28443777561187744
3690,64,32,0.2931726276874542
3691,92,70,0.40551748871803284
3692,55,51,0.10744126886129379
3693,39,78,0.19679845869541168
3694,66,51,0.12086097151041031
3695,86,21,0.16061148047447205
3696,85,81,0.2018413096666336
3697,0,1,0.2123018205165863
3698,8,93,0.12956035137176514
3699,27,42,0.13337132334709167
3700,57,57,0.1712867021560669
3701,13,13,0.19733692705631256
3702,94,94,0.5306570529937744
3703,40,80,0.1331436187028885
3704,61,61,0.4311544895172119
3705,94,94,0.7345457077026367
3706,17,15,0.07038819044828415
3707,11,21,0.22025546431541443
3708,1,34,0.11074572056531906
3709,4,80,0.10844786465167999
3710,49,76,0.40582412481307983
3711,77,86,0.16038616001605988
3712,0,0,0.9562367796897888
3713,1,34,0.08366316556930542
3714,80,18,0.10404593497514725
3715,48,7,0.22822053730487823
3716,39,48,0.30776840448379517
3717,55,72,0.08111599832773209
3718,38,38,0.14590278267860413
3719,12,49,0.35310620069503784
3720,35,43,0.1893642544746399
3721,12,68,0.7083237171173096
3722,78,7,0.22031022608280182
3723,87,70,0.20165492594242096
3724,11,63,0.16033993661403656
3725,0,0,0.9607288837432861
3726,95,95,0.4348105192184448
3727,90,89,0.5640446543693542
3728,10,10,0.6753672957420349
3729,88,34,0.2757171094417572
3730,10,10,0.3084004819393158
3731,97,97,0.5184670090675354
3732,48,89,0.20122449100017548
3733,63,63,0.15193262696266174
3734,51,43,0.37636828422546387
3735,52,47,0.30854666233062744
3736,47,43,0.08995707333087921
3737,85,27,0.0939389020204544
3738,69,73,0.4356148838996887
3739,65,56,0.36276429891586304
3740,81,37,0.30096450448036194
3741,30,73,0.3531968593597412
3742,51,51,0.4347749948501587
3743,69,23,0.38156989216804504
3744,28,99,0.25574496388435364
3745,4,77,0.07002653181552887
3746,31,70,0.17244403064250946
3747,97,97,0.5869737267494202
3748,48,7,0.4882507026195526
3749,64,38,0.1399051547050476
3750,80,66,0.10533463209867477
3751,0,0,0.8846678137779236
3752,0,32,0.2354443520307541
3753,5,5,0.1961347907781601
3754,45,44,0.11778470873832703
3755,13,81,0.4284055531024933
3756,90,17,0.28230369091033936
3757,85,83,0.4462270140647888
3758,56,56,0.4046979248523712
3759,51,26,0.11671927571296692
3760,34,8,0.10780847817659378
3761,44,82,0.28977611660957336
3762,91,91,0.5933039784431458
3763,85,41,0.1622036248445511
3764,56,56,0.7414975762367249
3765,10,84,0.1385166347026825
3766,46,56,0.36685657501220703
3767,93,73,0.25695130228996277
3768,77,77,0.2715108096599579
3769,81,12,0.25373685359954834
3770,82,82,0.922408401966095
3771,18,86,0.07667896151542664
3772,66,42,0.15508714318275452
3773,56,56,0.5046600699424744
3774,49,49,0.5230821371078491
3775,0,0,0.1783556491136551
3776,70,92,0.2873471975326538
3777,63,63,0.6562314629554749
3778,99,80,0.1752435863018036
3779,14,35,0.12272525578737259
3780,5,5,0.29139599204063416
3781,26,45,0.4252794086933136
3782,24,79,0.10513219237327576
3783,86,93,0.24422712624073029
3784,64,75,0.09981362521648407
3785,55,99,0.15321902930736542
3786,1,1,0.4343896508216858
3787,94,94,0.4778026342391968
3788,74,74,0.2806689143180847
3789,6,57,0.28752127289772034
3790,25,25,0.35131195187568665
3791,52,96,0.4275785982608795
3792,90,90,0.17542164027690887
3793,5,35,0.3017332851886749
3794,40,40,0.3401608467102051
3795,41,58,0.1316179782152176
3796,49,73,0.3364352583885193
3797,76,6,0.16389746963977814
3798,19,3,0.13438600301742554
3799,44,48,0.4926753640174866
3800,49,49,0.3187843859195709
3801,57,83,0.5423800349235535
3802,85,74,0.08617361634969711
3803,63,63,0.2020624428987503
3804,91,91,0.9829742908477783
3805,63,97,0.16451573371887207
3806,94,94,0.4504561424255371
3807,55,72,0.10479160398244858
3808,59,59,0.4340611696243286
3809,21,21,0.18770913779735565
3810,59,76,0.24531227350234985
3811,47,47,0.7801191806793213
3812,31,74,0.17125952243804932
3813,60,60,0.29801687598228455
3814,44,66,0.21915100514888763
3815,25,0,0.18469715118408203
3816,11,99,0.13717696070671082
3817,97,15,0.17832571268081665
3818,96,52,0.3874378800392151
3819,3,21,0.1474718600511551
3820,46,46,0.29345768690109253
3821,85,85,0.24249312281608582
3822,56,69,0.20426666736602783
3823,34,70,0.15937799215316772
3824,50,4,0.10937058925628662
3825,41,48,0.8174961805343628
3826,87,33,0.16065019369125366
3827,38,61,0.15567398071289062
3828,83,10,0.1812105029821396
3829,45,45,0.30805909633636475
3830,77,27,0.14327237010002136
3831,15,97,0.22679337859153748
3832,47,47,0.7973623871803284
3833,68,68,0.9609261155128479
3834,46,32,0.21731847524642944
3835,87,87,0.45813077688217163
3836,61,22,0.4483587145805359
3837,69,73,0.3731704354286194
3838,49,49,0.5318911671638489
3839,86,8,0.30647987127304077
3840,89,88,0.07277895510196686
3841,36,43,0.4434897303581238
3842,59,47,0.2653243839740753
3843,67,67,0.43565043807029724
3844,54,14,0.131381094455719
3845,72,21,0.2629651427268982
3846,3,59,0.12087682634592056
3847,62,26,0.16670085489749908
3848,60,94,0.19065026938915253
3849,97,97,0.22285817563533783
3850,40,9,0.15572144091129303
3851,69,69,0.605363130569458
3852,4,72,0.206313356757164
3853,94,94,0.21945656836032867
3854,65,38,0.28599148988723755
3855,39,36,0.09736639261245728
3856,87,87,0.8311135768890381
3857,48,48,0.7317908406257629
3858,93,7,0.09240403026342392
3859,38,18,0.1682690680027008
3860,67,73,0.34599432349205017
3861,26,7,0.07393648475408554
3862,1,64,0.1150667741894722
3863,10,1,0.2407960444688797
3864,41,14,0.29346099495887756
3865,47,47,0.5343445539474487
3866,78,44,0.08453277498483658
3867,87,84,0.13359951972961426
3868,13,58,0.34109604358673096
3869,11,98,0.4157337248325348
3870,57,57,0.9866065979003906
3871,45,45,0.14284691214561462
3872,39,73,0.2727756202220917
3873,8,8,0.9850069880485535
3874,55,80,0.3385787308216095
3875,21,29,0.21539293229579926
3876,65,76,0.15703102946281433
3877,97,38,0.20262892544269562
3878,90,12,0.37460872530937195
3879,98,2,0.2822459042072296
3880,63,74,0.2839626967906952
3881,78,42,0.31521978974342346
3882,44,42,0.44586166739463806
3883,44,26,0.19848701357841492
3884,15,84,0.09045806527137756
3885,53,43,0.14469487965106964
3886,97,87,0.36241087317466736
3887,13,72,0.07174663245677948
3888,9,9,0.20345118641853333
3889,75,75,0.2775839567184448
3890,73,73,0.31152570247650146
3891,84,2,0.1045900359749794
3892,84,64,0.1681961864233017
3893,48,7,0.24094970524311066
3894,12,12,0.4715319871902466
3895,25,35,0.099875807762146
3896,7,7,0.11224715411663055
3897,90,85,0.616423487663269
3898,7,7,0.446388840675354
3899,55,19,0.13819944858551025
3900,90,86,0.07098622620105743
3901,86,87,0.4178810715675354
3902,67,67,0.1840507686138153
3903,54,70,0.2917886972427368
3904,77,74,0.24512256681919098
3905,60,60,0.646949827671051
3906,9,9,0.42890051007270813
3907,54,56,0.27011898159980774
3908,34,43,0.1491502970457077
3909,68,68,0.9015631675720215
3910,25,26,0.18221139907836914
3911,71,71,0.3771451711654663
3912,20,20,0.8635281920433044
3913,89,90,0.23767152428627014
3914,24,7,0.15195105969905853
3915,84,84,0.10914192348718643
3916,4,72,0.15830616652965546
3917,59,29,0.28466686606407166
3918,26,45,0.17536336183547974
3919,18,64,0.2186293751001358
3920,37,52,0.31018003821372986
3921,98,50,0.12964577972888947
3922,64,88,0.19801415503025055
3923,74,80,0.17176684737205505
3924,94,94,0.6414297819137573
3925,5,61,0.39402538537979126
3926,43,76,0.30178382992744446
3927,97,97,0.35497844219207764
3928,23,30,0.2420322149991989
3929,93,73,0.25504228472709656
3930,15,27,0.11963073909282684
3931,17,37,0.30202847719192505
3932,1,70,0.19168801605701447
3933,58,90,0.25875067710876465
3934,31,41,0.10981494188308716
3935,8,30,0.1408623903989792
3936,45,44,0.09044583141803741
3937,28,28,0.11357477307319641
3938,23,23,0.5631005764007568
3939,19,19,0.8103152513504028
3940,88,86,0.44718968868255615
3941,87,87,0.2812374234199524
3942,82,62,0.35490357875823975
3943,26,45,0.23081082105636597
3944,33,33,0.16882312297821045
3945,63,33,0.1208517923951149
3946,16,10,0.3295348584651947
3947,13,13,0.3459923267364502
3948,91,54,0.21010775864124298
3949,76,76,0.13150513172149658
3950,76,76,0.5923609733581543
3951,38,97,0.4094069302082062
3952,10,98,0.379294216632843
3953,70,70,0.6536334156990051
3954,17,37,0.33658891916275024
3955,78,21,0.20919540524482727
3956,56,30,0.4331718683242798
3957,75,75,0.7684008479118347
3958,57,82,0.21797965466976166
3959,79,6,0.5379173755645752
3960,90,64,0.08580967783927917
3961,38,42,0.17028355598449707
3962,51,47,0.2701556980609894
3963,27,38,0.1603465974330902
3964,71,71,0.7650119066238403
3965,96,96,0.3077016770839691
3966,6,19,0.13008610904216766
3967,40,40,0.3693516254425049
3968,51,88,0.3561721742153168
3969,47,60,0.3542475402355194
3970,37,12,0.4476082921028137
3971,41,41,0.9297789335250854
3972,66,97,0.15799295902252197
3973,67,67,0.47786322236061096
3974,41,18,0.15150220692157745
3975,82,82,0.923497200012207
3976,14,6,0.2632037103176117
3977,23,71,0.17279504239559174
3978,6,83,0.22841958701610565
3979,98,46,0.39177295565605164
3980,11,54,0.31318655610084534
3981,7,7,0.2386780083179474
3982,65,65,0.09742601215839386
3983,64,77,0.13656018674373627
3984,40,82,0.32859280705451965
3985,15,32,0.12873484194278717
3986,1,99,0.2751750349998474
3987,29,24,0.7105464935302734
3988,38,21,0.43709275126457214
3989,75,14,0.19194819033145905
3990,40,86,0.11657853424549103
3991,31,31,0.6364056468009949
3992,60,60,0.3218408524990082
3993,79,45,0.14614617824554443
3994,63,63,0.6055550575256348
3995,6,6,0.5198325514793396
3996,36,5,0.17491666972637177
3997,31,15,0.19334667921066284
3998,21,21,0.30505263805389404
3999,52,52,0.45564547181129456
4000,71,71,0.3698360323905945
4001,1,1,0.5296489596366882
4002,61,26,0.47720277309417725
4003,34,88,0.13069231808185577
4004,34,66,0.22236840426921844
4005,77,51,0.4063585698604584
4006,35,2,0.11147052049636841
4007,37,17,0.48518455028533936
4008,7,97,0.11335521936416626
4009,70,32,0.19638288021087646
4010,20,20,0.38556867837905884
4011,93,26,0.21172769367694855
4012,41,58,0.2162008285522461
4013,92,82,0.12101855129003525
4014,87,87,0.8757509589195251
4015,46,65,0.10693477839231491
4016,30,30,0.18986935913562775
4017,30,73,0.2697125971317291
4018,46,35,0.1219371110200882
4019,85,81,0.20207181572914124
4020,32,29,0.2118549793958664
4021,14,14,0.31538811326026917
4022,51,54,0.23912405967712402
4023,24,24,0.7861765623092651
4024,5,23,0.18379001319408417
4025,49,49,0.3186657130718231
4026,61,46,0.43699824810028076
4027,89,81,0.3218941390514374
4028,48,48,0.19109860062599182
4029,98,98,0.14599943161010742
4030,7,78,0.38419926166534424
4031,94,94,0.5333552956581116
4032,37,12,0.20579704642295837
4033,94,33,0.07281440496444702
4034,94,87,0.4439285099506378
4035,52,52,0.5494599342346191
4036,11,35,0.20027321577072144
4037,61,61,0.6632813215255737
4038,41,41,0.38632476329803467
4039,50,74,0.12288442254066467
4040,84,33,0.15423640608787537
4041,76,76,0.3632490336894989
4042,18,84,0.39019668102264404
4043,64,35,0.15093183517456055
4044,80,80,0.14576521515846252
4045,62,82,0.3233490586280823
4046,11,11,0.17755603790283203
4047,41,10,0.1589207500219345
4048,69,69,0.6593180894851685
4049,34,66,0.2218540757894516
4050,2,5,0.5351003408432007
4051,45,43,0.17413891851902008
4052,62,62,0.2916206419467926
4053,87,94,0.13501091301441193
4054,99,65,0.13535650074481964
4055,45,8,0.18038633465766907
4056,2,35,0.40993544459342957
4057,27,77,0.11699503660202026
4058,91,88,0.13860240578651428
4059,19,31,0.10548266768455505
4060,56,56,0.6100531816482544
4061,20,20,0.8901699185371399
4062,92,70,0.27566206455230713
4063,54,6,0.1152021512389183
4064,75,75,0.5553696155548096
4065,9,37,0.1772078424692154
4066,83,57,0.5867581963539124
4067,27,33,0.07359389215707779
4068,95,95,0.6140236854553223
4069,49,25,0.20466169714927673
4070,14,42,0.27525943517684937
4071,2,2,0.1407177448272705
4072,43,43,0.4195353388786316
4073,96,33,0.2184007167816162
4074,95,99,0.19184251129627228
4075,66,38,0.17006614804267883
4076,81,45,0.10895726084709167
4077,9,57,0.2641172409057617
4078,44,47,0.19065912067890167
4079,99,99,0.2087029069662094
4080,87,87,0.8241302967071533
4081,79,79,0.10535039007663727
4082,11,46,0.24589797854423523
4083,59,59,0.15850184857845306
4084,18,7,0.114338219165802
4085,62,73,0.3364901542663574
4086,96,96,0.5521226525306702
4087,94,89,0.5619354844093323
4088,49,49,0.7728011608123779
4089,47,82,0.24187754094600677
4090,72,50,0.11135586351156235
4091,26,51,0.132656529545784
4092,71,71,0.42608779668807983
4093,76,76,0.16096894443035126
4094,21,55,0.11665579676628113
4095,81,81,0.5512024760246277
4096,30,72,0.09308487921953201
4097,99,14,0.2705008089542389
4098,64,43,0.28717944025993347
4099,92,83,0.25306227803230286
4100,0,0,0.9460393786430359
4101,6,45,0.11444886028766632
4102,74,22,0.16098622977733612
4103,82,82,0.9960992336273193
4104,13,12,0.3745343089103699
4105,69,69,0.3156200647354126
4106,8,8,0.771408200263977
4107,3,90,0.10179048031568527
4108,74,63,0.12287410348653793
4109,89,89,0.30331116914749146
4110,11,97,0.18769976496696472
4111,16,61,0.5770370364189148
4112,92,70,0.31706878542900085
4113,79,18,0.16626304388046265
4114,86,86,0.16925276815891266
4115,72,32,0.07174985855817795
4116,95,20,0.18324987590312958
4117,38,80,0.10247785598039627
4118,42,63,0.15264484286308289
4119,65,65,0.1800096035003662
4120,61,75,0.25769922137260437
4121,68,68,0.4660263657569885
4122,17,17,0.8514493107795715
4123,41,44,0.08888557553291321
4124,49,49,0.18094593286514282
4125,20,39,0.3035229444503784
4126,4,33,0.06028202921152115
4127,75,38,0.14575745165348053
4128,48,70,0.27632424235343933
4129,13,13,0.2842961251735687
4130,60,60,0.6004707217216492
4131,67,97,0.18230707943439484
4132,62,92,0.4691627323627472
4133,17,17,0.4817278981208801
4134,37,84,0.13242807984352112
4135,32,59,0.08344190567731857
4136,59,85,0.3646529018878937
4137,59,17,0.2774142026901245
4138,38,38,0.3199988603591919
4139,70,24,0.36126720905303955
4140,79,67,0.09629155695438385
4141,11,46,0.5176625847816467
4142,49,32,0.129340261220932
4143,44,91,0.43850743770599365
4144,0,0,0.8228530883789062
4145,26,6,0.12399350851774216
4146,45,33,0.11293826252222061
4147,48,48,0.9151689410209656
4148,1,1,0.3720349669456482
4149,33,33,0.2823200225830078
4150,57,9,0.28113627433776855
4151,10,45,0.08562024682760239
4152,37,17,0.19868895411491394
4153,97,97,0.3677893280982971
4154,44,84,0.11741620302200317
4155,43,43,0.16943101584911346
4156,63,65,0.31276074051856995
4157,55,55,0.19339269399642944
4158,37,37,0.16855555772781372
4159,20,83,0.2604231834411621
4160,49,23,0.48476874828338623
4161,19,19,0.4305398762226105
4162,16,16,0.15401504933834076
4163,26,10,0.17529575526714325
4164,21,98,0.15472358465194702
4165,79,67,0.4192541837692261
4166,40,40,0.2619549632072449
4167,68,60,0.3755069375038147
4168,74,66,0.09715525060892105
4169,95,73,0.5569804906845093
4170,46,46,0.5595132112503052
4171,94,94,0.9457619786262512
4172,68,68,0.3564547598361969
4173,13,13,0.2443462759256363
4174,22,26,0.15616868436336517
4175,83,62,0.33685627579689026
4176,46,32,0.17027384042739868
4177,74,88,0.3354502022266388
4178,35,11,0.22876711189746857
4179,60,25,0.27354738116264343
4180,11,2,0.11276280134916306
4181,21,21,0.4725917875766754
4182,34,43,0.18423625826835632
4183,39,64,0.3871273994445801
4184,65,2,0.14809198677539825
4185,13,81,0.24328938126564026
4186,20,20,0.45326662063598633
4187,21,21,0.6969606876373291
4188,99,53,0.07220996916294098
4189,68,68,0.9158552885055542
4190,88,78,0.07887087017297745
4191,93,4,0.21595314145088196
4192,49,60,0.48560747504234314
4193,69,69,0.6055731177330017
4194,17,17,0.7276196479797363
4195,55,23,0.14322808384895325
4196,81,81,0.3675858974456787
4197,63,56,0.06295307725667953
4198,14,63,0.29634296894073486
4199,73,60,0.09106098860502243
4200,17,81,0.4048607647418976
4201,13,58,0.16038477420806885
4202,95,30,0.43931254744529724
4203,99,94,0.18097800016403198
4204,61,22,0.3653242588043213
4205,24,24,0.34803062677383423
4206,22,22,0.33496367931365967
4207,23,23,0.708645224571228
4208,94,16,0.4105232357978821
4209,33,60,0.36420345306396484
4210,90,90,0.25358298420906067
4211,8,89,0.23399287462234497
4212,68,60,0.41460734605789185
4213,52,52,0.5188570618629456
4214,20,20,0.835324764251709
4215,64,31,0.1563866287469864
4216,54,54,0.6342845559120178
4217,53,53,0.4509303569793701
4218,3,66,0.09438486397266388
4219,4,7,0.2594262361526489
4220,88,76,0.13929125666618347
4221,53,53,0.6279220581054688
4222,27,91,0.1582966446876526
4223,5,91,0.15274687111377716
4224,47,47,0.6690124273300171
4225,97,97,0.09296271950006485
4226,5,2,0.13600504398345947
4227,35,2,0.23725977540016174
4228,71,49,0.36928650736808777
4229,54,51,0.16968408226966858
4230,54,92,0.37597960233688354
4231,17,17,0.4468613862991333
4232,56,18,0.09514924883842468
4233,54,70,0.4007156491279602
4234,15,27,0.09375198185443878
4235,69,69,0.5801426768302917
4236,65,65,0.23587734997272491
4237,24,24,0.5856826901435852
4238,42,19,0.05316725745797157
4239,8,8,0.6312180757522583
4240,72,20,0.15576119720935822
4241,77,45,0.2107280194759369
4242,75,48,0.19538865983486176
4243,66,86,0.6637834310531616
4244,93,73,0.2269279807806015
4245,94,94,0.8744706511497498
4246,27,12,0.14795255661010742
4247,98,46,0.4926829934120178
4248,75,64,0.14778350293636322
4249,44,44,0.08209217339754105
4250,37,19,0.32075849175453186
4251,8,33,0.16010445356369019
4252,10,61,0.6455029845237732
4253,84,65,0.13124658167362213
4254,72,77,0.07933587580919266
4255,34,51,0.2303563803434372
4256,37,81,0.43636655807495117
4257,2,53,0.1043945699930191
4258,86,86,0.4390476644039154
4259,20,20,0.7293683290481567
4260,90,49,0.17277033627033234
4261,49,29,0.21918633580207825
4262,95,30,0.6755968332290649
4263,29,82,0.5049791932106018
4264,34,34,0.12820979952812195
4265,46,24,0.20452842116355896
4266,43,43,0.2787889242172241
4267,72,33,0.13030767440795898
4268,18,18,0.15207457542419434
4269,51,51,0.1490948349237442
4270,87,87,0.6503167152404785
4271,18,32,0.16060714423656464
4272,41,83,0.30404961109161377
4273,93,44,0.24836313724517822
4274,72,20,0.11442761868238449
4275,95,73,0.4549388885498047
4276,19,19,0.507128119468689
4277,34,43,0.19683654606342316
4278,42,95,0.2650323212146759
4279,79,38,0.13966919481754303
4280,79,79,0.31021589040756226
4281,17,97,0.314932644367218
4282,73,73,0.6116536855697632
4283,97,50,0.17869684100151062
4284,45,88,0.06107011064887047
4285,97,38,0.18894162774085999
4286,29,89,0.17905496060848236
4287,86,86,0.08750872313976288
4288,29,29,0.10987237095832825
4289,0,0,0.8417871594429016
4290,19,97,0.13284604251384735
4291,12,12,0.6775435209274292
4292,91,80,0.10935421288013458
4293,75,91,0.39461708068847656
4294,97,34,0.10328476130962372
4295,50,36,0.09888630360364914
4296,13,13,0.32726532220840454
4297,61,61,0.46339690685272217
4298,74,44,0.09815774857997894
4299,85,89,0.06418430805206299
4300,29,99,0.28751006722450256
4301,67,63,0.19253282248973846
4302,50,86,0.14333869516849518
4303,43,43,0.3744840919971466
4304,50,42,0.21468506753444672
4305,3,3,0.30248159170150757
4306,25,25,0.2609151005744934
4307,13,13,0.7502040266990662
4308,50,20,0.2240249514579773
4309,56,56,0.5158179402351379
4310,60,60,0.6084600687026978
4311,30,79,0.1531270146369934
4312,61,73,0.1823272705078125
4313,34,34,0.12937608361244202
4314,84,94,0.2871600091457367
4315,1,1,0.574540913105011
4316,58,58,0.3328129053115845
4317,35,54,0.5278379917144775
4318,4,91,0.09281142055988312
4319,77,50,0.09140128642320633
4320,42,97,0.1682463437318802
4321,22,32,0.11410120129585266
4322,87,87,0.7370750308036804
4323,38,97,0.14843498170375824
4324,11,98,0.0957333967089653
4325,9,69,0.10037317126989365
4326,32,32,0.13127391040325165
4327,12,37,0.3507658541202545
4328,50,65,0.23036620020866394
4329,8,89,0.13094565272331238
4330,96,59,0.251460462808609
4331,61,61,0.3729192614555359
4332,9,32,0.27942535281181335
4333,43,88,0.16609501838684082
4334,9,9,0.34318408370018005
4335,58,89,0.42212527990341187
4336,92,70,0.5357418656349182
4337,32,56,0.1417028158903122
4338,32,54,0.21067334711551666
4339,25,20,0.3682492673397064
4340,0,0,0.8079679608345032
4341,34,23,0.17416921257972717
4342,75,75,0.8557599782943726
4343,68,97,0.12649482488632202
4344,27,93,0.1086951270699501
4345,15,64,0.19291158020496368
4346,0,20,0.29776522517204285
4347,38,31,0.09860952198505402
4348,10,25,0.16652847826480865
4349,3,34,0.11819422245025635
4350,44,97,0.24440257251262665
4351,30,67,0.3697936236858368
4352,43,18,0.12229592353105545
4353,59,15,0.06042540818452835
4354,50,65,0.12074196338653564
4355,40,20,0.22002720832824707
4356,67,73,0.10586287081241608
4357,76,28,0.07869721204042435
4358,49,17,0.40165799856185913
4359,98,61,0.2369307279586792
4360,57,57,0.39099472761154175
4361,16,16,0.37495580315589905
4362,56,56,0.586542010307312
4363,84,84,0.2238166630268097
4364,75,7,0.27480077743530273
4365,50,64,0.13438497483730316
4366,90,89,0.24680517613887787
4367,10,0,0.3618980348110199
4368,83,83,0.2061813324689865
4369,22,48,0.11635830253362656
4370,59,52,0.3222326934337616
4371,93,30,0.19040273129940033
4372,36,57,0.08846528828144073
4373,51,1,0.4784039855003357
4374,6,6,0.1751275509595871
4375,74,68,0.4875333607196808
4376,82,82,0.8994982242584229
4377,1,57,0.2469078153371811
4378,97,43,0.09179683029651642
4379,12,17,0.4271670877933502
4380,79,45,0.14013180136680603
4381,49,49,0.638484001159668
4382,94,87,0.4305775761604309
4383,39,39,0.09610217064619064
4384,25,87,0.3303562104701996
4385,98,98,0.16505376994609833
4386,10,31,0.2354264259338379
4387,58,18,0.10160866379737854
4388,79,20,0.22327125072479248
4389,54,23,0.1428293138742447
4390,64,80,0.14852985739707947
4391,1,37,0.15207059681415558
4392,24,24,0.3619469106197357
4393,46,46,0.33636561036109924
4394,51,51,0.0627623051404953
4395,45,2,0.08425590395927429
4396,70,70,0.44154462218284607
4397,29,42,0.11496937274932861
4398,96,52,0.2642035484313965
4399,2,2,0.4061104357242584
4400,7,24,0.45529869198799133
4401,95,54,0.18758639693260193
4402,27,27,0.1784425973892212
4403,83,53,0.6049273610115051
4404,89,89,0.2771299481391907
4405,7,51,0.281787633895874
4406,52,52,0.2967020273208618
4407,24,24,0.5237021446228027
4408,49,49,0.29725420475006104
4409,5,84,0.1626947671175003
4410,80,63,0.21066327393054962
4411,53,45,0.08575255423784256
4412,75,75,0.5951110124588013
4413,55,38,0.1629941761493683
4414,14,64,0.11475735902786255
4415,15,31,0.3935830891132355
4416,69,76,0.14596247673034668
4417,51,43,0.10578867048025131
4418,24,24,0.6993942856788635
4419,19,33,0.2634182572364807
4420,2,2,0.29104378819465637
4421,68,68,0.5160834193229675
4422,24,24,0.24894195795059204
4423,75,75,0.22288554906845093
4424,75,75,0.26115554571151733
4425,41,41,0.7714564800262451
4426,13,78,0.05878463760018349
4427,44,55,0.13325655460357666
4428,41,18,0.11355145275592804
4429,31,63,0.18209409713745117
4430,74,42,0.12491308152675629
4431,18,18,0.3686576187610626
4432,43,43,0.6474267244338989
4433,0,0,0.6433797478675842
4434,13,22,0.07411428540945053
4435,15,32,0.1069231852889061
4436,7,18,0.20938917994499207
4437,17,17,0.35475480556488037
4438,83,56,0.2659759521484375
4439,92,54,0.3211318552494049
4440,79,56,0.18834681808948517
4441,34,34,0.1348973512649536
4442,74,6,0.07914219796657562
4443,86,86,0.627181887626648
4444,20,20,0.8654655814170837
4445,50,29,0.15513260662555695
4446,72,15,0.1824892908334732
4447,14,14,0.20437751710414886
4448,86,99,0.21694272756576538
4449,88,45,0.08661537617444992
4450,98,98,0.28470516204833984
4451,4,38,0.12893275916576385
4452,77,43,0.24533195793628693
4453,1,1,0.3191829323768616
4454,79,18,0.20566746592521667
4455,12,87,0.07698163390159607
4456,87,87,0.8602346181869507
4457,78,7,0.23693016171455383
4458,65,65,0.43769749999046326
4459,1,70,0.2796313166618347
4460,59,52,0.623168408870697
4461,48,11,0.12167588621377945
4462,83,59,0.19279687106609344
4463,58,48,0.2237253338098526
4464,13,86,0.11753962934017181
4465,56,56,0.3458177149295807
4466,94,94,0.4840772747993469
4467,50,61,0.20297901332378387
4468,13,58,0.49490079283714294
4469,55,63,0.15978850424289703
4470,97,66,0.3552606999874115
4471,10,10,0.5293572545051575
4472,7,7,0.5073953866958618
4473,21,4,0.09626647084951401
4474,19,19,0.23201414942741394
4475,22,22,0.5175936818122864
4476,54,97,0.174638032913208
4477,75,75,0.6110011339187622
4478,75,75,0.5370780229568481
4479,27,73,0.4161341190338135
4480,5,94,0.1765850931406021
4481,75,75,0.3510153591632843
4482,6,18,0.08328960090875626
4483,75,75,0.36052432656288147
4484,35,11,0.18210303783416748
4485,19,14,0.17421968281269073
4486,79,33,0.16293960809707642
4487,48,6,0.3568056523799896
4488,18,18,0.24718035757541656
4489,12,71,0.5338462591171265
4490,32,89,0.12733200192451477
4491,3,31,0.34249624609947205
4492,60,60,0.2891601026058197
4493,65,62,0.10937093198299408
4494,85,90,0.2677607536315918
4495,77,6,0.23181623220443726
4496,43,36,0.24843518435955048
4497,65,15,0.1309138387441635
4498,85,85,0.14214642345905304
4499,96,47,0.6639717817306519
4500,98,9,0.16588923335075378
4501,66,14,0.08689592033624649
4502,62,62,0.4354284405708313
4503,73,73,0.32849326729774475
4504,83,93,0.08001669496297836
4505,65,91,0.16763027012348175
4506,58,58,0.35402438044548035
4507,12,60,0.20747102797031403
4508,19,17,0.5852893590927124
4509,38,15,0.18131421506404877
4510,27,13,0.23616667091846466
4511,81,87,0.514462411403656
4512,21,21,0.10864321887493134
4513,29,29,0.6575396656990051
4514,51,51,0.2891676425933838
4515,58,58,0.6110231280326843
4516,88,64,0.2061033397912979
4517,89,89,0.08947102725505829
4518,5,12,0.4175269305706024
4519,15,94,0.47690871357917786
4520,10,10,0.4239668548107147
4521,37,22,0.15190939605236053
4522,95,73,0.674471378326416
4523,50,2,0.15637478232383728
4524,30,30,0.33790063858032227
4525,74,94,0.18646001815795898
4526,98,4,0.19061829149723053
4527,33,68,0.35787564516067505
4528,40,20,0.17245878279209137
4529,50,84,0.18787600100040436
4530,52,96,0.584872305393219
4531,14,14,0.4519314169883728
4532,63,3,0.3189206123352051
4533,72,55,0.13438671827316284
4534,53,53,0.42480263113975525
4535,91,91,0.9871878623962402
4536,81,13,0.24864411354064941
4537,73,64,0.22238248586654663
4538,16,20,0.2741814851760864
4539,32,72,0.1477205902338028
4540,90,76,0.2257634550333023
4541,33,33,0.2294873744249344
4542,52,52,0.4427778422832489
4543,41,62,0.10518014430999756
4544,11,36,0.26576972007751465
4545,38,57,0.0974503755569458
4546,14,7,0.1459358185529709
4547,56,24,0.4656877815723419
4548,43,97,0.18764445185661316
4549,80,51,0.14231142401695251
4550,65,38,0.09485267102718353
4551,46,79,0.40290218591690063
4552,92,53,0.34248411655426025
4553,52,52,0.40472933650016785
4554,75,75,0.7105826735496521
4555,78,97,0.1633058339357376
4556,60,60,0.8271529674530029
4557,70,70,0.47521257400512695
4558,36,26,0.30331969261169434
4559,19,73,0.05748048424720764
4560,2,2,0.384329229593277
4561,8,97,0.19548478722572327
4562,61,61,0.8727559447288513
4563,55,49,0.09497769176959991
4564,24,24,0.5173909664154053
4565,47,45,0.22259216010570526
4566,30,73,0.27747637033462524
4567,70,92,0.3968489170074463
4568,25,5,0.34633809328079224
4569,7,78,0.20395077764987946
4570,28,36,0.23530982434749603
4571,67,73,0.5643236041069031
4572,53,98,0.17191806435585022
4573,28,28,0.22634577751159668
4574,11,11,0.3557685613632202
4575,54,54,0.1446431428194046
4576,74,42,0.1519010215997696
4577,66,97,0.11105097085237503
4578,41,41,0.8556263446807861
4579,4,4,0.1025143712759018
4580,95,95,0.6434160470962524
4581,47,47,0.9302839040756226
4582,52,52,0.4557618796825409
4583,59,47,0.2839089035987854
4584,68,68,0.14002032577991486
4585,21,93,0.14764367043972015
4586,13,91,0.05148404836654663
4587,62,62,0.38144922256469727
4588,58,58,0.5096772313117981
4589,92,20,0.27541524171829224
4590,18,18,0.21318456530570984
4591,24,24,0.6862410306930542
4592,30,30,0.263449102640152
4593,78,44,0.10294228792190552
4594,14,32,0.44607892632484436
4595,86,86,0.8001057505607605
4596,78,18,0.2241346389055252
4597,76,32,0.25558584928512573
4598,68,68,0.8789549469947815
4599,56,56,0.10095042735338211
4600,70,70,0.33353492617607117
4601,31,3,0.2334451526403427
4602,97,97,0.7162227034568787
4603,72,63,0.12085757404565811
4604,7,18,0.21497845649719238
4605,84,7,0.18857412040233612
4606,43,43,0.10794704407453537
4607,61,61,0.3233503997325897
4608,33,33,0.1073945015668869
4609,42,33,0.362136572599411
4610,89,57,0.3201141059398651
4611,42,42,0.3951018750667572
4612,38,50,0.20544594526290894
4613,92,0,0.15799668431282043
4614,24,30,0.4771813154220581
4615,49,49,0.5121289491653442
4616,7,7,0.20472222566604614
4617,52,52,0.60887211561203
4618,66,97,0.17392659187316895
4619,99,99,0.2673256993293762
4620,96,96,0.22451724112033844
4621,34,33,0.21081775426864624
4622,14,45,0.08955297619104385
4623,11,31,0.17282314598560333
4624,92,1,0.25228479504585266
4625,29,29,0.4272890090942383
4626,4,26,0.1342192441225052
4627,3,75,0.1927538514137268
4628,55,75,0.29241639375686646
4629,61,61,0.45722058415412903
4630,90,72,0.11817028373479843
4631,94,25,0.17371760308742523
4632,29,47,0.25299981236457825
4633,90,81,0.18995308876037598
4634,43,64,0.12963341176509857
4635,21,46,0.2131495326757431
4636,66,64,0.172932431101799
4637,57,57,0.18469561636447906
4638,25,20,0.1880349963903427
4639,37,17,0.1173575147986412
4640,0,10,0.46454542875289917
4641,1,1,0.248240664601326
4642,56,76,0.36059167981147766
4643,30,67,0.4941871762275696
4644,80,3,0.2674992084503174
4645,93,55,0.15957070887088776
4646,8,9,0.12202480435371399
4647,23,27,0.1650976538658142
4648,98,43,0.24903622269630432
4649,64,4,0.10153903812170029
4650,69,30,0.4787360727787018
4651,68,68,0.9495397210121155
4652,72,72,0.21312622725963593
4653,1,83,0.14817604422569275
4654,35,86,0.0914052277803421
4655,92,34,0.14194509387016296
4656,22,13,0.6135290265083313
4657,52,52,0.7375890016555786
4658,90,59,0.18155746161937714
4659,91,46,0.2671205997467041
4660,37,12,0.4230667054653168
4661,71,49,0.4880424737930298
4662,27,18,0.1444544643163681
4663,89,89,0.26177874207496643
4664,28,98,0.1201498806476593
4665,56,15,0.1365051120519638
4666,0,7,0.09094759076833725
4667,79,80,0.10787390172481537
4668,20,5,0.3718079924583435
4669,18,18,0.15970151126384735
4670,39,25,0.24294158816337585
4671,79,79,0.5604144334793091
4672,45,29,0.2843805253505707
4673,96,29,0.11678129434585571
4674,68,42,0.10916484892368317
4675,24,24,0.1231217235326767
4676,0,45,0.09099011868238449
4677,42,63,0.2501954734325409
4678,81,58,0.34570568799972534
4679,80,24,0.08871456980705261
4680,81,81,0.2635752558708191
4681,87,35,0.41165006160736084
4682,33,68,0.26792269945144653
4683,9,9,0.3974328637123108
4684,46,98,0.24690139293670654
4685,59,19,0.21219898760318756
4686,7,7,0.1767364889383316
4687,64,32,0.1582275629043579
4688,70,62,0.27348318696022034
4689,25,33,0.17198529839515686
4690,46,46,0.4387837052345276
4691,89,15,0.3768783211708069
4692,93,3,0.29492321610450745
4693,58,91,0.1448860466480255
4694,37,17,0.3960428535938263
4695,91,91,0.898544430732727
4696,3,33,0.11683208495378494
4697,57,57,0.5249563455581665
4698,75,86,0.16957342624664307
4699,5,54,0.4438076913356781
4700,80,33,0.10897848010063171
4701,70,70,0.45894014835357666
4702,64,97,0.18403609097003937
4703,34,34,0.3390772044658661
4704,22,11,0.15218378603458405
4705,54,54,0.332368940114975
4706,34,14,0.12248571962118149
4707,32,80,0.14592906832695007
4708,9,21,0.1932789534330368
4709,31,7,0.20120874047279358
4710,77,18,0.19426226615905762
4711,43,43,0.19067689776420593
4712,33,33,0.5523110628128052
4713,79,9,0.08199691027402878
4714,63,31,0.16636338829994202
4715,63,3,0.16436664760112762
4716,1,97,0.13236388564109802
4717,99,91,0.17470373213291168
4718,27,45,0.08166764676570892
4719,12,33,0.686478316783905
4720,74,74,0.24598205089569092
4721,93,34,0.0905773863196373
4722,20,20,0.4240066111087799
4723,60,25,0.13472236692905426
4724,66,13,0.23616135120391846
4725,40,40,0.24389541149139404
4726,59,33,0.39488837122917175
4727,92,34,0.14517581462860107
4728,46,91,0.10318204760551453
4729,47,96,0.36720800399780273
4730,52,52,0.5657430291175842
4731,89,89,0.44397449493408203
4732,6,18,0.4830365478992462
4733,93,74,0.20721541345119476
4734,94,34,0.10467054694890976
4735,54,54,0.6030115485191345
4736,15,47,0.273286372423172
4737,96,96,0.33098042011260986
4738,79,43,0.11050046980381012
4739,49,39,0.1395501345396042
4740,13,81,0.2542872726917267
4741,41,41,0.5393550992012024
4742,14,88,0.18589085340499878
4743,30,30,0.5876859426498413
4744,76,76,0.4247216284275055
4745,21,29,0.12327499687671661
4746,82,82,0.7837130427360535
4747,52,52,0.5062751173973083
4748,79,65,0.08185912668704987
4749,4,34,0.1363276243209839
4750,46,46,0.31598785519599915
4751,14,88,0.39222124218940735
4752,43,43,0.4803180694580078
4753,32,98,0.48439353704452515
4754,34,19,0.13715265691280365
4755,83,20,0.37620264291763306
4756,13,89,0.2371332347393036
4757,19,34,0.1358204483985901
4758,31,15,0.31910961866378784
4759,67,67,0.5013211965560913
4760,0,0,0.3886491060256958
4761,95,65,0.19870783388614655
4762,32,3,0.08546531945466995
4763,33,71,0.5670019388198853
4764,71,23,0.4286816418170929
4765,8,48,0.47052446007728577
4766,64,36,0.0754350796341896
4767,53,47,0.25733572244644165
4768,47,96,0.3219479024410248
4769,22,30,0.1548646092414856
4770,30,30,0.47045427560806274
4771,22,22,0.40052634477615356
4772,7,26,0.2792092561721802
4773,84,5,0.4163542091846466
4774,56,60,0.4135863482952118
4775,92,92,0.2559942305088043
4776,30,95,0.6583185195922852
4777,23,79,0.12435770779848099
4778,63,63,0.14524932205677032
4779,22,26,0.09591894596815109
4780,57,22,0.38343703746795654
4781,24,24,0.443006306886673
4782,23,67,0.35657283663749695
4783,32,97,0.13702651858329773
4784,72,17,0.2179558426141739
4785,82,82,0.7656217217445374
4786,64,64,0.3022691309452057
4787,43,84,0.08231593668460846
4788,13,58,0.33597812056541443
4789,98,11,0.21087895333766937
4790,26,26,0.5417078733444214
4791,55,3,0.2396981567144394
4792,83,57,0.2523728609085083
4793,12,12,0.37469130754470825
4794,76,30,0.2585667371749878
4795,47,52,0.44261208176612854
4796,24,24,0.9211112260818481
4797,92,62,0.42242440581321716
4798,40,67,0.16473408043384552
4799,86,86,0.3760160505771637
4800,39,94,0.19503459334373474
4801,31,59,0.2602245509624481
4802,37,90,0.11300777643918991
4803,71,71,0.6406304836273193
4804,39,6,0.08551332354545593
4805,72,67,0.29309773445129395
4806,87,20,0.24155190587043762
4807,17,17,0.3701564371585846
4808,13,59,0.11792699992656708
4809,39,1,0.14894308149814606
4810,35,35,0.14853337407112122
4811,54,54,0.19087131321430206
4812,88,43,0.22422301769256592
4813,1,1,0.2504359483718872
4814,61,61,0.8358858227729797
4815,24,24,0.46479207277297974
4816,69,23,0.33215463161468506
4817,4,74,0.12744022905826569
4818,9,87,0.24941018223762512
4819,98,21,0.3050069212913513
4820,74,91,0.24743258953094482
4821,58,48,0.7495400309562683
4822,76,21,0.928670346736908
4823,96,24,0.24806424975395203
4824,4,87,0.18324752151966095
4825,84,84,0.19171255826950073
4826,30,95,0.49221497774124146
4827,88,33,0.23268334567546844
4828,79,79,0.5775743722915649
4829,5,23,0.15132096409797668
4830,10,16,0.465009868144989
4831,33,53,0.23782861232757568
4832,54,7,0.12949180603027344
4833,36,34,0.2585374116897583
4834,46,2,0.1377563625574112
4835,6,6,0.4188072979450226
4836,46,35,0.3405388295650482
4837,86,86,0.5368351936340332
4838,39,85,0.3641320466995239
4839,83,83,0.33589479327201843
4840,77,51,0.11099109798669815
4841,69,23,0.3256758749485016
4842,65,43,0.3671914041042328
4843,14,78,0.13603180646896362
4844,33,25,0.1617269665002823
4845,61,61,0.9391147494316101
4846,35,39,0.0939050242304802
4847,20,25,0.10597363859415054
4848,9,9,0.694728672504425
4849,37,37,0.5159469246864319
4850,63,27,0.1172790601849556
4851,82,82,0.9563042521476746
4852,46,90,0.12176214158535004
4853,72,74,0.06883273273706436
4854,77,43,0.12250550836324692
4855,16,70,0.14897699654102325
4856,64,97,0.24861469864845276
4857,46,46,0.4375721514225006
4858,23,23,0.23665177822113037
4859,22,36,0.21259869635105133
4860,75,75,0.544618546962738
4861,78,38,0.25600138306617737
4862,46,81,0.24113178253173828
4863,10,1,0.08546049892902374
4864,85,32,0.22413370013237
4865,7,26,0.17688526213169098
4866,68,68,0.9599632620811462
4867,31,31,0.09548956900835037
4868,91,91,0.7083032131195068
4869,28,99,0.36357080936431885
4870,58,19,0.15115104615688324
4871,55,97,0.11751855909824371
4872,91,91,0.9865359663963318
4873,19,31,0.3793543577194214
4874,59,96,0.13922280073165894
4875,44,79,0.13544510304927826
4876,98,98,0.289945513010025
4877,27,44,0.15779438614845276
4878,34,80,0.09997854381799698
4879,17,17,0.3088280260562897
4880,25,87,0.6012481451034546
4881,58,86,0.2114325761795044
4882,29,38,0.22407253086566925
4883,85,85,0.15546908974647522
4884,85,80,0.09943598508834839
4885,25,10,0.1499473601579666
4886,35,2,0.1935100257396698
4887,12,13,0.19318297505378723
4888,8,59,0.42565104365348816
4889,34,19,0.3227948546409607
4890,16,16,0.9085664749145508
4891,86,87,0.11584090441465378
4892,48,48,0.5335336923599243
4893,49,49,0.6493963003158569
4894,15,98,0.21520261466503143
4895,55,44,0.19574999809265137
4896,53,1,0.1339733898639679
4897,99,39,0.412063330411911
4898,66,86,0.2225399762392044
4899,26,10,0.4733966290950775
4900,88,51,0.2599782943725586
4901,64,38,0.09684370458126068
4902,87,87,0.9686312079429626
4903,41,63,0.1785135269165039
4904,17,56,0.28234294056892395
4905,40,7,0.265329509973526
4906,6,6,0.2617378532886505
4907,55,97,0.11523175239562988
4908,8,7,0.5074963569641113
4909,95,95,0.49174371361732483
4910,94,25,0.22919417917728424
4911,3,74,0.14613740146160126
4912,2,62,0.4377745985984802
4913,56,56,0.8834296464920044
4914,66,65,0.19166284799575806
4915,4,80,0.13267476856708527
4916,68,60,0.4364641010761261
4917,11,35,0.35800158977508545
4918,20,20,0.9474027156829834
4919,49,76,0.26473885774612427
4920,23,23,0.48803284764289856
4921,72,97,0.106550432741642
4922,16,16,0.2086338996887207
4923,0,57,0.552091658115387
4924,86,86,0.5653043389320374
4925,59,56,0.6894804239273071
4926,93,2,0.07643178850412369
4927,48,48,0.2567557096481323
4928,40,40,0.15294645726680756
4929,33,38,0.12514960765838623
4930,17,17,0.2949436604976654
4931,52,59,0.30066221952438354
4932,54,35,0.18733087182044983
4933,94,43,0.1081869900226593
4934,87,86,0.22910864651203156
4935,77,50,0.16951599717140198
4936,79,44,0.10298274457454681
4937,5,87,0.2683130204677582
4938,91,23,0.21766294538974762
4939,28,54,0.5616811513900757
4940,30,67,0.4740355908870697
4941,7,7,0.3786052465438843
4942,25,21,0.14153695106506348
4943,42,18,0.19481627643108368
4944,75,40,0.119134820997715
4945,31,67,0.15546192228794098
4946,14,33,0.474511981010437
4947,94,94,0.8416783809661865
4948,57,57,0.46494558453559875
4949,63,97,0.16175323724746704
4950,81,13,0.4053102731704712
4951,4,45,0.3680371940135956
4952,99,30,0.20959602296352386
4953,45,45,0.08622527867555618
4954,32,32,0.45012736320495605
4955,11,76,0.09123721718788147
4956,9,9,0.13972042500972748
4957,59,96,0.42290136218070984
4958,81,45,0.09099435061216354
4959,40,56,0.23361070454120636
4960,48,79,0.1576506644487381
4961,6,6,0.6496850252151489
4962,98,11,0.07976115494966507
4963,70,20,0.43538716435432434
4964,93,64,0.19240979850292206
4965,0,0,0.6234292984008789
4966,14,24,0.6381433606147766
4967,49,49,0.6310144662857056
4968,51,51,0.23619388043880463
4969,4,3,0.0907716304063797
4970,14,7,0.21339452266693115
4971,42,42,0.17784669995307922
4972,80,65,0.1110089123249054
4973,68,68,0.2829262912273407
4974,78,24,0.5585954189300537
4975,47,47,0.8191674947738647
4976,31,31,0.153855562210083
4977,62,82,0.35117772221565247
4978,62,92,0.2694099247455597
4979,90,90,0.1319691687822342
4980,8,8,0.20989146828651428
4981,9,76,0.11998816579580307
4982,51,1,0.24929220974445343
4983,91,91,0.34840890765190125
4984,80,38,0.08196941018104553
4985,79,79,0.6894218921661377
4986,22,86,0.2808059751987457
4987,18,18,0.43164581060409546
4988,61,61,0.46905606985092163
4989,62,53,0.4255298674106598
4990,54,54,0.7084864974021912
4991,34,34,0.36164170503616333
4992,42,42,0.6131322383880615
4993,33,33,0.5379982590675354
4994,16,97,0.13100996613502502
4995,99,0,0.28732821345329285
4996,99,35,0.14539040625095367
4997,27,72,0.10834354162216187
4998,13,90,0.18298062682151794
4999,39,39,0.6999486684799194
5000,56,56,0.22347497940063477
5001,53,53,0.40951505303382874
5002,82,53,0.20642662048339844
5003,48,14,0.3043171167373657
5004,76,76,0.8165633678436279
5005,82,82,0.9792114496231079
5006,49,49,0.4018326699733734
5007,40,29,0.1287432312965393
5008,58,13,0.3967756927013397
5009,58,19,0.31275784969329834
5010,28,35,0.12534566223621368
5011,37,37,0.19697345793247223
5012,38,97,0.09691296517848969
5013,93,50,0.11465398222208023
5014,68,68,0.7421501278877258
5015,13,82,0.6182376742362976
5016,42,97,0.18690408766269684
5017,35,54,0.40257930755615234
5018,68,68,0.9600452184677124
5019,47,42,0.10075738281011581
5020,13,12,0.16413286328315735
5021,91,91,0.31814733147621155
5022,53,91,0.11349477618932724
5023,23,23,0.507297933101654
5024,29,25,0.18568070232868195
5025,89,89,0.17827847599983215
5026,35,35,0.2527298927307129
5027,43,43,0.27965790033340454
5028,62,54,0.1384614109992981
5029,15,51,0.16064707934856415
5030,9,9,0.9754111170768738
5031,97,38,0.22241637110710144
5032,15,99,0.20012156665325165
5033,44,44,0.22959856688976288
5034,75,32,0.22840750217437744
5035,84,13,0.16269327700138092
5036,33,33,0.09878715127706528
5037,41,29,0.2363022267818451
5038,6,19,0.13866357505321503
5039,71,71,0.4792104661464691
5040,78,63,0.1541418433189392
5041,17,17,0.3883307874202728
5042,76,76,0.35837289690971375
5043,78,21,0.4240078926086426
5044,88,66,0.2654493749141693
5045,49,49,0.3829070031642914
5046,35,46,0.35484954714775085
5047,54,51,0.2741730511188507
5048,86,86,0.6000967025756836
5049,12,56,0.378770649433136
5050,74,93,0.14888353645801544
5051,80,74,0.13098828494548798
5052,33,33,0.30704405903816223
5053,49,60,0.36710816621780396
5054,5,0,0.09220855683088303
5055,63,34,0.2646021842956543
5056,78,11,0.12962248921394348
5057,41,4,0.21370428800582886
5058,36,86,0.24439047276973724
5059,37,80,0.24010223150253296
5060,66,97,0.393011212348938
5061,98,20,0.18859677016735077
5062,76,76,0.4232179522514343
5063,8,89,0.17339113354682922
5064,13,48,0.09521453082561493
5065,53,53,0.2386671006679535
5066,87,5,0.3449578881263733
5067,19,19,0.18742932379245758
5068,38,86,0.05172338709235191
5069,18,91,0.26060789823532104
5070,32,32,0.7052032351493835
5071,88,7,0.341668963432312
5072,4,77,0.12299798429012299
5073,78,13,0.1406221091747284
5074,99,91,0.20653025805950165
5075,75,85,0.15384332835674286
5076,21,75,0.22971823811531067
5077,74,63,0.10847054421901703
5078,97,97,0.26851439476013184
5079,75,91,0.16117480397224426
5080,64,50,0.11172502487897873
5081,52,85,0.23637259006500244
5082,94,94,0.33011728525161743
5083,10,61,0.3138881325721741
5084,34,19,0.14650088548660278
5085,14,92,0.23307709395885468
5086,21,66,0.11399011313915253
5087,61,10,0.2184956967830658
5088,1,13,0.21409107744693756
5089,80,80,0.12764090299606323
5090,21,21,0.15332426130771637
5091,81,95,0.425469309091568
5092,98,98,0.40505945682525635
5093,69,69,0.15288209915161133
5094,52,52,0.4945172071456909
5095,63,77,0.19632916152477264
5096,20,20,0.8433635830879211
5097,91,91,0.632256805896759
5098,68,68,0.9628323912620544
5099,64,98,0.20351408421993256
5100,76,76,0.897125244140625
5101,5,36,0.12043559551239014
5102,9,8,0.12772393226623535
5103,43,15,0.20803216099739075
5104,49,30,0.40584927797317505
5105,55,39,0.11246049404144287
5106,55,74,0.08501660078763962
5107,32,50,0.2128869593143463
5108,83,82,0.35832512378692627
5109,42,42,0.39198312163352966
5110,58,93,0.07479497045278549
5111,44,51,0.17938010394573212
5112,48,48,0.3762291967868805
5113,15,80,0.15943603217601776
5114,48,45,0.08173545449972153
5115,17,37,0.4356101453304291
5116,28,28,0.47234466671943665
5117,35,10,0.24232451617717743
5118,11,35,0.15996377170085907
5119,15,69,0.38606464862823486
5120,21,21,0.7670572400093079
5121,81,52,0.13948793709278107
5122,59,59,0.3831079602241516
5123,14,14,0.2093227654695511
5124,37,37,0.5978685021400452
5125,75,75,0.5461897253990173
5126,2,99,0.24980318546295166
5127,10,76,0.1605992317199707
5128,19,66,0.1452321857213974
5129,58,89,0.523969829082489
5130,90,90,0.4245167076587677
5131,43,46,0.24254953861236572
5132,3,31,0.42615053057670593
5133,71,37,0.13398900628089905
5134,23,71,0.15575000643730164
5135,28,28,0.4123547673225403
5136,68,68,0.4768604636192322
5137,80,17,0.53098464012146
5138,61,26,0.4842261075973511
5139,87,46,0.16982033848762512
5140,25,25,0.10660175234079361
5141,89,39,0.16905184090137482
5142,42,36,0.20340506732463837
5143,74,33,0.15136577188968658
5144,91,32,0.4702014923095703
5145,47,47,0.7976232767105103
5146,5,5,0.22200502455234528
5147,22,46,0.18371354043483734
5148,6,6,0.13550019264221191
5149,58,13,0.398017942905426
5150,91,63,0.1590784192085266
5151,61,61,0.9492697715759277
5152,91,32,0.18085208535194397
5153,71,68,0.3381919264793396
5154,74,74,0.21297158300876617
5155,82,26,0.24438335001468658
5156,66,46,0.11806177347898483
5157,30,30,0.43602123856544495
5158,47,47,0.9646263718605042
5159,38,64,0.12418577820062637
5160,45,43,0.21635837852954865
5161,54,54,0.6979032754898071
5162,48,48,0.5455987453460693
5163,13,13,0.2445714771747589
5164,85,58,0.45365169644355774
5165,3,63,0.1332046240568161
5166,28,30,0.08291743695735931
5167,21,21,0.18853449821472168
5168,44,99,0.07803329825401306
5169,27,59,0.11155223101377487
5170,0,1,0.17886917293071747
5171,8,8,0.64607834815979
5172,28,28,0.34626907110214233
5173,27,30,0.6011214852333069
5174,98,47,0.4099724590778351
5175,48,48,0.20132969319820404
5176,81,89,0.1965760439634323
5177,36,36,0.25433650612831116
5178,29,51,0.22639130055904388
5179,86,85,0.20198014378547668
5180,19,13,0.2639831304550171
5181,82,82,0.23821373283863068
5182,89,64,0.059969063848257065
5183,35,35,0.21946674585342407
5184,13,90,0.2285604178905487
5185,42,51,0.23506368696689606
5186,60,60,0.4005621671676636
5187,69,69,0.4445350170135498
5188,12,68,0.12664695084095
5189,89,89,0.3211161494255066
5190,50,63,0.09468835592269897
5191,24,24,0.5848670601844788
5192,49,49,0.22141402959823608
5193,12,71,0.08406542241573334
5194,71,71,0.5234549045562744
5195,25,87,0.2078964114189148
5196,71,71,0.46284595131874084
5197,46,98,0.38745906949043274
5198,14,74,0.1241033524274826
5199,88,78,0.1985989809036255
5200,64,63,0.21225972473621368
5201,13,81,0.2701779305934906
5202,25,20,0.4052408039569855
5203,11,61,0.10262026637792587
5204,44,9,0.3008175194263458
5205,17,17,0.2751733660697937
5206,18,18,0.1816224306821823
5207,74,63,0.192287415266037
5208,75,75,0.28662753105163574
5209,14,82,0.49136558175086975
5210,42,67,0.11643854528665543
5211,83,57,0.4343084990978241
5212,60,60,0.3325461447238922
5213,30,72,0.11679184436798096
5214,57,24,0.3685784637928009
5215,94,94,0.5788037180900574
5216,48,13,0.3443920910358429
5217,75,75,0.48295408487319946
5218,15,43,0.12450594455003738
5219,51,51,0.2877989113330841
5220,93,91,0.11432616412639618
5221,93,30,0.5081222653388977
5222,41,6,0.21103695034980774
5223,52,52,0.4656265676021576
5224,52,52,0.3149391710758209
5225,12,49,0.2655946612358093
5226,64,43,0.31943100690841675
5227,87,25,0.2309683859348297
5228,99,30,0.33222100138664246
5229,86,86,0.33905982971191406
5230,5,5,0.10240461677312851
5231,42,42,0.5514429211616516
5232,71,68,0.1209234669804573
5233,64,80,0.1811230182647705
5234,99,95,0.1920110583305359
5235,49,56,0.1727648824453354
5236,22,93,0.5030838251113892
5237,52,56,0.31678685545921326
5238,59,96,0.2819870710372925
5239,5,5,0.26722481846809387
5240,60,60,0.8967226147651672
5241,71,71,0.6851363182067871
5242,72,56,0.12377659231424332
5243,74,63,0.2928448021411896
5244,19,7,0.18153122067451477
5245,56,56,0.9069191217422485
5246,24,98,0.10861478000879288
5247,30,95,0.11434929817914963
5248,76,76,0.740108847618103
5249,15,10,0.09271308779716492
5250,39,54,0.31404420733451843
5251,16,7,0.42270106077194214
5252,21,74,0.11586061865091324
5253,15,97,0.15484657883644104
5254,38,80,0.18834124505519867
5255,30,46,0.18096622824668884
5256,55,93,0.13430409133434296
5257,98,89,0.0918310210108757
5258,25,54,0.15292654931545258
5259,40,69,0.2730374336242676
5260,82,82,0.9329474568367004
5261,3,34,0.16802966594696045
5262,67,67,0.29544150829315186
5263,47,52,0.8093411326408386
5264,71,71,0.726970911026001
5265,52,96,0.5100261569023132
5266,47,59,0.27481186389923096
5267,60,90,0.14521904289722443
5268,55,69,0.14541201293468475
5269,16,16,0.1266537606716156
5270,61,61,0.45384731888771057
5271,36,36,0.46469026803970337
5272,90,17,0.12338602542877197
5273,32,63,0.0883224755525589
5274,21,14,0.07883407920598984
5275,30,30,0.31923818588256836
5276,78,26,0.1684642881155014
5277,43,53,0.284156858921051
5278,81,13,0.46213674545288086
5279,88,63,0.16339395940303802
5280,49,49,0.18755288422107697
5281,96,33,0.3250342607498169
5282,10,83,0.20650707185268402
5283,95,73,0.5588275790214539
5284,33,33,0.6834798455238342
5285,15,29,0.3683820068836212
5286,85,43,0.12232731282711029
5287,89,89,0.20202304422855377
5288,79,15,0.19802768528461456
5289,26,46,0.3339157998561859
5290,18,79,0.24951733648777008
5291,97,97,0.32693520188331604
5292,14,62,0.24287185072898865
5293,15,2,0.14584192633628845
5294,16,89,0.20871508121490479
5295,75,7,0.12554262578487396
5296,6,18,0.19727203249931335
5297,92,53,0.17768986523151398
5298,88,45,0.10631650686264038
5299,64,64,0.18476958572864532
5300,54,83,0.32780447602272034
5301,71,49,0.2846977710723877
5302,6,6,0.630943775177002
5303,96,96,0.29943573474884033
5304,8,8,0.47345155477523804
5305,67,73,0.3344505727291107
5306,0,0,0.4948633015155792
5307,78,80,0.1077951118350029
5308,92,0,0.43273019790649414
5309,57,57,0.5017869472503662
5310,66,73,0.10306014120578766
5311,48,39,0.4107816815376282
5312,67,38,0.11835204064846039
5313,60,60,0.7039002180099487
5314,89,89,0.892003059387207
5315,16,16,0.23517701029777527
5316,42,42,0.4201407730579376
5317,58,81,0.4857119619846344
5318,61,78,0.0909784808754921
5319,22,70,0.14927427470684052
5320,75,75,0.9556468725204468
5321,37,37,0.5163300037384033
5322,3,21,0.12484817951917648
5323,60,68,0.2548205554485321
5324,9,40,0.32267481088638306
5325,27,27,0.2904251515865326
5326,83,53,0.13108620047569275
5327,89,65,0.12642182409763336
5328,42,26,0.3460083603858948
5329,88,97,0.14386707544326782
5330,44,96,0.17722953855991364
5331,2,43,0.13691644370555878
5332,62,83,0.21007126569747925
5333,94,40,0.1004791408777237
5334,32,32,0.16712427139282227
5335,95,56,0.3636414110660553
5336,66,38,0.09870500862598419
5337,8,33,0.12440773844718933
5338,40,73,0.16106753051280975
5339,44,27,0.1503705382347107
5340,45,91,0.11641939729452133
5341,26,30,0.20336583256721497
5342,48,48,0.17834611237049103
5343,87,19,0.1991276741027832
5344,59,59,0.29236698150634766
5345,35,46,0.12568214535713196
5346,61,61,0.3152274191379547
5347,64,79,0.111152283847332
5348,43,42,0.18691392242908478
5349,25,94,0.24203406274318695
5350,48,48,0.5281057357788086
5351,45,45,0.2066177874803543
5352,36,36,0.5377700924873352
5353,29,24,0.35460275411605835
5354,51,77,0.2018631249666214
5355,76,76,0.6277350187301636
5356,74,80,0.11967014521360397
5357,61,61,0.9688711762428284
5358,56,76,0.12489817291498184
5359,55,25,0.11312827467918396
5360,44,42,0.223332941532135
5361,50,26,0.16103211045265198
5362,8,63,0.17493239045143127
5363,27,8,0.2343091368675232
5364,22,43,0.3578384220600128
5365,61,61,0.766301691532135
5366,77,37,0.13993673026561737
5367,85,85,0.404110848903656
5368,95,95,0.15184855461120605
5369,78,39,0.13395479321479797
5370,0,0,0.7818520665168762
5371,80,65,0.25234442949295044
5372,26,45,0.34849798679351807
5373,33,33,0.6499806046485901
5374,49,32,0.19742806255817413
5375,51,51,0.30544063448905945
5376,36,36,0.36766672134399414
5377,98,98,0.09320556372404099
5378,39,38,0.11040889471769333
5379,76,76,0.3469679653644562
5380,95,95,0.7606596350669861
5381,31,99,0.11696718633174896
5382,45,45,0.2848735749721527
5383,27,38,0.18583153188228607
5384,60,60,0.6176968216896057
5385,3,7,0.41476601362228394
5386,51,51,0.4472029507160187
5387,94,94,0.29395657777786255
5388,67,6,0.20344139635562897
5389,6,6,0.27743861079216003
5390,62,82,0.3928193151950836
5391,98,11,0.22331860661506653
5392,28,28,0.1983816921710968
5393,26,26,0.5856147408485413
5394,61,61,0.9733919501304626
5395,29,29,0.6686016321182251
5396,64,27,0.1931801587343216
5397,95,24,0.34282609820365906
5398,4,93,0.22443540394306183
5399,42,39,0.4067249298095703
5400,17,17,0.8756903409957886
5401,99,54,0.7771977186203003
5402,30,23,0.2290254384279251
5403,86,86,0.4321717321872711
5404,83,45,0.2468351572751999
5405,78,66,0.14963841438293457
5406,25,68,0.05762971565127373
5407,50,74,0.14571288228034973
5408,97,76,0.08792469650506973
5409,67,38,0.13503926992416382
5410,52,52,0.6591284871101379
5411,28,36,0.16318149864673615
5412,44,83,0.18716254830360413
5413,28,72,0.23598511517047882
5414,22,32,0.304893434047699
5415,5,20,0.3174522817134857
5416,35,16,0.2827977240085602
5417,37,76,0.16889190673828125
5418,66,29,0.17794963717460632
5419,88,1,0.05746641010046005
5420,95,73,0.49946150183677673
5421,1,1,0.6671231389045715
5422,57,7,0.10361027717590332
5423,12,12,0.6062688231468201
5424,44,48,0.20851007103919983
5425,97,66,0.19154010713100433
5426,78,85,0.7096916437149048
5427,7,14,0.25714704394340515
5428,94,94,0.41457411646842957
5429,85,85,0.8814406394958496
5430,48,48,0.5493679642677307
5431,16,16,0.8282285928726196
5432,85,90,0.21213340759277344
5433,63,74,0.29065918922424316
5434,59,52,0.6070655584335327
5435,70,54,0.2335984706878662
5436,62,0,0.23019549250602722
5437,58,58,0.49044090509414673
5438,54,54,0.3993492126464844
5439,60,60,0.772878110408783
5440,9,9,0.8485963344573975
5441,44,51,0.38355210423469543
5442,23,73,0.17916308343410492
5443,71,73,0.2825542390346527
5444,10,6,0.21555626392364502
5445,89,89,0.4314732551574707
5446,31,36,0.15487857162952423
5447,67,73,0.3744350075721741
5448,56,56,0.44070813059806824
5449,42,88,0.20282234251499176
5450,70,62,0.10990773141384125
5451,73,29,0.14427129924297333
5452,43,1,0.0774349644780159
5453,43,97,0.29913848638534546
5454,86,87,0.65754634141922
5455,15,15,0.3074660003185272
5456,24,24,0.41402798891067505
5457,84,26,0.13408537209033966
5458,42,63,0.07653115689754486
5459,60,37,0.22791825234889984
5460,48,48,0.502510666847229
5461,19,15,0.1675591915845871
5462,93,73,0.28603070974349976
5463,16,61,0.8685909509658813
5464,30,13,0.07046626508235931
5465,13,12,0.3136351406574249
5466,21,21,0.42315107583999634
5467,78,39,0.22190812230110168
5468,68,95,0.28626084327697754
5469,48,66,0.07472068816423416
5470,56,52,0.7627823352813721
5471,74,38,0.19702616333961487
5472,42,6,0.22008660435676575
5473,20,20,0.9006766676902771
5474,14,45,0.09761698544025421
5475,78,75,0.1997895985841751
5476,62,62,0.22405345737934113
5477,76,76,0.7870954275131226
5478,42,27,0.10442279279232025
5479,28,10,0.43603307008743286
5480,74,74,0.3340661823749542
5481,78,80,0.07544973492622375
5482,28,28,0.8440154790878296
5483,27,15,0.22927144169807434
5484,51,51,0.1806841641664505
5485,83,62,0.38207629323005676
5486,48,95,0.26780253648757935
5487,79,24,0.5009406208992004
5488,67,73,0.33862584829330444
5489,43,79,0.2905399203300476
5490,90,33,0.16426566243171692
5491,18,1,0.2225300818681717
5492,40,63,0.13811177015304565
5493,88,88,0.3397088646888733
5494,15,35,0.28553855419158936
5495,89,89,0.36518317461013794
5496,0,0,0.8455650210380554
5497,80,7,0.3447887897491455
5498,95,55,0.07842240482568741
5499,59,33,0.12589465081691742
5500,67,67,0.11758257448673248
5501,57,43,0.06293607503175735
5502,64,55,0.07490257173776627
5503,55,21,0.13018657267093658
5504,72,4,0.324728786945343
5505,39,39,0.402496337890625
5506,1,82,0.24419011175632477
5507,14,56,0.36813294887542725
5508,10,98,0.10270383954048157
5509,40,76,0.750856339931488
5510,66,65,0.09057047963142395
5511,32,32,0.7335244417190552
5512,11,34,0.10493627190589905
5513,4,80,0.13007652759552002
5514,54,54,0.7471986413002014
5515,14,42,0.09726495295763016
5516,15,15,0.4242534935474396
5517,84,7,0.11262041330337524
5518,7,7,0.5371389389038086
5519,15,31,0.44030702114105225
5520,70,92,0.33224016427993774
5521,45,2,0.16689035296440125
5522,28,99,0.1894409954547882
5523,27,27,0.09024975448846817
5524,36,36,0.449485719203949
5525,31,31,0.3971281945705414
5526,80,87,0.15774056315422058
5527,16,22,0.1595623642206192
5528,59,59,0.2590540051460266
5529,6,6,0.829838216304779
5530,19,29,0.35984814167022705
5531,87,21,0.13496775925159454
5532,15,93,0.13201327621936798
5533,81,64,0.11727390438318253
5534,25,34,0.12054169178009033
5535,98,98,0.3190457820892334
5536,2,31,0.1435254067182541
5537,68,68,0.7813655734062195
5538,47,47,0.6455777287483215
5539,18,18,0.20451386272907257
5540,66,14,0.13065177202224731
5541,66,77,0.12185452878475189
5542,17,13,0.12211204320192337
5543,65,79,0.1171489730477333
5544,90,15,0.11109960079193115
5545,98,98,0.1960960030555725
5546,45,63,0.13943107426166534
5547,76,76,0.3252521753311157
5548,95,21,0.24613772332668304
5549,5,25,0.14265702664852142
5550,89,89,0.9045577645301819
5551,69,69,0.34836065769195557
5552,57,2,0.13650137186050415
5553,60,71,0.6184511184692383
5554,95,30,0.40636342763900757
5555,16,22,0.26674577593803406
5556,7,7,0.5654581785202026
5557,52,59,0.16592350602149963
5558,6,82,0.7887553572654724
5559,7,24,0.4577188193798065
5560,67,73,0.31648796796798706
5561,60,60,0.6322509050369263
5562,67,27,0.08897091448307037
5563,52,59,0.24680835008621216
5564,2,1,0.22151410579681396
5565,94,94,0.6192854642868042
5566,25,25,0.20691785216331482
5567,23,23,0.5409494042396545
5568,58,58,0.2789732813835144
5569,65,33,0.43433985114097595
5570,38,97,0.11509924381971359
5571,85,85,0.21111612021923065
5572,48,48,0.8024646639823914
5573,82,82,0.7337407469749451
5574,21,21,0.3574604094028473
5575,55,97,0.11849971115589142
5576,69,60,0.11349277943372726
5577,39,80,0.1596413403749466
5578,12,30,0.316179096698761
5579,29,42,0.20280195772647858
5580,5,68,0.24966612458229065
5581,17,76,0.28337323665618896
5582,87,98,0.42965173721313477
5583,78,91,0.08634825795888901
5584,70,54,0.5502102971076965
5585,30,73,0.40887460112571716
5586,87,1,0.22507168352603912
5587,94,87,0.20314569771289825
5588,75,41,0.4395100772380829
5589,44,33,0.16559645533561707
5590,73,33,0.3550848960876465
5591,67,63,0.24533838033676147
5592,62,70,0.27073854207992554
5593,41,41,0.5966852903366089
5594,1,92,0.23161238431930542
5595,16,35,0.1263194978237152
5596,85,85,0.11533695459365845
5597,80,65,0.10714863240718842
5598,29,8,0.1439325511455536
5599,44,97,0.2228282243013382
5600,69,85,0.46668219566345215
5601,26,74,0.055497340857982635
5602,46,46,0.08452747762203217
5603,20,20,0.9240025281906128
5604,7,6,0.1268385350704193
5605,93,2,0.1208002045750618
5606,63,63,0.5082285404205322
5607,53,10,0.14954137802124023
5608,40,95,0.24502573907375336
5609,37,37,0.2675827145576477
5610,33,33,0.8046005964279175
5611,76,76,0.25291013717651367
5612,48,48,0.44194507598876953
5613,63,63,0.3971021771430969
5614,84,84,0.33248332142829895
5615,31,31,0.3967132270336151
5616,54,54,0.29061225056648254
5617,28,28,0.39211875200271606
5618,72,56,0.12193021923303604
5619,34,34,0.11137139052152634
5620,47,56,0.21878685057163239
5621,63,63,0.2513098120689392
5622,54,54,0.7800485491752625
5623,35,98,0.4457043707370758
5624,93,7,0.16077880561351776
5625,61,61,0.24580396711826324
5626,2,43,0.21046075224876404
5627,51,51,0.19449695944786072
5628,7,14,0.1875731647014618
5629,59,47,0.3007853925228119
5630,68,68,0.5377081632614136
5631,81,84,0.1211588978767395
5632,81,81,0.2655366063117981
5633,39,73,0.31609007716178894
5634,13,12,0.3205375075340271
5635,37,81,0.38890591263771057
5636,35,35,0.299354612827301
5637,81,81,0.3766172528266907
5638,51,33,0.14815840125083923
5639,18,6,0.0967969000339508
5640,4,72,0.1664389818906784
5641,23,23,0.17842264473438263
5642,93,38,0.17356202006340027
5643,94,94,0.5305846929550171
5644,77,88,0.31400537490844727
5645,47,47,0.9068105816841125
5646,51,98,0.1067424938082695
5647,5,5,0.2587253153324127
5648,90,83,0.22090043127536774
5649,86,16,0.37207674980163574
5650,48,48,0.7040095329284668
5651,96,93,0.09736959636211395
5652,23,23,0.3723984956741333
5653,79,29,0.26533815264701843
5654,13,86,0.20684252679347992
5655,98,54,0.17131207883358002
5656,71,73,0.43232420086860657
5657,60,60,0.9189645648002625
5658,62,82,0.4413578510284424
5659,39,33,0.310604989528656
5660,68,68,0.8727433085441589
5661,52,96,0.4011944532394409
5662,14,14,0.08485762774944305
5663,21,66,0.1875978261232376
5664,15,57,0.1387912631034851
5665,77,43,0.16663683950901031
5666,94,94,0.47565674781799316
5667,73,73,0.1809624582529068
5668,70,70,0.5256726145744324
5669,59,59,0.38658851385116577
5670,55,30,0.11512067914009094
5671,76,33,0.09137419611215591
5672,72,55,0.09304386377334595
5673,3,55,0.2426735758781433
5674,18,44,0.22236166894435883
5675,0,0,0.8004531264305115
5676,99,61,0.8432413339614868
5677,24,24,0.7924355864524841
5678,56,56,0.6027557849884033
5679,0,0,0.4420046806335449
5680,82,18,0.19949796795845032
5681,72,3,0.10444073379039764
5682,37,43,0.2749394476413727
5683,20,20,0.9087783694267273
5684,54,54,0.2144792377948761
5685,11,0,0.3730904459953308
5686,9,43,0.09094776213169098
5687,86,61,0.21456454694271088
5688,65,65,0.33522510528564453
5689,78,50,0.142228901386261
5690,22,39,0.35453498363494873
5691,48,24,0.3707069754600525
5692,1,1,0.5123693943023682
5693,33,4,0.14191113412380219
5694,77,22,0.14890378713607788
5695,49,49,0.3409408628940582
5696,89,57,0.13832101225852966
5697,36,36,0.5323427319526672
5698,42,42,0.22583040595054626
5699,20,20,0.27933207154273987
5700,2,97,0.2281055450439453
5701,32,64,0.1523643583059311
5702,87,33,0.1725010871887207
5703,71,71,0.38798582553863525
5704,36,2,0.2006453275680542
5705,95,91,0.5322402715682983
5706,27,69,0.10410968959331512
5707,36,50,0.11635614931583405
5708,54,54,0.6229626536369324
5709,92,26,0.1692536324262619
5710,88,97,0.11454948037862778
5711,6,6,0.18730147182941437
5712,31,29,0.4640510380268097
5713,54,92,0.3963620066642761
5714,32,73,0.1717117428779602
5715,58,30,0.34508195519447327
5716,10,10,0.4782327115535736
5717,64,72,0.26713836193084717
5718,93,55,0.17171069979667664
5719,3,42,0.08435768634080887
5720,55,91,0.8474680185317993
5721,49,49,0.7050601840019226
5722,56,76,0.09312202036380768
5723,33,18,0.13230235874652863
5724,99,99,0.12269669026136398
5725,62,70,0.18245001137256622
5726,34,46,0.10325545072555542
5727,53,0,0.37940773367881775
5728,17,37,0.08577516674995422
5729,93,93,0.24994470179080963
5730,66,66,0.2810775637626648
5731,0,0,0.570733904838562
5732,58,91,0.33191707730293274
5733,4,7,0.28204524517059326
5734,37,12,0.1382526159286499
5735,1,91,0.1691136360168457
5736,58,85,0.48302075266838074
5737,66,29,0.35362327098846436
5738,58,13,0.19334182143211365
5739,88,36,0.23091161251068115
5740,39,15,0.1444990038871765
5741,40,9,0.3990252912044525
5742,82,45,0.21641165018081665
5743,68,68,0.5054797530174255
5744,4,74,0.1209513247013092
5745,55,21,0.12416666001081467
5746,65,78,0.0834197998046875
5747,72,43,0.19580474495887756
5748,13,13,0.21024522185325623
5749,17,37,0.4965134263038635
5750,30,30,0.27723148465156555
5751,67,72,0.23233987390995026
5752,50,91,0.06258433312177658
5753,1,1,0.7541789412498474
5754,59,95,0.31288865208625793
5755,73,73,0.2183494120836258
5756,58,58,0.30087006092071533
5757,90,13,0.2712036669254303
5758,56,29,0.16203734278678894
5759,44,79,0.1361699253320694
5760,16,45,0.19356244802474976
5761,32,15,0.2691520154476166
5762,15,9,0.3003888726234436
5763,90,90,0.3162756860256195
5764,99,78,0.1382475346326828
5765,56,56,0.562755286693573
5766,40,40,0.6335402131080627
5767,63,63,0.2604694962501526
5768,22,94,0.34556424617767334
5769,2,2,0.1383480280637741
5770,14,54,0.3786036968231201
5771,72,99,0.060034506022930145
5772,76,76,0.5142938494682312
5773,73,30,0.3704250752925873
5774,2,36,0.6300433278083801
5775,79,45,0.16216619312763214
5776,5,84,0.09090524911880493
5777,39,95,0.3815859258174896
5778,12,32,0.12908437848091125
5779,43,43,0.1913575679063797
5780,91,91,0.6865787506103516
5781,97,97,0.3916034400463104
5782,80,64,0.17501340806484222
5783,65,97,0.1827753335237503
5784,62,62,0.6574246287345886
5785,33,80,0.16133321821689606
5786,86,65,0.21218642592430115
5787,66,80,0.10461964458227158
5788,24,45,0.21748915314674377
5789,62,70,0.41688141226768494
5790,49,17,0.25872763991355896
5791,30,30,0.38262638449668884
5792,24,24,0.5814086198806763
5793,73,12,0.10433082282543182
5794,31,31,0.251772403717041
5795,55,72,0.0926663801074028
5796,59,59,0.46710577607154846
5797,46,26,0.14590463042259216
5798,11,35,0.19785520434379578
5799,20,53,0.19752757251262665
5800,83,6,0.36649084091186523
5801,80,51,0.24669599533081055
5802,38,38,0.4863186180591583
5803,30,30,0.5094047784805298
5804,93,67,0.363707572221756
5805,65,93,0.3558592200279236
5806,41,41,0.9959959983825684
5807,0,0,0.764573335647583
5808,35,54,0.19336380064487457
5809,54,83,0.28643178939819336
5810,9,9,0.24335023760795593
5811,16,5,0.23737098276615143
5812,87,24,0.11900161951780319
5813,81,13,0.12148978561162949
5814,12,12,0.2556999921798706
5815,49,1,0.26168498396873474
5816,60,23,0.20451605319976807
5817,81,13,0.35087019205093384
5818,89,56,0.1945914924144745
5819,42,87,0.2007303535938263
5820,51,51,0.6441669464111328
5821,36,2,0.2407711148262024
5822,59,59,0.2459084838628769
5823,92,56,0.22128571569919586
5824,7,62,0.44570621848106384
5825,94,16,0.2820875644683838
5826,80,80,0.21521413326263428
5827,56,59,0.44377994537353516
5828,37,15,0.0890112817287445
5829,63,65,0.18022875487804413
5830,74,85,0.12123102694749832
5831,46,9,0.1407497227191925
5832,34,34,0.13540387153625488
5833,88,42,0.1312464475631714
5834,85,75,0.23227041959762573
5835,24,91,0.3748165965080261
5836,28,16,0.14544300734996796
5837,56,56,0.7437649369239807
5838,51,42,0.36395809054374695
5839,41,41,0.9523665308952332
5840,62,83,0.1602531224489212
5841,7,7,0.24015481770038605
5842,6,45,0.15700717270374298
5843,38,64,0.09977146238088608
5844,26,46,0.16441476345062256
5845,22,86,0.11261133849620819
5846,52,63,0.169084370136261
5847,32,32,0.5535918474197388
5848,70,70,0.38792648911476135
5849,28,28,0.8889812231063843
5850,96,63,0.22066329419612885
5851,44,91,0.1816679835319519
5852,57,5,0.08964423090219498
5853,13,13,0.4885345995426178
5854,47,47,0.7429699301719666
5855,8,26,0.21952085196971893
5856,73,67,0.17925280332565308
5857,17,17,0.7166118621826172
5858,14,92,0.19131805002689362
5859,18,18,0.13026191294193268
5860,91,30,0.10493278503417969
5861,82,82,0.24090857803821564
5862,19,43,0.1752801537513733
5863,57,0,0.37781447172164917
5864,71,60,0.8904043436050415
5865,16,16,0.6492962837219238
5866,54,54,0.44477835297584534
5867,7,7,0.16428904235363007
5868,52,47,0.3271719515323639
5869,26,49,0.1316092163324356
5870,50,63,0.13866004347801208
5871,81,26,0.175679013133049
5872,74,74,0.2068415731191635
5873,50,74,0.21546144783496857
5874,74,63,0.28852379322052
5875,71,23,0.5262664556503296
5876,85,85,0.9794690608978271
5877,8,8,0.2273644506931305
5878,31,15,0.14460766315460205
5879,28,40,0.48543858528137207
5880,17,17,0.4518485367298126
5881,26,10,0.20131386816501617
5882,10,64,0.12356977164745331
5883,93,26,0.1025070995092392
5884,16,97,0.1776803433895111
5885,0,10,0.35389989614486694
5886,37,17,0.26078200340270996
5887,26,45,0.3909105658531189
5888,71,71,0.80115807056427
5889,34,50,0.11658314615488052
5890,50,45,0.15313510596752167
5891,99,61,0.5333261489868164
5892,44,27,0.1644858568906784
5893,58,58,0.2081112414598465
5894,16,79,0.1391311138868332
5895,8,6,0.09877555817365646
5896,34,70,0.298403799533844
5897,35,80,0.1746993511915207
5898,86,94,0.5334086418151855
5899,41,41,0.13026796281337738
5900,0,83,0.3525865077972412
5901,19,56,0.09340789169073105
5902,44,78,0.09831543266773224
5903,46,65,0.1484559178352356
5904,6,82,0.6360248923301697
5905,42,42,0.5387618541717529
5906,62,70,0.32444697618484497
5907,73,67,0.25388410687446594
5908,31,6,0.17159102857112885
5909,73,30,0.315969854593277
5910,62,54,0.13768984377384186
5911,97,97,0.15302124619483948
5912,97,64,0.1836307942867279
5913,0,0,0.9849415421485901
5914,57,57,0.6640167236328125
5915,19,15,0.08010725677013397
5916,46,36,0.08245138078927994
5917,53,53,0.22983665764331818
5918,69,76,0.5243528485298157
5919,47,96,0.2986440360546112
5920,13,89,0.19367599487304688
5921,84,36,0.2635818421840668
5922,67,67,0.34435564279556274
5923,43,19,0.14663244783878326
5924,80,80,0.13581795990467072
5925,59,67,0.10959363728761673
5926,20,20,0.359546959400177
5927,76,23,0.21057666838169098
5928,65,97,0.31317493319511414
5929,79,18,0.18398815393447876
5930,99,61,0.8870965838432312
5931,62,92,0.1950996369123459
5932,58,5,0.19065675139427185
5933,55,80,0.12572555243968964
5934,26,67,0.1576196849346161
5935,1,1,0.36359596252441406
5936,46,15,0.1264059841632843
5937,90,58,0.09190018475055695
5938,66,97,0.1676267832517624
5939,69,69,0.18215514719486237
5940,39,13,0.4559355080127716
5941,71,60,0.6217917203903198
5942,88,79,0.05908922478556633
5943,6,6,0.2226306051015854
5944,51,88,0.1667405217885971
5945,34,29,0.3621896505355835
5946,31,31,0.49082446098327637
5947,80,44,0.2181815207004547
5948,67,91,0.1976328343153
5949,78,78,0.11295928806066513
5950,84,90,0.3042060434818268
5951,23,23,0.31532928347587585
5952,23,71,0.3712101876735687
5953,68,68,0.32696202397346497
5954,74,24,0.14555680751800537
5955,78,90,0.2244712859392166
5956,78,45,0.2407938688993454
5957,86,89,0.5768415331840515
5958,1,97,0.25271889567375183
5959,61,61,0.5290518403053284
5960,2,63,0.13092181086540222
5961,72,30,0.35480180382728577
5962,32,24,0.13559392094612122
5963,64,25,0.2100762575864792
5964,43,43,0.2226443588733673
5965,60,60,0.870855987071991
5966,27,35,0.13902820646762848
5967,62,65,0.11119548976421356
5968,91,95,0.18861927092075348
5969,81,90,0.1514587104320526
5970,64,42,0.07716573774814606
5971,35,35,0.2616306245326996
5972,32,77,0.21346813440322876
5973,91,51,0.10312239080667496
5974,85,90,0.10109363496303558
5975,70,70,0.3819526135921478
5976,28,73,0.22621802985668182
5977,59,96,0.36613136529922485
5978,22,61,0.7162467241287231
5979,43,63,0.14962175488471985
5980,35,35,0.3135673999786377
5981,9,5,0.29432132840156555
5982,74,63,0.2048378884792328
5983,84,20,0.5543702244758606
5984,72,32,0.0885777547955513
5985,81,81,0.2844475209712982
5986,95,95,0.4306567907333374
5987,16,20,0.22848880290985107
5988,25,16,0.2845025956630707
5989,12,56,0.513493001461029
5990,24,24,0.508440375328064
5991,61,61,0.7912862300872803
5992,50,24,0.0976204052567482
5993,9,83,0.24810782074928284
5994,8,45,0.18154257535934448
5995,20,79,0.17401348054409027
5996,11,84,0.20423410832881927
5997,49,49,0.3515484631061554
5998,0,54,0.7257623672485352
5999,55,74,0.21685074269771576
6000,31,97,0.14705213904380798
6001,18,18,0.2699018120765686
6002,35,35,0.19632062315940857
6003,23,23,0.3915901780128479
6004,47,62,0.24796190857887268
6005,47,59,0.18230527639389038
6006,30,72,0.15895803272724152
6007,88,45,0.21064521372318268
6008,32,98,0.2042468786239624
6009,40,95,0.21788667142391205
6010,97,91,0.24315933883190155
6011,17,17,0.6219218969345093
6012,81,81,0.30376601219177246
6013,76,76,0.26004505157470703
6014,62,62,0.20210851728916168
6015,39,81,0.3673992455005646
6016,72,95,0.443332314491272
6017,95,30,0.4844396412372589
6018,9,40,0.20326101779937744
6019,30,67,0.41653522849082947
6020,86,53,0.4043036103248596
6021,98,11,0.2625598907470703
6022,48,99,0.21506367623806
6023,11,35,0.36944475769996643
6024,88,42,0.1609879434108734
6025,9,29,0.10516399890184402
6026,88,88,0.529498815536499
6027,21,97,0.08293552696704865
6028,36,40,0.24632787704467773
6029,55,72,0.21264562010765076
6030,82,82,0.8999857902526855
6031,40,23,0.23744332790374756
6032,47,47,0.2644384801387787
6033,10,67,0.283888041973114
6034,61,99,0.10275362432003021
6035,92,92,0.20933528244495392
6036,93,73,0.2867411971092224
6037,15,15,0.2997512221336365
6038,54,70,0.35081806778907776
6039,88,38,0.13152344524860382
6040,33,33,0.13932107388973236
6041,35,78,0.14935074746608734
6042,39,99,0.2520795166492462
6043,70,54,0.4446204602718353
6044,15,79,0.24247772991657257
6045,36,32,0.10302980244159698
6046,94,94,0.6063281893730164
6047,70,62,0.46048757433891296
6048,96,17,0.3202841281890869
6049,70,70,0.3765154778957367
6050,92,92,0.3805287778377533
6051,16,2,0.09036466479301453
6052,3,31,0.21855787932872772
6053,86,70,0.24442119896411896
6054,71,30,0.11673640459775925
6055,42,42,0.10128636658191681
6056,99,86,0.42565488815307617
6057,16,16,0.9146223664283752
6058,46,21,0.17146706581115723
6059,28,28,0.3722264766693115
6060,98,98,0.3944767713546753
6061,42,32,0.2614600956439972
6062,17,47,0.3024681806564331
6063,89,89,0.7091802358627319
6064,14,14,0.2279461771249771
6065,57,91,0.14419932663440704
6066,81,37,0.29240962862968445
6067,74,42,0.167415589094162
6068,4,26,0.15554487705230713
6069,10,25,0.13669781386852264
6070,81,12,0.5613734722137451
6071,40,40,0.27974963188171387
6072,49,49,0.40563520789146423
6073,29,24,0.39788463711738586
6074,87,5,0.292537659406662
6075,58,58,0.6102346181869507
6076,36,36,0.2102082371711731
6077,65,9,0.12935277819633484
6078,83,82,0.5238000154495239
6079,10,61,0.6331373453140259
6080,34,91,0.10358192771673203
6081,12,46,0.3494500517845154
6082,5,25,0.16120347380638123
6083,17,17,0.7675061225891113
6084,29,24,0.42023423314094543
6085,80,72,0.1337331235408783
6086,80,80,0.2469661980867386
6087,6,29,0.6943883895874023
6088,65,65,0.16538044810295105
6089,9,9,0.9819048047065735
6090,55,3,0.22639097273349762
6091,38,74,0.1932440996170044
6092,88,64,0.13736461102962494
6093,28,28,0.2133992463350296
6094,43,43,0.32490864396095276
6095,57,57,0.2800191640853882
6096,50,43,0.16320215165615082
6097,99,61,0.26576530933380127
6098,20,20,0.18665409088134766
6099,0,70,0.13895569741725922
6100,32,27,0.15099158883094788
6101,90,89,0.1686553657054901
6102,70,70,0.33253344893455505
6103,14,26,0.22879943251609802
6104,31,21,0.1806468963623047
6105,88,80,0.18687202036380768
6106,56,56,0.6377531886100769
6107,23,23,0.17140276730060577
6108,71,71,0.3613274097442627
6109,4,88,0.15566059947013855
6110,11,43,0.13795983791351318
6111,4,63,0.15016497671604156
6112,39,23,0.30205148458480835
6113,66,63,0.1386469602584839
6114,96,96,0.32220712304115295
6115,63,63,0.2806534767150879
6116,13,32,0.22534620761871338
6117,39,39,0.4381181001663208
6118,27,33,0.13347913324832916
6119,31,31,0.4293420612812042
6120,84,8,0.2527746856212616
6121,7,6,0.45069676637649536
6122,37,89,0.05875372141599655
6123,18,18,0.11267171055078506
6124,43,43,0.37467771768569946
6125,96,67,0.3611702620983124
6126,2,2,0.17405951023101807
6127,6,63,0.07312963157892227
6128,59,54,0.08376548439264297
6129,78,23,0.4210141599178314
6130,19,31,0.4836735725402832
6131,39,97,0.25723758339881897
6132,97,21,0.1497010886669159
6133,6,6,0.17195190489292145
6134,39,90,0.08070836216211319
6135,77,64,0.19859662652015686
6136,74,33,0.3478259742259979
6137,52,52,0.6120638251304626
6138,5,0,0.7557521462440491
6139,61,44,0.26780322194099426
6140,21,31,0.4230177700519562
6141,20,20,0.30310869216918945
6142,50,74,0.15250946581363678
6143,65,10,0.12607230246067047
6144,48,48,0.8700134754180908
6145,39,79,0.13255564868450165
6146,14,77,0.10818421840667725
6147,74,50,0.128915473818779
6148,36,98,0.1274453103542328
6149,12,12,0.2166815996170044
6150,93,73,0.47038736939430237
6151,43,19,0.20280195772647858
6152,51,88,0.2797779440879822
6153,79,64,0.1603824496269226
6154,78,78,0.14744769036769867
6155,6,82,0.35596829652786255
6156,4,63,0.1492302566766739
6157,36,64,0.1161479577422142
6158,32,32,0.36040443181991577
6159,25,32,0.14106877148151398
6160,97,97,0.20482313632965088
6161,94,87,0.14448678493499756
6162,34,34,0.19426311552524567
6163,34,97,0.17788469791412354
6164,59,56,0.5122730731964111
6165,22,22,0.3901909589767456
6166,16,16,0.11563453078269958
6167,70,70,0.2658053934574127
6168,9,92,0.15240725874900818
6169,25,84,0.1259036660194397
6170,77,67,0.1823962926864624
6171,74,98,0.14870280027389526
6172,17,17,0.22992531955242157
6173,28,30,0.37887051701545715
6174,47,47,0.6549652218818665
6175,43,84,0.11504121124744415
6176,13,95,0.23024669289588928
6177,50,38,0.164691761136055
6178,97,1,0.2784443497657776
6179,49,30,0.41897937655448914
6180,78,10,0.24636228382587433
6181,68,30,0.06394235789775848
6182,99,95,0.38546988368034363
6183,52,7,0.13979758322238922
6184,28,28,0.2440950572490692
6185,80,97,0.1583375185728073
6186,43,14,0.24667567014694214
6187,23,54,0.1523205190896988
6188,23,23,0.2676563560962677
6189,55,67,0.1044488325715065
6190,74,63,0.13443711400032043
6191,87,87,0.5653387308120728
6192,50,91,0.21289940178394318
6193,5,22,0.35852670669555664
6194,51,41,0.10540894418954849
6195,63,51,0.3200511634349823
6196,2,46,0.2137245386838913
6197,57,36,0.29777976870536804
6198,99,26,0.15409082174301147
6199,53,53,0.7370296120643616
6200,85,89,0.2153584063053131
6201,74,4,0.1354154795408249
6202,72,30,0.31523603200912476
6203,75,85,0.09632568806409836
6204,94,42,0.1417795866727829
6205,95,30,0.381809800863266
6206,40,73,0.08208225667476654
6207,33,65,0.15528585016727448
6208,49,59,0.25084492564201355
6209,64,78,0.0847126692533493
6210,8,42,0.28937968611717224
6211,37,95,0.1090111956000328
6212,0,24,0.5741694569587708
6213,86,87,0.36820927262306213
6214,9,9,0.06712236255407333
6215,51,42,0.1792689710855484
6216,40,55,0.08689462393522263
6217,9,9,0.9650327563285828
6218,39,39,0.661451518535614
6219,70,1,0.23622582852840424
6220,96,96,0.38715213537216187
6221,44,6,0.24445222318172455
6222,62,62,0.4900253117084503
6223,32,32,0.1406363695859909
6224,61,78,0.14140856266021729
6225,35,98,0.2014370560646057
6226,8,8,0.27650052309036255
6227,2,36,0.11069086194038391
6228,66,81,0.10738755762577057
6229,66,51,0.12496230006217957
6230,46,46,0.34544503688812256
6231,73,99,0.3389113247394562
6232,56,56,0.2163645625114441
6233,20,20,0.8707405924797058
6234,95,95,0.6087886095046997
6235,68,68,0.9133144617080688
6236,52,47,0.2805788218975067
6237,94,94,0.6017869710922241
6238,22,61,0.6013032793998718
6239,9,9,0.49662086367607117
6240,23,67,0.42449715733528137
6241,11,70,0.3557873070240021
6242,55,74,0.2420293688774109
6243,44,38,0.13661830127239227
6244,47,7,0.5990628600120544
6245,20,20,0.9901155233383179
6246,17,59,0.19526609778404236
6247,11,36,0.30051389336586
6248,73,30,0.35388481616973877
6249,96,47,0.4958079159259796
6250,60,71,0.32945144176483154
6251,28,28,0.6638737320899963
6252,10,10,0.5220590233802795
6253,0,0,0.5262585878372192
6254,10,0,0.1878877431154251
6255,31,65,0.0716158077120781
6256,44,35,0.07453584671020508
6257,29,29,0.4835677146911621
6258,24,24,0.5944568514823914
6259,23,49,0.22797387838363647
6260,52,52,0.3215126395225525
6261,60,60,0.7571267485618591
6262,81,13,0.21912240982055664
6263,57,0,0.4720357656478882
6264,52,52,0.30267271399497986
6265,87,22,0.08193987607955933
6266,27,17,0.15141640603542328
6267,22,86,0.1369616538286209
6268,83,54,0.14458030462265015
6269,22,61,0.2531244456768036
6270,40,2,0.1341257393360138
6271,56,56,0.17389711737632751
6272,1,70,0.23490531742572784
6273,45,92,0.09929752349853516
6274,29,32,0.16830648481845856
6275,60,60,0.9052039980888367
6276,65,80,0.19635945558547974
6277,7,24,0.27362334728240967
6278,88,19,0.14989906549453735
6279,48,45,0.19779016077518463
6280,8,35,0.07353346049785614
6281,29,91,0.15058168768882751
6282,18,6,0.11927436292171478
6283,71,68,0.3723902106285095
6284,80,24,0.3181377053260803
6285,55,30,0.09344423562288284
6286,80,80,0.20476411283016205
6287,73,67,0.6162535548210144
6288,27,38,0.1400228589773178
6289,5,5,0.6204017400741577
6290,69,15,0.2099953591823578
6291,46,35,0.28916195034980774
6292,64,45,0.1043078675866127
6293,42,89,0.2096041738986969
6294,90,89,0.17180421948432922
6295,52,47,0.41651207208633423
6296,1,1,0.20713092386722565
6297,39,39,0.9756554961204529
6298,39,84,0.22873733937740326
6299,86,86,0.5116187334060669
6300,75,31,0.12460088729858398
6301,2,98,0.4307914972305298
6302,36,36,0.22768718004226685
6303,13,97,0.23657460510730743
6304,57,67,0.09177959710359573
6305,30,30,0.17755992710590363
6306,74,64,0.10288210213184357
6307,85,29,0.13745808601379395
6308,33,74,0.20261657238006592
6309,6,24,0.5497902631759644
6310,3,97,0.27561771869659424
6311,72,32,0.12206009030342102
6312,54,54,0.18121129274368286
6313,47,6,0.38123956322669983
6314,91,54,0.2547316253185272
6315,71,71,0.49226585030555725
6316,7,56,0.16518700122833252
6317,98,45,0.17117512226104736
6318,69,30,0.38167762756347656
6319,56,59,0.25730401277542114
6320,14,38,0.21716289222240448
6321,50,98,0.3753059208393097
6322,37,17,0.6810978651046753
6323,40,87,0.2136562019586563
6324,97,97,0.15747255086898804
6325,72,74,0.10866733640432358
6326,88,33,0.08809059858322144
6327,10,13,0.4681731164455414
6328,75,97,0.18157146871089935
6329,83,6,0.1625971794128418
6330,74,66,0.07620244473218918
6331,66,97,0.1369520127773285
6332,52,52,0.6420058012008667
6333,52,52,0.2931239902973175
6334,86,94,0.16942447423934937
6335,66,66,0.15739241242408752
6336,24,24,0.7572160363197327
6337,69,69,0.6851297616958618
6338,41,41,0.8041346669197083
6339,13,13,0.35785019397735596
6340,39,39,0.08494007587432861
6341,5,68,0.28728780150413513
6342,61,61,0.9187049865722656
6343,48,14,0.3676712214946747
6344,44,26,0.2871657907962799
6345,23,23,0.36823612451553345
6346,38,38,0.08010774105787277
6347,44,99,0.0867544561624527
6348,64,98,0.09988265484571457
6349,30,95,0.5289486646652222
6350,2,51,0.06919842958450317
6351,54,70,0.15757517516613007
6352,12,17,0.28877735137939453
6353,21,21,0.23029308021068573
6354,56,49,0.1225832924246788
6355,72,30,0.17443034052848816
6356,93,54,0.1540229171514511
6357,46,98,0.28221145272254944
6358,73,73,0.6122401356697083
6359,47,4,0.151192307472229
6360,89,48,0.22665660083293915
6361,24,24,0.5798606872558594
6362,52,47,0.5184194445610046
6363,75,19,0.3374190628528595
6364,20,20,0.49324941635131836
6365,67,7,0.3589416444301605
6366,92,92,0.1878637671470642
6367,96,96,0.3936156928539276
6368,5,81,0.2693098783493042
6369,63,63,0.23436500132083893
6370,39,86,0.07946693897247314
6371,67,61,0.2731494605541229
6372,45,42,0.15390227735042572
6373,67,67,0.27267396450042725
6374,2,98,0.29636257886886597
6375,79,18,0.287900447845459
6376,76,76,0.5041412115097046
6377,27,48,0.09141752123832703
6378,81,81,0.30861517786979675
6379,89,60,0.20679643750190735
6380,83,70,0.1824103593826294
6381,60,73,0.3662695288658142
6382,48,48,0.24265354871749878
6383,2,1,0.23207931220531464
6384,2,25,0.1572798490524292
6385,30,73,0.49145907163619995
6386,2,69,0.3940102458000183
6387,21,21,0.22871406376361847
6388,82,82,0.7380030751228333
6389,90,45,0.08800332248210907
6390,94,94,0.7667051553726196
6391,74,63,0.19764406979084015
6392,71,23,0.2637525498867035
6393,75,7,0.2931269705295563
6394,79,38,0.14848384261131287
6395,42,42,0.2688143849372864
6396,75,72,0.2593981921672821
6397,14,83,0.27159109711647034
6398,89,15,0.24228328466415405
6399,50,36,0.13285762071609497
6400,83,83,0.12856218218803406
6401,42,63,0.20363222062587738
6402,67,67,0.4801991879940033
6403,81,81,0.6756899356842041
6404,73,67,0.7417551875114441
6405,52,52,0.38958650827407837
6406,17,17,0.8052200078964233
6407,76,76,0.20151495933532715
6408,5,36,0.14478658139705658
6409,42,34,0.0571647509932518
6410,68,9,0.09631834924221039
6411,13,5,0.2254795879125595
6412,37,37,0.3994910717010498
6413,94,94,0.49071362614631653
6414,92,62,0.24694380164146423
6415,0,61,0.1464090496301651
6416,48,48,0.4655383825302124
6417,15,32,0.07120101153850555
6418,15,93,0.09541294723749161
6419,39,39,0.36771753430366516
6420,40,40,0.10762538015842438
6421,82,60,0.22204984724521637
6422,31,19,0.246970534324646
6423,94,33,0.30517640709877014
6424,99,78,0.2347678393125534
6425,68,68,0.5709913969039917
6426,52,52,0.44040510058403015
6427,19,19,0.16381649672985077
6428,4,26,0.23503568768501282
6429,54,88,0.19044657051563263
6430,89,59,0.23225918412208557
6431,40,40,0.11971170455217361
6432,27,39,0.10703329741954803
6433,97,64,0.12682607769966125
6434,14,8,0.24919557571411133
6435,93,29,0.416537344455719
6436,66,97,0.5283983945846558
6437,74,7,0.09631277620792389
6438,26,29,0.1917949914932251
6439,36,36,0.18419939279556274
6440,9,9,0.16964638233184814
6441,66,91,0.11913421750068665
6442,44,18,0.09147411584854126
6443,59,56,0.3752102255821228
6444,33,33,0.526531994342804
6445,79,44,0.1585594266653061
6446,63,3,0.1633065789937973
6447,97,97,0.40098267793655396
6448,43,99,0.08792054653167725
6449,48,8,0.878432035446167
6450,78,66,0.09282341599464417
6451,25,91,0.49243664741516113
6452,32,11,0.36260950565338135
6453,18,6,0.35008683800697327
6454,40,67,0.2375994175672531
6455,44,78,0.13766461610794067
6456,80,80,0.23485589027404785
6457,16,16,0.2626700699329376
6458,45,32,0.12956325709819794
6459,45,1,0.06123047322034836
6460,12,12,0.16136538982391357
6461,99,28,0.15884825587272644
6462,18,18,0.21400117874145508
6463,6,54,0.5084522366523743
6464,41,26,0.4504273235797882
6465,46,32,0.1588267982006073
6466,69,67,0.250543475151062
6467,18,96,0.136539489030838
6468,44,74,0.1646958440542221
6469,34,34,0.2047303467988968
6470,32,32,0.5305024981498718
6471,30,30,0.49427708983421326
6472,9,40,0.3029854893684387
6473,72,90,0.09086108207702637
6474,85,85,0.14299918711185455
6475,15,17,0.29611077904701233
6476,92,62,0.35793352127075195
6477,5,5,0.256003201007843
6478,71,71,0.4187953770160675
6479,52,52,0.38007062673568726
6480,56,56,0.21556830406188965
6481,88,88,0.48053982853889465
6482,22,22,0.8244591355323792
6483,64,66,0.15032219886779785
6484,31,15,0.22247113287448883
6485,63,32,0.23829996585845947
6486,14,79,0.12776751816272736
6487,56,56,0.1391436606645584
6488,99,21,0.15863430500030518
6489,72,95,0.4846079349517822
6490,22,22,0.8739798665046692
6491,20,20,0.6729552149772644
6492,67,97,0.12336481362581253
6493,57,45,0.2571961283683777
6494,93,75,0.5034541487693787
6495,29,29,0.5878106355667114
6496,72,99,0.10781385749578476
6497,91,91,0.9876413941383362
6498,64,74,0.10057097673416138
6499,36,43,0.19200702011585236
6500,22,61,0.6546921133995056
6501,49,49,0.4279036223888397
6502,26,26,0.23787957429885864
6503,84,14,0.34769493341445923
6504,47,59,0.372162789106369
6505,34,53,0.5750516653060913
6506,85,85,0.2951289713382721
6507,9,9,0.23320835828781128
6508,22,96,0.15232299268245697
6509,29,29,0.42889347672462463
6510,39,71,0.3656598925590515
6511,32,3,0.08428024500608444
6512,94,94,0.8616472482681274
6513,93,7,0.09730646014213562
6514,25,33,0.31175991892814636
6515,18,7,0.12799637019634247
6516,53,53,0.91083163022995
6517,12,12,0.523370623588562
6518,27,38,0.16153395175933838
6519,10,57,0.26247864961624146
6520,99,45,0.27291378378868103
6521,88,74,0.11537089943885803
6522,16,8,0.19355514645576477
6523,91,67,0.3069670498371124
6524,78,6,0.29402658343315125
6525,7,24,0.19582116603851318
6526,72,30,0.09668923169374466
6527,12,8,0.11875221133232117
6528,97,56,0.10477577894926071
6529,37,12,0.10161647945642471
6530,86,76,0.32977578043937683
6531,87,87,0.4558866620063782
6532,57,81,0.1680644452571869
6533,36,67,0.16902534663677216
6534,35,35,0.08205315470695496
6535,44,24,0.2687320113182068
6536,57,1,0.1021115779876709
6537,27,91,0.31574100255966187
6538,31,31,0.08786995708942413
6539,3,14,0.08927852660417557
6540,26,78,0.19956433773040771
6541,7,24,0.2681782841682434
6542,96,18,0.22293193638324738
6543,39,21,0.1125783696770668
6544,43,33,0.2297038435935974
6545,34,6,0.34661707282066345
6546,89,55,0.1105089858174324
6547,48,48,0.328840434551239
6548,56,56,0.6702311635017395
6549,18,97,0.11793481558561325
6550,45,62,0.2608124613761902
6551,92,62,0.364591121673584
6552,97,74,0.16365036368370056
6553,8,8,0.39702433347702026
6554,18,33,0.4368882477283478
6555,66,65,0.10194241255521774
6556,81,13,0.34297990798950195
6557,37,95,0.1735580563545227
6558,51,51,0.16744840145111084
6559,10,61,0.3896709978580475
6560,77,81,0.11770150810480118
6561,97,42,0.10021797567605972
6562,33,33,0.5030165314674377
6563,60,60,0.36955708265304565
6564,43,2,0.10411261022090912
6565,10,33,0.2309798002243042
6566,50,42,0.15859374403953552
6567,31,31,0.883109450340271
6568,84,5,0.162472203373909
6569,49,17,0.23990996181964874
6570,78,40,0.26695823669433594
6571,24,24,0.7567498683929443
6572,68,68,0.42220020294189453
6573,98,45,0.06105249002575874
6574,58,58,0.9515252709388733
6575,51,51,0.08216886967420578
6576,93,97,0.2101070135831833
6577,36,43,0.11821739375591278
6578,74,65,0.1800675094127655
6579,78,66,0.23966434597969055
6580,55,15,0.16549186408519745
6581,50,46,0.1739596575498581
6582,25,25,0.13142378628253937
6583,65,35,0.11515755951404572
6584,86,66,0.19507229328155518
6585,35,43,0.20469538867473602
6586,33,17,0.21926571428775787
6587,92,54,0.34660375118255615
6588,37,56,0.33919399976730347
6589,71,39,0.1598890721797943
6590,61,10,0.32950764894485474
6591,5,39,0.26683804392814636
6592,79,79,0.18172787129878998
6593,71,71,0.16551344096660614
6594,20,20,0.7221946716308594
6595,59,42,0.13536565005779266
6596,67,67,0.2877980172634125
6597,28,28,0.1948082149028778
6598,76,76,0.7905318737030029
6599,31,31,0.27843475341796875
6600,50,95,0.137725368142128
6601,62,83,0.40081724524497986
6602,9,24,0.21578173339366913
6603,4,35,0.06942944973707199
6604,54,83,0.0697111114859581
6605,38,38,0.24969689548015594
6606,11,46,0.22739270329475403
6607,59,52,0.6528487205505371
6608,84,12,0.15638026595115662
6609,63,26,0.1691797375679016
6610,66,67,0.2090355008840561
6611,35,35,0.15990175306797028
6612,52,52,0.877616822719574
6613,73,73,0.4427802264690399
6614,87,87,0.9320246577262878
6615,62,6,0.306295782327652
6616,15,6,0.18601930141448975
6617,11,46,0.25160741806030273
6618,59,79,0.17652103304862976
6619,20,20,0.5090343952178955
6620,47,52,0.36974963545799255
6621,96,60,0.9540804028511047
6622,26,50,0.0740881934762001
6623,36,65,0.15562167763710022
6624,35,35,0.23116052150726318
6625,77,18,0.24947550892829895
6626,38,27,0.23907189071178436
6627,24,24,0.39376139640808105
6628,2,10,0.20021256804466248
6629,17,22,0.13252148032188416
6630,36,44,0.10145491361618042
6631,80,80,0.14743492007255554
6632,74,74,0.17184850573539734
6633,41,41,0.872704267501831
6634,32,57,0.2056524157524109
6635,23,71,0.553608775138855
6636,76,76,0.274322509765625
6637,44,24,0.0996965691447258
6638,91,67,0.2179691046476364
6639,21,21,0.12143304198980331
6640,81,81,0.16010472178459167
6641,53,53,0.21178202331066132
6642,55,95,0.4405609369277954
6643,47,96,0.525114119052887
6644,79,67,0.20083193480968475
6645,19,95,0.11755555123090744
6646,31,56,0.39283275604248047
6647,82,82,0.9029368162155151
6648,64,97,0.20114214718341827
6649,3,30,0.1242639496922493
6650,49,30,0.26936596632003784
6651,35,2,0.21119540929794312
6652,97,97,0.27265676856040955
6653,58,13,0.15325170755386353
6654,43,43,0.30861395597457886
6655,20,20,0.5141505002975464
6656,86,86,0.43296337127685547
6657,22,13,0.42328178882598877
6658,32,36,0.2777564227581024
6659,18,18,0.15299826860427856
6660,53,53,0.7573977708816528
6661,60,60,0.2487293779850006
6662,36,61,0.10975915938615799
6663,83,0,0.3020726442337036
6664,18,7,0.2185479700565338
6665,32,32,0.6873170137405396
6666,66,38,0.13719682395458221
6667,99,26,0.15234634280204773
6668,51,18,0.09716400504112244
6669,35,24,0.38175490498542786
6670,69,69,0.8827053904533386
6671,28,65,0.08332264423370361
6672,11,35,0.27479809522628784
6673,22,22,0.6764479279518127
6674,49,17,0.1609535664319992
6675,21,21,0.24861271679401398
6676,93,10,0.21983689069747925
6677,1,54,0.5429679751396179
6678,55,66,0.08140680193901062
6679,51,34,0.17164678871631622
6680,55,67,0.16802752017974854
6681,51,97,0.15556134283542633
6682,67,67,0.1392766833305359
6683,92,97,0.4426512122154236
6684,76,76,0.2155914455652237
6685,52,96,0.20249851047992706
6686,31,29,0.26522141695022583
6687,82,82,0.9363259673118591
6688,75,75,0.6775646805763245
6689,61,61,0.9731969237327576
6690,55,55,0.15740397572517395
6691,90,15,0.14112332463264465
6692,78,88,0.25056907534599304
6693,34,4,0.07648792117834091
6694,87,76,0.5823405981063843
6695,39,29,0.22445306181907654
6696,85,85,0.3581419885158539
6697,70,62,0.17864465713500977
6698,2,35,0.2815338373184204
6699,14,3,0.14620062708854675
6700,45,14,0.12030035257339478
6701,1,1,0.23397381603717804
6702,95,95,0.3995041251182556
6703,90,75,0.12093982845544815
6704,64,64,0.11558880656957626
6705,55,51,0.12143027037382126
6706,12,39,0.10665049403905869
6707,91,73,0.5824041962623596
6708,47,47,0.8122689723968506
6709,2,86,0.0914052277803421
6710,99,99,0.2997051775455475
6711,79,8,0.141767680644989
6712,13,35,0.261886328458786
6713,8,8,0.2569621205329895
6714,84,68,0.2630043923854828
6715,27,91,0.17448920011520386
6716,11,36,0.3338993191719055
6717,71,60,0.5084585547447205
6718,21,21,0.3428459167480469
6719,28,28,0.13389185070991516
6720,8,16,0.12111756205558777
6721,55,38,0.14742539823055267
6722,67,24,0.25466489791870117
6723,75,75,0.5199699997901917
6724,40,40,0.5544062852859497
6725,17,37,0.3298074007034302
6726,4,65,0.11083026230335236
6727,95,95,0.46577614545822144
6728,63,38,0.17619280517101288
6729,51,51,0.3178996443748474
6730,48,86,0.3787749111652374
6731,65,65,0.12968561053276062
6732,6,24,0.21903033554553986
6733,39,8,0.3513874411582947
6734,39,25,0.468406617641449
6735,42,34,0.12091276049613953
6736,49,30,0.1414918750524521
6737,14,14,0.4971655607223511
6738,83,92,0.38310903310775757
6739,23,23,0.22706876695156097
6740,78,1,0.09594634920358658
6741,47,47,0.6576324701309204
6742,81,81,0.23567001521587372
6743,41,13,0.26221710443496704
6744,76,76,0.29957684874534607
6745,99,42,0.30192267894744873
6746,97,97,0.1927212029695511
6747,24,65,0.08058682829141617
6748,24,24,0.5593109726905823
6749,76,86,0.18939873576164246
6750,57,57,0.7181734442710876
6751,80,34,0.11518096923828125
6752,16,66,0.0977248027920723
6753,44,91,0.4224908947944641
6754,54,70,0.4110850989818573
6755,92,54,0.3169911205768585
6756,30,73,0.294295072555542
6757,4,63,0.14576034247875214
6758,2,2,0.25057411193847656
6759,1,95,0.4455377161502838
6760,39,39,0.14268819987773895
6761,98,35,0.1367279440164566
6762,90,17,0.7240962386131287
6763,74,80,0.06343885511159897
6764,81,81,0.32531803846359253
6765,74,74,0.30310842394828796
6766,64,64,0.1996929943561554
6767,42,80,0.11074542254209518
6768,59,52,0.3020552694797516
6769,69,69,0.14709465205669403
6770,67,36,0.1895560622215271
6771,66,21,0.34824517369270325
6772,10,36,0.12120980769395828
6773,52,52,0.8120694756507874
6774,22,40,0.09402674436569214
6775,11,35,0.19100047647953033
6776,69,12,0.11291269212961197
6777,39,20,0.23598521947860718
6778,15,32,0.18151377141475677
6779,77,3,0.10610678791999817
6780,36,34,0.33515647053718567
6781,23,23,0.3834393322467804
6782,41,41,0.9967543482780457
6783,94,47,0.45779693126678467
6784,45,15,0.10454292595386505
6785,17,17,0.3772243559360504
6786,14,92,0.332978218793869
6787,62,70,0.3359043300151825
6788,9,9,0.09840669482946396
6789,4,43,0.3588279187679291
6790,37,37,0.39749789237976074
6791,13,12,0.2962762117385864
6792,77,88,0.15441648662090302
6793,69,69,0.44579946994781494
6794,72,32,0.2503682076931
6795,22,61,0.4368394613265991
6796,75,75,0.9250180721282959
6797,45,20,0.3179398775100708
6798,3,23,0.188323512673378
6799,8,8,0.4246167540550232
6800,24,29,0.32794782519340515
6801,28,53,0.16362982988357544
6802,4,43,0.28486984968185425
6803,57,40,0.10783044248819351
6804,10,10,0.2122797966003418
6805,2,36,0.23260293900966644
6806,0,0,0.7008506655693054
6807,89,89,0.23626722395420074
6808,7,24,0.38204848766326904
6809,94,94,0.956926703453064
6810,68,67,0.2704698145389557
6811,66,66,0.3092072010040283
6812,17,76,0.28031066060066223
6813,5,74,0.10566733777523041
6814,90,89,0.17686481773853302
6815,77,32,0.17605271935462952
6816,34,80,0.12162861973047256
6817,77,66,0.1261325180530548
6818,26,44,0.12012941390275955
6819,35,2,0.18421292304992676
6820,52,52,0.8630809187889099
6821,70,70,0.3949829041957855
6822,29,78,0.15034538507461548
6823,94,94,0.14583820104599
6824,37,37,0.5381556153297424
6825,83,83,0.20185011625289917
6826,40,24,0.5804813504219055
6827,0,57,0.37111446261405945
6828,92,62,0.14628326892852783
6829,96,52,0.4871487617492676
6830,4,64,0.07667138427495956
6831,78,78,0.19825157523155212
6832,80,89,0.11787308752536774
6833,6,54,0.3913232684135437
6834,85,85,0.17597950994968414
6835,59,59,0.4425714313983917
6836,96,96,0.5871086716651917
6837,8,75,0.2846740186214447
6838,70,30,0.3067581057548523
6839,62,62,0.6137238144874573
6840,25,1,0.1530962735414505
6841,22,88,0.20851992070674896
6842,1,98,0.11923108994960785
6843,82,40,0.10028863698244095
6844,93,11,0.21347907185554504
6845,82,62,0.3432999849319458
6846,96,52,0.37150856852531433
6847,70,70,0.5184307098388672
6848,8,48,0.31628185510635376
6849,19,8,0.1692289263010025
6850,67,73,0.2988366484642029
6851,4,6,0.1322336047887802
6852,86,46,0.26995649933815
6853,19,3,0.16427317261695862
6854,17,67,0.10388650000095367
6855,32,47,0.08486415445804596
6856,38,88,0.12868551909923553
6857,57,57,0.24305550754070282
6858,84,81,0.5131487846374512
6859,10,83,0.3452061414718628
6860,40,28,0.23703689873218536
6861,12,81,0.28260430693626404
6862,33,33,0.10170286148786545
6863,94,5,0.12639552354812622
6864,68,68,0.21854403614997864
6865,8,79,0.1174188032746315
6866,89,15,0.2347148209810257
6867,69,69,0.448175847530365
6868,95,21,0.17775581777095795
6869,43,43,0.4468894898891449
6870,60,60,0.7424747347831726
6871,11,90,0.21267709136009216
6872,0,70,0.2783612608909607
6873,12,76,0.35160645842552185
6874,90,85,0.38772517442703247
6875,2,98,0.3637736439704895
6876,54,54,0.3921988904476166
6877,45,20,0.15203607082366943
6878,65,61,0.35299596190452576
6879,50,63,0.09716952592134476
6880,3,19,0.20105010271072388
6881,68,90,0.13602186739444733
6882,17,17,0.3253706395626068
6883,35,98,0.366574764251709
6884,81,81,0.7511621117591858
6885,32,13,0.13065588474273682
6886,9,9,0.9852885603904724
6887,99,39,0.3065693974494934
6888,77,6,0.3894535005092621
6889,84,84,0.2646247148513794
6890,22,61,0.8738397359848022
6891,30,10,0.09701348096132278
6892,23,67,0.1890590637922287
6893,36,61,0.28442224860191345
6894,73,10,0.09003883600234985
6895,80,36,0.13331250846385956
6896,92,70,0.31727051734924316
6897,92,70,0.18421493470668793
6898,31,29,0.11453505605459213
6899,9,9,0.8509398698806763
6900,86,86,0.2921157479286194
6901,91,91,0.9351168870925903
6902,26,70,0.20252910256385803
6903,85,17,0.12169208377599716
6904,30,30,0.4277501106262207
6905,12,35,0.2667854428291321
6906,54,54,0.7641009092330933
6907,39,87,0.21271967887878418
6908,76,49,0.25887712836265564
6909,45,47,0.26984307169914246
6910,67,73,0.36882084608078003
6911,51,19,0.1498081386089325
6912,57,68,0.3398805260658264
6913,19,15,0.140390083193779
6914,48,7,0.367304265499115
6915,81,81,0.3126416802406311
6916,55,24,0.2088484764099121
6917,38,34,0.13419851660728455
6918,27,72,0.07063798606395721
6919,54,84,0.16587965190410614
6920,81,5,0.15508344769477844
6921,84,25,0.1966867446899414
6922,0,94,0.3874301016330719
6923,64,15,0.06456618010997772
6924,42,34,0.13568031787872314
6925,77,18,0.16180720925331116
6926,52,47,0.45132747292518616
6927,92,54,0.7487629055976868
6928,82,83,0.1955193281173706
6929,12,12,0.3732134699821472
6930,89,89,0.254865437746048
6931,53,53,0.4762594401836395
6932,21,10,0.27061545848846436
6933,18,33,0.15822970867156982
6934,92,54,0.21208272874355316
6935,36,36,0.23901572823524475
6936,44,53,0.20583511888980865
6937,35,74,0.10580971837043762
6938,31,31,0.27902305126190186
6939,62,62,0.755406379699707
6940,41,44,0.19871821999549866
6941,65,18,0.17604559659957886
6942,28,28,0.7451115250587463
6943,20,20,0.876319944858551
6944,92,54,0.41716325283050537
6945,33,33,0.38192257285118103
6946,21,3,0.3460078239440918
6947,86,41,0.5085659027099609
6948,72,72,0.13889193534851074
6949,18,97,0.07482420653104782
6950,56,56,0.7779720425605774
6951,88,31,0.2178642898797989
6952,76,73,0.22967788577079773
6953,71,71,0.38799619674682617
6954,48,89,0.36622825264930725
6955,12,33,0.2638210356235504
6956,45,45,0.36970362067222595
6957,60,60,0.639888346195221
6958,99,20,0.12543590366840363
6959,84,40,0.32293927669525146
6960,24,24,0.24461300671100616
6961,37,76,0.13342605531215668
6962,86,20,0.3393755853176117
6963,76,23,0.22489739954471588
6964,84,35,0.1898077428340912
6965,51,51,0.3209351897239685
6966,60,60,0.737350344657898
6967,97,66,0.16455881297588348
6968,29,72,0.11920113116502762
6969,65,65,0.131505087018013
6970,88,7,0.22393082082271576
6971,7,86,0.08983888477087021
6972,83,0,0.09315764158964157
6973,59,52,0.3624444305896759
6974,96,96,0.36011889576911926
6975,53,53,0.5707629323005676
6976,32,32,0.645638108253479
6977,79,7,0.24883325397968292
6978,87,16,0.21689563989639282
6979,33,51,0.19279026985168457
6980,46,46,0.18325094878673553
6981,22,81,0.2793741822242737
6982,38,31,0.23037852346897125
6983,47,52,0.6024908423423767
6984,24,2,0.10818206518888474
6985,3,4,0.23190465569496155
6986,54,54,0.2239614725112915
6987,85,22,0.1046343445777893
6988,65,61,0.50932776927948
6989,75,75,0.3527732193470001
6990,4,21,0.20700037479400635
6991,80,65,0.08076116442680359
6992,76,60,0.3437892496585846
6993,92,82,0.2702700197696686
6994,84,74,0.12278624624013901
6995,61,2,0.16341599822044373
6996,31,43,0.14272214472293854
6997,66,19,0.1333502233028412
6998,39,39,0.39629337191581726
6999,29,6,0.22272169589996338
7000,35,35,0.07024714350700378
7001,91,32,0.22375044226646423
7002,64,91,0.14894355833530426
7003,7,7,0.41184601187705994
7004,80,34,0.12815022468566895
7005,96,47,0.39592257142066956
7006,89,44,0.19665031135082245
7007,83,83,0.5481346249580383
7008,32,73,0.08424705266952515
7009,1,28,0.40063440799713135
7010,85,37,0.1792909950017929
7011,75,3,0.4081652760505676
7012,9,9,0.705959141254425
7013,25,87,0.1755978912115097
7014,87,46,0.08533276617527008
7015,59,59,0.40625566244125366
7016,38,80,0.17755338549613953
7017,82,82,0.7036224007606506
7018,27,18,0.09381897002458572
7019,6,6,0.5994341373443604
7020,26,42,0.25232869386672974
7021,34,36,0.1230112835764885
7022,14,14,0.25545716285705566
7023,14,6,0.37255656719207764
7024,46,28,0.13088436424732208
7025,70,70,0.28834083676338196
7026,17,17,0.5165280103683472
7027,84,8,0.19329817593097687
7028,97,97,0.5613447427749634
7029,49,22,0.06851501017808914
7030,69,38,0.0630105584859848
7031,59,96,0.40800297260284424
7032,50,38,0.17823514342308044
7033,86,86,0.856632649898529
7034,61,97,0.11606087535619736
7035,40,62,0.22800055146217346
7036,66,20,0.1772393137216568
7037,50,2,0.16335006058216095
7038,29,29,0.8596640825271606
7039,49,23,0.22997844219207764
7040,26,92,0.2889726459980011
7041,53,53,0.8314361572265625
7042,73,73,0.3679823577404022
7043,85,85,0.7388110160827637
7044,46,46,0.5214192867279053
7045,81,68,0.26729658246040344
7046,25,5,0.22327959537506104
7047,68,10,0.12398472428321838
7048,71,30,0.39190202951431274
7049,14,70,0.33627235889434814
7050,87,94,0.7212320566177368
7051,37,68,0.36314043402671814
7052,86,86,0.565662682056427
7053,72,29,0.5588027238845825
7054,28,28,0.7229257822036743
7055,93,29,0.17925910651683807
7056,62,53,0.23296059668064117
7057,72,17,0.11510298401117325
7058,41,14,0.20480285584926605
7059,98,50,0.09017378091812134
7060,51,63,0.12406625598669052
7061,46,46,0.20701661705970764
7062,36,36,0.20237793028354645
7063,20,20,0.6608160138130188
7064,57,57,0.18092945218086243
7065,1,97,0.16256041824817657
7066,96,33,0.6639919281005859
7067,16,50,0.14260603487491608
7068,38,56,0.10484988987445831
7069,59,47,0.5136981010437012
7070,85,81,0.06536008417606354
7071,95,24,0.292599618434906
7072,23,30,0.2867169678211212
7073,14,14,0.28407520055770874
7074,53,24,0.5172457695007324
7075,50,55,0.09378746151924133
7076,2,2,0.11006695032119751
7077,9,98,0.16783219575881958
7078,42,8,0.08886518329381943
7079,21,21,0.27155163884162903
7080,12,81,0.6672429442405701
7081,73,21,0.2227015346288681
7082,29,24,0.5145875811576843
7083,81,31,0.31244876980781555
7084,63,2,0.12974853813648224
7085,64,64,0.2704039514064789
7086,89,89,0.25095146894454956
7087,97,54,0.303690642118454
7088,63,32,0.09836585819721222
7089,84,99,0.3565308749675751
7090,84,9,0.2760186195373535
7091,6,45,0.1517731249332428
7092,3,51,0.09544233232736588
7093,9,99,0.11657730489969254
7094,44,21,0.22287072241306305
7095,7,24,0.7439146041870117
7096,39,84,0.17974640429019928
7097,1,1,0.4517269730567932
7098,68,68,0.9011674523353577
7099,83,1,0.25074636936187744
7100,71,60,0.6854051351547241
7101,69,54,0.20872820913791656
7102,84,68,0.13115930557250977
7103,23,23,0.631004810333252
7104,51,92,0.17159850895404816
7105,40,40,0.5923736095428467
7106,63,21,0.2776729166507721
7107,17,17,0.3814319968223572
7108,31,31,0.5725069046020508
7109,48,48,0.8404370546340942
7110,48,7,0.11982167512178421
7111,2,36,0.19299523532390594
7112,50,85,0.0663575828075409
7113,66,97,0.507434606552124
7114,98,6,0.11434953659772873
7115,44,44,0.15124431252479553
7116,12,12,0.4590809941291809
7117,14,89,0.1549992859363556
7118,56,30,0.2144910842180252
7119,58,81,0.2776165008544922
7120,70,70,0.6097573637962341
7121,85,13,0.3134418725967407
7122,70,70,0.2503730058670044
7123,94,94,0.7466509938240051
7124,41,11,0.11952818930149078
7125,97,46,0.1566675752401352
7126,5,25,0.15457327663898468
7127,80,63,0.19997675716876984
7128,15,7,0.15678152441978455
7129,62,1,0.27854466438293457
7130,2,35,0.34866923093795776
7131,58,13,0.509331464767456
7132,56,85,0.3553905785083771
7133,13,90,0.23385557532310486
7134,72,25,0.16895541548728943
7135,97,55,0.22315670549869537
7136,25,16,0.5299896597862244
7137,87,88,0.07957912236452103
7138,19,26,0.13239237666130066
7139,92,53,0.22349290549755096
7140,24,24,0.15333130955696106
7141,34,44,0.11912334710359573
7142,93,79,0.18026943504810333
7143,45,53,0.5157841444015503
7144,78,37,0.18101181089878082
7145,68,68,0.5736914873123169
7146,89,66,0.11537140607833862
7147,31,31,0.4020255506038666
7148,73,95,0.44802477955818176
7149,85,85,0.16896861791610718
7150,50,65,0.11600536853075027
7151,95,30,0.4432155191898346
7152,80,24,0.10784773528575897
7153,96,43,0.21462136507034302
7154,76,76,0.37768346071243286
7155,32,79,0.255667507648468
7156,77,51,0.06622268259525299
7157,19,19,0.723264217376709
7158,59,59,0.2315100133419037
7159,84,79,0.09980025887489319
7160,48,22,0.11957795917987823
7161,10,77,0.1188446655869484
7162,32,42,0.10205331444740295
7163,98,35,0.4508138597011566
7164,33,33,0.1296694427728653
7165,69,69,0.3665294349193573
7166,14,14,0.24923117458820343
7167,69,49,0.26733458042144775
7168,36,34,0.30168503522872925
7169,72,72,0.2097986340522766
7170,65,92,0.3108711838722229
7171,94,20,0.329082190990448
7172,86,86,0.32079339027404785
7173,64,86,0.06067861616611481
7174,16,16,0.4792543947696686
7175,90,89,0.09895991533994675
7176,56,31,0.20984776318073273
7177,4,74,0.23885022103786469
7178,96,57,0.13067756593227386
7179,83,53,0.18189625442028046
7180,71,71,0.3406047821044922
7181,51,14,0.209868922829628
7182,41,85,0.10696803778409958
7183,65,88,0.21222299337387085
7184,61,61,0.599319577217102
7185,63,97,0.12166276574134827
7186,96,33,0.516157865524292
7187,62,62,0.24843910336494446
7188,85,85,0.7394007444381714
7189,74,74,0.12995781004428864
7190,57,60,0.11618462204933167
7191,23,61,0.5851762890815735
7192,20,36,0.11154305934906006
7193,38,80,0.18932847678661346
7194,15,19,0.42004022002220154
7195,25,25,0.2083331048488617
7196,72,64,0.07996693253517151
7197,62,62,0.618018388748169
7198,37,15,0.07332690805196762
7199,62,1,0.3382978141307831
7200,15,19,0.23988567292690277
7201,47,96,0.5294941663742065
7202,75,39,0.12099242210388184
7203,26,6,0.12503966689109802
7204,28,16,0.20197038352489471
7205,27,37,0.20997722446918488
7206,37,97,0.21269117295742035
7207,58,58,0.844876229763031
7208,46,46,0.13611696660518646
7209,48,48,0.9859693050384521
7210,52,52,0.4522463083267212
7211,79,41,0.16693200170993805
7212,71,71,0.6144325137138367
7213,7,7,0.5239971280097961
7214,60,71,0.5708527565002441
7215,60,19,0.17959439754486084
7216,38,67,0.10141680389642715
7217,49,49,0.1903875172138214
7218,62,45,0.2029169350862503
7219,0,35,0.1093827411532402
7220,19,15,0.2860541343688965
7221,46,35,0.1768958419561386
7222,90,95,0.16771574318408966
7223,5,84,0.08500222861766815
7224,22,10,0.13719530403614044
7225,34,2,0.13520005345344543
7226,75,75,0.3931986391544342
7227,41,58,0.5393900275230408
7228,65,65,0.200638085603714
7229,51,4,0.09884020686149597
7230,65,75,0.3267991840839386
7231,46,46,0.8451682925224304
7232,1,36,0.3919495940208435
7233,14,7,0.16603069007396698
7234,17,17,0.6981736421585083
7235,65,36,0.15866777300834656
7236,98,53,0.16750140488147736
7237,45,48,0.24526914954185486
7238,14,6,0.253678560256958
7239,90,81,0.1728857159614563
7240,35,43,0.3769703209400177
7241,30,93,0.19860000908374786
7242,8,8,0.9763875007629395
7243,21,7,0.27143535017967224
7244,28,28,0.46743935346603394
7245,18,63,0.12351825833320618
7246,65,33,0.5078959465026855
7247,32,17,0.17790944874286652
7248,34,27,0.1846601516008377
7249,48,8,0.1835019439458847
7250,75,30,0.3377799987792969
7251,29,81,0.14895236492156982
7252,92,53,0.373603492975235
7253,76,76,0.3270992040634155
7254,30,73,0.36729419231414795
7255,93,91,0.1921546757221222
7256,4,98,0.19342298805713654
7257,37,84,0.12776024639606476
7258,82,83,0.36709868907928467
7259,9,8,0.1967967003583908
7260,11,46,0.5018913745880127
7261,54,54,0.6922352910041809
7262,8,8,0.2645380198955536
7263,43,43,0.22165587544441223
7264,67,27,0.17021438479423523
7265,30,97,0.10396186262369156
7266,8,8,0.7189849615097046
7267,40,40,0.17866504192352295
7268,53,0,0.5867741107940674
7269,1,54,0.1433473527431488
7270,93,64,0.13689255714416504
7271,26,93,0.27376553416252136
7272,93,73,0.1790640950202942
7273,6,45,0.28507906198501587
7274,87,84,0.1596793681383133
7275,22,16,0.2492540180683136
7276,91,63,0.14515045285224915
7277,24,24,0.5022761821746826
7278,75,75,0.9773520827293396
7279,34,76,0.07122433185577393
7280,86,87,0.286536306142807
7281,8,8,0.22661104798316956
7282,8,8,0.35022276639938354
7283,42,63,0.35829612612724304
7284,51,96,0.14490875601768494
7285,94,35,0.1581442952156067
7286,81,16,0.3565557897090912
7287,18,18,0.23094220459461212
7288,85,41,0.45971399545669556
7289,48,48,0.3416406512260437
7290,35,35,0.21593959629535675
7291,20,34,0.18363507091999054
7292,50,32,0.11857585608959198
7293,19,31,0.2522924244403839
7294,55,14,0.11633146554231644
7295,26,45,0.3148738145828247
7296,64,65,0.1321389526128769
7297,78,91,0.1089015081524849
7298,15,31,0.09268821030855179
7299,72,38,0.23228035867214203
7300,93,49,0.09564916044473648
7301,65,21,0.2138795405626297
7302,95,95,0.3632897138595581
7303,87,10,0.1974189728498459
7304,72,72,0.18580986559391022
7305,35,72,0.11564354598522186
7306,27,14,0.10353228449821472
7307,36,36,0.2881665527820587
7308,97,38,0.12939538061618805
7309,73,91,0.14147676527500153
7310,35,2,0.14016784727573395
7311,12,71,0.2536889314651489
7312,24,29,0.41170036792755127
7313,70,70,0.3017129898071289
7314,4,29,0.12556211650371552
7315,26,24,0.18133299052715302
7316,71,71,0.4173107445240021
7317,34,43,0.2973172962665558
7318,67,73,0.7215525507926941
7319,20,5,0.18352241814136505
7320,85,89,0.371998131275177
7321,74,74,0.17693914473056793
7322,99,67,0.30550262331962585
7323,92,82,0.8691319823265076
7324,99,81,0.1164608746767044
7325,21,21,0.4071683883666992
7326,50,36,0.13463754951953888
7327,36,36,0.2037339210510254
7328,82,82,0.542746365070343
7329,95,73,0.6202124357223511
7330,71,71,0.24201439321041107
7331,61,61,0.5148246884346008
7332,23,23,0.6537954211235046
7333,15,29,0.29392009973526
7334,77,17,0.17456667125225067
7335,40,76,0.18875351548194885
7336,74,67,0.13629887998104095
7337,25,67,0.24247847497463226
7338,19,19,0.6702840328216553
7339,67,73,0.3765887916088104
7340,6,24,0.8164193034172058
7341,61,36,0.15038838982582092
7342,68,54,0.18205566704273224
7343,46,91,0.14024856686592102
7344,5,5,0.2770470678806305
7345,10,10,0.5884082317352295
7346,11,2,0.3170342743396759
7347,41,1,0.21568076312541962
7348,55,30,0.25896865129470825
7349,96,96,0.4842582941055298
7350,57,57,0.4237304627895355
7351,30,36,0.2385992407798767
7352,96,56,0.16266568005084991
7353,88,88,0.2090473175048828
7354,92,82,0.30548638105392456
7355,72,21,0.12525539100170135
7356,51,25,0.19991354644298553
7357,19,84,0.17427119612693787
7358,40,67,0.2759315073490143
7359,2,36,0.13250984251499176
7360,76,76,0.6301299929618835
7361,54,70,0.43060389161109924
7362,22,83,0.40551382303237915
7363,68,68,0.7776479125022888
7364,70,64,0.144037663936615
7365,0,83,0.26683712005615234
7366,5,84,0.09640071541070938
7367,42,17,0.2512771487236023
7368,11,3,0.27662625908851624
7369,61,83,0.5185108780860901
7370,88,30,0.09273666888475418
7371,67,67,0.550387442111969
7372,77,77,0.08982052654027939
7373,34,34,0.11733735352754593
7374,29,45,0.09474100172519684
7375,97,97,0.5261293053627014
7376,13,13,0.5782415866851807
7377,29,1,0.20795337855815887
7378,8,8,0.2481241226196289
7379,15,89,0.0858880802989006
7380,70,24,0.1574583649635315
7381,29,29,0.17643322050571442
7382,19,4,0.14409740269184113
7383,40,28,0.11757367849349976
7384,47,52,0.24160818755626678
7385,8,24,0.3855096101760864
7386,50,63,0.14918754994869232
7387,26,91,0.45013371109962463
7388,89,37,0.3198916018009186
7389,58,75,0.10227745026350021
7390,86,46,0.12893450260162354
7391,85,44,0.09076531231403351
7392,61,61,0.22346530854701996
7393,96,96,0.3255879580974579
7394,75,58,0.26616930961608887
7395,80,80,0.15971019864082336
7396,95,23,0.42085617780685425
7397,17,68,0.3807133734226227
7398,93,55,0.10200756043195724
7399,80,55,0.11971796303987503
7400,3,86,0.18219824135303497
7401,53,45,0.18825247883796692
7402,23,23,0.7495717406272888
7403,55,86,0.21425935626029968
7404,27,43,0.3755514323711395
7405,40,79,0.2722213864326477
7406,9,82,0.15749578177928925
7407,42,42,0.27664715051651
7408,50,63,0.1313399225473404
7409,92,83,0.32046088576316833
7410,87,30,0.20154514908790588
7411,43,97,0.376653790473938
7412,42,29,0.3647785186767578
7413,79,24,0.566603422164917
7414,52,59,0.3054792284965515
7415,9,20,0.2626466155052185
7416,32,86,0.4517611861228943
7417,42,74,0.17617863416671753
7418,57,10,0.1444128304719925
7419,56,17,0.37763646245002747
7420,99,98,0.09184319525957108
7421,57,7,0.11231483519077301
7422,81,81,0.6922138333320618
7423,9,9,0.9865579009056091
7424,70,0,0.3990974724292755
7425,51,88,0.3048732876777649
7426,50,43,0.2757823169231415
7427,42,27,0.12385407835245132
7428,10,10,0.6436545252799988
7429,70,68,0.3415961265563965
7430,40,40,0.12179482728242874
7431,40,28,0.6922271251678467
7432,63,32,0.14208079874515533
7433,50,63,0.3537122905254364
7434,19,44,0.07056722044944763
7435,62,70,0.30708032846450806
7436,28,28,0.21799370646476746
7437,94,94,0.9625139832496643
7438,52,59,0.46824541687965393
7439,86,78,0.16642411053180695
7440,98,21,0.2223053276538849
7441,13,13,0.7473915815353394
7442,70,92,0.34391605854034424
7443,9,9,0.256968230009079
7444,19,86,0.33438897132873535
7445,15,63,0.27401459217071533
7446,68,68,0.5424273610115051
7447,66,64,0.11136385798454285
7448,24,24,0.5187942981719971
7449,63,42,0.2583317458629608
7450,56,56,0.7482178211212158
7451,60,68,0.29407498240470886
7452,12,12,0.17412586510181427
7453,53,26,0.4764213562011719
7454,36,21,0.17086592316627502
7455,98,88,0.06783782690763474
7456,20,20,0.7785582542419434
7457,92,70,0.474795937538147
7458,24,24,0.7844274044036865
7459,16,16,0.963736355304718
7460,26,91,0.5613669157028198
7461,12,49,0.6922003626823425
7462,33,47,0.2470446079969406
7463,45,7,0.20353636145591736
7464,71,23,0.1341700255870819
7465,61,97,0.14590613543987274
7466,30,73,0.41724056005477905
7467,45,45,0.1586998999118805
7468,75,7,0.1845993995666504
7469,94,94,0.7718275785446167
7470,29,29,0.9112494587898254
7471,48,8,0.18288105726242065
7472,97,29,0.2689511477947235
7473,95,30,0.2248113453388214
7474,12,12,0.8436777591705322
7475,80,34,0.11509528011083603
7476,63,63,0.4820214509963989
7477,85,85,0.33170706033706665
7478,33,33,0.5329925417900085
7479,23,23,0.6082568764686584
7480,32,53,0.5532907843589783
7481,46,39,0.29858434200286865
7482,70,61,0.5359193682670593
7483,51,88,0.279251366853714
7484,8,8,0.16932842135429382
7485,29,66,0.2529345452785492
7486,56,47,0.6814649105072021
7487,11,11,0.41104379296302795
7488,60,60,0.6352974772453308
7489,48,48,0.40171870589256287
7490,21,29,0.249628946185112
7491,21,63,0.1742052435874939
7492,60,60,0.7291655540466309
7493,56,52,0.30582931637763977
7494,63,63,0.5601601004600525
7495,42,76,0.22083190083503723
7496,33,96,0.37688103318214417
7497,79,30,0.2318243831396103
7498,17,17,0.7946425676345825
7499,20,16,0.13557305932044983
7500,16,12,0.16804935038089752
7501,7,79,0.17445115745067596
7502,91,54,0.22115585207939148
7503,34,43,0.12769639492034912
7504,14,14,0.2980797588825226
7505,92,92,0.4822552800178528
7506,6,14,0.2308407723903656
7507,89,78,0.10655283182859421
7508,13,13,0.4324253797531128
7509,85,85,0.18061591684818268
7510,96,96,0.5381959080696106
7511,27,63,0.08760863542556763
7512,81,13,0.11585618555545807
7513,63,42,0.2299061119556427
7514,59,9,0.2184976190328598
7515,10,10,0.4775109589099884
7516,78,88,0.2716766595840454
7517,18,5,0.2571353018283844
7518,53,53,0.39368852972984314
7519,17,36,0.11573509126901627
7520,27,91,0.08300165832042694
7521,43,29,0.21077997982501984
7522,61,10,0.3454188108444214
7523,54,54,0.41726890206336975
7524,25,43,0.2680955231189728
7525,79,48,0.08869607001543045
7526,68,49,0.2907803952693939
7527,31,74,0.18760260939598083
7528,69,69,0.18127813935279846
7529,64,97,0.09339932352304459
7530,83,61,0.3584505319595337
7531,41,41,0.09654596447944641
7532,23,73,0.40449240803718567
7533,35,76,0.20167429745197296
7534,96,17,0.6135430932044983
7535,20,20,0.9921463131904602
7536,87,55,0.21066619455814362
7537,90,12,0.37932759523391724
7538,52,52,0.6078380942344666
7539,26,22,0.2531687319278717
7540,83,53,0.8392128348350525
7541,67,80,0.21774837374687195
7542,20,20,0.9468500018119812
7543,20,33,0.16595463454723358
7544,7,7,0.3352990746498108
7545,83,94,0.4577518701553345
7546,27,72,0.09280417859554291
7547,45,70,0.27277204394340515
7548,68,68,0.3129238486289978
7549,93,91,0.10642746090888977
7550,86,87,0.08976715058088303
7551,12,12,0.5514764189720154
7552,60,60,0.5372658371925354
7553,73,81,0.18641088902950287
7554,99,15,0.19012998044490814
7555,1,70,0.11435642093420029
7556,92,83,0.16997361183166504
7557,80,55,0.08848554641008377
7558,26,51,0.20036831498146057
7559,58,27,0.17783471941947937
7560,88,88,0.29507073760032654
7561,97,84,0.04790962487459183
7562,88,8,0.38949087262153625
7563,19,84,0.16288086771965027
7564,34,99,0.1765836924314499
7565,23,71,0.25369688868522644
7566,19,60,0.21542833745479584
7567,13,8,0.34645017981529236
7568,44,87,0.30682408809661865
7569,48,48,0.9785144925117493
7570,58,3,0.09588120877742767
7571,16,24,0.3115476369857788
7572,63,96,0.1188066229224205
7573,80,7,0.4252055883407593
7574,55,73,0.3534436821937561
7575,4,32,0.14150920510292053
7576,32,32,0.23826389014720917
7577,46,76,0.14362168312072754
7578,98,46,0.16153082251548767
7579,32,32,0.23814883828163147
7580,45,14,0.20979712903499603
7581,87,22,0.25072672963142395
7582,97,37,0.11157414317131042
7583,12,33,0.39577561616897583
7584,8,2,0.2121342569589615
7585,45,45,0.25269290804862976
7586,92,62,0.2547436058521271
7587,31,31,0.1044887974858284
7588,62,53,0.257412314414978
7589,61,61,0.49230509996414185
7590,89,89,0.5342986583709717
7591,62,62,0.6291333436965942
7592,78,22,0.3279534876346588
7593,83,82,0.3053146302700043
7594,45,45,0.44477832317352295
7595,85,63,0.13752558827400208
7596,28,28,0.7534106373786926
7597,37,17,0.677455484867096
7598,54,54,0.8516127467155457
7599,30,91,0.1703217476606369
7600,95,95,0.5586791038513184
7601,7,7,0.3735659420490265
7602,59,49,0.5174419283866882
7603,24,24,0.4563838839530945
7604,94,94,0.7929613590240479
7605,7,7,0.6213498115539551
7606,94,94,0.1984565109014511
7607,94,94,0.7231634855270386
7608,11,36,0.1753128468990326
7609,42,72,0.1637851744890213
7610,65,96,0.3240826427936554
7611,47,52,0.6979217529296875
7612,40,86,0.2976996898651123
7613,38,97,0.08257727324962616
7614,4,42,0.10723506659269333
7615,80,80,0.312389612197876
7616,82,82,0.9768195748329163
7617,46,36,0.086634062230587
7618,75,75,0.8572486042976379
7619,51,33,0.1281735599040985
7620,74,24,0.32521024346351624
7621,34,34,0.1444292515516281
7622,5,2,0.22721406817436218
7623,85,85,0.11703776568174362
7624,30,95,0.5440230965614319
7625,74,98,0.24392852187156677
7626,22,91,0.16544121503829956
7627,95,75,0.24291452765464783
7628,81,89,0.20438319444656372
7629,92,1,0.2530592679977417
7630,91,91,0.1325892210006714
7631,52,52,0.8205719590187073
7632,51,51,0.17198768258094788
7633,44,26,0.16265465319156647
7634,62,53,0.364421010017395
7635,65,43,0.20812059938907623
7636,76,79,0.33808159828186035
7637,84,42,0.24140381813049316
7638,0,92,0.31359782814979553
7639,43,43,0.347585529088974
7640,48,89,0.17111976444721222
7641,67,27,0.14584843814373016
7642,62,83,0.13819199800491333
7643,89,45,0.18376077711582184
7644,83,53,0.24531470239162445
7645,18,18,0.24552324414253235
7646,31,25,0.0614490769803524
7647,19,4,0.15565061569213867
7648,8,48,0.16846963763237
7649,68,68,0.7395879626274109
7650,97,95,0.17947788536548615
7651,3,74,0.13915367424488068
7652,83,62,0.35631123185157776
7653,70,62,0.1282147765159607
7654,39,92,0.2543971836566925
7655,0,0,0.7011409997940063
7656,86,39,0.25394755601882935
7657,77,51,0.6876688003540039
7658,58,25,0.27933040261268616
7659,19,56,0.08679041266441345
7660,89,12,0.31489571928977966
7661,90,13,0.19280600547790527
7662,81,85,0.11570385098457336
7663,61,61,0.9319204092025757
7664,41,18,0.1014886423945427
7665,80,65,0.1213776022195816
7666,52,52,0.8587685823440552
7667,66,97,0.13555313646793365
7668,68,68,0.9234166741371155
7669,80,11,0.11780329793691635
7670,43,74,0.18017412722110748
7671,11,46,0.09433914721012115
7672,25,35,0.09217032045125961
7673,27,97,0.2932358980178833
7674,35,2,0.20399923622608185
7675,50,74,0.11104926466941833
7676,88,88,0.2824457585811615
7677,14,74,0.11597204953432083
7678,75,75,0.3585030138492584
7679,53,53,0.6972349286079407
7680,3,35,0.12042032182216644
7681,5,32,0.08539678901433945
7682,35,2,0.29607000946998596
7683,82,6,0.2706117033958435
7684,7,7,0.5246515274047852
7685,90,65,0.09580176323652267
7686,61,61,0.3949325680732727
7687,7,79,0.24109166860580444
7688,91,51,0.19730162620544434
7689,1,92,0.4138554334640503
7690,5,25,0.21431200206279755
7691,17,66,0.2399006485939026
7692,72,56,0.32529541850090027
7693,41,90,0.2412811666727066
7694,94,94,0.864234447479248
7695,33,33,0.20909467339515686
7696,67,67,0.14478646218776703
7697,33,15,0.13849419355392456
7698,39,89,0.13616177439689636
7699,23,23,0.5250703692436218
7700,6,65,0.20025944709777832
7701,31,96,0.26567623019218445
7702,63,63,0.21405872702598572
7703,71,60,0.3300727903842926
7704,67,67,0.2412617951631546
7705,93,29,0.1883387565612793
7706,84,84,0.1771821677684784
7707,46,41,0.19426637887954712
7708,74,66,0.13295382261276245
7709,33,60,0.5382481217384338
7710,77,68,0.4491717219352722
7711,65,64,0.14623868465423584
7712,50,57,0.15599320828914642
7713,98,45,0.0598183237016201
7714,51,92,0.26927971839904785
7715,72,38,0.1296233832836151
7716,36,36,0.7918832898139954
7717,3,93,0.12254966795444489
7718,41,41,0.9501902461051941
7719,47,47,0.2712652087211609
7720,54,54,0.4233120083808899
7721,87,12,0.15291231870651245
7722,37,19,0.23083117604255676
7723,75,3,0.1884549856185913
7724,74,46,0.08038979023694992
7725,71,71,0.33665040135383606
7726,14,24,0.49116483330726624
7727,57,29,0.11161243915557861
7728,9,10,0.11461064219474792
7729,44,39,0.17419080436229706
7730,57,53,0.48906081914901733
7731,83,83,0.797834575176239
7732,45,44,0.10697831958532333
7733,61,82,0.21121346950531006
7734,52,56,0.34781163930892944
7735,63,42,0.1953582614660263
7736,89,37,0.07845015823841095
7737,10,22,0.7001811265945435
7738,85,85,0.2463216781616211
7739,39,39,0.3277645707130432
7740,7,18,0.5089350342750549
7741,25,47,0.15878815948963165
7742,98,11,0.33153942227363586
7743,74,57,0.20559284090995789
7744,70,70,0.5119050741195679
7745,70,70,0.6518846154212952
7746,49,49,0.2090524435043335
7747,70,62,0.36312440037727356
7748,87,87,0.2968795895576477
7749,90,90,0.07460874319076538
7750,15,38,0.14173555374145508
7751,65,65,0.09899570792913437
7752,97,97,0.11133191734552383
7753,36,43,0.18813250958919525
7754,83,83,0.6020442247390747
7755,82,82,0.5049248933792114
7756,51,19,0.19271385669708252
7757,32,97,0.2116163671016693
7758,7,24,0.2860924005508423
7759,74,14,0.1479547917842865
7760,80,39,0.20733097195625305
7761,2,2,0.4545661211013794
7762,28,9,0.33650678396224976
7763,78,35,0.13532228767871857
7764,40,47,0.138558492064476
7765,36,36,0.1270684152841568
7766,91,85,0.12287018448114395
7767,91,37,0.3738038241863251
7768,99,45,0.26816684007644653
7769,73,73,0.7137223482131958
7770,24,69,0.19076985120773315
7771,83,0,0.5697070360183716
7772,42,33,0.20859137177467346
7773,92,62,0.28823038935661316
7774,90,85,0.09311418980360031
7775,50,26,0.2025344967842102
7776,82,82,0.9818415641784668
7777,24,24,0.6792047619819641
7778,65,84,0.12164513766765594
7779,16,10,0.22537627816200256
7780,40,22,0.1385832577943802
7781,39,61,0.562940239906311
7782,7,7,0.3299790322780609
7783,31,74,0.13035422563552856
7784,10,36,0.14077307283878326
7785,51,61,0.15478864312171936
7786,96,33,0.4280811846256256
7787,51,77,0.11216476559638977
7788,29,29,0.156060591340065
7789,66,64,0.13698211312294006
7790,83,53,0.736096978187561
7791,30,30,0.29329419136047363
7792,84,84,0.37482163310050964
7793,29,36,0.13770833611488342
7794,5,5,0.09115871042013168
7795,10,10,0.44581279158592224
7796,53,10,0.4489247500896454
7797,74,74,0.12109947204589844
7798,72,91,0.32941967248916626
7799,34,17,0.3177787661552429
7800,15,29,0.34963542222976685
7801,44,44,0.07711074501276016
7802,25,73,0.18347665667533875
7803,66,45,0.12869298458099365
7804,10,69,0.15646959841251373
7805,55,50,0.15329715609550476
7806,48,48,0.8249223232269287
7807,95,30,0.3589891493320465
7808,63,7,0.11825311183929443
7809,64,80,0.1294906884431839
7810,77,51,0.15836776793003082
7811,3,4,0.06357850134372711
7812,13,13,0.26926082372665405
7813,18,82,0.4793131351470947
7814,92,92,0.4543554186820984
7815,55,31,0.15579606592655182
7816,13,81,0.4533705711364746
7817,30,32,0.12370568513870239
7818,29,29,0.3590329885482788
7819,91,46,0.14136669039726257
7820,91,91,0.9510214328765869
7821,61,61,0.9590556025505066
7822,75,75,0.45808422565460205
7823,58,81,0.21380898356437683
7824,60,23,0.5237573981285095
7825,70,92,0.37660834193229675
7826,46,46,0.392246276140213
7827,52,52,0.824208676815033
7828,94,5,0.2942093014717102
7829,89,13,0.2907843589782715
7830,90,79,0.07251998037099838
7831,56,59,0.23435911536216736
7832,57,18,0.2395913004875183
7833,43,34,0.15870630741119385
7834,60,60,0.28772857785224915
7835,45,16,0.10213744640350342
7836,30,30,0.3393501043319702
7837,59,44,0.1073380559682846
7838,78,45,0.24704992771148682
7839,6,29,0.1376187950372696
7840,80,42,0.34960004687309265
7841,80,80,0.1270437389612198
7842,54,39,0.16582053899765015
7843,83,0,0.2574191093444824
7844,60,71,0.5686910152435303
7845,76,76,0.3084283471107483
7846,92,88,0.15168872475624084
7847,18,18,0.1075088307261467
7848,14,7,0.07946660369634628
7849,26,26,0.19085897505283356
7850,9,9,0.866008460521698
7851,81,68,0.4253808259963989
7852,85,85,0.15525919198989868
7853,32,36,0.18910366296768188
7854,63,63,0.574033260345459
7855,43,53,0.226637601852417
7856,56,23,0.16857491433620453
7857,87,64,0.1848367154598236
7858,78,73,0.08616780489683151
7859,45,46,0.1663421094417572
7860,99,67,0.6413831114768982
7861,70,0,0.6051070690155029
7862,8,51,0.1094498410820961
7863,12,87,0.1659693568944931
7864,65,65,0.18260367214679718
7865,80,43,0.3386005461215973
7866,58,27,0.08985678851604462
7867,17,17,0.16845257580280304
7868,39,39,0.09996393322944641
7869,53,53,0.7186926007270813
7870,66,11,0.16791324317455292
7871,48,48,0.5812591910362244
7872,25,10,0.08481264114379883
7873,88,50,0.111558698117733
7874,32,12,0.2377667874097824
7875,97,66,0.12270842492580414
7876,87,56,0.06557786464691162
7877,37,31,0.12866248190402985
7878,40,76,0.24001283943653107
7879,91,85,0.2028871476650238
7880,16,84,0.17184747755527496
7881,27,33,0.10624660551548004
7882,33,33,0.7502115964889526
7883,86,10,0.2387661337852478
7884,89,32,0.1257506161928177
7885,5,35,0.09029301255941391
7886,76,69,0.3714069128036499
7887,83,7,0.25051745772361755
7888,74,63,0.15137404203414917
7889,85,90,0.28172680735588074
7890,24,24,0.4955955445766449
7891,93,75,0.20794616639614105
7892,32,39,0.15872636437416077
7893,76,30,0.15500420331954956
7894,45,55,0.09016355872154236
7895,5,57,0.151631161570549
7896,52,52,0.37003180384635925
7897,46,38,0.17051583528518677
7898,72,55,0.1141464039683342
7899,40,40,0.7306694984436035
7900,58,90,0.5071293711662292
7901,84,20,0.25406455993652344
7902,6,6,0.4210298955440521
7903,91,25,0.12245868146419525
7904,38,63,0.14944784343242645
7905,35,35,0.33757296204566956
7906,66,66,0.21843108534812927
7907,25,47,0.30260103940963745
7908,79,24,0.1482376903295517
7909,57,53,0.28804856538772583
7910,23,67,0.22029130160808563
7911,14,7,0.2413526475429535
7912,15,81,0.09083167463541031
7913,86,86,0.9595354199409485
7914,75,75,0.24276171624660492
7915,45,26,0.293823778629303
7916,6,18,0.1099681630730629
7917,22,82,0.5154255032539368
7918,33,96,0.4274815022945404
7919,76,76,0.8665216565132141
7920,52,52,0.563964307308197
7921,41,37,0.13925950229167938
7922,90,49,0.24881480634212494
7923,22,57,0.2699248790740967
7924,34,45,0.3462947607040405
7925,45,42,0.19722327589988708
7926,66,56,0.10737887769937515
7927,7,7,0.1458396464586258
7928,95,73,0.5324172377586365
7929,11,36,0.20023037493228912
7930,1,53,0.38869720697402954
7931,23,23,0.4635505974292755
7932,3,80,0.07807229459285736
7933,22,16,0.19887113571166992
7934,5,5,0.25832071900367737
7935,80,43,0.09843448549509048
7936,93,93,0.14251597225666046
7937,27,33,0.09492763876914978
7938,86,28,0.42668238282203674
7939,69,44,0.09828351438045502
7940,92,62,0.46206942200660706
7941,53,53,0.4419730603694916
7942,54,97,0.2152090072631836
7943,63,43,0.1587095409631729
7944,18,14,0.13902907073497772
7945,84,45,0.2885598838329315
7946,66,15,0.17777732014656067
7947,8,27,0.07732627540826797
7948,59,96,0.4469219148159027
7949,8,8,0.5558610558509827
7950,42,66,0.10557650029659271
7951,62,62,0.3229531943798065
7952,29,29,0.284059077501297
7953,30,67,0.37232452630996704
7954,73,73,0.5191200971603394
7955,2,50,0.14657191932201385
7956,96,17,0.224055677652359
7957,39,74,0.12019582837820053
7958,4,4,0.10603734105825424
7959,22,51,0.2952897250652313
7960,45,74,0.08693675696849823
7961,83,18,0.2131674885749817
7962,58,62,0.2153439074754715
7963,73,73,0.41709449887275696
7964,18,82,0.39912059903144836
7965,84,16,0.27405986189842224
7966,4,89,0.26552489399909973
7967,5,45,0.12172064185142517
7968,2,14,0.07929971069097519
7969,18,18,0.14757242798805237
7970,23,23,0.4571998119354248
7971,29,24,0.6199235916137695
7972,85,89,0.262145459651947
7973,34,42,0.08107021450996399
7974,42,29,0.1358100175857544
7975,16,10,0.11326940357685089
7976,86,16,0.2255145162343979
7977,65,36,0.13662727177143097
7978,95,95,0.21780303120613098
7979,45,69,0.12080761045217514
7980,97,22,0.7239978909492493
7981,0,26,0.07471198588609695
7982,20,15,0.15622666478157043
7983,46,32,0.12866072356700897
7984,44,33,0.1295470893383026
7985,86,86,0.4002476632595062
7986,92,54,0.5787249207496643
7987,29,24,0.31079038977622986
7988,85,58,0.41001802682876587
7989,82,82,0.8807681798934937
7990,91,91,0.17203113436698914
7991,82,6,0.19950903952121735
7992,17,17,0.5392971038818359
7993,38,80,0.10189377516508102
7994,58,67,0.2163657397031784
7995,12,12,0.6974802613258362
7996,26,1,0.28209540247917175
7997,54,29,0.33005428314208984
7998,28,28,0.6298558115959167
7999,58,20,0.44915908575057983
8000,79,6,0.1324930489063263
8001,1,1,0.4866849482059479
8002,4,46,0.15213415026664734
8003,95,79,0.19041086733341217
8004,10,57,0.3284112215042114
8005,3,38,0.10132446885108948
8006,33,87,0.20130813121795654
8007,23,98,0.18172569572925568
8008,91,22,0.1135547012090683
8009,73,80,0.12549836933612823
8010,1,1,0.6429687142372131
8011,1,62,0.10000638663768768
8012,35,35,0.2929210960865021
8013,10,83,0.3819560408592224
8014,19,15,0.33042237162590027
8015,88,45,0.12417063862085342
8016,11,11,0.11544725298881531
8017,29,31,0.4116003215312958
8018,56,86,0.10228464752435684
8019,0,1,0.5420910120010376
8020,54,54,0.428579717874527
8021,61,61,0.7022376656532288
8022,20,86,0.5006382465362549
8023,13,13,0.2333804965019226
8024,17,60,0.4187587797641754
8025,53,82,0.8475184440612793
8026,89,89,0.82748943567276
8027,18,6,0.11666473746299744
8028,81,81,0.27705588936805725
8029,6,6,0.5082206130027771
8030,96,18,0.3407304584980011
8031,41,48,0.3533283770084381
8032,26,97,0.10200051218271255
8033,26,79,0.1523316353559494
8034,25,25,0.22908149659633636
8035,60,60,0.2581961750984192
8036,22,25,0.09278934448957443
8037,73,73,0.250684529542923
8038,4,34,0.1726713627576828
8039,47,88,0.3667716085910797
8040,24,7,0.24816128611564636
8041,18,44,0.17723476886749268
8042,78,26,0.2466086745262146
8043,17,17,0.3516330122947693
8044,7,75,0.1590498685836792
8045,0,0,0.8055551052093506
8046,87,87,0.3083929419517517
8047,26,97,0.28812289237976074
8048,95,30,0.4506864547729492
8049,14,88,0.37560132145881653
8050,56,59,0.2845095992088318
8051,18,64,0.0910307765007019
8052,12,73,0.2408405989408493
8053,54,54,0.47643423080444336
8054,21,38,0.33495578169822693
8055,79,7,0.1276252716779709
8056,8,8,0.951510488986969
8057,43,80,0.12076207250356674
8058,39,15,0.14995014667510986
8059,24,43,0.13883695006370544
8060,40,40,0.40298137068748474
8061,53,53,0.2216213196516037
8062,35,11,0.2961876690387726
8063,21,64,0.23971596360206604
8064,31,65,0.054779160767793655
8065,8,37,0.21509864926338196
8066,57,56,0.07890038937330246
8067,33,33,0.5701441168785095
8068,82,7,0.32886290550231934
8069,35,46,0.29222458600997925
8070,6,4,0.0834837257862091
8071,5,94,0.15084896981716156
8072,40,16,0.12004555016756058
8073,65,36,0.1603197604417801
8074,22,78,0.22674492001533508
8075,16,16,0.3541022539138794
8076,64,66,0.15717093646526337
8077,57,94,0.317956805229187
8078,98,24,0.19113315641880035
8079,64,80,0.22877506911754608
8080,88,45,0.1210569441318512
8081,55,72,0.09842593967914581
8082,58,58,0.2228468507528305
8083,27,75,0.2856352627277374
8084,36,72,0.10556961596012115
8085,13,13,0.4234137535095215
8086,91,91,0.7977187633514404
8087,84,2,0.1266166865825653
8088,9,57,0.1991415023803711
8089,5,12,0.2449648082256317
8090,9,61,0.2520732283592224
8091,65,40,0.16912750899791718
8092,85,84,0.15731099247932434
8093,70,70,0.5905591249465942
8094,59,96,0.5067327618598938
8095,93,85,0.28647470474243164
8096,2,36,0.26878443360328674
8097,59,59,0.28978124260902405
8098,79,73,0.4483735263347626
8099,70,70,0.5882620215415955
8100,34,43,0.1280507743358612
8101,97,97,0.25952011346817017
8102,86,3,0.09644629806280136
8103,49,49,0.6972013115882874
8104,18,28,0.13666146993637085
8105,55,38,0.13942456245422363
8106,70,70,0.2806318700313568
8107,73,17,0.18701551854610443
8108,38,49,0.1777399331331253
8109,34,31,0.11443779617547989
8110,61,61,0.4640487730503082
8111,69,9,0.428280770778656
8112,37,31,0.17531225085258484
8113,64,65,0.16733598709106445
8114,24,24,0.29931482672691345
8115,3,51,0.3263270854949951
8116,78,78,0.1330181211233139
8117,74,91,0.2514752447605133
8118,33,3,0.10422313213348389
8119,35,92,0.09870649874210358
8120,1,1,0.6056805849075317
8121,84,84,0.14706546068191528
8122,22,26,0.1317828893661499
8123,86,36,0.08481495082378387
8124,4,7,0.11886759847402573
8125,91,91,0.6494526267051697
8126,13,68,0.3567030727863312
8127,90,4,0.1571141630411148
8128,68,68,0.8543854355812073
8129,60,60,0.4050491750240326
8130,84,63,0.30038365721702576
8131,0,0,0.3717612326145172
8132,34,34,0.2286052107810974
8133,18,70,0.2582736611366272
8134,32,32,0.39331936836242676
8135,92,70,0.26785996556282043
8136,14,83,0.2536163926124573
8137,96,17,0.25341787934303284
8138,35,88,0.15860123932361603
8139,86,40,0.14064964652061462
8140,3,7,0.19210903346538544
8141,89,85,0.39771485328674316
8142,79,26,0.12867510318756104
8143,15,36,0.18723680078983307
8144,66,25,0.06736605614423752
8145,35,11,0.17833708226680756
8146,50,64,0.13752368092536926
8147,12,13,0.12193167954683304
8148,41,41,0.9329264760017395
8149,31,63,0.3035506010055542
8150,34,98,0.20032824575901031
8151,93,26,0.19169718027114868
8152,84,84,0.14782127737998962
8153,26,29,0.13908222317695618
8154,74,84,0.13017721474170685
8155,78,77,0.09934865683317184
8156,50,1,0.3196033835411072
8157,57,65,0.1099749282002449
8158,54,54,0.23328238725662231
8159,2,98,0.14904528856277466
8160,95,67,0.34678491950035095
8161,44,44,0.14924506843090057
8162,66,97,0.10316015034914017
8163,60,60,0.913192868232727
8164,26,46,0.18503278493881226
8165,58,82,0.08349233865737915
8166,82,82,0.908581554889679
8167,67,29,0.28979435563087463
8168,98,20,0.41652414202690125
8169,89,89,0.20057818293571472
8170,28,20,0.4017917513847351
8171,55,80,0.12760457396507263
8172,95,95,0.38575872778892517
8173,76,69,0.531806230545044
8174,60,60,0.8741134405136108
8175,76,76,0.4258788526058197
8176,91,91,0.9951871633529663
8177,37,31,0.10948573797941208
8178,2,8,0.09300168603658676
8179,3,63,0.13651567697525024
8180,62,53,0.6414530277252197
8181,43,44,0.10760128498077393
8182,91,74,0.1371714174747467
8183,48,48,0.8523558378219604
8184,63,27,0.14242957532405853
8185,34,74,0.13297425210475922
8186,56,14,0.16055501997470856
8187,34,97,0.316445529460907
8188,53,6,0.24285297095775604
8189,3,56,0.15641966462135315
8190,28,28,0.6629403829574585
8191,8,8,0.6552952527999878
8192,40,98,0.08683208376169205
8193,44,44,0.12869182229042053
8194,33,82,0.1881059855222702
8195,61,61,0.8100746870040894
8196,60,60,0.8669756650924683
8197,73,67,0.36220571398735046
8198,61,61,0.1455916166305542
8199,26,64,0.09273874014616013
8200,59,29,0.16632938385009766
8201,4,80,0.17867638170719147
8202,49,95,0.3367924988269806
8203,92,53,0.26264047622680664
8204,92,92,0.3367982506752014
8205,6,14,0.1184031292796135
8206,72,86,0.27115964889526367
8207,86,25,0.1381785273551941
8208,18,65,0.1419108808040619
8209,20,20,0.877897322177887
8210,55,4,0.18306520581245422
8211,0,20,0.11340557783842087
8212,85,85,0.40878844261169434
8213,75,38,0.11853885650634766
8214,18,65,0.07258673012256622
8215,23,23,0.24142543971538544
8216,74,51,0.09911171346902847
8217,95,95,0.1658654808998108
8218,81,78,0.1067727729678154
8219,58,89,0.2730199992656708
8220,73,73,0.5799297094345093
8221,60,60,0.5429449677467346
8222,21,3,0.2134816199541092
8223,14,14,0.23888102173805237
8224,19,32,0.5167132616043091
8225,87,46,0.21612483263015747
8226,47,96,0.14586108922958374
8227,79,18,0.22556227445602417
8228,90,33,0.14131954312324524
8229,75,10,0.16166728734970093
8230,73,27,0.08631230145692825
8231,15,15,0.25759559869766235
8232,41,45,0.1947411298751831
8233,39,76,0.1668761968612671
8234,99,22,0.2643094062805176
8235,11,66,0.08284144103527069
8236,94,86,0.1876768171787262
8237,45,24,0.35719001293182373
8238,91,91,0.5138564705848694
8239,36,36,0.3314768075942993
8240,77,6,0.12433454394340515
8241,3,55,0.07833407074213028
8242,75,75,0.1891346573829651
8243,92,82,0.23745191097259521
8244,94,94,0.19242100417613983
8245,61,61,0.7133224010467529
8246,50,85,0.5402880311012268
8247,38,38,0.12334547191858292
8248,12,12,0.1755514293909073
8249,1,1,0.707605242729187
8250,0,0,0.6887319684028625
8251,30,30,0.6399219036102295
8252,84,62,0.15731953084468842
8253,98,35,0.26988857984542847
8254,29,24,0.534587562084198
8255,7,66,0.06110941618680954
8256,18,65,0.20279660820960999
8257,48,6,0.0981483981013298
8258,89,13,0.32625746726989746
8259,91,91,0.9874525666236877
8260,84,38,0.07027409225702286
8261,63,74,0.1539241522550583
8262,62,70,0.503419041633606
8263,31,31,0.35533809661865234
8264,40,24,0.18554452061653137
8265,55,56,0.11228102445602417
8266,30,30,0.6823705434799194
8267,61,61,0.47029611468315125
8268,86,95,0.1385049819946289
8269,47,7,0.09766693413257599
8270,33,18,0.1750495731830597
8271,11,1,0.36536747217178345
8272,25,20,0.09001214057207108
8273,14,34,0.39159032702445984
8274,28,28,0.4520086646080017
8275,75,74,0.25792476534843445
8276,11,12,0.41759058833122253
8277,81,89,0.26338833570480347
8278,61,32,0.32447606325149536
8279,73,67,0.23606091737747192
8280,79,24,0.25051113963127136
8281,5,68,0.5331678986549377
8282,88,33,0.11047147214412689
8283,56,60,0.34713563323020935
8284,81,59,0.45371589064598083
8285,31,33,0.09577764570713043
8286,84,20,0.4834534227848053
8287,69,94,0.08894164115190506
8288,30,30,0.45426130294799805
8289,6,82,0.16134141385555267
8290,68,93,0.10815336555242538
8291,70,62,0.49548178911209106
8292,12,20,0.3254689872264862
8293,74,35,0.11444972455501556
8294,7,33,0.15849637985229492
8295,21,72,0.19427622854709625
8296,55,54,0.16582776606082916
8297,71,60,0.297397255897522
8298,5,23,0.1136617511510849
8299,14,14,0.604636013507843
8300,48,48,0.8924382328987122
8301,18,18,0.5329493880271912
8302,0,0,0.8154155611991882
8303,70,62,0.4247710406780243
8304,38,15,0.21582907438278198
8305,26,14,0.10209868848323822
8306,24,7,0.4343090355396271
8307,69,69,0.1473788172006607
8308,16,22,0.2221764624118805
8309,9,9,0.47723066806793213
8310,42,42,0.15811678767204285
8311,41,41,0.7963327169418335
8312,39,23,0.08701912313699722
8313,27,75,0.35244160890579224
8314,0,0,0.6425970196723938
8315,70,22,0.07156475633382797
8316,85,85,0.18579986691474915
8317,9,20,0.23044517636299133
8318,43,77,0.12015436589717865
8319,79,30,0.13574431836605072
8320,77,72,0.13482335209846497
8321,75,75,0.16403532028198242
8322,74,74,0.5526439547538757
8323,80,38,0.16395175457000732
8324,42,42,0.43030911684036255
8325,67,0,0.36520254611968994
8326,8,68,0.1974746137857437
8327,0,0,0.4297417998313904
8328,36,50,0.12542423605918884
8329,89,89,0.25498130917549133
8330,43,43,0.6432665586471558
8331,46,98,0.1465253233909607
8332,69,69,0.3976636826992035
8333,56,31,0.07639693468809128
8334,42,39,0.14993563294410706
8335,10,26,0.2652387320995331
8336,71,23,0.5341406464576721
8337,98,98,0.6019953489303589
8338,55,30,0.37244269251823425
8339,40,30,0.17881429195404053
8340,16,95,0.15349993109703064
8341,0,62,0.22159117460250854
8342,21,91,0.13017401099205017
8343,2,2,0.17669084668159485
8344,1,1,0.4743315279483795
8345,64,31,0.32804378867149353
8346,52,47,0.45128071308135986
8347,43,43,0.48331815004348755
8348,83,83,0.667499303817749
8349,65,50,0.07273229211568832
8350,68,68,0.3801083564758301
8351,18,13,0.3183524012565613
8352,1,1,0.4054875075817108
8353,25,73,0.2098088413476944
8354,96,55,0.1087680533528328
8355,46,98,0.2632174789905548
8356,47,47,0.6938194632530212
8357,90,12,0.37828129529953003
8358,2,2,0.3544960021972656
8359,28,28,0.7775673866271973
8360,37,49,0.20742321014404297
8361,61,35,0.16418656706809998
8362,31,31,0.7190887928009033
8363,77,34,0.10917109251022339
8364,4,80,0.07776165753602982
8365,92,14,0.16141551733016968
8366,38,80,0.17752553522586823
8367,93,30,0.4114161729812622
8368,28,28,0.11255005747079849
8369,39,86,0.3536134362220764
8370,18,18,0.25686562061309814
8371,41,41,0.8997207880020142
8372,44,44,0.16853339970111847
8373,49,49,0.5958433747291565
8374,1,53,0.30961814522743225
8375,11,11,0.6461238265037537
8376,19,64,0.10856878757476807
8377,91,50,0.21577045321464539
8378,82,82,0.23728489875793457
8379,4,4,0.151730477809906
8380,60,68,0.3236994743347168
8381,34,97,0.11382461339235306
8382,56,56,0.8469218611717224
8383,19,54,0.14706678688526154
8384,32,32,0.886290431022644
8385,74,64,0.14878588914871216
8386,87,76,0.11863670498132706
8387,99,55,0.15610814094543457
8388,72,73,0.2763775587081909
8389,98,36,0.2246890813112259
8390,8,84,0.08018015325069427
8391,58,58,0.5285776853561401
8392,93,73,0.33721664547920227
8393,87,48,0.2980611026287079
8394,87,11,0.15244758129119873
8395,24,24,0.12478518486022949
8396,35,24,0.10711818188428879
8397,43,82,0.22816188633441925
8398,52,47,0.45183008909225464
8399,6,82,0.5478242635726929
8400,4,30,0.45685967803001404
8401,33,33,0.30057892203330994
8402,8,8,0.8282305598258972
8403,63,43,0.13176195323467255
8404,26,1,0.3682003617286682
8405,34,34,0.5883147120475769
8406,39,95,0.16543929278850555
8407,97,66,0.13023312389850616
8408,47,52,0.1886018067598343
8409,75,89,0.12464506924152374
8410,33,87,0.1980358362197876
8411,87,87,0.8103851079940796
8412,49,60,0.26753759384155273
8413,46,46,0.341731995344162
8414,16,16,0.8128727674484253
8415,33,33,0.9782400727272034
8416,76,67,0.18004365265369415
8417,41,41,0.9945407509803772
8418,97,80,0.14158415794372559
8419,8,95,0.08851946145296097
8420,75,74,0.1496872752904892
8421,17,37,0.568259060382843
8422,80,38,0.2099526971578598
8423,93,93,0.3776560127735138
8424,27,80,0.16132451593875885
8425,4,63,0.2293042689561844
8426,41,41,0.40151453018188477
8427,49,60,0.6394405961036682
8428,30,73,0.3997150659561157
8429,31,55,0.19932948052883148
8430,21,36,0.142787367105484
8431,77,18,0.32484298944473267
8432,90,65,0.08041857182979584
8433,54,54,0.5806402564048767
8434,87,87,0.26365897059440613
8435,86,86,0.662580132484436
8436,37,15,0.12806540727615356
8437,47,76,0.38289594650268555
8438,66,66,0.12405426800251007
8439,2,2,0.205015629529953
8440,73,95,0.30781131982803345
8441,55,85,0.22353407740592957
8442,25,99,0.19980162382125854
8443,62,62,0.3084816336631775
8444,26,45,0.25587302446365356
8445,19,97,0.15096202492713928
8446,28,99,0.17451784014701843
8447,15,89,0.4217737019062042
8448,14,98,0.11229952424764633
8449,59,59,0.1452551782131195
8450,69,17,0.26136308908462524
8451,45,70,0.3228297233581543
8452,92,92,0.5951747298240662
8453,39,48,0.17709246277809143
8454,42,61,0.16286075115203857
8455,58,91,0.12599875032901764
8456,49,32,0.20390431582927704
8457,48,48,0.17852196097373962
8458,44,51,0.13635307550430298
8459,71,71,0.2664072513580322
8460,48,89,0.3215999901294708
8461,69,69,0.06557972729206085
8462,9,21,0.15542662143707275
8463,77,43,0.29056063294410706
8464,25,37,0.3172708749771118
8465,35,98,0.15639850497245789
8466,23,71,0.6145179867744446
8467,66,97,0.38864147663116455
8468,66,48,0.3403591215610504
8469,88,28,0.13097064197063446
8470,82,82,0.9897319674491882
8471,1,45,0.12612850964069366
8472,39,23,0.28134867548942566
8473,88,88,0.23536045849323273
8474,93,99,0.20954406261444092
8475,82,56,0.6920318603515625
8476,7,14,0.47482165694236755
8477,17,9,0.4091651141643524
8478,56,37,0.23903591930866241
8479,40,28,0.44752684235572815
8480,70,62,0.4040282666683197
8481,1,14,0.15117280185222626
8482,68,12,0.355909526348114
8483,59,52,0.8374629616737366
8484,69,69,0.29302114248275757
8485,45,45,0.12488903850317001
8486,16,16,0.3675634264945984
8487,6,62,0.3849312365055084
8488,85,85,0.7428271174430847
8489,12,68,0.3451709449291229
8490,99,20,0.26008397340774536
8491,88,88,0.17407825589179993
8492,40,40,0.41583409905433655
8493,68,15,0.2732195556163788
8494,36,36,0.38882479071617126
8495,23,69,0.18010075390338898
8496,17,49,0.4455520808696747
8497,13,45,0.09423520416021347
8498,20,26,0.12847977876663208
8499,46,45,0.28435251116752625
8500,75,43,0.222291499376297
8501,61,64,0.19450631737709045
8502,70,54,0.19287922978401184
8503,58,58,0.4545595943927765
8504,42,65,0.11266496777534485
8505,51,18,0.17368553578853607
8506,75,66,0.16897696256637573
8507,73,67,0.05765342339873314
8508,70,70,0.4172436594963074
8509,37,37,0.11867263913154602
8510,28,28,0.4882291555404663
8511,90,89,0.204747274518013
8512,95,95,0.21346448361873627
8513,88,80,0.10652172565460205
8514,68,56,0.21481670439243317
8515,38,38,0.16583137214183807
8516,95,95,0.37177014350891113
8517,77,18,0.22074176371097565
8518,16,43,0.18122415244579315
8519,58,13,0.1371658742427826
8520,99,61,0.21191610395908356
8521,39,99,0.18414686620235443
8522,56,95,0.30225682258605957
8523,17,17,0.35174036026000977
8524,33,96,0.4101768136024475
8525,77,31,0.14416983723640442
8526,63,50,0.1607334017753601
8527,87,94,0.5906671285629272
8528,75,36,0.42894241213798523
8529,4,64,0.16730569303035736
8530,16,99,0.10316966474056244
8531,94,94,0.8726612329483032
8532,55,46,0.053288161754608154
8533,76,76,0.9382295608520508
8534,60,49,0.2666536867618561
8535,97,97,0.3537293076515198
8536,1,1,0.43779996037483215
8537,0,0,0.43923869729042053
8538,75,75,0.17149510979652405
8539,31,31,0.38040393590927124
8540,55,99,0.08634462207555771
8541,71,71,0.534968376159668
8542,75,75,0.4290708601474762
8543,52,47,0.40786176919937134
8544,6,6,0.27627232670783997
8545,43,43,0.1966172307729721
8546,14,35,0.09983965009450912
8547,84,77,0.10626950860023499
8548,14,6,0.5553379058837891
8549,51,26,0.0941145196557045
8550,1,70,0.2419881671667099
8551,88,80,0.34725603461265564
8552,53,53,0.7411238551139832
8553,66,13,0.12082630395889282
8554,5,5,0.39641880989074707
8555,56,47,0.3090435564517975
8556,32,26,0.27603018283843994
8557,52,59,0.28780853748321533
8558,40,79,0.21726509928703308
8559,24,24,0.2742457985877991
8560,86,86,0.4970053732395172
8561,54,70,0.209263876080513
8562,54,6,0.41593557596206665
8563,88,8,0.1615215688943863
8564,61,61,0.9842016100883484
8565,87,87,0.5435932278633118
8566,54,1,0.16910846531391144
8567,24,24,0.8429840803146362
8568,10,5,0.30578890442848206
8569,85,93,0.1668044924736023
8570,17,17,0.22819025814533234
8571,90,12,0.2508391737937927
8572,22,22,0.9156304597854614
8573,86,7,0.3989783227443695
8574,77,77,0.21337279677391052
8575,79,79,0.40325894951820374
8576,94,76,0.26453089714050293
8577,45,45,0.1686084121465683
8578,0,0,0.4877569079399109
8579,39,39,0.4510996639728546
8580,89,89,0.27583858370780945
8581,82,82,0.42422202229499817
8582,41,14,0.2052127569913864
8583,87,25,0.1918046772480011
8584,91,91,0.784561038017273
8585,73,73,0.11631080508232117
8586,4,3,0.10026190429925919
8587,62,82,0.4049081802368164
8588,72,59,0.09871680289506912
8589,98,36,0.3659994900226593
8590,10,64,0.09974933415651321
8591,11,98,0.2539181411266327
8592,28,28,0.43274685740470886
8593,38,31,0.1001012846827507
8594,74,44,0.07529327273368835
8595,70,70,0.7478660941123962
8596,13,13,0.2316819131374359
8597,7,7,0.7018859386444092
8598,15,15,0.548133373260498
8599,24,7,0.2131720632314682
8600,76,76,0.6013069748878479
8601,98,98,0.19558775424957275
8602,67,72,0.1554122418165207
8603,79,79,0.17423734068870544
8604,15,38,0.36655083298683167
8605,47,47,0.5056314468383789
8606,47,47,0.8365893959999084
8607,93,32,0.2549324333667755
8608,73,67,0.694202721118927
8609,13,81,0.33900830149650574
8610,26,26,0.1665566861629486
8611,70,62,0.3228318393230438
8612,95,30,0.39926257729530334
8613,60,60,0.48359912633895874
8614,70,70,0.48978084325790405
8615,11,2,0.2604990005493164
8616,82,82,0.23298799991607666
8617,66,37,0.20681937038898468
8618,34,29,0.30132320523262024
8619,6,38,0.3698413074016571
8620,65,97,0.32004687190055847
8621,62,62,0.5641416907310486
8622,74,11,0.37175998091697693
8623,46,59,0.19895853102207184
8624,36,43,0.11783569306135178
8625,88,42,0.16231384873390198
8626,96,96,0.355089008808136
8627,48,48,0.32950565218925476
8628,79,18,0.2371136099100113
8629,50,74,0.16211846470832825
8630,19,20,0.2355836182832718
8631,83,32,0.21116414666175842
8632,66,38,0.15620797872543335
8633,68,68,0.3063729703426361
8634,97,63,0.18123623728752136
8635,64,97,0.11950653046369553
8636,16,7,0.26637178659439087
8637,61,61,0.142947718501091
8638,16,13,0.11952731758356094
8639,84,24,0.09721218049526215
8640,18,65,0.1250748634338379
8641,29,29,0.4555674195289612
8642,63,74,0.12542395293712616
8643,57,62,0.1371372938156128
8644,9,16,0.2082095891237259
8645,38,7,0.12566830217838287
8646,43,51,0.22988881170749664
8647,74,63,0.14977094531059265
8648,15,15,0.5348805785179138
8649,1,1,0.32817506790161133
8650,67,74,0.17929337918758392
8651,91,27,0.1378953605890274
8652,1,53,0.4785948693752289
8653,84,69,0.08870255202054977
8654,69,29,0.32335999608039856
8655,13,17,0.25415411591529846
8656,10,10,0.20439420640468597
8657,33,33,0.432176411151886
8658,80,55,0.17526446282863617
8659,68,68,0.5710949301719666
8660,30,30,0.5889292359352112
8661,8,8,0.14157113432884216
8662,3,3,0.08827012777328491
8663,13,22,0.10203799605369568
8664,45,45,0.3593761622905731
8665,18,18,0.15946239233016968
8666,20,24,0.5397753119468689
8667,35,2,0.18715476989746094
8668,28,28,0.37750473618507385
8669,93,27,0.18128538131713867
8670,5,12,0.15010887384414673
8671,53,62,0.2258581668138504
8672,34,33,0.20240187644958496
8673,27,44,0.12301208078861237
8674,93,67,0.4708089232444763
8675,18,33,0.17915911972522736
8676,44,98,0.19204753637313843
8677,93,30,0.34899240732192993
8678,37,90,0.3347713053226471
8679,77,97,0.09428532421588898
8680,46,72,0.07587553560733795
8681,31,31,0.8932164907455444
8682,69,69,0.727719783782959
8683,47,52,0.2896226942539215
8684,57,20,0.23125720024108887
8685,30,68,0.16134865581989288
8686,85,85,0.17607158422470093
8687,80,38,0.12289318442344666
8688,1,1,0.4281775951385498
8689,82,82,0.4082813262939453
8690,45,14,0.11845486611127853
8691,66,38,0.214150071144104
8692,18,18,0.10647258907556534
8693,58,13,0.2678473889827728
8694,31,31,0.5824545621871948
8695,42,43,0.38721269369125366
8696,23,67,0.21986337006092072
8697,90,85,0.40060991048812866
8698,18,80,0.263222873210907
8699,83,83,0.4463799297809601
8700,19,31,0.19929364323616028
8701,51,51,0.23314903676509857
8702,80,34,0.1815614253282547
8703,23,23,0.6121218800544739
8704,64,29,0.1408386528491974
8705,61,61,0.9884709119796753
8706,40,5,0.12179289013147354
8707,51,64,0.3549916744232178
8708,99,99,0.2410878688097
8709,28,23,0.3938206732273102
8710,19,77,0.15455472469329834
8711,63,30,0.11610516905784607
8712,7,14,0.14030718803405762
8713,97,97,0.8282067775726318
8714,78,78,0.11304928362369537
8715,34,10,0.14996491372585297
8716,84,60,0.5883360505104065
8717,13,37,0.2519448697566986
8718,50,24,0.5811742544174194
8719,17,49,0.37922582030296326
8720,28,28,0.7343166470527649
8721,29,32,0.24489760398864746
8722,10,99,0.2853962779045105
8723,57,82,0.16949613392353058
8724,83,18,0.1825954169034958
8725,83,62,0.5726359486579895
8726,53,62,0.2550625205039978
8727,73,67,0.3463430106639862
8728,7,7,0.7816333770751953
8729,59,15,0.12274036556482315
8730,82,82,0.9962634444236755
8731,34,43,0.4025527238845825
8732,15,15,0.27758559584617615
8733,68,68,0.45445895195007324
8734,68,68,0.434765487909317
8735,34,2,0.11408185958862305
8736,82,82,0.6165701150894165
8737,75,75,0.13037288188934326
8738,37,37,0.2818073034286499
8739,8,8,0.1884378045797348
8740,94,94,0.3977801501750946
8741,16,76,0.12292751669883728
8742,24,24,0.789861798286438
8743,21,21,0.24269351363182068
8744,8,72,0.11761610209941864
8745,96,47,0.33569270372390747
8746,53,20,0.15734271705150604
8747,49,35,0.10128765553236008
8748,38,63,0.25916263461112976
8749,85,51,0.2574458420276642
8750,27,44,0.15699762105941772
8751,32,32,0.12388935685157776
8752,96,96,0.7284926176071167
8753,20,20,0.4582958221435547
8754,29,29,0.5727724432945251
8755,43,64,0.16758814454078674
8756,69,69,0.23443521559238434
8757,94,12,0.230492502450943
8758,26,26,0.1941452920436859
8759,92,51,0.20876331627368927
8760,23,60,0.39045286178588867
8761,91,91,0.6083085536956787
8762,34,36,0.15769201517105103
8763,48,48,0.6987106204032898
8764,71,71,0.48910874128341675
8765,53,36,0.2882506549358368
8766,25,99,0.25500422716140747
8767,0,0,0.735817551612854
8768,59,30,0.21506090462207794
8769,57,6,0.2661336064338684
8770,69,69,0.554415762424469
8771,73,73,0.3217303156852722
8772,27,64,0.11222627758979797
8773,12,53,0.3144649267196655
8774,42,42,0.3282583951950073
8775,61,61,0.7828460335731506
8776,21,46,0.23148402571678162
8777,72,95,0.4279935657978058
8778,88,63,0.3138064444065094
8779,28,99,0.14312443137168884
8780,15,15,0.17984600365161896
8781,24,69,0.72508704662323
8782,1,57,0.19004632532596588
8783,77,91,0.10634616762399673
8784,67,73,0.325757771730423
8785,82,82,0.8828647136688232
8786,5,36,0.15970200300216675
8787,64,27,0.12095647305250168
8788,51,51,0.20498692989349365
8789,52,59,0.11939968168735504
8790,79,6,0.14361417293548584
8791,70,62,0.34859755635261536
8792,46,46,0.1279226839542389
8793,1,42,0.10116656869649887
8794,59,96,0.4379848837852478
8795,87,10,0.25450125336647034
8796,68,68,0.4129830300807953
8797,88,88,0.33007076382637024
8798,76,76,0.7169933319091797
8799,45,45,0.4944659471511841
8800,15,19,0.21957403421401978
8801,79,6,0.584801197052002
8802,1,98,0.1430838704109192
8803,35,2,0.20551852881908417
8804,94,86,0.15907955169677734
8805,79,6,0.15292465686798096
8806,16,87,0.16865693032741547
8807,49,73,0.23161712288856506
8808,26,26,0.18720172345638275
8809,72,77,0.07742062211036682
8810,60,37,0.1806565523147583
8811,73,73,0.752841591835022
8812,9,9,0.37816616892814636
8813,75,18,0.2528252601623535
8814,5,34,0.11353829503059387
8815,72,67,0.09507279098033905
8816,27,6,0.07008107751607895
8817,67,67,0.12022954970598221
8818,38,32,0.230585515499115
8819,18,6,0.14837777614593506
8820,45,84,0.07432221621274948
8821,36,15,0.10335603356361389
8822,40,3,0.18835866451263428
8823,96,52,0.3019639253616333
8824,35,34,0.26683661341667175
8825,7,75,0.09877662360668182
8826,85,85,0.42503076791763306
8827,30,30,0.6307891011238098
8828,14,82,0.16298307478427887
8829,51,51,0.4282219707965851
8830,79,79,0.20753058791160583
8831,76,33,0.20424853265285492
8832,99,91,0.5107941627502441
8833,86,86,0.39761441946029663
8834,15,43,0.1896926760673523
8835,29,20,0.13156692683696747
8836,63,31,0.09344407916069031
8837,66,64,0.1996997892856598
8838,62,26,0.2715030908584595
8839,80,93,0.12594649195671082
8840,24,24,0.37393173575401306
8841,57,83,0.19433453679084778
8842,43,43,0.23342899978160858
8843,78,48,0.19415812194347382
8844,33,31,0.1414671689271927
8845,99,79,0.1668430119752884
8846,95,95,0.39440470933914185
8847,93,36,0.10766439139842987
8848,72,27,0.1752200722694397
8849,71,71,0.6345981359481812
8850,77,51,0.15947790443897247
8851,86,10,0.35966652631759644
8852,64,97,0.2157852202653885
8853,4,45,0.1373106986284256
8854,23,98,0.07785828411579132
8855,62,62,0.4316105842590332
8856,50,99,0.06738115847110748
8857,17,17,0.29148560762405396
8858,98,39,0.13096676766872406
8859,21,56,0.0961218997836113
8860,32,32,0.2807838022708893
8861,57,36,0.550686240196228
8862,99,61,0.7395244836807251
8863,2,11,0.22703927755355835
8864,6,45,0.1510101705789566
8865,70,98,0.4263807535171509
8866,82,82,0.3368895649909973
8867,82,51,0.15022608637809753
8868,94,87,0.283231258392334
8869,95,95,0.7861244082450867
8870,81,12,0.16832737624645233
8871,96,56,0.4242681562900543
8872,77,44,0.13559657335281372
8873,33,33,0.49085694551467896
8874,67,67,0.4422953426837921
8875,31,19,0.14747421443462372
8876,60,60,0.6660127639770508
8877,7,7,0.22039972245693207
8878,74,11,0.12740656733512878
8879,63,14,0.10518722236156464
8880,62,62,0.7980441451072693
8881,82,62,0.44789305329322815
8882,36,36,0.2360934019088745
8883,12,95,0.16422784328460693
8884,31,31,0.44216394424438477
8885,47,47,0.46838071942329407
8886,75,51,0.16216307878494263
8887,77,43,0.5652205944061279
8888,29,29,0.4853566288948059
8889,94,94,0.8353421092033386
8890,27,63,0.14972269535064697
8891,70,9,0.08787673711776733
8892,95,55,0.15510788559913635
8893,32,55,0.15871821343898773
8894,38,24,0.15086236596107483
8895,67,29,0.5153262615203857
8896,37,37,0.3831537365913391
8897,2,0,0.1647779494524002
8898,65,64,0.18386873602867126
8899,40,43,0.16868825256824493
8900,53,82,0.4308162331581116
8901,87,87,0.11804356426000595
8902,95,95,0.38633790612220764
8903,53,6,0.4186845123767853
8904,42,63,0.26201868057250977
8905,43,21,0.25042393803596497
8906,89,89,0.3433551788330078
8907,69,67,0.281099796295166
8908,93,6,0.24156630039215088
8909,81,58,0.19694240391254425
8910,84,53,0.22165122628211975
8911,71,23,0.10385455191135406
8912,31,31,0.467599093914032
8913,33,33,0.20389989018440247
8914,73,73,0.2878393828868866
8915,75,58,0.1456809639930725
8916,85,76,0.23313134908676147
8917,47,47,0.9394022226333618
8918,97,97,0.22083650529384613
8919,54,53,0.2453577220439911
8920,13,81,0.38662368059158325
8921,24,4,0.12118302285671234
8922,46,46,0.3446959853172302
8923,62,6,0.1095140278339386
8924,92,70,0.37450316548347473
8925,53,53,0.9088506698608398
8926,98,17,0.2241717427968979
8927,66,72,0.15878184139728546
8928,45,62,0.17812199890613556
8929,48,48,0.9502516984939575
8930,94,34,0.17124396562576294
8931,16,22,0.4384235143661499
8932,69,9,0.42659658193588257
8933,60,60,0.29471316933631897
8934,27,26,0.12040463089942932
8935,35,98,0.28127261996269226
8936,59,7,0.18777549266815186
8937,47,52,0.49458199739456177
8938,44,73,0.2275265008211136
8939,57,83,0.5712425112724304
8940,4,4,0.2365577071905136
8941,83,83,0.2669287621974945
8942,89,89,0.3374369740486145
8943,71,71,0.5201674699783325
8944,58,68,0.3034380376338959
8945,52,52,0.6410229206085205
8946,46,86,0.5796191096305847
8947,58,49,0.33246880769729614
8948,98,35,0.4440595507621765
8949,22,97,0.21416999399662018
8950,62,62,0.302130788564682
8951,47,52,0.8684531450271606
8952,2,65,0.2355828881263733
8953,58,58,0.5329220294952393
8954,77,18,0.2196740061044693
8955,96,96,0.5056383609771729
8956,86,20,0.7461735606193542
8957,33,70,0.17186769843101501
8958,13,58,0.6299609541893005
8959,69,71,0.31687185168266296
8960,97,74,0.22495907545089722
8961,14,54,0.18728847801685333
8962,51,51,0.29962149262428284
8963,2,80,0.10037802904844284
8964,4,3,0.13926492631435394
8965,29,79,0.09700711816549301
8966,58,83,0.14238068461418152
8967,44,64,0.08121145516633987
8968,6,4,0.11300961673259735
8969,80,38,0.3417905569076538
8970,81,81,0.33954355120658875
8971,99,67,0.31163638830184937
8972,28,28,0.8137065172195435
8973,50,51,0.1485988199710846
8974,57,43,0.15428602695465088
8975,88,42,0.327780157327652
8976,25,53,0.27370211482048035
8977,38,42,0.09034501016139984
8978,71,73,0.32329896092414856
8979,47,96,0.7055144906044006
8980,53,57,0.18488015234470367
8981,48,48,0.9978187084197998
8982,79,7,0.3788045644760132
8983,59,56,0.44094258546829224
8984,29,51,0.18472261726856232
8985,82,82,0.9166522026062012
8986,90,89,0.36432668566703796
8987,26,67,0.18889391422271729
8988,81,10,0.1450253576040268
8989,17,17,0.3061302900314331
8990,14,19,0.15803048014640808
8991,69,69,0.9114242196083069
8992,25,25,0.2336338311433792
8993,32,90,0.2632805407047272
8994,39,39,0.6768672466278076
8995,14,54,0.5210204124450684
8996,89,89,0.35343122482299805
8997,3,45,0.12824387848377228
8998,67,67,0.2942241430282593
8999,78,11,0.22762148082256317
9000,28,28,0.5234794616699219
9001,98,83,0.2152280956506729
9002,88,88,0.2779105305671692
9003,20,20,0.7125463485717773
9004,3,33,0.08212169259786606
9005,18,6,0.11838206648826599
9006,60,60,0.39310750365257263
9007,48,48,0.3463810384273529
9008,69,69,0.23623093962669373
9009,18,6,0.29373666644096375
9010,41,86,0.3262394368648529
9011,6,6,0.25079771876335144
9012,39,26,0.32495376467704773
9013,44,64,0.12163626402616501
9014,15,32,0.43083128333091736
9015,37,37,0.26229530572891235
9016,57,6,0.08353249728679657
9017,48,48,0.9736799597740173
9018,98,54,0.20602060854434967
9019,89,82,0.2085839807987213
9020,67,73,0.6656878590583801
9021,77,14,0.23852308094501495
9022,38,97,0.12732216715812683
9023,71,23,0.0942901223897934
9024,21,21,0.4767911434173584
9025,96,47,0.39300698041915894
9026,11,11,0.18797296285629272
9027,13,18,0.09404199570417404
9028,84,84,0.16098901629447937
9029,73,30,0.5498126745223999
9030,58,33,0.36101725697517395
9031,73,30,0.5005763173103333
9032,35,54,0.13484331965446472
9033,31,32,0.12720562517642975
9034,83,53,0.18828612565994263
9035,59,12,0.1538454294204712
9036,77,32,0.12881918251514435
9037,50,74,0.10009103268384933
9038,41,13,0.1795613318681717
9039,89,89,0.3516508638858795
9040,19,98,0.18065245449543
9041,54,97,0.13860826194286346
9042,4,4,0.07902013510465622
9043,68,68,0.5460838079452515
9044,9,6,0.1623046100139618
9045,91,91,0.8764751553535461
9046,67,73,0.2808775007724762
9047,19,14,0.23391102254390717
9048,40,77,0.25986093282699585
9049,71,71,0.5260164141654968
9050,57,38,0.12441295385360718
9051,38,97,0.17313742637634277
9052,9,9,0.8511294722557068
9053,82,82,0.8737760782241821
9054,3,30,0.17578168213367462
9055,76,76,0.9526267051696777
9056,20,20,0.2514021694660187
9057,60,49,0.35194146633148193
9058,42,42,0.2072010487318039
9059,94,94,0.7644720673561096
9060,26,64,0.19977252185344696
9061,72,59,0.12390316277742386
9062,6,88,0.23516176640987396
9063,25,5,0.09002984315156937
9064,61,61,0.2869429290294647
9065,36,32,0.12825512886047363
9066,4,43,0.27865421772003174
9067,14,6,0.18112872540950775
9068,61,36,0.18535199761390686
9069,60,68,0.5966966152191162
9070,14,43,0.23873957991600037
9071,62,62,0.7238966822624207
9072,27,32,0.17013750970363617
9073,66,44,0.11495134979486465
9074,16,48,0.197153240442276
9075,67,67,0.37414565682411194
9076,93,63,0.18126583099365234
9077,23,23,0.2996586859226227
9078,33,33,0.22355590760707855
9079,88,63,0.12737776339054108
9080,18,88,0.2815064787864685
9081,58,90,0.32179638743400574
9082,0,1,0.6737791895866394
9083,83,83,0.4074041545391083
9084,23,23,0.3265734016895294
9085,85,34,0.06914754211902618
9086,56,96,0.23870716989040375
9087,20,20,0.2119261622428894
9088,45,7,0.12262606620788574
9089,20,20,0.9438220262527466
9090,30,30,0.2442186325788498
9091,96,52,0.274101197719574
9092,19,38,0.20196178555488586
9093,15,34,0.11888191103935242
9094,98,5,0.12876862287521362
9095,51,3,0.05490650609135628
9096,26,26,0.6600167155265808
9097,0,83,0.7231283187866211
9098,56,56,0.7347098588943481
9099,47,47,0.47054025530815125
9100,57,18,0.08458799868822098
9101,59,52,0.379136323928833
9102,10,40,0.16332456469535828
9103,51,5,0.1506853699684143
9104,65,44,0.23304371535778046
9105,3,89,0.15023738145828247
9106,23,73,0.3778051733970642
9107,9,9,0.8874991536140442
9108,77,44,0.08910266309976578
9109,43,53,0.15835437178611755
9110,15,43,0.06847236305475235
9111,55,63,0.13303227722644806
9112,77,77,0.1310591995716095
9113,19,91,0.25292837619781494
9114,73,73,0.24388781189918518
9115,77,79,0.250507652759552
9116,7,24,0.8311373591423035
9117,29,49,0.30462151765823364
9118,4,21,0.22553014755249023
9119,61,61,0.46930184960365295
9120,64,18,0.30071550607681274
9121,30,93,0.2916751205921173
9122,39,39,0.9389573335647583
9123,70,82,0.4182332158088684
9124,19,16,0.15863876044750214
9125,51,43,0.5525817275047302
9126,9,9,0.15520067512989044
9127,17,17,0.5332903861999512
9128,28,40,0.1320064663887024
9129,45,63,0.08225084841251373
9130,28,84,0.06323208659887314
9131,12,37,0.24956320226192474
9132,83,58,0.5262713432312012
9133,49,76,0.5146879553794861
9134,63,36,0.3092719316482544
9135,71,71,0.28341051936149597
9136,12,37,0.33494147658348083
9137,11,45,0.10560835897922516
9138,77,77,0.11660169810056686
9139,35,51,0.2847309410572052
9140,29,33,0.2427278310060501
9141,40,43,0.1349840611219406
9142,15,43,0.5833185315132141
9143,84,34,0.12198325991630554
9144,19,19,0.3706989884376526
9145,66,1,0.24135303497314453
9146,70,70,0.6315749883651733
9147,62,62,0.543449878692627
9148,34,15,0.1530698984861374
9149,94,22,0.14248795807361603
9150,72,67,0.5548469424247742
9151,35,62,0.22150488197803497
9152,50,44,0.21064405143260956
9153,99,48,0.28651562333106995
9154,33,96,0.518250048160553
9155,90,25,0.13006605207920074
9156,16,16,0.5865445137023926
9157,56,56,0.2764708995819092
9158,4,6,0.10743296146392822
9159,24,24,0.7222418785095215
9160,60,71,0.592370331287384
9161,3,97,0.2610258162021637
9162,19,15,0.3097766637802124
9163,14,83,0.22606486082077026
9164,23,23,0.1901562362909317
9165,68,68,0.9312707185745239
9166,91,20,0.1653887927532196
9167,81,89,0.26104936003685
9168,61,10,0.28315067291259766
9169,90,37,0.09530721604824066
9170,21,21,0.2480376958847046
9171,57,57,0.7969569563865662
9172,22,22,0.3958340287208557
9173,87,87,0.3084087073802948
9174,82,82,0.9007602334022522
9175,12,68,0.24550947546958923
9176,38,38,0.17293618619441986
9177,10,7,0.11430499702692032
9178,93,7,0.23042240738868713
9179,77,6,0.09553219377994537
9180,84,84,0.17049647867679596
9181,41,41,0.5357442498207092
9182,64,80,0.16204720735549927
9183,76,87,0.15382035076618195
9184,25,58,0.15173658728599548
9185,91,91,0.9539958834648132
9186,94,94,0.4846866726875305
9187,42,93,0.08646882325410843
9188,79,44,0.11518401652574539
9189,19,55,0.17444255948066711
9190,76,97,0.15231995284557343
9191,87,37,0.3666568994522095
9192,18,82,0.29581597447395325
9193,51,4,0.21256868541240692
9194,1,48,0.09386271238327026
9195,50,54,0.2384921908378601
9196,37,47,0.35588622093200684
9197,6,6,0.10361462831497192
9198,45,61,0.2584613561630249
9199,23,67,0.13778643310070038
9200,0,0,0.8062839508056641
9201,55,74,0.10696475207805634
9202,91,54,0.2339322865009308
9203,89,92,0.20405413210391998
9204,95,97,0.07336374372243881
9205,48,59,0.2651197016239166
9206,45,39,0.2911429703235626
9207,54,54,0.8140769600868225
9208,69,76,0.27791327238082886
9209,82,56,0.45902884006500244
9210,68,68,0.9665480852127075
9211,56,56,0.7141071557998657
9212,94,64,0.14054462313652039
9213,80,57,0.0864674299955368
9214,40,38,0.10941480100154877
9215,67,67,0.4862271845340729
9216,71,71,0.6092740893363953
9217,5,99,0.12172698974609375
9218,50,97,0.1351693719625473
9219,60,60,0.8742789030075073
9220,79,79,0.4534866213798523
9221,0,0,0.5311622023582458
9222,44,45,0.16580186784267426
9223,55,74,0.13737618923187256
9224,46,35,0.255667507648468
9225,80,50,0.18477396667003632
9226,2,2,0.586757242679596
9227,32,32,0.41852065920829773
9228,92,14,0.31363657116889954
9229,45,61,0.3178914189338684
9230,69,76,0.295854389667511
9231,97,86,0.09609217941761017
9232,13,89,0.685908317565918
9233,30,30,0.16521738469600677
9234,27,24,0.35488462448120117
9235,74,91,0.16725794970989227
9236,8,11,0.1698671132326126
9237,17,17,0.30709588527679443
9238,42,42,0.28925400972366333
9239,91,91,0.32698386907577515
9240,11,46,0.43583351373672485
9241,36,20,0.15163977444171906
9242,69,69,0.4562312960624695
9243,50,43,0.25353196263313293
9244,57,18,0.2181595414876938
9245,84,65,0.14927297830581665
9246,90,76,0.111167311668396
9247,85,90,0.14073534309864044
9248,3,31,0.1285560578107834
9249,91,23,0.15166504681110382
9250,79,97,0.11229617893695831
9251,76,76,0.8717684745788574
9252,13,22,0.3012775778770447
9253,8,8,0.9769724607467651
9254,92,54,0.1985635906457901
9255,69,95,0.1798398196697235
9256,82,92,0.30120840668678284
9257,7,78,0.12478307634592056
9258,73,91,0.6573140621185303
9259,89,89,0.42561644315719604
9260,32,98,0.32688048481941223
9261,42,42,0.6488440632820129
9262,39,39,0.24126984179019928
9263,26,26,0.2904769778251648
9264,80,34,0.11180470883846283
9265,74,63,0.12160559743642807
9266,15,43,0.3397863805294037
9267,74,98,0.2753926217556
9268,16,86,0.5168280005455017
9269,57,82,0.2615046203136444
9270,94,86,0.22699132561683655
9271,60,33,0.41003406047821045
9272,33,38,0.26667729020118713
9273,83,76,0.15464083850383759
9274,62,62,0.5012527108192444
9275,85,58,0.1520887166261673
9276,48,48,0.8739380240440369
9277,33,60,0.2825041115283966
9278,11,11,0.3924509286880493
9279,5,45,0.16819694638252258
9280,2,98,0.23509982228279114
9281,18,96,0.08821075409650803
9282,75,75,0.7331430912017822
9283,75,75,0.617047131061554
9284,4,38,0.09684215486049652
9285,3,74,0.17388243973255157
9286,72,63,0.18568305671215057
9287,17,17,0.3243856132030487
9288,89,17,0.29487210512161255
9289,70,57,0.1862134039402008
9290,19,31,0.16306652128696442
9291,36,97,0.12966914474964142
9292,77,88,0.1253613978624344
9293,67,67,0.2002907395362854
9294,83,0,0.33128729462623596
9295,63,43,0.15954142808914185
9296,2,35,0.1320047229528427
9297,92,62,0.3828916847705841
9298,17,37,0.5541090369224548
9299,98,57,0.16155889630317688
9300,99,73,0.549321174621582
9301,77,22,0.16360366344451904
9302,56,56,0.6118131875991821
9303,22,83,0.3727932870388031
9304,84,27,0.07462228089570999
9305,14,14,0.12654532492160797
9306,71,71,0.2630867063999176
9307,94,94,0.9077659845352173
9308,44,67,0.14550618827342987
9309,73,85,0.205294668674469
9310,41,41,0.41213512420654297
9311,96,52,0.6458483934402466
9312,91,54,0.34370821714401245
9313,85,47,0.3995363414287567
9314,43,43,0.11307426542043686
9315,82,82,0.4385541081428528
9316,40,99,0.14267905056476593
9317,97,76,0.16542254388332367
9318,42,8,0.4589279294013977
9319,96,33,0.1865147203207016
9320,47,96,0.4777509868144989
9321,22,46,0.16090455651283264
9322,1,53,0.8125882744789124
9323,46,97,0.09818707406520844
9324,78,80,0.07260116934776306
9325,72,63,0.39752107858657837
9326,93,29,0.5351698994636536
9327,85,85,0.6852027177810669
9328,18,91,0.3453769385814667
9329,63,93,0.14800627529621124
9330,65,18,0.1205088421702385
9331,25,5,0.18277870118618011
9332,44,84,0.07000371068716049
9333,2,35,0.13906626403331757
9334,86,43,0.3578607141971588
9335,45,67,0.28906741738319397
9336,59,59,0.31451255083084106
9337,2,98,0.47089460492134094
9338,54,46,0.2725224196910858
9339,11,11,0.19821546971797943
9340,56,76,0.40315860509872437
9341,75,55,0.14286085963249207
9342,47,52,0.404512494802475
9343,76,73,0.3049096465110779
9344,20,20,0.7371194958686829
9345,48,41,0.2650134861469269
9346,97,97,0.30269941687583923
9347,9,9,0.8593035340309143
9348,45,45,0.0905432477593422
9349,38,38,0.25554358959198
9350,84,37,0.1445920467376709
9351,3,7,0.23646870255470276
9352,36,50,0.09236597269773483
9353,43,43,0.6684601902961731
9354,84,46,0.08113554865121841
9355,18,18,0.21990850567817688
9356,6,82,0.5808424353599548
9357,9,76,0.2641891539096832
9358,72,97,0.3123950958251953
9359,38,34,0.18277285993099213
9360,6,7,0.19809705018997192
9361,75,75,0.4440731704235077
9362,15,15,0.9384884834289551
9363,29,29,0.2244567573070526
9364,35,2,0.22119201719760895
9365,25,20,0.7590541243553162
9366,95,30,0.545016884803772
9367,3,7,0.293111115694046
9368,58,55,0.13581058382987976
9369,74,64,0.1368965208530426
9370,44,8,0.17078296840190887
9371,83,83,0.4720730483531952
9372,91,70,0.2262856662273407
9373,74,74,0.1756240576505661
9374,86,7,0.1355299949645996
9375,25,72,0.0719178169965744
9376,38,42,0.11531353741884232
9377,58,58,0.94282466173172
9378,36,24,0.42351698875427246
9379,90,46,0.13655515015125275
9380,8,56,0.1478990912437439
9381,49,1,0.25225675106048584
9382,65,80,0.11680930852890015
9383,95,95,0.16912101209163666
9384,92,72,0.12847085297107697
9385,14,62,0.7035179734230042
9386,81,37,0.27041345834732056
9387,0,4,0.09385710954666138
9388,58,91,0.0784490555524826
9389,96,56,0.2253021001815796
9390,1,87,0.21734939515590668
9391,61,99,0.22967974841594696
9392,59,67,0.3150789141654968
9393,21,21,0.745937705039978
9394,60,60,0.8853845000267029
9395,89,44,0.11265576630830765
9396,82,82,0.966733992099762
9397,10,22,0.25718459486961365
9398,80,51,0.07526911795139313
9399,52,52,0.9643776416778564
9400,65,97,0.42698633670806885
9401,55,64,0.10649537295103073
9402,32,91,0.22435297071933746
9403,77,7,0.13042153418064117
9404,69,23,0.507072389125824
9405,26,10,0.12049210071563721
9406,42,42,0.3711988031864166
9407,79,79,0.09032741189002991
9408,46,11,0.29413992166519165
9409,20,20,0.4008658230304718
9410,38,38,0.2534668743610382
9411,52,52,0.5105355381965637
9412,15,15,0.15783937275409698
9413,7,99,0.16081717610359192
9414,65,72,0.07735238969326019
9415,63,63,0.12411285191774368
9416,96,52,0.3539164066314697
9417,26,11,0.21322962641716003
9418,29,29,0.18768146634101868
9419,3,97,0.5353055596351624
9420,79,80,0.07189571112394333
9421,39,39,0.3499482274055481
9422,30,30,0.16287893056869507
9423,99,23,0.3302518427371979
9424,2,84,0.19909760355949402
9425,8,59,0.19497008621692657
9426,19,57,0.17203208804130554
9427,52,52,0.5743201375007629
9428,69,54,0.15578196942806244
9429,58,81,0.21394039690494537
9430,54,32,0.08024866133928299
9431,82,82,0.8612721562385559
9432,3,74,0.2432664930820465
9433,82,80,0.1203966811299324
9434,93,30,0.3622736632823944
9435,70,45,0.39762401580810547
9436,99,55,0.16510923206806183
9437,21,21,0.15413221716880798
9438,17,52,0.5371103882789612
9439,56,37,0.13249117136001587
9440,64,54,0.21609969437122345
9441,74,64,0.21677900850772858
9442,1,51,0.6899789571762085
9443,62,92,0.3519584536552429
9444,61,61,0.8847359418869019
9445,85,32,0.2243843674659729
9446,78,66,0.16965016722679138
9447,58,58,0.42955029010772705
9448,28,10,0.16227969527244568
9449,53,53,0.39413586258888245
9450,74,66,0.1448279470205307
9451,47,47,0.2077924609184265
9452,5,20,0.32100439071655273
9453,34,2,0.26125821471214294
9454,81,90,0.41168248653411865
9455,64,19,0.06920475512742996
9456,77,77,0.12086966633796692
9457,30,67,0.46805253624916077
9458,66,66,0.13484030961990356
9459,4,97,0.2539825141429901
9460,45,45,0.2764124870300293
9461,30,73,0.3175710439682007
9462,98,31,0.1312350034713745
9463,44,7,0.08197834342718124
9464,95,97,0.11647909134626389
9465,87,87,0.6528510451316833
9466,63,7,0.2726399004459381
9467,87,87,0.8285630941390991
9468,26,50,0.1109035387635231
9469,41,41,0.929131269454956
9470,70,70,0.518748939037323
9471,22,43,0.2627815306186676
9472,21,21,0.6190187335014343
9473,32,15,0.11904590576887131
9474,90,89,0.5277905464172363
9475,36,32,0.4864627718925476
9476,85,85,0.2747211754322052
9477,74,61,0.1445477157831192
9478,87,87,0.21254795789718628
9479,21,58,0.17892487347126007
9480,87,22,0.14328330755233765
9481,71,71,0.4913615584373474
9482,53,92,0.2504104971885681
9483,27,27,0.4993734359741211
9484,63,38,0.1288267821073532
9485,1,92,0.2695455253124237
9486,8,8,0.3718186616897583
9487,93,7,0.23867879807949066
9488,98,86,0.19538003206253052
9489,61,61,0.48319482803344727
9490,88,88,0.1121545284986496
9491,37,13,0.32977813482284546
9492,10,91,0.21972978115081787
9493,83,53,0.520506739616394
9494,91,97,0.11124348640441895
9495,85,91,0.1703399270772934
9496,34,91,0.3134358525276184
9497,24,28,0.04811759293079376
9498,50,44,0.18288880586624146
9499,49,23,0.3244915306568146
9500,12,17,0.15906108915805817
9501,28,28,0.22959701716899872
9502,74,74,0.13956202566623688
9503,44,6,0.10321743041276932
9504,58,68,0.1922856867313385
9505,45,71,0.0776098370552063
9506,87,87,0.6657630801200867
9507,79,79,0.1432182788848877
9508,32,77,0.10393775254487991
9509,14,99,0.1104283332824707
9510,47,52,0.5690445899963379
9511,31,33,0.14034727215766907
9512,77,2,0.14465045928955078
9513,59,47,0.20189760625362396
9514,60,49,0.22374215722084045
9515,71,71,0.5857410430908203
9516,25,37,0.187893807888031
9517,67,67,0.5880227088928223
9518,81,81,0.5514313578605652
9519,98,39,0.15206469595432281
9520,54,54,0.15137913823127747
9521,67,73,0.4431533217430115
9522,17,15,0.37554025650024414
9523,21,21,0.42035165429115295
9524,1,1,0.40234118700027466
9525,88,26,0.13338476419448853
9526,21,21,0.35447412729263306
9527,77,30,0.07397596538066864
9528,95,72,0.11125487834215164
9529,91,27,0.11368928104639053
9530,12,12,0.22392801940441132
9531,15,98,0.17559386789798737
9532,82,53,0.42945292592048645
9533,22,33,0.1362072229385376
9534,16,84,0.2956497073173523
9535,66,66,0.16740021109580994
9536,25,10,0.0887785479426384
9537,1,45,0.23253512382507324
9538,29,44,0.12162411957979202
9539,29,7,0.2253115177154541
9540,73,73,0.517098069190979
9541,27,27,0.1833576261997223
9542,81,12,0.1303817182779312
9543,63,74,0.20976130664348602
9544,53,53,0.3813358247280121
9545,23,67,0.44587382674217224
9546,13,81,0.18960534036159515
9547,86,86,0.8222759962081909
9548,44,42,0.17574647068977356
9549,71,71,0.46003851294517517
9550,28,28,0.2365284413099289
9551,75,7,0.18738414347171783
9552,98,98,0.24117231369018555
9553,64,62,0.1821594536304474
9554,79,79,0.10368631780147552
9555,16,16,0.9212779402732849
9556,8,8,0.5711579918861389
9557,77,18,0.1382921040058136
9558,22,22,0.8217554688453674
9559,81,8,0.11995705217123032
9560,87,87,0.4095595180988312
9561,10,18,0.26579025387763977
9562,65,65,0.17251785099506378
9563,62,62,0.7859567999839783
9564,49,49,0.6655654311180115
9565,70,70,0.48475944995880127
9566,57,57,0.292383074760437
9567,74,44,0.14833734929561615
9568,64,18,0.0884992852807045
9569,40,61,0.2178289145231247
9570,91,91,0.9060759544372559
9571,23,23,0.4762876629829407
9572,13,58,0.4544152021408081
9573,80,27,0.11926797777414322
9574,6,6,0.2092796415090561
9575,42,88,0.3173571228981018
9576,46,54,0.3174220323562622
9577,30,30,0.40864336490631104
9578,95,26,0.2070569545030594
9579,35,35,0.4602198600769043
9580,5,51,0.062324408441782
9581,41,38,0.3537943363189697
9582,36,36,0.41156014800071716
9583,59,85,0.21165335178375244
9584,12,12,0.3330130875110626
9585,43,43,0.18858900666236877
9586,86,22,0.14482258260250092
9587,97,97,0.5947760343551636
9588,53,53,0.34864693880081177
9589,50,56,0.12044323235750198
9590,80,34,0.2613978087902069
9591,3,3,0.1290937215089798
9592,61,61,0.8616952896118164
9593,20,20,0.943076491355896
9594,22,32,0.1029273048043251
9595,57,5,0.12697070837020874
9596,25,90,0.1608615666627884
9597,71,23,0.595523476600647
9598,55,55,0.07513667643070221
9599,68,68,0.9786368608474731
9600,20,20,0.4767228066921234
9601,33,19,0.16143594682216644
9602,67,67,0.42156922817230225
9603,87,9,0.1669204980134964
9604,16,94,0.7418387532234192
9605,41,41,0.15196117758750916
9606,66,7,0.2978835105895996
9607,44,44,0.24363204836845398
9608,25,25,0.11053881049156189
9609,63,51,0.24143055081367493
9610,1,62,0.4715346097946167
9611,15,84,0.15085016191005707
9612,42,43,0.31039705872535706
9613,6,43,0.16038154065608978
9614,85,58,0.1366715282201767
9615,8,45,0.22523663938045502
9616,2,46,0.16780366003513336
9617,5,32,0.16588200628757477
9618,45,6,0.14984828233718872
9619,5,87,0.07164359092712402
9620,71,12,0.3214874267578125
9621,56,56,0.7859489917755127
9622,99,9,0.14641375839710236
9623,73,67,0.16531744599342346
9624,78,91,0.30611544847488403
9625,2,11,0.1557338982820511
9626,76,76,0.4667031466960907
9627,50,35,0.22155849635601044
9628,30,95,0.42799535393714905
9629,53,26,0.25988948345184326
9630,91,67,0.32709357142448425
9631,81,68,0.6172149777412415
9632,65,91,0.24624882638454437
9633,92,70,0.42202574014663696
9634,23,23,0.16729524731636047
9635,11,9,0.17290592193603516
9636,95,95,0.2660551965236664
9637,40,40,0.4240093231201172
9638,30,40,0.08652287721633911
9639,62,62,0.5651221871376038
9640,35,98,0.2080095261335373
9641,23,23,0.6662729382514954
9642,78,78,0.1550620049238205
9643,96,47,0.12199869751930237
9644,67,67,0.5952509045600891
9645,36,51,0.18177276849746704
9646,8,8,0.9881193041801453
9647,15,26,0.2992101013660431
9648,4,24,0.7149093747138977
9649,80,80,0.10430829226970673
9650,27,63,0.14477524161338806
9651,60,60,0.5880240201950073
9652,7,14,0.23364406824111938
9653,54,23,0.15434139966964722
9654,48,48,0.9223490953445435
9655,16,16,0.8860588669776917
9656,57,57,0.24667896330356598
9657,94,94,0.40509486198425293
9658,30,30,0.18828922510147095
9659,92,70,0.47828811407089233
9660,43,43,0.5714485049247742
9661,62,53,0.21349628269672394
9662,58,89,0.10290282964706421
9663,19,19,0.3686749339103699
9664,23,23,0.43704238533973694
9665,38,74,0.2516542673110962
9666,28,2,0.12321539968252182
9667,96,42,0.08506331592798233
9668,95,95,0.4766555726528168
9669,10,24,0.17730525135993958
9670,99,99,0.16395190358161926
9671,86,86,0.5230505466461182
9672,53,82,0.2508920729160309
9673,89,48,0.2710185945034027
9674,11,25,0.08472330868244171
9675,52,52,0.7634944319725037
9676,58,25,0.1815071403980255
9677,54,6,0.1730748564004898
9678,85,85,0.6567700505256653
9679,74,4,0.23447726666927338
9680,72,64,0.15395919978618622
9681,82,82,0.6192954182624817
9682,72,85,0.14403504133224487
9683,73,46,0.23548322916030884
9684,43,46,0.2164791077375412
9685,37,8,0.14990884065628052
9686,34,51,0.17353932559490204
9687,47,47,0.7788575887680054
9688,52,52,0.6449145674705505
9689,40,99,0.18556393682956696
9690,53,53,0.8002966046333313
9691,45,42,0.16374531388282776
9692,8,42,0.2990914583206177
9693,83,92,0.3259277641773224
9694,3,31,0.3252527415752411
9695,90,81,0.12575718760490417
9696,40,69,0.13456293940544128
9697,28,95,0.20713560283184052
9698,53,53,0.6361786723136902
9699,32,68,0.14469988644123077
9700,59,56,0.4036610722541809
9701,4,33,0.3518441617488861
9702,33,33,0.2739512324333191
9703,62,92,0.20865099132061005
9704,89,58,0.5593891739845276
9705,44,29,0.1268182247877121
9706,12,68,0.2588247060775757
9707,4,44,0.09396075457334518
9708,89,66,0.23919907212257385
9709,98,55,0.09222239255905151
9710,78,32,0.27920910716056824
9711,82,82,0.2743215560913086
9712,91,77,0.11837401986122131
9713,31,31,0.41325458884239197
9714,91,91,0.34988608956336975
9715,47,81,0.1273908168077469
9716,9,9,0.9493492841720581
9717,73,73,0.6672027707099915
9718,69,69,0.540431022644043
9719,36,36,0.271210640668869
9720,57,45,0.22028762102127075
9721,91,51,0.07294867187738419
9722,95,95,0.3694751560688019
9723,37,56,0.13877424597740173
9724,61,61,0.8001881837844849
9725,83,83,0.31138044595718384
9726,69,69,0.3829716444015503
9727,11,86,0.21909672021865845
9728,80,33,0.2251759171485901
9729,76,76,0.13289739191532135
9730,31,46,0.11386340856552124
9731,10,62,0.2840673327445984
9732,90,33,0.08786233514547348
9733,98,35,0.36194756627082825
9734,94,94,0.8106263875961304
9735,24,24,0.31284135580062866
9736,39,33,0.193803608417511
9737,1,53,0.9478162527084351
9738,33,33,0.4080897569656372
9739,29,37,0.19797398149967194
9740,29,99,0.06286229938268661
9741,7,59,0.06581048667430878
9742,39,39,0.2289266586303711
9743,15,15,0.16504617035388947
9744,99,35,0.13557608425617218
9745,3,21,0.31491604447364807
9746,41,41,0.771723210811615
9747,66,66,0.1084357276558876
9748,80,98,0.2007635533809662
9749,27,27,0.6867111921310425
9750,45,26,0.13285775482654572
9751,55,55,0.06103574484586716
9752,32,32,0.3048684895038605
9753,5,5,0.29571834206581116
9754,45,33,0.32318270206451416
9755,9,9,0.8675999641418457
9756,72,64,0.21111607551574707
9757,33,8,0.15657255053520203
9758,38,38,0.1355961710214615
9759,40,65,0.10897963494062424
9760,24,7,0.1383558064699173
9761,59,47,0.46055495738983154
9762,65,65,0.48544904589653015
9763,46,46,0.3304486870765686
9764,38,63,0.16243793070316315
9765,23,23,0.3397160470485687
9766,39,65,0.15772384405136108
9767,25,5,0.10573211312294006
9768,97,97,0.4482957124710083
9769,66,57,0.06128130853176117
9770,46,65,0.07261843234300613
9771,52,52,0.71369868516922
9772,29,4,0.13247328996658325
9773,56,90,0.2945643961429596
9774,98,35,0.20747597515583038
9775,82,82,0.7999631762504578
9776,41,97,0.14814215898513794
9777,38,97,0.07692913711071014
9778,51,70,0.12933486700057983
9779,79,45,0.08696521818637848
9780,19,34,0.15570580959320068
9781,18,7,0.17928822338581085
9782,95,73,0.6374911069869995
9783,64,97,0.21951080858707428
9784,78,50,0.13000446557998657
9785,96,96,0.2159378081560135
9786,49,76,0.22992835938930511
9787,64,32,0.2614137828350067
9788,40,24,0.3203532099723816
9789,36,6,0.24623072147369385
9790,97,97,0.7105504870414734
9791,40,97,0.1627356857061386
9792,45,14,0.4762760400772095
9793,49,17,0.3153396248817444
9794,62,62,0.468988299369812
9795,10,73,0.1508926898241043
9796,56,31,0.5462482571601868
9797,4,4,0.1363365650177002
9798,77,56,0.1361638307571411
9799,81,81,0.5304804444313049
9800,91,36,0.15596744418144226
9801,5,13,0.5330644249916077
9802,87,87,0.759589672088623
9803,3,3,0.23051878809928894
9804,50,74,0.1038900688290596
9805,80,29,0.07862751930952072
9806,86,86,0.4272903501987457
9807,89,48,0.31585508584976196
9808,17,17,0.4761229157447815
9809,12,33,0.3431122601032257
9810,80,56,0.21796169877052307
9811,72,4,0.2032727599143982
9812,79,24,0.23057910799980164
9813,67,38,0.12176529318094254
9814,40,40,0.1481248289346695
9815,13,13,0.6737991571426392
9816,98,35,0.2545989751815796
9817,37,85,0.1123533546924591
9818,21,64,0.18109597265720367
9819,76,76,0.798957109451294
9820,32,74,0.2984399199485779
9821,59,59,0.4317878782749176
9822,49,49,0.222360298037529
9823,30,72,0.20471230149269104
9824,60,60,0.2722110450267792
9825,80,80,0.1534137725830078
9826,51,19,0.21707391738891602
9827,66,21,0.22381113469600677
9828,87,28,0.1476021707057953
9829,38,43,0.11899705976247787
9830,63,21,0.6905947327613831
9831,53,53,0.379373699426651
9832,4,98,0.21413204073905945
9833,48,48,0.1292634904384613
9834,24,86,0.46158456802368164
9835,13,58,0.6146534085273743
9836,31,31,0.5138527154922485
9837,29,56,0.21230992674827576
9838,84,46,0.09290137141942978
9839,46,54,0.13262169063091278
9840,61,10,0.319370299577713
9841,24,7,0.5802883505821228
9842,34,7,0.258538156747818
9843,98,46,0.5452285408973694
9844,45,53,0.3271005153656006
9845,99,84,0.1612217277288437
9846,27,24,0.07244858890771866
9847,51,64,0.14762818813323975
9848,91,91,0.22541525959968567
9849,0,0,0.6600598096847534
9850,72,98,0.31960391998291016
9851,50,38,0.19696557521820068
9852,57,24,0.18020370602607727
9853,4,80,0.06629189103841782
9854,60,60,0.9121655225753784
9855,81,33,0.40726059675216675
9856,86,20,0.3083629608154297
9857,9,37,0.09765573590993881
9858,11,88,0.27081727981567383
9859,92,73,0.1701071560382843
9860,99,67,0.2174018770456314
9861,77,77,0.08330859243869781
9862,57,57,0.5886031985282898
9863,14,62,0.41084858775138855
9864,2,43,0.09814034402370453
9865,70,35,0.13822801411151886
9866,69,69,0.3705615997314453
9867,69,69,0.6632053852081299
9868,32,91,0.9527298212051392
9869,79,89,0.37050217390060425
9870,44,18,0.18217992782592773
9871,58,13,0.18768131732940674
9872,0,0,0.3459811806678772
9873,20,20,0.40895888209342957
9874,7,82,0.5269836783409119
9875,45,24,0.1182907447218895
9876,82,82,0.6563623547554016
9877,79,97,0.19532623887062073
9878,58,90,0.10655125230550766
9879,73,67,0.2651143968105316
9880,58,5,0.2397495061159134
9881,75,63,0.1643601506948471
9882,85,85,0.14461643993854523
9883,55,41,0.1600276231765747
9884,70,1,0.24747544527053833
9885,29,44,0.3361290693283081
9886,97,77,0.12829138338565826
9887,11,35,0.32778868079185486
9888,53,18,0.10240185260772705
9889,37,37,0.10444466024637222
9890,73,73,0.3549371361732483
9891,28,62,0.25198739767074585
9892,86,24,0.11594387143850327
9893,50,63,0.2343030571937561
9894,24,24,0.6024797558784485
9895,31,32,0.11411213874816895
9896,95,95,0.4248170256614685
9897,1,1,0.29329147934913635
9898,2,2,0.4416588246822357
9899,36,67,0.24705152213573456
9900,59,52,0.5678754448890686
9901,99,30,0.059609394520521164
9902,55,91,0.1151593029499054
9903,85,59,0.17016281187534332
9904,0,0,0.5239171385765076
9905,23,23,0.6093478202819824
9906,64,66,0.10734923928976059
9907,82,70,0.20001131296157837
9908,62,62,0.30744901299476624
9909,31,50,0.13650737702846527
9910,86,86,0.6216727495193481
9911,57,83,0.13813796639442444
9912,72,2,0.09760981053113937
9913,73,73,0.15323732793331146
9914,42,42,0.285094678401947
9915,91,64,0.10744965821504593
9916,84,89,0.48203498125076294
9917,85,85,0.4414830505847931
9918,90,89,0.28517666459083557
9919,69,69,0.47731348872184753
9920,82,82,0.5416352152824402
9921,21,21,0.11034376919269562
9922,89,15,0.18169119954109192
9923,68,96,0.22657907009124756
9924,68,68,0.5339723825454712
9925,76,76,0.752507209777832
9926,31,80,0.10207128524780273
9927,58,58,0.3592894971370697
9928,8,8,0.9920674562454224
9929,37,26,0.09596274793148041
9930,13,13,0.5897592902183533
9931,30,73,0.4419119656085968
9932,78,78,0.12539909780025482
9933,43,6,0.1422807276248932
9934,33,51,0.2507022023200989
9935,99,39,0.29843929409980774
9936,42,39,0.10658326745033264
9937,12,12,0.4213152825832367
9938,92,82,0.3061197102069855
9939,8,56,0.07980877161026001
9940,82,82,0.7039859890937805
9941,78,43,0.09901344776153564
9942,97,93,0.08673565834760666
9943,62,92,0.39153623580932617
9944,74,38,0.14376895129680634
9945,4,33,0.2709519565105438
9946,69,30,0.1654549092054367
9947,29,74,0.09991113096475601
9948,97,97,0.3081985116004944
9949,74,32,0.11455391347408295
9950,56,96,0.1451950967311859
9951,18,33,0.18420536816120148
9952,74,14,0.1037704274058342
9953,3,72,0.14440928399562836
9954,95,73,0.24243628978729248
9955,54,51,0.17277948558330536
9956,53,5,0.1700228899717331
9957,45,45,0.10465021431446075
9958,16,35,0.09199902415275574
9959,73,73,0.6934431791305542
9960,29,26,0.15340803563594818
9961,33,33,0.52628093957901
9962,6,88,0.18878282606601715
9963,86,86,0.35480645298957825
9964,19,19,0.276468425989151
9965,97,97,0.2685087323188782
9966,4,43,0.16937635838985443
9967,9,3,0.33258745074272156
9968,53,99,0.20092104375362396
9969,89,81,0.16076107323169708
9970,18,82,0.2020655870437622
9971,87,65,0.1057056114077568
9972,26,32,0.2216739058494568
9973,49,49,0.522683322429657
9974,11,81,0.5464519262313843
9975,14,56,0.07432249933481216
9976,65,65,0.09510676562786102
9977,83,92,0.2759803235530853
9978,3,21,0.17677296698093414
9979,27,27,0.5649293661117554
9980,30,30,0.68010413646698
9981,52,52,0.4705180823802948
9982,74,64,0.15846742689609528
9983,29,88,0.16640406847000122
9984,96,66,0.0905645340681076
9985,90,19,0.28051483631134033
9986,14,1,0.13293644785881042
9987,77,43,0.14134477078914642
9988,65,32,0.31561478972435
9989,7,7,0.12627547979354858
9990,75,75,0.32853055000305176
9991,27,49,0.1392093151807785
9992,16,70,0.40520429611206055
9993,30,30,0.7115084528923035
9994,50,74,0.1925806701183319
9995,83,92,0.5428147912025452
9996,14,3,0.17269736528396606
9997,51,18,0.14614756405353546
9998,42,45,0.21975909173488617
9999,70,26,0.3518114387989044
