test_id,true_label,predicted_label,confidence
0,7,7,0.9999860525131226
1,2,2,0.9996823072433472
2,1,1,0.9998471736907959
3,0,0,0.9997536540031433
4,4,4,0.9999624490737915
5,1,1,0.9999514818191528
6,4,4,0.9994333386421204
7,9,9,0.9606954455375671
8,5,5,0.9858629107475281
9,9,9,0.9991639852523804
10,0,0,0.9998769760131836
11,6,6,0.9999270439147949
12,9,9,0.9997108578681946
13,0,0,0.9999871253967285
14,1,1,0.9999675750732422
15,5,5,0.9997193217277527
16,9,9,0.9999426603317261
17,7,7,0.9999938011169434
18,3,5,0.5152427554130554
19,4,4,0.9999055862426758
20,9,9,0.9982714653015137
21,6,6,0.9998998641967773
22,6,6,0.9999027252197266
23,5,5,0.9999876022338867
24,4,4,0.9999375343322754
25,0,0,0.9998806715011597
26,7,7,0.9998618364334106
27,4,4,0.9999973773956299
28,0,0,0.999966025352478
29,1,1,0.9991552829742432
30,3,3,0.9999998807907104
31,1,1,0.9995977282524109
32,3,3,0.9999979734420776
33,4,4,0.9934977293014526
34,7,7,0.9999570846557617
35,2,2,0.9999938011169434
36,7,7,0.9886325001716614
37,1,1,0.9998301267623901
38,2,2,0.9986577033996582
39,1,1,0.9999788999557495
40,1,1,0.9991125464439392
41,7,7,0.9888912439346313
42,4,4,0.9998785257339478
43,2,2,0.9928643703460693
44,3,3,0.9999831914901733
45,5,5,0.9999507665634155
46,1,1,0.9996151924133301
47,2,2,0.9999969005584717
48,4,4,0.9960492253303528
49,4,4,0.9999879598617554
50,6,6,0.9999371767044067
51,3,3,0.9999746084213257
52,5,5,0.9999808073043823
53,5,5,0.9995293617248535
54,6,6,0.9999868869781494
55,0,0,0.9999828338623047
56,4,4,0.9999977350234985
57,1,1,0.9995996356010437
58,9,9,0.9999747276306152
59,5,5,0.9808332920074463
60,7,7,0.9996228218078613
61,8,8,0.9994804263114929
62,9,5,0.39591267704963684
63,3,3,0.993331253528595
64,7,7,0.9997596144676208
65,4,4,0.9965178966522217
66,6,6,0.9995971322059631
67,4,4,0.9997039437294006
68,3,3,0.9999963045120239
69,0,0,0.9999183416366577
70,7,7,0.9999922513961792
71,0,0,0.9999696016311646
72,2,2,0.9998887777328491
73,9,9,0.9687271118164062
74,1,1,0.999951958656311
75,7,7,0.9999631643295288
76,3,3,0.9999978542327881
77,2,2,0.9997687935829163
78,9,9,0.993535041809082
79,7,7,0.9985721111297607
80,7,7,0.9971569776535034
81,6,6,0.9999383687973022
82,2,2,0.9999943971633911
83,7,7,0.9999754428863525
84,8,8,0.999729335308075
85,4,4,0.9999644756317139
86,7,7,0.9999617338180542
87,3,3,0.9998152852058411
88,6,6,0.9999915361404419
89,1,1,0.9998674392700195
90,3,3,0.9999977350234985
91,6,6,0.9999904632568359
92,9,9,0.902093768119812
93,3,3,0.9997001886367798
94,1,1,0.9997552037239075
95,4,4,0.9500035047531128
96,1,1,0.9481580257415771
97,7,7,0.9992873072624207
98,6,6,0.9998121857643127
99,9,9,0.9999076128005981
100,6,6,0.9999790191650391
101,0,0,0.9999819993972778
102,5,5,0.9999719858169556
103,4,4,0.9999741315841675
104,9,9,0.9987974166870117
105,9,9,0.9999898672103882
106,2,2,0.9999834299087524
107,1,1,0.999386191368103
108,9,9,0.9999489784240723
109,4,4,0.9999973773956299
110,8,8,0.999779999256134
111,7,7,0.9917707443237305
112,3,3,0.9999927282333374
113,9,9,0.9999567270278931
114,7,7,0.9987537860870361
115,4,4,0.5936248898506165
116,4,4,0.9995725750923157
117,4,4,0.99992835521698
118,9,9,0.9995922446250916
119,2,2,0.9638144373893738
120,5,5,0.9996243715286255
121,4,4,0.9960488677024841
122,7,7,0.9998397827148438
123,6,6,0.999995231628418
124,7,7,0.9943715333938599
125,9,9,0.9976369142532349
126,0,0,0.9994590878486633
127,5,5,0.9999903440475464
128,8,8,0.999990701675415
129,5,5,0.9999884366989136
130,6,6,0.9999767541885376
131,6,6,0.9999330043792725
132,5,5,0.9997074007987976
133,7,7,0.9999371767044067
134,8,8,0.9999966621398926
135,1,1,0.9999768733978271
136,0,0,0.9998764991760254
137,1,1,0.9998273253440857
138,6,6,0.9999974966049194
139,4,4,0.9966750144958496
140,6,6,0.9999765157699585
141,7,7,0.9999657869338989
142,3,3,0.9999698400497437
143,1,1,0.9999669790267944
144,7,7,0.9996538162231445
145,1,1,0.9995124340057373
146,8,8,0.9999921321868896
147,2,2,0.9999780654907227
148,0,0,0.9999867677688599
149,2,2,0.5778457522392273
150,9,9,0.9999781847000122
151,9,9,0.9264489412307739
152,5,5,0.9999955892562866
153,5,5,0.9991779923439026
154,1,1,0.9997979998588562
155,5,5,0.9999679327011108
156,6,6,0.9999969005584717
157,0,0,0.9999450445175171
158,3,3,0.9965997338294983
159,4,4,0.996997594833374
160,4,4,0.9974296689033508
161,6,6,0.9999819993972778
162,5,5,0.9999996423721313
163,4,4,0.9998935461044312
164,6,6,0.9999480247497559
165,5,5,0.9999755620956421
166,4,4,0.9999921321868896
167,5,5,0.9029538035392761
168,1,1,0.9999382495880127
169,4,4,0.9999911785125732
170,4,4,0.9999263286590576
171,7,7,0.9917560815811157
172,2,2,0.9999094009399414
173,3,3,0.9999682903289795
174,2,2,0.9999891519546509
175,7,7,0.908204197883606
176,1,1,0.9999493360519409
177,8,8,0.9981119632720947
178,1,1,0.9999383687973022
179,8,8,0.9995018243789673
180,1,1,0.9998937845230103
181,8,8,0.9995775818824768
182,5,5,0.9993910789489746
183,0,0,0.999988317489624
184,8,8,0.5771169662475586
185,9,9,0.9933786392211914
186,2,2,0.9998276233673096
187,5,5,0.9997789263725281
188,0,0,0.9997318387031555
189,1,1,0.9989879727363586
190,1,1,0.9984285235404968
191,1,1,0.998683512210846
192,0,0,0.9999260902404785
193,9,8,0.5056812167167664
194,0,0,0.9999114274978638
195,3,3,0.9961997866630554
196,1,1,0.9999473094940186
197,6,6,0.9998354911804199
198,4,4,0.9998161196708679
199,2,2,0.8977794647216797
200,3,3,0.9999747276306152
201,6,6,0.9999982118606567
202,1,1,0.9999217987060547
203,1,1,0.999754011631012
204,1,1,0.9998078942298889
205,3,3,0.9999995231628418
206,9,9,0.9996306896209717
207,5,5,0.9981136322021484
208,2,2,0.999995231628418
209,9,9,0.9963339567184448
210,4,4,0.9999287128448486
211,5,3,0.5736558437347412
212,9,9,0.9998859167098999
213,3,3,0.9999936819076538
214,9,9,0.9979264736175537
215,0,0,0.9998125433921814
216,3,3,0.9999998807907104
217,6,6,0.995101273059845
218,5,5,0.9999608993530273
219,5,5,0.9999758005142212
220,7,7,0.9966573715209961
221,2,2,0.9505557417869568
222,2,2,0.9995803236961365
223,7,7,0.9995362758636475
224,1,1,0.9994643330574036
225,2,2,0.9999803304672241
226,8,8,0.9998983144760132
227,4,4,0.9961446523666382
228,1,1,0.9999362230300903
229,7,7,0.9978371262550354
230,3,3,0.9999254941940308
231,3,3,0.9999682903289795
232,8,8,0.9952186942100525
233,8,8,0.9997701048851013
234,7,7,0.9958037734031677
235,9,9,0.9997460246086121
236,2,2,0.9999924898147583
237,2,2,0.999998927116394
238,4,4,0.9999915361404419
239,1,1,0.9999594688415527
240,5,5,0.9992004036903381
241,9,9,0.8842491507530212
242,8,8,0.9990770816802979
243,7,7,0.9897520542144775
244,2,2,0.9949330687522888
245,3,3,0.9998683929443359
246,0,0,0.9998996257781982
247,4,6,0.8843469023704529
248,4,4,0.999777615070343
249,2,2,0.9980769157409668
250,4,4,0.9997716546058655
251,1,1,0.998396098613739
252,9,9,0.99997878074646
253,5,5,0.9998958110809326
254,7,7,0.9994298815727234
255,7,7,0.996541440486908
256,2,2,0.9992917776107788
257,8,8,0.9731730818748474
258,2,2,0.9999836683273315
259,6,6,0.6083513498306274
260,8,8,0.9999995231628418
261,5,5,0.9998171925544739
262,7,7,0.9998974800109863
263,7,7,0.999093770980835
264,9,9,0.48264840245246887
265,1,1,0.9998111128807068
266,8,8,0.8875762224197388
267,1,1,0.9999604225158691
268,8,8,0.999505877494812
269,0,0,0.9994418025016785
270,3,3,0.9999591112136841
271,0,0,0.9998323917388916
272,1,1,0.999962568283081
273,9,9,0.9999529123306274
274,9,9,0.9999250173568726
275,4,4,0.9997243285179138
276,1,1,0.9999953508377075
277,8,8,0.9999494552612305
278,2,2,0.9999599456787109
279,1,1,0.999669075012207
280,2,2,0.999921441078186
281,9,9,0.9998894929885864
282,7,7,0.848548173904419
283,5,5,0.9999935626983643
284,9,9,0.9999035596847534
285,2,2,0.9999990463256836
286,6,6,0.9993399977684021
287,4,4,0.9984574317932129
288,1,1,0.999796450138092
289,5,5,0.9942222237586975
290,8,8,0.8488052487373352
291,2,2,0.9985432624816895
292,9,9,0.9968935251235962
293,2,2,0.9999477863311768
294,0,0,0.9999711513519287
295,4,4,0.9999860525131226
296,0,0,0.9999841451644897
297,0,0,0.9995743632316589
298,2,2,0.9999734163284302
299,8,8,0.9999788999557495
300,4,4,0.9976432919502258
301,7,7,0.9980966448783875
302,1,1,0.9998424053192139
303,2,2,0.9991787075996399
304,4,4,0.9999891519546509
305,0,0,0.9999364614486694
306,2,2,0.9999793767929077
307,7,7,0.9956371188163757
308,4,4,0.9998477697372437
309,3,3,0.9999974966049194
310,3,3,0.9999991655349731
311,0,0,0.9995599389076233
312,0,0,0.999933123588562
313,3,3,0.9999411106109619
314,1,1,0.9995943903923035
315,9,9,0.9999734163284302
316,6,6,0.999902606010437
317,5,5,0.9998645782470703
318,2,2,0.9266611933708191
319,5,5,0.9998218417167664
320,9,9,0.5951611399650574
321,2,7,0.8546673655509949
322,9,9,0.9999277591705322
323,3,3,0.9999979734420776
324,0,0,0.9779642820358276
325,4,4,0.9996374845504761
326,2,2,0.959830105304718
327,0,0,0.9998644590377808
328,7,7,0.9996249675750732
329,1,1,0.9999587535858154
330,1,1,0.9999058246612549
331,2,2,0.9999973773956299
332,1,1,0.9999510049819946
333,5,5,0.9993232488632202
334,3,3,0.9999998807907104
335,3,3,0.9999834299087524
336,9,9,0.9968409538269043
337,7,7,0.9737933278083801
338,8,8,0.9996933937072754
339,6,6,0.9997567534446716
340,5,3,0.5122895240783691
341,6,6,0.9978353381156921
342,1,1,0.9999902248382568
343,3,3,0.999971866607666
344,8,8,0.9997345805168152
345,1,1,0.9999467134475708
346,0,0,0.9998617172241211
347,5,5,0.9972564578056335
348,1,1,0.9999481439590454
349,3,3,0.9999041557312012
350,1,1,0.9986642599105835
351,5,5,0.9999785423278809
352,5,5,0.9999428987503052
353,6,6,0.9995750784873962
354,1,1,0.9999327659606934
355,8,8,0.9994187355041504
356,5,5,0.9999982118606567
357,1,1,0.9998379945755005
358,7,7,0.8670793771743774
359,9,9,0.8658718466758728
360,4,4,0.999584972858429
361,6,6,0.9999958276748657
362,2,2,0.9828134775161743
363,2,2,0.9991528987884521
364,5,5,0.999993085861206
365,0,0,0.9997226595878601
366,6,6,0.9964950680732727
367,5,5,0.9999017715454102
368,6,6,0.9997789263725281
369,3,3,0.999995231628418
370,7,7,0.9998549222946167
371,2,2,0.9999798536300659
372,0,0,0.9992014765739441
373,8,8,0.9990395903587341
374,8,8,0.9999774694442749
375,5,5,0.9999988079071045
376,4,4,0.99335116147995
377,1,1,0.9999456405639648
378,1,1,0.9999158382415771
379,4,4,0.9999666213989258
380,0,0,0.9999963045120239
381,3,3,0.9985598921775818
382,3,3,0.999997615814209
383,7,7,0.9997169375419617
384,6,6,0.9999966621398926
385,1,1,0.9999547004699707
386,6,6,0.9995903372764587
387,2,2,0.9999490976333618
388,1,1,0.9998989105224609
389,9,9,0.9979225993156433
390,2,2,0.9994334578514099
391,8,8,0.9919440746307373
392,6,6,0.9999421834945679
393,1,1,0.9999475479125977
394,9,9,0.9995855689048767
395,5,5,0.9999593496322632
396,2,2,0.9999953508377075
397,5,5,0.9980535507202148
398,4,4,0.9999558925628662
399,4,4,0.872626006603241
400,2,2,0.9957619309425354
401,8,8,0.9999055862426758
402,3,3,0.9999855756759644
403,8,8,0.9975038170814514
404,2,2,0.9838771224021912
405,4,4,0.9999459981918335
406,5,5,0.9991381168365479
407,0,0,0.9999935626983643
408,3,3,0.9999438524246216
409,1,1,0.9963775277137756
410,7,7,0.9999825954437256
411,7,7,0.9985694885253906
412,5,5,0.9944325089454651
413,7,7,0.9999721050262451
414,9,9,0.9972825050354004
415,7,7,0.9974499344825745
416,1,1,0.9999557733535767
417,9,9,0.9723531007766724
418,2,2,0.9999603033065796
419,1,1,0.9999282360076904
420,4,4,0.998128354549408
421,2,2,0.9953722357749939
422,9,9,0.9995457530021667
423,2,2,0.9999767541885376
424,0,0,0.9997617602348328
425,4,4,0.999997615814209
426,9,9,0.9999735355377197
427,1,1,0.9999629259109497
428,4,4,0.9999921321868896
429,8,8,0.9999781847000122
430,1,1,0.99997878074646
431,8,8,0.9984325766563416
432,4,4,0.9997864365577698
433,5,5,0.9999215602874756
434,9,9,0.9996917247772217
435,8,8,0.9782909154891968
436,8,8,0.9998892545700073
437,3,3,0.9999725818634033
438,7,7,0.9926164746284485
439,6,6,0.9999080896377563
440,0,0,0.9999949932098389
441,0,0,0.99993896484375
442,3,3,0.9999933242797852
443,0,0,0.9950852990150452
444,2,2,0.982399582862854
445,6,6,0.7294493317604065
446,6,6,0.9997668862342834
447,4,4,0.930149257183075
448,9,9,0.9789025783538818
449,3,3,0.9797108769416809
450,3,3,0.9662259221076965
451,3,3,0.9999637603759766
452,2,2,0.9993842840194702
453,3,3,0.9999995231628418
454,9,9,0.9998691082000732
455,1,1,0.999745786190033
456,2,2,0.9868295788764954
457,6,6,0.9994497895240784
458,8,8,0.9999992847442627
459,0,0,0.9993917942047119
460,5,5,0.9976083040237427
461,6,6,0.9999736547470093
462,6,6,0.9987603425979614
463,6,6,0.9999983310699463
464,3,3,0.9960975050926208
465,8,8,0.9996175765991211
466,8,8,0.9999825954437256
467,2,2,0.9997411370277405
468,7,7,0.995499312877655
469,5,5,0.9594947099685669
470,8,8,0.9999834299087524
471,9,9,0.9997324347496033
472,6,6,0.9999926090240479
473,1,1,0.9998941421508789
474,8,8,0.9982091188430786
475,4,4,0.998481810092926
476,1,1,0.9999595880508423
477,2,2,0.9999940395355225
478,5,5,0.9707772135734558
479,9,9,0.9674490094184875
480,1,1,0.9999468326568604
481,9,9,0.999985933303833
482,7,7,0.9999343156814575
483,5,5,0.9998692274093628
484,4,4,0.9999920129776001
485,0,0,0.9998522996902466
486,8,8,0.999997615814209
487,9,9,0.9976922273635864
488,9,9,0.9994438290596008
489,1,1,0.9998992681503296
490,0,0,0.998335063457489
491,5,5,0.997963547706604
492,2,2,0.9981335997581482
493,3,3,0.9999997615814209
494,7,7,0.9999914169311523
495,8,8,0.7340561747550964
496,9,9,0.9999568462371826
497,4,4,0.9895684123039246
498,0,0,0.9982435703277588
499,6,6,0.996830403804779
500,3,3,0.9999983310699463
501,9,9,0.9999715089797974
502,5,5,0.9978612065315247
503,2,2,0.9999997615814209
504,1,1,0.9999053478240967
505,3,3,0.9999862909317017
506,1,1,0.9999496936798096
507,3,3,0.9994024038314819
508,6,6,0.9966918230056763
509,5,5,0.9970582723617554
510,7,7,0.9953325390815735
511,4,4,0.9144737720489502
512,2,2,0.9999966621398926
513,2,2,0.9999834299087524
514,6,6,0.9999966621398926
515,3,3,0.9999874830245972
516,2,2,0.9999406337738037
517,6,6,0.999908447265625
518,5,5,0.9999709129333496
519,4,4,0.998847246170044
520,8,8,0.998261034488678
521,9,9,0.9976577758789062
522,7,7,0.9999576807022095
523,1,1,0.9980283379554749
524,3,3,0.9997060894966125
525,0,0,0.999804675579071
526,3,3,0.9998714923858643
527,8,8,0.9999556541442871
528,3,3,0.9999628067016602
529,1,1,0.999980092048645
530,9,9,0.9971323013305664
531,3,3,0.9998468160629272
532,4,4,0.9976785778999329
533,4,4,0.9999898672103882
534,6,6,0.9997547268867493
535,4,4,0.9999933242797852
536,2,2,0.9998974800109863
537,1,1,0.9999585151672363
538,8,8,0.9997547268867493
539,2,2,0.999193012714386
540,5,5,0.9999220371246338
541,4,4,0.9998859167098999
542,8,8,0.773518443107605
543,8,8,0.7170023322105408
544,4,4,0.9987319111824036
545,0,0,0.9996204376220703
546,0,0,0.9999750852584839
547,2,2,0.9953688979148865
548,3,3,0.9999940395355225
549,2,2,0.9999984502792358
550,7,7,0.9950029253959656
551,7,2,0.6229397058486938
552,0,0,0.9880205988883972
553,8,8,0.9979068040847778
554,7,7,0.9957035183906555
555,4,4,0.9999808073043823
556,4,4,0.9996182918548584
557,7,7,0.9416670203208923
558,9,9,0.9999260902404785
559,6,6,0.9999654293060303
560,9,9,0.999985933303833
561,0,0,0.9988009929656982
562,9,9,0.9999111890792847
563,8,8,0.9997996687889099
564,0,0,0.999968409538269
565,4,4,0.9968403577804565
566,6,6,0.9988118410110474
567,0,0,0.9997640252113342
568,6,6,0.9999116659164429
569,3,3,0.9999736547470093
570,5,5,0.9998786449432373
571,4,4,0.87007075548172
572,8,8,0.9970073103904724
573,3,3,0.9999963045120239
574,3,3,0.9999963045120239
575,9,9,0.9999357461929321
576,3,3,0.9999974966049194
577,3,3,0.9999998807907104
578,3,3,0.9998403787612915
579,7,7,0.9997920393943787
580,8,8,0.9998507499694824
581,0,0,0.9935005307197571
582,8,2,0.9469478726387024
583,2,2,0.8140300512313843
584,1,1,0.999962568283081
585,7,7,0.9998350143432617
586,0,0,0.9998842477798462
587,6,6,0.9999631643295288
588,5,5,0.9997230172157288
589,4,4,0.9999532699584961
590,3,3,0.9999998807907104
591,8,8,0.8628108501434326
592,0,0,0.9999904632568359
593,9,9,0.9870283603668213
594,6,6,0.9998581409454346
595,3,3,0.9999979734420776
596,8,8,0.9999511241912842
597,0,0,0.9261841177940369
598,9,9,0.9999591112136841
599,9,9,0.9999537467956543
600,6,6,0.9999935626983643
601,8,8,0.9845981597900391
602,6,6,0.9999982118606567
603,8,8,0.9984288811683655
604,5,5,0.999996542930603
605,7,7,0.9850085973739624
606,8,8,0.9999473094940186
607,6,6,0.9999966621398926
608,0,0,0.9998793601989746
609,2,2,0.9999642372131348
610,4,4,0.9978469610214233
611,0,0,0.9998345375061035
612,2,2,0.9999978542327881
613,2,2,0.9835145473480225
614,3,3,0.9999936819076538
615,1,1,0.9994025230407715
616,9,9,0.9996851682662964
617,7,7,0.9950194358825684
618,5,5,0.999680757522583
619,1,1,0.930901050567627
620,0,0,0.9999394416809082
621,8,8,0.9991037249565125
622,4,4,0.9999752044677734
623,6,6,0.9999877214431763
624,2,2,0.9950957298278809
625,6,6,0.9979127049446106
626,7,7,0.9999878406524658
627,9,9,0.9996107220649719
628,3,3,0.9999334812164307
629,2,2,0.9935089945793152
630,9,9,0.9996253252029419
631,8,8,0.9999666213989258
632,2,2,0.9995507597923279
633,2,2,0.9999986886978149
634,9,9,0.9999690055847168
635,2,2,0.9986373782157898
636,7,7,0.9999916553497314
637,3,3,0.9999611377716064
638,5,5,0.9999319314956665
639,9,9,0.9997368454933167
640,1,1,0.9993239641189575
641,8,8,0.9962496161460876
642,0,0,0.9920327663421631
643,2,2,0.9999747276306152
644,0,0,0.9999451637268066
645,5,5,0.9832971096038818
646,2,2,0.9773131608963013
647,1,1,0.9999697208404541
648,3,3,0.9999970197677612
649,7,7,0.9884265661239624
650,6,6,0.9999247789382935
651,7,7,0.9999850988388062
652,1,1,0.999964714050293
653,2,2,0.9999493360519409
654,5,5,0.9994440674781799
655,8,8,0.9999558925628662
656,0,0,0.999995231628418
657,3,3,0.999998927116394
658,7,7,0.6758248209953308
659,2,1,0.35841304063796997
660,4,4,0.9999748468399048
661,0,0,0.9957326054573059
662,9,9,0.9999949932098389
663,1,1,0.9999680519104004
664,8,8,0.9999735355377197
665,6,6,0.9999991655349731
666,7,7,0.9989521503448486
667,7,7,0.9806092381477356
668,4,4,0.9999971389770508
669,3,3,0.9999977350234985
670,4,4,0.999873161315918
671,9,9,0.9985509514808655
672,1,1,0.9999778270721436
673,9,9,0.9998258948326111
674,5,5,0.7593244314193726
675,1,1,0.9999521970748901
676,7,7,0.9924063086509705
677,3,3,0.9999510049819946
678,9,9,0.9997054934501648
679,7,7,0.9973905682563782
680,6,6,0.9999819993972778
681,9,9,0.9998879432678223
682,1,1,0.999900221824646
683,3,3,0.9998518228530884
684,7,3,0.7264450788497925
685,8,8,0.9939782619476318
686,3,3,0.9999997615814209
687,3,3,0.9999984502792358
688,6,6,0.9997541308403015
689,7,4,0.5330919027328491
690,2,2,0.9999872446060181
691,8,8,0.9968681931495667
692,5,5,0.9998434782028198
693,8,8,0.9963951706886292
694,5,5,0.9999581575393677
695,1,1,0.9999164342880249
696,1,1,0.9987043142318726
697,4,4,0.9999032020568848
698,4,4,0.9957064986228943
699,3,3,0.9999642372131348
700,1,1,0.9991945624351501
701,0,0,0.9999516010284424
702,7,7,0.9992369413375854
703,7,7,0.9881531596183777
704,0,0,0.9999054670333862
705,7,7,0.9997581839561462
706,9,9,0.9998948574066162
707,4,4,0.9698989987373352
708,4,4,0.9999057054519653
709,8,8,0.9999861717224121
710,5,5,0.9999988079071045
711,5,5,0.9999983310699463
712,4,4,0.9927293658256531
713,0,0,0.9998705387115479
714,8,8,0.9999575614929199
715,2,2,0.9995808005332947
716,1,1,0.9266217947006226
717,0,6,0.8989300727844238
718,8,8,0.9991917014122009
719,4,4,0.9999300241470337
720,5,5,0.6987393498420715
721,0,0,0.9996566772460938
722,4,4,0.999951958656311
723,0,0,0.9958874583244324
724,6,6,0.9997749924659729
725,1,1,0.9999247789382935
726,7,7,0.9328196048736572
727,3,3,0.999993085861206
728,2,2,0.9994637370109558
729,6,6,0.9999525547027588
730,7,7,0.9994218349456787
731,2,2,0.9999915361404419
732,6,6,0.999983549118042
733,9,9,0.9998528957366943
734,3,3,0.9999966621398926
735,1,1,0.9999634027481079
736,4,4,0.9991409778594971
737,6,6,0.9998809099197388
738,2,2,0.9997257590293884
739,5,5,0.9987125396728516
740,4,4,0.5922056436538696
741,2,2,0.9992637038230896
742,0,0,0.9999725818634033
743,6,6,0.9999474287033081
744,2,2,0.9999619722366333
745,1,1,0.9999401569366455
746,7,7,0.9963194131851196
747,3,3,0.9999996423721313
748,4,4,0.9951064586639404
749,1,1,0.9999148845672607
750,0,0,0.9999924898147583
751,5,5,0.9999479055404663
752,4,4,0.9999799728393555
753,3,3,0.9999945163726807
754,1,1,0.9999544620513916
755,1,1,0.9999319314956665
756,7,7,0.9998366832733154
757,4,4,0.9999567270278931
758,9,9,0.9999912977218628
759,9,9,0.9998973608016968
760,4,4,0.7649073600769043
761,8,8,0.9928780198097229
762,4,4,0.9993639588356018
763,0,0,0.9994058609008789
764,2,2,0.9999139308929443
765,4,4,0.9999780654907227
766,5,5,0.9996824264526367
767,1,1,0.9992592930793762
768,1,1,0.9999793767929077
769,6,6,0.9998699426651001
770,4,4,0.9997866749763489
771,7,7,0.9899566769599915
772,1,1,0.9998477697372437
773,9,9,0.9999912977218628
774,4,4,0.9974226951599121
775,2,2,0.9998879432678223
776,4,4,0.9999507665634155
777,1,1,0.9991888403892517
778,5,5,0.9998358488082886
779,5,5,0.9999908208847046
780,3,3,0.9999274015426636
781,8,8,0.9439777135848999
782,3,3,0.9999934434890747
783,1,1,0.9999816417694092
784,4,4,0.9998317956924438
785,5,5,0.8875019550323486
786,6,6,0.9810464978218079
787,8,8,0.9999430179595947
788,9,9,0.9999713897705078
789,4,4,0.9898853302001953
790,1,1,0.9998843669891357
791,5,5,0.9978234767913818
792,3,3,1.0
793,8,8,0.9999923706054688
794,0,0,0.9999594688415527
795,3,3,0.9994646906852722
796,2,2,0.9998935461044312
797,5,5,0.9976135492324829
798,1,1,0.9995829463005066
799,2,2,0.9999986886978149
800,8,8,0.9770623445510864
801,3,3,0.9999610185623169
802,4,4,0.9998087286949158
803,4,4,0.99997878074646
804,0,0,0.9983617663383484
805,8,8,0.9999879598617554
806,8,8,0.9999722242355347
807,3,3,0.9999980926513672
808,3,3,0.9999954700469971
809,1,1,0.9999576807022095
810,7,7,0.9973737001419067
811,3,3,0.9999979734420776
812,5,5,0.9999961853027344
813,9,9,0.8547323346138
814,6,6,0.9999476671218872
815,3,3,0.9999864101409912
816,2,2,0.9919818043708801
817,6,6,0.9995599389076233
818,1,1,0.9997037053108215
819,3,3,0.9999991655349731
820,6,6,0.9998773336410522
821,0,0,0.999915361404419
822,7,7,0.9999933242797852
823,2,2,0.9941593408584595
824,1,1,0.9999709129333496
825,7,7,0.9996240139007568
826,1,1,0.9999891519546509
827,4,4,0.9999696016311646
828,2,2,0.9999819993972778
829,4,4,0.8308910727500916
830,2,2,0.9980623126029968
831,1,1,0.9999598264694214
832,7,7,0.9992105960845947
833,9,9,0.9990835189819336
834,6,6,0.9978082776069641
835,1,1,0.9998937845230103
836,1,1,0.9998382329940796
837,2,2,0.9992008805274963
838,4,4,0.9999932050704956
839,8,3,0.5886939764022827
840,1,1,0.9996863603591919
841,7,7,0.9996241331100464
842,7,7,0.9986705780029297
843,4,4,0.9999817609786987
844,8,8,0.9233189821243286
845,0,0,0.9998723268508911
846,7,9,0.9232550859451294
847,3,3,0.9999970197677612
848,1,1,0.9999680519104004
849,3,3,0.9999998807907104
850,1,1,0.9998757839202881
851,0,0,0.9999804496765137
852,7,7,0.9996933937072754
853,7,7,0.9972888231277466
854,0,0,0.9997919201850891
855,3,3,0.9999996423721313
856,5,5,0.9998283386230469
857,5,5,0.9988332390785217
858,2,2,0.9999767541885376
859,7,7,0.9986134767532349
860,6,6,0.9999983310699463
861,6,6,0.9999977350234985
862,9,9,0.9998400211334229
863,2,2,0.9997567534446716
864,8,8,0.9999994039535522
865,3,3,0.9999933242797852
866,5,5,0.9995213747024536
867,2,2,0.999829888343811
868,2,2,0.9999512434005737
869,5,5,0.9999971389770508
870,6,6,0.9921093583106995
871,0,0,0.9999809265136719
872,8,8,0.9973832964897156
873,2,2,0.9999071359634399
874,9,9,0.9994602799415588
875,2,2,0.9996914863586426
876,8,8,0.9990127086639404
877,8,8,0.9975816011428833
878,8,8,0.9992035031318665
879,8,8,0.9999110698699951
880,7,7,0.9998862743377686
881,4,4,0.9386271238327026
882,9,7,0.9778760671615601
883,3,3,0.9632077217102051
884,0,0,0.9999256134033203
885,6,6,0.9997547268867493
886,6,6,0.9999872446060181
887,3,3,0.9999992847442627
888,2,2,0.9999072551727295
889,1,1,0.9999274015426636
890,3,3,0.9999332427978516
891,2,2,0.9999940395355225
892,2,2,0.9999942779541016
893,9,9,0.9999513626098633
894,3,3,0.9996024966239929
895,0,0,0.9810854196548462
896,0,0,0.9963480830192566
897,5,5,0.9999985694885254
898,7,7,0.9819473028182983
899,8,8,0.9999551773071289
900,1,1,0.9944615960121155
901,4,4,0.9999686479568481
902,4,4,0.9784914255142212
903,6,6,0.9994663596153259
904,0,0,0.995061457157135
905,2,2,0.9999281167984009
906,9,9,0.9999291896820068
907,1,1,0.9996514320373535
908,4,4,0.9998058676719666
909,7,7,0.9991616010665894
910,4,4,0.9999936819076538
911,7,7,0.9999414682388306
912,3,3,0.9999997615814209
913,9,9,0.9999505281448364
914,8,8,0.9999916553497314
915,8,8,0.998137354850769
916,4,4,0.9821906089782715
917,7,7,0.9986628293991089
918,1,1,0.999872088432312
919,2,2,0.9998098015785217
920,1,1,0.9998941421508789
921,2,2,0.9999858140945435
922,2,2,0.9990200996398926
923,3,3,0.9999991655349731
924,2,7,0.5014198422431946
925,3,3,0.9999995231628418
926,2,2,0.9943416118621826
927,3,3,0.9999998807907104
928,9,9,0.9999618530273438
929,1,1,0.9998610019683838
930,7,7,0.9972662925720215
931,4,4,0.9988511800765991
932,0,0,0.9991945624351501
933,3,3,0.9999996423721313
934,5,5,0.9999830722808838
935,5,5,0.9999690055847168
936,8,8,0.9473162889480591
937,6,6,0.9999984502792358
938,3,3,0.9876552224159241
939,2,2,0.941470742225647
940,6,6,0.9966247081756592
941,7,7,0.9998753070831299
942,6,6,0.999977707862854
943,6,6,0.9996498823165894
944,3,3,0.999969482421875
945,2,2,0.9996947050094604
946,7,7,0.9985914826393127
947,8,9,0.8489308953285217
948,1,1,0.99996018409729
949,1,1,0.9999281167984009
950,7,7,0.8773391246795654
951,5,5,0.5446754097938538
952,6,6,0.999955415725708
953,4,4,0.9999133348464966
954,9,9,0.9998251795768738
955,5,5,0.9959747195243835
956,1,1,0.43530288338661194
957,3,3,0.9996803998947144
958,3,3,0.9994413256645203
959,4,4,0.9972195625305176
960,7,7,0.9970899820327759
961,8,8,0.9999178647994995
962,9,9,0.9965645670890808
963,1,1,0.9997585415840149
964,1,1,0.9989263415336609
965,6,0,0.7202486991882324
966,9,9,0.9993019104003906
967,1,1,0.9999895095825195
968,4,4,0.9998583793640137
969,4,4,0.9950923919677734
970,5,5,0.9983572363853455
971,4,4,0.9997982382774353
972,0,0,0.9999972581863403
973,6,6,0.9999994039535522
974,2,2,0.9999943971633911
975,2,2,0.9996139407157898
976,3,3,0.9993695616722107
977,1,1,0.9975541234016418
978,5,5,0.9999399185180664
979,1,1,0.9992688298225403
980,2,2,0.9999988079071045
981,0,0,0.9998667240142822
982,3,3,0.9998036026954651
983,8,8,0.9999743700027466
984,1,1,0.9997485280036926
985,2,2,0.999976396560669
986,6,6,0.9999594688415527
987,7,7,0.9997672438621521
988,1,1,0.9991975426673889
989,6,6,0.9999552965164185
990,2,2,0.9995766282081604
991,3,3,0.9999960660934448
992,9,9,0.9996022582054138
993,0,0,0.9998599290847778
994,1,1,0.99941086769104
995,2,2,0.9954938888549805
996,2,2,0.9999996423721313
997,0,0,0.9999955892562866
998,8,8,0.999263346195221
999,9,9,0.9859163165092468
1000,9,9,0.9975358247756958
1001,0,0,0.9999639987945557
1002,2,2,0.9778831005096436
1003,5,5,0.9986929297447205
1004,1,1,0.999440610408783
1005,9,9,0.9999322891235352
1006,7,7,0.9999094009399414
1007,8,8,0.9965320825576782
1008,1,1,0.9999184608459473
1009,0,0,0.9998695850372314
1010,4,4,0.9996306896209717
1011,1,1,0.9998900890350342
1012,7,7,0.9230762720108032
1013,9,9,0.9990052580833435
1014,6,5,0.8531668782234192
1015,4,4,0.9999179840087891
1016,2,2,0.9999451637268066
1017,6,6,0.9973847270011902
1018,8,8,0.9999548196792603
1019,1,1,0.9999531507492065
1020,3,3,0.9999943971633911
1021,7,7,0.9957821369171143
1022,5,5,0.9800816178321838
1023,4,4,0.999997615814209
1024,4,4,0.9999706745147705
1025,1,1,0.9999810457229614
1026,8,8,0.9397901296615601
1027,1,1,0.9998743534088135
1028,3,3,0.999941349029541
1029,8,8,0.9999523162841797
1030,1,1,0.9999011754989624
1031,2,2,0.9997637867927551
1032,5,5,0.762302815914154
1033,8,8,0.7002242803573608
1034,0,0,0.9998759031295776
1035,6,6,0.9999971389770508
1036,2,2,0.9999502897262573
1037,1,1,0.9999229907989502
1038,1,1,0.9998921155929565
1039,7,1,0.44752055406570435
1040,1,1,0.9999587535858154
1041,5,5,0.9999983310699463
1042,3,3,0.9999991655349731
1043,4,4,0.9996015429496765
1044,6,6,0.5992770195007324
1045,9,9,0.986850380897522
1046,5,5,0.9998244643211365
1047,0,0,0.999239444732666
1048,9,9,0.9999843835830688
1049,2,2,0.9999891519546509
1050,2,2,0.7520031332969666
1051,4,4,0.9977076053619385
1052,8,8,0.9993942975997925
1053,2,2,0.9998162388801575
1054,1,1,0.9999014139175415
1055,7,7,0.9992696642875671
1056,2,2,0.9998157620429993
1057,4,4,0.9999921321868896
1058,9,9,0.9999850988388062
1059,4,4,0.9998897314071655
1060,4,4,0.9952883720397949
1061,0,0,0.9966669678688049
1062,3,3,0.9983633160591125
1063,9,9,0.9999586343765259
1064,2,2,0.9999486207962036
1065,2,2,0.9997180104255676
1066,3,3,0.9999493360519409
1067,3,3,0.9999333620071411
1068,8,8,0.9950487017631531
1069,3,3,0.9996979236602783
1070,5,5,0.9999985694885254
1071,7,7,0.9997332692146301
1072,3,3,0.999526858329773
1073,5,5,0.9999170303344727
1074,8,8,0.9999758005142212
1075,1,1,0.9999350309371948
1076,2,2,0.9994170665740967
1077,4,4,0.9994192123413086
1078,4,4,0.9998958110809326
1079,6,6,0.9999134540557861
1080,4,4,0.9998747110366821
1081,9,9,0.9987301230430603
1082,5,5,0.9968836903572083
1083,1,1,0.9999452829360962
1084,0,0,0.9999728202819824
1085,6,6,0.999809205532074
1086,9,9,0.9998082518577576
1087,5,5,0.999748170375824
1088,9,9,0.9999667406082153
1089,5,5,0.9959632158279419
1090,9,9,0.9963717460632324
1091,7,7,0.9996337890625
1092,3,3,0.9999712705612183
1093,8,8,0.9999274015426636
1094,0,0,0.9999239444732666
1095,3,3,0.999985933303833
1096,7,7,0.9990177154541016
1097,1,1,0.9999696016311646
1098,3,3,0.9999146461486816
1099,6,6,0.9999370574951172
1100,7,7,0.9998830556869507
1101,8,8,0.9937160611152649
1102,5,5,0.9999992847442627
1103,9,9,0.999128520488739
1104,7,7,0.9999641180038452
1105,9,9,0.9999046325683594
1106,6,6,0.9999997615814209
1107,9,9,0.9218440055847168
1108,6,6,0.9999008178710938
1109,3,3,0.9999949932098389
1110,7,7,0.9997979998588562
1111,4,4,0.9999171495437622
1112,4,6,0.9051637649536133
1113,5,5,0.9999817609786987
1114,3,3,0.9246156811714172
1115,5,5,0.9997590184211731
1116,4,4,0.9999464750289917
1117,7,7,0.999637246131897
1118,8,8,0.9988510608673096
1119,7,7,0.9970120191574097
1120,8,8,0.9999709129333496
1121,0,0,0.9864805936813354
1122,7,7,0.9996784925460815
1123,6,6,0.9999934434890747
1124,8,8,0.9897329211235046
1125,8,8,0.9998007416725159
1126,7,7,0.9999231100082397
1127,3,3,0.999985933303833
1128,3,3,0.9961605072021484
1129,1,1,0.9999033212661743
1130,9,9,0.9977160692214966
1131,5,5,0.9997046589851379
1132,2,2,0.9999943971633911
1133,7,7,0.999151349067688
1134,3,3,0.9999996423721313
1135,5,5,0.9999275207519531
1136,1,1,0.9999594688415527
1137,1,1,0.9998441934585571
1138,2,2,0.9767358303070068
1139,1,1,0.9998268485069275
1140,4,4,0.9999885559082031
1141,7,7,0.9997416138648987
1142,4,4,0.999795138835907
1143,7,7,0.6953561305999756
1144,5,5,0.9999445676803589
1145,4,4,0.9995428323745728
1146,5,5,0.9995468258857727
1147,4,4,0.9946315288543701
1148,0,0,0.9999802112579346
1149,8,8,0.9994899034500122
1150,3,3,0.9999473094940186
1151,6,6,0.999384880065918
1152,9,9,0.9997586607933044
1153,6,6,0.9950543642044067
1154,0,0,0.9991173148155212
1155,2,2,0.9999432563781738
1156,7,7,0.9942061901092529
1157,4,4,0.9996947050094604
1158,4,4,0.9999920129776001
1159,4,4,0.9992377758026123
1160,4,4,0.9994773268699646
1161,6,6,0.999885082244873
1162,6,6,0.9999967813491821
1163,4,4,0.9999736547470093
1164,7,7,0.9996604919433594
1165,9,9,0.9999600648880005
1166,3,3,0.996665894985199
1167,4,4,0.9969549179077148
1168,5,5,0.9999940395355225
1169,5,5,0.9989068508148193
1170,8,8,0.9999994039535522
1171,7,7,0.9999738931655884
1172,3,3,0.9999985694885254
1173,7,7,0.9474148154258728
1174,2,2,0.999972939491272
1175,7,7,0.9997913241386414
1176,0,0,0.9999731779098511
1177,2,2,0.9998924732208252
1178,4,4,0.9876883625984192
1179,1,1,0.999923825263977
1180,1,1,0.9999579191207886
1181,6,6,0.973638117313385
1182,6,6,0.48844680190086365
1183,9,9,0.9999866485595703
1184,2,2,0.9994403719902039
1185,8,8,0.9999973773956299
1186,7,7,0.9999349117279053
1187,2,2,0.9977434873580933
1188,0,0,0.9999595880508423
1189,1,1,0.999970555305481
1190,5,5,0.9999922513961792
1191,0,0,0.795013964176178
1192,9,9,0.8935503959655762
1193,1,1,0.9999852180480957
1194,7,7,0.9950514435768127
1195,0,0,0.9999898672103882
1196,6,6,0.9999154806137085
1197,0,0,0.9998764991760254
1198,8,8,0.9991255402565002
1199,6,6,0.9998762607574463
1200,8,8,0.9977966547012329
1201,1,1,0.9999295473098755
1202,8,8,0.9829094409942627
1203,0,0,0.9999712705612183
1204,3,3,0.9997398257255554
1205,3,3,0.9999997615814209
1206,7,7,0.9373326301574707
1207,2,2,0.9999988079071045
1208,3,3,0.9999911785125732
1209,6,6,0.997739315032959
1210,2,2,0.9999908208847046
1211,1,1,0.9999573230743408
1212,6,6,0.9969274401664734
1213,1,1,0.9999638795852661
1214,1,1,0.9998095631599426
1215,3,3,0.9999951124191284
1216,7,7,0.9972028732299805
1217,9,9,0.9989853501319885
1218,0,0,0.9999738931655884
1219,8,8,0.9984637498855591
1220,0,0,0.9997757077217102
1221,5,5,0.998189389705658
1222,4,4,0.9999927282333374
1223,0,0,0.9998308420181274
1224,2,2,0.9939942955970764
1225,8,8,0.9999755620956421
1226,7,2,0.9635403156280518
1227,2,2,0.9997287392616272
1228,9,9,0.9995419979095459
1229,8,8,0.9997981190681458
1230,4,4,0.9993952512741089
1231,0,0,0.9998587369918823
1232,9,4,0.5967413783073425
1233,5,5,0.9995564818382263
1234,8,8,0.9998568296432495
1235,5,5,0.998583197593689
1236,1,1,0.9999498128890991
1237,2,2,0.9999432563781738
1238,1,1,0.9999661445617676
1239,3,3,0.9999260902404785
1240,1,1,0.9990494847297668
1241,7,7,0.9993788003921509
1242,4,9,0.5237202048301697
1243,5,5,0.9992475509643555
1244,7,7,0.9984577894210815
1245,2,2,0.9999940395355225
1246,0,0,0.9999581575393677
1247,9,5,0.4569256603717804
1248,8,8,0.9840622544288635
1249,8,8,0.9999978542327881
1250,6,6,0.9990512728691101
1251,2,2,0.9997022747993469
1252,5,5,0.9984387755393982
1253,4,4,0.9999790191650391
1254,1,1,0.9999779462814331
1255,9,9,0.9997256398200989
1256,2,2,0.7514691948890686
1257,1,1,0.9999347925186157
1258,5,5,0.9996320009231567
1259,8,8,0.9974862337112427
1260,7,1,0.8589751720428467
1261,0,0,0.9999831914901733
1262,2,2,0.9997870326042175
1263,4,4,0.9963170289993286
1264,4,4,0.9984909296035767
1265,3,3,0.9999858140945435
1266,6,6,0.9998800754547119
1267,8,8,0.999817430973053
1268,8,8,0.9999936819076538
1269,2,2,0.9997465014457703
1270,4,4,0.9914929270744324
1271,0,0,0.9998661279678345
1272,5,5,0.9951460957527161
1273,0,0,0.9925159811973572
1274,4,4,0.8451496362686157
1275,4,4,0.9999113082885742
1276,7,7,0.9999455213546753
1277,9,9,0.9999874830245972
1278,3,3,1.0
1279,4,4,0.9886950850486755
1280,1,1,0.9999338388442993
1281,5,5,0.9946681261062622
1282,9,9,0.9918097853660583
1283,7,7,0.9958789348602295
1284,3,3,0.9999995231628418
1285,5,5,0.9999134540557861
1286,8,8,0.9999277591705322
1287,8,8,0.9975053668022156
1288,0,0,0.9996852874755859
1289,5,5,0.924498975276947
1290,3,3,0.984036386013031
1291,3,3,0.9999970197677612
1292,6,6,0.9912658333778381
1293,6,6,0.999971866607666
1294,0,0,0.9999915361404419
1295,1,1,0.9999610185623169
1296,6,6,0.9989227652549744
1297,0,0,0.9991552829742432
1298,3,3,0.999994158744812
1299,5,7,0.9103721976280212
1300,4,4,0.9999250173568726
1301,4,4,0.9974827170372009
1302,1,1,0.9998985528945923
1303,2,2,0.9997076392173767
1304,9,9,0.999962568283081
1305,1,1,0.9999791383743286
1306,4,4,0.9999898672103882
1307,6,6,0.999993085861206
1308,9,9,0.9999275207519531
1309,9,9,0.999970555305481
1310,3,3,0.999923825263977
1311,9,9,0.999461829662323
1312,8,8,0.9920682907104492
1313,4,4,0.9999388456344604
1314,4,4,0.9999642372131348
1315,3,3,0.9998888969421387
1316,1,1,0.9999879598617554
1317,3,3,0.9999990463256836
1318,1,1,0.9998754262924194
1319,8,8,0.5919556617736816
1320,8,8,0.9998724460601807
1321,7,7,0.9993597865104675
1322,9,9,0.9999890327453613
1323,4,4,0.9999966621398926
1324,8,8,0.999853253364563
1325,8,8,0.998161256313324
1326,7,7,0.6534202098846436
1327,9,9,0.9998953342437744
1328,7,7,0.9919249415397644
1329,1,1,0.999987006187439
1330,4,4,0.9987198114395142
1331,5,5,0.9135867953300476
1332,6,6,0.9999994039535522
1333,0,0,0.9999686479568481
1334,5,5,0.9990397095680237
1335,2,2,0.9995681643486023
1336,2,2,0.9999308586120605
1337,2,2,0.9973312616348267
1338,1,1,0.9997449517250061
1339,5,5,0.9788606762886047
1340,5,5,0.9999760389328003
1341,2,2,0.999988317489624
1342,4,4,0.9999912977218628
1343,9,9,0.9997358918190002
1344,6,6,0.9984203577041626
1345,2,2,0.998437225818634
1346,7,7,0.9996792078018188
1347,7,7,0.9902320504188538
1348,2,2,0.9999781847000122
1349,2,2,0.9998565912246704
1350,1,1,0.9999573230743408
1351,1,1,0.9999284744262695
1352,2,2,0.9917712807655334
1353,8,8,0.9999065399169922
1354,3,3,0.9999841451644897
1355,7,7,0.8709427714347839
1356,2,2,0.9945662021636963
1357,4,4,0.999178946018219
1358,1,1,0.999728262424469
1359,7,7,0.9999494552612305
1360,1,1,0.9999212026596069
1361,7,7,0.9999088048934937
1362,6,6,0.999967098236084
1363,7,7,0.999221920967102
1364,8,2,0.4874589443206787
1365,2,2,0.999876856803894
1366,7,7,0.998276948928833
1367,3,3,0.9999998807907104
1368,1,1,0.9999016523361206
1369,7,7,0.9999446868896484
1370,5,5,0.999847412109375
1371,8,8,0.9999943971633911
1372,2,2,0.9996768236160278
1373,6,6,0.9999985694885254
1374,2,2,0.9999269247055054
1375,2,2,0.9994888305664062
1376,5,5,0.9999867677688599
1377,6,6,0.9987105131149292
1378,5,5,0.9891003966331482
1379,0,0,0.9999814033508301
1380,9,9,0.9991965889930725
1381,2,2,0.9999982118606567
1382,4,4,0.9999949932098389
1383,3,3,0.9969127178192139
1384,3,3,0.9999927282333374
1385,9,9,0.979520857334137
1386,7,7,0.9998251795768738
1387,6,6,0.9998922348022461
1388,6,6,0.9999376535415649
1389,8,8,0.9999916553497314
1390,0,0,0.999498724937439
1391,4,4,0.9993559718132019
1392,1,1,0.999840497970581
1393,5,3,0.9919371604919434
1394,8,8,0.9867048263549805
1395,2,2,0.997008740901947
1396,9,9,0.999914288520813
1397,1,1,0.9982618689537048
1398,8,8,0.9977399110794067
1399,0,0,0.99997878074646
1400,6,6,0.9997747540473938
1401,7,7,0.9996737241744995
1402,2,2,0.8078639507293701
1403,1,1,0.9923285841941833
1404,0,0,0.9992033839225769
1405,5,5,0.9999349117279053
1406,5,5,0.9998912811279297
1407,2,2,0.9999979734420776
1408,0,0,0.9992665648460388
1409,2,2,0.9985629916191101
1410,2,2,0.9998816251754761
1411,0,0,0.9954901337623596
1412,2,2,0.9998520612716675
1413,4,4,0.9996030926704407
1414,9,9,0.5755768418312073
1415,8,8,0.9669600129127502
1416,0,0,0.999854564666748
1417,9,9,0.9990899562835693
1418,9,9,0.999974250793457
1419,4,4,0.9997929930686951
1420,6,6,0.9999951124191284
1421,5,5,0.9999837875366211
1422,4,4,0.9999330043792725
1423,9,9,0.9970163106918335
1424,1,1,0.9999816417694092
1425,8,8,0.8676019310951233
1426,3,3,0.9999991655349731
1427,4,4,0.9996922016143799
1428,9,9,0.9995971322059631
1429,9,9,0.7074341773986816
1430,1,1,0.9998688697814941
1431,2,2,0.9993488192558289
1432,2,2,0.9998779296875
1433,8,8,0.9841706156730652
1434,1,1,0.9999171495437622
1435,9,9,0.9950717091560364
1436,6,6,0.9772104620933533
1437,4,4,0.9879187941551208
1438,0,0,0.8897084593772888
1439,9,9,0.9980704188346863
1440,4,4,0.9694477319717407
1441,8,8,0.7664824724197388
1442,3,3,0.9999946355819702
1443,8,8,0.9999016523361206
1444,6,6,0.9905043244361877
1445,0,0,0.9999504089355469
1446,2,2,0.99591463804245
1447,5,5,0.9686236381530762
1448,1,1,0.9999010562896729
1449,9,9,0.9999910593032837
1450,6,6,0.9999954700469971
1451,2,2,0.998939573764801
1452,9,9,0.9999946355819702
1453,4,4,0.8869913220405579
1454,0,0,0.9973899722099304
1455,9,9,0.9998645782470703
1456,6,6,0.9999880790710449
1457,0,0,0.9999973773956299
1458,6,6,0.9998655319213867
1459,2,3,0.6237220168113708
1460,5,5,0.9999275207519531
1461,4,4,0.9999293088912964
1462,2,2,0.9968820810317993
1463,3,3,0.9999508857727051
1464,8,8,0.9498446583747864
1465,4,4,0.9950593709945679
1466,5,5,0.9965474009513855
1467,5,5,0.9998902082443237
1468,0,0,0.9996914863586426
1469,3,3,0.9991003274917603
1470,8,8,0.9952337145805359
1471,5,5,0.9999867677688599
1472,3,3,0.9998493194580078
1473,5,5,0.9999638795852661
1474,8,8,0.9996460676193237
1475,6,6,0.9990020394325256
1476,5,5,0.994225800037384
1477,7,7,0.9977352619171143
1478,6,6,0.9992751479148865
1479,3,3,0.9999992847442627
1480,3,3,0.9999994039535522
1481,9,9,0.9999665021896362
1482,6,6,0.9993354678153992
1483,1,1,0.9997393488883972
1484,1,1,0.9999444484710693
1485,2,2,0.9999877214431763
1486,9,9,0.9996894598007202
1487,0,0,0.9997872710227966
1488,4,4,0.9986513257026672
1489,3,3,0.9999998807907104
1490,3,3,0.9999916553497314
1491,6,6,0.9999972581863403
1492,9,9,0.996345579624176
1493,5,5,0.9999710321426392
1494,7,7,0.9996168613433838
1495,3,3,0.9999638795852661
1496,7,7,0.9967795014381409
1497,7,7,0.9998737573623657
1498,7,7,0.9997857213020325
1499,8,8,0.9999547004699707
1500,7,1,0.5733007192611694
1501,9,9,0.9999003410339355
1502,8,8,0.9986597299575806
1503,3,3,0.9999778270721436
1504,0,0,0.9993578791618347
1505,7,7,0.9970808625221252
1506,2,2,0.9999953508377075
1507,7,7,0.999491810798645
1508,9,9,0.9970441460609436
1509,4,4,0.9961191415786743
1510,5,5,0.999062716960907
1511,4,4,0.9999562501907349
1512,9,9,0.9998987913131714
1513,3,3,0.9999701976776123
1514,2,2,0.9991894364356995
1515,1,1,0.999909520149231
1516,4,4,0.9914050102233887
1517,0,0,0.9999902248382568
1518,2,2,0.9989379048347473
1519,3,3,0.9999992847442627
1520,7,7,0.9949578642845154
1521,5,5,0.9999942779541016
1522,7,7,0.46708977222442627
1523,8,8,0.9632905721664429
1524,8,8,0.9998552799224854
1525,5,5,0.9978622794151306
1526,0,0,0.9997977614402771
1527,1,1,0.8445734977722168
1528,1,1,0.9999819993972778
1529,4,4,0.9999048709869385
1530,8,8,0.8807504177093506
1531,3,3,0.9989056587219238
1532,9,9,0.9999635219573975
1533,0,0,0.9881529211997986
1534,0,0,0.9999454021453857
1535,0,0,0.9998939037322998
1536,6,6,0.9997710585594177
1537,6,6,0.9999598264694214
1538,2,2,0.9993984699249268
1539,3,3,0.9999940395355225
1540,7,7,0.9985499978065491
1541,8,8,0.9996974468231201
1542,4,4,0.9999831914901733
1543,7,7,0.9962453246116638
1544,7,7,0.999994158744812
1545,9,9,0.9994858503341675
1546,2,2,0.9981056451797485
1547,4,4,0.9978553652763367
1548,1,1,0.9997405409812927
1549,4,6,0.49678945541381836
1550,5,5,0.9999878406524658
1551,2,2,0.9851436018943787
1552,4,4,0.9974155426025391
1553,9,9,0.6258676052093506
1554,9,9,0.9242815971374512
1555,1,1,0.999962568283081
1556,8,8,0.999683141708374
1557,4,4,0.9999246597290039
1558,0,0,0.9974780678749084
1559,9,9,0.4514562487602234
1560,8,8,0.9999557733535767
1561,4,4,0.9995750784873962
1562,8,8,0.9965774416923523
1563,7,7,0.9999152421951294
1564,7,7,0.9999010562896729
1565,0,0,0.9990247488021851
1566,7,7,0.9945699572563171
1567,8,8,0.9999936819076538
1568,8,8,0.9997045397758484
1569,6,6,0.9899643063545227
1570,0,0,0.8936907052993774
1571,4,4,0.9996216297149658
1572,8,8,0.999382495880127
1573,8,8,0.9982479810714722
1574,2,2,0.9999953508377075
1575,4,4,0.9998480081558228
1576,7,7,0.9979896545410156
1577,6,6,0.9999926090240479
1578,6,6,0.9999402761459351
1579,6,6,0.9992520213127136
1580,4,4,0.9999556541442871
1581,7,7,0.9969244599342346
1582,1,1,0.9999929666519165
1583,8,8,0.9971972703933716
1584,8,8,0.988160252571106
1585,2,2,0.9999494552612305
1586,3,3,0.9999847412109375
1587,6,6,0.9997889399528503
1588,3,3,0.9999998807907104
1589,0,0,0.9999943971633911
1590,0,0,0.9996693134307861
1591,3,3,0.9999799728393555
1592,7,7,0.9997285008430481
1593,6,6,0.9994725584983826
1594,9,9,0.9999294281005859
1595,7,7,0.9797818660736084
1596,9,9,0.9995720982551575
1597,9,9,0.9993645548820496
1598,5,5,0.9999839067459106
1599,4,4,0.9999376535415649
1600,3,3,0.9977719187736511
1601,3,3,0.9989894032478333
1602,6,6,0.9999321699142456
1603,1,1,0.9997320771217346
1604,2,2,0.9999145269393921
1605,3,3,0.9999964237213135
1606,7,7,0.9999774694442749
1607,3,3,0.9987724423408508
1608,3,3,0.9999982118606567
1609,2,2,0.7929391264915466
1610,0,0,0.9996422529220581
1611,3,3,0.95521080493927
1612,3,3,0.9982530474662781
1613,8,8,0.999701201915741
1614,4,4,0.9982596039772034
1615,3,3,0.9999892711639404
1616,6,6,0.999911904335022
1617,3,3,0.9994575381278992
1618,5,5,0.9998202919960022
1619,0,0,0.9997015595436096
1620,2,2,0.9744983911514282
1621,0,6,0.5992069840431213
1622,9,9,0.9999865293502808
1623,0,0,0.9999725818634033
1624,7,7,0.9998006224632263
1625,4,4,0.9999842643737793
1626,6,6,0.9991663694381714
1627,9,9,0.9995562434196472
1628,3,3,0.9999901056289673
1629,5,5,0.9999990463256836
1630,1,1,0.9999713897705078
1631,9,9,0.9998522996902466
1632,6,6,0.999992847442627
1633,1,1,0.9999821186065674
1634,4,4,0.9900341629981995
1635,5,5,0.99980229139328
1636,4,4,0.9999359846115112
1637,5,5,0.992171049118042
1638,0,0,0.9998292922973633
1639,5,5,0.9999122619628906
1640,9,9,0.9910278916358948
1641,5,5,0.6839860081672668
1642,2,2,0.9993120431900024
1643,1,1,0.9999728202819824
1644,2,2,0.9996277093887329
1645,9,9,0.9999014139175415
1646,1,1,0.9999715089797974
1647,9,9,0.9999631643295288
1648,9,9,0.9987086057662964
1649,4,4,0.9997784495353699
1650,0,0,0.9991781115531921
1651,8,8,0.9999943971633911
1652,4,4,0.9997701048851013
1653,5,5,0.9998472929000854
1654,2,2,0.8664489388465881
1655,9,9,0.9999244213104248
1656,2,2,0.9999929666519165
1657,1,1,0.9999403953552246
1658,2,2,0.999946117401123
1659,1,1,0.9998922348022461
1660,7,7,0.992544949054718
1661,3,3,0.9999723434448242
1662,6,6,0.9999959468841553
1663,8,8,0.999914288520813
1664,8,8,0.9997441172599792
1665,4,4,0.999981164932251
1666,9,9,0.9999850988388062
1667,1,1,0.9976564645767212
1668,9,9,0.9999313354492188
1669,8,8,0.9995542168617249
1670,5,5,0.9994145631790161
1671,7,7,0.981106162071228
1672,5,5,0.9979560375213623
1673,1,1,0.9991951584815979
1674,1,1,0.9999504089355469
1675,8,8,0.9999198913574219
1676,6,6,0.9994451403617859
1677,5,5,0.9999948740005493
1678,2,0,0.48811665177345276
1679,4,4,0.9999791383743286
1680,4,4,0.9998705387115479
1681,3,3,0.9796879887580872
1682,2,2,0.9964256882667542
1683,3,3,0.9999997615814209
1684,5,5,0.9999216794967651
1685,6,6,0.9999897480010986
1686,8,8,0.9595399498939514
1687,8,8,0.8692155480384827
1688,6,6,0.9998865127563477
1689,2,2,0.9974954724311829
1690,3,3,0.9999754428863525
1691,1,1,0.9914065599441528
1692,0,0,0.9999892711639404
1693,5,5,0.9999631643295288
1694,8,8,0.9939888715744019
1695,9,9,0.9990768432617188
1696,2,2,0.9978126287460327
1697,9,9,0.999843955039978
1698,6,6,0.9999958276748657
1699,7,7,0.9999035596847534
1700,0,0,0.9996665716171265
1701,4,4,0.9899731874465942
1702,8,8,0.9990600943565369
1703,7,7,0.9975307583808899
1704,1,1,0.9994346499443054
1705,7,7,0.9998477697372437
1706,4,4,0.9997175335884094
1707,1,1,0.998944103717804
1708,0,0,0.9999154806137085
1709,9,3,0.6500244736671448
1710,7,7,0.9998138546943665
1711,2,2,0.9996716976165771
1712,0,0,0.9992679953575134
1713,0,0,0.9999215602874756
1714,9,9,0.9999750852584839
1715,1,1,0.9999808073043823
1716,7,7,0.9384610652923584
1717,8,0,0.6853812336921692
1718,7,7,0.9982397556304932
1719,8,8,0.9999690055847168
1720,4,4,0.9999802112579346
1721,7,7,0.9880521297454834
1722,2,2,0.9687126874923706
1723,0,0,0.9999922513961792
1724,4,4,0.9999014139175415
1725,6,6,0.9981119632720947
1726,0,0,0.9998075366020203
1727,3,3,0.9998729228973389
1728,1,1,0.9999275207519531
1729,1,1,0.999742329120636
1730,3,3,0.9999744892120361
1731,3,3,0.999997615814209
1732,9,9,0.9947366118431091
1733,6,6,0.9999911785125732
1734,7,7,0.9999631643295288
1735,4,4,0.9999854564666748
1736,1,1,0.9998273849487305
1737,5,3,0.5623944401741028
1738,3,3,0.9999998807907104
1739,0,0,0.9999650716781616
1740,8,8,0.9877358078956604
1741,7,7,0.9986554384231567
1742,3,3,0.9999996423721313
1743,9,9,0.9994186162948608
1744,6,6,0.9999935626983643
1745,9,9,0.9999886751174927
1746,3,3,0.9999362230300903
1747,5,5,0.9982927441596985
1748,0,0,0.9943040013313293
1749,2,2,0.9998871088027954
1750,7,7,0.9917036294937134
1751,4,4,0.950171709060669
1752,5,5,0.9999773502349854
1753,1,1,0.9999674558639526
1754,7,2,0.4814320206642151
1755,5,5,0.9945791959762573
1756,8,8,0.9999794960021973
1757,0,0,0.9997939467430115
1758,8,8,0.999934196472168
1759,8,8,0.9963505268096924
1760,1,1,0.9997527003288269
1761,5,5,0.9843276739120483
1762,0,0,0.9989079236984253
1763,3,3,0.9999884366989136
1764,0,0,0.9995806813240051
1765,3,3,0.9999370574951172
1766,1,1,0.9999774694442749
1767,4,4,0.9997398257255554
1768,0,0,0.9999908208847046
1769,3,3,0.9981707334518433
1770,7,7,0.9999470710754395
1771,2,2,0.9981348514556885
1772,7,7,0.9963558912277222
1773,1,1,0.9959378242492676
1774,8,8,0.9951949715614319
1775,0,0,0.9998078942298889
1776,7,7,0.9967381358146667
1777,0,0,0.9999833106994629
1778,4,4,0.9997321963310242
1779,3,3,0.9999977350234985
1780,1,1,0.9999767541885376
1781,9,9,0.9987024068832397
1782,8,8,0.9940313696861267
1783,7,7,0.9997808337211609
1784,7,7,0.9999790191650391
1785,1,1,0.9995618462562561
1786,4,4,0.9992716908454895
1787,9,9,0.9999712705612183
1788,9,9,0.9997832179069519
1789,3,3,0.9994244575500488
1790,2,7,0.9289482235908508
1791,1,1,0.9999688863754272
1792,7,7,0.9990224838256836
1793,9,9,0.999977707862854
1794,0,0,0.9838106632232666
1795,2,2,0.9999990463256836
1796,0,0,0.9998888969421387
1797,3,3,0.9998251795768738
1798,3,3,0.9999772310256958
1799,7,7,0.9998185038566589
1800,6,6,0.9696634411811829
1801,9,9,0.998621940612793
1802,2,2,0.9991241097450256
1803,3,3,0.9999972581863403
1804,3,3,1.0
1805,7,7,0.999923586845398
1806,7,7,0.9991631507873535
1807,0,0,0.999871015548706
1808,0,0,0.997627317905426
1809,7,7,0.9761481285095215
1810,5,5,0.9998354911804199
1811,2,2,0.9851324558258057
1812,9,9,0.9998906850814819
1813,8,8,0.9883791208267212
1814,7,7,0.9990748167037964
1815,4,4,0.999940037727356
1816,4,4,0.9913426637649536
1817,2,2,0.9999881982803345
1818,6,6,0.9997928738594055
1819,6,6,0.9996104836463928
1820,1,1,0.9999927282333374
1821,9,9,0.9999951124191284
1822,6,6,0.9980997443199158
1823,8,8,0.9767253994941711
1824,2,2,0.9999843835830688
1825,9,9,0.9994592070579529
1826,0,0,0.9999849796295166
1827,8,8,0.9997791647911072
1828,3,3,0.9991474151611328
1829,1,1,0.9998867511749268
1830,1,1,0.9999674558639526
1831,6,6,0.999798595905304
1832,3,3,0.9999904632568359
1833,5,5,0.9974602460861206
1834,1,1,0.9999722242355347
1835,1,1,0.9999526739120483
1836,1,1,0.9999284744262695
1837,3,3,0.9999960660934448
1838,1,1,0.9959271550178528
1839,2,2,0.9958316683769226
1840,3,3,0.9999951124191284
1841,0,0,0.9999295473098755
1842,2,2,0.9999788999557495
1843,0,0,0.9991549253463745
1844,1,1,0.9998732805252075
1845,3,3,0.9999992847442627
1846,5,5,0.998773992061615
1847,5,5,0.9750731587409973
1848,7,7,0.9999333620071411
1849,4,4,0.98328697681427
1850,8,8,0.9992164373397827
1851,9,9,0.9985733032226562
1852,6,6,0.9998308420181274
1853,9,9,0.9961579442024231
1854,6,6,0.9999971389770508
1855,8,8,0.9983332753181458
1856,3,3,0.999372661113739
1857,6,6,0.999835729598999
1858,6,6,0.9999963045120239
1859,8,8,0.9999732971191406
1860,5,5,0.9993869066238403
1861,1,1,0.9998353719711304
1862,4,4,0.9992326498031616
1863,2,2,0.9999988079071045
1864,4,4,0.9999878406524658
1865,4,4,0.9735805988311768
1866,5,5,0.9998308420181274
1867,1,1,0.9999828338623047
1868,1,1,0.9246866106987
1869,9,9,0.9999352693557739
1870,0,0,0.9999839067459106
1871,2,2,0.8913618326187134
1872,4,4,0.999974250793457
1873,9,9,0.9999949932098389
1874,5,5,0.9980559349060059
1875,7,7,0.9999767541885376
1876,1,1,0.9999874830245972
1877,8,8,0.9999854564666748
1878,8,3,0.9217426776885986
1879,5,5,0.9999581575393677
1880,6,6,0.9953705668449402
1881,9,9,0.9998633861541748
1882,8,8,0.9998806715011597
1883,7,7,0.9806859493255615
1884,1,1,0.9998602867126465
1885,1,1,0.9996964931488037
1886,6,6,0.9995110034942627
1887,7,7,0.9992390871047974
1888,6,6,0.9954147338867188
1889,3,3,0.9999765157699585
1890,2,2,0.9999998807907104
1891,2,2,0.9999874830245972
1892,0,0,0.9999220371246338
1893,8,8,0.9951549768447876
1894,9,9,0.999360978603363
1895,2,2,0.999854564666748
1896,5,5,0.9987860321998596
1897,1,1,0.999946117401123
1898,0,0,0.9885912537574768
1899,8,8,0.8955885171890259
1900,1,1,0.9689176678657532
1901,9,4,0.909987211227417
1902,5,5,0.9999263286590576
1903,7,2,0.7998471260070801
1904,9,9,0.9997894167900085
1905,6,6,0.999984622001648
1906,9,9,0.9999843835830688
1907,0,0,0.9999369382858276
1908,6,6,0.9997840523719788
1909,1,1,0.9945047497749329
1910,5,5,0.9978321194648743
1911,5,5,0.9888772368431091
1912,8,8,0.9998389482498169
1913,3,3,0.9993224143981934
1914,8,8,0.9999837875366211
1915,2,2,0.9996442794799805
1916,6,6,0.9995204210281372
1917,5,5,0.9939576387405396
1918,0,0,0.9998308420181274
1919,7,7,0.9997071623802185
1920,4,4,0.9936030507087708
1921,6,6,0.9999983310699463
1922,1,1,0.9999558925628662
1923,3,3,0.9999997615814209
1924,4,4,0.9907982349395752
1925,7,7,0.9994829893112183
1926,3,3,0.9998176693916321
1927,2,2,0.998256266117096
1928,3,3,1.0
1929,4,4,0.9923275113105774
1930,2,2,0.9981982111930847
1931,5,5,0.9998619556427002
1932,2,2,0.9995455145835876
1933,7,7,0.9990032315254211
1934,1,1,0.9999051094055176
1935,7,7,0.9999721050262451
1936,2,2,0.9999908208847046
1937,6,6,0.9998156428337097
1938,4,4,0.8014956116676331
1939,1,1,0.9989511966705322
1940,5,5,0.9975833892822266
1941,7,7,0.9727363586425781
1942,8,8,0.9983214735984802
1943,6,6,0.9996849298477173
1944,0,0,0.9965761303901672
1945,1,1,0.9996065497398376
1946,8,8,0.9999945163726807
1947,2,2,0.9995765089988708
1948,5,5,0.9994459748268127
1949,7,7,0.9995490908622742
1950,7,7,0.9999830722808838
1951,6,6,0.9998705387115479
1952,9,9,0.9879348278045654
1953,3,3,0.9999575614929199
1954,5,5,0.9859558343887329
1955,8,8,0.9351315498352051
1956,4,4,0.9742145538330078
1957,2,2,0.9999797344207764
1958,4,4,0.9999979734420776
1959,0,0,0.9998745918273926
1960,8,8,0.9999783039093018
1961,8,8,0.9999938011169434
1962,3,3,0.9999994039535522
1963,4,4,0.9966332316398621
1964,9,9,0.9994422793388367
1965,2,2,0.9932394027709961
1966,7,7,0.999992847442627
1967,5,5,0.9999939203262329
1968,8,8,0.9858055710792542
1969,6,6,0.9976922273635864
1970,5,5,0.999790370464325
1971,6,6,0.9999252557754517
1972,0,0,0.9999977350234985
1973,8,8,0.9944526553153992
1974,6,6,0.9999645948410034
1975,7,7,0.9997491240501404
1976,3,3,0.9974763989448547
1977,6,6,0.9999855756759644
1978,4,4,0.9987195730209351
1979,9,9,0.9999293088912964
1980,4,4,0.9999984502792358
1981,6,6,0.9974105954170227
1982,6,8,0.5728784203529358
1983,3,3,0.9999990463256836
1984,2,2,0.9997380375862122
1985,4,4,0.9999961853027344
1986,1,1,0.9998922348022461
1987,0,0,0.9983460903167725
1988,1,1,0.9840638637542725
1989,4,4,0.9721908569335938
1990,6,6,0.9999489784240723
1991,2,2,0.9999617338180542
1992,9,9,0.9970694184303284
1993,1,1,0.98799729347229
1994,1,1,0.9998620748519897
1995,0,0,0.9998723268508911
1996,6,6,0.9999418258666992
1997,3,3,0.9999825954437256
1998,9,9,0.9993975162506104
1999,5,5,0.9778517484664917
2000,6,6,0.999666690826416
2001,5,5,0.976824939250946
2002,6,6,0.9999873638153076
2003,5,5,0.999983549118042
2004,8,8,0.9488887190818787
2005,4,4,0.9999364614486694
2006,6,6,0.999211311340332
2007,4,4,0.9999926090240479
2008,3,3,0.9999939203262329
2009,9,9,0.9970014691352844
2010,1,1,0.999805748462677
2011,3,3,0.9999994039535522
2012,4,4,0.9999810457229614
2013,1,1,0.9999314546585083
2014,9,9,0.9989270567893982
2015,1,1,0.9997250437736511
2016,7,7,0.623013436794281
2017,1,1,0.9999927282333374
2018,1,1,0.8022250533103943
2019,9,9,0.9981196522712708
2020,3,3,0.9999955892562866
2021,5,5,0.999893069267273
2022,4,4,0.9999692440032959
2023,0,0,0.9833807945251465
2024,7,7,0.983382523059845
2025,3,3,0.9994577765464783
2026,6,6,0.9999977350234985
2027,1,1,0.9839058518409729
2028,7,7,0.998088538646698
2029,5,5,0.9980397820472717
2030,5,5,0.9993730187416077
2031,3,3,1.0
2032,3,3,1.0
2033,0,0,0.9995505213737488
2034,1,1,0.9999444484710693
2035,5,3,0.8179026246070862
2036,7,7,0.9979498982429504
2037,5,5,0.9979296922683716
2038,8,8,0.9997913241386414
2039,6,6,0.9997246861457825
2040,5,6,0.5044815540313721
2041,1,1,0.9999009370803833
2042,0,0,0.9998447895050049
2043,4,8,0.6750713586807251
2044,2,2,0.9841467142105103
2045,3,3,0.9999997615814209
2046,4,4,0.9999552965164185
2047,6,6,0.9962491393089294
2048,7,7,0.9985927939414978
2049,9,9,0.9978164434432983
2050,8,8,0.9995251893997192
2051,1,1,0.9999321699142456
2052,8,8,0.9968282580375671
2053,4,4,0.774730920791626
2054,9,9,0.999411940574646
2055,2,2,0.9931318163871765
2056,8,8,0.9994968175888062
2057,6,6,0.9997394680976868
2058,2,2,0.9915046095848083
2059,7,7,0.9969977140426636
2060,0,0,0.9989086389541626
2061,0,0,0.9998950958251953
2062,6,6,0.9999995231628418
2063,7,7,0.933906078338623
2064,5,5,0.9995105266571045
2065,8,8,0.9989702701568604
2066,6,6,0.9998664855957031
2067,0,0,0.999000608921051
2068,9,9,0.9984283447265625
2069,3,3,0.9999985694885254
2070,7,7,0.4995686113834381
2071,1,1,0.9997625946998596
2072,3,3,0.9999973773956299
2073,5,5,0.9891561269760132
2074,4,4,0.9996616840362549
2075,3,3,0.9999594688415527
2076,3,3,0.9999982118606567
2077,5,5,0.999812662601471
2078,5,5,0.9999363422393799
2079,6,6,0.9999419450759888
2080,3,3,0.9999978542327881
2081,0,0,0.9999673366546631
2082,2,2,0.9983059167861938
2083,3,3,0.9999994039535522
2084,4,4,0.9996949434280396
2085,2,2,0.9998769760131836
2086,3,3,0.9999996423721313
2087,0,0,0.9997523427009583
2088,9,9,0.9999334812164307
2089,9,9,0.9993754029273987
2090,4,4,0.7001113891601562
2091,7,7,0.9998244643211365
2092,2,2,0.9999861717224121
2093,8,8,0.9812192320823669
2094,4,4,0.9994262456893921
2095,7,7,0.9997277855873108
2096,0,0,0.9999678134918213
2097,6,6,0.9999498128890991
2098,2,2,0.8796998858451843
2099,8,8,0.9992689490318298
2100,5,5,0.9999783039093018
2101,2,2,0.9997864365577698
2102,8,8,0.9999959468841553
2103,5,5,0.9999589920043945
2104,7,7,0.9999445676803589
2105,3,3,0.999259889125824
2106,0,0,0.9997350573539734
2107,8,8,0.9783888459205627
2108,2,2,0.9998729228973389
2109,3,3,0.36982589960098267
2110,2,2,0.9998894929885864
2111,8,8,0.9999842643737793
2112,2,2,0.9998888969421387
2113,5,5,0.9962537288665771
2114,5,5,0.9999958276748657
2115,7,7,0.9999470710754395
2116,6,6,0.9931209683418274
2117,4,4,0.9999967813491821
2118,6,6,0.6125220060348511
2119,8,8,0.9999915361404419
2120,4,4,0.9999974966049194
2121,8,8,0.9976346492767334
2122,2,2,0.998536229133606
2123,7,7,0.9978213310241699
2124,4,4,0.9999104738235474
2125,5,5,0.9680771231651306
2126,2,2,0.9999700784683228
2127,0,0,0.9999812841415405
2128,3,3,0.9999970197677612
2129,9,9,0.6238206028938293
2130,4,9,0.9892921447753906
2131,6,6,0.9655666947364807
2132,7,7,0.9998007416725159
2133,2,2,0.9998304843902588
2134,5,5,0.9999814033508301
2135,6,1,0.9888904094696045
2136,1,1,0.9994814991950989
2137,1,1,0.9999629259109497
2138,2,2,0.9988138675689697
2139,3,3,0.9999984502792358
2140,6,6,0.9999898672103882
2141,7,7,0.9999630451202393
2142,8,8,0.9997355341911316
2143,7,7,0.9987233281135559
2144,6,6,0.9993334412574768
2145,4,4,0.9978399276733398
2146,8,8,0.9994578957557678
2147,9,9,0.9998676776885986
2148,4,4,0.8238567113876343
2149,8,8,0.9980255365371704
2150,6,6,0.9998881816864014
2151,3,3,0.9998947381973267
2152,8,8,0.9995511174201965
2153,3,3,0.9996826648712158
2154,1,1,0.9999239444732666
2155,0,0,0.9998388290405273
2156,6,6,0.9999796152114868
2157,2,2,0.9998918771743774
2158,2,2,0.9993594288825989
2159,5,5,0.9994476437568665
2160,6,6,0.9999390840530396
2161,9,9,0.9986549615859985
2162,5,5,0.9553150534629822
2163,8,8,0.999990701675415
2164,1,1,0.9999336004257202
2165,4,4,0.999994158744812
2166,1,1,0.9987945556640625
2167,7,7,0.9999749660491943
2168,8,8,0.9986655712127686
2169,4,4,0.9999419450759888
2170,6,6,0.9999953508377075
2171,1,1,0.9996211528778076
2172,8,8,0.9999908208847046
2173,4,4,0.9999600648880005
2174,3,3,0.9997010827064514
2175,1,1,0.9923734068870544
2176,2,2,0.9999840259552002
2177,8,8,0.999273955821991
2178,0,0,0.9999784231185913
2179,8,8,0.9932401180267334
2180,5,5,0.9998983144760132
2181,9,9,0.9998438358306885
2182,1,3,0.722333550453186
2183,4,4,0.9991258978843689
2184,2,2,0.9997970461845398
2185,0,0,0.9835774898529053
2186,2,0,0.8108366131782532
2187,7,7,0.999962568283081
2188,0,0,0.9980142116546631
2189,9,9,0.9907549023628235
2190,0,0,0.9999701976776123
2191,2,2,0.9999974966049194
2192,5,5,0.9996127486228943
2193,7,7,0.9984080195426941
2194,6,6,0.9999567270278931
2195,7,7,0.9862431883811951
2196,9,9,0.9998818635940552
2197,4,4,0.9976245760917664
2198,2,2,0.9949570298194885
2199,6,6,0.9994206428527832
2200,2,2,0.9996864795684814
2201,4,4,0.9998825788497925
2202,4,4,0.9999316930770874
2203,8,8,0.9999508857727051
2204,0,0,0.9992996454238892
2205,4,4,0.9997981190681458
2206,4,4,0.9999239444732666
2207,5,5,0.9999961853027344
2208,8,8,0.9997001886367798
2209,0,0,0.9998573064804077
2210,6,6,0.9999451637268066
2211,8,8,0.9997956156730652
2212,9,9,0.9990273714065552
2213,8,8,0.9999996423721313
2214,5,5,0.9995986819267273
2215,6,6,0.9952062964439392
2216,9,9,0.998933732509613
2217,0,0,0.999967098236084
2218,4,4,0.9999274015426636
2219,8,8,0.9997857213020325
2220,7,7,0.9999568462371826
2221,1,1,0.9997566342353821
2222,3,3,0.9999456405639648
2223,4,4,0.9998892545700073
2224,5,5,0.871772050857544
2225,8,8,0.882638156414032
2226,0,0,0.9999779462814331
2227,9,9,0.9997749924659729
2228,1,1,0.9998970031738281
2229,3,3,0.9999692440032959
2230,3,3,0.9999997615814209
2231,6,6,0.9999943971633911
2232,9,9,0.9986857771873474
2233,8,8,0.9999656677246094
2234,7,7,0.9979598522186279
2235,1,1,0.9998769760131836
2236,0,0,0.9999455213546753
2237,5,5,0.811667799949646
2238,7,7,0.9997726082801819
2239,1,1,0.9999639987945557
2240,7,7,0.9999984502792358
2241,5,5,0.9999535083770752
2242,2,2,0.9885635375976562
2243,7,7,0.9998289346694946
2244,9,9,0.999492883682251
2245,1,1,0.9997183680534363
2246,8,8,0.998273491859436
2247,5,5,0.9993168115615845
2248,2,2,0.9989010095596313
2249,4,4,0.9999908208847046
2250,9,9,0.999895453453064
2251,4,4,0.9999110698699951
2252,7,7,0.9997022747993469
2253,2,2,0.9997223019599915
2254,2,2,0.9997302889823914
2255,3,3,0.999985933303833
2256,4,4,0.9999581575393677
2257,9,9,0.9999901056289673
2258,1,1,0.9993056058883667
2259,9,9,0.9999815225601196
2260,2,2,0.9999830722808838
2261,1,1,0.9999254941940308
2262,7,7,0.9997019171714783
2263,9,9,0.9999867677688599
2264,4,4,0.999001681804657
2265,4,4,0.9998260140419006
2266,1,6,0.3802565634250641
2267,6,6,0.9999243021011353
2268,7,7,0.9993808269500732
2269,2,2,0.999693751335144
2270,7,7,0.9999455213546753
2271,8,8,0.9992837309837341
2272,8,8,0.9658718705177307
2273,1,1,0.9990436434745789
2274,9,9,0.9999947547912598
2275,7,7,0.9996242523193359
2276,1,1,0.9974883794784546
2277,1,1,0.9996671676635742
2278,7,7,0.9999693632125854
2279,5,5,0.9995259046554565
2280,3,3,0.828458845615387
2281,3,3,0.9999996423721313
2282,5,5,0.9997996687889099
2283,1,1,0.999975323677063
2284,3,3,0.9999756813049316
2285,7,7,0.9999051094055176
2286,6,6,0.9999754428863525
2287,1,1,0.9999785423278809
2288,3,3,0.9998433589935303
2289,8,8,0.9997703433036804
2290,7,7,0.9999066591262817
2291,5,5,0.994365930557251
2292,9,9,0.9817072749137878
2293,9,8,0.31642311811447144
2294,0,0,0.9847754836082458
2295,0,0,0.9999659061431885
2296,2,2,0.999134361743927
2297,8,8,0.9993996620178223
2298,8,8,0.9988467693328857
2299,2,2,0.9944425225257874
2300,3,3,0.9997727274894714
2301,7,7,0.9999730587005615
2302,1,1,0.9997984766960144
2303,3,3,0.9999997615814209
2304,0,0,0.9994083642959595
2305,3,3,0.9998213648796082
2306,4,4,0.9998956918716431
2307,4,4,0.9984795451164246
2308,3,3,0.9209051728248596
2309,8,8,0.9813492894172668
2310,9,9,0.9998030066490173
2311,2,2,0.9995943903923035
2312,3,3,0.9999817609786987
2313,9,9,0.9992068409919739
2314,7,7,0.9986977577209473
2315,1,1,0.9998385906219482
2316,1,1,0.9999240636825562
2317,7,7,0.9998117089271545
2318,0,0,0.988519012928009
2319,4,4,0.9998981952667236
2320,9,9,0.9127635955810547
2321,6,6,0.999997615814209
2322,5,5,0.9999405145645142
2323,9,9,0.9999700784683228
2324,1,1,0.9999209642410278
2325,7,7,0.9418283700942993
2326,0,0,0.9853048920631409
2327,2,2,0.9992227554321289
2328,0,0,0.9999188184738159
2329,0,0,0.5031403303146362
2330,4,4,0.9996556043624878
2331,6,6,0.9999433755874634
2332,7,7,0.999944806098938
2333,0,0,0.8992515802383423
2334,7,7,0.9999229907989502
2335,1,1,0.9999719858169556
2336,4,4,0.9999953508377075
2337,6,6,0.9999912977218628
2338,4,4,0.9986279010772705
2339,5,5,0.924964964389801
2340,4,4,0.9999983310699463
2341,9,9,0.9991562366485596
2342,9,9,0.9996880292892456
2343,1,1,0.9876891374588013
2344,7,7,0.9999474287033081
2345,9,9,0.9988527297973633
2346,5,5,0.9999933242797852
2347,3,3,0.999997615814209
2348,3,3,0.9999978542327881
2349,8,8,0.9999979734420776
2350,2,2,0.9999973773956299
2351,3,3,0.9997643828392029
2352,6,6,0.9999822378158569
2353,2,2,0.9999526739120483
2354,2,2,0.9999995231628418
2355,1,1,0.9982422590255737
2356,1,1,0.9999542236328125
2357,1,1,0.9999603033065796
2358,1,1,0.9863507151603699
2359,1,1,0.9999659061431885
2360,6,6,0.9999974966049194
2361,9,9,0.9989259839057922
2362,8,8,0.9977801442146301
2363,4,4,0.9695923924446106
2364,3,3,0.9999947547912598
2365,7,7,0.9986777901649475
2366,1,1,0.9991177916526794
2367,6,6,0.9996860027313232
2368,4,4,0.9999783039093018
2369,5,3,0.65337073802948
2370,0,0,0.9983589053153992
2371,4,4,0.9850363731384277
2372,7,7,0.9987125396728516
2373,4,4,0.9999934434890747
2374,2,2,0.9998461008071899
2375,4,4,0.9999364614486694
2376,0,0,0.9997476935386658
2377,7,7,0.9962605834007263
2378,0,0,0.9986037611961365
2379,1,1,0.9998113512992859
2380,9,9,0.6065444350242615
2381,8,8,0.9999206066131592
2382,8,8,0.99969482421875
2383,6,6,0.9999567270278931
2384,0,0,0.9940958023071289
2385,0,0,0.9999251365661621
2386,4,4,0.989071249961853
2387,9,1,0.8105019330978394
2388,6,6,0.9999616146087646
2389,8,8,0.9990217685699463
2390,2,2,0.9999222755432129
2391,2,2,0.9999872446060181
2392,3,3,0.9999749660491943
2393,8,8,0.9980358481407166
2394,4,4,0.9987865090370178
2395,8,8,0.8772674202919006
2396,2,2,0.9998340606689453
2397,2,2,0.9999797344207764
2398,1,1,0.9987524747848511
2399,7,7,0.9999665021896362
2400,5,5,0.9980649352073669
2401,4,4,0.9999855756759644
2402,4,4,0.999953031539917
2403,0,0,0.999958872795105
2404,4,4,0.996727466583252
2405,3,3,0.9938515424728394
2406,9,9,0.9705716371536255
2407,7,7,0.9999911785125732
2408,3,3,0.9996616840362549
2409,1,1,0.9940012097358704
2410,0,0,0.9999161958694458
2411,1,1,0.9999922513961792
2412,2,2,0.9998229146003723
2413,5,5,0.999990701675415
2414,9,4,0.7337695360183716
2415,2,2,0.9938129186630249
2416,1,1,0.9997472167015076
2417,0,0,0.9827389121055603
2418,1,1,0.9999332427978516
2419,8,8,0.9977232813835144
2420,9,9,0.9998164772987366
2421,1,1,0.9999096393585205
2422,6,6,0.9947410821914673
2423,8,8,0.9996517896652222
2424,3,3,0.9999897480010986
2425,8,8,0.9950636029243469
2426,9,9,0.905248761177063
2427,3,3,0.9999992847442627
2428,6,6,0.9999697208404541
2429,2,2,0.9927976727485657
2430,8,8,0.9999014139175415
2431,3,3,0.9999972581863403
2432,2,2,0.9999802112579346
2433,2,2,0.9941998720169067
2434,1,1,0.9997678399085999
2435,0,0,0.999980092048645
2436,4,4,0.999937891960144
2437,2,2,0.8865875601768494
2438,9,9,0.9998007416725159
2439,2,2,0.9998879432678223
2440,4,4,0.9999861717224121
2441,3,3,0.9990314245223999
2442,7,7,0.9999772310256958
2443,9,9,0.9999454021453857
2444,1,1,0.9999035596847534
2445,5,5,0.9999804496765137
2446,2,2,0.9999792575836182
2447,4,4,0.9879894256591797
2448,9,9,0.9977770447731018
2449,0,0,0.9938850998878479
2450,3,3,0.9998739957809448
2451,8,8,0.9999963045120239
2452,5,5,0.9999939203262329
2453,3,3,0.9999915361404419
2454,6,6,0.8742401599884033
2455,0,0,0.9937585592269897
2456,9,9,0.9921640157699585
2457,4,4,0.9925851225852966
2458,6,6,0.9999903440475464
2459,2,2,0.9877331256866455
2460,5,5,0.998823344707489
2461,0,0,0.9999032020568848
2462,2,0,0.9384415745735168
2463,7,7,0.9992654919624329
2464,4,4,0.9996515512466431
2465,6,6,0.9999947547912598
2466,6,6,0.9997379183769226
2467,8,8,0.9999492168426514
2468,6,6,0.9999881982803345
2469,6,6,0.9994045495986938
2470,8,8,0.9999369382858276
2471,6,6,0.9999909400939941
2472,9,9,0.9998676776885986
2473,1,1,0.9852321147918701
2474,7,7,0.9994986057281494
2475,2,2,0.9999833106994629
2476,5,5,0.9754101037979126
2477,9,9,0.9996237754821777
2478,9,9,0.9947138428688049
2479,0,0,0.9963705539703369
2480,7,7,0.9638262987136841
2481,2,2,0.9998669624328613
2482,7,7,0.9998666048049927
2483,6,6,0.9999322891235352
2484,7,7,0.9982556700706482
2485,0,0,0.9997819066047668
2486,6,6,0.9999990463256836
2487,5,5,0.9999978542327881
2488,2,4,0.6008423566818237
2489,4,4,0.9995682835578918
2490,7,7,0.9974948167800903
2491,2,2,0.999901294708252
2492,0,0,0.9996223449707031
2493,9,9,0.999954104423523
2494,9,9,0.9999717473983765
2495,2,2,0.9999743700027466
2496,2,2,0.9998852014541626
2497,9,9,0.99977046251297
2498,4,4,0.9999368190765381
2499,4,4,0.9998632669448853
2500,2,2,0.9999251365661621
2501,3,3,0.999997615814209
2502,3,3,0.9999994039535522
2503,2,2,0.9999972581863403
2504,1,1,0.9997130036354065
2505,7,7,0.9999521970748901
2506,0,0,0.9998071789741516
2507,7,7,0.9776995182037354
2508,6,6,0.9988985061645508
2509,4,4,0.9999361038208008
2510,1,1,0.9998486042022705
2511,3,3,0.9999990463256836
2512,8,8,0.9879728555679321
2513,7,7,0.9994350075721741
2514,4,4,0.9958189129829407
2515,5,5,0.9995425939559937
2516,9,9,0.8866395950317383
2517,2,2,0.9997580647468567
2518,5,5,0.9999974966049194
2519,1,1,0.9997726082801819
2520,8,8,0.9996336698532104
2521,7,7,0.9982176423072815
2522,3,3,0.9999221563339233
2523,7,7,0.9767062664031982
2524,1,1,0.9997581839561462
2525,5,5,0.9762765169143677
2526,5,5,0.9158979654312134
2527,0,0,0.9998311996459961
2528,9,9,0.9929184317588806
2529,1,1,0.9999626874923706
2530,4,4,0.9996520280838013
2531,0,0,0.9999638795852661
2532,6,6,0.9388466477394104
2533,3,3,0.9988420605659485
2534,3,3,0.9976760745048523
2535,6,6,0.9999924898147583
2536,0,0,0.9999632835388184
2537,4,4,0.9998883008956909
2538,9,9,0.99991774559021
2539,7,7,0.9997410178184509
2540,5,5,0.9981566071510315
2541,1,1,0.999971866607666
2542,6,6,0.9999361038208008
2543,8,8,0.9972055554389954
2544,9,9,0.9995094537734985
2545,5,5,0.9998196959495544
2546,5,5,0.9999878406524658
2547,7,7,0.9978638291358948
2548,9,9,0.9996546506881714
2549,3,3,0.9999939203262329
2550,8,8,0.9985396862030029
2551,3,3,0.9890975952148438
2552,8,8,0.9995556473731995
2553,1,1,0.9999266862869263
2554,5,5,0.9999850988388062
2555,3,3,0.9999985694885254
2556,5,5,0.846298336982727
2557,0,0,0.9999723434448242
2558,5,5,0.9998921155929565
2559,5,5,0.9965112805366516
2560,3,3,0.9980509281158447
2561,8,8,0.9999922513961792
2562,6,6,0.9997040629386902
2563,7,7,0.9990932941436768
2564,7,7,0.9997480511665344
2565,7,7,0.9999940395355225
2566,3,3,0.9999985694885254
2567,7,7,0.9998973608016968
2568,0,0,0.9995984435081482
2569,5,5,0.9986507296562195
2570,9,9,0.9996891021728516
2571,0,0,0.9990678429603577
2572,2,2,0.999883770942688
2573,5,5,0.9788841009140015
2574,5,5,0.9972051978111267
2575,3,3,1.0
2576,1,1,0.9990070462226868
2577,7,7,0.9987516403198242
2578,7,7,0.9186090230941772
2579,8,8,0.9999306201934814
2580,6,6,0.9999523162841797
2581,5,5,0.9999144077301025
2582,9,9,0.9940178394317627
2583,3,3,0.9999916553497314
2584,8,8,0.9998842477798462
2585,9,9,0.9999430179595947
2586,5,5,0.9997016787528992
2587,3,3,0.9999881982803345
2588,7,7,0.999923825263977
2589,9,9,0.9934183359146118
2590,1,1,0.9998692274093628
2591,7,7,0.9999746084213257
2592,0,0,0.9999058246612549
2593,0,0,0.9999343156814575
2594,3,3,0.9999750852584839
2595,7,7,0.99997878074646
2596,2,2,0.9931364059448242
2597,5,3,0.9462776780128479
2598,8,8,0.9990191459655762
2599,1,1,0.9998892545700073
2600,8,8,0.9999377727508545
2601,6,6,0.9999550580978394
2602,2,2,0.9990315437316895
2603,9,9,0.9995966553688049
2604,5,5,0.9977321624755859
2605,7,7,0.9999172687530518
2606,5,5,0.9999771118164062
2607,7,7,0.8064034581184387
2608,8,8,0.999886155128479
2609,6,6,0.9999426603317261
2610,2,2,0.9982913136482239
2611,5,5,0.9996802806854248
2612,1,1,0.9990764856338501
2613,4,4,0.9999812841415405
2614,8,8,0.9999284744262695
2615,4,4,0.9999960660934448
2616,5,5,0.9999386072158813
2617,8,8,0.9954274892807007
2618,3,3,0.9990239143371582
2619,0,0,0.9998846054077148
2620,6,6,0.9998561143875122
2621,2,2,0.9999983310699463
2622,7,7,0.9996805191040039
2623,3,3,0.9999945163726807
2624,3,3,0.9999583959579468
2625,2,2,0.998332679271698
2626,1,1,0.9999556541442871
2627,0,0,0.9996022582054138
2628,7,7,0.9997937083244324
2629,3,3,0.9998764991760254
2630,4,4,0.9634743332862854
2631,0,0,0.9734078645706177
2632,3,3,0.999998927116394
2633,9,9,0.9999641180038452
2634,3,3,0.9999935626983643
2635,2,2,0.9863291382789612
2636,8,8,0.9990076422691345
2637,9,9,0.9999783039093018
2638,0,0,0.9983701109886169
2639,3,3,0.999974250793457
2640,8,8,0.9999710321426392
2641,0,0,0.9983354210853577
2642,7,7,0.9997667670249939
2643,6,6,0.9995940327644348
2644,5,5,0.9999899864196777
2645,4,4,0.9972391128540039
2646,7,7,0.9999402761459351
2647,3,3,0.9999920129776001
2648,9,9,0.9797620177268982
2649,0,0,0.9997748732566833
2650,8,8,0.999975323677063
2651,6,6,0.9997459053993225
2652,2,2,0.9998503923416138
2653,5,5,0.9999966621398926
2654,6,1,0.983353853225708
2655,1,1,0.9999626874923706
2656,0,0,0.9995900988578796
2657,0,0,0.9999381303787231
2658,4,4,0.9993089437484741
2659,4,4,0.99184650182724
2660,0,0,0.9994633793830872
2661,1,1,0.9999208450317383
2662,2,2,0.99998939037323
2663,3,3,0.9999998807907104
2664,2,2,0.9999169111251831
2665,7,7,0.9978317618370056
2666,7,7,0.999991774559021
2667,8,8,0.9999810457229614
2668,5,5,0.9977097511291504
2669,2,2,0.9999995231628418
2670,5,5,0.9807685017585754
2671,7,7,0.9987338185310364
2672,6,6,0.9998651742935181
2673,9,9,0.9995970129966736
2674,1,1,0.9998675584793091
2675,4,4,0.9999997615814209
2676,1,1,0.9983280301094055
2677,6,6,0.9999945163726807
2678,4,4,0.9916619062423706
2679,2,2,0.9999990463256836
2680,4,4,0.9999268054962158
2681,3,3,0.9999884366989136
2682,5,5,0.9999985694885254
2683,4,4,0.9998384714126587
2684,3,3,0.9999784231185913
2685,9,9,0.988822340965271
2686,5,5,0.9947701096534729
2687,0,0,0.9998576641082764
2688,1,1,0.9999792575836182
2689,5,5,0.9593475461006165
2690,3,3,0.9999995231628418
2691,8,8,0.9998425245285034
2692,9,9,0.9998185038566589
2693,1,1,0.9999217987060547
2694,9,9,0.9995076656341553
2695,7,7,0.9526184797286987
2696,9,9,0.9988318085670471
2697,5,5,0.9999452829360962
2698,5,5,0.9851607084274292
2699,2,2,0.9942913055419922
2700,7,7,0.9984210729598999
2701,4,4,0.9999030828475952
2702,6,6,0.999994158744812
2703,0,0,0.9986518025398254
2704,1,1,0.999972939491272
2705,1,1,0.9946005344390869
2706,1,1,0.9997357726097107
2707,0,0,0.9999884366989136
2708,4,4,0.9930965304374695
2709,4,4,0.9999055862426758
2710,7,7,0.9976262450218201
2711,6,6,0.9999958276748657
2712,3,3,0.999997615814209
2713,0,0,0.9862556457519531
2714,0,0,0.9999477863311768
2715,4,4,0.998433530330658
2716,3,3,0.9999991655349731
2717,0,0,0.999932050704956
2718,6,6,0.9985876083374023
2719,1,1,0.9999275207519531
2720,9,9,0.9122848510742188
2721,6,6,0.9950512051582336
2722,1,1,0.9998806715011597
2723,3,3,0.9999916553497314
2724,8,8,0.9983626008033752
2725,1,1,0.9999731779098511
2726,2,2,0.9999939203262329
2727,5,5,0.9999673366546631
2728,6,6,0.9999810457229614
2729,2,2,0.999994158744812
2730,7,7,0.9959306120872498
2731,3,3,0.9999994039535522
2732,6,6,0.9966272115707397
2733,0,0,0.9999045133590698
2734,1,1,0.9968926906585693
2735,9,9,0.9842400550842285
2736,7,7,0.9970863461494446
2737,6,6,0.9999352693557739
2738,6,6,0.9999831914901733
2739,8,8,0.9990195035934448
2740,9,9,0.998853325843811
2741,2,2,0.9999722242355347
2742,9,9,0.6314755082130432
2743,5,5,0.9899564981460571
2744,8,8,0.9998788833618164
2745,3,3,0.9999927282333374
2746,1,1,0.999966025352478
2747,0,0,0.9983458518981934
2748,0,0,0.9996936321258545
2749,7,7,0.9925661087036133
2750,6,6,0.999051034450531
2751,6,6,0.9987271428108215
2752,2,2,1.0
2753,1,1,0.9972500205039978
2754,6,6,0.9995841383934021
2755,9,9,0.9998492002487183
2756,3,3,0.9993396401405334
2757,1,1,0.9999735355377197
2758,8,8,0.9159833788871765
2759,6,6,0.9999973773956299
2760,9,9,0.9059262275695801
2761,0,0,0.9999159574508667
2762,6,6,0.9998719692230225
2763,0,0,0.9999086856842041
2764,0,0,0.9998276233673096
2765,0,0,0.9999579191207886
2766,6,6,0.9997687935829163
2767,3,3,0.9999676942825317
2768,5,5,0.9999967813491821
2769,9,9,0.9654067158699036
2770,3,3,0.9757806658744812
2771,4,4,0.9478145241737366
2772,5,5,0.9998177886009216
2773,5,5,0.9983806610107422
2774,8,8,0.9999990463256836
2775,5,5,0.9997995495796204
2776,3,3,0.9999997615814209
2777,0,0,0.994573175907135
2778,4,4,0.9119220972061157
2779,0,0,0.999958872795105
2780,2,2,0.8764507174491882
2781,9,9,0.9995995163917542
2782,6,6,0.9999072551727295
2783,8,8,0.9996864795684814
2784,2,2,0.9997774958610535
2785,3,3,0.9999966621398926
2786,1,1,0.9999407529830933
2787,2,2,0.9988040924072266
2788,1,1,0.9999234676361084
2789,1,1,0.9998819828033447
2790,5,5,0.9999982118606567
2791,6,6,0.9996281862258911
2792,9,9,0.999995231628418
2793,8,8,0.9918243288993835
2794,0,0,0.9996176958084106
2795,6,6,0.9999245405197144
2796,6,6,0.999653697013855
2797,5,5,0.9999978542327881
2798,5,5,0.9999819993972778
2799,3,3,0.9999985694885254
2800,8,8,0.9996566772460938
2801,6,6,0.9998903274536133
2802,2,2,0.9991282820701599
2803,1,1,0.995530903339386
2804,4,4,0.9999569654464722
2805,5,5,0.9997734427452087
2806,4,4,0.9999974966049194
2807,3,3,0.9999995231628418
2808,7,7,0.9992769360542297
2809,8,8,0.9998294115066528
2810,5,5,0.8870241641998291
2811,0,0,0.9993988275527954
2812,9,9,0.9963094592094421
2813,3,3,0.9998412132263184
2814,5,5,0.9882056713104248
2815,1,1,0.9996587038040161
2816,1,1,0.9999672174453735
2817,0,0,0.9973199963569641
2818,4,4,0.9992683529853821
2819,4,4,0.9999401569366455
2820,7,7,0.9998809099197388
2821,0,0,0.9957784414291382
2822,1,1,0.9999344348907471
2823,7,7,0.9685976505279541
2824,0,0,0.99986732006073
2825,1,1,0.9969761371612549
2826,6,6,0.9999949932098389
2827,1,1,0.9997923970222473
2828,4,4,0.998008668422699
2829,5,5,0.9973393082618713
2830,6,6,0.9999527931213379
2831,6,6,0.9999483823776245
2832,5,5,0.9998975992202759
2833,7,7,0.9999200105667114
2834,8,8,0.9905509948730469
2835,4,4,0.9999927282333374
2836,4,4,0.8900976777076721
2837,7,7,0.9999423027038574
2838,2,2,0.9998648166656494
2839,5,5,0.9999895095825195
2840,3,3,0.9999972581863403
2841,7,7,0.9997885823249817
2842,0,0,0.9999849796295166
2843,7,7,0.993507981300354
2844,7,7,0.9999814033508301
2845,9,9,0.999688982963562
2846,6,6,0.9997962117195129
2847,4,4,0.9807277917861938
2848,2,2,0.99538654088974
2849,8,8,0.9999979734420776
2850,5,5,0.9882689714431763
2851,7,7,0.9887679219245911
2852,8,8,0.9934189915657043
2853,3,3,0.9998648166656494
2854,9,9,0.9622336626052856
2855,5,5,0.9999872446060181
2856,8,8,0.9997578263282776
2857,9,9,0.9999924898147583
2858,9,9,0.9881193041801453
2859,8,8,0.9999215602874756
2860,6,6,0.9879647493362427
2861,2,2,0.9993207454681396
2862,8,8,0.9977836012840271
2863,9,9,0.9623753428459167
2864,2,2,0.9996905326843262
2865,3,3,1.0
2866,6,6,0.9995607733726501
2867,1,1,0.9997357726097107
2868,1,1,0.9999755620956421
2869,8,8,0.9998489618301392
2870,9,9,0.9999556541442871
2871,3,3,0.9999940395355225
2872,4,4,0.9995691180229187
2873,0,0,0.9999830722808838
2874,7,7,0.9999879598617554
2875,9,9,0.9999464750289917
2876,6,6,0.9999134540557861
2877,4,4,0.8829556703567505
2878,1,1,0.9997133612632751
2879,4,4,0.9994654059410095
2880,1,1,0.9999330043792725
2881,3,3,0.9999980926513672
2882,4,4,0.9920286536216736
2883,9,9,0.9998993873596191
2884,3,3,0.9999990463256836
2885,1,1,0.9990384578704834
2886,4,4,0.999990701675415
2887,7,7,0.9999380111694336
2888,7,7,0.99970942735672
2889,4,4,0.9999971389770508
2890,7,7,0.9998291730880737
2891,2,2,0.9995614886283875
2892,9,9,0.9999845027923584
2893,3,3,0.9999905824661255
2894,0,0,0.9976547956466675
2895,8,8,0.9999330043792725
2896,8,0,0.543814480304718
2897,8,8,0.9999955892562866
2898,4,4,0.9989421963691711
2899,0,0,0.9999808073043823
2900,4,4,0.9969930648803711
2901,4,4,0.9986030459403992
2902,1,1,0.9989092350006104
2903,5,5,0.9999895095825195
2904,2,2,0.9999819993972778
2905,8,8,0.9995668530464172
2906,3,3,0.9998973608016968
2907,4,4,0.9216254353523254
2908,9,9,0.9998390674591064
2909,5,5,0.9985558390617371
2910,2,2,0.9857161641120911
2911,8,8,0.989051103591919
2912,1,1,0.9998886585235596
2913,5,5,0.995411217212677
2914,3,3,0.9999988079071045
2915,7,7,0.9131900668144226
2916,9,9,0.9994926452636719
2917,4,4,0.9999157190322876
2918,2,2,0.9999932050704956
2919,5,5,0.9932318925857544
2920,6,6,0.9998503923416138
2921,3,3,0.4329206049442291
2922,5,5,0.9999991655349731
2923,9,9,0.9997909665107727
2924,3,3,0.9999923706054688
2925,5,5,0.9972062706947327
2926,9,9,0.9990091323852539
2927,3,3,0.503903865814209
2928,1,1,0.9998863935470581
2929,9,9,0.9990898370742798
2930,5,5,0.865020751953125
2931,3,3,0.9999797344207764
2932,0,0,0.9998692274093628
2933,6,6,0.9992474317550659
2934,9,9,0.9999613761901855
2935,8,8,0.9999983310699463
2936,4,4,0.9990348815917969
2937,0,0,0.9984166622161865
2938,4,4,0.7314473986625671
2939,9,5,0.8492727279663086
2940,2,2,0.9973713159561157
2941,9,9,0.9999599456787109
2942,0,0,0.999919056892395
2943,1,1,0.9925515651702881
2944,0,0,0.9893342852592468
2945,3,3,0.9991443157196045
2946,1,1,0.9960159659385681
2947,6,6,0.9999685287475586
2948,5,5,0.9999792575836182
2949,8,8,0.9994511008262634
2950,1,1,0.999935507774353
2951,5,5,0.9989309906959534
2952,3,3,0.9982463121414185
2953,3,3,0.9361564517021179
2954,0,0,0.9989771842956543
2955,3,3,0.9998335838317871
2956,5,5,0.9792541265487671
2957,5,5,0.9994910955429077
2958,9,9,0.9999219179153442
2959,2,2,0.9516342282295227
2960,8,8,0.9995335340499878
2961,7,7,0.9941322207450867
2962,0,0,0.9999901056289673
2963,4,4,0.9999269247055054
2964,9,9,0.9978227615356445
2965,1,1,0.9999456405639648
2966,9,9,0.9997051358222961
2967,7,7,0.999893069267273
2968,7,7,0.9987000226974487
2969,5,5,0.9999650716781616
2970,5,3,0.6485422253608704
2971,2,2,0.9997541308403015
2972,0,0,0.9929913282394409
2973,9,9,0.9999245405197144
2974,1,1,0.9999505281448364
2975,8,8,0.9999833106994629
2976,6,6,0.9996366500854492
2977,2,2,0.9875966906547546
2978,3,3,0.9999749660491943
2979,9,9,0.8662329912185669
2980,6,6,0.9999927282333374
2981,2,2,0.9997971653938293
2982,1,1,0.9999583959579468
2983,9,9,0.9999750852584839
2984,1,1,0.9999086856842041
2985,3,3,0.9999895095825195
2986,5,5,0.9903489351272583
2987,5,5,0.9999368190765381
2988,0,0,0.9998397827148438
2989,3,3,0.9999902248382568
2990,8,8,0.8309637308120728
2991,3,3,0.999958872795105
2992,3,3,0.9998408555984497
2993,7,7,0.9930776357650757
2994,6,6,0.9999368190765381
2995,6,6,0.8065434694290161
2996,0,0,0.9999837875366211
2997,1,1,0.999971866607666
2998,4,4,0.9954822063446045
2999,0,0,0.9999871253967285
3000,6,6,0.9998263716697693
3001,9,9,0.998955488204956
3002,8,8,0.9999873638153076
3003,1,1,0.9998282194137573
3004,2,2,0.9998093247413635
3005,9,9,0.7979299426078796
3006,9,9,0.9999394416809082
3007,5,5,0.9998314380645752
3008,9,9,0.9999889135360718
3009,7,7,0.9998942613601685
3010,3,3,0.9999996423721313
3011,7,7,0.9998321533203125
3012,8,8,0.9392796754837036
3013,0,0,0.9997310042381287
3014,1,1,0.9990235567092896
3015,3,3,0.9999992847442627
3016,0,0,0.9973203539848328
3017,4,4,0.9999396800994873
3018,6,6,0.9999939203262329
3019,1,1,0.9998970031738281
3020,0,0,0.9995953440666199
3021,2,2,0.989337682723999
3022,5,5,0.9999923706054688
3023,8,8,0.6285973191261292
3024,4,4,0.9998718500137329
3025,4,4,0.9999586343765259
3026,1,1,0.9987179040908813
3027,1,1,0.9999486207962036
3028,5,5,0.9999998807907104
3029,4,4,0.9998094439506531
3030,6,0,0.5967679023742676
3031,6,6,0.9999929666519165
3032,0,0,0.9998748302459717
3033,6,6,0.9994032382965088
3034,9,9,0.999705970287323
3035,2,2,0.9999978542327881
3036,6,6,0.9999972581863403
3037,2,2,0.9999880790710449
3038,7,7,0.9944526553153992
3039,1,1,0.9997079968452454
3040,7,7,0.9997583031654358
3041,9,9,0.9999557733535767
3042,4,4,0.9999923706054688
3043,0,0,0.9978237152099609
3044,0,0,0.9999223947525024
3045,3,3,0.9999992847442627
3046,8,8,0.9995598196983337
3047,2,2,0.9998778104782104
3048,2,2,0.9993343949317932
3049,3,3,0.9999945163726807
3050,1,1,0.9999923706054688
3051,6,6,0.9999639987945557
3052,0,0,0.999996542930603
3053,5,5,0.999996542930603
3054,7,7,0.9990715980529785
3055,7,7,0.9990237951278687
3056,9,9,0.9997329115867615
3057,2,2,0.9999181032180786
3058,6,6,0.9998749494552612
3059,7,7,0.8592908978462219
3060,9,1,0.7220900058746338
3061,7,7,0.9998980760574341
3062,8,8,0.9476601481437683
3063,6,6,0.9999459981918335
3064,8,8,0.9999969005584717
3065,8,8,0.9984948635101318
3066,4,4,0.9999874830245972
3067,6,6,0.9998908042907715
3068,8,8,0.99989914894104
3069,4,4,0.9967334270477295
3070,1,1,0.9999377727508545
3071,2,2,0.9999603033065796
3072,8,8,0.9999386072158813
3073,1,2,0.7928488254547119
3074,3,3,1.0
3075,9,9,0.9999765157699585
3076,4,4,0.999993085861206
3077,0,0,0.9890719652175903
3078,3,3,0.999395489692688
3079,7,7,0.9999655485153198
3080,3,3,1.0
3081,2,2,0.9999960660934448
3082,3,3,0.9999991655349731
3083,3,3,0.9999786615371704
3084,7,7,0.9970692992210388
3085,3,3,0.9999791383743286
3086,4,4,0.99641352891922
3087,0,0,0.9998971223831177
3088,6,6,0.9998733997344971
3089,2,2,0.9998224377632141
3090,0,0,0.9996345043182373
3091,8,8,0.9866445660591125
3092,1,1,0.9996864795684814
3093,5,5,0.9998294115066528
3094,3,3,0.9999728202819824
3095,5,5,0.9999922513961792
3096,4,4,0.9997956156730652
3097,1,1,0.9999499320983887
3098,7,7,0.9992597699165344
3099,1,1,0.9999486207962036
3100,5,5,0.6695147156715393
3101,7,7,0.9933538436889648
3102,5,5,0.9435622692108154
3103,7,7,0.9990179538726807
3104,3,3,0.9999969005584717
3105,2,2,0.9999908208847046
3106,2,2,0.996155321598053
3107,7,7,0.9999371767044067
3108,3,3,0.9548762440681458
3109,7,7,0.9003536701202393
3110,3,3,0.9999849796295166
3111,7,7,0.9987360835075378
3112,8,8,0.9882497787475586
3113,5,5,0.9999979734420776
3114,4,4,0.7151036262512207
3115,5,5,0.9750451445579529
3116,2,2,0.9999980926513672
3117,5,5,0.784622311592102
3118,6,6,0.9999237060546875
3119,5,5,0.999998927116394
3120,3,3,0.9994352459907532
3121,6,6,0.9996675252914429
3122,7,7,0.9985522627830505
3123,4,4,0.9999653100967407
3124,1,1,0.9995051622390747
3125,7,7,0.9998550415039062
3126,1,1,0.9999771118164062
3127,5,5,0.998581051826477
3128,2,2,0.9997840523719788
3129,3,3,0.99009108543396
3130,6,6,0.9951581358909607
3131,3,3,0.9999995231628418
3132,1,1,0.8015137314796448
3133,4,4,0.995766282081604
3134,2,2,0.9973125457763672
3135,6,6,0.9999642372131348
3136,7,7,0.9816101789474487
3137,4,4,0.9999687671661377
3138,3,3,0.9997082352638245
3139,8,8,0.9999130964279175
3140,0,0,0.9998655319213867
3141,6,6,0.9999594688415527
3142,2,2,0.9999268054962158
3143,1,1,0.999950647354126
3144,6,6,0.9999693632125854
3145,5,5,0.9997735619544983
3146,3,3,0.9989782571792603
3147,9,9,0.9999586343765259
3148,1,1,0.9999523162841797
3149,9,9,0.9999691247940063
3150,3,3,1.0
3151,2,2,0.9973477125167847
3152,1,1,0.9999017715454102
3153,8,8,0.9995095729827881
3154,4,4,0.9999169111251831
3155,4,4,0.999954342842102
3156,6,6,0.9999879598617554
3157,5,5,0.6859353184700012
3158,8,8,0.9983205199241638
3159,6,6,0.999963641166687
3160,9,9,0.9835544228553772
3161,7,7,0.9996340274810791
3162,7,7,0.9997937083244324
3163,8,8,0.9987159967422485
3164,6,6,0.9999263286590576
3165,9,9,0.9999562501907349
3166,7,7,0.9966350197792053
3167,3,3,0.999738872051239
3168,9,9,0.9999840259552002
3169,4,4,0.9999783039093018
3170,0,0,0.9999583959579468
3171,5,5,0.9982571005821228
3172,4,4,0.9510406255722046
3173,6,6,0.9993233680725098
3174,4,4,0.9999532699584961
3175,1,1,0.9999094009399414
3176,2,2,0.9353163242340088
3177,3,3,1.0
3178,0,0,0.9999233484268188
3179,0,0,0.9999864101409912
3180,2,2,0.9999114274978638
3181,6,6,0.9999501705169678
3182,6,6,0.9999994039535522
3183,5,5,0.9998611211776733
3184,7,7,0.98260498046875
3185,0,0,0.9922283291816711
3186,8,8,0.9846882224082947
3187,6,6,0.9999871253967285
3188,4,4,0.9999978542327881
3189,7,7,0.7171281576156616
3190,9,9,0.9991727471351624
3191,0,0,0.9999397993087769
3192,7,7,0.9997130036354065
3193,3,3,0.9999617338180542
3194,4,4,0.9998812675476074
3195,2,2,0.99998939037323
3196,1,1,0.9989577531814575
3197,8,8,0.9998984336853027
3198,8,8,0.9999489784240723
3199,5,5,0.9999969005584717
3200,9,9,0.9999340772628784
3201,2,2,0.9999812841415405
3202,7,7,0.9999243021011353
3203,1,1,0.9998177886009216
3204,8,8,0.9993890523910522
3205,8,8,0.9958341121673584
3206,8,8,0.9960293769836426
3207,2,2,0.9992302656173706
3208,7,7,0.9990373849868774
3209,6,6,0.9999600648880005
3210,0,0,0.9997857213020325
3211,1,1,0.9992328882217407
3212,2,2,0.9999946355819702
3213,7,7,0.9977322816848755
3214,1,1,0.9999444484710693
3215,0,0,0.9999918937683105
3216,8,8,0.9954879879951477
3217,3,3,0.9999997615814209
3218,6,6,0.9969149827957153
3219,0,0,0.9996424913406372
3220,5,5,0.9999961853027344
3221,3,3,0.9999985694885254
3222,6,6,0.9981011748313904
3223,2,2,0.9999992847442627
3224,8,8,0.998543381690979
3225,7,9,0.5060358047485352
3226,0,0,0.999988317489624
3227,1,1,0.9999513626098633
3228,4,4,0.9998503923416138
3229,2,2,0.9892395734786987
3230,1,1,0.9999088048934937
3231,1,1,0.9998226761817932
3232,4,4,0.999468982219696
3233,4,4,0.9998352527618408
3234,4,4,0.9999986886978149
3235,4,4,0.9993680119514465
3236,7,7,0.667174220085144
3237,1,1,0.9996838569641113
3238,6,6,0.9992204904556274
3239,2,2,0.9896169900894165
3240,9,9,0.9152842164039612
3241,9,9,0.9999767541885376
3242,0,0,0.999029278755188
3243,0,0,0.9998691082000732
3244,1,1,0.9998877048492432
3245,8,8,0.9999076128005981
3246,8,8,0.9992994070053101
3247,4,4,0.9998354911804199
3248,3,3,0.9999961853027344
3249,4,4,0.9999932050704956
3250,2,2,0.9954376816749573
3251,0,0,0.9968894124031067
3252,6,6,0.9994062185287476
3253,1,1,0.9999678134918213
3254,6,6,0.9982194304466248
3255,1,1,0.9993829727172852
3256,2,2,0.9991737008094788
3257,2,2,0.999998927116394
3258,2,2,0.9999986886978149
3259,1,1,0.9995588660240173
3260,2,2,0.8273592591285706
3261,3,3,0.9999305009841919
3262,7,7,0.9834864139556885
3263,8,8,0.9912484884262085
3264,1,1,0.9995080232620239
3265,0,0,0.999980092048645
3266,0,0,0.983112633228302
3267,2,2,0.9976223111152649
3268,1,1,0.9999229907989502
3269,6,6,0.9996718168258667
3270,6,6,0.9999858140945435
3271,0,0,0.9999758005142212
3272,1,1,0.9999433755874634
3273,6,6,0.9998229146003723
3274,2,2,0.9999927282333374
3275,5,5,0.999586284160614
3276,1,1,0.9999889135360718
3277,7,7,0.9996094107627869
3278,4,4,0.9999383687973022
3279,8,8,0.9998455047607422
3280,2,2,0.9948228597640991
3281,1,1,0.9998984336853027
3282,4,4,0.9993699193000793
3283,3,3,0.9999960660934448
3284,8,8,0.9972896575927734
3285,3,3,0.9999856948852539
3286,9,9,0.9999910593032837
3287,9,9,0.9990686774253845
3288,4,4,0.5463888645172119
3289,8,9,0.7710164189338684
3290,3,3,0.9997851252555847
3291,4,4,0.9983604550361633
3292,7,7,0.9998867511749268
3293,2,2,0.9999980926513672
3294,7,7,0.9999001026153564
3295,5,5,0.9999872446060181
3296,7,7,0.9978618025779724
3297,0,0,0.9995922446250916
3298,4,4,0.9999566078186035
3299,3,3,0.9999847412109375
3300,3,3,0.9999710321426392
3301,2,2,0.9999918937683105
3302,6,6,0.9993674159049988
3303,7,7,0.9920010566711426
3304,6,6,0.9997664093971252
3305,0,0,0.9995561242103577
3306,0,0,0.9998157620429993
3307,6,6,0.9999998807907104
3308,7,7,0.9999798536300659
3309,7,7,0.9999680519104004
3310,0,0,0.9999099969863892
3311,5,5,0.9999936819076538
3312,5,5,0.9997459053993225
3313,8,8,0.9998088479042053
3314,1,1,0.9999420642852783
3315,0,0,0.9999908208847046
3316,7,7,0.8929294943809509
3317,0,0,0.9989548921585083
3318,2,2,0.9996132254600525
3319,8,8,0.9971200227737427
3320,1,1,0.9998347759246826
3321,5,5,0.9995161294937134
3322,0,0,0.999055802822113
3323,8,8,0.9955260157585144
3324,8,8,0.9998997449874878
3325,0,0,0.9999878406524658
3326,3,3,0.999224066734314
3327,2,2,0.9999113082885742
3328,7,7,0.9988486766815186
3329,7,7,0.9547911882400513
3330,2,2,0.8757638335227966
3331,6,6,0.9996658563613892
3332,4,4,0.9999510049819946
3333,7,7,0.9818890690803528
3334,5,5,0.999347984790802
3335,5,5,0.999805748462677
3336,5,5,0.882685124874115
3337,2,2,0.8867065906524658
3338,9,9,0.9997797608375549
3339,2,2,0.9989514350891113
3340,8,8,0.9998503923416138
3341,4,4,0.9997195601463318
3342,6,6,0.9953280687332153
3343,8,8,0.9991433620452881
3344,6,6,0.996956467628479
3345,5,5,0.9967431426048279
3346,0,0,0.9999864101409912
3347,0,0,0.9962602853775024
3348,8,8,0.9993081092834473
3349,7,7,0.9996711015701294
3350,6,6,0.9999692440032959
3351,1,1,0.9997709393501282
3352,7,7,0.9812491536140442
3353,1,1,0.9989933371543884
3354,1,1,0.9999586343765259
3355,2,2,0.9999998807907104
3356,7,7,0.9999889135360718
3357,4,4,0.9998908042907715
3358,0,0,0.9481066465377808
3359,0,0,0.9998096823692322
3360,7,7,0.9999291896820068
3361,7,7,0.9918050765991211
3362,6,6,0.9999973773956299
3363,3,3,0.9999148845672607
3364,8,8,0.9998730421066284
3365,6,6,0.9973143935203552
3366,4,4,0.999981164932251
3367,2,2,0.9891656041145325
3368,0,0,0.9998893737792969
3369,9,9,0.7241905331611633
3370,4,4,0.9999991655349731
3371,0,0,0.9999834299087524
3372,5,5,0.9994515776634216
3373,7,7,0.9842498302459717
3374,8,8,0.9997608065605164
3375,2,2,0.9989939332008362
3376,7,7,0.9962016940116882
3377,4,4,0.9231964349746704
3378,7,7,0.9999330043792725
3379,1,1,0.999980092048645
3380,1,1,0.999935507774353
3381,3,3,0.9998026490211487
3382,6,6,0.9999219179153442
3383,6,6,0.9994710087776184
3384,2,2,0.894258975982666
3385,9,9,0.9999665021896362
3386,1,1,0.9996199607849121
3387,9,9,0.9999575614929199
3388,4,4,0.991814911365509
3389,8,8,0.9999556541442871
3390,3,3,0.9999145269393921
3391,6,6,0.9999802112579346
3392,9,9,0.9999597072601318
3393,5,5,0.9999167919158936
3394,9,9,0.9993483424186707
3395,6,6,0.9999634027481079
3396,2,2,0.9999690055847168
3397,4,4,0.999998927116394
3398,6,6,0.9998144507408142
3399,7,7,0.999955415725708
3400,7,7,0.9999790191650391
3401,0,0,0.9997223019599915
3402,6,6,0.999821126461029
3403,6,6,0.9999762773513794
3404,9,9,0.9996514320373535
3405,4,4,0.987759530544281
3406,8,8,0.999748170375824
3407,3,3,0.9999982118606567
3408,5,5,0.9999299049377441
3409,3,3,0.9999998807907104
3410,4,4,0.9993164539337158
3411,9,9,0.9992924928665161
3412,0,0,0.9528990983963013
3413,0,0,0.9999299049377441
3414,5,5,0.998950183391571
3415,2,2,0.9995527863502502
3416,5,5,0.9999716281890869
3417,0,0,0.9998661279678345
3418,7,7,0.9994068145751953
3419,1,1,0.999980092048645
3420,1,1,0.999760091304779
3421,1,1,0.9999573230743408
3422,6,6,0.7870956659317017
3423,7,7,0.9970499277114868
3424,6,6,0.9999349117279053
3425,7,7,0.9989594221115112
3426,9,9,0.9999749660491943
3427,6,6,0.9939253926277161
3428,6,6,0.9998828172683716
3429,4,4,0.9989668130874634
3430,1,1,0.9987087249755859
3431,4,4,0.9989331364631653
3432,3,3,0.9995787739753723
3433,1,1,0.999945878982544
3434,1,1,0.9999508857727051
3435,2,2,0.9999464750289917
3436,2,2,0.9921661615371704
3437,4,4,0.9997840523719788
3438,1,1,0.9998588562011719
3439,0,0,0.9999030828475952
3440,8,8,0.9999268054962158
3441,7,7,0.9977931976318359
3442,6,6,0.9998975992202759
3443,3,3,0.9999980926513672
3444,4,4,0.9998688697814941
3445,0,0,0.9999265670776367
3446,0,0,0.9996594190597534
3447,6,6,0.9999090433120728
3448,3,3,0.9974851608276367
3449,3,3,0.9999991655349731
3450,0,0,0.9956346154212952
3451,7,7,0.7574012279510498
3452,1,1,0.9998873472213745
3453,7,7,0.9995346069335938
3454,1,1,0.9999659061431885
3455,1,1,0.9999885559082031
3456,3,3,0.9996100068092346
3457,1,1,0.8798019289970398
3458,0,0,0.999991774559021
3459,9,9,0.9999268054962158
3460,9,9,0.9863240122795105
3461,7,7,0.9999768733978271
3462,5,5,0.9999992847442627
3463,4,4,0.9999995231628418
3464,1,1,0.9982307553291321
3465,4,4,0.997978150844574
3466,8,8,0.9997584223747253
3467,9,9,0.9999654293060303
3468,5,5,0.9988699555397034
3469,3,3,0.9999775886535645
3470,5,5,0.9999697208404541
3471,1,1,0.999688982963562
3472,9,9,0.9999831914901733
3473,8,8,0.9996539354324341
3474,2,2,0.9531369805335999
3475,3,3,0.740675151348114
3476,3,3,0.9999544620513916
3477,9,9,0.9995827078819275
3478,9,9,0.9999645948410034
3479,0,0,0.9999608993530273
3480,1,1,0.9998749494552612
3481,0,0,0.9999634027481079
3482,2,2,0.9999483823776245
3483,9,9,0.9998748302459717
3484,3,3,0.9999994039535522
3485,9,9,0.9999862909317017
3486,3,3,0.9999994039535522
3487,3,3,0.9999994039535522
3488,6,6,0.999914288520813
3489,2,2,0.9995658993721008
3490,4,4,0.9817294478416443
3491,9,9,0.9998317956924438
3492,8,8,0.8958452343940735
3493,3,3,0.9999996423721313
3494,7,7,0.9957051873207092
3495,4,4,0.9999045133590698
3496,0,0,0.9997771382331848
3497,4,4,0.9999206066131592
3498,7,7,0.9926543235778809
3499,8,8,0.9999897480010986
3500,4,4,0.9999004602432251
3501,9,9,0.9999219179153442
3502,8,8,0.9979161620140076
3503,9,1,0.8040547966957092
3504,9,9,0.9981886744499207
3505,7,7,0.9986600875854492
3506,5,5,0.9997740387916565
3507,9,9,0.9999730587005615
3508,2,2,0.9998494386672974
3509,8,8,0.9904199242591858
3510,2,2,0.9999179840087891
3511,2,2,0.9342929124832153
3512,0,0,0.9999871253967285
3513,2,2,0.9999948740005493
3514,2,2,0.999921441078186
3515,3,3,0.9999971389770508
3516,8,8,0.9977241158485413
3517,4,4,0.9999710321426392
3518,6,6,0.9999313354492188
3519,8,8,0.998779833316803
3520,6,4,0.6597397923469543
3521,8,8,0.9999024868011475
3522,2,2,0.999860405921936
3523,4,4,0.9999364614486694
3524,6,6,0.9999858140945435
3525,7,7,0.9973383545875549
3526,9,9,0.9995705485343933
3527,3,3,0.9999829530715942
3528,3,3,0.9999985694885254
3529,9,9,0.9982821941375732
3530,4,4,0.9998780488967896
3531,3,3,0.9999287128448486
3532,1,1,0.9999486207962036
3533,4,9,0.8384117484092712
3534,4,4,0.9105303883552551
3535,7,7,0.9999380111694336
3536,0,0,0.9996299743652344
3537,5,5,0.9995669722557068
3538,9,9,0.9999197721481323
3539,6,6,0.9998281002044678
3540,0,0,0.9991293549537659
3541,4,4,0.9923141598701477
3542,4,4,0.9988214373588562
3543,4,4,0.9993252754211426
3544,4,4,0.9997448325157166
3545,6,6,0.9999980926513672
3546,1,1,0.9999750852584839
3547,2,2,0.9988301396369934
3548,3,3,0.9999973773956299
3549,3,3,0.9999178647994995
3550,6,6,0.8963735699653625
3551,4,4,0.9999877214431763
3552,5,5,0.9997765421867371
3553,9,9,0.9998503923416138
3554,6,6,0.9999926090240479
3555,8,8,0.9944248199462891
3556,5,5,0.99998939037323
3557,6,6,0.9862935543060303
3558,5,0,0.3704138696193695
3559,8,8,0.9022546410560608
3560,6,6,0.9999932050704956
3561,4,4,0.9988349080085754
3562,1,1,0.9998295307159424
3563,8,8,0.9924830794334412
3564,6,6,0.9986603260040283
3565,5,5,0.9857875108718872
3566,2,2,0.9999291896820068
3567,8,8,0.9962047934532166
3568,4,4,0.9999499320983887
3569,5,5,0.9999986886978149
3570,5,5,0.999991774559021
3571,4,4,0.9777440428733826
3572,7,7,0.9999163150787354
3573,7,7,0.9980971217155457
3574,0,0,0.9743932485580444
3575,7,7,0.9993158578872681
3576,8,8,0.9988470077514648
3577,2,2,0.9999337196350098
3578,2,2,0.989929735660553
3579,3,3,0.999998927116394
3580,7,7,0.9985981583595276
3581,0,0,0.9994826316833496
3582,1,1,0.997944176197052
3583,8,8,0.9980247020721436
3584,0,0,0.9999943971633911
3585,7,7,0.9986013770103455
3586,1,1,0.9998962879180908
3587,9,9,0.9998225569725037
3588,8,8,0.9999808073043823
3589,7,7,0.999250590801239
3590,5,5,0.9999281167984009
3591,5,5,0.9831199645996094
3592,9,9,0.9987512826919556
3593,1,1,0.9999650716781616
3594,7,7,0.9999574422836304
3595,5,5,0.9999970197677612
3596,4,4,0.9998530149459839
3597,9,9,0.470129132270813
3598,1,1,0.9976420402526855
3599,2,2,0.9923149943351746
3600,2,2,0.9955365657806396
3601,1,1,0.9821749329566956
3602,6,6,0.9999964237213135
3603,6,6,0.9999997615814209
3604,7,7,0.9934533834457397
3605,1,1,0.9999198913574219
3606,1,1,0.9994744658470154
3607,4,4,0.9989318251609802
3608,0,0,0.9999842643737793
3609,7,7,0.9984481334686279
3610,4,4,0.999987006187439
3611,2,2,0.9996480941772461
3612,4,4,0.9999818801879883
3613,0,0,0.9998414516448975
3614,6,6,0.9999970197677612
3615,4,4,0.999685525894165
3616,7,7,0.9997612833976746
3617,6,6,0.999896764755249
3618,9,9,0.9934002161026001
3619,5,5,0.9999772310256958
3620,3,3,0.9999381303787231
3621,4,4,0.9999939203262329
3622,6,6,0.9999916553497314
3623,5,5,0.9998212456703186
3624,0,0,0.9998648166656494
3625,1,1,0.9999829530715942
3626,8,3,0.5997844338417053
3627,8,8,0.9996895790100098
3628,2,2,0.9999955892562866
3629,8,8,0.9001676440238953
3630,3,3,0.9999985694885254
3631,5,5,0.9999949932098389
3632,7,7,0.9999688863754272
3633,8,8,0.9999954700469971
3634,0,0,0.9989782571792603
3635,8,8,0.9742408394813538
3636,5,5,0.9998952150344849
3637,7,7,0.999710738658905
3638,1,1,0.9999207258224487
3639,1,1,0.9999537467956543
3640,0,0,0.9714051485061646
3641,1,1,0.9999231100082397
3642,3,3,1.0
3643,7,7,0.999911904335022
3644,8,8,0.9999279975891113
3645,5,5,0.9999874830245972
3646,0,0,0.9998860359191895
3647,7,7,0.9987961053848267
3648,1,1,0.9999840259552002
3649,1,1,0.999853253364563
3650,0,0,0.9999029636383057
3651,1,1,0.9999722242355347
3652,1,1,0.9999842643737793
3653,4,4,0.9998377561569214
3654,5,5,0.9953240752220154
3655,2,2,0.9999357461929321
3656,7,7,0.9998887777328491
3657,6,6,0.9999992847442627
3658,2,2,0.9995668530464172
3659,3,3,0.9999996423721313
3660,0,0,0.9999741315841675
3661,2,2,0.9999330043792725
3662,8,0,0.2797049283981323
3663,5,5,0.9849361777305603
3664,9,9,0.9950919151306152
3665,6,6,0.9999313354492188
3666,9,9,0.9999514818191528
3667,7,7,0.999944806098938
3668,2,2,0.9999978542327881
3669,1,1,0.9999814033508301
3670,3,3,0.9999995231628418
3671,6,6,0.9999911785125732
3672,4,4,0.9919547438621521
3673,1,1,0.9999179840087891
3674,8,8,0.9995317459106445
3675,2,2,0.9999945163726807
3676,4,4,0.9999414682388306
3677,0,0,0.9999711513519287
3678,5,5,0.9999603033065796
3679,1,1,0.99989914894104
3680,0,0,0.9998635053634644
3681,2,2,0.8413317203521729
3682,2,2,0.999916672706604
3683,6,6,0.9998956918716431
3684,4,4,0.9998847246170044
3685,4,4,0.9998759031295776
3686,3,3,0.9997100234031677
3687,9,9,0.9995684027671814
3688,6,6,0.9283332824707031
3689,1,1,0.9999486207962036
3690,6,6,0.9993689656257629
3691,5,5,0.9999728202819824
3692,7,7,0.9999938011169434
3693,9,9,0.9999412298202515
3694,2,2,0.9987698197364807
3695,0,0,0.9998759031295776
3696,2,2,0.999765932559967
3697,6,6,0.999964714050293
3698,0,0,0.998267650604248
3699,1,1,0.9998824596405029
3700,4,4,0.9999222755432129
3701,3,3,0.9999997615814209
3702,5,5,0.837372362613678
3703,2,2,0.9999593496322632
3704,8,8,0.9998503923416138
3705,8,8,0.9989175796508789
3706,0,0,0.9996267557144165
3707,8,8,0.9999486207962036
3708,8,8,0.9999128580093384
3709,9,9,0.999924898147583
3710,0,0,0.9947054982185364
3711,9,9,0.9996480941772461
3712,6,6,0.999998927116394
3713,7,7,0.9993884563446045
3714,6,6,0.9999865293502808
3715,3,3,0.9999997615814209
3716,9,9,0.9683544635772705
3717,3,3,0.9999791383743286
3718,4,4,0.8103427290916443
3719,7,7,0.9992369413375854
3720,7,7,0.9983826875686646
3721,7,7,0.976662278175354
3722,4,4,0.9999903440475464
3723,9,9,0.9999444484710693
3724,0,0,0.99980229139328
3725,6,6,0.9999366998672485
3726,4,4,0.9421648383140564
3727,8,8,0.7600042223930359
3728,4,4,0.9998511075973511
3729,2,2,0.9344930052757263
3730,7,7,0.7547603249549866
3731,2,2,0.9999860525131226
3732,8,8,0.9997945427894592
3733,1,1,0.9998875856399536
3734,0,0,0.9995774626731873
3735,0,0,0.9999790191650391
3736,7,7,0.9735860228538513
3737,8,8,0.9998264908790588
3738,3,3,0.9998670816421509
3739,3,3,0.9993374943733215
3740,3,3,0.9999995231628418
3741,1,1,0.9999184608459473
3742,3,3,0.9767827987670898
3743,7,7,0.9998741149902344
3744,6,6,0.9988524913787842
3745,1,1,0.9998468160629272
3746,3,3,0.9999997615814209
3747,1,1,0.9994577765464783
3748,6,6,0.9992617964744568
3749,6,6,0.9981460571289062
3750,5,5,0.9999878406524658
3751,7,7,0.8112264275550842
3752,4,4,0.9999920129776001
3753,7,7,0.9999144077301025
3754,5,5,0.9996218681335449
3755,9,9,0.9949201941490173
3756,5,5,0.9983629584312439
3757,8,8,0.9834368228912354
3758,4,4,0.999963641166687
3759,9,9,0.9999958276748657
3760,9,9,0.9999758005142212
3761,1,1,0.999462902545929
3762,6,6,0.8705579042434692
3763,5,5,0.9998579025268555
3764,0,0,0.9982853531837463
3765,1,1,0.9998657703399658
3766,3,3,0.9991419315338135
3767,7,7,0.9036184549331665
3768,0,0,0.9999133348464966
3769,3,3,0.9994283318519592
3770,4,4,0.9999933242797852
3771,8,8,0.9999382495880127
3772,2,2,0.9588820338249207
3773,2,2,0.9999743700027466
3774,0,0,0.9999241828918457
3775,2,2,0.9999959468841553
3776,5,5,0.9946728348731995
3777,1,1,0.9999568462371826
3778,5,5,0.8778535723686218
3779,1,1,0.9999738931655884
3780,4,6,0.6516551375389099
3781,8,8,0.9996002316474915
3782,8,8,0.9951817393302917
3783,9,9,0.9996546506881714
3784,1,1,0.9996029734611511
3785,2,2,0.9945595860481262
3786,1,1,0.9992584586143494
3787,3,3,0.9997105002403259
3788,5,5,0.9999998807907104
3789,1,1,0.9999617338180542
3790,0,0,0.9999580383300781
3791,9,9,0.9975390434265137
3792,4,4,0.9998956918716431
3793,4,4,0.999749481678009
3794,8,8,0.5669564008712769
3795,3,3,0.9999746084213257
3796,2,2,0.9832426905632019
3797,5,5,0.9997726082801819
3798,9,9,0.9998667240142822
3799,7,7,0.9954025745391846
3800,6,6,0.9981710910797119
3801,6,6,0.9991397857666016
3802,2,2,0.9999997615814209
3803,0,0,0.9999129772186279
3804,0,0,0.999767005443573
3805,0,0,0.9999772310256958
3806,5,5,0.9908738136291504
3807,8,8,0.9999986886978149
3808,7,7,0.549213707447052
3809,1,1,0.9999430179595947
3810,5,5,0.9978758096694946
3811,2,2,0.7979069352149963
3812,3,3,0.999991774559021
3813,8,8,0.9999873638153076
3814,5,5,0.9999954700469971
3815,1,1,0.9999758005142212
3816,8,8,0.9996465444564819
3817,2,2,0.9997395873069763
3818,0,0,0.9500319361686707
3819,4,4,0.9999946355819702
3820,9,9,0.9986392855644226
3821,9,9,0.8614504337310791
3822,6,6,0.9999992847442627
3823,2,2,0.9999899864196777
3824,3,3,0.9999946355819702
3825,3,3,0.9999933242797852
3826,5,5,0.9999071359634399
3827,6,6,0.9999954700469971
3828,4,4,0.9999938011169434
3829,8,8,0.9999505281448364
3830,0,0,0.9999840259552002
3831,9,9,0.9988471269607544
3832,2,2,0.9999027252197266
3833,8,8,0.9482544660568237
3834,3,3,0.9999936819076538
3835,6,6,0.9998185038566589
3836,7,7,0.9963636994361877
3837,5,5,0.9999555349349976
3838,7,7,0.9905210733413696
3839,2,2,0.9954681396484375
3840,9,9,0.9997932314872742
3841,4,4,0.9999593496322632
3842,9,9,0.9998515844345093
3843,1,1,0.9999270439147949
3844,2,2,0.999957799911499
3845,8,8,0.999896764755249
3846,6,6,0.9970170259475708
3847,0,0,0.9998000264167786
3848,7,7,0.980791449546814
3849,0,0,0.9999946355819702
3850,9,9,0.8656527400016785
3851,1,1,0.9999492168426514
3852,1,1,0.9995915293693542
3853,6,6,0.5855861902236938
3854,7,7,0.9998353719711304
3855,5,5,0.9993921518325806
3856,9,9,0.997461199760437
3857,9,9,0.9999306201934814
3858,1,1,0.9996802806854248
3859,9,9,0.992003321647644
3860,5,5,0.9999233484268188
3861,9,9,0.9995691180229187
3862,2,2,0.9600194692611694
3863,5,5,0.9999499320983887
3864,0,0,0.9997959733009338
3865,4,4,0.9999983310699463
3866,1,1,0.9998959302902222
3867,0,0,0.9994630217552185
3868,8,8,0.9996557235717773
3869,9,9,0.9233456254005432
3870,0,0,0.9999518394470215
3871,8,8,0.9942626357078552
3872,9,9,0.9999680519104004
3873,8,8,0.9997755885124207
3874,9,9,0.9999790191650391
3875,4,4,0.999250590801239
3876,2,2,0.9947569370269775
3877,5,5,0.9999939203262329
3878,7,7,0.9982724189758301
3879,9,9,0.9992983341217041
3880,8,8,0.999927282333374
3881,9,9,0.9991269707679749
3882,8,8,0.9999959468841553
3883,0,0,0.9998169541358948
3884,9,9,0.996537446975708
3885,9,9,0.9994155168533325
3886,6,6,0.9999889135360718
3887,8,8,0.9998767375946045
3888,9,9,0.9994070529937744
3889,9,9,0.9999277591705322
3890,5,5,0.99994957447052
3891,9,9,0.9999288320541382
3892,8,8,0.999998927116394
3893,5,5,0.9288187623023987
3894,1,1,0.9994470477104187
3895,0,0,0.9999274015426636
3896,3,3,0.9999984502792358
3897,3,3,0.9999600648880005
3898,5,5,0.9941501617431641
3899,2,2,0.9999480247497559
3900,1,1,0.9999072551727295
3901,6,6,0.9999916553497314
3902,5,5,0.8631278276443481
3903,0,0,0.9999969005584717
3904,2,2,0.9988415837287903
3905,8,8,0.9999730587005615
3906,1,1,0.5177699327468872
3907,5,5,0.9999997615814209
3908,6,6,0.9997861981391907
3909,2,2,0.9997716546058655
3910,3,3,0.9999979734420776
3911,0,0,0.999970555305481
3912,2,2,0.9999207258224487
3913,2,2,0.9984065890312195
3914,6,6,0.9999343156814575
3915,4,4,0.9999853372573853
3916,3,3,0.9997181296348572
3917,5,5,0.9985374212265015
3918,5,5,0.9912860989570618
3919,1,1,0.9999692440032959
3920,7,7,0.9999396800994873
3921,2,2,0.9999630451202393
3922,1,1,0.9999185800552368
3923,6,6,0.9999879598617554
3924,9,9,0.999365508556366
3925,1,1,0.9997003078460693
3926,9,9,0.9149349927902222
3927,9,9,0.9998880624771118
3928,5,5,0.9998883008956909
3929,5,5,0.9998722076416016
3930,1,1,0.9999749660491943
3931,6,6,0.9996569156646729
3932,2,2,0.9999979734420776
3933,2,2,1.0
3934,8,8,0.9999918937683105
3935,6,6,0.9999793767929077
3936,7,7,0.9998099207878113
3937,1,1,0.9998076558113098
3938,4,4,0.9993626475334167
3939,6,6,0.9971953630447388
3940,0,0,0.9965697526931763
3941,4,4,0.8946716785430908
3942,0,0,0.9998302459716797
3943,3,3,0.9953789710998535
3944,3,3,0.9999960660934448
3945,2,2,0.9999203681945801
3946,2,2,0.8942939639091492
3947,3,3,0.9999997615814209
3948,6,6,0.9998973608016968
3949,8,8,0.9999758005142212
3950,9,9,0.9952747821807861
3951,8,8,0.44295573234558105
3952,5,5,0.9998688697814941
3953,3,3,0.9999442100524902
3954,8,8,0.9134598970413208
3955,5,5,0.9999939203262329
3956,4,4,0.9999756813049316
3957,5,5,0.9991928935050964
3958,2,2,0.9999665021896362
3959,0,0,0.999988317489624
3960,5,5,0.9999943971633911
3961,6,6,0.9992926120758057
3962,3,3,0.9998877048492432
3963,2,2,0.9998816251754761
3964,8,8,0.9988239407539368
3965,3,3,0.9999916553497314
3966,9,9,0.9999117851257324
3967,9,9,0.9974226951599121
3968,5,5,0.6308832168579102
3969,7,7,0.9915340542793274
3970,9,9,0.9993839263916016
3971,4,4,0.9930740594863892
3972,6,6,0.9999947547912598
3973,7,7,0.9999017715454102
3974,1,1,0.9996271133422852
3975,3,3,0.9999425411224365
3976,7,7,0.7730565071105957
3977,3,3,0.9999674558639526
3978,6,6,0.9999746084213257
3979,6,6,0.999944806098938
3980,0,0,0.9997358918190002
3981,9,9,0.9999673366546631
3982,0,0,0.9986270666122437
3983,1,1,0.9998422861099243
3984,9,9,0.9809848070144653
3985,9,9,0.8799507021903992
3986,2,2,0.9953573346138
3987,8,8,0.9970398545265198
3988,8,8,0.9484120607376099
3989,0,0,0.9995428323745728
3990,1,1,0.9999173879623413
3991,6,6,0.9999872446060181
3992,9,9,0.9999775886535645
3993,7,7,0.9998934268951416
3994,5,5,0.9999595880508423
3995,3,3,0.9974353909492493
3996,4,4,0.9991604089736938
3997,7,7,0.9983976483345032
3998,4,4,0.9995361566543579
3999,9,9,0.9999891519546509
4000,9,9,0.9827232360839844
4001,4,4,0.9992867112159729
4002,3,3,0.9998741149902344
4003,6,6,0.9999703168869019
4004,3,3,0.9999955892562866
4005,1,1,0.9992882609367371
4006,1,1,0.9999279975891113
4007,7,7,0.6793653964996338
4008,6,6,0.9999933242797852
4009,9,9,0.9992387294769287
4010,1,1,0.9999287128448486
4011,8,8,0.9978074431419373
4012,4,4,0.998845100402832
4013,1,1,0.9993810653686523
4014,1,1,0.9997594952583313
4015,9,9,0.9934214949607849
4016,9,9,0.9999699592590332
4017,4,4,0.9361845850944519
4018,3,3,0.9995551705360413
4019,6,6,0.9999901056289673
4020,8,8,0.9999948740005493
4021,1,1,0.9998884201049805
4022,6,6,0.999774158000946
4023,0,0,0.9998489618301392
4024,4,4,0.9999849796295166
4025,1,1,0.9999531507492065
4026,3,3,0.9999997615814209
4027,7,7,0.5556405782699585
4028,7,7,0.9999741315841675
4029,4,4,0.9911136031150818
4030,9,9,0.997092604637146
4031,5,5,0.9979320764541626
4032,1,1,0.9994696974754333
4033,0,0,0.9999717473983765
4034,0,0,0.999922513961792
4035,1,1,0.9999632835388184
4036,1,1,0.9999188184738159
4037,6,6,0.9874382615089417
4038,2,2,0.9999414682388306
4039,1,1,0.9998621940612793
4040,9,9,0.9999837875366211
4041,8,8,0.9994577765464783
4042,4,4,0.9996552467346191
4043,0,0,0.9999815225601196
4044,3,3,0.9996111989021301
4045,6,6,0.9999626874923706
4046,4,4,0.9999085664749146
4047,9,9,0.9982376098632812
4048,0,0,0.9999074935913086
4049,7,7,0.9999974966049194
4050,1,1,0.9998346567153931
4051,6,6,0.9999946355819702
4052,5,5,0.9914205074310303
4053,7,7,0.9905439019203186
4054,5,5,0.9999804496765137
4055,2,2,0.9996795654296875
4056,5,5,0.9993433356285095
4057,1,1,0.9999349117279053
4058,8,8,0.9998001456260681
4059,5,5,0.9974368810653687
4060,4,4,0.9993265867233276
4061,7,7,0.9995092153549194
4062,0,0,0.999864935874939
4063,6,6,0.9960756897926331
4064,7,7,0.9999954700469971
4065,0,0,0.6817877888679504
4066,2,2,0.9999823570251465
4067,5,5,0.9993855953216553
4068,8,8,0.9999041557312012
4069,1,1,0.999995231628418
4070,0,0,0.9999653100967407
4071,4,4,0.9993047714233398
4072,5,5,0.9987126588821411
4073,7,7,0.9999982118606567
4074,1,1,0.9996622800827026
4075,8,0,0.4508810341358185
4076,5,5,0.9999444484710693
4077,1,1,0.9998481273651123
4078,9,9,0.5652267932891846
4079,0,0,0.9997074007987976
4080,0,0,0.9999359846115112
4081,6,6,0.9993544220924377
4082,0,0,0.9994949102401733
4083,7,7,0.9999947547912598
4084,3,3,0.9999909400939941
4085,1,1,0.999961256980896
4086,8,8,0.9998747110366821
4087,3,3,0.9999839067459106
4088,9,9,0.9996739625930786
4089,7,7,0.9999737739562988
4090,0,0,0.9999098777770996
4091,0,0,0.9999796152114868
4092,8,8,0.9979730248451233
4093,9,9,0.997017502784729
4094,5,5,0.9996457099914551
4095,9,9,0.9999337196350098
4096,8,8,0.9999669790267944
4097,3,3,0.9999971389770508
4098,2,2,0.9999427795410156
4099,7,7,0.9953253269195557
4100,2,2,0.8433577418327332
4101,9,9,0.9999600648880005
4102,7,7,0.9024325013160706
4103,2,2,0.9999587535858154
4104,1,1,0.9999535083770752
4105,1,1,0.9998598098754883
4106,3,3,0.9999996423721313
4107,7,7,0.9988253712654114
4108,5,5,0.9999986886978149
4109,3,3,0.9999903440475464
4110,1,1,0.9995782971382141
4111,9,9,0.9948595762252808
4112,8,8,0.9995456337928772
4113,2,2,0.9999285936355591
4114,2,2,0.9932796359062195
4115,2,2,0.9999603033065796
4116,8,8,0.9855853915214539
4117,8,8,0.9939756989479065
4118,5,5,0.9994785189628601
4119,7,7,0.9987359642982483
4120,3,3,0.9999834299087524
4121,8,8,0.9999815225601196
4122,9,9,0.9999786615371704
4123,8,8,0.999940037727356
4124,8,8,0.9866580367088318
4125,6,6,0.9999372959136963
4126,8,8,0.9905248284339905
4127,2,2,0.9999445676803589
4128,3,3,0.9999216794967651
4129,9,9,0.9991641044616699
4130,7,7,0.999944806098938
4131,5,5,0.9993532299995422
4132,6,6,0.999992847442627
4133,2,2,0.9999938011169434
4134,9,9,0.999289870262146
4135,2,2,0.9997816681861877
4136,8,8,0.9999892711639404
4137,8,8,0.9982920289039612
4138,1,1,0.9999252557754517
4139,6,6,0.9996229410171509
4140,8,8,0.9872881174087524
4141,8,8,0.9972723126411438
4142,7,7,0.9990018010139465
4143,9,9,0.9986404776573181
4144,1,1,0.9999654293060303
4145,8,8,0.9883577227592468
4146,0,0,0.9982519745826721
4147,1,1,0.9999243021011353
4148,7,7,0.9941148161888123
4149,2,2,0.9919920563697815
4150,0,0,0.9999668598175049
4151,7,7,0.9980865716934204
4152,5,5,0.9671180844306946
4153,1,1,0.9999324083328247
4154,9,9,0.9926833510398865
4155,0,0,0.9999858140945435
4156,2,2,0.9843387603759766
4157,0,0,0.9994220733642578
4158,9,9,0.999876856803894
4159,8,8,0.990597665309906
4160,6,6,0.9999191761016846
4161,2,2,0.9997838139533997
4162,3,3,1.0
4163,9,9,0.9583287239074707
4164,3,3,0.9999998807907104
4165,8,8,0.9924972057342529
4166,0,0,0.9999474287033081
4167,2,2,0.9998365640640259
4168,1,1,0.9999077320098877
4169,1,1,0.9999688863754272
4170,1,1,0.9997730851173401
4171,1,1,0.9985581040382385
4172,4,4,0.9999774694442749
4173,2,2,0.9999924898147583
4174,9,9,0.9989123344421387
4175,7,7,0.999777615070343
4176,2,7,0.8414178490638733
4177,5,5,0.9983429908752441
4178,1,1,0.9997288584709167
4179,1,1,0.9999326467514038
4180,2,2,0.9984258413314819
4181,1,1,0.9997730851173401
4182,9,9,0.9999558925628662
4183,9,9,0.9999500513076782
4184,9,9,0.9996145963668823
4185,1,1,0.9992154836654663
4186,0,0,0.9999849796295166
4187,2,2,0.9989308714866638
4188,0,0,0.9999760389328003
4189,2,2,0.9998719692230225
4190,1,1,0.999944806098938
4191,1,1,0.9998891353607178
4192,4,4,0.9993029832839966
4193,6,6,0.9954322576522827
4194,4,4,0.9961830973625183
4195,1,1,0.9999281167984009
4196,5,5,0.9901872277259827
4197,4,4,0.9996455907821655
4198,9,9,0.9997970461845398
4199,7,7,0.60103440284729
4200,7,7,0.9999940395355225
4201,1,1,0.9518004655838013
4202,5,5,0.999951958656311
4203,6,6,0.9999144077301025
4204,2,2,0.9993993043899536
4205,2,2,0.44057175517082214
4206,2,2,0.999964714050293
4207,8,8,0.9321380853652954
4208,0,0,0.9999921321868896
4209,6,6,0.9999303817749023
4210,9,9,0.9999182224273682
4211,6,6,0.9925723671913147
4212,1,1,0.9378571510314941
4213,9,9,0.9997449517250061
4214,7,7,0.999745786190033
4215,7,7,0.9999644756317139
4216,1,1,0.9997652173042297
4217,4,4,0.9992743134498596
4218,8,8,0.9999659061431885
4219,5,5,0.9999979734420776
4220,3,3,0.9999972581863403
4221,4,4,0.974956750869751
4222,3,3,0.9999972581863403
4223,4,4,0.9927883744239807
4224,9,7,0.5068191289901733
4225,7,7,0.9996904134750366
4226,5,5,0.9999837875366211
4227,0,0,0.9999691247940063
4228,7,7,0.9996684789657593
4229,4,4,0.9999334812164307
4230,8,8,0.9999992847442627
4231,8,8,0.9991720914840698
4232,1,1,0.9998074173927307
4233,5,5,0.9999780654907227
4234,3,3,0.9999949932098389
4235,9,9,0.9999618530273438
4236,5,5,0.9999996423721313
4237,9,9,0.999961256980896
4238,7,3,0.8993254899978638
4239,6,6,0.9988090991973877
4240,9,9,0.9999079704284668
4241,0,0,0.9999939203262329
4242,3,3,0.9999940395355225
4243,6,6,0.9999024868011475
4244,3,3,0.9992972612380981
4245,9,9,0.9999616146087646
4246,8,8,0.9997596144676208
4247,2,2,0.9999246597290039
4248,2,1,0.4799269139766693
4249,1,1,0.9999638795852661
4250,2,2,0.9998175501823425
4251,8,8,0.9999740123748779
4252,6,6,0.9999855756759644
4253,8,8,0.9997548460960388
4254,5,5,0.9997275471687317
4255,5,5,0.9939789772033691
4256,3,3,0.9877918362617493
4257,9,9,0.9999780654907227
4258,4,4,0.9999980926513672
4259,9,9,0.903034508228302
4260,2,2,0.9987195730209351
4261,5,5,0.9995978474617004
4262,1,1,0.9997550845146179
4263,5,5,0.9949579834938049
4264,1,1,0.999920129776001
4265,4,4,0.7357588410377502
4266,4,4,0.9978645443916321
4267,1,1,0.9999481439590454
4268,4,4,0.9967139959335327
4269,4,4,0.9184777736663818
4270,3,3,0.9999991655349731
4271,5,3,0.7838684320449829
4272,9,9,0.9999103546142578
4273,1,1,0.9997721314430237
4274,2,2,0.99965500831604
4275,2,2,0.9999819993972778
4276,3,3,0.9999948740005493
4277,3,3,0.99928218126297
4278,0,0,0.9999760389328003
4279,2,2,0.9999896287918091
4280,9,9,0.9989029169082642
4281,0,0,0.9995644688606262
4282,0,0,0.9997096657752991
4283,9,9,0.999972939491272
4284,9,9,0.9230146408081055
4285,6,6,0.9997374415397644
4286,0,0,0.998928964138031
4287,9,9,0.9933757185935974
4288,3,3,1.0
4289,2,7,0.8241311311721802
4290,8,8,0.9999443292617798
4291,4,4,0.9981197714805603
4292,1,1,0.9999650716781616
4293,9,9,0.999245285987854
4294,9,9,0.9997801184654236
4295,7,7,0.9998072981834412
4296,2,2,0.9999330043792725
4297,7,7,0.9946774244308472
4298,9,9,0.9999929666519165
4299,9,9,0.9812604188919067
4300,5,5,0.851870059967041
4301,9,9,0.9992928504943848
4302,5,5,0.9995133876800537
4303,1,1,0.9999887943267822
4304,1,1,0.9999499320983887
4305,8,8,0.9997296929359436
4306,3,3,0.9274242520332336
4307,5,5,0.9999920129776001
4308,1,1,0.9988657236099243
4309,9,9,0.9987057447433472
4310,5,5,0.9999918937683105
4311,3,3,0.9993701577186584
4312,5,5,0.9998748302459717
4313,4,4,0.8954472541809082
4314,9,9,0.9828969836235046
4315,5,5,0.9630603194236755
4316,9,9,0.9997333884239197
4317,3,3,0.999789297580719
4318,1,1,0.9997289776802063
4319,9,9,0.9999822378158569
4320,0,0,0.9998729228973389
4321,9,9,0.9994811415672302
4322,7,7,0.9999791383743286
4323,5,5,0.954465925693512
4324,4,4,0.9998924732208252
4325,9,9,0.9992642998695374
4326,2,2,0.9998792409896851
4327,0,0,0.9968773126602173
4328,1,1,0.9999935626983643
4329,0,0,0.99673992395401
4330,5,5,0.9981616139411926
4331,1,1,0.9998657703399658
4332,4,4,0.9999912977218628
4333,9,9,0.9972639083862305
4334,3,3,0.99997878074646
4335,3,3,0.999619722366333
4336,6,6,0.9999829530715942
4337,1,1,0.9997001886367798
4338,5,5,0.9997895359992981
4339,2,2,0.9997197985649109
4340,5,5,0.9999432563781738
4341,2,2,0.9972164630889893
4342,2,2,0.9999872446060181
4343,0,0,0.9999580383300781
4344,9,9,0.8534206748008728
4345,2,2,0.9999996423721313
4346,6,6,0.9999741315841675
4347,6,6,0.9999785423278809
4348,0,0,0.9999605417251587
4349,1,1,0.9993699193000793
4350,2,2,0.9762730002403259
4351,0,0,0.9999257326126099
4352,3,3,0.9999903440475464
4353,0,0,0.9999556541442871
4354,2,2,0.9996563196182251
4355,5,5,0.9958731532096863
4356,5,5,0.9911681413650513
4357,7,7,0.9999204874038696
4358,9,9,0.9996084570884705
4359,5,5,0.7554346323013306
4360,5,5,0.9240781664848328
4361,0,0,0.9998387098312378
4362,8,8,0.9999669790267944
4363,9,9,0.9998520612716675
4364,5,5,0.9999960660934448
4365,0,0,0.9998377561569214
4366,3,3,1.0
4367,2,2,0.9999827146530151
4368,5,5,0.9882708191871643
4369,9,9,0.9741294980049133
4370,0,0,0.9997227787971497
4371,8,8,0.9990298748016357
4372,8,8,0.999998927116394
4373,4,4,0.9997749924659729
4374,5,5,0.953471839427948
4375,8,8,0.9999904632568359
4376,8,8,0.9999622106552124
4377,4,4,0.9996191263198853
4378,5,5,0.9999345541000366
4379,4,4,0.9999818801879883
4380,8,8,0.9900920987129211
4381,5,5,0.999840497970581
4382,4,4,0.8630465865135193
4383,9,9,0.9939596652984619
4384,2,2,0.9955437779426575
4385,2,2,0.9995405673980713
4386,1,1,0.9999852180480957
4387,2,2,0.9997507929801941
4388,6,6,0.9999874830245972
4389,8,8,0.9997982382774353
4390,8,8,0.999480664730072
4391,7,7,0.9950965046882629
4392,0,0,0.9999644756317139
4393,3,3,0.9971325397491455
4394,6,6,0.9999966621398926
4395,6,6,0.9999759197235107
4396,4,4,0.9999340772628784
4397,3,3,0.999998927116394
4398,8,8,0.9999905824661255
4399,8,8,0.9861195087432861
4400,7,7,0.9329857230186462
4401,2,2,0.9949111342430115
4402,2,2,0.9999614953994751
4403,0,0,0.9795993566513062
4404,0,0,0.9999192953109741
4405,9,9,0.8553129434585571
4406,3,3,1.0
4407,9,9,0.9999963045120239
4408,9,9,0.9961162805557251
4409,1,1,0.9999754428863525
4410,9,9,0.9999600648880005
4411,8,8,0.9999758005142212
4412,6,6,0.999948263168335
4413,6,6,0.9991216063499451
4414,4,4,0.999963641166687
4415,2,2,0.9998539686203003
4416,6,6,0.9999980926513672
4417,9,9,0.9999749660491943
4418,2,2,0.9999977350234985
4419,8,8,0.9721778631210327
4420,5,5,0.9997804760932922
4421,4,4,0.9997112154960632
4422,5,5,0.992343008518219
4423,7,7,0.9993916749954224
4424,9,9,0.9988396763801575
4425,9,9,0.9940044283866882
4426,9,9,0.9992127418518066
4427,2,2,0.9986400008201599
4428,1,1,0.9999425411224365
4429,8,8,0.9965284466743469
4430,3,3,0.9999997615814209
4431,4,4,0.9995707869529724
4432,0,0,0.9997208714485168
4433,7,7,0.8947551846504211
4434,8,8,0.9584137201309204
4435,3,3,0.9998557567596436
4436,9,9,0.9999672174453735
4437,3,3,0.998740017414093
4438,4,4,0.9975960850715637
4439,6,6,0.9849091172218323
4440,5,5,0.9949169158935547
4441,6,6,0.9999309778213501
4442,2,2,0.9999750852584839
4443,3,3,0.9667556881904602
4444,9,9,0.9999339580535889
4445,2,2,0.999971866607666
4446,6,6,0.9999990463256836
4447,0,0,0.9999111890792847
4448,0,0,0.9995500445365906
4449,6,6,0.9971925616264343
4450,1,1,0.9999686479568481
4451,2,2,0.9974340796470642
4452,8,8,0.9994378685951233
4453,7,7,0.9998812675476074
4454,9,9,0.9823690056800842
4455,8,8,0.9983291029930115
4456,2,2,0.9995296001434326
4457,0,0,0.9997711777687073
4458,4,4,0.9994014501571655
4459,7,7,0.9993206262588501
4460,7,7,0.9958546161651611
4461,5,5,0.9997993111610413
4462,0,0,0.9999716281890869
4463,5,5,0.9996311664581299
4464,6,6,0.9999996423721313
4465,4,4,0.9975875616073608
4466,6,6,0.9999823570251465
4467,7,7,0.9998594522476196
4468,4,4,0.9999653100967407
4469,3,3,0.9999083280563354
4470,0,0,0.9998188614845276
4471,7,7,0.9998747110366821
4472,5,5,0.9967226386070251
4473,0,0,0.9998076558113098
4474,7,7,0.9999269247055054
4475,4,4,0.9997387528419495
4476,2,2,0.9998906850814819
4477,0,0,0.9863629937171936
4478,8,8,0.9977834820747375
4479,9,9,0.8094395399093628
4480,9,9,0.9972153902053833
4481,4,4,0.9980756044387817
4482,2,2,0.9817373752593994
4483,4,4,0.9991437196731567
4484,6,6,0.9999914169311523
4485,7,7,0.9998483657836914
4486,8,8,0.9985740184783936
4487,7,7,0.9605549573898315
4488,6,6,0.9987924098968506
4489,9,9,0.9883888959884644
4490,4,4,0.9999878406524658
4491,1,1,0.9993677735328674
4492,3,3,0.9999998807907104
4493,7,7,0.9998425245285034
4494,3,3,0.9995978474617004
4495,0,0,0.9999861717224121
4496,8,8,0.9998888969421387
4497,8,8,0.7979592680931091
4498,7,7,0.9602718949317932
4499,6,6,0.999824583530426
4500,9,1,0.6561843156814575
4501,3,3,0.9999954700469971
4502,9,9,0.9999674558639526
4503,2,2,0.9985658526420593
4504,2,2,0.8126094341278076
4505,9,9,0.9948554039001465
4506,2,2,0.9997264742851257
4507,1,1,0.5685952305793762
4508,8,8,0.9999774694442749
4509,3,3,0.9997623562812805
4510,2,2,0.999903678894043
4511,9,9,0.9971243739128113
4512,6,6,0.9999845027923584
4513,8,8,0.9489613771438599
4514,4,4,0.9995816349983215
4515,0,0,0.9971176385879517
4516,1,1,0.9999268054962158
4517,2,2,0.9999977350234985
4518,8,8,0.9997469782829285
4519,4,4,0.9991707801818848
4520,5,5,0.9990360736846924
4521,2,2,0.9937644004821777
4522,7,7,0.999993085861206
4523,8,8,0.9995218515396118
4524,1,1,0.9999685287475586
4525,1,1,0.999972939491272
4526,3,3,0.9999876022338867
4527,0,0,0.9995052814483643
4528,3,3,0.9990743398666382
4529,5,5,0.999996542930603
4530,7,7,0.9998146891593933
4531,0,0,0.9999009370803833
4532,3,3,0.9999990463256836
4533,1,1,0.9997881054878235
4534,9,9,0.999523401260376
4535,3,3,0.9999934434890747
4536,6,6,0.9485325217247009
4537,3,3,0.9999998807907104
4538,1,1,0.9968265891075134
4539,7,7,0.9999099969863892
4540,7,7,0.9981250166893005
4541,3,3,0.9999943971633911
4542,0,0,0.9999308586120605
4543,8,8,0.5250268578529358
4544,4,4,0.999858021736145
4545,8,8,0.9998884201049805
4546,2,2,0.9999492168426514
4547,6,6,0.9134349226951599
4548,5,5,0.9858521223068237
4549,2,2,0.9999843835830688
4550,9,9,0.9997593760490417
4551,7,7,0.7882084846496582
4552,3,3,0.9987138509750366
4553,9,9,0.9996962547302246
4554,0,0,0.9999388456344604
4555,9,9,0.9983739852905273
4556,9,9,0.9997571110725403
4557,6,6,0.9999951124191284
4558,4,4,0.9958621263504028
4559,2,2,0.9999710321426392
4560,9,9,0.9999271631240845
4561,7,7,0.9800693988800049
4562,2,2,0.9999346733093262
4563,1,1,0.9955626726150513
4564,1,1,0.9998028874397278
4565,6,6,0.9999113082885742
4566,7,7,0.987215518951416
4567,4,4,0.9809381365776062
4568,7,7,0.995556652545929
4569,5,5,0.9987382292747498
4570,9,9,0.9948710203170776
4571,6,8,0.5299325585365295
4572,8,8,0.9904190897941589
4573,2,2,0.9997058510780334
4574,1,1,0.9999032020568848
4575,4,2,0.8822702765464783
4576,4,4,0.9999204874038696
4577,5,5,0.9999687671661377
4578,7,7,0.8369010090827942
4579,6,6,0.9991034865379333
4580,1,1,0.9999257326126099
4581,3,3,0.9999977350234985
4582,2,2,0.9999736547470093
4583,5,5,0.9999926090240479
4584,9,9,0.999658465385437
4585,9,9,0.9996953010559082
4586,3,3,0.9999508857727051
4587,6,6,0.9999481439590454
4588,1,1,0.9999476671218872
4589,1,1,0.9999271631240845
4590,4,4,0.9999386072158813
4591,6,6,0.9999945163726807
4592,9,9,0.9996128678321838
4593,7,7,0.9999063014984131
4594,2,2,0.9900392889976501
4595,1,1,0.999847412109375
4596,5,5,0.9998912811279297
4597,1,1,0.9997619986534119
4598,4,4,0.9993464350700378
4599,6,6,0.9997726082801819
4600,3,3,1.0
4601,8,8,0.9067082405090332
4602,1,1,0.9998689889907837
4603,1,1,0.9999775886535645
4604,0,0,0.9479933381080627
4605,3,3,0.9999686479568481
4606,1,1,0.9999183416366577
4607,6,6,0.9998822212219238
4608,8,8,0.9992539286613464
4609,4,4,0.9999581575393677
4610,9,9,0.9998852014541626
4611,0,0,0.9999874830245972
4612,7,7,0.9999176263809204
4613,3,3,0.9999748468399048
4614,0,0,0.9974712133407593
4615,2,2,0.9700958728790283
4616,9,9,0.9999678134918213
4617,0,0,0.9988980293273926
4618,6,6,0.9999961853027344
4619,6,6,0.9950778484344482
4620,6,6,0.983159601688385
4621,3,3,0.9999996423721313
4622,6,6,0.9996957778930664
4623,7,7,0.9999821186065674
4624,7,7,0.9987099170684814
4625,2,2,0.9993067979812622
4626,8,8,0.9992011189460754
4627,6,6,0.9999756813049316
4628,0,0,0.9999979734420776
4629,8,8,0.9999995231628418
4630,3,3,0.9992033839225769
4631,0,0,0.9999735355377197
4632,2,2,0.992108166217804
4633,9,9,0.9972551465034485
4634,8,8,0.999761164188385
4635,3,3,0.9989088773727417
4636,2,2,0.9999979734420776
4637,5,5,0.9999450445175171
4638,3,3,0.9999960660934448
4639,8,8,0.585543155670166
4640,8,8,0.9827790856361389
4641,0,0,0.9997480511665344
4642,0,0,0.9996249675750732
4643,1,1,0.9995542168617249
4644,9,9,0.999678373336792
4645,5,5,0.9999905824661255
4646,1,1,0.9998952150344849
4647,3,3,0.9999991655349731
4648,9,9,0.9998130202293396
4649,6,6,0.999985933303833
4650,0,0,0.9999822378158569
4651,1,1,0.9999465942382812
4652,4,4,0.9996789693832397
4653,1,1,0.9998192191123962
4654,7,7,0.9999843835830688
4655,1,1,0.9997286200523376
4656,2,2,0.9944215416908264
4657,3,3,0.9999880790710449
4658,7,7,0.9969378709793091
4659,9,9,0.9993663430213928
4660,7,7,0.9892627596855164
4661,4,4,0.9999496936798096
4662,9,9,0.9986791014671326
4663,9,9,0.9999865293502808
4664,3,3,0.9999923706054688
4665,9,9,0.9168835282325745
4666,2,2,0.9999779462814331
4667,8,8,0.9999946355819702
4668,2,2,0.9998021721839905
4669,7,7,0.9999767541885376
4670,1,1,0.9999630451202393
4671,8,8,0.9974543452262878
4672,0,0,0.9994897842407227
4673,9,9,0.9995829463005066
4674,1,1,0.9936368465423584
4675,0,0,0.9997934699058533
4676,1,1,0.9998679161071777
4677,7,7,0.9997876286506653
4678,7,7,0.9999945163726807
4679,9,9,0.9981174468994141
4680,6,6,0.9999995231628418
4681,9,9,0.998067319393158
4682,9,9,0.9997417330741882
4683,9,9,0.9999364614486694
4684,2,2,0.9999594688415527
4685,1,1,0.9999258518218994
4686,6,6,0.9999977350234985
4687,1,1,0.9997922778129578
4688,3,3,0.9999867677688599
4689,5,5,0.9996528625488281
4690,7,7,0.8899961709976196
4691,1,1,0.9999443292617798
4692,9,9,0.9991586208343506
4693,7,7,0.9954530000686646
4694,6,6,0.9999616146087646
4695,4,4,0.9999520778656006
4696,5,5,0.513702392578125
4697,7,7,0.9996575117111206
4698,6,6,0.9992446899414062
4699,6,6,0.8350508809089661
4700,9,9,0.999849796295166
4701,9,9,0.9999375343322754
4702,6,6,0.9929124712944031
4703,3,3,0.999988317489624
4704,6,6,0.9999263286590576
4705,2,2,0.9999978542327881
4706,9,9,0.9997733235359192
4707,8,8,0.9998931884765625
4708,1,1,0.999977707862854
4709,2,2,0.999961256980896
4710,2,2,0.9999208450317383
4711,5,5,0.9998120665550232
4712,5,5,0.936124324798584
4713,2,2,0.9963976740837097
4714,3,3,0.9999978542327881
4715,7,7,0.9999352693557739
4716,2,2,0.9995741248130798
4717,1,1,0.9999442100524902
4718,0,0,0.9999569654464722
4719,1,1,0.9997420907020569
4720,0,0,0.9998749494552612
4721,4,4,0.9992792010307312
4722,5,5,0.9992996454238892
4723,2,2,0.9857755899429321
4724,8,8,0.5440244078636169
4725,2,2,0.9995061159133911
4726,8,8,0.9995859265327454
4727,3,3,0.999980092048645
4728,5,5,0.9999560117721558
4729,1,1,0.9996854066848755
4730,7,7,0.9999972581863403
4731,8,3,0.48992490768432617
4732,1,1,0.9999411106109619
4733,1,1,0.9999139308929443
4734,2,2,0.9998931884765625
4735,9,9,0.9996688365936279
4736,7,7,0.9981826543807983
4737,8,8,0.9661352038383484
4738,4,4,0.9932758808135986
4739,0,0,0.9867412447929382
4740,3,3,0.767246663570404
4741,0,0,0.9994992017745972
4742,7,7,0.9976296424865723
4743,8,8,0.8842005729675293
4744,8,8,0.9956421852111816
4745,4,4,0.9929710030555725
4746,7,7,0.9949820637702942
4747,7,7,0.9999924898147583
4748,8,8,0.9999983310699463
4749,5,5,0.9999538660049438
4750,8,8,0.9953505992889404
4751,4,4,0.9818621277809143
4752,9,9,0.9998300075531006
4753,8,8,0.9999315738677979
4754,1,1,0.9999581575393677
4755,3,3,0.999825656414032
4756,8,8,0.9999988079071045
4757,0,0,0.9999740123748779
4758,3,3,1.0
4759,1,1,0.9904043674468994
4760,7,7,0.9971649050712585
4761,9,4,0.856543779373169
4762,5,5,0.9999176263809204
4763,5,6,0.7832262516021729
4764,1,1,0.9999434947967529
4765,6,6,0.9998206496238708
4766,5,5,0.9999804496765137
4767,7,7,0.9999964237213135
4768,4,4,0.9992790818214417
4769,9,9,0.999950647354126
4770,3,3,0.9999996423721313
4771,5,5,0.9988096952438354
4772,4,4,0.9997394680976868
4773,7,7,0.9998317956924438
4774,1,1,0.9999527931213379
4775,2,2,0.9999847412109375
4776,0,0,0.9986258745193481
4777,8,8,0.9884152412414551
4778,1,1,0.9999055862426758
4779,6,6,0.9999983310699463
4780,0,0,0.9999932050704956
4781,7,7,0.9999773502349854
4782,3,3,0.9999957084655762
4783,4,4,0.5151318907737732
4784,7,7,0.9999802112579346
4785,3,3,0.9997836947441101
4786,9,9,0.9999912977218628
4787,6,6,0.9999908208847046
4788,0,0,0.9971444010734558
4789,8,8,0.9983978867530823
4790,6,6,0.9999568462371826
4791,4,4,0.9988536834716797
4792,8,8,0.9999948740005493
4793,7,7,0.9999933242797852
4794,7,7,0.9957813024520874
4795,9,9,0.9999881982803345
4796,3,3,0.9999974966049194
4797,8,8,0.9999758005142212
4798,6,6,0.9940707087516785
4799,9,9,0.9998863935470581
4800,7,7,0.9999936819076538
4801,2,2,0.9999442100524902
4802,3,3,0.9999657869338989
4803,4,4,0.9999847412109375
4804,0,0,0.9939000606536865
4805,2,2,0.9999531507492065
4806,1,1,0.9999071359634399
4807,8,0,0.8175166845321655
4808,3,3,0.9864984750747681
4809,5,5,0.9999951124191284
4810,5,5,0.9999867677688599
4811,7,7,0.9999905824661255
4812,2,2,0.9997970461845398
4813,4,4,0.9998365640640259
4814,6,6,0.8516429662704468
4815,7,7,0.995407223701477
4816,2,2,0.998846173286438
4817,8,8,0.9964590668678284
4818,3,3,0.9999996423721313
4819,0,0,0.9996798038482666
4820,8,8,0.9995232820510864
4821,7,7,0.9998773336410522
4822,8,8,0.999295711517334
4823,9,4,0.6039959192276001
4824,0,0,0.9997255206108093
4825,8,8,0.9868261218070984
4826,4,4,0.9975547194480896
4827,4,4,0.9998899698257446
4828,5,5,0.9962956309318542
4829,8,8,0.9987081289291382
4830,5,5,0.9997730851173401
4831,6,6,0.999988317489624
4832,6,6,0.9999257326126099
4833,3,3,0.9995891451835632
4834,0,0,0.9977658987045288
4835,9,9,0.9997425675392151
4836,3,3,0.9999972581863403
4837,7,7,0.8710735440254211
4838,6,6,0.8052106499671936
4839,8,8,0.9989563226699829
4840,9,9,0.9979140162467957
4841,3,3,0.9997850060462952
4842,4,4,0.9997249245643616
4843,9,9,0.9999750852584839
4844,5,5,0.9998306035995483
4845,8,8,0.9964718818664551
4846,9,9,0.999245285987854
4847,1,1,0.9997707009315491
4848,2,2,0.9999903440475464
4849,8,8,0.9999617338180542
4850,8,8,0.9999204874038696
4851,6,6,0.9989861845970154
4852,8,8,0.9801276922225952
4853,1,1,0.9999568462371826
4854,3,3,0.9997408986091614
4855,7,7,0.9993593096733093
4856,9,9,0.9996315240859985
4857,0,0,0.9997156262397766
4858,1,1,0.9998443126678467
4859,1,1,0.9998713731765747
4860,4,4,0.9474849104881287
4861,7,7,0.9904699325561523
4862,0,0,0.9999480247497559
4863,8,8,0.9449307918548584
4864,1,1,0.9994266033172607
4865,7,7,0.9999938011169434
4866,4,4,0.9998266100883484
4867,5,5,0.9999711513519287
4868,7,7,0.9999351501464844
4869,1,1,0.9998247027397156
4870,2,2,1.0
4871,1,1,0.9997625946998596
4872,1,1,0.9999662637710571
4873,3,3,0.9999891519546509
4874,9,6,0.3287443220615387
4875,6,6,0.999693751335144
4876,2,2,0.9960428476333618
4877,1,1,0.9999200105667114
4878,2,2,0.9999618530273438
4879,8,8,0.7403920888900757
4880,0,0,0.9263164401054382
4881,7,7,0.9997362494468689
4882,6,6,0.9896043539047241
4883,6,6,0.999976634979248
4884,9,9,0.9997884631156921
4885,3,3,0.9999948740005493
4886,7,1,0.6335445642471313
4887,0,0,0.9995397329330444
4888,5,5,0.751706063747406
4889,2,2,0.9999616146087646
4890,8,8,0.9256353974342346
4891,0,0,0.9999868869781494
4892,5,5,0.9999996423721313
4893,4,4,0.999455988407135
4894,3,3,0.999313473701477
4895,8,8,0.9999796152114868
4896,4,4,0.9970033764839172
4897,6,6,0.9998231530189514
4898,6,6,0.999724805355072
4899,2,2,0.934852659702301
4900,7,7,0.9984034895896912
4901,9,9,0.9999969005584717
4902,5,5,0.9770612120628357
4903,1,1,0.9991183876991272
4904,3,3,0.9999985694885254
4905,2,2,0.9999427795410156
4906,4,4,0.9998623132705688
4907,3,3,0.9999819993972778
4908,6,6,0.9999817609786987
4909,1,1,0.9997500777244568
4910,9,9,0.9998049139976501
4911,4,4,0.8465688228607178
4912,4,4,0.9999347925186157
4913,7,7,0.9998874664306641
4914,6,6,0.9999980926513672
4915,5,5,0.9934847950935364
4916,4,4,0.9999608993530273
4917,1,1,0.9998714923858643
4918,9,9,0.9586709141731262
4919,9,9,0.9999067783355713
4920,2,2,0.9999998807907104
4921,7,7,0.9851211309432983
4922,8,8,0.9998908042907715
4923,0,0,0.9999713897705078
4924,1,1,0.9950594902038574
4925,3,3,0.9999964237213135
4926,6,6,0.9999899864196777
4927,1,1,0.9999924898147583
4928,3,3,0.9999996423721313
4929,4,4,0.9883553981781006
4930,1,1,0.9999080896377563
4931,1,1,0.9999786615371704
4932,1,1,0.9999401569366455
4933,5,5,0.9997977614402771
4934,6,6,0.9942721128463745
4935,0,0,0.9999856948852539
4936,7,7,0.9995352029800415
4937,0,0,0.9998822212219238
4938,7,7,0.9998131394386292
4939,2,2,0.9566360712051392
4940,3,3,0.9999996423721313
4941,2,2,0.8751529455184937
4942,5,5,0.9408259987831116
4943,2,2,0.9295377731323242
4944,2,2,0.999573290348053
4945,9,9,0.9999760389328003
4946,4,4,0.9999608993530273
4947,9,9,0.9999926090240479
4948,8,8,0.9970439076423645
4949,1,1,0.999622106552124
4950,2,2,0.9554651975631714
4951,1,1,0.9959153532981873
4952,6,6,0.9971442818641663
4953,1,1,0.9999637603759766
4954,2,2,0.9995996356010437
4955,7,7,0.9999704360961914
4956,8,4,0.9331597685813904
4957,0,0,0.9999409914016724
4958,0,0,0.9999822378158569
4959,0,0,0.9983657002449036
4960,8,8,0.9990596175193787
4961,2,2,0.9999769926071167
4962,2,2,0.9999994039535522
4963,9,9,0.9999480247497559
4964,2,2,0.9998676776885986
4965,2,2,0.9999934434890747
4966,7,7,0.5729251503944397
4967,9,9,0.9996113181114197
4968,9,9,0.9996718168258667
4969,2,2,0.9962174296379089
4970,7,7,0.9977555871009827
4971,5,5,0.9990230798721313
4972,1,1,0.9998260140419006
4973,3,3,1.0
4974,4,4,0.998977780342102
4975,9,9,0.9999797344207764
4976,4,4,0.9999003410339355
4977,1,1,0.999987006187439
4978,8,8,0.36475425958633423
4979,5,5,0.9988056421279907
4980,6,6,0.9999711513519287
4981,2,2,0.9993659853935242
4982,8,8,0.996020495891571
4983,3,3,0.9999986886978149
4984,1,1,0.9993322491645813
4985,2,2,0.998688280582428
4986,8,8,0.9867420792579651
4987,4,4,0.9986816048622131
4988,9,9,0.999983549118042
4989,9,9,0.9999030828475952
4990,3,3,0.9922270774841309
4991,7,7,0.9999344348907471
4992,0,0,0.9999878406524658
4993,7,7,0.9997909665107727
4994,7,7,0.9998937845230103
4995,2,2,0.9838498830795288
4996,3,3,0.9999909400939941
4997,2,2,0.9655584692955017
4998,4,4,0.9999690055847168
4999,0,0,0.9999701976776123
5000,3,3,0.9999954700469971
5001,9,9,0.9999083280563354
5002,9,9,0.9999903440475464
5003,8,8,0.9999988079071045
5004,4,4,0.9999991655349731
5005,1,1,0.9999370574951172
5006,0,0,0.9999563694000244
5007,6,6,0.9999985694885254
5008,0,0,0.9994937181472778
5009,9,9,0.998563826084137
5010,6,6,0.9999899864196777
5011,8,8,0.9998175501823425
5012,6,6,0.999998927116394
5013,1,1,0.9999715089797974
5014,1,1,0.9999257326126099
5015,9,9,0.9987393021583557
5016,8,8,0.9995235204696655
5017,9,9,0.999983549118042
5018,2,2,0.9999929666519165
5019,3,3,0.9999934434890747
5020,5,5,0.9999210834503174
5021,5,5,0.999923825263977
5022,9,9,0.9999915361404419
5023,4,4,0.9999985694885254
5024,2,2,0.9999185800552368
5025,1,1,0.9999549388885498
5026,9,9,0.9999721050262451
5027,4,4,0.9998544454574585
5028,3,3,0.9999998807907104
5029,9,9,0.9997898936271667
5030,6,6,0.9999951124191284
5031,0,0,0.9999861717224121
5032,4,4,0.9999953508377075
5033,0,0,0.9999731779098511
5034,6,6,0.9999939203262329
5035,0,0,0.9996377229690552
5036,1,1,0.9999786615371704
5037,2,2,0.9999560117721558
5038,3,3,0.9999860525131226
5039,4,4,0.9999972581863403
5040,7,7,0.9992526173591614
5041,8,8,0.9999954700469971
5042,9,9,0.9999368190765381
5043,0,0,0.9999909400939941
5044,1,1,0.9999825954437256
5045,2,2,0.9997448325157166
5046,3,3,0.9972063899040222
5047,4,4,0.9999923706054688
5048,7,7,0.9996199607849121
5049,8,8,0.9994208812713623
5050,9,9,0.9999421834945679
5051,0,0,0.9999369382858276
5052,1,1,0.9999457597732544
5053,2,2,0.9999959468841553
5054,3,3,0.9998390674591064
5055,4,4,0.9999656677246094
5056,5,5,0.9999713897705078
5057,6,6,0.9999946355819702
5058,7,7,0.9999312162399292
5059,8,8,0.9998021721839905
5060,9,9,0.999994158744812
5061,8,8,0.9998835325241089
5062,3,3,0.9999425411224365
5063,4,4,0.9999357461929321
5064,7,7,0.9994727969169617
5065,8,8,0.9649331569671631
5066,6,6,0.9999924898147583
5067,3,3,0.9992631077766418
5068,4,4,0.8145845532417297
5069,0,0,0.9999634027481079
5070,9,9,0.9999922513961792
5071,7,7,0.9999856948852539
5072,1,1,0.9999493360519409
5073,9,9,0.9999712705612183
5074,3,3,0.9993535876274109
5075,8,8,0.9999696016311646
5076,4,4,0.9999998807907104
5077,7,7,0.9999275207519531
5078,3,3,0.9926993250846863
5079,0,0,0.9999946355819702
5080,9,9,0.9999979734420776
5081,1,1,0.999931812286377
5082,4,4,0.9999561309814453
5083,5,5,0.9994809031486511
5084,4,4,0.9996579885482788
5085,6,6,0.9999611377716064
5086,2,2,0.9994218349456787
5087,0,0,0.9999812841415405
5088,6,6,0.9969145059585571
5089,2,2,0.9999858140945435
5090,1,1,0.9991241097450256
5091,1,1,0.9995918869972229
5092,1,1,0.9992087483406067
5093,1,1,0.9995970129966736
5094,7,7,0.9999308586120605
5095,2,2,0.9999853372573853
5096,4,4,0.9999974966049194
5097,7,7,0.9971444010734558
5098,5,5,0.9999140501022339
5099,2,2,0.9978635907173157
5100,9,9,0.9996150732040405
5101,4,4,0.9999936819076538
5102,5,5,0.9999825954437256
5103,8,8,0.9999836683273315
5104,4,4,0.9999508857727051
5105,2,2,0.9998500347137451
5106,9,9,0.999935507774353
5107,7,7,0.9999827146530151
5108,0,0,0.9994291663169861
5109,0,0,0.9999498128890991
5110,7,7,0.9996304512023926
5111,5,5,0.9999585151672363
5112,1,1,0.9999796152114868
5113,1,1,0.999937891960144
5114,7,7,0.9966654181480408
5115,6,6,0.9999880790710449
5116,6,6,0.9999986886978149
5117,6,6,0.9999788999557495
5118,8,8,0.9999275207519531
5119,2,2,0.9998917579650879
5120,2,2,0.999032735824585
5121,7,7,0.996340274810791
5122,7,7,0.999860405921936
5123,4,4,0.999990701675415
5124,0,0,0.9999902248382568
5125,2,2,0.9998080134391785
5126,4,4,0.9997813105583191
5127,2,2,0.9677847027778625
5128,1,1,0.999950647354126
5129,8,8,0.9999771118164062
5130,9,9,0.9999679327011108
5131,6,6,0.9999871253967285
5132,1,1,0.9999301433563232
5133,0,0,0.9999929666519165
5134,5,5,0.9999572038650513
5135,9,9,0.9995457530021667
5136,6,6,0.9999005794525146
5137,9,9,0.9999951124191284
5138,8,8,0.9998071789741516
5139,0,0,0.9999099969863892
5140,3,3,0.9602447748184204
5141,0,0,0.9999191761016846
5142,8,8,0.9999847412109375
5143,3,3,0.9999680519104004
5144,9,9,0.999976634979248
5145,6,6,0.999824583530426
5146,3,3,0.999795138835907
5147,0,0,0.9999346733093262
5148,1,1,0.9999423027038574
5149,2,2,0.9999966621398926
5150,3,3,0.9999994039535522
5151,4,4,0.9999526739120483
5152,5,5,0.9996311664581299
5153,6,6,0.9999970197677612
5154,7,7,0.9999003410339355
5155,0,0,0.998353123664856
5156,1,1,0.9998551607131958
5157,2,2,0.9998760223388672
5158,3,3,0.999997615814209
5159,4,4,0.5928483009338379
5160,5,5,0.9999611377716064
5161,6,6,0.9999886751174927
5162,7,7,0.9994885921478271
5163,8,8,0.9999810457229614
5164,9,9,0.999900221824646
5165,0,0,0.8707883358001709
5166,1,1,0.9999874830245972
5167,2,2,0.9998283386230469
5168,3,3,0.9999997615814209
5169,4,4,0.9999679327011108
5170,5,5,0.9999814033508301
5171,6,6,0.9999877214431763
5172,7,7,0.9993299245834351
5173,8,8,0.9998428821563721
5174,5,5,0.9998966455459595
5175,4,4,0.9999622106552124
5176,8,8,0.9962014555931091
5177,7,7,0.999264657497406
5178,4,4,0.9999942779541016
5179,7,7,0.9999974966049194
5180,7,7,0.999596893787384
5181,3,3,0.9999943971633911
5182,9,9,0.9999407529830933
5183,8,8,0.9961025714874268
5184,8,8,0.9999936819076538
5185,3,3,0.9999958276748657
5186,1,1,0.9999350309371948
5187,5,5,0.9962306618690491
5188,8,8,0.9999991655349731
5189,2,2,0.9999767541885376
5190,7,7,0.9998341798782349
5191,4,4,0.9999797344207764
5192,2,2,0.9999759197235107
5193,1,1,0.9997727274894714
5194,5,5,0.9860424399375916
5195,4,4,0.9999567270278931
5196,5,5,0.9999912977218628
5197,5,5,0.9998799562454224
5198,8,8,0.9999961853027344
5199,6,6,0.9989246726036072
5200,4,4,0.999964714050293
5201,4,4,0.9903008937835693
5202,4,4,0.9999403953552246
5203,1,1,0.9954929351806641
5204,8,8,0.9990386962890625
5205,7,7,0.9997403025627136
5206,5,5,0.9998297691345215
5207,5,5,0.9984891414642334
5208,1,1,0.9999531507492065
5209,8,8,0.9998058676719666
5210,9,9,0.9980810880661011
5211,1,1,0.9999229907989502
5212,3,3,0.9999871253967285
5213,6,6,0.9998227953910828
5214,3,3,0.9999980926513672
5215,3,3,0.9999996423721313
5216,2,2,0.9999971389770508
5217,2,2,0.9997214674949646
5218,6,6,0.9999655485153198
5219,9,9,0.9998063445091248
5220,9,9,0.9999127388000488
5221,6,6,0.9999070167541504
5222,5,5,0.9999712705612183
5223,5,5,0.9999761581420898
5224,3,3,0.9999991655349731
5225,3,3,0.9999979734420776
5226,8,8,0.9999992847442627
5227,1,1,0.9999741315841675
5228,6,6,0.9762011766433716
5229,5,5,0.9998167157173157
5230,6,6,0.9999947547912598
5231,8,8,0.999969482421875
5232,1,1,0.999984860420227
5233,9,9,0.999992847442627
5234,7,7,0.9991905093193054
5235,6,6,0.9999982118606567
5236,8,8,0.9999494552612305
5237,3,3,0.9999988079071045
5238,7,7,0.9998326301574707
5239,4,4,0.9999350309371948
5240,7,7,0.9993422627449036
5241,0,0,0.9999665021896362
5242,9,9,0.999098539352417
5243,0,0,0.9917303919792175
5244,0,0,0.9990290403366089
5245,3,3,0.9999996423721313
5246,7,2,0.6412001848220825
5247,9,9,0.999883770942688
5248,3,3,0.9999934434890747
5249,0,0,0.9999656677246094
5250,2,2,0.9999122619628906
5251,0,0,0.9966950416564941
5252,1,1,0.9999479055404663
5253,0,0,0.999907374382019
5254,1,1,0.9997965693473816
5255,0,0,0.9999381303787231
5256,4,4,0.9999991655349731
5257,0,0,0.9999334812164307
5258,1,1,0.9999188184738159
5259,0,0,0.9999790191650391
5260,4,4,0.9994351267814636
5261,7,7,0.9809955954551697
5262,9,9,0.9996331930160522
5263,6,6,0.9999966621398926
5264,2,2,0.9999901056289673
5265,6,6,0.9991894364356995
5266,2,2,0.9999607801437378
5267,2,2,0.9999881982803345
5268,9,9,0.982756495475769
5269,9,9,0.9997237324714661
5270,0,0,0.9996901750564575
5271,1,1,0.9999290704727173
5272,2,2,0.999985933303833
5273,3,3,0.9999955892562866
5274,4,4,0.9999972581863403
5275,5,5,0.9999822378158569
5276,6,6,0.9999938011169434
5277,7,7,0.999906063079834
5278,8,8,0.922544538974762
5279,9,9,0.9999878406524658
5280,0,0,0.9999798536300659
5281,1,1,0.9999241828918457
5282,2,2,0.9999980926513672
5283,3,3,0.9999841451644897
5284,4,4,0.9996048808097839
5285,5,5,0.9988741278648376
5286,6,6,0.9999912977218628
5287,7,7,0.9999730587005615
5288,8,8,0.951042890548706
5289,9,9,0.9998095631599426
5290,0,0,0.9999033212661743
5291,1,1,0.9999407529830933
5292,2,2,0.9999971389770508
5293,3,3,0.9999957084655762
5294,4,4,0.9999966621398926
5295,5,5,0.9999862909317017
5296,6,6,0.9999195337295532
5297,7,7,0.9999681711196899
5298,8,8,0.9996576309204102
5299,9,9,0.999943733215332
5300,8,8,0.999804675579071
5301,0,0,0.9999747276306152
5302,5,5,0.9999388456344604
5303,6,6,0.999988317489624
5304,6,6,0.999985933303833
5305,0,0,0.9997854828834534
5306,8,8,0.9958964586257935
5307,0,0,0.999987006187439
5308,2,2,0.9995630383491516
5309,3,3,0.9999936819076538
5310,7,7,0.9997403025627136
5311,9,9,0.9999289512634277
5312,4,4,0.9999665021896362
5313,7,7,0.9999608993530273
5314,1,1,0.9999738931655884
5315,9,9,0.9999101161956787
5316,1,1,0.9999839067459106
5317,7,7,0.9999140501022339
5318,1,1,0.9999849796295166
5319,4,4,0.9999101161956787
5320,0,0,0.9999420642852783
5321,0,0,0.9999498128890991
5322,4,4,0.9999723434448242
5323,1,1,0.9999551773071289
5324,7,7,0.99986732006073
5325,5,5,0.9999788999557495
5326,7,7,0.9999669790267944
5327,1,1,0.9998910427093506
5328,3,3,0.9999983310699463
5329,3,3,0.9999661445617676
5330,3,3,0.9999980926513672
5331,1,1,0.9398993253707886
5332,6,6,0.999990701675415
5333,9,9,0.9999822378158569
5334,7,7,0.9993332028388977
5335,4,4,0.9750761985778809
5336,3,3,0.999996542930603
5337,0,0,0.9999957084655762
5338,2,2,0.9999971389770508
5339,5,5,0.9999274015426636
5340,2,2,0.9999985694885254
5341,6,6,0.9999771118164062
5342,0,0,0.9999948740005493
5343,8,8,0.9984033703804016
5344,9,9,0.999987006187439
5345,4,4,0.9998375177383423
5346,3,3,0.9999994039535522
5347,5,5,0.9999922513961792
5348,4,4,0.9999760389328003
5349,8,8,0.9999465942382812
5350,1,1,0.9996961355209351
5351,5,5,0.9999854564666748
5352,9,9,0.9999948740005493
5353,0,0,0.9999781847000122
5354,6,6,0.999981164932251
5355,4,4,0.9998575448989868
5356,3,3,0.9999957084655762
5357,6,6,0.9999858140945435
5358,3,3,0.9999947547912598
5359,3,3,0.9999885559082031
5360,8,8,0.9991777539253235
5361,1,1,0.9999667406082153
5362,4,4,0.9999889135360718
5363,7,7,0.9998236298561096
5364,5,5,0.9999974966049194
5365,7,7,0.9999934434890747
5366,2,2,0.9999970197677612
5367,2,2,0.9999969005584717
5368,0,0,0.9999794960021973
5369,0,0,0.9999973773956299
5370,1,1,0.9999089241027832
5371,7,7,0.9991996884346008
5372,7,7,0.9998455047607422
5373,9,9,0.9999964237213135
5374,5,5,0.9999895095825195
5375,9,9,0.9997836947441101
5376,8,8,0.9998928308486938
5377,9,9,0.9999790191650391
5378,6,6,0.9999886751174927
5379,8,8,0.9977310299873352
5380,8,8,0.9957805871963501
5381,2,2,0.999931812286377
5382,3,3,0.9999887943267822
5383,6,6,0.9999673366546631
5384,1,1,0.999987006187439
5385,2,2,1.0
5386,9,9,0.9999755620956421
5387,8,8,0.9975454211235046
5388,9,9,0.999991774559021
5389,5,5,0.9999721050262451
5390,2,2,0.9999840259552002
5391,6,6,0.9999545812606812
5392,2,2,0.9999123811721802
5393,4,4,0.9999990463256836
5394,8,8,0.9977260231971741
5395,4,4,0.9998804330825806
5396,6,6,0.9999523162841797
5397,5,5,0.9993521571159363
5398,0,0,0.999982476234436
5399,1,1,0.9999417066574097
5400,5,5,0.999988317489624
5401,6,6,0.9996310472488403
5402,7,7,0.9999693632125854
5403,8,8,0.9993343949317932
5404,9,9,0.9999990463256836
5405,0,0,0.9959881901741028
5406,1,1,0.9998568296432495
5407,2,2,0.9994708895683289
5408,3,3,0.9999079704284668
5409,4,4,0.9960689544677734
5410,5,5,0.9981729984283447
5411,6,6,0.9999954700469971
5412,7,7,0.9999924898147583
5413,8,8,0.9994090795516968
5414,9,9,0.9999972581863403
5415,0,0,0.9999194145202637
5416,1,1,0.9983360171318054
5417,2,2,0.9998131394386292
5418,3,3,0.9999945163726807
5419,4,4,0.9999985694885254
5420,5,5,0.9992774128913879
5421,6,6,0.9999749660491943
5422,7,7,0.999984622001648
5423,8,8,0.9956656098365784
5424,9,9,0.999570906162262
5425,7,7,0.999984622001648
5426,4,4,0.9999990463256836
5427,2,2,0.997914731502533
5428,0,0,0.9999905824661255
5429,9,9,0.9999680519104004
5430,0,0,0.9999785423278809
5431,1,1,0.9999052286148071
5432,5,5,0.9999793767929077
5433,8,8,0.9998315572738647
5434,8,8,0.9999651908874512
5435,0,0,0.999957799911499
5436,2,2,0.9999983310699463
5437,7,7,0.9999740123748779
5438,8,8,0.9996579885482788
5439,4,4,0.9999908208847046
5440,4,4,0.9999810457229614
5441,6,6,0.9999972581863403
5442,1,1,0.9999732971191406
5443,0,0,0.9998601675033569
5444,4,4,0.9999680519104004
5445,5,5,0.9999308586120605
5446,3,3,0.9999927282333374
5447,9,9,0.999953031539917
5448,4,4,0.9999921321868896
5449,2,2,0.9927099943161011
5450,0,0,0.6766496896743774
5451,5,5,0.9999998807907104
5452,0,0,0.9996814727783203
5453,1,1,0.9999734163284302
5454,3,3,0.9999459981918335
5455,2,2,0.9999856948852539
5456,9,9,0.999976396560669
5457,1,1,0.9897720217704773
5458,6,6,0.9999991655349731
5459,0,0,0.9998134970664978
5460,1,1,0.9997541308403015
5461,1,1,0.9999713897705078
5462,8,8,0.999914288520813
5463,0,0,0.9999114274978638
5464,4,4,0.9999700784683228
5465,7,7,0.9999860525131226
5466,7,7,0.9999963045120239
5467,6,6,0.9999979734420776
5468,3,3,0.9999988079071045
5469,6,6,0.9999805688858032
5470,0,0,0.9973909854888916
5471,7,7,0.9998693466186523
5472,3,3,0.9999994039535522
5473,5,5,0.9998201727867126
5474,4,4,0.9999812841415405
5475,2,2,0.9999909400939941
5476,4,4,0.9999939203262329
5477,1,1,0.9999579191207886
5478,8,8,0.9999412298202515
5479,3,3,0.9999727010726929
5480,5,5,0.999970555305481
5481,6,6,0.9999996423721313
5482,7,7,0.9999957084655762
5483,0,0,0.9999288320541382
5484,6,6,0.9999986886978149
5485,7,7,0.9999758005142212
5486,1,1,0.9999713897705078
5487,2,2,0.9999971389770508
5488,5,5,0.9999974966049194
5489,8,8,0.9999644756317139
5490,1,1,0.9999316930770874
5491,9,9,0.9999260902404785
5492,3,3,0.9999996423721313
5493,8,8,0.9994978904724121
5494,2,2,0.9999980926513672
5495,8,8,0.9999551773071289
5496,7,7,0.9998724460601807
5497,6,6,0.9999990463256836
5498,7,7,0.9999905824661255
5499,1,1,0.9997325539588928
5500,4,4,0.9999982118606567
5501,6,6,0.9999986886978149
5502,2,2,0.9997034668922424
5503,9,9,0.999994158744812
5504,3,3,0.9997822642326355
5505,0,0,0.9999737739562988
5506,1,1,0.9999698400497437
5507,2,2,0.9999450445175171
5508,3,3,0.9999990463256836
5509,4,4,0.9999918937683105
5510,5,5,0.9998034834861755
5511,6,6,0.9999966621398926
5512,7,7,0.9995879530906677
5513,0,0,0.9999804496765137
5514,1,1,0.9999738931655884
5515,2,2,0.9999871253967285
5516,3,3,0.9999982118606567
5517,4,4,0.999991774559021
5518,5,5,0.9999361038208008
5519,0,0,0.9980814456939697
5520,1,1,0.9999886751174927
5521,2,2,0.9999302625656128
5522,8,8,0.9953923225402832
5523,9,9,0.999869704246521
5524,1,1,0.9999809265136719
5525,4,4,0.9996922016143799
5526,0,0,0.999915599822998
5527,9,9,0.9989012479782104
5528,5,5,0.9997313618659973
5529,0,0,0.9999743700027466
5530,8,8,0.9989842772483826
5531,0,0,0.9999955892562866
5532,7,7,0.9981790781021118
5533,7,7,0.999862790107727
5534,1,1,0.9999717473983765
5535,1,1,0.9999394416809082
5536,2,2,0.9690038561820984
5537,9,9,0.9994437098503113
5538,3,3,0.9999998807907104
5539,6,6,0.9997990727424622
5540,7,7,0.9997991919517517
5541,2,2,0.9999617338180542
5542,3,3,0.9999991655349731
5543,8,8,0.9972541928291321
5544,1,1,0.9999748468399048
5545,2,2,0.9998620748519897
5546,9,9,0.9986751675605774
5547,8,8,0.9956322312355042
5548,8,8,0.9958653450012207
5549,7,7,0.9999483823776245
5550,1,1,0.9999605417251587
5551,7,7,0.999975323677063
5552,1,1,0.9999496936798096
5553,1,1,0.9999830722808838
5554,0,0,0.99996018409729
5555,3,3,0.9999990463256836
5556,4,4,0.9874256253242493
5557,2,2,0.9990059733390808
5558,6,6,0.9999836683273315
5559,4,4,0.9983565211296082
5560,7,7,0.9987668991088867
5561,4,4,0.9920564293861389
5562,2,2,0.9996616840362549
5563,7,7,0.9999548196792603
5564,4,4,0.9665406346321106
5565,9,9,0.9999535083770752
5566,1,1,0.9999737739562988
5567,0,0,0.9998262524604797
5568,6,6,0.9999983310699463
5569,8,8,0.9844266772270203
5570,5,5,0.999908447265625
5571,5,5,0.9999887943267822
5572,5,5,0.999921441078186
5573,3,3,0.999409556388855
5574,5,5,0.9999450445175171
5575,9,9,0.9999790191650391
5576,7,7,0.9999526739120483
5577,4,4,0.9995219707489014
5578,8,8,0.8797862529754639
5579,5,5,0.9999401569366455
5580,9,9,0.9974149465560913
5581,6,6,0.9999737739562988
5582,9,9,0.999663233757019
5583,3,3,0.9999454021453857
5584,0,0,0.9999285936355591
5585,3,3,0.9999998807907104
5586,8,8,0.9852703809738159
5587,9,9,0.9999866485595703
5588,1,1,0.9999812841415405
5589,8,8,0.999847412109375
5590,1,1,0.999861478805542
5591,6,6,0.9999467134475708
5592,0,0,0.9999817609786987
5593,0,0,0.9998743534088135
5594,1,1,0.9961642026901245
5595,2,2,0.9979606866836548
5596,3,3,0.9999780654907227
5597,4,4,0.9991822838783264
5598,5,5,0.9999996423721313
5599,6,6,0.9999822378158569
5600,7,9,0.5186862945556641
5601,8,8,0.9267680644989014
5602,9,9,0.9999021291732788
5603,0,0,0.9991132616996765
5604,1,1,0.9999876022338867
5605,2,2,0.9999994039535522
5606,3,3,0.9999982118606567
5607,4,4,0.999612033367157
5608,5,5,0.9973124265670776
5609,6,6,0.9999995231628418
5610,7,7,0.9999240636825562
5611,8,8,0.9752374291419983
5612,9,9,0.9999474287033081
5613,0,0,0.9999139308929443
5614,1,1,0.9992499947547913
5615,2,2,0.9999926090240479
5616,3,3,0.9999821186065674
5617,4,4,0.9726220965385437
5618,5,5,0.9999884366989136
5619,6,6,0.9999635219573975
5620,7,7,0.9898560047149658
5621,8,8,0.9998001456260681
5622,9,9,0.9999432563781738
5623,3,3,0.9691272974014282
5624,5,5,0.9999997615814209
5625,3,3,0.9999943971633911
5626,2,2,0.9829387664794922
5627,9,9,0.9999561309814453
5628,3,3,0.9999761581420898
5629,2,2,0.9999740123748779
5630,1,1,0.9999010562896729
5631,4,4,0.9988681077957153
5632,5,5,0.9999970197677612
5633,5,5,0.999811589717865
5634,2,2,0.6390288472175598
5635,3,3,0.9999946355819702
5636,2,2,0.999692440032959
5637,1,1,0.9997634291648865
5638,3,3,0.9999850988388062
5639,9,9,0.998828113079071
5640,7,7,0.9998020529747009
5641,2,2,0.9999964237213135
5642,1,1,0.9844182729721069
5643,2,2,0.9998486042022705
5644,8,8,0.9998204112052917
5645,9,9,0.9999611377716064
5646,1,1,0.9998477697372437
5647,8,8,0.9992727637290955
5648,8,8,0.9955064058303833
5649,7,7,0.9331186413764954
5650,8,8,0.9999207258224487
5651,1,1,0.999980092048645
5652,0,0,0.9999852180480957
5653,0,0,0.9957695007324219
5654,7,7,0.9727468490600586
5655,7,7,0.9909398555755615
5656,8,8,0.9989761114120483
5657,7,7,0.999940037727356
5658,5,5,0.9999927282333374
5659,0,0,0.9999933242797852
5660,6,6,0.9999890327453613
5661,1,1,0.9994151592254639
5662,5,5,0.9987602233886719
5663,7,7,0.998610258102417
5664,4,4,0.9998053908348083
5665,6,6,0.9999920129776001
5666,1,1,0.999896764755249
5667,2,2,0.9994995594024658
5668,5,5,0.9999995231628418
5669,0,0,0.9999715089797974
5670,7,7,0.9998997449874878
5671,9,9,0.9999784231185913
5672,9,9,0.9999922513961792
5673,0,0,0.9999114274978638
5674,3,3,0.9998971223831177
5675,8,8,0.9958617687225342
5676,4,7,0.39259183406829834
5677,4,4,0.9619996547698975
5678,8,8,0.983234167098999
5679,1,1,0.9999719858169556
5680,8,8,0.9988327622413635
5681,6,6,0.9999899864196777
5682,5,5,0.9999511241912842
5683,9,9,0.9988541603088379
5684,0,0,0.9999663829803467
5685,0,0,0.9999841451644897
5686,0,0,0.9998854398727417
5687,3,3,0.9999995231628418
5688,7,7,0.9991899132728577
5689,1,1,0.9999794960021973
5690,6,6,0.99998939037323
5691,4,4,0.997757613658905
5692,2,2,0.9999988079071045
5693,6,6,0.9999854564666748
5694,6,6,0.9999858140945435
5695,0,0,0.999058187007904
5696,4,4,0.9994649291038513
5697,5,5,0.9998937845230103
5698,4,4,0.9853980541229248
5699,1,1,0.999756395816803
5700,3,3,0.9999505281448364
5701,8,8,0.9993552565574646
5702,6,6,0.9999942779541016
5703,3,3,0.9999116659164429
5704,9,9,0.999984860420227
5705,9,9,0.9999732971191406
5706,5,5,0.9999972581863403
5707,9,9,0.9999818801879883
5708,3,3,0.9999568462371826
5709,7,7,0.8178514838218689
5710,8,8,0.9988141059875488
5711,5,5,0.9999936819076538
5712,6,6,0.9999978542327881
5713,4,4,0.999969482421875
5714,7,7,0.9978196620941162
5715,6,6,0.999954342842102
5716,2,2,0.9999994039535522
5717,2,2,0.9981437921524048
5718,0,0,0.9998118281364441
5719,9,9,0.9036736488342285
5720,4,4,0.9955892562866211
5721,0,0,0.9999828338623047
5722,1,1,0.9999722242355347
5723,2,2,0.9999986886978149
5724,3,3,0.9999984502792358
5725,4,4,0.9999620914459229
5726,5,5,0.9998654127120972
5727,6,6,0.9999525547027588
5728,7,7,0.9990600943565369
5729,8,8,0.9999898672103882
5730,9,9,0.9999790191650391
5731,0,0,0.9998923540115356
5732,1,1,0.9969921112060547
5733,2,2,0.9999997615814209
5734,3,3,0.95660400390625
5735,5,5,0.9939633011817932
5736,6,6,0.989298939704895
5737,0,0,0.9999607801437378
5738,1,1,0.999972939491272
5739,2,2,0.999993085861206
5740,3,3,0.9999793767929077
5741,4,4,0.9999871253967285
5742,5,5,0.9980760812759399
5743,6,6,0.999711811542511
5744,8,8,0.9999885559082031
5745,7,7,0.9951883554458618
5746,1,1,0.9925113916397095
5747,3,3,0.9999988079071045
5748,2,2,0.9990496039390564
5749,8,8,0.5679978728294373
5750,0,0,0.999962329864502
5751,7,7,0.999990701675415
5752,5,5,0.9872159361839294
5753,9,9,0.9999793767929077
5754,9,9,0.9984075427055359
5755,6,6,0.9999986886978149
5756,0,0,0.9996023774147034
5757,9,9,0.9972227811813354
5758,4,4,0.9999966621398926
5759,1,1,0.9946542978286743
5760,3,3,0.9998130202293396
5761,2,2,0.9999926090240479
5762,1,1,0.9999370574951172
5763,2,2,0.9998581409454346
5764,3,3,0.999997615814209
5765,8,8,0.9999985694885254
5766,3,3,0.9999964237213135
5767,2,2,0.9999996423721313
5768,6,6,0.999997615814209
5769,5,5,0.9793007373809814
5770,6,6,0.9999877214431763
5771,8,8,0.9996446371078491
5772,2,2,0.9999078512191772
5773,7,7,0.999434769153595
5774,4,4,0.999994158744812
5775,8,8,0.9999881982803345
5776,1,1,0.999932050704956
5777,8,8,0.999975323677063
5778,0,0,0.999334990978241
5779,5,5,0.999968409538269
5780,3,3,0.9999674558639526
5781,9,9,0.9999282360076904
5782,4,4,0.9974626302719116
5783,1,1,0.9999885559082031
5784,9,9,0.999634861946106
5785,2,2,0.999998927116394
5786,1,1,0.999955415725708
5787,9,9,0.9999562501907349
5788,6,6,0.9999986886978149
5789,7,7,0.9999970197677612
5790,9,9,0.9999403953552246
5791,0,0,0.9993064403533936
5792,4,4,0.9999995231628418
5793,6,6,0.9999923706054688
5794,1,1,0.9999344348907471
5795,7,7,0.9999822378158569
5796,3,3,0.9999996423721313
5797,8,8,0.9999914169311523
5798,7,7,0.9999397993087769
5799,2,2,0.9999984502792358
5800,9,9,0.9997820258140564
5801,6,6,0.9998557567596436
5802,5,5,0.988331139087677
5803,8,8,0.9999924898147583
5804,3,3,0.999996542930603
5805,9,9,0.9999549388885498
5806,0,0,0.9996852874755859
5807,5,5,0.990670919418335
5808,7,7,0.9999762773513794
5809,1,1,0.9999604225158691
5810,6,6,0.9999971389770508
5811,1,1,0.9999607801437378
5812,0,0,0.9999631643295288
5813,9,9,0.9999834299087524
5814,3,3,0.9999986886978149
5815,3,3,0.9999940395355225
5816,4,4,0.9999144077301025
5817,4,4,0.9999911785125732
5818,0,0,0.9999547004699707
5819,6,6,0.999987006187439
5820,2,2,0.9991562366485596
5821,5,5,0.9467526078224182
5822,4,4,0.9999783039093018
5823,2,2,0.9996170997619629
5824,3,3,0.9999608993530273
5825,4,4,0.9998108744621277
5826,6,6,0.9999939203262329
5827,0,0,0.9902296662330627
5828,0,0,0.9965735673904419
5829,2,2,0.9999998807907104
5830,0,0,0.9996868371963501
5831,1,1,0.9999656677246094
5832,4,4,0.985666811466217
5833,5,5,0.9997789263725281
5834,6,6,0.9999861717224121
5835,7,7,0.9986525177955627
5836,8,8,0.9998406171798706
5837,9,9,0.9996449947357178
5838,0,0,0.9999842643737793
5839,1,1,0.999976634979248
5840,2,2,0.9997043013572693
5841,3,3,0.9981170892715454
5842,4,7,0.6114591360092163
5843,5,5,0.9999474287033081
5844,6,6,0.999997615814209
5845,7,7,0.9997486472129822
5846,8,8,0.9999997615814209
5847,0,0,0.9996353387832642
5848,1,1,0.999945878982544
5849,2,2,0.9992080330848694
5850,3,3,0.9999955892562866
5851,4,4,0.999396562576294
5852,5,5,0.9999703168869019
5853,6,6,0.9999725818634033
5854,7,7,0.9997711777687073
5855,8,8,0.9999743700027466
5856,9,9,0.9999533891677856
5857,8,8,0.9984748959541321
5858,7,7,0.9918918609619141
5859,1,1,0.9999071359634399
5860,3,3,0.9999963045120239
5861,7,7,0.9994969367980957
5862,5,5,0.9999817609786987
5863,2,2,0.9994706511497498
5864,8,8,0.9999990463256836
5865,0,0,0.999972939491272
5866,7,7,0.999987006187439
5867,5,5,0.999840259552002
5868,9,9,0.9999977350234985
5869,9,9,0.9999711513519287
5870,0,0,0.9997369647026062
5871,9,9,0.9999608993530273
5872,1,1,0.99996018409729
5873,1,1,0.9999860525131226
5874,5,5,0.999948263168335
5875,8,8,0.9999556541442871
5876,8,8,0.999991774559021
5877,6,6,0.9972203969955444
5878,3,3,0.999531626701355
5879,2,2,0.9997909665107727
5880,1,1,0.9999237060546875
5881,8,8,0.9999946355819702
5882,3,3,0.9998961687088013
5883,2,2,0.9999819993972778
5884,6,6,0.999998927116394
5885,5,5,0.9992696642875671
5886,6,6,0.9999758005142212
5887,7,7,0.5947564840316772
5888,4,4,0.7495375871658325
5889,1,1,0.9999698400497437
5890,0,0,0.9970580339431763
5891,5,5,0.9986328482627869
5892,3,3,0.9999836683273315
5893,1,1,0.999995231628418
5894,9,9,0.9999922513961792
5895,2,2,0.9997877478599548
5896,1,1,0.9999287128448486
5897,9,9,0.9988528490066528
5898,6,6,0.9999945163726807
5899,0,0,0.9999666213989258
5900,4,4,0.9999997615814209
5901,6,6,0.9999892711639404
5902,1,1,0.99997878074646
5903,7,7,0.9990154504776001
5904,3,3,0.9999994039535522
5905,8,8,0.9999061822891235
5906,7,7,0.9850136637687683
5907,2,2,0.9998754262924194
5908,9,9,0.999990701675415
5909,6,6,0.9999672174453735
5910,5,5,0.9999867677688599
5911,8,8,0.9999901056289673
5912,3,3,0.9998778104782104
5913,5,5,0.9943178296089172
5914,7,7,0.9972389936447144
5915,1,1,0.9999864101409912
5916,6,6,0.999935507774353
5917,1,1,0.9999440908432007
5918,0,0,0.9995890259742737
5919,9,9,0.999515175819397
5920,6,6,0.999962329864502
5921,2,2,0.9998358488082886
5922,5,5,0.9774664044380188
5923,4,4,0.999091386795044
5924,2,2,0.9998064637184143
5925,3,3,0.9999994039535522
5926,4,4,0.9571268558502197
5927,4,4,0.9999985694885254
5928,6,6,0.9999849796295166
5929,0,0,0.9999545812606812
5930,0,0,0.9999901056289673
5931,2,2,0.9999994039535522
5932,0,0,0.9999788999557495
5933,1,1,0.9998261332511902
5934,2,2,0.9950030446052551
5935,3,3,0.999843955039978
5936,4,9,0.5808156132698059
5937,5,3,0.8450760245323181
5938,6,6,0.9998751878738403
5939,7,7,0.9985973238945007
5940,8,8,0.9997995495796204
5941,9,9,0.9999692440032959
5942,0,0,0.9994531273841858
5943,1,1,0.9993472695350647
5944,2,2,0.9996758699417114
5945,3,3,0.9999263286590576
5946,4,4,0.9999568462371826
5947,5,5,0.9945419430732727
5948,6,6,0.9999892711639404
5949,7,7,0.9937117099761963
5950,8,8,0.9862185120582581
5951,9,9,0.9997677206993103
5952,0,0,0.9994556307792664
5953,1,1,0.999603807926178
5954,2,2,0.9999788999557495
5955,3,8,0.8049154877662659
5956,4,4,0.9993687272071838
5957,5,5,0.9993649125099182
5958,6,6,0.9999960660934448
5959,7,7,0.99967360496521
5960,8,8,0.9988645315170288
5961,9,9,0.9957998394966125
5962,8,8,0.9999728202819824
5963,6,6,0.9998366832733154
5964,5,5,0.9952699542045593
5965,0,0,0.9980987906455994
5966,6,6,0.9999898672103882
5967,8,8,0.9982779026031494
5968,9,9,0.9999624490737915
5969,4,4,0.9996144771575928
5970,1,1,0.9996989965438843
5971,9,9,0.9997385144233704
5972,5,5,0.9342063665390015
5973,3,3,0.832137405872345
5974,0,0,0.9997265934944153
5975,4,4,0.9997710585594177
5976,8,8,0.9989017248153687
5977,9,9,0.9998812675476074
5978,1,1,0.9995362758636475
5979,4,4,0.9994463324546814
5980,0,0,0.9996719360351562
5981,5,5,0.4655039310455322
5982,5,5,0.9072011709213257
5983,2,2,0.9966848492622375
5984,1,1,0.9996799230575562
5985,5,5,0.8530311584472656
5986,4,4,0.9983634352684021
5987,0,0,0.9950874447822571
5988,7,7,0.9994992017745972
5989,6,6,0.9997639060020447
5990,0,0,0.9999111890792847
5991,1,1,0.999954104423523
5992,7,7,0.9984936714172363
5993,0,0,0.9997974038124084
5994,6,6,0.9999727010726929
5995,8,8,0.9999531507492065
5996,9,9,0.9992372989654541
5997,5,9,0.6887596249580383
5998,1,1,0.9968584775924683
5999,7,7,0.9999449253082275
6000,9,9,0.9983217120170593
6001,8,8,0.9973325729370117
6002,6,6,0.9997560381889343
6003,0,0,0.9989342093467712
6004,8,8,0.9683873653411865
6005,1,1,0.9992198944091797
6006,7,7,0.9858061671257019
6007,7,7,0.999350368976593
6008,1,1,0.99931800365448
6009,3,3,0.9996647834777832
6010,2,2,0.9998070597648621
6011,3,3,0.973013162612915
6012,1,1,0.9998387098312378
6013,4,4,0.9999743700027466
6014,2,2,0.999997615814209
6015,0,0,0.9994915723800659
6016,0,0,0.9998726844787598
6017,7,7,0.9998088479042053
6018,8,8,0.9997285008430481
6019,4,4,0.9936200976371765
6020,6,6,0.9997966885566711
6021,4,4,0.9993313550949097
6022,9,9,0.9997461438179016
6023,3,3,0.9297624826431274
6024,8,8,0.997405469417572
6025,4,4,0.9996989965438843
6026,7,7,0.9740663766860962
6027,2,2,0.9993810653686523
6028,5,5,0.9505115151405334
6029,6,6,0.9999269247055054
6030,3,3,0.9999586343765259
6031,6,6,0.9997497200965881
6032,9,9,0.9999761581420898
6033,6,6,0.9998860359191895
6034,3,3,0.9999426603317261
6035,2,2,0.8998097777366638
6036,2,2,0.9999779462814331
6037,4,4,0.9966088533401489
6038,6,6,0.9999822378158569
6039,9,9,0.9998800754547119
6040,0,0,0.999767005443573
6041,2,2,0.9998855590820312
6042,5,5,0.9539445638656616
6043,5,5,0.9935617446899414
6044,1,1,0.9998677968978882
6045,3,3,0.9999265670776367
6046,3,3,0.9999818801879883
6047,9,9,0.9998549222946167
6048,7,7,0.9989042282104492
6049,8,8,0.9833870530128479
6050,7,7,0.9999105930328369
6051,2,2,0.9983633160591125
6052,2,2,0.9995434880256653
6053,5,5,0.9575565457344055
6054,7,7,0.9990624785423279
6055,9,9,0.9995284080505371
6056,8,8,0.9985621571540833
6057,2,2,0.9996254444122314
6058,1,1,0.9997689127922058
6059,3,3,0.997785210609436
6060,1,1,0.9999116659164429
6061,3,3,0.9999960660934448
6062,0,0,0.999971866607666
6063,1,1,0.9997380375862122
6064,2,2,0.9997143149375916
6065,3,3,0.962330162525177
6066,4,4,0.9999635219573975
6067,5,5,0.9999971389770508
6068,6,6,0.9999994039535522
6069,7,7,0.9999370574951172
6070,8,8,0.9852031469345093
6071,9,9,0.9861646294593811
6072,0,0,0.9860178232192993
6073,1,1,0.997585654258728
6074,2,2,0.9999833106994629
6075,3,3,0.9993304014205933
6076,4,4,0.9999715089797974
6077,5,5,0.9999969005584717
6078,6,6,0.999998927116394
6079,7,7,0.9999706745147705
6080,8,8,0.9938660264015198
6081,9,9,0.9862900376319885
6082,0,0,0.999643087387085
6083,1,1,0.9973896145820618
6084,2,2,0.9984075427055359
6085,3,3,0.9999755620956421
6086,4,4,0.999941349029541
6087,5,5,0.9999955892562866
6088,6,6,0.9999933242797852
6089,7,7,0.9999873638153076
6090,8,8,0.9997145533561707
6091,9,9,0.3679051995277405
6092,1,1,0.9999405145645142
6093,2,8,0.6592177748680115
6094,6,6,0.999972939491272
6095,5,5,0.9999880790710449
6096,3,3,0.9999891519546509
6097,0,0,0.9997866749763489
6098,7,7,0.9999904632568359
6099,0,0,0.9999343156814575
6100,4,4,0.9999302625656128
6101,1,1,0.9489901661872864
6102,4,4,0.9999953508377075
6103,3,3,0.9999959468841553
6104,6,6,0.9999974966049194
6105,7,7,0.9999196529388428
6106,2,2,0.9999443292617798
6107,3,3,0.9999915361404419
6108,1,1,0.9998807907104492
6109,2,2,0.9962562322616577
6110,1,1,0.9985687732696533
6111,2,2,0.9997815489768982
6112,9,9,0.9218182563781738
6113,6,6,0.999832272529602
6114,0,0,0.9999877214431763
6115,1,1,0.9978796243667603
6116,3,3,0.9999610185623169
6117,0,0,0.9999921321868896
6118,2,2,0.9983808994293213
6119,7,7,0.9999924898147583
6120,5,5,0.9999276399612427
6121,7,7,0.9989369511604309
6122,6,6,0.9999945163726807
6123,2,2,0.9999719858169556
6124,9,9,0.9874157309532166
6125,1,1,0.9999954700469971
6126,9,9,0.990448534488678
6127,0,0,0.9999933242797852
6128,6,6,0.9999990463256836
6129,0,0,0.9999833106994629
6130,6,6,0.9999951124191284
6131,0,0,0.999995231628418
6132,2,2,0.9999943971633911
6133,0,0,0.9999897480010986
6134,6,6,0.9999696016311646
6135,1,1,0.9999548196792603
6136,5,5,0.9999984502792358
6137,8,8,0.9924349188804626
6138,4,4,0.999998927116394
6139,3,3,0.9999994039535522
6140,0,0,0.9995918869972229
6141,1,1,0.9998800754547119
6142,5,5,0.9999978542327881
6143,4,4,0.9999808073043823
6144,4,4,0.99998939037323
6145,8,8,0.9996757507324219
6146,5,5,0.9999275207519531
6147,7,7,0.9997580647468567
6148,5,5,0.9999985694885254
6149,7,7,0.9999619722366333
6150,8,8,0.9998015761375427
6151,3,3,0.9999843835830688
6152,4,4,0.9999794960021973
6153,8,8,0.9998262524604797
6154,8,8,0.9998408555984497
6155,5,5,0.9999550580978394
6156,2,2,0.9999922513961792
6157,9,9,0.34718775749206543
6158,7,7,0.9999052286148071
6159,1,1,0.999982476234436
6160,3,3,0.9999985694885254
6161,8,8,0.9837537407875061
6162,1,1,0.9999852180480957
6163,0,0,0.9995369911193848
6164,7,7,0.9999916553497314
6165,5,5,0.9997473359107971
6166,9,9,0.6427565217018127
6167,6,6,0.999997615814209
6168,9,9,0.9881763458251953
6169,4,4,0.9999994039535522
6170,7,7,0.9999579191207886
6171,7,7,0.9999648332595825
6172,9,9,0.8942626118659973
6173,9,9,0.8359173536300659
6174,3,3,0.9990978240966797
6175,4,4,0.9999843835830688
6176,4,4,0.999990701675415
6177,3,3,0.9999904632568359
6178,8,8,0.998236894607544
6179,6,6,0.9998186230659485
6180,2,2,0.9995438456535339
6181,0,0,0.9999419450759888
6182,1,1,0.999971866607666
6183,2,2,0.9999666213989258
6184,3,3,0.9999960660934448
6185,4,4,0.9999793767929077
6186,5,5,0.9999933242797852
6187,6,6,0.9999990463256836
6188,7,7,0.9996656179428101
6189,8,8,0.9999822378158569
6190,9,9,0.9999964237213135
6191,0,0,0.999983549118042
6192,1,1,0.9999880790710449
6193,2,2,0.9998319149017334
6194,3,3,0.9999902248382568
6195,4,4,0.9999731779098511
6196,5,5,0.9999796152114868
6197,6,6,0.9999990463256836
6198,7,7,0.999967098236084
6199,8,8,0.999942421913147
6200,9,9,0.9999628067016602
6201,0,0,0.9999871253967285
6202,1,1,0.9999756813049316
6203,2,2,0.9999961853027344
6204,3,3,0.9999856948852539
6205,4,4,0.9999991655349731
6206,5,5,0.9999942779541016
6207,6,6,0.9999961853027344
6208,7,7,0.9989683628082275
6209,8,8,0.9998688697814941
6210,9,9,0.9999560117721558
6211,0,0,0.9999850988388062
6212,8,8,0.9998499155044556
6213,3,3,0.9995552897453308
6214,9,9,0.9999685287475586
6215,5,5,0.9998921155929565
6216,5,5,0.999984860420227
6217,2,2,0.9999972581863403
6218,6,6,0.9999953508377075
6219,8,8,0.9998959302902222
6220,4,4,0.9999980926513672
6221,9,9,0.9999828338623047
6222,1,1,0.999915361404419
6223,7,7,0.9998084902763367
6224,1,1,0.9998718500137329
6225,2,2,0.9999446868896484
6226,3,3,0.9999945163726807
6227,5,5,0.99969482421875
6228,9,9,0.9999189376831055
6229,6,6,0.9999961853027344
6230,9,9,0.9998372793197632
6231,1,1,0.9999327659606934
6232,1,1,0.9999796152114868
6233,1,1,0.9999651908874512
6234,2,2,0.9996824264526367
6235,9,9,0.9999477863311768
6236,5,5,0.9999986886978149
6237,6,6,0.9999339580535889
6238,8,8,0.999446451663971
6239,1,1,0.9999626874923706
6240,2,2,0.9999845027923584
6241,0,0,0.9999897480010986
6242,7,7,0.9998045563697815
6243,7,7,0.9905410408973694
6244,5,5,0.9999626874923706
6245,8,8,0.9998326301574707
6246,2,2,0.9999974966049194
6247,9,9,0.999956488609314
6248,8,8,0.9999741315841675
6249,9,9,0.9999902248382568
6250,0,0,0.9997851252555847
6251,4,4,0.999982476234436
6252,6,6,0.9999810457229614
6253,7,7,0.9999536275863647
6254,1,1,0.9999630451202393
6255,3,3,0.9999905824661255
6256,4,4,0.9999059438705444
6257,5,5,0.9999967813491821
6258,6,6,0.9999964237213135
6259,0,0,0.9999821186065674
6260,3,3,0.9999798536300659
6261,6,6,0.9999994039535522
6262,8,8,0.9999783039093018
6263,7,7,0.9998549222946167
6264,0,0,0.9999701976776123
6265,4,4,0.9999964237213135
6266,2,2,0.9999803304672241
6267,7,7,0.9999823570251465
6268,4,4,0.9999959468841553
6269,7,7,0.999354898929596
6270,5,5,0.9999839067459106
6271,4,4,0.9999686479568481
6272,3,3,0.9999982118606567
6273,4,4,0.9994915723800659
6274,2,2,0.999998927116394
6275,8,8,0.9999810457229614
6276,1,1,0.9999821186065674
6277,5,5,0.9999496936798096
6278,1,1,0.999790370464325
6279,2,2,0.9999971389770508
6280,0,0,0.9999924898147583
6281,2,2,0.9999973773956299
6282,5,5,0.9999972581863403
6283,6,6,0.9999856948852539
6284,4,4,0.9999628067016602
6285,3,3,0.9999896287918091
6286,0,0,0.9999716281890869
6287,0,0,0.9999816417694092
6288,0,0,0.9999966621398926
6289,3,3,0.9999996423721313
6290,3,3,0.9999939203262329
6291,5,5,0.9999754428863525
6292,7,7,0.9999141693115234
6293,0,0,0.9999903440475464
6294,6,6,0.9999514818191528
6295,4,4,0.9999985694885254
6296,8,8,0.9999656677246094
6297,8,8,0.9999843835830688
6298,6,6,0.9999741315841675
6299,3,3,0.9999985694885254
6300,4,4,0.9999300241470337
6301,6,6,0.9999953508377075
6302,9,9,0.9999890327453613
6303,9,9,0.9999459981918335
6304,8,8,0.9993236064910889
6305,2,2,0.9997758269309998
6306,7,7,0.9987075328826904
6307,7,7,0.999975323677063
6308,1,1,0.9999192953109741
6309,0,0,0.9999963045120239
6310,1,1,0.9995180368423462
6311,2,2,0.9999977350234985
6312,3,3,0.9999971389770508
6313,4,4,0.9999992847442627
6314,5,5,0.999976634979248
6315,6,6,0.9999977350234985
6316,7,7,0.9997385144233704
6317,8,8,0.9998953342437744
6318,9,9,0.999935507774353
6319,0,0,0.9999923706054688
6320,1,1,0.9999064207077026
6321,2,2,0.9999996423721313
6322,3,3,0.9999988079071045
6323,4,4,0.999988317489624
6324,5,5,0.999985933303833
6325,6,6,0.9999994039535522
6326,7,7,0.9999556541442871
6327,8,8,0.9999964237213135
6328,0,0,0.9999752044677734
6329,1,1,0.9999862909317017
6330,2,2,0.9999996423721313
6331,3,3,0.9999979734420776
6332,4,4,0.999997615814209
6333,5,5,0.9999809265136719
6334,6,6,0.9999953508377075
6335,7,7,0.9999966621398926
6336,8,8,0.9999845027923584
6337,2,2,0.9999966621398926
6338,1,1,0.9999046325683594
6339,7,7,0.9999830722808838
6340,2,2,0.9999980926513672
6341,5,5,0.9999992847442627
6342,0,0,0.9999817609786987
6343,8,8,0.9999867677688599
6344,0,0,0.9953319430351257
6345,2,2,0.9999984502792358
6346,7,7,0.999997615814209
6347,8,8,0.9876759052276611
6348,8,8,0.9997966885566711
6349,3,3,0.999998927116394
6350,6,6,0.9999978542327881
6351,0,0,0.9993159770965576
6352,2,2,0.999994158744812
6353,7,7,0.9999514818191528
6354,6,6,0.999994158744812
6355,6,6,0.9999959468841553
6356,1,1,0.9999161958694458
6357,2,2,0.9999916553497314
6358,8,8,0.9995545744895935
6359,8,8,0.9991853833198547
6360,7,7,0.9999853372573853
6361,7,7,0.999983549118042
6362,4,4,0.999968409538269
6363,7,7,0.9999827146530151
6364,7,7,0.9999803304672241
6365,3,3,0.9999996423721313
6366,7,7,0.999998927116394
6367,4,4,0.9999898672103882
6368,5,5,0.9999990463256836
6369,4,4,0.999996542930603
6370,3,3,0.9999990463256836
6371,3,3,0.999993085861206
6372,8,8,0.999739944934845
6373,4,4,0.999993085861206
6374,1,1,0.9999951124191284
6375,1,1,0.99993896484375
6376,9,9,0.9986741542816162
6377,7,7,0.9992499947547913
6378,4,4,0.9999344348907471
6379,3,3,0.999998927116394
6380,7,7,0.9995829463005066
6381,3,3,0.9999839067459106
6382,3,3,0.9999997615814209
6383,0,0,0.9999881982803345
6384,2,2,0.9999946355819702
6385,5,5,0.9997929930686951
6386,5,5,0.9999730587005615
6387,6,6,0.9999984502792358
6388,6,6,0.9999547004699707
6389,3,3,0.9999673366546631
6390,5,5,0.999966025352478
6391,2,2,0.9961643218994141
6392,5,5,0.9998302459716797
6393,9,9,0.99408358335495
6394,9,9,0.9999781847000122
6395,8,8,0.9999603033065796
6396,4,4,0.9999886751174927
6397,1,1,0.9999701976776123
6398,0,0,0.999272882938385
6399,6,6,0.9999860525131226
6400,0,0,0.9875754117965698
6401,9,9,0.9982244372367859
6402,6,6,0.9999247789382935
6403,8,8,0.9999016523361206
6404,8,8,0.9999449253082275
6405,5,5,0.9999630451202393
6406,6,6,0.999982476234436
6407,1,1,0.9999581575393677
6408,1,1,0.9999414682388306
6409,9,9,0.9996963739395142
6410,8,8,0.9970057606697083
6411,9,9,0.9998308420181274
6412,2,2,0.9999885559082031
6413,3,3,0.9999998807907104
6414,5,5,0.9999821186065674
6415,5,5,0.9999994039535522
6416,9,9,0.9997403025627136
6417,4,4,0.9999475479125977
6418,2,2,0.9986048340797424
6419,1,1,0.9998167157173157
6420,9,9,0.9845405220985413
6421,3,3,0.9997052550315857
6422,9,9,0.9998600482940674
6423,2,2,0.9999990463256836
6424,0,0,0.9998175501823425
6425,6,6,0.9999306201934814
6426,0,0,0.9971541166305542
6427,4,4,0.9999904632568359
6428,0,0,0.998816967010498
6429,0,0,0.9999985694885254
6430,1,1,0.9999347925186157
6431,2,2,0.9999958276748657
6432,3,3,0.9999885559082031
6433,4,4,0.9999902248382568
6434,7,7,0.9998311996459961
6435,8,8,0.9999980926513672
6436,9,9,0.9999961853027344
6437,0,0,0.9999716281890869
6438,1,1,0.9999141693115234
6439,2,2,0.9999972581863403
6440,3,3,0.9999997615814209
6441,7,7,0.9995077848434448
6442,8,8,0.9999899864196777
6443,9,9,0.9998489618301392
6444,0,0,0.9998470544815063
6445,1,1,0.9999204874038696
6446,2,2,0.9996009469032288
6447,3,3,0.9999969005584717
6448,4,4,0.9999977350234985
6449,7,7,0.999915361404419
6450,8,8,0.9998617172241211
6451,9,9,0.9999791383743286
6452,7,7,0.9993816614151001
6453,3,3,0.9999939203262329
6454,0,0,0.9999778270721436
6455,3,3,0.999996542930603
6456,1,1,0.9998968839645386
6457,8,8,0.9999974966049194
6458,7,7,0.9993734955787659
6459,6,6,0.9999908208847046
6460,4,4,0.9999407529830933
6461,0,0,0.9999788999557495
6462,2,2,0.9999996423721313
6463,6,6,0.9999942779541016
6464,8,8,0.9999860525131226
6465,3,3,0.9999723434448242
6466,2,2,0.9999872446060181
6467,8,8,0.9999812841415405
6468,1,1,0.9998210072517395
6469,2,2,0.9999942779541016
6470,0,0,0.9997836947441101
6471,7,7,0.9959732890129089
6472,1,1,0.9999841451644897
6473,0,0,0.9999083280563354
6474,4,4,0.9988180994987488
6475,4,4,0.9999978542327881
6476,5,5,0.9999974966049194
6477,8,8,0.9987943172454834
6478,0,0,0.9999443292617798
6479,6,6,0.9999736547470093
6480,2,2,0.9985803365707397
6481,3,3,0.9999914169311523
6482,1,1,0.99997878074646
6483,5,5,0.9998785257339478
6484,1,1,0.9998699426651001
6485,8,8,0.9992817044258118
6486,5,5,0.9999792575836182
6487,9,9,0.9999722242355347
6488,4,4,0.9999560117721558
6489,0,0,0.9999678134918213
6490,7,7,0.9999289512634277
6491,5,5,0.9999891519546509
6492,8,8,0.9999624490737915
6493,8,8,0.9999823570251465
6494,3,3,0.9999986886978149
6495,8,8,0.901318371295929
6496,9,9,0.9999504089355469
6497,2,2,0.9999898672103882
6498,6,6,0.9999963045120239
6499,2,2,0.9999884366989136
6500,5,5,0.9999914169311523
6501,3,3,0.999995231628418
6502,1,1,0.9998862743377686
6503,7,7,0.9997296929359436
6504,3,3,0.9999997615814209
6505,9,9,0.7860062122344971
6506,1,1,0.999840259552002
6507,9,9,0.9999624490737915
6508,9,9,0.9999775886535645
6509,6,6,0.9999983310699463
6510,0,0,0.9998445510864258
6511,3,3,0.9997715353965759
6512,9,9,0.9997400641441345
6513,2,2,0.9999525547027588
6514,8,8,0.9992656111717224
6515,1,1,0.9999507665634155
6516,4,4,0.9999954700469971
6517,3,3,0.9998798370361328
6518,5,5,0.9999901056289673
6519,2,2,0.9999995231628418
6520,9,9,0.9999924898147583
6521,2,2,0.999992847442627
6522,5,5,0.9999792575836182
6523,8,8,0.9959757924079895
6524,9,9,0.9999592304229736
6525,5,5,0.999923586845398
6526,0,0,0.999198853969574
6527,1,1,0.9995846152305603
6528,2,2,0.9999114274978638
6529,4,4,0.9988368153572083
6530,5,5,0.9992815852165222
6531,6,6,0.9999750852584839
6532,0,0,0.634066641330719
6533,1,1,0.9999529123306274
6534,2,2,0.9999743700027466
6535,3,3,0.9993656277656555
6536,4,4,0.9995408058166504
6537,5,5,0.9998819828033447
6538,6,6,0.9953920841217041
6539,7,7,0.9997544884681702
6540,1,1,0.9995230436325073
6541,2,2,0.9998315572738647
6542,3,3,0.9999856948852539
6543,4,4,0.999951958656311
6544,5,5,0.9967921376228333
6545,1,1,0.9999271631240845
6546,0,0,0.9918534159660339
6547,4,4,0.9999269247055054
6548,5,5,0.9996179342269897
6549,6,6,0.9999858140945435
6550,6,6,0.99997878074646
6551,3,3,0.9999971389770508
6552,4,4,0.9996341466903687
6553,4,4,0.9942998886108398
6554,2,2,0.9960695505142212
6555,8,9,0.6463261842727661
6556,1,1,0.999600350856781
6557,0,0,0.9836782217025757
6558,6,6,0.7280378341674805
6559,4,4,0.9934311509132385
6560,9,9,0.4773029088973999
6561,7,7,0.811109721660614
6562,2,2,0.9997668862342834
6563,3,3,0.9999945163726807
6564,3,3,0.9999514818191528
6565,9,9,0.9993466734886169
6566,2,2,0.999981164932251
6567,0,0,0.9988433122634888
6568,9,9,0.9930500984191895
6569,3,3,0.9503803253173828
6570,3,3,0.9994078874588013
6571,9,7,0.6213564872741699
6572,1,1,0.9312875270843506
6573,5,5,0.9147213697433472
6574,2,2,0.9643840789794922
6575,3,3,0.9998595714569092
6576,7,1,0.9276886582374573
6577,7,7,0.9159525632858276
6578,8,8,0.9024617671966553
6579,4,4,0.9997790455818176
6580,0,0,0.9610544443130493
6581,2,2,0.9994713664054871
6582,4,4,0.9999991655349731
6583,0,0,0.9999134540557861
6584,2,2,0.9841602444648743
6585,4,4,0.9999089241027832
6586,7,7,0.999334990978241
6587,8,8,0.9999960660934448
6588,0,0,0.9999041557312012
6589,7,7,0.9944573640823364
6590,0,0,0.9902864098548889
6591,6,6,0.9999823570251465
6592,9,9,0.7981717586517334
6593,3,3,0.9999834299087524
6594,2,2,0.9989537000656128
6595,8,8,0.999995231628418
6596,6,6,0.9960538148880005
6597,0,3,0.5567228198051453
6598,5,5,0.9471633434295654
6599,7,7,0.8923014402389526
6600,5,5,0.9994149208068848
6601,1,1,0.9998968839645386
6602,0,0,0.9937424063682556
6603,8,8,0.9073994159698486
6604,1,1,0.9999256134033203
6605,6,6,0.9974043965339661
6606,7,7,0.9999821186065674
6607,2,2,0.9997081160545349
6608,9,9,0.9344700574874878
6609,7,7,0.9734252691268921
6610,9,9,0.9998421669006348
6611,5,5,0.9999784231185913
6612,8,8,0.9999861717224121
6613,6,6,0.988258957862854
6614,2,2,0.9981039762496948
6615,6,6,0.9990667700767517
6616,2,2,0.9998729228973389
6617,8,8,0.9775233864784241
6618,1,1,0.999743640422821
6619,7,7,0.9998935461044312
6620,5,5,0.9999966621398926
6621,0,0,0.9958730340003967
6622,1,1,0.9997362494468689
6623,1,1,0.9886435866355896
6624,3,3,0.9999864101409912
6625,8,2,0.7571106553077698
6626,4,4,0.9998161196708679
6627,9,9,0.998810887336731
6628,1,1,0.9994798302650452
6629,8,8,0.9996408224105835
6630,6,6,0.999962568283081
6631,8,8,0.9732872247695923
6632,9,9,0.9452241063117981
6633,0,0,0.9999693632125854
6634,1,1,0.9999731779098511
6635,2,2,0.9996023774147034
6636,3,3,0.9997803568840027
6637,4,4,0.9939948916435242
6638,5,5,0.9999361038208008
6639,6,6,0.9999781847000122
6640,7,7,0.9999682903289795
6641,8,8,0.999806821346283
6642,9,9,0.9954624772071838
6643,0,0,0.9973915815353394
6644,1,1,0.9998786449432373
6645,2,2,0.9995181560516357
6646,3,3,0.9999980926513672
6647,4,4,0.9999936819076538
6648,7,7,0.9998262524604797
6649,8,8,0.9999994039535522
6650,9,9,0.9997196793556213
6651,0,8,0.45304572582244873
6652,1,1,0.9999244213104248
6653,7,7,0.9998472929000854
6654,8,8,0.9999984502792358
6655,9,9,0.9994685053825378
6656,9,9,0.99998939037323
6657,8,8,0.9998261332511902
6658,9,9,0.9996024966239929
6659,8,8,0.9999958276748657
6660,4,4,0.999992847442627
6661,1,1,0.9990897178649902
6662,7,7,0.9242947697639465
6663,7,7,0.9999208450317383
6664,3,3,0.9999821186065674
6665,3,3,0.9999998807907104
6666,7,7,0.9999614953994751
6667,6,6,0.9999009370803833
6668,6,6,0.998241662979126
6669,6,6,0.9182634949684143
6670,1,1,0.9999737739562988
6671,9,9,0.9999598264694214
6672,0,0,0.9982724189758301
6673,1,1,0.9999607801437378
6674,7,7,0.9999656677246094
6675,6,6,0.9999089241027832
6676,3,3,0.9999886751174927
6677,2,2,0.9990209341049194
6678,1,1,0.999961256980896
6679,7,7,0.9999032020568848
6680,1,1,0.9999284744262695
6681,3,3,0.999922513961792
6682,9,9,0.9999839067459106
6683,1,1,0.9999758005142212
6684,7,7,0.9988899827003479
6685,6,6,0.9999638795852661
6686,8,8,0.9999712705612183
6687,4,4,0.9999963045120239
6688,1,1,0.9976987242698669
6689,4,4,0.9997790455818176
6690,3,3,0.9999934434890747
6691,6,6,0.9953411817550659
6692,9,9,0.9965972304344177
6693,6,6,0.9999209642410278
6694,1,1,0.9975583553314209
6695,4,4,0.9997987151145935
6696,4,4,0.9999967813491821
6697,7,7,0.9998446702957153
6698,2,2,0.9999966621398926
6699,4,4,0.9999871253967285
6700,4,4,0.9996871948242188
6701,0,0,0.9999823570251465
6702,1,1,0.9998219609260559
6703,2,2,0.999535083770752
6704,3,3,0.9999746084213257
6705,4,4,0.9999914169311523
6706,5,5,0.985977292060852
6707,6,6,0.9999951124191284
6708,7,7,0.9969685673713684
6709,8,8,0.999527096748352
6710,9,9,0.9995317459106445
6711,0,0,0.9999982118606567
6712,1,1,0.9998785257339478
6713,2,2,0.9999878406524658
6714,3,3,0.9999964237213135
6715,4,4,0.9999408721923828
6716,5,5,0.9998993873596191
6717,6,6,0.9999922513961792
6718,9,9,0.9974619150161743
6719,0,0,0.9999740123748779
6720,1,1,0.999804675579071
6721,2,2,0.9772606492042542
6722,3,3,0.9999300241470337
6723,4,4,0.9993292093276978
6724,7,7,0.9799209237098694
6725,8,8,0.9780592918395996
6726,1,1,0.9999178647994995
6727,3,3,0.9999998807907104
6728,5,5,0.9999767541885376
6729,1,1,0.9999808073043823
6730,7,7,0.9948458671569824
6731,7,7,0.9987263083457947
6732,2,2,0.9997755885124207
6733,1,1,0.9992141723632812
6734,4,4,0.9992513060569763
6735,8,8,0.9997685551643372
6736,3,3,0.9999915361404419
6737,4,4,0.9985595345497131
6738,4,4,0.9999916553497314
6739,3,3,0.9999403953552246
6740,9,9,0.7553696036338806
6741,7,7,0.980668306350708
6742,4,4,0.9999356269836426
6743,1,1,0.9963686466217041
6744,2,2,0.9809320569038391
6745,3,3,0.999840259552002
6746,5,5,0.9999215602874756
6747,9,9,0.998747706413269
6748,1,1,0.9997127652168274
6749,6,6,0.9815649390220642
6750,0,0,0.999862790107727
6751,1,1,0.9998250603675842
6752,0,0,0.9999638795852661
6753,0,0,0.999256432056427
6754,2,2,0.9999817609786987
6755,8,9,0.6360535621643066
6756,7,7,0.9566637277603149
6757,1,1,0.9998804330825806
6758,1,1,0.9995842576026917
6759,4,4,0.9960002303123474
6760,0,0,0.9999465942382812
6761,4,4,0.9997839331626892
6762,7,7,0.9964535236358643
6763,3,3,0.9999819993972778
6764,6,6,0.9995760321617126
6765,8,8,0.994506299495697
6766,0,0,0.9999847412109375
6767,3,3,0.9999943971633911
6768,7,7,0.9956254959106445
6769,4,4,0.9960101842880249
6770,0,0,0.9999881982803345
6771,6,6,0.9999604225158691
6772,9,9,0.9998832941055298
6773,2,2,0.9996423721313477
6774,6,6,0.9995301961898804
6775,5,5,0.999943733215332
6776,8,8,0.999854326248169
6777,6,6,0.999876856803894
6778,9,9,0.9998699426651001
6779,0,0,0.9999502897262573
6780,4,4,0.9947722554206848
6781,0,0,0.9999927282333374
6782,6,6,0.9999382495880127
6783,1,6,0.6215870976448059
6784,9,9,0.9969538450241089
6785,2,2,0.9976816177368164
6786,0,0,0.9999823570251465
6787,9,9,0.9997312426567078
6788,5,5,0.9992734789848328
6789,1,1,0.9999902248382568
6790,3,3,0.9995922446250916
6791,7,7,0.9220402836799622
6792,6,6,0.9998786449432373
6793,9,9,0.9995766282081604
6794,3,3,0.9999966621398926
6795,0,0,0.9998524188995361
6796,2,2,0.9099727869033813
6797,2,2,0.9930737018585205
6798,0,0,0.9998102784156799
6799,1,1,0.9999614953994751
6800,2,2,0.9999223947525024
6801,3,3,0.9999921321868896
6802,4,4,0.9999957084655762
6803,5,5,0.9999853372573853
6804,6,6,0.9999963045120239
6805,7,7,0.9993581175804138
6806,8,8,0.9991111159324646
6807,9,9,0.981947660446167
6808,0,0,0.9999322891235352
6809,1,1,0.999855637550354
6810,2,2,0.9999898672103882
6811,3,3,0.9999946355819702
6812,4,4,0.9999891519546509
6813,5,5,0.9996492862701416
6814,6,6,0.9999924898147583
6815,7,7,0.9999977350234985
6816,8,8,0.9999186992645264
6817,9,9,0.9971264004707336
6818,0,0,0.9987978935241699
6819,1,1,0.9999843835830688
6820,2,2,0.9996893405914307
6821,3,3,0.9999920129776001
6822,4,4,0.9999935626983643
6823,5,5,0.9998511075973511
6824,6,6,0.9999985694885254
6825,7,7,0.9999096393585205
6826,8,8,0.9999972581863403
6827,9,9,0.9940485954284668
6828,2,2,0.999987006187439
6829,1,1,0.9999806880950928
6830,7,7,0.9998383522033691
6831,2,2,0.9999872446060181
6832,5,5,0.9999570846557617
6833,0,0,0.9999945163726807
6834,8,8,0.9999885559082031
6835,0,0,0.9999529123306274
6836,2,2,0.9999935626983643
6837,7,7,0.9997730851173401
6838,8,8,0.9993478655815125
6839,8,8,0.999847412109375
6840,3,3,0.999948263168335
6841,0,0,0.9997468590736389
6842,6,6,0.9999978542327881
6843,0,0,0.9996806383132935
6844,2,2,0.9999781847000122
6845,7,7,0.9997037053108215
6846,6,6,0.9999943971633911
6847,6,6,0.9827212691307068
6848,1,1,0.9999545812606812
6849,2,2,0.9999328851699829
6850,8,8,0.999992847442627
6851,8,8,0.9995675683021545
6852,7,7,0.9996702671051025
6853,7,7,0.9991397857666016
6854,4,4,0.9999876022338867
6855,7,7,0.9997377991676331
6856,7,7,0.999652624130249
6857,3,3,0.9999980926513672
6858,7,7,0.999945878982544
6859,4,4,0.9999833106994629
6860,5,5,0.9999966621398926
6861,4,4,0.9999996423721313
6862,3,3,0.9999814033508301
6863,3,3,0.9999990463256836
6864,8,8,0.9999825954437256
6865,4,4,0.9999639987945557
6866,5,5,0.9999043941497803
6867,4,4,0.9998268485069275
6868,1,1,0.9999812841415405
6869,1,1,0.9999622106552124
6870,9,9,0.9994547963142395
6871,7,7,0.9999748468399048
6872,4,4,0.9997400641441345
6873,3,3,0.9999983310699463
6874,7,7,0.9999864101409912
6875,3,3,0.9999996423721313
6876,3,3,0.9999879598617554
6877,0,0,0.9999293088912964
6878,2,2,0.9998255372047424
6879,5,5,0.9999921321868896
6880,5,5,0.9993811845779419
6881,6,6,0.999998927116394
6882,3,3,0.999996542930603
6883,1,1,0.9918184280395508
6884,5,5,0.9999728202819824
6885,2,2,0.9999563694000244
6886,5,5,0.9974513649940491
6887,9,9,0.9999146461486816
6888,9,9,0.9999425411224365
6889,8,8,0.9999363422393799
6890,4,4,0.9999829530715942
6891,1,1,0.9998997449874878
6892,0,0,0.9999920129776001
6893,6,6,0.999896764755249
6894,0,0,0.9976690411567688
6895,9,9,0.9919106364250183
6896,6,6,0.9999979734420776
6897,8,8,0.9970923662185669
6898,8,8,0.999833345413208
6899,5,5,0.9974307417869568
6900,6,6,0.9999868869781494
6901,1,1,0.9999880790710449
6902,1,1,0.9999485015869141
6903,9,9,0.9998230338096619
6904,8,8,0.9996365308761597
6905,9,9,0.9991650581359863
6906,2,2,0.999687910079956
6907,3,3,0.9999977350234985
6908,5,5,0.9999785423278809
6909,5,5,0.9994308352470398
6910,9,9,0.9834152460098267
6911,4,4,0.9999935626983643
6912,2,2,0.9989161491394043
6913,1,1,0.9999916553497314
6914,9,9,0.9993399977684021
6915,4,4,0.9999983310699463
6916,9,9,0.9999885559082031
6917,1,1,0.999976634979248
6918,3,3,0.9999806880950928
6919,9,9,0.9814407825469971
6920,2,2,0.9998657703399658
6921,0,0,0.9999698400497437
6922,6,6,0.9998736381530762
6923,0,0,0.9999526739120483
6924,4,4,0.9998602867126465
6925,0,0,0.9999322891235352
6926,6,6,0.9983181953430176
6927,0,0,0.9999520778656006
6928,1,1,0.9999698400497437
6929,2,2,0.9998103976249695
6930,3,3,0.9999986886978149
6931,4,4,0.9999788999557495
6932,5,5,0.9999936819076538
6933,6,6,0.9999984502792358
6934,7,7,0.9999812841415405
6935,8,8,0.9999837875366211
6936,9,9,0.9999737739562988
6937,0,0,0.9998564720153809
6938,1,1,0.9999821186065674
6939,2,2,0.9999561309814453
6940,3,3,0.9999191761016846
6941,4,4,0.9999818801879883
6942,5,5,0.9999597072601318
6943,6,6,0.9999891519546509
6944,7,7,0.9996892213821411
6945,8,8,0.9936667084693909
6946,9,9,0.999975323677063
6947,0,0,0.99998939037323
6948,1,1,0.9999836683273315
6949,2,2,0.9999884366989136
6950,3,3,0.9999865293502808
6951,4,4,0.9999994039535522
6952,5,5,0.9999613761901855
6953,6,6,0.9999938011169434
6954,7,7,0.9978759288787842
6955,8,8,0.9999891519546509
6956,9,9,0.9999518394470215
6957,3,3,0.999901533126831
6958,8,8,0.9999963045120239
6959,0,0,0.999971866607666
6960,7,7,0.9999920129776001
6961,1,1,0.9998867511749268
6962,0,0,0.9954075217247009
6963,7,7,0.999993085861206
6964,5,5,0.9995719790458679
6965,5,5,0.99991774559021
6966,6,6,0.9999948740005493
6967,9,9,0.9973005652427673
6968,0,0,0.999772846698761
6969,1,1,0.9999849796295166
6970,0,0,0.9999933242797852
6971,0,0,0.9997923970222473
6972,8,8,0.9999873638153076
6973,3,3,0.9999948740005493
6974,4,4,0.9999881982803345
6975,3,3,0.9999552965164185
6976,1,1,0.9999569654464722
6977,5,5,0.9999986886978149
6978,0,0,0.9996086955070496
6979,0,0,0.9999284744262695
6980,9,9,0.9996019005775452
6981,5,5,0.994779109954834
6982,3,3,0.9999873638153076
6983,4,4,0.9998687505722046
6984,9,9,0.9998760223388672
6985,3,3,0.9999785423278809
6986,7,7,0.9996974468231201
6987,6,6,0.9999927282333374
6988,9,9,0.9998152852058411
6989,2,2,0.999987006187439
6990,4,4,0.9997175335884094
6991,5,5,0.9973537921905518
6992,7,7,0.9999908208847046
6993,2,2,0.9999955892562866
6994,6,6,0.9999525547027588
6995,4,4,0.9999973773956299
6996,9,9,0.999214768409729
6997,4,4,0.9998733997344971
6998,9,9,0.9996957778930664
6999,4,4,0.99986732006073
7000,1,1,0.9999377727508545
7001,2,2,0.9997690320014954
7002,2,2,0.999886155128479
7003,5,5,0.9989105463027954
7004,8,8,0.9999158382415771
7005,1,1,0.9999240636825562
7006,3,3,0.9999943971633911
7007,2,2,0.9999958276748657
7008,9,9,0.9998899698257446
7009,4,4,0.9999902248382568
7010,3,3,0.9999986886978149
7011,8,8,0.9999996423721313
7012,2,2,0.9999970197677612
7013,2,2,0.9999994039535522
7014,1,1,0.999931812286377
7015,2,2,0.9999262094497681
7016,8,8,0.9999700784683228
7017,6,6,0.9999970197677612
7018,5,5,0.9998040795326233
7019,1,1,0.9999746084213257
7020,6,6,0.9999767541885376
7021,7,7,0.9995118379592896
7022,2,2,0.9999773502349854
7023,1,1,0.9999059438705444
7024,3,3,0.9999971389770508
7025,9,9,0.9997202754020691
7026,3,3,0.9999933242797852
7027,8,8,0.9999943971633911
7028,7,7,0.9997590184211731
7029,5,5,0.9998425245285034
7030,7,7,0.9985319375991821
7031,0,0,0.999813973903656
7032,7,7,0.9998185038566589
7033,4,4,0.9983579516410828
7034,8,8,0.9999915361404419
7035,8,8,0.9988848567008972
7036,5,5,0.999997615814209
7037,0,0,0.9999595880508423
7038,6,6,0.9999985694885254
7039,6,6,0.9999600648880005
7040,3,3,0.9998346567153931
7041,7,7,0.9999890327453613
7042,6,6,0.9999878406524658
7043,9,9,0.9996144771575928
7044,9,9,0.999595582485199
7045,4,4,0.9999845027923584
7046,8,8,0.9997178912162781
7047,4,4,0.9999357461929321
7048,1,1,0.9999644756317139
7049,0,0,0.9645445346832275
7050,6,6,0.999560534954071
7051,6,6,0.9999281167984009
7052,0,0,0.9999934434890747
7053,1,1,0.9999786615371704
7054,2,2,0.990358293056488
7055,3,3,1.0
7056,4,4,0.9999691247940063
7057,5,5,0.999987006187439
7058,6,6,0.9999762773513794
7059,7,7,0.9999184608459473
7060,8,8,0.9968558549880981
7061,9,9,0.9988067150115967
7062,0,0,0.9999520778656006
7063,1,1,0.9999004602432251
7064,2,2,0.9996836185455322
7065,3,3,0.9999996423721313
7066,4,4,0.9999966621398926
7067,5,5,0.9999899864196777
7068,6,6,0.9998531341552734
7069,7,7,0.9996914863586426
7070,8,8,0.9997199177742004
7071,9,9,0.9992730021476746
7072,0,0,0.999884843826294
7073,1,1,0.9999734163284302
7074,2,2,0.997803270816803
7075,3,3,0.999998927116394
7076,4,4,0.9999892711639404
7077,5,5,0.9999898672103882
7078,6,6,0.9999949932098389
7079,7,7,0.9998832941055298
7080,8,8,0.9999291896820068
7081,9,9,0.9759936928749084
7082,7,7,0.9999138116836548
7083,4,4,0.9999955892562866
7084,0,0,0.9984198808670044
7085,4,4,0.9999911785125732
7086,0,0,0.9999866485595703
7087,1,1,0.999860405921936
7088,7,7,0.9999734163284302
7089,9,9,0.9998400211334229
7090,5,5,0.9999268054962158
7091,1,1,0.9999778270721436
7092,4,4,0.9999939203262329
7093,2,2,0.9536072015762329
7094,8,9,0.828509509563446
7095,9,9,0.9996575117111206
7096,4,4,1.0
7097,3,3,0.999883770942688
7098,7,7,0.999285876750946
7099,8,8,0.9994370341300964
7100,2,2,0.9995986819267273
7101,4,4,0.9998947381973267
7102,4,4,0.9999395608901978
7103,3,3,0.9999983310699463
7104,3,3,0.9999998807907104
7105,6,6,0.999984622001648
7106,9,9,0.9996455907821655
7107,9,9,0.9987533092498779
7108,5,5,0.9999901056289673
7109,8,8,0.9996575117111206
7110,6,6,0.9999463558197021
7111,7,7,0.9999017715454102
7112,0,0,0.9999082088470459
7113,6,6,0.9999936819076538
7114,8,8,0.9999815225601196
7115,2,2,0.9984186887741089
7116,6,6,0.9999972581863403
7117,3,3,0.9999887943267822
7118,9,9,0.9997013211250305
7119,3,3,0.9999949932098389
7120,2,2,0.999803364276886
7121,8,8,0.7112385034561157
7122,6,6,0.9999746084213257
7123,1,1,0.9999419450759888
7124,7,7,0.9999125003814697
7125,4,4,0.9999873638153076
7126,8,8,0.997501790523529
7127,8,8,0.9991151690483093
7128,9,9,0.99969482421875
7129,0,0,0.999988317489624
7130,3,3,0.9999910593032837
7131,3,3,0.9999996423721313
7132,9,9,0.9993114471435547
7133,0,0,0.9999815225601196
7134,5,5,0.9999445676803589
7135,2,2,0.9991846680641174
7136,9,9,0.999610960483551
7137,4,4,0.9999358654022217
7138,1,1,0.9999772310256958
7139,0,0,0.9999762773513794
7140,3,3,0.9999985694885254
7141,7,7,0.9999419450759888
7142,5,5,0.999991774559021
7143,8,8,0.9996681213378906
7144,7,7,0.9999417066574097
7145,7,7,0.9999253749847412
7146,8,8,0.9995647072792053
7147,2,2,0.9999915361404419
7148,9,9,0.9990435242652893
7149,7,7,0.998369038105011
7150,1,1,0.9999666213989258
7151,2,2,0.9999258518218994
7152,6,6,0.9999963045120239
7153,4,4,0.9999656677246094
7154,2,2,0.9761847257614136
7155,5,5,0.9999574422836304
7156,2,2,0.9996253252029419
7157,3,3,0.9999997615814209
7158,6,6,0.9999845027923584
7159,6,6,0.9999985694885254
7160,5,5,0.9999438524246216
7161,0,0,0.9999836683273315
7162,0,0,0.9999197721481323
7163,2,2,0.9998106360435486
7164,8,8,0.9999097585678101
7165,1,1,0.9999713897705078
7166,6,6,0.9999932050704956
7167,1,1,0.999977707862854
7168,0,0,0.9999637603759766
7169,4,4,0.9999988079071045
7170,3,3,0.9999040365219116
7171,1,1,0.9999622106552124
7172,6,6,0.9999951124191284
7173,1,1,0.9999452829360962
7174,9,9,0.9995610117912292
7175,0,0,0.9997768998146057
7176,1,1,0.9999890327453613
7177,4,4,0.9998555183410645
7178,5,5,0.9999057054519653
7179,6,6,0.9991518259048462
7180,7,7,0.9999632835388184
7181,8,8,0.99983811378479
7182,9,9,0.9999573230743408
7183,1,1,0.9998626708984375
7184,2,2,0.9999973773956299
7185,3,3,0.9999933242797852
7186,4,4,0.9999873638153076
7187,5,5,0.9999810457229614
7188,6,6,0.9999945163726807
7189,7,7,0.9991557598114014
7190,0,0,0.9986324906349182
7191,1,1,0.9999055862426758
7192,2,2,0.9999725818634033
7193,3,3,0.9997673630714417
7194,4,4,0.9999984502792358
7195,5,5,0.9997267127037048
7196,6,6,0.999810516834259
7197,7,7,0.9989174604415894
7198,8,8,0.9566516876220703
7199,9,9,0.9999855756759644
7200,8,8,0.9997933506965637
7201,4,4,0.9999995231628418
7202,0,0,0.9999326467514038
7203,0,0,0.9999675750732422
7204,7,7,0.9989770650863647
7205,2,2,0.999968409538269
7206,4,4,0.9999955892562866
7207,3,3,0.9999737739562988
7208,8,8,0.9994157552719116
7209,6,6,0.9997860789299011
7210,6,6,0.9989219903945923
7211,3,3,0.9996473789215088
7212,2,2,0.9741954207420349
7213,6,6,0.9999057054519653
7214,3,3,0.999997615814209
7215,3,3,0.9998987913131714
7216,0,0,0.9764808416366577
7217,1,1,0.9997897744178772
7218,4,4,0.9999920129776001
7219,7,7,0.9994931221008301
7220,8,8,0.9992528557777405
7221,0,0,0.9999513626098633
7222,3,3,0.9999994039535522
7223,1,1,0.9998505115509033
7224,9,9,0.9999707937240601
7225,0,0,0.9999314546585083
7226,1,1,0.9999679327011108
7227,9,9,0.9999533891677856
7228,1,1,0.9997530579566956
7229,2,2,0.9998749494552612
7230,7,7,0.9999077320098877
7231,0,0,0.9999725818634033
7232,1,1,0.997803270816803
7233,3,3,0.9944562315940857
7234,8,8,0.9999922513961792
7235,2,2,0.992732584476471
7236,9,9,0.9999810457229614
7237,2,2,0.9979263544082642
7238,7,7,0.9977141618728638
7239,6,6,0.9999767541885376
7240,5,5,0.988258957862854
7241,5,5,0.9994224309921265
7242,9,9,0.9999243021011353
7243,9,9,0.9999302625656128
7244,8,8,0.9999946355819702
7245,2,2,0.9998351335525513
7246,9,9,0.9999881982803345
7247,1,1,0.9991124272346497
7248,3,3,0.9989882111549377
7249,2,2,0.9881836771965027
7250,3,3,0.9999978542327881
7251,4,4,0.9999998807907104
7252,3,3,0.9999768733978271
7253,1,1,0.9999098777770996
7254,9,9,0.9999985694885254
7255,0,0,0.9997444748878479
7256,9,9,0.9999709129333496
7257,3,3,0.9999984502792358
7258,6,6,0.9994460940361023
7259,8,8,0.9999071359634399
7260,7,7,0.9999150037765503
7261,0,0,0.999231219291687
7262,1,1,0.999213695526123
7263,0,0,0.9998451471328735
7264,5,5,0.9999749660491943
7265,8,8,0.9978728294372559
7266,2,2,0.9999837875366211
7267,7,7,0.9989527463912964
7268,7,7,0.9833352565765381
7269,0,0,0.9999921321868896
7270,1,1,0.9999947547912598
7271,2,2,0.9965479969978333
7272,3,3,0.999595582485199
7273,4,4,0.999993085861206
7274,5,5,0.9999833106994629
7275,6,6,0.9999936819076538
7276,7,7,0.9998270869255066
7277,8,8,0.9993038177490234
7278,9,9,0.9996662139892578
7279,0,0,0.9997053742408752
7280,1,1,0.9999717473983765
7281,2,2,0.9999949932098389
7282,3,3,0.9999334812164307
7283,4,4,0.9999974966049194
7284,5,5,0.9999758005142212
7285,6,6,0.9999891519546509
7286,7,7,0.9999842643737793
7287,8,8,0.9960312247276306
7288,9,9,0.9999154806137085
7289,0,0,0.9998753070831299
7290,1,1,0.999990701675415
7291,2,2,0.9991638660430908
7292,3,3,0.9999927282333374
7293,4,4,0.9996720552444458
7294,5,5,0.9993342757225037
7295,6,6,0.9999926090240479
7296,7,7,0.999890923500061
7297,8,8,0.9983812570571899
7298,9,9,0.9999691247940063
7299,1,1,0.9999557733535767
7300,7,7,0.9999064207077026
7301,4,4,0.9999524354934692
7302,8,8,0.9989290833473206
7303,1,1,0.9999724626541138
7304,5,5,0.994759738445282
7305,6,6,0.9999946355819702
7306,5,5,0.9999779462814331
7307,7,7,0.9999371767044067
7308,2,2,0.9999613761901855
7309,8,8,0.9865655303001404
7310,6,6,0.9999759197235107
7311,3,3,0.9999985694885254
7312,3,3,0.999997615814209
7313,8,8,0.9999704360961914
7314,6,6,0.9999967813491821
7315,5,5,0.9992400407791138
7316,4,4,0.9999992847442627
7317,0,0,0.9995439648628235
7318,9,9,0.9999960660934448
7319,1,1,0.9994506239891052
7320,7,7,0.9921261072158813
7321,2,2,0.9999518394470215
7322,9,9,0.9998552799224854
7323,1,1,0.9999566078186035
7324,5,5,0.999691367149353
7325,1,1,0.9999107122421265
7326,3,3,0.999998927116394
7327,2,2,0.9998477697372437
7328,2,2,0.9998443126678467
7329,3,3,0.9999954700469971
7330,0,0,0.9999160766601562
7331,6,6,0.9999966621398926
7332,4,4,0.9998162388801575
7333,3,3,0.9993636012077332
7334,7,7,0.9998855590820312
7335,6,6,0.9997327923774719
7336,9,9,0.999947190284729
7337,0,0,0.9970425963401794
7338,4,4,0.9992795586585999
7339,8,8,0.9998063445091248
7340,1,1,0.9999809265136719
7341,4,4,0.9999486207962036
7342,0,0,0.9999145269393921
7343,6,6,0.9999911785125732
7344,1,1,0.9999678134918213
7345,2,2,0.9986310601234436
7346,6,6,0.9999938011169434
7347,9,9,0.9999783039093018
7348,2,2,0.9995824694633484
7349,2,2,0.9974597096443176
7350,3,3,0.9999537467956543
7351,5,5,0.9999368190765381
7352,5,5,0.9989675283432007
7353,1,1,0.9999772310256958
7354,0,0,0.9722087383270264
7355,7,7,0.9999884366989136
7356,7,7,0.9998341798782349
7357,9,9,0.9999855756759644
7358,6,6,0.9999978542327881
7359,2,2,0.9996863603591919
7360,9,9,0.9999839067459106
7361,4,4,0.9999912977218628
7362,7,7,0.999990701675415
7363,0,0,0.9953954815864563
7364,2,2,0.9999854564666748
7365,3,3,0.9999983310699463
7366,4,4,0.999998927116394
7367,0,0,0.9998973608016968
7368,0,0,0.9999843835830688
7369,8,8,0.9999271631240845
7370,8,8,0.9519796967506409
7371,8,8,0.9999191761016846
7372,5,5,0.9978712797164917
7373,1,1,0.9999010562896729
7374,3,3,0.9999971389770508
7375,7,7,0.9998947381973267
7376,4,4,0.9999954700469971
7377,9,9,0.9999876022338867
7378,8,8,0.9996005892753601
7379,8,8,0.9997443556785583
7380,9,9,0.9998477697372437
7381,0,0,0.9992914199829102
7382,9,9,0.9998968839645386
7383,8,8,0.9998294115066528
7384,9,9,0.9996511936187744
7385,0,0,0.9999867677688599
7386,2,2,0.9996281862258911
7387,6,6,0.9999788999557495
7388,5,5,0.9997401833534241
7389,6,6,0.999992847442627
7390,7,7,0.9998992681503296
7391,4,4,0.9999417066574097
7392,7,7,0.9989610910415649
7393,5,5,0.9999051094055176
7394,4,4,0.998085618019104
7395,1,1,0.9995928406715393
7396,3,3,0.9999963045120239
7397,5,5,0.9999222755432129
7398,3,3,0.9999932050704956
7399,1,1,0.9998592138290405
7400,2,2,0.9997411370277405
7401,3,3,0.998261034488678
7402,4,4,0.9998890161514282
7403,5,5,0.9976396560668945
7404,6,6,0.9999467134475708
7405,1,1,0.9942877888679504
7406,2,2,0.9999780654907227
7407,3,3,0.9999692440032959
7408,4,4,0.9995577931404114
7409,6,6,0.999997615814209
7410,0,0,0.9997614026069641
7411,1,1,0.9999926090240479
7412,2,2,0.9994101524353027
7413,4,4,0.9937438368797302
7414,5,5,0.9999982118606567
7415,6,6,0.999995231628418
7416,7,7,0.9995991587638855
7417,8,8,0.9999626874923706
7418,1,1,0.9999679327011108
7419,7,7,0.9939875602722168
7420,2,2,0.999523401260376
7421,4,4,0.9999864101409912
7422,1,1,0.9998726844787598
7423,4,4,0.9989529848098755
7424,1,1,0.9999637603759766
7425,4,4,0.999941349029541
7426,9,9,0.9998728036880493
7427,6,6,0.9998892545700073
7428,8,8,0.9999781847000122
7429,4,4,0.9999984502792358
7430,5,5,0.9947966933250427
7431,3,3,0.9994962215423584
7432,7,7,0.9094728231430054
7433,8,8,0.9994328618049622
7434,4,4,0.8158996105194092
7435,3,3,0.9999990463256836
7436,3,3,0.9999314546585083
7437,5,5,0.9979146122932434
7438,6,6,0.9999361038208008
7439,7,7,0.9994766116142273
7440,0,0,0.9999712705612183
7441,6,6,0.9977610111236572
7442,1,1,0.9999644756317139
7443,6,6,0.9998904466629028
7444,8,8,0.9987285733222961
7445,7,7,0.9993728995323181
7446,0,0,0.9992613196372986
7447,1,1,0.997637152671814
7448,5,5,0.9997908473014832
7449,0,0,0.999602735042572
7450,8,8,0.9995772242546082
7451,5,5,0.9973500967025757
7452,0,0,0.9999480247497559
7453,1,1,0.999963641166687
7454,5,5,0.9999269247055054
7455,8,8,0.9999362230300903
7456,4,4,0.9998224377632141
7457,2,2,0.9997281432151794
7458,3,3,0.9999991655349731
7459,9,9,0.9996770620346069
7460,7,7,0.999305009841919
7461,6,6,0.9998630285263062
7462,9,9,0.999971866607666
7463,1,1,0.999853253364563
7464,9,9,0.9999947547912598
7465,0,0,0.9992027878761292
7466,6,6,0.9997569918632507
7467,7,7,0.9999228715896606
7468,1,1,0.999881386756897
7469,2,2,0.9998986721038818
7470,3,3,0.9999991655349731
7471,9,9,0.999922513961792
7472,2,2,0.9981932044029236
7473,4,4,0.9839683771133423
7474,5,5,0.9999092817306519
7475,5,5,0.9999955892562866
7476,3,3,0.9990599751472473
7477,7,7,0.9987679123878479
7478,5,5,0.9996649026870728
7479,3,3,0.9996911287307739
7480,1,1,0.9998936653137207
7481,8,8,0.9997695088386536
7482,2,2,0.9995490908622742
7483,2,2,0.997992992401123
7484,3,3,0.9999605417251587
7485,0,0,0.999975323677063
7486,2,2,0.9997342228889465
7487,9,9,0.9998729228973389
7488,4,4,0.9999685287475586
7489,9,9,0.9999908208847046
7490,7,7,0.999312162399292
7491,0,0,0.9816848635673523
7492,2,2,0.9100406169891357
7493,7,7,0.9990087151527405
7494,4,4,0.9995052814483643
7495,9,9,0.9999140501022339
7496,9,9,0.9999455213546753
7497,2,2,0.9998086094856262
7498,5,5,0.9574798941612244
7499,9,9,0.9999895095825195
7500,8,8,0.9997439980506897
7501,3,3,0.9999994039535522
7502,8,8,0.9999599456787109
7503,6,6,0.9997660517692566
7504,7,7,0.9996005892753601
7505,0,0,0.993065357208252
7506,0,0,0.9998784065246582
7507,1,1,0.9992339611053467
7508,2,2,0.9999867677688599
7509,3,3,0.9999918937683105
7510,4,4,0.999943733215332
7511,5,5,0.9982841610908508
7512,6,6,0.9998730421066284
7513,7,7,0.9999607801437378
7514,8,8,0.9845814108848572
7515,9,9,0.9999884366989136
7516,0,0,0.9999895095825195
7517,1,1,0.9989317059516907
7518,2,2,0.9998148083686829
7519,3,3,0.9999127388000488
7520,4,4,0.9998867511749268
7521,5,5,0.999944806098938
7522,6,6,0.999777615070343
7523,7,7,0.9998853206634521
7524,8,8,0.9920805096626282
7525,9,9,0.999951958656311
7526,0,0,0.9999768733978271
7527,1,1,0.9998286962509155
7528,2,2,0.9987179040908813
7529,3,3,0.9995517134666443
7530,4,4,0.9999266862869263
7531,5,5,0.9993799924850464
7532,6,6,0.999992847442627
7533,7,7,0.9957376718521118
7534,8,8,0.9746856689453125
7535,9,9,0.9999170303344727
7536,0,0,0.9999446868896484
7537,0,0,0.9999852180480957
7538,7,7,0.9988741278648376
7539,2,2,0.9964545965194702
7540,6,6,0.9999849796295166
7541,5,5,0.9957738518714905
7542,5,5,0.9995383024215698
7543,3,3,0.9999966621398926
7544,7,7,0.9998288154602051
7545,8,8,0.872751772403717
7546,6,6,0.9999954700469971
7547,6,6,0.9999970197677612
7548,6,6,0.9999971389770508
7549,6,6,0.9999817609786987
7550,4,4,0.999795138835907
7551,3,3,0.9999990463256836
7552,8,8,0.9471185207366943
7553,8,8,0.9710795879364014
7554,3,3,0.9999570846557617
7555,0,0,0.997761607170105
7556,1,1,0.999725878238678
7557,9,9,0.9999455213546753
7558,0,0,0.9793368577957153
7559,5,5,0.9995027780532837
7560,4,4,0.9916074275970459
7561,1,1,0.9999642372131348
7562,9,9,0.9998868703842163
7563,1,1,0.9999309778213501
7564,2,2,0.9995150566101074
7565,7,7,0.5365147590637207
7566,0,0,0.9999213218688965
7567,1,1,0.9999587535858154
7568,3,3,0.9999934434890747
7569,8,8,0.8415561318397522
7570,2,2,0.9998070597648621
7571,9,9,0.9999210834503174
7572,2,2,0.9970278143882751
7573,7,7,0.9878807067871094
7574,4,4,0.9694957137107849
7575,2,2,0.9997586607933044
7576,6,6,0.9999972581863403
7577,5,5,0.9999295473098755
7578,5,5,0.9997434020042419
7579,9,9,0.9971445202827454
7580,9,9,0.9973422884941101
7581,1,1,0.9999442100524902
7582,1,1,0.9999645948410034
7583,5,5,0.99933260679245
7584,7,7,0.9987996816635132
7585,6,6,0.9999929666519165
7586,8,8,0.9942732453346252
7587,2,2,0.9994913339614868
7588,9,9,0.9998441934585571
7589,4,4,0.9999818801879883
7590,3,3,0.9999923706054688
7591,1,1,0.9999619722366333
7592,9,9,0.9999306201934814
7593,0,0,0.999950647354126
7594,9,9,0.999993085861206
7595,3,3,0.9999626874923706
7596,6,6,0.9999984502792358
7597,8,8,0.9991375207901001
7598,7,7,0.9999790191650391
7599,0,0,0.9999828338623047
7600,1,1,0.9999803304672241
7601,0,0,0.9999808073043823
7602,5,5,0.9999185800552368
7603,8,8,0.9809065461158752
7604,2,2,0.9963380098342896
7605,7,7,0.9987757802009583
7606,7,7,0.9982343912124634
7607,0,0,0.9999897480010986
7608,1,1,0.9995996356010437
7609,2,2,0.9999977350234985
7610,3,3,0.9999979734420776
7611,4,4,0.9999942779541016
7612,5,5,0.9999595880508423
7613,6,6,0.9999955892562866
7614,7,7,0.9999839067459106
7615,8,8,0.9999995231628418
7616,9,9,0.9998772144317627
7617,0,0,0.9999865293502808
7618,1,1,0.9999582767486572
7619,2,2,0.9963107705116272
7620,3,3,0.9999903440475464
7621,4,4,0.9999364614486694
7622,5,5,0.9997466206550598
7623,8,8,0.9999816417694092
7624,9,9,0.9999909400939941
7625,0,0,0.9999905824661255
7626,1,1,0.9999383687973022
7627,2,2,0.9960487484931946
7628,3,3,0.9999996423721313
7629,4,4,0.9999508857727051
7630,5,5,0.9997381567955017
7631,6,6,0.9999649524688721
7632,7,7,0.9999842643737793
7633,8,8,0.9999955892562866
7634,9,9,0.9999814033508301
7635,2,2,0.9990164041519165
7636,1,1,0.9995965361595154
7637,2,2,0.8574048280715942
7638,1,1,0.9999231100082397
7639,3,3,0.999997615814209
7640,9,9,0.9998021721839905
7641,9,9,0.9995744824409485
7642,8,8,0.9999727010726929
7643,5,5,0.9998668432235718
7644,3,3,0.9999982118606567
7645,7,7,0.9999672174453735
7646,0,0,0.9999884366989136
7647,7,7,0.999994158744812
7648,7,7,0.9999744892120361
7649,5,5,0.9986312985420227
7650,7,7,0.9998452663421631
7651,9,9,0.9975907802581787
7652,9,9,0.999599277973175
7653,4,4,0.9999268054962158
7654,7,7,0.9999810457229614
7655,0,0,0.9999979734420776
7656,3,3,0.9999880790710449
7657,4,4,0.9998304843902588
7658,1,1,0.9996557235717773
7659,5,5,0.9999150037765503
7660,8,8,0.9999691247940063
7661,1,1,0.9999818801879883
7662,4,4,0.9997908473014832
7663,8,8,0.9999562501907349
7664,4,4,0.9999637603759766
7665,1,1,0.9999529123306274
7666,8,8,0.9999990463256836
7667,6,6,0.9999996423721313
7668,6,6,0.9998571872711182
7669,4,4,0.9999866485595703
7670,6,6,0.9999328851699829
7671,0,0,0.9966949224472046
7672,5,5,0.9852787256240845
7673,5,5,0.9995318651199341
7674,3,3,0.9999997615814209
7675,3,3,0.9999983310699463
7676,5,5,0.9955561757087708
7677,7,7,0.9999492168426514
7678,2,2,0.9999262094497681
7679,5,5,0.9781093597412109
7680,9,9,0.9994526505470276
7681,6,6,0.9999964237213135
7682,9,9,0.9999241828918457
7683,2,2,0.9968873858451843
7684,6,6,0.999996542930603
7685,2,2,0.999985933303833
7686,1,1,0.9999916553497314
7687,2,2,0.9992758631706238
7688,0,0,0.9999628067016602
7689,8,8,0.9741132259368896
7690,3,3,0.9999969005584717
7691,8,8,0.9998207688331604
7692,3,3,0.9999700784683228
7693,0,0,0.9997718930244446
7694,8,8,0.9997276663780212
7695,7,7,0.999962568283081
7696,4,4,0.9999788999557495
7697,9,9,0.998053789138794
7698,5,5,0.983913004398346
7699,0,0,0.9999357461929321
7700,9,9,0.9999281167984009
7701,7,7,0.9999462366104126
7702,0,0,0.9997709393501282
7703,0,0,0.9999380111694336
7704,4,4,0.9999438524246216
7705,6,6,0.9999974966049194
7706,0,0,0.9999363422393799
7707,9,9,0.9999914169311523
7708,1,1,0.9998165965080261
7709,6,6,0.9999969005584717
7710,2,2,0.9999852180480957
7711,7,7,0.9995645880699158
7712,6,6,0.9999978542327881
7713,8,8,0.999914288520813
7714,3,3,0.9999932050704956
7715,5,5,0.9997076392173767
7716,2,2,0.9999830722808838
7717,1,1,0.9999687671661377
7718,8,8,0.9998970031738281
7719,3,3,1.0
7720,8,8,0.9968587160110474
7721,6,6,0.9999973773956299
7722,1,1,0.999970555305481
7723,0,0,0.9999923706054688
7724,2,2,0.9866363406181335
7725,1,1,0.9999808073043823
7726,4,4,0.9995098114013672
7727,0,0,0.999972939491272
7728,1,1,0.9995515942573547
7729,2,2,0.9994235038757324
7730,3,3,0.9999738931655884
7731,4,4,0.9999631643295288
7732,5,5,0.9925973415374756
7733,6,6,0.9999369382858276
7734,7,7,0.9972679615020752
7735,8,8,0.9980612397193909
7736,9,9,0.870568573474884
7737,0,0,0.9999908208847046
7738,1,1,0.9995470643043518
7739,2,2,0.9995415210723877
7740,3,3,0.9999984502792358
7741,4,4,0.999984860420227
7742,5,5,0.9999814033508301
7743,6,6,0.9999598264694214
7744,7,7,0.9997552037239075
7745,8,8,0.9999730587005615
7746,9,9,0.9982478618621826
7747,0,0,0.9996713399887085
7748,1,1,0.9999210834503174
7749,2,2,0.9998395442962646
7750,3,3,0.9999898672103882
7751,4,4,0.9998939037322998
7752,5,5,0.9999896287918091
7753,6,6,0.9999966621398926
7754,7,7,0.9999325275421143
7755,8,8,0.9976378679275513
7756,9,9,0.99965500831604
7757,7,7,0.9992519021034241
7758,6,6,0.9999887943267822
7759,4,4,0.9999969005584717
7760,7,7,0.9999439716339111
7761,6,6,0.9999978542327881
7762,2,2,0.999984622001648
7763,3,3,0.9999971389770508
7764,4,4,0.9996337890625
7765,8,8,0.9986562728881836
7766,7,7,0.9999103546142578
7767,8,8,0.9999140501022339
7768,6,6,0.9999887943267822
7769,9,9,0.9999568462371826
7770,8,8,0.9990392923355103
7771,3,3,0.999987006187439
7772,2,2,0.9998375177383423
7773,2,2,0.9977036118507385
7774,8,8,0.9998935461044312
7775,4,4,0.999953031539917
7776,8,8,0.9999779462814331
7777,5,5,0.9978546500205994
7778,6,6,0.9999938011169434
7779,5,5,0.9997441172599792
7780,0,0,0.9999775886535645
7781,2,2,0.9994916915893555
7782,0,0,0.9999730587005615
7783,1,1,0.9974148273468018
7784,1,1,0.9998260140419006
7785,2,2,0.9998571872711182
7786,9,9,0.9998053908348083
7787,6,6,0.9999954700469971
7788,8,8,0.9798691868782043
7789,2,2,0.9999874830245972
7790,1,1,0.9997501969337463
7791,0,0,0.9997268319129944
7792,6,6,0.9999990463256836
7793,5,5,0.9999388456344604
7794,2,2,0.99981290102005
7795,9,9,0.9998828172683716
7796,7,7,0.9998908042907715
7797,5,5,0.9987126588821411
7798,3,3,0.9999856948852539
7799,9,9,0.9999097585678101
7800,3,3,0.9991102814674377
7801,7,7,0.9999828338623047
7802,1,1,0.9986230134963989
7803,8,8,0.9964413046836853
7804,3,3,0.999997615814209
7805,8,8,0.9998494386672974
7806,1,1,0.999101996421814
7807,9,9,0.9999451637268066
7808,5,5,0.9999350309371948
7809,5,5,0.999975323677063
7810,0,0,0.9999508857727051
7811,1,1,0.9997740387916565
7812,1,1,0.995428204536438
7813,9,9,0.982349693775177
7814,8,8,0.9999707937240601
7815,2,2,0.9996069073677063
7816,6,6,0.9999879598617554
7817,0,0,0.9998534917831421
7818,4,4,0.9999444484710693
7819,5,5,0.9999997615814209
7820,0,0,0.999411940574646
7821,3,3,0.999523401260376
7822,1,1,0.9971799850463867
7823,8,8,0.9305452108383179
7824,6,6,0.9999802112579346
7825,7,7,0.9998408555984497
7826,5,5,0.9997469782829285
7827,9,9,0.9999885559082031
7828,9,9,0.9998729228973389
7829,3,3,0.9999926090240479
7830,0,0,0.9998456239700317
7831,3,3,0.9999954700469971
7832,1,1,0.9999711513519287
7833,4,4,0.9999990463256836
7834,4,4,0.9997386336326599
7835,0,0,0.999895453453064
7836,4,4,0.9999737739562988
7837,9,9,0.9998434782028198
7838,0,0,0.9964898228645325
7839,1,1,0.949550449848175
7840,2,2,0.9996943473815918
7841,3,3,0.9996293783187866
7842,5,5,0.9571903944015503
7843,6,6,0.9999908208847046
7844,7,7,0.9990684390068054
7845,8,8,0.995884358882904
7846,0,0,0.9999604225158691
7847,1,1,0.9383054971694946
7848,2,2,0.9999858140945435
7849,3,3,0.903642475605011
7850,5,5,0.9985867738723755
7851,6,6,0.9995716214179993
7852,7,7,0.9975752234458923
7853,8,8,0.992387056350708
7854,9,9,0.9999626874923706
7855,0,0,0.9999386072158813
7856,1,1,0.9650290012359619
7857,2,2,0.9997805953025818
7858,3,3,0.9996181726455688
7859,5,5,0.9969598054885864
7860,6,6,0.999607503414154
7861,7,7,0.9979409575462341
7862,8,8,0.9977703094482422
7863,9,9,0.9999181032180786
7864,9,9,0.9999140501022339
7865,7,7,0.9216482043266296
7866,0,0,0.9999464750289917
7867,9,9,0.9999399185180664
7868,0,0,0.9997393488883972
7869,1,1,0.9993975162506104
7870,5,5,0.9998676776885986
7871,8,8,0.9998237490653992
7872,8,8,0.9998486042022705
7873,0,0,0.9999079704284668
7874,9,9,0.9997606873512268
7875,3,3,0.9999614953994751
7876,2,2,0.9996104836463928
7877,7,7,0.9994699358940125
7878,8,8,0.9999573230743408
7879,4,4,0.9999630451202393
7880,6,6,0.9999891519546509
7881,1,1,0.9999634027481079
7882,0,0,0.9999370574951172
7883,4,4,0.999974250793457
7884,9,9,0.999919056892395
7885,4,4,0.9999159574508667
7886,2,2,0.9988225102424622
7887,0,0,0.9968565702438354
7888,5,5,0.9994833469390869
7889,0,0,0.9998795986175537
7890,1,1,0.9998462200164795
7891,6,6,0.9999388456344604
7892,9,9,0.9999569654464722
7893,3,3,0.9999319314956665
7894,2,2,0.9999277591705322
7895,9,9,0.9999591112136841
7896,1,1,0.9983929991722107
7897,6,6,0.9997953772544861
7898,0,0,0.9901911020278931
7899,1,1,0.953200101852417
7900,1,1,0.9730550050735474
7901,8,8,0.9999206066131592
7902,7,9,0.6847216486930847
7903,7,7,0.9630333781242371
7904,6,6,0.999927282333374
7905,3,3,0.9998090863227844
7906,6,6,0.9998713731765747
7907,0,0,0.9974731802940369
7908,7,7,0.9404003620147705
7909,2,2,0.9995560050010681
7910,4,4,0.9997740387916565
7911,1,1,0.9910809397697449
7912,7,7,0.8555617928504944
7913,0,0,0.9995830655097961
7914,6,6,0.9999206066131592
7915,7,8,0.37790629267692566
7916,1,1,0.984886109828949
7917,2,2,0.9979204535484314
7918,5,5,0.9963525533676147
7919,8,8,0.9999740123748779
7920,1,1,0.9898176789283752
7921,8,8,0.9709383249282837
7922,2,2,0.9999728202819824
7923,8,8,0.9997909665107727
7924,7,7,0.9681755304336548
7925,6,6,0.9996904134750366
7926,8,8,0.9999974966049194
7927,7,7,0.5206677317619324
7928,1,1,0.8854620456695557
7929,6,6,0.9968109726905823
7930,2,2,0.9999690055847168
7931,9,9,0.9999533891677856
7932,3,3,0.9999955892562866
7933,0,0,0.9999793767929077
7934,1,1,0.999297022819519
7935,2,2,0.9999620914459229
7936,3,3,0.9999967813491821
7937,4,4,0.999975323677063
7938,5,5,0.9999632835388184
7939,6,6,0.9999823570251465
7940,7,7,0.9999740123748779
7941,8,8,0.9998154044151306
7942,9,9,0.9999740123748779
7943,0,0,0.9997069239616394
7944,1,1,0.9997298121452332
7945,2,2,0.9972372055053711
7946,3,3,0.9999783039093018
7947,4,4,0.9999679327011108
7948,5,5,0.9999302625656128
7949,6,6,0.9999929666519165
7950,7,7,0.9999208450317383
7951,8,8,0.9990891218185425
7952,9,9,0.9998063445091248
7953,0,0,0.9999996423721313
7954,1,1,0.999929666519165
7955,2,2,0.9995762705802917
7956,3,3,0.9999995231628418
7957,4,4,0.9999722242355347
7958,5,5,0.9999992847442627
7959,6,6,0.9999961853027344
7960,7,7,0.9999781847000122
7961,8,8,0.9999785423278809
7962,9,9,0.9999550580978394
7963,8,8,0.9999767541885376
7964,9,9,0.9992258548736572
7965,5,5,0.9999971389770508
7966,7,7,0.9997784495353699
7967,0,0,0.999997615814209
7968,3,3,0.9999998807907104
7969,1,1,0.9999611377716064
7970,6,6,0.9999971389770508
7971,8,8,0.9481525421142578
7972,4,4,0.9997666478157043
7973,1,1,0.9998993873596191
7974,5,5,0.9999991655349731
7975,6,6,0.9999728202819824
7976,4,4,0.9998268485069275
7977,2,2,0.9999717473983765
7978,7,7,0.9945184588432312
7979,8,8,0.9998331069946289
7980,1,1,0.9998218417167664
7981,3,3,0.9999909400939941
7982,4,4,0.9997960925102234
7983,3,3,0.9999957084655762
7984,4,4,0.999957799911499
7985,7,7,0.9912756681442261
7986,2,2,0.9973951578140259
7987,0,0,0.9999508857727051
7988,5,5,0.9999821186065674
7989,0,0,0.9998856782913208
7990,1,1,0.9890387058258057
7991,9,9,0.9910094738006592
7992,2,2,0.9999980926513672
7993,3,3,0.9999995231628418
7994,2,2,0.9999486207962036
7995,3,3,0.9999994039535522
7996,5,5,0.9999207258224487
7997,5,5,0.9999921321868896
7998,7,7,0.9999476671218872
7999,8,8,0.999380350112915
8000,4,4,0.9854645133018494
8001,9,9,0.9999794960021973
8002,9,9,0.9999768733978271
8003,7,7,0.9997795224189758
8004,1,1,0.9982940554618835
8005,1,1,0.9999587535858154
8006,9,9,0.9999619722366333
8007,0,0,0.9995792508125305
8008,7,7,0.9992517828941345
8009,8,8,0.9999388456344604
8010,3,3,0.9999712705612183
8011,4,4,0.999485969543457
8012,8,8,0.9988592863082886
8013,6,6,0.9999984502792358
8014,3,3,0.9999995231628418
8015,8,8,0.9999828338623047
8016,0,0,0.9983797073364258
8017,9,9,0.9999853372573853
8018,6,6,0.9999973773956299
8019,2,2,0.9979918003082275
8020,1,1,0.9966390132904053
8021,0,0,0.9996259212493896
8022,1,1,0.9979032278060913
8023,0,0,0.9999250173568726
8024,6,6,0.9999911785125732
8025,2,2,0.999982476234436
8026,3,3,1.0
8027,8,8,0.9999843835830688
8028,9,9,0.9997500777244568
8029,0,0,0.9998086094856262
8030,7,7,0.9989595413208008
8031,2,2,0.9999208450317383
8032,3,3,0.9999985694885254
8033,4,4,0.9999760389328003
8034,5,5,0.9999678134918213
8035,5,5,0.9997884631156921
8036,2,2,0.9999246597290039
8037,8,8,0.9999926090240479
8038,5,5,0.9999992847442627
8039,4,4,0.999991774559021
8040,6,6,0.9999943971633911
8041,6,6,0.9999942779541016
8042,6,6,0.9999972581863403
8043,7,7,0.9929882884025574
8044,9,9,0.999737560749054
8045,1,1,0.9996885061264038
8046,8,8,0.9999796152114868
8047,2,2,0.9944012761116028
8048,1,1,0.9999638795852661
8049,5,5,0.9999961853027344
8050,3,3,0.9999638795852661
8051,4,4,0.9999841451644897
8052,7,7,0.9997671246528625
8053,9,9,0.9999644756317139
8054,4,4,0.9999974966049194
8055,0,0,0.999384880065918
8056,0,0,0.9999983310699463
8057,0,0,0.9999693632125854
8058,1,1,0.9989551305770874
8059,2,2,0.8911460041999817
8060,3,3,0.9999915361404419
8061,4,4,0.5362421870231628
8062,5,5,0.9997121691703796
8063,6,6,0.9974380731582642
8064,7,7,0.9972892999649048
8065,8,8,0.7100892066955566
8066,9,9,0.9998966455459595
8067,0,0,0.9999868869781494
8068,1,1,0.9998170733451843
8069,2,2,0.8555832505226135
8070,3,3,0.9999998807907104
8071,4,4,0.9303511381149292
8072,5,5,0.9999120235443115
8073,6,6,0.9996519088745117
8074,7,7,0.9994447827339172
8075,8,8,0.9752939939498901
8076,9,9,0.9995157718658447
8077,0,0,0.9999140501022339
8078,1,1,0.9993749260902405
8079,2,2,0.9652814865112305
8080,3,3,0.9999997615814209
8081,4,4,0.9199742078781128
8082,5,5,0.9996121525764465
8083,6,6,0.9999831914901733
8084,9,9,0.9999338388442993
8085,0,0,0.9998753070831299
8086,1,1,0.9998773336410522
8087,3,3,0.9999996423721313
8088,1,1,0.9995244741439819
8089,5,5,0.9999995231628418
8090,1,1,0.9979066848754883
8091,2,2,0.8954513669013977
8092,4,4,0.980730414390564
8093,9,9,0.9992356300354004
8094,2,2,0.6846444606781006
8095,4,4,0.4426596760749817
8096,6,6,0.9998170733451843
8097,8,8,0.999273955821991
8098,0,0,0.9995942711830139
8099,1,1,0.9999027252197266
8100,1,1,0.9997865557670593
8101,9,9,0.9998695850372314
8102,2,2,0.9547573924064636
8103,6,6,0.9998301267623901
8104,6,6,0.9991593360900879
8105,8,8,0.9762604832649231
8106,7,7,0.9823984503746033
8107,4,4,0.9909448623657227
8108,2,2,0.9993698000907898
8109,9,9,0.9995891451835632
8110,7,7,0.999026894569397
8111,0,0,0.9999899864196777
8112,2,2,0.9893203973770142
8113,1,1,0.9999638795852661
8114,0,0,0.9998481273651123
8115,3,3,0.9975025057792664
8116,6,6,0.9999140501022339
8117,0,0,0.9999946355819702
8118,1,1,0.999975323677063
8119,2,2,0.9996312856674194
8120,3,3,0.999995231628418
8121,4,4,0.9999921321868896
8122,5,5,0.9999980926513672
8123,6,6,0.9999731779098511
8124,7,7,0.999785840511322
8125,8,8,0.9999501705169678
8126,9,9,0.9999293088912964
8127,0,0,0.9998723268508911
8128,1,1,0.9227733612060547
8129,2,2,0.9999719858169556
8130,3,3,0.9999995231628418
8131,4,4,0.9999926090240479
8132,5,5,0.9999496936798096
8133,6,6,0.9999911785125732
8134,7,7,0.999901533126831
8135,8,8,0.9999850988388062
8136,9,9,0.999723494052887
8137,0,0,0.9999451637268066
8138,1,1,0.9997554421424866
8139,2,2,0.9999293088912964
8140,3,3,0.9999771118164062
8141,4,4,0.9999866485595703
8142,5,5,0.9997261166572571
8143,6,6,0.99959796667099
8144,7,7,0.995284378528595
8145,8,8,0.999991774559021
8146,9,9,0.9998743534088135
8147,8,8,0.9999023675918579
8148,6,6,0.9999955892562866
8149,5,5,0.9998577833175659
8150,9,9,0.999679684638977
8151,7,7,0.9989606142044067
8152,0,0,0.9999849796295166
8153,2,2,0.9999487400054932
8154,3,3,0.9999822378158569
8155,4,4,0.9999974966049194
8156,3,3,0.9993240833282471
8157,8,8,0.9999970197677612
8158,5,5,0.9999654293060303
8159,1,1,0.9997398257255554
8160,5,5,0.9482962489128113
8161,2,2,0.9999992847442627
8162,3,3,0.9999991655349731
8163,0,0,0.9998726844787598
8164,1,1,0.9991125464439392
8165,2,2,0.9972659349441528
8166,1,1,0.9999054670333862
8167,3,3,0.9999998807907104
8168,2,2,0.9999309778213501
8169,6,6,0.9999985694885254
8170,5,5,0.9999082088470459
8171,3,3,0.9998797178268433
8172,0,0,0.9999399185180664
8173,7,7,0.9999854564666748
8174,2,2,0.9998611211776733
8175,7,7,0.9999278783798218
8176,4,4,0.9999996423721313
8177,6,6,0.9999979734420776
8178,4,4,0.9999860525131226
8179,0,0,0.9999843835830688
8180,5,5,0.9997938275337219
8181,9,9,0.9988189339637756
8182,9,9,0.9845702052116394
8183,8,8,0.9629926681518555
8184,9,9,0.9993187189102173
8185,5,5,0.9998345375061035
8186,3,3,0.9999997615814209
8187,1,1,0.9999589920043945
8188,7,7,0.9985080361366272
8189,4,4,0.9999982118606567
8190,7,7,0.9999525547027588
8191,6,6,0.999990701675415
8192,5,5,0.9999258518218994
8193,4,4,0.9999306201934814
8194,0,0,0.9989888072013855
8195,0,0,0.9999369382858276
8196,6,6,0.9997041821479797
8197,6,6,0.9997072815895081
8198,2,2,0.9980179071426392
8199,0,0,0.9997556805610657
8200,6,6,0.9999865293502808
8201,3,3,0.9998045563697815
8202,7,7,0.9993971586227417
8203,7,7,0.9991486072540283
8204,4,4,0.9999886751174927
8205,4,4,0.9997453093528748
8206,3,3,0.9999992847442627
8207,9,9,0.9999699592590332
8208,2,2,0.9999686479568481
8209,8,8,0.9999352693557739
8210,9,9,0.999957799911499
8211,6,6,0.999997615814209
8212,0,0,0.9999326467514038
8213,9,9,0.999277651309967
8214,5,5,0.9999840259552002
8215,3,3,0.9998862743377686
8216,8,8,0.9987037181854248
8217,8,8,0.967279851436615
8218,7,7,0.9996324777603149
8219,1,1,0.9999698400497437
8220,4,4,0.9999978542327881
8221,0,0,0.9999786615371704
8222,4,4,0.9999998807907104
8223,8,8,0.999988317489624
8224,5,5,0.9999997615814209
8225,2,2,0.9998936653137207
8226,3,3,0.999991774559021
8227,9,9,0.999210000038147
8228,0,0,0.9932888150215149
8229,1,1,0.9998923540115356
8230,9,9,0.9999406337738037
8231,1,1,0.999519944190979
8232,5,5,0.9994057416915894
8233,1,1,0.9999276399612427
8234,7,7,0.9997872710227966
8235,4,4,0.9999804496765137
8236,8,8,0.9999457597732544
8237,6,6,0.9999948740005493
8238,2,2,0.9999415874481201
8239,1,1,0.9998424053192139
8240,6,6,0.9999915361404419
8241,8,8,0.9999507665634155
8242,8,8,0.999431312084198
8243,0,0,0.9914304614067078
8244,1,1,0.9882799386978149
8245,2,2,0.9962908029556274
8246,3,5,0.4135857820510864
8247,4,4,0.9998576641082764
8248,7,7,0.999950647354126
8249,8,8,0.9999980926513672
8250,9,9,0.9993076324462891
8251,0,0,0.999981164932251
8252,1,1,0.9999724626541138
8253,2,2,0.9958325028419495
8254,3,3,0.9997287392616272
8255,4,4,0.9824329614639282
8256,6,6,0.9997552037239075
8257,7,7,0.9998024106025696
8258,8,8,0.9990473389625549
8259,9,9,0.9878173470497131
8260,0,0,0.9995299577713013
8261,1,1,0.9999406337738037
8262,2,2,0.998745322227478
8263,3,3,0.9999874830245972
8264,4,4,0.9999518394470215
8265,7,7,0.9975491166114807
8266,8,8,0.9996005892753601
8267,9,9,0.9993639588356018
8268,1,1,0.9998466968536377
8269,4,4,0.9999433755874634
8270,5,5,0.999411940574646
8271,3,3,0.9999855756759644
8272,3,3,0.9996289014816284
8273,0,0,0.9966906309127808
8274,9,9,0.9972962737083435
8275,5,5,0.9772566556930542
8276,4,4,0.9999969005584717
8277,3,3,0.9907472133636475
8278,0,0,0.9769365191459656
8279,8,8,0.9785519242286682
8280,4,4,0.999993085861206
8281,6,6,0.9998416900634766
8282,7,7,0.9993059635162354
8283,0,0,0.9976375102996826
8284,7,7,0.9968463778495789
8285,7,7,0.9999129772186279
8286,1,1,0.9976251721382141
8287,6,6,0.9986962676048279
8288,9,9,0.9981641173362732
8289,1,1,0.9998462200164795
8290,3,3,0.998970627784729
8291,6,6,0.9999794960021973
8292,2,2,0.9978456497192383
8293,3,3,0.9999951124191284
8294,8,8,0.9974950551986694
8295,2,2,0.9997100234031677
8296,3,3,0.9995620846748352
8297,8,8,0.9996840953826904
8298,9,9,0.9998103976249695
8299,5,5,0.999036431312561
8300,8,8,0.9998369216918945
8301,8,8,0.9999903440475464
8302,7,7,0.9999910593032837
8303,1,1,0.9997746348381042
8304,7,7,0.9987296462059021
8305,1,1,0.9995280504226685
8306,1,1,0.9997010231018066
8307,0,0,0.9992938041687012
8308,3,3,0.9999281167984009
8309,4,4,0.9999784231185913
8310,2,2,0.9999254941940308
8311,6,6,0.9750608205795288
8312,4,4,0.9999885559082031
8313,7,7,0.9999723434448242
8314,4,4,0.9999908208847046
8315,2,2,0.9942899942398071
8316,7,7,0.8916894793510437
8317,4,4,0.999377429485321
8318,2,2,0.9980430603027344
8319,9,9,0.9997854828834534
8320,2,2,0.999333918094635
8321,7,7,0.964381754398346
8322,9,9,0.9950236082077026
8323,2,2,0.9954239726066589
8324,1,1,0.9994814991950989
8325,0,6,0.5252368450164795
8326,6,6,0.9974521994590759
8327,5,5,0.9995301961898804
8328,3,3,0.9999998807907104
8329,4,4,0.9998194575309753
8330,8,8,0.9996343851089478
8331,5,5,0.9997162222862244
8332,9,9,0.9947547912597656
8333,6,6,0.9999678134918213
8334,9,9,0.989385187625885
8335,0,0,0.9976509213447571
8336,6,6,0.9999916553497314
8337,3,3,0.9999887943267822
8338,0,0,0.9998389482498169
8339,8,8,0.9821434617042542
8340,1,1,0.9998594522476196
8341,6,6,0.9999872446060181
8342,0,0,0.9992318153381348
8343,0,0,0.9998277425765991
8344,1,1,0.9998589754104614
8345,2,2,0.999996542930603
8346,3,3,0.9999955892562866
8347,4,4,0.9999805688858032
8348,5,5,0.9999970197677612
8349,6,6,0.9999969005584717
8350,7,7,0.9999762773513794
8351,0,0,0.9997298121452332
8352,1,1,0.9998561143875122
8353,2,2,0.999976634979248
8354,3,3,0.9999339580535889
8355,4,4,0.9999886751174927
8356,7,7,0.9998171925544739
8357,8,8,0.9999065399169922
8358,9,9,0.9994192123413086
8359,0,0,0.9994775652885437
8360,1,1,0.9995386600494385
8361,2,2,0.9999507665634155
8362,3,3,0.9996662139892578
8363,4,4,0.9999520778656006
8364,7,7,0.99985671043396
8365,2,2,0.9999998807907104
8366,5,5,0.9999487400054932
8367,1,1,0.999923586845398
8368,6,6,0.9999982118606567
8369,4,4,0.9999759197235107
8370,3,3,0.9999897480010986
8371,9,9,0.9999662637710571
8372,9,9,0.9996330738067627
8373,0,0,0.9996373653411865
8374,9,9,0.996453046798706
8375,7,7,0.720431923866272
8376,1,1,0.9867144227027893
8377,6,6,0.9999502897262573
8378,4,4,0.9998058676719666
8379,3,3,0.999900221824646
8380,6,6,0.9999990463256836
8381,2,2,0.9996235370635986
8382,0,0,0.9633904695510864
8383,9,9,0.9993017911911011
8384,8,8,0.9999828338623047
8385,6,6,0.9999940395355225
8386,5,5,0.999997615814209
8387,7,7,0.9989834427833557
8388,0,0,0.9994832277297974
8389,0,0,0.9998062252998352
8390,1,1,0.9999592304229736
8391,7,7,0.999025821685791
8392,4,4,0.9999953508377075
8393,3,3,0.9999949932098389
8394,2,2,0.9999862909317017
8395,4,4,0.9999957084655762
8396,1,1,0.9994307160377502
8397,3,3,0.9993855953216553
8398,7,7,0.9999871253967285
8399,6,6,0.9999971389770508
8400,4,4,0.9999279975891113
8401,7,7,0.9999788999557495
8402,7,7,0.9999598264694214
8403,7,7,0.9999755620956421
8404,9,9,0.9995096921920776
8405,8,8,0.9993835687637329
8406,4,4,0.9962840676307678
8407,3,3,0.9999969005584717
8408,8,6,0.6089282035827637
8409,2,2,0.9999988079071045
8410,8,8,0.888694703578949
8411,3,3,0.999983549118042
8412,5,5,0.9997417330741882
8413,8,8,0.9999736547470093
8414,0,0,0.9999575614929199
8415,5,5,0.9999229907989502
8416,4,4,0.9999808073043823
8417,7,7,0.9999810457229614
8418,1,1,0.9998810291290283
8419,3,3,0.999996542930603
8420,1,1,0.9999837875366211
8421,7,7,0.9999028444290161
8422,9,9,0.9999905824661255
8423,6,6,0.9999597072601318
8424,2,2,0.9999997615814209
8425,0,0,0.9986991882324219
8426,9,9,0.9966346621513367
8427,1,1,0.9999794960021973
8428,7,7,0.9999815225601196
8429,3,3,0.9999600648880005
8430,3,3,0.9999064207077026
8431,9,9,0.994841992855072
8432,1,1,0.9999806880950928
8433,6,6,0.9999946355819702
8434,4,4,0.9999938011169434
8435,3,3,0.9999817609786987
8436,9,9,0.999994158744812
8437,8,8,0.9999978542327881
8438,2,2,0.9999991655349731
8439,1,1,0.9999264478683472
8440,8,8,0.9999996423721313
8441,6,6,0.9999963045120239
8442,4,4,0.9989820122718811
8443,1,1,0.9999681711196899
8444,5,5,0.9995567202568054
8445,5,5,0.9999959468841553
8446,6,6,0.9999927282333374
8447,5,5,0.9999978542327881
8448,0,0,0.9999603033065796
8449,1,1,0.9999003410339355
8450,2,2,0.9999970197677612
8451,3,3,0.9999997615814209
8452,4,4,0.999984860420227
8453,5,5,0.9998220801353455
8454,6,6,0.9999990463256836
8455,7,7,0.9999804496765137
8456,8,8,0.9911922812461853
8457,9,9,0.9997052550315857
8458,0,0,0.999995231628418
8459,1,1,0.9996845722198486
8460,2,2,0.999996542930603
8461,3,3,0.9999949932098389
8462,4,4,0.9999589920043945
8463,5,5,0.9999889135360718
8464,6,6,0.9999994039535522
8465,7,7,0.9989773035049438
8466,8,8,0.9995813965797424
8467,9,9,0.9998200535774231
8468,0,0,0.9999440908432007
8469,1,1,0.9995071887969971
8470,2,2,0.9999663829803467
8471,3,3,0.9999998807907104
8472,4,4,0.9998797178268433
8473,5,5,0.9999852180480957
8474,6,6,0.9999961853027344
8475,7,7,0.9999819993972778
8476,8,8,0.9993909597396851
8477,9,9,0.9997702240943909
8478,6,6,0.9999855756759644
8479,9,9,0.9998154044151306
8480,7,7,0.9999819993972778
8481,0,0,0.9999967813491821
8482,2,2,0.9999557733535767
8483,3,3,0.9999983310699463
8484,4,4,0.9999843835830688
8485,3,3,0.9999918937683105
8486,8,8,0.9413368105888367
8487,5,5,0.9999582767486572
8488,1,1,0.9998550415039062
8489,3,3,0.9999932050704956
8490,0,0,0.9998996257781982
8491,1,1,0.9771267771720886
8492,2,2,0.9998424053192139
8493,1,1,0.9985041618347168
8494,3,3,0.9999786615371704
8495,2,2,0.9996601343154907
8496,0,0,0.9999649524688721
8497,7,7,0.9987543821334839
8498,2,2,0.9895095825195312
8499,6,6,0.9999902248382568
8500,4,4,0.9999986886978149
8501,0,0,0.9998167157173157
8502,5,5,0.9880092740058899
8503,9,9,0.999795138835907
8504,9,9,0.9995784163475037
8505,8,8,0.9999822378158569
8506,9,9,0.9997552037239075
8507,5,5,0.9999488592147827
8508,3,3,0.9991864562034607
8509,1,1,0.9938185811042786
8510,7,7,0.9962378740310669
8511,4,4,0.9995643496513367
8512,7,7,0.9998157620429993
8513,0,0,0.999897837638855
8514,0,0,0.9999927282333374
8515,6,6,0.9998817443847656
8516,6,6,0.9999858140945435
8517,6,6,0.9999697208404541
8518,3,3,0.9999995231628418
8519,7,3,0.6798385381698608
8520,4,4,0.6715572476387024
8521,2,2,0.9926567673683167
8522,8,8,0.9983441829681396
8523,9,9,0.9916843175888062
8524,8,8,0.9914235472679138
8525,7,7,0.9984941482543945
8526,1,1,0.9996849298477173
8527,4,4,0.9309006333351135
8528,0,0,0.9999959468841553
8529,4,4,0.9994708895683289
8530,8,8,0.9988846182823181
8531,5,5,0.9993106126785278
8532,2,2,0.9998676776885986
8533,3,3,0.999998927116394
8534,9,9,0.9997428059577942
8535,0,0,0.9999978542327881
8536,1,1,0.9997844099998474
8537,9,9,0.9999417066574097
8538,1,1,0.9994200468063354
8539,5,5,0.9999237060546875
8540,1,1,0.999578058719635
8541,7,7,0.9974094033241272
8542,6,6,0.9997302889823914
8543,1,1,0.9998142123222351
8544,2,2,0.9999754428863525
8545,1,1,0.9998093247413635
8546,6,6,0.999944806098938
8547,8,8,0.9999748468399048
8548,0,0,0.9999669790267944
8549,1,1,0.999987006187439
8550,2,2,0.999883770942688
8551,3,3,0.9999980926513672
8552,4,4,0.9999926090240479
8553,5,5,0.9996638298034668
8554,6,6,0.9999982118606567
8555,7,7,0.9999939203262329
8556,8,8,0.9999442100524902
8557,9,9,0.9999433755874634
8558,0,0,0.999931812286377
8559,1,1,0.9999877214431763
8560,2,2,0.9999996423721313
8561,3,3,0.999992847442627
8562,4,4,0.9999971389770508
8563,5,5,0.9999146461486816
8564,6,6,0.999985933303833
8565,7,7,0.9975645542144775
8566,8,8,0.9999961853027344
8567,0,0,0.9999923706054688
8568,1,1,0.9999746084213257
8569,2,2,0.9999957084655762
8570,3,3,0.9999997615814209
8571,5,5,0.9999397993087769
8572,6,6,0.9999983310699463
8573,7,7,0.9999862909317017
8574,8,8,0.9999980926513672
8575,1,1,0.9998866319656372
8576,0,0,0.9999921321868896
8577,4,4,0.9998905658721924
8578,5,5,0.9993582367897034
8579,6,6,0.9999970197677612
8580,6,6,0.9999929666519165
8581,3,3,0.999998927116394
8582,4,4,0.9999932050704956
8583,4,4,0.9999037981033325
8584,2,2,0.9951575398445129
8585,8,8,0.9999923706054688
8586,1,1,0.9999377727508545
8587,0,0,0.999996542930603
8588,6,6,0.9999877214431763
8589,4,4,0.9999953508377075
8590,9,9,0.9999748468399048
8591,7,7,0.9998008608818054
8592,2,2,0.9999648332595825
8593,9,9,0.9985681772232056
8594,2,2,0.9999557733535767
8595,0,0,0.9999706745147705
8596,9,9,0.9999312162399292
8597,3,3,0.9999873638153076
8598,3,3,0.9999971389770508
8599,9,9,0.9999872446060181
8600,1,1,0.9999173879623413
8601,5,5,0.999982476234436
8602,2,2,0.9991067051887512
8603,3,3,0.9999921321868896
8604,1,1,0.9999241828918457
8605,6,6,0.9999955892562866
8606,7,7,0.9997720122337341
8607,3,3,0.97923743724823
8608,7,7,0.9997336268424988
8609,8,8,0.9999744892120361
8610,4,4,0.999985933303833
8611,0,0,0.999970555305481
8612,2,2,1.0
8613,4,4,0.9999669790267944
8614,0,0,0.9999792575836182
8615,2,2,0.999103844165802
8616,4,4,0.9998574256896973
8617,7,7,0.9962599277496338
8618,8,8,0.9999353885650635
8619,0,0,0.9999909400939941
8620,7,7,0.9999895095825195
8621,0,0,0.9998914003372192
8622,6,6,0.9999935626983643
8623,9,9,0.9998171925544739
8624,3,3,0.9994809031486511
8625,2,2,0.9999979734420776
8626,4,4,0.9999898672103882
8627,8,8,0.999996542930603
8628,6,6,0.9999034404754639
8629,0,0,0.9999412298202515
8630,5,5,0.9999786615371704
8631,7,7,0.9996953010559082
8632,5,5,0.9997702240943909
8633,1,1,0.9998393058776855
8634,0,0,0.9999691247940063
8635,8,8,0.9999580383300781
8636,1,1,0.9999871253967285
8637,6,6,0.9998611211776733
8638,7,7,0.9998940229415894
8639,2,2,0.9998756647109985
8640,9,9,0.9999547004699707
8641,7,7,0.9999814033508301
8642,9,9,0.9999908208847046
8643,5,5,0.9999971389770508
8644,6,6,0.9999791383743286
8645,5,5,0.9992616772651672
8646,2,2,0.9999914169311523
8647,6,6,0.9998506307601929
8648,2,2,0.9999938011169434
8649,8,8,0.9999963045120239
8650,1,1,0.9997468590736389
8651,7,7,0.9999314546585083
8652,5,5,0.999966025352478
8653,5,5,0.8574159741401672
8654,7,7,0.9998944997787476
8655,3,3,0.9999951124191284
8656,5,5,0.9996839761734009
8657,0,0,0.9999856948852539
8658,1,1,0.9999734163284302
8659,1,1,0.9999507665634155
8660,3,3,0.9999994039535522
8661,8,8,0.9999741315841675
8662,4,4,0.999996542930603
8663,9,9,0.999997615814209
8664,4,4,0.9998602867126465
8665,5,5,0.9995835423469543
8666,1,1,0.9996874332427979
8667,8,8,0.9999611377716064
8668,6,6,0.9999991655349731
8669,8,8,0.999998927116394
8670,9,9,0.9999985694885254
8671,0,0,0.9999645948410034
8672,1,1,0.9999227523803711
8673,2,2,0.9998360872268677
8674,3,3,0.9999912977218628
8675,4,4,0.999997615814209
8676,5,5,0.9999724626541138
8677,6,6,0.9999948740005493
8678,7,7,0.9994528889656067
8679,8,8,0.9999401569366455
8680,9,9,0.9999099969863892
8681,0,0,0.9978524446487427
8682,1,1,0.9999293088912964
8683,2,2,0.9999860525131226
8684,3,3,0.9999994039535522
8685,4,4,0.999997615814209
8686,5,5,0.9982175230979919
8687,6,6,0.9999963045120239
8688,7,7,0.9999299049377441
8689,8,8,0.9999923706054688
8690,9,9,0.9998624324798584
8691,0,0,0.9999939203262329
8692,1,1,0.9999867677688599
8693,2,2,0.9998031258583069
8694,3,3,0.9999992847442627
8695,4,4,0.9999899864196777
8696,5,5,0.9999986886978149
8697,6,6,0.9999964237213135
8698,7,7,0.9999775886535645
8699,8,8,0.999988317489624
8700,9,9,0.9999696016311646
8701,3,3,0.9999997615814209
8702,5,5,0.9999699592590332
8703,3,3,0.9999926090240479
8704,2,2,0.9999978542327881
8705,9,9,0.9997760653495789
8706,3,3,0.9999991655349731
8707,2,2,0.9999936819076538
8708,1,1,0.9999679327011108
8709,4,4,0.9999978542327881
8710,5,5,0.9999299049377441
8711,5,5,0.9999905824661255
8712,2,2,0.9999918937683105
8713,3,3,0.9999833106994629
8714,2,2,0.9999618530273438
8715,1,1,0.9999715089797974
8716,3,3,0.999995231628418
8717,9,9,0.9998626708984375
8718,7,7,0.9999043941497803
8719,2,2,0.9999669790267944
8720,1,1,0.999988317489624
8721,2,2,0.9999895095825195
8722,8,8,0.9998936653137207
8723,9,9,0.999954104423523
8724,1,1,0.9999685287475586
8725,8,8,0.9999674558639526
8726,8,8,0.9999254941940308
8727,7,7,0.9999315738677979
8728,8,8,0.999716579914093
8729,1,1,0.9999376535415649
8730,0,0,0.9999940395355225
8731,0,0,0.9999781847000122
8732,6,6,0.9999967813491821
8733,7,7,0.9999072551727295
8734,7,7,0.9999477863311768
8735,8,8,0.9957738518714905
8736,7,7,0.9635210633277893
8737,5,5,0.9999918937683105
8738,0,0,0.9866681098937988
8739,6,6,0.9999822378158569
8740,1,1,0.99998939037323
8741,5,5,0.9998273849487305
8742,7,7,0.9998433589935303
8743,4,4,1.0
8744,6,6,0.999842643737793
8745,1,1,0.9999723434448242
8746,2,2,0.999992847442627
8747,5,5,0.9999715089797974
8748,0,0,0.9999669790267944
8749,7,7,0.9999821186065674
8750,9,9,0.9999662637710571
8751,9,9,0.9999719858169556
8752,0,0,0.9997723698616028
8753,3,3,0.9999971389770508
8754,4,4,0.9999862909317017
8755,4,4,0.9999910593032837
8756,8,8,0.9912039041519165
8757,4,4,0.9999710321426392
8758,1,1,0.9999754428863525
8759,8,8,0.9987875819206238
8760,6,6,0.9999960660934448
8761,5,5,0.9999816417694092
8762,9,9,0.9999816417694092
8763,0,0,0.9999241828918457
8764,0,0,0.9996680021286011
8765,0,0,0.9998698234558105
8766,3,3,0.9999995231628418
8767,7,7,0.9999557733535767
8768,1,1,0.9999717473983765
8769,6,6,0.9999887943267822
8770,4,4,0.9999955892562866
8771,6,6,0.9999947547912598
8772,0,0,0.9999681711196899
8773,4,4,0.9999817609786987
8774,5,5,0.9999966621398926
8775,4,4,0.9999755620956421
8776,1,1,0.9999135732650757
8777,3,3,1.0
8778,8,8,0.9994409680366516
8779,6,6,0.9999946355819702
8780,3,3,1.0
8781,9,9,0.9998257756233215
8782,9,9,0.9999209642410278
8783,5,5,0.9999943971633911
8784,9,9,0.9999910593032837
8785,3,3,0.9999804496765137
8786,7,7,0.9999887943267822
8787,8,8,0.998660683631897
8788,5,5,0.9986394047737122
8789,6,6,0.9999974966049194
8790,4,4,0.9999985694885254
8791,7,7,0.9999245405197144
8792,6,6,0.9999953508377075
8793,2,2,0.9999969005584717
8794,2,2,0.9999935626983643
8795,0,0,0.9999070167541504
8796,9,9,0.9999969005584717
8797,4,4,0.9999966621398926
8798,0,0,0.9999947547912598
8799,1,1,0.9999716281890869
8800,2,2,0.9999995231628418
8801,3,3,0.9999974966049194
8802,4,4,0.9999985694885254
8803,5,5,0.9999986886978149
8804,6,6,0.9999973773956299
8805,7,7,0.9999220371246338
8806,8,8,0.9828008413314819
8807,9,9,0.9999334812164307
8808,0,0,0.9999628067016602
8809,1,1,0.9999806880950928
8810,2,2,0.9999954700469971
8811,3,3,0.9999997615814209
8812,4,4,0.9999678134918213
8813,5,5,0.9999997615814209
8814,6,6,0.9999806880950928
8815,7,7,0.9999692440032959
8816,8,8,0.998934805393219
8817,9,9,0.9999926090240479
8818,0,0,0.9999336004257202
8819,1,1,0.9999628067016602
8820,2,2,0.9999910593032837
8821,3,3,0.9999850988388062
8822,4,4,0.9999984502792358
8823,5,5,0.999974250793457
8824,6,6,0.9999979734420776
8825,7,7,0.9998939037322998
8826,8,8,0.9995323419570923
8827,9,9,0.9999523162841797
8828,6,6,0.9999984502792358
8829,4,4,0.9999895095825195
8830,2,2,0.9999991655349731
8831,6,6,0.999997615814209
8832,4,4,0.9999867677688599
8833,7,7,0.9994757771492004
8834,5,5,0.9999994039535522
8835,5,5,0.9999994039535522
8836,4,4,0.999992847442627
8837,7,7,0.9998316764831543
8838,2,2,1.0
8839,9,9,0.9999030828475952
8840,3,3,1.0
8841,9,9,0.9999891519546509
8842,3,3,0.9999901056289673
8843,8,8,0.999962568283081
8844,2,2,0.999998927116394
8845,0,0,0.9999837875366211
8846,9,9,0.9996787309646606
8847,5,5,0.9988858103752136
8848,6,6,0.9999784231185913
8849,0,0,0.9999456405639648
8850,1,1,0.9999808073043823
8851,0,0,0.9999040365219116
8852,6,6,0.9999988079071045
8853,5,5,0.9999762773513794
8854,3,3,0.9999997615814209
8855,5,5,0.999994158744812
8856,3,3,0.9999972581863403
8857,8,8,0.9999779462814331
8858,0,0,0.9999895095825195
8859,0,0,0.9999138116836548
8860,3,3,0.9999998807907104
8861,4,4,0.9999737739562988
8862,1,1,0.9999356269836426
8863,5,5,0.9999972581863403
8864,3,3,0.9999994039535522
8865,0,0,0.9999467134475708
8866,8,8,0.9997443556785583
8867,3,3,0.9999823570251465
8868,0,0,0.9997405409812927
8869,6,6,0.9999909400939941
8870,2,2,0.999998927116394
8871,7,7,0.9998921155929565
8872,8,8,0.9999985694885254
8873,1,1,0.9999785423278809
8874,7,7,0.9999065399169922
8875,1,1,0.9999599456787109
8876,3,3,0.9999809265136719
8877,8,8,0.9999263286590576
8878,5,5,0.9999916553497314
8879,4,4,0.9999991655349731
8880,2,2,0.9999988079071045
8881,0,0,0.9999794960021973
8882,9,9,0.9907671809196472
8883,7,7,0.9999792575836182
8884,6,6,0.9999984502792358
8885,7,7,0.999874472618103
8886,4,4,0.9999932050704956
8887,1,1,0.999705970287323
8888,6,6,0.9999988079071045
8889,2,2,0.9996384382247925
8890,6,6,0.9999885559082031
8891,7,7,0.9999884366989136
8892,1,1,0.9999017715454102
8893,9,9,0.9999973773956299
8894,8,8,0.9999856948852539
8895,0,0,0.9999817609786987
8896,6,6,0.9999954700469971
8897,9,9,0.9998090863227844
8898,4,4,0.9999966621398926
8899,9,9,0.9998897314071655
8900,9,9,0.9998612403869629
8901,6,6,0.9998873472213745
8902,2,2,0.9999845027923584
8903,3,3,0.9999996423721313
8904,7,7,0.9999474287033081
8905,1,1,0.9999303817749023
8906,9,9,0.9991905093193054
8907,2,2,0.9999969005584717
8908,2,2,0.9999444484710693
8909,5,5,0.9999960660934448
8910,3,3,0.9999992847442627
8911,7,7,0.9999535083770752
8912,8,8,0.9997968077659607
8913,0,0,0.9998838901519775
8914,1,1,0.9999669790267944
8915,2,2,0.9999746084213257
8916,3,3,0.9999997615814209
8917,4,4,0.999991774559021
8918,7,7,0.9999531507492065
8919,8,8,0.9999991655349731
8920,9,9,0.9999920129776001
8921,0,0,0.9998805522918701
8922,1,1,0.9999767541885376
8923,2,2,0.9999368190765381
8924,3,3,0.9999970197677612
8925,4,4,0.9999996423721313
8926,7,7,0.9999958276748657
8927,8,8,0.9999821186065674
8928,9,9,0.9999947547912598
8929,0,0,0.9997410178184509
8930,1,1,0.9999732971191406
8931,7,7,0.9712135195732117
8932,8,8,0.9999958276748657
8933,9,9,0.9999978542327881
8934,8,8,0.9999217987060547
8935,9,9,0.9999958276748657
8936,2,2,0.9999929666519165
8937,6,6,0.9999973773956299
8938,1,1,0.9999850988388062
8939,3,3,0.9999951124191284
8940,5,5,0.9999887943267822
8941,4,4,0.9999910593032837
8942,8,8,0.9782198667526245
8943,2,2,0.9996368885040283
8944,6,6,0.9998290538787842
8945,4,4,0.9999979734420776
8946,3,3,0.9999966621398926
8947,4,4,0.9999959468841553
8948,5,5,0.9998555183410645
8949,9,9,0.9999955892562866
8950,2,2,0.9999849796295166
8951,0,0,0.9996927976608276
8952,3,3,0.9965811371803284
8953,9,9,0.999992847442627
8954,4,4,0.9999392032623291
8955,9,9,0.9999374151229858
8956,7,7,0.999733030796051
8957,3,3,0.999992847442627
8958,8,8,0.9995183944702148
8959,7,7,0.9998214840888977
8960,4,4,0.999995231628418
8961,4,4,0.9999691247940063
8962,9,9,0.9999603033065796
8963,8,8,0.9973347187042236
8964,5,5,0.9999808073043823
8965,8,8,0.9999969005584717
8966,2,2,0.9999995231628418
8967,6,6,0.9997338652610779
8968,6,6,0.9999969005584717
8969,2,2,0.999991774559021
8970,3,3,0.9999991655349731
8971,1,1,0.9999849796295166
8972,3,3,0.9999994039535522
8973,2,2,0.999971866607666
8974,7,7,0.99639892578125
8975,3,3,0.9998103976249695
8976,1,1,0.999975323677063
8977,9,9,0.9999833106994629
8978,0,0,0.9998695850372314
8979,1,1,0.9999319314956665
8980,1,1,0.9997385144233704
8981,3,3,0.9999696016311646
8982,5,5,0.9995973706245422
8983,0,0,0.9997149109840393
8984,7,7,0.9998593330383301
8985,8,8,0.9999896287918091
8986,1,1,0.9999372959136963
8987,5,5,0.9999960660934448
8988,1,1,0.9999874830245972
8989,4,4,0.9999991655349731
8990,6,6,0.9999964237213135
8991,0,0,0.9999411106109619
8992,0,0,0.9999809265136719
8993,4,4,0.9999942779541016
8994,9,9,0.9999442100524902
8995,1,1,0.9999607801437378
8996,6,6,0.9999966621398926
8997,6,6,0.9999935626983643
8998,9,9,0.9996243715286255
8999,0,0,0.9994007349014282
9000,7,7,0.9995717406272888
9001,6,6,0.9999946355819702
9002,1,1,0.9997218251228333
9003,1,1,0.9999171495437622
9004,0,0,0.9999145269393921
9005,1,1,0.9994503855705261
9006,2,2,0.9958296418190002
9007,3,3,0.9999994039535522
9008,4,4,0.9999500513076782
9009,7,2,0.8824029564857483
9010,2,2,0.9983097314834595
9011,3,3,0.999987006187439
9012,4,4,0.995610773563385
9013,5,5,0.9999582767486572
9014,6,6,0.9996953010559082
9015,7,2,0.9659586548805237
9016,0,0,0.8813973665237427
9017,1,1,0.9997856020927429
9018,2,2,0.9999111890792847
9019,7,2,0.6190956234931946
9020,8,8,0.9985471367835999
9021,6,6,0.9999978542327881
9022,3,3,0.9999175071716309
9023,9,9,0.993145227432251
9024,7,7,0.5870382189750671
9025,1,1,0.9983745813369751
9026,9,9,0.9994819760322571
9027,3,3,0.9999964237213135
9028,9,9,0.9996699094772339
9029,6,6,0.9999933242797852
9030,1,1,0.9999656677246094
9031,7,7,0.9999730587005615
9032,2,2,0.9997866749763489
9033,4,4,0.9999970197677612
9034,4,4,0.9999991655349731
9035,5,5,0.9995841383934021
9036,7,7,0.9850340485572815
9037,0,0,0.9986655712127686
9038,0,0,0.9965816140174866
9039,1,1,0.9995418787002563
9040,6,6,0.9996744394302368
9041,6,6,0.9999892711639404
9042,8,8,0.999990701675415
9043,2,2,0.9999125003814697
9044,7,7,0.998002827167511
9045,7,7,0.9995015859603882
9046,2,2,0.9972066283226013
9047,4,4,0.9999110698699951
9048,2,2,0.9999784231185913
9049,1,1,0.9998955726623535
9050,6,6,0.99983811378479
9051,1,1,0.6909857988357544
9052,0,0,0.9999170303344727
9053,6,6,0.9999879598617554
9054,9,9,0.9997968077659607
9055,8,8,0.9999924898147583
9056,3,3,0.9999732971191406
9057,9,9,0.999358594417572
9058,6,6,0.9999905824661255
9059,3,3,0.9999921321868896
9060,0,0,0.9999982118606567
9061,1,1,0.9997493624687195
9062,2,2,0.9994309544563293
9063,3,3,0.9999779462814331
9064,4,4,0.9999978542327881
9065,5,5,0.9999994039535522
9066,6,6,0.999995231628418
9067,7,7,0.9999135732650757
9068,8,8,0.9995831847190857
9069,9,9,0.8411450386047363
9070,0,0,0.9998948574066162
9071,1,1,0.8413646817207336
9072,2,2,0.9998997449874878
9073,3,3,0.9999932050704956
9074,4,4,0.9999948740005493
9075,5,5,0.9999867677688599
9076,6,6,0.99996018409729
9077,7,7,0.9999985694885254
9078,8,8,0.9999986886978149
9079,9,9,0.9990553259849548
9080,0,0,0.9999831914901733
9081,1,1,0.9997842907905579
9082,2,2,0.9996854066848755
9083,3,3,0.9999998807907104
9084,4,4,0.99991774559021
9085,5,5,0.9991338849067688
9086,6,6,0.9999943971633911
9087,7,7,0.9999983310699463
9088,8,8,0.9998422861099243
9089,9,9,0.9996230602264404
9090,1,1,0.9999690055847168
9091,6,6,0.9999967813491821
9092,8,8,0.9998160004615784
9093,9,9,0.999849796295166
9094,9,9,0.9998807907104492
9095,0,0,0.9999622106552124
9096,1,1,0.999658465385437
9097,2,2,0.9999901056289673
9098,4,4,0.9999867677688599
9099,4,4,0.999988317489624
9100,3,3,0.9999994039535522
9101,7,7,0.9999837875366211
9102,4,4,0.9999938011169434
9103,4,4,0.9999473094940186
9104,4,4,0.9999469518661499
9105,0,0,0.9997346997261047
9106,3,3,0.9999998807907104
9107,8,8,0.9999979734420776
9108,7,7,0.9999504089355469
9109,5,5,0.9999986886978149
9110,8,8,0.9792424440383911
9111,2,2,0.9999732971191406
9112,1,1,0.9981378316879272
9113,7,7,0.9992546439170837
9114,5,5,0.9999905824661255
9115,3,3,0.9999991655349731
9116,8,8,0.9999949932098389
9117,5,5,0.9997220635414124
9118,2,2,0.9998836517333984
9119,5,5,0.9999902248382568
9120,1,1,0.9999428987503052
9121,1,1,0.9999395608901978
9122,6,6,0.9999662637710571
9123,2,2,0.9999392032623291
9124,1,1,0.9999934434890747
9125,3,3,0.9999998807907104
9126,8,8,0.9984159469604492
9127,6,6,0.999953031539917
9128,4,4,0.9998611211776733
9129,2,2,0.9999606609344482
9130,6,6,0.9999887943267822
9131,2,2,0.998945415019989
9132,5,5,0.9999197721481323
9133,5,5,0.9999730587005615
9134,0,0,0.9985402822494507
9135,2,2,0.999993085861206
9136,8,8,0.9990548491477966
9137,0,0,0.999884843826294
9138,6,6,0.9999854564666748
9139,8,8,0.9983780384063721
9140,1,1,0.999870777130127
9141,7,7,0.9986408352851868
9142,9,9,0.9999744892120361
9143,1,1,0.9999390840530396
9144,9,9,0.9997912049293518
9145,2,2,0.9999464750289917
9146,6,6,0.999879002571106
9147,7,7,0.9998989105224609
9148,6,6,0.9998496770858765
9149,6,6,0.9999490976333618
9150,8,8,0.998784601688385
9151,7,7,0.9964095950126648
9152,4,4,0.9999990463256836
9153,9,9,0.9998151659965515
9154,2,2,0.999990701675415
9155,1,1,0.9996339082717896
9156,3,3,0.9999949932098389
9157,3,3,0.9999998807907104
9158,0,0,0.9928485155105591
9159,5,5,0.9999486207962036
9160,5,5,0.9999971389770508
9161,8,8,0.9996974468231201
9162,0,0,0.9999059438705444
9163,3,3,0.9969340562820435
9164,7,7,0.9999876022338867
9165,9,9,0.9997425675392151
9166,7,7,0.9999816417694092
9167,0,0,0.9999836683273315
9168,2,2,0.9981459379196167
9169,7,7,0.9998753070831299
9170,9,9,0.9977074861526489
9171,1,1,0.9998496770858765
9172,7,7,0.9945386052131653
9173,8,8,0.9997186064720154
9174,0,0,0.9998824596405029
9175,3,3,0.9999977350234985
9176,5,5,0.9999778270721436
9177,3,3,1.0
9178,6,6,0.9999961853027344
9179,0,0,0.999910831451416
9180,1,1,0.9999492168426514
9181,2,2,0.9997673630714417
9182,3,3,0.9999940395355225
9183,4,4,0.9995811581611633
9184,5,5,0.9999960660934448
9185,6,6,0.999988317489624
9186,7,7,0.9999614953994751
9187,8,8,0.9999904632568359
9188,9,9,0.9996684789657593
9189,0,0,0.9999792575836182
9190,1,1,0.9997976422309875
9191,2,2,0.9996640682220459
9192,3,3,0.9999394416809082
9193,4,4,0.9999947547912598
9194,5,5,0.9999258518218994
9195,6,6,0.9999948740005493
9196,7,7,0.9998536109924316
9197,8,8,0.9999184608459473
9198,9,9,0.9997547268867493
9199,0,0,0.9998503923416138
9200,1,1,0.9992851614952087
9201,2,2,0.9999388456344604
9202,3,3,0.9995042085647583
9203,4,4,0.9999942779541016
9204,7,7,0.9982116222381592
9205,8,8,0.9994156360626221
9206,9,9,0.9998631477355957
9207,6,6,0.9999184608459473
9208,4,4,0.9794350862503052
9209,2,2,0.9986005425453186
9210,6,6,0.99981290102005
9211,4,4,0.9995751976966858
9212,7,7,0.9997902512550354
9213,8,8,0.9999936819076538
9214,9,9,0.9991419315338135
9215,2,2,0.9999630451202393
9216,9,9,0.9999064207077026
9217,3,3,0.9999582767486572
9218,9,9,0.99960857629776
9219,3,3,0.9999959468841553
9220,0,0,0.9999438524246216
9221,0,0,0.99994957447052
9222,1,1,0.9999241828918457
9223,0,0,0.999893307685852
9224,4,4,0.9999637603759766
9225,2,2,0.979304850101471
9226,6,6,0.9999886751174927
9227,3,3,0.9994396567344666
9228,5,5,0.9998916387557983
9229,3,3,0.9999945163726807
9230,0,0,0.999940037727356
9231,3,3,0.9999963045120239
9232,4,4,0.9999959468841553
9233,1,1,0.9997538924217224
9234,5,5,0.9999951124191284
9235,3,3,0.9999996423721313
9236,0,0,0.999982476234436
9237,8,8,0.99934321641922
9238,3,3,0.9999819993972778
9239,0,0,0.9999954700469971
9240,6,6,0.9999364614486694
9241,1,1,0.9999507665634155
9242,7,7,0.99992835521698
9243,8,8,0.9998528957366943
9244,0,0,0.9999418258666992
9245,9,9,0.997209370136261
9246,2,2,0.9999818801879883
9247,6,6,0.9999927282333374
9248,7,7,0.9996104836463928
9249,1,1,0.9999674558639526
9250,9,9,0.9999170303344727
9251,6,6,0.9999985694885254
9252,9,9,0.9955077171325684
9253,4,4,0.9940377473831177
9254,9,9,0.9996028542518616
9255,9,9,0.9998453855514526
9256,6,6,0.9999454021453857
9257,7,7,0.9983555674552917
9258,1,1,0.9999631643295288
9259,2,2,0.9991289973258972
9260,5,5,0.9999762773513794
9261,3,3,1.0
9262,7,7,0.9998279809951782
9263,8,8,0.9999709129333496
9264,0,0,0.9999823570251465
9265,1,1,0.9998553991317749
9266,2,2,0.9999399185180664
9267,4,4,0.9997987151145935
9268,5,5,0.9999510049819946
9269,6,6,0.9999570846557617
9270,7,7,0.999953031539917
9271,8,8,0.9999932050704956
9272,9,9,0.9999617338180542
9273,0,0,0.9997496008872986
9274,1,1,0.999894380569458
9275,3,3,0.9999914169311523
9276,4,4,0.9999868869781494
9277,5,5,0.9999659061431885
9278,6,6,0.9999978542327881
9279,7,7,0.9999880790710449
9280,8,8,0.9959151148796082
9281,0,0,0.9999145269393921
9282,1,1,0.9996077418327332
9283,3,3,0.9999988079071045
9284,4,4,0.999995231628418
9285,7,7,0.9999054670333862
9286,8,8,0.9999938011169434
9287,9,9,0.9999406337738037
9288,7,7,0.9999399185180664
9289,5,5,0.9999821186065674
9290,5,5,0.999808132648468
9291,1,1,0.9999767541885376
9292,9,9,0.9999151229858398
9293,9,9,0.9996511936187744
9294,7,7,0.9999958276748657
9295,1,1,0.9997631907463074
9296,0,0,0.9987523555755615
9297,0,0,0.9994031190872192
9298,5,5,0.9999892711639404
9299,9,9,0.999988317489624
9300,7,7,0.9999443292617798
9301,1,1,0.9999169111251831
9302,7,7,0.9998481273651123
9303,2,2,0.9998430013656616
9304,2,2,0.999981164932251
9305,3,3,0.9999750852584839
9306,6,6,0.9999996423721313
9307,8,8,0.9999898672103882
9308,3,3,0.9998637437820435
9309,2,2,0.9977479577064514
9310,0,0,0.9997187256813049
9311,0,0,0.9993284940719604
9312,6,6,0.9999936819076538
9313,1,1,0.999970555305481
9314,7,7,0.9999356269836426
9315,5,5,0.9997630715370178
9316,8,8,0.9998877048492432
9317,6,6,0.9999884366989136
9318,2,2,0.999693751335144
9319,9,9,0.9996422529220581
9320,4,4,0.9998373985290527
9321,8,8,0.9999909400939941
9322,8,8,0.9999977350234985
9323,7,7,0.9999988079071045
9324,1,1,0.9999488592147827
9325,0,0,0.999889612197876
9326,8,8,0.9994063377380371
9327,7,7,0.9999966621398926
9328,7,7,0.9999914169311523
9329,5,5,0.9999978542327881
9330,8,8,0.9991656541824341
9331,5,5,0.9972401857376099
9332,3,3,0.9999953508377075
9333,4,4,0.9999457597732544
9334,6,6,0.9999905824661255
9335,1,1,0.999944806098938
9336,1,1,0.9999513626098633
9337,5,5,0.9999109506607056
9338,5,5,0.9999735355377197
9339,0,0,0.999860405921936
9340,7,7,0.9998718500137329
9341,2,2,0.9999287128448486
9342,3,3,0.9953163862228394
9343,6,6,0.9999963045120239
9344,4,4,0.9999276399612427
9345,1,1,0.999948263168335
9346,2,2,0.9560773968696594
9347,4,4,0.9999347925186157
9348,1,1,0.9999924898147583
9349,5,5,0.999998927116394
9350,4,4,0.9998804330825806
9351,2,2,0.9999210834503174
9352,0,0,0.9999673366546631
9353,4,4,0.9998120665550232
9354,8,8,0.9995585083961487
9355,6,6,0.999994158744812
9356,1,1,0.9999457597732544
9357,9,9,0.9998632669448853
9358,0,0,0.9999254941940308
9359,2,2,0.999988317489624
9360,5,5,0.9999394416809082
9361,6,6,0.9999958276748657
9362,9,9,0.9999877214431763
9363,3,3,0.9999942779541016
9364,6,6,0.9999822378158569
9365,3,3,0.9999997615814209
9366,6,6,0.9999293088912964
9367,0,0,0.9999920129776001
9368,1,1,0.9999561309814453
9369,2,2,0.9999858140945435
9370,3,3,0.9999992847442627
9371,4,4,0.9999436140060425
9372,5,5,0.9995040893554688
9373,6,6,0.9999979734420776
9374,7,7,0.9999481439590454
9375,8,8,0.9956663846969604
9376,9,9,0.999983549118042
9377,0,0,0.9997571110725403
9378,1,1,0.9998742341995239
9379,2,2,0.9999237060546875
9380,3,3,0.9999995231628418
9381,4,4,0.9993473887443542
9382,5,5,0.889484167098999
9383,6,6,0.9999948740005493
9384,7,7,0.9999874830245972
9385,8,8,0.9989094734191895
9386,9,9,0.9999085664749146
9387,0,0,0.9973682761192322
9388,1,1,0.999382734298706
9389,2,2,0.9999974966049194
9390,3,3,0.9999964237213135
9391,5,5,0.9939792156219482
9392,6,6,0.9999574422836304
9393,7,7,0.9999747276306152
9394,8,8,0.9998620748519897
9395,1,1,0.999970555305481
9396,0,0,0.9999889135360718
9397,9,9,0.9998761415481567
9398,5,5,0.9994742274284363
9399,7,7,0.999966025352478
9400,5,5,0.9995846152305603
9401,1,1,0.9999804496765137
9402,8,8,0.9999722242355347
9403,6,6,0.9999978542327881
9404,9,9,0.9997281432151794
9405,0,0,0.9999829530715942
9406,4,4,0.9994857311248779
9407,1,1,0.9999395608901978
9408,9,9,0.9999829530715942
9409,3,3,0.999969482421875
9410,8,8,0.9998797178268433
9411,4,4,0.9973888993263245
9412,4,4,0.999902606010437
9413,7,7,0.9999392032623291
9414,0,0,0.9999555349349976
9415,1,1,0.9998210072517395
9416,9,9,0.9999698400497437
9417,2,2,0.9999876022338867
9418,8,8,0.9999656677246094
9419,7,7,0.9999775886535645
9420,8,8,0.999998927116394
9421,2,2,0.9988349080085754
9422,5,5,0.980240523815155
9423,9,9,0.9992769360542297
9424,6,6,0.9999969005584717
9425,0,0,0.9914001226425171
9426,6,6,0.9998594522476196
9427,5,5,0.9517894983291626
9428,5,5,0.9985143542289734
9429,3,3,0.9999985694885254
9430,3,3,0.9999992847442627
9431,3,3,0.9999986886978149
9432,9,9,0.9999970197677612
9433,8,8,0.9990243911743164
9434,1,1,0.999985933303833
9435,1,1,0.9999864101409912
9436,0,0,0.9997238516807556
9437,6,6,0.9999961853027344
9438,1,1,0.9998623132705688
9439,0,0,0.9999653100967407
9440,0,0,0.9996021389961243
9441,6,6,0.9999964237213135
9442,2,2,0.9999263286590576
9443,1,1,0.9999477863311768
9444,1,1,0.999945878982544
9445,3,3,1.0
9446,2,2,0.9823594689369202
9447,7,7,0.999566376209259
9448,7,7,0.9998005032539368
9449,8,8,0.9999940395355225
9450,8,8,0.997581958770752
9451,7,7,0.9999567270278931
9452,8,8,0.9998809099197388
9453,4,4,0.9997500777244568
9454,6,6,0.9999747276306152
9455,0,0,0.9998544454574585
9456,2,2,0.998814582824707
9457,0,0,0.9999128580093384
9458,7,7,0.9999028444290161
9459,0,0,0.9999902248382568
9460,3,3,1.0
9461,6,6,0.9999980926513672
9462,8,8,0.9999946355819702
9463,7,7,0.9700971841812134
9464,1,1,0.9999197721481323
9465,5,5,0.9993029832839966
9466,9,9,0.9999898672103882
9467,9,9,0.9999830722808838
9468,3,3,0.9999996423721313
9469,7,7,0.9995293617248535
9470,2,2,0.9999672174453735
9471,4,4,0.9953225255012512
9472,9,9,0.9999895095825195
9473,4,4,0.9999622106552124
9474,3,3,0.999954104423523
9475,6,6,1.0
9476,2,2,0.9999945163726807
9477,2,2,0.999810516834259
9478,5,5,0.9830304980278015
9479,3,3,0.9999942779541016
9480,2,2,0.9999924898147583
9481,5,5,0.9999593496322632
9482,5,5,0.9998470544815063
9483,9,9,0.9998946189880371
9484,4,4,0.999411940574646
9485,1,1,0.9999911785125732
9486,7,7,0.9999737739562988
9487,2,2,0.9999423027038574
9488,0,0,0.9995540976524353
9489,1,1,0.9994518160820007
9490,2,2,0.998405396938324
9491,3,3,0.9999730587005615
9492,4,4,0.7905966639518738
9493,5,5,0.9999051094055176
9494,6,6,0.9996243715286255
9495,7,7,0.9981459379196167
9496,8,8,0.999971866607666
9497,9,9,0.9989469647407532
9498,0,0,0.9999910593032837
9499,1,1,0.9996412992477417
9500,2,2,0.9868818521499634
9501,3,3,0.9999810457229614
9502,4,4,0.999969482421875
9503,5,5,0.9999521970748901
9504,6,6,0.9999933242797852
9505,7,7,0.9925432205200195
9506,8,8,0.9999746084213257
9507,9,9,0.9998736381530762
9508,0,0,0.9996708631515503
9509,1,1,0.9992091059684753
9510,2,2,0.999862790107727
9511,3,3,0.9999392032623291
9512,4,4,0.9984837174415588
9513,5,5,0.9978308081626892
9514,6,6,0.9999849796295166
9515,7,7,0.9999276399612427
9516,8,8,0.9999986886978149
9517,9,9,0.9956117272377014
9518,1,1,0.999737560749054
9519,0,0,0.999985933303833
9520,1,1,0.9998296499252319
9521,2,2,0.9999887943267822
9522,7,7,0.9986336827278137
9523,5,5,0.9999505281448364
9524,3,3,0.9999995231628418
9525,4,4,0.999647855758667
9526,4,4,0.999955415725708
9527,0,0,0.998853325843811
9528,0,0,0.9999796152114868
9529,6,6,0.9999927282333374
9530,9,9,0.9927776455879211
9531,6,6,0.9999392032623291
9532,6,6,0.9998948574066162
9533,5,5,0.9999575614929199
9534,7,7,0.9956884980201721
9535,2,2,0.9998301267623901
9536,3,3,0.9988486766815186
9537,4,4,0.9999880790710449
9538,4,4,0.9567471742630005
9539,9,9,0.9992252588272095
9540,1,1,0.8889127969741821
9541,4,4,0.9992634654045105
9542,0,0,0.9989746809005737
9543,7,7,0.9999668598175049
9544,9,9,0.9914360642433167
9545,5,5,0.9999769926071167
9546,7,7,0.9996101260185242
9547,2,2,0.9999926090240479
9548,3,3,0.9999825954437256
9549,1,1,0.9990949630737305
9550,4,4,0.9999620914459229
9551,4,4,0.9999620914459229
9552,0,0,0.9999070167541504
9553,9,9,0.9981718063354492
9554,9,9,0.993063747882843
9555,6,6,0.9999966621398926
9556,1,1,0.997870683670044
9557,8,8,0.9999524354934692
9558,3,3,0.9999960660934448
9559,3,3,0.9999980926513672
9560,7,7,0.9975845813751221
9561,3,3,0.9999960660934448
9562,9,9,0.999396562576294
9563,8,8,0.9999891519546509
9564,8,8,0.9999525547027588
9565,4,4,0.9999818801879883
9566,7,7,0.9999754428863525
9567,7,7,0.9997690320014954
9568,6,6,0.9999908208847046
9569,2,2,0.9997410178184509
9570,1,1,0.9999641180038452
9571,9,9,0.996837854385376
9572,8,8,0.9998179078102112
9573,7,7,0.9999819993972778
9574,8,8,0.9999995231628418
9575,8,8,0.9999966621398926
9576,7,7,0.9980980753898621
9577,2,2,0.9975230097770691
9578,2,2,0.9999909400939941
9579,3,3,0.9999955892562866
9580,9,9,0.9996417760848999
9581,3,3,0.9999996423721313
9582,3,3,0.9999970197677612
9583,5,5,0.9995959401130676
9584,5,5,0.9999951124191284
9585,0,0,0.9999158382415771
9586,7,7,0.9999136924743652
9587,9,9,0.5437058806419373
9588,5,5,0.9999613761901855
9589,6,6,0.9999974966049194
9590,5,5,0.999998927116394
9591,1,1,0.9994741082191467
9592,4,4,0.9999125003814697
9593,1,1,0.9999493360519409
9594,1,1,0.9960352778434753
9595,2,2,0.997632622718811
9596,8,8,0.9857420921325684
9597,2,2,0.9999796152114868
9598,6,6,0.9999966621398926
9599,1,1,0.9989452958106995
9600,5,5,0.9999688863754272
9601,0,0,0.9999456405639648
9602,1,1,0.9996845722198486
9603,2,2,0.9999585151672363
9604,3,3,0.9999991655349731
9605,4,4,0.9998226761817932
9606,5,5,0.9983250498771667
9607,6,6,0.9996179342269897
9608,7,7,0.9994750618934631
9609,8,8,0.9999992847442627
9610,9,9,0.9995183944702148
9611,0,0,0.999613344669342
9612,1,1,0.7126637697219849
9613,2,2,0.8515555262565613
9614,3,3,0.9999833106994629
9615,4,4,0.9999426603317261
9616,5,5,0.9999947547912598
9617,6,6,0.9997873902320862
9618,7,7,0.9923187494277954
9619,8,8,0.9999853372573853
9620,9,9,0.7082449197769165
9621,0,0,0.9977943897247314
9622,1,1,0.9970640540122986
9623,2,2,0.9999222755432129
9624,3,3,0.9998307228088379
9625,4,4,0.8724342584609985
9626,5,5,0.997635006904602
9627,6,6,0.9867867231369019
9628,7,7,0.9995717406272888
9629,8,8,0.9985143542289734
9630,8,8,0.9999885559082031
9631,0,0,0.9999803304672241
9632,6,6,0.9983469247817993
9633,0,0,0.9999330043792725
9634,0,1,0.5619596242904663
9635,2,2,0.9999984502792358
9636,3,3,0.9880946278572083
9637,7,7,0.9137873649597168
9638,9,9,0.998213529586792
9639,4,4,0.9997913241386414
9640,7,7,0.9999189376831055
9641,1,1,0.9911305904388428
9642,9,9,0.9831295609474182
9643,1,1,0.9942048192024231
9644,7,7,0.9968094229698181
9645,1,1,0.9993247985839844
9646,4,4,0.9994397759437561
9647,0,0,0.9998262524604797
9648,0,0,0.9999604225158691
9649,1,1,0.9997844099998474
9650,7,7,0.9999614953994751
9651,5,5,0.9960657954216003
9652,7,7,0.9962857961654663
9653,1,1,0.9800515174865723
9654,3,3,0.9999722242355347
9655,3,3,0.9949801564216614
9656,3,3,0.9996395111083984
9657,1,1,0.9992864727973938
9658,6,6,0.9997277855873108
9659,9,9,0.9999072551727295
9660,7,7,0.999956488609314
9661,1,1,0.9955639839172363
9662,3,3,0.9998441934585571
9663,0,0,0.9998748302459717
9664,2,7,0.8358163237571716
9665,6,6,0.9999171495437622
9666,0,0,0.9980884194374084
9667,8,8,0.9999674558639526
9668,9,9,0.9999397993087769
9669,4,4,0.968946099281311
9670,3,3,0.9999914169311523
9671,5,5,0.9999867677688599
9672,4,4,0.9996309280395508
9673,8,8,0.9999966621398926
9674,1,1,0.9999027252197266
9675,5,5,0.9999599456787109
9676,9,9,0.9990159273147583
9677,0,0,0.8806799054145813
9678,6,6,0.9996819496154785
9679,6,6,0.7629842758178711
9680,3,3,0.9999985694885254
9681,8,8,0.9997503161430359
9682,1,1,0.9998200535774231
9683,4,4,0.9957054257392883
9684,7,7,0.9997912049293518
9685,5,5,0.9995001554489136
9686,2,2,0.9995306730270386
9687,0,0,0.9961627721786499
9688,0,0,0.9932637214660645
9689,1,1,0.9997093081474304
9690,7,7,0.9719555377960205
9691,8,8,0.9996067881584167
9692,9,7,0.6101621389389038
9693,6,6,0.9979320764541626
9694,8,8,0.999603807926178
9695,8,8,0.999292254447937
9696,2,2,0.998569130897522
9697,3,3,0.9999920129776001
9698,6,5,0.6318385601043701
9699,1,1,0.9992318153381348
9700,2,2,0.5801548957824707
9701,9,9,0.9910659193992615
9702,5,5,0.9999972581863403
9703,2,2,0.9999363422393799
9704,0,0,0.9999210834503174
9705,1,1,0.9999866485595703
9706,2,2,0.9999313354492188
9707,3,3,0.9999978542327881
9708,4,4,0.9999121427536011
9709,5,5,0.9973089694976807
9710,6,6,0.9996774196624756
9711,7,7,0.9996576309204102
9712,8,8,0.9995023012161255
9713,9,9,0.9936625957489014
9714,0,0,0.8314389586448669
9715,1,1,0.9998188614845276
9716,2,2,0.964113712310791
9717,3,3,0.9999872446060181
9718,4,4,0.9999988079071045
9719,5,5,0.9861793518066406
9720,6,6,0.9994019269943237
9721,7,7,0.999900221824646
9722,8,8,0.9999606609344482
9723,9,9,0.9997273087501526
9724,0,0,0.999798595905304
9725,1,1,0.9999589920043945
9726,2,2,0.9990084767341614
9727,3,3,0.9999302625656128
9728,4,4,0.9998680353164673
9729,5,6,0.9987622499465942
9730,6,6,0.9993259906768799
9731,7,7,0.9571548104286194
9732,8,8,0.9999210834503174
9733,9,9,0.9628402590751648
9734,7,7,0.998404324054718
9735,4,4,0.9902629852294922
9736,6,6,0.9995661377906799
9737,1,1,0.9999518394470215
9738,4,4,0.9986984729766846
9739,0,0,0.9991787075996399
9740,9,9,0.9963492155075073
9741,9,9,0.9984831213951111
9742,3,3,0.9993453621864319
9743,7,7,0.9986531734466553
9744,8,8,0.9763136506080627
9745,4,4,0.9938874840736389
9746,7,7,0.9994514584541321
9747,5,5,0.9942715167999268
9748,8,8,0.9997958540916443
9749,5,5,0.623498797416687
9750,3,3,0.9769470691680908
9751,2,2,0.9982743263244629
9752,2,2,0.9982699155807495
9753,0,0,0.9998067021369934
9754,5,5,0.9963904023170471
9755,8,8,0.9996554851531982
9756,6,6,0.9999593496322632
9757,0,0,0.9998477697372437
9758,3,3,0.9999892711639404
9759,8,8,0.9999518394470215
9760,1,1,0.9997738003730774
9761,0,0,0.9992934465408325
9762,3,3,0.9985198378562927
9763,0,0,0.9978626370429993
9764,4,4,0.9994595646858215
9765,7,7,0.999830961227417
9766,4,4,0.999984860420227
9767,9,9,0.9943140745162964
9768,2,9,0.5267128348350525
9769,9,9,0.9999030828475952
9770,5,0,0.5146986246109009
9771,7,7,0.9998145699501038
9772,1,1,0.9999712705612183
9773,7,7,0.9938293099403381
9774,1,1,0.9999505281448364
9775,6,6,0.999985933303833
9776,6,6,0.9993783235549927
9777,5,5,0.9819484353065491
9778,6,6,0.999750554561615
9779,2,2,0.6133612394332886
9780,8,8,0.9903456568717957
9781,7,7,0.8722772002220154
9782,6,6,0.9864756464958191
9783,4,4,0.9999572038650513
9784,9,9,0.9999065399169922
9785,9,9,0.9999573230743408
9786,5,5,0.9970887303352356
9787,3,3,0.9999598264694214
9788,7,7,0.9974706172943115
9789,4,4,0.9997336268424988
9790,3,3,0.9999080896377563
9791,0,0,0.9997989535331726
9792,4,9,0.5041016340255737
9793,6,6,0.99868243932724
9794,6,6,0.9999724626541138
9795,1,1,0.9995724558830261
9796,1,1,0.9998613595962524
9797,3,3,0.9999275207519531
9798,2,2,0.999846339225769
9799,1,1,0.9999072551727295
9800,0,0,0.9956173896789551
9801,0,0,0.9999732971191406
9802,1,1,0.9999876022338867
9803,2,2,0.9998587369918823
9804,3,3,0.9999839067459106
9805,4,4,0.9999991655349731
9806,7,7,0.999812662601471
9807,8,8,0.999995231628418
9808,9,9,0.9953585267066956
9809,0,0,0.99959796667099
9810,1,1,0.9999817609786987
9811,2,2,0.7551147937774658
9812,3,3,0.9999979734420776
9813,4,4,0.9999618530273438
9814,5,5,0.9992080330848694
9815,6,6,0.9995930790901184
9816,7,7,0.9996360540390015
9817,8,8,0.9936068058013916
9818,0,0,0.9998733997344971
9819,1,1,0.9998272061347961
9820,2,2,0.9963415265083313
9821,3,3,0.9999953508377075
9822,4,4,0.9999997615814209
9823,7,7,0.9999061822891235
9824,8,8,0.9997795224189758
9825,9,9,0.9999805688858032
9826,0,0,0.994627058506012
9827,8,8,0.9999374151229858
9828,3,3,0.9989675283432007
9829,9,9,0.9968398809432983
9830,5,5,0.9991230368614197
9831,5,5,0.9957032799720764
9832,2,2,0.9886091947555542
9833,6,6,0.9998098015785217
9834,8,8,0.9952824711799622
9835,4,4,0.9999368190765381
9836,1,1,0.9999134540557861
9837,7,7,0.9998432397842407
9838,1,1,0.9998052716255188
9839,2,2,0.774877667427063
9840,3,3,0.9998216032981873
9841,5,5,0.9997631907463074
9842,6,6,0.9999176263809204
9843,9,9,0.9985622763633728
9844,1,1,0.9998923540115356
9845,1,1,0.9998840093612671
9846,1,1,0.9999005794525146
9847,2,2,0.9503524303436279
9848,1,1,0.9995831847190857
9849,2,2,0.9998679161071777
9850,0,0,0.8034979104995728
9851,7,7,0.9999908208847046
9852,7,7,0.999313473701477
9853,5,5,0.9988988637924194
9854,8,8,0.9995112419128418
9855,2,2,0.9895206689834595
9856,9,9,0.993285596370697
9857,8,8,0.9974973797798157
9858,6,6,0.9865886569023132
9859,7,7,0.9999560117721558
9860,3,3,0.9997456669807434
9861,4,4,0.9999891519546509
9862,6,6,0.9988927245140076
9863,8,8,0.9950876832008362
9864,7,7,0.9996786117553711
9865,0,0,0.9998940229415894
9866,4,4,0.9999967813491821
9867,2,2,0.9965419173240662
9868,7,7,0.9998559951782227
9869,7,7,0.9999756813049316
9870,5,5,0.999657392501831
9871,4,4,0.999995231628418
9872,3,3,0.9999994039535522
9873,4,4,0.9999352693557739
9874,2,2,0.9974400997161865
9875,8,8,0.9973143935203552
9876,1,1,0.9999574422836304
9877,5,5,0.9996647834777832
9878,1,1,0.9999794960021973
9879,0,0,0.6558406949043274
9880,2,2,0.9996045231819153
9881,3,3,0.9999529123306274
9882,3,3,0.9999741315841675
9883,5,5,0.8696168661117554
9884,7,7,0.9978708028793335
9885,0,0,0.9997616410255432
9886,6,6,0.9981268048286438
9887,8,8,0.9986987113952637
9888,6,6,0.9222937822341919
9889,3,3,0.9999990463256836
9890,9,9,0.9840641021728516
9891,9,9,0.3573448657989502
9892,8,8,0.9974470138549805
9893,2,2,0.9780791997909546
9894,7,7,0.9988999366760254
9895,7,7,0.9998939037322998
9896,1,1,0.999976396560669
9897,0,0,0.9997450709342957
9898,1,1,0.9999674558639526
9899,7,7,0.9999287128448486
9900,8,8,0.9999499320983887
9901,9,9,0.9999004602432251
9902,0,0,0.9980504512786865
9903,1,1,0.9998154044151306
9904,2,2,0.6344190239906311
9905,3,3,0.8644664883613586
9906,4,4,0.9908535480499268
9907,5,5,0.9999276399612427
9908,6,6,0.9999984502792358
9909,7,7,0.9999343156814575
9910,8,8,0.9999394416809082
9911,0,0,0.9998421669006348
9912,1,1,0.9997972846031189
9913,2,2,0.9950913190841675
9914,3,3,0.9998561143875122
9915,4,4,0.9999192953109741
9916,7,7,0.9952754974365234
9917,8,8,0.9999966621398926
9918,9,9,0.9998642206192017
9919,7,7,0.9998822212219238
9920,8,8,0.9999792575836182
9921,6,6,0.9999920129776001
9922,4,4,0.9926889538764954
9923,1,1,0.9999873638153076
9924,9,9,0.9917142987251282
9925,3,3,0.9997673630714417
9926,8,8,0.9988652467727661
9927,4,4,0.9999282360076904
9928,4,4,0.9999719858169556
9929,7,7,0.9996652603149414
9930,0,0,0.9999942779541016
9931,1,1,0.9999074935913086
9932,9,9,0.9999598264694214
9933,2,2,0.9999915361404419
9934,8,8,0.9999535083770752
9935,7,7,0.9994600415229797
9936,8,8,0.9999889135360718
9937,2,2,0.9997994303703308
9938,6,6,0.9999985694885254
9939,0,0,0.9997573494911194
9940,6,6,0.9998602867126465
9941,5,5,0.9799708127975464
9942,3,3,0.9999974966049194
9943,3,3,0.9997453093528748
9944,3,3,0.9997631907463074
9945,9,9,0.9992648959159851
9946,1,1,0.999957799911499
9947,4,4,0.996620774269104
9948,0,0,0.9998915195465088
9949,6,6,0.9999929666519165
9950,1,1,0.9999860525131226
9951,0,0,0.9998200535774231
9952,0,0,0.9999974966049194
9953,6,6,0.9999794960021973
9954,2,2,0.9995693564414978
9955,1,1,0.9998297691345215
9956,1,1,0.9997531771659851
9957,7,7,0.9996745586395264
9958,7,7,0.9997749924659729
9959,8,8,0.9989312291145325
9960,4,4,0.9999730587005615
9961,6,6,0.9999972581863403
9962,0,0,0.9999977350234985
9963,7,7,0.998816967010498
9964,0,0,0.9996547698974609
9965,3,3,0.9959282279014587
9966,6,6,0.9999969005584717
9967,8,8,0.9999972581863403
9968,7,7,0.9999586343765259
9969,1,1,0.9999805688858032
9970,5,5,0.9863384366035461
9971,2,2,0.9999802112579346
9972,4,4,0.9999009370803833
9973,9,9,0.999704897403717
9974,4,4,0.9997155070304871
9975,3,3,0.998755693435669
9976,6,6,0.9986244440078735
9977,4,4,0.9998788833618164
9978,1,1,0.9999402761459351
9979,7,7,0.9998986721038818
9980,2,2,0.9982765913009644
9981,6,6,0.9998248219490051
9982,5,6,0.8251599073410034
9983,0,0,0.9999358654022217
9984,1,1,0.9998776912689209
9985,2,2,0.9973752498626709
9986,3,3,0.9999402761459351
9987,4,4,0.9999842643737793
9988,5,5,0.9999971389770508
9989,6,6,0.999969482421875
9990,7,7,0.9999302625656128
9991,8,8,0.9999881982803345
9992,9,9,0.9999363422393799
9993,0,0,0.9980827569961548
9994,1,1,0.9999449253082275
9995,2,2,0.999992847442627
9996,3,3,0.9999909400939941
9997,4,4,0.9999961853027344
9998,5,5,0.9998606443405151
9999,6,6,0.9999716281890869
