test_id,true_label,predicted_label,confidence
0,3,3,0.5226100087165833
1,8,9,0.45413175225257874
2,8,8,0.6366221308708191
3,0,8,0.5672649145126343
4,6,6,0.8090307712554932
5,6,6,0.3165092170238495
6,1,1,0.6470432281494141
7,6,6,0.7647696733474731
8,3,3,0.524978756904602
9,1,1,0.9940598011016846
10,0,0,0.43534591794013977
11,9,9,0.9845965504646301
12,5,5,0.5482879877090454
13,7,7,0.959378182888031
14,9,9,0.8956490755081177
15,8,8,0.7786683440208435
16,5,5,0.6122018098831177
17,7,7,0.388217955827713
18,8,8,0.9045049548149109
19,6,6,0.9923271536827087
20,7,7,0.974383533000946
21,0,0,0.8751327991485596
22,4,2,0.5957891941070557
23,9,9,0.9841547012329102
24,5,4,0.8273830413818359
25,2,2,0.67972731590271
26,4,4,0.44792836904525757
27,0,2,0.49151524901390076
28,9,9,0.7983033657073975
29,6,6,0.34163492918014526
30,6,6,0.7424951791763306
31,5,4,0.3737384080886841
32,4,4,0.4388711750507355
33,5,5,0.45641592144966125
34,9,9,0.8861064910888672
35,2,3,0.30494555830955505
36,4,4,0.3758023977279663
37,1,9,0.5574249625205994
38,9,9,0.9889200329780579
39,5,5,0.8579158782958984
40,4,0,0.824712336063385
41,6,6,0.9880996346473694
42,5,7,0.7176830172538757
43,6,6,0.9083426594734192
44,0,0,0.6892718076705933
45,9,9,0.9928590059280396
46,3,5,0.4639183580875397
47,9,7,0.3200589716434479
48,7,7,0.5889504551887512
49,6,4,0.4231526553630829
50,9,9,0.38374096155166626
51,8,8,0.5987430214881897
52,0,5,0.26548197865486145
53,3,3,0.7027750015258789
54,8,8,0.9101744294166565
55,8,8,0.8794416785240173
56,7,7,0.7063568234443665
57,7,5,0.34792137145996094
58,4,5,0.6750107407569885
59,6,4,0.289285808801651
60,7,7,0.9458979368209839
61,3,5,0.7405092716217041
62,6,6,0.7626339793205261
63,3,9,0.5012778639793396
64,6,6,0.7969977855682373
65,2,2,0.8087764382362366
66,1,1,0.6207976341247559
67,2,0,0.4351404011249542
68,3,5,0.5149514675140381
69,7,1,0.4158843755722046
70,2,4,0.22254127264022827
71,6,5,0.35845711827278137
72,8,8,0.7645655870437622
73,8,8,0.984207272529602
74,0,9,0.6072421073913574
75,2,2,0.8584471940994263
76,9,7,0.4464016258716583
77,3,3,0.6124753355979919
78,3,5,0.6404151320457458
79,8,8,0.6174490451812744
80,8,8,0.9881219863891602
81,1,1,0.5144094824790955
82,1,1,0.8042653203010559
83,7,7,0.43254464864730835
84,2,3,0.22962866723537445
85,5,7,0.49801644682884216
86,2,2,0.8949629664421082
87,7,0,0.3181859254837036
88,8,9,0.5395703315734863
89,9,9,0.9797937273979187
90,0,0,0.5658004283905029
91,3,4,0.36158910393714905
92,8,8,0.8413084745407104
93,6,6,0.878489077091217
94,4,4,0.5410066843032837
95,6,6,0.8300882577896118
96,6,6,0.9001235961914062
97,0,0,0.42039933800697327
98,0,0,0.6724097728729248
99,7,7,0.8297515511512756
100,4,4,0.45643705129623413
101,5,5,0.5187028646469116
102,6,6,0.9155988097190857
103,3,6,0.4285401403903961
104,1,1,0.9154282212257385
105,1,1,0.7293707132339478
106,3,2,0.37973925471305847
107,6,6,0.9979879856109619
108,8,8,0.9564657211303711
109,7,7,0.5964844822883606
110,4,4,0.3840533494949341
111,0,0,0.917043149471283
112,6,2,0.7723782658576965
113,2,2,0.8432211875915527
114,1,9,0.6484388709068298
115,3,3,0.7070167660713196
116,0,0,0.6747744679450989
117,4,2,0.35461580753326416
118,2,2,0.4651013910770416
119,7,5,0.6500502228736877
120,8,8,0.8181836605072021
121,3,7,0.5811737775802612
122,1,9,0.4465540051460266
123,2,2,0.6490142345428467
124,8,8,0.7088074088096619
125,0,2,0.4294467866420746
126,8,8,0.43606409430503845
127,3,3,0.5921229124069214
128,5,6,0.6619259715080261
129,2,2,0.7430784106254578
130,4,4,0.6351218223571777
131,1,1,0.9166834950447083
132,8,8,0.5479207038879395
133,9,9,0.9758318662643433
134,1,1,0.9148262143135071
135,2,2,0.49124789237976074
136,9,9,0.836924135684967
137,7,7,0.9675453901290894
138,2,4,0.39298394322395325
139,9,8,0.581454873085022
140,6,4,0.6346826553344727
141,5,5,0.777667760848999
142,6,6,0.4752887487411499
143,3,7,0.25824251770973206
144,8,8,0.9509681463241577
145,7,3,0.3372766673564911
146,6,6,0.649920642375946
147,2,6,0.8938466906547546
148,5,5,0.6049100160598755
149,2,3,0.5732125639915466
150,8,0,0.6772494316101074
151,9,1,0.5655366778373718
152,6,6,0.6953731179237366
153,0,0,0.4675779342651367
154,0,3,0.4521162211894989
155,5,5,0.8169533610343933
156,2,2,0.3943135440349579
157,9,9,0.9933347702026367
158,5,5,0.37970876693725586
159,4,4,0.6109381318092346
160,2,2,0.6694532632827759
161,1,1,0.9728009104728699
162,6,6,0.38174110651016235
163,6,6,0.6692075133323669
164,8,0,0.4018106758594513
165,4,4,0.5191601514816284
166,8,8,0.9042701721191406
167,4,4,0.4938834309577942
168,5,7,0.44374722242355347
169,0,4,0.5061708688735962
170,9,9,0.9690656065940857
171,9,9,0.4634179472923279
172,9,9,0.5125620365142822
173,8,8,0.5107974410057068
174,9,9,0.446413516998291
175,9,9,0.9971075654029846
176,3,3,0.33653560280799866
177,7,7,0.9535049796104431
178,5,5,0.4851764738559723
179,0,9,0.4064687490463257
180,0,9,0.45118939876556396
181,5,5,0.6016802191734314
182,2,6,0.7687815427780151
183,2,2,0.651154637336731
184,3,5,0.4366475045681
185,8,8,0.6246988773345947
186,6,6,0.8697783946990967
187,3,3,0.5483973026275635
188,4,3,0.3962137699127197
189,0,8,0.9683415293693542
190,5,5,0.49596139788627625
191,8,8,0.3246958255767822
192,0,0,0.6778700351715088
193,1,9,0.6839919686317444
194,7,7,0.3366241753101349
195,2,2,0.4430193305015564
196,8,8,0.944482147693634
197,8,5,0.5021506547927856
198,7,7,0.7662948966026306
199,8,8,0.9073511958122253
200,5,5,0.6179154515266418
201,1,0,0.6765522360801697
202,8,8,0.908123791217804
203,7,7,0.8786865472793579
204,1,1,0.9784560203552246
205,3,3,0.5546901226043701
206,0,8,0.8947803378105164
207,5,5,0.7841392755508423
208,7,7,0.9783243536949158
209,9,9,0.48838675022125244
210,7,5,0.5998009443283081
211,4,0,0.5124212503433228
212,5,5,0.7400851845741272
213,9,7,0.42231234908103943
214,8,8,0.3735836148262024
215,0,0,0.5003019571304321
216,7,7,0.508362889289856
217,9,9,0.9955015778541565
218,8,0,0.5135339498519897
219,2,7,0.7578339576721191
220,7,7,0.6271642446517944
221,6,7,0.2630499601364136
222,9,9,0.9901705384254456
223,4,4,0.4281831979751587
224,3,3,0.604202151298523
225,9,9,0.9680356979370117
226,6,3,0.32837268710136414
227,4,2,0.4475805163383484
228,7,3,0.5407401919364929
229,6,2,0.4786815643310547
230,5,5,0.6295857429504395
231,1,1,0.9921749234199524
232,5,5,0.35915133357048035
233,8,1,0.5210118889808655
234,8,8,0.9413480758666992
235,0,0,0.9980924725532532
236,4,4,0.43380048871040344
237,0,0,0.6336085200309753
238,5,5,0.6592410802841187
239,5,2,0.40526020526885986
240,1,1,0.992874264717102
241,1,9,0.6093944907188416
242,8,2,0.30699384212493896
243,9,9,0.5052779912948608
244,0,0,0.5993671417236328
245,3,6,0.5186169147491455
246,1,1,0.6809442043304443
247,9,8,0.6746545433998108
248,2,2,0.5802289843559265
249,2,0,0.5726508498191833
250,5,7,0.395903080701828
251,3,3,0.5941839814186096
252,9,9,0.9972883462905884
253,9,9,0.5054830312728882
254,4,2,0.44820910692214966
255,0,0,0.26658621430397034
256,3,6,0.5289715528488159
257,0,0,0.9649674892425537
258,0,8,0.9840567111968994
259,9,1,0.6625630259513855
260,8,3,0.514838457107544
261,1,8,0.487713098526001
262,5,3,0.23491297662258148
263,7,3,0.4723283350467682
264,0,0,0.7160294651985168
265,8,8,0.7332566380500793
266,2,8,0.3992244005203247
267,4,4,0.9495500326156616
268,7,7,0.9990697503089905
269,0,0,0.3928549289703369
270,2,5,0.5367870926856995
271,3,3,0.4763111472129822
272,6,6,0.9978699684143066
273,3,3,0.42004135251045227
274,8,8,0.9187308549880981
275,5,5,0.3543546795845032
276,0,0,0.9211297631263733
277,3,2,0.4447137117385864
278,4,7,0.5661523938179016
279,3,5,0.6029885411262512
280,9,9,0.7507021427154541
281,0,0,0.8178096413612366
282,6,3,0.49281638860702515
283,1,1,0.9671010971069336
284,0,9,0.48471859097480774
285,9,9,0.9959579110145569
286,1,1,0.5562829971313477
287,0,8,0.8773654103279114
288,7,7,0.8499516248703003
289,9,9,0.9804588556289673
290,1,1,0.9903263449668884
291,2,2,0.8597007989883423
292,6,6,0.6645217537879944
293,9,1,0.7739622592926025
294,3,7,0.2868206799030304
295,4,2,0.8174710869789124
296,6,6,0.9985248446464539
297,0,0,0.8774999976158142
298,0,0,0.9220013618469238
299,6,6,0.9694193005561829
300,6,6,0.974452793598175
301,6,6,0.7586939334869385
302,3,5,0.4016839265823364
303,2,2,0.3597806692123413
304,6,6,0.23260831832885742
305,1,9,0.7190846800804138
306,8,9,0.7544946670532227
307,2,2,0.5982396006584167
308,1,1,0.958250880241394
309,6,4,0.5486571788787842
310,8,8,0.9121320843696594
311,6,6,0.9955370426177979
312,8,0,0.5892836451530457
313,0,0,0.24342980980873108
314,4,3,0.4952612817287445
315,0,0,0.44336286187171936
316,7,2,0.31903722882270813
317,7,7,0.6402072310447693
318,5,5,0.7312427163124084
319,5,5,0.7051215171813965
320,3,3,0.656524121761322
321,5,3,0.5164215564727783
322,2,2,0.6161864399909973
323,3,2,0.33033815026283264
324,4,5,0.448589563369751
325,1,1,0.3818987309932709
326,7,7,0.6587342619895935
327,5,5,0.5216285586357117
328,4,4,0.5217640995979309
329,6,6,0.9731648564338684
330,1,9,0.6789841651916504
331,9,9,0.5188496112823486
332,3,6,0.6837847828865051
333,6,6,0.9777506589889526
334,6,6,0.914401113986969
335,9,9,0.7230945229530334
336,3,3,0.7265697717666626
337,8,8,0.7890135049819946
338,0,0,0.5636146068572998
339,7,7,0.9721825122833252
340,2,4,0.62086421251297
341,6,6,0.6870813369750977
342,2,2,0.7609109282493591
343,5,7,0.5947383046150208
344,8,0,0.5152934193611145
345,5,5,0.7519006133079529
346,4,7,0.7249256372451782
347,6,6,0.7586469650268555
348,8,8,0.7783383131027222
349,9,9,0.6154060363769531
350,9,9,0.9402539134025574
351,1,1,0.9589319229125977
352,0,8,0.6321069002151489
353,2,0,0.5594103932380676
354,2,3,0.3356395959854126
355,7,4,0.4916521906852722
356,3,5,0.3786543905735016
357,2,7,0.38691192865371704
358,8,1,0.9317936897277832
359,0,0,0.7758260369300842
360,9,9,0.8446101546287537
361,5,5,0.7182711958885193
362,8,8,0.972798764705658
363,1,0,0.5880461931228638
364,9,9,0.821645975112915
365,4,7,0.6937309503555298
366,1,4,0.4007992744445801
367,3,1,0.4612831175327301
368,8,8,0.371498167514801
369,1,1,0.9096150398254395
370,4,2,0.5045180916786194
371,7,7,0.9851850271224976
372,9,9,0.9411478638648987
373,4,4,0.37761935591697693
374,2,2,0.6765053272247314
375,7,7,0.9632670283317566
376,0,2,0.3894173204898834
377,7,7,0.2910003364086151
378,0,2,0.29146403074264526
379,6,6,0.9629484415054321
380,6,6,0.9875361323356628
381,9,9,0.7476714253425598
382,0,0,0.976478099822998
383,9,1,0.3556366264820099
384,2,5,0.6841076612472534
385,8,0,0.8909063935279846
386,7,7,0.9661503434181213
387,2,2,0.3960299491882324
388,2,5,0.40373745560646057
389,5,5,0.9612343907356262
390,1,1,0.8713173866271973
391,2,2,0.5174006819725037
392,6,6,0.9499229192733765
393,2,5,0.7555335164070129
394,9,7,0.4163138270378113
395,6,6,0.9695132970809937
396,2,2,0.6483504176139832
397,3,5,0.30228662490844727
398,0,0,0.789698600769043
399,3,9,0.39176446199417114
400,9,9,0.9878795742988586
401,8,8,0.7209544777870178
402,7,7,0.767360270023346
403,8,0,0.5394518375396729
404,8,8,0.7035033106803894
405,4,4,0.7053338289260864
406,0,0,0.8475966453552246
407,1,1,0.43873074650764465
408,8,8,0.9771485328674316
409,2,2,0.7168300747871399
410,7,7,0.8036477565765381
411,9,0,0.773439347743988
412,3,5,0.7470851540565491
413,6,6,0.9551712274551392
414,1,1,0.7932438254356384
415,9,9,0.9523348212242126
416,0,0,0.3883415162563324
417,7,1,0.3584724962711334
418,3,6,0.3101450204849243
419,7,7,0.7629160284996033
420,4,4,0.4623746871948242
421,5,7,0.6216942667961121
422,0,0,0.7210176587104797
423,0,0,0.3530561625957489
424,2,2,0.5705791115760803
425,9,9,0.865155816078186
426,3,6,0.6515371203422546
427,4,5,0.4344373941421509
428,0,9,0.5326710939407349
429,6,6,0.7587605118751526
430,2,4,0.41108831763267517
431,5,5,0.7025540471076965
432,3,5,0.5301467180252075
433,7,7,0.3028264343738556
434,3,9,0.9297900795936584
435,7,7,0.9417762160301208
436,2,2,0.2893006205558777
437,5,2,0.7021661996841431
438,3,5,0.5421626567840576
439,1,1,0.6467082500457764
440,1,1,0.927937924861908
441,4,2,0.7730780243873596
442,9,9,0.8879378437995911
443,9,8,0.7946228981018066
444,5,5,0.3177794814109802
445,7,7,0.33143773674964905
446,5,5,0.354262113571167
447,0,0,0.8201647996902466
448,2,2,0.6157902479171753
449,2,0,0.5900426506996155
450,2,6,0.44513750076293945
451,9,9,0.9415958523750305
452,7,7,0.8553704023361206
453,3,3,0.3737647533416748
454,9,9,0.8786291480064392
455,4,4,0.5341667532920837
456,3,4,0.42220985889434814
457,5,5,0.5979702472686768
458,4,4,0.537723183631897
459,6,9,0.2435014694929123
460,5,2,0.5618026256561279
461,6,6,0.7059662342071533
462,1,1,0.9160976409912109
463,4,5,0.5161206126213074
464,3,3,0.48186784982681274
465,4,4,0.7172065377235413
466,4,7,0.7598941326141357
467,3,5,0.3074954152107239
468,7,5,0.6352419257164001
469,8,8,0.5372633934020996
470,3,3,0.45948585867881775
471,7,7,0.6962981224060059
472,8,8,0.9804907441139221
473,0,8,0.4329754412174225
474,5,5,0.6000282764434814
475,7,7,0.8495830297470093
476,6,6,0.36304670572280884
477,0,8,0.4266362488269806
478,5,2,0.4865143597126007
479,4,0,0.4134644865989685
480,8,9,0.6018706560134888
481,6,6,0.9597216248512268
482,8,8,0.9142075777053833
483,5,5,0.4181087613105774
484,5,7,0.7172247171401978
485,9,0,0.3677857518196106
486,9,9,0.9511556625366211
487,9,9,0.9155362248420715
488,5,3,0.5341994166374207
489,0,0,0.8928678631782532
490,1,1,0.9752132892608643
491,0,0,0.6248365640640259
492,8,8,0.5745154619216919
493,1,1,0.9806929230690002
494,1,8,0.5790997743606567
495,8,8,0.7624163627624512
496,0,0,0.5672503113746643
497,2,2,0.608940601348877
498,2,2,0.5401449203491211
499,0,0,0.9565415382385254
500,4,6,0.6131685376167297
501,6,6,0.7767205238342285
502,5,5,0.5570399165153503
503,4,4,0.5903352499008179
504,9,9,0.7937234044075012
505,4,4,0.5915164947509766
506,7,7,0.8504911065101624
507,9,9,0.7779919505119324
508,9,1,0.4598042964935303
509,4,4,0.8642803430557251
510,5,5,0.7314779758453369
511,6,6,0.9875903129577637
512,6,6,0.9937064051628113
513,1,1,0.512731671333313
514,5,5,0.9577897191047668
515,3,5,0.7732930779457092
516,8,8,0.8780831694602966
517,9,9,0.5537740588188171
518,5,3,0.41659945249557495
519,8,8,0.6739470958709717
520,5,5,0.6071310043334961
521,7,7,0.8281764388084412
522,0,0,0.9506590962409973
523,7,7,0.9841692447662354
524,0,0,0.9936957955360413
525,5,6,0.7265563607215881
526,0,4,0.22596870362758636
527,0,0,0.8956893086433411
528,4,0,0.5514149069786072
529,6,6,0.8597908020019531
530,9,9,0.5487111210823059
531,0,5,0.4567031264305115
532,9,6,0.3745115399360657
533,5,5,0.713200569152832
534,6,6,0.9906346201896667
535,6,6,0.9781200289726257
536,6,6,0.9921450018882751
537,2,6,0.5446943044662476
538,9,8,0.4369278848171234
539,0,9,0.316623717546463
540,1,1,0.5962845683097839
541,7,7,0.5815722942352295
542,6,6,0.9925893545150757
543,7,7,0.9409313201904297
544,5,5,0.7733741998672485
545,9,9,0.9803123474121094
546,1,1,0.7800635695457458
547,6,9,0.6616805791854858
548,2,2,0.7674006819725037
549,5,3,0.6201044321060181
550,5,2,0.3366864323616028
551,5,5,0.36760610342025757
552,8,8,0.7059416174888611
553,5,5,0.6814595460891724
554,9,9,0.5428626537322998
555,4,2,0.444752037525177
556,6,4,0.702659547328949
557,4,5,0.3462105095386505
558,3,3,0.8857305645942688
559,2,2,0.9482042193412781
560,0,0,0.9421528577804565
561,7,7,0.7417789697647095
562,6,6,0.9087162613868713
563,2,2,0.43149521946907043
564,2,2,0.3838009536266327
565,3,5,0.6327086091041565
566,9,9,0.7965865731239319
567,7,5,0.39438241720199585
568,9,9,0.6086625456809998
569,2,4,0.4843398928642273
570,6,6,0.4408302903175354
571,7,7,0.9609474539756775
572,1,1,0.8593794107437134
573,3,6,0.1993774175643921
574,6,3,0.47797301411628723
575,6,6,0.5556638836860657
576,8,8,0.8406438827514648
577,9,2,0.2656451165676117
578,7,7,0.9147478938102722
579,5,6,0.2855525314807892
580,4,4,0.7587295770645142
581,0,0,0.3027828633785248
582,8,0,0.5717126131057739
583,4,2,0.3771842122077942
584,0,0,0.91245436668396
585,9,9,0.732957124710083
586,3,5,0.5046252608299255
587,4,4,0.7835452556610107
588,8,8,0.9733691215515137
589,9,9,0.957310140132904
590,6,6,0.7146856188774109
591,9,1,0.6729137301445007
592,2,2,0.8943742513656616
593,6,6,0.6266158819198608
594,1,1,0.5945718884468079
595,4,4,0.8767532110214233
596,7,7,0.8586305379867554
597,3,5,0.2873973846435547
598,5,5,0.5003959536552429
599,3,3,0.5143378376960754
600,8,8,0.575229287147522
601,5,5,0.9139487147331238
602,0,0,0.7355689406394958
603,2,2,0.5296310186386108
604,1,1,0.9931120276451111
605,6,6,0.8911078572273254
606,4,0,0.3937819302082062
607,3,5,0.4146236777305603
608,3,3,0.5237776041030884
609,9,9,0.9935594797134399
610,6,6,0.8217818737030029
611,9,9,0.941062867641449
612,8,8,0.9530083537101746
613,8,8,0.9905603528022766
614,5,5,0.8014618754386902
615,8,8,0.6995130181312561
616,6,5,0.2946244478225708
617,6,6,0.6364095211029053
618,2,7,0.7485934495925903
619,1,1,0.94149249792099
620,7,7,0.9879393577575684
621,7,7,0.5082800984382629
622,1,1,0.9851877689361572
623,2,2,0.6692165732383728
624,7,7,0.9362804293632507
625,9,9,0.8929581046104431
626,9,9,0.8471548557281494
627,4,4,0.6288965344429016
628,4,7,0.9238091111183167
629,1,8,0.30658894777297974
630,2,8,0.3247314393520355
631,5,2,0.4841803312301636
632,6,6,0.6171466112136841
633,8,3,0.21950726211071014
634,7,7,0.6106863617897034
635,6,6,0.8867522478103638
636,8,8,0.5567765831947327
637,3,2,0.4377468526363373
638,0,0,0.6560440063476562
639,5,5,0.4813295304775238
640,5,5,0.4035262167453766
641,3,4,0.4266797602176666
642,0,5,0.2697159945964813
643,7,7,0.9535649418830872
644,9,9,0.5962476134300232
645,1,0,0.8240616321563721
646,3,3,0.4952497184276581
647,4,3,0.3699963390827179
648,4,4,0.7979795932769775
649,5,5,0.7302318811416626
650,3,3,0.4729430675506592
651,9,9,0.9624311923980713
652,5,9,0.34739625453948975
653,6,6,0.4594539999961853
654,9,7,0.2876646816730499
655,2,4,0.5741175413131714
656,1,9,0.6478001475334167
657,1,5,0.3105257749557495
658,4,4,0.7032427787780762
659,1,4,0.5680676698684692
660,9,9,0.6457502245903015
661,4,4,0.4958536922931671
662,7,7,0.9961167573928833
663,6,6,0.8155817985534668
664,3,3,0.6559792757034302
665,8,8,0.4599922299385071
666,9,9,0.8007394075393677
667,0,0,0.5859540700912476
668,1,9,0.7910282611846924
669,3,2,0.8925736546516418
670,6,6,0.962308943271637
671,3,5,0.7261220216751099
672,6,3,0.2940211594104767
673,3,3,0.5315645933151245
674,2,2,0.43948397040367126
675,0,8,0.5578835010528564
676,3,4,0.8803292512893677
677,1,9,0.6854274868965149
678,0,0,0.422770231962204
679,5,2,0.5098028182983398
680,9,0,0.3765776753425598
681,6,6,0.9816252589225769
682,4,4,0.4442305564880371
683,8,1,0.4379243850708008
684,9,9,0.8931386470794678
685,6,4,0.7258327603340149
686,9,6,0.32955750823020935
687,6,6,0.6200408935546875
688,3,6,0.40288659930229187
689,0,9,0.3307305872440338
690,3,2,0.40854763984680176
691,2,2,0.5285958051681519
692,2,0,0.6841538548469543
693,7,7,0.97622150182724
694,8,8,0.7876365184783936
695,3,6,0.5914585590362549
696,8,8,0.40224215388298035
697,2,4,0.4387321472167969
698,7,7,0.8590156435966492
699,5,5,0.5368730425834656
700,7,7,0.9934815168380737
701,2,0,0.6710317134857178
702,4,4,0.3274171054363251
703,8,8,0.5445395708084106
704,7,7,0.8637784123420715
705,4,4,0.5205053687095642
706,2,2,0.6643495559692383
707,9,5,0.23899216949939728
708,8,8,0.4163125455379486
709,8,8,0.9410810470581055
710,6,2,0.6724997758865356
711,8,0,0.7735681533813477
712,8,8,0.6376135349273682
713,7,7,0.6347392201423645
714,4,4,0.3133258819580078
715,3,3,0.4120233654975891
716,3,3,0.4158715307712555
717,8,9,0.5481056571006775
718,4,4,0.7294308543205261
719,9,8,0.6631509065628052
720,4,7,0.30798813700675964
721,8,8,0.8563353419303894
722,8,8,0.9736009240150452
723,1,1,0.6840670704841614
724,8,8,0.7310930490493774
725,2,2,0.49629005789756775
726,1,1,0.924267053604126
727,3,5,0.42720553278923035
728,6,6,0.5673907995223999
729,5,5,0.5183603167533875
730,4,4,0.7663084864616394
731,2,0,0.8112298250198364
732,7,7,0.7738892436027527
733,9,9,0.48822665214538574
734,9,8,0.5897620320320129
735,4,2,0.49388161301612854
736,1,1,0.5700778365135193
737,4,4,0.4707089066505432
738,1,1,0.9435784816741943
739,3,7,0.5424066185951233
740,2,5,0.9033139944076538
741,7,7,0.9741663932800293
742,0,9,0.519817590713501
743,7,7,0.9819797277450562
744,9,2,0.627088189125061
745,7,7,0.7604616284370422
746,6,6,0.5337251424789429
747,6,6,0.9732523560523987
748,2,2,0.6588185429573059
749,5,5,0.4867144227027893
750,9,9,0.9759934544563293
751,2,0,0.6175860166549683
752,9,9,0.9934171438217163
753,1,1,0.903007447719574
754,2,2,0.9371557831764221
755,2,4,0.6520968675613403
756,6,6,0.9129528403282166
757,8,8,0.7362730503082275
758,2,2,0.8572370409965515
759,1,1,0.7367354035377502
760,3,7,0.5712314248085022
761,6,2,0.4479494094848633
762,6,2,0.4297701120376587
763,0,0,0.7858655452728271
764,1,1,0.7192142605781555
765,2,2,0.8143763542175293
766,7,2,0.47335028648376465
767,0,9,0.7129255533218384
768,5,5,0.48583710193634033
769,4,2,0.43291106820106506
770,6,0,0.2265203893184662
771,1,9,0.655076265335083
772,6,6,0.987697422504425
773,4,4,0.31266412138938904
774,0,0,0.6630866527557373
775,2,2,0.5181005597114563
776,2,7,0.37340354919433594
777,6,6,0.9673522710800171
778,0,0,0.9061203002929688
779,5,6,0.7126383185386658
780,9,9,0.8320291638374329
781,1,1,0.7831096649169922
782,7,7,0.922402024269104
783,6,6,0.5517440438270569
784,7,7,0.9404282569885254
785,0,0,0.5435216426849365
786,3,3,0.33754169940948486
787,9,0,0.46314212679862976
788,6,6,0.7996698021888733
789,8,8,0.832097589969635
790,3,0,0.6424758434295654
791,0,0,0.9691942930221558
792,3,5,0.494377076625824
793,4,7,0.4598774015903473
794,7,7,0.8888221979141235
795,7,5,0.8012049198150635
796,1,9,0.2760953903198242
797,4,6,0.3541242182254791
798,7,7,0.4067360460758209
799,2,2,0.5571586489677429
800,7,7,0.9727616310119629
801,1,1,0.9907855987548828
802,4,2,0.582116425037384
803,7,7,0.987664520740509
804,4,7,0.3781796395778656
805,4,4,0.8469846248626709
806,8,8,0.5903353095054626
807,4,4,0.7424841523170471
808,7,7,0.7572157382965088
809,7,8,0.3195010721683502
810,5,5,0.869903564453125
811,3,3,0.479507178068161
812,7,7,0.9566287994384766
813,2,2,0.8230423331260681
814,0,0,0.45442917943000793
815,8,8,0.9658063054084778
816,9,9,0.5922378301620483
817,5,3,0.491678923368454
818,8,8,0.3918808400630951
819,3,0,0.4679322838783264
820,6,6,0.3037162721157074
821,2,2,0.6013464331626892
822,0,0,0.8420813679695129
823,8,8,0.9960395097732544
824,7,7,0.9564164280891418
825,3,4,0.2857216000556946
826,7,4,0.2248256653547287
827,6,6,0.9948940277099609
828,5,5,0.45285260677337646
829,3,1,0.26901230216026306
830,1,0,0.7878430485725403
831,3,3,0.6207495927810669
832,2,2,0.8957825899124146
833,2,5,0.5211590528488159
834,5,2,0.4950201213359833
835,4,4,0.7400921583175659
836,1,1,0.884284257888794
837,2,2,0.41680049896240234
838,9,9,0.8313549757003784
839,2,2,0.9651399850845337
840,7,7,0.9958771467208862
841,0,8,0.7383683323860168
842,7,7,0.9874624609947205
843,2,2,0.6358852982521057
844,1,2,0.5685010552406311
845,3,2,0.1824866235256195
846,2,2,0.4757773280143738
847,0,0,0.9612942337989807
848,2,6,0.6781308054924011
849,4,2,0.6283384561538696
850,7,5,0.6079786419868469
851,9,9,0.8392006158828735
852,8,8,0.6410865187644958
853,9,1,0.8067756295204163
854,0,0,0.7721258997917175
855,7,7,0.7817962169647217
856,7,7,0.9617395997047424
857,0,0,0.6443759799003601
858,7,7,0.983077347278595
859,8,8,0.6265251636505127
860,4,4,0.8830453157424927
861,6,6,0.785385012626648
862,3,6,0.8052429556846619
863,3,3,0.5471412539482117
864,0,0,0.9344006776809692
865,1,1,0.792923629283905
866,3,3,0.447414755821228
867,7,5,0.3913570046424866
868,0,0,0.9359943866729736
869,1,1,0.9065906405448914
870,3,5,0.41922426223754883
871,1,1,0.9981839060783386
872,4,4,0.7400591969490051
873,2,0,0.5563598275184631
874,3,3,0.9008484482765198
875,8,8,0.86940997838974
876,4,4,0.7335721254348755
877,2,2,0.528904139995575
878,3,8,0.475521981716156
879,7,7,0.945559561252594
880,8,8,0.8632456660270691
881,4,4,0.6962019801139832
882,3,0,0.35285118222236633
883,0,0,0.6589837670326233
884,9,9,0.7293990254402161
885,0,4,0.5632622838020325
886,0,8,0.7808471918106079
887,1,1,0.49848681688308716
888,0,1,0.5492128729820251
889,4,6,0.5503290891647339
890,4,4,0.5585178732872009
891,6,6,0.9466200470924377
892,7,7,0.615393340587616
893,6,3,0.5187282562255859
894,1,1,0.9665115475654602
895,1,1,0.8021885752677917
896,3,3,0.39030730724334717
897,7,7,0.7589311599731445
898,3,7,0.3877260684967041
899,5,5,0.6128399968147278
900,2,2,0.3989756107330322
901,6,3,0.4481745660305023
902,6,6,0.9994019269943237
903,5,5,0.8290126323699951
904,8,0,0.670834481716156
905,7,2,0.4392806589603424
906,1,8,0.804155170917511
907,6,6,0.8729045987129211
908,8,8,0.927518904209137
909,8,1,0.4406544268131256
910,5,7,0.7002253532409668
911,3,3,0.9298902750015259
912,0,2,0.4442359209060669
913,4,4,0.533626914024353
914,0,0,0.5076200366020203
915,1,9,0.61819988489151
916,3,4,0.7044941186904907
917,8,8,0.9287644624710083
918,8,8,0.7698551416397095
919,0,4,0.42398035526275635
920,6,6,0.8487534523010254
921,9,9,0.971379816532135
922,9,9,0.4305877387523651
923,9,4,0.4514771103858948
924,5,7,0.4421096444129944
925,5,5,0.5105066895484924
926,8,8,0.42283788323402405
927,6,5,0.4882622957229614
928,0,0,0.872161328792572
929,0,8,0.7239912748336792
930,4,4,0.9210138320922852
931,2,2,0.8823279142379761
932,3,7,0.42221927642822266
933,2,5,0.43719279766082764
934,7,7,0.9993316531181335
935,2,3,0.3866502642631531
936,2,2,0.44569262862205505
937,5,7,0.4187437891960144
938,9,1,0.758028507232666
939,8,8,0.5033997297286987
940,9,1,0.9218906760215759
941,1,7,0.600887656211853
942,7,7,0.5179800987243652
943,4,4,0.6438770294189453
944,0,0,0.927431046962738
945,3,3,0.5740810632705688
946,0,0,0.8875892758369446
947,1,9,0.6526363492012024
948,3,4,0.8985199332237244
949,8,8,0.7045497894287109
950,3,5,0.33914411067962646
951,9,9,0.8481205701828003
952,6,6,0.8408133387565613
953,1,9,0.7853295207023621
954,4,4,0.6057214736938477
955,7,7,0.7766183614730835
956,0,0,0.8135128021240234
957,3,6,0.5319417119026184
958,7,7,0.8229548335075378
959,8,8,0.9843681454658508
960,9,9,0.9533474445343018
961,1,9,0.18309113383293152
962,1,1,0.47130346298217773
963,6,6,0.9918538331985474
964,6,5,0.8176851868629456
965,6,5,0.3520507216453552
966,6,6,0.6074790954589844
967,9,9,0.7098618745803833
968,1,1,0.9668726325035095
969,9,9,0.9306356310844421
970,9,9,0.7034293413162231
971,4,4,0.9840115308761597
972,2,2,0.5403541922569275
973,1,1,0.8258890509605408
974,7,7,0.5673284530639648
975,0,0,0.9734347462654114
976,6,6,0.7228588461875916
977,8,8,0.8688676953315735
978,1,1,0.9362109303474426
979,9,9,0.9497115015983582
980,2,6,0.5170345902442932
981,9,1,0.33836033940315247
982,0,5,0.5136529803276062
983,4,4,0.8192744255065918
984,7,7,0.98780357837677
985,8,0,0.8237137198448181
986,3,5,0.44094258546829224
987,1,1,0.9753691554069519
988,2,2,0.36096319556236267
989,0,0,0.48815664649009705
990,1,1,0.9401208162307739
991,5,5,0.7391811013221741
992,8,8,0.6204143166542053
993,4,3,0.3038322329521179
994,6,5,0.2790621817111969
995,3,5,0.5683343410491943
996,8,8,0.49715983867645264
997,1,1,0.5450412034988403
998,3,3,0.8214555382728577
999,8,8,0.992194652557373
1000,5,5,0.8051132559776306
1001,0,0,0.5308612585067749
1002,8,8,0.31783875823020935
1003,4,4,0.5777851343154907
1004,8,8,0.7644168138504028
1005,1,1,0.9882535934448242
1006,1,1,0.948636531829834
1007,8,8,0.6194290518760681
1008,9,9,0.72062748670578
1009,6,9,0.8545942306518555
1010,0,0,0.9890708923339844
1011,8,8,0.7073622345924377
1012,6,2,0.32465338706970215
1013,1,1,0.9044981598854065
1014,3,3,0.34441837668418884
1015,4,4,0.5644382238388062
1016,1,1,0.9648309350013733
1017,6,6,0.9903343319892883
1018,0,0,0.900339663028717
1019,5,8,0.5636826157569885
1020,1,1,0.9565163254737854
1021,1,3,0.31403666734695435
1022,0,0,0.8915050625801086
1023,0,0,0.7416700720787048
1024,3,3,0.7544899582862854
1025,5,5,0.8272578716278076
1026,0,4,0.3512076735496521
1027,0,0,0.8694998621940613
1028,6,6,0.6692503690719604
1029,6,6,0.9973211884498596
1030,3,3,0.7302632331848145
1031,3,8,0.2798280119895935
1032,6,4,0.3263908922672272
1033,3,3,0.5813524127006531
1034,6,3,0.49100396037101746
1035,6,2,0.5422272086143494
1036,0,0,0.2423993945121765
1037,7,7,0.5488542318344116
1038,2,2,0.9698051810264587
1039,2,6,0.4818643629550934
1040,7,5,0.7716094851493835
1041,5,5,0.8496413826942444
1042,5,2,0.48124584555625916
1043,2,4,0.5283044576644897
1044,8,8,0.8775168061256409
1045,5,5,0.599909782409668
1046,2,2,0.6580712199211121
1047,1,8,0.6133575439453125
1048,1,1,0.9443109631538391
1049,4,7,0.9118499159812927
1050,3,0,0.44275420904159546
1051,2,7,0.3938907980918884
1052,0,8,0.8442370891571045
1053,3,5,0.7433117032051086
1054,1,1,0.8619769811630249
1055,5,5,0.7752107381820679
1056,3,3,0.5142160654067993
1057,7,7,0.3019072115421295
1058,6,6,0.3602938652038574
1059,8,8,0.4968022406101227
1060,9,9,0.9282862544059753
1061,1,9,0.5659032464027405
1062,6,3,0.5282058715820312
1063,4,4,0.5469253659248352
1064,9,5,0.384929358959198
1065,3,9,0.36607006192207336
1066,9,9,0.8601058721542358
1067,0,0,0.757631778717041
1068,9,9,0.8982585072517395
1069,6,6,0.992932915687561
1070,3,3,0.4554871618747711
1071,6,6,0.9351593852043152
1072,0,8,0.9321479201316833
1073,7,7,0.9396647214889526
1074,3,3,0.658934473991394
1075,8,8,0.4449027180671692
1076,0,0,0.6775383353233337
1077,0,0,0.9804179668426514
1078,0,0,0.9915981292724609
1079,6,6,0.9370492100715637
1080,6,6,0.619114100933075
1081,6,6,0.8616034388542175
1082,9,9,0.6823657751083374
1083,2,2,0.8035914897918701
1084,5,5,0.6901785135269165
1085,4,4,0.8066413402557373
1086,4,4,0.6938030123710632
1087,6,6,0.47524183988571167
1088,3,5,0.732211709022522
1089,6,6,0.9862050414085388
1090,0,0,0.8193371295928955
1091,8,8,0.9879314303398132
1092,6,6,0.4319056570529938
1093,0,5,0.22400954365730286
1094,6,3,0.3972528576850891
1095,2,4,0.4097401797771454
1096,7,7,0.9558325409889221
1097,5,5,0.39362457394599915
1098,1,1,0.8400779962539673
1099,2,2,0.71833336353302
1100,7,9,0.5137038826942444
1101,8,8,0.9724493622779846
1102,8,8,0.9614447355270386
1103,0,0,0.8086268901824951
1104,9,9,0.6283180713653564
1105,4,3,0.5964639186859131
1106,9,9,0.8961930274963379
1107,7,7,0.4594384729862213
1108,2,2,0.7717258334159851
1109,0,1,0.6941044926643372
1110,2,2,0.5042190551757812
1111,8,8,0.971080482006073
1112,3,3,0.48399531841278076
1113,8,8,0.6447393298149109
1114,9,3,0.5305116772651672
1115,1,1,0.6326645016670227
1116,5,3,0.43927380442619324
1117,5,5,0.6080707907676697
1118,4,7,0.7977460622787476
1119,7,7,0.9931551814079285
1120,5,5,0.4042538106441498
1121,3,5,0.43409597873687744
1122,8,8,0.7696152329444885
1123,3,3,0.5361399054527283
1124,3,2,0.7710009217262268
1125,6,6,0.9602994918823242
1126,2,0,0.6452544331550598
1127,8,8,0.7506421208381653
1128,4,4,0.5893047451972961
1129,3,0,0.4856780469417572
1130,7,4,0.8225553035736084
1131,1,1,0.9512022733688354
1132,2,6,0.22313357889652252
1133,4,4,0.6902352571487427
1134,1,1,0.7234745621681213
1135,6,3,0.4851381480693817
1136,9,9,0.6306027770042419
1137,0,3,0.21719937026500702
1138,5,5,0.41635408997535706
1139,8,8,0.8157175779342651
1140,6,6,0.8671455383300781
1141,1,1,0.8752948641777039
1142,8,8,0.9741908311843872
1143,6,6,0.9782594442367554
1144,1,9,0.3414744436740875
1145,4,5,0.32050806283950806
1146,2,4,0.925298273563385
1147,6,6,0.3441239595413208
1148,2,2,0.461656391620636
1149,7,7,0.5660589933395386
1150,2,7,0.833292543888092
1151,2,2,0.3649597465991974
1152,0,0,0.8323413133621216
1153,8,8,0.4073621332645416
1154,6,6,0.8048413395881653
1155,9,0,0.5140182375907898
1156,1,8,0.3863223195075989
1157,7,1,0.5448524951934814
1158,1,1,0.7300596833229065
1159,8,8,0.8352712392807007
1160,8,8,0.8534643650054932
1161,0,0,0.8952717781066895
1162,7,7,0.9725725054740906
1163,3,7,0.5669055581092834
1164,8,8,0.9061790108680725
1165,0,0,0.34097981452941895
1166,3,3,0.39066749811172485
1167,4,3,0.34255754947662354
1168,3,3,0.5352427959442139
1169,7,2,0.4266497492790222
1170,7,7,0.9682726860046387
1171,9,9,0.9870261549949646
1172,2,2,0.39941444993019104
1173,3,6,0.5965999960899353
1174,1,1,0.4789060354232788
1175,9,6,0.8074782490730286
1176,1,9,0.6267926096916199
1177,9,1,0.7995657324790955
1178,6,2,0.7766498327255249
1179,3,5,0.49182745814323425
1180,3,3,0.6408249735832214
1181,3,2,0.6284903287887573
1182,1,1,0.7598216533660889
1183,0,0,0.4748000502586365
1184,6,3,0.46416544914245605
1185,1,1,0.7290991544723511
1186,4,4,0.5908567905426025
1187,1,1,0.8412444591522217
1188,0,0,0.6031360030174255
1189,0,0,0.4944852590560913
1190,1,1,0.5154775381088257
1191,1,1,0.7893767356872559
1192,6,3,0.4195432960987091
1193,5,3,0.42261841893196106
1194,4,0,0.45991823077201843
1195,6,6,0.9583337903022766
1196,2,2,0.44217559695243835
1197,0,0,0.9551378488540649
1198,7,7,0.814197301864624
1199,9,9,0.6349664926528931
1200,8,8,0.5132238268852234
1201,7,7,0.8011916279792786
1202,2,2,0.4210284650325775
1203,0,8,0.8391668200492859
1204,6,6,0.9906732439994812
1205,8,8,0.9815303683280945
1206,1,1,0.9708420038223267
1207,4,8,0.4924298822879791
1208,3,2,0.3289846181869507
1209,7,7,0.44162851572036743
1210,0,0,0.9861597418785095
1211,6,6,0.7729059457778931
1212,1,1,0.7777923345565796
1213,8,8,0.8593753576278687
1214,5,5,0.7335412502288818
1215,7,7,0.8825300931930542
1216,8,1,0.4057082533836365
1217,4,2,0.42571601271629333
1218,8,8,0.8726043105125427
1219,3,5,0.6881938576698303
1220,9,3,0.26606419682502747
1221,9,7,0.6284648180007935
1222,9,1,0.5894478559494019
1223,8,0,0.7996468544006348
1224,7,7,0.7941956520080566
1225,6,6,0.8024706244468689
1226,6,6,0.9526812434196472
1227,3,7,0.784959614276886
1228,5,3,0.26896002888679504
1229,1,1,0.9883033037185669
1230,5,3,0.49063244462013245
1231,9,9,0.944909930229187
1232,1,1,0.9712401628494263
1233,4,4,0.388607919216156
1234,1,1,0.9627222418785095
1235,5,5,0.8323114514350891
1236,7,7,0.934980034828186
1237,0,0,0.4902859330177307
1238,1,1,0.8732726573944092
1239,5,5,0.5256972908973694
1240,2,6,0.8891676068305969
1241,0,0,0.5620061159133911
1242,8,1,0.7887359261512756
1243,8,1,0.3414327800273895
1244,5,5,0.6036428213119507
1245,6,6,0.3547888398170471
1246,7,5,0.4385713040828705
1247,3,2,0.3864342272281647
1248,2,4,0.29302653670310974
1249,4,4,0.5790731906890869
1250,7,7,0.8381500244140625
1251,2,5,0.41288599371910095
1252,5,5,0.6763144135475159
1253,8,8,0.8117058277130127
1254,2,2,0.4749385714530945
1255,4,4,0.7540613412857056
1256,9,8,0.6233388781547546
1257,2,5,0.36278006434440613
1258,1,6,0.722978413105011
1259,8,8,0.9785923361778259
1260,1,9,0.9443071484565735
1261,9,0,0.42740169167518616
1262,8,8,0.8507987856864929
1263,8,8,0.7031827569007874
1264,8,8,0.778839647769928
1265,9,8,0.4196464717388153
1266,0,0,0.5768652558326721
1267,4,4,0.9545307159423828
1268,3,2,0.679641842842102
1269,3,5,0.706816554069519
1270,1,1,0.9191306829452515
1271,8,8,0.9060259461402893
1272,4,7,0.8739824891090393
1273,6,6,0.9192947745323181
1274,3,3,0.5705850720405579
1275,3,3,0.3849932849407196
1276,5,9,0.42367368936538696
1277,2,2,0.3220590353012085
1278,2,2,0.797090470790863
1279,8,9,0.6067663431167603
1280,3,5,0.36083582043647766
1281,8,8,0.9688493609428406
1282,9,9,0.5886751413345337
1283,5,3,0.3951563835144043
1284,8,8,0.9036304950714111
1285,9,8,0.6275616884231567
1286,8,8,0.7720478773117065
1287,9,9,0.6290196776390076
1288,1,1,0.9955810904502869
1289,6,6,0.9524477124214172
1290,5,5,0.6367195248603821
1291,9,1,0.6478005647659302
1292,4,6,0.5105586647987366
1293,4,7,0.5786133408546448
1294,8,2,0.3617231845855713
1295,0,0,0.9534687995910645
1296,7,5,0.477376788854599
1297,2,0,0.8412221074104309
1298,9,9,0.6280063986778259
1299,7,7,0.7111349701881409
1300,4,3,0.6382248401641846
1301,1,1,0.8522276282310486
1302,6,6,0.39710909128189087
1303,4,4,0.33753523230552673
1304,4,4,0.391371488571167
1305,9,9,0.747305154800415
1306,1,2,0.27359241247177124
1307,2,0,0.45136696100234985
1308,5,5,0.35321009159088135
1309,6,6,0.5257709622383118
1310,0,0,0.6788231134414673
1311,8,8,0.9833707809448242
1312,6,6,0.868876576423645
1313,1,1,0.9295223951339722
1314,9,9,0.790580689907074
1315,4,3,0.33538129925727844
1316,5,5,0.9786849021911621
1317,9,9,0.9858437776565552
1318,5,3,0.4912746548652649
1319,0,0,0.844578742980957
1320,7,7,0.6372655630111694
1321,2,3,0.30769532918930054
1322,0,0,0.42168399691581726
1323,0,0,0.3168429136276245
1324,4,2,0.4463564157485962
1325,2,2,0.4448336064815521
1326,6,6,0.48702406883239746
1327,6,6,0.8772273659706116
1328,5,3,0.5811759829521179
1329,5,5,0.5253860354423523
1330,2,5,0.565527617931366
1331,8,8,0.7433207035064697
1332,1,1,0.8755229115486145
1333,7,2,0.47934162616729736
1334,3,2,0.8742630481719971
1335,1,1,0.6291792392730713
1336,4,7,0.6356105804443359
1337,5,5,0.5907648205757141
1338,6,6,0.9784539937973022
1339,5,5,0.49074697494506836
1340,1,1,0.7319626808166504
1341,4,4,0.7977167367935181
1342,7,6,0.24856224656105042
1343,0,0,0.8191605806350708
1344,9,1,0.5700765252113342
1345,4,2,0.5072528719902039
1346,3,9,0.8899374008178711
1347,8,8,0.9582496881484985
1348,2,2,0.4892289340496063
1349,8,8,0.8808602094650269
1350,4,4,0.8188877105712891
1351,7,7,0.9948486089706421
1352,2,2,0.6822088360786438
1353,3,2,0.3529193699359894
1354,1,1,0.8808316588401794
1355,5,3,0.5938469171524048
1356,2,2,0.37672391533851624
1357,9,1,0.4941558539867401
1358,8,8,0.939961850643158
1359,9,9,0.9608218669891357
1360,7,7,0.8986209034919739
1361,9,9,0.9595143795013428
1362,5,5,0.9028369784355164
1363,1,1,0.8439099192619324
1364,4,4,0.7820224165916443
1365,0,0,0.8858696222305298
1366,8,8,0.8858011960983276
1367,2,2,0.48765164613723755
1368,3,3,0.47889918088912964
1369,8,8,0.9922096729278564
1370,9,9,0.7932047247886658
1371,1,1,0.6764577031135559
1372,1,9,0.6825355887413025
1373,3,3,0.49785324931144714
1374,2,0,0.5333328247070312
1375,4,4,0.5890232920646667
1376,9,1,0.761012613773346
1377,3,3,0.30321258306503296
1378,1,0,0.5328091979026794
1379,7,7,0.5913368463516235
1380,4,5,0.3853323459625244
1381,6,9,0.7440369129180908
1382,2,0,0.9912440776824951
1383,8,2,0.41456905007362366
1384,9,9,0.660868227481842
1385,5,5,0.9069622159004211
1386,3,3,0.7915657162666321
1387,9,9,0.5602067708969116
1388,5,5,0.37745052576065063
1389,5,4,0.8508039712905884
1390,6,6,0.9821198582649231
1391,7,2,0.4844415783882141
1392,2,2,0.9831928014755249
1393,4,3,0.27834373712539673
1394,6,5,0.470702201128006
1395,3,6,0.48689958453178406
1396,1,1,0.7553017735481262
1397,0,0,0.9373986721038818
1398,7,0,0.5106518268585205
1399,2,0,0.4155040979385376
1400,5,3,0.46753352880477905
1401,4,3,0.3181966543197632
1402,7,7,0.9926474094390869
1403,6,6,0.4992193877696991
1404,1,1,0.9844455122947693
1405,1,1,0.4739624857902527
1406,9,9,0.9877814054489136
1407,8,8,0.8433088064193726
1408,1,1,0.972499668598175
1409,0,2,0.37311363220214844
1410,1,1,0.6896529197692871
1411,3,5,0.4837280809879303
1412,1,1,0.8728557229042053
1413,1,1,0.9712398052215576
1414,1,1,0.9571778178215027
1415,7,7,0.9057329893112183
1416,3,5,0.48555392026901245
1417,9,9,0.6460119485855103
1418,6,3,0.27313899993896484
1419,8,8,0.9762919545173645
1420,4,7,0.40065574645996094
1421,6,6,0.9086715579032898
1422,8,0,0.4525328576564789
1423,4,4,0.9504349231719971
1424,9,1,0.7131116986274719
1425,4,3,0.49507129192352295
1426,7,7,0.6021941304206848
1427,9,1,0.6243974566459656
1428,7,7,0.9014852643013
1429,6,3,0.34190264344215393
1430,8,8,0.7319081425666809
1431,4,4,0.4357660412788391
1432,9,9,0.9967153072357178
1433,7,7,0.9086719751358032
1434,0,0,0.5796020030975342
1435,1,1,0.772209882736206
1436,6,3,0.7683273553848267
1437,1,1,0.9322512149810791
1438,5,2,0.5428611040115356
1439,9,1,0.9598069190979004
1440,0,2,0.43633684515953064
1441,4,4,0.471343457698822
1442,3,5,0.6757328510284424
1443,4,2,0.4874846041202545
1444,1,1,0.8070743680000305
1445,3,3,0.6039910912513733
1446,0,0,0.668425440788269
1447,8,8,0.7624402642250061
1448,4,4,0.7425731420516968
1449,6,6,0.9836916923522949
1450,2,2,0.8019270896911621
1451,2,6,0.6458117961883545
1452,6,6,0.9642685651779175
1453,5,2,0.49260228872299194
1454,3,5,0.4578210711479187
1455,6,6,0.825599193572998
1456,2,5,0.3759766221046448
1457,1,1,0.9537777900695801
1458,1,0,0.4868454039096832
1459,8,8,0.6748608946800232
1460,6,6,0.8129406571388245
1461,0,0,0.7829245328903198
1462,4,4,0.5911551713943481
1463,0,0,0.697647213935852
1464,1,1,0.5958455204963684
1465,9,1,0.6186150312423706
1466,7,7,0.9397221207618713
1467,1,1,0.9530795812606812
1468,3,5,0.5104078054428101
1469,7,7,0.38743287324905396
1470,7,2,0.6308159828186035
1471,8,8,0.6562731862068176
1472,7,7,0.5107811093330383
1473,7,7,0.9917224049568176
1474,3,7,0.7816547155380249
1475,9,9,0.9187048673629761
1476,7,7,0.8786208629608154
1477,7,7,0.9410048127174377
1478,7,7,0.9283576607704163
1479,2,6,0.4023178517818451
1480,1,1,0.5933111310005188
1481,2,2,0.934240996837616
1482,8,8,0.5462803244590759
1483,6,6,0.9864519834518433
1484,4,4,0.2854965925216675
1485,0,4,0.36488160490989685
1486,7,7,0.9896111488342285
1487,9,1,0.8954583406448364
1488,8,8,0.9659545421600342
1489,6,6,0.8381198048591614
1490,8,8,0.713649570941925
1491,4,6,0.3336118161678314
1492,9,8,0.5160515308380127
1493,1,1,0.5669558048248291
1494,7,7,0.4606287181377411
1495,2,0,0.8512365221977234
1496,2,2,0.7658888697624207
1497,8,8,0.9425076842308044
1498,5,3,0.6677642464637756
1499,8,9,0.5069960355758667
1500,1,1,0.6102225184440613
1501,2,2,0.32718026638031006
1502,2,2,0.9263025522232056
1503,4,5,0.5288065075874329
1504,1,1,0.9045627117156982
1505,2,2,0.7254180908203125
1506,5,7,0.5172994136810303
1507,2,9,0.41893458366394043
1508,8,8,0.9610428810119629
1509,1,1,0.9090480208396912
1510,8,8,0.8517720699310303
1511,1,1,0.919231116771698
1512,8,8,0.5549013018608093
1513,6,5,0.5857154726982117
1514,0,0,0.8466270565986633
1515,2,2,0.7981101870536804
1516,4,2,0.5030357837677002
1517,1,1,0.9877715110778809
1518,3,3,0.8148340582847595
1519,6,6,0.9489649534225464
1520,7,7,0.6327442526817322
1521,7,7,0.46121686697006226
1522,4,2,0.46911418437957764
1523,4,4,0.6073813438415527
1524,3,3,0.6932154297828674
1525,3,3,0.29279011487960815
1526,4,4,0.30444109439849854
1527,5,3,0.4068673551082611
1528,2,2,0.496175080537796
1529,4,4,0.3519951403141022
1530,3,9,0.8383469581604004
1531,7,4,0.28102371096611023
1532,8,8,0.9031550288200378
1533,4,7,0.8375886082649231
1534,4,4,0.5864949822425842
1535,4,4,0.7579834461212158
1536,5,5,0.32029053568840027
1537,4,4,0.30228912830352783
1538,3,8,0.398820161819458
1539,2,2,0.6955642104148865
1540,8,8,0.9982081651687622
1541,4,2,0.5468645691871643
1542,5,5,0.689691424369812
1543,5,5,0.6833969354629517
1544,4,4,0.4538082778453827
1545,1,9,0.805810272693634
1546,4,4,0.8109558820724487
1547,2,0,0.6335580348968506
1548,5,3,0.2762693762779236
1549,1,1,0.7039757966995239
1550,6,6,0.5336387157440186
1551,4,4,0.7020354866981506
1552,3,5,0.5279150605201721
1553,4,4,0.7662104964256287
1554,4,4,0.9077692031860352
1555,0,0,0.43656760454177856
1556,8,8,0.5085234045982361
1557,8,8,0.9861239194869995
1558,4,4,0.5660660266876221
1559,5,5,0.5368711948394775
1560,7,7,0.980635941028595
1561,5,5,0.42540332674980164
1562,6,6,0.943112850189209
1563,9,9,0.7184449434280396
1564,1,1,0.7365259528160095
1565,6,6,0.9260377883911133
1566,7,7,0.9415110349655151
1567,2,2,0.2785094082355499
1568,0,9,0.6522386074066162
1569,1,1,0.9349185228347778
1570,4,7,0.6906742453575134
1571,5,7,0.8580920100212097
1572,6,3,0.5493512749671936
1573,0,0,0.452464759349823
1574,0,9,0.5480714440345764
1575,2,2,0.893244743347168
1576,7,4,0.5721829533576965
1577,5,5,0.26435568928718567
1578,6,6,0.9792070388793945
1579,0,0,0.6112831234931946
1580,6,7,0.3995244801044464
1581,2,8,0.3186876177787781
1582,9,9,0.8899774551391602
1583,1,3,0.29794934391975403
1584,7,7,0.41935399174690247
1585,7,7,0.3987298607826233
1586,5,5,0.8939219117164612
1587,2,0,0.6038379669189453
1588,5,5,0.49508193135261536
1589,6,6,0.9752690196037292
1590,4,4,0.36852654814720154
1591,1,1,0.7386054396629333
1592,4,5,0.30629652738571167
1593,3,3,0.5736435651779175
1594,3,5,0.47298625111579895
1595,3,6,0.39632460474967957
1596,0,7,0.39930397272109985
1597,3,5,0.29660850763320923
1598,5,5,0.7752826809883118
1599,5,5,0.6356695294380188
1600,8,9,0.47687089443206787
1601,9,9,0.7489200234413147
1602,7,7,0.6216946840286255
1603,3,3,0.3990112841129303
1604,1,1,0.9361758828163147
1605,3,2,0.48828190565109253
1606,3,6,0.43016937375068665
1607,3,9,0.837821900844574
1608,4,5,0.41291943192481995
1609,4,4,0.5460549592971802
1610,2,4,0.23523731529712677
1611,3,3,0.8058207631111145
1612,3,1,0.36372050642967224
1613,8,9,0.776921272277832
1614,1,1,0.8787273168563843
1615,7,7,0.5023162961006165
1616,7,7,0.982131838798523
1617,0,0,0.9151424765586853
1618,7,7,0.32027700543403625
1619,4,4,0.44322535395622253
1620,5,5,0.24274374544620514
1621,1,1,0.9423152208328247
1622,4,4,0.3892272114753723
1623,2,4,0.46755698323249817
1624,4,4,0.9360682368278503
1625,3,3,0.3833276033401489
1626,9,4,0.24353915452957153
1627,9,9,0.6498477458953857
1628,4,7,0.6731557250022888
1629,9,9,0.5156946182250977
1630,9,9,0.7984831929206848
1631,1,1,0.9471085667610168
1632,8,8,0.8394914865493774
1633,1,1,0.7309516668319702
1634,6,6,0.8864644765853882
1635,7,7,0.928029477596283
1636,5,5,0.6203901767730713
1637,5,5,0.3328486680984497
1638,4,4,0.48117363452911377
1639,9,9,0.9950343370437622
1640,7,3,0.6114859580993652
1641,6,6,0.9314247965812683
1642,5,4,0.4173314869403839
1643,9,9,0.9246242046356201
1644,2,6,0.39285963773727417
1645,4,4,0.6774184703826904
1646,0,0,0.996640682220459
1647,7,7,0.999618649482727
1648,8,1,0.34128373861312866
1649,5,4,0.26297900080680847
1650,5,5,0.9879046082496643
1651,0,0,0.5573105216026306
1652,0,0,0.7469074130058289
1653,9,1,0.6391527652740479
1654,9,9,0.9916296601295471
1655,8,8,0.989512026309967
1656,2,2,0.6494490504264832
1657,5,5,0.9252327680587769
1658,4,4,0.7296310663223267
1659,8,8,0.7989020943641663
1660,3,4,0.7848150730133057
1661,6,6,0.9534677267074585
1662,3,5,0.5153067708015442
1663,6,6,0.9174429774284363
1664,0,0,0.9152968525886536
1665,6,6,0.9971036314964294
1666,6,6,0.7349919080734253
1667,6,6,0.9199254512786865
1668,9,1,0.6868776082992554
1669,6,6,0.4561334550380707
1670,6,6,0.552068829536438
1671,8,8,0.9682109951972961
1672,6,6,0.8537116050720215
1673,2,2,0.5060457587242126
1674,4,4,0.7771648168563843
1675,5,7,0.2730443775653839
1676,8,8,0.8304725885391235
1677,1,1,0.9924201369285583
1678,2,2,0.8635685443878174
1679,7,7,0.8872783184051514
1680,6,6,0.9391576647758484
1681,5,5,0.3236476182937622
1682,7,7,0.9224748611450195
1683,8,8,0.5857012867927551
1684,1,1,0.3939734399318695
1685,8,4,0.1772405356168747
1686,0,0,0.6440770626068115
1687,8,8,0.572109043598175
1688,6,9,0.35704562067985535
1689,9,8,0.4675305485725403
1690,2,4,0.7377499938011169
1691,8,8,0.9938055276870728
1692,9,9,0.8432688117027283
1693,4,8,0.9859994053840637
1694,0,0,0.972706139087677
1695,9,9,0.9094270467758179
1696,4,0,0.32566431164741516
1697,9,9,0.861984133720398
1698,5,5,0.5776181221008301
1699,7,7,0.5624919533729553
1700,5,4,0.3467269837856293
1701,5,2,0.5870023965835571
1702,9,9,0.8059001564979553
1703,5,5,0.7159826159477234
1704,3,0,0.44795554876327515
1705,0,0,0.7481891512870789
1706,1,1,0.9816389083862305
1707,9,9,0.6657814383506775
1708,7,2,0.3227699398994446
1709,2,2,0.6987409591674805
1710,4,4,0.5416763424873352
1711,1,1,0.8068514466285706
1712,0,0,0.6011598110198975
1713,8,1,0.8364747762680054
1714,0,2,0.5395916104316711
1715,3,5,0.7773626446723938
1716,1,1,0.9354498386383057
1717,7,7,0.9949589371681213
1718,0,8,0.7068751454353333
1719,0,0,0.91661137342453
1720,4,4,0.486642450094223
1721,8,0,0.4857715964317322
1722,6,6,0.8565675020217896
1723,2,5,0.26901236176490784
1724,4,2,0.4967362880706787
1725,0,0,0.9821309447288513
1726,0,0,0.9609266519546509
1727,9,8,0.6681618690490723
1728,0,5,0.23127633333206177
1729,8,8,0.9726856350898743
1730,4,8,0.30550530552864075
1731,5,3,0.5626782178878784
1732,9,9,0.4957176744937897
1733,3,5,0.5069663524627686
1734,9,8,0.4939931333065033
1735,0,0,0.5006225109100342
1736,5,3,0.2606334090232849
1737,6,7,0.3631543517112732
1738,5,5,0.7847066521644592
1739,0,9,0.8654484748840332
1740,1,1,0.828362762928009
1741,4,5,0.3341005742549896
1742,8,8,0.9908061623573303
1743,1,1,0.9959856867790222
1744,0,0,0.9138364195823669
1745,5,5,0.9429972171783447
1746,2,4,0.4806925356388092
1747,1,9,0.6159311532974243
1748,0,0,0.8843653798103333
1749,2,4,0.5236518383026123
1750,8,8,0.969531774520874
1751,1,9,0.7496808767318726
1752,5,5,0.3569631278514862
1753,6,6,0.8797104358673096
1754,7,7,0.884777843952179
1755,7,7,0.9780675768852234
1756,2,3,0.3448362350463867
1757,6,6,0.6367176175117493
1758,2,2,0.8267644643783569
1759,5,3,0.5168843865394592
1760,0,0,0.4659607708454132
1761,1,1,0.4370008409023285
1762,4,4,0.830613911151886
1763,2,0,0.47308191657066345
1764,5,4,0.4982093572616577
1765,4,4,0.5353459119796753
1766,6,4,0.5443456172943115
1767,2,2,0.5620117783546448
1768,2,0,0.8039109110832214
1769,1,0,0.6706492900848389
1770,7,7,0.9537166953086853
1771,2,4,0.7919835448265076
1772,8,9,0.4140670597553253
1773,5,5,0.6868321299552917
1774,5,6,0.4595559239387512
1775,3,0,0.2971172034740448
1776,0,0,0.7263691425323486
1777,4,4,0.7155441641807556
1778,8,8,0.7273699045181274
1779,3,5,0.7491130232810974
1780,7,7,0.5590042471885681
1781,6,6,0.99607914686203
1782,3,2,0.39129117131233215
1783,8,8,0.944837212562561
1784,1,1,0.6281771659851074
1785,0,2,0.8568634390830994
1786,1,0,0.33799153566360474
1787,3,3,0.3858738839626312
1788,3,6,0.8036167621612549
1789,0,4,0.4504466652870178
1790,7,7,0.6352590918540955
1791,4,7,0.6540698409080505
1792,9,9,0.9781158566474915
1793,5,7,0.37629780173301697
1794,3,3,0.3957136273384094
1795,6,6,0.9072139263153076
1796,0,0,0.5647836327552795
1797,1,1,0.9032226204872131
1798,4,4,0.36460503935813904
1799,4,2,0.2807258367538452
1800,4,4,0.7334669828414917
1801,4,4,0.7982958555221558
1802,2,2,0.5964023470878601
1803,2,5,0.45783981680870056
1804,5,3,0.25242143869400024
1805,8,8,0.9903792142868042
1806,1,1,0.870785653591156
1807,5,1,0.2806784212589264
1808,9,1,0.5663053393363953
1809,8,8,0.6044007539749146
1810,1,1,0.899387776851654
1811,1,1,0.9102224111557007
1812,5,5,0.2796120345592499
1813,3,2,0.5658442974090576
1814,9,9,0.7420408129692078
1815,9,9,0.8951494097709656
1816,7,7,0.3562016487121582
1817,6,6,0.9349460601806641
1818,5,5,0.776055634021759
1819,0,0,0.7637875080108643
1820,8,9,0.31399834156036377
1821,4,6,0.41461697220802307
1822,7,2,0.3178243041038513
1823,0,3,0.3641281723976135
1824,9,9,0.9547874927520752
1825,2,2,0.9157228469848633
1826,8,8,0.9113816022872925
1827,4,4,0.9368149042129517
1828,7,7,0.5917347073554993
1829,1,1,0.7317147850990295
1830,3,2,0.37079209089279175
1831,9,9,0.8396595120429993
1832,6,6,0.6988810300827026
1833,8,8,0.986919105052948
1834,9,9,0.500018835067749
1835,0,4,0.5459411144256592
1836,4,2,0.6408703923225403
1837,9,7,0.2746601700782776
1838,6,6,0.2950557768344879
1839,7,7,0.9975748658180237
1840,8,7,0.2506532669067383
1841,9,9,0.6807120442390442
1842,4,4,0.6038811206817627
1843,8,8,0.7991703748703003
1844,9,7,0.38400113582611084
1845,7,7,0.7460252642631531
1846,2,2,0.8894948363304138
1847,5,5,0.5139447450637817
1848,3,3,0.8898094296455383
1849,7,7,0.984743595123291
1850,1,9,0.3009755313396454
1851,0,0,0.931890606880188
1852,2,9,0.2817686200141907
1853,9,9,0.9875520467758179
1854,5,5,0.7253936529159546
1855,5,5,0.9350565075874329
1856,8,8,0.9501594305038452
1857,5,5,0.9185230135917664
1858,4,4,0.3731585144996643
1859,2,2,0.2833435833454132
1860,8,8,0.7961550354957581
1861,3,3,0.5405447483062744
1862,5,5,0.3302365243434906
1863,5,4,0.21059295535087585
1864,7,7,0.9672529101371765
1865,7,7,0.6968260407447815
1866,8,8,0.9769150018692017
1867,6,7,0.3240199387073517
1868,2,7,0.983281672000885
1869,8,8,0.931665301322937
1870,2,2,0.4322148263454437
1871,3,3,0.3693183958530426
1872,5,5,0.547954261302948
1873,6,7,0.2566910684108734
1874,8,8,0.7560045123100281
1875,0,0,0.7980275750160217
1876,2,2,0.6405133605003357
1877,3,4,0.32985493540763855
1878,7,7,0.8613070845603943
1879,0,0,0.8466604948043823
1880,1,9,0.43197712302207947
1881,9,9,0.9281795024871826
1882,1,1,0.8092385530471802
1883,3,4,0.704371452331543
1884,7,4,0.35380661487579346
1885,5,5,0.8776600360870361
1886,8,8,0.34197574853897095
1887,3,5,0.4263225495815277
1888,2,2,0.8686903119087219
1889,9,9,0.915613055229187
1890,6,6,0.4230988323688507
1891,8,8,0.8226754069328308
1892,6,6,0.6964194774627686
1893,9,9,0.7952455282211304
1894,3,3,0.8838467597961426
1895,8,0,0.7719322443008423
1896,9,9,0.9939022064208984
1897,8,8,0.5924689769744873
1898,0,5,0.5515623688697815
1899,7,7,0.8892475962638855
1900,8,8,0.9867886304855347
1901,5,5,0.9305608868598938
1902,0,2,0.48388364911079407
1903,0,0,0.9041439890861511
1904,1,1,0.8466721177101135
1905,3,0,0.28513485193252563
1906,9,3,0.34560784697532654
1907,1,1,0.5038244128227234
1908,5,5,0.5832620859146118
1909,3,5,0.5640357136726379
1910,4,4,0.5958366394042969
1911,4,4,0.5886510014533997
1912,0,0,0.6563867926597595
1913,9,9,0.6708362102508545
1914,9,9,0.8271267414093018
1915,9,9,0.8709506392478943
1916,9,2,0.20321334898471832
1917,8,8,0.9698745608329773
1918,2,7,0.4797305166721344
1919,4,4,0.6338642835617065
1920,2,2,0.47210952639579773
1921,2,0,0.4136867821216583
1922,5,5,0.8871423602104187
1923,1,1,0.5551965832710266
1924,9,3,0.21296580135822296
1925,1,1,0.39546510577201843
1926,0,0,0.4217627942562103
1927,9,9,0.8064825534820557
1928,4,2,0.294946551322937
1929,2,4,0.7448140978813171
1930,1,1,0.609842836856842
1931,6,6,0.6824372410774231
1932,0,0,0.3568282425403595
1933,3,5,0.8858153223991394
1934,7,2,0.3316311538219452
1935,6,4,0.47250595688819885
1936,3,1,0.45898282527923584
1937,1,9,0.543595552444458
1938,8,8,0.5340115427970886
1939,6,3,0.4759002923965454
1940,5,2,0.3709924519062042
1941,7,0,0.501469612121582
1942,2,2,0.704897940158844
1943,8,8,0.9396354556083679
1944,4,4,0.3765838146209717
1945,4,5,0.4564587473869324
1946,8,8,0.9523088932037354
1947,3,3,0.5171870589256287
1948,5,5,0.6141358613967896
1949,0,0,0.6579099297523499
1950,5,5,0.8814935088157654
1951,7,7,0.8604344129562378
1952,4,4,0.8622850179672241
1953,4,0,0.5334643125534058
1954,2,0,0.5712190270423889
1955,2,7,0.9223531484603882
1956,7,7,0.9602415561676025
1957,3,9,0.7746070027351379
1958,6,4,0.3947288990020752
1959,0,8,0.810596227645874
1960,2,5,0.8286869525909424
1961,7,7,0.7295860052108765
1962,6,6,0.9888611435890198
1963,2,0,0.8485885858535767
1964,3,5,0.6437363624572754
1965,0,0,0.8639407157897949
1966,7,7,0.953594446182251
1967,7,7,0.6760331392288208
1968,8,8,0.9762800335884094
1969,1,9,0.8495880961418152
1970,1,1,0.9782596826553345
1971,4,4,0.6510769128799438
1972,6,6,0.38464492559432983
1973,0,0,0.7816905379295349
1974,6,6,0.984423816204071
1975,6,6,0.8219130635261536
1976,5,5,0.967677891254425
1977,5,5,0.314583957195282
1978,6,6,0.9770140051841736
1979,3,3,0.4060264229774475
1980,9,9,0.7288601994514465
1981,3,6,0.47757306694984436
1982,6,6,0.9582756757736206
1983,8,7,0.7171111106872559
1984,7,5,0.5591096878051758
1985,6,6,0.38680681586265564
1986,4,2,0.4866219460964203
1987,9,8,0.41870516538619995
1988,5,5,0.8847083449363708
1989,6,5,0.4744708240032196
1990,4,5,0.3002733588218689
1991,1,1,0.9747840166091919
1992,6,6,0.9592227339744568
1993,3,2,0.3484821617603302
1994,8,9,0.43845152854919434
1995,2,2,0.5676358938217163
1996,3,5,0.2901224195957184
1997,9,9,0.509099543094635
1998,8,2,0.42666834592819214
1999,5,5,0.5966182947158813
2000,1,6,0.8526250720024109
2001,5,3,0.3469851016998291
2002,4,2,0.3352719843387604
2003,5,6,0.6479849815368652
2004,7,7,0.9351344704627991
2005,5,5,0.3837546110153198
2006,7,7,0.9759857058525085
2007,8,8,0.9787952303886414
2008,9,9,0.6903728246688843
2009,1,1,0.666764497756958
2010,7,2,0.363738477230072
2011,2,4,0.3795606195926666
2012,5,5,0.9550160765647888
2013,6,6,0.4080612063407898
2014,8,8,0.9674201011657715
2015,4,6,0.5444648265838623
2016,6,6,0.7292643785476685
2017,5,3,0.2600036859512329
2018,3,3,0.5656331181526184
2019,9,9,0.8259946703910828
2020,9,9,0.9907475709915161
2021,8,8,0.7189723253250122
2022,5,3,0.6454795598983765
2023,5,5,0.5652278661727905
2024,6,6,0.8541402816772461
2025,4,4,0.6031338572502136
2026,5,2,0.3959076404571533
2027,9,0,0.30825793743133545
2028,7,7,0.9897230863571167
2029,3,5,0.5927292704582214
2030,4,6,0.44088131189346313
2031,1,1,0.9671856164932251
2032,4,4,0.6103160381317139
2033,2,2,0.4638490080833435
2034,3,4,0.7356743812561035
2035,6,6,0.9835442900657654
2036,5,3,0.5190510153770447
2037,5,3,0.3368765711784363
2038,2,3,0.45271652936935425
2039,8,8,0.3599447011947632
2040,0,0,0.9004301428794861
2041,0,0,0.918663740158081
2042,1,1,0.9378156065940857
2043,8,8,0.5791993737220764
2044,3,5,0.6111232042312622
2045,1,1,0.7316966652870178
2046,3,3,0.7490193843841553
2047,5,5,0.6666922569274902
2048,8,8,0.9447851777076721
2049,3,4,0.7220597267150879
2050,8,8,0.9646723866462708
2051,5,3,0.49326688051223755
2052,8,8,0.9985924363136292
2053,6,4,0.5032222867012024
2054,3,5,0.6984223127365112
2055,5,5,0.45907628536224365
2056,5,5,0.9246741533279419
2057,5,5,0.5033878087997437
2058,0,8,0.8187804818153381
2059,9,9,0.2539540231227875
2060,5,5,0.5729314684867859
2061,5,5,0.3862065076828003
2062,7,7,0.29686233401298523
2063,1,1,0.948384702205658
2064,8,8,0.9051541090011597
2065,2,3,0.29505547881126404
2066,2,4,0.5575096607208252
2067,7,4,0.7903022766113281
2068,3,5,0.29727089405059814
2069,4,4,0.7001843452453613
2070,2,2,0.9199817776679993
2071,9,9,0.9238904118537903
2072,6,6,0.8036332130432129
2073,2,2,0.5862030386924744
2074,2,2,0.9822283387184143
2075,4,4,0.4359237849712372
2076,3,3,0.6477692127227783
2077,0,0,0.5129223465919495
2078,2,6,0.29689735174179077
2079,0,2,0.8570082187652588
2080,1,9,0.6141815185546875
2081,3,6,0.5607452988624573
2082,2,2,0.8640162944793701
2083,2,3,0.29687169194221497
2084,7,7,0.9855155944824219
2085,0,0,0.4975138008594513
2086,1,1,0.6490252017974854
2087,0,4,0.5240566730499268
2088,7,7,0.8697271347045898
2089,7,7,0.972508430480957
2090,2,2,0.5995551943778992
2091,0,2,0.38928812742233276
2092,1,1,0.9586365818977356
2093,6,6,0.9988849759101868
2094,5,5,0.8457605838775635
2095,0,0,0.4163682162761688
2096,2,9,0.3396294414997101
2097,2,2,0.78592848777771
2098,0,8,0.5191430449485779
2099,1,1,0.951169490814209
2100,2,6,0.3863394856452942
2101,6,6,0.8604945540428162
2102,0,0,0.8991929888725281
2103,1,1,0.6039010286331177
2104,6,6,0.9645776748657227
2105,6,6,0.9562536478042603
2106,5,5,0.2576133906841278
2107,3,3,0.687630832195282
2108,4,3,0.5952157378196716
2109,0,0,0.8018561005592346
2110,0,0,0.4984951615333557
2111,9,1,0.6538810729980469
2112,1,1,0.8371120691299438
2113,0,0,0.9834491610527039
2114,2,7,0.2858351469039917
2115,5,5,0.8315677046775818
2116,9,9,0.9788469672203064
2117,7,7,0.6987395286560059
2118,8,8,0.5525057315826416
2119,6,6,0.967982292175293
2120,4,4,0.2509220838546753
2121,6,6,0.6258597373962402
2122,0,0,0.9407923817634583
2123,2,2,0.6587976813316345
2124,0,0,0.542901873588562
2125,1,9,0.5797963738441467
2126,9,9,0.5933954119682312
2127,2,7,0.4040471911430359
2128,4,6,0.9377904534339905
2129,9,0,0.5175111889839172
2130,0,0,0.3129301071166992
2131,7,7,0.9641446471214294
2132,2,5,0.5102605819702148
2133,3,5,0.5636077523231506
2134,4,4,0.6506941914558411
2135,8,8,0.9837622046470642
2136,0,9,0.27337411046028137
2137,2,4,0.7985613346099854
2138,6,6,0.9631317853927612
2139,8,8,0.5681544542312622
2140,9,9,0.9649317264556885
2141,7,7,0.8798831701278687
2142,1,0,0.4710516333580017
2143,9,9,0.9545771479606628
2144,3,5,0.5032672882080078
2145,7,4,0.9426903128623962
2146,2,2,0.8131378889083862
2147,7,7,0.6228288412094116
2148,9,9,0.9713322520256042
2149,6,6,0.9631714820861816
2150,9,9,0.8420806527137756
2151,5,5,0.2638630270957947
2152,7,7,0.9860515594482422
2153,8,8,0.944911539554596
2154,5,3,0.5244938731193542
2155,9,8,0.7437891960144043
2156,8,8,0.9081721305847168
2157,3,5,0.36568501591682434
2158,9,9,0.7023612260818481
2159,8,4,0.369035005569458
2160,0,8,0.7517784237861633
2161,5,3,0.28195449709892273
2162,5,8,0.40045198798179626
2163,7,7,0.9474305510520935
2164,1,1,0.9863296151161194
2165,2,0,0.662169873714447
2166,0,0,0.5827596783638
2167,7,7,0.4950885474681854
2168,5,2,0.3434341549873352
2169,8,8,0.9399769306182861
2170,2,2,0.9673491716384888
2171,2,5,0.5267372131347656
2172,5,4,0.5906574130058289
2173,3,3,0.4095689356327057
2174,9,9,0.8385302424430847
2175,3,5,0.4519042372703552
2176,1,1,0.49026450514793396
2177,9,9,0.8692481517791748
2178,3,9,0.6802447438240051
2179,1,1,0.5097609162330627
2180,4,4,0.7333271503448486
2181,3,3,0.32606229186058044
2182,4,4,0.6511741280555725
2183,4,4,0.5598607063293457
2184,9,9,0.8699613809585571
2185,0,0,0.6887692809104919
2186,9,1,0.280412882566452
2187,5,7,0.34210675954818726
2188,9,9,0.9974856376647949
2189,2,2,0.9659348130226135
2190,9,1,0.7147006988525391
2191,4,6,0.5685495734214783
2192,0,3,0.2920377552509308
2193,2,0,0.7954409122467041
2194,8,8,0.8846443295478821
2195,4,5,0.47776105999946594
2196,8,8,0.4854869842529297
2197,6,6,0.8182718753814697
2198,8,8,0.8735794425010681
2199,2,3,0.3605007529258728
2200,0,0,0.9285486936569214
2201,5,5,0.560464084148407
2202,9,9,0.9085308313369751
2203,6,3,0.32260507345199585
2204,9,9,0.9521610140800476
2205,5,9,0.7358917593955994
2206,1,9,0.6156709790229797
2207,3,3,0.36689493060112
2208,4,4,0.7756250500679016
2209,4,4,0.6561529636383057
2210,2,0,0.443602055311203
2211,7,7,0.9780239462852478
2212,2,4,0.5664756894111633
2213,4,6,0.7626332640647888
2214,4,4,0.5937159657478333
2215,0,0,0.7525213360786438
2216,2,7,0.7883625626564026
2217,8,8,0.9722899794578552
2218,4,4,0.9656326174736023
2219,5,7,0.5150251984596252
2220,1,1,0.9626274704933167
2221,2,2,0.9706300497055054
2222,6,6,0.8414937257766724
2223,8,8,0.7415533661842346
2224,1,1,0.6049400568008423
2225,7,7,0.9503865838050842
2226,2,6,0.9583914875984192
2227,8,8,0.5424498915672302
2228,7,7,0.7794356942176819
2229,4,4,0.9159632921218872
2230,3,5,0.5561319589614868
2231,3,5,0.44299209117889404
2232,0,3,0.4143736660480499
2233,3,0,0.636204719543457
2234,7,7,0.9532554745674133
2235,2,2,0.7969735264778137
2236,5,8,0.28461289405822754
2237,6,6,0.7744714617729187
2238,1,1,0.9616330862045288
2239,7,7,0.9930944442749023
2240,9,9,0.4374333322048187
2241,0,0,0.48663419485092163
2242,2,3,0.27167218923568726
2243,3,3,0.3638285994529724
2244,9,9,0.7635382413864136
2245,8,8,0.7841161489486694
2246,9,7,0.5332881808280945
2247,5,5,0.6048879623413086
2248,0,8,0.4172147810459137
2249,0,0,0.9810015559196472
2250,7,7,0.3753854036331177
2251,6,3,0.5730155110359192
2252,3,3,0.7473071813583374
2253,3,7,0.41757020354270935
2254,8,8,0.8540332317352295
2255,1,8,0.8254510164260864
2256,4,4,0.8350431323051453
2257,0,0,0.8388105630874634
2258,1,1,0.9598330855369568
2259,5,5,0.6497735977172852
2260,4,4,0.8830787539482117
2261,3,3,0.646315336227417
2262,2,4,0.5324568152427673
2263,6,6,0.9312065839767456
2264,0,7,0.3504977524280548
2265,8,8,0.9131966233253479
2266,8,8,0.9361461400985718
2267,6,6,0.7545366287231445
2268,3,3,0.2719442546367645
2269,3,3,0.5295462608337402
2270,2,4,0.33947980403900146
2271,9,9,0.4655013978481293
2272,7,7,0.8316848278045654
2273,5,5,0.563663899898529
2274,1,1,0.9661350846290588
2275,6,6,0.5016200542449951
2276,0,1,0.5255694389343262
2277,5,5,0.8621360659599304
2278,9,9,0.9591064453125
2279,9,9,0.940294086933136
2280,4,2,0.4293770492076874
2281,5,5,0.9313695430755615
2282,9,9,0.9456942677497864
2283,4,4,0.6318758726119995
2284,8,8,0.8064109086990356
2285,3,3,0.3564377427101135
2286,3,5,0.46109509468078613
2287,2,2,0.578586995601654
2288,5,4,0.5878077745437622
2289,1,1,0.9665501117706299
2290,9,9,0.7624070644378662
2291,5,5,0.9360888004302979
2292,5,5,0.5364710688591003
2293,8,1,0.929423451423645
2294,1,9,0.360398530960083
2295,8,8,0.7633949518203735
2296,9,9,0.9397048354148865
2297,7,7,0.8762412667274475
2298,0,0,0.6898059844970703
2299,6,3,0.8036118149757385
2300,3,2,0.45065614581108093
2301,2,2,0.41095060110092163
2302,0,0,0.9551554918289185
2303,2,2,0.817705512046814
2304,6,6,0.9587027430534363
2305,9,7,0.8046244382858276
2306,3,3,0.7925117015838623
2307,9,9,0.6413417458534241
2308,1,1,0.9742501974105835
2309,6,6,0.26190295815467834
2310,6,5,0.436633437871933
2311,7,7,0.8685682415962219
2312,2,6,0.5548851490020752
2313,6,6,0.4599617123603821
2314,3,5,0.45107120275497437
2315,2,2,0.6759423017501831
2316,5,2,0.6381791234016418
2317,5,5,0.8789541125297546
2318,2,2,0.9003118276596069
2319,7,7,0.5939424633979797
2320,5,2,0.48735377192497253
2321,2,3,0.22328810393810272
2322,0,0,0.5784924626350403
2323,8,1,0.8769622445106506
2324,0,2,0.3657454550266266
2325,7,5,0.44520896673202515
2326,7,7,0.9741723537445068
2327,1,2,0.4555191397666931
2328,7,7,0.962895393371582
2329,4,2,0.40448883175849915
2330,0,0,0.6326542496681213
2331,2,3,0.3994542062282562
2332,2,2,0.775604248046875
2333,6,6,0.9960240125656128
2334,1,1,0.49865609407424927
2335,5,5,0.7260571718215942
2336,9,9,0.7733587622642517
2337,7,7,0.43601709604263306
2338,6,6,0.7476764917373657
2339,2,2,0.6751481294631958
2340,7,7,0.996253490447998
2341,0,0,0.7857893705368042
2342,5,5,0.42112961411476135
2343,6,4,0.4064296782016754
2344,0,0,0.9185094237327576
2345,1,1,0.9299384951591492
2346,1,1,0.9374520778656006
2347,8,8,0.6508296728134155
2348,4,4,0.6125577092170715
2349,5,5,0.7528299689292908
2350,3,5,0.3334852457046509
2351,1,9,0.5197626352310181
2352,2,2,0.6243209838867188
2353,4,4,0.49855348467826843
2354,8,9,0.6268256902694702
2355,9,8,0.5010253190994263
2356,8,8,0.681641697883606
2357,1,9,0.3682798445224762
2358,7,3,0.3736785650253296
2359,2,2,0.46645793318748474
2360,7,7,0.799851655960083
2361,2,2,0.6480689644813538
2362,3,4,0.30293306708335876
2363,2,6,0.8792529106140137
2364,6,6,0.8398256897926331
2365,7,2,0.3644392490386963
2366,9,0,0.5279780626296997
2367,4,4,0.40466657280921936
2368,0,0,0.8702400922775269
2369,1,1,0.9320500493049622
2370,0,0,0.9845617413520813
2371,4,4,0.4209568202495575
2372,5,5,0.41659799218177795
2373,0,0,0.9987694621086121
2374,8,8,0.9663407802581787
2375,0,0,0.547134280204773
2376,7,0,0.4777756929397583
2377,6,6,0.738319993019104
2378,1,1,0.9006493091583252
2379,0,0,0.5172821283340454
2380,8,8,0.556926429271698
2381,5,5,0.8360967636108398
2382,9,9,0.8843602538108826
2383,2,2,0.5968959331512451
2384,5,5,0.5460730791091919
2385,4,5,0.27784255146980286
2386,4,5,0.37350931763648987
2387,9,9,0.5766671299934387
2388,0,0,0.9659169316291809
2389,6,6,0.9234898686408997
2390,1,4,0.36289548873901367
2391,2,4,0.3714652359485626
2392,5,2,0.7214140892028809
2393,1,1,0.7665808200836182
2394,6,6,0.5905128121376038
2395,7,7,0.8627216815948486
2396,1,7,0.2562013864517212
2397,5,2,0.6718963384628296
2398,8,8,0.7740409970283508
2399,8,8,0.9846803545951843
2400,0,0,0.9966915845870972
2401,3,3,0.4282863736152649
2402,9,9,0.9111701846122742
2403,4,6,0.42321163415908813
2404,0,7,0.4565684497356415
2405,3,6,0.9908834099769592
2406,4,4,0.6270089745521545
2407,9,9,0.7174206972122192
2408,2,2,0.9366336464881897
2409,4,2,0.6056186556816101
2410,3,3,0.520663857460022
2411,0,0,0.4952407777309418
2412,6,6,0.7826272249221802
2413,4,6,0.8267213106155396
2414,5,3,0.2764659523963928
2415,6,6,0.5772860050201416
2416,6,9,0.24998003244400024
2417,7,7,0.8885036110877991
2418,8,8,0.9808719158172607
2419,4,4,0.5347884893417358
2420,8,1,0.3082471787929535
2421,8,1,0.538928747177124
2422,3,4,0.41141340136528015
2423,2,6,0.8542081713676453
2424,8,8,0.3320600390434265
2425,0,0,0.8711308240890503
2426,2,2,0.7184072136878967
2427,5,5,0.5710428953170776
2428,6,6,0.9932110905647278
2429,8,8,0.8536553978919983
2430,7,5,0.4181113839149475
2431,8,8,0.7512750625610352
2432,9,0,0.8230531811714172
2433,9,1,0.4994172751903534
2434,0,8,0.5471068620681763
2435,6,4,0.6004489660263062
2436,6,6,0.8762746453285217
2437,8,9,0.5481606721878052
2438,1,1,0.717544436454773
2439,1,1,0.7581132054328918
2440,7,7,0.6367765665054321
2441,4,4,0.43962106108665466
2442,4,3,0.32448071241378784
2443,2,2,0.6093184947967529
2444,3,5,0.4636242687702179
2445,6,6,0.9961327314376831
2446,9,9,0.27973198890686035
2447,6,2,0.2840493619441986
2448,2,2,0.9005800485610962
2449,4,2,0.3238010108470917
2450,1,1,0.9816642999649048
2451,8,8,0.9950129389762878
2452,2,4,0.4900135099887848
2453,3,4,0.8748802542686462
2454,1,1,0.5629612803459167
2455,6,4,0.2787872552871704
2456,8,1,0.4372089207172394
2457,6,6,0.9954825639724731
2458,8,8,0.9153679013252258
2459,5,5,0.9198058247566223
2460,9,9,0.9078810214996338
2461,0,0,0.528523862361908
2462,1,1,0.9792482852935791
2463,0,0,0.9870625138282776
2464,2,2,0.45441603660583496
2465,9,9,0.9909384250640869
2466,2,0,0.5029525756835938
2467,9,9,0.3196922540664673
2468,0,0,0.7590106725692749
2469,9,9,0.8134908080101013
2470,7,7,0.871222734451294
2471,8,8,0.940610408782959
2472,5,6,0.31989553570747375
2473,0,0,0.8059778809547424
2474,6,6,0.8635141253471375
2475,6,6,0.9949605464935303
2476,8,8,0.9949032068252563
2477,1,1,0.6808494925498962
2478,6,6,0.9523701667785645
2479,5,7,0.41037386655807495
2480,8,8,0.7260764837265015
2481,7,7,0.4300197958946228
2482,9,1,0.8200010061264038
2483,2,2,0.33988457918167114
2484,1,1,0.9686019420623779
2485,6,6,0.8292885422706604
2486,7,4,0.7821025848388672
2487,5,5,0.6024653911590576
2488,6,6,0.3935078978538513
2489,3,2,0.451953262090683
2490,0,8,0.5221729874610901
2491,9,0,0.8836955428123474
2492,8,8,0.8283352255821228
2493,9,9,0.7270068526268005
2494,5,3,0.34761711955070496
2495,9,4,0.438422828912735
2496,9,9,0.8013781905174255
2497,9,0,0.535776674747467
2498,3,3,0.4626281261444092
2499,6,2,0.26970764994621277
2500,4,4,0.38749411702156067
2501,4,4,0.8043897747993469
2502,8,8,0.9765540361404419
2503,8,0,0.3729689121246338
2504,1,1,0.9569116234779358
2505,7,7,0.505293071269989
2506,3,0,0.43184801936149597
2507,0,0,0.42124420404434204
2508,6,6,0.7427279353141785
2509,2,4,0.2161237597465515
2510,4,4,0.6393560171127319
2511,8,1,0.5685813426971436
2512,2,2,0.3312249481678009
2513,2,2,0.9672465324401855
2514,9,3,0.4120832085609436
2515,2,2,0.3859995901584625
2516,2,3,0.4238516092300415
2517,9,9,0.6738970279693604
2518,7,7,0.9959498643875122
2519,4,5,0.4974779784679413
2520,1,1,0.6365006566047668
2521,9,5,0.7280023694038391
2522,1,0,0.39522796869277954
2523,4,2,0.29107651114463806
2524,3,3,0.4714735448360443
2525,5,0,0.41428834199905396
2526,3,2,0.5155673623085022
2527,8,8,0.9824339747428894
2528,9,9,0.829323410987854
2529,3,3,0.3556828498840332
2530,6,6,0.9232125282287598
2531,2,2,0.7254794239997864
2532,0,8,0.48811399936676025
2533,8,3,0.6026392579078674
2534,9,9,0.7645559310913086
2535,0,6,0.8055846691131592
2536,5,5,0.891769289970398
2537,1,1,0.9713923335075378
2538,5,2,0.5864655375480652
2539,8,8,0.6049245595932007
2540,2,2,0.4404667317867279
2541,1,1,0.9550715088844299
2542,2,8,0.8854541182518005
2543,3,5,0.4735947847366333
2544,2,2,0.5077135562896729
2545,4,7,0.6313380002975464
2546,8,8,0.96591717004776
2547,4,4,0.4601794183254242
2548,0,0,0.3888400197029114
2549,6,6,0.745323896408081
2550,4,4,0.3909001350402832
2551,2,2,0.41159558296203613
2552,9,9,0.994787335395813
2553,8,8,0.8956598043441772
2554,4,4,0.6300143003463745
2555,7,9,0.7672125101089478
2556,6,6,0.7564541101455688
2557,2,7,0.2965123653411865
2558,4,2,0.6776934266090393
2559,7,7,0.9198329448699951
2560,7,7,0.7722442150115967
2561,6,6,0.9970378875732422
2562,4,4,0.662490725517273
2563,2,2,0.8270651698112488
2564,2,2,0.8276098370552063
2565,3,5,0.3839503228664398
2566,2,2,0.6008719801902771
2567,4,3,0.3841407299041748
2568,9,7,0.3736874759197235
2569,0,0,0.9850485920906067
2570,0,5,0.44902145862579346
2571,9,9,0.8564937114715576
2572,6,6,0.8747685551643372
2573,5,7,0.6374067664146423
2574,8,8,0.9882147312164307
2575,5,4,0.6023016571998596
2576,2,2,0.4271543622016907
2577,4,4,0.8692860007286072
2578,8,5,0.42289766669273376
2579,8,0,0.298666387796402
2580,6,5,0.2713656723499298
2581,4,4,0.5599563121795654
2582,5,5,0.6439134478569031
2583,7,7,0.9763161540031433
2584,6,6,0.9349150061607361
2585,3,5,0.8175548911094666
2586,7,3,0.35542383790016174
2587,0,0,0.527765154838562
2588,4,4,0.5720548033714294
2589,0,2,0.5320496559143066
2590,5,3,0.35850200057029724
2591,8,8,0.8490520715713501
2592,2,4,0.4589333236217499
2593,8,8,0.9829728603363037
2594,0,0,0.9682422876358032
2595,4,4,0.7241793870925903
2596,9,1,0.6262711882591248
2597,2,5,0.42303743958473206
2598,3,5,0.7798560261726379
2599,6,6,0.4469985365867615
2600,8,8,0.5124149322509766
2601,1,1,0.9892963767051697
2602,6,6,0.9986648559570312
2603,0,1,0.40184250473976135
2604,8,8,0.8618147373199463
2605,4,4,0.3768814206123352
2606,3,3,0.3954254984855652
2607,1,1,0.923057496547699
2608,4,4,0.548265814781189
2609,5,7,0.3399200141429901
2610,2,2,0.9334189295768738
2611,4,4,0.6785820722579956
2612,3,5,0.5429438352584839
2613,6,4,0.48148971796035767
2614,0,0,0.9774035215377808
2615,7,7,0.993878960609436
2616,1,1,0.9388349056243896
2617,3,3,0.31753700971603394
2618,5,5,0.7478103041648865
2619,7,7,0.5058748126029968
2620,1,1,0.934980034828186
2621,8,8,0.9947309494018555
2622,0,2,0.4604102373123169
2623,4,4,0.49204573035240173
2624,8,8,0.8555908799171448
2625,2,2,0.7717034816741943
2626,7,7,0.41738447546958923
2627,7,7,0.8527759909629822
2628,0,0,0.9688138961791992
2629,2,4,0.41724827885627747
2630,2,2,0.5671043992042542
2631,4,4,0.8814630508422852
2632,3,4,0.44679930806159973
2633,3,2,0.279375821352005
2634,1,7,0.5245274901390076
2635,6,4,0.870792031288147
2636,1,1,0.7710420489311218
2637,6,6,0.9287936687469482
2638,4,4,0.310932993888855
2639,6,6,0.7562426924705505
2640,7,4,0.4144289195537567
2641,4,4,0.4805384576320648
2642,7,6,0.3772525191307068
2643,3,7,0.34080973267555237
2644,8,8,0.4469093382358551
2645,1,1,0.9873183369636536
2646,3,5,0.44571805000305176
2647,1,1,0.6614671945571899
2648,4,4,0.4571380317211151
2649,6,6,0.9081546068191528
2650,5,2,0.3883160948753357
2651,5,0,0.7659760117530823
2652,7,7,0.9897511601448059
2653,4,0,0.8094765543937683
2654,5,5,0.5773528218269348
2655,4,0,0.40889811515808105
2656,9,9,0.7658950090408325
2657,7,5,0.2544451057910919
2658,7,7,0.9959207773208618
2659,2,2,0.4927258789539337
2660,3,5,0.5830113291740417
2661,3,3,0.3513328731060028
2662,6,2,0.25713008642196655
2663,7,7,0.7583497166633606
2664,4,4,0.8388528227806091
2665,1,1,0.9792338609695435
2666,6,6,0.5046342015266418
2667,1,1,0.9973263740539551
2668,0,0,0.3499683141708374
2669,6,6,0.9886821508407593
2670,9,9,0.8260071277618408
2671,6,6,0.44812941551208496
2672,0,0,0.3350086808204651
2673,2,4,0.46019506454467773
2674,0,0,0.421686053276062
2675,2,4,0.6604589819908142
2676,4,6,0.5133383274078369
2677,7,7,0.820557177066803
2678,0,0,0.3788031339645386
2679,0,0,0.9439623355865479
2680,0,0,0.970015287399292
2681,0,2,0.5103545188903809
2682,7,7,0.542711615562439
2683,5,5,0.9054332375526428
2684,3,3,0.5539417266845703
2685,2,4,0.5185418128967285
2686,7,7,0.8287292718887329
2687,8,8,0.988050639629364
2688,5,3,0.6574957370758057
2689,5,5,0.5893032550811768
2690,2,1,0.2777777910232544
2691,2,2,0.971013605594635
2692,8,8,0.9736590385437012
2693,9,9,0.9734417796134949
2694,1,1,0.8743642568588257
2695,2,6,0.6258692741394043
2696,2,2,0.3647894561290741
2697,0,8,0.531112015247345
2698,3,3,0.7526137232780457
2699,4,4,0.7148182392120361
2700,9,9,0.5297335982322693
2701,1,0,0.8213830590248108
2702,6,4,0.4016702175140381
2703,9,0,0.6749561429023743
2704,0,9,0.25706446170806885
2705,8,0,0.7563555836677551
2706,3,3,0.4069833755493164
2707,6,4,0.4011143147945404
2708,4,4,0.5713549256324768
2709,6,6,0.5251529216766357
2710,7,7,0.9725667238235474
2711,5,5,0.47275444865226746
2712,1,1,0.8599138855934143
2713,8,8,0.952107310295105
2714,9,0,0.5759531855583191
2715,0,0,0.9934116005897522
2716,5,9,0.29647889733314514
2717,0,2,0.34789055585861206
2718,5,2,0.6527144908905029
2719,4,5,0.7959709167480469
2720,3,3,0.401366651058197
2721,8,6,0.7950146794319153
2722,5,4,0.6231673955917358
2723,2,8,0.45604145526885986
2724,0,0,0.985423743724823
2725,8,8,0.9444308876991272
2726,5,5,0.8720167875289917
2727,9,8,0.5347520112991333
2728,2,5,0.5030891299247742
2729,5,3,0.5812045931816101
2730,6,6,0.9790762662887573
2731,5,5,0.8288546204566956
2732,7,7,0.9958319067955017
2733,3,7,0.31596049666404724
2734,7,7,0.9906200170516968
2735,2,2,0.30917561054229736
2736,8,8,0.635090708732605
2737,8,0,0.7751258611679077
2738,4,4,0.4204070568084717
2739,2,2,0.8046391606330872
2740,1,1,0.44720444083213806
2741,6,6,0.9677324891090393
2742,2,5,0.8429555296897888
2743,9,9,0.7944597005844116
2744,9,9,0.9718824625015259
2745,8,8,0.9714912176132202
2746,2,2,0.6026017069816589
2747,3,1,0.2992931604385376
2748,1,1,0.9736390113830566
2749,0,0,0.986228346824646
2750,5,7,0.5572578310966492
2751,2,5,0.43889471888542175
2752,3,5,0.31837162375450134
2753,7,7,0.9260748028755188
2754,9,6,0.6210149526596069
2755,5,7,0.42208361625671387
2756,9,9,0.9114543199539185
2757,1,1,0.44733282923698425
2758,1,9,0.7730863094329834
2759,3,3,0.48073089122772217
2760,2,2,0.4138568341732025
2761,7,7,0.9936076402664185
2762,4,2,0.7860394716262817
2763,4,4,0.9234501123428345
2764,1,1,0.8922216296195984
2765,9,9,0.7105785012245178
2766,4,4,0.9011411070823669
2767,5,7,0.36742207407951355
2768,5,2,0.6024657487869263
2769,2,9,0.5613237023353577
2770,7,4,0.40649160742759705
2771,7,4,0.49456897377967834
2772,6,6,0.9381957650184631
2773,1,1,0.611423671245575
2774,2,5,0.7272069454193115
2775,3,3,0.5477601885795593
2776,7,7,0.793891429901123
2777,5,5,0.6078752875328064
2778,4,7,0.6250532865524292
2779,3,6,0.26849257946014404
2780,7,7,0.5605172514915466
2781,7,2,0.34604397416114807
2782,0,1,0.32090404629707336
2783,0,0,0.5313922166824341
2784,1,1,0.7048033475875854
2785,4,2,0.8533573746681213
2786,4,4,0.5921437740325928
2787,3,2,0.41410133242607117
2788,7,7,0.22816792130470276
2789,9,1,0.5766055583953857
2790,8,8,0.7932656407356262
2791,7,7,0.9755448698997498
2792,0,0,0.9951810240745544
2793,9,9,0.986207127571106
2794,0,0,0.3477568030357361
2795,3,3,0.3169310390949249
2796,7,7,0.9869822859764099
2797,6,6,0.5726069808006287
2798,3,5,0.8220184445381165
2799,8,1,0.49575647711753845
2800,4,4,0.7993621826171875
2801,5,5,0.6998608112335205
2802,6,6,0.9979438185691833
2803,5,5,0.8296611309051514
2804,3,2,0.2577330470085144
2805,4,4,0.9041205644607544
2806,2,2,0.349694162607193
2807,9,9,0.9071369171142578
2808,2,3,0.31198668479919434
2809,4,4,0.5433228015899658
2810,9,7,0.3260531723499298
2811,2,2,0.475582093000412
2812,0,0,0.7989809513092041
2813,1,1,0.955722451210022
2814,1,9,0.6241112947463989
2815,3,1,0.2569264769554138
2816,7,7,0.6755867600440979
2817,9,9,0.8625224828720093
2818,5,6,0.40447795391082764
2819,1,1,0.9832134246826172
2820,6,6,0.9133759140968323
2821,0,7,0.792878270149231
2822,3,5,0.6993870735168457
2823,3,3,0.45289483666419983
2824,7,7,0.9188959002494812
2825,2,6,0.6856780052185059
2826,4,4,0.654150664806366
2827,5,5,0.8459867238998413
2828,2,4,0.4864981472492218
2829,3,6,0.8994930982589722
2830,6,6,0.9756873846054077
2831,3,0,0.4007946252822876
2832,3,3,0.46112820506095886
2833,0,0,0.969974160194397
2834,4,4,0.6923303008079529
2835,4,5,0.2533697783946991
2836,3,8,0.3925626575946808
2837,8,8,0.8844056725502014
2838,1,0,0.4670873284339905
2839,2,5,0.4887603223323822
2840,3,3,0.4542735517024994
2841,2,2,0.5728673338890076
2842,7,4,0.43682798743247986
2843,1,8,0.5351552367210388
2844,4,3,0.3873959183692932
2845,5,2,0.6686416268348694
2846,6,6,0.9748243093490601
2847,8,0,0.34232237935066223
2848,6,6,0.304527223110199
2849,6,6,0.4154435992240906
2850,5,5,0.7906302809715271
2851,4,4,0.40133994817733765
2852,2,2,0.5275552272796631
2853,9,9,0.726738691329956
2854,9,7,0.720055878162384
2855,3,5,0.48426690697669983
2856,2,2,0.4399119019508362
2857,0,0,0.9326645731925964
2858,4,4,0.6055262088775635
2859,1,1,0.5478528738021851
2860,5,5,0.7346224784851074
2861,5,3,0.43378397822380066
2862,6,6,0.8571426272392273
2863,6,6,0.8978081941604614
2864,5,5,0.9659684300422668
2865,6,6,0.9371089935302734
2866,9,9,0.9387512803077698
2867,7,3,0.3108808994293213
2868,9,2,0.31346818804740906
2869,4,4,0.42925524711608887
2870,8,8,0.9845154285430908
2871,3,3,0.635382890701294
2872,1,1,0.794304609298706
2873,9,9,0.5411309003829956
2874,8,8,0.5074223875999451
2875,1,9,0.5209316611289978
2876,9,8,0.33195605874061584
2877,0,0,0.7331575751304626
2878,3,4,0.31725096702575684
2879,0,2,0.47824323177337646
2880,4,4,0.976726770401001
2881,7,7,0.5543723106384277
2882,7,7,0.9203523993492126
2883,2,2,0.9859636425971985
2884,6,6,0.5536753535270691
2885,5,5,0.827713131904602
2886,6,6,0.768534779548645
2887,9,9,0.8915204405784607
2888,7,3,0.5629474520683289
2889,7,5,0.6837422847747803
2890,5,5,0.7647252678871155
2891,7,7,0.42720890045166016
2892,0,7,0.36953961849212646
2893,8,8,0.9932071566581726
2894,6,6,0.8303945064544678
2895,7,5,0.7354997396469116
2896,8,8,0.9771906137466431
2897,3,3,0.7272857427597046
2898,8,6,0.5132187604904175
2899,9,4,0.3270787298679352
2900,3,5,0.6820945739746094
2901,2,2,0.894041121006012
2902,9,9,0.7867416739463806
2903,2,2,0.4490804374217987
2904,7,7,0.9853339195251465
2905,4,4,0.8192341327667236
2906,1,9,0.23043420910835266
2907,9,9,0.8312118053436279
2908,7,7,0.6723612546920776
2909,0,0,0.7227978110313416
2910,8,7,0.7584390640258789
2911,1,1,0.9274844527244568
2912,2,4,0.40919244289398193
2913,0,0,0.7390677332878113
2914,6,6,0.6195412874221802
2915,5,5,0.9559880495071411
2916,1,1,0.7862311005592346
2917,4,4,0.9880675077438354
2918,2,2,0.8266277313232422
2919,8,8,0.9863446950912476
2920,2,2,0.7551456689834595
2921,8,8,0.9894178509712219
2922,3,3,0.7152692675590515
2923,3,7,0.3841475248336792
2924,1,1,0.9670374393463135
2925,4,4,0.3251866102218628
2926,9,9,0.9130465388298035
2927,8,8,0.8950878977775574
2928,1,1,0.99143385887146
2929,1,1,0.9093179106712341
2930,7,4,0.2627675533294678
2931,9,9,0.9490888118743896
2932,9,9,0.5477310419082642
2933,4,4,0.6694691777229309
2934,6,6,0.5097974538803101
2935,8,8,0.7224429249763489
2936,5,5,0.7113162279129028
2937,3,3,0.5352733731269836
2938,2,2,0.42971688508987427
2939,2,2,0.5566765069961548
2940,3,2,0.6964733600616455
2941,8,8,0.5010165572166443
2942,5,5,0.9780626893043518
2943,1,1,0.9425569772720337
2944,9,9,0.5999109745025635
2945,7,7,0.7446561455726624
2946,9,9,0.8745152354240417
2947,1,1,0.7965384721755981
2948,5,4,0.4721168577671051
2949,3,4,0.33415451645851135
2950,1,1,0.6762062907218933
2951,0,0,0.6572014093399048
2952,3,3,0.4517412483692169
2953,8,8,0.9897907376289368
2954,9,9,0.7280123829841614
2955,2,5,0.6397694945335388
2956,0,0,0.6798952221870422
2957,8,8,0.5575117468833923
2958,0,8,0.7235327363014221
2959,7,0,0.45867931842803955
2960,9,9,0.8317487835884094
2961,4,4,0.6596627831459045
2962,8,8,0.487966924905777
2963,3,2,0.27331817150115967
2964,0,8,0.8214339017868042
2965,7,7,0.7350006699562073
2966,0,2,0.3320751488208771
2967,7,7,0.7631722688674927
2968,0,0,0.708238422870636
2969,5,5,0.6123545169830322
2970,5,2,0.37995028495788574
2971,4,4,0.9135482907295227
2972,3,3,0.27667665481567383
2973,0,0,0.9081006646156311
2974,9,9,0.97200608253479
2975,9,4,0.42508694529533386
2976,0,7,0.3294799327850342
2977,2,6,0.3961784541606903
2978,2,7,0.3415679335594177
2979,0,0,0.9221454858779907
2980,8,8,0.9393971562385559
2981,4,4,0.4534928500652313
2982,4,4,0.9559223651885986
2983,5,5,0.8155539631843567
2984,2,6,0.40226051211357117
2985,2,9,0.8152683973312378
2986,1,8,0.8958956003189087
2987,1,3,0.40365922451019287
2988,5,4,0.4502292275428772
2989,5,4,0.6006375551223755
2990,4,4,0.6283214688301086
2991,3,3,0.5597977042198181
2992,4,8,0.6272814869880676
2993,0,0,0.45607998967170715
2994,8,8,0.9507806301116943
2995,4,4,0.436865895986557
2996,8,8,0.9483593106269836
2997,2,5,0.7378814220428467
2998,5,5,0.9061574935913086
2999,6,4,0.5325043201446533
3000,5,5,0.9815701246261597
3001,1,1,0.9977053999900818
3002,7,7,0.5181682109832764
3003,2,3,0.36651769280433655
3004,4,4,0.7457693815231323
3005,0,2,0.5791693925857544
3006,5,5,0.5810317993164062
3007,6,6,0.9783228635787964
3008,8,8,0.4904507100582123
3009,7,7,0.7313138842582703
3010,6,6,0.9847811460494995
3011,3,2,0.3244090676307678
3012,1,9,0.6361901164054871
3013,3,3,0.2961755394935608
3014,6,8,0.2522028386592865
3015,6,6,0.9610543251037598
3016,4,4,0.3180079460144043
3017,5,5,0.9094914793968201
3018,5,5,0.5328176617622375
3019,5,5,0.3656390905380249
3020,1,1,0.9422588348388672
3021,8,9,0.2788970172405243
3022,7,7,0.8730912804603577
3023,3,5,0.7705718278884888
3024,0,0,0.9517167806625366
3025,2,6,0.6643689274787903
3026,5,7,0.8671727776527405
3027,1,1,0.9898172616958618
3028,1,1,0.862368106842041
3029,1,1,0.6519938707351685
3030,6,6,0.8198187947273254
3031,7,5,0.5331576466560364
3032,2,1,0.6722174882888794
3033,1,9,0.5198358297348022
3034,2,2,0.8520723581314087
3035,3,5,0.4371248185634613
3036,9,9,0.8960190415382385
3037,8,8,0.7926859855651855
3038,3,0,0.31041157245635986
3039,1,8,0.3135007917881012
3040,7,7,0.9957712292671204
3041,4,4,0.5676407814025879
3042,8,8,0.9295414686203003
3043,4,6,0.4004296064376831
3044,7,7,0.72282475233078
3045,5,7,0.6997965574264526
3046,8,8,0.8750187754631042
3047,6,6,0.48923659324645996
3048,0,0,0.7601540684700012
3049,3,3,0.6501961946487427
3050,0,0,0.5396223664283752
3051,8,2,0.6868300437927246
3052,3,2,0.4920249283313751
3053,4,5,0.49819621443748474
3054,4,9,0.427737832069397
3055,9,1,0.3612881898880005
3056,4,5,0.47550007700920105
3057,6,6,0.9645137786865234
3058,1,1,0.996005117893219
3059,5,3,0.4085012376308441
3060,7,5,0.5345607995986938
3061,7,7,0.5709717869758606
3062,9,9,0.8825498223304749
3063,0,0,0.646908164024353
3064,1,1,0.8462783694267273
3065,3,3,0.4977198839187622
3066,1,0,0.47370174527168274
3067,3,4,0.7009072303771973
3068,2,0,0.6738467216491699
3069,4,4,0.47584545612335205
3070,0,0,0.6972876191139221
3071,7,7,0.6719251871109009
3072,8,1,0.9679757952690125
3073,3,5,0.4082915782928467
3074,1,1,0.9714025855064392
3075,6,3,0.6072806715965271
3076,2,2,0.7544462084770203
3077,1,1,0.8252152800559998
3078,8,8,0.8922907114028931
3079,8,9,0.4285912811756134
3080,1,1,0.7407638430595398
3081,9,9,0.9014553427696228
3082,7,7,0.5416440367698669
3083,5,3,0.4559177756309509
3084,3,3,0.4430442154407501
3085,2,2,0.3787163496017456
3086,9,9,0.9723029732704163
3087,0,0,0.749783992767334
3088,6,4,0.750786304473877
3089,8,0,0.5271572470664978
3090,4,4,0.5818555355072021
3091,1,8,0.37876078486442566
3092,5,7,0.6311540603637695
3093,7,7,0.7349752187728882
3094,2,0,0.6047484278678894
3095,4,5,0.26061302423477173
3096,7,7,0.9847326874732971
3097,0,0,0.5106407403945923
3098,4,4,0.6482205390930176
3099,9,9,0.8001086711883545
3100,0,2,0.4866742193698883
3101,7,7,0.9981237053871155
3102,0,4,0.3478858172893524
3103,6,6,0.7612361311912537
3104,7,7,0.9901242852210999
3105,1,1,0.7637730240821838
3106,8,8,0.8457391858100891
3107,5,7,0.3900001049041748
3108,8,5,0.28365105390548706
3109,8,3,0.3950338363647461
3110,7,5,0.5594025254249573
3111,0,0,0.7563542723655701
3112,0,0,0.8443872332572937
3113,3,4,0.2825217545032501
3114,2,0,0.4376833736896515
3115,5,3,0.5792303085327148
3116,7,7,0.8789660930633545
3117,0,0,0.5588474273681641
3118,6,6,0.8783273100852966
3119,4,3,0.33556514978408813
3120,4,4,0.6890998482704163
3121,9,9,0.7680749297142029
3122,1,1,0.5587939620018005
3123,8,8,0.946208119392395
3124,6,6,0.6628991961479187
3125,3,3,0.7064070105552673
3126,9,9,0.9791703224182129
3127,4,6,0.2254321426153183
3128,9,9,0.9210174083709717
3129,3,3,0.5847885012626648
3130,3,5,0.6214271187782288
3131,7,4,0.401069313287735
3132,5,5,0.7847594618797302
3133,9,9,0.2716900110244751
3134,7,7,0.9971423745155334
3135,7,5,0.46230512857437134
3136,4,4,0.8409316539764404
3137,5,5,0.7278264164924622
3138,8,8,0.9346126914024353
3139,2,8,0.38764727115631104
3140,8,8,0.6956049203872681
3141,9,9,0.9888136982917786
3142,5,5,0.5909549593925476
3143,3,3,0.4282124936580658
3144,1,1,0.994472324848175
3145,9,9,0.4857633113861084
3146,2,2,0.5627304911613464
3147,2,2,0.8092160820960999
3148,0,0,0.5325788855552673
3149,1,9,0.7267890572547913
3150,1,9,0.7083513140678406
3151,8,8,0.9455685019493103
3152,1,1,0.9885249733924866
3153,1,1,0.9707397818565369
3154,9,0,0.6586598753929138
3155,8,8,0.923957347869873
3156,9,9,0.9858403205871582
3157,9,9,0.9991925358772278
3158,0,0,0.5901862978935242
3159,2,2,0.8724169135093689
3160,6,2,0.8025810718536377
3161,9,0,0.3436972200870514
3162,1,1,0.9066146612167358
3163,9,9,0.7071406245231628
3164,0,2,0.8171312212944031
3165,1,1,0.6307826638221741
3166,9,9,0.9316100478172302
3167,2,4,0.38513070344924927
3168,9,4,0.5748317837715149
3169,9,9,0.5800460577011108
3170,9,9,0.6355747580528259
3171,0,1,0.7808188796043396
3172,9,8,0.44941362738609314
3173,9,9,0.8889666795730591
3174,2,6,0.29116031527519226
3175,1,1,0.9881924986839294
3176,7,7,0.9936356544494629
3177,0,2,0.5707792639732361
3178,5,4,0.32630297541618347
3179,6,6,0.8305163383483887
3180,3,3,0.3311714231967926
3181,9,9,0.4677663743495941
3182,8,8,0.9813867211341858
3183,3,3,0.633762538433075
3184,0,0,0.835357129573822
3185,2,6,0.38774755597114563
3186,7,7,0.3102031648159027
3187,7,7,0.9924697279930115
3188,4,5,0.6132054924964905
3189,8,8,0.9953175783157349
3190,3,3,0.5734485387802124
3191,0,8,0.6221721768379211
3192,5,2,0.5286582112312317
3193,2,4,0.6547371745109558
3194,3,5,0.4911860525608063
3195,5,5,0.26699137687683105
3196,7,7,0.8276151418685913
3197,6,6,0.9637193083763123
3198,6,6,0.7023037672042847
3199,6,6,0.9912336468696594
3200,5,5,0.34009459614753723
3201,6,6,0.7061384320259094
3202,5,4,0.307727187871933
3203,4,4,0.7746012210845947
3204,5,3,0.3668040633201599
3205,8,8,0.7344219088554382
3206,8,0,0.5721957087516785
3207,0,0,0.7125318646430969
3208,9,9,0.9930261373519897
3209,7,4,0.1939634531736374
3210,9,9,0.9198251962661743
3211,0,9,0.5034323930740356
3212,6,6,0.9714242815971375
3213,9,9,0.9805262684822083
3214,6,6,0.252963662147522
3215,1,1,0.8503521084785461
3216,4,5,0.5891208648681641
3217,7,7,0.9784457683563232
3218,9,7,0.2846287786960602
3219,0,6,0.8061577081680298
3220,3,7,0.23661093413829803
3221,5,5,0.48751163482666016
3222,4,7,0.40863558650016785
3223,7,7,0.9749436378479004
3224,6,6,0.9853402972221375
3225,9,9,0.9658495187759399
3226,8,0,0.5176674127578735
3227,2,4,0.5616945624351501
3228,3,3,0.4764661490917206
3229,9,8,0.688042163848877
3230,3,4,0.3912990093231201
3231,3,3,0.7149478197097778
3232,7,7,0.8879093527793884
3233,8,8,0.8855544924736023
3234,3,3,0.6104611158370972
3235,5,5,0.4075728952884674
3236,5,2,0.3221161961555481
3237,9,9,0.7343159317970276
3238,6,6,0.781960129737854
3239,1,1,0.9677715301513672
3240,4,0,0.4012129008769989
3241,7,7,0.9951812624931335
3242,4,4,0.419840008020401
3243,8,8,0.9713795185089111
3244,7,7,0.9755808711051941
3245,7,7,0.9618802666664124
3246,1,8,0.5214592814445496
3247,3,5,0.480387419462204
3248,0,0,0.9354231357574463
3249,3,3,0.2554689049720764
3250,2,6,0.37281736731529236
3251,5,5,0.8250370621681213
3252,4,4,0.6867709159851074
3253,9,9,0.6355756521224976
3254,3,2,0.49821656942367554
3255,5,5,0.39132440090179443
3256,4,4,0.856259822845459
3257,7,7,0.982506513595581
3258,0,8,0.3393442928791046
3259,3,3,0.6268165707588196
3260,7,7,0.8874348998069763
3261,0,0,0.9948804378509521
3262,2,7,0.5468009114265442
3263,1,1,0.9217285513877869
3264,5,8,0.21198613941669464
3265,8,8,0.9040167331695557
3266,7,7,0.9042350053787231
3267,3,5,0.8975418210029602
3268,5,5,0.9358431696891785
3269,7,7,0.9706546068191528
3270,8,8,0.6517007946968079
3271,5,6,0.6595985293388367
3272,7,7,0.9801310896873474
3273,8,9,0.6349824666976929
3274,1,9,0.6706499457359314
3275,5,7,0.37023067474365234
3276,4,7,0.5182616710662842
3277,7,7,0.989268958568573
3278,0,0,0.5811972618103027
3279,8,8,0.6168043613433838
3280,3,5,0.5952255129814148
3281,2,2,0.9533388614654541
3282,9,7,0.3900073170661926
3283,7,2,0.6959431767463684
3284,4,4,0.4548495411872864
3285,1,1,0.46068355441093445
3286,6,6,0.9774121046066284
3287,5,5,0.37143152952194214
3288,9,9,0.5080310106277466
3289,8,8,0.9745644330978394
3290,5,5,0.9464036822319031
3291,5,5,0.5281927585601807
3292,4,4,0.8047345876693726
3293,1,1,0.9550724029541016
3294,0,0,0.9957895874977112
3295,9,9,0.9920307397842407
3296,4,4,0.8700505495071411
3297,4,5,0.2350691258907318
3298,3,5,0.4889970123767853
3299,0,2,0.5296646356582642
3300,4,6,0.4369385242462158
3301,8,0,0.22603803873062134
3302,0,0,0.7280926704406738
3303,8,8,0.8875612616539001
3304,2,2,0.6708849668502808
3305,9,9,0.9854356646537781
3306,5,3,0.47097906470298767
3307,9,9,0.997897744178772
3308,7,7,0.6559239625930786
3309,4,2,0.31619271636009216
3310,6,4,0.47536325454711914
3311,7,9,0.71773362159729
3312,9,2,0.3471848964691162
3313,2,2,0.6917916536331177
3314,9,1,0.6710027456283569
3315,3,5,0.5450336337089539
3316,7,7,0.9755808711051941
3317,7,7,0.9853783845901489
3318,8,8,0.6375006437301636
3319,2,2,0.49812841415405273
3320,2,7,0.2979849576950073
3321,0,2,0.8091442584991455
3322,2,5,0.8715618848800659
3323,5,5,0.9113543033599854
3324,3,6,0.6326764822006226
3325,6,7,0.4966711103916168
3326,4,4,0.6643131375312805
3327,7,3,0.3136785924434662
3328,2,2,0.7141875624656677
3329,3,3,0.40174025297164917
3330,7,7,0.4809991717338562
3331,8,8,0.9926007390022278
3332,7,7,0.9509448409080505
3333,2,2,0.947442889213562
3334,5,2,0.36981919407844543
3335,0,0,0.4388585686683655
3336,0,0,0.604819118976593
3337,7,7,0.9231747388839722
3338,0,0,0.3578399121761322
3339,9,3,0.381243497133255
3340,6,6,0.5739012360572815
3341,1,1,0.9668717384338379
3342,0,8,0.7151944041252136
3343,3,5,0.42536458373069763
3344,9,0,0.3639037609100342
3345,7,7,0.9919599890708923
3346,4,0,0.30448129773139954
3347,9,9,0.7928740978240967
3348,1,1,0.7427647709846497
3349,6,2,0.45976337790489197
3350,8,8,0.812548041343689
3351,1,1,0.9432663321495056
3352,2,2,0.3203505277633667
3353,3,3,0.5875512957572937
3354,3,2,0.24173575639724731
3355,5,3,0.2662983536720276
3356,4,4,0.3619564175605774
3357,8,3,0.28907108306884766
3358,9,9,0.7208816409111023
3359,7,7,0.276064395904541
3360,4,4,0.48735982179641724
3361,4,7,0.9226906895637512
3362,1,1,0.9728672504425049
3363,2,6,0.3325248062610626
3364,4,4,0.4199846088886261
3365,9,9,0.7721347808837891
3366,8,0,0.49627724289894104
3367,7,7,0.8633213639259338
3368,9,9,0.5427578687667847
3369,5,5,0.49445557594299316
3370,1,1,0.9919180274009705
3371,2,5,0.683236300945282
3372,1,1,0.9710234999656677
3373,6,6,0.35918405652046204
3374,6,6,0.8635052442550659
3375,4,4,0.3998165726661682
3376,5,5,0.7880755662918091
3377,7,7,0.4728853106498718
3378,4,4,0.5136980414390564
3379,5,5,0.4983886778354645
3380,8,8,0.6897943615913391
3381,5,5,0.6626415252685547
3382,2,2,0.6782997250556946
3383,8,8,0.9587841629981995
3384,7,7,0.7460039854049683
3385,8,8,0.9781151413917542
3386,2,2,0.9578627943992615
3387,3,6,0.4585625231266022
3388,6,6,0.4656236171722412
3389,1,1,0.9821937084197998
3390,3,5,0.5933250188827515
3391,3,0,0.2798094153404236
3392,1,9,0.737448513507843
3393,5,3,0.6024057269096375
3394,1,1,0.7048069834709167
3395,9,9,0.9943899512290955
3396,0,2,0.5711828470230103
3397,9,9,0.823232889175415
3398,2,0,0.5262696146965027
3399,0,0,0.7243687510490417
3400,6,8,0.6006059646606445
3401,2,7,0.6892256736755371
3402,4,6,0.39844679832458496
3403,8,8,0.6969271302223206
3404,5,5,0.9509878754615784
3405,7,7,0.8907545804977417
3406,6,6,0.5257558226585388
3407,1,1,0.9591755867004395
3408,2,2,0.43809372186660767
3409,9,1,0.5840083956718445
3410,4,4,0.7800424098968506
3411,5,5,0.5969200134277344
3412,0,0,0.7460521459579468
3413,3,3,0.28641000390052795
3414,3,5,0.32524165511131287
3415,7,5,0.5375096797943115
3416,7,0,0.3556082844734192
3417,7,2,0.48090970516204834
3418,1,1,0.8754537105560303
3419,4,4,0.7105957865715027
3420,5,3,0.48447129130363464
3421,0,0,0.3637849688529968
3422,2,5,0.7167161107063293
3423,8,8,0.9517194032669067
3424,5,5,0.9613407850265503
3425,0,0,0.8448154926300049
3426,0,0,0.9803422093391418
3427,6,5,0.36703407764434814
3428,2,2,0.7242497801780701
3429,0,0,0.49519258737564087
3430,8,0,0.6301661133766174
3431,4,4,0.75266033411026
3432,5,5,0.8045002222061157
3433,4,5,0.3809696435928345
3434,5,7,0.6794722676277161
3435,6,6,0.9781728386878967
3436,4,4,0.602307140827179
3437,7,7,0.987946093082428
3438,9,9,0.6382913589477539
3439,4,5,0.5119946002960205
3440,2,6,0.3958437442779541
3441,0,0,0.6546806693077087
3442,6,6,0.34519174695014954
3443,4,2,0.8158436417579651
3444,0,5,0.5467166304588318
3445,0,0,0.9803162217140198
3446,6,5,0.4842621684074402
3447,4,4,0.4467720091342926
3448,6,6,0.34478873014450073
3449,1,9,0.660462498664856
3450,9,1,0.7008793950080872
3451,5,5,0.6595169901847839
3452,5,3,0.38062092661857605
3453,2,2,0.884476363658905
3454,2,2,0.9069033265113831
3455,6,3,0.7114217281341553
3456,3,3,0.5840340852737427
3457,4,0,0.2562054991722107
3458,5,5,0.6275303959846497
3459,9,2,0.39511993527412415
3460,1,1,0.4918336272239685
3461,7,5,0.7978319525718689
3462,2,2,0.9409284591674805
3463,3,3,0.47084370255470276
3464,9,1,0.5347195267677307
3465,6,6,0.8817781805992126
3466,5,5,0.9393825531005859
3467,0,0,0.9510438442230225
3468,2,2,0.6367310285568237
3469,9,9,0.7976511716842651
3470,7,5,0.5683777928352356
3471,1,9,0.7273247838020325
3472,7,9,0.5270590782165527
3473,2,2,0.7911933660507202
3474,2,2,0.4585205614566803
3475,0,2,0.5475902557373047
3476,8,2,0.394646555185318
3477,6,6,0.8204225301742554
3478,4,4,0.5188160538673401
3479,3,5,0.5381627082824707
3480,2,2,0.6624810099601746
3481,7,5,0.4940311312675476
3482,7,7,0.5390048027038574
3483,0,0,0.7447816729545593
3484,4,4,0.9331974387168884
3485,1,1,0.7406545877456665
3486,6,6,0.9989603757858276
3487,5,5,0.8445892333984375
3488,1,1,0.7914557456970215
3489,3,3,0.3650501072406769
3490,0,0,0.8746021389961243
3491,3,5,0.5255836248397827
3492,9,9,0.7520598769187927
3493,0,0,0.3753834366798401
3494,0,9,0.9078100919723511
3495,2,7,0.24702903628349304
3496,5,0,0.5890377759933472
3497,0,1,0.395567387342453
3498,4,0,0.4983024597167969
3499,0,0,0.9783646464347839
3500,1,1,0.8518180847167969
3501,9,1,0.5513587594032288
3502,8,5,0.225137397646904
3503,4,5,0.3599942922592163
3504,9,9,0.9840710163116455
3505,4,5,0.5105043053627014
3506,2,2,0.37015143036842346
3507,4,2,0.4816282093524933
3508,3,3,0.6182440519332886
3509,3,9,0.6351823210716248
3510,4,4,0.6515891551971436
3511,0,0,0.5481671690940857
3512,4,4,0.542802631855011
3513,3,5,0.34414100646972656
3514,2,7,0.6155997514724731
3515,8,8,0.9155656099319458
3516,9,9,0.6913077235221863
3517,1,1,0.6848875284194946
3518,5,5,0.8121522068977356
3519,8,8,0.42626631259918213
3520,1,1,0.8958649635314941
3521,8,8,0.8713430762290955
3522,2,2,0.8561237454414368
3523,4,6,0.9436950087547302
3524,5,7,0.825587809085846
3525,2,2,0.6979901790618896
3526,4,6,0.6275154948234558
3527,1,7,0.31644362211227417
3528,1,1,0.5785307884216309
3529,6,6,0.8197621703147888
3530,6,6,0.9781407117843628
3531,8,9,0.786037266254425
3532,5,5,0.8413090109825134
3533,2,2,0.7539828419685364
3534,2,3,0.5024399161338806
3535,5,5,0.8505100011825562
3536,0,0,0.7979980111122131
3537,8,8,0.7343623042106628
3538,2,2,0.9354280233383179
3539,3,3,0.34751269221305847
3540,6,6,0.9871230125427246
3541,2,2,0.8014724254608154
3542,9,9,0.9998602867126465
3543,6,6,0.687812328338623
3544,1,1,0.5775800347328186
3545,4,4,0.9699121117591858
3546,5,5,0.7794249653816223
3547,9,9,0.9352738857269287
3548,0,0,0.8167019486427307
3549,1,9,0.5557742714881897
3550,0,4,0.38077476620674133
3551,0,0,0.4873703122138977
3552,8,8,0.5570907592773438
3553,1,1,0.6687116622924805
3554,1,1,0.8017302751541138
3555,6,5,0.2811352610588074
3556,6,6,0.9914787411689758
3557,9,6,0.23217591643333435
3558,5,5,0.912687361240387
3559,4,4,0.6267911791801453
3560,1,9,0.95797199010849
3561,7,5,0.937878429889679
3562,8,8,0.8150863647460938
3563,6,6,0.9522858262062073
3564,9,7,0.45184290409088135
3565,1,1,0.8775297403335571
3566,7,7,0.8079609274864197
3567,6,6,0.9464511871337891
3568,0,0,0.9950633645057678
3569,9,6,0.9517054557800293
3570,3,5,0.8670779466629028
3571,5,6,0.36666977405548096
3572,3,3,0.48005637526512146
3573,2,2,0.4251207709312439
3574,5,7,0.33331167697906494
3575,3,9,0.2897460460662842
3576,4,6,0.3111950159072876
3577,9,1,0.7454394698143005
3578,7,7,0.4763639271259308
3579,1,1,0.7346798777580261
3580,4,4,0.4147360026836395
3581,4,4,0.8938584923744202
3582,6,6,0.9151296019554138
3583,1,1,0.9790732860565186
3584,3,5,0.5717005133628845
3585,8,8,0.9894015192985535
3586,8,8,0.7928194999694824
3587,0,0,0.4418790936470032
3588,6,6,0.9984252452850342
3589,7,7,0.8723509907722473
3590,7,7,0.8461747765541077
3591,6,6,0.36427217721939087
3592,7,7,0.9505574703216553
3593,2,5,0.47652333974838257
3594,3,5,0.8008230924606323
3595,2,4,0.4707731008529663
3596,2,4,0.7645341753959656
3597,6,6,0.9233567118644714
3598,2,2,0.9556122422218323
3599,7,7,0.8006558418273926
3600,4,2,0.3789317011833191
3601,0,2,0.5018410682678223
3602,3,3,0.499318391084671
3603,6,6,0.5618352293968201
3604,2,0,0.4384765923023224
3605,6,4,0.7444174885749817
3606,3,5,0.6450384259223938
3607,3,2,0.9710968136787415
3608,0,9,0.36763760447502136
3609,9,9,0.9659110307693481
3610,5,9,0.3304242789745331
3611,1,9,0.6641444563865662
3612,1,1,0.7945272922515869
3613,5,5,0.5714027285575867
3614,3,5,0.7635839581489563
3615,6,2,0.513338565826416
3616,4,2,0.745814323425293
3617,3,3,0.689484179019928
3618,4,2,0.5510159134864807
3619,1,1,0.747290849685669
3620,0,4,0.4092369079589844
3621,4,0,0.6457266807556152
3622,5,5,0.41851478815078735
3623,5,5,0.7541334629058838
3624,2,4,0.5298247933387756
3625,8,0,0.38729920983314514
3626,9,9,0.9519148468971252
3627,4,4,0.4075619876384735
3628,3,3,0.5732308030128479
3629,1,1,0.7916303277015686
3630,8,8,0.9843281507492065
3631,0,0,0.41472893953323364
3632,1,0,0.5723433494567871
3633,3,3,0.6320677399635315
3634,3,3,0.31210488080978394
3635,4,4,0.8663690686225891
3636,4,4,0.5074219107627869
3637,2,6,0.6094165444374084
3638,9,9,0.772556722164154
3639,7,7,0.5942884683609009
3640,6,6,0.4786134958267212
3641,8,2,0.386552095413208
3642,1,9,0.5984991788864136
3643,8,8,0.7518061995506287
3644,9,9,0.8406145572662354
3645,1,9,0.7097814679145813
3646,3,3,0.45041659474372864
3647,1,1,0.7100920081138611
3648,7,7,0.7393975853919983
3649,3,3,0.5520243048667908
3650,0,0,0.8741757273674011
3651,0,0,0.9527304768562317
3652,2,2,0.8151364326477051
3653,8,8,0.7248573303222656
3654,3,5,0.48537224531173706
3655,9,9,0.7288756370544434
3656,2,3,0.4471849799156189
3657,7,7,0.42857736349105835
3658,2,4,0.8253094553947449
3659,6,6,0.9833501577377319
3660,0,0,0.9566197395324707
3661,1,1,0.9986491799354553
3662,6,6,0.6267033219337463
3663,1,1,0.9938265681266785
3664,6,6,0.9751341342926025
3665,7,7,0.6031299233436584
3666,5,5,0.6438411474227905
3667,5,5,0.736697793006897
3668,2,2,0.5494801998138428
3669,5,3,0.49073928594589233
3670,9,9,0.8110620379447937
3671,4,4,0.7707561254501343
3672,0,8,0.48504865169525146
3673,2,8,0.32272589206695557
3674,3,3,0.5936411023139954
3675,4,2,0.34310203790664673
3676,9,1,0.6664751172065735
3677,4,7,0.40230295062065125
3678,1,1,0.9972286820411682
3679,0,0,0.54231858253479
3680,0,2,0.24267460405826569
3681,2,4,0.6540566682815552
3682,3,3,0.4207128882408142
3683,8,2,0.3816080093383789
3684,9,9,0.9892375469207764
3685,2,2,0.6826663017272949
3686,8,8,0.5737296938896179
3687,9,1,0.6169443130493164
3688,5,7,0.5390583276748657
3689,7,7,0.908098578453064
3690,9,9,0.5739128589630127
3691,1,1,0.9894786477088928
3692,4,4,0.34660980105400085
3693,6,2,0.470563143491745
3694,2,2,0.5666502118110657
3695,8,8,0.7384198904037476
3696,4,4,0.5105554461479187
3697,4,4,0.5597442984580994
3698,8,8,0.9777333736419678
3699,9,9,0.9800081253051758
3700,3,5,0.5285100340843201
3701,1,1,0.9893167614936829
3702,1,1,0.6682531833648682
3703,6,6,0.9419206976890564
3704,5,2,0.3103940486907959
3705,8,8,0.9466509222984314
3706,4,4,0.8890926837921143
3707,6,3,0.39302587509155273
3708,4,6,0.3576335310935974
3709,5,5,0.7695645689964294
3710,2,2,0.6064065098762512
3711,6,6,0.4774583578109741
3712,4,2,0.4899546802043915
3713,2,2,0.618574857711792
3714,3,3,0.46736979484558105
3715,1,4,0.5135090947151184
3716,3,6,0.883908212184906
3717,6,6,0.9782629609107971
3718,8,8,0.9733365774154663
3719,5,5,0.7247048616409302
3720,2,2,0.7746275663375854
3721,2,0,0.9715903401374817
3722,7,7,0.9951855540275574
3723,1,1,0.8454040288925171
3724,6,6,0.5662025809288025
3725,2,7,0.3874358832836151
3726,5,3,0.42976272106170654
3727,9,9,0.7749904990196228
3728,2,2,0.3574422299861908
3729,8,8,0.8690499663352966
3730,1,1,0.9875932335853577
3731,6,6,0.6918472051620483
3732,9,9,0.7877848744392395
3733,2,5,0.5437937378883362
3734,7,7,0.47491738200187683
3735,5,2,0.5122599005699158
3736,3,5,0.6537075042724609
3737,2,2,0.747046947479248
3738,9,9,0.7751489877700806
3739,7,7,0.9882664084434509
3740,0,0,0.6880978345870972
3741,2,2,0.7232066988945007
3742,9,9,0.9842296242713928
3743,3,5,0.5520036816596985
3744,4,4,0.7680738568305969
3745,1,1,0.9420358538627625
3746,7,6,0.4570010006427765
3747,9,9,0.8646659851074219
3748,5,5,0.7049146294593811
3749,8,8,0.7595598697662354
3750,9,8,0.3588918447494507
3751,7,7,0.9900454878807068
3752,3,1,0.7189508080482483
3753,4,6,0.27953535318374634
3754,0,0,0.4866223931312561
3755,9,8,0.3584676682949066
3756,7,0,0.2135625034570694
3757,4,5,0.5279207229614258
3758,2,2,0.5132699012756348
3759,4,4,0.63201504945755
3760,7,7,0.9653202891349792
3761,0,8,0.45854488015174866
3762,1,8,0.3588772416114807
3763,8,8,0.8302297592163086
3764,1,1,0.9714075326919556
3765,0,0,0.4643417298793793
3766,4,2,0.3775738775730133
3767,6,6,0.8962966799736023
3768,1,1,0.7619379162788391
3769,9,9,0.813161313533783
3770,9,1,0.665903627872467
3771,2,0,0.9771552085876465
3772,1,8,0.5659146308898926
3773,2,5,0.8273820281028748
3774,5,5,0.42593130469322205
3775,6,6,0.9672502279281616
3776,9,9,0.7776016592979431
3777,7,7,0.9762207269668579
3778,7,4,0.6922382712364197
3779,3,2,0.7234470844268799
3780,4,4,0.5221607089042664
3781,2,2,0.8328592777252197
3782,0,0,0.9347380995750427
3783,2,2,0.5339149832725525
3784,5,5,0.8210782408714294
3785,6,7,0.3708644211292267
3786,7,7,0.1964767873287201
3787,3,4,0.6810948848724365
3788,7,7,0.9859998822212219
3789,9,5,0.5162147283554077
3790,4,4,0.818962812423706
3791,2,5,0.3408658504486084
3792,0,0,0.9748100638389587
3793,6,5,0.40878674387931824
3794,1,1,0.9881937503814697
3795,7,7,0.776857852935791
3796,5,5,0.9295271635055542
3797,6,3,0.32852903008461
3798,5,5,0.9868966937065125
3799,3,5,0.5286806225776672
3800,9,9,0.772316038608551
3801,2,0,0.7094422578811646
3802,7,7,0.9375090599060059
3803,8,8,0.8350363373756409
3804,5,2,0.4891233444213867
3805,9,9,0.9635222554206848
3806,5,3,0.2687157392501831
3807,8,8,0.5545651316642761
3808,5,3,0.2794133126735687
3809,4,4,0.6831650733947754
3810,3,3,0.6034261584281921
3811,7,7,0.9884799718856812
3812,9,9,0.884518563747406
3813,8,8,0.9831861257553101
3814,1,1,0.9270775318145752
3815,2,7,0.7109065651893616
3816,2,4,0.5515313148498535
3817,8,8,0.6147287487983704
3818,9,9,0.8493689298629761
3819,3,3,0.5523557066917419
3820,0,2,0.8829275369644165
3821,8,8,0.6421346068382263
3822,4,4,0.5322533249855042
3823,0,0,0.9643500447273254
3824,2,2,0.5785141587257385
3825,0,0,0.5714113116264343
3826,1,1,0.6029661893844604
3827,4,4,0.6914281845092773
3828,1,0,0.21513646841049194
3829,8,8,0.4682539403438568
3830,5,3,0.4961002767086029
3831,5,0,0.49111509323120117
3832,7,7,0.35877013206481934
3833,9,9,0.9224714040756226
3834,8,2,0.567781388759613
3835,3,5,0.6382162570953369
3836,7,7,0.9862626791000366
3837,9,9,0.6668122410774231
3838,1,1,0.33114245533943176
3839,5,5,0.9640961289405823
3840,6,4,0.4501117765903473
3841,9,9,0.99333655834198
3842,8,8,0.9458438754081726
3843,7,7,0.5124531388282776
3844,2,2,0.4656681716442108
3845,0,0,0.560029149055481
3846,9,9,0.982484757900238
3847,0,0,0.4783641993999481
3848,8,8,0.8429802656173706
3849,5,2,0.327176570892334
3850,9,9,0.7016216516494751
3851,4,4,0.299005925655365
3852,2,2,0.8821167349815369
3853,9,9,0.32135212421417236
3854,8,8,0.8565957546234131
3855,1,1,0.9702578783035278
3856,9,9,0.8183943033218384
3857,1,8,0.8585546016693115
3858,8,8,0.7168270349502563
3859,3,3,0.32199668884277344
3860,7,7,0.9936609268188477
3861,6,6,0.9516900181770325
3862,4,4,0.4189777374267578
3863,2,2,0.4879879653453827
3864,3,6,0.31019842624664307
3865,7,7,0.5530601739883423
3866,0,2,0.7160106301307678
3867,3,5,0.6002007722854614
3868,5,2,0.6136137843132019
3869,8,8,0.9854009747505188
3870,8,8,0.8863621950149536
3871,8,8,0.9063980579376221
3872,7,7,0.7507739663124084
3873,9,9,0.922565758228302
3874,6,6,0.7212080359458923
3875,2,2,0.5897284150123596
3876,7,7,0.976813554763794
3877,4,4,0.54034423828125
3878,5,7,0.3617298901081085
3879,7,7,0.6787217259407043
3880,6,4,0.45566317439079285
3881,7,7,0.948817253112793
3882,1,1,0.8839730620384216
3883,7,5,0.5032846331596375
3884,3,5,0.3230806887149811
3885,6,6,0.26106637716293335
3886,8,8,0.7471757531166077
3887,2,3,0.6043962836265564
3888,6,6,0.84249347448349
3889,6,6,0.9977217316627502
3890,7,7,0.4801200330257416
3891,1,9,0.725122332572937
3892,5,6,0.5800303220748901
3893,9,9,0.8945202827453613
3894,7,7,0.9247878193855286
3895,1,8,0.7127501964569092
3896,7,2,0.40416574478149414
3897,0,0,0.9707072973251343
3898,1,1,0.7782330513000488
3899,6,4,0.34852129220962524
3900,3,6,0.8265587091445923
3901,3,8,0.34302520751953125
3902,9,9,0.5788026452064514
3903,0,0,0.6811589002609253
3904,1,1,0.7694145441055298
3905,2,7,0.47321486473083496
3906,3,0,0.2739053964614868
3907,2,7,0.7167398929595947
3908,2,2,0.9637168645858765
3909,5,5,0.8528263568878174
3910,4,2,0.5657443404197693
3911,9,9,0.9654636979103088
3912,8,8,0.7565164566040039
3913,7,7,0.9523613452911377
3914,4,4,0.8468671441078186
3915,4,4,0.4330328404903412
3916,9,9,0.694281280040741
3917,7,0,0.34639808535575867
3918,6,6,0.5259009003639221
3919,7,7,0.35512492060661316
3920,7,7,0.3096447288990021
3921,1,1,0.7430531978607178
3922,2,2,0.30409568548202515
3923,3,7,0.40110310912132263
3924,5,2,0.3101608455181122
3925,1,1,0.8087893128395081
3926,9,9,0.9964348077774048
3927,0,0,0.3527417480945587
3928,3,5,0.582107424736023
3929,3,3,0.38642263412475586
3930,1,1,0.982170581817627
3931,5,5,0.9496546387672424
3932,6,6,0.5043540000915527
3933,6,2,0.3559534251689911
3934,2,2,0.6449984908103943
3935,4,7,0.8474676012992859
3936,6,6,0.9604798555374146
3937,8,8,0.8420535326004028
3938,8,8,0.9813792705535889
3939,9,9,0.9628589153289795
3940,6,6,0.6610497832298279
3941,6,6,0.9753451347351074
3942,1,1,0.9266998767852783
3943,0,0,0.9750201106071472
3944,7,7,0.7268857955932617
3945,5,5,0.7166546583175659
3946,8,8,0.9859969019889832
3947,2,4,0.5047299265861511
3948,1,1,0.33858856558799744
3949,5,5,0.5966582894325256
3950,8,8,0.8826935887336731
3951,1,1,0.8703618049621582
3952,4,4,0.4661851227283478
3953,7,7,0.27002856135368347
3954,5,7,0.7776419520378113
3955,0,0,0.9799341559410095
3956,3,3,0.43866369128227234
3957,9,0,0.7628709077835083
3958,9,9,0.9887545108795166
3959,5,3,0.5248233079910278
3960,2,2,0.861939549446106
3961,8,8,0.7957371473312378
3962,4,7,0.7554702162742615
3963,1,5,0.5355050563812256
3964,9,9,0.4582386910915375
3965,0,0,0.7297143340110779
3966,4,4,0.6150475740432739
3967,4,4,0.7192850708961487
3968,8,2,0.547053337097168
3969,2,2,0.7781945466995239
3970,9,2,0.3668123781681061
3971,0,0,0.9025338292121887
3972,7,7,0.9919615387916565
3973,9,7,0.6178073287010193
3974,8,8,0.9432648420333862
3975,7,7,0.9906066656112671
3976,1,9,0.3878510296344757
3977,3,6,0.9623275399208069
3978,2,2,0.5615788698196411
3979,9,9,0.9789555072784424
3980,9,0,0.3440708816051483
3981,5,5,0.4185347855091095
3982,9,9,0.995326042175293
3983,7,7,0.30189579725265503
3984,6,6,0.6717156171798706
3985,7,7,0.911594569683075
3986,7,7,0.5752062797546387
3987,1,1,0.9248700141906738
3988,1,6,0.37055277824401855
3989,2,2,0.3538084924221039
3990,4,4,0.6180127263069153
3991,2,6,0.48400354385375977
3992,0,0,0.9920998215675354
3993,6,6,0.9461923241615295
3994,8,8,0.9521124958992004
3995,7,7,0.7940824627876282
3996,6,1,0.24796071648597717
3997,2,2,0.4078185558319092
3998,2,5,0.45905306935310364
3999,9,9,0.43736380338668823
4000,8,0,0.5498409271240234
4001,2,6,0.5402185320854187
4002,4,5,0.5359852313995361
4003,2,0,0.6490432024002075
4004,0,2,0.3809800148010254
4005,5,5,0.6166775226593018
4006,8,8,0.9721879363059998
4007,6,6,0.9313986897468567
4008,8,8,0.9822826981544495
4009,2,2,0.9015341997146606
4010,7,7,0.31184127926826477
4011,7,7,0.377162367105484
4012,3,1,0.22993047535419464
4013,1,1,0.6107689738273621
4014,8,8,0.9360677003860474
4015,1,1,0.7892087697982788
4016,6,6,0.47811368107795715
4017,5,5,0.49720051884651184
4018,9,9,0.9682687520980835
4019,7,7,0.56736820936203
4020,8,8,0.6000671982765198
4021,9,9,0.7243527770042419
4022,6,6,0.9328575730323792
4023,4,3,0.282683789730072
4024,8,8,0.8298742771148682
4025,1,1,0.989535927772522
4026,9,9,0.6494735479354858
4027,4,4,0.7273730039596558
4028,0,8,0.49449336528778076
4029,4,6,0.3345906436443329
4030,1,1,0.7828110456466675
4031,4,4,0.5824481844902039
4032,3,3,0.45418617129325867
4033,6,6,0.9897268414497375
4034,2,2,0.6900582909584045
4035,2,5,0.4398570656776428
4036,7,0,0.9225271940231323
4037,0,0,0.970032274723053
4038,0,0,0.3667716681957245
4039,7,7,0.9021871089935303
4040,0,0,0.94952392578125
4041,7,7,0.95927494764328
4042,4,4,0.5545051693916321
4043,3,3,0.4031599164009094
4044,6,6,0.4358150064945221
4045,7,7,0.7558289766311646
4046,7,7,0.8220859169960022
4047,4,4,0.8826848864555359
4048,5,7,0.4088671803474426
4049,4,4,0.7969807386398315
4050,3,2,0.625842273235321
4051,5,4,0.3585539162158966
4052,5,5,0.7161664366722107
4053,4,4,0.8823079466819763
4054,7,0,0.8338336944580078
4055,1,2,0.2282203584909439
4056,0,8,0.9223577976226807
4057,7,7,0.7692927122116089
4058,7,7,0.8707274198532104
4059,1,1,0.9660422801971436
4060,6,6,0.8365184664726257
4061,5,5,0.26930803060531616
4062,0,8,0.6592269539833069
4063,7,7,0.8291455507278442
4064,7,7,0.9562190175056458
4065,4,4,0.4065462052822113
4066,6,2,0.38931792974472046
4067,1,1,0.6840537190437317
4068,8,8,0.9494041204452515
4069,5,5,0.8527270555496216
4070,9,9,0.9635788202285767
4071,3,3,0.4196733832359314
4072,5,5,0.9742835760116577
4073,6,6,0.868925154209137
4074,2,2,0.6412630081176758
4075,2,5,0.4190205931663513
4076,7,7,0.5875869393348694
4077,3,3,0.3001490831375122
4078,5,5,0.9292551875114441
4079,8,8,0.9901728630065918
4080,1,1,0.7583207488059998
4081,0,9,0.97170490026474
4082,6,5,0.479214072227478
4083,8,8,0.9778883457183838
4084,7,7,0.9359842538833618
4085,8,2,0.2701911926269531
4086,8,8,0.7949994802474976
4087,5,5,0.7554531693458557
4088,7,7,0.8411038517951965
4089,5,3,0.38196873664855957
4090,4,4,0.5574842095375061
4091,9,9,0.9878380298614502
4092,7,7,0.9482870697975159
4093,3,3,0.39000746607780457
4094,3,3,0.4134258031845093
4095,8,9,0.5961723327636719
4096,8,8,0.9378551840782166
4097,3,6,0.422712117433548
4098,9,0,0.553726315498352
4099,4,4,0.48006588220596313
4100,7,7,0.9997046589851379
4101,2,4,0.599859893321991
4102,0,0,0.7292499542236328
4103,8,2,0.6724357604980469
4104,0,0,0.8303097486495972
4105,7,7,0.9425820708274841
4106,3,0,0.8436957001686096
4107,3,3,0.4058663547039032
4108,2,2,0.35862335562705994
4109,5,5,0.7995515465736389
4110,2,2,0.8296278715133667
4111,4,4,0.4237787425518036
4112,4,5,0.7171990275382996
4113,0,0,0.9111965894699097
4114,4,4,0.3334012031555176
4115,8,8,0.5063405632972717
4116,2,2,0.6696740388870239
4117,4,4,0.6076728701591492
4118,0,2,0.8109322786331177
4119,6,6,0.3465999662876129
4120,4,0,0.3916824162006378
4121,5,5,0.3611922264099121
4122,6,6,0.9883859157562256
4123,0,2,0.45413950085639954
4124,8,8,0.684362530708313
4125,8,0,0.6694833636283875
4126,0,0,0.6206197738647461
4127,6,6,0.5445454716682434
4128,1,1,0.9233189225196838
4129,1,1,0.9697877764701843
4130,6,6,0.7764894962310791
4131,1,1,0.9116420149803162
4132,4,4,0.5386487245559692
4133,2,2,0.669245183467865
4134,1,1,0.4580923318862915
4135,1,5,0.5509064197540283
4136,2,2,0.7105501294136047
4137,4,3,0.33895623683929443
4138,4,4,0.6466793417930603
4139,5,2,0.5571572184562683
4140,5,7,0.6153619289398193
4141,8,8,0.9351670145988464
4142,8,8,0.8284167647361755
4143,5,5,0.9671907424926758
4144,1,1,0.9847286343574524
4145,8,8,0.9625087976455688
4146,2,2,0.5667306780815125
4147,3,7,0.1974591612815857
4148,3,3,0.4247956871986389
4149,9,9,0.5822753310203552
4150,6,6,0.8784056305885315
4151,6,6,0.47549352049827576
4152,5,1,0.7639791369438171
4153,0,0,0.6610058546066284
4154,7,7,0.9995131492614746
4155,3,6,0.37016576528549194
4156,3,3,0.5871354341506958
4157,2,7,0.34645193815231323
4158,7,7,0.5855442881584167
4159,4,4,0.8879861235618591
4160,5,2,0.4044205844402313
4161,6,6,0.9082072377204895
4162,0,0,0.8504430651664734
4163,2,6,0.7481319904327393
4164,1,4,0.2153557389974594
4165,8,8,0.633786141872406
4166,1,2,0.3771706223487854
4167,0,0,0.7137022018432617
4168,9,9,0.7983787655830383
4169,3,3,0.21090976893901825
4170,1,7,0.28079450130462646
4171,0,0,0.9002379179000854
4172,5,5,0.8700623512268066
4173,4,7,0.5203841328620911
4174,2,2,0.7140617370605469
4175,3,7,0.4264332950115204
4176,3,3,0.5173811912536621
4177,6,6,0.7685848474502563
4178,7,7,0.9958648681640625
4179,6,6,0.7143059968948364
4180,0,0,0.5077357888221741
4181,0,0,0.9501020908355713
4182,5,5,0.6861198544502258
4183,7,7,0.9981367588043213
4184,4,4,0.4915598928928375
4185,7,7,0.6985819339752197
4186,7,7,0.9857531189918518
4187,0,0,0.8346046209335327
4188,6,6,0.894001305103302
4189,1,1,0.4414123296737671
4190,3,7,0.4154427647590637
4191,9,1,0.5268542170524597
4192,0,0,0.9286057353019714
4193,9,0,0.5847522020339966
4194,0,0,0.6254518032073975
4195,3,3,0.700404703617096
4196,8,8,0.8968505263328552
4197,4,4,0.5846425890922546
4198,8,2,0.3323211073875427
4199,8,0,0.4222694933414459
4200,4,4,0.6548238396644592
4201,1,1,0.8753717541694641
4202,0,0,0.7081449031829834
4203,2,4,0.6968474388122559
4204,2,4,0.3496459424495697
4205,4,4,0.8683165907859802
4206,1,1,0.6110181212425232
4207,1,1,0.8647462725639343
4208,2,2,0.286150723695755
4209,4,7,0.9275171756744385
4210,3,1,0.43545791506767273
4211,4,7,0.6130239367485046
4212,1,1,0.7899602055549622
4213,4,4,0.8418229818344116
4214,7,7,0.6094585061073303
4215,1,1,0.6029262542724609
4216,0,0,0.4571608304977417
4217,0,0,0.39030784368515015
4218,9,9,0.9483565092086792
4219,0,0,0.9426531195640564
4220,4,0,0.4858679473400116
4221,2,2,0.41577237844467163
4222,8,8,0.7442846298217773
4223,8,0,0.5530329346656799
4224,5,5,0.5679834485054016
4225,5,6,0.4624391794204712
4226,0,8,0.699504017829895
4227,4,5,0.3088567852973938
4228,0,0,0.8448237180709839
4229,8,8,0.7378366589546204
4230,6,3,0.544816255569458
4231,2,2,0.6801332235336304
4232,5,5,0.9676017761230469
4233,9,9,0.8830750584602356
4234,2,2,0.9396963119506836
4235,9,9,0.9848085641860962
4236,1,1,0.9605121612548828
4237,1,1,0.5724725723266602
4238,5,5,0.6078121066093445
4239,4,4,0.8231821656227112
4240,7,7,0.9918949007987976
4241,5,5,0.7158820629119873
4242,8,0,0.4889815151691437
4243,6,6,0.9942700862884521
4244,2,7,0.5438448190689087
4245,1,1,0.9341875314712524
4246,5,5,0.7205305099487305
4247,5,5,0.5187810063362122
4248,3,3,0.6980602741241455
4249,4,4,0.8781302571296692
4250,1,1,0.8333080410957336
4251,8,1,0.7942482233047485
4252,9,9,0.6894334554672241
4253,9,9,0.8161419630050659
4254,8,8,0.9863108396530151
4255,9,9,0.7401582598686218
4256,8,8,0.9858593344688416
4257,6,6,0.9968985319137573
4258,8,8,0.49905478954315186
4259,5,7,0.4852820038795471
4260,8,8,0.9914815425872803
4261,9,0,0.41364753246307373
4262,4,3,0.34130463004112244
4263,6,6,0.7600336670875549
4264,2,4,0.8776530623435974
4265,6,6,0.7873961329460144
4266,3,3,0.22307486832141876
4267,7,7,0.36800816655158997
4268,4,7,0.42323434352874756
4269,0,0,0.4582790434360504
4270,0,0,0.34180694818496704
4271,1,8,0.43742141127586365
4272,7,7,0.8912391066551208
4273,5,3,0.4475846290588379
4274,1,1,0.5443808436393738
4275,5,5,0.47121134400367737
4276,9,9,0.7621799111366272
4277,3,5,0.5667227506637573
4278,1,1,0.9636297225952148
4279,6,6,0.9535519480705261
4280,8,0,0.722453773021698
4281,7,4,0.38522547483444214
4282,3,5,0.5640751719474792
4283,6,6,0.9043347239494324
4284,9,9,0.8713437914848328
4285,1,1,0.84187251329422
4286,2,2,0.6286396384239197
4287,0,3,0.3418692648410797
4288,1,1,0.980028510093689
4289,7,9,0.2607611417770386
4290,2,5,0.6007125377655029
4291,6,1,0.28643375635147095
4292,1,1,0.9518454074859619
4293,9,9,0.8348355293273926
4294,0,2,0.3656342029571533
4295,0,0,0.8920210599899292
4296,8,1,0.9237827658653259
4297,9,9,0.9704941511154175
4298,9,9,0.849467396736145
4299,2,8,0.5679177045822144
4300,8,8,0.843932569026947
4301,6,6,0.7768619060516357
4302,2,5,0.6223742365837097
4303,5,2,0.29579323530197144
4304,6,5,0.3336818218231201
4305,0,0,0.9793773293495178
4306,3,3,0.5564703345298767
4307,3,2,0.2877977788448334
4308,0,0,0.8987311124801636
4309,7,5,0.2896440029144287
4310,4,7,0.6309371590614319
4311,7,7,0.856130063533783
4312,5,5,0.6808756589889526
4313,0,3,0.3683059513568878
4314,1,1,0.9682008028030396
4315,6,2,0.5003597140312195
4316,8,8,0.9494972825050354
4317,8,8,0.8778790831565857
4318,1,1,0.929410994052887
4319,2,6,0.4822581112384796
4320,1,0,0.5189967751502991
4321,5,3,0.24661527574062347
4322,4,4,0.5103680491447449
4323,5,5,0.8433968424797058
4324,9,9,0.9951353669166565
4325,6,2,0.5154511332511902
4326,7,7,0.8940377831459045
4327,1,1,0.8709716796875
4328,0,0,0.9892996549606323
4329,6,7,0.48589956760406494
4330,9,9,0.9217207431793213
4331,2,6,0.4623804986476898
4332,7,2,0.2931250333786011
4333,7,7,0.5546684861183167
4334,3,4,0.5263593792915344
4335,9,8,0.3554227352142334
4336,9,9,0.8918493986129761
4337,1,1,0.807214617729187
4338,9,9,0.7877212762832642
4339,7,7,0.966274082660675
4340,0,0,0.9295493960380554
4341,1,1,0.9170292019844055
4342,3,3,0.35856708884239197
4343,5,5,0.6637629270553589
4344,4,4,0.5475046634674072
4345,6,3,0.3434271514415741
4346,3,3,0.4420275092124939
4347,8,8,0.9552478194236755
4348,8,8,0.7868963479995728
4349,0,8,0.6426115036010742
4350,4,4,0.921664834022522
4351,8,8,0.8893174529075623
4352,3,3,0.6464083194732666
4353,6,4,0.5024667382240295
4354,7,7,0.4616047739982605
4355,0,3,0.551437497138977
4356,0,0,0.9943768382072449
4357,4,4,0.4692401587963104
4358,5,5,0.8507378697395325
4359,2,2,0.746152400970459
4360,6,9,0.4868597388267517
4361,8,8,0.9874468445777893
4362,4,4,0.4748082756996155
4363,9,9,0.704291045665741
4364,9,1,0.5747091174125671
4365,9,9,0.8430224657058716
4366,2,4,0.26537030935287476
4367,0,0,0.8519034385681152
4368,4,3,0.27248966693878174
4369,2,2,0.8355128765106201
4370,8,8,0.9724116325378418
4371,1,1,0.9785977005958557
4372,1,1,0.8451343178749084
4373,0,2,0.4644935131072998
4374,0,8,0.47481730580329895
4375,3,3,0.47766855359077454
4376,7,2,0.43733036518096924
4377,4,2,0.4975232481956482
4378,1,1,0.8860828280448914
4379,1,1,0.9938073754310608
4380,9,9,0.4947735369205475
4381,7,7,0.9029767513275146
4382,7,7,0.7815819382667542
4383,4,7,0.3900641202926636
4384,6,5,0.5887916088104248
4385,8,8,0.7315950393676758
4386,6,6,0.3303128182888031
4387,0,0,0.5030742883682251
4388,2,2,0.4758838415145874
4389,8,8,0.8449569344520569
4390,5,5,0.9117364287376404
4391,3,2,0.7506048083305359
4392,5,2,0.46235236525535583
4393,3,7,0.3597288131713867
4394,5,5,0.9729471206665039
4395,7,7,0.9882755279541016
4396,9,9,0.949999988079071
4397,8,8,0.4143165647983551
4398,4,7,0.45443469285964966
4399,4,7,0.3584144711494446
4400,3,4,0.5640870928764343
4401,1,1,0.7298765182495117
4402,4,4,0.8023349046707153
4403,8,8,0.5777662396430969
4404,3,4,0.8871381282806396
4405,6,6,0.5053106546401978
4406,5,5,0.7516763210296631
4407,3,3,0.8245497345924377
4408,0,1,0.574734091758728
4409,8,8,0.4227595329284668
4410,9,9,0.3702877461910248
4411,5,7,0.380082368850708
4412,7,7,0.9561665654182434
4413,6,6,0.9854196906089783
4414,2,4,0.34746143221855164
4415,0,0,0.9718953967094421
4416,4,6,0.500670850276947
4417,9,9,0.8158536553382874
4418,9,9,0.9976122379302979
4419,0,0,0.8913280963897705
4420,5,5,0.5379281640052795
4421,2,5,0.5953941345214844
4422,3,3,0.4525515139102936
4423,6,2,0.46893078088760376
4424,1,1,0.9217068552970886
4425,1,1,0.9651367664337158
4426,0,0,0.9920061230659485
4427,2,2,0.40872251987457275
4428,8,8,0.9511010050773621
4429,2,2,0.84135901927948
4430,1,1,0.7495494484901428
4431,1,1,0.8598138689994812
4432,7,7,0.5460138916969299
4433,5,5,0.8445785045623779
4434,2,2,0.5983541011810303
4435,3,3,0.5104507207870483
4436,4,4,0.4305534064769745
4437,1,1,0.8671659827232361
4438,2,2,0.30710506439208984
4439,9,6,0.38084226846694946
4440,2,4,0.4262339770793915
4441,1,1,0.6012922525405884
4442,3,0,0.4144289493560791
4443,4,4,0.7894951105117798
4444,8,8,0.9115676879882812
4445,9,1,0.615023672580719
4446,0,1,0.4801541566848755
4447,0,0,0.26663851737976074
4448,4,6,0.9031631946563721
4449,9,1,0.38019752502441406
4450,0,0,0.46258828043937683
4451,2,2,0.49741968512535095
4452,2,2,0.45133155584335327
4453,0,0,0.626664400100708
4454,6,6,0.9952458739280701
4455,8,8,0.9809463620185852
4456,7,7,0.9989385008811951
4457,3,3,0.40740886330604553
4458,3,3,0.6390899419784546
4459,8,8,0.9792063236236572
4460,9,9,0.7808646559715271
4461,0,8,0.46624618768692017
4462,2,5,0.8609398603439331
4463,5,5,0.40334010124206543
4464,3,9,0.3681305944919586
4465,6,6,0.46429935097694397
4466,1,1,0.9161336421966553
4467,3,3,0.6869141459465027
4468,9,9,0.8631080985069275
4469,5,5,0.527901828289032
4470,0,8,0.3347819149494171
4471,5,5,0.6521701216697693
4472,4,4,0.8224154710769653
4473,4,4,0.7652549743652344
4474,0,0,0.4417891204357147
4475,1,0,0.5853066444396973
4476,1,3,0.2322315275669098
4477,6,2,0.7838192582130432
4478,1,1,0.6394936442375183
4479,7,7,0.9689714908599854
4480,9,9,0.977236270904541
4481,9,9,0.6188908219337463
4482,6,6,0.38852494955062866
4483,2,7,0.42536404728889465
4484,4,4,0.6507497429847717
4485,3,7,0.8531179428100586
4486,8,1,0.6019363403320312
4487,3,3,0.5399028062820435
4488,4,4,0.6865185499191284
4489,7,7,0.9920733571052551
4490,0,0,0.42002129554748535
4491,2,2,0.4463334083557129
4492,8,8,0.9773324728012085
4493,4,4,0.42418381571769714
4494,8,8,0.6483120918273926
4495,3,5,0.35115286707878113
4496,8,0,0.8372673988342285
4497,8,8,0.9941332936286926
4498,8,0,0.5757034420967102
4499,3,6,0.3352352976799011
4500,3,3,0.4674284756183624
4501,5,5,0.8377009034156799
4502,7,7,0.8488379716873169
4503,7,4,0.4093521535396576
4504,0,2,0.29421013593673706
4505,4,4,0.8685275316238403
4506,1,1,0.5777443647384644
4507,5,5,0.49198824167251587
4508,9,2,0.2411133348941803
4509,7,7,0.9103415608406067
4510,0,0,0.6256359219551086
4511,6,6,0.9958939552307129
4512,8,8,0.7291529774665833
4513,4,5,0.544654369354248
4514,9,9,0.8469101786613464
4515,0,0,0.9774292707443237
4516,1,9,0.8410661816596985
4517,8,0,0.497550904750824
4518,9,9,0.5203542113304138
4519,6,6,0.764909029006958
4520,3,5,0.2877805233001709
4521,9,1,0.33793097734451294
4522,2,2,0.655711829662323
4523,4,2,0.2787209749221802
4524,4,4,0.5310214757919312
4525,0,6,0.3009456992149353
4526,3,3,0.4927661716938019
4527,3,5,0.5507051944732666
4528,5,4,0.4338425099849701
4529,4,4,0.8101108074188232
4530,5,3,0.31774699687957764
4531,1,1,0.9740757346153259
4532,1,1,0.984355092048645
4533,8,8,0.8315334320068359
4534,2,2,0.5216092467308044
4535,2,2,0.5482801795005798
4536,9,9,0.903952419757843
4537,3,3,0.4409445822238922
4538,7,5,0.40694066882133484
4539,8,9,0.3439033627510071
4540,9,9,0.9397464394569397
4541,2,2,0.707983136177063
4542,3,3,0.5070279240608215
4543,1,1,0.7908747792243958
4544,7,7,0.3175243139266968
4545,3,4,0.4993058443069458
4546,2,5,0.5143963694572449
4547,3,5,0.5335058569908142
4548,0,2,0.3575243651866913
4549,1,1,0.8336784839630127
4550,9,4,0.26595067977905273
4551,5,5,0.44802993535995483
4552,5,5,0.6890022158622742
4553,3,3,0.5117926597595215
4554,4,4,0.5632930994033813
4555,5,7,0.8283343315124512
4556,2,8,0.3166980743408203
4557,0,0,0.8705265522003174
4558,0,0,0.8817252516746521
4559,3,3,0.4370146095752716
4560,1,1,0.8159102201461792
4561,3,5,0.6902745366096497
4562,4,4,0.3699111342430115
4563,7,7,0.5238735675811768
4564,4,6,0.36841022968292236
4565,2,4,0.4156653583049774
4566,8,0,0.6206345558166504
4567,4,4,0.8988195061683655
4568,8,8,0.5460550785064697
4569,9,9,0.7916457653045654
4570,9,3,0.6881471276283264
4571,4,7,0.5535322427749634
4572,2,7,0.6175739169120789
4573,4,6,0.6455143690109253
4574,3,2,0.35163426399230957
4575,6,6,0.9755997657775879
4576,4,4,0.8208774328231812
4577,6,6,0.4615645110607147
4578,4,4,0.7252215147018433
4579,6,6,0.49236050248146057
4580,6,6,0.7222753167152405
4581,3,5,0.7563177943229675
4582,8,1,0.5046919584274292
4583,7,7,0.8574459552764893
4584,4,0,0.8011096119880676
4585,8,8,0.4441455006599426
4586,0,2,0.42347341775894165
4587,5,2,0.5296058654785156
4588,9,9,0.6952167749404907
4589,3,3,0.37374913692474365
4590,9,2,0.5973016619682312
4591,0,0,0.9988858103752136
4592,7,7,0.9660330414772034
4593,5,3,0.294193834066391
4594,1,1,0.5609774589538574
4595,9,2,0.298137903213501
4596,7,5,0.5899944305419922
4597,9,9,0.5747703909873962
4598,1,1,0.9300024509429932
4599,8,9,0.5610659718513489
4600,4,7,0.7228542566299438
4601,2,2,0.8208658695220947
4602,1,1,0.7307674288749695
4603,6,4,0.42715972661972046
4604,4,4,0.7610887289047241
4605,3,2,0.4025169610977173
4606,0,9,0.5475494265556335
4607,1,1,0.9462751150131226
4608,4,4,0.6149392127990723
4609,8,9,0.5509186387062073
4610,6,1,0.5492379665374756
4611,1,1,0.9845677614212036
4612,7,7,0.8979862928390503
4613,1,9,0.5428050756454468
4614,3,5,0.46989932656288147
4615,5,4,0.48157986998558044
4616,4,4,0.8671009540557861
4617,3,2,0.35328230261802673
4618,3,3,0.34691762924194336
4619,9,9,0.6897006034851074
4620,7,7,0.9752178192138672
4621,8,8,0.7920936942100525
4622,2,4,0.4338507652282715
4623,5,5,0.5911089777946472
4624,5,5,0.4777117073535919
4625,4,2,0.5609952211380005
4626,5,5,0.8983612656593323
4627,4,7,0.3042672872543335
4628,5,5,0.6557424068450928
4629,7,7,0.9425147175788879
4630,2,4,0.3545140027999878
4631,5,5,0.8691751956939697
4632,5,3,0.24609293043613434
4633,1,1,0.941632866859436
4634,7,5,0.5927241444587708
4635,7,7,0.85939621925354
4636,8,8,0.8626871109008789
4637,3,3,0.39822515845298767
4638,6,6,0.6422366499900818
4639,0,9,0.5980558395385742
4640,2,2,0.8935761451721191
4641,5,5,0.8633806109428406
4642,2,4,0.4587123692035675
4643,3,3,0.36485958099365234
4644,7,5,0.29555144906044006
4645,4,5,0.2862473428249359
4646,2,5,0.506323516368866
4647,1,1,0.968308687210083
4648,6,6,0.8725919723510742
4649,8,8,0.9088523387908936
4650,6,6,0.9730833172798157
4651,8,8,0.5682461857795715
4652,3,3,0.5126307606697083
4653,2,2,0.9391393661499023
4654,7,7,0.5264016389846802
4655,7,5,0.41495752334594727
4656,9,9,0.9917696714401245
4657,7,7,0.9948326349258423
4658,1,1,0.9039462804794312
4659,4,4,0.4761393070220947
4660,7,7,0.3258807957172394
4661,4,5,0.5471556782722473
4662,6,6,0.991696298122406
4663,1,1,0.9990481734275818
4664,7,7,0.5823097825050354
4665,3,3,0.31620827317237854
4666,0,0,0.881201446056366
4667,0,0,0.9176170229911804
4668,6,6,0.7569593191146851
4669,6,2,0.3068445920944214
4670,8,0,0.560340166091919
4671,6,6,0.9960273504257202
4672,6,6,0.9825229644775391
4673,0,0,0.9191363453865051
4674,3,3,0.8107894659042358
4675,4,4,0.3781745731830597
4676,7,2,0.5458196401596069
4677,4,4,0.7010654807090759
4678,9,0,0.4927392601966858
4679,4,4,0.6491135954856873
4680,9,1,0.5192524194717407
4681,9,9,0.49507731199264526
4682,3,3,0.7821944952011108
4683,4,4,0.7610608339309692
4684,1,1,0.6411236524581909
4685,4,6,0.5389464497566223
4686,0,0,0.4983280897140503
4687,3,3,0.41975563764572144
4688,7,7,0.5392835736274719
4689,1,1,0.8840675950050354
4690,2,2,0.7497162222862244
4691,2,6,0.7372667193412781
4692,8,8,0.519020676612854
4693,4,2,0.2521275281906128
4694,7,3,0.3262689709663391
4695,8,8,0.5149365067481995
4696,5,3,0.39930522441864014
4697,5,3,0.41451889276504517
4698,6,6,0.6246030926704407
4699,5,6,0.3146553635597229
4700,6,5,0.23719537258148193
4701,0,0,0.9631717801094055
4702,6,6,0.9508570432662964
4703,4,4,0.5928972363471985
4704,9,9,0.9899669885635376
4705,3,4,0.4220552444458008
4706,2,2,0.6791834235191345
4707,7,7,0.6711555123329163
4708,3,3,0.7776017189025879
4709,8,0,0.6053225994110107
4710,3,3,0.32573285698890686
4711,9,9,0.9808403849601746
4712,4,3,0.2928556799888611
4713,1,1,0.9275292754173279
4714,6,6,0.9988658428192139
4715,9,9,0.8982514142990112
4716,9,9,0.7140693664550781
4717,4,5,0.516221821308136
4718,3,5,0.5293467044830322
4719,9,9,0.8297855854034424
4720,8,0,0.7354268431663513
4721,1,8,0.6573180556297302
4722,6,3,0.517917275428772
4723,9,9,0.8422885537147522
4724,5,5,0.36187586188316345
4725,9,9,0.8580280542373657
4726,0,0,0.9225165247917175
4727,9,9,0.9931663870811462
4728,7,7,0.9925839900970459
4729,2,3,0.3227885663509369
4730,2,4,0.6251112818717957
4731,4,4,0.5083870887756348
4732,2,4,0.24885185062885284
4733,6,6,0.7245559692382812
4734,4,4,0.7551580667495728
4735,8,8,0.5326183438301086
4736,1,1,0.9111828207969666
4737,9,9,0.32795292139053345
4738,5,0,0.28060099482536316
4739,6,6,0.5067781209945679
4740,5,3,0.3812342584133148
4741,1,1,0.9584479928016663
4742,8,8,0.9043616056442261
4743,6,6,0.940436840057373
4744,6,0,0.45544344186782837
4745,7,8,0.5868731737136841
4746,6,6,0.9429686665534973
4747,5,5,0.45849448442459106
4748,0,1,0.5877793431282043
4749,2,5,0.3898586332798004
4750,7,4,0.24439223110675812
4751,6,6,0.7571059465408325
4752,1,8,0.5768078565597534
4753,2,2,0.2935941219329834
4754,3,0,0.5374070405960083
4755,1,1,0.7901930212974548
4756,6,6,0.5829752683639526
4757,4,7,0.5471159219741821
4758,9,2,0.3214513659477234
4759,0,0,0.9061239957809448
4760,3,5,0.409471720457077
4761,9,9,0.971637487411499
4762,1,9,0.5024488568305969
4763,0,0,0.6205136179924011
4764,5,5,0.7739226818084717
4765,3,3,0.36461153626441956
4766,1,1,0.872022807598114
4767,6,6,0.3107042610645294
4768,9,9,0.9136363863945007
4769,8,8,0.9844294786453247
4770,9,9,0.3272745907306671
4771,0,0,0.9586820602416992
4772,6,6,0.9868955016136169
4773,1,1,0.9966573715209961
4774,6,6,0.9480547308921814
4775,2,3,0.35956010222435
4776,3,5,0.5431926846504211
4777,5,5,0.5969337821006775
4778,6,6,0.8988839387893677
4779,9,9,0.8657631874084473
4780,0,0,0.6838579773902893
4781,7,7,0.5684695839881897
4782,2,2,0.9623555541038513
4783,4,7,0.32030850648880005
4784,0,8,0.5543668270111084
4785,3,3,0.5181723237037659
4786,6,1,0.22173288464546204
4787,8,8,0.9930896162986755
4788,6,2,0.35406070947647095
4789,9,9,0.7700216174125671
4790,1,1,0.8197466135025024
4791,9,9,0.9121385216712952
4792,0,0,0.3366548418998718
4793,6,1,0.7294749617576599
4794,4,2,0.3734091818332672
4795,5,5,0.3991946280002594
4796,9,9,0.6781185269355774
4797,5,5,0.5878685712814331
4798,4,4,0.6487779021263123
4799,1,8,0.3711988627910614
4800,9,9,0.9863467812538147
4801,2,7,0.5165832042694092
4802,0,0,0.7977097630500793
4803,7,7,0.637421727180481
4804,3,3,0.5728970170021057
4805,5,4,0.3714858293533325
4806,1,1,0.9917952418327332
4807,8,8,0.7819191813468933
4808,3,5,0.6973139643669128
4809,0,0,0.9956606030464172
4810,5,5,0.8776603937149048
4811,2,0,0.9704936146736145
4812,8,8,0.38061201572418213
4813,8,8,0.9839674830436707
4814,3,3,0.38248297572135925
4815,9,9,0.9419224858283997
4816,6,6,0.5409361124038696
4817,0,0,0.8183467388153076
4818,3,9,0.4610116183757782
4819,5,5,0.8496313095092773
4820,3,3,0.4209335148334503
4821,4,2,0.32346755266189575
4822,1,1,0.9099778532981873
4823,5,4,0.666415810585022
4824,0,0,0.9727098345756531
4825,7,2,0.2953472435474396
4826,3,2,0.6409392952919006
4827,9,9,0.9053581953048706
4828,4,4,0.7544461488723755
4829,5,3,0.4912318289279938
4830,3,3,0.4656714200973511
4831,1,1,0.9856197834014893
4832,4,4,0.6561094522476196
4833,2,6,0.3109962046146393
4834,4,3,0.3339516818523407
4835,9,9,0.941385805606842
4836,9,9,0.7906994819641113
4837,7,7,0.9929071664810181
4838,1,1,0.5881492495536804
4839,7,7,0.8152180314064026
4840,0,0,0.7727540731430054
4841,1,1,0.9685744047164917
4842,2,2,0.7158440351486206
4843,1,1,0.978888988494873
4844,5,3,0.8039516806602478
4845,3,4,0.6435282230377197
4846,8,8,0.926137387752533
4847,4,5,0.759987473487854
4848,1,1,0.9572197794914246
4849,5,5,0.6400076746940613
4850,1,9,0.8638481497764587
4851,9,9,0.9812027215957642
4852,9,0,0.5057057738304138
4853,7,7,0.9878078103065491
4854,0,0,0.759645938873291
4855,1,1,0.9207742810249329
4856,7,7,0.7476572394371033
4857,6,6,0.9942848086357117
4858,2,2,0.7372772693634033
4859,6,6,0.701718270778656
4860,5,5,0.87884920835495
4861,0,8,0.5646221041679382
4862,3,2,0.3073481619358063
4863,1,1,0.8434824347496033
4864,3,5,0.4051113724708557
4865,8,9,0.5108790397644043
4866,9,9,0.9816754460334778
4867,9,8,0.2852126955986023
4868,0,8,0.43913573026657104
4869,8,8,0.47958505153656006
4870,8,8,0.7601107954978943
4871,7,4,0.561840832233429
4872,9,9,0.8421772718429565
4873,2,0,0.3350874185562134
4874,9,8,0.5407416224479675
4875,1,1,0.9572771191596985
4876,3,3,0.36100026965141296
4877,6,6,0.9023306369781494
4878,7,7,0.7371990084648132
4879,6,6,0.914336621761322
4880,0,8,0.6254622936248779
4881,8,8,0.9583138823509216
4882,6,6,0.9899669885635376
4883,2,2,0.555497944355011
4884,4,4,0.5662685632705688
4885,2,2,0.6388617753982544
4886,3,3,0.9035259485244751
4887,5,3,0.5376031398773193
4888,5,5,0.7179129123687744
4889,4,7,0.3997897803783417
4890,1,1,0.9948354959487915
4891,6,6,0.9914810657501221
4892,7,7,0.5384973287582397
4893,1,1,0.4854760766029358
4894,6,2,0.30456462502479553
4895,1,1,0.9377216100692749
4896,7,7,0.9387776255607605
4897,1,1,0.45280447602272034
4898,6,6,0.8132626414299011
4899,2,2,0.5403931140899658
4900,3,3,0.3434661328792572
4901,0,0,0.9030980467796326
4902,4,4,0.5104610323905945
4903,2,2,0.5615988373756409
4904,9,9,0.8754173517227173
4905,7,7,0.9969072937965393
4906,5,5,0.5106056332588196
4907,5,5,0.7055165767669678
4908,6,8,0.2698940336704254
4909,0,0,0.5259683728218079
4910,8,9,0.7551678419113159
4911,8,8,0.9363287687301636
4912,1,1,0.7299137711524963
4913,1,1,0.5139517784118652
4914,3,5,0.6099706888198853
4915,5,5,0.9579488039016724
4916,6,6,0.9601747393608093
4917,5,3,0.43325814604759216
4918,3,3,0.9174209237098694
4919,8,8,0.8261085152626038
4920,7,0,0.34950095415115356
4921,5,9,0.1664988249540329
4922,0,0,0.8775341510772705
4923,7,7,0.9963012933731079
4924,7,6,0.4388720393180847
4925,5,3,0.5612956881523132
4926,7,7,0.38746973872184753
4927,1,8,0.489644318819046
4928,9,9,0.9578756093978882
4929,9,1,0.6158902049064636
4930,1,1,0.7531758546829224
4931,9,8,0.775963544845581
4932,9,7,0.3512686789035797
4933,3,5,0.5634732246398926
4934,5,5,0.5185297727584839
4935,5,5,0.9448264837265015
4936,3,3,0.6312427520751953
4937,0,0,0.6233746409416199
4938,3,9,0.32017824053764343
4939,0,0,0.9671139121055603
4940,6,6,0.9028748869895935
4941,6,4,0.33985430002212524
4942,5,2,0.2825012803077698
4943,6,4,0.42318689823150635
4944,8,8,0.9254917502403259
4945,9,9,0.4463565945625305
4946,4,2,0.31916627287864685
4947,5,5,0.44289717078208923
4948,1,1,0.9801626205444336
4949,1,1,0.759558379650116
4950,2,2,0.8126073479652405
4951,7,4,0.33316275477409363
4952,9,9,0.6711030006408691
4953,0,0,0.9964802861213684
4954,1,1,0.4332587718963623
4955,2,8,0.9236225485801697
4956,5,5,0.7571329474449158
4957,4,4,0.716999888420105
4958,4,4,0.8239732384681702
4959,7,7,0.5886294841766357
4960,4,4,0.49694374203681946
4961,8,8,0.9724053144454956
4962,3,3,0.3172035813331604
4963,3,3,0.5615900158882141
4964,5,2,0.40044838190078735
4965,3,2,0.42969653010368347
4966,5,5,0.7716414928436279
4967,7,4,0.21511489152908325
4968,0,0,0.9903857707977295
4969,1,1,0.9455967545509338
4970,2,6,0.5566360354423523
4971,9,9,0.9869492650032043
4972,8,8,0.9756419062614441
4973,1,9,0.8478057384490967
4974,7,5,0.31663092970848083
4975,3,3,0.400370717048645
4976,5,5,0.7662497758865356
4977,9,9,0.8618457913398743
4978,1,1,0.8494803309440613
4979,9,9,0.8404561281204224
4980,1,1,0.40770289301872253
4981,1,0,0.5470764636993408
4982,3,7,0.21306957304477692
4983,6,3,0.3473290503025055
4984,7,3,0.4904354512691498
4985,4,5,0.37502431869506836
4986,8,9,0.786539614200592
4987,3,3,0.5021055340766907
4988,5,5,0.7539982199668884
4989,6,6,0.7030025124549866
4990,7,5,0.627223551273346
4991,0,0,0.5326759219169617
4992,1,1,0.8769097328186035
4993,7,0,0.26037517189979553
4994,7,7,0.9774566292762756
4995,2,5,0.7446678876876831
4996,3,2,0.44047340750694275
4997,3,3,0.42577168345451355
4998,5,5,0.5810442566871643
4999,1,1,0.9792261123657227
5000,7,7,0.9982193112373352
5001,6,6,0.9963650703430176
5002,8,8,0.8090752363204956
5003,4,2,0.3123985230922699
5004,4,4,0.8581439852714539
5005,5,4,0.5778366923332214
5006,7,2,0.2830621600151062
5007,3,3,0.748612105846405
5008,4,7,0.5377600789070129
5009,7,2,0.3444630801677704
5010,7,7,0.9452928304672241
5011,3,6,0.5669468641281128
5012,6,6,0.8690325021743774
5013,0,2,0.7745996117591858
5014,7,7,0.3354566991329193
5015,2,4,0.39410164952278137
5016,6,4,0.29374364018440247
5017,7,7,0.5098990797996521
5018,4,2,0.5226453542709351
5019,1,1,0.5120363831520081
5020,8,8,0.7787105441093445
5021,0,0,0.9878178834915161
5022,2,2,0.7570431232452393
5023,2,8,0.40115147829055786
5024,1,8,0.33493298292160034
5025,5,5,0.7860140204429626
5026,4,2,0.5585741996765137
5027,0,0,0.7759968042373657
5028,9,9,0.6740210056304932
5029,3,6,0.48659172654151917
5030,4,0,0.3106536567211151
5031,4,0,0.506072998046875
5032,2,2,0.6252796053886414
5033,3,5,0.76990807056427
5034,8,0,0.8688259124755859
5035,5,5,0.9310016632080078
5036,0,0,0.8936869502067566
5037,0,1,0.3847064971923828
5038,4,4,0.378872811794281
5039,6,6,0.9816965460777283
5040,3,3,0.6409855484962463
5041,9,1,0.6601592302322388
5042,2,2,0.6137053966522217
5043,0,0,0.5608355402946472
5044,5,5,0.6226015090942383
5045,7,7,0.9770094752311707
5046,5,5,0.39781156182289124
5047,5,5,0.725472092628479
5048,1,1,0.5835419297218323
5049,7,7,0.7417306900024414
5050,3,5,0.6887706518173218
5051,1,1,0.5160035490989685
5052,6,6,0.4928082823753357
5053,7,5,0.6146301031112671
5054,9,9,0.9995664954185486
5055,0,0,0.9952948689460754
5056,1,9,0.6206456422805786
5057,2,4,0.483725905418396
5058,1,9,0.4135357737541199
5059,4,4,0.937440037727356
5060,6,6,0.4667651057243347
5061,1,1,0.33332979679107666
5062,5,2,0.6704549193382263
5063,9,9,0.6521505117416382
5064,5,5,0.9532580375671387
5065,0,0,0.870675265789032
5066,4,4,0.7331702709197998
5067,9,1,0.8252488374710083
5068,4,5,0.29849860072135925
5069,9,9,0.4757665991783142
5070,7,5,0.5648337602615356
5071,1,1,0.4651157557964325
5072,6,2,0.5079072713851929
5073,8,8,0.951357364654541
5074,0,8,0.31627771258354187
5075,6,6,0.5581901669502258
5076,5,5,0.7430261969566345
5077,0,2,0.5152677297592163
5078,8,8,0.9137150049209595
5079,1,1,0.803634762763977
5080,7,7,0.9685613512992859
5081,5,5,0.4465230107307434
5082,6,6,0.8226014375686646
5083,9,9,0.9082022905349731
5084,3,5,0.7400544285774231
5085,2,2,0.4149858057498932
5086,3,4,0.7043448686599731
5087,9,9,0.8584323525428772
5088,8,5,0.5686159729957581
5089,6,6,0.9190489053726196
5090,1,1,0.5946424603462219
5091,0,0,0.9421143531799316
5092,9,9,0.9706249833106995
5093,0,8,0.737551212310791
5094,9,0,0.34907066822052
5095,8,8,0.9923295378684998
5096,7,0,0.5017863512039185
5097,7,7,0.4009288251399994
5098,5,2,0.4022902846336365
5099,2,2,0.591629147529602
5100,3,5,0.5372951626777649
5101,5,5,0.5540356040000916
5102,5,2,0.4937709867954254
5103,7,7,0.6610062718391418
5104,8,8,0.816504180431366
5105,7,7,0.9214444160461426
5106,6,4,0.37473225593566895
5107,9,9,0.9006089568138123
5108,1,1,0.6763232946395874
5109,9,0,0.5716437101364136
5110,8,8,0.9634212255477905
5111,6,6,0.926888108253479
5112,5,2,0.7372262477874756
5113,6,4,0.8950830101966858
5114,7,7,0.9842265248298645
5115,5,5,0.8094940781593323
5116,6,6,0.33505088090896606
5117,7,7,0.6013233661651611
5118,2,2,0.49758121371269226
5119,5,4,0.3056434690952301
5120,9,9,0.6008179187774658
5121,6,6,0.9920282959938049
5122,6,6,0.7070744633674622
5123,7,7,0.3531588613986969
5124,0,0,0.998487114906311
5125,1,1,0.7166996002197266
5126,0,0,0.4388749897480011
5127,1,1,0.6707354784011841
5128,3,4,0.9124402403831482
5129,2,6,0.8346826434135437
5130,5,3,0.34588316082954407
5131,6,6,0.7759698629379272
5132,1,1,0.515596330165863
5133,2,2,0.8407942652702332
5134,5,6,0.6920493841171265
5135,1,1,0.8252080082893372
5136,9,9,0.9634050726890564
5137,9,9,0.7330467104911804
5138,8,8,0.9139154553413391
5139,6,6,0.9243399500846863
5140,8,8,0.9428196549415588
5141,6,2,0.2523142397403717
5142,8,8,0.8215956091880798
5143,9,9,0.9318596720695496
5144,0,8,0.40774115920066833
5145,4,4,0.8271976709365845
5146,0,2,0.3955420255661011
5147,3,3,0.4759252965450287
5148,3,5,0.5553797483444214
5149,6,6,0.7462567090988159
5150,4,4,0.5979784727096558
5151,9,4,0.3700158894062042
5152,9,8,0.5475288033485413
5153,7,7,0.954145073890686
5154,2,2,0.3220602869987488
5155,3,3,0.6271172165870667
5156,5,8,0.6811438202857971
5157,6,6,0.930060088634491
5158,4,4,0.6846079230308533
5159,6,6,0.7959206700325012
5160,0,0,0.9506977200508118
5161,3,3,0.5149854421615601
5162,7,5,0.4299749732017517
5163,5,5,0.458644300699234
5164,0,0,0.7360391616821289
5165,2,2,0.5523717403411865
5166,9,7,0.25473567843437195
5167,2,2,0.8548813462257385
5168,7,7,0.7621462941169739
5169,2,2,0.879632294178009
5170,9,9,0.9941698312759399
5171,2,2,0.9052440524101257
5172,4,4,0.39890381693840027
5173,0,0,0.9842600226402283
5174,6,6,0.9810973405838013
5175,6,6,0.9148198366165161
5176,3,2,0.3051633834838867
5177,4,4,0.6499536037445068
5178,5,5,0.8061380982398987
5179,5,3,0.5192131996154785
5180,9,9,0.2848720848560333
5181,1,1,0.9161059260368347
5182,1,9,0.6196584105491638
5183,4,4,0.3214547336101532
5184,4,5,0.6416154503822327
5185,3,3,0.35868245363235474
5186,5,5,0.45095306634902954
5187,4,4,0.6841961145401001
5188,8,8,0.7513517737388611
5189,0,0,0.6679002642631531
5190,0,0,0.5634132623672485
5191,3,7,0.2960573434829712
5192,9,1,0.9619155526161194
5193,4,2,0.3859606683254242
5194,7,3,0.45131179690361023
5195,4,4,0.6013175845146179
5196,2,2,0.455753356218338
5197,8,2,0.2596225440502167
5198,3,9,0.20055259764194489
5199,6,6,0.6923501491546631
5200,3,3,0.4009305536746979
5201,1,9,0.38847172260284424
5202,9,9,0.8863195776939392
5203,6,5,0.5152879953384399
5204,3,3,0.7054837346076965
5205,8,0,0.4423827528953552
5206,3,0,0.40459951758384705
5207,8,2,0.42530474066734314
5208,4,4,0.8702288269996643
5209,7,7,0.9972634315490723
5210,5,5,0.6032856702804565
5211,7,7,0.3718999922275543
5212,5,5,0.42444148659706116
5213,3,7,0.2353874295949936
5214,1,1,0.25926047563552856
5215,2,1,0.30994802713394165
5216,6,6,0.9272775650024414
5217,1,1,0.9774289727210999
5218,3,5,0.3518597483634949
5219,2,2,0.4094920754432678
5220,0,0,0.8808329105377197
5221,7,7,0.9234205484390259
5222,5,5,0.6164791584014893
5223,0,0,0.9673265218734741
5224,0,0,0.862058699131012
5225,0,0,0.8766599297523499
5226,1,1,0.9890018701553345
5227,4,4,0.6779572367668152
5228,3,9,0.2899327576160431
5229,5,5,0.6153416633605957
5230,8,8,0.4672398269176483
5231,4,4,0.591736376285553
5232,3,5,0.7380026578903198
5233,1,9,0.6794838905334473
5234,7,7,0.5117967128753662
5235,1,6,0.65982985496521
5236,0,0,0.8440089225769043
5237,4,4,0.5412753224372864
5238,2,0,0.723305881023407
5239,4,4,0.6570218205451965
5240,1,1,0.6480696201324463
5241,4,6,0.7549946308135986
5242,0,0,0.7873477339744568
5243,1,1,0.988800048828125
5244,2,2,0.8120689392089844
5245,1,1,0.9774374961853027
5246,7,5,0.8264519572257996
5247,7,7,0.5913528203964233
5248,9,9,0.9973980188369751
5249,8,8,0.9627724289894104
5250,7,7,0.8852289319038391
5251,5,5,0.7395141124725342
5252,4,4,0.8858552575111389
5253,0,0,0.7022950649261475
5254,9,9,0.7228252291679382
5255,0,0,0.7301856875419617
5256,0,0,0.8546741604804993
5257,8,0,0.5492441654205322
5258,2,5,0.5557375550270081
5259,0,1,0.5647439956665039
5260,0,0,0.991859495639801
5261,2,7,0.44049856066703796
5262,4,4,0.7961499094963074
5263,8,8,0.9428855776786804
5264,6,6,0.8343467116355896
5265,2,2,0.5140371918678284
5266,4,4,0.8485312461853027
5267,6,6,0.7852091193199158
5268,3,3,0.38614070415496826
5269,5,7,0.5468918085098267
5270,1,1,0.9716380834579468
5271,5,5,0.7802656292915344
5272,3,5,0.3236452043056488
5273,7,9,0.47480931878089905
5274,2,4,0.46440207958221436
5275,2,2,0.8815115690231323
5276,9,9,0.4960496425628662
5277,8,0,0.40839898586273193
5278,0,0,0.2584967613220215
5279,0,0,0.8810514211654663
5280,0,0,0.5879037976264954
5281,3,7,0.474336177110672
5282,4,4,0.7338994145393372
5283,4,2,0.6442550420761108
5284,6,6,0.8485302329063416
5285,1,9,0.5539908409118652
5286,6,6,0.9455468654632568
5287,7,5,0.3719204068183899
5288,4,4,0.655414342880249
5289,4,5,0.5766050219535828
5290,3,7,0.370423287153244
5291,9,9,0.7762239575386047
5292,4,7,0.5478712916374207
5293,0,0,0.5689938068389893
5294,8,8,0.992448091506958
5295,0,0,0.9052891135215759
5296,4,4,0.5923907160758972
5297,6,6,0.651115357875824
5298,5,5,0.4706681966781616
5299,7,7,0.992237389087677
5300,9,1,0.8528830409049988
5301,7,7,0.7620977163314819
5302,0,0,0.7910760045051575
5303,5,5,0.7833421230316162
5304,7,4,0.5621954202651978
5305,7,2,0.5817594528198242
5306,3,3,0.44989272952079773
5307,1,1,0.5101225972175598
5308,9,9,0.4609408974647522
5309,3,3,0.4541688561439514
5310,0,8,0.54548579454422
5311,9,2,0.5627497434616089
5312,5,5,0.9853612780570984
5313,3,1,0.28792285919189453
5314,7,9,0.4261547029018402
5315,9,9,0.963430643081665
5316,4,4,0.9087716937065125
5317,4,4,0.7468149065971375
5318,1,0,0.818110466003418
5319,7,7,0.9881430268287659
5320,7,3,0.24857237935066223
5321,1,1,0.7103253602981567
5322,4,4,0.5249390602111816
5323,1,1,0.9950059056282043
5324,2,0,0.3017725348472595
5325,8,8,0.9691768884658813
5326,7,3,0.4152570366859436
5327,0,0,0.20853333175182343
5328,0,8,0.4030666649341583
5329,4,0,0.6784900426864624
5330,7,6,0.4578843116760254
5331,2,2,0.9224494695663452
5332,9,9,0.9569225311279297
5333,7,7,0.9699090719223022
5334,6,6,0.9317961931228638
5335,9,1,0.43552565574645996
5336,3,6,0.6383821964263916
5337,5,5,0.44744884967803955
5338,8,8,0.4138321578502655
5339,0,7,0.48774755001068115
5340,3,4,0.7439098954200745
5341,6,6,0.8041423559188843
5342,8,2,0.43477165699005127
5343,3,5,0.6967310905456543
5344,2,5,0.6107486486434937
5345,4,4,0.6722517609596252
5346,7,7,0.3460170030593872
5347,1,1,0.7428339719772339
5348,1,1,0.7890666723251343
5349,3,3,0.634192168712616
5350,9,9,0.5016883611679077
5351,7,3,0.38349655270576477
5352,5,3,0.5928717255592346
5353,1,1,0.7848803400993347
5354,0,0,0.5277878046035767
5355,8,8,0.9128550887107849
5356,7,7,0.976171612739563
5357,0,8,0.47415897250175476
5358,1,1,0.6184250712394714
5359,6,6,0.8145657777786255
5360,9,9,0.5789744257926941
5361,3,8,0.23404881358146667
5362,2,2,0.6584630608558655
5363,7,7,0.6822836399078369
5364,7,7,0.5890319347381592
5365,8,8,0.3954048752784729
5366,1,9,0.4601078927516937
5367,0,0,0.5169567465782166
5368,3,4,0.25198855996131897
5369,4,2,0.5836111903190613
5370,6,3,0.38862913846969604
5371,7,7,0.34753915667533875
5372,5,8,0.36205849051475525
5373,2,2,0.7999416589736938
5374,0,8,0.6528529524803162
5375,1,1,0.5022176504135132
5376,5,5,0.8732696175575256
5377,5,5,0.24829794466495514
5378,1,9,0.6772099137306213
5379,4,2,0.5423598289489746
5380,1,1,0.5744407773017883
5381,3,3,0.5738174319267273
5382,0,0,0.8479154109954834
5383,8,8,0.9871271848678589
5384,6,6,0.9910428524017334
5385,2,3,0.3941850960254669
5386,1,1,0.9306089878082275
5387,3,6,0.41797009110450745
5388,6,5,0.26546695828437805
5389,4,4,0.6469069719314575
5390,1,1,0.5410642027854919
5391,9,9,0.7952545285224915
5392,0,0,0.7227442264556885
5393,4,4,0.2960366904735565
5394,1,1,0.9169659614562988
5395,0,0,0.8696880340576172
5396,1,9,0.9292200207710266
5397,9,8,0.5960503220558167
5398,8,5,0.23725983500480652
5399,6,3,0.71209716796875
5400,9,9,0.5713611841201782
5401,2,0,0.7586778998374939
5402,4,4,0.8253303170204163
5403,7,7,0.6860476136207581
5404,2,2,0.5502682328224182
5405,2,0,0.6354014277458191
5406,7,7,0.4836200177669525
5407,4,4,0.5141687393188477
5408,9,9,0.4692714810371399
5409,1,1,0.8442598581314087
5410,3,5,0.40782636404037476
5411,2,6,0.8145787119865417
5412,6,6,0.9821696877479553
5413,3,5,0.940173327922821
5414,4,4,0.8690008521080017
5415,4,4,0.7461296916007996
5416,9,1,0.5750026702880859
5417,4,4,0.5550105571746826
5418,8,8,0.8401294946670532
5419,2,6,0.91823810338974
5420,6,6,0.9957042336463928
5421,6,6,0.49148574471473694
5422,1,1,0.7126569151878357
5423,6,6,0.9959108829498291
5424,3,5,0.5547364950180054
5425,6,6,0.3694973886013031
5426,5,5,0.5243537425994873
5427,8,8,0.6967638731002808
5428,4,7,0.2911395728588104
5429,6,6,0.9963425993919373
5430,7,7,0.8990209698677063
5431,1,1,0.9080702662467957
5432,9,9,0.34750115871429443
5433,3,5,0.5493692755699158
5434,6,6,0.6613640785217285
5435,7,4,0.5155860185623169
5436,6,6,0.907859206199646
5437,0,0,0.4331662654876709
5438,7,4,0.5702863931655884
5439,1,1,0.9860511422157288
5440,9,9,0.9851917028427124
5441,5,5,0.5773198008537292
5442,2,2,0.3142300248146057
5443,6,6,0.9182063937187195
5444,7,7,0.7243367433547974
5445,7,7,0.9130449891090393
5446,6,3,0.4875098764896393
5447,5,5,0.7261433005332947
5448,9,9,0.9517700672149658
5449,1,1,0.8898343443870544
5450,5,3,0.6005899310112
5451,6,6,0.9789444208145142
5452,0,0,0.9045724868774414
5453,2,2,0.8660500049591064
5454,0,0,0.9006457328796387
5455,9,4,0.28197452425956726
5456,1,8,0.43912607431411743
5457,8,8,0.9938158988952637
5458,3,6,0.32046133279800415
5459,5,5,0.3118310868740082
5460,0,5,0.3659474551677704
5461,0,3,0.7643972039222717
5462,0,0,0.5940777063369751
5463,5,5,0.5688081383705139
5464,7,7,0.6016716957092285
5465,7,7,0.594375729560852
5466,8,2,0.34673482179641724
5467,5,5,0.6667258143424988
5468,5,5,0.5133727788925171
5469,5,6,0.41503018140792847
5470,1,1,0.6503199934959412
5471,6,6,0.7429972290992737
5472,1,1,0.4372809827327728
5473,5,5,0.6723513603210449
5474,1,3,0.5143048167228699
5475,0,0,0.9320889115333557
5476,6,6,0.9294728636741638
5477,2,0,0.4360767602920532
5478,3,3,0.9003334045410156
5479,2,2,0.48956823348999023
5480,1,1,0.9842325448989868
5481,7,7,0.3471396863460541
5482,5,7,0.656967282295227
5483,1,1,0.7695977687835693
5484,9,9,0.7516706585884094
5485,8,8,0.9712958335876465
5486,3,2,0.6977876424789429
5487,6,5,0.4137483537197113
5488,9,9,0.6541686058044434
5489,7,7,0.9138380885124207
5490,3,5,0.4499483108520508
5491,0,0,0.91305011510849
5492,2,2,0.597779393196106
5493,3,7,0.27889934182167053
5494,9,9,0.9636504650115967
5495,4,7,0.7998942136764526
5496,4,6,0.783307671546936
5497,3,2,0.3901880383491516
5498,9,1,0.6410409212112427
5499,6,6,0.7062913179397583
5500,8,1,0.37844979763031006
5501,6,6,0.9218863248825073
5502,6,6,0.8509117364883423
5503,8,8,0.9581031799316406
5504,5,2,0.27104154229164124
5505,4,6,0.5089046955108643
5506,3,5,0.27676868438720703
5507,6,4,0.4184195101261139
5508,7,7,0.835651159286499
5509,7,7,0.6543749570846558
5510,4,4,0.7082199454307556
5511,3,6,0.9664586782455444
5512,9,7,0.3739605247974396
5513,6,6,0.952118992805481
5514,2,2,0.8203949928283691
5515,4,4,0.3256874978542328
5516,0,0,0.49349820613861084
5517,1,5,0.5418291687965393
5518,3,8,0.26051202416419983
5519,6,6,0.8514612317085266
5520,4,3,0.40283697843551636
5521,9,9,0.8405532836914062
5522,2,5,0.6621248722076416
5523,6,6,0.9082970023155212
5524,0,0,0.8391304016113281
5525,3,7,0.45498594641685486
5526,8,8,0.9671440720558167
5527,7,7,0.5400099754333496
5528,5,7,0.5307543277740479
5529,3,8,0.589089572429657
5530,3,6,0.29344406723976135
5531,8,8,0.990259051322937
5532,3,5,0.618804395198822
5533,2,2,0.8183709383010864
5534,6,6,0.630366325378418
5535,3,3,0.43969371914863586
5536,6,5,0.35349124670028687
5537,2,3,0.34698906540870667
5538,7,2,0.31071358919143677
5539,4,3,0.5309641361236572
5540,5,5,0.4847305417060852
5541,7,7,0.9825584888458252
5542,9,9,0.6404914855957031
5543,0,0,0.9915887713432312
5544,0,1,0.31503522396087646
5545,6,6,0.9523021578788757
5546,7,7,0.9906189441680908
5547,2,3,0.33409184217453003
5548,8,2,0.5692921280860901
5549,5,2,0.5078452825546265
5550,5,5,0.6079689860343933
5551,7,5,0.26248711347579956
5552,5,5,0.7114353179931641
5553,5,5,0.5481583476066589
5554,9,8,0.4429491460323334
5555,4,3,0.3467552959918976
5556,6,6,0.7846331000328064
5557,4,4,0.673169732093811
5558,7,5,0.6366555690765381
5559,3,2,0.4880628287792206
5560,3,5,0.42188990116119385
5561,6,6,0.9935728311538696
5562,4,2,0.551531970500946
5563,1,1,0.42673981189727783
5564,6,6,0.987684965133667
5565,3,4,0.5278739929199219
5566,1,1,0.9239351749420166
5567,6,6,0.713973343372345
5568,7,7,0.9864894151687622
5569,0,1,0.2643526494503021
5570,5,5,0.9596468210220337
5571,0,7,0.6241031289100647
5572,1,9,0.8008953928947449
5573,9,3,0.27240002155303955
5574,7,7,0.9883334636688232
5575,3,3,0.6274785995483398
5576,5,5,0.6509487628936768
5577,2,4,0.6300633549690247
5578,3,3,0.6700974106788635
5579,9,9,0.5491330623626709
5580,5,5,0.4775772988796234
5581,6,3,0.4982098937034607
5582,4,5,0.5739386677742004
5583,0,0,0.8969933986663818
5584,0,0,0.9938726425170898
5585,0,0,0.6185506582260132
5586,8,0,0.4699276089668274
5587,0,0,0.9269649982452393
5588,3,3,0.48180297017097473
5589,2,2,0.814771294593811
5590,4,4,0.7200007438659668
5591,5,5,0.58607017993927
5592,3,3,0.43179285526275635
5593,7,7,0.6021268963813782
5594,9,9,0.607672929763794
5595,6,6,0.6184664368629456
5596,9,9,0.5759458541870117
5597,3,8,0.9026355147361755
5598,1,1,0.9589064121246338
5599,2,2,0.618328332901001
5600,6,6,0.5717737674713135
5601,7,7,0.6860049366950989
5602,4,4,0.6182945370674133
5603,5,7,0.5794874429702759
5604,1,1,0.9850274324417114
5605,3,3,0.6515399813652039
5606,7,7,0.9325680136680603
5607,6,1,0.4166298508644104
5608,9,9,0.9774510264396667
5609,5,4,0.21541187167167664
5610,8,8,0.3557935357093811
5611,5,5,0.4286402463912964
5612,8,8,0.9935548901557922
5613,5,5,0.30442529916763306
5614,8,8,0.7186381816864014
5615,5,5,0.3568326234817505
5616,6,6,0.9279465675354004
5617,5,5,0.8819687962532043
5618,0,9,0.870298445224762
5619,8,8,0.9144150018692017
5620,3,5,0.4634377062320709
5621,8,9,0.9210734963417053
5622,1,1,0.9338436126708984
5623,8,8,0.9956205487251282
5624,1,1,0.9385496973991394
5625,5,5,0.8320192694664001
5626,0,2,0.3514367640018463
5627,9,9,0.8921637535095215
5628,8,1,0.9598358273506165
5629,6,6,0.8291016221046448
5630,3,4,0.35361185669898987
5631,6,3,0.3689906597137451
5632,3,1,0.3729691207408905
5633,4,2,0.4253913164138794
5634,4,2,0.4382431209087372
5635,7,7,0.967254102230072
5636,4,4,0.7407289743423462
5637,7,7,0.7335760593414307
5638,4,4,0.7858044505119324
5639,3,2,0.41571879386901855
5640,2,5,0.46690237522125244
5641,4,6,0.6985396146774292
5642,5,7,0.7036027312278748
5643,5,5,0.7942278981208801
5644,7,7,0.4560700058937073
5645,5,3,0.40745243430137634
5646,4,8,0.9516670107841492
5647,5,3,0.5717930197715759
5648,8,8,0.33733856678009033
5649,0,0,0.49475181102752686
5650,5,4,0.3059546649456024
5651,4,4,0.4882031977176666
5652,0,0,0.9604845643043518
5653,5,5,0.9528089165687561
5654,4,4,0.6779208779335022
5655,3,3,0.30550017952919006
5656,3,2,0.290265828371048
5657,2,2,0.6469475626945496
5658,4,4,0.44480836391448975
5659,2,5,0.3757558763027191
5660,9,9,0.9257249236106873
5661,4,7,0.8591587543487549
5662,8,2,0.49982064962387085
5663,8,8,0.9253776669502258
5664,6,6,0.6620708107948303
5665,2,0,0.7624492049217224
5666,6,6,0.9339179396629333
5667,1,1,0.6361578702926636
5668,7,7,0.9662377834320068
5669,0,0,0.6959951519966125
5670,4,7,0.8158692121505737
5671,3,3,0.4362519681453705
5672,8,8,0.9584333300590515
5673,5,5,0.7963115572929382
5674,9,8,0.4020727872848511
5675,7,2,0.45455190539360046
5676,6,6,0.8181568384170532
5677,7,7,0.8850712776184082
5678,1,6,0.30269500613212585
5679,0,0,0.48575708270072937
5680,2,2,0.40601563453674316
5681,3,5,0.4186258316040039
5682,5,5,0.36121666431427
5683,6,6,0.43885356187820435
5684,7,7,0.9086958765983582
5685,1,1,0.7160084843635559
5686,6,4,0.30726686120033264
5687,2,0,0.6629871129989624
5688,8,8,0.9754948616027832
5689,3,9,0.3577980399131775
5690,7,5,0.4151478111743927
5691,2,2,0.3205097019672394
5692,5,3,0.49243825674057007
5693,7,7,0.7738553285598755
5694,5,5,0.8839740753173828
5695,7,7,0.8651504516601562
5696,7,7,0.844710648059845
5697,1,1,0.6727524995803833
5698,7,5,0.2802879810333252
5699,4,4,0.9144060015678406
5700,3,5,0.41585999727249146
5701,3,3,0.7443410158157349
5702,4,4,0.771803617477417
5703,0,1,0.6277216076850891
5704,4,4,0.7223357558250427
5705,2,2,0.9135420322418213
5706,7,7,0.9808490872383118
5707,0,0,0.9509573578834534
5708,2,5,0.60751873254776
5709,2,5,0.4888325333595276
5710,6,6,0.7018511295318604
5711,6,6,0.7566121220588684
5712,2,2,0.7402210235595703
5713,5,5,0.6881170868873596
5714,2,2,0.4059869945049286
5715,6,6,0.9614118933677673
5716,0,0,0.9610320925712585
5717,6,6,0.3229479491710663
5718,1,1,0.961881697177887
5719,2,7,0.47702234983444214
5720,9,9,0.983308732509613
5721,0,0,0.7550215721130371
5722,0,0,0.5669950246810913
5723,1,1,0.9915762543678284
5724,5,5,0.7802919149398804
5725,5,5,0.39730358123779297
5726,1,1,0.9175442457199097
5727,6,6,0.45893701910972595
5728,7,7,0.989448070526123
5729,8,1,0.44985032081604004
5730,5,4,0.2681744396686554
5731,6,6,0.9321233034133911
5732,3,3,0.6570786237716675
5733,3,3,0.3568456172943115
5734,6,6,0.5975105166435242
5735,0,0,0.8426459431648254
5736,9,9,0.5180487632751465
5737,9,9,0.6424111723899841
5738,2,2,0.4620538055896759
5739,2,6,0.5027965903282166
5740,6,6,0.6096278429031372
5741,1,8,0.46626073122024536
5742,4,6,0.3092416524887085
5743,6,6,0.5782403945922852
5744,2,2,0.6630519032478333
5745,5,5,0.4064367115497589
5746,7,7,0.7860928177833557
5747,8,8,0.818586528301239
5748,8,8,0.6766294240951538
5749,5,5,0.5913339853286743
5750,6,6,0.7673506736755371
5751,4,2,0.34625694155693054
5752,3,3,0.2607205808162689
5753,2,2,0.5775710344314575
5754,3,5,0.6298257112503052
5755,4,4,0.35771092772483826
5756,4,7,0.3065556287765503
5757,4,4,0.6031889319419861
5758,8,8,0.570561408996582
5759,9,9,0.9173097014427185
5760,2,2,0.8051874041557312
5761,6,6,0.9882500171661377
5762,0,8,0.8952885270118713
5763,9,9,0.9035423994064331
5764,7,7,0.9840255379676819
5765,9,9,0.9770132899284363
5766,8,8,0.8442507386207581
5767,7,7,0.8439317345619202
5768,7,7,0.9181764721870422
5769,3,3,0.576384425163269
5770,8,8,0.8960579037666321
5771,2,6,0.5231375098228455
5772,9,9,0.8067356944084167
5773,3,3,0.4099273085594177
5774,5,5,0.2751010060310364
5775,7,7,0.8526752591133118
5776,5,5,0.38173219561576843
5777,8,8,0.971630871295929
5778,7,7,0.9888829588890076
5779,3,3,0.4544280767440796
5780,7,7,0.9642733335494995
5781,0,8,0.35737279057502747
5782,7,7,0.994644284248352
5783,1,0,0.6936069130897522
5784,6,6,0.6393620371818542
5785,2,2,0.8429293632507324
5786,4,2,0.47255632281303406
5787,0,9,0.5543016195297241
5788,0,0,0.9236397743225098
5789,2,2,0.48332878947257996
5790,9,9,0.5576794743537903
5791,8,8,0.5593366622924805
5792,2,6,0.45002561807632446
5793,8,8,0.8945045471191406
5794,7,7,0.29749932885169983
5795,7,4,0.5070683360099792
5796,5,5,0.390967458486557
5797,5,2,0.6109265685081482
5798,0,0,0.4231647551059723
5799,1,1,0.6041659712791443
5800,2,2,0.4052225649356842
5801,9,1,0.6844626069068909
5802,6,4,0.5201748609542847
5803,1,1,0.854472279548645
5804,0,0,0.6599984169006348
5805,1,1,0.9287424683570862
5806,0,0,0.8779706954956055
5807,6,6,0.9107470512390137
5808,5,5,0.5661531686782837
5809,0,3,0.3952048420906067
5810,5,5,0.4829738140106201
5811,7,7,0.46492311358451843
5812,4,4,0.42406782507896423
5813,4,4,0.6493030190467834
5814,8,2,0.5008140802383423
5815,3,3,0.3597150146961212
5816,5,5,0.5714023113250732
5817,3,4,0.41025954484939575
5818,7,7,0.996448278427124
5819,2,0,0.5475612878799438
5820,5,5,0.7682194709777832
5821,8,4,0.7071558237075806
5822,3,2,0.3389960825443268
5823,5,5,0.909295380115509
5824,7,7,0.40457215905189514
5825,3,6,0.3071839511394501
5826,7,7,0.7004163265228271
5827,0,0,0.5853754878044128
5828,5,5,0.984180212020874
5829,4,4,0.8498212695121765
5830,5,6,0.4021686911582947
5831,6,8,0.24261130392551422
5832,9,9,0.592746376991272
5833,3,2,0.4676940441131592
5834,5,5,0.6616120338439941
5835,3,2,0.44511279463768005
5836,8,1,0.5488450527191162
5837,2,3,0.4285871982574463
5838,4,9,0.4297676086425781
5839,2,6,0.7021613121032715
5840,2,2,0.6844973564147949
5841,6,6,0.9055163264274597
5842,7,5,0.3762821555137634
5843,6,6,0.973821222782135
5844,0,0,0.8020147681236267
5845,5,5,0.9165111184120178
5846,5,5,0.8949660658836365
5847,8,1,0.5527498722076416
5848,4,5,0.41853395104408264
5849,5,2,0.3551481068134308
5850,6,2,0.5486988425254822
5851,1,1,0.7535010576248169
5852,3,5,0.5555091500282288
5853,5,5,0.4849049746990204
5854,4,5,0.3529340624809265
5855,7,2,0.3531017601490021
5856,3,5,0.8338200449943542
5857,0,8,0.9269806146621704
5858,7,7,0.9894000887870789
5859,2,2,0.7835921049118042
5860,0,0,0.8090080618858337
5861,1,1,0.4309404194355011
5862,2,5,0.5147673487663269
5863,4,4,0.7489548325538635
5864,9,1,0.7930124402046204
5865,6,6,0.7761755585670471
5866,4,4,0.9209380149841309
5867,5,5,0.6579923629760742
5868,9,8,0.4938695728778839
5869,7,7,0.3450417220592499
5870,7,7,0.8295513987541199
5871,6,5,0.3679109513759613
5872,7,5,0.2449561059474945
5873,4,4,0.39437344670295715
5874,3,3,0.5579941868782043
5875,1,1,0.9944215416908264
5876,6,4,0.37731119990348816
5877,9,9,0.9922847747802734
5878,4,2,0.5071812272071838
5879,8,8,0.976824939250946
5880,0,8,0.7823007106781006
5881,3,5,0.6491260528564453
5882,1,9,0.7076854109764099
5883,6,4,0.38836589455604553
5884,4,4,0.499689519405365
5885,4,4,0.8508261442184448
5886,2,2,0.3639945089817047
5887,1,1,0.9716863632202148
5888,4,5,0.6744354367256165
5889,6,2,0.7079483866691589
5890,3,2,0.3736925721168518
5891,0,0,0.6789636015892029
5892,8,8,0.9088672995567322
5893,9,0,0.4553353786468506
5894,7,4,0.4035578668117523
5895,6,6,0.9756187200546265
5896,8,9,0.7325011491775513
5897,4,4,0.841277539730072
5898,8,6,0.555101752281189
5899,1,1,0.9778108596801758
5900,4,5,0.33306705951690674
5901,5,6,0.3537791073322296
5902,9,9,0.7971931099891663
5903,4,0,0.7772486209869385
5904,7,6,0.41616585850715637
5905,1,1,0.9646152853965759
5906,4,4,0.8520519137382507
5907,5,5,0.5237882733345032
5908,3,7,0.6181150674819946
5909,1,9,0.8433458805084229
5910,2,5,0.3624500632286072
5911,6,6,0.8755932450294495
5912,4,4,0.7179719805717468
5913,7,7,0.9976689219474792
5914,1,8,0.7865316867828369
5915,5,6,0.5408584475517273
5916,9,9,0.9169071912765503
5917,3,4,0.6859385967254639
5918,1,1,0.8443295359611511
5919,4,0,0.4656383991241455
5920,8,8,0.5863564014434814
5921,7,7,0.8711728453636169
5922,7,7,0.8666225075721741
5923,0,1,0.919611394405365
5924,4,7,0.28093037009239197
5925,3,7,0.5942663550376892
5926,4,2,0.32377246022224426
5927,6,6,0.6980938911437988
5928,7,7,0.810680627822876
5929,7,7,0.9766187071800232
5930,5,2,0.36304938793182373
5931,4,7,0.30982810258865356
5932,4,4,0.6993011832237244
5933,4,4,0.7036042809486389
5934,3,7,0.9623060822486877
5935,6,6,0.9966492056846619
5936,6,6,0.9010356664657593
5937,1,1,0.9179839491844177
5938,9,9,0.5974071025848389
5939,9,1,0.49483364820480347
5940,7,4,0.3148866891860962
5941,9,9,0.9187511801719666
5942,4,4,0.6847707629203796
5943,3,2,0.5613243579864502
5944,2,2,0.5785302519798279
5945,9,7,0.4767318069934845
5946,8,8,0.4320662319660187
5947,5,5,0.9746404886245728
5948,0,0,0.7538659572601318
5949,6,6,0.9914392232894897
5950,9,9,0.5594744086265564
5951,0,0,0.9943476319313049
5952,9,9,0.7869665622711182
5953,7,7,0.6962243318557739
5954,8,8,0.8501480221748352
5955,5,0,0.29977816343307495
5956,4,2,0.5239793658256531
5957,4,6,0.32350847125053406
5958,9,9,0.7182562947273254
5959,4,2,0.46690818667411804
5960,2,6,0.5194080471992493
5961,6,6,0.9253641963005066
5962,6,6,0.7000394463539124
5963,9,9,0.9000977873802185
5964,9,1,0.5024682879447937
5965,7,7,0.974818229675293
5966,9,9,0.9865135550498962
5967,9,9,0.9855077862739563
5968,0,2,0.404593288898468
5969,5,2,0.5164359211921692
5970,1,1,0.96342933177948
5971,1,1,0.9862712621688843
5972,8,0,0.5160319805145264
5973,6,6,0.6590625643730164
5974,9,9,0.983758807182312
5975,9,9,0.842223048210144
5976,5,5,0.6861170530319214
5977,6,6,0.9815472364425659
5978,5,5,0.8831169605255127
5979,5,5,0.4405498802661896
5980,9,9,0.9561063051223755
5981,7,7,0.8642778992652893
5982,9,9,0.6683038473129272
5983,4,7,0.7218882441520691
5984,5,3,0.5500742793083191
5985,4,4,0.783886730670929
5986,3,5,0.3997040390968323
5987,3,5,0.35125574469566345
5988,9,9,0.9974315762519836
5989,8,8,0.9792431592941284
5990,8,8,0.6972770094871521
5991,3,5,0.24426482617855072
5992,4,7,0.8777062296867371
5993,8,8,0.9922916293144226
5994,4,7,0.3022947609424591
5995,0,0,0.6733530163764954
5996,4,2,0.525951087474823
5997,0,0,0.5446473360061646
5998,7,7,0.6784974336624146
5999,2,2,0.37518343329429626
6000,8,8,0.5983965992927551
6001,0,0,0.6626619696617126
6002,2,2,0.9576926231384277
6003,0,0,0.9875116348266602
6004,7,7,0.5813103914260864
6005,4,4,0.4067290723323822
6006,0,0,0.3131903111934662
6007,6,6,0.9870564937591553
6008,3,2,0.8977760076522827
6009,3,7,0.32474666833877563
6010,1,5,0.476579487323761
6011,7,5,0.5580428838729858
6012,4,4,0.4745675027370453
6013,6,6,0.947028636932373
6014,5,7,0.26148197054862976
6015,0,8,0.353958398103714
6016,4,2,0.32723474502563477
6017,9,9,0.6047893166542053
6018,5,6,0.3724893033504486
6019,6,6,0.9759966135025024
6020,6,6,0.7053638696670532
6021,3,5,0.6212931871414185
6022,0,0,0.45238447189331055
6023,5,3,0.6019752621650696
6024,2,4,0.4293569028377533
6025,6,7,0.43736502528190613
6026,3,3,0.7153782248497009
6027,3,3,0.7791348099708557
6028,8,8,0.3668653666973114
6029,0,0,0.8102287650108337
6030,8,1,0.5187808871269226
6031,5,5,0.7504699230194092
6032,4,4,0.8097823262214661
6033,2,2,0.7516149878501892
6034,9,9,0.35005977749824524
6035,5,5,0.2634671926498413
6036,0,0,0.9895798563957214
6037,5,5,0.6411653757095337
6038,4,4,0.6138335466384888
6039,8,8,0.5067471861839294
6040,2,2,0.6029952764511108
6041,7,2,0.41826170682907104
6042,6,6,0.8404815196990967
6043,5,5,0.731866180896759
6044,7,7,0.315504789352417
6045,8,8,0.993694007396698
6046,2,2,0.6364560127258301
6047,0,0,0.9845291972160339
6048,1,1,0.962759256362915
6049,8,8,0.9930993318557739
6050,2,4,0.2937178313732147
6051,4,4,0.566725492477417
6052,8,8,0.9938693046569824
6053,4,4,0.43622371554374695
6054,3,2,0.2673864960670471
6055,0,0,0.8634880185127258
6056,4,4,0.45391175150871277
6057,0,0,0.6455271244049072
6058,1,1,0.904920756816864
6059,9,9,0.9703970551490784
6060,3,3,0.4656631052494049
6061,0,0,0.3749683201313019
6062,3,7,0.5140580534934998
6063,6,3,0.43560582399368286
6064,5,5,0.6153210401535034
6065,5,2,0.698581337928772
6066,2,6,0.4507010877132416
6067,8,8,0.6533493399620056
6068,5,3,0.39946967363357544
6069,0,0,0.7430166602134705
6070,8,9,0.44808435440063477
6071,7,4,0.6614916920661926
6072,5,5,0.4822708070278168
6073,2,2,0.434108704328537
6074,4,4,0.7399303317070007
6075,3,6,0.5911060571670532
6076,7,7,0.8551629185676575
6077,0,0,0.285232812166214
6078,2,2,0.5470085740089417
6079,3,3,0.5462517738342285
6080,1,1,0.9061489701271057
6081,0,2,0.3311055600643158
6082,0,0,0.4691091477870941
6083,2,2,0.4596964120864868
6084,1,1,0.9700376391410828
6085,2,3,0.36526867747306824
6086,1,1,0.6780141592025757
6087,4,4,0.6782074570655823
6088,6,6,0.9066306948661804
6089,7,4,0.5956428050994873
6090,1,1,0.6753221750259399
6091,0,8,0.6359056830406189
6092,5,5,0.5156533718109131
6093,2,2,0.3557158410549164
6094,5,4,0.3144868016242981
6095,9,9,0.5954182147979736
6096,2,2,0.5246259570121765
6097,5,5,0.7865063548088074
6098,6,6,0.8604029417037964
6099,7,7,0.8752338290214539
6100,1,1,0.8679414987564087
6101,9,9,0.5274996161460876
6102,3,3,0.32441794872283936
6103,6,6,0.9207139015197754
6104,1,1,0.9964148998260498
6105,0,0,0.984438955783844
6106,2,2,0.9623168110847473
6107,9,9,0.9741305112838745
6108,4,5,0.43254703283309937
6109,2,2,0.9029273986816406
6110,9,9,0.9887729287147522
6111,3,0,0.4317140579223633
6112,8,8,0.867290198802948
6113,2,5,0.5714629888534546
6114,9,9,0.8010868430137634
6115,8,8,0.8786996603012085
6116,5,5,0.716718852519989
6117,1,1,0.9656850099563599
6118,0,0,0.5334901213645935
6119,1,1,0.9935298562049866
6120,5,5,0.7643511891365051
6121,2,5,0.8696303963661194
6122,5,4,0.34980058670043945
6123,6,6,0.9372093081474304
6124,8,0,0.42718052864074707
6125,8,9,0.640753984451294
6126,3,3,0.6919181942939758
6127,5,2,0.6367918252944946
6128,0,0,0.8460482358932495
6129,4,3,0.3187407851219177
6130,1,8,0.37448620796203613
6131,3,6,0.44064444303512573
6132,7,7,0.5936113595962524
6133,0,0,0.7327988743782043
6134,3,2,0.5112612843513489
6135,3,3,0.3078068494796753
6136,9,2,0.2879652976989746
6137,2,2,0.47094208002090454
6138,3,2,0.7870281338691711
6139,9,9,0.6071685552597046
6140,9,9,0.8832120895385742
6141,8,8,0.9727764129638672
6142,5,5,0.556185781955719
6143,9,9,0.7559716701507568
6144,7,5,0.4750179648399353
6145,2,3,0.6824824213981628
6146,0,8,0.36648866534233093
6147,9,9,0.9481157660484314
6148,4,4,0.7614747881889343
6149,7,7,0.9635187387466431
6150,1,1,0.6155135035514832
6151,7,4,0.4841359853744507
6152,6,6,0.9007628560066223
6153,4,7,0.7549743056297302
6154,4,4,0.3697932958602905
6155,8,0,0.8850582838058472
6156,9,9,0.9541097283363342
6157,0,2,0.45673805475234985
6158,7,0,0.4408574402332306
6159,1,1,0.9364345669746399
6160,2,2,0.3456602692604065
6161,4,4,0.4903516173362732
6162,0,3,0.21256768703460693
6163,3,5,0.48110896348953247
6164,7,4,0.29260557889938354
6165,5,3,0.4228738248348236
6166,1,1,0.4210735559463501
6167,9,7,0.26044565439224243
6168,3,5,0.5982964634895325
6169,5,5,0.2973424792289734
6170,2,2,0.6269904375076294
6171,4,4,0.6825258731842041
6172,1,1,0.495430052280426
6173,1,1,0.9889657497406006
6174,3,5,0.5130624771118164
6175,3,3,0.5258369445800781
6176,9,9,0.8577237129211426
6177,2,5,0.3441188931465149
6178,5,7,0.4377075731754303
6179,8,8,0.8933843970298767
6180,0,2,0.669127881526947
6181,8,1,0.7163115739822388
6182,1,1,0.9749235510826111
6183,5,5,0.8694521188735962
6184,1,1,0.9737507104873657
6185,5,7,0.37674835324287415
6186,9,9,0.7881767749786377
6187,0,0,0.8075778484344482
6188,9,1,0.5464611649513245
6189,2,2,0.8032221794128418
6190,4,4,0.7139677405357361
6191,0,2,0.6286556124687195
6192,6,6,0.889586329460144
6193,9,9,0.9385820627212524
6194,1,0,0.5449942350387573
6195,1,7,0.3350192606449127
6196,3,8,0.36501988768577576
6197,4,3,0.3548443019390106
6198,9,9,0.9849625825881958
6199,5,5,0.8584230542182922
6200,3,9,0.37978440523147583
6201,3,3,0.3292757272720337
6202,3,2,0.6238560676574707
6203,3,2,0.7148122191429138
6204,4,7,0.8604447245597839
6205,1,1,0.9048135876655579
6206,5,3,0.6895784735679626
6207,9,9,0.9410186409950256
6208,8,8,0.942385733127594
6209,7,7,0.9627958536148071
6210,4,3,0.5471525192260742
6211,8,8,0.9218664765357971
6212,7,7,0.9615728855133057
6213,3,4,0.38577672839164734
6214,5,5,0.6257251501083374
6215,2,0,0.4342794120311737
6216,5,5,0.599802553653717
6217,8,8,0.9235021471977234
6218,9,6,0.6974391341209412
6219,7,7,0.969661295413971
6220,2,5,0.524783194065094
6221,0,8,0.56825190782547
6222,0,0,0.9401662349700928
6223,7,7,0.9470934867858887
6224,5,5,0.9347172975540161
6225,3,6,0.40880268812179565
6226,5,5,0.623823344707489
6227,7,5,0.6058925986289978
6228,4,7,0.9417486190795898
6229,6,6,0.8989247679710388
6230,2,2,0.7274441719055176
6231,8,1,0.28672176599502563
6232,2,6,0.515019416809082
6233,7,7,0.9969422221183777
6234,7,2,0.26824989914894104
6235,6,3,0.4481501877307892
6236,1,9,0.4809019863605499
6237,3,5,0.4597935974597931
6238,8,8,0.9884968996047974
6239,6,6,0.8765536546707153
6240,2,2,0.7242245674133301
6241,0,0,0.6511154174804688
6242,4,0,0.8200826048851013
6243,4,4,0.4761715829372406
6244,8,8,0.5315405130386353
6245,6,7,0.3569047451019287
6246,4,4,0.9171295762062073
6247,0,0,0.7526121139526367
6248,2,2,0.7991293668746948
6249,5,5,0.610545814037323
6250,4,4,0.42490482330322266
6251,1,9,0.5511317849159241
6252,2,2,0.6262316703796387
6253,5,4,0.8627327084541321
6254,4,4,0.8338530659675598
6255,6,4,0.4035966992378235
6256,9,9,0.9383394122123718
6257,5,5,0.5363366007804871
6258,0,0,0.4889296591281891
6259,5,5,0.8764568567276001
6260,2,2,0.38450294733047485
6261,0,2,0.7499145865440369
6262,8,8,0.8033490777015686
6263,2,2,0.6267459392547607
6264,6,4,0.5648362636566162
6265,4,4,0.8361027240753174
6266,7,7,0.9889645576477051
6267,9,9,0.4313935935497284
6268,5,5,0.3938676416873932
6269,7,7,0.7654922008514404
6270,2,6,0.8380159735679626
6271,6,6,0.4207105040550232
6272,2,5,0.6627047061920166
6273,1,2,0.29480889439582825
6274,9,9,0.7093533873558044
6275,9,9,0.6278929710388184
6276,7,7,0.7786568999290466
6277,2,4,0.3420911431312561
6278,5,5,0.37130823731422424
6279,1,1,0.9350350499153137
6280,8,4,0.3079701066017151
6281,1,1,0.9212056994438171
6282,6,4,0.4454934000968933
6283,3,3,0.6307265162467957
6284,0,0,0.716063380241394
6285,8,0,0.5634833574295044
6286,8,8,0.6243171095848083
6287,5,5,0.42512422800064087
6288,6,6,0.969459593296051
6289,9,9,0.8499109745025635
6290,9,0,0.38955777883529663
6291,9,9,0.9602803587913513
6292,6,2,0.6153264045715332
6293,3,7,0.3925413489341736
6294,0,0,0.9602308869361877
6295,8,8,0.9036415815353394
6296,8,8,0.9565570950508118
6297,5,5,0.9532056450843811
6298,3,5,0.49510157108306885
6299,3,3,0.32230979204177856
6300,1,1,0.41513875126838684
6301,1,1,0.7360898852348328
6302,0,9,0.6084609031677246
6303,7,7,0.5509788393974304
6304,0,0,0.9660854935646057
6305,6,7,0.2599971294403076
6306,0,0,0.9739952087402344
6307,4,2,0.23906764388084412
6308,4,4,0.767822265625
6309,6,6,0.9726836681365967
6310,5,5,0.9819970726966858
6311,3,3,0.5909172892570496
6312,2,2,0.6882675886154175
6313,9,9,0.9091027975082397
6314,6,6,0.9695155024528503
6315,6,7,0.32258060574531555
6316,7,7,0.9320158958435059
6317,9,7,0.8018566370010376
6318,7,7,0.9517877697944641
6319,7,7,0.9216544032096863
6320,0,0,0.4637645184993744
6321,8,8,0.5752664804458618
6322,4,7,0.98634272813797
6323,2,2,0.66858971118927
6324,7,7,0.9721937775611877
6325,7,7,0.9890402555465698
6326,7,4,0.555677592754364
6327,4,4,0.8836449980735779
6328,0,0,0.7929754853248596
6329,1,5,0.3040057420730591
6330,6,6,0.7385280728340149
6331,0,0,0.7793846130371094
6332,5,7,0.4714861512184143
6333,3,3,0.8779513835906982
6334,0,2,0.5397626161575317
6335,2,2,0.5981207489967346
6336,4,4,0.8357152342796326
6337,9,9,0.9930395483970642
6338,7,5,0.6090165376663208
6339,3,3,0.401156485080719
6340,3,6,0.37907105684280396
6341,2,2,0.2776196599006653
6342,8,8,0.8573153018951416
6343,8,8,0.9458404779434204
6344,5,3,0.3761407136917114
6345,3,5,0.423025906085968
6346,8,8,0.9917194843292236
6347,0,0,0.8256095051765442
6348,8,8,0.9967029690742493
6349,0,8,0.3227417469024658
6350,0,0,0.9676998853683472
6351,0,0,0.9133809208869934
6352,2,2,0.8924120664596558
6353,2,2,0.3978882133960724
6354,7,7,0.46602439880371094
6355,0,0,0.6258500218391418
6356,7,0,0.4333222806453705
6357,7,7,0.5517018437385559
6358,7,7,0.8868157863616943
6359,2,2,0.6354819536209106
6360,2,2,0.5211459398269653
6361,0,0,0.512637197971344
6362,4,4,0.9353901743888855
6363,0,0,0.9801967144012451
6364,3,8,0.31569379568099976
6365,7,5,0.3360893428325653
6366,8,8,0.7316058278083801
6367,4,4,0.44042354822158813
6368,7,7,0.8995570540428162
6369,9,9,0.5869851112365723
6370,6,3,0.7446471452713013
6371,1,9,0.5503047704696655
6372,1,6,0.4069044888019562
6373,6,6,0.8555848598480225
6374,9,9,0.9706103801727295
6375,3,5,0.4302985668182373
6376,8,0,0.953294575214386
6377,9,9,0.9634020924568176
6378,5,5,0.6057683229446411
6379,8,8,0.9288350939750671
6380,3,5,0.27122196555137634
6381,9,1,0.6946138739585876
6382,4,3,0.4526382386684418
6383,3,2,0.6831510663032532
6384,7,7,0.8928670883178711
6385,5,5,0.591702401638031
6386,5,4,0.35402026772499084
6387,2,3,0.25836944580078125
6388,7,7,0.5556342005729675
6389,5,5,0.8855487108230591
6390,7,7,0.9969912767410278
6391,9,9,0.9900214076042175
6392,6,6,0.45652028918266296
6393,3,2,0.7145658135414124
6394,0,0,0.6406376957893372
6395,8,8,0.7596122622489929
6396,4,6,0.6310691833496094
6397,5,2,0.5310742855072021
6398,6,4,0.6861803531646729
6399,1,9,0.6755163073539734
6400,0,8,0.6455551385879517
6401,4,7,0.42343705892562866
6402,8,8,0.45144280791282654
6403,4,4,0.430461049079895
6404,7,7,0.9492149353027344
6405,1,9,0.5253952145576477
6406,3,3,0.297810822725296
6407,2,2,0.6903804540634155
6408,0,0,0.8108187913894653
6409,9,9,0.9247618317604065
6410,1,1,0.9888085722923279
6411,8,8,0.23936282098293304
6412,8,9,0.37461888790130615
6413,6,2,0.3877914547920227
6414,8,8,0.3603012263774872
6415,1,9,0.47216519713401794
6416,7,7,0.9221420288085938
6417,1,1,0.9420247673988342
6418,0,0,0.6705894470214844
6419,9,1,0.4831959903240204
6420,7,7,0.35444748401641846
6421,6,2,0.4287678599357605
6422,4,5,0.5537169575691223
6423,5,4,0.7545409798622131
6424,8,0,0.7926098704338074
6425,2,0,0.41749879717826843
6426,1,1,0.9352625012397766
6427,2,2,0.9868854284286499
6428,5,3,0.3945857286453247
6429,8,6,0.3316914141178131
6430,1,1,0.6094880104064941
6431,1,0,0.7202277779579163
6432,8,8,0.5909562110900879
6433,8,8,0.6653168201446533
6434,0,8,0.8923221230506897
6435,9,9,0.8985502123832703
6436,0,8,0.8539995551109314
6437,0,0,0.8126986622810364
6438,4,4,0.7852479815483093
6439,3,4,0.6321590542793274
6440,3,6,0.288604736328125
6441,5,3,0.5146795511245728
6442,6,6,0.6895340085029602
6443,6,6,0.8575212955474854
6444,3,3,0.46814996004104614
6445,1,1,0.6284810304641724
6446,4,2,0.44902992248535156
6447,4,7,0.7003192901611328
6448,7,7,0.939667820930481
6449,8,8,0.5591925978660583
6450,0,0,0.6101452112197876
6451,1,1,0.6331222653388977
6452,4,4,0.33402442932128906
6453,8,1,0.3520895838737488
6454,4,7,0.3771086037158966
6455,6,6,0.9141843914985657
6456,2,2,0.8746092915534973
6457,2,2,0.30005401372909546
6458,2,2,0.922635018825531
6459,6,6,0.9783666729927063
6460,3,4,0.1701735109090805
6461,4,4,0.6502677202224731
6462,0,0,0.7085077166557312
6463,8,8,0.7277262806892395
6464,1,1,0.8327690362930298
6465,3,5,0.4064173996448517
6466,8,6,0.24587878584861755
6467,3,7,0.32146474719047546
6468,8,8,0.9955580830574036
6469,9,1,0.35886022448539734
6470,1,1,0.565559983253479
6471,6,6,0.8263663053512573
6472,1,1,0.8242245316505432
6473,9,9,0.7081483006477356
6474,8,0,0.3010166585445404
6475,2,3,0.526822030544281
6476,0,0,0.9876708984375
6477,4,4,0.36263948678970337
6478,7,7,0.8795463442802429
6479,4,4,0.7649544477462769
6480,0,0,0.9492133259773254
6481,0,0,0.4062144160270691
6482,7,7,0.8338786959648132
6483,6,6,0.7782724499702454
6484,8,8,0.9564474821090698
6485,9,9,0.40592196583747864
6486,8,1,0.5775843262672424
6487,6,6,0.9763444662094116
6488,2,7,0.32940664887428284
6489,8,8,0.9209930300712585
6490,8,8,0.35645994544029236
6491,0,5,0.32131457328796387
6492,1,1,0.46529117226600647
6493,1,1,0.4853457510471344
6494,0,2,0.516757607460022
6495,7,7,0.9164881706237793
6496,7,7,0.8523457050323486
6497,4,4,0.46877214312553406
6498,4,6,0.8217530250549316
6499,7,7,0.5728788375854492
6500,7,6,0.6192334294319153
6501,2,7,0.42576882243156433
6502,6,6,0.8750100135803223
6503,6,6,0.847798228263855
6504,7,4,0.4290662705898285
6505,4,2,0.2943260669708252
6506,5,5,0.6858780384063721
6507,4,2,0.425564706325531
6508,0,0,0.994917631149292
6509,9,9,0.7515636086463928
6510,4,9,0.6895889043807983
6511,7,7,0.9311313629150391
6512,2,5,0.3522208631038666
6513,5,7,0.6927657127380371
6514,3,2,0.4113217294216156
6515,2,2,0.3759532570838928
6516,2,2,0.8314999341964722
6517,7,7,0.3775765299797058
6518,6,6,0.9010435342788696
6519,2,2,0.5559889078140259
6520,6,2,0.6981623768806458
6521,4,4,0.8072863817214966
6522,9,1,0.8237566351890564
6523,6,6,0.7636663913726807
6524,8,8,0.5823294520378113
6525,3,3,0.3420502245426178
6526,8,8,0.8450242280960083
6527,5,5,0.7155868411064148
6528,5,7,0.8817868828773499
6529,2,2,0.6893433332443237
6530,3,5,0.6728626489639282
6531,4,4,0.7196540236473083
6532,5,5,0.8683297634124756
6533,2,3,0.6008437275886536
6534,7,7,0.9944148063659668
6535,5,7,0.6190683245658875
6536,1,1,0.9170663952827454
6537,5,8,0.8198087215423584
6538,3,3,0.44706106185913086
6539,7,7,0.9540740251541138
6540,8,8,0.9722270965576172
6541,8,8,0.42385751008987427
6542,9,9,0.45017850399017334
6543,6,3,0.4682278037071228
6544,0,8,0.4771205186843872
6545,9,0,0.8421878814697266
6546,2,2,0.9508710503578186
6547,6,6,0.9553349614143372
6548,0,0,0.959807276725769
6549,0,2,0.2698780596256256
6550,1,1,0.9308310151100159
6551,4,4,0.4746702015399933
6552,1,1,0.5383798480033875
6553,3,3,0.2958792746067047
6554,5,5,0.5545043349266052
6555,1,1,0.8729648590087891
6556,8,8,0.8738342523574829
6557,9,9,0.9077584147453308
6558,6,6,0.9026696085929871
6559,2,4,0.6984995603561401
6560,6,6,0.918113648891449
6561,9,1,0.549380898475647
6562,5,5,0.5291011929512024
6563,6,6,0.36561596393585205
6564,5,5,0.5820295810699463
6565,9,9,0.9706719517707825
6566,1,9,0.48012638092041016
6567,4,4,0.6242763996124268
6568,2,5,0.39790529012680054
6569,8,8,0.818112313747406
6570,9,9,0.39260438084602356
6571,5,7,0.7261680364608765
6572,4,4,0.7512904405593872
6573,7,5,0.500924825668335
6574,0,0,0.4654834270477295
6575,3,3,0.4462359845638275
6576,7,5,0.46742478013038635
6577,1,3,0.4578370749950409
6578,6,6,0.8304722905158997
6579,9,9,0.956156849861145
6580,1,2,0.6797851324081421
6581,1,9,0.8520132303237915
6582,4,4,0.8560004234313965
6583,0,0,0.9743056297302246
6584,5,5,0.5674477219581604
6585,1,1,0.9814876317977905
6586,6,6,0.9903303384780884
6587,3,3,0.44450053572654724
6588,0,8,0.8532010912895203
6589,2,2,0.49033865332603455
6590,5,7,0.6203888654708862
6591,5,5,0.5450475811958313
6592,5,5,0.954200029373169
6593,2,2,0.7175158262252808
6594,8,0,0.6061422824859619
6595,2,2,0.3379724323749542
6596,3,5,0.7610171437263489
6597,1,1,0.6794789433479309
6598,6,9,0.6605188846588135
6599,2,6,0.7531936764717102
6600,7,7,0.9895435571670532
6601,0,0,0.6827481389045715
6602,8,8,0.90586918592453
6603,9,9,0.3349396586418152
6604,2,2,0.3644372224807739
6605,6,2,0.3519901931285858
6606,4,3,0.4663451015949249
6607,7,7,0.9159466028213501
6608,5,2,0.527255117893219
6609,5,5,0.6516732573509216
6610,8,8,0.9289534687995911
6611,8,8,0.9803173542022705
6612,7,7,0.4488793909549713
6613,8,8,0.34636446833610535
6614,5,5,0.48193612694740295
6615,7,7,0.7977719306945801
6616,4,7,0.4661341905593872
6617,4,4,0.4456372559070587
6618,0,0,0.9481650590896606
6619,0,0,0.5200351476669312
6620,7,7,0.8194687962532043
6621,0,0,0.2907664179801941
6622,4,4,0.9745144844055176
6623,0,0,0.4922809302806854
6624,4,4,0.6331015825271606
6625,4,4,0.5205714702606201
6626,2,2,0.33889222145080566
6627,5,3,0.5379965305328369
6628,4,4,0.3655473291873932
6629,0,8,0.3423823416233063
6630,7,7,0.7687341570854187
6631,7,2,0.4904484152793884
6632,7,7,0.427602082490921
6633,0,0,0.6658764481544495
6634,4,4,0.6177937984466553
6635,6,3,0.544386088848114
6636,2,4,0.5740141868591309
6637,9,9,0.5117093324661255
6638,1,1,0.7623383402824402
6639,1,1,0.4047328531742096
6640,5,3,0.4815223217010498
6641,0,9,0.3841198682785034
6642,9,9,0.8317400217056274
6643,1,1,0.7644538283348083
6644,0,0,0.7701536417007446
6645,6,6,0.6426418423652649
6646,5,5,0.3333166539669037
6647,3,3,0.5479362607002258
6648,0,0,0.5914806127548218
6649,9,9,0.9729529619216919
6650,0,0,0.904661238193512
6651,6,6,0.8841327428817749
6652,2,2,0.5909850001335144
6653,0,0,0.5613639950752258
6654,4,6,0.5782737135887146
6655,1,1,0.8739270567893982
6656,6,4,0.3676915466785431
6657,7,7,0.6662859320640564
6658,6,3,0.577363133430481
6659,1,9,0.6341152191162109
6660,0,0,0.8343959450721741
6661,4,4,0.6795706152915955
6662,6,6,0.4990389943122864
6663,0,0,0.9852869510650635
6664,4,4,0.8489201664924622
6665,4,5,0.612963080406189
6666,2,4,0.5644559264183044
6667,7,7,0.8153942227363586
6668,6,6,0.9912121891975403
6669,5,4,0.4573754668235779
6670,3,3,0.35132408142089844
6671,5,5,0.3098050653934479
6672,9,9,0.5119935274124146
6673,4,2,0.44929051399230957
6674,5,5,0.7116726040840149
6675,2,2,0.3297320306301117
6676,0,0,0.47085094451904297
6677,5,6,0.4124589264392853
6678,7,7,0.34898558259010315
6679,2,4,0.48394590616226196
6680,3,3,0.38611820340156555
6681,9,2,0.39450603723526
6682,4,4,0.9525822401046753
6683,5,5,0.8576530814170837
6684,8,8,0.9437882304191589
6685,1,9,0.4357733428478241
6686,9,9,0.9344193935394287
6687,3,2,0.4121502637863159
6688,1,8,0.23962749540805817
6689,8,9,0.2508973777294159
6690,5,5,0.5223188996315002
6691,8,8,0.8892806172370911
6692,6,6,0.9878615140914917
6693,6,6,0.5571796298027039
6694,3,3,0.31994661688804626
6695,4,3,0.29702839255332947
6696,0,4,0.4615017771720886
6697,2,2,0.5564525127410889
6698,3,3,0.5386011600494385
6699,2,2,0.8918156623840332
6700,6,0,0.35745969414711
6701,1,1,0.9962253570556641
6702,8,8,0.717623770236969
6703,2,6,0.7767254710197449
6704,1,9,0.9792271256446838
6705,3,2,0.505990743637085
6706,6,5,0.33446502685546875
6707,2,2,0.6002804636955261
6708,2,2,0.8911625742912292
6709,3,5,0.36434414982795715
6710,3,3,0.3222980499267578
6711,5,5,0.8351715803146362
6712,0,0,0.7872803211212158
6713,2,4,0.453350692987442
6714,1,9,0.5276516675949097
6715,2,2,0.4669177532196045
6716,8,8,0.5269672870635986
6717,0,0,0.9781166315078735
6718,8,8,0.9861996173858643
6719,2,3,0.34123775362968445
6720,2,2,0.8134725093841553
6721,7,7,0.7009708285331726
6722,3,6,0.4565559923648834
6723,5,7,0.681044340133667
6724,9,9,0.9953372478485107
6725,8,8,0.8610274195671082
6726,3,2,0.2741107642650604
6727,6,6,0.8872309327125549
6728,1,1,0.9854853749275208
6729,0,2,0.4650581479072571
6730,8,8,0.9249685406684875
6731,6,6,0.9990072846412659
6732,3,3,0.3784927725791931
6733,5,5,0.7427187561988831
6734,8,8,0.3971172571182251
6735,9,9,0.5668039321899414
6736,4,4,0.37906745076179504
6737,8,0,0.5996192097663879
6738,0,0,0.904827356338501
6739,0,0,0.308284193277359
6740,2,2,0.7050691246986389
6741,9,1,0.38901954889297485
6742,1,1,0.982309877872467
6743,8,8,0.9885736703872681
6744,3,2,0.397626668214798
6745,7,7,0.6942147612571716
6746,2,5,0.6414964199066162
6747,8,8,0.8676669001579285
6748,0,2,0.6359920501708984
6749,9,9,0.7823292016983032
6750,4,3,0.5462561249732971
6751,8,8,0.9632751941680908
6752,9,9,0.5453946590423584
6753,4,6,0.8202619552612305
6754,8,8,0.5546567440032959
6755,9,9,0.3469385802745819
6756,5,9,0.5772059559822083
6757,4,4,0.7047376036643982
6758,8,8,0.9528375864028931
6759,1,9,0.6551246047019958
6760,5,5,0.8923038244247437
6761,5,7,0.8313978314399719
6762,7,7,0.5117846131324768
6763,2,3,0.3739311397075653
6764,5,5,0.7804405093193054
6765,8,8,0.4729121923446655
6766,8,8,0.6590843200683594
6767,1,1,0.9532489776611328
6768,2,2,0.7120863199234009
6769,3,3,0.3269948363304138
6770,1,1,0.9838369488716125
6771,5,3,0.49734407663345337
6772,0,9,0.40874314308166504
6773,2,2,0.6106038689613342
6774,3,3,0.3969152569770813
6775,0,0,0.8077473640441895
6776,8,8,0.9625982642173767
6777,2,4,0.39631614089012146
6778,2,2,0.577125608921051
6779,8,8,0.40800899267196655
6780,7,7,0.9705033898353577
6781,3,2,0.2905958294868469
6782,5,5,0.3590961992740631
6783,3,4,0.5772506594657898
6784,9,9,0.9600102305412292
6785,6,6,0.6120349764823914
6786,3,2,0.373766154050827
6787,5,5,0.8301963806152344
6788,1,1,0.9983008503913879
6789,1,1,0.9361328482627869
6790,7,5,0.9225942492485046
6791,7,7,0.9802431464195251
6792,3,6,0.30743181705474854
6793,3,5,0.5436586141586304
6794,8,8,0.9244927763938904
6795,9,0,0.2743391990661621
6796,6,6,0.3971978425979614
6797,0,0,0.9925332069396973
6798,8,8,0.8944138288497925
6799,0,2,0.36362674832344055
6800,6,4,0.5342446565628052
6801,6,6,0.9801599979400635
6802,4,4,0.7997693419456482
6803,6,6,0.9061325192451477
6804,9,2,0.31471744179725647
6805,1,1,0.9675204157829285
6806,1,1,0.9844340682029724
6807,7,7,0.942439615726471
6808,0,0,0.8900951147079468
6809,6,6,0.8965107202529907
6810,8,8,0.8419656157493591
6811,9,9,0.9748520851135254
6812,0,9,0.5918461084365845
6813,6,6,0.7242466807365417
6814,9,1,0.6844929456710815
6815,0,0,0.5884552001953125
6816,1,1,0.8028075098991394
6817,1,1,0.5292791128158569
6818,7,7,0.9518656134605408
6819,2,2,0.7633291482925415
6820,1,1,0.8841124176979065
6821,0,3,0.3555956184864044
6822,4,2,0.7490231394767761
6823,5,5,0.8822489976882935
6824,0,0,0.5396806001663208
6825,3,5,0.6983855962753296
6826,6,6,0.6505251526832581
6827,3,3,0.34230563044548035
6828,3,3,0.5106451511383057
6829,8,8,0.9886257648468018
6830,1,1,0.7898374795913696
6831,8,8,0.7793430685997009
6832,1,9,0.9618642926216125
6833,3,3,0.45269784331321716
6834,1,1,0.871437132358551
6835,5,5,0.6590141654014587
6836,4,7,0.7203918695449829
6837,5,5,0.43353378772735596
6838,1,1,0.6195919513702393
6839,8,2,0.2762907147407532
6840,9,9,0.7959566712379456
6841,1,9,0.6536003947257996
6842,3,3,0.388689249753952
6843,1,1,0.8201357126235962
6844,7,7,0.995444655418396
6845,2,4,0.38290467858314514
6846,9,9,0.8589272499084473
6847,8,8,0.8100085258483887
6848,9,0,0.34203019738197327
6849,4,5,0.24465790390968323
6850,6,6,0.700264573097229
6851,0,0,0.5817314982414246
6852,9,7,0.5491645932197571
6853,4,5,0.6222432255744934
6854,0,0,0.436276376247406
6855,4,5,0.2789977192878723
6856,6,6,0.42200493812561035
6857,2,2,0.4770188331604004
6858,1,8,0.2816292941570282
6859,3,2,0.3636764585971832
6860,0,2,0.552063524723053
6861,8,0,0.4125976264476776
6862,5,6,0.36351504921913147
6863,6,6,0.937717080116272
6864,0,8,0.7636237740516663
6865,3,4,0.5014935731887817
6866,4,6,0.8378309607505798
6867,6,6,0.710142970085144
6868,9,0,0.5156046152114868
6869,5,3,0.2987261116504669
6870,7,7,0.72321617603302
6871,9,5,0.40744155645370483
6872,0,3,0.3115091025829315
6873,3,4,0.5746092796325684
6874,6,6,0.5847475528717041
6875,5,5,0.7725836038589478
6876,7,3,0.3940674960613251
6877,0,8,0.6085080504417419
6878,5,5,0.4657667279243469
6879,1,9,0.35744377970695496
6880,2,2,0.40657293796539307
6881,2,4,0.355461984872818
6882,9,9,0.6956110000610352
6883,7,4,0.38622045516967773
6884,0,0,0.9556032419204712
6885,0,8,0.21826326847076416
6886,1,1,0.9700760245323181
6887,4,6,0.5346987247467041
6888,4,4,0.6840862035751343
6889,5,5,0.7705780863761902
6890,5,5,0.8643919825553894
6891,9,9,0.506239116191864
6892,6,6,0.6559038162231445
6893,3,3,0.5157880187034607
6894,6,6,0.8929404020309448
6895,2,2,0.28936710953712463
6896,6,2,0.35529112815856934
6897,9,9,0.5917704105377197
6898,3,5,0.6064289808273315
6899,2,5,0.4748559296131134
6900,3,1,0.3233252763748169
6901,2,0,0.3229968547821045
6902,4,4,0.8207007646560669
6903,9,9,0.6436535120010376
6904,5,0,0.6835817694664001
6905,2,2,0.49899375438690186
6906,1,1,0.8130967020988464
6907,6,6,0.93012934923172
6908,6,6,0.6939592957496643
6909,4,2,0.5724951028823853
6910,7,7,0.9788650274276733
6911,6,6,0.9555397629737854
6912,3,7,0.3502391576766968
6913,3,6,0.6007303595542908
6914,8,2,0.39753425121307373
6915,1,1,0.8601773977279663
6916,4,2,0.42947059869766235
6917,6,6,0.6567268371582031
6918,4,4,0.4236566722393036
6919,4,2,0.4998018443584442
6920,5,4,0.5318870544433594
6921,6,6,0.9525313377380371
6922,2,6,0.4502331018447876
6923,0,0,0.9916954636573792
6924,5,5,0.5463338494300842
6925,2,2,0.4413664937019348
6926,7,2,0.3691072165966034
6927,5,5,0.8827337026596069
6928,2,2,0.6021411418914795
6929,5,5,0.7435299158096313
6930,2,0,0.9827082753181458
6931,5,5,0.36817657947540283
6932,9,9,0.7098923921585083
6933,0,5,0.48259347677230835
6934,6,6,0.36873701214790344
6935,7,7,0.8760067224502563
6936,9,5,0.34880438446998596
6937,8,0,0.49125346541404724
6938,3,3,0.6641845107078552
6939,2,2,0.9089954495429993
6940,1,1,0.8273379802703857
6941,4,4,0.3956741392612457
6942,3,2,0.6967364549636841
6943,4,4,0.8188881874084473
6944,5,7,0.3688988983631134
6945,5,5,0.5695722103118896
6946,6,6,0.669340193271637
6947,8,8,0.7166087627410889
6948,6,5,0.4216166138648987
6949,0,0,0.41453245282173157
6950,8,0,0.8535538911819458
6951,9,4,0.2496921867132187
6952,8,8,0.44410276412963867
6953,0,0,0.4595566391944885
6954,7,9,0.5272508859634399
6955,7,7,0.9645810127258301
6956,6,6,0.9993440508842468
6957,6,6,0.4947494864463806
6958,7,3,0.3256624639034271
6959,5,4,0.4744780659675598
6960,9,8,0.5306316614151001
6961,8,1,0.3940051198005676
6962,7,5,0.5912430882453918
6963,9,9,0.5927332043647766
6964,5,5,0.6964066028594971
6965,6,6,0.36175695061683655
6966,0,0,0.7373447418212891
6967,4,3,0.4829918444156647
6968,8,9,0.8362880349159241
6969,2,2,0.4711403548717499
6970,0,3,0.5401036739349365
6971,9,9,0.9429721832275391
6972,1,1,0.9484673142433167
6973,3,5,0.6936553716659546
6974,9,1,0.8106631636619568
6975,8,1,0.8901007175445557
6976,3,0,0.7202022075653076
6977,7,7,0.28297632932662964
6978,4,4,0.7059488296508789
6979,5,4,0.8112159967422485
6980,0,0,0.825640857219696
6981,2,2,0.5776651501655579
6982,1,9,0.7665001749992371
6983,9,9,0.8731163144111633
6984,1,1,0.9856362342834473
6985,0,8,0.8953242301940918
6986,5,2,0.4011229872703552
6987,8,8,0.7842763662338257
6988,4,5,0.3996551036834717
6989,7,7,0.7090618014335632
6990,3,3,0.8219403624534607
6991,1,1,0.8523614406585693
6992,4,4,0.3506961166858673
6993,5,3,0.6571207642555237
6994,3,4,0.3508475720882416
6995,1,1,0.6283801794052124
6996,0,0,0.8713224530220032
6997,8,3,0.4408116638660431
6998,8,8,0.6087788343429565
6999,8,0,0.37137746810913086
7000,2,2,0.376863956451416
7001,1,1,0.9505873322486877
7002,3,7,0.39086300134658813
7003,7,3,0.3729788064956665
7004,3,0,0.36345595121383667
7005,1,8,0.6040549874305725
7006,6,6,0.9216924905776978
7007,9,1,0.6940067410469055
7008,1,1,0.8901461362838745
7009,6,3,0.4999447464942932
7010,0,0,0.8793199062347412
7011,7,7,0.6594133377075195
7012,7,7,0.7486144304275513
7013,1,1,0.9882825016975403
7014,3,3,0.493358850479126
7015,3,3,0.32464149594306946
7016,3,5,0.4178742468357086
7017,1,9,0.35236656665802
7018,0,0,0.6267274022102356
7019,2,2,0.533772885799408
7020,7,7,0.9590845704078674
7021,1,9,0.5910649299621582
7022,2,5,0.33698394894599915
7023,2,3,0.45024144649505615
7024,9,9,0.9379528760910034
7025,6,6,0.9867781400680542
7026,3,3,0.4133041501045227
7027,5,2,0.5696241855621338
7028,9,9,0.6517554521560669
7029,4,7,0.43320366740226746
7030,8,3,0.37988030910491943
7031,0,8,0.47472697496414185
7032,4,4,0.7576396465301514
7033,8,8,0.9331108927726746
7034,0,0,0.360986590385437
7035,1,9,0.4083966910839081
7036,3,3,0.5171162486076355
7037,7,3,0.5438615679740906
7038,0,0,0.48044148087501526
7039,4,1,0.21174998581409454
7040,7,0,0.569465696811676
7041,4,0,0.6600539684295654
7042,8,8,0.8221808671951294
7043,6,6,0.9979490637779236
7044,4,2,0.3145875930786133
7045,3,3,0.4952545762062073
7046,9,9,0.7944754958152771
7047,8,8,0.9812598824501038
7048,2,2,0.3670475482940674
7049,2,2,0.6404710412025452
7050,8,0,0.40735840797424316
7051,3,3,0.45464369654655457
7052,1,1,0.9637024998664856
7053,1,1,0.9294732809066772
7054,2,0,0.616049587726593
7055,8,8,0.9008037447929382
7056,2,2,0.6450669169425964
7057,6,6,0.9122860431671143
7058,9,9,0.9987531900405884
7059,4,6,0.5722038745880127
7060,8,8,0.9200304746627808
7061,4,5,0.49521806836128235
7062,4,6,0.6015738248825073
7063,1,1,0.4950968325138092
7064,5,5,0.9123330116271973
7065,2,2,0.7592533826828003
7066,6,6,0.5532317757606506
7067,9,9,0.5947756171226501
7068,2,0,0.743685245513916
7069,0,0,0.9186998605728149
7070,7,7,0.7704054117202759
7071,1,1,0.9926839470863342
7072,8,8,0.45310577750205994
7073,9,9,0.9697422385215759
7074,3,5,0.4635566473007202
7075,9,9,0.6333841681480408
7076,9,9,0.7648861408233643
7077,0,0,0.9520894885063171
7078,7,7,0.9876141548156738
7079,7,7,0.997718095779419
7080,5,2,0.5804014801979065
7081,4,3,0.26042041182518005
7082,2,2,0.7621346712112427
7083,6,6,0.2699514329433441
7084,4,4,0.6776019334793091
7085,5,2,0.39348384737968445
7086,7,7,0.9981427192687988
7087,7,4,0.32995519042015076
7088,8,8,0.7060377597808838
7089,7,1,0.5896268486976624
7090,2,5,0.5423158407211304
7091,6,6,0.5029175877571106
7092,2,2,0.8524237871170044
7093,2,4,0.3195839524269104
7094,4,4,0.9087046384811401
7095,4,2,0.49596545100212097
7096,0,0,0.9559223055839539
7097,7,5,0.4093877375125885
7098,1,1,0.9751213192939758
7099,3,5,0.7020186185836792
7100,9,3,0.3631688356399536
7101,6,6,0.936730682849884
7102,0,0,0.8161998391151428
7103,0,0,0.6505436897277832
7104,2,5,0.2285143882036209
7105,3,3,0.7256069183349609
7106,8,8,0.5739572644233704
7107,2,4,0.47422274947166443
7108,2,5,0.6339645385742188
7109,4,4,0.7845480442047119
7110,3,3,0.4649825096130371
7111,5,5,0.8414289355278015
7112,2,0,0.9477135539054871
7113,9,9,0.9125765562057495
7114,1,1,0.9820346832275391
7115,0,0,0.889934241771698
7116,0,0,0.9170048236846924
7117,6,6,0.37064090371131897
7118,5,5,0.9949625730514526
7119,5,9,0.7932276129722595
7120,7,5,0.6573246121406555
7121,9,9,0.9460507035255432
7122,9,9,0.9812321066856384
7123,6,6,0.8799300193786621
7124,5,2,0.4549995958805084
7125,5,5,0.37905964255332947
7126,0,8,0.8154738545417786
7127,5,5,0.43725067377090454
7128,7,5,0.5931380391120911
7129,1,1,0.8665445446968079
7130,6,6,0.9907483458518982
7131,6,6,0.7463045716285706
7132,4,7,0.4209994375705719
7133,1,1,0.4409366548061371
7134,4,6,0.7306030988693237
7135,4,4,0.6510592699050903
7136,1,1,0.5140610933303833
7137,5,5,0.868281364440918
7138,0,0,0.6919900178909302
7139,0,0,0.9086757302284241
7140,4,4,0.33964410424232483
7141,5,5,0.32335788011550903
7142,8,8,0.9783048629760742
7143,4,4,0.4619179964065552
7144,8,8,0.9807158708572388
7145,3,5,0.5817129611968994
7146,0,0,0.804705798625946
7147,5,7,0.495913565158844
7148,0,4,0.37928736209869385
7149,5,6,0.828108549118042
7150,3,3,0.4562397301197052
7151,1,8,0.9057722687721252
7152,6,5,0.5953150987625122
7153,7,7,0.7723225355148315
7154,0,0,0.8502941131591797
7155,9,9,0.9648967981338501
7156,1,1,0.9961435794830322
7157,5,5,0.8193568587303162
7158,7,7,0.9855949878692627
7159,6,6,0.868897020816803
7160,5,5,0.5289746522903442
7161,5,7,0.4841857850551605
7162,5,3,0.37458860874176025
7163,6,6,0.9626774787902832
7164,0,0,0.9779258966445923
7165,0,0,0.7651987671852112
7166,1,1,0.9844314455986023
7167,7,7,0.9811551570892334
7168,5,5,0.40271154046058655
7169,1,0,0.3411923050880432
7170,9,9,0.41218897700309753
7171,2,2,0.434494286775589
7172,4,4,0.4883580803871155
7173,1,6,0.6015635132789612
7174,3,6,0.41254815459251404
7175,7,7,0.8937484622001648
7176,8,8,0.6266319155693054
7177,2,5,0.43047210574150085
7178,0,8,0.500785231590271
7179,9,9,0.7451316714286804
7180,6,6,0.9823635816574097
7181,6,7,0.2272578775882721
7182,0,8,0.8404861092567444
7183,6,6,0.47491025924682617
7184,5,5,0.4053066372871399
7185,8,8,0.8985407948493958
7186,2,2,0.25554466247558594
7187,7,7,0.5448468923568726
7188,4,7,0.5452286005020142
7189,0,0,0.7865994572639465
7190,2,2,0.856417179107666
7191,7,7,0.5761817097663879
7192,7,7,0.8463195562362671
7193,8,8,0.9425890445709229
7194,8,8,0.9649927020072937
7195,7,5,0.2509889304637909
7196,0,0,0.989352822303772
7197,4,2,0.4239276647567749
7198,9,9,0.8864331841468811
7199,1,1,0.4502706527709961
7200,4,4,0.3766743540763855
7201,4,2,0.5145785808563232
7202,3,7,0.4243829548358917
7203,5,7,0.59921795129776
7204,4,7,0.6283727884292603
7205,6,6,0.7296122312545776
7206,2,2,0.884385883808136
7207,3,3,0.5707719326019287
7208,1,1,0.955727219581604
7209,0,0,0.9350749850273132
7210,3,5,0.48390838503837585
7211,3,9,0.5671424865722656
7212,3,2,0.541016697883606
7213,6,2,0.3248159885406494
7214,3,5,0.7778867483139038
7215,1,1,0.9832216501235962
7216,2,2,0.7382489442825317
7217,8,0,0.3485305905342102
7218,9,0,0.6083074808120728
7219,7,7,0.7564929127693176
7220,9,7,0.2814476191997528
7221,3,3,0.6997823715209961
7222,8,8,0.7777813076972961
7223,7,7,0.7797002196311951
7224,3,3,0.32219842076301575
7225,1,1,0.7542456984519958
7226,7,7,0.9430160522460938
7227,7,5,0.26292476058006287
7228,3,3,0.5714815855026245
7229,2,3,0.46727511286735535
7230,2,2,0.7407217621803284
7231,8,8,0.9537209272384644
7232,9,9,0.8537912368774414
7233,5,5,0.3952493667602539
7234,9,9,0.9424506425857544
7235,2,2,0.5803184509277344
7236,1,1,0.4943309426307678
7237,7,7,0.7682799696922302
7238,4,4,0.42203187942504883
7239,4,4,0.40866366028785706
7240,0,0,0.6411554217338562
7241,5,3,0.33200159668922424
7242,7,7,0.2911008596420288
7243,1,1,0.9364409446716309
7244,5,5,0.7360429763793945
7245,4,4,0.9002324342727661
7246,0,2,0.6348623633384705
7247,8,8,0.4684942960739136
7248,4,4,0.4336670935153961
7249,9,9,0.9784443974494934
7250,8,1,0.4351617097854614
7251,7,7,0.6047718524932861
7252,8,8,0.5504476428031921
7253,4,4,0.4361209273338318
7254,2,2,0.39847856760025024
7255,3,6,0.39012736082077026
7256,4,4,0.851752758026123
7257,0,8,0.39626288414001465
7258,5,3,0.31927499175071716
7259,4,4,0.8401547074317932
7260,1,1,0.5832900404930115
7261,8,0,0.7588489651679993
7262,2,2,0.47722169756889343
7263,5,7,0.34889793395996094
7264,4,6,0.4727364480495453
7265,5,5,0.5183870196342468
7266,2,4,0.6787825226783752
7267,5,4,0.4644099473953247
7268,3,3,0.5633631348609924
7269,7,7,0.8458150625228882
7270,9,9,0.9583932161331177
7271,7,4,0.41618984937667847
7272,1,1,0.6746361255645752
7273,4,4,0.8717036247253418
7274,1,1,0.4602893590927124
7275,3,7,0.26236724853515625
7276,1,1,0.767866849899292
7277,4,4,0.659302294254303
7278,5,2,0.39964497089385986
7279,5,5,0.754001796245575
7280,1,9,0.680761992931366
7281,7,7,0.31869617104530334
7282,1,1,0.9663365483283997
7283,3,6,0.3902885317802429
7284,0,0,0.7267680764198303
7285,1,1,0.5037851333618164
7286,2,2,0.5485756397247314
7287,5,5,0.5844942927360535
7288,7,7,0.8074725866317749
7289,0,0,0.8405356407165527
7290,6,6,0.5215975642204285
7291,3,3,0.8949328064918518
7292,5,3,0.43154555559158325
7293,7,7,0.9909065961837769
7294,5,4,0.3358258903026581
7295,5,5,0.7304727435112
7296,8,8,0.968834400177002
7297,9,9,0.5666085481643677
7298,4,2,0.7778682112693787
7299,6,6,0.974217414855957
7300,3,3,0.46510109305381775
7301,6,6,0.8574396967887878
7302,6,6,0.926831066608429
7303,8,8,0.8461582660675049
7304,2,3,0.3705170154571533
7305,6,6,0.9297793507575989
7306,4,4,0.3386962413787842
7307,8,8,0.9971803426742554
7308,4,4,0.6195625066757202
7309,1,1,0.9664856195449829
7310,3,5,0.48187005519866943
7311,1,0,0.5145068764686584
7312,2,2,0.5396446585655212
7313,3,4,0.608984649181366
7314,3,6,0.5776156783103943
7315,0,0,0.6046413779258728
7316,1,1,0.9599899053573608
7317,6,6,0.7261509299278259
7318,4,7,0.4438309371471405
7319,2,2,0.8181760907173157
7320,8,8,0.6788142919540405
7321,2,2,0.5281587839126587
7322,4,4,0.747422456741333
7323,3,3,0.3099946677684784
7324,1,1,0.6946493983268738
7325,4,4,0.9196780323982239
7326,4,4,0.6359784603118896
7327,4,4,0.7073675394058228
7328,4,4,0.748802125453949
7329,1,0,0.376736581325531
7330,5,5,0.8788058757781982
7331,5,5,0.9847301840782166
7332,7,7,0.5618769526481628
7333,6,6,0.9899252653121948
7334,5,5,0.5536069869995117
7335,4,0,0.495083212852478
7336,5,5,0.6319432258605957
7337,6,6,0.9745352268218994
7338,5,5,0.9654667973518372
7339,6,6,0.8286767601966858
7340,2,5,0.7098416090011597
7341,4,4,0.9187079071998596
7342,7,7,0.7300451397895813
7343,7,2,0.6810805797576904
7344,4,9,0.31478071212768555
7345,6,6,0.6727339029312134
7346,5,5,0.9554181694984436
7347,0,0,0.8573445677757263
7348,2,2,0.2846972644329071
7349,3,3,0.7367379665374756
7350,9,9,0.8048350811004639
7351,2,1,0.8883857131004333
7352,3,3,0.6806212067604065
7353,8,8,0.9622507691383362
7354,0,0,0.9598170518875122
7355,7,7,0.9668915271759033
7356,0,2,0.4499606192111969
7357,6,6,0.6304677128791809
7358,8,8,0.9399455785751343
7359,1,1,0.9457778930664062
7360,2,7,0.41607481241226196
7361,8,8,0.9906457662582397
7362,9,9,0.675993025302887
7363,1,1,0.9566272497177124
7364,5,5,0.5331116914749146
7365,4,4,0.5208435654640198
7366,2,2,0.656741738319397
7367,3,5,0.4435514509677887
7368,5,5,0.8338239192962646
7369,5,5,0.6864286661148071
7370,3,8,0.5733424425125122
7371,6,6,0.9450201988220215
7372,5,5,0.8364503979682922
7373,0,0,0.951254665851593
7374,3,5,0.4289107322692871
7375,2,7,0.21057766675949097
7376,1,1,0.9602082967758179
7377,3,3,0.43640199303627014
7378,3,5,0.8538205027580261
7379,7,7,0.42138373851776123
7380,7,7,0.7734254598617554
7381,4,4,0.8619235754013062
7382,9,8,0.5358436703681946
7383,4,4,0.3422448933124542
7384,3,7,0.7818474769592285
7385,9,9,0.9018003344535828
7386,5,7,0.40703630447387695
7387,1,1,0.937842607498169
7388,7,7,0.8619101047515869
7389,6,4,0.32941940426826477
7390,6,9,0.41029155254364014
7391,4,4,0.5603876113891602
7392,8,8,0.6713719367980957
7393,5,5,0.33886006474494934
7394,1,1,0.9930912256240845
7395,2,5,0.4664516746997833
7396,8,8,0.671676754951477
7397,4,6,0.6096808314323425
7398,5,3,0.6112619638442993
7399,3,5,0.6552067995071411
7400,3,3,0.42953407764434814
7401,3,3,0.545240044593811
7402,0,0,0.5827118754386902
7403,4,4,0.8244014382362366
7404,8,8,0.4418916702270508
7405,7,7,0.9976165294647217
7406,7,1,0.33354559540748596
7407,9,9,0.8675358891487122
7408,4,5,0.5027217268943787
7409,8,8,0.8547599911689758
7410,4,4,0.41845035552978516
7411,5,4,0.36115431785583496
7412,9,9,0.45950478315353394
7413,1,1,0.6100960373878479
7414,8,0,0.6153445839881897
7415,3,3,0.6124340891838074
7416,1,3,0.3202073276042938
7417,3,6,0.7896037101745605
7418,8,8,0.7965206503868103
7419,0,0,0.3896384835243225
7420,3,2,0.4629855751991272
7421,5,5,0.5905131697654724
7422,4,7,0.8109425902366638
7423,6,6,0.8494982123374939
7424,9,1,0.8672540783882141
7425,2,2,0.7206393480300903
7426,7,7,0.9503072500228882
7427,2,2,0.7477838397026062
7428,0,0,0.9633087515830994
7429,5,5,0.4940376877784729
7430,2,2,0.31212639808654785
7431,9,8,0.26221299171447754
7432,7,7,0.9942902326583862
7433,5,5,0.9242830276489258
7434,0,0,0.860702395439148
7435,7,7,0.6972085237503052
7436,0,0,0.6431354880332947
7437,3,3,0.4860527813434601
7438,5,5,0.9456035494804382
7439,5,3,0.5707036852836609
7440,3,3,0.5308418273925781
7441,8,9,0.5638987421989441
7442,7,7,0.698022723197937
7443,7,2,0.468766987323761
7444,9,1,0.8799782991409302
7445,6,6,0.8447521924972534
7446,5,9,0.2796019911766052
7447,8,0,0.5998729467391968
7448,9,9,0.943942129611969
7449,0,2,0.47479963302612305
7450,1,1,0.984367311000824
7451,9,9,0.6054926514625549
7452,4,4,0.6878264546394348
7453,0,9,0.5870336890220642
7454,0,0,0.9458498358726501
7455,1,9,0.9584112167358398
7456,7,7,0.41534295678138733
7457,2,3,0.36517035961151123
7458,2,5,0.5309324264526367
7459,8,8,0.990570068359375
7460,5,5,0.9705244898796082
7461,9,2,0.47109290957450867
7462,8,1,0.9875501990318298
7463,2,2,0.7765103578567505
7464,8,8,0.8978762030601501
7465,0,0,0.7144490480422974
7466,6,6,0.994377076625824
7467,6,6,0.9637469053268433
7468,8,8,0.9946078062057495
7469,6,6,0.71537846326828
7470,9,9,0.9748212695121765
7471,6,2,0.4425661563873291
7472,1,1,0.5211777687072754
7473,1,2,0.39693430066108704
7474,5,5,0.7335221171379089
7475,3,3,0.4866345226764679
7476,5,5,0.645716667175293
7477,0,0,0.5626985430717468
7478,7,7,0.5240559577941895
7479,6,6,0.9882321953773499
7480,1,1,0.5977325439453125
7481,4,4,0.7786422371864319
7482,4,4,0.6437221765518188
7483,1,1,0.8441688418388367
7484,1,1,0.9987939596176147
7485,8,8,0.9791473746299744
7486,1,1,0.6622762680053711
7487,1,1,0.6473312973976135
7488,2,2,0.5795590877532959
7489,3,3,0.5192071199417114
7490,4,4,0.40857234597206116
7491,9,7,0.31598609685897827
7492,9,9,0.7663335204124451
7493,5,5,0.8110837936401367
7494,2,2,0.604500949382782
7495,7,7,0.8048068284988403
7496,3,4,0.44445791840553284
7497,3,5,0.34616997838020325
7498,6,6,0.6565860509872437
7499,9,9,0.5413081049919128
7500,6,6,0.9166846871376038
7501,9,9,0.7355796098709106
7502,8,8,0.6080732345581055
7503,8,8,0.42925557494163513
7504,6,3,0.5096520781517029
7505,7,9,0.4376430809497833
7506,4,4,0.9347121715545654
7507,7,5,0.5439068078994751
7508,2,2,0.7974206805229187
7509,3,7,0.42719244956970215
7510,8,3,0.4850213825702667
7511,0,0,0.6824427247047424
7512,9,9,0.8719796538352966
7513,0,9,0.742432177066803
7514,7,7,0.997065007686615
7515,8,8,0.5154324173927307
7516,1,1,0.9914788603782654
7517,2,5,0.36910292506217957
7518,3,4,0.4361383318901062
7519,2,8,0.9565259218215942
7520,4,4,0.5875173807144165
7521,2,2,0.7689644694328308
7522,9,9,0.6796330213546753
7523,0,0,0.9865070581436157
7524,3,0,0.27767667174339294
7525,8,8,0.8874862790107727
7526,9,9,0.5318365693092346
7527,6,2,0.5329700708389282
7528,5,5,0.9349005222320557
7529,5,5,0.6669396758079529
7530,2,2,0.5784465074539185
7531,4,3,0.3594990074634552
7532,1,1,0.47376424074172974
7533,0,0,0.915993869304657
7534,6,6,0.9027953147888184
7535,1,1,0.8650228381156921
7536,8,8,0.22295647859573364
7537,4,2,0.3869701027870178
7538,5,5,0.7935047149658203
7539,5,5,0.40347909927368164
7540,5,5,0.9525942802429199
7541,0,0,0.5086078643798828
7542,8,8,0.8750176429748535
7543,9,9,0.7832314968109131
7544,0,0,0.7934625744819641
7545,5,7,0.7319040298461914
7546,7,7,0.9129427075386047
7547,9,9,0.8758652210235596
7548,6,6,0.8223932981491089
7549,3,5,0.6274028420448303
7550,4,4,0.975335955619812
7551,6,4,0.24974943697452545
7552,4,7,0.6692516207695007
7553,9,9,0.4401053190231323
7554,7,5,0.8760655522346497
7555,1,1,0.9895050525665283
7556,2,7,0.3559051752090454
7557,5,2,0.7536627054214478
7558,2,2,0.7786910533905029
7559,8,2,0.39113935828208923
7560,0,9,0.4756958484649658
7561,2,2,0.8497816920280457
7562,2,2,0.2007766216993332
7563,9,9,0.7844997644424438
7564,8,8,0.7808700799942017
7565,1,1,0.9167977571487427
7566,9,9,0.9193795919418335
7567,7,7,0.9126436710357666
7568,7,5,0.4717473089694977
7569,3,6,0.37437954545021057
7570,1,1,0.8752831816673279
7571,4,6,0.38177490234375
7572,1,9,0.48778247833251953
7573,1,0,0.6598635911941528
7574,3,3,0.320859432220459
7575,8,8,0.8613207936286926
7576,8,8,0.8138843774795532
7577,1,1,0.8432235717773438
7578,9,9,0.5779944658279419
7579,3,5,0.45699945092201233
7580,8,0,0.7847122550010681
7581,9,9,0.6381134986877441
7582,5,3,0.4625805616378784
7583,1,1,0.4908256530761719
7584,1,9,0.5428698062896729
7585,6,6,0.9933300614356995
7586,2,1,0.45910874009132385
7587,7,7,0.4148501753807068
7588,2,5,0.6135011315345764
7589,6,6,0.5631605982780457
7590,2,5,0.5007676482200623
7591,6,6,0.8681827187538147
7592,9,9,0.7271353602409363
7593,6,6,0.6779493093490601
7594,0,0,0.577736496925354
7595,1,9,0.5622501969337463
7596,3,5,0.8598637580871582
7597,9,9,0.4357779622077942
7598,3,5,0.5715126395225525
7599,8,8,0.7212768793106079
7600,8,0,0.33287742733955383
7601,8,8,0.9003443121910095
7602,2,2,0.3361144959926605
7603,9,9,0.9275884628295898
7604,1,1,0.8314832448959351
7605,2,6,0.5513941645622253
7606,6,6,0.5309528708457947
7607,0,0,0.7489498257637024
7608,5,5,0.7488428354263306
7609,0,5,0.5672723650932312
7610,7,5,0.3422403335571289
7611,7,2,0.40098458528518677
7612,7,2,0.7042703628540039
7613,9,9,0.8313053250312805
7614,4,4,0.6759787201881409
7615,5,5,0.757258951663971
7616,0,0,0.8219404220581055
7617,2,8,0.565760612487793
7618,3,3,0.8738846182823181
7619,5,7,0.5414851903915405
7620,5,1,0.3617108166217804
7621,8,8,0.9341857433319092
7622,9,9,0.720134437084198
7623,1,8,0.7618995308876038
7624,2,2,0.5797404646873474
7625,7,7,0.7844082117080688
7626,1,1,0.6593335270881653
7627,3,5,0.5179628133773804
7628,4,5,0.6359750628471375
7629,6,6,0.9222798347473145
7630,9,9,0.8058924078941345
7631,1,1,0.9008283019065857
7632,0,7,0.39630112051963806
7633,7,7,0.487750381231308
7634,1,1,0.7988631725311279
7635,9,9,0.9184022545814514
7636,5,5,0.4472240209579468
7637,8,1,0.6247243285179138
7638,1,8,0.5841623544692993
7639,9,9,0.8656765222549438
7640,9,8,0.506166934967041
7641,7,7,0.44292789697647095
7642,9,9,0.4729088842868805
7643,8,9,0.7930373549461365
7644,3,5,0.5662700533866882
7645,0,0,0.5371467471122742
7646,2,2,0.7107257843017578
7647,6,6,0.9658315181732178
7648,0,8,0.37029698491096497
7649,2,5,0.4425789713859558
7650,2,2,0.8254051804542542
7651,4,4,0.6824571490287781
7652,0,0,0.9812754392623901
7653,8,8,0.99358069896698
7654,4,4,0.40649449825286865
7655,8,8,0.7200454473495483
7656,1,1,0.9761691689491272
7657,2,5,0.5827023983001709
7658,7,7,0.8840738534927368
7659,2,2,0.5624968409538269
7660,7,7,0.3790208697319031
7661,9,9,0.945688009262085
7662,5,5,0.6683539748191833
7663,2,2,0.6016604900360107
7664,2,2,0.3421289026737213
7665,9,9,0.9242213368415833
7666,2,7,0.42107561230659485
7667,6,6,0.4464016854763031
7668,5,5,0.6305619478225708
7669,7,4,0.4573249816894531
7670,2,2,0.9014943838119507
7671,5,5,0.7892187237739563
7672,6,6,0.9831421375274658
7673,5,7,0.3623986840248108
7674,1,1,0.5294317007064819
7675,8,3,0.4087257981300354
7676,2,2,0.38227203488349915
7677,6,6,0.6544371247291565
7678,8,8,0.9957315325737
7679,6,6,0.8985857367515564
7680,3,7,0.5653154253959656
7681,0,0,0.9634526968002319
7682,8,8,0.843778669834137
7683,0,0,0.9725471138954163
7684,0,2,0.7809646725654602
7685,9,1,0.7994404435157776
7686,9,8,0.34003767371177673
7687,6,5,0.33890020847320557
7688,8,8,0.7892419695854187
7689,0,8,0.5483663082122803
7690,6,6,0.8240036964416504
7691,6,6,0.9405073523521423
7692,0,0,0.9886365532875061
7693,7,7,0.8604596257209778
7694,9,9,0.9791755676269531
7695,8,8,0.8579570651054382
7696,0,0,0.8020328283309937
7697,5,5,0.37487414479255676
7698,0,0,0.9857017993927002
7699,9,9,0.911677896976471
7700,6,6,0.9710234999656677
7701,0,0,0.9962478280067444
7702,4,4,0.7174419164657593
7703,7,7,0.9731613397598267
7704,1,1,0.921096682548523
7705,7,7,0.5275557637214661
7706,8,8,0.4548828899860382
7707,8,8,0.4509572386741638
7708,2,2,0.6006937623023987
7709,3,3,0.42334169149398804
7710,9,1,0.5315946340560913
7711,6,4,0.39513957500457764
7712,5,5,0.6955417394638062
7713,5,2,0.3617531955242157
7714,3,3,0.48994168639183044
7715,1,1,0.9841911792755127
7716,5,5,0.9658219814300537
7717,3,4,0.2927795648574829
7718,0,0,0.9655720591545105
7719,2,7,0.44112083315849304
7720,5,5,0.6810480952262878
7721,2,4,0.39456015825271606
7722,7,7,0.5696660280227661
7723,3,4,0.4975149631500244
7724,8,8,0.9925864338874817
7725,4,4,0.5602558851242065
7726,4,4,0.4339808225631714
7727,6,6,0.8892164826393127
7728,1,0,0.7079930305480957
7729,9,9,0.966677725315094
7730,4,4,0.694610059261322
7731,1,1,0.5255352854728699
7732,7,7,0.9932572841644287
7733,0,0,0.8763303160667419
7734,1,5,0.20093606412410736
7735,4,0,0.38902372121810913
7736,3,5,0.44250014424324036
7737,0,0,0.8843326568603516
7738,2,2,0.7146909832954407
7739,9,9,0.9986269474029541
7740,4,4,0.4358522593975067
7741,5,5,0.5483930110931396
7742,0,0,0.6712363362312317
7743,3,3,0.4505830705165863
7744,4,3,0.6626101732254028
7745,7,7,0.49614667892456055
7746,2,0,0.6867626309394836
7747,3,3,0.5235543847084045
7748,0,0,0.9930433034896851
7749,1,8,0.310550332069397
7750,3,4,0.5571178197860718
7751,7,9,0.6127217411994934
7752,9,9,0.8586315512657166
7753,9,9,0.49736160039901733
7754,0,0,0.8301301002502441
7755,7,7,0.9325506091117859
7756,5,7,0.33977165818214417
7757,6,6,0.9327623844146729
7758,7,7,0.9115851521492004
7759,1,1,0.9600673913955688
7760,2,2,0.44416046142578125
7761,2,5,0.5460370779037476
7762,7,7,0.9897037148475647
7763,4,4,0.33594536781311035
7764,6,6,0.9254285097122192
7765,8,8,0.9125617742538452
7766,4,6,0.9139088988304138
7767,9,9,0.9652706384658813
7768,8,8,0.9393996596336365
7769,4,7,0.6991567611694336
7770,9,9,0.7166019082069397
7771,2,7,0.3849998414516449
7772,3,3,0.3453236222267151
7773,4,4,0.5570175647735596
7774,0,0,0.9765561819076538
7775,2,2,0.5358940958976746
7776,5,5,0.6545076370239258
7777,6,6,0.9926633834838867
7778,0,6,0.4782918691635132
7779,5,1,0.23955905437469482
7780,3,9,0.589046835899353
7781,5,3,0.32741641998291016
7782,8,8,0.982651948928833
7783,3,5,0.505281925201416
7784,7,2,0.6800149083137512
7785,4,2,0.6094279289245605
7786,9,9,0.9256591200828552
7787,5,5,0.8347796201705933
7788,6,6,0.8219045996665955
7789,3,3,0.7531594634056091
7790,8,8,0.7895937561988831
7791,6,6,0.632140576839447
7792,9,1,0.9236745238304138
7793,8,8,0.9415650367736816
7794,5,6,0.5370289087295532
7795,5,4,0.36079853773117065
7796,8,8,0.9887768626213074
7797,3,4,0.4857838749885559
7798,5,5,0.6472511291503906
7799,9,9,0.6629728078842163
7800,0,0,0.6323150992393494
7801,4,4,0.9622299075126648
7802,2,2,0.6594766974449158
7803,0,1,0.37747612595558167
7804,5,5,0.44006380438804626
7805,9,9,0.8954407572746277
7806,9,9,0.7470763921737671
7807,3,2,0.3963734805583954
7808,8,8,0.8493919968605042
7809,0,4,0.3511756956577301
7810,6,6,0.9833317995071411
7811,0,0,0.9517048001289368
7812,2,4,0.4584125578403473
7813,3,3,0.36702960729599
7814,7,7,0.8226402997970581
7815,0,1,0.7818462252616882
7816,0,4,0.6479516625404358
7817,6,6,0.7644529342651367
7818,9,9,0.8165447115898132
7819,1,1,0.7824345827102661
7820,5,5,0.5458653569221497
7821,2,2,0.4290817379951477
7822,2,6,0.5555186867713928
7823,7,4,0.4287813901901245
7824,9,9,0.9544121623039246
7825,3,6,0.6904686093330383
7826,9,1,0.8314382433891296
7827,3,5,0.7993147969245911
7828,5,5,0.9007852673530579
7829,2,0,0.7186646461486816
7830,2,7,0.36176198720932007
7831,2,4,0.6077906489372253
7832,8,8,0.9227535128593445
7833,8,8,0.5238198041915894
7834,5,5,0.5037674903869629
7835,0,0,0.9620246887207031
7836,0,0,0.8541693687438965
7837,7,7,0.998969316482544
7838,0,0,0.9410868287086487
7839,3,3,0.22404848039150238
7840,1,1,0.9953650236129761
7841,6,2,0.526451826095581
7842,5,4,0.718069851398468
7843,0,0,0.7554190754890442
7844,9,9,0.9333480000495911
7845,2,2,0.7709777355194092
7846,6,3,0.7385929226875305
7847,7,7,0.4384203553199768
7848,4,2,0.7477482557296753
7849,2,0,0.8857644200325012
7850,0,0,0.7851160168647766
7851,0,0,0.8765198588371277
7852,5,7,0.7601306438446045
7853,3,2,0.34712058305740356
7854,3,3,0.8263520002365112
7855,2,5,0.4370889663696289
7856,6,6,0.503459632396698
7857,4,4,0.41914814710617065
7858,2,2,0.3027717173099518
7859,7,5,0.5557020306587219
7860,8,8,0.9434423446655273
7861,0,7,0.5139086246490479
7862,1,1,0.5659772753715515
7863,0,0,0.6851779818534851
7864,1,1,0.9912201762199402
7865,3,7,0.41946810483932495
7866,6,6,0.9256843328475952
7867,4,4,0.5103155970573425
7868,8,8,0.954884946346283
7869,0,0,0.828327476978302
7870,6,6,0.9094781279563904
7871,0,2,0.49206528067588806
7872,9,9,0.9631001353263855
7873,1,8,0.6027038097381592
7874,6,4,0.3553146421909332
7875,2,2,0.36945825815200806
7876,1,1,0.9821520447731018
7877,0,4,0.5227305889129639
7878,1,1,0.6812688112258911
7879,3,6,0.49820220470428467
7880,0,0,0.953384518623352
7881,3,6,0.4375652074813843
7882,7,7,0.8836684226989746
7883,9,9,0.5923815369606018
7884,9,1,0.4472433030605316
7885,3,3,0.7233450412750244
7886,7,7,0.9993844032287598
7887,5,5,0.6951334476470947
7888,7,7,0.9947898387908936
7889,1,1,0.8956347107887268
7890,6,6,0.6426219344139099
7891,6,6,0.9789023995399475
7892,1,9,0.47059065103530884
7893,1,8,0.49354761838912964
7894,1,1,0.9573467373847961
7895,4,4,0.62737637758255
7896,4,4,0.37118738889694214
7897,2,0,0.3926463723182678
7898,1,1,0.991509199142456
7899,7,3,0.3569078743457794
7900,0,9,0.3919980525970459
7901,1,1,0.6288884878158569
7902,2,7,0.3739691376686096
7903,1,1,0.7961008548736572
7904,1,1,0.9757382273674011
7905,3,3,0.24310553073883057
7906,2,4,0.3148256540298462
7907,6,6,0.5914055109024048
7908,9,9,0.8968847393989563
7909,1,9,0.8882201910018921
7910,3,5,0.43243706226348877
7911,2,2,0.7113248705863953
7912,0,0,0.6662181615829468
7913,8,8,0.4157218337059021
7914,7,7,0.7322635650634766
7915,3,5,0.8080203533172607
7916,4,4,0.6357744932174683
7917,6,3,0.3839530348777771
7918,4,5,0.8271262049674988
7919,6,3,0.6635482311248779
7920,9,5,0.3534526526927948
7921,4,2,0.6147319078445435
7922,8,8,0.9382827281951904
7923,9,7,0.49163559079170227
7924,3,5,0.5577706694602966
7925,0,0,0.663336455821991
7926,5,5,0.5965450406074524
7927,7,4,0.48491227626800537
7928,2,2,0.7331116199493408
7929,0,0,0.7353067994117737
7930,2,0,0.6118428111076355
7931,9,1,0.6143730878829956
7932,9,0,0.5370950698852539
7933,3,2,0.38184550404548645
7934,8,8,0.8706464767456055
7935,7,7,0.4706350862979889
7936,1,1,0.9665419459342957
7937,1,1,0.8857243657112122
7938,2,2,0.5078762769699097
7939,2,2,0.6983200311660767
7940,2,6,0.6723705530166626
7941,5,2,0.3968742787837982
7942,9,1,0.7741603255271912
7943,1,1,0.494297593832016
7944,2,2,0.8062782287597656
7945,6,4,0.5274451375007629
7946,1,9,0.7733392715454102
7947,2,3,0.3386756479740143
7948,1,1,0.9764719605445862
7949,8,1,0.49199071526527405
7950,9,9,0.9846764206886292
7951,2,2,0.8321582078933716
7952,3,8,0.3583255112171173
7953,1,3,0.3610670864582062
7954,9,1,0.5307523608207703
7955,9,9,0.9767147898674011
7956,4,7,0.6134781837463379
7957,4,4,0.5154054164886475
7958,5,4,0.5547745227813721
7959,5,0,0.5267402529716492
7960,0,0,0.6121564507484436
7961,3,4,0.31875893473625183
7962,3,5,0.6318990588188171
7963,7,7,0.9066987037658691
7964,1,9,0.4961142838001251
7965,7,7,0.9335678815841675
7966,7,7,0.9551129341125488
7967,9,2,0.6134203672409058
7968,8,8,0.9329615235328674
7969,6,1,0.5390384793281555
7970,3,3,0.382910817861557
7971,5,5,0.8753221035003662
7972,5,5,0.43167799711227417
7973,1,1,0.9697247743606567
7974,6,6,0.43207690119743347
7975,2,2,0.45513638854026794
7976,7,4,0.5417461395263672
7977,8,8,0.813594400882721
7978,4,4,0.48609182238578796
7979,3,3,0.6259603500366211
7980,3,3,0.3836224377155304
7981,5,5,0.9077325463294983
7982,9,9,0.995355486869812
7983,6,8,0.43824172019958496
7984,8,8,0.5623332262039185
7985,5,5,0.4310036301612854
7986,1,9,0.4379851222038269
7987,0,0,0.7114241123199463
7988,6,4,0.5058484673500061
7989,7,5,0.7536382079124451
7990,0,0,0.8530884385108948
7991,9,9,0.9192028045654297
7992,6,6,0.9953184723854065
7993,2,0,0.35222119092941284
7994,0,0,0.825156569480896
7995,8,8,0.8226433992385864
7996,7,7,0.8316062688827515
7997,1,9,0.5015754103660583
7998,2,0,0.4390753209590912
7999,6,6,0.8587104678153992
8000,9,9,0.6671441197395325
8001,1,1,0.9449014067649841
8002,6,6,0.9730587601661682
8003,4,7,0.47551506757736206
8004,7,2,0.2965109050273895
8005,1,1,0.9603820443153381
8006,9,8,0.2862597703933716
8007,0,6,0.44660648703575134
8008,0,0,0.7686520218849182
8009,5,6,0.6964443922042847
8010,2,2,0.8101303577423096
8011,8,8,0.39629772305488586
8012,3,3,0.6815290451049805
8013,8,8,0.8506827354431152
8014,2,2,0.6425413489341736
8015,8,8,0.8470721244812012
8016,4,6,0.31710657477378845
8017,0,0,0.8243979811668396
8018,8,8,0.5137946009635925
8019,3,6,0.7194138169288635
8020,6,7,0.2205641120672226
8021,1,9,0.5518832206726074
8022,2,5,0.7376880645751953
8023,3,3,0.4398486018180847
8024,0,0,0.5161035656929016
8025,5,5,0.4948573410511017
8026,0,0,0.3360440135002136
8027,4,7,0.7666918039321899
8028,1,9,0.5266917943954468
8029,7,4,0.6451162695884705
8030,2,2,0.8004379272460938
8031,0,8,0.5187951326370239
8032,1,1,0.9129818677902222
8033,3,5,0.6175877451896667
8034,9,9,0.5006108283996582
8035,1,1,0.27580392360687256
8036,6,6,0.88559490442276
8037,1,1,0.8283852338790894
8038,6,6,0.99277663230896
8039,1,1,0.8439295887947083
8040,2,2,0.6682108044624329
8041,8,6,0.4295438826084137
8042,7,7,0.9964579939842224
8043,0,0,0.5029572248458862
8044,9,5,0.3963119685649872
8045,5,5,0.5634303689002991
8046,8,0,0.6034761071205139
8047,0,8,0.9054620862007141
8048,0,2,0.4827063977718353
8049,1,1,0.959955096244812
8050,7,2,0.6481921672821045
8051,9,1,0.6032058000564575
8052,7,7,0.8637157082557678
8053,1,1,0.9198196530342102
8054,9,9,0.5930957198143005
8055,2,2,0.7728977799415588
8056,1,1,0.5589907765388489
8057,9,9,0.5543990135192871
8058,4,0,0.38639509677886963
8059,3,3,0.8234670758247375
8060,6,6,0.9889109134674072
8061,0,0,0.9297937154769897
8062,2,6,0.29921993613243103
8063,0,8,0.5871715545654297
8064,0,0,0.9399912357330322
8065,9,9,0.9992644190788269
8066,9,0,0.7061383128166199
8067,8,8,0.8960703015327454
8068,9,9,0.8292794823646545
8069,4,2,0.6952939033508301
8070,5,5,0.6345847845077515
8071,4,3,0.4204902946949005
8072,3,3,0.32537558674812317
8073,0,8,0.8662914037704468
8074,7,7,0.8599395751953125
8075,8,8,0.880196213722229
8076,7,7,0.965069591999054
8077,3,3,0.4042089283466339
8078,7,3,0.49481454491615295
8079,5,3,0.4029860198497772
8080,4,4,0.6408254504203796
8081,6,6,0.9742076396942139
8082,5,5,0.6459775567054749
8083,9,7,0.6964353322982788
8084,5,5,0.6561864018440247
8085,2,2,0.8425676822662354
8086,4,4,0.2600390911102295
8087,2,7,0.6712329387664795
8088,7,7,0.7505093216896057
8089,9,9,0.9681586623191833
8090,6,3,0.34336185455322266
8091,7,7,0.708511233329773
8092,4,8,0.23501043021678925
8093,7,7,0.4261649250984192
8094,1,1,0.967839241027832
8095,2,2,0.7187088131904602
8096,3,3,0.8517442941665649
8097,1,1,0.8950726985931396
8098,1,1,0.48487022519111633
8099,3,5,0.6143991351127625
8100,6,8,0.3372926712036133
8101,8,8,0.40891772508621216
8102,3,3,0.5568838119506836
8103,7,7,0.8229789733886719
8104,7,7,0.7158854007720947
8105,0,0,0.4925310015678406
8106,8,8,0.8238591551780701
8107,1,1,0.9411957859992981
8108,5,5,0.8328378200531006
8109,2,2,0.3672521114349365
8110,5,6,0.8420321345329285
8111,5,5,0.7664140462875366
8112,3,6,0.2623026967048645
8113,6,6,0.9934873580932617
8114,3,6,0.1838376522064209
8115,5,6,0.4941892921924591
8116,9,9,0.8539411425590515
8117,8,0,0.5955187678337097
8118,4,0,0.3543178141117096
8119,6,3,0.5477563738822937
8120,8,8,0.6703060865402222
8121,0,0,0.8910931348800659
8122,4,3,0.35196009278297424
8123,1,1,0.6390023231506348
8124,7,7,0.9434627890586853
8125,8,1,0.7371794581413269
8126,4,2,0.4185459613800049
8127,9,9,0.4610062539577484
8128,7,4,0.34874317049980164
8129,2,4,0.46937984228134155
8130,6,6,0.9412404894828796
8131,3,3,0.5616826415061951
8132,8,8,0.8564823865890503
8133,8,0,0.31593334674835205
8134,6,6,0.6068077683448792
8135,7,3,0.2752522826194763
8136,3,2,0.3831384479999542
8137,8,0,0.4679945707321167
8138,1,9,0.66028892993927
8139,1,9,0.2835017740726471
8140,5,5,0.2466352880001068
8141,3,3,0.46695777773857117
8142,7,7,0.8245343565940857
8143,9,9,0.8251380324363708
8144,9,9,0.9456347823143005
8145,9,0,0.4319313168525696
8146,8,8,0.5357756614685059
8147,5,5,0.6790006756782532
8148,9,5,0.23024587333202362
8149,9,9,0.9272699356079102
8150,6,6,0.9984551668167114
8151,8,8,0.8903412222862244
8152,8,8,0.976664662361145
8153,4,4,0.39501214027404785
8154,8,8,0.49324408173561096
8155,1,1,0.9788069128990173
8156,0,0,0.733635663986206
8157,1,1,0.9876114726066589
8158,8,8,0.923740029335022
8159,8,8,0.9902642965316772
8160,6,6,0.8530051708221436
8161,5,5,0.35222503542900085
8162,9,9,0.49289700388908386
8163,0,0,0.9335120320320129
8164,6,6,0.9733248353004456
8165,1,1,0.8328094482421875
8166,2,5,0.2608906924724579
8167,6,6,0.9444385170936584
8168,6,6,0.5552880764007568
8169,3,6,0.38285592198371887
8170,5,5,0.503514289855957
8171,6,9,0.6287769675254822
8172,5,3,0.4186587333679199
8173,5,7,0.6190285086631775
8174,3,7,0.5287203788757324
8175,3,3,0.6858220100402832
8176,6,6,0.6953018307685852
8177,8,0,0.415983110666275
8178,9,9,0.8539150953292847
8179,4,4,0.7512996196746826
8180,4,4,0.5825196504592896
8181,3,3,0.4361879229545593
8182,8,8,0.42424237728118896
8183,3,5,0.7026263475418091
8184,6,6,0.8953612446784973
8185,0,0,0.8947451710700989
8186,8,8,0.9687474370002747
8187,5,5,0.8323621153831482
8188,7,7,0.8864622116088867
8189,8,9,0.43880781531333923
8190,4,6,0.28469258546829224
8191,6,6,0.408004492521286
8192,5,3,0.3551254868507385
8193,3,5,0.7796964049339294
8194,1,9,0.7373682260513306
8195,8,8,0.9912468791007996
8196,3,0,0.8199549317359924
8197,0,8,0.7809126973152161
8198,4,4,0.38285911083221436
8199,4,4,0.3693905472755432
8200,3,3,0.45980948209762573
8201,3,3,0.515190839767456
8202,5,4,0.6206045746803284
8203,3,5,0.5243515968322754
8204,3,3,0.45228111743927
8205,2,7,0.6789476275444031
8206,7,7,0.6769739985466003
8207,7,7,0.9937898516654968
8208,8,8,0.47812169790267944
8209,2,4,0.8357099890708923
8210,0,0,0.9965016841888428
8211,5,5,0.8414839506149292
8212,5,3,0.29356056451797485
8213,6,6,0.9012710452079773
8214,1,1,0.5982334017753601
8215,1,1,0.8547945022583008
8216,3,4,0.4511898458003998
8217,9,1,0.5955050587654114
8218,9,6,0.7755150198936462
8219,3,5,0.39572399854660034
8220,6,2,0.3913915157318115
8221,7,7,0.7871177792549133
8222,1,8,0.44437894225120544
8223,8,8,0.9845026135444641
8224,3,3,0.5551536679267883
8225,9,0,0.7022694945335388
8226,8,4,0.6062933802604675
8227,7,7,0.7005047798156738
8228,8,8,0.9912139773368835
8229,8,3,0.4604937732219696
8230,0,0,0.8749560713768005
8231,3,3,0.5633781552314758
8232,2,5,0.733344316482544
8233,4,4,0.40988439321517944
8234,8,9,0.6234751343727112
8235,7,7,0.9997972846031189
8236,5,3,0.27610069513320923
8237,7,7,0.9900676012039185
8238,1,6,0.18342991173267365
8239,8,8,0.9464049339294434
8240,7,7,0.988751232624054
8241,3,3,0.47861459851264954
8242,5,3,0.247778981924057
8243,4,4,0.4463372230529785
8244,4,4,0.8359225392341614
8245,3,5,0.7699997425079346
8246,8,8,0.5987557172775269
8247,6,6,0.944409966468811
8248,1,1,0.41232094168663025
8249,1,1,0.5481547713279724
8250,6,6,0.4977543354034424
8251,3,3,0.8401711583137512
8252,2,2,0.6762818098068237
8253,2,2,0.797126293182373
8254,8,8,0.37772202491760254
8255,9,9,0.7187896966934204
8256,8,8,0.805384635925293
8257,3,3,0.5237699747085571
8258,3,2,0.3732638359069824
8259,8,9,0.711850106716156
8260,1,1,0.8669669032096863
8261,1,7,0.5312733054161072
8262,0,0,0.5447897911071777
8263,5,5,0.8216046094894409
8264,2,2,0.9378073811531067
8265,0,0,0.8860505223274231
8266,5,5,0.5270882844924927
8267,0,7,0.17851056158542633
8268,5,5,0.3531412184238434
8269,8,8,0.5469439625740051
8270,6,6,0.6160261034965515
8271,3,5,0.5634857416152954
8272,9,1,0.9602977633476257
8273,6,4,0.47771045565605164
8274,6,6,0.3694564998149872
8275,3,3,0.36270007491111755
8276,9,8,0.5069489479064941
8277,4,7,0.5093797445297241
8278,8,8,0.9053542613983154
8279,3,3,0.5731943249702454
8280,4,3,0.5627361536026001
8281,3,5,0.8060312867164612
8282,1,1,0.8985286951065063
8283,1,1,0.5095866918563843
8284,2,2,0.586398720741272
8285,9,9,0.9755722284317017
8286,7,2,0.34297171235084534
8287,8,8,0.9586646556854248
8288,5,5,0.9903448224067688
8289,5,5,0.9403707385063171
8290,8,8,0.7947377562522888
8291,6,7,0.35422584414482117
8292,9,9,0.47659608721733093
8293,0,5,0.2321450561285019
8294,8,8,0.9847455620765686
8295,3,0,0.4316989779472351
8296,5,5,0.632512092590332
8297,1,9,0.8104978203773499
8298,3,2,0.6312339305877686
8299,3,6,0.8074655532836914
8300,5,4,0.3078977167606354
8301,5,4,0.5221720337867737
8302,3,6,0.5521631240844727
8303,8,0,0.6849560141563416
8304,1,2,0.3901118338108063
8305,4,4,0.5863745212554932
8306,6,2,0.3874870240688324
8307,4,4,0.8109623789787292
8308,2,5,0.2994515299797058
8309,4,6,0.4141591191291809
8310,3,5,0.7121546268463135
8311,8,8,0.6373763084411621
8312,9,9,0.4792599081993103
8313,6,6,0.6041551828384399
8314,6,6,0.42938077449798584
8315,6,6,0.7764198780059814
8316,5,5,0.8101897835731506
8317,5,5,0.4171157777309418
8318,2,5,0.31264829635620117
8319,7,7,0.9612299799919128
8320,7,3,0.665935218334198
8321,4,2,0.4449266195297241
8322,4,2,0.3150360882282257
8323,9,9,0.7460934519767761
8324,3,5,0.392557829618454
8325,8,8,0.93665611743927
8326,3,2,0.25721561908721924
8327,7,9,0.804219663143158
8328,7,7,0.5153079628944397
8329,8,8,0.9399336576461792
8330,5,5,0.9938848614692688
8331,3,4,0.43497997522354126
8332,9,7,0.26351284980773926
8333,1,1,0.5188373327255249
8334,6,6,0.3284494876861572
8335,7,5,0.5338512659072876
8336,3,5,0.6557481288909912
8337,3,3,0.6603059768676758
8338,3,6,0.3671276867389679
8339,8,8,0.9841206669807434
8340,5,5,0.6802692413330078
8341,6,3,0.28579646348953247
8342,1,0,0.3535270094871521
8343,3,3,0.6261097192764282
8344,7,2,0.28454259037971497
8345,9,9,0.9608984589576721
8346,6,3,0.4771485924720764
8347,1,1,0.9787659049034119
8348,6,6,0.8534583449363708
8349,4,7,0.8082765340805054
8350,9,9,0.7482636570930481
8351,0,0,0.48648321628570557
8352,5,2,0.4983142912387848
8353,7,7,0.9955102205276489
8354,4,5,0.37646743655204773
8355,9,9,0.9788434505462646
8356,1,1,0.9959231615066528
8357,0,2,0.4207325577735901
8358,0,0,0.988610565662384
8359,2,2,0.4758458733558655
8360,7,7,0.9309604167938232
8361,8,1,0.763060986995697
8362,3,3,0.32483986020088196
8363,2,2,0.2346671223640442
8364,7,9,0.40568017959594727
8365,6,9,0.5767744183540344
8366,1,1,0.7347973585128784
8367,6,6,0.7043083906173706
8368,6,6,0.9057536721229553
8369,4,2,0.4986785352230072
8370,4,4,0.360496461391449
8371,2,2,0.35898372530937195
8372,1,3,0.2053476870059967
8373,8,8,0.4307674765586853
8374,4,4,0.6884079575538635
8375,4,4,0.6415656805038452
8376,7,7,0.9337344765663147
8377,8,8,0.8885257244110107
8378,5,5,0.465942919254303
8379,8,8,0.9956739544868469
8380,9,9,0.43244820833206177
8381,4,3,0.35205984115600586
8382,3,3,0.7279765605926514
8383,2,2,0.5956467390060425
8384,2,5,0.37942856550216675
8385,9,0,0.41220566630363464
8386,3,5,0.4081279933452606
8387,0,0,0.6884161829948425
8388,1,1,0.7914471626281738
8389,1,0,0.6380062103271484
8390,1,1,0.5686178803443909
8391,1,1,0.6475102305412292
8392,6,6,0.6327700018882751
8393,8,8,0.8734177350997925
8394,7,5,0.38578981161117554
8395,1,1,0.753785252571106
8396,3,3,0.6686109900474548
8397,0,2,0.4201497435569763
8398,4,4,0.509843111038208
8399,5,5,0.374668151140213
8400,0,0,0.5448361039161682
8401,3,4,0.235836923122406
8402,0,0,0.746828019618988
8403,6,6,0.7953203320503235
8404,2,4,0.4481043815612793
8405,0,0,0.30372267961502075
8406,9,9,0.4599751830101013
8407,8,8,0.9588336944580078
8408,6,6,0.3660305440425873
8409,8,8,0.5277852416038513
8410,5,3,0.2964065670967102
8411,8,8,0.8260670900344849
8412,2,4,0.5724117755889893
8413,9,9,0.6342465281486511
8414,6,6,0.9677997827529907
8415,0,0,0.9563839435577393
8416,6,6,0.41162100434303284
8417,1,1,0.5871829390525818
8418,8,8,0.8752864599227905
8419,7,2,0.4351501166820526
8420,3,3,0.40397360920906067
8421,2,2,0.3553471565246582
8422,2,2,0.4308382570743561
8423,6,6,0.9500945210456848
8424,5,6,0.45115312933921814
8425,6,2,0.4315842092037201
8426,9,9,0.5929070711135864
8427,2,0,0.5126620531082153
8428,5,5,0.3945150077342987
8429,4,4,0.6936993598937988
8430,9,9,0.7443058490753174
8431,8,8,0.8355344533920288
8432,5,5,0.6886787414550781
8433,3,3,0.3471638560295105
8434,9,9,0.9593408703804016
8435,3,9,0.7017537951469421
8436,5,5,0.7304839491844177
8437,7,4,0.4477172791957855
8438,1,1,0.7314600348472595
8439,8,1,0.34301960468292236
8440,5,5,0.7275876998901367
8441,8,8,0.9396865367889404
8442,6,6,0.5538186430931091
8443,2,0,0.31467175483703613
8444,5,5,0.8409217596054077
8445,1,0,0.4025382101535797
8446,3,3,0.7038621306419373
8447,0,0,0.7775507569313049
8448,4,2,0.3133293688297272
8449,1,4,0.36523911356925964
8450,9,1,0.4566958248615265
8451,5,4,0.48139604926109314
8452,4,4,0.4805339574813843
8453,9,8,0.45921751856803894
8454,2,2,0.3573782742023468
8455,1,1,0.9826237559318542
8456,4,7,0.47642144560813904
8457,2,4,0.6489683985710144
8458,5,5,0.9582614302635193
8459,9,9,0.9360745549201965
8460,8,8,0.9745346307754517
8461,7,7,0.7204445600509644
8462,2,4,0.7942389249801636
8463,1,2,0.20936058461666107
8464,6,6,0.9650402069091797
8465,9,9,0.8501256704330444
8466,7,7,0.7256155014038086
8467,3,3,0.5982865691184998
8468,6,6,0.7948645949363708
8469,5,1,0.46075618267059326
8470,8,9,0.3714693784713745
8471,0,0,0.5443931221961975
8472,2,2,0.6900643110275269
8473,2,3,0.3434394598007202
8474,4,4,0.6732991337776184
8475,9,9,0.5236111283302307
8476,0,3,0.34940895438194275
8477,5,5,0.8046987652778625
8478,5,4,0.4565712809562683
8479,4,4,0.28520622849464417
8480,2,2,0.7070443034172058
8481,3,3,0.4464448094367981
8482,1,1,0.6914179921150208
8483,0,0,0.8594203591346741
8484,3,2,0.5866340398788452
8485,0,0,0.9724190831184387
8486,4,4,0.5625223517417908
8487,4,3,0.40603214502334595
8488,9,7,0.6310738325119019
8489,1,9,0.41540035605430603
8490,3,5,0.7653660774230957
8491,3,4,0.6841791272163391
8492,0,9,0.8815428018569946
8493,2,2,0.3940137028694153
8494,1,1,0.25025686621665955
8495,1,1,0.9412043690681458
8496,0,0,0.9056985378265381
8497,4,4,0.8166982531547546
8498,1,1,0.5714043974876404
8499,9,7,0.4090134799480438
8500,4,4,0.7242749929428101
8501,8,8,0.9140248894691467
8502,1,1,0.9268192648887634
8503,1,1,0.9912827014923096
8504,1,1,0.9647427201271057
8505,5,5,0.3536454141139984
8506,9,9,0.5948853492736816
8507,8,0,0.49946340918540955
8508,1,9,0.9446614384651184
8509,6,9,0.6546372175216675
8510,7,7,0.994848906993866
8511,2,6,0.7067474722862244
8512,9,9,0.9508140087127686
8513,9,9,0.5478114485740662
8514,7,7,0.5701423287391663
8515,8,8,0.9217252731323242
8516,8,8,0.36948540806770325
8517,1,1,0.9965295195579529
8518,9,2,0.3695507049560547
8519,7,7,0.8787835836410522
8520,8,8,0.7967081069946289
8521,9,8,0.7140247821807861
8522,1,1,0.9856858253479004
8523,6,6,0.9350743293762207
8524,6,6,0.7741588950157166
8525,3,6,0.42525041103363037
8526,3,5,0.47899433970451355
8527,1,3,0.3766687512397766
8528,3,3,0.32996025681495667
8529,0,0,0.5900297164916992
8530,8,8,0.4791475534439087
8531,8,8,0.9857595562934875
8532,3,4,0.3018987476825714
8533,6,6,0.8689272403717041
8534,6,6,0.9901958107948303
8535,7,7,0.40884965658187866
8536,1,0,0.4282306134700775
8537,0,0,0.9188188910484314
8538,7,7,0.3245214521884918
8539,6,6,0.7034270167350769
8540,4,4,0.5599961280822754
8541,8,1,0.47650146484375
8542,2,6,0.8127813935279846
8543,0,0,0.8455884456634521
8544,6,6,0.9897643327713013
8545,6,6,0.7444871664047241
8546,8,0,0.3246226906776428
8547,6,6,0.7901135683059692
8548,3,7,0.49786168336868286
8549,1,1,0.5828807950019836
8550,1,1,0.4813424348831177
8551,8,8,0.9201202988624573
8552,6,3,0.48091626167297363
8553,7,3,0.2390979528427124
8554,0,0,0.9151381254196167
8555,5,5,0.8029607534408569
8556,4,8,0.5648128986358643
8557,3,3,0.4661407768726349
8558,2,7,0.20935779809951782
8559,1,1,0.656324565410614
8560,7,7,0.9743200540542603
8561,8,8,0.9564524292945862
8562,2,2,0.39632049202919006
8563,0,7,0.29731276631355286
8564,1,0,0.40231943130493164
8565,7,7,0.9175868034362793
8566,4,8,0.46297621726989746
8567,8,8,0.9290403127670288
8568,7,7,0.9949086308479309
8569,6,4,0.25200361013412476
8570,6,6,0.41992413997650146
8571,7,7,0.9894741177558899
8572,0,8,0.6930255889892578
8573,6,4,0.30079925060272217
8574,4,4,0.5758556723594666
8575,9,9,0.9800882935523987
8576,2,2,0.3644636869430542
8577,3,6,0.47291702032089233
8578,2,5,0.6973163485527039
8579,1,1,0.9714975953102112
8580,3,0,0.8252766728401184
8581,8,0,0.31093403697013855
8582,6,6,0.7281226515769958
8583,8,8,0.8737576603889465
8584,1,1,0.36307454109191895
8585,9,9,0.47808176279067993
8586,6,6,0.5550345778465271
8587,7,7,0.9962769150733948
8588,6,6,0.9769257307052612
8589,5,5,0.3308165669441223
8590,0,0,0.7329354882240295
8591,6,6,0.9235466122627258
8592,0,0,0.776110053062439
8593,1,9,0.7720527648925781
8594,3,3,0.4245118498802185
8595,1,0,0.6128984093666077
8596,1,1,0.7710767984390259
8597,5,5,0.6610758900642395
8598,3,3,0.7250818014144897
8599,4,4,0.5760170817375183
8600,3,3,0.32537901401519775
8601,3,4,0.3360745310783386
8602,8,8,0.7502297163009644
8603,1,1,0.9502073526382446
8604,6,3,0.5381001830101013
8605,6,6,0.6950383186340332
8606,1,1,0.8471146821975708
8607,8,8,0.848882794380188
8608,8,0,0.4257986545562744
8609,6,6,0.9405192732810974
8610,2,2,0.5593673586845398
8611,7,7,0.8602297902107239
8612,4,4,0.9051086902618408
8613,6,6,0.43889427185058594
8614,8,8,0.9751455783843994
8615,9,9,0.5186404585838318
8616,3,6,0.6543793678283691
8617,3,4,0.8046121597290039
8618,5,3,0.5893496870994568
8619,5,5,0.5099307298660278
8620,3,1,0.1936917006969452
8621,1,1,0.5941532254219055
8622,4,4,0.8157176375389099
8623,1,1,0.9405102133750916
8624,9,7,0.6459770202636719
8625,5,5,0.7076562643051147
8626,1,6,0.4746570885181427
8627,7,7,0.9862396121025085
8628,7,5,0.4647811949253082
8629,7,7,0.4447178244590759
8630,5,2,0.8984149098396301
8631,2,5,0.4107658267021179
8632,3,3,0.6471478343009949
8633,3,2,0.7552804350852966
8634,6,5,0.3794461786746979
8635,6,6,0.8916692137718201
8636,6,5,0.35367336869239807
8637,4,4,0.5893166065216064
8638,0,0,0.9229549169540405
8639,7,0,0.7888574004173279
8640,1,1,0.9870545864105225
8641,7,7,0.7414580583572388
8642,3,6,0.8502908945083618
8643,0,0,0.7204791307449341
8644,8,2,0.2071591019630432
8645,1,0,0.32593417167663574
8646,2,7,0.3846401274204254
8647,4,4,0.5601844191551208
8648,1,1,0.583721935749054
8649,2,2,0.5435516834259033
8650,2,5,0.7803925275802612
8651,4,4,0.42529061436653137
8652,9,9,0.6739224195480347
8653,8,8,0.5518521070480347
8654,2,4,0.45622676610946655
8655,8,9,0.604826807975769
8656,7,7,0.6680426597595215
8657,6,3,0.2527564465999603
8658,3,3,0.5820621252059937
8659,4,4,0.4815940260887146
8660,7,5,0.8359770774841309
8661,2,4,0.2004099041223526
8662,3,3,0.4867776930332184
8663,1,1,0.7383096218109131
8664,5,5,0.8495150208473206
8665,3,7,0.4543052315711975
8666,0,0,0.6340230703353882
8667,4,4,0.6298016905784607
8668,3,6,0.5275070071220398
8669,4,4,0.3597082495689392
8670,9,3,0.2868090271949768
8671,4,3,0.54083251953125
8672,7,4,0.4423583745956421
8673,9,7,0.4188504219055176
8674,1,1,0.5837195515632629
8675,7,7,0.9959715008735657
8676,8,0,0.8522935509681702
8677,3,5,0.8287632465362549
8678,1,0,0.45139726996421814
8679,8,8,0.5409665703773499
8680,3,5,0.5181775093078613
8681,2,2,0.3658199906349182
8682,5,5,0.6322476863861084
8683,7,7,0.8740954995155334
8684,2,3,0.5563820004463196
8685,7,7,0.6014177203178406
8686,9,9,0.8975403904914856
8687,6,6,0.582612931728363
8688,8,2,0.3591085374355316
8689,6,6,0.8453400135040283
8690,8,8,0.9718424677848816
8691,6,0,0.25869911909103394
8692,5,5,0.3628700375556946
8693,9,9,0.9736278057098389
8694,0,0,0.865023672580719
8695,4,4,0.465959370136261
8696,8,8,0.4860723912715912
8697,5,5,0.9235823154449463
8698,6,4,0.5229358077049255
8699,4,5,0.6115551590919495
8700,3,5,0.584278404712677
8701,8,8,0.7763301730155945
8702,0,0,0.6650352478027344
8703,4,6,0.37624800205230713
8704,8,8,0.964539110660553
8705,6,6,0.9017926454544067
8706,7,7,0.5441547632217407
8707,2,2,0.4709656238555908
8708,7,4,0.41031408309936523
8709,1,1,0.8785116076469421
8710,7,7,0.9338957071304321
8711,4,0,0.21254496276378632
8712,1,1,0.5423509478569031
8713,2,2,0.6724047064781189
8714,4,4,0.8460733294487
8715,2,2,0.7829487919807434
8716,2,2,0.6043031811714172
8717,8,8,0.9817289710044861
8718,7,7,0.9906244874000549
8719,2,2,0.3517659902572632
8720,2,0,0.8360051512718201
8721,6,6,0.45057597756385803
8722,7,7,0.46818938851356506
8723,5,7,0.5166822075843811
8724,6,3,0.46593400835990906
8725,8,8,0.9897719025611877
8726,9,9,0.6626977324485779
8727,9,0,0.3581312894821167
8728,6,6,0.81118243932724
8729,5,2,0.3733132481575012
8730,2,2,0.2907927632331848
8731,9,9,0.6669325232505798
8732,8,1,0.7153159976005554
8733,7,7,0.9722104668617249
8734,2,4,0.5011275410652161
8735,3,2,0.44328829646110535
8736,3,3,0.30803000926971436
8737,7,7,0.5449074506759644
8738,4,4,0.4116731882095337
8739,3,3,0.42880645394325256
8740,2,2,0.407893568277359
8741,1,0,0.9209595322608948
8742,9,1,0.6597753167152405
8743,0,1,0.5593934059143066
8744,1,1,0.9157791137695312
8745,5,5,0.5257017612457275
8746,3,5,0.45466986298561096
8747,2,2,0.9413105845451355
8748,6,6,0.6476263999938965
8749,5,9,0.3774372339248657
8750,9,9,0.8086082339286804
8751,1,0,0.33388808369636536
8752,5,5,0.41359633207321167
8753,4,7,0.8352287411689758
8754,3,3,0.7960067987442017
8755,6,6,0.8995256423950195
8756,2,2,0.49231088161468506
8757,8,6,0.363669753074646
8758,9,7,0.5922024250030518
8759,7,7,0.8670816421508789
8760,8,8,0.7476263046264648
8761,0,8,0.8847727179527283
8762,8,8,0.8448980450630188
8763,9,9,0.9985164999961853
8764,1,8,0.8490696549415588
8765,2,4,0.38319671154022217
8766,5,5,0.6258023381233215
8767,7,3,0.3368099331855774
8768,2,2,0.6186017394065857
8769,0,0,0.9875546097755432
8770,6,4,0.5189810991287231
8771,6,6,0.7691127061843872
8772,1,1,0.9978398084640503
8773,6,2,0.834166944026947
8774,3,3,0.31102895736694336
8775,1,3,0.47267934679985046
8776,5,5,0.696567177772522
8777,0,0,0.5876486301422119
8778,3,2,0.5291544795036316
8779,7,7,0.8542206287384033
8780,4,4,0.3604910671710968
8781,6,6,0.4223601520061493
8782,5,5,0.8258523941040039
8783,6,5,0.5805826783180237
8784,4,4,0.7794525623321533
8785,8,0,0.5215457677841187
8786,3,4,0.5405312180519104
8787,4,4,0.4566206932067871
8788,5,3,0.4073333740234375
8789,5,5,0.9622999429702759
8790,0,7,0.3646458089351654
8791,6,4,0.45287811756134033
8792,6,4,0.4649517238140106
8793,7,7,0.9220660924911499
8794,5,5,0.724413275718689
8795,0,0,0.9772486686706543
8796,9,9,0.8717632293701172
8797,9,9,0.9176620841026306
8798,6,6,0.8994066715240479
8799,1,1,0.48903894424438477
8800,0,0,0.959095299243927
8801,4,2,0.3839642405509949
8802,6,6,0.9381495714187622
8803,3,5,0.2837184965610504
8804,6,2,0.38455766439437866
8805,9,7,0.5738030076026917
8806,3,2,0.5991395711898804
8807,6,6,0.9551693797111511
8808,6,6,0.9187756180763245
8809,8,5,0.4339590072631836
8810,2,2,0.6600748896598816
8811,1,7,0.5685470700263977
8812,0,0,0.9808152914047241
8813,1,1,0.7391072511672974
8814,9,9,0.9967167973518372
8815,3,2,0.47649529576301575
8816,7,7,0.3476889729499817
8817,4,4,0.3702118992805481
8818,3,3,0.5137280225753784
8819,0,0,0.8851600885391235
8820,2,0,0.7754260897636414
8821,7,7,0.8305106163024902
8822,6,6,0.9058024287223816
8823,4,4,0.5327005982398987
8824,3,3,0.3667565882205963
8825,0,8,0.6662811040878296
8826,8,8,0.9717631936073303
8827,2,2,0.9271566867828369
8828,0,5,0.5356707572937012
8829,0,0,0.9919006824493408
8830,9,9,0.9970349073410034
8831,6,6,0.6638877391815186
8832,6,6,0.4411585032939911
8833,6,4,0.4645548462867737
8834,8,8,0.8760467767715454
8835,7,2,0.27164167165756226
8836,4,4,0.5950075387954712
8837,1,1,0.9291309714317322
8838,8,8,0.9615277051925659
8839,1,1,0.6951796412467957
8840,2,7,0.3108043074607849
8841,2,2,0.5183305740356445
8842,4,4,0.7193402051925659
8843,8,2,0.288053035736084
8844,5,2,0.3493134081363678
8845,2,2,0.7835825085639954
8846,6,6,0.9864025712013245
8847,5,4,0.674819827079773
8848,3,2,0.5925971269607544
8849,9,9,0.8417735695838928
8850,1,9,0.5635322332382202
8851,0,0,0.5763735175132751
8852,7,7,0.8967168927192688
8853,2,4,0.6592702269554138
8854,4,8,0.8975851535797119
8855,4,4,0.516038715839386
8856,0,0,0.890738844871521
8857,0,0,0.637448251247406
8858,6,6,0.8388614654541016
8859,2,2,0.3722740411758423
8860,2,2,0.8877851366996765
8861,4,4,0.5054943561553955
8862,0,0,0.5037437081336975
8863,5,4,0.43475669622421265
8864,9,9,0.9769538044929504
8865,7,7,0.8295004963874817
8866,1,1,0.6583563089370728
8867,8,8,0.9897365570068359
8868,4,7,0.7923825979232788
8869,5,5,0.36455008387565613
8870,5,5,0.8987554907798767
8871,9,9,0.8039740920066833
8872,8,7,0.5894671082496643
8873,5,5,0.936406135559082
8874,7,3,0.2129836529493332
8875,8,1,0.6177457571029663
8876,0,9,0.8120425343513489
8877,9,1,0.5818926692008972
8878,8,8,0.5018623471260071
8879,9,9,0.8016071319580078
8880,1,1,0.9713667035102844
8881,6,6,0.9151235222816467
8882,3,3,0.3222660422325134
8883,8,1,0.4136270582675934
8884,0,7,0.8913574814796448
8885,3,5,0.7460103631019592
8886,4,7,0.43811970949172974
8887,4,4,0.6912411451339722
8888,8,8,0.8110102415084839
8889,4,4,0.7972822785377502
8890,8,8,0.9800351858139038
8891,9,9,0.581504225730896
8892,8,8,0.7639688849449158
8893,6,6,0.797890305519104
8894,0,2,0.3255396783351898
8895,0,0,0.4836626946926117
8896,8,8,0.39183318614959717
8897,2,2,0.5120821595191956
8898,7,1,0.41122353076934814
8899,4,4,0.795242965221405
8900,2,2,0.5131702423095703
8901,5,7,0.5633783936500549
8902,6,6,0.9830858707427979
8903,0,0,0.9168646931648254
8904,5,5,0.8510299324989319
8905,8,8,0.9396557807922363
8906,4,3,0.3551289439201355
8907,1,1,0.7516161203384399
8908,9,9,0.48806288838386536
8909,0,0,0.8416230082511902
8910,1,1,0.8880990743637085
8911,4,2,0.3891916275024414
8912,4,5,0.360002726316452
8913,8,8,0.8975555300712585
8914,4,4,0.7443870902061462
8915,9,9,0.9496268033981323
8916,6,6,0.5410984754562378
8917,0,0,0.7384775876998901
8918,7,0,0.604978621006012
8919,7,7,0.4484024941921234
8920,6,6,0.8143142461776733
8921,8,8,0.6693328619003296
8922,9,7,0.3299114406108856
8923,6,2,0.2412787526845932
8924,2,2,0.8615749478340149
8925,0,0,0.6475204229354858
8926,4,4,0.9077436327934265
8927,9,9,0.7027721405029297
8928,4,8,0.3316691219806671
8929,9,9,0.7354140281677246
8930,3,2,0.3707124590873718
8931,9,9,0.9819256067276001
8932,6,2,0.7003069519996643
8933,6,6,0.8287338614463806
8934,7,5,0.5240815877914429
8935,0,0,0.6758273243904114
8936,9,9,0.746064305305481
8937,7,7,0.634190022945404
8938,1,8,0.415560781955719
8939,8,2,0.25494229793548584
8940,6,7,0.4190273880958557
8941,0,0,0.36517560482025146
8942,6,6,0.4263277053833008
8943,7,5,0.3362930715084076
8944,4,4,0.19488047063350677
8945,1,1,0.849628210067749
8946,9,9,0.5651842355728149
8947,4,4,0.7730132341384888
8948,6,5,0.45236170291900635
8949,7,9,0.5180181860923767
8950,9,9,0.49564602971076965
8951,8,8,0.97646164894104
8952,3,3,0.5633618831634521
8953,9,9,0.9718704223632812
8954,2,4,0.8491637110710144
8955,1,1,0.6963455677032471
8956,2,7,0.22001686692237854
8957,7,2,0.44448161125183105
8958,6,4,0.7129966616630554
8959,1,9,0.7023544907569885
8960,0,0,0.6075743436813354
8961,0,9,0.23689737915992737
8962,5,7,0.5987920165061951
8963,6,6,0.9556866884231567
8964,0,0,0.41901782155036926
8965,4,4,0.2760319113731384
8966,3,3,0.3244688808917999
8967,2,2,0.7420860528945923
8968,8,8,0.45741006731987
8969,8,8,0.9945165514945984
8970,0,0,0.9830631017684937
8971,6,6,0.9132351279258728
8972,9,3,0.3464859127998352
8973,5,5,0.7395784854888916
8974,2,2,0.6931097507476807
8975,8,8,0.9941546320915222
8976,7,2,0.4638928472995758
8977,0,3,0.24393410980701447
8978,6,6,0.8303449749946594
8979,5,5,0.9340744614601135
8980,9,8,0.6673210859298706
8981,7,4,0.6731392741203308
8982,2,2,0.5206169486045837
8983,3,5,0.5897527933120728
8984,6,6,0.9869166612625122
8985,9,0,0.8274187445640564
8986,6,6,0.982093095779419
8987,2,5,0.5141419172286987
8988,2,2,0.8475562930107117
8989,4,4,0.4775694012641907
8990,1,1,0.9963774085044861
8991,0,0,0.8662995100021362
8992,5,5,0.8827003836631775
8993,0,9,0.6298329830169678
8994,8,8,0.9952172040939331
8995,9,9,0.9871254563331604
8996,3,7,0.5433186292648315
8997,5,2,0.55796217918396
8998,9,9,0.9849919676780701
8999,3,5,0.5772545337677002
9000,8,8,0.9846838116645813
9001,1,1,0.7414976954460144
9002,6,6,0.49858975410461426
9003,3,4,0.5380927920341492
9004,7,7,0.806656539440155
9005,5,5,0.9380061626434326
9006,6,6,0.7720733880996704
9007,2,7,0.43362241983413696
9008,0,0,0.9332169890403748
9009,2,6,0.4795118570327759
9010,8,8,0.47681543231010437
9011,2,6,0.49860307574272156
9012,8,8,0.6805205345153809
9013,7,7,0.7575879693031311
9014,7,7,0.3961957097053528
9015,8,8,0.5263134241104126
9016,1,1,0.9132998585700989
9017,0,0,0.5701378583908081
9018,8,7,0.27546995878219604
9019,9,9,0.5524014830589294
9020,7,7,0.7557997107505798
9021,0,0,0.6881975531578064
9022,3,3,0.5399901270866394
9023,8,8,0.9578770995140076
9024,0,0,0.8408604264259338
9025,5,5,0.7060417532920837
9026,9,0,0.6651752591133118
9027,5,5,0.42141661047935486
9028,8,8,0.8792743682861328
9029,4,7,0.5662813186645508
9030,2,8,0.5237517356872559
9031,0,0,0.7044159173965454
9032,9,9,0.5919752717018127
9033,2,2,0.6732950210571289
9034,2,4,0.7114332914352417
9035,4,7,0.44258543848991394
9036,4,7,0.47140178084373474
9037,9,9,0.9709905982017517
9038,2,4,0.5484065413475037
9039,2,2,0.5767983794212341
9040,2,5,0.7146192789077759
9041,5,3,0.35616254806518555
9042,1,1,0.6230454444885254
9043,3,0,0.5042875409126282
9044,2,6,0.5596141815185547
9045,0,0,0.7234381437301636
9046,0,9,0.5581181049346924
9047,4,7,0.512584924697876
9048,0,9,0.587071418762207
9049,6,2,0.3159874379634857
9050,5,3,0.5276821255683899
9051,8,8,0.9712399244308472
9052,0,0,0.3014180362224579
9053,5,5,0.6888864636421204
9054,8,8,0.8351631760597229
9055,6,6,0.9153302311897278
9056,4,7,0.33761024475097656
9057,8,9,0.5724083781242371
9058,5,5,0.4490099251270294
9059,2,5,0.5630494356155396
9060,9,9,0.9165211915969849
9061,7,7,0.9757078289985657
9062,9,9,0.5876270532608032
9063,7,7,0.9956414699554443
9064,1,9,0.4651302993297577
9065,0,2,0.5386049747467041
9066,1,1,0.33981195092201233
9067,9,1,0.6900711059570312
9068,6,3,0.40645143389701843
9069,9,1,0.6911441087722778
9070,2,4,0.79636150598526
9071,7,3,0.35177239775657654
9072,9,9,0.8818848729133606
9073,4,4,0.42816710472106934
9074,4,4,0.46322202682495117
9075,0,0,0.9168792366981506
9076,6,6,0.6217141151428223
9077,2,2,0.39262714982032776
9078,4,4,0.5195475220680237
9079,1,1,0.3660902976989746
9080,3,3,0.5665073394775391
9081,7,7,0.9491732120513916
9082,2,2,0.334087997674942
9083,8,8,0.8005579710006714
9084,5,5,0.6489179134368896
9085,9,1,0.49081647396087646
9086,0,0,0.9853706359863281
9087,3,5,0.6351135969161987
9088,2,2,0.33129197359085083
9089,3,3,0.9354748725891113
9090,2,2,0.5890373587608337
9091,7,7,0.9989572763442993
9092,6,6,0.4051479995250702
9093,3,5,0.3634895980358124
9094,2,2,0.6473205089569092
9095,5,5,0.5342563390731812
9096,9,9,0.8981401324272156
9097,0,0,0.771790623664856
9098,5,5,0.6236864328384399
9099,9,9,0.7209368944168091
9100,9,7,0.3838071823120117
9101,8,8,0.8562372922897339
9102,7,7,0.6776111721992493
9103,7,7,0.5240848660469055
9104,4,4,0.9248853325843811
9105,8,0,0.4299522638320923
9106,6,6,0.5773791074752808
9107,5,2,0.36225685477256775
9108,2,4,0.4971526563167572
9109,3,3,0.4661658704280853
9110,1,1,0.94190913438797
9111,0,0,0.9990173578262329
9112,4,4,0.8505471348762512
9113,1,6,0.6145128607749939
9114,8,8,0.7641515135765076
9115,8,8,0.8409099578857422
9116,4,4,0.6885682344436646
9117,9,9,0.6843198537826538
9118,4,4,0.6335816383361816
9119,4,4,0.7969905734062195
9120,3,3,0.3714199662208557
9121,3,5,0.5599099397659302
9122,9,5,0.27960604429244995
9123,2,2,0.5115683078765869
9124,0,0,0.9847207069396973
9125,1,1,0.9533876180648804
9126,1,7,0.3568589687347412
9127,8,8,0.8261226415634155
9128,4,3,0.3200410008430481
9129,4,4,0.49081748723983765
9130,8,8,0.8493658304214478
9131,3,5,0.5892367959022522
9132,2,5,0.4344993531703949
9133,9,0,0.4371199905872345
9134,5,5,0.47660309076309204
9135,7,7,0.5184705257415771
9136,6,6,0.7928009033203125
9137,2,6,0.7123475670814514
9138,5,5,0.9862260222434998
9139,4,2,0.39004379510879517
9140,7,7,0.7344741821289062
9141,3,3,0.5146463513374329
9142,3,0,0.35160502791404724
9143,9,7,0.2964034080505371
9144,0,0,0.5101346373558044
9145,1,9,0.6832342743873596
9146,5,5,0.9321108460426331
9147,9,3,0.29157689213752747
9148,3,5,0.7401310205459595
9149,7,0,0.43528226017951965
9150,6,6,0.9929525256156921
9151,0,0,0.5860013961791992
9152,4,4,0.4544575810432434
9153,2,2,0.4673667550086975
9154,2,2,0.8445965647697449
9155,5,5,0.9544596076011658
9156,6,6,0.6748515963554382
9157,3,3,0.7856658101081848
9158,8,8,0.9590087532997131
9159,9,9,0.8343846797943115
9160,5,5,0.364348441362381
9161,6,6,0.9567093253135681
9162,1,0,0.6197499632835388
9163,4,4,0.5125390291213989
9164,5,5,0.8079846501350403
9165,4,4,0.7129731178283691
9166,6,6,0.7889436483383179
9167,7,7,0.9868592023849487
9168,2,2,0.7978909611701965
9169,1,8,0.4742138683795929
9170,0,9,0.584274411201477
9171,2,5,0.37753012776374817
9172,0,0,0.6126967668533325
9173,4,7,0.5432718396186829
9174,9,9,0.6968531012535095
9175,8,0,0.6946491599082947
9176,8,9,0.31717976927757263
9177,9,1,0.6575461030006409
9178,1,1,0.9132584929466248
9179,1,1,0.998727023601532
9180,5,5,0.9048179388046265
9181,0,0,0.9874237179756165
9182,0,0,0.9951030015945435
9183,8,8,0.9715291261672974
9184,7,7,0.8914052248001099
9185,1,1,0.5376365780830383
9186,7,7,0.7597847580909729
9187,4,4,0.8698522448539734
9188,5,2,0.39491066336631775
9189,4,4,0.5110085606575012
9190,3,5,0.5056538581848145
9191,3,4,0.6070563197135925
9192,2,2,0.5014294385910034
9193,0,2,0.39185506105422974
9194,6,6,0.9532971382141113
9195,6,6,0.9672818779945374
9196,0,0,0.5849672555923462
9197,1,1,0.808768630027771
9198,3,3,0.5541291236877441
9199,9,1,0.5792830586433411
9200,8,8,0.909940242767334
9201,3,3,0.7439818382263184
9202,7,7,0.9944714307785034
9203,8,8,0.7270031571388245
9204,9,8,0.5221994519233704
9205,4,4,0.4747489094734192
9206,8,0,0.6299054026603699
9207,9,9,0.7742123603820801
9208,0,8,0.5029887557029724
9209,9,1,0.6147797107696533
9210,7,7,0.9352027773857117
9211,1,0,0.4230801463127136
9212,6,6,0.9601171612739563
9213,2,7,0.9593634605407715
9214,9,7,0.4067187011241913
9215,5,5,0.5566534399986267
9216,6,4,0.3360356092453003
9217,9,1,0.785015344619751
9218,3,5,0.43759191036224365
9219,9,9,0.6443619728088379
9220,8,8,0.6422624588012695
9221,7,4,0.40660151839256287
9222,7,7,0.5858884453773499
9223,1,1,0.21795547008514404
9224,6,6,0.6751675605773926
9225,5,3,0.3106123208999634
9226,3,4,0.5274920463562012
9227,1,9,0.7942149043083191
9228,3,3,0.8917723298072815
9229,1,2,0.7154569029808044
9230,2,4,0.44353848695755005
9231,7,5,0.413971483707428
9232,1,1,0.8351337909698486
9233,8,8,0.9467434287071228
9234,2,2,0.45278123021125793
9235,0,0,0.829635500907898
9236,9,9,0.9848704934120178
9237,7,2,0.3393411338329315
9238,9,9,0.8735655546188354
9239,8,8,0.9835535287857056
9240,8,8,0.8297324776649475
9241,6,2,0.4602843225002289
9242,7,7,0.7836488485336304
9243,3,3,0.5958601236343384
9244,7,7,0.9734343886375427
9245,1,1,0.9314168095588684
9246,3,3,0.3872482180595398
9247,9,9,0.9572986364364624
9248,0,0,0.7841673493385315
9249,9,9,0.9486523270606995
9250,3,5,0.5513131022453308
9251,6,6,0.7189562916755676
9252,7,7,0.4864843487739563
9253,2,0,0.30230191349983215
9254,7,5,0.6995435953140259
9255,3,3,0.4793431758880615
9256,0,0,0.9941213726997375
9257,5,3,0.4060376286506653
9258,9,9,0.810692310333252
9259,7,7,0.9735791087150574
9260,5,5,0.8002861142158508
9261,5,5,0.9779821634292603
9262,0,3,0.5701316595077515
9263,6,6,0.5645562410354614
9264,5,5,0.7064000964164734
9265,1,1,0.8810622692108154
9266,8,8,0.866710364818573
9267,2,1,0.4648447036743164
9268,7,5,0.3948628306388855
9269,5,3,0.3323569893836975
9270,9,9,0.556329607963562
9271,0,1,0.3260461688041687
9272,0,0,0.9741196632385254
9273,0,7,0.831397533416748
9274,8,2,0.30727946758270264
9275,8,8,0.9279174208641052
9276,7,7,0.8862022757530212
9277,3,3,0.6067458391189575
9278,7,7,0.6366441249847412
9279,8,8,0.9757760167121887
9280,9,9,0.5893834233283997
9281,3,4,0.4602362811565399
9282,7,2,0.45791974663734436
9283,9,9,0.9430776834487915
9284,7,7,0.9754089713096619
9285,8,1,0.458845317363739
9286,7,7,0.8916246294975281
9287,9,9,0.8496392369270325
9288,8,4,0.4011853039264679
9289,5,5,0.5144311785697937
9290,4,2,0.46131670475006104
9291,8,8,0.7408237457275391
9292,3,0,0.3385886251926422
9293,7,7,0.885255753993988
9294,6,3,0.2577832341194153
9295,3,5,0.5953609347343445
9296,8,8,0.7297424674034119
9297,2,2,0.8468342423439026
9298,1,1,0.5086761116981506
9299,9,9,0.6773289442062378
9300,5,6,0.3351898491382599
9301,7,3,0.7576190233230591
9302,3,2,0.28421586751937866
9303,9,1,0.8014534711837769
9304,5,5,0.688088059425354
9305,5,7,0.49847549200057983
9306,8,3,0.4195466637611389
9307,7,7,0.9226018786430359
9308,3,3,0.578346312046051
9309,5,3,0.3935292363166809
9310,3,3,0.44473227858543396
9311,5,5,0.37159982323646545
9312,9,9,0.42978864908218384
9313,7,2,0.521011471748352
9314,6,6,0.8851275444030762
9315,7,7,0.8096585273742676
9316,3,2,0.32200703024864197
9317,6,3,0.4257228374481201
9318,4,4,0.7527008056640625
9319,3,3,0.4987870752811432
9320,9,9,0.773337185382843
9321,4,4,0.8870043158531189
9322,2,2,0.42037925124168396
9323,1,1,0.9369317889213562
9324,9,9,0.39014095067977905
9325,6,2,0.31859031319618225
9326,0,0,0.953098714351654
9327,2,3,0.6340029835700989
9328,6,6,0.8001580834388733
9329,7,7,0.9752324223518372
9330,4,2,0.5988453030586243
9331,7,7,0.361137330532074
9332,9,9,0.9795921444892883
9333,0,0,0.5042538642883301
9334,7,7,0.9603657722473145
9335,4,4,0.6821379661560059
9336,3,5,0.9033754467964172
9337,5,7,0.20669914782047272
9338,3,3,0.3542119860649109
9339,1,9,0.39345401525497437
9340,1,1,0.9851806163787842
9341,2,6,0.3288615047931671
9342,6,6,0.8289192318916321
9343,8,8,0.5060341954231262
9344,2,6,0.39108163118362427
9345,1,1,0.6586578488349915
9346,7,5,0.4567264914512634
9347,8,8,0.9429069757461548
9348,5,7,0.38903775811195374
9349,9,8,0.5055902004241943
9350,6,6,0.5025379657745361
9351,1,1,0.9252511262893677
9352,1,1,0.6545023322105408
9353,5,5,0.25838524103164673
9354,0,0,0.8922238349914551
9355,6,3,0.2628847360610962
9356,0,0,0.9834042191505432
9357,9,9,0.9332496523857117
9358,2,2,0.9119188189506531
9359,6,8,0.4036971926689148
9360,5,5,0.3172221779823303
9361,8,2,0.41845056414604187
9362,9,9,0.6914657950401306
9363,5,5,0.544399619102478
9364,5,5,0.8820425271987915
9365,6,6,0.9536744356155396
9366,2,8,0.3818992078304291
9367,9,9,0.8715891242027283
9368,1,1,0.8927888870239258
9369,5,6,0.4036959111690521
9370,8,9,0.377646803855896
9371,8,0,0.4973714351654053
9372,7,7,0.908780038356781
9373,1,1,0.9534186124801636
9374,7,5,0.4241523742675781
9375,3,5,0.5087540745735168
9376,5,2,0.5186923742294312
9377,4,4,0.5845560431480408
9378,9,9,0.9746818542480469
9379,7,7,0.9600447416305542
9380,5,5,0.48306137323379517
9381,2,5,0.34988921880722046
9382,9,7,0.46485552191734314
9383,9,9,0.6155780553817749
9384,4,4,0.7291292548179626
9385,7,6,0.3479824364185333
9386,4,2,0.9052568674087524
9387,1,1,0.7138273119926453
9388,3,3,0.8457404971122742
9389,8,8,0.6649232506752014
9390,7,7,0.9656298160552979
9391,9,9,0.8162223696708679
9392,0,3,0.4845638871192932
9393,4,4,0.5752167701721191
9394,5,5,0.32364633679389954
9395,7,7,0.9958218336105347
9396,5,2,0.6236228346824646
9397,2,2,0.5212991237640381
9398,8,1,0.9485880732536316
9399,7,7,0.9890885949134827
9400,6,6,0.9755192399024963
9401,9,9,0.39481914043426514
9402,6,6,0.5457614064216614
9403,9,9,0.45993444323539734
9404,3,8,0.5031431317329407
9405,8,8,0.9067152142524719
9406,5,4,0.3152519464492798
9407,6,6,0.8858950734138489
9408,6,6,0.5362911224365234
9409,9,9,0.46219533681869507
9410,5,5,0.9307494163513184
9411,7,7,0.9580734968185425
9412,8,8,0.9589981436729431
9413,0,0,0.9162591099739075
9414,5,3,0.5913036465644836
9415,0,1,0.8727125525474548
9416,7,7,0.9334057569503784
9417,4,2,0.33685627579689026
9418,8,1,0.5716946721076965
9419,2,2,0.943294882774353
9420,5,5,0.6544283628463745
9421,1,9,0.7328954339027405
9422,3,5,0.7395893335342407
9423,2,4,0.5231862664222717
9424,2,2,0.7573254108428955
9425,6,6,0.841516375541687
9426,2,4,0.2946593165397644
9427,1,1,0.9066551327705383
9428,7,5,0.24927878379821777
9429,4,5,0.34258759021759033
9430,6,6,0.8576297760009766
9431,3,3,0.35959193110466003
9432,1,1,0.9810134768486023
9433,3,5,0.5846818685531616
9434,7,3,0.35310274362564087
9435,2,5,0.4139159619808197
9436,1,4,0.2797631323337555
9437,3,5,0.5565622448921204
9438,7,7,0.9778713583946228
9439,0,0,0.7503890991210938
9440,8,8,0.9645012617111206
9441,4,4,0.6678192615509033
9442,4,7,0.4144842028617859
9443,5,2,0.8945212960243225
9444,7,7,0.6359436511993408
9445,9,9,0.2684471011161804
9446,5,5,0.45080339908599854
9447,4,4,0.5784951448440552
9448,3,7,0.48337244987487793
9449,9,0,0.7276837229728699
9450,6,6,0.5547938942909241
9451,8,8,0.7489491105079651
9452,2,0,0.38480111956596375
9453,3,3,0.4013393819332123
9454,3,4,0.5127876996994019
9455,1,1,0.9589759111404419
9456,6,6,0.9906710386276245
9457,1,1,0.8818191289901733
9458,7,7,0.9960895776748657
9459,0,0,0.8834863305091858
9460,3,3,0.4026244282722473
9461,4,6,0.8561994433403015
9462,2,0,0.4516567289829254
9463,9,8,0.9565829634666443
9464,4,6,0.5834434628486633
9465,5,2,0.815774142742157
9466,8,8,0.7409859895706177
9467,2,7,0.33685576915740967
9468,7,7,0.6460472345352173
9469,0,0,0.8906474709510803
9470,9,9,0.9520431160926819
9471,6,7,0.561332643032074
9472,8,8,0.6095554232597351
9473,0,0,0.8233373761177063
9474,8,8,0.7930808663368225
9475,2,2,0.7263885140419006
9476,8,8,0.41606295108795166
9477,5,5,0.8725150227546692
9478,7,7,0.8319228887557983
9479,7,7,0.8614708185195923
9480,2,2,0.9539757370948792
9481,2,5,0.3370380997657776
9482,0,0,0.5745335221290588
9483,0,0,0.7164444923400879
9484,0,9,0.7337307929992676
9485,7,7,0.4708886444568634
9486,4,2,0.5211072564125061
9487,1,1,0.9138941764831543
9488,6,3,0.45605626702308655
9489,6,6,0.7829974293708801
9490,8,0,0.9239600896835327
9491,8,8,0.3708174228668213
9492,9,9,0.7181221842765808
9493,0,0,0.8108041286468506
9494,9,9,0.9133439064025879
9495,0,0,0.8854673504829407
9496,1,1,0.9882395267486572
9497,3,2,0.725888729095459
9498,3,3,0.5924157500267029
9499,0,0,0.7345457077026367
9500,9,9,0.9263854026794434
9501,6,2,0.702750563621521
9502,6,6,0.809429943561554
9503,2,4,0.41467875242233276
9504,6,6,0.9962977766990662
9505,3,4,0.5088773965835571
9506,4,2,0.7616969347000122
9507,0,0,0.5747738480567932
9508,8,8,0.6138997673988342
9509,4,5,0.3278319835662842
9510,1,1,0.9165714979171753
9511,4,6,0.7855574488639832
9512,0,0,0.7901475429534912
9513,6,4,0.42132657766342163
9514,5,1,0.712911069393158
9515,0,9,0.8692874312400818
9516,9,9,0.9996583461761475
9517,9,6,0.7185345888137817
9518,9,9,0.8411434888839722
9519,9,9,0.9038315415382385
9520,1,9,0.7860665321350098
9521,2,2,0.4357410967350006
9522,3,4,0.7076727151870728
9523,5,5,0.6963539123535156
9524,4,4,0.8980506062507629
9525,2,2,0.8399321436882019
9526,9,9,0.44820263981819153
9527,6,5,0.47128456830978394
9528,0,8,0.554671585559845
9529,9,7,0.2761174142360687
9530,6,6,0.9869288206100464
9531,6,6,0.9274444580078125
9532,8,8,0.953209400177002
9533,0,0,0.44125086069107056
9534,6,6,0.6164571642875671
9535,1,1,0.45791304111480713
9536,4,4,0.7257630825042725
9537,6,6,0.9750760793685913
9538,8,8,0.6976256370544434
9539,0,0,0.9558721780776978
9540,5,5,0.924305260181427
9541,4,4,0.4856155216693878
9542,1,9,0.722899317741394
9543,2,2,0.9573908448219299
9544,0,0,0.4328002631664276
9545,9,9,0.9937064051628113
9546,6,6,0.9640220999717712
9547,4,4,0.8326220512390137
9548,2,5,0.4217684864997864
9549,4,7,0.38386639952659607
9550,6,6,0.9729702472686768
9551,5,5,0.5732058882713318
9552,9,9,0.4227336049079895
9553,7,5,0.39771774411201477
9554,7,7,0.9975726008415222
9555,4,2,0.31610965728759766
9556,6,6,0.7491266131401062
9557,5,2,0.7697742581367493
9558,0,0,0.8496379256248474
9559,1,1,0.5536890029907227
9560,9,9,0.3856007158756256
9561,0,0,0.5640028119087219
9562,3,3,0.755159318447113
9563,1,9,0.5255793929100037
9564,9,9,0.8821437358856201
9565,0,0,0.9894681572914124
9566,9,9,0.9624993205070496
9567,7,5,0.338919073343277
9568,8,8,0.9363770484924316
9569,6,6,0.9257388114929199
9570,7,7,0.9272030591964722
9571,6,6,0.9746426343917847
9572,8,8,0.8781533241271973
9573,2,2,0.40983545780181885
9574,4,4,0.8178777098655701
9575,5,5,0.8474564552307129
9576,3,3,0.2688386142253876
9577,0,0,0.7938530445098877
9578,3,5,0.6858178973197937
9579,2,6,0.5253452062606812
9580,1,8,0.5254969000816345
9581,7,7,0.9920355677604675
9582,5,5,0.9551315307617188
9583,9,0,0.3880508244037628
9584,3,3,0.7938717007637024
9585,4,4,0.7996043562889099
9586,5,3,0.6464550495147705
9587,7,9,0.2385854721069336
9588,1,1,0.9930828809738159
9589,5,5,0.9887092709541321
9590,0,2,0.4500921070575714
9591,1,1,0.4310927093029022
9592,1,1,0.645542323589325
9593,1,7,0.5790562033653259
9594,9,7,0.3024080991744995
9595,7,7,0.9872117638587952
9596,5,3,0.5427426099777222
9597,4,4,0.7777301073074341
9598,9,9,0.6907526254653931
9599,7,7,0.9717124700546265
9600,8,8,0.9089903831481934
9601,1,5,0.6526803970336914
9602,0,0,0.40899330377578735
9603,2,2,0.44290512800216675
9604,8,8,0.8424037098884583
9605,5,7,0.5175535678863525
9606,6,6,0.49934056401252747
9607,7,7,0.6491754651069641
9608,0,0,0.6570447087287903
9609,1,6,0.5402300953865051
9610,4,4,0.5605756044387817
9611,8,8,0.9736469388008118
9612,4,2,0.457221657037735
9613,4,4,0.8943254351615906
9614,6,6,0.9924502372741699
9615,6,6,0.9209094047546387
9616,5,4,0.7174533605575562
9617,8,9,0.3122906982898712
9618,1,1,0.996738612651825
9619,8,8,0.9739283919334412
9620,4,4,0.48346856236457825
9621,6,6,0.7496946454048157
9622,5,4,0.29425305128097534
9623,9,9,0.9817710518836975
9624,2,2,0.4648032784461975
9625,2,2,0.5237343311309814
9626,1,1,0.9211857914924622
9627,4,4,0.29624393582344055
9628,9,9,0.9872963428497314
9629,1,1,0.9073368906974792
9630,6,6,0.6529896259307861
9631,7,7,0.7633317708969116
9632,2,2,0.9418783783912659
9633,0,0,0.7745658755302429
9634,1,1,0.5879893898963928
9635,7,7,0.3776492476463318
9636,6,6,0.7605673670768738
9637,5,5,0.26486125588417053
9638,2,2,0.8685359954833984
9639,2,2,0.913128137588501
9640,5,5,0.38403457403182983
9641,6,3,0.4471704959869385
9642,0,0,0.8708642721176147
9643,9,8,0.47890570759773254
9644,0,0,0.4093777537345886
9645,1,1,0.9856841564178467
9646,5,7,0.4297909438610077
9647,3,3,0.5012807846069336
9648,3,5,0.2738906741142273
9649,5,5,0.748657763004303
9650,8,8,0.6033903360366821
9651,7,7,0.991392970085144
9652,5,8,0.3634307384490967
9653,6,5,0.4071117639541626
9654,5,5,0.6197794079780579
9655,8,8,0.9970793724060059
9656,0,0,0.5355071425437927
9657,5,3,0.8131148219108582
9658,9,9,0.817297637462616
9659,4,4,0.5361490249633789
9660,6,6,0.4082210958003998
9661,5,5,0.3022181987762451
9662,1,1,0.8953520655632019
9663,1,9,0.6892844438552856
9664,0,0,0.8210602402687073
9665,3,5,0.7379903197288513
9666,3,4,0.2640100419521332
9667,9,9,0.9433931112289429
9668,4,7,0.8428820967674255
9669,8,8,0.9635369777679443
9670,1,1,0.614085853099823
9671,7,7,0.913895845413208
9672,7,7,0.979931652545929
9673,9,9,0.4804275333881378
9674,9,9,0.9972921013832092
9675,4,7,0.7796483635902405
9676,3,3,0.4300937056541443
9677,6,6,0.9369328618049622
9678,3,5,0.339194655418396
9679,2,5,0.7331287264823914
9680,8,8,0.9372220635414124
9681,2,2,0.3921610414981842
9682,7,5,0.5990560054779053
9683,6,6,0.5829036235809326
9684,7,7,0.9332168698310852
9685,0,0,0.5009567141532898
9686,2,2,0.8182821273803711
9687,1,1,0.8818589448928833
9688,2,2,0.9202759861946106
9689,9,1,0.6982195377349854
9690,4,2,0.6626131534576416
9691,6,9,0.24984684586524963
9692,9,9,0.34166383743286133
9693,6,7,0.40720540285110474
9694,1,6,0.43100330233573914
9695,0,0,0.4858732223510742
9696,1,1,0.815026044845581
9697,8,0,0.6316625475883484
9698,7,7,0.9721549153327942
9699,0,0,0.43952029943466187
9700,0,0,0.581783652305603
9701,4,4,0.6511430144309998
9702,7,7,0.9738050699234009
9703,4,4,0.3966521620750427
9704,2,5,0.7189598083496094
9705,6,6,0.4285627603530884
9706,9,9,0.770598828792572
9707,5,5,0.5521511435508728
9708,9,1,0.7711277008056641
9709,0,9,0.2926231622695923
9710,7,7,0.4114237129688263
9711,4,4,0.5395561456680298
9712,5,5,0.49055683612823486
9713,8,8,0.9920346140861511
9714,1,1,0.5593991875648499
9715,4,4,0.3562711477279663
9716,7,5,0.5230920910835266
9717,9,1,0.6166384816169739
9718,9,9,0.8125228881835938
9719,8,8,0.9632235765457153
9720,8,0,0.3138660192489624
9721,6,6,0.6214061975479126
9722,3,3,0.6628078818321228
9723,7,7,0.6480605006217957
9724,0,0,0.9581685066223145
9725,8,8,0.5250462889671326
9726,9,9,0.756693422794342
9727,6,6,0.5494706034660339
9728,2,4,0.5968378186225891
9729,4,2,0.5649621486663818
9730,6,7,0.27227792143821716
9731,2,2,0.8032411336898804
9732,9,9,0.41729095578193665
9733,7,7,0.9942197799682617
9734,4,4,0.554899275302887
9735,6,8,0.6027833223342896
9736,8,8,0.9481282234191895
9737,5,5,0.3219004273414612
9738,6,6,0.8831140995025635
9739,1,1,0.47312891483306885
9740,3,6,0.9412429928779602
9741,5,5,0.7508960366249084
9742,9,8,0.5849029421806335
9743,9,1,0.9347761273384094
9744,1,9,0.47851869463920593
9745,3,3,0.3882916271686554
9746,2,0,0.8264592885971069
9747,0,0,0.5585851669311523
9748,3,7,0.6868190765380859
9749,0,0,0.8405478596687317
9750,2,6,0.2925684154033661
9751,0,0,0.7734740972518921
9752,7,0,0.3059843182563782
9753,3,3,0.44406217336654663
9754,9,9,0.6691848635673523
9755,3,5,0.7373031973838806
9756,5,7,0.3334524929523468
9757,7,3,0.2984192669391632
9758,6,2,0.3927004933357239
9759,5,2,0.6267848014831543
9760,9,1,0.3212980628013611
9761,5,5,0.6311902403831482
9762,6,6,0.9848583936691284
9763,1,1,0.9586578607559204
9764,2,2,0.5472080707550049
9765,4,4,0.7738723754882812
9766,0,0,0.8818915486335754
9767,2,2,0.7672693729400635
9768,7,7,0.952985942363739
9769,8,8,0.623371422290802
9770,4,4,0.31714165210723877
9771,4,4,0.9017975926399231
9772,0,2,0.47309502959251404
9773,9,9,0.8846806883811951
9774,5,3,0.2652032673358917
9775,9,9,0.9961183071136475
9776,2,6,0.4361605942249298
9777,9,6,0.6312093734741211
9778,3,5,0.5361851453781128
9779,2,4,0.46597015857696533
9780,4,4,0.6779751181602478
9781,3,5,0.7341647744178772
9782,2,6,0.4317931532859802
9783,2,2,0.7240199446678162
9784,8,8,0.5896416902542114
9785,8,8,0.6739447116851807
9786,6,0,0.49376341700553894
9787,8,0,0.6784725189208984
9788,1,1,0.9934305548667908
9789,6,4,0.2673061192035675
9790,8,9,0.247356116771698
9791,9,9,0.2310170978307724
9792,8,9,0.6014260649681091
9793,2,2,0.39267686009407043
9794,1,2,0.4440556466579437
9795,4,4,0.7002166509628296
9796,9,9,0.8846377730369568
9797,1,1,0.6748359203338623
9798,5,5,0.3470885455608368
9799,7,7,0.9147846102714539
9800,1,1,0.9911052584648132
9801,6,6,0.41180193424224854
9802,0,0,0.9966450333595276
9803,1,1,0.9049667119979858
9804,5,6,0.4633406400680542
9805,2,0,0.5262913107872009
9806,8,8,0.9869861006736755
9807,1,1,0.30864468216896057
9808,1,1,0.6412713527679443
9809,3,3,0.46368521451950073
9810,8,8,0.7600789666175842
9811,1,7,0.34766092896461487
9812,3,8,0.7665398120880127
9813,1,1,0.935154378414154
9814,8,8,0.9990743398666382
9815,5,2,0.4973485469818115
9816,1,0,0.3504215180873871
9817,9,1,0.9243347644805908
9818,0,8,0.45913827419281006
9819,3,5,0.4937105178833008
9820,0,8,0.8664466142654419
9821,4,4,0.51377934217453
9822,0,0,0.6852127909660339
9823,5,3,0.4633641839027405
9824,1,9,0.7196716070175171
9825,2,2,0.5979012846946716
9826,0,0,0.9509885311126709
9827,4,2,0.651515007019043
9828,9,8,0.5469220876693726
9829,5,5,0.40032485127449036
9830,1,1,0.7047116160392761
9831,2,2,0.734024703502655
9832,2,4,0.6177448034286499
9833,7,7,0.8875350952148438
9834,8,0,0.7583522796630859
9835,7,4,0.5037052035331726
9836,2,2,0.4714817404747009
9837,4,5,0.45571452379226685
9838,5,5,0.49369531869888306
9839,3,3,0.2967739701271057
9840,4,7,0.43714195489883423
9841,0,0,0.5532034039497375
9842,6,4,0.4800615608692169
9843,1,1,0.9330675005912781
9844,5,5,0.42271554470062256
9845,9,9,0.950933039188385
9846,8,8,0.9251818656921387
9847,0,0,0.5776845216751099
9848,2,2,0.6324727535247803
9849,0,2,0.6731328368186951
9850,7,4,0.8918212652206421
9851,6,6,0.5066540837287903
9852,0,0,0.8598684072494507
9853,5,6,0.5176746249198914
9854,9,9,0.8488837480545044
9855,7,7,0.7909778952598572
9856,5,9,0.6384247541427612
9857,0,1,0.9498445391654968
9858,4,2,0.42927610874176025
9859,6,6,0.3180868327617645
9860,0,2,0.35238856077194214
9861,6,6,0.9880632758140564
9862,3,1,0.5669704675674438
9863,6,6,0.9778023958206177
9864,8,9,0.549564003944397
9865,1,1,0.7517923712730408
9866,1,0,0.6148173809051514
9867,8,8,0.858244001865387
9868,9,1,0.7422963380813599
9869,7,7,0.704009473323822
9870,2,2,0.4360573887825012
9871,9,1,0.545486330986023
9872,0,0,0.4855313003063202
9873,2,2,0.347907155752182
9874,2,2,0.6059715151786804
9875,9,9,0.7629607915878296
9876,0,0,0.9510719776153564
9877,6,2,0.5098733305931091
9878,5,2,0.5577359795570374
9879,7,7,0.5563604235649109
9880,7,7,0.3515600264072418
9881,9,1,0.5425266623497009
9882,1,9,0.87026047706604
9883,7,7,0.4724206328392029
9884,9,1,0.6539605259895325
9885,8,8,0.9544416666030884
9886,4,4,0.8032100796699524
9887,5,2,0.41372019052505493
9888,0,2,0.32530084252357483
9889,8,8,0.9043310284614563
9890,0,0,0.9935047626495361
9891,2,3,0.3609515428543091
9892,5,5,0.6990459561347961
9893,2,2,0.4564512073993683
9894,1,1,0.4781259000301361
9895,4,4,0.8435068130493164
9896,4,2,0.3573344349861145
9897,8,8,0.9976626634597778
9898,9,9,0.5746597051620483
9899,7,7,0.7310618758201599
9900,8,9,0.7612058520317078
9901,3,1,0.22046269476413727
9902,6,1,0.4921978712081909
9903,6,4,0.31927430629730225
9904,0,0,0.9666010141372681
9905,1,1,0.673130989074707
9906,1,9,0.5650889873504639
9907,1,1,0.6285973191261292
9908,8,8,0.9505355954170227
9909,1,1,0.7482991814613342
9910,4,7,0.839056134223938
9911,4,7,0.40392500162124634
9912,0,0,0.5769811868667603
9913,7,7,0.9647483825683594
9914,8,8,0.7829563021659851
9915,2,2,0.8875145316123962
9916,1,1,0.6961435675621033
9917,2,2,0.8460918664932251
9918,5,6,0.2954556345939636
9919,4,2,0.43328896164894104
9920,6,6,0.8389296531677246
9921,0,0,0.23806406557559967
9922,5,6,0.5079813003540039
9923,7,7,0.35735881328582764
9924,4,8,0.5433674454689026
9925,4,4,0.6646178960800171
9926,3,6,0.4209890365600586
9927,9,8,0.8604000806808472
9928,5,2,0.3509874641895294
9929,8,8,0.9741942286491394
9930,8,3,0.43339553475379944
9931,0,0,0.8861840963363647
9932,8,8,0.46413126587867737
9933,7,5,0.29284411668777466
9934,4,7,0.8122885823249817
9935,1,1,0.9042651057243347
9936,8,8,0.9669591784477234
9937,4,4,0.4971303939819336
9938,9,9,0.969471275806427
9939,5,3,0.5180506706237793
9940,4,7,0.39525365829467773
9941,1,1,0.8849769234657288
9942,7,7,0.8354483246803284
9943,7,7,0.9058200120925903
9944,7,7,0.935038149356842
9945,7,7,0.5810078978538513
9946,0,0,0.9638310074806213
9947,3,3,0.4390656352043152
9948,8,8,0.7635376453399658
9949,3,3,0.40499070286750793
9950,3,3,0.49819836020469666
9951,0,0,0.917462944984436
9952,5,5,0.9580162763595581
9953,7,7,0.6373271942138672
9954,0,0,0.4939531683921814
9955,8,8,0.9913855791091919
9956,0,0,0.8185261487960815
9957,0,1,0.7489312887191772
9958,9,9,0.9879768490791321
9959,2,3,0.5826951265335083
9960,2,0,0.8692992329597473
9961,3,3,0.6653285026550293
9962,4,4,0.35141292214393616
9963,8,8,0.8559924364089966
9964,2,5,0.36451515555381775
9965,2,2,0.7103189826011658
9966,6,6,0.9635653495788574
9967,3,4,0.5185239315032959
9968,3,5,0.6437672972679138
9969,6,9,0.4011029601097107
9970,2,2,0.7147161364555359
9971,9,9,0.9783461689949036
9972,4,4,0.29628676176071167
9973,0,8,0.84627366065979
9974,1,1,0.5006837248802185
9975,7,7,0.9911399483680725
9976,5,2,0.6320193409919739
9977,5,5,0.553465723991394
9978,7,4,0.5238497257232666
9979,3,3,0.35010775923728943
9980,0,0,0.9338211417198181
9981,4,7,0.608421266078949
9982,2,6,0.7126221060752869
9983,0,1,0.4959603548049927
9984,7,7,0.5263019800186157
9985,5,3,0.38733816146850586
9986,8,0,0.5477515459060669
9987,0,8,0.8258363604545593
9988,8,8,0.8249348998069763
9989,2,4,0.6498222351074219
9990,7,7,0.9514403343200684
9991,0,0,0.9236329197883606
9992,3,3,0.536451518535614
9993,5,5,0.4519312083721161
9994,3,3,0.5021436810493469
9995,8,5,0.5006523728370667
9996,3,4,0.3718228042125702
9997,5,5,0.6098775863647461
9998,1,1,0.9040207862854004
9999,7,7,0.9845470786094666
