test_id,true_label,predicted_label,confidence
0,3,5,0.5323473215103149
1,8,1,0.8702039122581482
2,8,1,0.44247522950172424
3,0,8,0.6755809783935547
4,6,4,0.5630641579627991
5,6,6,0.7636287808418274
6,1,1,0.8771023750305176
7,6,6,0.4112452566623688
8,3,3,0.4369869530200958
9,1,1,0.9644297361373901
10,0,8,0.3682017922401428
11,9,9,0.8393336534500122
12,5,5,0.3506656587123871
13,7,7,0.8695363998413086
14,9,9,0.8015835285186768
15,8,8,0.8392308354377747
16,5,3,0.46664959192276
17,7,7,0.3024502694606781
18,8,8,0.9392507076263428
19,6,6,0.8678776025772095
20,7,7,0.8234053254127502
21,0,0,0.8242659568786621
22,4,2,0.39871853590011597
23,9,1,0.5706140995025635
24,5,4,0.8855801820755005
25,2,2,0.4291071891784668
26,4,4,0.462600976228714
27,0,2,0.3975084722042084
28,9,9,0.6554068922996521
29,6,6,0.5779100060462952
30,6,6,0.7696624398231506
31,5,2,0.4248570203781128
32,4,2,0.4425086975097656
33,5,3,0.34869271516799927
34,9,9,0.6655943989753723
35,2,9,0.350278377532959
36,4,4,0.687057614326477
37,1,9,0.794266402721405
38,9,9,0.9519286751747131
39,5,5,0.47612255811691284
40,4,0,0.780448853969574
41,6,6,0.8221439123153687
42,5,3,0.4618249535560608
43,6,6,0.7811223268508911
44,0,0,0.7891212105751038
45,9,9,0.9512746334075928
46,3,3,0.41683831810951233
47,9,9,0.4667641222476959
48,7,7,0.630556583404541
49,6,6,0.41170457005500793
50,9,9,0.8862928152084351
51,8,8,0.7755947113037109
52,0,6,0.4395626187324524
53,3,3,0.3438650071620941
54,8,8,0.8135673999786377
55,8,8,0.7352876663208008
56,7,7,0.7268015146255493
57,7,8,0.6952163577079773
58,4,5,0.3937128484249115
59,6,3,0.47314953804016113
60,7,7,0.9799937009811401
61,3,5,0.7046695351600647
62,6,6,0.4740966856479645
63,3,5,0.24137116968631744
64,6,6,0.48335570096969604
65,2,2,0.7461258172988892
66,1,1,0.4739300310611725
67,2,0,0.5833415389060974
68,3,5,0.44208383560180664
69,7,9,0.5463513731956482
70,2,2,0.31468260288238525
71,6,6,0.8381736874580383
72,8,8,0.9458511471748352
73,8,8,0.9712151885032654
74,0,0,0.4487970173358917
75,2,2,0.8906761407852173
76,9,9,0.5960639119148254
77,3,3,0.6190973520278931
78,3,3,0.49502676725387573
79,8,8,0.9115467071533203
80,8,8,0.8804262280464172
81,1,1,0.8526070713996887
82,1,1,0.9568347930908203
83,7,3,0.3672211468219757
84,2,2,0.46457403898239136
85,5,7,0.506823718547821
86,2,2,0.6607819199562073
87,7,8,0.44366517663002014
88,8,8,0.8884387016296387
89,9,9,0.8786953091621399
90,0,0,0.6709355115890503
91,3,6,0.40539827942848206
92,8,8,0.9894850850105286
93,6,6,0.4727632403373718
94,4,4,0.5984434485435486
95,6,6,0.9392876625061035
96,6,6,0.8779275417327881
97,0,8,0.36341869831085205
98,0,2,0.6570960879325867
99,7,7,0.7875544428825378
100,4,2,0.40877920389175415
101,5,5,0.28678685426712036
102,6,6,0.9644644260406494
103,3,3,0.46913424134254456
104,1,1,0.6428701877593994
105,1,1,0.9381231665611267
106,3,9,0.34442293643951416
107,6,6,0.9423675537109375
108,8,8,0.3216971457004547
109,7,5,0.4664769768714905
110,4,7,0.3650756776332855
111,0,0,0.9734212160110474
112,6,4,0.4498276710510254
113,2,2,0.8366732597351074
114,1,9,0.6619533896446228
115,3,6,0.4218250513076782
116,0,0,0.6679447293281555
117,4,4,0.2432878464460373
118,2,6,0.41176965832710266
119,7,5,0.6052864193916321
120,8,8,0.42623740434646606
121,3,7,0.3551790416240692
122,1,9,0.3571546971797943
123,2,2,0.8327885270118713
124,8,8,0.6379132270812988
125,0,6,0.39634400606155396
126,8,8,0.48062199354171753
127,3,5,0.7069434523582458
128,5,3,0.3558281660079956
129,2,8,0.3032359778881073
130,4,4,0.6137375831604004
131,1,1,0.7603930234909058
132,8,1,0.39518243074417114
133,9,9,0.9368050694465637
134,1,1,0.9801796674728394
135,2,2,0.3525507152080536
136,9,9,0.7185119986534119
137,7,7,0.9571685791015625
138,2,2,0.3727417290210724
139,9,8,0.793973445892334
140,6,4,0.3202163279056549
141,5,5,0.49073389172554016
142,6,6,0.3719925880432129
143,3,2,0.34546583890914917
144,8,8,0.7989777326583862
145,7,4,0.24235384166240692
146,6,6,0.5119984745979309
147,2,6,0.6921419501304626
148,5,5,0.5156620144844055
149,2,3,0.4696461260318756
150,8,1,0.6155871152877808
151,9,9,0.30459117889404297
152,6,6,0.43385571241378784
153,0,9,0.6239137053489685
154,0,2,0.3971046507358551
155,5,6,0.4970909059047699
156,2,2,0.6465848088264465
157,9,9,0.8759772777557373
158,5,3,0.6182703971862793
159,4,4,0.36885276436805725
160,2,2,0.48954927921295166
161,1,1,0.6910195350646973
162,6,1,0.6187068223953247
163,6,6,0.44107314944267273
164,8,8,0.5190130472183228
165,4,7,0.6432916522026062
166,8,8,0.9026569724082947
167,4,6,0.49195972084999084
168,5,7,0.6803440451622009
169,0,0,0.4824165999889374
170,9,9,0.9269003868103027
171,9,0,0.5559325218200684
172,9,8,0.47972074151039124
173,8,8,0.653340756893158
174,9,9,0.8677881956100464
175,9,9,0.97797691822052
176,3,8,0.3270122706890106
177,7,7,0.9351510405540466
178,5,5,0.4415469169616699
179,0,9,0.7769419550895691
180,0,0,0.5847792029380798
181,5,7,0.6414786577224731
182,2,6,0.7133856415748596
183,2,2,0.28211143612861633
184,3,5,0.26644179224967957
185,8,8,0.9455007910728455
186,6,2,0.48261094093322754
187,3,3,0.3749019205570221
188,4,5,0.3279886841773987
189,0,8,0.6378026604652405
190,5,6,0.5267860293388367
191,8,8,0.3669220805168152
192,0,0,0.651633083820343
193,1,1,0.8781688809394836
194,7,7,0.5455690622329712
195,2,4,0.35214391350746155
196,8,8,0.8581993579864502
197,8,2,0.2572222054004669
198,7,7,0.5074343085289001
199,8,8,0.3579215407371521
200,5,5,0.3459594249725342
201,1,8,0.6325982809066772
202,8,8,0.7101638913154602
203,7,7,0.39857009053230286
204,1,1,0.9188384413719177
205,3,3,0.44389015436172485
206,0,8,0.5904541611671448
207,5,5,0.7919967770576477
208,7,7,0.8265377283096313
209,9,9,0.35937827825546265
210,7,6,0.37985390424728394
211,4,1,0.44548675417900085
212,5,5,0.3677771985530853
213,9,9,0.7955933213233948
214,8,0,0.3948012888431549
215,0,2,0.3699958324432373
216,7,4,0.32872119545936584
217,9,9,0.9083258509635925
218,8,0,0.5192029476165771
219,2,7,0.7259737849235535
220,7,7,0.6739391088485718
221,6,3,0.2927868366241455
222,9,9,0.992821991443634
223,4,5,0.3366408050060272
224,3,9,0.5129984021186829
225,9,9,0.9313924908638
226,6,6,0.22897611558437347
227,4,2,0.6671581268310547
228,7,2,0.35897716879844666
229,6,7,0.22076889872550964
230,5,5,0.5356169939041138
231,1,1,0.9826787710189819
232,5,5,0.47914570569992065
233,8,1,0.7602450251579285
234,8,8,0.8106020092964172
235,0,0,0.9957917928695679
236,4,4,0.6015607118606567
237,0,9,0.3912535607814789
238,5,3,0.39013540744781494
239,5,2,0.43731117248535156
240,1,1,0.9651535749435425
241,1,9,0.5149773955345154
242,8,1,0.3103281855583191
243,9,9,0.8423543572425842
244,0,0,0.8630855679512024
245,3,8,0.7730321884155273
246,1,4,0.46168556809425354
247,9,8,0.5983311533927917
248,2,2,0.5133695006370544
249,2,0,0.3732677400112152
250,5,7,0.4565832018852234
251,3,3,0.5732996463775635
252,9,9,0.9533497095108032
253,9,9,0.3016282320022583
254,4,2,0.4272654354572296
255,0,8,0.3449268043041229
256,3,3,0.3744027614593506
257,0,1,0.42380207777023315
258,0,8,0.9329966902732849
259,9,1,0.47201472520828247
260,8,8,0.9548918008804321
261,1,1,0.4860652983188629
262,5,3,0.3337676525115967
263,7,3,0.37669312953948975
264,0,0,0.5434783697128296
265,8,8,0.8105247020721436
266,2,2,0.4445096254348755
267,4,4,0.6149724721908569
268,7,7,0.9877395033836365
269,0,0,0.36995744705200195
270,2,2,0.4269849956035614
271,3,3,0.3340373933315277
272,6,6,0.9616807103157043
273,3,2,0.5215482115745544
274,8,8,0.902689516544342
275,5,2,0.5897284150123596
276,0,0,0.5041043758392334
277,3,2,0.5292837619781494
278,4,7,0.43628406524658203
279,3,5,0.7466446757316589
280,9,9,0.9541231989860535
281,0,0,0.5000215768814087
282,6,6,0.6148706078529358
283,1,1,0.9523596167564392
284,0,9,0.6669944524765015
285,9,9,0.9790775179862976
286,1,1,0.8926916122436523
287,0,8,0.685274600982666
288,7,7,0.9732280969619751
289,9,9,0.8479619026184082
290,1,1,0.9709435105323792
291,2,2,0.714030921459198
292,6,6,0.8476930856704712
293,9,1,0.483341246843338
294,3,5,0.5921016335487366
295,4,2,0.5250183939933777
296,6,6,0.8865815997123718
297,0,0,0.7626683712005615
298,0,0,0.9110651612281799
299,6,6,0.9892661571502686
300,6,6,0.7426283955574036
301,6,6,0.5712929368019104
302,3,2,0.35881635546684265
303,2,2,0.6054232716560364
304,6,6,0.45858728885650635
305,1,8,0.6894307136535645
306,8,9,0.5965843200683594
307,2,2,0.6242036819458008
308,1,1,0.6478012800216675
309,6,4,0.4480946660041809
310,8,8,0.6884579658508301
311,6,6,0.9944413304328918
312,8,0,0.5528132915496826
313,0,0,0.3586679995059967
314,4,3,0.3095588684082031
315,0,0,0.6284095644950867
316,7,7,0.4232081174850464
317,7,7,0.7988053560256958
318,5,5,0.32994890213012695
319,5,5,0.8077423572540283
320,3,2,0.3443926274776459
321,5,5,0.7431771755218506
322,2,6,0.5588148832321167
323,3,2,0.493879109621048
324,4,7,0.5371384620666504
325,1,1,0.4365549087524414
326,7,7,0.3087720572948456
327,5,4,0.4436242878437042
328,4,4,0.30581799149513245
329,6,6,0.9179725050926208
330,1,9,0.505230188369751
331,9,9,0.565462589263916
332,3,6,0.2283792942762375
333,6,6,0.9907428622245789
334,6,6,0.8747144937515259
335,9,1,0.7254887819290161
336,3,3,0.357075035572052
337,8,8,0.8122819662094116
338,0,2,0.4787691533565521
339,7,7,0.7727594375610352
340,2,4,0.4649897813796997
341,6,6,0.8484843373298645
342,2,2,0.4548930823802948
343,5,7,0.4214896857738495
344,8,8,0.4101487696170807
345,5,5,0.8276480436325073
346,4,7,0.7605087757110596
347,6,6,0.7748907208442688
348,8,8,0.9549283385276794
349,9,9,0.7791029810905457
350,9,9,0.713521420955658
351,1,1,0.75069659948349
352,0,8,0.8733717203140259
353,2,2,0.6583883166313171
354,2,6,0.3942696154117584
355,7,4,0.6329838633537292
356,3,2,0.5564098358154297
357,2,2,0.3341234624385834
358,8,1,0.7322109341621399
359,0,0,0.36804160475730896
360,9,9,0.4867549240589142
361,5,3,0.4056897759437561
362,8,8,0.9894243478775024
363,1,1,0.3989827334880829
364,9,9,0.9428092837333679
365,4,0,0.3996528685092926
366,1,2,0.4857259690761566
367,3,2,0.3742833435535431
368,8,2,0.5623145699501038
369,1,1,0.6887130737304688
370,4,4,0.5041706562042236
371,7,7,0.9603808522224426
372,9,9,0.9418261051177979
373,4,2,0.3748244643211365
374,2,2,0.6036551594734192
375,7,7,0.7437934875488281
376,0,2,0.7755900025367737
377,7,2,0.27477192878723145
378,0,6,0.4299086630344391
379,6,6,0.9307720065116882
380,6,6,0.8092466592788696
381,9,9,0.5937508344650269
382,0,0,0.955946147441864
383,9,9,0.5883951187133789
384,2,2,0.6288260221481323
385,8,0,0.8857229948043823
386,7,7,0.7570230960845947
387,2,4,0.6511509418487549
388,2,2,0.7154322266578674
389,5,5,0.7140389680862427
390,1,1,0.719781219959259
391,2,0,0.7681252956390381
392,6,6,0.840591311454773
393,2,5,0.3913503587245941
394,9,5,0.5189164280891418
395,6,6,0.7662176489830017
396,2,2,0.7413293123245239
397,3,3,0.6775636076927185
398,0,0,0.7431591153144836
399,3,9,0.3686888813972473
400,9,9,0.953971803188324
401,8,8,0.5206760764122009
402,7,7,0.8852046132087708
403,8,8,0.5652506351470947
404,8,8,0.6879123449325562
405,4,4,0.4647284150123596
406,0,0,0.969068169593811
407,1,8,0.3552391231060028
408,8,8,0.8695359230041504
409,2,2,0.5656375885009766
410,7,7,0.8034044504165649
411,9,0,0.7785103917121887
412,3,5,0.38660332560539246
413,6,6,0.9212449789047241
414,1,1,0.6137353181838989
415,9,8,0.3872041702270508
416,0,6,0.2430165559053421
417,7,9,0.37460362911224365
418,3,2,0.589776337146759
419,7,7,0.7184819579124451
420,4,4,0.35829681158065796
421,5,7,0.45832228660583496
422,0,0,0.5948470234870911
423,0,0,0.6164367198944092
424,2,2,0.6287611722946167
425,9,9,0.4909093976020813
426,3,6,0.5129374861717224
427,4,4,0.29067733883857727
428,0,9,0.5888498425483704
429,6,6,0.8413402438163757
430,2,2,0.4024548828601837
431,5,5,0.5707100629806519
432,3,3,0.2924976944923401
433,7,9,0.3717323839664459
434,3,9,0.948919415473938
435,7,7,0.5915942192077637
436,2,3,0.29368776082992554
437,5,2,0.4655986428260803
438,3,5,0.5510600805282593
439,1,1,0.726709246635437
440,1,1,0.7978821992874146
441,4,2,0.5470296740531921
442,9,9,0.7794390916824341
443,9,8,0.6136931777000427
444,5,2,0.20814664661884308
445,7,2,0.46343758702278137
446,5,5,0.3282763957977295
447,0,0,0.9137352705001831
448,2,2,0.6736687421798706
449,2,2,0.6089156866073608
450,2,1,0.7611455321311951
451,9,9,0.8059688210487366
452,7,7,0.9613211750984192
453,3,2,0.4159248173236847
454,9,9,0.7518173456192017
455,4,2,0.39262649416923523
456,3,2,0.442854106426239
457,5,7,0.5156485438346863
458,4,6,0.5473613142967224
459,6,9,0.3143462538719177
460,5,2,0.6217844486236572
461,6,6,0.5547389984130859
462,1,1,0.8569536805152893
463,4,5,0.3647836446762085
464,3,7,0.4715054929256439
465,4,4,0.6814040541648865
466,4,7,0.7532380223274231
467,3,6,0.43294665217399597
468,7,5,0.5207660794258118
469,8,8,0.6808704733848572
470,3,4,0.41825318336486816
471,7,0,0.42473331093788147
472,8,8,0.8969560265541077
473,0,0,0.4474531412124634
474,5,3,0.3423178195953369
475,7,7,0.5178472399711609
476,6,6,0.5412079691886902
477,0,0,0.5933003425598145
478,5,5,0.3985109329223633
479,4,4,0.27151864767074585
480,8,9,0.5405516028404236
481,6,6,0.949781596660614
482,8,8,0.6069946885108948
483,5,5,0.3176977038383484
484,5,5,0.33808356523513794
485,9,9,0.3859419822692871
486,9,9,0.9410685896873474
487,9,9,0.8784949779510498
488,5,5,0.24903418123722076
489,0,0,0.7651406526565552
490,1,1,0.8951206803321838
491,0,0,0.7465715408325195
492,8,8,0.5235214233398438
493,1,1,0.958710789680481
494,1,8,0.6484453678131104
495,8,8,0.7965937852859497
496,0,0,0.9576826691627502
497,2,2,0.7942662239074707
498,2,2,0.40752100944519043
499,0,0,0.7024450898170471
500,4,6,0.5721055269241333
501,6,6,0.5959778428077698
502,5,5,0.5215712785720825
503,4,2,0.30834588408470154
504,9,1,0.5102427005767822
505,4,2,0.4846039116382599
506,7,4,0.5769962668418884
507,9,9,0.27256709337234497
508,9,3,0.2254258692264557
509,4,4,0.6494514346122742
510,5,5,0.49892762303352356
511,6,6,0.9733918309211731
512,6,6,0.9262052774429321
513,1,9,0.5992638468742371
514,5,5,0.9070676565170288
515,3,5,0.42852020263671875
516,8,8,0.9877772927284241
517,9,9,0.6504254341125488
518,5,3,0.49274179339408875
519,8,8,0.8775992393493652
520,5,7,0.4680314362049103
521,7,7,0.9012109637260437
522,0,0,0.8664430379867554
523,7,7,0.940326988697052
524,0,0,0.7975097298622131
525,5,6,0.37103408575057983
526,0,2,0.2576588988304138
527,0,0,0.9332327246665955
528,4,0,0.39903807640075684
529,6,6,0.9186719655990601
530,9,8,0.8397171497344971
531,0,9,0.3849343955516815
532,9,1,0.597273051738739
533,5,8,0.3368985950946808
534,6,6,0.9096903800964355
535,6,6,0.9086207151412964
536,6,6,0.9118174314498901
537,2,6,0.3853732645511627
538,9,0,0.30501827597618103
539,0,9,0.4787824749946594
540,1,1,0.919677734375
541,7,7,0.43125879764556885
542,6,6,0.9655494689941406
543,7,7,0.9246783256530762
544,5,5,0.5560063719749451
545,9,9,0.6624715328216553
546,1,1,0.6914552450180054
547,6,6,0.9074472784996033
548,2,2,0.4837597608566284
549,5,3,0.5688343048095703
550,5,2,0.42113202810287476
551,5,2,0.5913190245628357
552,8,8,0.7276095151901245
553,5,3,0.6580591797828674
554,9,9,0.5457851886749268
555,4,2,0.33108317852020264
556,6,6,0.47116175293922424
557,4,6,0.32878267765045166
558,3,3,0.8148711323738098
559,2,2,0.7915562391281128
560,0,0,0.7556144595146179
561,7,7,0.3740861713886261
562,6,6,0.7829084992408752
563,2,6,0.48346400260925293
564,2,2,0.48369771242141724
565,3,5,0.49962666630744934
566,9,9,0.5755172967910767
567,7,5,0.3505313992500305
568,9,9,0.6258646845817566
569,2,6,0.8215619921684265
570,6,6,0.421392023563385
571,7,7,0.9606367945671082
572,1,1,0.9556928277015686
573,3,3,0.2912169396877289
574,6,3,0.41269099712371826
575,6,6,0.8889873027801514
576,8,0,0.5107784867286682
577,9,8,0.2948196828365326
578,7,7,0.9870185852050781
579,5,3,0.4157797396183014
580,4,4,0.4878421723842621
581,0,7,0.25658902525901794
582,8,0,0.5620977282524109
583,4,2,0.4735139310359955
584,0,0,0.7780848741531372
585,9,1,0.42834100127220154
586,3,3,0.26871782541275024
587,4,4,0.42059126496315
588,8,8,0.9861528873443604
589,9,9,0.9760425090789795
590,6,6,0.6935124397277832
591,9,1,0.8481680750846863
592,2,2,0.8562127351760864
593,6,6,0.5381003618240356
594,1,1,0.49692413210868835
595,4,4,0.6267262101173401
596,7,7,0.673204779624939
597,3,5,0.29865798354148865
598,5,5,0.5164017081260681
599,3,3,0.43984049558639526
600,8,8,0.5708121061325073
601,5,5,0.4219549000263214
602,0,0,0.7170919179916382
603,2,2,0.574029266834259
604,1,1,0.9236153364181519
605,6,6,0.9561552405357361
606,4,8,0.28751349449157715
607,3,5,0.38371434807777405
608,3,3,0.7335652112960815
609,9,9,0.960589587688446
610,6,6,0.6250605583190918
611,9,1,0.6567668914794922
612,8,8,0.9861364364624023
613,8,8,0.9720170497894287
614,5,5,0.623747706413269
615,8,8,0.48737162351608276
616,6,6,0.5348383784294128
617,6,6,0.6274797916412354
618,2,2,0.4450676739215851
619,1,1,0.8116017580032349
620,7,7,0.9606878161430359
621,7,1,0.7495986819267273
622,1,1,0.9793422818183899
623,2,2,0.8090847730636597
624,7,7,0.893570065498352
625,9,1,0.5891100764274597
626,9,9,0.5463322401046753
627,4,4,0.7768133878707886
628,4,7,0.6506770849227905
629,1,1,0.2695971429347992
630,2,8,0.6114762425422668
631,5,2,0.6480309963226318
632,6,3,0.3500187397003174
633,8,8,0.6308608651161194
634,7,7,0.4103316366672516
635,6,6,0.7462906837463379
636,8,9,0.4001385271549225
637,3,2,0.23293791711330414
638,0,0,0.5418202877044678
639,5,2,0.6623058915138245
640,5,3,0.3743620812892914
641,3,9,0.3713456988334656
642,0,1,0.3656868636608124
643,7,7,0.939220666885376
644,9,9,0.38178515434265137
645,1,9,0.7413955330848694
646,3,3,0.26399821043014526
647,4,2,0.560783326625824
648,4,2,0.5589804649353027
649,5,5,0.44149070978164673
650,3,3,0.2868712544441223
651,9,9,0.7685315012931824
652,5,5,0.4936547577381134
653,6,6,0.43781158328056335
654,9,9,0.9329421520233154
655,2,0,0.4596746861934662
656,1,1,0.732289731502533
657,1,9,0.655693769454956
658,4,4,0.5417301058769226
659,1,9,0.44871652126312256
660,9,9,0.7942667603492737
661,4,4,0.40913859009742737
662,7,7,0.9878374338150024
663,6,6,0.7809295654296875
664,3,3,0.8194544911384583
665,8,8,0.6916717290878296
666,9,9,0.9000269174575806
667,0,0,0.857658863067627
668,1,9,0.6078632473945618
669,3,2,0.40366971492767334
670,6,6,0.9425897002220154
671,3,7,0.5510847568511963
672,6,2,0.23398607969284058
673,3,3,0.5676721334457397
674,2,4,0.6299018859863281
675,0,1,0.4403109550476074
676,3,4,0.8910138010978699
677,1,9,0.7001234889030457
678,0,2,0.4064651429653168
679,5,3,0.3097327649593353
680,9,9,0.5221397876739502
681,6,6,0.9578260779380798
682,4,2,0.3124476373195648
683,8,7,0.3566732704639435
684,9,9,0.41680049896240234
685,6,4,0.5056520700454712
686,9,9,0.31007978320121765
687,6,9,0.4878057539463043
688,3,6,0.3272145390510559
689,0,9,0.318663090467453
690,3,2,0.396932989358902
691,2,2,0.8170677423477173
692,2,2,0.6300818920135498
693,7,7,0.9428253173828125
694,8,8,0.795612096786499
695,3,4,0.5248268246650696
696,8,8,0.5952212810516357
697,2,2,0.35307976603507996
698,7,7,0.9174558520317078
699,5,5,0.6690983772277832
700,7,7,0.9589530825614929
701,2,0,0.5979797840118408
702,4,6,0.4350992739200592
703,8,8,0.3356647491455078
704,7,7,0.7495119571685791
705,4,4,0.4664921760559082
706,2,0,0.55777907371521
707,9,5,0.3345952332019806
708,8,8,0.702399492263794
709,8,8,0.9676284193992615
710,6,5,0.24306625127792358
711,8,8,0.49289634823799133
712,8,8,0.9370428323745728
713,7,7,0.44360458850860596
714,4,4,0.3520442545413971
715,3,3,0.31853756308555603
716,3,3,0.32824230194091797
717,8,8,0.7004283666610718
718,4,2,0.5773550868034363
719,9,8,0.4695345163345337
720,4,9,0.5795955657958984
721,8,8,0.6957442164421082
722,8,8,0.8625273704528809
723,1,1,0.8278843760490417
724,8,8,0.9187387824058533
725,2,2,0.4615834951400757
726,1,1,0.8967888951301575
727,3,2,0.424552321434021
728,6,6,0.3958246111869812
729,5,7,0.3992084860801697
730,4,4,0.3672669231891632
731,2,0,0.8332048654556274
732,7,7,0.6097814440727234
733,9,9,0.39537060260772705
734,9,1,0.4477332830429077
735,4,4,0.4837406873703003
736,1,1,0.4950457811355591
737,4,0,0.6837082505226135
738,1,1,0.950477659702301
739,3,7,0.4957106411457062
740,2,5,0.7573659420013428
741,7,7,0.9234642386436462
742,0,7,0.35362938046455383
743,7,7,0.7866169810295105
744,9,1,0.38258039951324463
745,7,7,0.8777235746383667
746,6,6,0.5499767065048218
747,6,6,0.9093897938728333
748,2,2,0.5236223936080933
749,5,3,0.5259332656860352
750,9,9,0.6942492723464966
751,2,0,0.5019132494926453
752,9,9,0.5502355098724365
753,1,1,0.6125160455703735
754,2,2,0.7267362475395203
755,2,4,0.5005057454109192
756,6,6,0.7946656942367554
757,8,0,0.5575714707374573
758,2,2,0.45418474078178406
759,1,1,0.9540093541145325
760,3,7,0.7276697158813477
761,6,2,0.6530272364616394
762,6,4,0.2922529876232147
763,0,0,0.7587482929229736
764,1,1,0.7646034359931946
765,2,2,0.8740792870521545
766,7,2,0.2769210934638977
767,0,0,0.33726638555526733
768,5,2,0.4160269796848297
769,4,4,0.43643298745155334
770,6,1,0.6212329864501953
771,1,9,0.7309762835502625
772,6,6,0.9716050624847412
773,4,6,0.4048813283443451
774,0,0,0.5933841466903687
775,2,4,0.3848262429237366
776,2,7,0.45292389392852783
777,6,6,0.6626724600791931
778,0,0,0.6687845587730408
779,5,6,0.7953638434410095
780,9,9,0.8691330552101135
781,1,1,0.8677647709846497
782,7,7,0.7833275198936462
783,6,6,0.6156195402145386
784,7,7,0.9435461163520813
785,0,8,0.549003541469574
786,3,6,0.5306423306465149
787,9,8,0.5813950896263123
788,6,6,0.440650999546051
789,8,8,0.787301242351532
790,3,0,0.8031254410743713
791,0,0,0.9107987880706787
792,3,9,0.20351596176624298
793,4,5,0.3007594347000122
794,7,7,0.7435891032218933
795,7,5,0.8269115090370178
796,1,9,0.3413469195365906
797,4,6,0.45623213052749634
798,7,6,0.29173800349235535
799,2,2,0.28556564450263977
800,7,7,0.9414310455322266
801,1,1,0.9893364906311035
802,4,2,0.4576203227043152
803,7,7,0.8911515474319458
804,4,7,0.5481551885604858
805,4,4,0.3351898789405823
806,8,0,0.5506165027618408
807,4,6,0.746610164642334
808,7,2,0.559619128704071
809,7,2,0.42668724060058594
810,5,5,0.903791069984436
811,3,2,0.43567660450935364
812,7,7,0.8160889148712158
813,2,2,0.49236541986465454
814,0,0,0.6147884726524353
815,8,8,0.9798462986946106
816,9,1,0.47961854934692383
817,5,5,0.6161990761756897
818,8,8,0.6867130398750305
819,3,0,0.42649295926094055
820,6,6,0.2850206792354584
821,2,2,0.4508732557296753
822,0,0,0.9098159670829773
823,8,8,0.9712753295898438
824,7,7,0.9299950003623962
825,3,9,0.36174172163009644
826,7,3,0.24317173659801483
827,6,6,0.9940324425697327
828,5,5,0.3790281116962433
829,3,2,0.2872849106788635
830,1,0,0.5660310387611389
831,3,6,0.442096471786499
832,2,2,0.9135622382164001
833,2,3,0.48584553599357605
834,5,4,0.5615019202232361
835,4,3,0.5549805164337158
836,1,9,0.5336683988571167
837,2,2,0.651504635810852
838,9,9,0.8739261031150818
839,2,2,0.8982970714569092
840,7,7,0.9980344176292419
841,0,8,0.45029327273368835
842,7,7,0.9412673711776733
843,2,2,0.6876276731491089
844,1,1,0.716413140296936
845,3,4,0.35712191462516785
846,2,2,0.7053636908531189
847,0,0,0.8225241303443909
848,2,2,0.43675217032432556
849,4,2,0.40902116894721985
850,7,5,0.5651863217353821
851,9,1,0.5883217453956604
852,8,8,0.7839860916137695
853,9,1,0.7836976647377014
854,0,0,0.659056544303894
855,7,7,0.7367855310440063
856,7,7,0.7464579343795776
857,0,8,0.42487314343452454
858,7,7,0.8444469571113586
859,8,8,0.7438125014305115
860,4,4,0.689293622970581
861,6,6,0.6783984303474426
862,3,6,0.6952804327011108
863,3,3,0.5869710445404053
864,0,0,0.9289980530738831
865,1,1,0.8065157532691956
866,3,8,0.3678297698497772
867,7,3,0.3803829252719879
868,0,0,0.8154861330986023
869,1,1,0.6046112179756165
870,3,6,0.3374082148075104
871,1,1,0.9804412126541138
872,4,4,0.5590906739234924
873,2,2,0.4556725323200226
874,3,3,0.9141520857810974
875,8,8,0.9223535060882568
876,4,4,0.4759003520011902
877,2,2,0.684967041015625
878,3,4,0.3232653737068176
879,7,7,0.6453580856323242
880,8,8,0.9353971481323242
881,4,4,0.6069217920303345
882,3,8,0.5468342900276184
883,0,0,0.5930789113044739
884,9,9,0.5157015919685364
885,0,0,0.5994047522544861
886,0,8,0.7529692649841309
887,1,1,0.7377459406852722
888,0,8,0.6860554814338684
889,4,6,0.7329323291778564
890,4,3,0.3600447475910187
891,6,6,0.8660796880722046
892,7,7,0.707172691822052
893,6,3,0.5139467120170593
894,1,1,0.544040322303772
895,1,1,0.8563510179519653
896,3,6,0.3491271436214447
897,7,7,0.5679238438606262
898,3,5,0.3761741816997528
899,5,5,0.6371862292289734
900,2,2,0.3794998228549957
901,6,6,0.4996424615383148
902,6,6,0.9665560126304626
903,5,5,0.4483738839626312
904,8,0,0.35375577211380005
905,7,2,0.5292604565620422
906,1,8,0.530898928642273
907,6,6,0.6991502642631531
908,8,8,0.929938793182373
909,8,8,0.8475321531295776
910,5,7,0.649625301361084
911,3,3,0.8381975889205933
912,0,3,0.4351098835468292
913,4,5,0.34046483039855957
914,0,0,0.7478938102722168
915,1,9,0.8208741545677185
916,3,4,0.3807503581047058
917,8,8,0.7714237570762634
918,8,8,0.6218582391738892
919,0,4,0.801127016544342
920,6,6,0.7141568660736084
921,9,9,0.8420891165733337
922,9,9,0.510786771774292
923,9,9,0.5139733552932739
924,5,7,0.3918308615684509
925,5,5,0.38179323077201843
926,8,8,0.4434491991996765
927,6,6,0.6341118812561035
928,0,0,0.9281250834465027
929,0,8,0.7697170972824097
930,4,4,0.6346508860588074
931,2,2,0.682304859161377
932,3,0,0.2241775244474411
933,2,3,0.49136292934417725
934,7,7,0.9960083961486816
935,2,3,0.39302411675453186
936,2,2,0.4486895203590393
937,5,7,0.5930831432342529
938,9,1,0.5650105476379395
939,8,8,0.9090027213096619
940,9,1,0.8478498458862305
941,1,9,0.40006059408187866
942,7,7,0.5047715902328491
943,4,4,0.4134291112422943
944,0,0,0.881653904914856
945,3,3,0.5651236772537231
946,0,0,0.9089127779006958
947,1,6,0.40249308943748474
948,3,4,0.4725986421108246
949,8,8,0.9797877669334412
950,3,3,0.32099321484565735
951,9,9,0.6990725994110107
952,6,6,0.36573365330696106
953,1,0,0.3497021496295929
954,4,4,0.5808410048484802
955,7,7,0.8406020402908325
956,0,0,0.6631128191947937
957,3,6,0.6410862803459167
958,7,7,0.5229220986366272
959,8,8,0.9731499552726746
960,9,9,0.9776805639266968
961,1,1,0.6073226928710938
962,1,1,0.5130019187927246
963,6,6,0.8599201440811157
964,6,5,0.6800158619880676
965,6,5,0.2901976406574249
966,6,6,0.3460848331451416
967,9,9,0.7464869022369385
968,1,1,0.9501018524169922
969,9,8,0.7028278112411499
970,9,1,0.7870913147926331
971,4,4,0.9294627904891968
972,2,2,0.4998684227466583
973,1,1,0.9563966989517212
974,7,7,0.45713233947753906
975,0,0,0.9049968123435974
976,6,6,0.33813953399658203
977,8,8,0.7561366558074951
978,1,1,0.5969114303588867
979,9,9,0.6906449794769287
980,2,4,0.2684463858604431
981,9,9,0.40224868059158325
982,0,5,0.2531190812587738
983,4,4,0.5948269963264465
984,7,7,0.7331138253211975
985,8,8,0.7108525633811951
986,3,2,0.31343701481819153
987,1,1,0.8678398728370667
988,2,2,0.42120733857154846
989,0,0,0.5474392175674438
990,1,1,0.608681857585907
991,5,5,0.6062421202659607
992,8,8,0.8401129841804504
993,4,3,0.4646817147731781
994,6,6,0.8181334733963013
995,3,2,0.4804268777370453
996,8,8,0.2584751844406128
997,1,1,0.6912024617195129
998,3,3,0.528128445148468
999,8,8,0.8447793126106262
1000,5,5,0.8858047127723694
1001,0,0,0.7217957377433777
1002,8,8,0.4148347079753876
1003,4,4,0.5183174014091492
1004,8,0,0.5545791387557983
1005,1,1,0.9287084937095642
1006,1,1,0.9765554070472717
1007,8,0,0.30492138862609863
1008,9,1,0.29452982544898987
1009,6,9,0.8064571022987366
1010,0,0,0.9155685305595398
1011,8,8,0.7694947719573975
1012,6,2,0.5317805409431458
1013,1,1,0.894383430480957
1014,3,3,0.3716769516468048
1015,4,6,0.4583527147769928
1016,1,1,0.8589802384376526
1017,6,6,0.9234030842781067
1018,0,0,0.799078106880188
1019,5,8,0.9272224307060242
1020,1,1,0.8820460438728333
1021,1,2,0.5108852386474609
1022,0,0,0.5343229174613953
1023,0,0,0.6331663131713867
1024,3,3,0.5580407381057739
1025,5,5,0.7507590055465698
1026,0,0,0.39135217666625977
1027,0,0,0.4149177074432373
1028,6,6,0.8528963923454285
1029,6,6,0.951831579208374
1030,3,3,0.4739452302455902
1031,3,3,0.42555567622184753
1032,6,6,0.280720978975296
1033,3,3,0.3945874869823456
1034,6,3,0.27744731307029724
1035,6,2,0.47579115629196167
1036,0,0,0.30217084288597107
1037,7,7,0.773628294467926
1038,2,2,0.9206230640411377
1039,2,2,0.3251110911369324
1040,7,5,0.8299083113670349
1041,5,5,0.8978050947189331
1042,5,2,0.6165438294410706
1043,2,4,0.3793041408061981
1044,8,8,0.5565604567527771
1045,5,5,0.5648800134658813
1046,2,2,0.5929412245750427
1047,1,8,0.675342321395874
1048,1,1,0.9611053466796875
1049,4,7,0.6779374480247498
1050,3,0,0.4450731575489044
1051,2,6,0.7398788928985596
1052,0,8,0.7626208066940308
1053,3,5,0.797991931438446
1054,1,1,0.4972524344921112
1055,5,5,0.3350316286087036
1056,3,3,0.35837626457214355
1057,7,5,0.24343904852867126
1058,6,9,0.29932284355163574
1059,8,8,0.5409596562385559
1060,9,9,0.9604926109313965
1061,1,9,0.4780382812023163
1062,6,6,0.364294171333313
1063,4,4,0.4185909628868103
1064,9,1,0.23998069763183594
1065,3,2,0.25847363471984863
1066,9,1,0.5846423506736755
1067,0,0,0.6520665287971497
1068,9,9,0.6742582321166992
1069,6,6,0.9791202545166016
1070,3,3,0.4994383752346039
1071,6,6,0.90213543176651
1072,0,8,0.7762842774391174
1073,7,7,0.8519192934036255
1074,3,3,0.3645688593387604
1075,8,8,0.8653389811515808
1076,0,0,0.6583928465843201
1077,0,0,0.8399946093559265
1078,0,0,0.9724097847938538
1079,6,6,0.6406276226043701
1080,6,6,0.982433557510376
1081,6,6,0.5974599123001099
1082,9,9,0.8825899362564087
1083,2,2,0.5853594541549683
1084,5,2,0.3552824556827545
1085,4,4,0.6854115724563599
1086,4,5,0.31913262605667114
1087,6,6,0.7532152533531189
1088,3,3,0.45954322814941406
1089,6,6,0.9385987520217896
1090,0,0,0.5745956301689148
1091,8,8,0.9480866193771362
1092,6,6,0.5070486664772034
1093,0,5,0.29645517468452454
1094,6,5,0.29470059275627136
1095,2,2,0.6898244619369507
1096,7,7,0.9721071124076843
1097,5,5,0.2958521842956543
1098,1,1,0.7871702313423157
1099,2,2,0.6029196381568909
1100,7,8,0.6059226393699646
1101,8,8,0.9193553328514099
1102,8,8,0.9339463710784912
1103,0,0,0.6425665020942688
1104,9,9,0.8814883232116699
1105,4,3,0.5608842968940735
1106,9,9,0.8604816198348999
1107,7,7,0.7670108079910278
1108,2,2,0.9577761888504028
1109,0,1,0.4594809114933014
1110,2,2,0.6423554420471191
1111,8,8,0.8846551775932312
1112,3,2,0.32820868492126465
1113,8,8,0.8376755118370056
1114,9,9,0.6112885475158691
1115,1,1,0.8617737889289856
1116,5,2,0.4242295026779175
1117,5,5,0.6388543248176575
1118,4,7,0.7589584589004517
1119,7,7,0.9979841709136963
1120,5,5,0.38946497440338135
1121,3,5,0.3225490152835846
1122,8,8,0.8359761238098145
1123,3,2,0.48395946621894836
1124,3,2,0.7246159911155701
1125,6,6,0.8047643899917603
1126,2,0,0.6213709712028503
1127,8,8,0.34835273027420044
1128,4,4,0.30624446272850037
1129,3,0,0.4051356017589569
1130,7,4,0.837870180606842
1131,1,1,0.6484013199806213
1132,2,1,0.216981902718544
1133,4,4,0.4458070993423462
1134,1,1,0.46934500336647034
1135,6,6,0.8188457489013672
1136,9,1,0.9137781858444214
1137,0,2,0.3937293589115143
1138,5,6,0.7005738615989685
1139,8,8,0.9417842626571655
1140,6,6,0.6526513695716858
1141,1,1,0.8821499943733215
1142,8,8,0.912857711315155
1143,6,6,0.9087311625480652
1144,1,0,0.35383594036102295
1145,4,6,0.331136018037796
1146,2,4,0.8416114449501038
1147,6,6,0.5505927205085754
1148,2,2,0.5013654232025146
1149,7,7,0.42003920674324036
1150,2,7,0.5144221782684326
1151,2,4,0.5776328444480896
1152,0,0,0.7429473400115967
1153,8,8,0.6054272651672363
1154,6,6,0.8802365660667419
1155,9,8,0.2756672203540802
1156,1,6,0.47738584876060486
1157,7,1,0.46214935183525085
1158,1,1,0.934056282043457
1159,8,8,0.9598342776298523
1160,8,8,0.9192776679992676
1161,0,0,0.88104248046875
1162,7,7,0.9548108577728271
1163,3,7,0.23401950299739838
1164,8,8,0.9209482073783875
1165,0,0,0.4341543912887573
1166,3,3,0.2995089292526245
1167,4,2,0.3578343689441681
1168,3,2,0.5029535293579102
1169,7,2,0.30914080142974854
1170,7,2,0.5113938450813293
1171,9,9,0.9096179604530334
1172,2,2,0.5594799518585205
1173,3,6,0.7801381349563599
1174,1,0,0.6554331183433533
1175,9,9,0.7318745255470276
1176,1,1,0.5059552192687988
1177,9,1,0.5095121264457703
1178,6,2,0.3716376721858978
1179,3,3,0.44565099477767944
1180,3,3,0.5845015048980713
1181,3,2,0.6380665302276611
1182,1,1,0.755492627620697
1183,0,0,0.7497758269309998
1184,6,6,0.35697782039642334
1185,1,1,0.8879350423812866
1186,4,4,0.6991401314735413
1187,1,1,0.533669114112854
1188,0,0,0.6134645938873291
1189,0,0,0.7171609401702881
1190,1,1,0.5166064500808716
1191,1,1,0.8437504172325134
1192,6,6,0.5419207215309143
1193,5,3,0.4410874843597412
1194,4,0,0.3453373312950134
1195,6,6,0.9312967658042908
1196,2,2,0.5738893747329712
1197,0,0,0.9280580282211304
1198,7,7,0.9068898558616638
1199,9,9,0.7753937244415283
1200,8,8,0.9666181206703186
1201,7,7,0.8511998057365417
1202,2,5,0.29571354389190674
1203,0,8,0.5227945446968079
1204,6,6,0.904483437538147
1205,8,8,0.9417305588722229
1206,1,1,0.8993076682090759
1207,4,8,0.6811569929122925
1208,3,2,0.22940129041671753
1209,7,7,0.6645994782447815
1210,0,0,0.9382628202438354
1211,6,6,0.7438139915466309
1212,1,1,0.8835558295249939
1213,8,8,0.48791152238845825
1214,5,5,0.5799568295478821
1215,7,7,0.9432749152183533
1216,8,1,0.9418627023696899
1217,4,2,0.7811212539672852
1218,8,8,0.8057878613471985
1219,3,5,0.6216161251068115
1220,9,6,0.2464539110660553
1221,9,9,0.4185315668582916
1222,9,1,0.8395390510559082
1223,8,0,0.5604733228683472
1224,7,7,0.4926183521747589
1225,6,6,0.4534725248813629
1226,6,6,0.7397953271865845
1227,3,7,0.3159734904766083
1228,5,2,0.24951890110969543
1229,1,1,0.7310528755187988
1230,5,5,0.39716508984565735
1231,9,9,0.6130903959274292
1232,1,1,0.6690695881843567
1233,4,2,0.36201345920562744
1234,1,1,0.8273411393165588
1235,5,2,0.46433883905410767
1236,7,7,0.3679279685020447
1237,0,0,0.543807864189148
1238,1,1,0.8428176641464233
1239,5,3,0.34853363037109375
1240,2,6,0.8430367708206177
1241,0,8,0.542181134223938
1242,8,1,0.6138469576835632
1243,8,8,0.37920376658439636
1244,5,3,0.4953814446926117
1245,6,8,0.7078871130943298
1246,7,9,0.46960243582725525
1247,3,2,0.49880343675613403
1248,2,2,0.2449011504650116
1249,4,4,0.5934506058692932
1250,7,7,0.7280373573303223
1251,2,5,0.6826301217079163
1252,5,5,0.7861782908439636
1253,8,8,0.8984524607658386
1254,2,2,0.40748175978660583
1255,4,4,0.6886895895004272
1256,9,8,0.8642695546150208
1257,2,4,0.4008598029613495
1258,1,6,0.5593343377113342
1259,8,8,0.9650276303291321
1260,1,1,0.7424055337905884
1261,9,0,0.4010489583015442
1262,8,8,0.8914934396743774
1263,8,0,0.4870266318321228
1264,8,8,0.6717801690101624
1265,9,1,0.7119279503822327
1266,0,8,0.7049088478088379
1267,4,4,0.8150048851966858
1268,3,4,0.4507996439933777
1269,3,3,0.44755324721336365
1270,1,1,0.9893887639045715
1271,8,8,0.9168558716773987
1272,4,7,0.9108472466468811
1273,6,6,0.49042603373527527
1274,3,3,0.3041039705276489
1275,3,3,0.28329864144325256
1276,5,1,0.6662770509719849
1277,2,3,0.30313917994499207
1278,2,2,0.6547542810440063
1279,8,9,0.4644130766391754
1280,3,7,0.36876749992370605
1281,8,8,0.9735630750656128
1282,9,9,0.7466570138931274
1283,5,7,0.4747210741043091
1284,8,8,0.9063040614128113
1285,9,8,0.3218938410282135
1286,8,8,0.3359581530094147
1287,9,0,0.4317065477371216
1288,1,1,0.9298324584960938
1289,6,9,0.6893050074577332
1290,5,5,0.4080233573913574
1291,9,1,0.5417336225509644
1292,4,6,0.27799856662750244
1293,4,7,0.7224702835083008
1294,8,8,0.4449431598186493
1295,0,0,0.9089146852493286
1296,7,3,0.32977619767189026
1297,2,0,0.8406448364257812
1298,9,9,0.5152491331100464
1299,7,9,0.6523414850234985
1300,4,4,0.3353842496871948
1301,1,1,0.9401970505714417
1302,6,6,0.41714274883270264
1303,4,2,0.38590335845947266
1304,4,1,0.2777746915817261
1305,9,9,0.7929093837738037
1306,1,2,0.2330249398946762
1307,2,0,0.774480402469635
1308,5,2,0.43614426255226135
1309,6,6,0.5670061707496643
1310,0,8,0.6411387920379639
1311,8,8,0.8812993168830872
1312,6,6,0.7425761222839355
1313,1,1,0.5790520906448364
1314,9,9,0.7004930973052979
1315,4,8,0.5946125984191895
1316,5,5,0.9070255756378174
1317,9,9,0.8597502112388611
1318,5,3,0.5660836696624756
1319,0,0,0.6264393925666809
1320,7,7,0.6945585012435913
1321,2,2,0.38398730754852295
1322,0,9,0.8417388796806335
1323,0,8,0.6666068434715271
1324,4,9,0.3905508518218994
1325,2,2,0.510004997253418
1326,6,6,0.3615858256816864
1327,6,6,0.9892027974128723
1328,5,3,0.6059297919273376
1329,5,4,0.30084821581840515
1330,2,7,0.7128806114196777
1331,8,8,0.8913806080818176
1332,1,1,0.7074388265609741
1333,7,2,0.34808582067489624
1334,3,2,0.7164127230644226
1335,1,8,0.5273669958114624
1336,4,4,0.5813885927200317
1337,5,2,0.3613603115081787
1338,6,6,0.8239360451698303
1339,5,5,0.5173996686935425
1340,1,1,0.49516919255256653
1341,4,4,0.5704421997070312
1342,7,6,0.887171745300293
1343,0,9,0.6339893341064453
1344,9,1,0.556535542011261
1345,4,4,0.5110394954681396
1346,3,9,0.5844717621803284
1347,8,8,0.9842538833618164
1348,2,2,0.41497716307640076
1349,8,8,0.9959290623664856
1350,4,4,0.6461329460144043
1351,7,7,0.9861780405044556
1352,2,2,0.6760172843933105
1353,3,6,0.5570640563964844
1354,1,1,0.5724023580551147
1355,5,3,0.44325509667396545
1356,2,3,0.2581566274166107
1357,9,1,0.621427595615387
1358,8,8,0.8800458908081055
1359,9,9,0.8228749632835388
1360,7,7,0.7479683756828308
1361,9,9,0.37057358026504517
1362,5,5,0.3134705424308777
1363,1,1,0.8480744361877441
1364,4,4,0.48267629742622375
1365,0,0,0.9067699909210205
1366,8,8,0.9443233013153076
1367,2,4,0.4990156590938568
1368,3,3,0.46017810702323914
1369,8,8,0.988267719745636
1370,9,9,0.7396929860115051
1371,1,1,0.615764319896698
1372,1,1,0.709671139717102
1373,3,5,0.3535049855709076
1374,2,0,0.6659821271896362
1375,4,2,0.45329487323760986
1376,9,1,0.8781723380088806
1377,3,2,0.5402370095252991
1378,1,9,0.5202752947807312
1379,7,7,0.5752259492874146
1380,4,4,0.40779390931129456
1381,6,6,0.6156204342842102
1382,2,0,0.9654722809791565
1383,8,8,0.44674235582351685
1384,9,9,0.6978550553321838
1385,5,5,0.8814548254013062
1386,3,3,0.4659288823604584
1387,9,9,0.6087411046028137
1388,5,2,0.49817705154418945
1389,5,4,0.7200465798377991
1390,6,6,0.9910507202148438
1391,7,2,0.7281730771064758
1392,2,2,0.9021158814430237
1393,4,3,0.4011465907096863
1394,6,5,0.40424561500549316
1395,3,6,0.4858752489089966
1396,1,1,0.9398913979530334
1397,0,0,0.8031702637672424
1398,7,7,0.27381622791290283
1399,2,0,0.8504955768585205
1400,5,3,0.4027683436870575
1401,4,7,0.3871581256389618
1402,7,7,0.9108133912086487
1403,6,4,0.5011528134346008
1404,1,1,0.7178269028663635
1405,1,9,0.5520081520080566
1406,9,9,0.8235858082771301
1407,8,8,0.8974247574806213
1408,1,1,0.9976803064346313
1409,0,0,0.47515544295310974
1410,1,1,0.9928760528564453
1411,3,3,0.441392719745636
1412,1,1,0.7697443962097168
1413,1,1,0.9058399796485901
1414,1,1,0.6618861556053162
1415,7,7,0.9116265773773193
1416,3,5,0.4080730676651001
1417,9,9,0.49296194314956665
1418,6,2,0.23849648237228394
1419,8,8,0.9498652815818787
1420,4,7,0.3065766990184784
1421,6,6,0.8298016786575317
1422,8,8,0.7171545028686523
1423,4,4,0.7232293486595154
1424,9,1,0.4992430508136749
1425,4,6,0.3034379780292511
1426,7,7,0.3351549804210663
1427,9,9,0.8129889965057373
1428,7,7,0.8277285099029541
1429,6,8,0.2725341320037842
1430,8,8,0.6339834928512573
1431,4,4,0.5315301418304443
1432,9,9,0.6027872562408447
1433,7,7,0.9314956068992615
1434,0,8,0.3280991315841675
1435,1,9,0.5728605389595032
1436,6,3,0.5732027292251587
1437,1,1,0.5618295073509216
1438,5,1,0.4945851266384125
1439,9,1,0.911293089389801
1440,0,2,0.4982621371746063
1441,4,4,0.5471959710121155
1442,3,5,0.382303386926651
1443,4,2,0.3993988335132599
1444,1,1,0.5160587430000305
1445,3,4,0.2793581485748291
1446,0,0,0.804353654384613
1447,8,8,0.9486805200576782
1448,4,4,0.49040213227272034
1449,6,6,0.9903638958930969
1450,2,2,0.7153098583221436
1451,2,2,0.4294529855251312
1452,6,6,0.7428488731384277
1453,5,2,0.5905073285102844
1454,3,3,0.3719847798347473
1455,6,6,0.824466347694397
1456,2,6,0.34505853056907654
1457,1,1,0.8242769241333008
1458,1,0,0.3405736982822418
1459,8,8,0.4947976768016815
1460,6,6,0.8074194192886353
1461,0,9,0.49803152680397034
1462,4,4,0.348829984664917
1463,0,0,0.5904761552810669
1464,1,1,0.6663723587989807
1465,9,1,0.726361870765686
1466,7,7,0.6493346691131592
1467,1,1,0.9482433199882507
1468,3,3,0.5183730125427246
1469,7,5,0.5424267649650574
1470,7,2,0.595761775970459
1471,8,8,0.7806378602981567
1472,7,9,0.6154586672782898
1473,7,7,0.9977461695671082
1474,3,5,0.639367401599884
1475,9,9,0.8766650557518005
1476,7,7,0.9543821811676025
1477,7,5,0.5208043456077576
1478,7,7,0.5838896632194519
1479,2,9,0.3496517837047577
1480,1,8,0.6705007553100586
1481,2,2,0.8506418466567993
1482,8,1,0.5729390978813171
1483,6,6,0.8650800585746765
1484,4,2,0.49095577001571655
1485,0,2,0.5624112486839294
1486,7,7,0.7316532135009766
1487,9,1,0.39203646779060364
1488,8,8,0.8060348033905029
1489,6,6,0.5252978801727295
1490,8,8,0.9610284566879272
1491,4,6,0.3423859775066376
1492,9,8,0.515518844127655
1493,1,1,0.7143879532814026
1494,7,5,0.5225237607955933
1495,2,0,0.6391394138336182
1496,2,2,0.4848180413246155
1497,8,8,0.7991478443145752
1498,5,3,0.6061946749687195
1499,8,8,0.6585696935653687
1500,1,1,0.8038038015365601
1501,2,3,0.3205956816673279
1502,2,2,0.5886346697807312
1503,4,5,0.6856516003608704
1504,1,1,0.5514453053474426
1505,2,0,0.3540806770324707
1506,5,7,0.5447030067443848
1507,2,8,0.7482538223266602
1508,8,8,0.85844886302948
1509,1,1,0.937495768070221
1510,8,8,0.7604683637619019
1511,1,1,0.9460976719856262
1512,8,8,0.5150023102760315
1513,6,5,0.46865004301071167
1514,0,0,0.7008297443389893
1515,2,2,0.569758951663971
1516,4,4,0.5868848562240601
1517,1,1,0.8841721415519714
1518,3,3,0.7911466360092163
1519,6,6,0.607149600982666
1520,7,4,0.5356342792510986
1521,7,7,0.4414716064929962
1522,4,4,0.5984451770782471
1523,4,4,0.5217035412788391
1524,3,3,0.4087774157524109
1525,3,8,0.3379618525505066
1526,4,7,0.34880056977272034
1527,5,7,0.5797182321548462
1528,2,2,0.911757230758667
1529,4,4,0.3716430068016052
1530,3,1,0.5734797716140747
1531,7,4,0.4776495099067688
1532,8,8,0.8362345099449158
1533,4,7,0.7618098258972168
1534,4,4,0.5558338761329651
1535,4,4,0.683426558971405
1536,5,3,0.34350693225860596
1537,4,2,0.5156842470169067
1538,3,8,0.5680645704269409
1539,2,2,0.7227705121040344
1540,8,8,0.9438459277153015
1541,4,2,0.4968564212322235
1542,5,5,0.6334198117256165
1543,5,5,0.40195488929748535
1544,4,4,0.49995237588882446
1545,1,1,0.5595248937606812
1546,4,4,0.492173969745636
1547,2,0,0.627623975276947
1548,5,2,0.36569297313690186
1549,1,1,0.39362478256225586
1550,6,6,0.7565487623214722
1551,4,4,0.49084195494651794
1552,3,3,0.4417653977870941
1553,4,4,0.5009300112724304
1554,4,4,0.5356211066246033
1555,0,0,0.5599969625473022
1556,8,8,0.8005721569061279
1557,8,8,0.8736044764518738
1558,4,4,0.4215335547924042
1559,5,5,0.4513070285320282
1560,7,7,0.8852941393852234
1561,5,5,0.6028581857681274
1562,6,6,0.7939640879631042
1563,9,9,0.6425268054008484
1564,1,1,0.799587070941925
1565,6,6,0.6877628564834595
1566,7,7,0.8452324271202087
1567,2,2,0.2777392268180847
1568,0,9,0.4591559171676636
1569,1,1,0.6287886500358582
1570,4,4,0.7002227306365967
1571,5,7,0.5432427525520325
1572,6,9,0.4224320352077484
1573,0,0,0.4780287444591522
1574,0,8,0.3709104061126709
1575,2,2,0.7903214693069458
1576,7,4,0.5227422714233398
1577,5,3,0.364608496427536
1578,6,6,0.9222162365913391
1579,0,0,0.7445063591003418
1580,6,1,0.3574633002281189
1581,2,5,0.2642020583152771
1582,9,9,0.5243191123008728
1583,1,3,0.34314674139022827
1584,7,7,0.5791706442832947
1585,7,7,0.5268452763557434
1586,5,5,0.6180936694145203
1587,2,0,0.727133572101593
1588,5,5,0.3657783567905426
1589,6,6,0.9586830735206604
1590,4,2,0.31078797578811646
1591,1,1,0.80943763256073
1592,4,2,0.6034570336341858
1593,3,2,0.3842899203300476
1594,3,4,0.5025002956390381
1595,3,6,0.5461921691894531
1596,0,0,0.3364802300930023
1597,3,3,0.4109848737716675
1598,5,5,0.46827003359794617
1599,5,5,0.7969620823860168
1600,8,9,0.5564212799072266
1601,9,9,0.7627121806144714
1602,7,7,0.22967851161956787
1603,3,2,0.3028351664543152
1604,1,1,0.8139199614524841
1605,3,4,0.32719120383262634
1606,3,8,0.5484368205070496
1607,3,9,0.7719844579696655
1608,4,4,0.43117234110832214
1609,4,6,0.4486771523952484
1610,2,2,0.34430834650993347
1611,3,3,0.6890648007392883
1612,3,6,0.3219190835952759
1613,8,8,0.8481845259666443
1614,1,1,0.8472808003425598
1615,7,7,0.5419060587882996
1616,7,7,0.5371161699295044
1617,0,0,0.8812755346298218
1618,7,2,0.4152643382549286
1619,4,2,0.48803943395614624
1620,5,3,0.3276183605194092
1621,1,1,0.8574046492576599
1622,4,2,0.45047762989997864
1623,2,6,0.3405579626560211
1624,4,4,0.6374601721763611
1625,3,6,0.2638387382030487
1626,9,5,0.17088569700717926
1627,9,9,0.5853066444396973
1628,4,7,0.554502546787262
1629,9,9,0.49993884563446045
1630,9,9,0.6074234247207642
1631,1,1,0.9394472241401672
1632,8,8,0.8076229095458984
1633,1,8,0.5096897482872009
1634,6,6,0.506658673286438
1635,7,7,0.9181906580924988
1636,5,5,0.5485860109329224
1637,5,2,0.4317407011985779
1638,4,4,0.32253628969192505
1639,9,9,0.9634829759597778
1640,7,5,0.6020575761795044
1641,6,6,0.9182373881340027
1642,5,4,0.7382364273071289
1643,9,9,0.6751999855041504
1644,2,6,0.31702059507369995
1645,4,4,0.6644386649131775
1646,0,0,0.8075498342514038
1647,7,7,0.9941960573196411
1648,8,9,0.35820430517196655
1649,5,2,0.28559941053390503
1650,5,5,0.9711073637008667
1651,0,0,0.6391226649284363
1652,0,0,0.7082999348640442
1653,9,1,0.8272871971130371
1654,9,9,0.9285905957221985
1655,8,8,0.9585681557655334
1656,2,2,0.3801717162132263
1657,5,5,0.5004724264144897
1658,4,0,0.49264395236968994
1659,8,8,0.6058043241500854
1660,3,4,0.6749916076660156
1661,6,6,0.8255206942558289
1662,3,9,0.7448213696479797
1663,6,6,0.891686737537384
1664,0,0,0.8929391503334045
1665,6,6,0.9740856885910034
1666,6,6,0.3686358332633972
1667,6,6,0.7200294733047485
1668,9,1,0.5202524662017822
1669,6,6,0.6642402410507202
1670,6,4,0.37851980328559875
1671,8,8,0.9645147919654846
1672,6,6,0.7230038046836853
1673,2,2,0.38713961839675903
1674,4,4,0.5098413228988647
1675,5,7,0.3430953919887543
1676,8,8,0.9018065333366394
1677,1,1,0.9800732731819153
1678,2,2,0.6757662892341614
1679,7,7,0.8408010601997375
1680,6,6,0.7421687245368958
1681,5,4,0.5112432241439819
1682,7,7,0.9507699608802795
1683,8,8,0.7087560892105103
1684,1,8,0.5219259858131409
1685,8,7,0.4737287163734436
1686,0,8,0.709473192691803
1687,8,8,0.4432976245880127
1688,6,4,0.19548241794109344
1689,9,8,0.5176330804824829
1690,2,7,0.5829800963401794
1691,8,8,0.9641790986061096
1692,9,9,0.6766620874404907
1693,4,8,0.9110240340232849
1694,0,0,0.9648619294166565
1695,9,9,0.6002821922302246
1696,4,8,0.3855874538421631
1697,9,9,0.8120583891868591
1698,5,2,0.5249876379966736
1699,7,4,0.4629749655723572
1700,5,2,0.30881649255752563
1701,5,2,0.5734905004501343
1702,9,8,0.32449010014533997
1703,5,5,0.47343873977661133
1704,3,0,0.43679115176200867
1705,0,0,0.5733277797698975
1706,1,1,0.9349693059921265
1707,9,9,0.6045565009117126
1708,7,2,0.3166656792163849
1709,2,4,0.5215613842010498
1710,4,4,0.4687916934490204
1711,1,1,0.7568963170051575
1712,0,0,0.6988397240638733
1713,8,9,0.6941552758216858
1714,0,0,0.4929507076740265
1715,3,5,0.6741701364517212
1716,1,1,0.9710099101066589
1717,7,7,0.9785001277923584
1718,0,8,0.3534649908542633
1719,0,0,0.9177079796791077
1720,4,2,0.3463248014450073
1721,8,8,0.2956841289997101
1722,6,6,0.8437131643295288
1723,2,3,0.27335289120674133
1724,4,4,0.4950031340122223
1725,0,0,0.9020214080810547
1726,0,0,0.876011312007904
1727,9,1,0.5737142562866211
1728,0,4,0.45978882908821106
1729,8,8,0.997536301612854
1730,4,8,0.238697811961174
1731,5,6,0.38037168979644775
1732,9,1,0.45064106583595276
1733,3,3,0.5745186805725098
1734,9,9,0.38142526149749756
1735,0,0,0.49826157093048096
1736,5,9,0.33325695991516113
1737,6,7,0.5662519931793213
1738,5,5,0.5047601461410522
1739,0,9,0.5360026955604553
1740,1,1,0.6442082524299622
1741,4,3,0.3984365165233612
1742,8,8,0.9935471415519714
1743,1,1,0.8731532096862793
1744,0,8,0.46742233633995056
1745,5,7,0.5956467390060425
1746,2,2,0.31081292033195496
1747,1,9,0.5751439929008484
1748,0,0,0.86827152967453
1749,2,4,0.5604581832885742
1750,8,8,0.7125450372695923
1751,1,1,0.8732632398605347
1752,5,2,0.4617624282836914
1753,6,6,0.8806609511375427
1754,7,7,0.8959828615188599
1755,7,7,0.9071505665779114
1756,2,2,0.5754905343055725
1757,6,6,0.6610499024391174
1758,2,2,0.8022785782814026
1759,5,3,0.7849515080451965
1760,0,0,0.7055116295814514
1761,1,9,0.5212466716766357
1762,4,4,0.44863516092300415
1763,2,9,0.5273625254631042
1764,5,4,0.5000282526016235
1765,4,6,0.35806262493133545
1766,6,6,0.4939650297164917
1767,2,2,0.7692340612411499
1768,2,0,0.7379043698310852
1769,1,0,0.5279800295829773
1770,7,7,0.9568313956260681
1771,2,4,0.49562811851501465
1772,8,8,0.4210490882396698
1773,5,5,0.5211932063102722
1774,5,5,0.4231320917606354
1775,3,3,0.49478840827941895
1776,0,0,0.8867162466049194
1777,4,4,0.6061022877693176
1778,8,8,0.8323590755462646
1779,3,5,0.4567766487598419
1780,7,9,0.46492981910705566
1781,6,6,0.9878926873207092
1782,3,2,0.3961619436740875
1783,8,8,0.982964813709259
1784,1,1,0.8152106404304504
1785,0,2,0.7238652110099792
1786,1,9,0.7613040208816528
1787,3,3,0.3574257791042328
1788,3,6,0.897779107093811
1789,0,3,0.25646767020225525
1790,7,7,0.8033021688461304
1791,4,7,0.4778253436088562
1792,9,9,0.9176830053329468
1793,5,5,0.6812341213226318
1794,3,3,0.3185630738735199
1795,6,6,0.8237097859382629
1796,0,8,0.5923129320144653
1797,1,1,0.9578570127487183
1798,4,2,0.328348845243454
1799,4,2,0.2587187886238098
1800,4,9,0.2691982090473175
1801,4,4,0.9613497257232666
1802,2,2,0.6422621607780457
1803,2,6,0.4196813702583313
1804,5,6,0.49715566635131836
1805,8,8,0.9647209048271179
1806,1,1,0.890241265296936
1807,5,4,0.3373429775238037
1808,9,1,0.49108967185020447
1809,8,8,0.823967695236206
1810,1,1,0.5451391935348511
1811,1,1,0.9466239213943481
1812,5,7,0.42232757806777954
1813,3,4,0.34257546067237854
1814,9,9,0.6862046122550964
1815,9,1,0.7126484513282776
1816,7,5,0.3918188214302063
1817,6,6,0.8786415457725525
1818,5,5,0.3528722822666168
1819,0,0,0.6773278117179871
1820,8,8,0.5622289776802063
1821,4,4,0.6110451817512512
1822,7,2,0.42059198021888733
1823,0,2,0.4940843880176544
1824,9,9,0.7528603076934814
1825,2,2,0.753538191318512
1826,8,8,0.9182080030441284
1827,4,4,0.8592846393585205
1828,7,7,0.6541208624839783
1829,1,1,0.43665459752082825
1830,3,2,0.3951285183429718
1831,9,9,0.6637051701545715
1832,6,9,0.3336581587791443
1833,8,8,0.9987125396728516
1834,9,1,0.6878543496131897
1835,0,3,0.507580041885376
1836,4,2,0.43933892250061035
1837,9,1,0.33981433510780334
1838,6,0,0.2525210678577423
1839,7,7,0.998497486114502
1840,8,9,0.22855286300182343
1841,9,9,0.7291715741157532
1842,4,4,0.6709604263305664
1843,8,8,0.9104827642440796
1844,9,9,0.8586670756340027
1845,7,7,0.7275007367134094
1846,2,2,0.5541253685951233
1847,5,5,0.4140991270542145
1848,3,3,0.5187367796897888
1849,7,7,0.9333651661872864
1850,1,9,0.2957468330860138
1851,0,0,0.9572390913963318
1852,2,9,0.4737643003463745
1853,9,9,0.6401088237762451
1854,5,5,0.6595191359519958
1855,5,5,0.7063349485397339
1856,8,8,0.8068069219589233
1857,5,5,0.8658871054649353
1858,4,4,0.42783525586128235
1859,2,5,0.48748359084129333
1860,8,8,0.7906994819641113
1861,3,6,0.2465430647134781
1862,5,3,0.29512515664100647
1863,5,0,0.3218405544757843
1864,7,7,0.8412919640541077
1865,7,7,0.6908917427062988
1866,8,8,0.9471654891967773
1867,6,2,0.47709402441978455
1868,2,4,0.4301551580429077
1869,8,8,0.8721829652786255
1870,2,2,0.4477819502353668
1871,3,8,0.4036543071269989
1872,5,8,0.803501307964325
1873,6,6,0.49073606729507446
1874,8,8,0.8844479918479919
1875,0,0,0.8490598797798157
1876,2,2,0.8854370713233948
1877,3,3,0.5068240761756897
1878,7,7,0.7585113048553467
1879,0,0,0.6819075345993042
1880,1,8,0.4988137185573578
1881,9,9,0.7434512972831726
1882,1,1,0.5978751182556152
1883,3,4,0.6452648043632507
1884,7,2,0.4197269380092621
1885,5,5,0.7252306938171387
1886,8,8,0.6794193983078003
1887,3,3,0.3139641582965851
1888,2,1,0.5179903507232666
1889,9,9,0.7980125546455383
1890,6,6,0.774690568447113
1891,8,8,0.9160274863243103
1892,6,6,0.3940695822238922
1893,9,9,0.5110163688659668
1894,3,3,0.5047839879989624
1895,8,0,0.5211796164512634
1896,9,9,0.820051908493042
1897,8,8,0.9781683087348938
1898,0,6,0.770521879196167
1899,7,7,0.8930902481079102
1900,8,8,0.9637816548347473
1901,5,5,0.9041855931282043
1902,0,2,0.7905206680297852
1903,0,0,0.5841318964958191
1904,1,1,0.8951314687728882
1905,3,2,0.50322026014328
1906,9,3,0.6136143207550049
1907,1,3,0.4858230650424957
1908,5,3,0.5070866346359253
1909,3,3,0.2677346467971802
1910,4,4,0.681084394454956
1911,4,6,0.5198991298675537
1912,0,0,0.7361734509468079
1913,9,9,0.7759050130844116
1914,9,9,0.8114798665046692
1915,9,9,0.946394681930542
1916,9,6,0.6614157557487488
1917,8,8,0.933223307132721
1918,2,2,0.8127191066741943
1919,4,4,0.42234063148498535
1920,2,2,0.4026525914669037
1921,2,2,0.4541042447090149
1922,5,5,0.771270215511322
1923,1,1,0.4600069224834442
1924,9,7,0.4430830180644989
1925,1,1,0.5381967425346375
1926,0,0,0.39111167192459106
1927,9,9,0.6108017563819885
1928,4,4,0.6634523272514343
1929,2,4,0.5000253915786743
1930,1,1,0.9322418570518494
1931,6,6,0.6217948198318481
1932,0,0,0.4588950574398041
1933,3,5,0.8877801299095154
1934,7,9,0.5129854083061218
1935,6,2,0.41488155722618103
1936,3,3,0.44302451610565186
1937,1,1,0.6791954040527344
1938,8,8,0.5363895297050476
1939,6,1,0.23439384996891022
1940,5,2,0.42792901396751404
1941,7,7,0.3988180458545685
1942,2,2,0.7920783758163452
1943,8,8,0.9302561283111572
1944,4,5,0.23580239713191986
1945,4,2,0.24352891743183136
1946,8,8,0.7071832418441772
1947,3,9,0.7628226280212402
1948,5,5,0.5052886605262756
1949,0,0,0.8580533266067505
1950,5,5,0.42675817012786865
1951,7,7,0.6984224915504456
1952,4,4,0.5679601430892944
1953,4,4,0.4188525974750519
1954,2,0,0.46601229906082153
1955,2,7,0.8953845500946045
1956,7,7,0.7994278073310852
1957,3,9,0.2561294734477997
1958,6,6,0.38447561860084534
1959,0,0,0.2839886546134949
1960,2,5,0.7541183829307556
1961,7,7,0.6061950922012329
1962,6,6,0.9336156845092773
1963,2,0,0.8498681783676147
1964,3,3,0.40989950299263
1965,0,8,0.47150683403015137
1966,7,7,0.9852424263954163
1967,7,7,0.7689095735549927
1968,8,8,0.9977808594703674
1969,1,1,0.4952356219291687
1970,1,1,0.9698492288589478
1971,4,4,0.5454909801483154
1972,6,2,0.37926650047302246
1973,0,0,0.6870924234390259
1974,6,6,0.9879976511001587
1975,6,6,0.4616808593273163
1976,5,5,0.573875904083252
1977,5,5,0.2864973545074463
1978,6,6,0.8395618200302124
1979,3,6,0.8302754759788513
1980,9,9,0.5432149767875671
1981,3,3,0.3503561317920685
1982,6,6,0.7781067490577698
1983,8,7,0.8167914748191833
1984,7,7,0.8123853206634521
1985,6,2,0.705169677734375
1986,4,2,0.4660774767398834
1987,9,8,0.5169945359230042
1988,5,5,0.560140073299408
1989,6,6,0.3253556191921234
1990,4,7,0.7017114758491516
1991,1,1,0.9847993850708008
1992,6,6,0.8933912515640259
1993,3,3,0.30816760659217834
1994,8,8,0.3040173649787903
1995,2,2,0.4612978994846344
1996,3,3,0.36907851696014404
1997,9,0,0.479390949010849
1998,8,8,0.2561115026473999
1999,5,3,0.6357552409172058
2000,1,6,0.4190118908882141
2001,5,3,0.3883056938648224
2002,4,2,0.37681347131729126
2003,5,6,0.3969466984272003
2004,7,7,0.9716406464576721
2005,5,5,0.4218132793903351
2006,7,7,0.8858109712600708
2007,8,8,0.9682230353355408
2008,9,9,0.7281943559646606
2009,1,8,0.5978641510009766
2010,7,1,0.49864909052848816
2011,2,2,0.5703927278518677
2012,5,5,0.9497398734092712
2013,6,6,0.5986420512199402
2014,8,8,0.8663371205329895
2015,4,4,0.38344210386276245
2016,6,6,0.4994826912879944
2017,5,6,0.26054680347442627
2018,3,6,0.5891405344009399
2019,9,9,0.9326892495155334
2020,9,9,0.9636049270629883
2021,8,8,0.5387970805168152
2022,5,3,0.6088600754737854
2023,5,5,0.4071267545223236
2024,6,6,0.6655144691467285
2025,4,4,0.3684383034706116
2026,5,3,0.5351043343544006
2027,9,1,0.30672162771224976
2028,7,7,0.8469176292419434
2029,3,4,0.33158114552497864
2030,4,6,0.656451940536499
2031,1,1,0.9326232075691223
2032,4,4,0.7155937552452087
2033,2,2,0.633811891078949
2034,3,4,0.6451435089111328
2035,6,6,0.5069823861122131
2036,5,3,0.6288145780563354
2037,5,6,0.3854575455188751
2038,2,2,0.21402692794799805
2039,8,9,0.4170484244823456
2040,0,0,0.6922447681427002
2041,0,8,0.6006948947906494
2042,1,1,0.8472137451171875
2043,8,8,0.8357577323913574
2044,3,2,0.39191004633903503
2045,1,1,0.941585123538971
2046,3,3,0.6717163324356079
2047,5,3,0.5139051675796509
2048,8,8,0.6064621210098267
2049,3,4,0.7057365775108337
2050,8,8,0.9378671050071716
2051,5,3,0.4524761736392975
2052,8,8,0.9941652417182922
2053,6,4,0.3958995044231415
2054,3,5,0.6700548529624939
2055,5,7,0.4020690619945526
2056,5,5,0.9627059102058411
2057,5,8,0.7542732954025269
2058,0,8,0.822138249874115
2059,9,0,0.6093424558639526
2060,5,3,0.5771773457527161
2061,5,5,0.4940180778503418
2062,7,7,0.8215472102165222
2063,1,1,0.7257649898529053
2064,8,8,0.7712008953094482
2065,2,4,0.3812633156776428
2066,2,4,0.510901153087616
2067,7,0,0.6340177655220032
2068,3,6,0.33782175183296204
2069,4,1,0.48818808794021606
2070,2,2,0.7598938345909119
2071,9,9,0.5613884329795837
2072,6,2,0.239362433552742
2073,2,2,0.3558488190174103
2074,2,2,0.9198082685470581
2075,4,7,0.5487725734710693
2076,3,3,0.5442053079605103
2077,0,0,0.6957371234893799
2078,2,6,0.4565156400203705
2079,0,2,0.782833993434906
2080,1,1,0.7913483381271362
2081,3,6,0.4521183669567108
2082,2,2,0.5425028204917908
2083,2,4,0.222785085439682
2084,7,7,0.9772202372550964
2085,0,2,0.5213091373443604
2086,1,9,0.4824983775615692
2087,0,0,0.36456161737442017
2088,7,7,0.7021144032478333
2089,7,7,0.9426762461662292
2090,2,5,0.26065805554389954
2091,0,2,0.4730376899242401
2092,1,1,0.6213750839233398
2093,6,6,0.9847694635391235
2094,5,5,0.7516675591468811
2095,0,2,0.40168118476867676
2096,2,9,0.7983245849609375
2097,2,2,0.5360614657402039
2098,0,1,0.33722859621047974
2099,1,1,0.9613139033317566
2100,2,2,0.3520664870738983
2101,6,6,0.8224914073944092
2102,0,0,0.7828930020332336
2103,1,1,0.8062235116958618
2104,6,6,0.47996360063552856
2105,6,6,0.696281909942627
2106,5,5,0.3741401433944702
2107,3,3,0.629317045211792
2108,4,5,0.3278610408306122
2109,0,0,0.7304968237876892
2110,0,1,0.3759068250656128
2111,9,1,0.8966488242149353
2112,1,1,0.9084057211875916
2113,0,0,0.8781009316444397
2114,2,7,0.38970184326171875
2115,5,5,0.5376334190368652
2116,9,9,0.6205875873565674
2117,7,7,0.8244206309318542
2118,8,8,0.7401393055915833
2119,6,6,0.9789246320724487
2120,4,7,0.22732378542423248
2121,6,6,0.4745311141014099
2122,0,0,0.9714363217353821
2123,2,2,0.8407416343688965
2124,0,0,0.6746657490730286
2125,1,9,0.6433570981025696
2126,9,1,0.623252809047699
2127,2,2,0.44053584337234497
2128,4,6,0.834327220916748
2129,9,0,0.5878113508224487
2130,0,0,0.6457918882369995
2131,7,7,0.6762064099311829
2132,2,2,0.5640012621879578
2133,3,3,0.5944933295249939
2134,4,4,0.5105839967727661
2135,8,8,0.9929494857788086
2136,0,9,0.6470330357551575
2137,2,4,0.5542678833007812
2138,6,6,0.6926934123039246
2139,8,8,0.9526658058166504
2140,9,9,0.926851749420166
2141,7,7,0.3663915693759918
2142,1,9,0.6139063835144043
2143,9,9,0.9032624363899231
2144,3,2,0.45733609795570374
2145,7,4,0.7168223857879639
2146,2,2,0.6831055879592896
2147,7,2,0.6718307733535767
2148,9,9,0.8822342753410339
2149,6,6,0.9294289946556091
2150,9,9,0.7796345949172974
2151,5,8,0.3537117540836334
2152,7,7,0.9059332013130188
2153,8,8,0.46787673234939575
2154,5,5,0.3899921476840973
2155,9,8,0.8111848831176758
2156,8,8,0.9679464101791382
2157,3,3,0.298382967710495
2158,9,9,0.7918508052825928
2159,8,0,0.3052438497543335
2160,0,8,0.6394287943840027
2161,5,2,0.4593558609485626
2162,5,8,0.3291298747062683
2163,7,7,0.8586769104003906
2164,1,1,0.9792364835739136
2165,2,0,0.8439429402351379
2166,0,0,0.6811326742172241
2167,7,5,0.33907419443130493
2168,5,5,0.48632729053497314
2169,8,8,0.836108922958374
2170,2,2,0.8576931953430176
2171,2,2,0.3661470115184784
2172,5,0,0.28604763746261597
2173,3,3,0.6066145300865173
2174,9,9,0.9141563177108765
2175,3,5,0.47689637541770935
2176,1,1,0.646308958530426
2177,9,9,0.2467581331729889
2178,3,8,0.5202483534812927
2179,1,1,0.8612456321716309
2180,4,4,0.6976875066757202
2181,3,1,0.5650034546852112
2182,4,4,0.7228283882141113
2183,4,4,0.591945469379425
2184,9,9,0.5931032299995422
2185,0,0,0.5551750063896179
2186,9,3,0.2489393800497055
2187,5,3,0.3828977346420288
2188,9,9,0.9827011227607727
2189,2,2,0.7613244652748108
2190,9,1,0.7608762979507446
2191,4,6,0.2898929715156555
2192,0,4,0.3276360332965851
2193,2,0,0.6808151006698608
2194,8,8,0.8295392394065857
2195,4,7,0.37948527932167053
2196,8,8,0.8617579936981201
2197,6,6,0.5294234752655029
2198,8,8,0.6513761281967163
2199,2,2,0.5418091416358948
2200,0,0,0.8602094650268555
2201,5,5,0.6509082913398743
2202,9,9,0.9190919995307922
2203,6,6,0.5322487950325012
2204,9,9,0.8694673776626587
2205,5,5,0.6017981767654419
2206,1,1,0.7363556623458862
2207,3,3,0.2659960687160492
2208,4,4,0.5465026497840881
2209,4,4,0.4241546392440796
2210,2,0,0.4199841618537903
2211,7,7,0.9570801854133606
2212,2,2,0.5919761061668396
2213,4,6,0.5293068289756775
2214,4,6,0.6909789443016052
2215,0,0,0.37435364723205566
2216,2,5,0.6752017736434937
2217,8,8,0.8823234438896179
2218,4,4,0.9396164417266846
2219,5,7,0.7745078802108765
2220,1,1,0.885206937789917
2221,2,2,0.9091241955757141
2222,6,6,0.7451607584953308
2223,8,8,0.7111434936523438
2224,1,1,0.4266946315765381
2225,7,7,0.9006981253623962
2226,2,6,0.7599184513092041
2227,8,8,0.3733063340187073
2228,7,7,0.7033129334449768
2229,4,4,0.941821277141571
2230,3,3,0.5191308856010437
2231,3,3,0.2844294309616089
2232,0,3,0.7367730140686035
2233,3,0,0.27463459968566895
2234,7,7,0.5873183608055115
2235,2,2,0.5318429470062256
2236,5,4,0.48072290420532227
2237,6,6,0.6348771452903748
2238,1,1,0.7508236765861511
2239,7,7,0.8691657185554504
2240,9,1,0.5526400804519653
2241,0,0,0.8228464722633362
2242,2,2,0.41850751638412476
2243,3,4,0.3217574656009674
2244,9,9,0.9336133003234863
2245,8,8,0.5214811563491821
2246,9,1,0.39793917536735535
2247,5,2,0.49079468846321106
2248,0,9,0.6637218594551086
2249,0,0,0.820914626121521
2250,7,7,0.47667551040649414
2251,6,3,0.37408024072647095
2252,3,3,0.6193380951881409
2253,3,7,0.35724684596061707
2254,8,8,0.8100824356079102
2255,1,8,0.9705101251602173
2256,4,4,0.5466352105140686
2257,0,0,0.7865990996360779
2258,1,1,0.8569144606590271
2259,5,5,0.5307134985923767
2260,4,4,0.3861406445503235
2261,3,6,0.7355619668960571
2262,2,2,0.4561632573604584
2263,6,6,0.8696956038475037
2264,0,2,0.38111668825149536
2265,8,8,0.8295738697052002
2266,8,8,0.9746137857437134
2267,6,6,0.4493264853954315
2268,3,1,0.3260685205459595
2269,3,4,0.48678091168403625
2270,2,2,0.4498533010482788
2271,9,9,0.44891157746315
2272,7,7,0.6617655754089355
2273,5,3,0.3260231912136078
2274,1,1,0.9332529902458191
2275,6,6,0.7347939610481262
2276,0,0,0.5522227883338928
2277,5,3,0.7109281420707703
2278,9,9,0.8101118803024292
2279,9,9,0.9436401724815369
2280,4,8,0.36639830470085144
2281,5,5,0.758267343044281
2282,9,8,0.4444453716278076
2283,4,3,0.3282848000526428
2284,8,8,0.770779550075531
2285,3,5,0.6786413192749023
2286,3,6,0.3315873444080353
2287,2,2,0.3643844425678253
2288,5,2,0.40147438645362854
2289,1,1,0.944471001625061
2290,9,9,0.8747623562812805
2291,5,5,0.7724242210388184
2292,5,3,0.34627780318260193
2293,8,1,0.9463962316513062
2294,1,2,0.2496805042028427
2295,8,8,0.9627798199653625
2296,9,9,0.7918745279312134
2297,7,7,0.6752912998199463
2298,0,0,0.6895557045936584
2299,6,3,0.5859200954437256
2300,3,2,0.33255735039711
2301,2,4,0.4410836398601532
2302,0,0,0.4617321193218231
2303,2,2,0.714185893535614
2304,6,6,0.8366537094116211
2305,9,7,0.6474494934082031
2306,3,3,0.7220203876495361
2307,9,9,0.5269283056259155
2308,1,1,0.8654385805130005
2309,6,3,0.6099727749824524
2310,6,5,0.40874290466308594
2311,7,7,0.5357218384742737
2312,2,2,0.704241156578064
2313,6,6,0.47368183732032776
2314,3,5,0.3859410285949707
2315,2,2,0.6780104041099548
2316,5,2,0.422913134098053
2317,5,5,0.7907171249389648
2318,2,2,0.9437114000320435
2319,7,9,0.35380181670188904
2320,5,2,0.30412378907203674
2321,2,8,0.4313656985759735
2322,0,0,0.9573307633399963
2323,8,1,0.7836360335350037
2324,0,8,0.3305509686470032
2325,7,4,0.28081226348876953
2326,7,7,0.9708718061447144
2327,1,2,0.41674500703811646
2328,7,7,0.8906998634338379
2329,4,4,0.44903478026390076
2330,0,8,0.5920643210411072
2331,2,7,0.3494475781917572
2332,2,2,0.891071617603302
2333,6,6,0.9460036754608154
2334,1,1,0.8554947972297668
2335,5,5,0.5191015005111694
2336,9,9,0.8154460787773132
2337,7,7,0.5937619805335999
2338,6,6,0.6374030709266663
2339,2,2,0.606566309928894
2340,7,7,0.7345315217971802
2341,0,0,0.7318155169487
2342,5,6,0.3862696886062622
2343,6,6,0.3268674612045288
2344,0,0,0.8877052664756775
2345,1,1,0.9805852770805359
2346,1,1,0.8989619016647339
2347,8,8,0.7839657068252563
2348,4,4,0.42955800890922546
2349,5,5,0.6232446432113647
2350,3,4,0.23594366014003754
2351,1,1,0.4924578070640564
2352,2,2,0.33768871426582336
2353,4,4,0.4746975302696228
2354,8,9,0.6258952617645264
2355,9,8,0.7409279942512512
2356,8,8,0.6142833232879639
2357,1,9,0.47321540117263794
2358,7,7,0.44975271821022034
2359,2,2,0.5098180770874023
2360,7,7,0.9490143060684204
2361,2,2,0.49919626116752625
2362,3,2,0.5798467993736267
2363,2,6,0.7157964110374451
2364,6,6,0.8805536031723022
2365,7,2,0.4894353151321411
2366,9,0,0.5870691537857056
2367,4,4,0.565113365650177
2368,0,0,0.7026908993721008
2369,1,1,0.9102510809898376
2370,0,0,0.8370147347450256
2371,4,8,0.5558720231056213
2372,5,5,0.5885980129241943
2373,0,0,0.9892579913139343
2374,8,8,0.8318861126899719
2375,0,0,0.5303782820701599
2376,7,0,0.7411078810691833
2377,6,6,0.6466982364654541
2378,1,1,0.9480101466178894
2379,0,8,0.5125927329063416
2380,8,8,0.8253957629203796
2381,5,5,0.9371231198310852
2382,9,9,0.7006483674049377
2383,2,2,0.5835984349250793
2384,5,3,0.500363290309906
2385,4,2,0.38308340311050415
2386,4,7,0.2809580862522125
2387,9,6,0.2611791789531708
2388,0,1,0.42938750982284546
2389,6,6,0.729682981967926
2390,1,2,0.5884057879447937
2391,2,7,0.24835075438022614
2392,5,2,0.8943780660629272
2393,1,1,0.9310907125473022
2394,6,6,0.5652669072151184
2395,7,7,0.45279744267463684
2396,1,9,0.38998475670814514
2397,5,5,0.4667140245437622
2398,8,8,0.8047716617584229
2399,8,8,0.9858303666114807
2400,0,0,0.9828139543533325
2401,3,8,0.47320178151130676
2402,9,9,0.9412050843238831
2403,4,4,0.3204909563064575
2404,0,7,0.5186384320259094
2405,3,6,0.983205258846283
2406,4,4,0.5579520463943481
2407,9,9,0.432393878698349
2408,2,2,0.7152119874954224
2409,4,4,0.8578076362609863
2410,3,3,0.6102447509765625
2411,0,8,0.6422346830368042
2412,6,6,0.3564143776893616
2413,4,6,0.9228073954582214
2414,5,7,0.4207773208618164
2415,6,6,0.9019166827201843
2416,6,6,0.6168453693389893
2417,7,7,0.9267727732658386
2418,8,8,0.9609245657920837
2419,4,5,0.23185183107852936
2420,8,1,0.3575270175933838
2421,8,8,0.4034557044506073
2422,3,4,0.41748592257499695
2423,2,6,0.8038173317909241
2424,8,8,0.7712410688400269
2425,0,9,0.6337937116622925
2426,2,2,0.5391822457313538
2427,5,3,0.5568298101425171
2428,6,6,0.9792279601097107
2429,8,8,0.8080973625183105
2430,7,7,0.34895938634872437
2431,8,8,0.6150896549224854
2432,9,0,0.416989266872406
2433,9,1,0.508522629737854
2434,0,0,0.3831998407840729
2435,6,6,0.803698718547821
2436,6,6,0.8241883516311646
2437,8,8,0.4939643442630768
2438,1,8,0.4671916961669922
2439,1,1,0.9021130800247192
2440,7,8,0.2172931432723999
2441,4,4,0.39327043294906616
2442,4,6,0.4311099350452423
2443,2,2,0.8757888078689575
2444,3,3,0.35472097992897034
2445,6,6,0.988050639629364
2446,9,9,0.3857952952384949
2447,6,6,0.39451703429222107
2448,2,2,0.784666895866394
2449,4,2,0.5703935623168945
2450,1,1,0.9508748054504395
2451,8,8,0.9914536476135254
2452,2,2,0.30194130539894104
2453,3,4,0.4928947985172272
2454,1,1,0.5113633275032043
2455,6,6,0.47547614574432373
2456,8,8,0.6626734137535095
2457,6,6,0.9856790900230408
2458,8,8,0.7454742193222046
2459,5,5,0.8465081453323364
2460,9,9,0.809490442276001
2461,0,0,0.6747801899909973
2462,1,1,0.9779872298240662
2463,0,0,0.9523154497146606
2464,2,6,0.5432155132293701
2465,9,9,0.7101518511772156
2466,2,0,0.6519796848297119
2467,9,9,0.5616524815559387
2468,0,0,0.9126805067062378
2469,9,9,0.7745130658149719
2470,7,7,0.8410924673080444
2471,8,8,0.9371311068534851
2472,5,2,0.371732622385025
2473,0,0,0.4782528877258301
2474,6,6,0.7335410714149475
2475,6,6,0.8748550415039062
2476,8,8,0.9799755215644836
2477,1,1,0.6045027375221252
2478,6,6,0.7372559309005737
2479,5,2,0.43338844180107117
2480,8,8,0.8038887977600098
2481,7,4,0.49746280908584595
2482,9,9,0.5885390043258667
2483,2,2,0.9292603731155396
2484,1,1,0.958436906337738
2485,6,6,0.8764257431030273
2486,7,4,0.6023560762405396
2487,5,5,0.6758575439453125
2488,6,6,0.8744088411331177
2489,3,2,0.4013303220272064
2490,0,9,0.47576776146888733
2491,9,0,0.6189085841178894
2492,8,8,0.8039801120758057
2493,9,9,0.805569052696228
2494,5,2,0.3526650369167328
2495,9,8,0.6036418676376343
2496,9,9,0.687364935874939
2497,9,8,0.4771149754524231
2498,3,3,0.23768286406993866
2499,6,2,0.43524083495140076
2500,4,6,0.7116900682449341
2501,4,4,0.4960470497608185
2502,8,8,0.989495575428009
2503,8,8,0.6006726026535034
2504,1,1,0.9758753776550293
2505,7,1,0.5188060998916626
2506,3,5,0.46664148569107056
2507,0,8,0.350786417722702
2508,6,6,0.4492516815662384
2509,2,0,0.24318282306194305
2510,4,4,0.6019935607910156
2511,8,1,0.7473602294921875
2512,2,3,0.4162566363811493
2513,2,2,0.7720422148704529
2514,9,3,0.5197362303733826
2515,2,2,0.47614437341690063
2516,2,3,0.4974497854709625
2517,9,9,0.793237566947937
2518,7,7,0.9288429021835327
2519,4,2,0.4410434663295746
2520,1,8,0.7932888269424438
2521,9,5,0.4221309721469879
2522,1,8,0.547534704208374
2523,4,4,0.31028422713279724
2524,3,2,0.24074405431747437
2525,5,0,0.44494280219078064
2526,3,7,0.4101988673210144
2527,8,8,0.9914235472679138
2528,9,9,0.4956381320953369
2529,3,3,0.2605985105037689
2530,6,6,0.8353474736213684
2531,2,2,0.46293091773986816
2532,0,1,0.8571219444274902
2533,8,6,0.3626994490623474
2534,9,9,0.3716648519039154
2535,0,6,0.5358098149299622
2536,5,5,0.898360013961792
2537,1,1,0.732513427734375
2538,5,4,0.2920510768890381
2539,8,9,0.9063460826873779
2540,2,2,0.7490442991256714
2541,1,1,0.8955333828926086
2542,2,8,0.919012188911438
2543,3,0,0.5875896215438843
2544,2,2,0.6563473343849182
2545,4,9,0.5070176124572754
2546,8,8,0.7126777172088623
2547,4,6,0.41040974855422974
2548,0,0,0.40154990553855896
2549,6,6,0.7573762536048889
2550,4,4,0.4131513237953186
2551,2,2,0.626687228679657
2552,9,9,0.9656427502632141
2553,8,8,0.870381772518158
2554,4,7,0.28556087613105774
2555,7,9,0.9194662570953369
2556,6,6,0.6309149265289307
2557,2,2,0.5150455832481384
2558,4,2,0.3362458050251007
2559,7,7,0.8156192898750305
2560,7,7,0.3665004074573517
2561,6,6,0.9753550291061401
2562,4,4,0.4762049913406372
2563,2,2,0.5531613826751709
2564,2,2,0.9166885018348694
2565,3,3,0.46923747658729553
2566,2,2,0.4295729994773865
2567,4,3,0.482867956161499
2568,9,7,0.5050807595252991
2569,0,0,0.9091603755950928
2570,0,2,0.42208752036094666
2571,9,9,0.41042405366897583
2572,6,6,0.6304503083229065
2573,5,4,0.37141433358192444
2574,8,8,0.9001035690307617
2575,5,4,0.6174377202987671
2576,2,2,0.5630843639373779
2577,4,4,0.5352809429168701
2578,8,8,0.5768318772315979
2579,8,2,0.33863720297813416
2580,6,6,0.7229464650154114
2581,4,4,0.2724326252937317
2582,5,5,0.49903929233551025
2583,7,7,0.9956303834915161
2584,6,6,0.9189261198043823
2585,3,2,0.3741251528263092
2586,7,2,0.6629864573478699
2587,0,0,0.867710530757904
2588,4,4,0.593891978263855
2589,0,4,0.2535439133644104
2590,5,2,0.32594841718673706
2591,8,8,0.40682217478752136
2592,2,5,0.34842538833618164
2593,8,8,0.9603348970413208
2594,0,0,0.8211521506309509
2595,4,6,0.5341482758522034
2596,9,1,0.4759090542793274
2597,2,5,0.41911581158638
2598,3,6,0.2750566899776459
2599,6,3,0.333391398191452
2600,8,8,0.8889756202697754
2601,1,1,0.9552109241485596
2602,6,6,0.97063148021698
2603,0,0,0.37851572036743164
2604,8,8,0.990301787853241
2605,4,2,0.5119197964668274
2606,3,5,0.46627572178840637
2607,1,1,0.8198220133781433
2608,4,2,0.6136403679847717
2609,5,7,0.35906264185905457
2610,2,2,0.8715972900390625
2611,4,7,0.34412240982055664
2612,3,5,0.28107398748397827
2613,6,4,0.4072370231151581
2614,0,0,0.8330160975456238
2615,7,7,0.969588041305542
2616,1,1,0.6473256945610046
2617,3,2,0.4002240002155304
2618,5,5,0.8727448582649231
2619,7,3,0.3789927363395691
2620,1,1,0.7472975254058838
2621,8,8,0.9578065872192383
2622,0,0,0.49779215455055237
2623,4,4,0.22688695788383484
2624,8,8,0.928676426410675
2625,2,2,0.7605992555618286
2626,7,7,0.7265878915786743
2627,7,7,0.599766731262207
2628,0,8,0.750737726688385
2629,2,4,0.4097108840942383
2630,2,2,0.6268604397773743
2631,4,4,0.8324241638183594
2632,3,6,0.23381659388542175
2633,3,3,0.44800812005996704
2634,1,9,0.39088761806488037
2635,6,4,0.6782587766647339
2636,1,1,0.7944729328155518
2637,6,4,0.4332619905471802
2638,4,4,0.7625322341918945
2639,6,9,0.5601779222488403
2640,7,4,0.5139285922050476
2641,4,2,0.4120190739631653
2642,7,2,0.3632737696170807
2643,3,2,0.2795298993587494
2644,8,8,0.6605949997901917
2645,1,1,0.9954286813735962
2646,3,5,0.31277284026145935
2647,1,1,0.4137290418148041
2648,4,4,0.2569562792778015
2649,6,6,0.7489321827888489
2650,5,9,0.6402456164360046
2651,5,0,0.7410821318626404
2652,7,7,0.9105832576751709
2653,4,2,0.46237683296203613
2654,5,5,0.5514993071556091
2655,4,2,0.38838979601860046
2656,9,9,0.9314569234848022
2657,7,4,0.4706116318702698
2658,7,7,0.9184555411338806
2659,2,2,0.6724767684936523
2660,3,5,0.4636147916316986
2661,3,2,0.42477965354919434
2662,6,4,0.2806391417980194
2663,7,7,0.921927809715271
2664,4,4,0.5656417012214661
2665,1,1,0.9357187151908875
2666,6,6,0.683154284954071
2667,1,1,0.9826732873916626
2668,0,8,0.5529305338859558
2669,6,6,0.9450655579566956
2670,9,9,0.7616699934005737
2671,6,1,0.25584569573402405
2672,0,3,0.34904658794403076
2673,2,2,0.3538167178630829
2674,0,0,0.5456467270851135
2675,2,4,0.85573810338974
2676,4,4,0.7153242230415344
2677,7,7,0.6696770787239075
2678,0,7,0.42562809586524963
2679,0,0,0.8330548405647278
2680,0,0,0.8842846155166626
2681,0,8,0.3944428265094757
2682,7,4,0.6667613387107849
2683,5,5,0.5543032288551331
2684,3,5,0.5355251431465149
2685,2,4,0.7338062524795532
2686,7,7,0.9515714645385742
2687,8,8,0.9381648898124695
2688,5,3,0.44831469655036926
2689,5,3,0.2607007622718811
2690,2,6,0.5019981265068054
2691,2,2,0.9222496747970581
2692,8,8,0.8479185104370117
2693,9,9,0.500099778175354
2694,1,1,0.8878932595252991
2695,2,6,0.5361332893371582
2696,2,2,0.3259444236755371
2697,0,8,0.4638518691062927
2698,3,3,0.7731062769889832
2699,4,4,0.7423686981201172
2700,9,1,0.6650665998458862
2701,1,9,0.5309146046638489
2702,6,6,0.5822361707687378
2703,9,0,0.4950321614742279
2704,0,9,0.30527636408805847
2705,8,0,0.7005335092544556
2706,3,2,0.33481574058532715
2707,6,6,0.6583371162414551
2708,4,1,0.2868638336658478
2709,6,6,0.3701925277709961
2710,7,7,0.8654590249061584
2711,5,2,0.260783314704895
2712,1,1,0.5396614670753479
2713,8,8,0.9799777865409851
2714,9,8,0.7237851619720459
2715,0,0,0.9924744963645935
2716,5,3,0.2613227367401123
2717,0,2,0.5280064344406128
2718,5,4,0.3514217436313629
2719,4,2,0.6522849798202515
2720,3,6,0.3098040223121643
2721,8,8,0.5276950001716614
2722,5,4,0.32424700260162354
2723,2,8,0.40671437978744507
2724,0,0,0.7337714433670044
2725,8,8,0.8804004788398743
2726,5,5,0.7926206588745117
2727,9,8,0.5056723356246948
2728,2,5,0.37935924530029297
2729,5,5,0.4379456341266632
2730,6,6,0.8581423163414001
2731,5,5,0.5966532230377197
2732,7,7,0.9269090890884399
2733,3,5,0.33811795711517334
2734,7,7,0.9964631199836731
2735,2,2,0.4048498868942261
2736,8,9,0.48125362396240234
2737,8,1,0.4087545573711395
2738,4,4,0.3106749951839447
2739,2,2,0.7132811546325684
2740,1,0,0.44956645369529724
2741,6,6,0.3055468201637268
2742,2,5,0.44903701543807983
2743,9,9,0.8124868273735046
2744,9,9,0.89220130443573
2745,8,8,0.9980681538581848
2746,2,2,0.4901588559150696
2747,3,3,0.4457797706127167
2748,1,1,0.8636773824691772
2749,0,0,0.8330598473548889
2750,5,7,0.81047123670578
2751,2,5,0.4564259648323059
2752,3,3,0.2896710932254791
2753,7,7,0.49801331758499146
2754,9,1,0.8087964653968811
2755,5,7,0.8589324951171875
2756,9,0,0.5152212381362915
2757,1,9,0.9832507967948914
2758,1,9,0.88355952501297
2759,3,6,0.37508878111839294
2760,2,2,0.38827380537986755
2761,7,7,0.5299557447433472
2762,4,2,0.4623824954032898
2763,4,4,0.8212339878082275
2764,1,1,0.8576688766479492
2765,9,8,0.39845773577690125
2766,4,4,0.7653506398200989
2767,5,0,0.33215489983558655
2768,5,2,0.49462997913360596
2769,2,1,0.42080220580101013
2770,7,2,0.48827001452445984
2771,7,8,0.26759782433509827
2772,6,6,0.7304843068122864
2773,1,1,0.42728739976882935
2774,2,2,0.30334335565567017
2775,3,7,0.40557318925857544
2776,7,3,0.22527465224266052
2777,5,5,0.768833339214325
2778,4,4,0.8052327632904053
2779,3,1,0.2970781624317169
2780,7,7,0.9601138830184937
2781,7,7,0.7932133078575134
2782,0,1,0.45924386382102966
2783,0,0,0.4511885344982147
2784,1,9,0.3238615095615387
2785,4,2,0.9228326678276062
2786,4,7,0.6251156330108643
2787,3,1,0.6352705359458923
2788,7,9,0.746334433555603
2789,9,1,0.8383827805519104
2790,8,8,0.7370110750198364
2791,7,7,0.9435895085334778
2792,0,0,0.8851872682571411
2793,9,9,0.8585068583488464
2794,0,1,0.36577314138412476
2795,3,3,0.7046132683753967
2796,7,7,0.8954276442527771
2797,6,6,0.8068228363990784
2798,3,5,0.7745055556297302
2799,8,8,0.9150289297103882
2800,4,6,0.4326099455356598
2801,5,5,0.572602391242981
2802,6,6,0.9348499774932861
2803,5,5,0.874988853931427
2804,3,2,0.4877554178237915
2805,4,4,0.705746054649353
2806,2,9,0.6128446459770203
2807,9,9,0.7064878344535828
2808,2,6,0.22973690927028656
2809,4,7,0.29012176394462585
2810,9,9,0.281848281621933
2811,2,2,0.40440255403518677
2812,0,0,0.5344612002372742
2813,1,1,0.8996373414993286
2814,1,9,0.7405803203582764
2815,3,3,0.4151800274848938
2816,7,1,0.5595996379852295
2817,9,1,0.4887793958187103
2818,5,6,0.4651680588722229
2819,1,1,0.8215627670288086
2820,6,6,0.8907144665718079
2821,0,7,0.32478150725364685
2822,3,5,0.8419625163078308
2823,3,3,0.5572577714920044
2824,7,7,0.9447423219680786
2825,2,6,0.4219684600830078
2826,4,4,0.7132048606872559
2827,5,5,0.7973911166191101
2828,2,2,0.5373413562774658
2829,3,6,0.4315696656703949
2830,6,6,0.8825442790985107
2831,3,3,0.43061187863349915
2832,3,3,0.6117761135101318
2833,0,0,0.932535707950592
2834,4,2,0.6180432438850403
2835,4,9,0.47041162848472595
2836,3,8,0.6452769637107849
2837,8,8,0.8784335255622864
2838,1,0,0.3244459331035614
2839,2,2,0.8796124458312988
2840,3,3,0.4466555714607239
2841,2,7,0.4589991569519043
2842,7,4,0.3879810869693756
2843,1,0,0.43926897644996643
2844,4,3,0.502467155456543
2845,5,5,0.3500906825065613
2846,6,6,0.568920910358429
2847,8,0,0.35275301337242126
2848,6,8,0.4140778183937073
2849,6,6,0.4548177719116211
2850,5,5,0.8773919939994812
2851,4,2,0.5138883590698242
2852,2,2,0.4522179663181305
2853,9,9,0.9179874658584595
2854,9,7,0.678432047367096
2855,3,5,0.8373804688453674
2856,2,5,0.28836771845817566
2857,0,0,0.540632426738739
2858,4,7,0.4472704827785492
2859,1,9,0.3812129497528076
2860,5,4,0.3512268364429474
2861,5,3,0.5026764869689941
2862,6,6,0.4565918743610382
2863,6,6,0.7417721748352051
2864,5,5,0.8899620771408081
2865,6,6,0.8899511098861694
2866,9,9,0.9637954831123352
2867,7,4,0.27536556124687195
2868,9,7,0.5382703542709351
2869,4,0,0.3132941722869873
2870,8,8,0.47498631477355957
2871,3,3,0.5139458179473877
2872,1,1,0.3687039613723755
2873,9,9,0.407833456993103
2874,8,8,0.3517611026763916
2875,1,1,0.7613696455955505
2876,9,8,0.3839406967163086
2877,0,8,0.6827566027641296
2878,3,4,0.22885653376579285
2879,0,0,0.4437621533870697
2880,4,4,0.8500492572784424
2881,7,7,0.3108690679073334
2882,7,4,0.4489697217941284
2883,2,2,0.8375473618507385
2884,6,6,0.5425679683685303
2885,5,5,0.8872268199920654
2886,6,6,0.8063728213310242
2887,9,1,0.6729989051818848
2888,7,3,0.41937947273254395
2889,7,5,0.8343712687492371
2890,5,3,0.4150674045085907
2891,7,2,0.3996551036834717
2892,0,0,0.6323603987693787
2893,8,8,0.9972360730171204
2894,6,6,0.5983242988586426
2895,7,5,0.4693213701248169
2896,8,8,0.997723400592804
2897,3,3,0.33228638768196106
2898,8,6,0.9192000031471252
2899,9,4,0.360539048910141
2900,3,5,0.5268886089324951
2901,2,8,0.5392121076583862
2902,9,1,0.46237272024154663
2903,2,2,0.41126567125320435
2904,7,7,0.7786346077919006
2905,4,4,0.602790355682373
2906,1,1,0.3642772138118744
2907,9,1,0.31215018033981323
2908,7,7,0.6742413640022278
2909,0,0,0.5772993564605713
2910,8,7,0.5959321856498718
2911,1,1,0.8743162751197815
2912,2,4,0.44259124994277954
2913,0,0,0.6806929707527161
2914,6,5,0.42788439989089966
2915,5,5,0.9896020293235779
2916,1,1,0.7219684720039368
2917,4,4,0.7082402110099792
2918,2,2,0.5936576128005981
2919,8,8,0.9896742701530457
2920,2,2,0.6618045568466187
2921,8,8,0.9921866655349731
2922,3,3,0.5884966254234314
2923,3,5,0.8216243386268616
2924,1,1,0.8345974087715149
2925,4,6,0.41781553626060486
2926,9,9,0.8193265795707703
2927,8,8,0.8844113349914551
2928,1,1,0.9938965439796448
2929,1,1,0.9251242876052856
2930,7,3,0.3149307072162628
2931,9,1,0.526512622833252
2932,9,9,0.6184385418891907
2933,4,4,0.6270732283592224
2934,6,6,0.3703638017177582
2935,8,8,0.6086529493331909
2936,5,5,0.8588286638259888
2937,3,3,0.4117005467414856
2938,2,2,0.5012385845184326
2939,2,2,0.42119428515434265
2940,3,7,0.46744391322135925
2941,8,8,0.3841730058193207
2942,5,5,0.7544839382171631
2943,1,1,0.7569983601570129
2944,9,9,0.8910682201385498
2945,7,7,0.8683598637580872
2946,9,9,0.6577571034431458
2947,1,1,0.5140925049781799
2948,5,3,0.3052275478839874
2949,3,4,0.5067596435546875
2950,1,1,0.7390239238739014
2951,0,0,0.786899745464325
2952,3,3,0.343889981508255
2953,8,8,0.9888173341751099
2954,9,9,0.6249050498008728
2955,2,5,0.4414028227329254
2956,0,0,0.3888069987297058
2957,8,8,0.52448970079422
2958,0,0,0.4135057032108307
2959,7,8,0.574735164642334
2960,9,0,0.3789905607700348
2961,4,4,0.5756667852401733
2962,8,8,0.8631482124328613
2963,3,3,0.3400890529155731
2964,0,8,0.5093246102333069
2965,7,7,0.4403303861618042
2966,0,9,0.4652059078216553
2967,7,7,0.5096254944801331
2968,0,0,0.7851205468177795
2969,5,5,0.5495120286941528
2970,5,2,0.7853571176528931
2971,4,4,0.8826538324356079
2972,3,8,0.41316676139831543
2973,0,0,0.7236212491989136
2974,9,9,0.8466317653656006
2975,9,2,0.4180014133453369
2976,0,0,0.582331120967865
2977,2,6,0.17613311111927032
2978,2,9,0.5930547118186951
2979,0,0,0.8823529481887817
2980,8,8,0.9589987993240356
2981,4,6,0.9427671432495117
2982,4,4,0.907238245010376
2983,5,5,0.8146891593933105
2984,2,4,0.3772810399532318
2985,2,9,0.7479928135871887
2986,1,8,0.8434183597564697
2987,1,3,0.3856755495071411
2988,5,7,0.5749782919883728
2989,5,4,0.5434452891349792
2990,4,4,0.2875095009803772
2991,3,3,0.5909486413002014
2992,4,8,0.5458388328552246
2993,0,0,0.7380799651145935
2994,8,8,0.8315063714981079
2995,4,4,0.4934726655483246
2996,8,8,0.9682203531265259
2997,2,5,0.6416242718696594
2998,5,5,0.7738659381866455
2999,6,4,0.7296889424324036
3000,5,5,0.9416272640228271
3001,1,1,0.966850996017456
3002,7,7,0.7355542778968811
3003,2,0,0.2782393991947174
3004,4,4,0.5060615539550781
3005,0,0,0.34748756885528564
3006,5,5,0.4323617219924927
3007,6,6,0.9051267504692078
3008,8,8,0.5463114976882935
3009,7,7,0.7418583035469055
3010,6,6,0.9298843741416931
3011,3,2,0.3281896710395813
3012,1,9,0.4190828502178192
3013,3,2,0.35652679204940796
3014,6,8,0.30383479595184326
3015,6,6,0.9570793509483337
3016,4,2,0.35974058508872986
3017,5,5,0.9179801344871521
3018,5,2,0.31756705045700073
3019,5,3,0.6957880854606628
3020,1,1,0.9483434557914734
3021,8,8,0.5666623711585999
3022,7,7,0.5149293541908264
3023,3,3,0.2869991362094879
3024,0,0,0.8517031073570251
3025,2,6,0.32402217388153076
3026,5,7,0.9006466269493103
3027,1,1,0.8833951354026794
3028,1,1,0.7965466976165771
3029,1,9,0.5580058693885803
3030,6,1,0.4088001251220703
3031,7,7,0.6068645119667053
3032,2,1,0.48228463530540466
3033,1,1,0.5597187280654907
3034,2,2,0.45744454860687256
3035,3,3,0.48338091373443604
3036,9,9,0.6210152506828308
3037,8,8,0.8233574628829956
3038,3,0,0.213120698928833
3039,1,8,0.5751897692680359
3040,7,7,0.986854076385498
3041,4,4,0.5159006714820862
3042,8,8,0.8119558095932007
3043,4,8,0.2581760585308075
3044,7,7,0.6546342372894287
3045,5,5,0.5303140878677368
3046,8,8,0.7546510100364685
3047,6,6,0.49519526958465576
3048,0,0,0.9181612133979797
3049,3,3,0.5799649357795715
3050,0,0,0.6467645168304443
3051,8,2,0.5203129649162292
3052,3,2,0.9038420915603638
3053,4,5,0.5488949418067932
3054,4,0,0.36974555253982544
3055,9,6,0.6883429884910583
3056,4,6,0.3399352729320526
3057,6,6,0.9613006114959717
3058,1,1,0.9822920560836792
3059,5,9,0.3036860525608063
3060,7,7,0.795306384563446
3061,7,7,0.8322750926017761
3062,9,9,0.7614584565162659
3063,0,0,0.7436817288398743
3064,1,1,0.9066627621650696
3065,3,3,0.2719399333000183
3066,1,9,0.622248113155365
3067,3,2,0.3917752504348755
3068,2,0,0.5618929862976074
3069,4,6,0.3681708872318268
3070,0,0,0.4049423038959503
3071,7,7,0.45643699169158936
3072,8,1,0.707504153251648
3073,3,5,0.6321799159049988
3074,1,1,0.9891181588172913
3075,6,3,0.5416688919067383
3076,2,2,0.539178192615509
3077,1,1,0.9319798350334167
3078,8,8,0.8341735005378723
3079,8,8,0.43552523851394653
3080,1,0,0.49558696150779724
3081,9,9,0.7760945558547974
3082,7,7,0.5499944090843201
3083,5,3,0.4934622049331665
3084,3,3,0.31489264965057373
3085,2,2,0.30666252970695496
3086,9,9,0.9415419697761536
3087,0,0,0.7453792095184326
3088,6,6,0.48921170830726624
3089,8,8,0.7226356863975525
3090,4,4,0.4978763461112976
3091,1,1,0.5385097861289978
3092,5,2,0.4007467031478882
3093,7,7,0.9353782534599304
3094,2,2,0.5214978456497192
3095,4,7,0.49134179949760437
3096,7,7,0.8549890518188477
3097,0,0,0.4765319228172302
3098,4,4,0.7718900442123413
3099,9,9,0.892183780670166
3100,0,0,0.5089758634567261
3101,7,7,0.999472439289093
3102,0,0,0.4159018397331238
3103,6,6,0.9200377464294434
3104,7,7,0.953721284866333
3105,1,1,0.8625474572181702
3106,8,8,0.7075678110122681
3107,5,3,0.5527024865150452
3108,8,3,0.20525072515010834
3109,8,8,0.5355001091957092
3110,7,5,0.6156501173973083
3111,0,8,0.4837002158164978
3112,0,0,0.6044417023658752
3113,3,0,0.3238506615161896
3114,2,8,0.5362153649330139
3115,5,2,0.4118591547012329
3116,7,7,0.9210737943649292
3117,0,0,0.2921188771724701
3118,6,6,0.8314853310585022
3119,4,6,0.6426746845245361
3120,4,2,0.399445116519928
3121,9,9,0.7929092049598694
3122,1,1,0.8375782370567322
3123,8,8,0.7919809818267822
3124,6,6,0.5648741126060486
3125,3,3,0.40138477087020874
3126,9,9,0.9717796444892883
3127,4,6,0.4115658402442932
3128,9,9,0.978218138217926
3129,3,5,0.4536515474319458
3130,3,3,0.713151752948761
3131,7,4,0.48653268814086914
3132,5,8,0.5095863342285156
3133,9,9,0.5298349261283875
3134,7,7,0.9527292847633362
3135,7,5,0.45211443305015564
3136,4,4,0.5978296995162964
3137,5,5,0.40981394052505493
3138,8,8,0.9668538570404053
3139,2,9,0.43130314350128174
3140,8,8,0.4833258390426636
3141,9,9,0.9614463448524475
3142,5,5,0.6897706389427185
3143,3,3,0.4975759983062744
3144,1,1,0.9939893484115601
3145,9,9,0.5959934592247009
3146,2,2,0.35936352610588074
3147,2,2,0.22595328092575073
3148,0,0,0.33351171016693115
3149,1,9,0.42663511633872986
3150,1,9,0.5606045722961426
3151,8,8,0.808754563331604
3152,1,1,0.9140260219573975
3153,1,1,0.7911729216575623
3154,9,8,0.41432198882102966
3155,8,8,0.8407907485961914
3156,9,9,0.9209545254707336
3157,9,9,0.9221628904342651
3158,0,8,0.74713134765625
3159,2,2,0.5908588767051697
3160,6,4,0.32944753766059875
3161,9,9,0.3635687828063965
3162,1,1,0.9550910592079163
3163,9,9,0.44476011395454407
3164,0,2,0.631507933139801
3165,1,1,0.7779631018638611
3166,9,1,0.6215218901634216
3167,2,2,0.4985513985157013
3168,9,6,0.22839149832725525
3169,9,9,0.6706921458244324
3170,9,9,0.8002132773399353
3171,0,1,0.7701686024665833
3172,9,0,0.5190085768699646
3173,9,9,0.9520690441131592
3174,2,3,0.2498287856578827
3175,1,1,0.9845029711723328
3176,7,7,0.9540515542030334
3177,0,2,0.5439926981925964
3178,5,7,0.3369837999343872
3179,6,6,0.7221453189849854
3180,3,6,0.5171973705291748
3181,9,9,0.5193718671798706
3182,8,8,0.7269018292427063
3183,3,3,0.4814663231372833
3184,0,0,0.53449946641922
3185,2,6,0.6208125352859497
3186,7,9,0.2795862555503845
3187,7,7,0.9972002506256104
3188,4,5,0.47845810651779175
3189,8,8,0.8715798258781433
3190,3,3,0.41280850768089294
3191,0,2,0.2884153723716736
3192,5,2,0.7153089642524719
3193,2,0,0.41918107867240906
3194,3,3,0.46640974283218384
3195,5,4,0.373445987701416
3196,7,7,0.36595219373703003
3197,6,6,0.859319806098938
3198,6,9,0.609489381313324
3199,6,6,0.9448480010032654
3200,5,5,0.29930397868156433
3201,6,3,0.5461176037788391
3202,5,3,0.3553794324398041
3203,4,4,0.5532273054122925
3204,5,5,0.3612052798271179
3205,8,8,0.9286954402923584
3206,8,0,0.5056972503662109
3207,0,0,0.551398754119873
3208,9,9,0.5423505902290344
3209,7,2,0.3795628547668457
3210,9,9,0.8387081623077393
3211,0,8,0.5536659359931946
3212,6,6,0.7083712220191956
3213,9,9,0.8663389086723328
3214,6,6,0.3848991394042969
3215,1,1,0.9704056978225708
3216,4,2,0.20856809616088867
3217,7,7,0.9550445675849915
3218,9,7,0.7515989542007446
3219,0,6,0.7637122273445129
3220,3,3,0.19346299767494202
3221,5,5,0.6033088564872742
3222,4,4,0.6664474606513977
3223,7,7,0.7640949487686157
3224,6,6,0.6150119304656982
3225,9,9,0.9333938956260681
3226,8,0,0.5246270895004272
3227,2,6,0.4369821846485138
3228,3,3,0.3586503863334656
3229,9,1,0.4422808289527893
3230,3,2,0.4563218355178833
3231,3,8,0.23752319812774658
3232,7,7,0.5284547805786133
3233,8,8,0.7417739629745483
3234,3,3,0.6804150342941284
3235,5,5,0.6004826426506042
3236,5,2,0.4124166667461395
3237,9,9,0.4972507953643799
3238,6,6,0.9777970314025879
3239,1,1,0.9192731380462646
3240,4,1,0.5870883464813232
3241,7,7,0.9711109399795532
3242,4,4,0.3344598412513733
3243,8,8,0.9721794724464417
3244,7,7,0.7226974964141846
3245,7,7,0.7465966939926147
3246,1,8,0.47645968198776245
3247,3,3,0.4534425735473633
3248,0,0,0.7858773469924927
3249,3,6,0.2922632694244385
3250,2,6,0.2491649091243744
3251,5,5,0.5976753234863281
3252,4,4,0.587963879108429
3253,9,8,0.5673240423202515
3254,3,3,0.5152556896209717
3255,5,7,0.6159758567810059
3256,4,4,0.5108691453933716
3257,7,7,0.9708890914916992
3258,0,0,0.3578895628452301
3259,3,3,0.3898009955883026
3260,7,7,0.6469016075134277
3261,0,0,0.9863923192024231
3262,2,2,0.3197609782218933
3263,1,1,0.8530464768409729
3264,5,9,0.43500542640686035
3265,8,8,0.9551857113838196
3266,7,7,0.6490192413330078
3267,3,5,0.5284410119056702
3268,5,5,0.8403928279876709
3269,7,7,0.8846688866615295
3270,8,8,0.6831941604614258
3271,5,3,0.24826599657535553
3272,7,7,0.8914219737052917
3273,8,8,0.952289879322052
3274,1,1,0.6035077571868896
3275,5,9,0.3875962793827057
3276,4,4,0.4016849100589752
3277,7,7,0.9609015583992004
3278,0,0,0.5729446411132812
3279,8,8,0.760094404220581
3280,3,3,0.32606497406959534
3281,2,2,0.6789796948432922
3282,9,9,0.7112752199172974
3283,7,2,0.5999321341514587
3284,4,5,0.25674423575401306
3285,1,8,0.7717136144638062
3286,6,6,0.9568321704864502
3287,5,7,0.4414600431919098
3288,9,8,0.7346927523612976
3289,8,8,0.9121819734573364
3290,5,5,0.9290594458580017
3291,5,5,0.9073217511177063
3292,4,2,0.38947921991348267
3293,1,1,0.9455568790435791
3294,0,0,0.9259979724884033
3295,9,9,0.734758198261261
3296,4,4,0.5425221920013428
3297,4,4,0.40652894973754883
3298,3,5,0.4215141832828522
3299,0,2,0.3903416097164154
3300,4,4,0.5663709044456482
3301,8,0,0.3133639097213745
3302,0,8,0.656305193901062
3303,8,8,0.7694920301437378
3304,2,2,0.6070716977119446
3305,9,9,0.9643407464027405
3306,5,6,0.842617928981781
3307,9,9,0.7437587976455688
3308,7,7,0.8578270077705383
3309,4,4,0.3126322627067566
3310,6,6,0.5042970180511475
3311,7,9,0.5947012305259705
3312,9,2,0.43188491463661194
3313,2,2,0.41732001304626465
3314,9,1,0.6834985613822937
3315,3,3,0.4058993458747864
3316,7,7,0.980509877204895
3317,7,7,0.9864150881767273
3318,8,8,0.7351533770561218
3319,2,3,0.330441415309906
3320,2,6,0.4947861433029175
3321,0,2,0.670049786567688
3322,2,5,0.9357295036315918
3323,5,8,0.6052501201629639
3324,3,9,0.5069289803504944
3325,6,8,0.6825225353240967
3326,4,1,0.4865149259567261
3327,7,7,0.25945085287094116
3328,2,2,0.7465841174125671
3329,3,3,0.40235331654548645
3330,7,7,0.697567880153656
3331,8,8,0.7463150024414062
3332,7,7,0.5827801823616028
3333,2,2,0.5144434571266174
3334,5,2,0.7040520906448364
3335,0,1,0.32552042603492737
3336,0,0,0.7656391859054565
3337,7,7,0.7219927310943604
3338,0,0,0.8894295692443848
3339,9,3,0.5237003564834595
3340,6,6,0.6695840358734131
3341,1,1,0.9137126803398132
3342,0,8,0.7871679067611694
3343,3,5,0.45054659247398376
3344,9,9,0.3561446964740753
3345,7,7,0.9948128461837769
3346,4,0,0.49932968616485596
3347,9,9,0.9107620716094971
3348,1,1,0.613157331943512
3349,6,2,0.47074273228645325
3350,8,8,0.8492638468742371
3351,1,1,0.8778063654899597
3352,2,2,0.5167850255966187
3353,3,3,0.4266315996646881
3354,3,8,0.3336174488067627
3355,5,0,0.38551074266433716
3356,4,4,0.2893179655075073
3357,8,2,0.7142469882965088
3358,9,9,0.551304817199707
3359,7,3,0.42191505432128906
3360,4,4,0.4165915250778198
3361,4,7,0.8797973990440369
3362,1,1,0.9587092399597168
3363,2,9,0.6279428005218506
3364,4,4,0.586703360080719
3365,9,1,0.5508101582527161
3366,8,8,0.7961006164550781
3367,7,7,0.962186336517334
3368,9,9,0.6741662621498108
3369,5,5,0.4159710705280304
3370,1,1,0.6258894205093384
3371,2,5,0.5271197557449341
3372,1,1,0.9907116293907166
3373,6,6,0.3127592206001282
3374,6,6,0.5982402563095093
3375,4,4,0.4735327959060669
3376,5,5,0.7069174647331238
3377,7,5,0.2544236183166504
3378,4,4,0.44896647334098816
3379,5,5,0.3325135409832001
3380,8,8,0.9009839296340942
3381,5,3,0.4812033474445343
3382,2,4,0.36266013979911804
3383,8,8,0.9546516537666321
3384,7,7,0.4888400733470917
3385,8,8,0.9468374848365784
3386,2,2,0.44658756256103516
3387,3,3,0.49650079011917114
3388,6,6,0.7271727323532104
3389,1,1,0.9204922914505005
3390,3,7,0.814396321773529
3391,3,7,0.4203379452228546
3392,1,9,0.8063749670982361
3393,5,5,0.5242910981178284
3394,1,1,0.8093392848968506
3395,9,9,0.9475115537643433
3396,0,2,0.4647161066532135
3397,9,6,0.5207180976867676
3398,2,2,0.4797973930835724
3399,0,0,0.7566164135932922
3400,6,8,0.364035427570343
3401,2,7,0.5498061776161194
3402,4,6,0.795887291431427
3403,8,8,0.9628969430923462
3404,5,5,0.6079515218734741
3405,7,7,0.8697060346603394
3406,6,6,0.41762521862983704
3407,1,1,0.8631077408790588
3408,2,6,0.520806074142456
3409,9,1,0.5791825652122498
3410,4,4,0.6840448975563049
3411,5,5,0.6286452412605286
3412,0,0,0.7055128812789917
3413,3,1,0.5119128227233887
3414,3,7,0.263959676027298
3415,7,2,0.36892813444137573
3416,7,0,0.4022650420665741
3417,7,6,0.478549599647522
3418,1,1,0.9352940320968628
3419,4,4,0.5078395009040833
3420,5,5,0.3335585594177246
3421,0,7,0.48259082436561584
3422,2,5,0.3787918984889984
3423,8,8,0.8516178727149963
3424,5,5,0.8936972618103027
3425,0,0,0.5828137993812561
3426,0,0,0.8275638222694397
3427,6,6,0.6741021275520325
3428,2,2,0.4743494391441345
3429,0,0,0.6097986698150635
3430,8,8,0.6617604494094849
3431,4,4,0.8156192302703857
3432,5,5,0.3825679421424866
3433,4,2,0.3275175094604492
3434,5,7,0.7933403849601746
3435,6,6,0.839088499546051
3436,4,2,0.45307523012161255
3437,7,7,0.986389696598053
3438,9,9,0.5682931542396545
3439,4,3,0.34110933542251587
3440,2,3,0.339792400598526
3441,0,0,0.8284347653388977
3442,6,3,0.5098402500152588
3443,4,2,0.8059676289558411
3444,0,8,0.36832353472709656
3445,0,0,0.9468410015106201
3446,6,5,0.46927332878112793
3447,4,2,0.3692275881767273
3448,6,2,0.25925412774086
3449,1,1,0.42272764444351196
3450,9,1,0.44551488757133484
3451,5,5,0.35171595215797424
3452,5,3,0.4400401711463928
3453,2,2,0.657177746295929
3454,2,2,0.6511290073394775
3455,6,6,0.6673645973205566
3456,3,7,0.4374975264072418
3457,4,8,0.22081604599952698
3458,5,5,0.5937777757644653
3459,9,9,0.40800756216049194
3460,1,1,0.7400915622711182
3461,7,5,0.625584602355957
3462,2,2,0.6234740018844604
3463,3,1,0.7447766065597534
3464,9,9,0.5867156982421875
3465,6,6,0.8991227746009827
3466,5,5,0.6822682619094849
3467,0,0,0.821049690246582
3468,2,2,0.7411165237426758
3469,9,1,0.5650350451469421
3470,7,0,0.24873682856559753
3471,1,1,0.8338897228240967
3472,7,7,0.8849239349365234
3473,2,2,0.7859055399894714
3474,2,2,0.45180314779281616
3475,0,0,0.6390122771263123
3476,8,2,0.2473490983247757
3477,6,6,0.7661840319633484
3478,4,6,0.27516642212867737
3479,3,5,0.532850444316864
3480,2,2,0.6674805283546448
3481,7,7,0.3274683356285095
3482,7,7,0.3879806101322174
3483,0,0,0.7975290417671204
3484,4,4,0.6781408786773682
3485,1,1,0.7910680770874023
3486,6,6,0.9704552888870239
3487,5,5,0.7465125918388367
3488,1,1,0.7657853364944458
3489,3,9,0.7728999853134155
3490,0,0,0.4205932915210724
3491,3,5,0.43437880277633667
3492,9,9,0.8541147708892822
3493,0,2,0.26233211159706116
3494,0,1,0.526284396648407
3495,2,4,0.4053204357624054
3496,5,0,0.3737647533416748
3497,0,0,0.4018213152885437
3498,4,8,0.28487125039100647
3499,0,0,0.9591753482818604
3500,1,1,0.747312605381012
3501,9,1,0.8127937912940979
3502,8,3,0.3590378165245056
3503,4,2,0.3521149158477783
3504,9,9,0.7835243344306946
3505,4,4,0.5089059472084045
3506,2,3,0.20944392681121826
3507,4,4,0.625152587890625
3508,3,3,0.7059149146080017
3509,3,9,0.19300541281700134
3510,4,4,0.5655381679534912
3511,0,0,0.4192645251750946
3512,4,6,0.4553332030773163
3513,3,6,0.3686048686504364
3514,2,7,0.6501002907752991
3515,8,8,0.964870274066925
3516,9,9,0.8941939473152161
3517,1,1,0.5969507098197937
3518,5,5,0.6799036860466003
3519,8,8,0.7179285883903503
3520,1,1,0.7650873064994812
3521,8,8,0.6452018022537231
3522,2,2,0.9014779329299927
3523,4,6,0.7106552124023438
3524,5,4,0.5052932500839233
3525,2,2,0.5239943861961365
3526,4,6,0.4486703872680664
3527,1,9,0.5404799580574036
3528,1,1,0.4707033038139343
3529,6,6,0.5312091708183289
3530,6,6,0.8219574093818665
3531,8,9,0.7047526240348816
3532,5,5,0.8617613911628723
3533,2,2,0.47216665744781494
3534,2,3,0.26163047552108765
3535,5,5,0.6963453888893127
3536,0,0,0.7597166299819946
3537,8,8,0.48149439692497253
3538,2,2,0.46568524837493896
3539,3,9,0.32600221037864685
3540,6,6,0.689318835735321
3541,2,2,0.6549122333526611
3542,9,9,0.9764410257339478
3543,6,6,0.6850496530532837
3544,1,1,0.9912372827529907
3545,4,4,0.819442868232727
3546,5,5,0.4841243326663971
3547,9,9,0.7157954573631287
3548,0,0,0.7294428944587708
3549,1,8,0.6757084727287292
3550,0,4,0.3956957459449768
3551,0,0,0.3765956163406372
3552,8,8,0.6942291855812073
3553,1,1,0.607380747795105
3554,1,1,0.7248528003692627
3555,6,6,0.3179527223110199
3556,6,6,0.9272063970565796
3557,9,6,0.2487906813621521
3558,5,5,0.9271057844161987
3559,4,4,0.549534022808075
3560,1,9,0.611916184425354
3561,7,5,0.7499783039093018
3562,8,0,0.6875023245811462
3563,6,6,0.6525893807411194
3564,9,9,0.3738219439983368
3565,1,1,0.5144312381744385
3566,7,7,0.8593350648880005
3567,6,6,0.9321119785308838
3568,0,0,0.9862253665924072
3569,9,6,0.48933762311935425
3570,3,5,0.5752873420715332
3571,5,2,0.2757030427455902
3572,3,6,0.47723105549812317
3573,2,2,0.5144686698913574
3574,5,8,0.24799680709838867
3575,3,2,0.305481880903244
3576,4,6,0.8350896239280701
3577,9,1,0.9296137094497681
3578,7,7,0.7980065941810608
3579,1,1,0.7047815918922424
3580,4,9,0.35591641068458557
3581,4,4,0.4301002025604248
3582,6,6,0.9828599095344543
3583,1,1,0.9330913424491882
3584,3,5,0.5457015633583069
3585,8,8,0.9774316549301147
3586,8,8,0.8948594927787781
3587,0,1,0.7072007060050964
3588,6,6,0.9434189796447754
3589,7,7,0.5981239080429077
3590,7,7,0.9283186793327332
3591,6,6,0.8720782399177551
3592,7,7,0.8765649199485779
3593,2,2,0.5110433101654053
3594,3,5,0.37920504808425903
3595,2,4,0.6562225818634033
3596,2,4,0.3814243972301483
3597,6,6,0.9459217190742493
3598,2,2,0.9857556223869324
3599,7,7,0.9597722291946411
3600,4,4,0.2823362350463867
3601,0,5,0.5674307346343994
3602,3,9,0.4837745428085327
3603,6,6,0.6959787607192993
3604,2,2,0.3813507854938507
3605,6,4,0.7733685970306396
3606,3,3,0.224249005317688
3607,3,2,0.7882364988327026
3608,0,1,0.344742089509964
3609,9,9,0.7689209580421448
3610,5,8,0.5128692984580994
3611,1,1,0.8442617058753967
3612,1,1,0.8377916812896729
3613,5,5,0.5378204584121704
3614,3,5,0.6241048574447632
3615,6,7,0.3841448426246643
3616,4,2,0.48788443207740784
3617,3,3,0.5283042788505554
3618,4,0,0.32957637310028076
3619,1,1,0.7793534398078918
3620,0,4,0.3876988887786865
3621,4,0,0.5252535939216614
3622,5,3,0.2923229932785034
3623,5,5,0.7773740887641907
3624,2,4,0.47312861680984497
3625,8,8,0.6861587166786194
3626,9,9,0.5748612880706787
3627,4,4,0.40817683935165405
3628,3,3,0.7005310654640198
3629,1,1,0.5269110202789307
3630,8,8,0.9654337763786316
3631,0,1,0.464652419090271
3632,1,1,0.49395275115966797
3633,3,3,0.6313600540161133
3634,3,2,0.38087698817253113
3635,4,4,0.7015191912651062
3636,4,4,0.37669432163238525
3637,2,6,0.4138531982898712
3638,9,1,0.4188241958618164
3639,7,7,0.6298446655273438
3640,6,2,0.56544029712677
3641,8,0,0.3555647134780884
3642,1,1,0.6209476590156555
3643,8,8,0.9736340641975403
3644,9,9,0.7797398567199707
3645,1,1,0.5154531598091125
3646,3,3,0.48481127619743347
3647,1,1,0.6793134212493896
3648,7,7,0.7086520195007324
3649,3,3,0.3796733319759369
3650,0,0,0.7948972582817078
3651,0,0,0.8190327286720276
3652,2,2,0.6679852604866028
3653,8,8,0.5383231043815613
3654,3,5,0.694313108921051
3655,9,9,0.523674726486206
3656,2,2,0.3474622368812561
3657,7,7,0.4172757565975189
3658,2,3,0.27173104882240295
3659,6,6,0.9701942205429077
3660,0,0,0.7115083932876587
3661,1,1,0.6636825799942017
3662,6,2,0.3086099922657013
3663,1,1,0.9616288542747498
3664,6,6,0.82853764295578
3665,7,7,0.65778648853302
3666,5,5,0.5226724743843079
3667,5,5,0.8766974210739136
3668,2,4,0.41897904872894287
3669,5,3,0.5651838779449463
3670,9,9,0.7851030826568604
3671,4,4,0.5219299793243408
3672,0,0,0.846550703048706
3673,2,8,0.5801814198493958
3674,3,2,0.2680533826351166
3675,4,4,0.31518274545669556
3676,9,1,0.7827611565589905
3677,4,3,0.2510649859905243
3678,1,1,0.8087411522865295
3679,0,0,0.5262694358825684
3680,0,5,0.3293456435203552
3681,2,2,0.6955804824829102
3682,3,4,0.3890652358531952
3683,8,2,0.29629290103912354
3684,9,9,0.774393618106842
3685,2,2,0.8684527277946472
3686,8,8,0.8309715390205383
3687,9,1,0.6117029190063477
3688,5,3,0.7652703523635864
3689,7,7,0.4678771197795868
3690,9,1,0.6100476384162903
3691,1,1,0.9764196872711182
3692,4,6,0.438103049993515
3693,6,5,0.31911394000053406
3694,2,2,0.5535072088241577
3695,8,8,0.9635167717933655
3696,4,2,0.37360116839408875
3697,4,5,0.3693837821483612
3698,8,8,0.9524860978126526
3699,9,9,0.9375417828559875
3700,3,5,0.3673902153968811
3701,1,1,0.8954019546508789
3702,1,1,0.7535843253135681
3703,6,6,0.7442711591720581
3704,5,2,0.4634704887866974
3705,8,8,0.949248194694519
3706,4,4,0.773400068283081
3707,6,6,0.4088819921016693
3708,4,6,0.584070086479187
3709,5,5,0.6610310673713684
3710,2,2,0.38668572902679443
3711,6,6,0.3708888292312622
3712,4,4,0.35596561431884766
3713,2,2,0.9642310738563538
3714,3,3,0.4284319281578064
3715,1,4,0.5250747799873352
3716,3,6,0.7497146725654602
3717,6,6,0.9780163764953613
3718,8,8,0.7809453010559082
3719,5,7,0.46284446120262146
3720,2,2,0.49607232213020325
3721,2,0,0.7921795845031738
3722,7,7,0.9928984642028809
3723,1,1,0.9565791487693787
3724,6,3,0.3433334231376648
3725,2,2,0.41667935252189636
3726,5,3,0.2576219439506531
3727,9,9,0.8919633030891418
3728,2,2,0.7131180167198181
3729,8,8,0.861804187297821
3730,1,1,0.9439096450805664
3731,6,6,0.761217474937439
3732,9,9,0.7552945017814636
3733,2,8,0.29585587978363037
3734,7,5,0.4290631115436554
3735,5,2,0.54887455701828
3736,3,5,0.5757638216018677
3737,2,2,0.7292346954345703
3738,9,9,0.548988401889801
3739,7,7,0.5550833940505981
3740,0,0,0.7275619506835938
3741,2,7,0.39020344614982605
3742,9,9,0.8003104329109192
3743,3,3,0.5620125532150269
3744,4,4,0.522178590297699
3745,1,1,0.768371045589447
3746,7,2,0.3944782316684723
3747,9,9,0.7653295397758484
3748,5,5,0.8630562424659729
3749,8,8,0.6987135410308838
3750,9,8,0.7685615420341492
3751,7,7,0.8385341763496399
3752,3,6,0.28535157442092896
3753,4,2,0.3085562288761139
3754,0,0,0.453794926404953
3755,9,8,0.2485753297805786
3756,7,2,0.36372822523117065
3757,4,2,0.559819221496582
3758,2,6,0.2423017919063568
3759,4,4,0.5314385890960693
3760,7,7,0.9531938433647156
3761,0,0,0.5452836155891418
3762,1,8,0.7806750535964966
3763,8,8,0.9822591543197632
3764,1,1,0.8548643589019775
3765,0,8,0.4960143268108368
3766,4,7,0.3176913261413574
3767,6,4,0.5279629230499268
3768,1,1,0.5655869245529175
3769,9,9,0.585625410079956
3770,9,1,0.5381131172180176
3771,2,0,0.9554804563522339
3772,1,1,0.46465206146240234
3773,2,2,0.5799601674079895
3774,5,4,0.6295929551124573
3775,6,6,0.6828203201293945
3776,9,8,0.42312881350517273
3777,7,7,0.891110360622406
3778,7,4,0.41994941234588623
3779,3,2,0.7950747609138489
3780,4,4,0.5094413757324219
3781,2,2,0.7356131672859192
3782,0,0,0.8566898107528687
3783,2,2,0.7511747479438782
3784,5,6,0.4539254307746887
3785,6,2,0.35280516743659973
3786,7,3,0.2324667125940323
3787,3,2,0.407009094953537
3788,7,7,0.9719567894935608
3789,9,5,0.6541720628738403
3790,4,2,0.41289183497428894
3791,2,2,0.670135498046875
3792,0,0,0.9510266780853271
3793,6,7,0.7529104948043823
3794,1,1,0.9907267093658447
3795,7,7,0.6190711855888367
3796,5,5,0.5776475667953491
3797,6,2,0.20728668570518494
3798,5,5,0.6476364135742188
3799,3,5,0.28880220651626587
3800,9,9,0.4342348575592041
3801,2,0,0.5611063241958618
3802,7,7,0.914059042930603
3803,8,8,0.8366533517837524
3804,5,2,0.6170960664749146
3805,9,9,0.6792704463005066
3806,5,4,0.5645574927330017
3807,8,1,0.5000348687171936
3808,5,3,0.31984156370162964
3809,4,4,0.7393574714660645
3810,3,3,0.46716904640197754
3811,7,7,0.9914182424545288
3812,9,9,0.4833616614341736
3813,8,8,0.9766550064086914
3814,1,1,0.7360185384750366
3815,2,7,0.6053285598754883
3816,2,2,0.2961808145046234
3817,8,8,0.8074820637702942
3818,9,9,0.8018521666526794
3819,3,3,0.4986215829849243
3820,0,2,0.5991024374961853
3821,8,8,0.38678187131881714
3822,4,4,0.6458432674407959
3823,0,0,0.7884513139724731
3824,2,2,0.44649457931518555
3825,0,0,0.8752504587173462
3826,1,1,0.7014497518539429
3827,4,4,0.599010705947876
3828,1,3,0.47735440731048584
3829,8,0,0.6354901790618896
3830,5,3,0.5055819153785706
3831,5,5,0.6361590027809143
3832,7,7,0.29937171936035156
3833,9,9,0.9049078226089478
3834,8,8,0.8588018417358398
3835,3,5,0.5048268437385559
3836,7,7,0.7218760251998901
3837,9,9,0.8767204880714417
3838,1,1,0.5172438621520996
3839,5,5,0.9086058139801025
3840,6,6,0.3160031735897064
3841,9,9,0.8422279357910156
3842,8,8,0.8912363648414612
3843,7,3,0.5348088145256042
3844,2,2,0.3085026741027832
3845,0,8,0.5511752963066101
3846,9,9,0.9551271796226501
3847,0,8,0.4161040782928467
3848,8,8,0.35335874557495117
3849,5,2,0.5716587901115417
3850,9,1,0.5311278104782104
3851,4,6,0.5527758598327637
3852,2,2,0.7337267994880676
3853,9,9,0.25157424807548523
3854,8,8,0.76758873462677
3855,1,1,0.9409111738204956
3856,9,1,0.5844437479972839
3857,1,8,0.6749443411827087
3858,8,8,0.6156080365180969
3859,3,3,0.4325276017189026
3860,7,7,0.9366798996925354
3861,6,6,0.9146297574043274
3862,4,2,0.2950688302516937
3863,2,2,0.5273653864860535
3864,3,9,0.6481684446334839
3865,7,7,0.28340160846710205
3866,0,2,0.6686452627182007
3867,3,5,0.41854414343833923
3868,5,4,0.3480531871318817
3869,8,8,0.9494240880012512
3870,8,8,0.6709975600242615
3871,8,8,0.7631610035896301
3872,7,7,0.36060863733291626
3873,9,9,0.7701815962791443
3874,6,6,0.550305962562561
3875,2,2,0.5716106295585632
3876,7,7,0.9400601387023926
3877,4,4,0.5713055729866028
3878,5,5,0.4729249179363251
3879,7,7,0.2776208817958832
3880,6,6,0.8054981827735901
3881,7,7,0.8403681516647339
3882,1,1,0.6058894991874695
3883,7,7,0.5882748961448669
3884,3,4,0.28024154901504517
3885,6,6,0.7739095091819763
3886,8,8,0.7937947511672974
3887,2,4,0.35341891646385193
3888,6,6,0.5138176083564758
3889,6,6,0.9940592050552368
3890,7,7,0.3928977847099304
3891,1,9,0.5406470894813538
3892,5,6,0.5820939540863037
3893,9,9,0.6962612867355347
3894,7,7,0.6164951920509338
3895,1,1,0.642997145652771
3896,7,7,0.4525474011898041
3897,0,0,0.4445136785507202
3898,1,1,0.8710141777992249
3899,6,2,0.5363022685050964
3900,3,6,0.3838235139846802
3901,3,8,0.5614930391311646
3902,9,1,0.8136787414550781
3903,0,0,0.5267432332038879
3904,1,1,0.6172899603843689
3905,2,7,0.7668036222457886
3906,3,2,0.40389910340309143
3907,2,7,0.6687130928039551
3908,2,2,0.9800443053245544
3909,5,5,0.48215150833129883
3910,4,2,0.6510400176048279
3911,9,9,0.4920997619628906
3912,8,8,0.6707683801651001
3913,7,7,0.8051040172576904
3914,4,4,0.7075816988945007
3915,4,4,0.42134180665016174
3916,9,9,0.9023112654685974
3917,7,0,0.6117934584617615
3918,6,9,0.5328016877174377
3919,7,2,0.3881494998931885
3920,7,8,0.4017423689365387
3921,1,9,0.4941248893737793
3922,2,2,0.40626686811447144
3923,3,5,0.3394436538219452
3924,5,2,0.2716529071331024
3925,1,1,0.8072142004966736
3926,9,9,0.9574569463729858
3927,0,2,0.4036802351474762
3928,3,5,0.29340195655822754
3929,3,3,0.5301383137702942
3930,1,1,0.9906993508338928
3931,5,5,0.6972990036010742
3932,6,6,0.6474524140357971
3933,6,2,0.3977000415325165
3934,2,7,0.3968380093574524
3935,4,4,0.457771897315979
3936,6,6,0.8001947402954102
3937,8,8,0.948363184928894
3938,8,8,0.9702134132385254
3939,9,9,0.917779266834259
3940,6,6,0.4663189947605133
3941,6,6,0.6543182134628296
3942,1,1,0.7761980891227722
3943,0,0,0.8764287233352661
3944,7,9,0.6033559441566467
3945,5,5,0.8573535084724426
3946,8,8,0.9496241211891174
3947,2,2,0.4660302996635437
3948,1,1,0.5358524322509766
3949,5,3,0.39631983637809753
3950,8,8,0.7209674119949341
3951,1,1,0.9018322229385376
3952,4,2,0.44860348105430603
3953,7,6,0.2365570217370987
3954,5,7,0.7700347304344177
3955,0,0,0.9197458028793335
3956,3,3,0.28643205761909485
3957,9,8,0.7820355892181396
3958,9,9,0.7112773060798645
3959,5,2,0.6915977001190186
3960,2,2,0.673501193523407
3961,8,8,0.7805631160736084
3962,4,7,0.5550259947776794
3963,1,5,0.2777091860771179
3964,9,9,0.5580419898033142
3965,0,0,0.5551982522010803
3966,4,4,0.5233252048492432
3967,4,4,0.43707773089408875
3968,8,8,0.40537557005882263
3969,2,4,0.6262595057487488
3970,9,2,0.4080921411514282
3971,0,0,0.6370348334312439
3972,7,7,0.989264726638794
3973,9,9,0.5132362246513367
3974,8,8,0.8979383111000061
3975,7,7,0.9935856461524963
3976,1,9,0.47801196575164795
3977,3,6,0.7750979065895081
3978,2,2,0.4965119957923889
3979,9,9,0.9339054822921753
3980,9,9,0.5588905215263367
3981,5,3,0.39138302206993103
3982,9,9,0.9965736865997314
3983,7,2,0.18975214660167694
3984,6,6,0.8206986784934998
3985,7,7,0.9605417251586914
3986,7,0,0.7151898145675659
3987,1,1,0.8114524483680725
3988,1,9,0.40349018573760986
3989,2,6,0.5546835660934448
3990,4,2,0.5543858408927917
3991,2,2,0.6535983681678772
3992,0,0,0.9564371705055237
3993,6,6,0.666570246219635
3994,8,8,0.982077419757843
3995,7,9,0.5644391775131226
3996,6,7,0.5091522336006165
3997,2,2,0.3395226299762726
3998,2,3,0.3314163088798523
3999,9,1,0.722939670085907
4000,8,2,0.3205226957798004
4001,2,2,0.40790075063705444
4002,4,8,0.5650668740272522
4003,2,0,0.5365689992904663
4004,0,2,0.47672566771507263
4005,5,6,0.3753335773944855
4006,8,8,0.9395928382873535
4007,6,6,0.8860448002815247
4008,8,8,0.9127377867698669
4009,2,2,0.9037793874740601
4010,7,4,0.4596101641654968
4011,7,9,0.4701293408870697
4012,3,0,0.46932294964790344
4013,1,1,0.6397115588188171
4014,8,8,0.8823164701461792
4015,1,1,0.9440543055534363
4016,6,6,0.6835781931877136
4017,5,3,0.2647815942764282
4018,9,9,0.8582137823104858
4019,7,7,0.628010094165802
4020,8,8,0.6140016913414001
4021,9,7,0.6191050410270691
4022,6,6,0.9485601782798767
4023,4,3,0.28879544138908386
4024,8,8,0.6113781929016113
4025,1,1,0.8784304261207581
4026,9,9,0.32566362619400024
4027,4,4,0.4033662676811218
4028,0,0,0.6009901165962219
4029,4,2,0.4346795678138733
4030,1,1,0.9050512909889221
4031,4,4,0.31635868549346924
4032,3,3,0.6292372345924377
4033,6,6,0.9452437162399292
4034,2,2,0.5830917358398438
4035,2,2,0.6383779048919678
4036,7,0,0.655078649520874
4037,0,0,0.9118301868438721
4038,0,1,0.42144784331321716
4039,7,7,0.9047104120254517
4040,0,0,0.6568925976753235
4041,7,7,0.9271019697189331
4042,4,8,0.2699667811393738
4043,3,5,0.3396089971065521
4044,6,2,0.3269768953323364
4045,7,7,0.6986562609672546
4046,7,7,0.7762930989265442
4047,4,4,0.7048723101615906
4048,5,5,0.45860037207603455
4049,4,6,0.5768312811851501
4050,3,2,0.44774743914604187
4051,5,3,0.7938302159309387
4052,5,4,0.32101327180862427
4053,4,4,0.5579668283462524
4054,7,0,0.7285726070404053
4055,1,2,0.3173545002937317
4056,0,0,0.5048778057098389
4057,7,7,0.5371488332748413
4058,7,3,0.2851930856704712
4059,1,1,0.8479101061820984
4060,6,6,0.6913665533065796
4061,5,5,0.6103143095970154
4062,0,8,0.5983615517616272
4063,7,7,0.4416334331035614
4064,7,7,0.9693032503128052
4065,4,4,0.6262445449829102
4066,6,2,0.6798864006996155
4067,1,1,0.7787523865699768
4068,8,8,0.5272521376609802
4069,5,5,0.7019366025924683
4070,9,9,0.8081592321395874
4071,3,3,0.34427347779273987
4072,5,5,0.8580583930015564
4073,6,6,0.6721047163009644
4074,2,2,0.8045256733894348
4075,2,2,0.4562140107154846
4076,7,7,0.5437743663787842
4077,3,5,0.5345586538314819
4078,5,5,0.7075566649436951
4079,8,8,0.9429957270622253
4080,1,1,0.8698448538780212
4081,0,9,0.7532410621643066
4082,6,6,0.5999259352684021
4083,8,8,0.581429660320282
4084,7,7,0.7340440154075623
4085,8,7,0.2669089138507843
4086,8,0,0.4945405125617981
4087,5,5,0.6490973830223083
4088,7,7,0.8325321674346924
4089,5,8,0.26211434602737427
4090,4,4,0.5107207298278809
4091,9,9,0.6669948101043701
4092,7,7,0.6167985796928406
4093,3,7,0.3987034857273102
4094,3,3,0.4635174572467804
4095,8,8,0.9212971925735474
4096,8,8,0.39883533120155334
4097,3,6,0.6769738793373108
4098,9,1,0.38667479157447815
4099,4,6,0.7060768604278564
4100,7,7,0.999570906162262
4101,2,4,0.4714846611022949
4102,0,0,0.4178466498851776
4103,8,8,0.5239863991737366
4104,0,0,0.8263057470321655
4105,7,7,0.8601776361465454
4106,3,8,0.4606504738330841
4107,3,5,0.3202320635318756
4108,2,4,0.33000269532203674
4109,5,5,0.8401929140090942
4110,2,2,0.6427757740020752
4111,4,1,0.4194825291633606
4112,4,5,0.39413902163505554
4113,0,0,0.5965839624404907
4114,4,2,0.28796038031578064
4115,8,8,0.7394591569900513
4116,2,2,0.6931907534599304
4117,4,4,0.3337307274341583
4118,0,2,0.5796435475349426
4119,6,8,0.5812917947769165
4120,4,2,0.5084980130195618
4121,5,5,0.29273512959480286
4122,6,6,0.8285665512084961
4123,0,0,0.7162714004516602
4124,8,8,0.991692304611206
4125,8,0,0.5775451064109802
4126,0,1,0.3924686014652252
4127,6,6,0.43251124024391174
4128,1,1,0.9168883562088013
4129,1,1,0.9074285626411438
4130,6,6,0.8458408713340759
4131,1,1,0.7808010578155518
4132,4,4,0.42502883076667786
4133,2,2,0.7408741116523743
4134,1,1,0.32213303446769714
4135,1,5,0.36957740783691406
4136,2,2,0.4167959988117218
4137,4,2,0.371467649936676
4138,4,6,0.794285774230957
4139,5,0,0.746529757976532
4140,5,3,0.5091567635536194
4141,8,8,0.7893943786621094
4142,8,8,0.9308396577835083
4143,5,5,0.9594888687133789
4144,1,1,0.9707504510879517
4145,8,8,0.8534886837005615
4146,2,2,0.636857807636261
4147,3,2,0.455404132604599
4148,3,2,0.32364314794540405
4149,9,9,0.9887033104896545
4150,6,6,0.7976600527763367
4151,6,6,0.39509856700897217
4152,5,6,0.37921103835105896
4153,0,8,0.44200608134269714
4154,7,7,0.9752928614616394
4155,3,6,0.3399324119091034
4156,3,3,0.690087080001831
4157,2,2,0.7024323344230652
4158,7,7,0.4736800193786621
4159,4,4,0.6165171265602112
4160,5,2,0.37144845724105835
4161,6,6,0.6639021039009094
4162,0,0,0.6489225625991821
4163,2,6,0.2897469401359558
4164,1,4,0.5003284811973572
4165,8,8,0.5930497646331787
4166,1,2,0.293664813041687
4167,0,0,0.7678682208061218
4168,9,9,0.9393208026885986
4169,3,2,0.2402796596288681
4170,1,5,0.3103431761264801
4171,0,0,0.5338762998580933
4172,5,5,0.6997612118721008
4173,4,7,0.37634149193763733
4174,2,2,0.4700391888618469
4175,3,4,0.2963918447494507
4176,3,3,0.4772886037826538
4177,6,6,0.7014147639274597
4178,7,7,0.9948784112930298
4179,6,6,0.4284156560897827
4180,0,2,0.35547420382499695
4181,0,0,0.9525596499443054
4182,5,5,0.5489897131919861
4183,7,7,0.9954373240470886
4184,4,4,0.4557531476020813
4185,7,2,0.464743971824646
4186,7,7,0.8701527118682861
4187,0,0,0.6857085227966309
4188,6,6,0.7109001874923706
4189,1,1,0.8452174067497253
4190,3,7,0.5019740462303162
4191,9,9,0.49334874749183655
4192,0,0,0.49464479088783264
4193,9,0,0.4014650881290436
4194,0,0,0.8294374942779541
4195,3,3,0.4074961543083191
4196,8,8,0.9082951545715332
4197,4,4,0.31613850593566895
4198,8,2,0.4974910318851471
4199,8,8,0.7370323538780212
4200,4,4,0.5974256992340088
4201,1,1,0.9114854335784912
4202,0,0,0.41187992691993713
4203,2,4,0.6093181371688843
4204,2,6,0.6049416661262512
4205,4,4,0.8598844408988953
4206,1,9,0.5221139788627625
4207,1,1,0.8238260746002197
4208,2,2,0.3029683530330658
4209,4,7,0.658473551273346
4210,3,2,0.5043474435806274
4211,4,4,0.6937888860702515
4212,1,1,0.6353166699409485
4213,4,4,0.8356432318687439
4214,7,7,0.5043812394142151
4215,1,1,0.556459367275238
4216,0,0,0.5140371918678284
4217,0,0,0.29761865735054016
4218,9,9,0.9364473223686218
4219,0,0,0.6542279124259949
4220,4,0,0.5316286087036133
4221,2,2,0.4972521960735321
4222,8,8,0.8215641379356384
4223,8,8,0.4292094111442566
4224,5,5,0.3156069219112396
4225,5,1,0.45507481694221497
4226,0,8,0.5012937784194946
4227,4,5,0.27378833293914795
4228,0,0,0.7519739270210266
4229,8,8,0.9819625020027161
4230,6,3,0.40763989090919495
4231,2,0,0.6223440766334534
4232,5,5,0.6339074969291687
4233,9,9,0.8114888668060303
4234,2,2,0.6850142478942871
4235,9,9,0.8688367009162903
4236,1,1,0.9475458264350891
4237,1,1,0.8592830300331116
4238,5,3,0.42531532049179077
4239,4,4,0.3804965019226074
4240,7,7,0.7097030878067017
4241,5,3,0.3680710792541504
4242,8,8,0.6781678199768066
4243,6,6,0.8099815845489502
4244,2,7,0.4959593713283539
4245,1,1,0.6968263387680054
4246,5,5,0.5367241501808167
4247,5,5,0.4633682668209076
4248,3,3,0.6008229851722717
4249,4,4,0.7900104522705078
4250,1,1,0.4920729100704193
4251,8,1,0.5504767894744873
4252,9,9,0.6715724468231201
4253,9,1,0.5041181445121765
4254,8,8,0.9987303614616394
4255,9,7,0.3898717164993286
4256,8,8,0.7935236096382141
4257,6,6,0.9452526569366455
4258,8,8,0.8955088257789612
4259,5,5,0.5349774360656738
4260,8,8,0.9967834949493408
4261,9,9,0.6186610460281372
4262,4,6,0.723990797996521
4263,6,6,0.6544660925865173
4264,2,4,0.4336642622947693
4265,6,6,0.42653220891952515
4266,3,7,0.34872597455978394
4267,7,9,0.7403740882873535
4268,4,7,0.4426059424877167
4269,0,0,0.44759902358055115
4270,0,2,0.23739908635616302
4271,1,1,0.7256514430046082
4272,7,7,0.9942675828933716
4273,5,8,0.3989652693271637
4274,1,1,0.9283486008644104
4275,5,2,0.5939556360244751
4276,9,1,0.6402649879455566
4277,3,5,0.459807813167572
4278,1,1,0.9678272604942322
4279,6,6,0.5082240700721741
4280,8,0,0.5490087270736694
4281,7,2,0.64922696352005
4282,3,5,0.5157510042190552
4283,6,6,0.6727401614189148
4284,9,9,0.7246400117874146
4285,1,1,0.611257016658783
4286,2,2,0.410621702671051
4287,0,9,0.33217453956604004
4288,1,1,0.9879209995269775
4289,7,9,0.35831180214881897
4290,2,2,0.3270179033279419
4291,6,8,0.5513323545455933
4292,1,1,0.8886841535568237
4293,9,9,0.5443394780158997
4294,0,2,0.2662615180015564
4295,0,0,0.8665035367012024
4296,8,1,0.9242717623710632
4297,9,9,0.6707425713539124
4298,9,9,0.8150798678398132
4299,2,8,0.3938421607017517
4300,8,8,0.8577325344085693
4301,6,4,0.5196389555931091
4302,2,3,0.3438223600387573
4303,5,2,0.30755096673965454
4304,6,5,0.23498912155628204
4305,0,0,0.7067292928695679
4306,3,3,0.5403911471366882
4307,3,2,0.7700514197349548
4308,0,0,0.8677465915679932
4309,7,2,0.35352960228919983
4310,4,7,0.6491718888282776
4311,7,7,0.9398265480995178
4312,5,2,0.46623778343200684
4313,0,7,0.33224841952323914
4314,1,1,0.7012959122657776
4315,6,2,0.40062546730041504
4316,8,8,0.8679720759391785
4317,8,8,0.9404582381248474
4318,1,1,0.947614312171936
4319,2,6,0.5741336345672607
4320,1,8,0.6996992826461792
4321,5,3,0.2944837808609009
4322,4,7,0.6280556917190552
4323,5,5,0.7739401459693909
4324,9,9,0.9117265343666077
4325,6,6,0.6135979890823364
4326,7,7,0.8078475594520569
4327,1,1,0.8979077339172363
4328,0,0,0.940546452999115
4329,6,6,0.44955724477767944
4330,9,1,0.4946299195289612
4331,2,6,0.709525465965271
4332,7,2,0.7573196887969971
4333,7,7,0.7734977006912231
4334,3,3,0.3293932378292084
4335,9,8,0.8199278712272644
4336,9,9,0.9065080285072327
4337,1,1,0.865726113319397
4338,9,1,0.4647882878780365
4339,7,7,0.9422196745872498
4340,0,0,0.7806934118270874
4341,1,1,0.926497757434845
4342,3,5,0.419200599193573
4343,5,5,0.5619822144508362
4344,4,4,0.4282175898551941
4345,6,6,0.3082277178764343
4346,3,3,0.8089863657951355
4347,8,8,0.8632255792617798
4348,8,8,0.6694812774658203
4349,0,0,0.6101118922233582
4350,4,4,0.7184715867042542
4351,8,8,0.8202243447303772
4352,3,5,0.591871440410614
4353,6,4,0.3767000436782837
4354,7,9,0.3991003930568695
4355,0,6,0.36107537150382996
4356,0,0,0.961722731590271
4357,4,4,0.42165589332580566
4358,5,5,0.4691976308822632
4359,2,2,0.4809519350528717
4360,6,9,0.5412660837173462
4361,8,8,0.9819475412368774
4362,4,4,0.6140620708465576
4363,9,9,0.7735344767570496
4364,9,8,0.9107437133789062
4365,9,9,0.3619309067726135
4366,2,3,0.37138137221336365
4367,0,0,0.7208694219589233
4368,4,4,0.33138176798820496
4369,2,2,0.7504243850708008
4370,8,8,0.9683473110198975
4371,1,1,0.9661422967910767
4372,1,1,0.9216713905334473
4373,0,0,0.5285404324531555
4374,0,0,0.7475813031196594
4375,3,4,0.2731362283229828
4376,7,2,0.483229398727417
4377,4,2,0.5081457495689392
4378,1,1,0.9422503709793091
4379,1,1,0.9757280349731445
4380,9,9,0.9535783529281616
4381,7,7,0.7966670989990234
4382,7,7,0.8340011835098267
4383,4,6,0.47534310817718506
4384,6,5,0.41145023703575134
4385,8,8,0.3803618848323822
4386,6,2,0.47056955099105835
4387,0,2,0.66196608543396
4388,2,2,0.8761816620826721
4389,8,8,0.897243320941925
4390,5,5,0.7926942110061646
4391,3,2,0.3453387916088104
4392,5,2,0.5595739483833313
4393,3,7,0.46326178312301636
4394,5,5,0.9279577136039734
4395,7,7,0.9858773946762085
4396,9,9,0.8864826560020447
4397,8,8,0.7899518609046936
4398,4,7,0.34798476099967957
4399,4,4,0.5602681636810303
4400,3,2,0.5009413957595825
4401,1,0,0.4963222146034241
4402,4,2,0.47465020418167114
4403,8,8,0.4157956540584564
4404,3,4,0.8741446733474731
4405,6,6,0.7550259828567505
4406,5,5,0.5558168292045593
4407,3,3,0.6098869442939758
4408,0,0,0.2587188184261322
4409,8,8,0.45879697799682617
4410,9,9,0.45803186297416687
4411,5,5,0.5794068574905396
4412,7,7,0.9648112058639526
4413,6,6,0.8686191439628601
4414,2,2,0.2969612777233124
4415,0,0,0.9761004447937012
4416,4,2,0.474685937166214
4417,9,9,0.7594515681266785
4418,9,9,0.9503647089004517
4419,0,0,0.7885397672653198
4420,5,6,0.23527199029922485
4421,2,5,0.7460147142410278
4422,3,3,0.3649665415287018
4423,6,4,0.5169347524642944
4424,1,1,0.9085469841957092
4425,1,1,0.9944185018539429
4426,0,0,0.85225909948349
4427,2,2,0.5612136125564575
4428,8,8,0.7257264852523804
4429,2,2,0.8160979747772217
4430,1,1,0.7599382400512695
4431,1,1,0.8163391351699829
4432,7,2,0.5141538381576538
4433,5,5,0.7894466519355774
4434,2,2,0.6256393194198608
4435,3,3,0.750779926776886
4436,4,2,0.30938196182250977
4437,1,1,0.7895539402961731
4438,2,2,0.33532580733299255
4439,9,9,0.5074062943458557
4440,2,4,0.6036274433135986
4441,1,1,0.5969275832176208
4442,3,1,0.34688204526901245
4443,4,4,0.49261152744293213
4444,8,8,0.9454306960105896
4445,9,1,0.9176908135414124
4446,0,1,0.4946785867214203
4447,0,9,0.5316997170448303
4448,4,6,0.9238773584365845
4449,9,1,0.5556492805480957
4450,0,0,0.5069732069969177
4451,2,2,0.6832855343818665
4452,2,2,0.3870551288127899
4453,0,0,0.9724313616752625
4454,6,6,0.9810742735862732
4455,8,8,0.986573338508606
4456,7,7,0.9881193041801453
4457,3,3,0.4172792434692383
4458,3,6,0.6116366386413574
4459,8,8,0.9069350957870483
4460,9,9,0.916336715221405
4461,0,8,0.4948120415210724
4462,2,5,0.866963267326355
4463,5,5,0.3985901176929474
4464,3,6,0.7330840229988098
4465,6,6,0.5111281871795654
4466,1,1,0.9087386131286621
4467,3,3,0.38629963994026184
4468,9,9,0.5912421345710754
4469,5,5,0.773991584777832
4470,0,0,0.48674070835113525
4471,5,2,0.4741133451461792
4472,4,4,0.5345225930213928
4473,4,4,0.5230908989906311
4474,0,8,0.4110487997531891
4475,1,0,0.3752829432487488
4476,1,3,0.5465837121009827
4477,6,2,0.41114017367362976
4478,1,1,0.8212020993232727
4479,7,7,0.7574959397315979
4480,9,9,0.643388569355011
4481,9,1,0.5222370624542236
4482,6,6,0.8191652894020081
4483,2,0,0.6083868741989136
4484,4,6,0.5211158990859985
4485,3,7,0.8154124021530151
4486,8,1,0.7126989960670471
4487,3,3,0.36368051171302795
4488,4,4,0.7327486276626587
4489,7,7,0.9556957483291626
4490,0,9,0.2875940501689911
4491,2,2,0.5486366152763367
4492,8,8,0.8970757126808167
4493,4,4,0.4640926718711853
4494,8,8,0.8085539937019348
4495,3,3,0.46135857701301575
4496,8,8,0.8470645546913147
4497,8,8,0.9756731986999512
4498,8,8,0.7058687210083008
4499,3,6,0.19577907025814056
4500,3,3,0.32530149817466736
4501,5,5,0.5893980860710144
4502,7,7,0.4856945872306824
4503,7,2,0.3631178140640259
4504,0,0,0.5661616921424866
4505,4,4,0.7325164675712585
4506,1,1,0.8348019123077393
4507,5,4,0.43464431166648865
4508,9,7,0.2997398376464844
4509,7,7,0.8769148588180542
4510,0,0,0.42396441102027893
4511,6,6,0.8451509475708008
4512,8,8,0.7122216820716858
4513,4,5,0.5594719052314758
4514,9,9,0.9534770250320435
4515,0,0,0.9832889437675476
4516,1,9,0.47904759645462036
4517,8,8,0.8028795719146729
4518,9,9,0.7462360858917236
4519,6,8,0.6586118936538696
4520,3,2,0.3491916060447693
4521,9,9,0.5218313932418823
4522,2,2,0.6530016660690308
4523,4,6,0.34456339478492737
4524,4,4,0.42290350794792175
4525,0,0,0.338936984539032
4526,3,2,0.42467474937438965
4527,3,3,0.5214866399765015
4528,5,4,0.43306711316108704
4529,4,4,0.38857170939445496
4530,5,8,0.3021959364414215
4531,1,1,0.6156685948371887
4532,1,1,0.877787172794342
4533,8,8,0.8337987065315247
4534,2,2,0.5583754181861877
4535,2,6,0.6515220999717712
4536,9,1,0.3915189504623413
4537,3,3,0.4625815749168396
4538,7,5,0.5120733380317688
4539,8,8,0.5780584812164307
4540,9,9,0.8327643275260925
4541,2,2,0.7806304693222046
4542,3,3,0.26893922686576843
4543,1,1,0.8385438323020935
4544,7,7,0.919538140296936
4545,3,2,0.3318844437599182
4546,2,0,0.5576813220977783
4547,3,5,0.29908666014671326
4548,0,2,0.4545229971408844
4549,1,1,0.9036527276039124
4550,9,0,0.47195807099342346
4551,5,5,0.3116452097892761
4552,5,3,0.589335560798645
4553,3,3,0.41903889179229736
4554,4,7,0.5275149941444397
4555,5,7,0.943009614944458
4556,2,8,0.6419198513031006
4557,0,0,0.7138227820396423
4558,0,0,0.955722451210022
4559,3,3,0.46468907594680786
4560,1,1,0.8592695593833923
4561,3,3,0.38456636667251587
4562,4,4,0.5349845886230469
4563,7,5,0.5978127121925354
4564,4,4,0.6068242788314819
4565,2,2,0.6263179779052734
4566,8,8,0.424691766500473
4567,4,2,0.3992871344089508
4568,8,8,0.52750563621521
4569,9,9,0.7221124768257141
4570,9,3,0.5883894562721252
4571,4,7,0.32749542593955994
4572,2,7,0.5328687429428101
4573,4,6,0.3695443868637085
4574,3,3,0.5102950930595398
4575,6,6,0.9689148664474487
4576,4,4,0.6335591077804565
4577,6,6,0.3618171811103821
4578,4,4,0.3636356592178345
4579,6,6,0.883274495601654
4580,6,6,0.3004190921783447
4581,3,5,0.8542680144309998
4582,8,1,0.5984799265861511
4583,7,4,0.816470742225647
4584,4,2,0.3697810471057892
4585,8,8,0.4806912839412689
4586,0,2,0.5040590763092041
4587,5,5,0.48333340883255005
4588,9,9,0.6764594912528992
4589,3,4,0.353530615568161
4590,9,2,0.8734673261642456
4591,0,0,0.976163923740387
4592,7,7,0.9045731425285339
4593,5,5,0.2811930477619171
4594,1,1,0.6863465309143066
4595,9,1,0.3692326247692108
4596,7,4,0.43712660670280457
4597,9,9,0.8846309185028076
4598,1,1,0.6237335801124573
4599,8,9,0.6199486255645752
4600,4,0,0.4801505208015442
4601,2,2,0.8129870295524597
4602,1,1,0.9418396949768066
4603,6,6,0.4878784120082855
4604,4,4,0.649755597114563
4605,3,2,0.6165927648544312
4606,0,9,0.48277369141578674
4607,1,1,0.9797846078872681
4608,4,6,0.4798209071159363
4609,8,9,0.3764670193195343
4610,6,1,0.4693518877029419
4611,1,1,0.9723081588745117
4612,7,7,0.9232118725776672
4613,1,1,0.6158314943313599
4614,3,5,0.42045238614082336
4615,5,4,0.5565110445022583
4616,4,4,0.9372994303703308
4617,3,2,0.30368030071258545
4618,3,5,0.41960135102272034
4619,9,9,0.5524122714996338
4620,7,7,0.652269184589386
4621,8,8,0.7290358543395996
4622,2,2,0.44167792797088623
4623,5,5,0.921504557132721
4624,5,5,0.34129998087882996
4625,4,2,0.3123430907726288
4626,5,5,0.48544853925704956
4627,4,4,0.4988178014755249
4628,5,5,0.6430191397666931
4629,7,7,0.7318938970565796
4630,2,3,0.3818008303642273
4631,5,5,0.7461759448051453
4632,5,2,0.5431661009788513
4633,1,1,0.9717555642127991
4634,7,2,0.5342625975608826
4635,7,7,0.8217053413391113
4636,8,8,0.5964346528053284
4637,3,5,0.27875539660453796
4638,6,6,0.2614780068397522
4639,0,2,0.2370973825454712
4640,2,2,0.7330657839775085
4641,5,5,0.6453917026519775
4642,2,4,0.4353916347026825
4643,3,2,0.3144964873790741
4644,7,4,0.39623332023620605
4645,4,7,0.430831640958786
4646,2,5,0.7709372043609619
4647,1,1,0.7449746131896973
4648,6,6,0.8601757884025574
4649,8,0,0.5316475033760071
4650,6,6,0.6461501717567444
4651,8,8,0.8503870368003845
4652,3,3,0.6027104258537292
4653,2,2,0.7947421073913574
4654,7,7,0.802017092704773
4655,7,5,0.32714343070983887
4656,9,9,0.9453572630882263
4657,7,7,0.9196240305900574
4658,1,1,0.7900051474571228
4659,4,4,0.44260483980178833
4660,7,9,0.1906449943780899
4661,4,5,0.48095372319221497
4662,6,6,0.8700700998306274
4663,1,1,0.9920278191566467
4664,7,7,0.7748698592185974
4665,3,3,0.3919321894645691
4666,0,0,0.8812435269355774
4667,0,1,0.37925148010253906
4668,6,6,0.6830646991729736
4669,6,2,0.5415520071983337
4670,8,8,0.29776328802108765
4671,6,6,0.9312385320663452
4672,6,6,0.9572091698646545
4673,0,0,0.6590612530708313
4674,3,3,0.643027126789093
4675,4,4,0.3003062307834625
4676,7,2,0.38992950320243835
4677,4,4,0.5152435898780823
4678,9,8,0.4843277633190155
4679,4,7,0.4068344831466675
4680,9,1,0.6277976036071777
4681,9,1,0.6586953401565552
4682,3,3,0.3678482174873352
4683,4,4,0.4712875485420227
4684,1,1,0.746275007724762
4685,4,2,0.5554166436195374
4686,0,8,0.8039305210113525
4687,3,2,0.3724110722541809
4688,7,7,0.7097057104110718
4689,1,1,0.8060932159423828
4690,2,2,0.859307050704956
4691,2,6,0.588823676109314
4692,8,8,0.647788941860199
4693,4,2,0.3469327688217163
4694,7,7,0.7207953333854675
4695,8,8,0.7987015843391418
4696,5,3,0.3499337136745453
4697,5,5,0.280285120010376
4698,6,6,0.8496381044387817
4699,5,2,0.37134313583374023
4700,6,6,0.25082042813301086
4701,0,0,0.9062208533287048
4702,6,6,0.9700769186019897
4703,4,6,0.6281213760375977
4704,9,9,0.8995440602302551
4705,3,4,0.39874503016471863
4706,2,2,0.25233039259910583
4707,7,9,0.8010961413383484
4708,3,3,0.5930436253547668
4709,8,8,0.426944375038147
4710,3,7,0.5558441281318665
4711,9,9,0.9789075255393982
4712,4,4,0.2983427345752716
4713,1,1,0.8677552342414856
4714,6,6,0.9239014983177185
4715,9,9,0.954751193523407
4716,9,9,0.8927996754646301
4717,4,5,0.3833006024360657
4718,3,5,0.28496143221855164
4719,9,9,0.7348468899726868
4720,8,0,0.5638266205787659
4721,1,1,0.5258652567863464
4722,6,3,0.3282274603843689
4723,9,9,0.8712924122810364
4724,5,2,0.4050835967063904
4725,9,1,0.5522733926773071
4726,0,0,0.8296350240707397
4727,9,9,0.9741296172142029
4728,7,7,0.9708446264266968
4729,2,5,0.4131210446357727
4730,2,4,0.7193125486373901
4731,4,2,0.493711918592453
4732,2,7,0.31881415843963623
4733,6,6,0.5805107355117798
4734,4,4,0.8139076828956604
4735,8,8,0.3881833851337433
4736,1,1,0.6485128402709961
4737,9,1,0.6793868541717529
4738,5,0,0.3566776216030121
4739,6,6,0.444568395614624
4740,5,5,0.5699270963668823
4741,1,1,0.9792305827140808
4742,8,8,0.7292868494987488
4743,6,6,0.6318223476409912
4744,6,0,0.44512441754341125
4745,7,0,0.24292059242725372
4746,6,6,0.8434610962867737
4747,5,5,0.49022215604782104
4748,0,1,0.8565859794616699
4749,2,2,0.4953370988368988
4750,7,2,0.4564521312713623
4751,6,6,0.4001166522502899
4752,1,1,0.8328021764755249
4753,2,2,0.666773796081543
4754,3,1,0.48707708716392517
4755,1,1,0.5579491257667542
4756,6,2,0.648961067199707
4757,4,7,0.5106056928634644
4758,9,2,0.2847549617290497
4759,0,0,0.6903160214424133
4760,3,9,0.3858048915863037
4761,9,9,0.9393191933631897
4762,1,1,0.6513722538948059
4763,0,0,0.8688423037528992
4764,5,5,0.6929185390472412
4765,3,4,0.30381643772125244
4766,1,1,0.9780080914497375
4767,6,6,0.25052255392074585
4768,9,1,0.5558499693870544
4769,8,8,0.8806329965591431
4770,9,9,0.7530521154403687
4771,0,0,0.7699518203735352
4772,6,6,0.9763988852500916
4773,1,1,0.9513844847679138
4774,6,6,0.9334046840667725
4775,2,2,0.6673831343650818
4776,3,3,0.42589038610458374
4777,5,5,0.3993968069553375
4778,6,6,0.9098118543624878
4779,9,9,0.6989665031433105
4780,0,0,0.41764774918556213
4781,7,7,0.5142540335655212
4782,2,2,0.694425106048584
4783,4,7,0.3787134289741516
4784,0,8,0.5309566259384155
4785,3,3,0.3645416796207428
4786,6,9,0.4627925753593445
4787,8,8,0.9930651187896729
4788,6,6,0.48890724778175354
4789,9,9,0.5600677728652954
4790,1,9,0.664275050163269
4791,9,7,0.21380768716335297
4792,0,0,0.3944670259952545
4793,6,6,0.29848945140838623
4794,4,2,0.36183780431747437
4795,5,3,0.3870752453804016
4796,9,9,0.3294370174407959
4797,5,5,0.5483109951019287
4798,4,0,0.39714640378952026
4799,1,8,0.6405971646308899
4800,9,9,0.9235478043556213
4801,2,7,0.520887017250061
4802,0,0,0.5605477094650269
4803,7,7,0.3207845985889435
4804,3,3,0.7163823246955872
4805,5,5,0.4065502882003784
4806,1,1,0.9161818027496338
4807,8,8,0.958500862121582
4808,3,5,0.42810583114624023
4809,0,0,0.8305270671844482
4810,5,5,0.7756450772285461
4811,2,0,0.9017446041107178
4812,8,8,0.8196616172790527
4813,8,8,0.8971943855285645
4814,3,3,0.2978467345237732
4815,9,9,0.6656319499015808
4816,6,2,0.46395495533943176
4817,0,0,0.5038803815841675
4818,3,1,0.3017546832561493
4819,5,3,0.4850916266441345
4820,3,5,0.4976452589035034
4821,4,2,0.315333753824234
4822,1,1,0.7581735849380493
4823,5,4,0.4172660708427429
4824,0,0,0.9424390196800232
4825,7,2,0.4310823380947113
4826,3,2,0.36202341318130493
4827,9,9,0.8233623504638672
4828,4,4,0.5624879002571106
4829,5,5,0.39892399311065674
4830,3,3,0.44197478890419006
4831,1,1,0.8515270948410034
4832,4,2,0.473892480134964
4833,2,6,0.40308141708374023
4834,4,2,0.3081178069114685
4835,9,9,0.8683590292930603
4836,9,8,0.566490113735199
4837,7,7,0.983230710029602
4838,1,1,0.49936750531196594
4839,7,7,0.9223402738571167
4840,0,0,0.43448275327682495
4841,1,1,0.9616926312446594
4842,2,2,0.8464053869247437
4843,1,1,0.9078960418701172
4844,5,3,0.648811936378479
4845,3,3,0.46757781505584717
4846,8,8,0.9644206762313843
4847,4,2,0.44197654724121094
4848,1,1,0.9148064851760864
4849,5,3,0.2937694787979126
4850,1,9,0.7059264183044434
4851,9,9,0.946099579334259
4852,9,0,0.47365888953208923
4853,7,7,0.874157726764679
4854,0,0,0.5511905550956726
4855,1,1,0.8828061819076538
4856,7,7,0.947242796421051
4857,6,6,0.9961047172546387
4858,2,2,0.8638448119163513
4859,6,6,0.6102672815322876
4860,5,5,0.8242008090019226
4861,0,8,0.6252334713935852
4862,3,2,0.3602176010608673
4863,1,1,0.9704949259757996
4864,3,3,0.30842000246047974
4865,8,9,0.912409782409668
4866,9,9,0.9930295348167419
4867,9,1,0.6425181031227112
4868,0,8,0.47494474053382874
4869,8,8,0.5186381936073303
4870,8,8,0.4310997426509857
4871,7,4,0.5815505385398865
4872,9,1,0.7220549583435059
4873,2,2,0.3239031732082367
4874,9,9,0.5669087767601013
4875,1,1,0.8148623108863831
4876,3,2,0.43974485993385315
4877,6,6,0.9368155598640442
4878,7,7,0.6048526167869568
4879,6,6,0.6148920059204102
4880,0,2,0.6785540580749512
4881,8,8,0.9833245277404785
4882,6,6,0.9753129482269287
4883,2,2,0.8183785676956177
4884,4,6,0.6274220943450928
4885,2,2,0.45324432849884033
4886,3,3,0.7085044384002686
4887,5,3,0.3575311303138733
4888,5,5,0.5452272295951843
4889,4,7,0.684678852558136
4890,1,1,0.9124172329902649
4891,6,6,0.5727559924125671
4892,7,4,0.5923048257827759
4893,1,9,0.5944239497184753
4894,6,6,0.887842059135437
4895,1,1,0.9851039052009583
4896,7,0,0.49496474862098694
4897,1,1,0.8776095509529114
4898,6,6,0.6350411176681519
4899,2,2,0.31577473878860474
4900,3,6,0.4964815676212311
4901,0,0,0.8165804147720337
4902,4,2,0.4211980104446411
4903,2,2,0.4359002709388733
4904,9,9,0.8288752436637878
4905,7,7,0.8852683305740356
4906,5,5,0.4725586175918579
4907,5,3,0.5311853885650635
4908,6,6,0.42133986949920654
4909,0,0,0.5222924947738647
4910,8,9,0.5622004866600037
4911,8,8,0.8769318461418152
4912,1,1,0.9486120939254761
4913,1,8,0.5909927487373352
4914,3,3,0.8044602870941162
4915,5,5,0.9046421051025391
4916,6,6,0.7555606365203857
4917,5,2,0.3805431127548218
4918,3,3,0.4604853391647339
4919,8,8,0.7778474688529968
4920,7,0,0.33906877040863037
4921,5,6,0.6039742231369019
4922,0,0,0.8573694229125977
4923,7,7,0.6510016918182373
4924,7,6,0.8864035606384277
4925,5,5,0.26708337664604187
4926,7,9,0.26788750290870667
4927,1,1,0.7859969735145569
4928,9,9,0.7535378336906433
4929,9,1,0.6797139644622803
4930,1,1,0.9140410423278809
4931,9,8,0.4746195375919342
4932,9,9,0.3315562307834625
4933,3,3,0.30984315276145935
4934,5,5,0.6969398260116577
4935,5,5,0.6137332916259766
4936,3,3,0.3947850465774536
4937,0,0,0.785925030708313
4938,3,9,0.47784221172332764
4939,0,0,0.9672034978866577
4940,6,6,0.7489686012268066
4941,6,6,0.34018033742904663
4942,5,6,0.555141270160675
4943,6,4,0.2588072419166565
4944,8,8,0.9014599919319153
4945,9,9,0.6535431146621704
4946,4,2,0.37309494614601135
4947,5,5,0.4453028440475464
4948,1,1,0.9724308848381042
4949,1,1,0.8024130463600159
4950,2,2,0.9512460231781006
4951,7,4,0.5501171946525574
4952,9,1,0.646187961101532
4953,0,0,0.962240993976593
4954,1,1,0.9056262969970703
4955,2,8,0.5969486832618713
4956,5,3,0.4579038619995117
4957,4,4,0.7858511805534363
4958,4,4,0.6083782315254211
4959,7,9,0.6936660408973694
4960,4,4,0.40690091252326965
4961,8,8,0.9699320793151855
4962,3,9,0.4874945878982544
4963,3,3,0.40928956866264343
4964,5,4,0.361774206161499
4965,3,6,0.3719368278980255
4966,5,5,0.5006387233734131
4967,7,2,0.27427247166633606
4968,0,0,0.9200913310050964
4969,1,1,0.9494059085845947
4970,2,6,0.1974446326494217
4971,9,9,0.9384462833404541
4972,8,9,0.4346662759780884
4973,1,1,0.7622421383857727
4974,7,7,0.5981990098953247
4975,3,3,0.5409702062606812
4976,5,5,0.7111523151397705
4977,9,9,0.901440441608429
4978,1,1,0.46311840415000916
4979,9,9,0.7550812363624573
4980,1,9,0.766254186630249
4981,1,1,0.8986890316009521
4982,3,2,0.29244163632392883
4983,6,6,0.8076044917106628
4984,7,3,0.5005765557289124
4985,4,5,0.30184292793273926
4986,8,9,0.5175436735153198
4987,3,2,0.5235590934753418
4988,5,7,0.26959165930747986
4989,6,6,0.7920326590538025
4990,7,5,0.504218339920044
4991,0,0,0.5586946606636047
4992,1,1,0.9630451798439026
4993,7,8,0.3178551197052002
4994,7,7,0.9772844314575195
4995,2,3,0.5009947419166565
4996,3,2,0.4342437982559204
4997,3,6,0.4914039969444275
4998,5,5,0.4992438554763794
4999,1,1,0.7863051295280457
5000,7,7,0.9992761015892029
5001,6,6,0.966033935546875
5002,8,8,0.7631645798683167
5003,4,7,0.49252262711524963
5004,4,4,0.716560959815979
5005,5,5,0.27835613489151
5006,7,0,0.38141050934791565
5007,3,3,0.6153578758239746
5008,4,4,0.7411921620368958
5009,7,2,0.429702490568161
5010,7,7,0.771362841129303
5011,3,6,0.3540731370449066
5012,6,6,0.44215261936187744
5013,0,2,0.5886817574501038
5014,7,7,0.6811461448669434
5015,2,2,0.6007988452911377
5016,6,6,0.2847580313682556
5017,7,9,0.4448157548904419
5018,4,4,0.31171169877052307
5019,1,1,0.8471671938896179
5020,8,8,0.7398143410682678
5021,0,0,0.9500311613082886
5022,2,2,0.7651811242103577
5023,2,2,0.3742201626300812
5024,1,9,0.6770612001419067
5025,5,5,0.48928001523017883
5026,4,2,0.6514804363250732
5027,0,0,0.7050571441650391
5028,9,9,0.4975273609161377
5029,3,6,0.485667884349823
5030,4,4,0.6558191180229187
5031,4,0,0.6046847105026245
5032,2,2,0.5645273923873901
5033,3,5,0.39138051867485046
5034,8,0,0.7113322615623474
5035,5,5,0.5237444043159485
5036,0,8,0.6044865846633911
5037,0,8,0.817700207233429
5038,4,3,0.2763131260871887
5039,6,6,0.859940767288208
5040,3,2,0.6482952237129211
5041,9,1,0.559995710849762
5042,2,2,0.8119484186172485
5043,0,0,0.4434017539024353
5044,5,2,0.7416245341300964
5045,7,7,0.5235274434089661
5046,5,5,0.37152740359306335
5047,5,5,0.5367307066917419
5048,1,1,0.6835031509399414
5049,7,7,0.8596454858779907
5050,3,2,0.3065313398838043
5051,1,1,0.6490801572799683
5052,6,6,0.4918246269226074
5053,7,5,0.2946840226650238
5054,9,9,0.9637536406517029
5055,0,0,0.9984068274497986
5056,1,1,0.6345849633216858
5057,2,2,0.6335960030555725
5058,1,1,0.7324233055114746
5059,4,4,0.7857563495635986
5060,6,6,0.34652256965637207
5061,1,9,0.35618624091148376
5062,5,2,0.6771247982978821
5063,9,8,0.2950417399406433
5064,5,5,0.7027304768562317
5065,0,0,0.6568059921264648
5066,4,4,0.4879363179206848
5067,9,1,0.8625897169113159
5068,4,2,0.6366294622421265
5069,9,8,0.4826613664627075
5070,7,5,0.5450482964515686
5071,1,2,0.32725152373313904
5072,6,2,0.4052494764328003
5073,8,8,0.9123588800430298
5074,0,8,0.45364850759506226
5075,6,6,0.37506356835365295
5076,5,5,0.52204430103302
5077,0,2,0.4820536673069
5078,8,8,0.5714778304100037
5079,1,8,0.5565760731697083
5080,7,7,0.7228623628616333
5081,5,5,0.7755324244499207
5082,6,6,0.6261999011039734
5083,9,9,0.7160544395446777
5084,3,3,0.49475571513175964
5085,2,6,0.34040236473083496
5086,3,4,0.2973306179046631
5087,9,9,0.40131115913391113
5088,8,3,0.42163658142089844
5089,6,6,0.8541342616081238
5090,1,1,0.84599369764328
5091,0,0,0.6630805134773254
5092,9,9,0.8910500407218933
5093,0,8,0.7225067019462585
5094,9,1,0.4171164929866791
5095,8,8,0.9661024808883667
5096,7,0,0.7426741719245911
5097,7,2,0.38301828503608704
5098,5,7,0.3291880786418915
5099,2,2,0.7306437492370605
5100,3,3,0.36575305461883545
5101,5,5,0.587291955947876
5102,5,2,0.4284866750240326
5103,7,9,0.7813355922698975
5104,8,8,0.9413791298866272
5105,7,7,0.6904876828193665
5106,6,2,0.3945142328739166
5107,9,1,0.7025941014289856
5108,1,1,0.5533376932144165
5109,9,0,0.7339093685150146
5110,8,8,0.7203059792518616
5111,6,6,0.611375093460083
5112,5,2,0.6456409692764282
5113,6,4,0.4817921221256256
5114,7,7,0.9308679699897766
5115,5,5,0.572860062122345
5116,6,6,0.7506659030914307
5117,7,5,0.579870343208313
5118,2,2,0.5271845459938049
5119,5,7,0.5538390278816223
5120,9,8,0.6392534971237183
5121,6,6,0.9305349588394165
5122,6,6,0.336622953414917
5123,7,2,0.40271198749542236
5124,0,0,0.9919514656066895
5125,1,1,0.8273441791534424
5126,0,8,0.2645767033100128
5127,1,1,0.4919336438179016
5128,3,4,0.3590525984764099
5129,2,6,0.890248715877533
5130,5,2,0.38565564155578613
5131,6,6,0.41150781512260437
5132,1,1,0.4077846109867096
5133,2,2,0.7455083727836609
5134,5,6,0.9096106886863708
5135,1,1,0.8460431098937988
5136,9,1,0.46719127893447876
5137,9,1,0.7011608481407166
5138,8,8,0.8123489618301392
5139,6,6,0.7470446228981018
5140,8,8,0.9234846830368042
5141,6,2,0.20734262466430664
5142,8,8,0.9777008891105652
5143,9,9,0.9406741261482239
5144,0,8,0.2759799063205719
5145,4,4,0.6669732928276062
5146,0,6,0.5514765977859497
5147,3,9,0.7217147946357727
5148,3,3,0.4326240122318268
5149,6,6,0.791520893573761
5150,4,4,0.6108376383781433
5151,9,9,0.2272568792104721
5152,9,9,0.4276537597179413
5153,7,4,0.3406956195831299
5154,2,8,0.30705806612968445
5155,3,2,0.6294510364532471
5156,5,8,0.5046110153198242
5157,6,6,0.6997829079627991
5158,4,4,0.7787742614746094
5159,6,6,0.7107053995132446
5160,0,0,0.7542192935943604
5161,3,3,0.7397769093513489
5162,7,5,0.5341162085533142
5163,5,4,0.5673356056213379
5164,0,0,0.7929861545562744
5165,2,2,0.5127846002578735
5166,9,0,0.7192904949188232
5167,2,2,0.8950433731079102
5168,7,7,0.9329158663749695
5169,2,2,0.6921616196632385
5170,9,9,0.9436441659927368
5171,2,2,0.4222426116466522
5172,4,7,0.2885023355484009
5173,0,0,0.9396549463272095
5174,6,6,0.8427180647850037
5175,6,6,0.5606948733329773
5176,3,2,0.4290454685688019
5177,4,4,0.5215909481048584
5178,5,5,0.5626264810562134
5179,5,5,0.5787509679794312
5180,9,9,0.665530264377594
5181,1,1,0.792884886264801
5182,1,1,0.33338114619255066
5183,4,4,0.3903435468673706
5184,4,5,0.5550917983055115
5185,3,9,0.299945205450058
5186,5,5,0.4719565808773041
5187,4,4,0.4185577630996704
5188,8,8,0.9399760961532593
5189,0,0,0.44684457778930664
5190,0,0,0.7238810062408447
5191,3,3,0.5519782900810242
5192,9,1,0.6477246284484863
5193,4,2,0.2970316708087921
5194,7,3,0.4198490381240845
5195,4,4,0.3946094214916229
5196,2,0,0.39685362577438354
5197,8,8,0.29046741127967834
5198,3,0,0.2010430544614792
5199,6,6,0.9073296189308167
5200,3,3,0.5361725091934204
5201,1,8,0.6290993094444275
5202,9,9,0.8278213739395142
5203,6,5,0.28153812885284424
5204,3,3,0.48332956433296204
5205,8,0,0.6333867907524109
5206,3,4,0.3731084167957306
5207,8,2,0.5098424553871155
5208,4,4,0.6776582598686218
5209,7,7,0.9776064157485962
5210,5,3,0.48533371090888977
5211,7,3,0.6479057669639587
5212,5,5,0.3543168008327484
5213,3,3,0.2849980294704437
5214,1,9,0.44216156005859375
5215,2,1,0.6281010508537292
5216,6,6,0.6112355589866638
5217,1,1,0.9806073904037476
5218,3,2,0.4042915105819702
5219,2,2,0.6704369187355042
5220,0,0,0.5771012306213379
5221,7,7,0.6959660649299622
5222,5,5,0.23512330651283264
5223,0,0,0.904369056224823
5224,0,0,0.6826658248901367
5225,0,0,0.8846349716186523
5226,1,1,0.8667731285095215
5227,4,4,0.5394765138626099
5228,3,3,0.48949021100997925
5229,5,2,0.37207868695259094
5230,8,8,0.9087601900100708
5231,4,5,0.3480631709098816
5232,3,2,0.5707974433898926
5233,1,1,0.8746662139892578
5234,7,7,0.8258212208747864
5235,1,4,0.445380836725235
5236,0,8,0.9000492095947266
5237,4,4,0.38455089926719666
5238,2,0,0.5884701013565063
5239,4,0,0.37154820561408997
5240,1,1,0.40344345569610596
5241,4,6,0.5067389607429504
5242,0,0,0.7432512044906616
5243,1,1,0.9276679158210754
5244,2,2,0.6160715818405151
5245,1,1,0.918616533279419
5246,7,5,0.8328925371170044
5247,7,9,0.8727228045463562
5248,9,9,0.9021011590957642
5249,8,8,0.9229488968849182
5250,7,7,0.8904543519020081
5251,5,5,0.8792569637298584
5252,4,4,0.7518637180328369
5253,0,0,0.8953263759613037
5254,9,9,0.5647635459899902
5255,0,0,0.7700156569480896
5256,0,0,0.94721919298172
5257,8,8,0.5465173125267029
5258,2,2,0.6216858625411987
5259,0,1,0.6943310499191284
5260,0,0,0.9018126726150513
5261,2,9,0.833739161491394
5262,4,4,0.47924891114234924
5263,8,8,0.8922557234764099
5264,6,6,0.9896553754806519
5265,2,2,0.3042769134044647
5266,4,4,0.6112053990364075
5267,6,6,0.7146122455596924
5268,3,3,0.20236456394195557
5269,5,5,0.37094810605049133
5270,1,1,0.980171799659729
5271,5,5,0.407927542924881
5272,3,7,0.3700111210346222
5273,7,9,0.6772110462188721
5274,2,2,0.6727287173271179
5275,2,2,0.35675477981567383
5276,9,9,0.3913956582546234
5277,8,1,0.4010964035987854
5278,0,0,0.3452499806880951
5279,0,0,0.9305999875068665
5280,0,8,0.691989004611969
5281,3,7,0.35554003715515137
5282,4,4,0.6196358799934387
5283,4,2,0.4422764480113983
5284,6,6,0.8424988985061646
5285,1,1,0.5499534606933594
5286,6,6,0.693389892578125
5287,7,4,0.30631789565086365
5288,4,4,0.569520115852356
5289,4,2,0.4121607840061188
5290,3,3,0.4066222906112671
5291,9,9,0.5283976197242737
5292,4,4,0.587499737739563
5293,0,0,0.4437568485736847
5294,8,8,0.9079986214637756
5295,0,0,0.6645936369895935
5296,4,4,0.5970264673233032
5297,6,6,0.5390216112136841
5298,5,5,0.5071805119514465
5299,7,7,0.9444897174835205
5300,9,1,0.5266174674034119
5301,7,7,0.7155766487121582
5302,0,0,0.731063187122345
5303,5,3,0.5141443610191345
5304,7,4,0.6857996582984924
5305,7,2,0.3232627511024475
5306,3,2,0.3015930652618408
5307,1,1,0.8316375017166138
5308,9,0,0.2604612112045288
5309,3,3,0.33369794487953186
5310,0,0,0.4138527810573578
5311,9,1,0.35337719321250916
5312,5,5,0.9224997162818909
5313,3,1,0.48376208543777466
5314,7,9,0.4156554937362671
5315,9,9,0.777782142162323
5316,4,4,0.2912738621234894
5317,4,4,0.6088567972183228
5318,1,1,0.48286139965057373
5319,7,7,0.6021485328674316
5320,7,3,0.3503500819206238
5321,1,1,0.7512937784194946
5322,4,4,0.6208174228668213
5323,1,1,0.9939551949501038
5324,2,8,0.4668666124343872
5325,8,8,0.92393559217453
5326,7,7,0.7064144611358643
5327,0,0,0.3635258078575134
5328,0,6,0.34110620617866516
5329,4,8,0.7380729913711548
5330,7,7,0.3165276050567627
5331,2,2,0.5960372686386108
5332,9,9,0.8788690567016602
5333,7,7,0.7427842617034912
5334,6,6,0.6230794191360474
5335,9,1,0.42001622915267944
5336,3,6,0.4102170169353485
5337,5,2,0.5916226506233215
5338,8,8,0.5937958359718323
5339,0,8,0.4613020420074463
5340,3,4,0.6046338677406311
5341,6,2,0.23726901412010193
5342,8,2,0.40143492817878723
5343,3,5,0.49381741881370544
5344,2,3,0.35336512327194214
5345,4,4,0.4232806861400604
5346,7,2,0.22188565135002136
5347,1,1,0.9089498519897461
5348,1,1,0.7724367380142212
5349,3,3,0.2557670474052429
5350,9,1,0.7463303208351135
5351,7,3,0.5251535177230835
5352,5,3,0.2836349606513977
5353,1,9,0.5037205219268799
5354,0,0,0.2207699716091156
5355,8,8,0.9370386600494385
5356,7,7,0.928117573261261
5357,0,8,0.4601723551750183
5358,1,8,0.7514117360115051
5359,6,6,0.414005309343338
5360,9,9,0.5063338279724121
5361,3,8,0.3617773950099945
5362,2,2,0.6606507301330566
5363,7,7,0.872797429561615
5364,7,4,0.49985793232917786
5365,8,6,0.37505415081977844
5366,1,6,0.4142528176307678
5367,0,0,0.6388208270072937
5368,3,4,0.28899267315864563
5369,4,4,0.4835790991783142
5370,6,6,0.45029371976852417
5371,7,7,0.4222047030925751
5372,5,8,0.990349292755127
5373,2,2,0.5760018229484558
5374,0,8,0.8525464534759521
5375,1,9,0.4385034441947937
5376,5,5,0.907349169254303
5377,5,2,0.405547171831131
5378,1,9,0.5625422596931458
5379,4,4,0.3502020835876465
5380,1,1,0.5535170435905457
5381,3,3,0.5492694973945618
5382,0,2,0.49371397495269775
5383,8,8,0.9932170510292053
5384,6,6,0.8948399424552917
5385,2,7,0.5809082388877869
5386,1,1,0.9872689247131348
5387,3,4,0.509660542011261
5388,6,6,0.4877566695213318
5389,4,4,0.5335950255393982
5390,1,1,0.8832076191902161
5391,9,9,0.5999505519866943
5392,0,0,0.7409056425094604
5393,4,7,0.3348209857940674
5394,1,1,0.8936148285865784
5395,0,0,0.6415377855300903
5396,1,1,0.4827394187450409
5397,9,8,0.9801580309867859
5398,8,8,0.45568200945854187
5399,6,8,0.4047320783138275
5400,9,0,0.4412360191345215
5401,2,0,0.45897233486175537
5402,4,4,0.6936533451080322
5403,7,4,0.6551744937896729
5404,2,6,0.5226271748542786
5405,2,0,0.6493545770645142
5406,7,7,0.8994158506393433
5407,4,7,0.4548828899860382
5408,9,9,0.6222745180130005
5409,1,1,0.9547777771949768
5410,3,5,0.2979706823825836
5411,2,6,0.7088661789894104
5412,6,6,0.9745371341705322
5413,3,5,0.6283240914344788
5414,4,4,0.8401107788085938
5415,4,4,0.5259019136428833
5416,9,1,0.8764238953590393
5417,4,7,0.20944947004318237
5418,8,8,0.9506804943084717
5419,2,6,0.7438235282897949
5420,6,6,0.971956193447113
5421,6,6,0.39668411016464233
5422,1,1,0.6134505867958069
5423,6,6,0.9542455077171326
5424,3,3,0.47681909799575806
5425,6,8,0.17909470200538635
5426,5,5,0.4797220528125763
5427,8,8,0.7026501893997192
5428,4,7,0.5631680488586426
5429,6,6,0.9256274700164795
5430,7,7,0.9041092991828918
5431,1,1,0.8309618234634399
5432,9,9,0.5249181985855103
5433,3,5,0.4922318756580353
5434,6,6,0.6100895404815674
5435,7,4,0.5570366978645325
5436,6,4,0.3721220791339874
5437,0,0,0.39159277081489563
5438,7,4,0.5848705172538757
5439,1,1,0.7511507868766785
5440,9,9,0.9787428379058838
5441,5,3,0.6776852011680603
5442,2,2,0.43302229046821594
5443,6,6,0.8060379028320312
5444,7,9,0.7215700745582581
5445,7,7,0.8632224798202515
5446,6,3,0.39663201570510864
5447,5,5,0.66600102186203
5448,9,9,0.5071014761924744
5449,1,1,0.8842318654060364
5450,5,3,0.6489388346672058
5451,6,6,0.7900977730751038
5452,0,0,0.9137230515480042
5453,2,2,0.7582501173019409
5454,0,0,0.8892313838005066
5455,9,6,0.30623364448547363
5456,1,9,0.3349841237068176
5457,8,8,0.9989314675331116
5458,3,4,0.5920224785804749
5459,5,2,0.4124442934989929
5460,0,2,0.336925208568573
5461,0,3,0.3781890571117401
5462,0,2,0.6036359667778015
5463,5,5,0.28716763854026794
5464,7,1,0.2634202837944031
5465,7,7,0.7587724328041077
5466,8,2,0.38492563366889954
5467,5,9,0.5017604231834412
5468,5,5,0.3177262246608734
5469,5,3,0.4248184859752655
5470,1,1,0.8161749839782715
5471,6,6,0.893052875995636
5472,1,1,0.5584133863449097
5473,5,5,0.7741836309432983
5474,1,1,0.44355276226997375
5475,0,0,0.9667963981628418
5476,6,6,0.7559307217597961
5477,2,0,0.2978852391242981
5478,3,3,0.610885739326477
5479,2,2,0.4784875810146332
5480,1,1,0.971977949142456
5481,7,2,0.2877073884010315
5482,5,7,0.5356258749961853
5483,1,9,0.7747846245765686
5484,9,9,0.7202067375183105
5485,8,8,0.9394071698188782
5486,3,3,0.38833826780319214
5487,6,4,0.30743077397346497
5488,9,9,0.8945063352584839
5489,7,5,0.29273131489753723
5490,3,5,0.562752366065979
5491,0,0,0.8853892683982849
5492,2,7,0.3200473487377167
5493,3,7,0.3136986494064331
5494,9,9,0.7362383008003235
5495,4,7,0.5852537751197815
5496,4,6,0.9056492447853088
5497,3,4,0.5707235932350159
5498,9,9,0.5373689532279968
5499,6,6,0.40632835030555725
5500,8,1,0.5145303606987
5501,6,6,0.9588184952735901
5502,6,6,0.8716529011726379
5503,8,8,0.6321929693222046
5504,5,2,0.7502651810646057
5505,4,6,0.7093514204025269
5506,3,6,0.23717166483402252
5507,6,6,0.4932224452495575
5508,7,7,0.5501182079315186
5509,7,7,0.619672417640686
5510,4,4,0.4578085243701935
5511,3,6,0.894317626953125
5512,9,9,0.19826848804950714
5513,6,6,0.7845499515533447
5514,2,2,0.6052447557449341
5515,4,2,0.3248187303543091
5516,0,2,0.6051762104034424
5517,1,5,0.31939220428466797
5518,3,8,0.36539068818092346
5519,6,6,0.5985201597213745
5520,4,6,0.4606809616088867
5521,9,1,0.9571120142936707
5522,2,2,0.30241402983665466
5523,6,6,0.5456020832061768
5524,0,0,0.8721514940261841
5525,3,0,0.7404704093933105
5526,8,8,0.9964375495910645
5527,7,0,0.2568546533584595
5528,5,7,0.535657525062561
5529,3,8,0.5778169631958008
5530,3,1,0.5509424209594727
5531,8,8,0.9934991598129272
5532,3,6,0.37872031331062317
5533,2,2,0.5603832006454468
5534,6,2,0.4221174716949463
5535,3,3,0.48245349526405334
5536,6,6,0.3268113136291504
5537,2,3,0.519314706325531
5538,7,7,0.3004138171672821
5539,4,3,0.39916273951530457
5540,5,2,0.3636280596256256
5541,7,7,0.8012747168540955
5542,9,9,0.5510885119438171
5543,0,0,0.9421079158782959
5544,0,1,0.32754284143447876
5545,6,2,0.2917381525039673
5546,7,7,0.9603273272514343
5547,2,8,0.6980574727058411
5548,8,0,0.36341845989227295
5549,5,2,0.297834187746048
5550,5,6,0.47185441851615906
5551,7,9,0.4363250732421875
5552,5,3,0.30611568689346313
5553,5,5,0.3299018442630768
5554,9,8,0.554462194442749
5555,4,3,0.28508415818214417
5556,6,6,0.3134787380695343
5557,4,3,0.3368450105190277
5558,7,2,0.35570117831230164
5559,3,2,0.8111879229545593
5560,3,5,0.30933529138565063
5561,6,6,0.9420878291130066
5562,4,7,0.7074287533760071
5563,1,2,0.39357998967170715
5564,6,9,0.44274649024009705
5565,3,4,0.5246875882148743
5566,1,9,0.6569887399673462
5567,6,6,0.5739845037460327
5568,7,7,0.8783976435661316
5569,0,0,0.31868091225624084
5570,5,5,0.8104958534240723
5571,0,7,0.584862232208252
5572,1,9,0.8171786665916443
5573,9,1,0.3586360514163971
5574,7,7,0.9723466634750366
5575,3,3,0.37065935134887695
5576,5,3,0.45825305581092834
5577,2,2,0.40612319111824036
5578,3,3,0.453784316778183
5579,9,7,0.8516132831573486
5580,5,6,0.5054003596305847
5581,6,5,0.4689193367958069
5582,4,4,0.3452655076980591
5583,0,0,0.864277184009552
5584,0,0,0.9879341125488281
5585,0,0,0.5936349630355835
5586,8,0,0.5376973152160645
5587,0,0,0.9192169904708862
5588,3,3,0.5168436169624329
5589,2,2,0.6604719161987305
5590,4,2,0.4659090042114258
5591,5,2,0.5752578973770142
5592,3,5,0.47593367099761963
5593,7,9,0.8841350674629211
5594,9,9,0.4361240863800049
5595,6,6,0.4270351231098175
5596,9,9,0.749742865562439
5597,3,8,0.8625761866569519
5598,1,1,0.9057294726371765
5599,2,2,0.4786815047264099
5600,6,6,0.5324205756187439
5601,7,7,0.4906468093395233
5602,4,6,0.44452381134033203
5603,5,4,0.5060628056526184
5604,1,1,0.9713844656944275
5605,3,3,0.44127050042152405
5606,7,7,0.93855881690979
5607,6,0,0.755752444267273
5608,9,9,0.9031808972358704
5609,5,4,0.2707919478416443
5610,8,9,0.38756901025772095
5611,5,5,0.7146404385566711
5612,8,8,0.9846749305725098
5613,5,7,0.38767290115356445
5614,8,8,0.6229748725891113
5615,5,5,0.5171093344688416
5616,6,6,0.7539928555488586
5617,5,5,0.7446315288543701
5618,0,9,0.5617971420288086
5619,8,9,0.5290690064430237
5620,3,2,0.4858826696872711
5621,8,9,0.5893180966377258
5622,1,1,0.814838707447052
5623,8,8,0.8171031475067139
5624,1,1,0.9656868577003479
5625,5,5,0.8389224410057068
5626,0,4,0.27339211106300354
5627,9,9,0.8200218677520752
5628,8,1,0.825437068939209
5629,6,6,0.7303687930107117
5630,3,8,0.2785414457321167
5631,6,6,0.28622201085090637
5632,3,1,0.6013045310974121
5633,4,5,0.3301844894886017
5634,4,2,0.6800944209098816
5635,7,7,0.7673556208610535
5636,4,4,0.7188082933425903
5637,7,7,0.8150930404663086
5638,4,6,0.4420628249645233
5639,3,7,0.5343087315559387
5640,2,5,0.49221184849739075
5641,4,6,0.5909289717674255
5642,5,7,0.5893756747245789
5643,5,5,0.39907607436180115
5644,7,7,0.534846842288971
5645,5,3,0.4846469759941101
5646,4,8,0.8754442930221558
5647,5,3,0.4097020924091339
5648,8,4,0.35946527123451233
5649,0,0,0.3134750425815582
5650,5,4,0.5804465413093567
5651,4,2,0.412514865398407
5652,0,0,0.9144267439842224
5653,5,5,0.868678092956543
5654,4,7,0.5628002285957336
5655,3,8,0.3960912823677063
5656,3,2,0.42475277185440063
5657,2,1,0.3360956907272339
5658,4,2,0.4362735152244568
5659,2,2,0.3864198923110962
5660,9,9,0.6627674698829651
5661,4,7,0.5848459601402283
5662,8,8,0.381217360496521
5663,8,8,0.8395256996154785
5664,6,6,0.5669256448745728
5665,2,0,0.6640816926956177
5666,6,6,0.9378311634063721
5667,1,1,0.8831077814102173
5668,7,7,0.964844286441803
5669,0,0,0.5496860146522522
5670,4,7,0.39428144693374634
5671,3,6,0.39347732067108154
5672,8,8,0.5739021301269531
5673,5,5,0.7443923950195312
5674,9,9,0.35531851649284363
5675,7,7,0.8244389891624451
5676,6,6,0.6475861668586731
5677,7,7,0.35415831208229065
5678,1,8,0.4969008266925812
5679,0,0,0.8460044860839844
5680,2,8,0.2712487578392029
5681,3,5,0.5441344976425171
5682,5,5,0.46172404289245605
5683,6,6,0.3251403868198395
5684,7,7,0.6706342101097107
5685,1,1,0.9261119365692139
5686,6,4,0.47372010350227356
5687,2,2,0.5342628359794617
5688,8,8,0.8938660025596619
5689,3,3,0.5075213313102722
5690,7,7,0.36428016424179077
5691,2,2,0.5850639939308167
5692,5,5,0.7725325226783752
5693,7,7,0.7302471399307251
5694,5,5,0.7589280009269714
5695,7,7,0.8605546355247498
5696,7,7,0.9856201410293579
5697,1,1,0.869216799736023
5698,7,5,0.5978544354438782
5699,4,4,0.922705888748169
5700,3,5,0.2763337194919586
5701,3,3,0.47320589423179626
5702,4,4,0.6079500317573547
5703,0,1,0.7984670400619507
5704,4,4,0.8490265607833862
5705,2,2,0.6899396777153015
5706,7,7,0.9606806635856628
5707,0,0,0.7968955039978027
5708,2,2,0.4500322937965393
5709,2,5,0.4714018404483795
5710,6,6,0.42634955048561096
5711,6,6,0.7280765771865845
5712,2,2,0.5646916031837463
5713,5,5,0.9320999979972839
5714,2,2,0.5412954092025757
5715,6,6,0.7618885636329651
5716,0,0,0.7620099782943726
5717,6,9,0.3801158666610718
5718,1,1,0.7182816863059998
5719,2,3,0.27456843852996826
5720,9,9,0.9728859663009644
5721,0,0,0.7789755463600159
5722,0,8,0.5336855053901672
5723,1,1,0.890092670917511
5724,5,5,0.3860349655151367
5725,5,2,0.28002750873565674
5726,1,1,0.8316208720207214
5727,6,6,0.8751429915428162
5728,7,7,0.7546747326850891
5729,8,8,0.47763195633888245
5730,5,1,0.44201022386550903
5731,6,6,0.8324588537216187
5732,3,3,0.5934268832206726
5733,3,3,0.32784363627433777
5734,6,6,0.615850031375885
5735,0,0,0.841119647026062
5736,9,1,0.2883390486240387
5737,9,9,0.797080934047699
5738,2,2,0.6455090045928955
5739,2,6,0.9047074913978577
5740,6,6,0.7286085486412048
5741,1,1,0.5053440928459167
5742,4,6,0.5466997623443604
5743,6,6,0.8086950182914734
5744,2,2,0.4381442368030548
5745,5,5,0.4295673370361328
5746,7,7,0.9780147075653076
5747,8,8,0.7043539881706238
5748,8,8,0.844807505607605
5749,5,3,0.43178048729896545
5750,6,6,0.4074246287345886
5751,4,4,0.2683703303337097
5752,3,0,0.2903394103050232
5753,2,2,0.6733981966972351
5754,3,5,0.4208087623119354
5755,4,6,0.5476012825965881
5756,4,4,0.35982075333595276
5757,4,4,0.34890466928482056
5758,8,8,0.9011175036430359
5759,9,9,0.7304721474647522
5760,2,2,0.5929211974143982
5761,6,6,0.9765890836715698
5762,0,8,0.8077658414840698
5763,9,9,0.5069923400878906
5764,7,7,0.5619550943374634
5765,9,9,0.8573541641235352
5766,8,8,0.8944447040557861
5767,7,7,0.8513901829719543
5768,7,7,0.7486630082130432
5769,3,2,0.4469239115715027
5770,8,8,0.9891411066055298
5771,2,2,0.6790099143981934
5772,9,9,0.7403005361557007
5773,3,6,0.38657253980636597
5774,5,5,0.37775757908821106
5775,7,7,0.7036065459251404
5776,5,5,0.3097090721130371
5777,8,8,0.9786790013313293
5778,7,7,0.9528785347938538
5779,3,3,0.2883279025554657
5780,7,7,0.8528006076812744
5781,0,0,0.437226265668869
5782,7,7,0.9940098524093628
5783,1,0,0.5047558546066284
5784,6,6,0.8519601225852966
5785,2,2,0.8322136402130127
5786,4,2,0.7676560878753662
5787,0,9,0.46891018748283386
5788,0,0,0.7640823721885681
5789,2,5,0.5119432806968689
5790,9,9,0.7577069997787476
5791,8,8,0.6895946264266968
5792,2,6,0.5775597095489502
5793,8,8,0.6959772109985352
5794,7,9,0.4306565821170807
5795,7,4,0.524684488773346
5796,5,5,0.4000156819820404
5797,5,8,0.27610594034194946
5798,0,0,0.5747752785682678
5799,1,1,0.5499569177627563
5800,2,7,0.3330942988395691
5801,9,1,0.6063079833984375
5802,6,2,0.547709047794342
5803,1,1,0.8961533308029175
5804,0,0,0.7167988419532776
5805,1,1,0.8137887716293335
5806,0,0,0.5597108602523804
5807,6,6,0.9429581165313721
5808,5,3,0.36914706230163574
5809,0,2,0.3888036608695984
5810,5,5,0.725615382194519
5811,7,2,0.3068084120750427
5812,4,2,0.3270314037799835
5813,4,4,0.5525133609771729
5814,8,2,0.41735488176345825
5815,3,3,0.5184258818626404
5816,5,5,0.613021731376648
5817,3,4,0.5757456421852112
5818,7,7,0.9544987082481384
5819,2,0,0.7151059508323669
5820,5,5,0.4436127841472626
5821,8,2,0.40483778715133667
5822,3,9,0.22114679217338562
5823,5,5,0.5784940123558044
5824,7,9,0.8074225783348083
5825,3,2,0.4498102366924286
5826,7,3,0.3251078426837921
5827,0,0,0.7131420373916626
5828,5,5,0.9332202672958374
5829,4,4,0.7953537702560425
5830,5,6,0.7506813406944275
5831,6,2,0.4752102494239807
5832,9,9,0.2464560866355896
5833,3,2,0.3047826886177063
5834,5,5,0.6098876595497131
5835,3,0,0.2695696949958801
5836,8,8,0.7152305841445923
5837,2,3,0.4279164671897888
5838,4,9,0.5623429417610168
5839,2,6,0.6261026263237
5840,2,2,0.45715251564979553
5841,6,6,0.9351322054862976
5842,7,2,0.8792912364006042
5843,6,6,0.9501603245735168
5844,0,0,0.9273741245269775
5845,5,5,0.5615862011909485
5846,5,5,0.6435432434082031
5847,8,1,0.6538258790969849
5848,4,3,0.5507393479347229
5849,5,2,0.408541738986969
5850,6,2,0.8384394645690918
5851,1,1,0.8389516472816467
5852,3,2,0.3472859263420105
5853,5,3,0.531246542930603
5854,4,9,0.17763666808605194
5855,7,2,0.8376082181930542
5856,3,5,0.7921628952026367
5857,0,0,0.5059353709220886
5858,7,7,0.9729218482971191
5859,2,2,0.7732405662536621
5860,0,0,0.8493388295173645
5861,1,1,0.5090567469596863
5862,2,0,0.29681313037872314
5863,4,7,0.4737298786640167
5864,9,1,0.7731438279151917
5865,6,6,0.36538615822792053
5866,4,4,0.8843706846237183
5867,5,5,0.6417471766471863
5868,9,0,0.3741436004638672
5869,7,0,0.2526795566082001
5870,7,7,0.5351662039756775
5871,6,2,0.5038252472877502
5872,7,2,0.6138518452644348
5873,4,7,0.5802611112594604
5874,3,6,0.35414785146713257
5875,1,1,0.9698868989944458
5876,6,6,0.5963181853294373
5877,9,9,0.9327360391616821
5878,4,2,0.5148621797561646
5879,8,8,0.8780952095985413
5880,0,8,0.5825946927070618
5881,3,5,0.7419067621231079
5882,1,1,0.7337555289268494
5883,6,6,0.31316882371902466
5884,4,4,0.3482517600059509
5885,4,4,0.8037914633750916
5886,2,4,0.3467979431152344
5887,1,1,0.9790913462638855
5888,4,5,0.4037764370441437
5889,6,2,0.564145565032959
5890,3,2,0.7081355452537537
5891,0,0,0.6887359023094177
5892,8,0,0.4861717224121094
5893,9,0,0.3238268196582794
5894,7,7,0.6797971725463867
5895,6,6,0.9675421714782715
5896,8,9,0.599689781665802
5897,4,4,0.7893263101577759
5898,8,8,0.8441023230552673
5899,1,1,0.7043182253837585
5900,4,2,0.2898380160331726
5901,5,6,0.4777661859989166
5902,9,9,0.6518789529800415
5903,4,0,0.7814140319824219
5904,7,6,0.7599217295646667
5905,1,1,0.9969151020050049
5906,4,4,0.6413818597793579
5907,5,6,0.8079357147216797
5908,3,7,0.4209836721420288
5909,1,9,0.48125016689300537
5910,2,9,0.3302394449710846
5911,6,6,0.6142400503158569
5912,4,4,0.3133438229560852
5913,7,7,0.9415590763092041
5914,1,1,0.6455798745155334
5915,5,3,0.6148888468742371
5916,9,9,0.8394955992698669
5917,3,2,0.5056118965148926
5918,1,1,0.7764385342597961
5919,4,0,0.5331203937530518
5920,8,8,0.30358654260635376
5921,7,7,0.5550563931465149
5922,7,7,0.405318945646286
5923,0,8,0.4264272153377533
5924,4,5,0.34745725989341736
5925,3,7,0.3396725654602051
5926,4,2,0.6901382803916931
5927,6,6,0.5253675580024719
5928,7,3,0.3146972060203552
5929,7,7,0.9404585361480713
5930,5,2,0.47607526183128357
5931,4,2,0.33103248476982117
5932,4,4,0.6368025541305542
5933,4,8,0.4503712058067322
5934,3,7,0.9560245871543884
5935,6,6,0.9430888891220093
5936,6,6,0.4316096603870392
5937,1,1,0.804513156414032
5938,9,9,0.5279310345649719
5939,9,9,0.6397852897644043
5940,7,2,0.37183907628059387
5941,9,9,0.4377148449420929
5942,4,4,0.7105278968811035
5943,3,2,0.4156102240085602
5944,2,2,0.4625774919986725
5945,9,0,0.8187962770462036
5946,8,8,0.8984848856925964
5947,5,5,0.9732937812805176
5948,0,0,0.8101497292518616
5949,6,6,0.9960355162620544
5950,9,1,0.6663567423820496
5951,0,0,0.9703458547592163
5952,9,9,0.5003677606582642
5953,7,5,0.6149375438690186
5954,8,8,0.8058738112449646
5955,5,2,0.34906312823295593
5956,4,7,0.37654152512550354
5957,4,6,0.4501286447048187
5958,9,9,0.851134181022644
5959,4,8,0.5572066903114319
5960,2,6,0.5362824201583862
5961,6,2,0.5068480372428894
5962,6,9,0.41171881556510925
5963,9,9,0.5535351634025574
5964,9,1,0.643336832523346
5965,7,7,0.8450478911399841
5966,9,9,0.9865826964378357
5967,9,9,0.9366321563720703
5968,0,0,0.4246973395347595
5969,5,7,0.35663312673568726
5970,1,1,0.9443932771682739
5971,1,1,0.9706440567970276
5972,8,0,0.9248828887939453
5973,6,6,0.4666111171245575
5974,9,9,0.8108440041542053
5975,9,9,0.8478376269340515
5976,5,5,0.5815764665603638
5977,6,6,0.8905335664749146
5978,5,3,0.4427223205566406
5979,5,3,0.39656201004981995
5980,9,9,0.9643666744232178
5981,7,7,0.664176881313324
5982,9,9,0.9195036888122559
5983,4,7,0.683352530002594
5984,5,5,0.43298250436782837
5985,4,4,0.3882052004337311
5986,3,9,0.40045055747032166
5987,3,2,0.5417453646659851
5988,9,9,0.958545446395874
5989,8,8,0.9966548681259155
5990,8,8,0.44136181473731995
5991,3,2,0.5161503553390503
5992,4,7,0.7043523192405701
5993,8,8,0.9866732358932495
5994,4,5,0.3291589915752411
5995,0,8,0.5403887629508972
5996,4,2,0.47476083040237427
5997,0,0,0.28104376792907715
5998,7,7,0.42286643385887146
5999,2,2,0.3617272675037384
6000,8,8,0.46143248677253723
6001,0,9,0.5141554474830627
6002,2,2,0.9478962421417236
6003,0,0,0.9405040740966797
6004,7,7,0.6751347184181213
6005,4,7,0.37847626209259033
6006,0,0,0.43859389424324036
6007,6,6,0.8874642848968506
6008,3,2,0.7716979384422302
6009,3,7,0.2736798822879791
6010,1,9,0.3333960771560669
6011,7,6,0.41686397790908813
6012,4,4,0.4439795911312103
6013,6,4,0.373386949300766
6014,5,0,0.3249966502189636
6015,0,8,0.501878559589386
6016,4,6,0.8162952065467834
6017,9,9,0.5637022852897644
6018,5,6,0.6455694437026978
6019,6,6,0.9257897734642029
6020,6,7,0.2376222461462021
6021,3,3,0.5086392164230347
6022,0,0,0.2812148630619049
6023,5,5,0.3860122859477997
6024,2,5,0.4114258587360382
6025,6,4,0.3155205249786377
6026,3,6,0.6417245864868164
6027,3,3,0.5365649461746216
6028,8,9,0.43991708755493164
6029,0,0,0.720002293586731
6030,8,1,0.6463269591331482
6031,5,3,0.32091450691223145
6032,4,4,0.46808508038520813
6033,2,2,0.6689276695251465
6034,9,2,0.37535935640335083
6035,5,5,0.45798879861831665
6036,0,0,0.9900817275047302
6037,5,5,0.755656898021698
6038,4,4,0.29155272245407104
6039,8,8,0.7325464487075806
6040,2,7,0.4102621376514435
6041,7,9,0.3372866213321686
6042,6,2,0.2764931917190552
6043,5,5,0.5079299211502075
6044,7,7,0.5705572962760925
6045,8,8,0.9965499639511108
6046,2,2,0.7814299464225769
6047,0,0,0.8935268521308899
6048,1,1,0.9306816458702087
6049,8,8,0.9677495360374451
6050,2,4,0.28522229194641113
6051,4,4,0.3968164026737213
6052,8,8,0.9796486496925354
6053,4,4,0.42843097448349
6054,3,2,0.4352715015411377
6055,0,0,0.6574779748916626
6056,4,5,0.32913875579833984
6057,0,0,0.6195144653320312
6058,1,1,0.987352728843689
6059,9,9,0.8826970458030701
6060,3,4,0.25902774930000305
6061,0,8,0.4517528712749481
6062,3,2,0.31240949034690857
6063,6,4,0.3173551559448242
6064,5,5,0.453755259513855
6065,5,2,0.49516814947128296
6066,2,2,0.3652525544166565
6067,8,8,0.7742366790771484
6068,5,3,0.3873332142829895
6069,0,8,0.4822468161582947
6070,8,8,0.5944568514823914
6071,7,2,0.3621322214603424
6072,5,6,0.4278518855571747
6073,2,2,0.6013675928115845
6074,4,4,0.6613906025886536
6075,3,6,0.41351065039634705
6076,7,7,0.6454229354858398
6077,0,5,0.24731668829917908
6078,2,2,0.4667830169200897
6079,3,5,0.5761950612068176
6080,1,1,0.987545907497406
6081,0,0,0.5889431238174438
6082,0,0,0.6939778327941895
6083,2,2,0.2471676468849182
6084,1,1,0.8142267465591431
6085,2,6,0.40410202741622925
6086,1,1,0.6449127197265625
6087,4,6,0.458119660615921
6088,6,6,0.6956782341003418
6089,7,4,0.5960555672645569
6090,1,1,0.7977343797683716
6091,0,8,0.5213286876678467
6092,5,3,0.3925457298755646
6093,2,6,0.32670697569847107
6094,5,5,0.5196830034255981
6095,9,9,0.6751383543014526
6096,2,2,0.7809299230575562
6097,5,5,0.5384833812713623
6098,6,6,0.7363197207450867
6099,7,7,0.669876217842102
6100,1,1,0.8689121007919312
6101,9,9,0.5030485391616821
6102,3,1,0.5433380603790283
6103,6,6,0.46446409821510315
6104,1,1,0.9745121002197266
6105,0,0,0.8589457869529724
6106,2,2,0.8794897198677063
6107,9,9,0.9007371068000793
6108,4,2,0.47413963079452515
6109,2,2,0.5398698449134827
6110,9,9,0.9845132231712341
6111,3,2,0.39697563648223877
6112,8,8,0.838217556476593
6113,2,5,0.5895402431488037
6114,9,9,0.5080891251564026
6115,8,8,0.8207500576972961
6116,5,5,0.5138206481933594
6117,1,1,0.9465897083282471
6118,0,2,0.45018500089645386
6119,1,1,0.8486273884773254
6120,5,5,0.8048003315925598
6121,2,5,0.8611671924591064
6122,5,6,0.26810747385025024
6123,6,6,0.4255782961845398
6124,8,8,0.4212901294231415
6125,8,9,0.554300844669342
6126,3,3,0.524174690246582
6127,5,2,0.7399740815162659
6128,0,0,0.7325542569160461
6129,4,5,0.5030408501625061
6130,1,1,0.6352266669273376
6131,3,6,0.3836362063884735
6132,7,7,0.31995153427124023
6133,0,0,0.6707151532173157
6134,3,8,0.32411712408065796
6135,3,3,0.30894649028778076
6136,9,2,0.4356580078601837
6137,2,7,0.39726224541664124
6138,3,2,0.6990928053855896
6139,9,9,0.934844434261322
6140,9,9,0.9633378386497498
6141,8,8,0.9735295176506042
6142,5,5,0.3929399847984314
6143,9,9,0.6715041995048523
6144,7,7,0.45658260583877563
6145,2,3,0.7074694633483887
6146,0,1,0.27800923585891724
6147,9,9,0.7974466681480408
6148,4,4,0.7980301380157471
6149,7,7,0.9964559674263
6150,1,1,0.632883608341217
6151,7,6,0.32847529649734497
6152,6,6,0.8919642567634583
6153,4,7,0.5547632575035095
6154,4,0,0.3901405930519104
6155,8,0,0.5297620296478271
6156,9,9,0.9584007859230042
6157,0,2,0.6501632928848267
6158,7,8,0.31062060594558716
6159,1,1,0.9159232974052429
6160,2,4,0.48160994052886963
6161,4,4,0.6614941954612732
6162,0,2,0.5187862515449524
6163,3,3,0.2778142988681793
6164,7,7,0.46907126903533936
6165,5,2,0.5622445940971375
6166,1,2,0.3767959177494049
6167,9,7,0.4911298155784607
6168,3,8,0.4424091875553131
6169,5,8,0.34409043192863464
6170,2,2,0.7552809715270996
6171,4,4,0.5074898600578308
6172,1,1,0.9211203455924988
6173,1,1,0.9739557504653931
6174,3,5,0.3046911060810089
6175,3,9,0.4888277053833008
6176,9,9,0.7762939929962158
6177,2,2,0.6240420937538147
6178,5,2,0.36131468415260315
6179,8,8,0.6107056140899658
6180,0,0,0.5968459844589233
6181,8,8,0.5345869660377502
6182,1,1,0.8894496560096741
6183,5,5,0.8723821640014648
6184,1,1,0.6143923401832581
6185,5,5,0.614670991897583
6186,9,9,0.8738190531730652
6187,0,0,0.40396636724472046
6188,9,1,0.6732934713363647
6189,2,2,0.547157347202301
6190,4,4,0.4545360803604126
6191,0,2,0.2487575113773346
6192,6,6,0.9080170392990112
6193,9,9,0.9006421566009521
6194,1,8,0.5559561848640442
6195,1,8,0.32422205805778503
6196,3,8,0.44907745718955994
6197,4,3,0.33811497688293457
6198,9,9,0.8240227103233337
6199,5,5,0.7641903162002563
6200,3,2,0.3924064040184021
6201,3,6,0.3146836459636688
6202,3,2,0.31291306018829346
6203,3,5,0.30307796597480774
6204,4,7,0.656963050365448
6205,1,1,0.7027974724769592
6206,5,3,0.701093316078186
6207,9,9,0.9612411260604858
6208,8,8,0.9088789224624634
6209,7,7,0.7673138380050659
6210,4,3,0.6047958731651306
6211,8,8,0.9888498187065125
6212,7,7,0.38937944173812866
6213,3,4,0.47816306352615356
6214,5,5,0.5690128803253174
6215,2,2,0.3694091737270355
6216,5,2,0.2879200279712677
6217,8,8,0.891512930393219
6218,9,9,0.5338121652603149
6219,7,7,0.8956055641174316
6220,2,5,0.40193650126457214
6221,0,8,0.5584790110588074
6222,0,0,0.9507330656051636
6223,7,7,0.9179071187973022
6224,5,5,0.9127450585365295
6225,3,6,0.35537001490592957
6226,5,5,0.8607938289642334
6227,7,5,0.6425394415855408
6228,4,7,0.49213775992393494
6229,6,6,0.41118624806404114
6230,2,2,0.7932693958282471
6231,8,8,0.41491222381591797
6232,2,9,0.8420724868774414
6233,7,7,0.992687463760376
6234,7,2,0.8097630143165588
6235,6,3,0.5125029683113098
6236,1,8,0.4107503294944763
6237,3,6,0.36693868041038513
6238,8,8,0.8954830765724182
6239,6,6,0.5522042512893677
6240,2,2,0.6583794355392456
6241,0,2,0.3338836133480072
6242,4,0,0.5398539900779724
6243,4,6,0.50678551197052
6244,8,8,0.7137009501457214
6245,6,9,0.30330875515937805
6246,4,4,0.6961979866027832
6247,0,0,0.7096784114837646
6248,2,2,0.674771249294281
6249,5,5,0.5143364667892456
6250,4,4,0.3248578906059265
6251,1,9,0.41126033663749695
6252,2,2,0.6344630122184753
6253,5,4,0.41693148016929626
6254,4,4,0.830819308757782
6255,6,4,0.7002468705177307
6256,9,9,0.8005903959274292
6257,5,5,0.37983018159866333
6258,0,0,0.5586104393005371
6259,5,2,0.43915843963623047
6260,2,2,0.5042664408683777
6261,0,0,0.5714074969291687
6262,8,0,0.48908403515815735
6263,2,2,0.7123596668243408
6264,6,4,0.6711307168006897
6265,4,4,0.8380088806152344
6266,7,7,0.9832977056503296
6267,9,9,0.8136231899261475
6268,5,2,0.3396666646003723
6269,7,7,0.8795247673988342
6270,2,6,0.9063740372657776
6271,6,6,0.34527188539505005
6272,2,5,0.36387085914611816
6273,1,8,0.3275589942932129
6274,9,9,0.7326894998550415
6275,9,9,0.7855329513549805
6276,7,7,0.9540334343910217
6277,2,4,0.35735926032066345
6278,5,5,0.41495805978775024
6279,1,1,0.975649356842041
6280,8,2,0.25676095485687256
6281,1,1,0.8271065950393677
6282,6,6,0.4370068609714508
6283,3,3,0.5832579731941223
6284,0,7,0.35706067085266113
6285,8,0,0.461537629365921
6286,8,9,0.6749261617660522
6287,5,5,0.5181083083152771
6288,6,6,0.7302505970001221
6289,9,1,0.5560110807418823
6290,9,9,0.44545966386795044
6291,9,9,0.7233756184577942
6292,6,7,0.3620145916938782
6293,3,3,0.23008672893047333
6294,0,0,0.7550570964813232
6295,8,8,0.5916691422462463
6296,8,8,0.9820513725280762
6297,5,5,0.9170536398887634
6298,3,5,0.4046787917613983
6299,3,2,0.6093794107437134
6300,1,1,0.5721215605735779
6301,1,1,0.9524255394935608
6302,0,9,0.5666025280952454
6303,7,7,0.3883045017719269
6304,0,0,0.8197162747383118
6305,6,4,0.40786898136138916
6306,0,9,0.46071770787239075
6307,4,7,0.28261667490005493
6308,4,4,0.4282256066799164
6309,6,6,0.8599045276641846
6310,5,5,0.9251652956008911
6311,3,3,0.31560689210891724
6312,2,2,0.570258617401123
6313,9,9,0.8512733578681946
6314,6,6,0.9072394371032715
6315,6,1,0.9296114444732666
6316,7,7,0.5110841393470764
6317,9,9,0.5668774247169495
6318,7,7,0.7471954822540283
6319,7,7,0.8388131260871887
6320,0,0,0.5616687536239624
6321,8,8,0.7116126418113708
6322,4,7,0.8512170910835266
6323,2,2,0.9055867791175842
6324,7,7,0.9842469692230225
6325,7,7,0.9924867153167725
6326,7,4,0.4289507567882538
6327,4,4,0.5002524852752686
6328,0,0,0.8363375663757324
6329,1,1,0.4917360544204712
6330,6,6,0.8206824660301208
6331,0,0,0.7015207409858704
6332,5,7,0.5031928420066833
6333,3,3,0.6315325498580933
6334,0,2,0.45266640186309814
6335,2,4,0.5315902829170227
6336,4,4,0.8777411580085754
6337,9,9,0.9673948884010315
6338,7,5,0.3322482705116272
6339,3,3,0.51390141248703
6340,3,7,0.2946286201477051
6341,2,2,0.33298802375793457
6342,8,8,0.5862078070640564
6343,8,8,0.9582080841064453
6344,5,4,0.31003227829933167
6345,3,4,0.2800390124320984
6346,8,8,0.8635514378547668
6347,0,0,0.907191276550293
6348,8,8,0.9925009608268738
6349,0,0,0.4186740219593048
6350,0,0,0.6497013568878174
6351,0,0,0.7402371764183044
6352,2,2,0.526785671710968
6353,2,7,0.4104410707950592
6354,7,7,0.4835619330406189
6355,0,0,0.5435931086540222
6356,7,7,0.5358815789222717
6357,7,7,0.8248297572135925
6358,7,9,0.696916401386261
6359,2,2,0.7188456058502197
6360,2,2,0.57313472032547
6361,0,8,0.4557057023048401
6362,4,4,0.9745012521743774
6363,0,0,0.96401447057724
6364,3,8,0.8142890334129333
6365,7,7,0.546538770198822
6366,8,8,0.3841360807418823
6367,4,4,0.6294742226600647
6368,7,7,0.9132120609283447
6369,9,9,0.5161373019218445
6370,6,3,0.4893557131290436
6371,1,9,0.7681766152381897
6372,1,1,0.5462132096290588
6373,6,6,0.4862426817417145
6374,9,9,0.5717406272888184
6375,3,5,0.47759225964546204
6376,8,8,0.7714018821716309
6377,9,9,0.6585292816162109
6378,5,7,0.5735206007957458
6379,8,8,0.6090807318687439
6380,3,5,0.36092686653137207
6381,9,1,0.814984142780304
6382,4,3,0.408810555934906
6383,3,2,0.5554836392402649
6384,7,7,0.4171309769153595
6385,5,5,0.42084482312202454
6386,5,2,0.2879679203033447
6387,2,3,0.26993072032928467
6388,7,2,0.43325546383857727
6389,5,5,0.5794505476951599
6390,7,7,0.9829391241073608
6391,9,9,0.7228622436523438
6392,6,6,0.37786775827407837
6393,3,2,0.4070442020893097
6394,0,0,0.32473939657211304
6395,8,8,0.7745000123977661
6396,4,6,0.6866402626037598
6397,5,5,0.3173942267894745
6398,6,4,0.40749603509902954
6399,1,1,0.5285473465919495
6400,0,8,0.3454250693321228
6401,4,7,0.35074642300605774
6402,8,8,0.47323596477508545
6403,4,4,0.7685956954956055
6404,7,7,0.9035658836364746
6405,1,9,0.5605786442756653
6406,3,7,0.25873833894729614
6407,2,2,0.6577615737915039
6408,0,0,0.8009049296379089
6409,9,9,0.9025318026542664
6410,1,1,0.9832315444946289
6411,8,8,0.5765780210494995
6412,8,9,0.257031112909317
6413,6,2,0.4190462529659271
6414,8,6,0.20485390722751617
6415,1,7,0.20886370539665222
6416,7,4,0.4871920943260193
6417,1,1,0.6983664035797119
6418,0,0,0.4537278711795807
6419,9,8,0.41885507106781006
6420,7,2,0.3471830487251282
6421,6,6,0.5713122487068176
6422,4,3,0.324368417263031
6423,5,4,0.6101441979408264
6424,8,0,0.5611019730567932
6425,2,0,0.4357730746269226
6426,1,1,0.8163869976997375
6427,2,2,0.765171229839325
6428,5,5,0.44040417671203613
6429,8,6,0.42000943422317505
6430,1,1,0.7876827120780945
6431,1,0,0.4864215850830078
6432,8,8,0.6786298751831055
6433,8,8,0.7614611387252808
6434,0,8,0.8756542801856995
6435,9,9,0.9368818998336792
6436,0,8,0.6744982600212097
6437,0,0,0.43092080950737
6438,4,2,0.28453898429870605
6439,3,4,0.6680042147636414
6440,3,9,0.27409350872039795
6441,5,6,0.2948824465274811
6442,6,6,0.29412832856178284
6443,6,6,0.9581819772720337
6444,3,3,0.45998188853263855
6445,1,1,0.7440162897109985
6446,4,4,0.2984141409397125
6447,4,7,0.7452584505081177
6448,7,7,0.8167070746421814
6449,8,8,0.8397876620292664
6450,0,0,0.5885401368141174
6451,1,1,0.7959659099578857
6452,4,2,0.6454958319664001
6453,8,1,0.5723637938499451
6454,4,4,0.3741633892059326
6455,6,6,0.9474849104881287
6456,2,2,0.7093440294265747
6457,2,2,0.44484540820121765
6458,2,2,0.8807693123817444
6459,6,6,0.9028608798980713
6460,3,3,0.3314736783504486
6461,4,6,0.32618314027786255
6462,0,0,0.6321223974227905
6463,8,8,0.6484160423278809
6464,1,1,0.8343538045883179
6465,3,3,0.3588762879371643
6466,8,2,0.3924502730369568
6467,3,6,0.6513955593109131
6468,8,8,0.9972368478775024
6469,9,1,0.43620234727859497
6470,1,1,0.873447597026825
6471,6,7,0.503350555896759
6472,1,8,0.4089021384716034
6473,9,9,0.8994386196136475
6474,8,0,0.19435007870197296
6475,2,2,0.6771337389945984
6476,0,0,0.9198890328407288
6477,4,4,0.5084140300750732
6478,7,7,0.6575098633766174
6479,4,4,0.5720556378364563
6480,0,0,0.9296273589134216
6481,0,4,0.3096131682395935
6482,7,7,0.736838161945343
6483,6,6,0.746651828289032
6484,8,8,0.8340675830841064
6485,9,9,0.7687482833862305
6486,8,0,0.28804510831832886
6487,6,6,0.9199689626693726
6488,2,9,0.3842766284942627
6489,8,8,0.9288665652275085
6490,8,9,0.4639364778995514
6491,0,1,0.281329482793808
6492,1,1,0.5445671677589417
6493,1,1,0.7765746712684631
6494,0,2,0.5097862482070923
6495,7,7,0.7144009470939636
6496,7,7,0.45073094964027405
6497,4,4,0.5308171510696411
6498,4,6,0.44273340702056885
6499,7,7,0.6258118748664856
6500,7,6,0.6806913018226624
6501,2,7,0.4902220368385315
6502,6,6,0.730057954788208
6503,6,6,0.9159606695175171
6504,7,4,0.4634094834327698
6505,4,6,0.37582147121429443
6506,5,5,0.5221578478813171
6507,4,1,0.3293926417827606
6508,0,0,0.9789143800735474
6509,9,9,0.7891771793365479
6510,4,1,0.6777163147926331
6511,7,7,0.9404409527778625
6512,2,2,0.4808312654495239
6513,5,7,0.4950908124446869
6514,3,2,0.6885676980018616
6515,2,2,0.5172867178916931
6516,2,2,0.7194209694862366
6517,7,3,0.40589553117752075
6518,6,6,0.7978940010070801
6519,2,2,0.7263774871826172
6520,6,6,0.6335441470146179
6521,4,4,0.7766916751861572
6522,9,1,0.6521741151809692
6523,6,6,0.6038455367088318
6524,8,8,0.7814601063728333
6525,3,6,0.5369418859481812
6526,8,8,0.7862139940261841
6527,5,5,0.713528037071228
6528,5,7,0.5261112451553345
6529,2,2,0.546638011932373
6530,3,3,0.42625507712364197
6531,4,4,0.5414125919342041
6532,5,5,0.9271800518035889
6533,2,9,0.3920375108718872
6534,7,7,0.956521213054657
6535,5,7,0.4909006655216217
6536,1,1,0.9737392663955688
6537,5,8,0.2681048810482025
6538,3,3,0.29465797543525696
6539,7,7,0.8305229544639587
6540,8,8,0.9185035824775696
6541,8,8,0.8317722082138062
6542,9,1,0.5414397716522217
6543,6,3,0.5513702034950256
6544,0,0,0.7485063076019287
6545,9,0,0.8283976316452026
6546,2,2,0.8734790682792664
6547,6,6,0.6662874817848206
6548,0,0,0.9379885792732239
6549,0,8,0.5277886390686035
6550,1,1,0.9628493189811707
6551,4,4,0.6533464193344116
6552,1,9,0.5020825862884521
6553,3,3,0.3584088981151581
6554,5,5,0.7090543508529663
6555,1,1,0.7230046391487122
6556,8,8,0.9165934324264526
6557,9,9,0.4897391200065613
6558,6,6,0.6635252237319946
6559,2,4,0.780739426612854
6560,6,6,0.7484828233718872
6561,9,1,0.6049419641494751
6562,5,5,0.3416481912136078
6563,6,9,0.4222623407840729
6564,5,3,0.646280825138092
6565,9,9,0.9855873584747314
6566,1,9,0.6698828935623169
6567,4,4,0.5614040493965149
6568,2,2,0.5472283959388733
6569,8,8,0.5184390544891357
6570,9,2,0.5244574546813965
6571,5,5,0.5042637586593628
6572,4,4,0.6789098978042603
6573,7,5,0.6735333800315857
6574,0,3,0.2112227827310562
6575,3,3,0.41990822553634644
6576,7,5,0.4623042643070221
6577,1,1,0.778587818145752
6578,6,6,0.9610968232154846
6579,9,9,0.6139986515045166
6580,1,1,0.39486631751060486
6581,1,9,0.4432523846626282
6582,4,4,0.7766216993331909
6583,0,0,0.9168892502784729
6584,5,5,0.6319969296455383
6585,1,1,0.9885330200195312
6586,6,6,0.9693294167518616
6587,3,3,0.5256543159484863
6588,0,8,0.8939186930656433
6589,2,2,0.9159730672836304
6590,5,5,0.47118330001831055
6591,5,5,0.5164256691932678
6592,5,5,0.9694064855575562
6593,2,2,0.6855872273445129
6594,8,0,0.5073114633560181
6595,2,0,0.5472226142883301
6596,3,5,0.7123640179634094
6597,1,1,0.905963122844696
6598,6,4,0.30686089396476746
6599,2,6,0.9071507453918457
6600,7,7,0.9786271452903748
6601,0,0,0.7474415898323059
6602,8,8,0.8804796934127808
6603,9,9,0.3114088177680969
6604,2,2,0.6901732683181763
6605,6,6,0.4916600286960602
6606,4,3,0.20627234876155853
6607,7,7,0.5710713863372803
6608,5,2,0.6243053674697876
6609,5,2,0.503892183303833
6610,8,8,0.9757251739501953
6611,8,8,0.9180189967155457
6612,7,3,0.4008972942829132
6613,8,8,0.43187278509140015
6614,5,5,0.7917156219482422
6615,7,7,0.7989683747291565
6616,4,2,0.2934925854206085
6617,4,4,0.5752559304237366
6618,0,0,0.9068886041641235
6619,0,0,0.6513873338699341
6620,7,7,0.9168933033943176
6621,0,7,0.3069413900375366
6622,4,4,0.8561900854110718
6623,0,0,0.49133720993995667
6624,4,4,0.6897971630096436
6625,4,4,0.4655272960662842
6626,2,2,0.7363478541374207
6627,5,3,0.3583519160747528
6628,4,4,0.4925675094127655
6629,0,8,0.32929563522338867
6630,7,7,0.8517088294029236
6631,7,2,0.36902257800102234
6632,7,7,0.4236733913421631
6633,0,0,0.7338351607322693
6634,4,3,0.4658535420894623
6635,6,3,0.3269396722316742
6636,2,4,0.3973667621612549
6637,9,9,0.6243641972541809
6638,1,1,0.7963495850563049
6639,1,1,0.7122705578804016
6640,5,8,0.34410661458969116
6641,0,8,0.6416851282119751
6642,9,9,0.6525013446807861
6643,1,1,0.8059201240539551
6644,0,0,0.5706380605697632
6645,6,6,0.7156509757041931
6646,5,5,0.35109037160873413
6647,3,3,0.38505876064300537
6648,0,0,0.5240142345428467
6649,9,9,0.7222338914871216
6650,0,0,0.9560208916664124
6651,6,6,0.46316835284233093
6652,2,2,0.8019425868988037
6653,0,2,0.45186859369277954
6654,4,6,0.5155725479125977
6655,1,1,0.9140398502349854
6656,6,5,0.4532393217086792
6657,7,7,0.7167002558708191
6658,6,6,0.419403612613678
6659,1,1,0.7638751268386841
6660,0,0,0.8498959541320801
6661,4,4,0.4476724863052368
6662,6,6,0.40153634548187256
6663,0,0,0.9439729452133179
6664,4,4,0.7360414862632751
6665,4,3,0.2916117310523987
6666,2,4,0.4200318157672882
6667,7,7,0.6621209383010864
6668,6,6,0.7032018899917603
6669,5,4,0.5780181884765625
6670,3,3,0.27581772208213806
6671,5,7,0.5611105561256409
6672,9,1,0.5491839051246643
6673,4,6,0.4882957339286804
6674,5,5,0.4985888600349426
6675,2,2,0.789229154586792
6676,0,0,0.37125200033187866
6677,5,8,0.35530179738998413
6678,7,0,0.48711633682250977
6679,2,4,0.4923382103443146
6680,3,3,0.483207106590271
6681,9,8,0.5996230840682983
6682,4,4,0.8484365940093994
6683,5,5,0.666796088218689
6684,8,8,0.9300253391265869
6685,1,1,0.49572622776031494
6686,9,8,0.6035886406898499
6687,3,2,0.801383912563324
6688,1,2,0.39321616291999817
6689,8,8,0.2570733428001404
6690,5,5,0.49196672439575195
6691,8,8,0.8984529376029968
6692,6,6,0.9767009615898132
6693,6,9,0.5218944549560547
6694,3,3,0.6505794525146484
6695,4,2,0.3310823440551758
6696,0,0,0.42002931237220764
6697,2,2,0.4383748173713684
6698,3,6,0.3842560350894928
6699,2,2,0.762109100818634
6700,6,6,0.7685070037841797
6701,1,1,0.8754504919052124
6702,8,8,0.9542502760887146
6703,2,6,0.4793674349784851
6704,1,9,0.7957715392112732
6705,3,2,0.47804731130599976
6706,6,2,0.29821643233299255
6707,2,2,0.5367897748947144
6708,2,2,0.8717422485351562
6709,3,5,0.5149223804473877
6710,3,3,0.321757435798645
6711,5,5,0.8784523606300354
6712,0,0,0.6489974856376648
6713,2,2,0.30703267455101013
6714,1,1,0.6518512964248657
6715,2,6,0.5468874573707581
6716,8,8,0.5952286720275879
6717,0,0,0.9553338885307312
6718,8,8,0.8916977047920227
6719,2,4,0.27168431878089905
6720,2,2,0.7518315315246582
6721,7,7,0.8372072577476501
6722,3,2,0.2907752990722656
6723,5,4,0.5329532027244568
6724,9,9,0.9487050175666809
6725,8,8,0.9903229475021362
6726,3,2,0.3612123727798462
6727,6,6,0.5516731142997742
6728,1,1,0.9732479453086853
6729,0,6,0.5289620161056519
6730,8,8,0.8694136738777161
6731,6,6,0.8771769404411316
6732,3,3,0.4593896269798279
6733,5,5,0.5921350717544556
6734,8,8,0.6508889198303223
6735,9,9,0.5613300800323486
6736,4,4,0.4276612102985382
6737,8,7,0.7953600883483887
6738,0,0,0.8712982535362244
6739,0,8,0.43109944462776184
6740,2,2,0.8449556231498718
6741,9,8,0.35558298230171204
6742,1,1,0.8821504712104797
6743,8,8,0.995854377746582
6744,3,3,0.5628064870834351
6745,7,4,0.6773306131362915
6746,2,7,0.28049880266189575
6747,8,8,0.9671862125396729
6748,0,2,0.6255248785018921
6749,9,9,0.7778524160385132
6750,4,3,0.6399980187416077
6751,8,8,0.6887016892433167
6752,9,0,0.5497608184814453
6753,4,6,0.6177023649215698
6754,8,0,0.5132991671562195
6755,9,7,0.6903757452964783
6756,5,3,0.27880191802978516
6757,4,2,0.51321941614151
6758,8,8,0.8605255484580994
6759,1,9,0.608422577381134
6760,5,5,0.8605719804763794
6761,5,7,0.8777707815170288
6762,7,2,0.6155756115913391
6763,2,4,0.2864919900894165
6764,5,8,0.5043537020683289
6765,8,8,0.541620135307312
6766,8,8,0.7932333946228027
6767,1,1,0.769557535648346
6768,2,2,0.6113117933273315
6769,3,2,0.37281718850135803
6770,1,1,0.9712026119232178
6771,5,3,0.5745396018028259
6772,0,9,0.8928929567337036
6773,2,2,0.3843874931335449
6774,3,7,0.31161490082740784
6775,0,0,0.6348041892051697
6776,8,8,0.9153581261634827
6777,2,4,0.711981475353241
6778,2,2,0.465442419052124
6779,8,1,0.5091657042503357
6780,7,7,0.8830192685127258
6781,3,2,0.4562412202358246
6782,5,2,0.31212538480758667
6783,3,6,0.7143216133117676
6784,9,9,0.7671878337860107
6785,6,3,0.24881069362163544
6786,3,2,0.39824599027633667
6787,5,5,0.8810905814170837
6788,1,1,0.9621286392211914
6789,1,1,0.8645545840263367
6790,7,3,0.47512418031692505
6791,7,7,0.9307559132575989
6792,3,2,0.4671483337879181
6793,3,5,0.5474750995635986
6794,8,8,0.9736666083335876
6795,9,0,0.2701030373573303
6796,6,6,0.5879051685333252
6797,0,0,0.9796573519706726
6798,8,8,0.7545658946037292
6799,0,0,0.431336373090744
6800,6,2,0.6023422479629517
6801,6,6,0.9925934672355652
6802,4,4,0.4422793388366699
6803,6,6,0.8509491086006165
6804,9,7,0.40711021423339844
6805,1,1,0.9697026610374451
6806,1,1,0.9436970353126526
6807,7,7,0.7106291651725769
6808,0,8,0.5088949203491211
6809,6,6,0.7356683611869812
6810,8,8,0.9762234687805176
6811,9,9,0.6605567336082458
6812,0,8,0.29795095324516296
6813,6,6,0.7467123866081238
6814,9,1,0.8496747016906738
6815,0,0,0.5171137452125549
6816,1,1,0.814348578453064
6817,1,1,0.60720294713974
6818,7,7,0.9693146347999573
6819,2,2,0.3888811469078064
6820,1,1,0.9585539102554321
6821,0,3,0.4535899758338928
6822,4,4,0.4314551055431366
6823,5,5,0.38889360427856445
6824,0,0,0.4914826452732086
6825,3,5,0.5146661400794983
6826,6,6,0.7104081511497498
6827,3,2,0.548614501953125
6828,3,3,0.50994473695755
6829,8,8,0.9213354587554932
6830,1,1,0.3487074077129364
6831,8,8,0.6445371508598328
6832,1,1,0.893263041973114
6833,3,3,0.5559495091438293
6834,1,1,0.5354395508766174
6835,5,5,0.44512009620666504
6836,4,7,0.9312973618507385
6837,5,9,0.28974446654319763
6838,1,1,0.8419339656829834
6839,8,2,0.2419576495885849
6840,9,1,0.5642853379249573
6841,1,1,0.5039644241333008
6842,3,2,0.2331259697675705
6843,1,1,0.3688388466835022
6844,7,7,0.9510594606399536
6845,2,0,0.3630062937736511
6846,9,9,0.6188148260116577
6847,8,8,0.8522053956985474
6848,9,8,0.7297815680503845
6849,4,2,0.35700857639312744
6850,6,6,0.46527376770973206
6851,0,8,0.5144492983818054
6852,9,0,0.3824531137943268
6853,4,5,0.4529974162578583
6854,0,1,0.3044883906841278
6855,4,4,0.3243013322353363
6856,6,6,0.4165194630622864
6857,2,2,0.3437052369117737
6858,1,0,0.20970039069652557
6859,3,0,0.40924540162086487
6860,0,2,0.7196806073188782
6861,8,8,0.5275596380233765
6862,5,5,0.3025108575820923
6863,6,6,0.8749881982803345
6864,0,2,0.39373329281806946
6865,3,4,0.26022398471832275
6866,4,6,0.8875055313110352
6867,6,6,0.9643775224685669
6868,9,0,0.717837929725647
6869,5,8,0.35278820991516113
6870,7,7,0.8103562593460083
6871,9,9,0.3850366175174713
6872,0,3,0.41624772548675537
6873,3,4,0.3414473235607147
6874,6,6,0.38078582286834717
6875,5,5,0.7594805955886841
6876,7,5,0.24290037155151367
6877,0,8,0.7888771295547485
6878,5,5,0.6913340091705322
6879,1,0,0.5395833253860474
6880,2,8,0.3714928925037384
6881,2,0,0.3802628219127655
6882,9,8,0.8693490624427795
6883,7,2,0.4288935959339142
6884,0,0,0.5583848357200623
6885,0,0,0.7822322249412537
6886,1,1,0.9045636653900146
6887,4,6,0.48623713850975037
6888,4,4,0.5027104616165161
6889,5,5,0.6075867414474487
6890,5,5,0.7905680537223816
6891,9,9,0.7876741886138916
6892,6,6,0.6790915131568909
6893,3,3,0.39224565029144287
6894,6,6,0.5399657487869263
6895,2,6,0.37183302640914917
6896,6,6,0.5710395574569702
6897,9,1,0.3784210681915283
6898,3,3,0.5097578167915344
6899,2,2,0.6184977889060974
6900,3,1,0.6154695153236389
6901,2,9,0.8308500647544861
6902,4,4,0.7106997966766357
6903,9,9,0.763630211353302
6904,5,2,0.8860712051391602
6905,2,2,0.7931620478630066
6906,1,1,0.8893776535987854
6907,6,6,0.930645227432251
6908,6,4,0.4381307363510132
6909,4,2,0.4705692231655121
6910,7,7,0.9316216111183167
6911,6,6,0.954055905342102
6912,3,9,0.4307575523853302
6913,3,6,0.23901458084583282
6914,8,2,0.34673410654067993
6915,1,1,0.6411114931106567
6916,4,4,0.41285139322280884
6917,6,1,0.3061615228652954
6918,4,4,0.42991578578948975
6919,4,2,0.48533326387405396
6920,5,4,0.488201379776001
6921,6,6,0.70527184009552
6922,2,6,0.5829367637634277
6923,0,0,0.8804587721824646
6924,5,6,0.28925156593322754
6925,2,2,0.4971795380115509
6926,7,5,0.4926944077014923
6927,5,5,0.6885390281677246
6928,2,2,0.685908854007721
6929,5,5,0.663815975189209
6930,2,0,0.9161518812179565
6931,5,5,0.27637287974357605
6932,9,9,0.8250259160995483
6933,0,1,0.3929353356361389
6934,6,6,0.6751035451889038
6935,7,7,0.4201890826225281
6936,9,0,0.30845633149147034
6937,8,8,0.6177383065223694
6938,3,3,0.42255109548568726
6939,2,2,0.8136197924613953
6940,1,1,0.9095183610916138
6941,4,4,0.2483094036579132
6942,3,3,0.7135206460952759
6943,4,4,0.7263556122779846
6944,5,3,0.37499353289604187
6945,5,5,0.7084612846374512
6946,6,6,0.44678860902786255
6947,8,8,0.7217867970466614
6948,6,6,0.4159698188304901
6949,0,3,0.25099456310272217
6950,8,0,0.6016894578933716
6951,9,9,0.24334843456745148
6952,8,8,0.4770914912223816
6953,0,0,0.2591020166873932
6954,7,9,0.8369620442390442
6955,7,7,0.49694013595581055
6956,6,6,0.9601834416389465
6957,6,6,0.7879741191864014
6958,7,6,0.48004016280174255
6959,5,2,0.4885173439979553
6960,9,0,0.6504520177841187
6961,8,9,0.792789101600647
6962,7,5,0.3923545181751251
6963,9,9,0.7872365117073059
6964,5,5,0.7510074973106384
6965,6,5,0.4047536551952362
6966,0,0,0.5934317111968994
6967,4,3,0.44272392988204956
6968,8,9,0.6062557697296143
6969,2,2,0.42961955070495605
6970,0,2,0.25657138228416443
6971,9,9,0.8932396173477173
6972,1,1,0.6320415139198303
6973,3,2,0.3664683699607849
6974,9,1,0.2665408253669739
6975,8,1,0.7336204648017883
6976,3,6,0.3674914240837097
6977,7,5,0.40488970279693604
6978,4,4,0.34069573879241943
6979,5,4,0.7892004251480103
6980,0,0,0.714223325252533
6981,2,2,0.6335416436195374
6982,1,9,0.5009603500366211
6983,9,9,0.8489266037940979
6984,1,1,0.9571329355239868
6985,0,8,0.45149460434913635
6986,5,6,0.30204224586486816
6987,8,8,0.6321247220039368
6988,4,4,0.3388585150241852
6989,7,7,0.29390260577201843
6990,3,3,0.7455511689186096
6991,1,1,0.7179283499717712
6992,4,2,0.4816954731941223
6993,5,3,0.5060039162635803
6994,3,4,0.4652853310108185
6995,1,1,0.6466599106788635
6996,0,0,0.7543732523918152
6997,8,3,0.44568872451782227
6998,8,8,0.46363750100135803
6999,8,0,0.40727341175079346
7000,2,2,0.31321007013320923
7001,1,1,0.9780412316322327
7002,3,4,0.5144094228744507
7003,7,7,0.4357866942882538
7004,3,4,0.676027774810791
7005,1,8,0.7660648226737976
7006,6,6,0.8626613020896912
7007,9,1,0.7852573990821838
7008,1,1,0.8320368528366089
7009,6,3,0.5676772594451904
7010,0,0,0.8934199213981628
7011,7,4,0.3790034055709839
7012,7,7,0.6454258561134338
7013,1,1,0.982433557510376
7014,3,3,0.4022117853164673
7015,3,3,0.48465827107429504
7016,3,5,0.44345852732658386
7017,1,9,0.7832261919975281
7018,0,0,0.9351539015769958
7019,2,2,0.8861074447631836
7020,7,7,0.6097237467765808
7021,1,1,0.5806155204772949
7022,2,2,0.6665757894515991
7023,2,4,0.2560642957687378
7024,9,9,0.8545804023742676
7025,6,6,0.9501172304153442
7026,3,6,0.319109171628952
7027,5,9,0.29900577664375305
7028,9,1,0.5080857276916504
7029,4,7,0.6962332725524902
7030,8,3,0.24071277678012848
7031,0,0,0.7633346319198608
7032,4,4,0.44759872555732727
7033,8,8,0.5273057818412781
7034,0,0,0.43192681670188904
7035,1,9,0.6290333867073059
7036,3,3,0.4409690499305725
7037,7,3,0.369616836309433
7038,0,0,0.48247092962265015
7039,4,6,0.32534706592559814
7040,7,0,0.5112119317054749
7041,4,0,0.39851754903793335
7042,8,8,0.8686680793762207
7043,6,6,0.9676255583763123
7044,4,2,0.5638697743415833
7045,3,3,0.3648996651172638
7046,9,1,0.7142654061317444
7047,8,8,0.8837013840675354
7048,2,2,0.5734643340110779
7049,2,2,0.45445841550827026
7050,8,8,0.35223138332366943
7051,3,3,0.3955670893192291
7052,1,1,0.9380812048912048
7053,1,1,0.8333162665367126
7054,2,0,0.6014171242713928
7055,8,0,0.49252986907958984
7056,2,2,0.7693667411804199
7057,6,6,0.9400638341903687
7058,9,9,0.9966952800750732
7059,4,6,0.4892665445804596
7060,8,8,0.819165050983429
7061,4,4,0.30859482288360596
7062,4,2,0.4138249456882477
7063,1,1,0.8642028570175171
7064,5,5,0.416204035282135
7065,2,4,0.3072097599506378
7066,6,6,0.6535516977310181
7067,9,9,0.825599193572998
7068,2,0,0.7596190571784973
7069,0,0,0.8770921230316162
7070,7,7,0.47390374541282654
7071,1,1,0.9799746870994568
7072,8,8,0.6780880093574524
7073,9,9,0.8500730991363525
7074,3,5,0.2723555564880371
7075,9,9,0.6781054139137268
7076,9,9,0.7236205339431763
7077,0,0,0.6666919589042664
7078,7,7,0.9940289258956909
7079,7,7,0.993113100528717
7080,5,2,0.25453299283981323
7081,4,8,0.15081684291362762
7082,2,8,0.7661350965499878
7083,6,6,0.3868890702724457
7084,4,2,0.3524066209793091
7085,5,2,0.3039493262767792
7086,7,7,0.9320928454399109
7087,7,4,0.22277767956256866
7088,8,8,0.8549687266349792
7089,7,7,0.556459367275238
7090,2,5,0.6099686622619629
7091,6,6,0.8307181596755981
7092,2,2,0.882004976272583
7093,2,4,0.32004496455192566
7094,4,4,0.8111780285835266
7095,4,4,0.3707130551338196
7096,0,8,0.6438450813293457
7097,7,3,0.4142276644706726
7098,1,1,0.9656510949134827
7099,3,5,0.37841731309890747
7100,9,3,0.38349297642707825
7101,6,6,0.8191841840744019
7102,0,0,0.6149089932441711
7103,0,8,0.44334420561790466
7104,2,2,0.3658466041088104
7105,3,3,0.48469245433807373
7106,8,8,0.5649961233139038
7107,2,4,0.5654234290122986
7108,2,2,0.3672485053539276
7109,4,4,0.7123872637748718
7110,3,2,0.40490174293518066
7111,5,5,0.8016927242279053
7112,2,0,0.6565007567405701
7113,9,9,0.7828081250190735
7114,1,1,0.914585530757904
7115,0,0,0.7360507249832153
7116,0,3,0.26223939657211304
7117,6,1,0.5683318972587585
7118,5,5,0.9559701085090637
7119,5,9,0.7174879312515259
7120,7,7,0.5588652491569519
7121,9,9,0.812159538269043
7122,9,9,0.9438156485557556
7123,6,6,0.8433561325073242
7124,5,2,0.43948662281036377
7125,5,5,0.2672620713710785
7126,0,8,0.6347612738609314
7127,5,5,0.5022424459457397
7128,7,6,0.4998936951160431
7129,1,1,0.8356091976165771
7130,6,6,0.892375111579895
7131,6,6,0.804297149181366
7132,4,7,0.4180310368537903
7133,1,1,0.3620530664920807
7134,4,6,0.38276535272598267
7135,4,4,0.8744818568229675
7136,1,1,0.5067287683486938
7137,5,2,0.39930233359336853
7138,0,8,0.7922307848930359
7139,0,0,0.6359846591949463
7140,4,4,0.3291838467121124
7141,5,5,0.41394469141960144
7142,8,8,0.9502480030059814
7143,4,4,0.35989701747894287
7144,8,8,0.9904335737228394
7145,3,6,0.5567461252212524
7146,0,9,0.41035446524620056
7147,5,7,0.49233371019363403
7148,0,8,0.33729371428489685
7149,5,3,0.26969674229621887
7150,3,8,0.27033209800720215
7151,1,9,0.4927985370159149
7152,6,5,0.686467170715332
7153,7,0,0.46010270714759827
7154,0,0,0.7555795311927795
7155,9,9,0.8164641261100769
7156,1,1,0.9878509640693665
7157,5,5,0.4512013792991638
7158,7,7,0.9938347339630127
7159,6,6,0.6967297792434692
7160,5,5,0.6878873705863953
7161,5,5,0.34350311756134033
7162,5,2,0.4736334979534149
7163,6,6,0.907581627368927
7164,0,0,0.9627345204353333
7165,0,2,0.6395691633224487
7166,1,1,0.8292788863182068
7167,7,7,0.9635646939277649
7168,5,3,0.4087059199810028
7169,1,1,0.523699164390564
7170,9,1,0.6231448650360107
7171,2,2,0.4695266783237457
7172,4,4,0.3818507492542267
7173,1,6,0.43097537755966187
7174,3,6,0.3187057077884674
7175,7,7,0.8427919745445251
7176,8,8,0.889590322971344
7177,2,7,0.33897921442985535
7178,0,8,0.5110200643539429
7179,9,9,0.7737810015678406
7180,6,6,0.8151605725288391
7181,6,7,0.5755798816680908
7182,0,8,0.8871544599533081
7183,6,6,0.6214466691017151
7184,5,2,0.42493751645088196
7185,8,8,0.6646284461021423
7186,2,2,0.5341559052467346
7187,7,7,0.5290317535400391
7188,4,4,0.43756720423698425
7189,0,8,0.7096570730209351
7190,2,2,0.8577872514724731
7191,7,7,0.32735157012939453
7192,7,7,0.5668847560882568
7193,8,8,0.9575590491294861
7194,8,8,0.9446779489517212
7195,7,2,0.7782588601112366
7196,0,0,0.9838271141052246
7197,4,3,0.3025251626968384
7198,9,9,0.8334716558456421
7199,1,1,0.5466029047966003
7200,4,6,0.5386770367622375
7201,4,8,0.3057396411895752
7202,3,5,0.4967314600944519
7203,5,7,0.6286880373954773
7204,4,7,0.6227437853813171
7205,6,9,0.27972128987312317
7206,2,2,0.850027859210968
7207,3,6,0.5130375027656555
7208,1,1,0.9832181930541992
7209,0,0,0.6170573234558105
7210,3,4,0.35139742493629456
7211,3,9,0.402658611536026
7212,3,9,0.3148605525493622
7213,6,2,0.48555445671081543
7214,3,5,0.6367546319961548
7215,1,1,0.7341556549072266
7216,2,2,0.681578516960144
7217,8,4,0.37453073263168335
7218,9,0,0.24554607272148132
7219,7,7,0.8053865432739258
7220,9,2,0.4411838948726654
7221,3,3,0.41196614503860474
7222,8,8,0.8139325976371765
7223,7,7,0.9515104293823242
7224,3,3,0.35335636138916016
7225,1,1,0.7166132926940918
7226,7,7,0.7567553520202637
7227,7,4,0.3682672083377838
7228,3,8,0.4512639045715332
7229,2,2,0.39776962995529175
7230,2,2,0.5316718816757202
7231,8,8,0.34738337993621826
7232,9,9,0.6931254863739014
7233,5,5,0.2732723653316498
7234,9,9,0.7229573726654053
7235,2,2,0.8177804350852966
7236,1,1,0.304995059967041
7237,7,7,0.8728978633880615
7238,4,2,0.2729083299636841
7239,4,4,0.35325369238853455
7240,0,0,0.49290359020233154
7241,5,3,0.5743014216423035
7242,7,2,0.359359472990036
7243,1,1,0.7032487392425537
7244,5,5,0.7828826308250427
7245,4,4,0.5497643947601318
7246,0,2,0.839002251625061
7247,8,1,0.3530767261981964
7248,4,4,0.4831935465335846
7249,9,9,0.9085741639137268
7250,8,8,0.9142473340034485
7251,7,7,0.6083121299743652
7252,8,8,0.9075265526771545
7253,4,2,0.4381507337093353
7254,2,2,0.6430395245552063
7255,3,3,0.33811601996421814
7256,4,4,0.5041453838348389
7257,0,8,0.3307517170906067
7258,5,3,0.4580317735671997
7259,4,4,0.5408512353897095
7260,1,1,0.39704999327659607
7261,8,8,0.7714518308639526
7262,2,2,0.3277524411678314
7263,5,7,0.5949075222015381
7264,4,4,0.4188883602619171
7265,5,3,0.5217360854148865
7266,2,4,0.5691148638725281
7267,5,2,0.2757640779018402
7268,3,3,0.6477376222610474
7269,7,7,0.9256983399391174
7270,9,9,0.5825362801551819
7271,7,7,0.5332075953483582
7272,1,1,0.7265345454216003
7273,4,4,0.6926243901252747
7274,1,9,0.5376778841018677
7275,3,3,0.4130890667438507
7276,1,1,0.9037059545516968
7277,4,4,0.5413796901702881
7278,5,3,0.37376508116722107
7279,5,5,0.8589711785316467
7280,1,1,0.48755601048469543
7281,7,2,0.45286497473716736
7282,1,1,0.8174280524253845
7283,3,4,0.5416406989097595
7284,0,0,0.6321632266044617
7285,1,1,0.45871493220329285
7286,2,2,0.6334357857704163
7287,5,5,0.4967355728149414
7288,7,7,0.8919767737388611
7289,0,8,0.460867315530777
7290,6,5,0.4097737669944763
7291,3,3,0.7095628976821899
7292,5,3,0.45833292603492737
7293,7,7,0.7089581489562988
7294,5,5,0.2895750105381012
7295,5,5,0.4386211335659027
7296,8,8,0.7851406335830688
7297,9,1,0.809368371963501
7298,4,2,0.6581097841262817
7299,6,6,0.9568149447441101
7300,3,3,0.33734118938446045
7301,6,6,0.5652109980583191
7302,6,6,0.7266175746917725
7303,8,8,0.5036386251449585
7304,2,2,0.24794338643550873
7305,6,6,0.44211071729660034
7306,4,4,0.35566389560699463
7307,8,8,0.9818527102470398
7308,4,4,0.5525928735733032
7309,1,1,0.9889842867851257
7310,3,5,0.7236791849136353
7311,1,8,0.6056947112083435
7312,2,2,0.743354856967926
7313,3,3,0.49964720010757446
7314,3,6,0.45518386363983154
7315,0,0,0.257927805185318
7316,1,1,0.8431255221366882
7317,6,6,0.3620731234550476
7318,4,2,0.5667445063591003
7319,2,2,0.6606812477111816
7320,8,2,0.47116026282310486
7321,2,2,0.39462119340896606
7322,4,4,0.6265996694564819
7323,3,3,0.4260508120059967
7324,1,1,0.4640367329120636
7325,4,4,0.79412841796875
7326,4,6,0.753565788269043
7327,4,4,0.6756858229637146
7328,4,4,0.2729262411594391
7329,1,1,0.5791188478469849
7330,5,5,0.680263876914978
7331,5,5,0.9154253005981445
7332,7,0,0.3906625211238861
7333,6,6,0.7173951864242554
7334,5,5,0.5047276616096497
7335,4,4,0.5761003494262695
7336,5,4,0.4513850212097168
7337,6,6,0.7110610008239746
7338,5,5,0.9128572940826416
7339,6,6,0.949737012386322
7340,2,4,0.3572584092617035
7341,4,4,0.5552964210510254
7342,7,5,0.3929866850376129
7343,7,2,0.6648203134536743
7344,4,6,0.36713895201683044
7345,6,6,0.6849808692932129
7346,5,5,0.7682794332504272
7347,0,0,0.6229921579360962
7348,2,6,0.4912543296813965
7349,3,7,0.4982653558254242
7350,9,9,0.8004566431045532
7351,2,1,0.724744975566864
7352,3,3,0.7204874753952026
7353,8,8,0.9794488549232483
7354,0,0,0.8817664980888367
7355,7,7,0.7284355759620667
7356,0,2,0.45991775393486023
7357,6,6,0.5344686508178711
7358,8,8,0.9477971196174622
7359,1,1,0.9494807124137878
7360,2,7,0.46835845708847046
7361,8,8,0.8006108403205872
7362,9,9,0.5552601218223572
7363,1,1,0.9334555864334106
7364,5,5,0.41335976123809814
7365,4,6,0.4543079435825348
7366,2,2,0.6044930815696716
7367,3,5,0.6122305393218994
7368,5,5,0.9185047149658203
7369,5,5,0.6514703035354614
7370,3,1,0.5053001046180725
7371,6,6,0.9693478345870972
7372,5,5,0.7084286212921143
7373,0,0,0.9667152762413025
7374,3,5,0.6260352730751038
7375,2,9,0.21146740019321442
7376,1,1,0.9466300010681152
7377,3,3,0.22492477297782898
7378,3,5,0.9196263551712036
7379,7,7,0.8557488918304443
7380,7,7,0.47013577818870544
7381,4,4,0.753179132938385
7382,9,0,0.3628886342048645
7383,4,4,0.5416741371154785
7384,3,5,0.54989093542099
7385,9,1,0.5159443616867065
7386,5,7,0.439895898103714
7387,1,1,0.9479293823242188
7388,7,7,0.7594486474990845
7389,6,6,0.2805720865726471
7390,6,8,0.49948275089263916
7391,4,2,0.49471691250801086
7392,8,8,0.47512444853782654
7393,5,2,0.42757076025009155
7394,1,1,0.881731390953064
7395,2,5,0.266049325466156
7396,8,8,0.5786815881729126
7397,4,4,0.36568954586982727
7398,5,3,0.4674733281135559
7399,3,9,0.5676512122154236
7400,3,3,0.5814470052719116
7401,3,3,0.718561589717865
7402,0,0,0.5361500978469849
7403,4,4,0.5687059760093689
7404,8,8,0.5363889932632446
7405,7,7,0.8173935413360596
7406,7,9,0.5011203289031982
7407,9,1,0.6879831552505493
7408,4,3,0.28647902607917786
7409,8,8,0.8904117941856384
7410,4,4,0.4461972415447235
7411,5,7,0.3072470426559448
7412,9,0,0.5108627676963806
7413,1,1,0.7690448760986328
7414,8,0,0.4992580711841583
7415,3,3,0.723795473575592
7416,1,6,0.3202763497829437
7417,3,6,0.5476089119911194
7418,8,8,0.6832339763641357
7419,0,0,0.5106712579727173
7420,3,2,0.543936014175415
7421,5,3,0.48775994777679443
7422,4,7,0.6463403701782227
7423,6,6,0.9057531356811523
7424,9,1,0.8047383427619934
7425,2,2,0.5729519724845886
7426,7,7,0.9674696326255798
7427,2,4,0.487542062997818
7428,0,0,0.9773098230361938
7429,5,3,0.31666380167007446
7430,2,2,0.41338855028152466
7431,9,1,0.5071199536323547
7432,7,7,0.9472477436065674
7433,5,5,0.7441217303276062
7434,0,0,0.8813516497612
7435,7,9,0.2294168770313263
7436,0,0,0.8914681077003479
7437,3,3,0.23225131630897522
7438,5,5,0.727084219455719
7439,5,3,0.2540706694126129
7440,3,3,0.6614791750907898
7441,8,9,0.6412051916122437
7442,7,9,0.5290647149085999
7443,7,5,0.2951672077178955
7444,9,1,0.902279794216156
7445,6,6,0.7892215251922607
7446,5,9,0.9115409851074219
7447,8,0,0.7221614122390747
7448,9,9,0.8825239539146423
7449,0,2,0.6611227989196777
7450,1,1,0.9706546068191528
7451,9,1,0.9421872496604919
7452,4,4,0.8804117441177368
7453,0,9,0.795130729675293
7454,0,0,0.9418677687644958
7455,1,9,0.6928862929344177
7456,7,2,0.2816068232059479
7457,2,4,0.3151056468486786
7458,2,5,0.586187481880188
7459,8,8,0.9755268692970276
7460,5,5,0.9285657405853271
7461,9,9,0.5749966502189636
7462,8,8,0.6606001853942871
7463,2,2,0.8070657253265381
7464,8,8,0.8698115944862366
7465,0,8,0.43937334418296814
7466,6,6,0.8788246512413025
7467,6,6,0.9692326784133911
7468,8,8,0.8859909772872925
7469,6,6,0.4972279369831085
7470,9,9,0.8963874578475952
7471,6,2,0.3131142258644104
7472,1,1,0.4538446068763733
7473,1,2,0.4256622791290283
7474,5,5,0.8661100268363953
7475,3,3,0.5533721446990967
7476,5,5,0.5494260191917419
7477,0,0,0.9434759616851807
7478,7,7,0.5363807678222656
7479,6,6,0.8714673519134521
7480,1,1,0.6111385226249695
7481,4,4,0.6400315165519714
7482,4,4,0.44667401909828186
7483,1,1,0.9512379765510559
7484,1,1,0.9702677726745605
7485,8,8,0.7715426683425903
7486,1,1,0.717292070388794
7487,1,1,0.7369450926780701
7488,2,2,0.5016700029373169
7489,3,3,0.41734105348587036
7490,4,4,0.3494602143764496
7491,9,7,0.4614066779613495
7492,9,1,0.7361101508140564
7493,5,5,0.5114091634750366
7494,2,2,0.5624697208404541
7495,7,7,0.7120453119277954
7496,3,2,0.3855252265930176
7497,3,5,0.30111977458000183
7498,6,6,0.33228299021720886
7499,9,1,0.8420078754425049
7500,6,6,0.8009294271469116
7501,9,9,0.6545423269271851
7502,8,8,0.5940232276916504
7503,8,8,0.7276849746704102
7504,6,3,0.4159029722213745
7505,7,7,0.7322617173194885
7506,4,4,0.8838624954223633
7507,7,3,0.4036844074726105
7508,2,2,0.529697060585022
7509,3,7,0.48554715514183044
7510,8,3,0.5052536129951477
7511,0,0,0.7074213027954102
7512,9,9,0.47886064648628235
7513,0,9,0.6094698905944824
7514,7,7,0.9931603670120239
7515,8,8,0.8032273650169373
7516,1,1,0.9686370491981506
7517,2,2,0.377315491437912
7518,3,2,0.3454485535621643
7519,2,8,0.7002453804016113
7520,4,4,0.4667125344276428
7521,2,2,0.6151918172836304
7522,9,9,0.4509488344192505
7523,0,0,0.9091059565544128
7524,3,2,0.6293358206748962
7525,8,8,0.9867739677429199
7526,9,1,0.39246901869773865
7527,6,9,0.24384130537509918
7528,5,5,0.7505307793617249
7529,5,5,0.6950989961624146
7530,2,8,0.5150037407875061
7531,4,4,0.2672557830810547
7532,1,1,0.713357150554657
7533,0,0,0.9202646613121033
7534,6,6,0.8500604033470154
7535,1,1,0.9095180630683899
7536,8,9,0.33730751276016235
7537,4,4,0.3465346395969391
7538,5,5,0.6505802273750305
7539,5,5,0.2612716853618622
7540,5,5,0.8300607204437256
7541,0,0,0.571911096572876
7542,8,9,0.31878918409347534
7543,9,9,0.725353479385376
7544,0,0,0.5907021760940552
7545,5,7,0.735859215259552
7546,7,9,0.5622010827064514
7547,9,9,0.813529908657074
7548,6,6,0.47347182035446167
7549,3,5,0.8384499549865723
7550,4,4,0.8725759387016296
7551,6,4,0.4437485337257385
7552,4,7,0.4539780914783478
7553,9,3,0.2258111536502838
7554,7,5,0.7362673878669739
7555,1,1,0.8849337100982666
7556,2,2,0.8298539519309998
7557,5,2,0.5078843832015991
7558,2,7,0.4531506896018982
7559,8,1,0.7046282291412354
7560,0,9,0.6485052108764648
7561,2,2,0.7861214876174927
7562,2,8,0.27811989188194275
7563,9,9,0.7023391127586365
7564,8,8,0.7765237092971802
7565,1,1,0.9358166456222534
7566,9,9,0.7234487533569336
7567,7,6,0.30334439873695374
7568,7,5,0.5026530027389526
7569,3,7,0.25597885251045227
7570,1,1,0.7317838668823242
7571,4,6,0.8543802499771118
7572,1,1,0.71403968334198
7573,1,1,0.440497487783432
7574,3,2,0.31490087509155273
7575,8,8,0.3546866178512573
7576,8,8,0.914766788482666
7577,1,9,0.5164887309074402
7578,9,9,0.660539984703064
7579,3,5,0.5669801235198975
7580,8,8,0.5947619080543518
7581,9,9,0.5044484734535217
7582,5,3,0.4187714159488678
7583,1,1,0.8722140789031982
7584,1,9,0.6207948923110962
7585,6,6,0.8431428670883179
7586,2,2,0.5680868029594421
7587,7,7,0.5192561745643616
7588,2,5,0.4053609371185303
7589,6,6,0.4145469665527344
7590,2,4,0.41132402420043945
7591,6,6,0.8513755798339844
7592,9,9,0.8125057816505432
7593,6,6,0.7328395843505859
7594,0,9,0.43229377269744873
7595,1,1,0.403228759765625
7596,3,5,0.7092349529266357
7597,9,9,0.796996533870697
7598,3,3,0.4233919084072113
7599,8,8,0.38688012957572937
7600,8,0,0.2881309390068054
7601,8,8,0.9317960143089294
7602,2,5,0.34482845664024353
7603,9,9,0.5509477853775024
7604,1,1,0.9285025000572205
7605,2,2,0.46011683344841003
7606,6,2,0.49660810828208923
7607,0,0,0.7806804776191711
7608,5,5,0.44167348742485046
7609,0,9,0.4777316153049469
7610,7,5,0.426405668258667
7611,7,9,0.5528991222381592
7612,7,7,0.7388966679573059
7613,9,9,0.8095453977584839
7614,4,4,0.47820451855659485
7615,5,5,0.5165335536003113
7616,0,0,0.71258944272995
7617,2,2,0.4960618317127228
7618,3,3,0.7231848239898682
7619,5,4,0.38937652111053467
7620,5,9,0.539624810218811
7621,8,8,0.5783355832099915
7622,9,9,0.5950931310653687
7623,1,8,0.395182341337204
7624,2,2,0.3394656777381897
7625,7,7,0.42146193981170654
7626,1,1,0.5731713175773621
7627,3,3,0.47104084491729736
7628,4,6,0.32044774293899536
7629,6,6,0.8034207820892334
7630,9,9,0.9366981983184814
7631,1,1,0.6575213670730591
7632,0,7,0.8809576034545898
7633,7,9,0.41174015402793884
7634,1,1,0.4435107707977295
7635,9,9,0.8631098866462708
7636,5,2,0.412121057510376
7637,8,8,0.4665667414665222
7638,1,0,0.3479950428009033
7639,9,9,0.5241120457649231
7640,9,1,0.6260486245155334
7641,7,6,0.8429939150810242
7642,9,9,0.8026214838027954
7643,8,9,0.45184293389320374
7644,3,5,0.5653297305107117
7645,0,0,0.4072648286819458
7646,2,2,0.7308920621871948
7647,6,6,0.8798235654830933
7648,0,8,0.7343613505363464
7649,2,3,0.39544638991355896
7650,2,2,0.7337287664413452
7651,4,4,0.5451568365097046
7652,0,0,0.8889333605766296
7653,8,8,0.9766197800636292
7654,4,2,0.4005972146987915
7655,8,8,0.6809942722320557
7656,1,1,0.6266565918922424
7657,2,5,0.8959928750991821
7658,7,7,0.9079098105430603
7659,2,2,0.5806243419647217
7660,7,4,0.3809412717819214
7661,9,9,0.6617479920387268
7662,5,5,0.3397635817527771
7663,2,2,0.3410659432411194
7664,2,2,0.5386714935302734
7665,9,9,0.664180338382721
7666,2,2,0.5579279661178589
7667,6,6,0.7232490181922913
7668,5,5,0.39053580164909363
7669,7,2,0.38603177666664124
7670,2,2,0.3697124421596527
7671,5,5,0.49796369671821594
7672,6,6,0.9255324006080627
7673,5,9,0.22719882428646088
7674,1,8,0.4655502140522003
7675,8,3,0.5321285724639893
7676,2,2,0.49015066027641296
7677,6,6,0.5478271245956421
7678,8,8,0.9977568984031677
7679,6,6,0.8535695672035217
7680,3,7,0.4097462594509125
7681,0,0,0.9771636724472046
7682,8,8,0.8061208724975586
7683,0,0,0.8954150080680847
7684,0,2,0.8218381404876709
7685,9,1,0.5333748459815979
7686,9,9,0.415057510137558
7687,6,5,0.2523677945137024
7688,8,8,0.4906822144985199
7689,0,0,0.5279222726821899
7690,6,6,0.7450588345527649
7691,6,6,0.9896760582923889
7692,0,0,0.8763589859008789
7693,7,7,0.9761239290237427
7694,9,9,0.8778749704360962
7695,8,8,0.899574339389801
7696,0,0,0.9255492091178894
7697,5,5,0.4167139530181885
7698,0,0,0.7635785341262817
7699,9,9,0.8492444157600403
7700,6,6,0.9232499003410339
7701,0,0,0.9837349653244019
7702,4,4,0.5562397837638855
7703,7,7,0.9654908180236816
7704,1,1,0.961630642414093
7705,7,7,0.3786129951477051
7706,8,1,0.3827259838581085
7707,8,8,0.33552291989326477
7708,2,2,0.5825973153114319
7709,3,2,0.35194990038871765
7710,9,9,0.6041648387908936
7711,6,4,0.35584723949432373
7712,5,5,0.9201438426971436
7713,5,2,0.32407262921333313
7714,3,3,0.594572126865387
7715,1,1,0.9686155915260315
7716,5,5,0.842388391494751
7717,3,3,0.32983481884002686
7718,0,0,0.893347978591919
7719,2,2,0.6184337735176086
7720,5,5,0.409201055765152
7721,2,2,0.60427325963974
7722,7,6,0.2993975281715393
7723,3,4,0.271815687417984
7724,8,8,0.9553641080856323
7725,4,4,0.8751858472824097
7726,4,2,0.30085092782974243
7727,6,6,0.7099335193634033
7728,1,1,0.35740160942077637
7729,9,1,0.5568999648094177
7730,4,4,0.6380298137664795
7731,1,1,0.7532634139060974
7732,7,7,0.9533542394638062
7733,0,0,0.658227801322937
7734,1,9,0.3470027446746826
7735,4,0,0.611732542514801
7736,3,3,0.529134213924408
7737,0,0,0.503730058670044
7738,2,2,0.4531390964984894
7739,9,9,0.9546800255775452
7740,4,2,0.6299546957015991
7741,5,3,0.6394621729850769
7742,0,8,0.5491360425949097
7743,3,3,0.24745289981365204
7744,4,3,0.3183865547180176
7745,7,7,0.7001845240592957
7746,2,2,0.48702001571655273
7747,3,6,0.39011693000793457
7748,0,0,0.8840521574020386
7749,1,9,0.7330523133277893
7750,3,4,0.34214913845062256
7751,7,9,0.5290396213531494
7752,9,9,0.8012197613716125
7753,9,9,0.5905137658119202
7754,0,0,0.8278898000717163
7755,7,7,0.9479790925979614
7756,5,5,0.6263986825942993
7757,6,6,0.5605816841125488
7758,7,7,0.8578005433082581
7759,1,1,0.9501357674598694
7760,2,2,0.6724965572357178
7761,2,3,0.4240091145038605
7762,7,7,0.8458993434906006
7763,4,4,0.4950566291809082
7764,6,6,0.9024215936660767
7765,8,8,0.871123194694519
7766,4,6,0.9161683917045593
7767,9,9,0.6694206595420837
7768,8,8,0.9687905311584473
7769,4,4,0.4960351288318634
7770,9,9,0.7629815340042114
7771,2,0,0.5531650185585022
7772,3,2,0.3495267331600189
7773,4,2,0.3342590034008026
7774,0,0,0.8890210390090942
7775,2,2,0.5744431614875793
7776,5,5,0.7821242809295654
7777,6,6,0.9640834927558899
7778,0,6,0.640089750289917
7779,5,2,0.30713245272636414
7780,3,9,0.29593193531036377
7781,5,3,0.44365647435188293
7782,8,8,0.9943826198577881
7783,3,5,0.44226595759391785
7784,7,2,0.3143204152584076
7785,4,2,0.8991100788116455
7786,9,9,0.7940886616706848
7787,5,5,0.667249858379364
7788,6,6,0.6984052658081055
7789,3,3,0.6273317337036133
7790,8,8,0.5068954229354858
7791,6,6,0.6567753553390503
7792,9,1,0.8480759263038635
7793,8,8,0.7997385263442993
7794,5,6,0.7352676391601562
7795,5,6,0.3079778552055359
7796,8,8,0.9874416589736938
7797,3,6,0.320265531539917
7798,5,5,0.4217873513698578
7799,9,1,0.5919055938720703
7800,0,8,0.4847376048564911
7801,4,4,0.7644729614257812
7802,2,2,0.36657214164733887
7803,0,8,0.8792614340782166
7804,5,2,0.33955657482147217
7805,9,9,0.8853934407234192
7806,9,9,0.8822107911109924
7807,3,2,0.4552750587463379
7808,8,8,0.6686781048774719
7809,0,0,0.7318867444992065
7810,6,6,0.7544652819633484
7811,0,0,0.9448813199996948
7812,2,4,0.39227059483528137
7813,3,8,0.3493169844150543
7814,7,7,0.9889139533042908
7815,0,1,0.4710858464241028
7816,0,2,0.20722682774066925
7817,6,3,0.34482303261756897
7818,9,1,0.5009939074516296
7819,1,1,0.5451262593269348
7820,5,8,0.38443073630332947
7821,2,0,0.475739985704422
7822,2,6,0.6866799592971802
7823,7,4,0.4010851979255676
7824,9,9,0.8249355554580688
7825,3,6,0.2788591682910919
7826,9,1,0.9473767280578613
7827,3,4,0.32576054334640503
7828,5,5,0.6874790787696838
7829,2,0,0.48847344517707825
7830,2,1,0.3946918249130249
7831,2,2,0.5449715852737427
7832,8,8,0.9661980867385864
7833,8,0,0.454027384519577
7834,5,4,0.3244544565677643
7835,0,0,0.9283632040023804
7836,0,8,0.6112452149391174
7837,7,7,0.97403484582901
7838,0,0,0.7974985241889954
7839,3,8,0.2199268639087677
7840,1,1,0.9849253296852112
7841,6,2,0.3094542920589447
7842,5,8,0.25425952672958374
7843,0,0,0.39348992705345154
7844,9,9,0.7011316418647766
7845,2,2,0.8778868913650513
7846,6,3,0.4022810459136963
7847,7,3,0.3674805462360382
7848,4,2,0.6921033263206482
7849,2,0,0.878520667552948
7850,0,0,0.8727748394012451
7851,0,0,0.5256444215774536
7852,5,7,0.8438801765441895
7853,3,2,0.38633450865745544
7854,3,3,0.577258288860321
7855,2,2,0.6314794421195984
7856,6,2,0.411325603723526
7857,4,6,0.8043646812438965
7858,2,2,0.5839822292327881
7859,7,5,0.7061346769332886
7860,8,8,0.9247039556503296
7861,0,2,0.6903702616691589
7862,1,1,0.9649851322174072
7863,0,0,0.6864787936210632
7864,1,1,0.960262656211853
7865,3,3,0.4245638847351074
7866,6,6,0.6963589191436768
7867,4,4,0.30244532227516174
7868,8,8,0.9424068927764893
7869,0,0,0.5726990103721619
7870,6,6,0.9610792398452759
7871,0,0,0.7357819080352783
7872,9,9,0.7934877276420593
7873,1,8,0.5634015798568726
7874,6,4,0.35162487626075745
7875,2,6,0.2788226902484894
7876,1,1,0.9546693563461304
7877,0,8,0.3332357704639435
7878,1,1,0.6993676424026489
7879,3,6,0.4101753532886505
7880,0,0,0.8597376346588135
7881,3,4,0.3556954562664032
7882,7,7,0.9311613440513611
7883,9,9,0.9197074770927429
7884,9,9,0.7148629426956177
7885,3,6,0.3678889572620392
7886,7,7,0.99905925989151
7887,5,2,0.4443262815475464
7888,7,7,0.993423581123352
7889,1,8,0.3545563519001007
7890,6,6,0.6118054389953613
7891,6,6,0.9747664332389832
7892,1,9,0.6827792525291443
7893,1,9,0.5855267643928528
7894,1,1,0.9707719087600708
7895,4,6,0.5986817479133606
7896,4,2,0.2494574338197708
7897,2,0,0.38124382495880127
7898,1,1,0.9796629548072815
7899,7,3,0.38607335090637207
7900,0,2,0.45774513483047485
7901,1,1,0.6339961886405945
7902,2,2,0.8298348784446716
7903,1,1,0.817897379398346
7904,1,1,0.8914645910263062
7905,3,7,0.49171456694602966
7906,2,4,0.5453226566314697
7907,6,3,0.44533613324165344
7908,9,9,0.8780929446220398
7909,1,8,0.49911239743232727
7910,3,5,0.4983114004135132
7911,2,2,0.4460078775882721
7912,0,2,0.3278440237045288
7913,8,0,0.3878156542778015
7914,7,6,0.4642009437084198
7915,3,5,0.6518812775611877
7916,4,6,0.5792021155357361
7917,6,6,0.5623764395713806
7918,4,5,0.6412923336029053
7919,6,3,0.3327398896217346
7920,9,9,0.33342093229293823
7921,4,2,0.6548948287963867
7922,8,8,0.5310419797897339
7923,9,9,0.6711810231208801
7924,3,2,0.3222895860671997
7925,0,0,0.8538392782211304
7926,5,3,0.5715897083282471
7927,7,4,0.47152796387672424
7928,2,2,0.697337806224823
7929,0,0,0.6422266960144043
7930,2,0,0.5185392498970032
7931,9,9,0.3481315076351166
7932,9,0,0.39532357454299927
7933,3,2,0.6476535201072693
7934,8,8,0.7515389323234558
7935,7,2,0.5122789740562439
7936,1,1,0.9134654402732849
7937,1,1,0.9476293325424194
7938,2,2,0.8575276136398315
7939,2,2,0.36060014367103577
7940,2,6,0.4191204607486725
7941,5,2,0.5351073741912842
7942,9,1,0.9116562008857727
7943,1,9,0.6623033285140991
7944,2,2,0.553137481212616
7945,6,6,0.468447208404541
7946,1,9,0.6475631594657898
7947,2,6,0.35125836730003357
7948,1,1,0.9696851968765259
7949,8,8,0.7248424291610718
7950,9,9,0.8444963693618774
7951,2,2,0.8772628903388977
7952,3,8,0.3476864993572235
7953,1,1,0.3814941644668579
7954,9,1,0.687410831451416
7955,9,9,0.9447859525680542
7956,4,7,0.2451285868883133
7957,4,4,0.4049101173877716
7958,5,3,0.43153953552246094
7959,5,2,0.370042622089386
7960,0,0,0.6181281805038452
7961,3,4,0.6481327414512634
7962,3,3,0.30784159898757935
7963,7,7,0.6402804851531982
7964,1,9,0.36002233624458313
7965,7,7,0.8219112753868103
7966,7,7,0.33525606989860535
7967,9,6,0.4624977707862854
7968,8,8,0.8518909811973572
7969,6,6,0.8841197490692139
7970,3,5,0.3458057940006256
7971,5,5,0.7198887467384338
7972,5,6,0.46610280871391296
7973,1,1,0.9039914011955261
7974,6,2,0.2500004470348358
7975,2,7,0.43616363406181335
7976,7,4,0.5772942304611206
7977,8,8,0.7293678522109985
7978,4,2,0.2937909662723541
7979,3,3,0.5409249067306519
7980,3,5,0.4147533178329468
7981,5,5,0.7087317705154419
7982,9,9,0.9558624625205994
7983,6,2,0.2874537408351898
7984,8,8,0.5592142343521118
7985,5,5,0.445047527551651
7986,1,9,0.44209614396095276
7987,0,0,0.5834587812423706
7988,6,4,0.5404249429702759
7989,7,5,0.6276048421859741
7990,0,0,0.6611605882644653
7991,9,9,0.9092212319374084
7992,6,6,0.9847496747970581
7993,2,2,0.4666498005390167
7994,0,0,0.7018792629241943
7995,8,8,0.776750922203064
7996,7,7,0.876834511756897
7997,1,9,0.572148323059082
7998,2,0,0.6934620141983032
7999,6,6,0.8649811744689941
8000,9,9,0.6959219574928284
8001,1,1,0.9356232285499573
8002,6,6,0.9018194079399109
8003,4,3,0.3011521100997925
8004,7,7,0.3038361370563507
8005,1,1,0.934128999710083
8006,9,1,0.19774925708770752
8007,0,6,0.7128623723983765
8008,0,0,0.7686520218849182
8009,5,6,0.5370339751243591
8010,2,2,0.7992221713066101
8011,8,8,0.23365867137908936
8012,3,3,0.4419492483139038
8013,8,8,0.9127209186553955
8014,2,2,0.8682721257209778
8015,8,8,0.6508668661117554
8016,4,6,0.45657894015312195
8017,0,0,0.9281729459762573
8018,8,8,0.3915107250213623
8019,3,6,0.5020517706871033
8020,6,5,0.2946712076663971
8021,1,1,0.7993698716163635
8022,2,3,0.2233225256204605
8023,3,3,0.3859127163887024
8024,0,0,0.7541099190711975
8025,5,5,0.41619154810905457
8026,0,9,0.36068594455718994
8027,4,4,0.36241984367370605
8028,1,1,0.6586757898330688
8029,7,7,0.6433718204498291
8030,2,2,0.8481793999671936
8031,0,0,0.7110293507575989
8032,1,1,0.9252119660377502
8033,3,3,0.5430216193199158
8034,9,9,0.3036758303642273
8035,1,1,0.8462291955947876
8036,6,6,0.6310422420501709
8037,1,1,0.8762833476066589
8038,6,6,0.8779013156890869
8039,1,1,0.9632003307342529
8040,2,2,0.8221051692962646
8041,8,6,0.24250788986682892
8042,7,7,0.9914786219596863
8043,0,0,0.5117397904396057
8044,9,9,0.49144113063812256
8045,5,5,0.36434295773506165
8046,8,2,0.5529736280441284
8047,0,8,0.7485668063163757
8048,0,2,0.4203958809375763
8049,1,1,0.9310712218284607
8050,7,2,0.6590375900268555
8051,9,9,0.6501070261001587
8052,7,7,0.9750051498413086
8053,1,1,0.7464202642440796
8054,9,9,0.6814370155334473
8055,2,2,0.5414032936096191
8056,1,9,0.5189422369003296
8057,9,1,0.8831647634506226
8058,4,0,0.6268190741539001
8059,3,6,0.38691940903663635
8060,6,6,0.8097649812698364
8061,0,0,0.8672733902931213
8062,2,4,0.42088010907173157
8063,0,8,0.9608715176582336
8064,0,0,0.6691327095031738
8065,9,9,0.9358357787132263
8066,9,9,0.5587002038955688
8067,8,8,0.5880110263824463
8068,9,9,0.8091768026351929
8069,4,2,0.5970733761787415
8070,5,5,0.5258341431617737
8071,4,3,0.3357393741607666
8072,3,2,0.40126997232437134
8073,0,0,0.60389643907547
8074,7,7,0.8378337621688843
8075,8,8,0.5752090215682983
8076,7,7,0.9848644137382507
8077,3,3,0.3163604140281677
8078,7,3,0.3354683816432953
8079,5,3,0.3894985318183899
8080,4,4,0.6087085604667664
8081,6,6,0.7370794415473938
8082,5,3,0.4533907175064087
8083,9,7,0.582922637462616
8084,5,5,0.40256446599960327
8085,2,2,0.8117120265960693
8086,4,2,0.2547573745250702
8087,2,7,0.5872466564178467
8088,7,7,0.9024228453636169
8089,9,9,0.7685868740081787
8090,6,6,0.8898696303367615
8091,7,7,0.7065997123718262
8092,4,9,0.2685047686100006
8093,7,4,0.4480654001235962
8094,1,1,0.9914652705192566
8095,2,0,0.33087170124053955
8096,3,5,0.4601171910762787
8097,1,1,0.8388633131980896
8098,1,1,0.9046704173088074
8099,3,5,0.4581517279148102
8100,6,6,0.8913251757621765
8101,8,9,0.48327845335006714
8102,3,3,0.32324129343032837
8103,7,7,0.7830180525779724
8104,7,7,0.46580252051353455
8105,0,0,0.37870848178863525
8106,8,8,0.6709790825843811
8107,1,1,0.8941394686698914
8108,5,5,0.6294153332710266
8109,2,6,0.6982673406600952
8110,5,6,0.7090312838554382
8111,5,2,0.32806792855262756
8112,3,2,0.31082600355148315
8113,6,6,0.9255236983299255
8114,3,3,0.2833311855792999
8115,5,2,0.33734557032585144
8116,9,9,0.9390783905982971
8117,8,8,0.6375561356544495
8118,4,8,0.6382983922958374
8119,6,2,0.5850886106491089
8120,8,1,0.3898165822029114
8121,0,0,0.8184556365013123
8122,4,3,0.3338433504104614
8123,1,9,0.8009293675422668
8124,7,7,0.9063822031021118
8125,8,1,0.643104612827301
8126,4,6,0.3388744294643402
8127,9,9,0.32977429032325745
8128,7,3,0.3767305314540863
8129,2,2,0.45000794529914856
8130,6,6,0.7718633413314819
8131,3,3,0.5510159730911255
8132,8,8,0.9003154039382935
8133,8,8,0.4790818989276886
8134,6,6,0.48995840549468994
8135,7,3,0.28696486353874207
8136,3,2,0.26040324568748474
8137,8,8,0.47247645258903503
8138,1,1,0.5996944308280945
8139,1,1,0.4491024315357208
8140,5,3,0.2779506742954254
8141,3,3,0.45816710591316223
8142,7,7,0.7098878622055054
8143,9,9,0.8184436559677124
8144,9,1,0.540570080280304
8145,9,9,0.35536444187164307
8146,8,8,0.9239702820777893
8147,5,5,0.8785416483879089
8148,9,2,0.33863961696624756
8149,9,9,0.8971471190452576
8150,6,6,0.9923039078712463
8151,8,8,0.9038756489753723
8152,8,8,0.908801257610321
8153,4,8,0.2602519094944
8154,8,2,0.23934809863567352
8155,1,1,0.7326541543006897
8156,0,9,0.4231482744216919
8157,1,1,0.6512867212295532
8158,8,8,0.9615126252174377
8159,8,8,0.9596056938171387
8160,6,6,0.3663477897644043
8161,5,3,0.4933767020702362
8162,9,9,0.6104928851127625
8163,0,0,0.8883057832717896
8164,6,6,0.7128056883811951
8165,1,1,0.4709649980068207
8166,2,3,0.4106682538986206
8167,6,6,0.561042845249176
8168,6,6,0.5036612153053284
8169,3,5,0.43203938007354736
8170,5,3,0.3810589015483856
8171,6,9,0.7034833431243896
8172,5,3,0.5439873933792114
8173,5,7,0.39570489525794983
8174,3,5,0.2563190162181854
8175,3,3,0.5096678137779236
8176,6,5,0.3430875539779663
8177,8,0,0.37956297397613525
8178,9,9,0.7065263986587524
8179,4,4,0.7650940418243408
8180,4,4,0.37641993165016174
8181,3,3,0.4424804449081421
8182,8,2,0.24520398676395416
8183,3,5,0.3101738393306732
8184,6,6,0.5743501782417297
8185,0,0,0.910784125328064
8186,8,8,0.7399408221244812
8187,5,2,0.600640594959259
8188,7,7,0.8684981465339661
8189,8,9,0.5532627701759338
8190,4,4,0.37131622433662415
8191,6,2,0.5330900549888611
8192,5,5,0.6463020443916321
8193,3,5,0.8749668598175049
8194,1,9,0.4746161103248596
8195,8,8,0.9916324019432068
8196,3,0,0.49101901054382324
8197,0,8,0.7615867257118225
8198,4,6,0.3920469880104065
8199,4,4,0.48640894889831543
8200,3,2,0.290255606174469
8201,3,0,0.2963201403617859
8202,5,7,0.43007826805114746
8203,3,5,0.7689332962036133
8204,3,6,0.4315875172615051
8205,2,2,0.45250093936920166
8206,7,7,0.665452778339386
8207,7,7,0.9757400751113892
8208,8,8,0.5935497879981995
8209,2,4,0.6259020566940308
8210,0,0,0.9677978157997131
8211,5,5,0.8242895007133484
8212,5,7,0.3633861541748047
8213,6,6,0.8935757875442505
8214,1,1,0.78436279296875
8215,1,1,0.9915884137153625
8216,3,4,0.5322046875953674
8217,9,1,0.521725594997406
8218,9,6,0.5547956228256226
8219,3,9,0.6953669786453247
8220,6,6,0.4069017469882965
8221,7,7,0.8151620030403137
8222,1,8,0.5655068159103394
8223,8,8,0.9050719738006592
8224,3,6,0.5509071350097656
8225,9,0,0.6815661787986755
8226,8,4,0.32171595096588135
8227,7,7,0.3218876123428345
8228,8,8,0.9368671178817749
8229,8,5,0.3414256274700165
8230,0,0,0.8593456149101257
8231,3,7,0.6363071203231812
8232,2,5,0.7472862601280212
8233,4,4,0.6000385284423828
8234,8,1,0.7120203375816345
8235,7,7,0.9998472929000854
8236,5,2,0.26464420557022095
8237,7,7,0.962727427482605
8238,1,1,0.6040109395980835
8239,8,9,0.6110450029373169
8240,7,7,0.9763658046722412
8241,3,0,0.5984297394752502
8242,5,5,0.32897353172302246
8243,4,4,0.7409049868583679
8244,4,4,0.603809118270874
8245,3,5,0.7824811339378357
8246,8,8,0.6018803715705872
8247,6,6,0.7825376391410828
8248,1,8,0.47287416458129883
8249,1,1,0.578508734703064
8250,6,2,0.29712653160095215
8251,3,6,0.6039049029350281
8252,2,2,0.6682337522506714
8253,2,2,0.41933998465538025
8254,8,8,0.7506021857261658
8255,9,1,0.5105136036872864
8256,8,8,0.8880362510681152
8257,3,3,0.5958862900733948
8258,3,8,0.3075270652770996
8259,8,8,0.3448425829410553
8260,1,1,0.736918032169342
8261,1,7,0.6669333577156067
8262,0,0,0.47284382581710815
8263,5,5,0.6971811652183533
8264,2,2,0.5925822257995605
8265,0,0,0.8010814785957336
8266,5,3,0.40781909227371216
8267,0,0,0.3703911304473877
8268,5,7,0.31276753544807434
8269,8,0,0.44441086053848267
8270,6,6,0.5665521621704102
8271,3,3,0.5734859704971313
8272,9,1,0.8612069487571716
8273,6,6,0.852015495300293
8274,6,0,0.6614335179328918
8275,3,7,0.3418172299861908
8276,9,0,0.5628880262374878
8277,4,4,0.2130511999130249
8278,8,8,0.6898528933525085
8279,3,3,0.512503981590271
8280,4,3,0.5131009221076965
8281,3,5,0.6070449352264404
8282,1,1,0.4534352421760559
8283,1,8,0.3497704565525055
8284,2,6,0.5599896907806396
8285,9,9,0.8631717562675476
8286,7,4,0.3608154058456421
8287,8,8,0.8408820033073425
8288,5,5,0.9421471953392029
8289,5,7,0.7795898914337158
8290,8,8,0.7164180874824524
8291,6,7,0.788461446762085
8292,9,5,0.22007329761981964
8293,0,6,0.3945469260215759
8294,8,8,0.9639847874641418
8295,3,0,0.7408734560012817
8296,5,5,0.41719138622283936
8297,1,1,0.8459857702255249
8298,3,2,0.4868163466453552
8299,3,6,0.6859130859375
8300,5,3,0.3937380611896515
8301,5,4,0.36747196316719055
8302,3,6,0.2763800024986267
8303,8,8,0.7090760469436646
8304,1,9,0.7783975005149841
8305,4,2,0.4634568989276886
8306,6,2,0.8913260102272034
8307,4,4,0.729301929473877
8308,2,7,0.4459207355976105
8309,4,6,0.8493148684501648
8310,3,3,0.4822932779788971
8311,8,8,0.8855026960372925
8312,9,9,0.6893079876899719
8313,6,6,0.5486401915550232
8314,6,6,0.33927980065345764
8315,6,6,0.6302289962768555
8316,5,5,0.33302706480026245
8317,5,2,0.3221263885498047
8318,2,4,0.5169695019721985
8319,7,7,0.6976422667503357
8320,7,3,0.2813933193683624
8321,4,4,0.4656316936016083
8322,4,6,0.5716209411621094
8323,9,9,0.888769268989563
8324,3,0,0.5605515241622925
8325,8,8,0.8494991064071655
8326,3,2,0.21306264400482178
8327,7,8,0.577306866645813
8328,7,4,0.3905261158943176
8329,8,8,0.8791643381118774
8330,5,5,0.8463066816329956
8331,3,4,0.4011595547199249
8332,9,9,0.6388781666755676
8333,1,2,0.38610243797302246
8334,6,6,0.5943975448608398
8335,7,5,0.5011664032936096
8336,3,5,0.6407090425491333
8337,3,3,0.579291820526123
8338,3,6,0.9405971765518188
8339,8,8,0.9708492159843445
8340,5,5,0.474795401096344
8341,6,6,0.3853003680706024
8342,1,0,0.5154916644096375
8343,3,3,0.48513904213905334
8344,7,7,0.5920764207839966
8345,9,9,0.51128089427948
8346,6,3,0.3681103587150574
8347,1,1,0.7674472332000732
8348,6,6,0.6954547166824341
8349,4,7,0.4509763717651367
8350,9,9,0.7785564661026001
8351,0,2,0.39968761801719666
8352,5,2,0.3107399642467499
8353,7,7,0.9434118866920471
8354,4,4,0.514522135257721
8355,9,9,0.948623538017273
8356,1,1,0.9331371188163757
8357,0,4,0.20490166544914246
8358,0,0,0.7704529762268066
8359,2,2,0.6368304491043091
8360,7,7,0.7600612640380859
8361,8,8,0.7423520684242249
8362,3,3,0.3559965193271637
8363,2,2,0.6366470456123352
8364,7,9,0.5679806470870972
8365,6,6,0.7672165632247925
8366,1,1,0.7849233746528625
8367,6,6,0.6649870276451111
8368,6,6,0.4317454993724823
8369,4,6,0.48422694206237793
8370,4,6,0.6018985509872437
8371,2,0,0.7528790235519409
8372,1,1,0.353707492351532
8373,8,8,0.5232512950897217
8374,4,4,0.597859799861908
8375,4,6,0.32032111287117004
8376,7,9,0.8228281736373901
8377,8,8,0.8647658228874207
8378,5,2,0.38287386298179626
8379,8,8,0.9993532299995422
8380,9,9,0.6303011775016785
8381,4,2,0.1961086541414261
8382,3,3,0.6676009893417358
8383,2,4,0.6233927607536316
8384,2,3,0.3475843071937561
8385,9,1,0.8774780631065369
8386,3,4,0.22587424516677856
8387,0,0,0.5404497385025024
8388,1,1,0.4297826290130615
8389,1,1,0.5529239773750305
8390,1,1,0.5150158405303955
8391,1,1,0.48886382579803467
8392,6,6,0.4258531630039215
8393,8,8,0.9662519097328186
8394,7,7,0.3277212381362915
8395,1,1,0.4886332154273987
8396,3,3,0.7496106028556824
8397,0,2,0.47578445076942444
8398,4,4,0.4314715564250946
8399,5,7,0.7334034442901611
8400,0,8,0.6406245827674866
8401,3,5,0.6137089133262634
8402,0,0,0.8506127595901489
8403,6,6,0.6676320433616638
8404,2,4,0.3290666341781616
8405,0,2,0.3643281161785126
8406,9,9,0.49144095182418823
8407,8,8,0.8979026675224304
8408,6,6,0.3648053705692291
8409,8,8,0.8945560455322266
8410,5,3,0.5266197919845581
8411,8,8,0.8407103419303894
8412,2,4,0.31861165165901184
8413,9,9,0.6320989727973938
8414,6,6,0.7694060802459717
8415,0,0,0.6937803626060486
8416,6,4,0.23971739411354065
8417,1,1,0.7655773162841797
8418,8,8,0.7577671408653259
8419,7,2,0.3685205578804016
8420,3,6,0.5751115679740906
8421,2,2,0.6672623157501221
8422,2,2,0.4378139078617096
8423,6,6,0.9564911127090454
8424,5,6,0.5033972263336182
8425,6,6,0.6552442312240601
8426,9,9,0.9125224351882935
8427,2,2,0.5332682728767395
8428,5,5,0.3800957500934601
8429,4,4,0.7640998363494873
8430,9,1,0.5136314034461975
8431,8,8,0.8708196878433228
8432,5,5,0.49080005288124084
8433,3,2,0.3461243808269501
8434,9,9,0.7840964198112488
8435,3,8,0.4118970036506653
8436,5,5,0.34220176935195923
8437,7,7,0.4135041832923889
8438,1,1,0.276487797498703
8439,8,8,0.34499767422676086
8440,5,5,0.6193622350692749
8441,8,8,0.8955989480018616
8442,6,6,0.8752641081809998
8443,2,7,0.6059983968734741
8444,5,3,0.4719174802303314
8445,1,8,0.817966878414154
8446,3,3,0.42660561203956604
8447,0,0,0.6848840713500977
8448,4,2,0.4893537759780884
8449,1,1,0.5657800436019897
8450,9,0,0.24191321432590485
8451,5,2,0.6333276629447937
8452,4,4,0.5550655722618103
8453,9,1,0.7244922518730164
8454,2,2,0.37454262375831604
8455,1,1,0.938602089881897
8456,4,6,0.2813880443572998
8457,2,3,0.307838499546051
8458,5,5,0.8837096095085144
8459,9,9,0.780853807926178
8460,8,8,0.8380794525146484
8461,7,2,0.4115714728832245
8462,2,4,0.5616719126701355
8463,1,9,0.4734363257884979
8464,6,6,0.7866836786270142
8465,9,1,0.49028345942497253
8466,7,7,0.7455237507820129
8467,3,9,0.452286958694458
8468,6,6,0.732353925704956
8469,5,1,0.48921963572502136
8470,8,8,0.7405622601509094
8471,0,8,0.3374529182910919
8472,2,2,0.7030455470085144
8473,2,7,0.27278077602386475
8474,4,2,0.499661922454834
8475,9,9,0.7513595223426819
8476,0,4,0.7384567856788635
8477,5,5,0.7688884735107422
8478,5,5,0.3414668142795563
8479,4,2,0.5162684321403503
8480,2,4,0.23414194583892822
8481,3,3,0.4468158185482025
8482,1,1,0.9268213510513306
8483,0,0,0.7937877774238586
8484,3,1,0.426603227853775
8485,0,0,0.9316903352737427
8486,4,4,0.6099905371665955
8487,4,3,0.2716383635997772
8488,9,9,0.52973872423172
8489,1,1,0.34390538930892944
8490,3,3,0.4963030219078064
8491,3,7,0.38089290261268616
8492,0,9,0.8259984254837036
8493,2,2,0.6675403714179993
8494,1,2,0.4047691822052002
8495,1,1,0.7095585465431213
8496,0,0,0.5891156196594238
8497,4,4,0.6329957842826843
8498,1,1,0.4430677592754364
8499,9,9,0.3810230791568756
8500,4,4,0.6818647384643555
8501,8,8,0.6108443140983582
8502,1,1,0.8453781604766846
8503,1,1,0.5768340826034546
8504,1,1,0.8607359528541565
8505,5,5,0.568351686000824
8506,9,9,0.5679553151130676
8507,8,8,0.6545407772064209
8508,1,9,0.606031596660614
8509,6,1,0.45800504088401794
8510,7,7,0.9875146150588989
8511,2,9,0.38785600662231445
8512,9,9,0.859171986579895
8513,9,1,0.6716272234916687
8514,7,4,0.30010154843330383
8515,8,8,0.9641093015670776
8516,8,2,0.2605374753475189
8517,1,1,0.9705703854560852
8518,9,8,0.2472539097070694
8519,7,7,0.5276057720184326
8520,8,8,0.8783956170082092
8521,9,8,0.8117433190345764
8522,1,1,0.8818114399909973
8523,6,6,0.8260909914970398
8524,6,6,0.7163095474243164
8525,3,8,0.3044995367527008
8526,3,5,0.34498631954193115
8527,1,1,0.4290219247341156
8528,3,2,0.3881303369998932
8529,0,8,0.4284011125564575
8530,8,8,0.5227779150009155
8531,8,8,0.9609457850456238
8532,3,2,0.3812825381755829
8533,6,6,0.7655656337738037
8534,6,6,0.8563173413276672
8535,7,7,0.7579968571662903
8536,1,9,0.46625852584838867
8537,0,0,0.8909297585487366
8538,7,7,0.2655956745147705
8539,6,6,0.865899384021759
8540,4,4,0.6166069507598877
8541,8,1,0.6987881660461426
8542,2,6,0.8389266729354858
8543,0,0,0.7783827781677246
8544,6,6,0.8299486637115479
8545,6,6,0.7565144896507263
8546,8,2,0.2615896463394165
8547,6,6,0.5483973026275635
8548,3,3,0.23138418793678284
8549,1,1,0.8324241638183594
8550,1,1,0.6881579756736755
8551,8,8,0.8019605875015259
8552,6,3,0.37996089458465576
8553,7,9,0.3698323369026184
8554,0,0,0.713981568813324
8555,5,5,0.6392678022384644
8556,4,8,0.6024323105812073
8557,3,2,0.3397291302680969
8558,2,0,0.4923977851867676
8559,1,1,0.8718072772026062
8560,7,7,0.9179224967956543
8561,8,8,0.9372195601463318
8562,2,6,0.3128935396671295
8563,0,7,0.25275132060050964
8564,1,0,0.5579211115837097
8565,7,7,0.9289551377296448
8566,4,0,0.5549090504646301
8567,8,8,0.9778571128845215
8568,7,7,0.9959743618965149
8569,6,6,0.4361632764339447
8570,6,1,0.4707057476043701
8571,7,7,0.34166136384010315
8572,0,0,0.4655449688434601
8573,6,0,0.4425824284553528
8574,4,4,0.36583077907562256
8575,9,9,0.9685622453689575
8576,2,3,0.283594012260437
8577,3,6,0.6082462668418884
8578,2,5,0.8413159251213074
8579,1,1,0.9602209329605103
8580,3,0,0.7926985025405884
8581,8,8,0.4996704161167145
8582,6,6,0.9426084160804749
8583,8,8,0.8917461633682251
8584,1,1,0.5473344326019287
8585,9,1,0.43828004598617554
8586,6,2,0.3561723828315735
8587,7,7,0.8586025834083557
8588,6,6,0.8986974954605103
8589,5,2,0.29210400581359863
8590,0,0,0.8714380264282227
8591,6,6,0.9063263535499573
8592,0,1,0.4226216971874237
8593,1,9,0.778688371181488
8594,3,9,0.5140738487243652
8595,1,1,0.6023902893066406
8596,1,1,0.8606882691383362
8597,5,5,0.4530521333217621
8598,3,6,0.6683712601661682
8599,4,4,0.7126097679138184
8600,3,2,0.48988795280456543
8601,3,3,0.26859280467033386
8602,8,8,0.5797376036643982
8603,1,1,0.9180694222450256
8604,6,3,0.4868088960647583
8605,6,6,0.6875258684158325
8606,1,1,0.7543437480926514
8607,8,8,0.6302462816238403
8608,8,8,0.9868025183677673
8609,6,6,0.9436823725700378
8610,2,2,0.7228256464004517
8611,7,7,0.5830998420715332
8612,4,4,0.4965560734272003
8613,6,6,0.3898453712463379
8614,8,8,0.8905394077301025
8615,9,9,0.5881708264350891
8616,3,6,0.38342535495758057
8617,3,4,0.5141217708587646
8618,5,3,0.559572160243988
8619,5,5,0.6555631756782532
8620,3,3,0.25183287262916565
8621,1,1,0.9370867013931274
8622,4,4,0.4985925257205963
8623,1,1,0.8555400371551514
8624,9,9,0.5420867800712585
8625,5,5,0.6598690748214722
8626,1,6,0.44047579169273376
8627,7,7,0.9102776050567627
8628,7,3,0.3269215226173401
8629,7,7,0.27553024888038635
8630,5,2,0.9210935235023499
8631,2,2,0.6488734483718872
8632,3,1,0.2630261778831482
8633,3,2,0.6397454142570496
8634,6,3,0.36057358980178833
8635,6,6,0.7665511965751648
8636,6,6,0.33569034934043884
8637,4,4,0.3384455740451813
8638,0,0,0.5157537460327148
8639,7,0,0.6450204849243164
8640,1,1,0.998336672782898
8641,7,5,0.36769306659698486
8642,3,6,0.7373673915863037
8643,0,0,0.8011564016342163
8644,8,2,0.30174532532691956
8645,1,9,0.2739429175853729
8646,2,7,0.42793160676956177
8647,4,4,0.7504163980484009
8648,1,1,0.7723615765571594
8649,2,2,0.41201454401016235
8650,2,5,0.6806913614273071
8651,4,2,0.9454845190048218
8652,9,9,0.8777258992195129
8653,8,8,0.7890522480010986
8654,2,3,0.35618606209754944
8655,8,8,0.8512767553329468
8656,7,7,0.6402739882469177
8657,6,3,0.3763929307460785
8658,3,8,0.3239266276359558
8659,4,4,0.6320760250091553
8660,7,5,0.5008770823478699
8661,2,2,0.3325103223323822
8662,3,3,0.32208409905433655
8663,1,1,0.6942201852798462
8664,5,5,0.4844387471675873
8665,3,7,0.5479832887649536
8666,0,0,0.5727002024650574
8667,4,4,0.7556244134902954
8668,3,8,0.43145105242729187
8669,4,4,0.37929579615592957
8670,9,9,0.27931419014930725
8671,4,5,0.46722280979156494
8672,7,4,0.4272701144218445
8673,9,7,0.467001348733902
8674,1,1,0.6079246997833252
8675,7,7,0.9887328147888184
8676,8,0,0.7930616736412048
8677,3,5,0.8144514560699463
8678,1,8,0.5883998870849609
8679,8,8,0.818039059638977
8680,3,3,0.27246955037117004
8681,2,2,0.3530904948711395
8682,5,7,0.35742729902267456
8683,7,7,0.9675546884536743
8684,2,3,0.6383352279663086
8685,7,7,0.7768412828445435
8686,9,9,0.7494504451751709
8687,6,6,0.3922809958457947
8688,8,8,0.4926000237464905
8689,6,6,0.8413047790527344
8690,8,8,0.7423502802848816
8691,6,0,0.2833153307437897
8692,5,2,0.5067697763442993
8693,9,1,0.5998311638832092
8694,0,8,0.6173834204673767
8695,4,4,0.733758270740509
8696,8,8,0.8081419467926025
8697,5,5,0.8024494647979736
8698,6,4,0.4065450429916382
8699,4,3,0.32031795382499695
8700,3,5,0.40402910113334656
8701,8,8,0.876211404800415
8702,0,8,0.5015614628791809
8703,4,6,0.5905942916870117
8704,8,8,0.6825262904167175
8705,6,6,0.7971851825714111
8706,7,7,0.7594266533851624
8707,2,2,0.4239419102668762
8708,7,4,0.4406452178955078
8709,1,1,0.6202903985977173
8710,7,7,0.7735559940338135
8711,4,2,0.35590171813964844
8712,1,1,0.7522374987602234
8713,2,8,0.604677677154541
8714,4,4,0.8623996376991272
8715,2,7,0.5303537845611572
8716,2,2,0.4801117181777954
8717,8,8,0.8714094161987305
8718,7,7,0.9481256604194641
8719,2,2,0.5437299609184265
8720,2,0,0.7814573049545288
8721,6,4,0.4029598832130432
8722,7,7,0.4077424108982086
8723,5,7,0.47809717059135437
8724,6,6,0.5910925269126892
8725,8,8,0.9547337889671326
8726,9,9,0.9344257116317749
8727,9,0,0.49361249804496765
8728,6,9,0.2466970682144165
8729,5,2,0.5967170596122742
8730,2,2,0.3340078890323639
8731,9,9,0.499801367521286
8732,8,1,0.9416383504867554
8733,7,7,0.9185706973075867
8734,2,4,0.6385117173194885
8735,3,3,0.3523114025592804
8736,3,3,0.30555498600006104
8737,7,7,0.8670660853385925
8738,4,4,0.6932655572891235
8739,3,8,0.4010154604911804
8740,2,2,0.7226312756538391
8741,1,0,0.9542002081871033
8742,9,9,0.5387976765632629
8743,0,8,0.8315074443817139
8744,1,1,0.9616067409515381
8745,5,5,0.569627046585083
8746,3,2,0.5091356635093689
8747,2,2,0.8714770674705505
8748,6,6,0.6861616969108582
8749,5,6,0.1705542653799057
8750,9,9,0.578544020652771
8751,1,1,0.27742695808410645
8752,5,2,0.6028294563293457
8753,4,6,0.3651542067527771
8754,3,3,0.639302134513855
8755,6,6,0.9054205417633057
8756,2,9,0.5719122290611267
8757,8,0,0.39072248339653015
8758,9,7,0.361902117729187
8759,7,7,0.5736583471298218
8760,8,8,0.9311368465423584
8761,0,8,0.4472507834434509
8762,8,8,0.6746600866317749
8763,9,9,0.8440082669258118
8764,1,1,0.511687695980072
8765,2,2,0.3814452886581421
8766,5,5,0.3234483599662781
8767,7,7,0.7690626978874207
8768,2,2,0.5557255148887634
8769,0,0,0.9166049361228943
8770,6,2,0.39694786071777344
8771,6,6,0.8122053742408752
8772,1,1,0.9830506443977356
8773,6,2,0.6193121671676636
8774,3,4,0.3332814872264862
8775,1,1,0.6493930220603943
8776,5,5,0.4278627038002014
8777,0,0,0.7708107233047485
8778,3,2,0.581457257270813
8779,7,7,0.773531436920166
8780,4,4,0.3451860845088959
8781,6,6,0.6482647657394409
8782,5,5,0.7889971137046814
8783,6,6,0.8431944251060486
8784,4,4,0.846756100654602
8785,8,8,0.5564641356468201
8786,3,4,0.47946837544441223
8787,4,0,0.29308176040649414
8788,5,2,0.5129044651985168
8789,5,5,0.9854458570480347
8790,0,9,0.8791512250900269
8791,6,4,0.26944491267204285
8792,6,6,0.6867750287055969
8793,7,7,0.7274872064590454
8794,5,5,0.4627196788787842
8795,0,0,0.935833215713501
8796,9,9,0.7257521748542786
8797,9,9,0.7365062832832336
8798,6,6,0.9440756440162659
8799,1,1,0.6660183072090149
8800,0,0,0.9854228496551514
8801,4,7,0.34541550278663635
8802,6,6,0.9333804845809937
8803,3,7,0.4501219689846039
8804,6,9,0.38478517532348633
8805,9,9,0.6873294115066528
8806,3,2,0.4491980969905853
8807,6,6,0.961511492729187
8808,6,6,0.7374847531318665
8809,8,6,0.5689002275466919
8810,2,2,0.42900213599205017
8811,1,7,0.33783942461013794
8812,0,0,0.9602168202400208
8813,1,1,0.804425835609436
8814,9,9,0.9478927254676819
8815,3,1,0.4182051420211792
8816,7,2,0.5164158940315247
8817,4,7,0.7121038436889648
8818,3,9,0.486518919467926
8819,0,0,0.7434329390525818
8820,2,0,0.7973609566688538
8821,7,7,0.6199445128440857
8822,6,6,0.6843120455741882
8823,4,7,0.663116991519928
8824,3,3,0.486177921295166
8825,0,1,0.6231310963630676
8826,8,8,0.6939960718154907
8827,2,2,0.8779367208480835
8828,0,6,0.29757341742515564
8829,0,0,0.8401608467102051
8830,9,9,0.9355395436286926
8831,6,6,0.6979645490646362
8832,6,6,0.8541101813316345
8833,6,9,0.27161866426467896
8834,8,8,0.7261970043182373
8835,7,7,0.32468435168266296
8836,4,4,0.6600834131240845
8837,1,1,0.7460265755653381
8838,8,8,0.9775725603103638
8839,1,1,0.5865299105644226
8840,2,1,0.4867333471775055
8841,2,2,0.5026561617851257
8842,4,4,0.5886967778205872
8843,8,8,0.5678250789642334
8844,5,5,0.4662686884403229
8845,2,2,0.77845299243927
8846,6,6,0.9860383868217468
8847,5,4,0.6068748235702515
8848,3,5,0.3173518478870392
8849,9,9,0.8543086647987366
8850,1,8,0.6823822259902954
8851,0,0,0.44145920872688293
8852,7,7,0.9452304244041443
8853,2,4,0.4661678373813629
8854,4,8,0.8846846222877502
8855,4,4,0.31557217240333557
8856,0,0,0.5977948904037476
8857,0,8,0.4886173903942108
8858,6,6,0.547650158405304
8859,2,4,0.4112955629825592
8860,2,8,0.4000275731086731
8861,4,4,0.22198325395584106
8862,0,8,0.4291469156742096
8863,5,4,0.41442328691482544
8864,9,9,0.9619442820549011
8865,7,7,0.9106239080429077
8866,1,1,0.9381147623062134
8867,8,8,0.9866394400596619
8868,4,9,0.5585237741470337
8869,5,3,0.35706695914268494
8870,5,5,0.8369342684745789
8871,9,9,0.8523386716842651
8872,8,7,0.7770998477935791
8873,5,5,0.7482799887657166
8874,7,2,0.45548015832901
8875,8,1,0.8844645023345947
8876,0,9,0.4535430073738098
8877,9,1,0.6083627343177795
8878,8,8,0.7448534965515137
8879,9,9,0.9134207963943481
8880,1,1,0.9405047297477722
8881,6,6,0.7985914349555969
8882,3,5,0.3431597948074341
8883,8,1,0.8474813103675842
8884,0,9,0.3110593557357788
8885,3,3,0.5077692866325378
8886,4,2,0.4208028018474579
8887,4,4,0.6919129490852356
8888,8,8,0.9444822669029236
8889,4,4,0.61809903383255
8890,8,8,0.9595450758934021
8891,9,1,0.6032684445381165
8892,8,8,0.8534640669822693
8893,6,6,0.7706429362297058
8894,0,3,0.4770623445510864
8895,0,0,0.6273602843284607
8896,8,8,0.707340657711029
8897,2,4,0.49347609281539917
8898,7,0,0.300311416387558
8899,4,4,0.781741738319397
8900,2,2,0.695271372795105
8901,5,0,0.3004496693611145
8902,6,6,0.7746201753616333
8903,0,8,0.49848219752311707
8904,5,5,0.4124302268028259
8905,8,8,0.708294689655304
8906,4,2,0.34757938981056213
8907,1,1,0.6815242767333984
8908,9,9,0.5680058002471924
8909,0,0,0.9231345653533936
8910,1,1,0.907063364982605
8911,4,2,0.21228790283203125
8912,4,5,0.42108994722366333
8913,8,8,0.7814580798149109
8914,4,4,0.9111087322235107
8915,9,9,0.6976641416549683
8916,6,1,0.3273845314979553
8917,0,0,0.708259642124176
8918,7,0,0.5487026572227478
8919,7,7,0.3443918228149414
8920,6,6,0.8670278191566467
8921,8,0,0.44396284222602844
8922,9,7,0.6837357878684998
8923,6,2,0.632662832736969
8924,2,2,0.9132053852081299
8925,0,0,0.7422869801521301
8926,4,4,0.8724136352539062
8927,9,9,0.8555116057395935
8928,4,8,0.3160829544067383
8929,9,9,0.7472067475318909
8930,3,6,0.3595200479030609
8931,9,9,0.9702790975570679
8932,6,2,0.8804155588150024
8933,6,6,0.8145904541015625
8934,7,5,0.5762986540794373
8935,0,0,0.6825849413871765
8936,9,9,0.414204478263855
8937,7,2,0.499750018119812
8938,1,8,0.6545315980911255
8939,8,2,0.3913319706916809
8940,6,3,0.265653520822525
8941,0,0,0.4607008695602417
8942,6,6,0.44434961676597595
8943,7,4,0.29538026452064514
8944,4,1,0.43750065565109253
8945,1,1,0.5613526701927185
8946,9,9,0.6179153919219971
8947,4,4,0.6319946646690369
8948,6,6,0.5066443681716919
8949,7,9,0.5331164002418518
8950,9,9,0.8094415068626404
8951,8,8,0.8938594460487366
8952,3,6,0.4195328950881958
8953,9,9,0.895907461643219
8954,2,4,0.41986799240112305
8955,1,1,0.7938529849052429
8956,2,9,0.5289250016212463
8957,7,2,0.3601934611797333
8958,6,6,0.4498775601387024
8959,1,1,0.5759330987930298
8960,0,0,0.5117093324661255
8961,0,0,0.2262798547744751
8962,5,9,0.6881565451622009
8963,6,6,0.9179757237434387
8964,0,8,0.399705708026886
8965,4,4,0.4030103087425232
8966,3,6,0.3483027517795563
8967,2,2,0.7141165733337402
8968,8,8,0.8282762765884399
8969,8,8,0.9854978322982788
8970,0,0,0.7143210172653198
8971,6,6,0.6389335989952087
8972,9,2,0.611811637878418
8973,5,5,0.8429354429244995
8974,2,2,0.548426628112793
8975,8,8,0.9978218078613281
8976,7,7,0.33714526891708374
8977,0,1,0.4256294071674347
8978,6,6,0.8643605709075928
8979,5,5,0.7942911982536316
8980,9,9,0.550929069519043
8981,7,4,0.7669418454170227
8982,2,2,0.5481322407722473
8983,3,2,0.5529859066009521
8984,6,6,0.9969876408576965
8985,9,0,0.5243045687675476
8986,6,6,0.9816681742668152
8987,2,2,0.39488568902015686
8988,2,2,0.9278982281684875
8989,4,4,0.2840310037136078
8990,1,1,0.9719380736351013
8991,0,0,0.5017262697219849
8992,5,5,0.8993199467658997
8993,0,7,0.4434540271759033
8994,8,8,0.9804906249046326
8995,9,9,0.9254875183105469
8996,3,7,0.659000039100647
8997,5,2,0.4612416923046112
8998,9,9,0.891688346862793
8999,3,8,0.650684118270874
9000,8,8,0.9151191711425781
9001,1,1,0.6356139779090881
9002,6,2,0.4749879837036133
9003,3,6,0.5122758150100708
9004,7,7,0.7054245471954346
9005,5,5,0.7465535402297974
9006,6,6,0.5906034708023071
9007,2,2,0.3140266239643097
9008,0,0,0.8396469354629517
9009,2,6,0.42950302362442017
9010,8,5,0.31298813223838806
9011,2,6,0.5365091562271118
9012,8,1,0.3684751093387604
9013,7,7,0.5894991159439087
9014,7,7,0.3166159689426422
9015,8,0,0.5246943831443787
9016,1,1,0.345880389213562
9017,0,0,0.8231889009475708
9018,8,5,0.3895861804485321
9019,9,1,0.4960809051990509
9020,7,7,0.7589247226715088
9021,0,0,0.4669917821884155
9022,3,6,0.49373453855514526
9023,8,8,0.8678845763206482
9024,0,0,0.848962664604187
9025,5,5,0.8696353435516357
9026,9,0,0.44562891125679016
9027,5,5,0.4901614785194397
9028,8,0,0.5653373599052429
9029,4,7,0.5951120853424072
9030,2,8,0.5178653597831726
9031,0,0,0.7933937907218933
9032,9,9,0.5316213965415955
9033,2,5,0.41077420115470886
9034,2,6,0.3517248034477234
9035,4,5,0.4312649071216583
9036,4,7,0.2860892117023468
9037,9,9,0.8869218826293945
9038,2,4,0.4762033224105835
9039,2,4,0.40185385942459106
9040,2,5,0.6917458176612854
9041,5,3,0.39213693141937256
9042,1,1,0.8410268425941467
9043,3,8,0.5570064783096313
9044,2,6,0.4535808563232422
9045,0,0,0.6747925281524658
9046,0,9,0.46219602227211
9047,4,7,0.3470223844051361
9048,0,9,0.8289430737495422
9049,6,2,0.3776742219924927
9050,5,3,0.42754146456718445
9051,8,8,0.936826765537262
9052,0,0,0.7705398201942444
9053,5,5,0.6296644806861877
9054,8,8,0.4894847273826599
9055,6,6,0.9431108832359314
9056,4,4,0.5195961594581604
9057,8,9,0.22837665677070618
9058,5,5,0.4617860019207001
9059,2,3,0.3973858058452606
9060,9,9,0.5303294658660889
9061,7,7,0.9507026076316833
9062,9,9,0.596371591091156
9063,7,7,0.9847262501716614
9064,1,9,0.49698489904403687
9065,0,2,0.4597012996673584
9066,1,1,0.7126984596252441
9067,9,1,0.825509250164032
9068,6,8,0.70318603515625
9069,9,1,0.9079195261001587
9070,2,4,0.9038528800010681
9071,7,3,0.4570079743862152
9072,9,9,0.6885777711868286
9073,4,6,0.5953632593154907
9074,4,4,0.6219778060913086
9075,0,0,0.9612721800804138
9076,6,6,0.5556917786598206
9077,2,6,0.45143571496009827
9078,4,4,0.6971843838691711
9079,1,8,0.4899967312812805
9080,3,3,0.48577508330345154
9081,7,7,0.8284674882888794
9082,2,3,0.6817180514335632
9083,8,8,0.9748268127441406
9084,5,3,0.5068105459213257
9085,9,9,0.43136048316955566
9086,0,0,0.9372360706329346
9087,3,2,0.2783423662185669
9088,2,6,0.5641366243362427
9089,3,3,0.5631886720657349
9090,2,2,0.5063986778259277
9091,7,7,0.9814055562019348
9092,6,6,0.5006881952285767
9093,3,2,0.21435151994228363
9094,2,2,0.46316447854042053
9095,5,2,0.5358722805976868
9096,9,9,0.8532131910324097
9097,0,0,0.7173859477043152
9098,5,5,0.3869110345840454
9099,9,9,0.4557153284549713
9100,9,1,0.4128466248512268
9101,8,8,0.7439685463905334
9102,7,7,0.5802805423736572
9103,7,7,0.5045827627182007
9104,4,4,0.6623892784118652
9105,8,0,0.4963149428367615
9106,6,6,0.8542036414146423
9107,5,8,0.36024782061576843
9108,2,4,0.562809944152832
9109,3,3,0.49546337127685547
9110,1,1,0.9051723480224609
9111,0,0,0.9614195823669434
9112,4,4,0.4335407316684723
9113,1,0,0.3142649233341217
9114,8,8,0.5446043014526367
9115,8,8,0.9905645847320557
9116,4,2,0.49911442399024963
9117,9,1,0.6593732237815857
9118,4,4,0.40567952394485474
9119,4,2,0.5788881778717041
9120,3,3,0.2753487229347229
9121,3,5,0.3804883062839508
9122,9,3,0.29575008153915405
9123,2,2,0.605612576007843
9124,0,0,0.8832684755325317
9125,1,1,0.6666576862335205
9126,1,7,0.41842275857925415
9127,8,9,0.48429471254348755
9128,4,4,0.44553548097610474
9129,4,4,0.4079403877258301
9130,8,8,0.5407990217208862
9131,3,5,0.28838852047920227
9132,2,5,0.31162282824516296
9133,9,0,0.460927814245224
9134,5,5,0.3647133409976959
9135,7,5,0.5412386059761047
9136,6,6,0.8997053503990173
9137,2,6,0.5190169811248779
9138,5,5,0.966921865940094
9139,4,6,0.37255868315696716
9140,7,7,0.5692626237869263
9141,3,3,0.4265837073326111
9142,3,0,0.3471830189228058
9143,9,3,0.33213505148887634
9144,0,0,0.45823150873184204
9145,1,1,0.6718224883079529
9146,5,5,0.9019200801849365
9147,9,6,0.584666907787323
9148,3,5,0.6025676131248474
9149,7,9,0.6472549438476562
9150,6,6,0.9154428839683533
9151,0,0,0.4397837221622467
9152,4,4,0.44894278049468994
9153,2,0,0.6374064087867737
9154,2,2,0.5991703271865845
9155,5,5,0.7461453676223755
9156,6,6,0.6747477054595947
9157,3,3,0.5445919632911682
9158,8,8,0.6172794699668884
9159,9,9,0.5418218374252319
9160,5,3,0.45293882489204407
9161,6,6,0.7664633989334106
9162,1,8,0.42106640338897705
9163,4,6,0.36398544907569885
9164,5,5,0.7587833404541016
9165,4,0,0.7254768013954163
9166,6,6,0.38284966349601746
9167,7,7,0.8187882304191589
9168,2,2,0.8693010210990906
9169,1,8,0.8030164837837219
9170,0,9,0.9488875269889832
9171,2,2,0.823328971862793
9172,0,0,0.7717351913452148
9173,4,7,0.35461145639419556
9174,9,9,0.49294066429138184
9175,8,0,0.8517880439758301
9176,8,8,0.6720803380012512
9177,9,1,0.6449501514434814
9178,1,1,0.7407243251800537
9179,1,1,0.9727152585983276
9180,5,5,0.8989731669425964
9181,0,0,0.9403313994407654
9182,0,0,0.9494263529777527
9183,8,8,0.9011388421058655
9184,7,7,0.8297392129898071
9185,1,1,0.6330345273017883
9186,7,7,0.8986386656761169
9187,4,4,0.6431887745857239
9188,5,2,0.5959290862083435
9189,4,2,0.4150521755218506
9190,3,5,0.6473453640937805
9191,3,3,0.3846747875213623
9192,2,2,0.3673684895038605
9193,0,2,0.4184931516647339
9194,6,6,0.956602156162262
9195,6,6,0.9331095218658447
9196,0,0,0.7188913822174072
9197,1,1,0.6930503845214844
9198,3,3,0.3680533170700073
9199,9,1,0.8660726547241211
9200,8,8,0.6408052444458008
9201,3,3,0.33880719542503357
9202,7,7,0.9358066320419312
9203,8,8,0.8495219349861145
9204,9,8,0.8691579699516296
9205,4,4,0.543272852897644
9206,8,0,0.5815649628639221
9207,9,9,0.6747017502784729
9208,0,8,0.8452979922294617
9209,9,1,0.8099837303161621
9210,7,7,0.7856094241142273
9211,1,1,0.6261948347091675
9212,6,6,0.9601489305496216
9213,2,7,0.7977659106254578
9214,9,9,0.9140622615814209
9215,5,5,0.45365211367607117
9216,6,2,0.4273388087749481
9217,9,1,0.8752252459526062
9218,3,5,0.499332070350647
9219,9,9,0.4076445400714874
9220,8,8,0.5161483287811279
9221,7,7,0.34365686774253845
9222,7,7,0.7099872827529907
9223,1,9,0.6727220416069031
9224,6,6,0.7864107489585876
9225,5,9,0.24942992627620697
9226,3,4,0.5515986084938049
9227,1,1,0.8067464232444763
9228,3,3,0.7895098924636841
9229,1,2,0.5076004862785339
9230,2,2,0.26627451181411743
9231,7,5,0.28208255767822266
9232,1,1,0.9226488471031189
9233,8,8,0.7983171939849854
9234,2,2,0.8988948464393616
9235,0,0,0.4615921378135681
9236,9,9,0.9622951745986938
9237,7,3,0.4633634686470032
9238,9,9,0.9399634599685669
9239,8,8,0.9872335195541382
9240,8,8,0.583895742893219
9241,6,6,0.8736246228218079
9242,7,7,0.9298809766769409
9243,3,5,0.5875597596168518
9244,7,7,0.8693332672119141
9245,1,1,0.8490767478942871
9246,3,6,0.33707761764526367
9247,9,9,0.7810320258140564
9248,0,0,0.8028582334518433
9249,9,9,0.817209005355835
9250,3,2,0.5942763686180115
9251,6,6,0.6743951439857483
9252,7,2,0.4495822787284851
9253,2,0,0.8883144855499268
9254,7,5,0.7022348642349243
9255,3,8,0.46722349524497986
9256,0,0,0.9719482064247131
9257,5,3,0.3200467824935913
9258,9,9,0.8595162034034729
9259,7,7,0.9640278816223145
9260,5,5,0.4678550362586975
9261,5,5,0.9551902413368225
9262,0,3,0.39688581228256226
9263,6,6,0.9298515915870667
9264,5,5,0.9129140377044678
9265,1,1,0.6011507511138916
9266,8,8,0.8702777624130249
9267,2,1,0.39785295724868774
9268,7,2,0.30189597606658936
9269,5,3,0.3512863516807556
9270,9,9,0.5379674434661865
9271,0,0,0.6481080651283264
9272,0,0,0.8622308969497681
9273,0,2,0.36659660935401917
9274,8,8,0.3604311943054199
9275,8,8,0.8412310481071472
9276,7,4,0.5240053534507751
9277,3,3,0.5131639242172241
9278,7,7,0.8758100867271423
9279,8,8,0.957802951335907
9280,9,0,0.45177125930786133
9281,3,2,0.5227189660072327
9282,7,2,0.4615541994571686
9283,9,9,0.8298532962799072
9284,7,7,0.82850581407547
9285,8,8,0.7882699370384216
9286,7,7,0.9274824857711792
9287,9,9,0.8521091341972351
9288,8,8,0.23152108490467072
9289,5,5,0.7754272818565369
9290,4,2,0.5550050139427185
9291,8,8,0.5920275449752808
9292,3,8,0.4295773208141327
9293,7,7,0.5405397415161133
9294,6,5,0.24609117209911346
9295,3,5,0.6508219242095947
9296,8,8,0.5422446131706238
9297,2,2,0.6121795177459717
9298,1,1,0.9070047736167908
9299,9,7,0.5635413527488708
9300,5,2,0.3169923424720764
9301,7,6,0.490001380443573
9302,3,2,0.4615870416164398
9303,9,9,0.8296498656272888
9304,5,5,0.6790974736213684
9305,5,4,0.3676585257053375
9306,8,8,0.27242809534072876
9307,7,7,0.9766876101493835
9308,3,3,0.2724248468875885
9309,5,3,0.3987894058227539
9310,3,4,0.3626045882701874
9311,5,5,0.2779924273490906
9312,9,8,0.7605177164077759
9313,7,2,0.33980104327201843
9314,6,6,0.8648832440376282
9315,7,7,0.9583820700645447
9316,3,2,0.732873260974884
9317,6,6,0.4724496901035309
9318,4,4,0.5867287516593933
9319,3,3,0.3771929144859314
9320,9,9,0.328293114900589
9321,4,4,0.6081588268280029
9322,2,5,0.5878602862358093
9323,1,1,0.9502326250076294
9324,9,9,0.485293447971344
9325,6,6,0.3129461705684662
9326,0,0,0.7609029412269592
9327,2,6,0.32900458574295044
9328,6,6,0.7341294288635254
9329,7,7,0.9859681129455566
9330,4,4,0.7423989176750183
9331,7,4,0.508095383644104
9332,9,9,0.8050057291984558
9333,0,8,0.5348088145256042
9334,7,7,0.7647329568862915
9335,4,4,0.450381338596344
9336,3,5,0.9193509817123413
9337,5,9,0.30973368883132935
9338,3,2,0.36389556527137756
9339,1,8,0.3380505442619324
9340,1,1,0.9607012271881104
9341,2,3,0.31428712606430054
9342,6,6,0.5551013350486755
9343,8,8,0.749030590057373
9344,2,2,0.32237550616264343
9345,1,9,0.677086353302002
9346,7,6,0.4236533045768738
9347,8,8,0.6660831570625305
9348,5,5,0.4740956127643585
9349,9,8,0.40111324191093445
9350,6,6,0.4443812370300293
9351,1,1,0.6854458451271057
9352,1,8,0.7400614619255066
9353,5,5,0.22251762449741364
9354,0,0,0.8049250841140747
9355,6,9,0.25451475381851196
9356,0,0,0.9105820655822754
9357,9,9,0.809136688709259
9358,2,8,0.34922146797180176
9359,6,3,0.24193188548088074
9360,5,0,0.4371919333934784
9361,8,1,0.4942897856235504
9362,9,9,0.7243506908416748
9363,5,5,0.44072556495666504
9364,5,5,0.9362890720367432
9365,6,6,0.6976475715637207
9366,2,2,0.5980125665664673
9367,9,9,0.8765650987625122
9368,1,1,0.9587773084640503
9369,5,8,0.389732301235199
9370,8,9,0.5688386559486389
9371,8,0,0.6134743094444275
9372,7,7,0.8253412246704102
9373,1,1,0.8000656962394714
9374,7,7,0.4790876507759094
9375,3,4,0.5104051828384399
9376,5,5,0.2924237847328186
9377,4,7,0.6392511129379272
9378,9,9,0.6693934202194214
9379,7,7,0.804452657699585
9380,5,3,0.4180913269519806
9381,2,4,0.25721368193626404
9382,9,9,0.29839128255844116
9383,9,7,0.5713298916816711
9384,4,4,0.34768426418304443
9385,7,6,0.6299197673797607
9386,4,2,0.5668978691101074
9387,1,1,0.770678699016571
9388,3,3,0.5282437801361084
9389,8,8,0.6788835525512695
9390,7,7,0.9108057022094727
9391,9,9,0.7190314531326294
9392,0,0,0.4399259388446808
9393,4,4,0.46020597219467163
9394,5,5,0.38984015583992004
9395,7,7,0.9249127507209778
9396,5,2,0.4257698059082031
9397,2,2,0.5428313612937927
9398,8,1,0.8970692753791809
9399,7,7,0.9786183834075928
9400,6,6,0.9882932901382446
9401,9,9,0.3445722758769989
9402,6,2,0.32312124967575073
9403,9,9,0.8218419551849365
9404,3,2,0.31685516238212585
9405,8,8,0.9202461838722229
9406,5,3,0.3555750548839569
9407,6,6,0.5738064050674438
9408,6,6,0.7184062004089355
9409,9,9,0.9342100024223328
9410,5,5,0.796463668346405
9411,7,7,0.6564850211143494
9412,8,8,0.9962368011474609
9413,0,0,0.8771511912345886
9414,5,3,0.351060152053833
9415,0,3,0.31405335664749146
9416,7,7,0.8549792766571045
9417,4,2,0.2693001627922058
9418,8,1,0.706310510635376
9419,2,2,0.9578380584716797
9420,5,5,0.36167392134666443
9421,1,1,0.8039831519126892
9422,3,5,0.5191041827201843
9423,2,2,0.37055161595344543
9424,2,2,0.7090540528297424
9425,6,6,0.8123167753219604
9426,2,1,0.5992476940155029
9427,1,1,0.8811442852020264
9428,7,2,0.49555346369743347
9429,4,7,0.3643360733985901
9430,6,6,0.7412992119789124
9431,3,3,0.5556372404098511
9432,1,1,0.7906162738800049
9433,3,5,0.8269698619842529
9434,7,7,0.651199460029602
9435,2,7,0.38646504282951355
9436,1,2,0.24223953485488892
9437,3,2,0.7473574280738831
9438,7,7,0.48130935430526733
9439,0,0,0.46459874510765076
9440,8,8,0.961317777633667
9441,4,4,0.6588506102561951
9442,4,7,0.5346941351890564
9443,5,2,0.9270895719528198
9444,7,7,0.4180806577205658
9445,9,5,0.2948788106441498
9446,5,3,0.6522985696792603
9447,4,4,0.3458002507686615
9448,3,7,0.30062395334243774
9449,9,0,0.6424031853675842
9450,6,6,0.47176891565322876
9451,8,8,0.8773167729377747
9452,2,2,0.41098663210868835
9453,3,3,0.2728331685066223
9454,3,6,0.6561622023582458
9455,1,1,0.6837387084960938
9456,6,6,0.788802444934845
9457,1,9,0.6696202158927917
9458,7,7,0.910474956035614
9459,0,0,0.4671577513217926
9460,3,2,0.290927916765213
9461,4,6,0.5899471640586853
9462,2,0,0.38885605335235596
9463,9,8,0.5239379405975342
9464,4,6,0.3876411020755768
9465,5,2,0.5161425471305847
9466,8,8,0.5522722005844116
9467,2,9,0.4806980490684509
9468,7,7,0.9035845398902893
9469,0,0,0.8698645830154419
9470,9,9,0.8947802782058716
9471,6,7,0.7963146567344666
9472,8,8,0.7843999266624451
9473,0,0,0.5367361307144165
9474,8,8,0.9388993978500366
9475,2,2,0.5620934963226318
9476,8,8,0.8643385767936707
9477,5,5,0.7818364500999451
9478,7,7,0.7413532137870789
9479,7,7,0.8759283423423767
9480,2,2,0.8364671468734741
9481,2,2,0.6913663744926453
9482,0,2,0.6593915820121765
9483,0,0,0.6567865610122681
9484,0,9,0.7670625448226929
9485,7,7,0.7513628005981445
9486,4,2,0.4855848252773285
9487,1,1,0.817152738571167
9488,6,6,0.45258021354675293
9489,6,6,0.9664502143859863
9490,8,1,0.48096176981925964
9491,8,8,0.5251787900924683
9492,9,1,0.6713579893112183
9493,0,0,0.5482150316238403
9494,9,9,0.624996542930603
9495,0,0,0.8125192523002625
9496,1,1,0.9759740233421326
9497,3,2,0.47728270292282104
9498,3,6,0.6635041236877441
9499,0,0,0.7482215166091919
9500,9,9,0.47128748893737793
9501,6,4,0.3474457561969757
9502,6,6,0.939321756362915
9503,2,4,0.5795331001281738
9504,6,6,0.9373215436935425
9505,3,4,0.5895665287971497
9506,4,2,0.3529635965824127
9507,0,0,0.5870143175125122
9508,8,8,0.8464294672012329
9509,4,4,0.32576313614845276
9510,1,1,0.7417134046554565
9511,4,6,0.4160480499267578
9512,0,0,0.4444338083267212
9513,6,6,0.36467453837394714
9514,5,4,0.6138041615486145
9515,0,9,0.76139897108078
9516,9,9,0.9378162622451782
9517,9,9,0.3747854232788086
9518,9,9,0.669569194316864
9519,9,1,0.6158244609832764
9520,1,9,0.7134902477264404
9521,2,2,0.340892493724823
9522,3,4,0.36605778336524963
9523,5,5,0.5641269087791443
9524,4,2,0.5562290549278259
9525,2,2,0.8533919453620911
9526,9,9,0.33406776189804077
9527,6,3,0.5690628886222839
9528,0,8,0.7655721306800842
9529,9,0,0.6800726652145386
9530,6,6,0.9172312617301941
9531,6,6,0.8042531609535217
9532,8,8,0.9293209910392761
9533,0,2,0.28581923246383667
9534,6,6,0.6067048907279968
9535,1,1,0.5826215744018555
9536,4,5,0.26875293254852295
9537,6,6,0.9710238575935364
9538,8,9,0.5610257387161255
9539,0,0,0.6277864575386047
9540,5,5,0.767638087272644
9541,4,7,0.33661988377571106
9542,1,9,0.5815078616142273
9543,2,2,0.9007863402366638
9544,0,0,0.4172748923301697
9545,9,9,0.9927719235420227
9546,6,6,0.6847439408302307
9547,4,2,0.49847444891929626
9548,2,3,0.569155216217041
9549,4,4,0.7034041881561279
9550,6,6,0.8232007026672363
9551,5,2,0.28598085045814514
9552,9,9,0.5499653220176697
9553,7,7,0.8581166863441467
9554,7,7,0.9954734444618225
9555,4,2,0.47210559248924255
9556,6,6,0.7720826268196106
9557,5,5,0.5525197386741638
9558,0,0,0.7073778510093689
9559,1,1,0.5067235231399536
9560,9,3,0.18692900240421295
9561,0,0,0.5681551694869995
9562,3,3,0.6546909213066101
9563,1,9,0.45793649554252625
9564,9,9,0.882200300693512
9565,0,0,0.9735649824142456
9566,9,9,0.8872420191764832
9567,7,7,0.28041768074035645
9568,8,8,0.8559057116508484
9569,6,6,0.8687913417816162
9570,7,7,0.9330137372016907
9571,6,6,0.9411661028862
9572,8,8,0.993535041809082
9573,2,2,0.5821747183799744
9574,4,4,0.8348320722579956
9575,5,5,0.8231185078620911
9576,3,8,0.8184695839881897
9577,0,0,0.8602416515350342
9578,3,5,0.38061636686325073
9579,2,2,0.4162503182888031
9580,1,1,0.5580496191978455
9581,7,7,0.975371778011322
9582,5,5,0.8907056450843811
9583,9,0,0.4339296519756317
9584,3,6,0.46551603078842163
9585,4,4,0.9395100474357605
9586,5,3,0.5459943413734436
9587,7,9,0.32478204369544983
9588,1,1,0.9788033366203308
9589,5,5,0.9104134440422058
9590,0,2,0.30749374628067017
9591,1,8,0.32151538133621216
9592,1,1,0.8176836371421814
9593,1,9,0.6063273549079895
9594,9,0,0.33340001106262207
9595,7,7,0.809722363948822
9596,5,5,0.47404342889785767
9597,4,4,0.43713998794555664
9598,9,1,0.730075478553772
9599,7,7,0.9525172710418701
9600,8,8,0.8558305501937866
9601,1,5,0.5710415244102478
9602,0,0,0.7380279302597046
9603,2,4,0.2836972177028656
9604,8,0,0.3641720116138458
9605,5,5,0.6462560296058655
9606,6,9,0.5299018025398254
9607,7,7,0.606918454170227
9608,0,0,0.7260564565658569
9609,1,6,0.274238258600235
9610,4,6,0.32887184619903564
9611,8,8,0.9433045387268066
9612,4,2,0.3720740079879761
9613,4,4,0.7709094285964966
9614,6,6,0.9864010214805603
9615,6,6,0.961641788482666
9616,5,4,0.6465898752212524
9617,8,2,0.3482967019081116
9618,1,1,0.9854296445846558
9619,8,8,0.9606146812438965
9620,4,4,0.27055078744888306
9621,6,6,0.8239625692367554
9622,5,4,0.23769617080688477
9623,9,9,0.9301243424415588
9624,2,2,0.36057034134864807
9625,2,2,0.678086519241333
9626,1,1,0.8896209001541138
9627,4,4,0.46823009848594666
9628,9,9,0.9449495077133179
9629,1,1,0.6692862510681152
9630,6,3,0.3281135559082031
9631,7,7,0.5748608708381653
9632,2,2,0.6264737248420715
9633,0,0,0.5023098587989807
9634,1,1,0.9673241376876831
9635,7,7,0.5571245551109314
9636,6,6,0.6952228546142578
9637,5,6,0.2787988483905792
9638,2,2,0.9308224320411682
9639,2,2,0.5043370127677917
9640,5,2,0.5217650532722473
9641,6,2,0.6690037250518799
9642,0,0,0.8544808626174927
9643,9,1,0.45487144589424133
9644,0,0,0.5426844358444214
9645,1,1,0.9708367586135864
9646,5,7,0.6581751704216003
9647,3,1,0.405038446187973
9648,3,3,0.31332823634147644
9649,5,3,0.5540509819984436
9650,8,8,0.9901116490364075
9651,7,7,0.9788309931755066
9652,5,2,0.34401214122772217
9653,6,6,0.9838334918022156
9654,5,7,0.3340950608253479
9655,8,8,0.9235097765922546
9656,0,8,0.6087713241577148
9657,5,3,0.7054452300071716
9658,9,9,0.5309720039367676
9659,4,2,0.3237703740596771
9660,6,6,0.39170441031455994
9661,5,5,0.40159469842910767
9662,1,9,0.510051429271698
9663,1,1,0.5706112384796143
9664,0,8,0.5486742854118347
9665,3,5,0.5122382640838623
9666,3,5,0.2734193205833435
9667,9,9,0.9835703372955322
9668,4,7,0.9375318288803101
9669,8,8,0.9454366564750671
9670,1,1,0.5073316097259521
9671,7,7,0.9526711702346802
9672,7,7,0.9328330159187317
9673,9,1,0.6366866230964661
9674,9,9,0.9632452130317688
9675,4,7,0.25821739435195923
9676,3,8,0.415603905916214
9677,6,6,0.9608371257781982
9678,3,2,0.4738469421863556
9679,2,5,0.49965399503707886
9680,8,8,0.9457215666770935
9681,2,3,0.310955673456192
9682,7,9,0.2628805935382843
9683,6,6,0.9026094079017639
9684,7,7,0.9163739681243896
9685,0,0,0.4377521276473999
9686,2,2,0.5101497769355774
9687,1,1,0.7420597076416016
9688,2,2,0.6516786217689514
9689,9,9,0.7766056060791016
9690,4,2,0.5066735148429871
9691,6,6,0.522861897945404
9692,9,9,0.45945826172828674
9693,6,6,0.5961713790893555
9694,1,1,0.3737059235572815
9695,0,0,0.5387600660324097
9696,1,0,0.40293726325035095
9697,8,8,0.7210578322410583
9698,7,7,0.9467266798019409
9699,0,9,0.834617018699646
9700,0,0,0.8566737174987793
9701,4,4,0.40546247363090515
9702,7,7,0.9866628050804138
9703,4,4,0.3656928837299347
9704,2,5,0.4745495617389679
9705,6,6,0.9710865616798401
9706,9,9,0.6019847989082336
9707,5,7,0.8556110262870789
9708,9,9,0.6644923090934753
9709,0,9,0.5327999591827393
9710,7,7,0.45958447456359863
9711,4,4,0.5962080955505371
9712,5,2,0.7076046466827393
9713,8,8,0.9335957765579224
9714,1,1,0.7750813961029053
9715,4,4,0.34368476271629333
9716,7,5,0.41607847809791565
9717,9,9,0.5508506298065186
9718,9,9,0.7532564401626587
9719,8,8,0.9465493559837341
9720,8,1,0.3417704403400421
9721,6,6,0.22339953482151031
9722,3,9,0.5178526639938354
9723,7,7,0.45393288135528564
9724,0,0,0.7337156534194946
9725,8,8,0.9648046493530273
9726,9,9,0.7973651885986328
9727,6,0,0.48886820673942566
9728,2,2,0.5619713664054871
9729,4,6,0.4122224748134613
9730,6,7,0.45022937655448914
9731,2,2,0.6180627346038818
9732,9,1,0.34368807077407837
9733,7,7,0.8541730642318726
9734,4,4,0.5110098123550415
9735,6,8,0.34275349974632263
9736,8,8,0.9512969851493835
9737,5,7,0.6251097917556763
9738,6,6,0.46457502245903015
9739,1,1,0.9234721660614014
9740,3,6,0.6550463438034058
9741,5,5,0.6836313009262085
9742,9,9,0.8195538520812988
9743,9,1,0.932762861251831
9744,1,9,0.9871376752853394
9745,3,3,0.45397084951400757
9746,2,0,0.5504879355430603
9747,0,8,0.9338159561157227
9748,3,3,0.35608258843421936
9749,0,8,0.5895040035247803
9750,2,2,0.6783554553985596
9751,0,0,0.5880340337753296
9752,7,0,0.34119001030921936
9753,3,6,0.6727423667907715
9754,9,1,0.4377853274345398
9755,3,4,0.3180704414844513
9756,5,4,0.4258885383605957
9757,7,3,0.3333258032798767
9758,6,7,0.2792310118675232
9759,5,2,0.33763712644577026
9760,9,1,0.7887641787528992
9761,5,3,0.3135885000228882
9762,6,6,0.8623473644256592
9763,1,1,0.7959006428718567
9764,2,2,0.3714451491832733
9765,4,4,0.6052301526069641
9766,0,0,0.5265067219734192
9767,2,4,0.4157036244869232
9768,7,7,0.9387282729148865
9769,8,8,0.7379904985427856
9770,4,4,0.607177734375
9771,4,4,0.8142703771591187
9772,0,8,0.3339366018772125
9773,9,9,0.9825367331504822
9774,5,2,0.24986474215984344
9775,9,9,0.9919313788414001
9776,2,4,0.37990424036979675
9777,9,6,0.5184534788131714
9778,3,5,0.40445613861083984
9779,2,2,0.4464307427406311
9780,4,6,0.4413255751132965
9781,3,5,0.6244912147521973
9782,2,2,0.5338648557662964
9783,2,2,0.5573864579200745
9784,8,0,0.7545006275177002
9785,8,8,0.4621637761592865
9786,6,1,0.6115105152130127
9787,8,0,0.8284417390823364
9788,1,1,0.9460729956626892
9789,6,2,0.24585796892642975
9790,8,8,0.5200585722923279
9791,9,9,0.3576526343822479
9792,8,1,0.6125510334968567
9793,2,5,0.2010917067527771
9794,1,1,0.5918194651603699
9795,4,4,0.47680869698524475
9796,9,9,0.5062463879585266
9797,1,1,0.4508044123649597
9798,5,0,0.43892475962638855
9799,7,7,0.8733718395233154
9800,1,1,0.9581660628318787
9801,6,3,0.6144013404846191
9802,0,0,0.9818490743637085
9803,1,1,0.8270451426506042
9804,5,2,0.35454487800598145
9805,2,8,0.34730756282806396
9806,8,8,0.9011127352714539
9807,1,1,0.32002323865890503
9808,1,1,0.9650905132293701
9809,3,3,0.3641834855079651
9810,8,8,0.811265766620636
9811,1,1,0.6358151435852051
9812,3,8,0.4879753589630127
9813,1,1,0.7631639242172241
9814,8,8,0.9980168342590332
9815,5,2,0.41578516364097595
9816,1,8,0.46622607111930847
9817,9,1,0.5334492325782776
9818,0,8,0.744636058807373
9819,3,3,0.5024899840354919
9820,0,4,0.2823396623134613
9821,4,4,0.4999041259288788
9822,0,0,0.6780945062637329
9823,5,3,0.5201780200004578
9824,1,9,0.7012448906898499
9825,2,2,0.5208032131195068
9826,0,0,0.6930323243141174
9827,4,2,0.44057559967041016
9828,9,9,0.5841386914253235
9829,5,5,0.5800661444664001
9830,1,1,0.676349401473999
9831,2,2,0.3831368684768677
9832,2,4,0.4497109651565552
9833,7,7,0.9302297234535217
9834,8,0,0.7393026947975159
9835,7,7,0.754004716873169
9836,2,8,0.8203348517417908
9837,4,4,0.22624841332435608
9838,5,7,0.6648507714271545
9839,3,3,0.3822828531265259
9840,4,3,0.48188257217407227
9841,0,8,0.7168984413146973
9842,6,6,0.6436837315559387
9843,1,1,0.8245441317558289
9844,5,2,0.6013060808181763
9845,9,9,0.9197838306427002
9846,8,8,0.8872657418251038
9847,0,0,0.5307720899581909
9848,2,0,0.4589413106441498
9849,0,2,0.8050236701965332
9850,7,4,0.7599747180938721
9851,6,6,0.34809666872024536
9852,0,0,0.48348867893218994
9853,5,6,0.3712388873100281
9854,9,9,0.7558811902999878
9855,7,7,0.3970475196838379
9856,5,9,0.4406498074531555
9857,0,1,0.9655810594558716
9858,4,6,0.3950587809085846
9859,6,2,0.400655061006546
9860,0,2,0.3880888819694519
9861,6,6,0.9702976942062378
9862,3,1,0.38245826959609985
9863,6,6,0.9106484055519104
9864,8,0,0.4993697702884674
9865,1,1,0.5898643732070923
9866,1,0,0.48352575302124023
9867,8,8,0.7744423151016235
9868,9,1,0.9267761707305908
9869,7,7,0.36436906456947327
9870,2,2,0.4566982686519623
9871,9,1,0.7614456415176392
9872,0,0,0.7099239230155945
9873,2,2,0.3025573194026947
9874,2,5,0.5018600821495056
9875,9,9,0.6120613217353821
9876,0,0,0.8015016913414001
9877,6,4,0.4365755021572113
9878,5,6,0.3363371789455414
9879,7,7,0.3330920934677124
9880,7,4,0.4041385352611542
9881,9,1,0.5505089163780212
9882,1,9,0.6279165148735046
9883,7,9,0.2731383740901947
9884,9,1,0.6781795620918274
9885,8,8,0.8724820613861084
9886,4,4,0.6085993647575378
9887,5,5,0.6281042695045471
9888,0,2,0.3819769024848938
9889,8,8,0.6253077387809753
9890,0,0,0.9598410725593567
9891,2,2,0.28703269362449646
9892,5,2,0.275859534740448
9893,2,2,0.6739002466201782
9894,1,1,0.2732226252555847
9895,4,4,0.36770111322402954
9896,4,6,0.500557005405426
9897,8,8,0.9646701812744141
9898,9,9,0.545393168926239
9899,7,7,0.391541451215744
9900,8,9,0.44769805669784546
9901,3,1,0.8353852033615112
9902,6,1,0.8260779976844788
9903,6,7,0.4291410446166992
9904,0,0,0.6148626208305359
9905,1,1,0.9057827591896057
9906,1,1,0.5773751139640808
9907,1,1,0.9045041799545288
9908,8,8,0.9428725838661194
9909,1,1,0.858664870262146
9910,4,7,0.9414499402046204
9911,4,2,0.20490789413452148
9912,0,1,0.4106653928756714
9913,7,7,0.6471265554428101
9914,8,8,0.8795202970504761
9915,2,2,0.8729763031005859
9916,1,1,0.7697885036468506
9917,2,2,0.4503057599067688
9918,5,3,0.3722459673881531
9919,4,2,0.47787895798683167
9920,6,6,0.941070556640625
9921,0,8,0.42392978072166443
9922,5,6,0.4813043475151062
9923,7,7,0.914773166179657
9924,4,8,0.5771877765655518
9925,4,2,0.2734275162220001
9926,3,6,0.31268495321273804
9927,9,8,0.5168531537055969
9928,5,2,0.3056744337081909
9929,8,8,0.8645846843719482
9930,8,4,0.2962942123413086
9931,0,0,0.8150275349617004
9932,8,8,0.4842621684074402
9933,7,3,0.356998473405838
9934,4,4,0.48558494448661804
9935,1,1,0.6805313229560852
9936,8,8,0.8488510251045227
9937,4,1,0.49146077036857605
9938,9,9,0.9235222339630127
9939,5,5,0.6889269351959229
9940,4,4,0.5036962628364563
9941,1,1,0.9246477484703064
9942,7,7,0.7443898320198059
9943,7,9,0.8056842684745789
9944,7,7,0.9838975071907043
9945,7,7,0.6971650719642639
9946,0,0,0.9589864015579224
9947,3,2,0.4557878077030182
9948,8,8,0.4525444209575653
9949,3,9,0.3245159685611725
9950,3,5,0.5418577790260315
9951,0,0,0.9459119439125061
9952,5,5,0.8698363900184631
9953,7,7,0.31372252106666565
9954,0,8,0.2753289043903351
9955,8,8,0.9688620567321777
9956,0,0,0.6551910638809204
9957,0,1,0.6551307439804077
9958,9,9,0.8728808760643005
9959,2,3,0.6254374384880066
9960,2,0,0.8822597861289978
9961,3,3,0.36780864000320435
9962,4,2,0.5612547993659973
9963,8,8,0.6305389404296875
9964,2,4,0.338514119386673
9965,2,4,0.4606168866157532
9966,6,6,0.9625530242919922
9967,3,8,0.29493555426597595
9968,3,5,0.42977797985076904
9969,6,9,0.7109795212745667
9970,2,2,0.5468786358833313
9971,9,9,0.7921121120452881
9972,4,3,0.24542537331581116
9973,0,8,0.6236032247543335
9974,1,1,0.8366086483001709
9975,7,7,0.9558970928192139
9976,5,2,0.5207406878471375
9977,5,5,0.4829208254814148
9978,7,4,0.4971180856227875
9979,3,3,0.3852352201938629
9980,0,0,0.8585666418075562
9981,4,7,0.5757742524147034
9982,2,6,0.6550554633140564
9983,0,1,0.406057745218277
9984,7,4,0.42997708916664124
9985,5,3,0.39460375905036926
9986,8,8,0.886361837387085
9987,0,8,0.821877121925354
9988,8,8,0.8601813316345215
9989,2,2,0.7432665824890137
9990,7,7,0.9671233296394348
9991,0,0,0.8345158100128174
9992,3,3,0.6682193875312805
9993,5,5,0.4970499277114868
9994,3,2,0.48263469338417053
9995,8,3,0.4128037393093109
9996,3,3,0.43394210934638977
9997,5,5,0.5822753310203552
9998,1,1,0.8032411336898804
9999,7,7,0.7954856157302856
