test_id,true_label,predicted_label,confidence
0,3,3,0.5269110202789307
1,8,1,0.5686773061752319
2,8,8,0.41908347606658936
3,0,8,0.5629593133926392
4,6,6,0.7741418480873108
5,6,6,0.865786075592041
6,1,1,0.9957815408706665
7,6,6,0.8285321593284607
8,3,3,0.3698368966579437
9,1,1,0.9644137620925903
10,0,3,0.20843179523944855
11,9,9,0.8967963457107544
12,5,5,0.44732585549354553
13,7,7,0.9931126236915588
14,9,9,0.978203535079956
15,8,8,0.610367476940155
16,5,3,0.46618321537971497
17,7,7,0.34180206060409546
18,8,8,0.9747487902641296
19,6,6,0.9710690379142761
20,7,7,0.9158796072006226
21,0,0,0.9501177072525024
22,4,4,0.5734460949897766
23,9,1,0.8450011014938354
24,5,5,0.6014662384986877
25,2,2,0.5051579475402832
26,4,4,0.3175436556339264
27,0,4,0.3663424849510193
28,9,9,0.9016678929328918
29,6,6,0.936530351638794
30,6,6,0.43012839555740356
31,5,5,0.3727206587791443
32,4,4,0.6539170145988464
33,5,3,0.4902827739715576
34,9,9,0.7736632227897644
35,2,9,0.3816598057746887
36,4,4,0.7625065445899963
37,1,1,0.8831444978713989
38,9,9,0.9854015111923218
39,5,5,0.8187965154647827
40,4,0,0.3663892149925232
41,6,6,0.8992407917976379
42,5,5,0.37896111607551575
43,6,6,0.9773602485656738
44,0,0,0.8471060991287231
45,9,9,0.9555210471153259
46,3,3,0.49723005294799805
47,9,9,0.363955557346344
48,7,4,0.7965999245643616
49,6,2,0.39077308773994446
50,9,9,0.9438455104827881
51,8,8,0.657423198223114
52,0,6,0.5065792202949524
53,3,3,0.7771310210227966
54,8,8,0.9903629422187805
55,8,8,0.9867135286331177
56,7,7,0.684249758720398
57,7,5,0.3972512185573578
58,4,5,0.4165576994419098
59,6,3,0.5331852436065674
60,7,7,0.975498616695404
61,3,5,0.4723869562149048
62,6,6,0.7948113083839417
63,3,0,0.5555531978607178
64,6,6,0.5783575773239136
65,2,6,0.7702098488807678
66,1,1,0.7839288711547852
67,2,0,0.42842933535575867
68,3,3,0.5432966351509094
69,7,7,0.39218249917030334
70,2,0,0.40130168199539185
71,6,6,0.4123991131782532
72,8,8,0.986850917339325
73,8,8,0.9928956627845764
74,0,0,0.3562376797199249
75,2,2,0.689370334148407
76,9,0,0.7354719042778015
77,3,3,0.69169020652771
78,3,3,0.5604379773139954
79,8,8,0.9349530339241028
80,8,8,0.985470175743103
81,1,1,0.4803659915924072
82,1,1,0.9806473851203918
83,7,7,0.9138493537902832
84,2,2,0.619822084903717
85,5,7,0.7816236019134521
86,2,2,0.5854008197784424
87,7,8,0.5885516405105591
88,8,9,0.5677435398101807
89,9,9,0.9585995674133301
90,0,0,0.796212911605835
91,3,4,0.37762871384620667
92,8,8,0.9966377019882202
93,6,6,0.9464398622512817
94,4,4,0.8458593487739563
95,6,6,0.952012300491333
96,6,6,0.9407617449760437
97,0,0,0.635974645614624
98,0,0,0.8181670904159546
99,7,7,0.6862339973449707
100,4,4,0.7073403000831604
101,5,5,0.32065823674201965
102,6,6,0.8357348442077637
103,3,6,0.6278712749481201
104,1,1,0.9236412048339844
105,1,1,0.9531351327896118
106,3,6,0.3150108754634857
107,6,6,0.9920199513435364
108,8,8,0.30211499333381653
109,7,7,0.5226823091506958
110,4,4,0.3885740339756012
111,0,0,0.8579984307289124
112,6,6,0.6201632022857666
113,2,2,0.9098279476165771
114,1,1,0.9438042640686035
115,3,7,0.4497866928577423
116,0,0,0.4737984836101532
117,4,4,0.7650221586227417
118,2,6,0.5657995939254761
119,7,7,0.3761514127254486
120,8,8,0.8364238739013672
121,3,5,0.5201964378356934
122,1,1,0.6784343123435974
123,2,2,0.8627437949180603
124,8,8,0.7930442690849304
125,0,2,0.4396023452281952
126,8,8,0.8480936288833618
127,3,3,0.7316046953201294
128,5,6,0.39575695991516113
129,2,6,0.45401257276535034
130,4,4,0.7244443297386169
131,1,1,0.9576364755630493
132,8,8,0.7241138815879822
133,9,9,0.9413995742797852
134,1,1,0.9556289911270142
135,2,2,0.4653315842151642
136,9,7,0.7574993968009949
137,7,7,0.8942707777023315
138,2,4,0.3826788365840912
139,9,8,0.8519090414047241
140,6,6,0.572563648223877
141,5,5,0.9325516819953918
142,6,6,0.81843501329422
143,3,7,0.4801294207572937
144,8,8,0.6435026526451111
145,7,3,0.41155576705932617
146,6,6,0.8609114289283752
147,2,6,0.5093145966529846
148,5,5,0.2804754674434662
149,2,5,0.5200148224830627
150,8,1,0.6146951913833618
151,9,1,0.4177229702472687
152,6,6,0.4698854684829712
153,0,0,0.7797221541404724
154,0,0,0.5714333057403564
155,5,5,0.5370771884918213
156,2,2,0.621277928352356
157,9,9,0.9030117392539978
158,5,3,0.5105280876159668
159,4,4,0.6269975900650024
160,2,2,0.5938311219215393
161,1,1,0.983454704284668
162,6,6,0.481132835149765
163,6,6,0.814440131187439
164,8,8,0.7327569127082825
165,4,7,0.4925384223461151
166,8,8,0.9560850262641907
167,4,6,0.8141694664955139
168,5,7,0.8575153350830078
169,0,0,0.5081875324249268
170,9,9,0.710159957408905
171,9,9,0.8336184024810791
172,9,1,0.5482133030891418
173,8,8,0.8045734763145447
174,9,9,0.5639843940734863
175,9,9,0.9932162165641785
176,3,3,0.6210766434669495
177,7,7,0.7801613211631775
178,5,5,0.57517009973526
179,0,1,0.5034921169281006
180,0,0,0.5033608675003052
181,5,7,0.7077844142913818
182,2,2,0.597545862197876
183,2,2,0.4364226460456848
184,3,5,0.4086507260799408
185,8,8,0.9020028710365295
186,6,6,0.3413860499858856
187,3,3,0.38658708333969116
188,4,3,0.35196590423583984
189,0,8,0.8809934258460999
190,5,6,0.608593225479126
191,8,3,0.31703194975852966
192,0,2,0.3316991329193115
193,1,1,0.8967202305793762
194,7,7,0.776564359664917
195,2,4,0.6497425436973572
196,8,8,0.7434635162353516
197,8,3,0.44109755754470825
198,7,7,0.4410902261734009
199,8,8,0.5003105998039246
200,5,7,0.41938480734825134
201,1,9,0.5263883471488953
202,8,8,0.9588043689727783
203,7,7,0.803464949131012
204,1,1,0.9440600275993347
205,3,3,0.5915462374687195
206,0,8,0.4957122206687927
207,5,5,0.758613109588623
208,7,7,0.8338950276374817
209,9,9,0.526992917060852
210,7,3,0.3883964717388153
211,4,0,0.29892459511756897
212,5,5,0.6666598320007324
213,9,9,0.9461640119552612
214,8,8,0.768797755241394
215,0,3,0.3565647602081299
216,7,0,0.3069629371166229
217,9,9,0.9850189089775085
218,8,8,0.673487663269043
219,2,4,0.6043636202812195
220,7,7,0.8228842616081238
221,6,3,0.410666823387146
222,9,9,0.9729537963867188
223,4,5,0.36720073223114014
224,3,5,0.34991133213043213
225,9,9,0.9785753488540649
226,6,3,0.3545896112918854
227,4,2,0.5900248885154724
228,7,3,0.5432150959968567
229,6,2,0.4784405529499054
230,5,5,0.5402042865753174
231,1,1,0.9648458361625671
232,5,5,0.3642801344394684
233,8,1,0.9113544821739197
234,8,8,0.9815477132797241
235,0,0,0.9890264868736267
236,4,4,0.3925558626651764
237,0,7,0.30687353014945984
238,5,5,0.5358534455299377
239,5,3,0.5020719766616821
240,1,1,0.9985449314117432
241,1,1,0.8083949685096741
242,8,1,0.8897897601127625
243,9,9,0.9663360714912415
244,0,0,0.9030256271362305
245,3,6,0.737757682800293
246,1,1,0.81876540184021
247,9,8,0.7867536544799805
248,2,2,0.5084814429283142
249,2,0,0.630598247051239
250,5,5,0.3694393038749695
251,3,5,0.6866981387138367
252,9,9,0.8610914349555969
253,9,8,0.3646509051322937
254,4,4,0.5134304761886597
255,0,0,0.4552922248840332
256,3,6,0.7687545418739319
257,0,0,0.8433836102485657
258,0,8,0.9761062264442444
259,9,1,0.9737329483032227
260,8,8,0.7827014923095703
261,1,9,0.4678908884525299
262,5,3,0.3420601189136505
263,7,3,0.5282025933265686
264,0,0,0.8785686492919922
265,8,8,0.9475538730621338
266,2,2,0.3427182137966156
267,4,4,0.961676299571991
268,7,7,0.9824932813644409
269,0,0,0.27520662546157837
270,2,2,0.47058555483818054
271,3,3,0.41557902097702026
272,6,6,0.9931780099868774
273,3,5,0.5540140867233276
274,8,8,0.5755995512008667
275,5,2,0.40839797258377075
276,0,0,0.5752541422843933
277,3,2,0.5178969502449036
278,4,7,0.41388505697250366
279,3,7,0.431711345911026
280,9,1,0.6033443808555603
281,0,1,0.5066198110580444
282,6,6,0.5875636339187622
283,1,1,0.99587482213974
284,0,9,0.7070193886756897
285,9,9,0.9880163073539734
286,1,1,0.9545387625694275
287,0,8,0.9161596894264221
288,7,7,0.9554488658905029
289,9,9,0.7275206446647644
290,1,1,0.9940594434738159
291,2,2,0.7475714683532715
292,6,6,0.6534950137138367
293,9,1,0.9089857935905457
294,3,5,0.5384146571159363
295,4,2,0.6868449449539185
296,6,6,0.9968563318252563
297,0,0,0.847141444683075
298,0,0,0.7575543522834778
299,6,6,0.947943925857544
300,6,6,0.9426977038383484
301,6,6,0.34978440403938293
302,3,4,0.5861629843711853
303,2,2,0.2827993333339691
304,6,2,0.393740713596344
305,1,1,0.8977644443511963
306,8,9,0.8545237183570862
307,2,2,0.7832592725753784
308,1,1,0.9674678444862366
309,6,2,0.6765605211257935
310,8,8,0.9690985083580017
311,6,6,0.9980054497718811
312,8,8,0.5622546672821045
313,0,0,0.5339632630348206
314,4,4,0.34262600541114807
315,0,0,0.8920933604240417
316,7,7,0.6519801616668701
317,7,3,0.3069668412208557
318,5,5,0.8313049077987671
319,5,5,0.846378743648529
320,3,3,0.3920491635799408
321,5,5,0.4754123389720917
322,2,2,0.4078666567802429
323,3,5,0.5011633634567261
324,4,7,0.32269546389579773
325,1,5,0.2775677442550659
326,7,7,0.9426097869873047
327,5,5,0.5718197226524353
328,4,4,0.43666064739227295
329,6,6,0.9198424220085144
330,1,1,0.7897337079048157
331,9,9,0.49895304441452026
332,3,4,0.6331689357757568
333,6,6,0.9927746057510376
334,6,6,0.9823580384254456
335,9,9,0.5020187497138977
336,3,3,0.6439644694328308
337,8,8,0.953048586845398
338,0,0,0.7451627254486084
339,7,7,0.6910496950149536
340,2,6,0.825019121170044
341,6,6,0.7243884205818176
342,2,0,0.44353365898132324
343,5,7,0.6383705735206604
344,8,8,0.9692747592926025
345,5,5,0.6376340389251709
346,4,4,0.8228861093521118
347,6,6,0.7506685853004456
348,8,8,0.9742940068244934
349,9,9,0.7151017785072327
350,9,1,0.5425868630409241
351,1,1,0.9485664963722229
352,0,8,0.508277416229248
353,2,2,0.8340396881103516
354,2,2,0.3589473068714142
355,7,4,0.7574259042739868
356,3,5,0.4238565266132355
357,2,2,0.527926504611969
358,8,1,0.8806297779083252
359,0,0,0.7596297860145569
360,9,9,0.909866988658905
361,5,5,0.6464105844497681
362,8,8,0.9985307455062866
363,1,1,0.4884988069534302
364,9,9,0.9095989465713501
365,4,7,0.3663085103034973
366,1,1,0.7121831178665161
367,3,2,0.22775647044181824
368,8,0,0.61310213804245
369,1,1,0.433343768119812
370,4,2,0.4609419107437134
371,7,7,0.9892435073852539
372,9,9,0.7366698384284973
373,4,4,0.5554724931716919
374,2,2,0.7031934261322021
375,7,7,0.9567691087722778
376,0,2,0.6941021084785461
377,7,2,0.2584599554538727
378,0,3,0.4255836009979248
379,6,6,0.975671648979187
380,6,6,0.9641971588134766
381,9,9,0.6914382576942444
382,0,0,0.9009527564048767
383,9,0,0.554136335849762
384,2,5,0.3169578015804291
385,8,0,0.6323678493499756
386,7,7,0.9945013523101807
387,2,4,0.5700114965438843
388,2,3,0.3396604061126709
389,5,5,0.6571429371833801
390,1,1,0.9203088879585266
391,2,2,0.5692830085754395
392,6,6,0.9962984919548035
393,2,7,0.34742945432662964
394,9,5,0.32001978158950806
395,6,6,0.9609237909317017
396,2,2,0.6810519099235535
397,3,3,0.5703781843185425
398,0,0,0.516884982585907
399,3,1,0.4580842852592468
400,9,9,0.887396514415741
401,8,1,0.9267398118972778
402,7,7,0.7400599122047424
403,8,8,0.871074378490448
404,8,8,0.751884937286377
405,4,6,0.7673442959785461
406,0,0,0.72556072473526
407,1,1,0.47701215744018555
408,8,8,0.9819173216819763
409,2,3,0.32953307032585144
410,7,7,0.6718661785125732
411,9,8,0.46795186400413513
412,3,5,0.47306713461875916
413,6,6,0.9689338803291321
414,1,1,0.9291331171989441
415,9,9,0.8851358890533447
416,0,3,0.3259265720844269
417,7,7,0.679934561252594
418,3,3,0.4049430787563324
419,7,7,0.7313374280929565
420,4,4,0.5813145041465759
421,5,5,0.4653209447860718
422,0,8,0.5508385896682739
423,0,2,0.5891543626785278
424,2,2,0.7453101277351379
425,9,9,0.5126451849937439
426,3,6,0.48260727524757385
427,4,4,0.42571359872817993
428,0,6,0.8296624422073364
429,6,6,0.9430193901062012
430,2,2,0.3220294415950775
431,5,5,0.376959890127182
432,3,5,0.41034960746765137
433,7,7,0.3468770682811737
434,3,3,0.3324918746948242
435,7,7,0.5252752304077148
436,2,3,0.35342156887054443
437,5,2,0.3703762888908386
438,3,5,0.42276424169540405
439,1,1,0.44617244601249695
440,1,1,0.8259515762329102
441,4,4,0.6180789470672607
442,9,9,0.8858482241630554
443,9,1,0.6048629879951477
444,5,5,0.5186243057250977
445,7,4,0.7428408861160278
446,5,5,0.5893522500991821
447,0,0,0.8823292851448059
448,2,2,0.8795489072799683
449,2,2,0.5119990110397339
450,2,1,0.2378542423248291
451,9,1,0.8535276651382446
452,7,7,0.7667831778526306
453,3,3,0.4177665114402771
454,9,9,0.9481513500213623
455,4,4,0.6524233222007751
456,3,6,0.45384231209754944
457,5,7,0.5100173354148865
458,4,4,0.8407502770423889
459,6,8,0.8158257007598877
460,5,5,0.2965037524700165
461,6,6,0.88755863904953
462,1,1,0.788426399230957
463,4,4,0.5785858035087585
464,3,9,0.5886240005493164
465,4,4,0.8647509217262268
466,4,7,0.7738826274871826
467,3,3,0.510729193687439
468,7,5,0.5627819895744324
469,8,8,0.5103538036346436
470,3,3,0.4430508613586426
471,7,7,0.7073044180870056
472,8,8,0.881656289100647
473,0,8,0.388996422290802
474,5,3,0.4642416536808014
475,7,7,0.8015235066413879
476,6,6,0.700872004032135
477,0,9,0.39983904361724854
478,5,5,0.4169529974460602
479,4,4,0.36683163046836853
480,8,9,0.4367159307003021
481,6,6,0.9943535327911377
482,8,8,0.6263440847396851
483,5,3,0.30811235308647156
484,5,5,0.41852957010269165
485,9,9,0.5302863717079163
486,9,9,0.9781438708305359
487,9,9,0.8250526189804077
488,5,4,0.41535037755966187
489,0,8,0.9155505895614624
490,1,1,0.9966429471969604
491,0,1,0.6703895926475525
492,8,8,0.638942301273346
493,1,1,0.9986487030982971
494,1,1,0.4224790632724762
495,8,8,0.9736639857292175
496,0,0,0.32807493209838867
497,2,2,0.6515223383903503
498,2,4,0.4435693025588989
499,0,0,0.9565746784210205
500,4,6,0.6568607687950134
501,6,6,0.6898208260536194
502,5,5,0.5368037223815918
503,4,2,0.3729144036769867
504,9,9,0.949306845664978
505,4,4,0.40417808294296265
506,7,7,0.4579492509365082
507,9,9,0.8570336699485779
508,9,9,0.49572816491127014
509,4,4,0.8928235173225403
510,5,5,0.7756097316741943
511,6,6,0.9972395896911621
512,6,6,0.9951227307319641
513,1,1,0.9321977496147156
514,5,5,0.8857336640357971
515,3,3,0.5069042444229126
516,8,8,0.8403290510177612
517,9,9,0.5387462377548218
518,5,3,0.32119911909103394
519,8,8,0.9199832677841187
520,5,7,0.6551440358161926
521,7,7,0.9788764715194702
522,0,0,0.5947224497795105
523,7,7,0.9312130212783813
524,0,0,0.4822065532207489
525,5,3,0.4528366029262543
526,0,2,0.3683421313762665
527,0,0,0.8752214312553406
528,4,0,0.3001602292060852
529,6,6,0.7506658434867859
530,9,9,0.7293446063995361
531,0,9,0.5297285914421082
532,9,1,0.8688963055610657
533,5,5,0.5862589478492737
534,6,6,0.9868081212043762
535,6,6,0.951047956943512
536,6,6,0.9824625253677368
537,2,2,0.4032015800476074
538,9,8,0.6409409046173096
539,0,1,0.8278687000274658
540,1,1,0.9030653238296509
541,7,7,0.7299937009811401
542,6,6,0.975387454032898
543,7,7,0.6287123560905457
544,5,5,0.9268686175346375
545,9,9,0.9506440758705139
546,1,1,0.9863597750663757
547,6,6,0.6660394668579102
548,2,2,0.6477550268173218
549,5,5,0.48906731605529785
550,5,2,0.5255087614059448
551,5,3,0.27712294459342957
552,8,8,0.7382789850234985
553,5,3,0.5436230897903442
554,9,9,0.5318483710289001
555,4,4,0.3213803768157959
556,6,6,0.7247820496559143
557,4,4,0.4997132420539856
558,3,3,0.8348912000656128
559,2,2,0.982750415802002
560,0,0,0.7763254046440125
561,7,7,0.9765497446060181
562,6,6,0.9799920916557312
563,2,4,0.4147331714630127
564,2,4,0.5176188349723816
565,3,5,0.41783952713012695
566,9,9,0.9075855612754822
567,7,4,0.466314435005188
568,9,8,0.43896546959877014
569,2,2,0.34951841831207275
570,6,6,0.5421308279037476
571,7,7,0.9959093332290649
572,1,1,0.6635087728500366
573,3,4,0.27148228883743286
574,6,3,0.5942460894584656
575,6,6,0.9839144945144653
576,8,8,0.9588803052902222
577,9,8,0.5535983443260193
578,7,7,0.9696657061576843
579,5,5,0.33446842432022095
580,4,4,0.6532395482063293
581,0,7,0.2879968285560608
582,8,8,0.42409488558769226
583,4,5,0.2052653282880783
584,0,0,0.7903589010238647
585,9,9,0.7607584595680237
586,3,3,0.3399899899959564
587,4,4,0.5651528835296631
588,8,8,0.9727585911750793
589,9,9,0.8221407532691956
590,6,6,0.7827150225639343
591,9,1,0.9883117079734802
592,2,2,0.6938871145248413
593,6,6,0.6165887117385864
594,1,1,0.9291749596595764
595,4,4,0.6269209384918213
596,7,7,0.9242956638336182
597,3,3,0.28962618112564087
598,5,5,0.5530962347984314
599,3,3,0.7986568808555603
600,8,8,0.6442305445671082
601,5,5,0.5539374947547913
602,0,0,0.8253024816513062
603,2,2,0.8573933839797974
604,1,1,0.9932069182395935
605,6,6,0.9879853129386902
606,4,3,0.22670720517635345
607,3,5,0.3990543782711029
608,3,3,0.7072508335113525
609,9,9,0.5476689338684082
610,6,6,0.9621697664260864
611,9,1,0.5123185515403748
612,8,8,0.9960483908653259
613,8,8,0.9856270551681519
614,5,5,0.7361133098602295
615,8,8,0.41971033811569214
616,6,6,0.840925931930542
617,6,6,0.799908459186554
618,2,7,0.5392819046974182
619,1,1,0.9473702311515808
620,7,7,0.835213840007782
621,7,4,0.3131355047225952
622,1,1,0.9958847165107727
623,2,1,0.43315309286117554
624,7,7,0.8762112259864807
625,9,1,0.8324989080429077
626,9,1,0.8476546406745911
627,4,4,0.7789269089698792
628,4,7,0.7791751027107239
629,1,1,0.6185210943222046
630,2,8,0.643422544002533
631,5,2,0.6083653569221497
632,6,6,0.9003548622131348
633,8,8,0.81596839427948
634,7,7,0.6378908157348633
635,6,6,0.693618655204773
636,8,8,0.7904438376426697
637,3,4,0.4522906243801117
638,0,0,0.49641355872154236
639,5,5,0.6301622986793518
640,5,5,0.40590500831604004
641,3,6,0.9321057796478271
642,0,7,0.43209707736968994
643,7,7,0.9964926838874817
644,9,8,0.26116931438446045
645,1,1,0.9727421402931213
646,3,4,0.6593539118766785
647,4,2,0.46644291281700134
648,4,4,0.7895643711090088
649,5,5,0.74568772315979
650,3,3,0.5340702533721924
651,9,9,0.5992880463600159
652,5,3,0.4203593134880066
653,6,6,0.9153989553451538
654,9,1,0.5462384223937988
655,2,4,0.6786849498748779
656,1,1,0.9877217411994934
657,1,1,0.471659779548645
658,4,4,0.6946032047271729
659,1,6,0.21881744265556335
660,9,9,0.97896409034729
661,4,7,0.5131738781929016
662,7,7,0.999262273311615
663,6,2,0.5290820002555847
664,3,3,0.7482526898384094
665,8,0,0.4552403688430786
666,9,9,0.6652945876121521
667,0,0,0.8347198963165283
668,1,1,0.7383083701133728
669,3,2,0.6678799390792847
670,6,6,0.9675220847129822
671,3,3,0.47805216908454895
672,6,0,0.42010173201560974
673,3,6,0.6574260592460632
674,2,2,0.3815210461616516
675,0,1,0.41372519731521606
676,3,4,0.8748409152030945
677,1,1,0.6800782084465027
678,0,2,0.37879395484924316
679,5,5,0.6359035968780518
680,9,1,0.36536404490470886
681,6,6,0.9736906886100769
682,4,4,0.3083706498146057
683,8,1,0.590783953666687
684,9,9,0.6350197196006775
685,6,4,0.8377817273139954
686,9,6,0.3917379379272461
687,6,6,0.7971354722976685
688,3,6,0.622346818447113
689,0,3,0.3186931610107422
690,3,4,0.3199714124202728
691,2,2,0.7768427729606628
692,2,2,0.4033583104610443
693,7,7,0.9965875148773193
694,8,8,0.8821209073066711
695,3,3,0.42086032032966614
696,8,8,0.9489344358444214
697,2,0,0.4240412414073944
698,7,7,0.9675276875495911
699,5,5,0.5551749467849731
700,7,7,0.869401752948761
701,2,0,0.5603470802307129
702,4,6,0.6744155883789062
703,8,8,0.8919849395751953
704,7,7,0.7253246307373047
705,4,4,0.43866580724716187
706,2,0,0.36581331491470337
707,9,5,0.45992863178253174
708,8,8,0.6266990900039673
709,8,8,0.9962220191955566
710,6,6,0.5518844723701477
711,8,0,0.6653369665145874
712,8,8,0.9748843908309937
713,7,7,0.5528324842453003
714,4,4,0.5090456604957581
715,3,3,0.36856764554977417
716,3,3,0.4573953449726105
717,8,9,0.37611719965934753
718,4,2,0.49604740738868713
719,9,8,0.5435363054275513
720,4,7,0.7906992435455322
721,8,8,0.9353914260864258
722,8,8,0.9835596084594727
723,1,1,0.8433137536048889
724,8,8,0.7705959677696228
725,2,8,0.535586953163147
726,1,1,0.9200435876846313
727,3,5,0.342922180891037
728,6,6,0.9049277901649475
729,5,5,0.2534674108028412
730,4,3,0.3287152349948883
731,2,2,0.5937229990959167
732,7,7,0.963354766368866
733,9,6,0.39883294701576233
734,9,1,0.9681346416473389
735,4,2,0.4871332049369812
736,1,9,0.5197864174842834
737,4,0,0.5780088901519775
738,1,1,0.9961257576942444
739,3,7,0.8515764474868774
740,2,5,0.8598463535308838
741,7,7,0.9933258295059204
742,0,0,0.3419373631477356
743,7,7,0.9953956007957458
744,9,2,0.37541505694389343
745,7,7,0.9171463251113892
746,6,6,0.5425967574119568
747,6,6,0.8376065492630005
748,2,2,0.5378258228302002
749,5,5,0.48016542196273804
750,9,1,0.6859992146492004
751,2,0,0.5679025053977966
752,9,9,0.8998543620109558
753,1,1,0.9322136044502258
754,2,2,0.854895830154419
755,2,4,0.4469941258430481
756,6,6,0.9844393134117126
757,8,8,0.955847442150116
758,2,2,0.922237753868103
759,1,1,0.9959532022476196
760,3,7,0.489103764295578
761,6,2,0.3378978669643402
762,6,6,0.7692140936851501
763,0,0,0.9186251163482666
764,1,1,0.9079484343528748
765,2,2,0.8706414699554443
766,7,2,0.5327714681625366
767,0,5,0.4532262980937958
768,5,2,0.620016872882843
769,4,2,0.5871699452400208
770,6,7,0.5266419649124146
771,1,9,0.5436025857925415
772,6,6,0.9934410452842712
773,4,4,0.6375119686126709
774,0,0,0.8525991439819336
775,2,6,0.5193929672241211
776,2,2,0.31412550806999207
777,6,6,0.9809972047805786
778,0,0,0.9358115196228027
779,5,6,0.589867889881134
780,9,9,0.9880765676498413
781,1,1,0.9729384183883667
782,7,7,0.44929999113082886
783,6,6,0.7747746109962463
784,7,7,0.7957305908203125
785,0,0,0.46932074427604675
786,3,3,0.4587361514568329
787,9,9,0.7795540690422058
788,6,6,0.43983086943626404
789,8,8,0.8245994448661804
790,3,2,0.4893346428871155
791,0,0,0.9167609214782715
792,3,3,0.4033289849758148
793,4,1,0.2514687180519104
794,7,7,0.7311517596244812
795,7,7,0.5752253532409668
796,1,6,0.7307862043380737
797,4,6,0.29821234941482544
798,7,2,0.28831884264945984
799,2,4,0.5397017598152161
800,7,7,0.9877030253410339
801,1,1,0.9990420937538147
802,4,2,0.5205292105674744
803,7,7,0.9408597946166992
804,4,4,0.7185559272766113
805,4,4,0.39460068941116333
806,8,0,0.534734308719635
807,4,6,0.5125003457069397
808,7,3,0.3669019937515259
809,7,4,0.25141817331314087
810,5,5,0.6488568186759949
811,3,2,0.4026685655117035
812,7,7,0.9021105766296387
813,2,2,0.4496769309043884
814,0,0,0.41377484798431396
815,8,8,0.9906671643257141
816,9,9,0.585541844367981
817,5,5,0.5938310623168945
818,8,8,0.4372536540031433
819,3,2,0.5132142305374146
820,6,2,0.3661685883998871
821,2,2,0.7382955551147461
822,0,0,0.8819103837013245
823,8,8,0.9884610176086426
824,7,7,0.9258492588996887
825,3,4,0.5257631540298462
826,7,4,0.2654692530632019
827,6,6,0.9970719814300537
828,5,5,0.41112518310546875
829,3,5,0.5838541388511658
830,1,1,0.6223471164703369
831,3,6,0.8647965788841248
832,2,2,0.943375289440155
833,2,5,0.3308589458465576
834,5,5,0.44865521788597107
835,4,4,0.5293225049972534
836,1,9,0.7399928569793701
837,2,5,0.292968213558197
838,9,9,0.9448546171188354
839,2,2,0.9604360461235046
840,7,7,0.9975659847259521
841,0,0,0.6027049422264099
842,7,7,0.9945173859596252
843,2,2,0.6782414317131042
844,1,1,0.5056307911872864
845,3,1,0.3692665994167328
846,2,2,0.47741013765335083
847,0,0,0.5598071813583374
848,2,6,0.45663559436798096
849,4,4,0.5246900320053101
850,7,5,0.5468127131462097
851,9,1,0.827149510383606
852,8,8,0.8080009818077087
853,9,1,0.9843377470970154
854,0,0,0.8122962713241577
855,7,1,0.3536081612110138
856,7,7,0.960068941116333
857,0,0,0.6249330639839172
858,7,7,0.9278870224952698
859,8,8,0.9052453637123108
860,4,4,0.9397372603416443
861,6,6,0.906415581703186
862,3,6,0.8811553716659546
863,3,3,0.42530858516693115
864,0,0,0.9299826622009277
865,1,1,0.553399384021759
866,3,5,0.40818265080451965
867,7,7,0.6195729970932007
868,0,0,0.9386738538742065
869,1,1,0.7142853736877441
870,3,3,0.55833899974823
871,1,1,0.9998326301574707
872,4,4,0.5191715955734253
873,2,2,0.3475063741207123
874,3,3,0.9502755999565125
875,8,8,0.9842565655708313
876,4,4,0.7281387448310852
877,2,2,0.39082130789756775
878,3,4,0.5503559112548828
879,7,7,0.986732542514801
880,8,8,0.819895327091217
881,4,4,0.7818087935447693
882,3,0,0.3410957157611847
883,0,0,0.6723800897598267
884,9,9,0.6240928769111633
885,0,0,0.8675931692123413
886,0,8,0.6931196451187134
887,1,1,0.5653843879699707
888,0,8,0.5441729426383972
889,4,6,0.8813768029212952
890,4,3,0.6303950548171997
891,6,6,0.9638897180557251
892,7,4,0.3369905948638916
893,6,3,0.5026882886886597
894,1,1,0.9873737692832947
895,1,1,0.9585897922515869
896,3,3,0.5224015116691589
897,7,7,0.9234400391578674
898,3,3,0.5151636004447937
899,5,4,0.4234907031059265
900,2,5,0.49131476879119873
901,6,3,0.4130434989929199
902,6,6,0.9927597045898438
903,5,5,0.7061497569084167
904,8,8,0.6190873384475708
905,7,2,0.23436668515205383
906,1,1,0.8336748480796814
907,6,6,0.8598357439041138
908,8,8,0.9607573747634888
909,8,8,0.9506101608276367
910,5,6,0.6747685074806213
911,3,3,0.7940065860748291
912,0,2,0.4149529039859772
913,4,5,0.37156620621681213
914,0,0,0.3651089072227478
915,1,1,0.960452675819397
916,3,4,0.6224486827850342
917,8,8,0.9658346176147461
918,8,8,0.8408277630805969
919,0,2,0.46053722500801086
920,6,6,0.942912757396698
921,9,9,0.9858129620552063
922,9,9,0.2941983938217163
923,9,6,0.4507577419281006
924,5,7,0.28821462392807007
925,5,3,0.4392175078392029
926,8,8,0.2510856091976166
927,6,6,0.6317675113677979
928,0,0,0.9441583156585693
929,0,0,0.5984658002853394
930,4,4,0.691486656665802
931,2,2,0.7900551557540894
932,3,3,0.638694703578949
933,2,3,0.4866155683994293
934,7,7,0.9978627562522888
935,2,2,0.5129665732383728
936,2,2,0.6370444893836975
937,5,5,0.7367648482322693
938,9,1,0.7234333157539368
939,8,8,0.7244282960891724
940,9,1,0.7255836725234985
941,1,1,0.5260667204856873
942,7,7,0.9279277324676514
943,4,6,0.6936759948730469
944,0,0,0.6729865670204163
945,3,3,0.4050941467285156
946,0,0,0.7416950464248657
947,1,1,0.5742485523223877
948,3,3,0.46235787868499756
949,8,8,0.7270477414131165
950,3,3,0.26686209440231323
951,9,9,0.887507975101471
952,6,6,0.454276978969574
953,1,1,0.5310643911361694
954,4,4,0.6264195442199707
955,7,7,0.9683147072792053
956,0,8,0.7822086811065674
957,3,5,0.45710867643356323
958,7,5,0.6365835666656494
959,8,8,0.974837601184845
960,9,9,0.8444385528564453
961,1,9,0.3854781687259674
962,1,1,0.548530638217926
963,6,6,0.9664005637168884
964,6,5,0.48029714822769165
965,6,3,0.4321097433567047
966,6,6,0.48610106110572815
967,9,9,0.6359958052635193
968,1,1,0.9974949359893799
969,9,1,0.5219070315361023
970,9,1,0.7117019891738892
971,4,4,0.9265760779380798
972,2,2,0.6417865753173828
973,1,1,0.9706835150718689
974,7,0,0.4618971347808838
975,0,0,0.9710421562194824
976,6,6,0.7887301445007324
977,8,8,0.808657705783844
978,1,1,0.9168878793716431
979,9,9,0.7013730406761169
980,2,6,0.4763485789299011
981,9,1,0.6319112777709961
982,0,5,0.7905974388122559
983,4,4,0.7119357585906982
984,7,7,0.8638120889663696
985,8,0,0.5839592814445496
986,3,5,0.5723214149475098
987,1,1,0.9906700849533081
988,2,2,0.6738035678863525
989,0,0,0.8251659870147705
990,1,1,0.9967362284660339
991,5,5,0.5609798431396484
992,8,8,0.9686821103096008
993,4,3,0.32591429352760315
994,6,6,0.7562333941459656
995,3,3,0.39497730135917664
996,8,8,0.7857614755630493
997,1,1,0.9434589743614197
998,3,3,0.5841901898384094
999,8,8,0.9957613348960876
1000,5,5,0.8680741786956787
1001,0,1,0.6039860248565674
1002,8,8,0.3387450873851776
1003,4,4,0.5745473504066467
1004,8,8,0.86679607629776
1005,1,1,0.9367677569389343
1006,1,1,0.9643899202346802
1007,8,8,0.9916089177131653
1008,9,1,0.2953713536262512
1009,6,6,0.4202708601951599
1010,0,0,0.9622942805290222
1011,8,8,0.9833836555480957
1012,6,6,0.38049933314323425
1013,1,1,0.9781017899513245
1014,3,4,0.4112366735935211
1015,4,2,0.431053102016449
1016,1,1,0.8250170946121216
1017,6,6,0.9653790593147278
1018,0,0,0.663945734500885
1019,5,8,0.4041583836078644
1020,1,1,0.9954246878623962
1021,1,1,0.687436044216156
1022,0,0,0.7180842757225037
1023,0,0,0.8209737539291382
1024,3,3,0.7022607326507568
1025,5,5,0.4930005371570587
1026,0,2,0.7103696465492249
1027,0,0,0.9045875668525696
1028,6,6,0.9243900775909424
1029,6,6,0.9992569088935852
1030,3,3,0.5060483813285828
1031,3,8,0.42351028323173523
1032,6,3,0.43128007650375366
1033,3,3,0.39121630787849426
1034,6,3,0.5091559886932373
1035,6,3,0.2761363387107849
1036,0,4,0.3787359297275543
1037,7,7,0.48220139741897583
1038,2,2,0.9591112732887268
1039,2,6,0.43675076961517334
1040,7,5,0.7032396197319031
1041,5,5,0.7351164817810059
1042,5,0,0.2214331477880478
1043,2,4,0.4809263050556183
1044,8,8,0.900367021560669
1045,5,3,0.41376373171806335
1046,2,2,0.7752237915992737
1047,1,8,0.8339722156524658
1048,1,1,0.9650657176971436
1049,4,1,0.5750157237052917
1050,3,7,0.24668298661708832
1051,2,2,0.17029325664043427
1052,0,8,0.7176316380500793
1053,3,5,0.860370934009552
1054,1,1,0.9711299538612366
1055,5,5,0.6473094820976257
1056,3,7,0.3133581280708313
1057,7,7,0.5508983731269836
1058,6,6,0.6105461120605469
1059,8,8,0.7763205766677856
1060,9,9,0.9845899343490601
1061,1,9,0.7596805095672607
1062,6,4,0.36900052428245544
1063,4,4,0.6769221425056458
1064,9,1,0.4253365695476532
1065,3,2,0.6328303813934326
1066,9,1,0.8489179015159607
1067,0,0,0.9032732248306274
1068,9,9,0.9415660500526428
1069,6,6,0.9980265498161316
1070,3,3,0.580028772354126
1071,6,6,0.9890758991241455
1072,0,8,0.9206810593605042
1073,7,7,0.9936367273330688
1074,3,3,0.2693939208984375
1075,8,8,0.892448902130127
1076,0,0,0.8319395780563354
1077,0,0,0.9159356951713562
1078,0,0,0.9420838952064514
1079,6,6,0.5283535122871399
1080,6,6,0.9449993371963501
1081,6,6,0.6749902963638306
1082,9,1,0.6034849286079407
1083,2,2,0.5979635119438171
1084,5,5,0.6389423608779907
1085,4,4,0.9308931827545166
1086,4,4,0.6118269562721252
1087,6,6,0.6654036045074463
1088,3,3,0.43406787514686584
1089,6,6,0.9946886301040649
1090,0,0,0.7055886387825012
1091,8,8,0.945906937122345
1092,6,3,0.5045597553253174
1093,0,0,0.6317325234413147
1094,6,5,0.44072458148002625
1095,2,6,0.45908215641975403
1096,7,7,0.979706883430481
1097,5,2,0.2331264615058899
1098,1,1,0.9806289672851562
1099,2,2,0.7099550366401672
1100,7,4,0.5292320847511292
1101,8,8,0.934639573097229
1102,8,8,0.9208284616470337
1103,0,0,0.8224560022354126
1104,9,9,0.868012547492981
1105,4,3,0.34333452582359314
1106,9,9,0.5917813181877136
1107,7,7,0.5272344946861267
1108,2,2,0.5963016748428345
1109,0,1,0.7032814025878906
1110,2,0,0.5234718918800354
1111,8,8,0.9481439590454102
1112,3,5,0.42304527759552
1113,8,8,0.6596059799194336
1114,9,9,0.9154678583145142
1115,1,1,0.9832122921943665
1116,5,5,0.37084007263183594
1117,5,5,0.7923001646995544
1118,4,7,0.7239124774932861
1119,7,7,0.9916588664054871
1120,5,5,0.34327200055122375
1121,3,5,0.5334141254425049
1122,8,8,0.9259889721870422
1123,3,3,0.27211588621139526
1124,3,2,0.7279391288757324
1125,6,6,0.9339461326599121
1126,2,8,0.560909628868103
1127,8,8,0.9778640866279602
1128,4,4,0.5765165686607361
1129,3,3,0.31783950328826904
1130,7,4,0.606389582157135
1131,1,1,0.9191908240318298
1132,2,3,0.4615270793437958
1133,4,4,0.8500031232833862
1134,1,1,0.5218117237091064
1135,6,3,0.4060254991054535
1136,9,1,0.6442916989326477
1137,0,3,0.423038125038147
1138,5,6,0.32539212703704834
1139,8,8,0.8491053581237793
1140,6,6,0.897993803024292
1141,1,1,0.9610369205474854
1142,8,8,0.9964351654052734
1143,6,6,0.9821133017539978
1144,1,1,0.4436816871166229
1145,4,6,0.5011987686157227
1146,2,4,0.7498904466629028
1147,6,6,0.21681690216064453
1148,2,2,0.4261834919452667
1149,7,5,0.2953413724899292
1150,2,7,0.5854037404060364
1151,2,2,0.4658813178539276
1152,0,0,0.9591160416603088
1153,8,8,0.6007658839225769
1154,6,6,0.9821901321411133
1155,9,9,0.2370137870311737
1156,1,1,0.6805511713027954
1157,7,1,0.5218054056167603
1158,1,1,0.9857621192932129
1159,8,8,0.9318739175796509
1160,8,8,0.8658215999603271
1161,0,0,0.6541301608085632
1162,7,7,0.9792433381080627
1163,3,7,0.41969501972198486
1164,8,8,0.5034068822860718
1165,0,0,0.5053267478942871
1166,3,3,0.2980497181415558
1167,4,2,0.2846679389476776
1168,3,3,0.4720982015132904
1169,7,7,0.3537691831588745
1170,7,7,0.9670803546905518
1171,9,9,0.9706855416297913
1172,2,7,0.4278004765510559
1173,3,6,0.5408390164375305
1174,1,1,0.7856258749961853
1175,9,9,0.489461749792099
1176,1,1,0.6043218970298767
1177,9,1,0.9330718517303467
1178,6,2,0.7484369277954102
1179,3,3,0.447808176279068
1180,3,3,0.5370339751243591
1181,3,2,0.30744343996047974
1182,1,1,0.9639523029327393
1183,0,8,0.3646233081817627
1184,6,6,0.5232462286949158
1185,1,1,0.636111855506897
1186,4,4,0.8136495351791382
1187,1,1,0.9780253767967224
1188,0,0,0.5903116464614868
1189,0,2,0.49157053232192993
1190,1,1,0.6413861513137817
1191,1,1,0.8565747737884521
1192,6,6,0.35915249586105347
1193,5,3,0.5304021239280701
1194,4,0,0.5026776194572449
1195,6,6,0.9665112495422363
1196,2,2,0.7664973139762878
1197,0,0,0.926694393157959
1198,7,7,0.7443758249282837
1199,9,9,0.6978604793548584
1200,8,8,0.6464948654174805
1201,7,7,0.920413076877594
1202,2,2,0.4964311420917511
1203,0,8,0.7952730655670166
1204,6,6,0.9968084692955017
1205,8,8,0.9197624325752258
1206,1,1,0.9925383925437927
1207,4,8,0.7164424061775208
1208,3,2,0.29491332173347473
1209,7,7,0.6231781244277954
1210,0,0,0.8672736287117004
1211,6,6,0.8242592215538025
1212,1,1,0.8403991460800171
1213,8,8,0.433467835187912
1214,5,5,0.7849584817886353
1215,7,7,0.9723270535469055
1216,8,1,0.7968657612800598
1217,4,2,0.36034026741981506
1218,8,8,0.7645764350891113
1219,3,5,0.42107146978378296
1220,9,3,0.34281474351882935
1221,9,7,0.26071396470069885
1222,9,1,0.6460918188095093
1223,8,0,0.6154991388320923
1224,7,4,0.6066592931747437
1225,6,6,0.5246652364730835
1226,6,6,0.9471303224563599
1227,3,3,0.24945057928562164
1228,5,4,0.41802242398262024
1229,1,1,0.9942962527275085
1230,5,5,0.35821837186813354
1231,9,1,0.896143913269043
1232,1,1,0.921786367893219
1233,4,4,0.452353835105896
1234,1,1,0.9628273248672485
1235,5,5,0.6205434203147888
1236,7,7,0.536348283290863
1237,0,0,0.7700367569923401
1238,1,1,0.9988101720809937
1239,5,3,0.6436870694160461
1240,2,6,0.839396595954895
1241,0,8,0.22879815101623535
1242,8,1,0.5179163217544556
1243,8,8,0.6733844876289368
1244,5,3,0.5322026014328003
1245,6,8,0.5575248599052429
1246,7,5,0.4062860310077667
1247,3,2,0.6561201810836792
1248,2,0,0.34088078141212463
1249,4,6,0.7095494270324707
1250,7,7,0.557636559009552
1251,2,5,0.3128887116909027
1252,5,5,0.4993438422679901
1253,8,8,0.8348566889762878
1254,2,2,0.7323666214942932
1255,4,4,0.631087064743042
1256,9,8,0.5558735132217407
1257,2,2,0.5359396934509277
1258,1,1,0.39847999811172485
1259,8,8,0.9560810327529907
1260,1,1,0.9324904084205627
1261,9,9,0.3086569607257843
1262,8,8,0.7218946814537048
1263,8,8,0.8539725542068481
1264,8,8,0.7459057569503784
1265,9,9,0.5959262251853943
1266,0,8,0.6371559500694275
1267,4,4,0.9075948596000671
1268,3,2,0.6239622831344604
1269,3,5,0.5314779281616211
1270,1,1,0.6220484375953674
1271,8,8,0.9486714005470276
1272,4,7,0.40552064776420593
1273,6,6,0.5994357466697693
1274,3,3,0.6160973906517029
1275,3,4,0.4841998219490051
1276,5,3,0.3030300736427307
1277,2,2,0.3989180624485016
1278,2,2,0.9190992712974548
1279,8,8,0.33006709814071655
1280,3,7,0.5855481624603271
1281,8,8,0.9746699333190918
1282,9,9,0.9029976725578308
1283,5,5,0.4904528856277466
1284,8,8,0.8581918478012085
1285,9,1,0.5080576539039612
1286,8,8,0.7591725587844849
1287,9,9,0.5676873922348022
1288,1,1,0.9981666803359985
1289,6,6,0.9677574634552002
1290,5,3,0.401736319065094
1291,9,1,0.5305097699165344
1292,4,6,0.4541136920452118
1293,4,7,0.4372146725654602
1294,8,8,0.6658599972724915
1295,0,0,0.9552325010299683
1296,7,7,0.5222594738006592
1297,2,0,0.7585750818252563
1298,9,9,0.6103407740592957
1299,7,7,0.46288445591926575
1300,4,4,0.5413931608200073
1301,1,1,0.8944014310836792
1302,6,6,0.4993472993373871
1303,4,2,0.6028451323509216
1304,4,0,0.34556540846824646
1305,9,9,0.6405102610588074
1306,1,6,0.3583044111728668
1307,2,0,0.5319812893867493
1308,5,4,0.5893224477767944
1309,6,6,0.7039564251899719
1310,0,8,0.6460705995559692
1311,8,8,0.976464033126831
1312,6,6,0.7894384264945984
1313,1,1,0.9773584604263306
1314,9,9,0.7442349195480347
1315,4,8,0.5976248383522034
1316,5,5,0.9486707448959351
1317,9,9,0.9831116795539856
1318,5,3,0.4208013415336609
1319,0,0,0.7871301174163818
1320,7,7,0.6276726722717285
1321,2,3,0.5935640931129456
1322,0,0,0.43403780460357666
1323,0,8,0.9316810369491577
1324,4,2,0.32082733511924744
1325,2,4,0.6422216296195984
1326,6,4,0.6000275015830994
1327,6,6,0.9912509918212891
1328,5,3,0.5753099918365479
1329,5,5,0.30541738867759705
1330,2,5,0.41879311203956604
1331,8,8,0.7267929315567017
1332,1,1,0.9212880730628967
1333,7,2,0.3739153742790222
1334,3,2,0.4053448736667633
1335,1,1,0.9646482467651367
1336,4,4,0.771001398563385
1337,5,2,0.6160147786140442
1338,6,6,0.98607337474823
1339,5,5,0.3961227238178253
1340,1,1,0.9109545350074768
1341,4,6,0.3541247844696045
1342,7,7,0.6026058793067932
1343,0,0,0.6615694165229797
1344,9,1,0.5255421996116638
1345,4,2,0.5221157670021057
1346,3,3,0.25525912642478943
1347,8,8,0.9373680353164673
1348,2,2,0.3848043978214264
1349,8,8,0.9841449856758118
1350,4,6,0.6507996320724487
1351,7,7,0.9982226490974426
1352,2,2,0.7470492720603943
1353,3,2,0.2324753701686859
1354,1,1,0.9475136995315552
1355,5,3,0.5175678133964539
1356,2,3,0.38288891315460205
1357,9,9,0.9370331168174744
1358,8,8,0.9831251502037048
1359,9,9,0.8270329833030701
1360,7,7,0.6305203437805176
1361,9,9,0.9399674534797668
1362,5,5,0.8392477035522461
1363,1,1,0.5988054871559143
1364,4,4,0.5805244445800781
1365,0,0,0.9521355032920837
1366,8,8,0.9806247353553772
1367,2,2,0.49872422218322754
1368,3,3,0.4068453013896942
1369,8,8,0.8843283653259277
1370,9,9,0.5365726947784424
1371,1,1,0.9272234439849854
1372,1,1,0.7109132409095764
1373,3,5,0.43776509165763855
1374,2,0,0.5960334539413452
1375,4,4,0.4995373487472534
1376,9,9,0.5416597723960876
1377,3,2,0.3787658214569092
1378,1,1,0.9645042419433594
1379,7,8,0.2781547009944916
1380,4,5,0.4268895387649536
1381,6,6,0.8974573016166687
1382,2,0,0.9913567304611206
1383,8,8,0.9489466547966003
1384,9,1,0.45520609617233276
1385,5,5,0.9835808277130127
1386,3,3,0.7812529802322388
1387,9,9,0.9414414763450623
1388,5,3,0.27803897857666016
1389,5,4,0.8330574035644531
1390,6,6,0.9785069227218628
1391,7,2,0.47561681270599365
1392,2,2,0.9624468684196472
1393,4,3,0.5599198341369629
1394,6,4,0.29397204518318176
1395,3,3,0.4624292850494385
1396,1,1,0.9778433442115784
1397,0,0,0.6256351470947266
1398,7,7,0.713813066482544
1399,2,0,0.7003309726715088
1400,5,3,0.5250751972198486
1401,4,4,0.6926089525222778
1402,7,7,0.8919463157653809
1403,6,2,0.6935995817184448
1404,1,1,0.9607463479042053
1405,1,1,0.8168726563453674
1406,9,9,0.9526892304420471
1407,8,8,0.598617672920227
1408,1,1,0.990362286567688
1409,0,0,0.6887696981430054
1410,1,1,0.9761515259742737
1411,3,3,0.5924440622329712
1412,1,1,0.7898975014686584
1413,1,1,0.9823009967803955
1414,1,1,0.9631744623184204
1415,7,7,0.7599935531616211
1416,3,5,0.7563126087188721
1417,9,9,0.7760258316993713
1418,6,2,0.44589075446128845
1419,8,8,0.9728857278823853
1420,4,7,0.8475605249404907
1421,6,6,0.9251019358634949
1422,8,8,0.825447142124176
1423,4,4,0.9365015029907227
1424,9,1,0.5484480261802673
1425,4,4,0.33270347118377686
1426,7,7,0.7273136377334595
1427,9,9,0.7641066908836365
1428,7,7,0.9528334140777588
1429,6,6,0.5133177042007446
1430,8,8,0.7012350559234619
1431,4,6,0.5020328760147095
1432,9,9,0.7338451743125916
1433,7,7,0.6760250329971313
1434,0,0,0.44142580032348633
1435,1,1,0.8041717410087585
1436,6,6,0.3359156548976898
1437,1,1,0.9920384883880615
1438,5,1,0.5499171614646912
1439,9,1,0.7507994771003723
1440,0,8,0.8413410186767578
1441,4,4,0.7324901223182678
1442,3,3,0.7178112268447876
1443,4,2,0.5533534288406372
1444,1,9,0.6730105876922607
1445,3,3,0.6224427223205566
1446,0,0,0.830679178237915
1447,8,8,0.8045626282691956
1448,4,4,0.5833161473274231
1449,6,6,0.9912185072898865
1450,2,2,0.7228134870529175
1451,2,6,0.9145937561988831
1452,6,6,0.8173389434814453
1453,5,5,0.3384585976600647
1454,3,2,0.2988686263561249
1455,6,6,0.8876776695251465
1456,2,4,0.33731141686439514
1457,1,1,0.935967206954956
1458,1,8,0.4888418912887573
1459,8,8,0.5909909009933472
1460,6,6,0.9849851131439209
1461,0,0,0.5514421463012695
1462,4,4,0.7223708033561707
1463,0,0,0.48343345522880554
1464,1,1,0.9839238524436951
1465,9,8,0.6496283411979675
1466,7,7,0.4886932969093323
1467,1,1,0.5864885449409485
1468,3,5,0.6898149251937866
1469,7,5,0.4474027752876282
1470,7,2,0.3148695230484009
1471,8,8,0.8107842206954956
1472,7,7,0.7276724576950073
1473,7,7,0.9996320009231567
1474,3,7,0.7880382537841797
1475,9,9,0.9368022680282593
1476,7,7,0.9904602766036987
1477,7,7,0.9357113242149353
1478,7,7,0.818153440952301
1479,2,3,0.27552247047424316
1480,1,8,0.32003986835479736
1481,2,2,0.9099244475364685
1482,8,1,0.5588229894638062
1483,6,6,0.9789831638336182
1484,4,3,0.25589463114738464
1485,0,8,0.34507688879966736
1486,7,7,0.9053593277931213
1487,9,1,0.6609604358673096
1488,8,8,0.9528163075447083
1489,6,6,0.7779814004898071
1490,8,8,0.9807650446891785
1491,4,4,0.3998458683490753
1492,9,1,0.35170814394950867
1493,1,1,0.9640907049179077
1494,7,6,0.2760830223560333
1495,2,0,0.8873084783554077
1496,2,2,0.5447574853897095
1497,8,8,0.9584881663322449
1498,5,3,0.49549543857574463
1499,8,8,0.7697848081588745
1500,1,1,0.699718177318573
1501,2,6,0.3988634943962097
1502,2,2,0.9010599851608276
1503,4,5,0.4378320872783661
1504,1,1,0.9724569320678711
1505,2,2,0.7379245162010193
1506,5,7,0.8491078615188599
1507,2,7,0.3511292338371277
1508,8,8,0.9499137997627258
1509,1,1,0.9582180976867676
1510,8,8,0.7749431729316711
1511,1,1,0.9387140870094299
1512,8,8,0.6880723237991333
1513,6,6,0.7657113671302795
1514,0,0,0.9500501155853271
1515,2,2,0.8410981297492981
1516,4,4,0.8249871730804443
1517,1,1,0.9873431921005249
1518,3,3,0.7034057378768921
1519,6,6,0.9834099411964417
1520,7,7,0.4832009971141815
1521,7,7,0.4353237748146057
1522,4,4,0.8968219757080078
1523,4,7,0.5559620261192322
1524,3,3,0.46207544207572937
1525,3,8,0.44021207094192505
1526,4,4,0.40610817074775696
1527,5,4,0.23439554870128632
1528,2,2,0.8300719261169434
1529,4,4,0.562546968460083
1530,3,9,0.5283405780792236
1531,7,4,0.5952230095863342
1532,8,8,0.8770241737365723
1533,4,7,0.6511945128440857
1534,4,4,0.5507341027259827
1535,4,4,0.5768312215805054
1536,5,9,0.21481239795684814
1537,4,7,0.6490577459335327
1538,3,8,0.4554601311683655
1539,2,2,0.8888124227523804
1540,8,8,0.9939693212509155
1541,4,4,0.5212037563323975
1542,5,5,0.5664520263671875
1543,5,5,0.8732649683952332
1544,4,4,0.7492265105247498
1545,1,1,0.845637321472168
1546,4,4,0.7816978096961975
1547,2,2,0.46704259514808655
1548,5,2,0.3371354341506958
1549,1,4,0.29650694131851196
1550,6,6,0.968172550201416
1551,4,4,0.5278806686401367
1552,3,5,0.6710566282272339
1553,4,4,0.6009601950645447
1554,4,4,0.8745521306991577
1555,0,0,0.39251118898391724
1556,8,8,0.8464490175247192
1557,8,8,0.9539573788642883
1558,4,6,0.5918045043945312
1559,5,3,0.4104200005531311
1560,7,7,0.9936133027076721
1561,5,5,0.35492298007011414
1562,6,6,0.9740263223648071
1563,9,9,0.8486528992652893
1564,1,1,0.9735225439071655
1565,6,6,0.8046077489852905
1566,7,7,0.9075174927711487
1567,2,2,0.48321202397346497
1568,0,9,0.5278320908546448
1569,1,1,0.8226179480552673
1570,4,4,0.6104593873023987
1571,5,5,0.30592256784439087
1572,6,3,0.3566564917564392
1573,0,9,0.7660831809043884
1574,0,8,0.7285141348838806
1575,2,2,0.8622012138366699
1576,7,4,0.49381470680236816
1577,5,3,0.47465309500694275
1578,6,6,0.9685676097869873
1579,0,0,0.55619215965271
1580,6,3,0.23114632070064545
1581,2,5,0.317329466342926
1582,9,9,0.8317657709121704
1583,1,1,0.6946991086006165
1584,7,3,0.4023207724094391
1585,7,7,0.4280248284339905
1586,5,5,0.8932891488075256
1587,2,2,0.32130083441734314
1588,5,6,0.5576411485671997
1589,6,6,0.9218882918357849
1590,4,0,0.6684207916259766
1591,1,1,0.8676722645759583
1592,4,5,0.3149758279323578
1593,3,5,0.38997820019721985
1594,3,4,0.5343300104141235
1595,3,7,0.619300127029419
1596,0,2,0.37446314096450806
1597,3,3,0.6393512487411499
1598,5,5,0.7439571619033813
1599,5,5,0.8860759735107422
1600,8,9,0.4271005392074585
1601,9,9,0.6446006298065186
1602,7,7,0.47250738739967346
1603,3,3,0.32356080412864685
1604,1,1,0.8853983283042908
1605,3,4,0.308109313249588
1606,3,8,0.2690868377685547
1607,3,9,0.5808419585227966
1608,4,4,0.402141809463501
1609,4,4,0.6616610288619995
1610,2,4,0.499614953994751
1611,3,3,0.4515056312084198
1612,3,3,0.32633116841316223
1613,8,8,0.8556913733482361
1614,1,1,0.9973618388175964
1615,7,7,0.4919862151145935
1616,7,7,0.9648844599723816
1617,0,4,0.47904589772224426
1618,7,4,0.3463718891143799
1619,4,2,0.6068368554115295
1620,5,8,0.6120206117630005
1621,1,1,0.5639992356300354
1622,4,2,0.41064828634262085
1623,2,4,0.39607223868370056
1624,4,4,0.43088260293006897
1625,3,4,0.35602307319641113
1626,9,4,0.5895673036575317
1627,9,9,0.29954075813293457
1628,4,7,0.8040724396705627
1629,9,0,0.6089221835136414
1630,9,9,0.9574940204620361
1631,1,1,0.9619321227073669
1632,8,8,0.7860260009765625
1633,1,1,0.731838047504425
1634,6,6,0.7043607234954834
1635,7,7,0.9430102705955505
1636,5,5,0.4414103031158447
1637,5,5,0.37162938714027405
1638,4,4,0.5315250158309937
1639,9,9,0.9704627394676208
1640,7,3,0.4585478901863098
1641,6,6,0.7447298765182495
1642,5,4,0.7232789993286133
1643,9,9,0.959185004234314
1644,2,2,0.5320420861244202
1645,4,4,0.9282358884811401
1646,0,0,0.945396363735199
1647,7,7,0.9976296424865723
1648,8,8,0.7433158159255981
1649,5,2,0.5046756863594055
1650,5,5,0.9491131901741028
1651,0,8,0.4930444061756134
1652,0,0,0.7251905202865601
1653,9,9,0.759032666683197
1654,9,9,0.9759904742240906
1655,8,8,0.9894304275512695
1656,2,2,0.4209665060043335
1657,5,5,0.8137577772140503
1658,4,2,0.3374973237514496
1659,8,8,0.9501922726631165
1660,3,4,0.6760029792785645
1661,6,6,0.9846410155296326
1662,3,7,0.6616719365119934
1663,6,6,0.9875149726867676
1664,0,0,0.8391379714012146
1665,6,6,0.9956613183021545
1666,6,6,0.7163465023040771
1667,6,6,0.9316089153289795
1668,9,1,0.9536540508270264
1669,6,6,0.890899658203125
1670,6,6,0.8563396334648132
1671,8,8,0.5477923154830933
1672,6,6,0.6735526919364929
1673,2,6,0.44741490483283997
1674,4,4,0.5246132016181946
1675,5,5,0.2760211229324341
1676,8,8,0.971503496170044
1677,1,1,0.9977797865867615
1678,2,2,0.8090391159057617
1679,7,7,0.760143518447876
1680,6,6,0.8753357529640198
1681,5,4,0.5403521656990051
1682,7,7,0.9589695334434509
1683,8,8,0.9662667512893677
1684,1,8,0.6378612518310547
1685,8,6,0.690689742565155
1686,0,0,0.9000170230865479
1687,8,9,0.3905201256275177
1688,6,6,0.5508846640586853
1689,9,1,0.42703720927238464
1690,2,7,0.8464345932006836
1691,8,8,0.9714889526367188
1692,9,1,0.6169106364250183
1693,4,1,0.6902136206626892
1694,0,0,0.9705228209495544
1695,9,9,0.8949406743049622
1696,4,2,0.24920834600925446
1697,9,9,0.7241549491882324
1698,5,2,0.4597487151622772
1699,7,7,0.5824190378189087
1700,5,5,0.3892383873462677
1701,5,5,0.4352753758430481
1702,9,9,0.9463803172111511
1703,5,5,0.7663549184799194
1704,3,2,0.4671090543270111
1705,0,2,0.6937297582626343
1706,1,1,0.9613368511199951
1707,9,9,0.8877819180488586
1708,7,7,0.22420519590377808
1709,2,6,0.5663344264030457
1710,4,4,0.5499624609947205
1711,1,1,0.7971614599227905
1712,0,0,0.5496266484260559
1713,8,1,0.9864923357963562
1714,0,0,0.7702798843383789
1715,3,3,0.5225293636322021
1716,1,1,0.977418839931488
1717,7,7,0.9826599359512329
1718,0,8,0.8941261768341064
1719,0,0,0.9258973598480225
1720,4,4,0.5585518479347229
1721,8,9,0.4295760989189148
1722,6,6,0.8879934549331665
1723,2,7,0.28278717398643494
1724,4,4,0.5889168977737427
1725,0,0,0.8542749881744385
1726,0,0,0.8362942337989807
1727,9,1,0.5000898838043213
1728,0,0,0.27441269159317017
1729,8,8,0.9868393540382385
1730,4,0,0.3076567053794861
1731,5,3,0.6431412100791931
1732,9,1,0.9118621349334717
1733,3,5,0.5934404134750366
1734,9,1,0.29952287673950195
1735,0,0,0.6421691179275513
1736,5,6,0.46477198600769043
1737,6,5,0.3734942376613617
1738,5,5,0.6142831444740295
1739,0,9,0.32800203561782837
1740,1,1,0.8839209675788879
1741,4,3,0.45366495847702026
1742,8,8,0.979367196559906
1743,1,1,0.9994106292724609
1744,0,0,0.5772071480751038
1745,5,5,0.8452187180519104
1746,2,4,0.6547864675521851
1747,1,1,0.89285808801651
1748,0,0,0.8665447235107422
1749,2,4,0.5898087024688721
1750,8,8,0.8298767805099487
1751,1,1,0.9701787829399109
1752,5,5,0.41211843490600586
1753,6,6,0.8938488364219666
1754,7,7,0.9014838933944702
1755,7,7,0.9101807475090027
1756,2,5,0.34487205743789673
1757,6,6,0.83744877576828
1758,2,2,0.6358599662780762
1759,5,3,0.46424365043640137
1760,0,0,0.764751136302948
1761,1,1,0.9938743710517883
1762,4,4,0.7116783261299133
1763,2,2,0.37216249108314514
1764,5,5,0.30420640110969543
1765,4,4,0.6129152178764343
1766,6,4,0.5200960040092468
1767,2,2,0.6550479531288147
1768,2,0,0.44702818989753723
1769,1,1,0.47691550850868225
1770,7,7,0.6715471744537354
1771,2,4,0.553315281867981
1772,8,9,0.4605378210544586
1773,5,5,0.6041348576545715
1774,5,5,0.4072975814342499
1775,3,6,0.4130276143550873
1776,0,0,0.4839179813861847
1777,4,4,0.5098066926002502
1778,8,8,0.6569075584411621
1779,3,5,0.7722135186195374
1780,7,7,0.6899868845939636
1781,6,6,0.999395489692688
1782,3,5,0.3474208116531372
1783,8,8,0.9484028220176697
1784,1,1,0.9909183979034424
1785,0,2,0.6239426136016846
1786,1,1,0.9532883763313293
1787,3,0,0.5564181804656982
1788,3,6,0.8414798378944397
1789,0,4,0.3383576273918152
1790,7,7,0.6352932453155518
1791,4,4,0.3990596830844879
1792,9,9,0.9678259491920471
1793,5,5,0.5524672269821167
1794,3,5,0.4602244794368744
1795,6,6,0.6896309852600098
1796,0,8,0.6035519242286682
1797,1,1,0.9936107993125916
1798,4,4,0.4327036738395691
1799,4,4,0.4359282851219177
1800,4,4,0.7937453389167786
1801,4,4,0.9614036083221436
1802,2,2,0.5905396342277527
1803,2,5,0.6029418706893921
1804,5,3,0.2729450464248657
1805,8,8,0.9754001498222351
1806,1,1,0.8535900712013245
1807,5,7,0.766453206539154
1808,9,1,0.6108080744743347
1809,8,8,0.9460889101028442
1810,1,1,0.9289928078651428
1811,1,1,0.9616096019744873
1812,5,7,0.6565088629722595
1813,3,5,0.49267980456352234
1814,9,9,0.9835982918739319
1815,9,1,0.5051256418228149
1816,7,7,0.5682814121246338
1817,6,6,0.928184986114502
1818,5,3,0.5361095070838928
1819,0,0,0.8633561730384827
1820,8,1,0.8406569361686707
1821,4,6,0.8095182776451111
1822,7,0,0.4896049499511719
1823,0,3,0.3176776170730591
1824,9,9,0.962363600730896
1825,2,2,0.9440026879310608
1826,8,8,0.9589470624923706
1827,4,4,0.9798064231872559
1828,7,9,0.2791796028614044
1829,1,1,0.7646309733390808
1830,3,2,0.3304591774940491
1831,9,9,0.5703363418579102
1832,6,6,0.4147573411464691
1833,8,8,0.9963416457176208
1834,9,9,0.5171395540237427
1835,0,4,0.4441032111644745
1836,4,4,0.6279988884925842
1837,9,6,0.8591775298118591
1838,6,8,0.44887182116508484
1839,7,7,0.9990274906158447
1840,8,6,0.4494286775588989
1841,9,9,0.6364194750785828
1842,4,4,0.842851459980011
1843,8,8,0.8738977909088135
1844,9,9,0.950718104839325
1845,7,4,0.2957097291946411
1846,2,2,0.7274160981178284
1847,5,5,0.5997710824012756
1848,3,3,0.7096502184867859
1849,7,7,0.9978364109992981
1850,1,9,0.5216207504272461
1851,0,0,0.9238026142120361
1852,2,2,0.5881792902946472
1853,9,9,0.9766172766685486
1854,5,5,0.4855954945087433
1855,5,5,0.9116324782371521
1856,8,8,0.9671578407287598
1857,5,5,0.9198512434959412
1858,4,2,0.30603528022766113
1859,2,2,0.4897014796733856
1860,8,8,0.6392734050750732
1861,3,3,0.37361931800842285
1862,5,4,0.84211665391922
1863,5,0,0.211782768368721
1864,7,7,0.996327817440033
1865,7,7,0.7376792430877686
1866,8,8,0.993729829788208
1867,6,2,0.40132632851600647
1868,2,7,0.8498175144195557
1869,8,8,0.9276273250579834
1870,2,0,0.38771843910217285
1871,3,3,0.48188960552215576
1872,5,3,0.35480785369873047
1873,6,6,0.3081965744495392
1874,8,8,0.8851820230484009
1875,0,0,0.8867021203041077
1876,2,2,0.5925394892692566
1877,3,3,0.6317639350891113
1878,7,7,0.8284873962402344
1879,0,0,0.6198651790618896
1880,1,1,0.7146064639091492
1881,9,9,0.9140830636024475
1882,1,1,0.9341696500778198
1883,3,5,0.4742952585220337
1884,7,4,0.3277999460697174
1885,5,5,0.44224828481674194
1886,8,2,0.19659002125263214
1887,3,3,0.48738107085227966
1888,2,1,0.24775488674640656
1889,9,9,0.8856987357139587
1890,6,6,0.5109072327613831
1891,8,8,0.9528971314430237
1892,6,6,0.9366120100021362
1893,9,1,0.7688888311386108
1894,3,6,0.5685564875602722
1895,8,8,0.5366491675376892
1896,9,9,0.512711763381958
1897,8,8,0.6032209992408752
1898,0,6,0.500908613204956
1899,7,7,0.8631894588470459
1900,8,8,0.8819496631622314
1901,5,5,0.9349514842033386
1902,0,2,0.49265575408935547
1903,0,0,0.8192780017852783
1904,1,1,0.6743968725204468
1905,3,0,0.45849889516830444
1906,9,3,0.4371395409107208
1907,1,1,0.9732968211174011
1908,5,5,0.5229342579841614
1909,3,2,0.42436298727989197
1910,4,4,0.5631816387176514
1911,4,6,0.4582580029964447
1912,0,0,0.453037291765213
1913,9,9,0.3436844050884247
1914,9,9,0.9027906656265259
1915,9,9,0.7810828685760498
1916,9,6,0.5358295440673828
1917,8,8,0.9181854128837585
1918,2,6,0.5662618279457092
1919,4,4,0.7298231720924377
1920,2,2,0.6558470726013184
1921,2,8,0.7739719152450562
1922,5,5,0.712663471698761
1923,1,1,0.990924596786499
1924,9,3,0.24821914732456207
1925,1,1,0.972189724445343
1926,0,8,0.42075151205062866
1927,9,1,0.8879088759422302
1928,4,4,0.6192524433135986
1929,2,4,0.6289244294166565
1930,1,9,0.6513643860816956
1931,6,6,0.9901306629180908
1932,0,0,0.3133867681026459
1933,3,5,0.8582673668861389
1934,7,2,0.6180248856544495
1935,6,4,0.4372767210006714
1936,3,1,0.24054239690303802
1937,1,1,0.4667646288871765
1938,8,8,0.701721727848053
1939,6,6,0.4994562864303589
1940,5,3,0.3404272496700287
1941,7,0,0.26554152369499207
1942,2,2,0.7372864484786987
1943,8,8,0.9694206118583679
1944,4,4,0.40950074791908264
1945,4,7,0.6673657298088074
1946,8,8,0.9916068315505981
1947,3,1,0.39183309674263
1948,5,5,0.7685400247573853
1949,0,0,0.825986385345459
1950,5,5,0.3794913589954376
1951,7,7,0.8997094035148621
1952,4,4,0.7116950750350952
1953,4,4,0.7887798547744751
1954,2,0,0.47626224160194397
1955,2,7,0.848601758480072
1956,7,7,0.781833827495575
1957,3,9,0.40582987666130066
1958,6,6,0.8713445067405701
1959,0,8,0.649595320224762
1960,2,5,0.8354464769363403
1961,7,7,0.735332727432251
1962,6,6,0.9920275807380676
1963,2,0,0.8768572211265564
1964,3,3,0.49292445182800293
1965,0,9,0.47387558221817017
1966,7,7,0.9542960524559021
1967,7,7,0.9202211499214172
1968,8,8,0.990447998046875
1969,1,9,0.5146994590759277
1970,1,1,0.9971888661384583
1971,4,4,0.6209431290626526
1972,6,4,0.35598912835121155
1973,0,0,0.6996879577636719
1974,6,6,0.9373891353607178
1975,6,6,0.9339581727981567
1976,5,5,0.8818767070770264
1977,5,3,0.32113945484161377
1978,6,6,0.849851131439209
1979,3,3,0.4968973398208618
1980,9,1,0.6082854270935059
1981,3,3,0.48424679040908813
1982,6,6,0.9280476570129395
1983,8,2,0.2865772545337677
1984,7,7,0.9244049787521362
1985,6,2,0.49017247557640076
1986,4,2,0.6075556874275208
1987,9,9,0.4760371744632721
1988,5,5,0.6549950838088989
1989,6,6,0.5701539516448975
1990,4,7,0.498673677444458
1991,1,1,0.9888966083526611
1992,6,6,0.979117751121521
1993,3,4,0.4829944968223572
1994,8,8,0.5896013975143433
1995,2,2,0.4843142032623291
1996,3,5,0.4957226514816284
1997,9,9,0.42598655819892883
1998,8,2,0.3053414523601532
1999,5,3,0.38773757219314575
2000,1,1,0.557685911655426
2001,5,5,0.534946084022522
2002,4,2,0.5776243209838867
2003,5,3,0.29622822999954224
2004,7,7,0.8657993674278259
2005,5,3,0.27791059017181396
2006,7,7,0.9751884341239929
2007,8,8,0.8860138654708862
2008,9,9,0.36260169744491577
2009,1,1,0.5634493231773376
2010,7,1,0.430477499961853
2011,2,4,0.5587016940116882
2012,5,5,0.9585893750190735
2013,6,6,0.7956888675689697
2014,8,8,0.9275752902030945
2015,4,6,0.446749210357666
2016,6,6,0.6235857009887695
2017,5,2,0.40043702721595764
2018,3,3,0.4670003056526184
2019,9,7,0.5127766728401184
2020,9,9,0.9111528396606445
2021,8,8,0.7058867812156677
2022,5,5,0.38176143169403076
2023,5,6,0.5255967974662781
2024,6,6,0.9055151343345642
2025,4,4,0.6491256356239319
2026,5,3,0.46114999055862427
2027,9,1,0.36195799708366394
2028,7,7,0.8290215730667114
2029,3,3,0.5788336396217346
2030,4,6,0.44700202345848083
2031,1,1,0.9980428218841553
2032,4,4,0.6672640442848206
2033,2,2,0.6672433018684387
2034,3,4,0.6006696224212646
2035,6,6,0.7585083246231079
2036,5,3,0.48758232593536377
2037,5,3,0.2417771816253662
2038,2,2,0.5031096935272217
2039,8,9,0.5562231540679932
2040,0,0,0.8411933183670044
2041,0,0,0.8743733167648315
2042,1,1,0.9468314051628113
2043,8,8,0.9525911211967468
2044,3,5,0.5339903831481934
2045,1,1,0.9652752876281738
2046,3,3,0.4149113595485687
2047,5,5,0.7021201848983765
2048,8,8,0.9959295392036438
2049,3,4,0.8812188506126404
2050,8,8,0.9942769408226013
2051,5,5,0.32901033759117126
2052,8,8,0.9997953772544861
2053,6,6,0.6743519306182861
2054,3,5,0.5936113595962524
2055,5,5,0.587445080280304
2056,5,5,0.966397762298584
2057,5,8,0.8242651224136353
2058,0,8,0.8467063903808594
2059,9,1,0.387030690908432
2060,5,5,0.5649462342262268
2061,5,4,0.43885907530784607
2062,7,7,0.6872584223747253
2063,1,1,0.9939059615135193
2064,8,8,0.7806184887886047
2065,2,6,0.6621827483177185
2066,2,4,0.6340018510818481
2067,7,2,0.4468759000301361
2068,3,3,0.48638251423835754
2069,4,7,0.4557606875896454
2070,2,2,0.9491182565689087
2071,9,9,0.7065679430961609
2072,6,3,0.30263057351112366
2073,2,2,0.7146999835968018
2074,2,2,0.9475647807121277
2075,4,7,0.5296546220779419
2076,3,3,0.5129199624061584
2077,0,0,0.6398584246635437
2078,2,6,0.429954469203949
2079,0,0,0.4839901328086853
2080,1,1,0.9429653286933899
2081,3,6,0.45163586735725403
2082,2,2,0.7864159941673279
2083,2,3,0.34590229392051697
2084,7,7,0.9981005787849426
2085,0,0,0.619433581829071
2086,1,1,0.6253936290740967
2087,0,4,0.3733881413936615
2088,7,7,0.9150902628898621
2089,7,7,0.9920119643211365
2090,2,2,0.5660760402679443
2091,0,1,0.28676483035087585
2092,1,1,0.9726859331130981
2093,6,6,0.9981697797775269
2094,5,2,0.5289689898490906
2095,0,0,0.34369850158691406
2096,2,9,0.4459420144557953
2097,2,2,0.6036934852600098
2098,0,1,0.4840996265411377
2099,1,1,0.9825701117515564
2100,2,4,0.3405526280403137
2101,6,6,0.9775034189224243
2102,0,0,0.6321682929992676
2103,1,1,0.953495442867279
2104,6,6,0.7392223477363586
2105,6,6,0.910508930683136
2106,5,5,0.5274440050125122
2107,3,6,0.7569458484649658
2108,4,3,0.42282727360725403
2109,0,0,0.9410284757614136
2110,0,0,0.508847177028656
2111,9,1,0.9022037982940674
2112,1,1,0.9420202374458313
2113,0,0,0.97388756275177
2114,2,7,0.535850465297699
2115,5,4,0.4867199659347534
2116,9,9,0.9226462841033936
2117,7,9,0.588214099407196
2118,8,8,0.8104748725891113
2119,6,6,0.9923581480979919
2120,4,8,0.5893877744674683
2121,6,6,0.38612210750579834
2122,0,0,0.9527356624603271
2123,2,2,0.7090231776237488
2124,0,0,0.5129991173744202
2125,1,1,0.7948638796806335
2126,9,9,0.6506034731864929
2127,2,2,0.34660425782203674
2128,4,6,0.938085675239563
2129,9,0,0.3009773790836334
2130,0,0,0.47194451093673706
2131,7,7,0.8491086959838867
2132,2,2,0.4618360102176666
2133,3,3,0.693976640701294
2134,4,1,0.2748188078403473
2135,8,8,0.9990948438644409
2136,0,7,0.6843058466911316
2137,2,4,0.6591886281967163
2138,6,6,0.9726051092147827
2139,8,8,0.9297651648521423
2140,9,9,0.9141899347305298
2141,7,7,0.6580195426940918
2142,1,1,0.6851619482040405
2143,9,9,0.9619506597518921
2144,3,2,0.6516311168670654
2145,7,4,0.9315291047096252
2146,2,2,0.879981279373169
2147,7,2,0.24678286910057068
2148,9,9,0.9173943400382996
2149,6,6,0.9642564654350281
2150,9,1,0.5235154032707214
2151,5,5,0.3840198218822479
2152,7,7,0.9569125175476074
2153,8,8,0.989572286605835
2154,5,5,0.26210689544677734
2155,9,8,0.8820844292640686
2156,8,8,0.9920177459716797
2157,3,6,0.4352276027202606
2158,9,9,0.6676677465438843
2159,8,1,0.17527762055397034
2160,0,8,0.7901253700256348
2161,5,5,0.4318893253803253
2162,5,8,0.4448769688606262
2163,7,7,0.8965303897857666
2164,1,1,0.990190863609314
2165,2,0,0.7474343776702881
2166,0,0,0.5138925909996033
2167,7,7,0.5041971206665039
2168,5,5,0.5488032102584839
2169,8,8,0.9594762921333313
2170,2,2,0.8842303156852722
2171,2,3,0.3924550712108612
2172,5,0,0.30003592371940613
2173,3,2,0.30171772837638855
2174,9,8,0.4085601568222046
2175,3,6,0.6215813159942627
2176,1,1,0.9562554955482483
2177,9,9,0.49351930618286133
2178,3,9,0.4520159661769867
2179,1,1,0.9053807258605957
2180,4,4,0.7804203629493713
2181,3,3,0.38768890500068665
2182,4,4,0.6512578725814819
2183,4,4,0.766714870929718
2184,9,9,0.7761977314949036
2185,0,0,0.5588647127151489
2186,9,4,0.26575618982315063
2187,5,3,0.613309919834137
2188,9,9,0.9826604723930359
2189,2,2,0.7491480112075806
2190,9,1,0.8479781150817871
2191,4,6,0.5532376170158386
2192,0,6,0.3591727316379547
2193,2,0,0.7942670583724976
2194,8,8,0.905157744884491
2195,4,2,0.3708965480327606
2196,8,8,0.9445062875747681
2197,6,6,0.9926047325134277
2198,8,8,0.5232049226760864
2199,2,6,0.5476269125938416
2200,0,0,0.8272013068199158
2201,5,5,0.869419515132904
2202,9,9,0.96458899974823
2203,6,3,0.3051554560661316
2204,9,9,0.9663628339767456
2205,5,9,0.7087936401367188
2206,1,1,0.7829300165176392
2207,3,3,0.44046664237976074
2208,4,4,0.47518715262413025
2209,4,4,0.7287082672119141
2210,2,8,0.44016826152801514
2211,7,7,0.9526991844177246
2212,2,2,0.7362465858459473
2213,4,4,0.7622368335723877
2214,4,2,0.6073580980300903
2215,0,0,0.6252455115318298
2216,2,7,0.38876643776893616
2217,8,8,0.9700184464454651
2218,4,4,0.8881801962852478
2219,5,2,0.35748669505119324
2220,1,1,0.9560229182243347
2221,2,2,0.9260850548744202
2222,6,4,0.4649389088153839
2223,8,0,0.6660885810852051
2224,1,1,0.7156955003738403
2225,7,7,0.9591169953346252
2226,2,6,0.9780681729316711
2227,8,8,0.5171375274658203
2228,7,7,0.9411736130714417
2229,4,4,0.9163881540298462
2230,3,3,0.6402620673179626
2231,3,5,0.5188642740249634
2232,0,3,0.33476021885871887
2233,3,2,0.5020977854728699
2234,7,9,0.6544778347015381
2235,2,2,0.6354463696479797
2236,5,4,0.5003592371940613
2237,6,6,0.7915100455284119
2238,1,1,0.6456538438796997
2239,7,7,0.838693380355835
2240,9,9,0.481729656457901
2241,0,0,0.7918907999992371
2242,2,6,0.5563258528709412
2243,3,3,0.37281087040901184
2244,9,9,0.931404173374176
2245,8,8,0.6690746545791626
2246,9,1,0.38262924551963806
2247,5,5,0.8351277112960815
2248,0,8,0.5610398054122925
2249,0,0,0.9433767795562744
2250,7,7,0.32359105348587036
2251,6,3,0.5880752801895142
2252,3,5,0.5828043818473816
2253,3,5,0.4256158769130707
2254,8,8,0.9116817712783813
2255,1,8,0.8376685380935669
2256,4,4,0.6096104383468628
2257,0,0,0.792507529258728
2258,1,1,0.9847682118415833
2259,5,5,0.7117448449134827
2260,4,4,0.5085209012031555
2261,3,6,0.6438648700714111
2262,2,4,0.547137439250946
2263,6,6,0.9918559789657593
2264,0,9,0.3141940236091614
2265,8,8,0.9893184304237366
2266,8,8,0.9938362240791321
2267,6,6,0.45624688267707825
2268,3,3,0.44630077481269836
2269,3,3,0.42966318130493164
2270,2,4,0.32627052068710327
2271,9,9,0.5838310718536377
2272,7,7,0.9360112547874451
2273,5,5,0.3674408495426178
2274,1,1,0.990024209022522
2275,6,6,0.7558236718177795
2276,0,0,0.5523316860198975
2277,5,5,0.879697322845459
2278,9,9,0.9817870855331421
2279,9,9,0.9736738204956055
2280,4,8,0.431973397731781
2281,5,5,0.8598265647888184
2282,9,9,0.5780051350593567
2283,4,3,0.3083905577659607
2284,8,8,0.653709888458252
2285,3,5,0.43049347400665283
2286,3,5,0.7618396282196045
2287,2,2,0.3839888572692871
2288,5,6,0.39742422103881836
2289,1,1,0.8982452154159546
2290,9,9,0.9467876553535461
2291,5,7,0.7025795578956604
2292,5,3,0.5836845636367798
2293,8,1,0.9320898056030273
2294,1,1,0.425630122423172
2295,8,8,0.9774966239929199
2296,9,9,0.9426020979881287
2297,7,7,0.569432258605957
2298,0,0,0.6288415789604187
2299,6,3,0.5536377429962158
2300,3,4,0.5760881900787354
2301,2,2,0.4321574866771698
2302,0,0,0.47877252101898193
2303,2,2,0.5157395601272583
2304,6,6,0.8906081914901733
2305,9,9,0.6504276394844055
2306,3,3,0.5568230748176575
2307,9,9,0.3323644697666168
2308,1,1,0.9404625296592712
2309,6,3,0.44783586263656616
2310,6,7,0.5776048302650452
2311,7,7,0.5790730118751526
2312,2,2,0.889874279499054
2313,6,6,0.40530526638031006
2314,3,5,0.4677252173423767
2315,2,2,0.5904021859169006
2316,5,2,0.35670360922813416
2317,5,5,0.7070552110671997
2318,2,2,0.9203548431396484
2319,7,7,0.7634515762329102
2320,5,2,0.40743082761764526
2321,2,3,0.31880226731300354
2322,0,0,0.9671998023986816
2323,8,8,0.7225961685180664
2324,0,8,0.533552885055542
2325,7,0,0.438509464263916
2326,7,7,0.9992744326591492
2327,1,6,0.40534505248069763
2328,7,7,0.9753133654594421
2329,4,4,0.49378883838653564
2330,0,8,0.7756456732749939
2331,2,7,0.6036237478256226
2332,2,2,0.8581802248954773
2333,6,6,0.9977298378944397
2334,1,4,0.8416643738746643
2335,5,5,0.6453613042831421
2336,9,9,0.8756157159805298
2337,7,7,0.8857879638671875
2338,6,6,0.8795714974403381
2339,2,2,0.39057931303977966
2340,7,7,0.9928449988365173
2341,0,0,0.8596569299697876
2342,5,6,0.45647796988487244
2343,6,6,0.79612135887146
2344,0,0,0.8079770803451538
2345,1,1,0.9784020781517029
2346,1,1,0.9132816791534424
2347,8,8,0.8505167961120605
2348,4,3,0.5741403698921204
2349,5,5,0.8313738703727722
2350,3,2,0.38506388664245605
2351,1,1,0.9720288515090942
2352,2,2,0.3531971275806427
2353,4,4,0.6509869694709778
2354,8,8,0.858959436416626
2355,9,8,0.4209449887275696
2356,8,8,0.778603196144104
2357,1,1,0.7082319259643555
2358,7,3,0.2990010678768158
2359,2,3,0.40306758880615234
2360,7,7,0.9219578504562378
2361,2,2,0.6089458465576172
2362,3,4,0.4845559298992157
2363,2,6,0.6702778935432434
2364,6,6,0.9079629778862
2365,7,5,0.5159638524055481
2366,9,9,0.7440152168273926
2367,4,4,0.8479666709899902
2368,0,0,0.9485644698143005
2369,1,1,0.988760769367218
2370,0,0,0.9009649157524109
2371,4,8,0.7801955342292786
2372,5,5,0.3209558129310608
2373,0,0,0.9980436563491821
2374,8,8,0.949806809425354
2375,0,0,0.7429372668266296
2376,7,9,0.34211865067481995
2377,6,4,0.5443994402885437
2378,1,1,0.9416437745094299
2379,0,0,0.3206079602241516
2380,8,8,0.9139028191566467
2381,5,5,0.7570332884788513
2382,9,1,0.7886638641357422
2383,2,4,0.45738527178764343
2384,5,4,0.5194343328475952
2385,4,8,0.2615594267845154
2386,4,7,0.6406127214431763
2387,9,9,0.5457989573478699
2388,0,0,0.5591632723808289
2389,6,6,0.9678958058357239
2390,1,1,0.29262086749076843
2391,2,5,0.28894755244255066
2392,5,2,0.6288400292396545
2393,1,1,0.9875739216804504
2394,6,6,0.4706171751022339
2395,7,4,0.5071874856948853
2396,1,7,0.20004770159721375
2397,5,2,0.4552660286426544
2398,8,8,0.9404144883155823
2399,8,8,0.998246431350708
2400,0,0,0.9677394032478333
2401,3,5,0.4268600642681122
2402,9,9,0.9609020948410034
2403,4,4,0.7992355227470398
2404,0,7,0.4498133659362793
2405,3,6,0.9858372211456299
2406,4,4,0.8475886583328247
2407,9,9,0.7753852605819702
2408,2,2,0.8824328780174255
2409,4,4,0.8050175905227661
2410,3,3,0.8396304249763489
2411,0,0,0.7064876556396484
2412,6,6,0.3221758306026459
2413,4,4,0.429302453994751
2414,5,3,0.41699132323265076
2415,6,6,0.7679081559181213
2416,6,2,0.330127090215683
2417,7,7,0.992994487285614
2418,8,8,0.9529345035552979
2419,4,4,0.6468629240989685
2420,8,6,0.3664831519126892
2421,8,0,0.23631109297275543
2422,3,4,0.4732753038406372
2423,2,6,0.5015048384666443
2424,8,8,0.6918411254882812
2425,0,9,0.31235694885253906
2426,2,0,0.8247799873352051
2427,5,5,0.46002840995788574
2428,6,6,0.9262437224388123
2429,8,8,0.8550622463226318
2430,7,7,0.7191922664642334
2431,8,8,0.9145970344543457
2432,9,0,0.7243309020996094
2433,9,1,0.7115634083747864
2434,0,0,0.47433340549468994
2435,6,6,0.5461634397506714
2436,6,6,0.6663084626197815
2437,8,2,0.7169632315635681
2438,1,0,0.6185801029205322
2439,1,1,0.9803849458694458
2440,7,7,0.4578843414783478
2441,4,6,0.48690009117126465
2442,4,3,0.669800877571106
2443,2,2,0.654958963394165
2444,3,3,0.5187528133392334
2445,6,6,0.9997610449790955
2446,9,9,0.6796464323997498
2447,6,3,0.4101244807243347
2448,2,2,0.7378725409507751
2449,4,4,0.40472641587257385
2450,1,1,0.915486752986908
2451,8,8,0.7620302438735962
2452,2,4,0.5771623253822327
2453,3,4,0.5239825248718262
2454,1,1,0.8297326564788818
2455,6,3,0.42450863122940063
2456,8,8,0.7144410610198975
2457,6,6,0.9978821873664856
2458,8,8,0.8484541773796082
2459,5,5,0.8412454128265381
2460,9,9,0.939183235168457
2461,0,0,0.7710091471672058
2462,1,1,0.994519054889679
2463,0,0,0.7140733003616333
2464,2,2,0.4033922553062439
2465,9,9,0.8433573842048645
2466,2,8,0.37462836503982544
2467,9,9,0.9847374558448792
2468,0,0,0.6226272583007812
2469,9,9,0.6011998653411865
2470,7,7,0.6602975130081177
2471,8,8,0.7584478259086609
2472,5,6,0.5576147437095642
2473,0,0,0.8144832849502563
2474,6,6,0.7891181707382202
2475,6,6,0.9771273732185364
2476,8,8,0.9954031705856323
2477,1,1,0.7510133981704712
2478,6,6,0.9011468887329102
2479,5,4,0.4555794894695282
2480,8,8,0.9184710383415222
2481,7,4,0.4346669018268585
2482,9,1,0.7646093368530273
2483,2,2,0.35915014147758484
2484,1,1,0.997104823589325
2485,6,6,0.9929202198982239
2486,7,4,0.4961521327495575
2487,5,5,0.4522974193096161
2488,6,6,0.9501005411148071
2489,3,2,0.5456624031066895
2490,0,1,0.7869582176208496
2491,9,0,0.7899295091629028
2492,8,8,0.8397904634475708
2493,9,9,0.6852111220359802
2494,5,3,0.3156888782978058
2495,9,8,0.9172659516334534
2496,9,9,0.8880862593650818
2497,9,8,0.45151427388191223
2498,3,6,0.5399806499481201
2499,6,2,0.5527535080909729
2500,4,6,0.6383556723594666
2501,4,4,0.49238166213035583
2502,8,8,0.9697383046150208
2503,8,8,0.549776017665863
2504,1,1,0.9889917373657227
2505,7,7,0.8639405369758606
2506,3,2,0.2603128254413605
2507,0,0,0.5883315205574036
2508,6,6,0.5834043025970459
2509,2,9,0.2336035966873169
2510,4,4,0.610744297504425
2511,8,1,0.8836458921432495
2512,2,2,0.433865487575531
2513,2,2,0.9840981364250183
2514,9,9,0.46786192059516907
2515,2,4,0.3509458601474762
2516,2,5,0.4259282648563385
2517,9,9,0.6648662090301514
2518,7,7,0.982770562171936
2519,4,3,0.5764051079750061
2520,1,8,0.4545290470123291
2521,9,5,0.5142245888710022
2522,1,1,0.9054069519042969
2523,4,2,0.3830600380897522
2524,3,3,0.39680951833724976
2525,5,0,0.3779560923576355
2526,3,2,0.5011918544769287
2527,8,8,0.9978592991828918
2528,9,1,0.5465317368507385
2529,3,6,0.38913995027542114
2530,6,6,0.7334476113319397
2531,2,2,0.6826053261756897
2532,0,1,0.7309409976005554
2533,8,3,0.4005446135997772
2534,9,9,0.8880987763404846
2535,0,6,0.5902218222618103
2536,5,5,0.8162763714790344
2537,1,1,0.9517124891281128
2538,5,2,0.5533369183540344
2539,8,9,0.6712273955345154
2540,2,5,0.3564600944519043
2541,1,1,0.9981074333190918
2542,2,8,0.9768161773681641
2543,3,5,0.2242652326822281
2544,2,5,0.37507638335227966
2545,4,4,0.7492564916610718
2546,8,8,0.977178692817688
2547,4,6,0.7211545705795288
2548,0,7,0.2840592861175537
2549,6,6,0.5993626713752747
2550,4,4,0.40919020771980286
2551,2,2,0.47455424070358276
2552,9,9,0.9573153853416443
2553,8,8,0.9739494323730469
2554,4,4,0.8420771360397339
2555,7,7,0.5013968348503113
2556,6,6,0.7506954073905945
2557,2,5,0.37143969535827637
2558,4,2,0.5254709124565125
2559,7,7,0.6214184165000916
2560,7,7,0.6417739391326904
2561,6,6,0.9786233901977539
2562,4,4,0.8279605507850647
2563,2,2,0.47281503677368164
2564,2,2,0.6717619895935059
2565,3,3,0.3113550543785095
2566,2,2,0.48673155903816223
2567,4,4,0.47339972853660583
2568,9,4,0.44149792194366455
2569,0,0,0.9941843152046204
2570,0,2,0.42231783270835876
2571,9,9,0.5697909593582153
2572,6,6,0.9764807224273682
2573,5,5,0.2837258279323578
2574,8,8,0.9713767170906067
2575,5,4,0.72758948802948
2576,2,2,0.38893556594848633
2577,4,4,0.5737472176551819
2578,8,8,0.8097820281982422
2579,8,8,0.6726502180099487
2580,6,6,0.5734875798225403
2581,4,6,0.3121626675128937
2582,5,5,0.7237772941589355
2583,7,7,0.9531465768814087
2584,6,6,0.911681056022644
2585,3,5,0.48171111941337585
2586,7,5,0.3609168827533722
2587,0,0,0.5331277847290039
2588,4,4,0.623960018157959
2589,0,0,0.4737476110458374
2590,5,4,0.352253794670105
2591,8,8,0.9210330843925476
2592,2,4,0.34119659662246704
2593,8,8,0.9415903687477112
2594,0,0,0.6175408959388733
2595,4,4,0.46383756399154663
2596,9,1,0.761661171913147
2597,2,5,0.4165685176849365
2598,3,3,0.6239016056060791
2599,6,8,0.660965085029602
2600,8,8,0.854111909866333
2601,1,1,0.9954610466957092
2602,6,6,0.997895359992981
2603,0,1,0.5779270529747009
2604,8,8,0.9418706297874451
2605,4,4,0.5292314291000366
2606,3,3,0.43580788373947144
2607,1,1,0.8989564776420593
2608,4,2,0.5855075120925903
2609,5,7,0.28051087260246277
2610,2,2,0.9069411754608154
2611,4,4,0.49662092328071594
2612,3,5,0.4748481214046478
2613,6,4,0.46746397018432617
2614,0,0,0.8643229603767395
2615,7,7,0.9417984485626221
2616,1,1,0.7750139832496643
2617,3,2,0.35073256492614746
2618,5,5,0.3507302701473236
2619,7,3,0.44163528084754944
2620,1,1,0.9424220323562622
2621,8,8,0.9790140986442566
2622,0,0,0.5405208468437195
2623,4,4,0.8739870190620422
2624,8,8,0.47498977184295654
2625,2,2,0.7052116990089417
2626,7,7,0.8464764356613159
2627,7,7,0.872745156288147
2628,0,0,0.4857289493083954
2629,2,4,0.42656153440475464
2630,2,2,0.3734191954135895
2631,4,4,0.8836415410041809
2632,3,6,0.2971673905849457
2633,3,2,0.3908916413784027
2634,1,9,0.3895121216773987
2635,6,6,0.4425123333930969
2636,1,1,0.9828628897666931
2637,6,6,0.5536306500434875
2638,4,4,0.39071089029312134
2639,6,6,0.8985009789466858
2640,7,7,0.6587570309638977
2641,4,4,0.6446640491485596
2642,7,2,0.44116321206092834
2643,3,4,0.665984034538269
2644,8,8,0.5362538695335388
2645,1,1,0.9937173128128052
2646,3,3,0.34830242395401
2647,1,1,0.8129368424415588
2648,4,4,0.29242777824401855
2649,6,6,0.9873917698860168
2650,5,3,0.48373404145240784
2651,5,0,0.7558889985084534
2652,7,7,0.9179257154464722
2653,4,0,0.3789989650249481
2654,5,5,0.48998215794563293
2655,4,0,0.4891340434551239
2656,9,9,0.9437429904937744
2657,7,5,0.4778065085411072
2658,7,7,0.9831581115722656
2659,2,2,0.34209710359573364
2660,3,5,0.3256767690181732
2661,3,5,0.5835677981376648
2662,6,2,0.33542338013648987
2663,7,7,0.9583525061607361
2664,4,4,0.919331431388855
2665,1,1,0.9881270527839661
2666,6,6,0.7099689841270447
2667,1,1,0.9963627457618713
2668,0,8,0.654636800289154
2669,6,6,0.9926705360412598
2670,9,9,0.6474760174751282
2671,6,6,0.6233483552932739
2672,0,0,0.4998829662799835
2673,2,4,0.29820477962493896
2674,0,0,0.9105044603347778
2675,2,4,0.48571836948394775
2676,4,4,0.5581579804420471
2677,7,7,0.9375898838043213
2678,0,4,0.5289372205734253
2679,0,0,0.48546847701072693
2680,0,0,0.9754562973976135
2681,0,2,0.5041322112083435
2682,7,4,0.394644558429718
2683,5,5,0.8730080127716064
2684,3,3,0.6411222219467163
2685,2,4,0.5408393144607544
2686,7,7,0.9396840929985046
2687,8,8,0.9821373820304871
2688,5,3,0.5677301287651062
2689,5,5,0.7856836318969727
2690,2,6,0.647539496421814
2691,2,2,0.9482331275939941
2692,8,8,0.7276108860969543
2693,9,9,0.7306358814239502
2694,1,1,0.9790300130844116
2695,2,6,0.6476048827171326
2696,2,7,0.422667533159256
2697,0,0,0.3443002700805664
2698,3,5,0.528933048248291
2699,4,4,0.656497597694397
2700,9,0,0.520854651927948
2701,1,8,0.4218539595603943
2702,6,4,0.44776639342308044
2703,9,0,0.7505281567573547
2704,0,1,0.42622900009155273
2705,8,8,0.7649863958358765
2706,3,5,0.44098183512687683
2707,6,6,0.6829409003257751
2708,4,4,0.2840383052825928
2709,6,6,0.5234596133232117
2710,7,7,0.993190348148346
2711,5,5,0.49657130241394043
2712,1,1,0.49629461765289307
2713,8,8,0.9698975682258606
2714,9,8,0.8803144693374634
2715,0,0,0.9555899500846863
2716,5,6,0.4510844945907593
2717,0,0,0.2239917665719986
2718,5,3,0.3816501200199127
2719,4,3,0.5444127917289734
2720,3,3,0.42859238386154175
2721,8,4,0.36252298951148987
2722,5,3,0.3480064868927002
2723,2,2,0.46257147192955017
2724,0,0,0.8782205581665039
2725,8,0,0.4522574245929718
2726,5,5,0.7268350720405579
2727,9,9,0.6931390166282654
2728,2,2,0.415161669254303
2729,5,3,0.26627954840660095
2730,6,6,0.9743056297302246
2731,5,7,0.4574665427207947
2732,7,7,0.9937424063682556
2733,3,4,0.2912823557853699
2734,7,7,0.9873831868171692
2735,2,2,0.6881392002105713
2736,8,8,0.4386826455593109
2737,8,8,0.825302004814148
2738,4,4,0.5547048449516296
2739,2,2,0.8248096704483032
2740,1,1,0.41382214426994324
2741,6,6,0.8487242460250854
2742,2,5,0.8258405327796936
2743,9,9,0.7227718234062195
2744,9,1,0.6351132988929749
2745,8,8,0.7847343683242798
2746,2,2,0.6948500275611877
2747,3,3,0.40174829959869385
2748,1,1,0.9295902848243713
2749,0,0,0.9814196825027466
2750,5,5,0.9000929594039917
2751,2,5,0.3982420265674591
2752,3,5,0.2756228446960449
2753,7,7,0.8796343207359314
2754,9,1,0.7432401180267334
2755,5,7,0.4125027060508728
2756,9,9,0.29671281576156616
2757,1,1,0.714481770992279
2758,1,1,0.7529570460319519
2759,3,3,0.5334157943725586
2760,2,2,0.37471914291381836
2761,7,7,0.7828525304794312
2762,4,4,0.49829334020614624
2763,4,4,0.8625168800354004
2764,1,1,0.9888519644737244
2765,9,9,0.7136791944503784
2766,4,4,0.8286867737770081
2767,5,3,0.2690151333808899
2768,5,2,0.6281960606575012
2769,2,1,0.577964186668396
2770,7,2,0.5800676941871643
2771,7,4,0.4889069199562073
2772,6,6,0.9366822838783264
2773,1,1,0.8743185997009277
2774,2,5,0.4543863534927368
2775,3,3,0.48203781247138977
2776,7,7,0.8776201009750366
2777,5,3,0.5407538414001465
2778,4,4,0.8608546853065491
2779,3,2,0.44481605291366577
2780,7,7,0.9758756160736084
2781,7,7,0.41110366582870483
2782,0,3,0.2350689172744751
2783,0,0,0.419018417596817
2784,1,1,0.7703555226325989
2785,4,2,0.6192852258682251
2786,4,4,0.766727089881897
2787,3,3,0.4052867889404297
2788,7,6,0.5578267574310303
2789,9,1,0.5586135983467102
2790,8,8,0.9174540638923645
2791,7,7,0.8966826796531677
2792,0,0,0.965218722820282
2793,9,9,0.9876992702484131
2794,0,1,0.6396018862724304
2795,3,3,0.6295950412750244
2796,7,7,0.9763733148574829
2797,6,6,0.31823474168777466
2798,3,5,0.8105357885360718
2799,8,8,0.9479187726974487
2800,4,4,0.5774444937705994
2801,5,5,0.7939146757125854
2802,6,6,0.9879369139671326
2803,5,5,0.6874294281005859
2804,3,5,0.3463021516799927
2805,4,4,0.8003737926483154
2806,2,0,0.2896696925163269
2807,9,2,0.5674461722373962
2808,2,8,0.27038493752479553
2809,4,4,0.5850619077682495
2810,9,1,0.6718616485595703
2811,2,2,0.3705288767814636
2812,0,0,0.8251791000366211
2813,1,1,0.9881740808486938
2814,1,9,0.5083675384521484
2815,3,8,0.6391889452934265
2816,7,4,0.8109262585639954
2817,9,9,0.607041597366333
2818,5,6,0.713417649269104
2819,1,1,0.9942821264266968
2820,6,6,0.9455441832542419
2821,0,7,0.4024648666381836
2822,3,5,0.6473501324653625
2823,3,3,0.49608540534973145
2824,7,7,0.9716524481773376
2825,2,2,0.5632467865943909
2826,4,4,0.8916956186294556
2827,5,5,0.8391357064247131
2828,2,2,0.5886768698692322
2829,3,6,0.45204246044158936
2830,6,6,0.9839502573013306
2831,3,3,0.46436285972595215
2832,3,3,0.6520046591758728
2833,0,0,0.9878660440444946
2834,4,4,0.5743337273597717
2835,4,3,0.29997339844703674
2836,3,3,0.4232174754142761
2837,8,8,0.9065966010093689
2838,1,1,0.6565434336662292
2839,2,5,0.46728724241256714
2840,3,3,0.5371490716934204
2841,2,7,0.39715734124183655
2842,7,4,0.47719240188598633
2843,1,9,0.6862497925758362
2844,4,3,0.35931119322776794
2845,5,2,0.6131638884544373
2846,6,6,0.703824520111084
2847,8,0,0.2976309359073639
2848,6,1,0.9457843899726868
2849,6,6,0.3786688446998596
2850,5,5,0.7167391180992126
2851,4,4,0.5326595306396484
2852,2,2,0.5021100044250488
2853,9,9,0.9822013974189758
2854,9,7,0.3842557668685913
2855,3,5,0.5888463854789734
2856,2,2,0.5239067673683167
2857,0,0,0.8753408789634705
2858,4,4,0.5432177186012268
2859,1,1,0.8067166209220886
2860,5,5,0.6118568181991577
2861,5,3,0.4331164062023163
2862,6,6,0.5096303224563599
2863,6,6,0.9668503403663635
2864,5,5,0.8968254327774048
2865,6,6,0.9497952461242676
2866,9,9,0.655698299407959
2867,7,4,0.30691519379615784
2868,9,9,0.3402990996837616
2869,4,4,0.5647087693214417
2870,8,8,0.8154924511909485
2871,3,3,0.6611235737800598
2872,1,1,0.9469955563545227
2873,9,9,0.31708192825317383
2874,8,8,0.835956335067749
2875,1,1,0.41236892342567444
2876,9,9,0.4597102105617523
2877,0,8,0.7070005536079407
2878,3,4,0.3119376003742218
2879,0,2,0.4367596209049225
2880,4,4,0.958599328994751
2881,7,7,0.564098596572876
2882,7,7,0.6998466849327087
2883,2,2,0.900248110294342
2884,6,6,0.9457888603210449
2885,5,5,0.8939124941825867
2886,6,6,0.807102620601654
2887,9,9,0.6131187677383423
2888,7,3,0.5352715849876404
2889,7,5,0.7269327044487
2890,5,5,0.5768603682518005
2891,7,7,0.2642010450363159
2892,0,0,0.5049425959587097
2893,8,8,0.9891175627708435
2894,6,6,0.9327453374862671
2895,7,5,0.719132125377655
2896,8,8,0.9810863137245178
2897,3,3,0.423963725566864
2898,8,6,0.7803792357444763
2899,9,5,0.3142275810241699
2900,3,5,0.30550894141197205
2901,2,2,0.5606300830841064
2902,9,9,0.5360647439956665
2903,2,2,0.78718101978302
2904,7,7,0.9654624462127686
2905,4,4,0.6713871359825134
2906,1,9,0.28587308526039124
2907,9,9,0.7319858074188232
2908,7,7,0.6819827556610107
2909,0,0,0.6667163372039795
2910,8,2,0.7019971013069153
2911,1,1,0.9953392744064331
2912,2,4,0.6103143692016602
2913,0,8,0.6779441833496094
2914,6,6,0.4730236530303955
2915,5,5,0.9246852993965149
2916,1,1,0.681124746799469
2917,4,4,0.9684772491455078
2918,2,2,0.8839916586875916
2919,8,8,0.9989281296730042
2920,2,2,0.38078776001930237
2921,8,8,0.9904370903968811
2922,3,3,0.7338250279426575
2923,3,7,0.5415757894515991
2924,1,1,0.9428208470344543
2925,4,4,0.3348926901817322
2926,9,9,0.8849239349365234
2927,8,8,0.8947571516036987
2928,1,1,0.9766134023666382
2929,1,1,0.9985107779502869
2930,7,5,0.4037274718284607
2931,9,9,0.526184618473053
2932,9,1,0.7853124141693115
2933,4,4,0.6625441312789917
2934,6,6,0.5973256826400757
2935,8,8,0.7799939513206482
2936,5,5,0.8607000112533569
2937,3,3,0.5451584458351135
2938,2,2,0.2915956676006317
2939,2,2,0.6476910710334778
2940,3,0,0.5272848010063171
2941,8,8,0.7326521873474121
2942,5,5,0.5000248551368713
2943,1,1,0.4196130931377411
2944,9,9,0.6627506017684937
2945,7,7,0.9345458745956421
2946,9,9,0.7828214168548584
2947,1,1,0.9596538543701172
2948,5,7,0.5180161595344543
2949,3,4,0.5684838891029358
2950,1,9,0.5586744546890259
2951,0,0,0.4565747082233429
2952,3,3,0.601992666721344
2953,8,8,0.9879478812217712
2954,9,9,0.7904065251350403
2955,2,2,0.31029918789863586
2956,0,8,0.6605272889137268
2957,8,8,0.608583390712738
2958,0,8,0.8511479496955872
2959,7,8,0.33502843976020813
2960,9,9,0.8386380672454834
2961,4,4,0.5610737204551697
2962,8,8,0.48802539706230164
2963,3,3,0.574508786201477
2964,0,8,0.739316999912262
2965,7,7,0.6753710508346558
2966,0,0,0.8857566714286804
2967,7,7,0.8225197196006775
2968,0,0,0.8373211622238159
2969,5,5,0.5739721655845642
2970,5,2,0.33529573678970337
2971,4,4,0.9431511759757996
2972,3,3,0.2781514525413513
2973,0,0,0.8538303375244141
2974,9,9,0.8133847713470459
2975,9,1,0.6754702925682068
2976,0,2,0.5526820421218872
2977,2,3,0.6621588468551636
2978,2,7,0.3267380893230438
2979,0,0,0.8158132433891296
2980,8,8,0.9554559588432312
2981,4,6,0.5732802152633667
2982,4,4,0.9580512642860413
2983,5,5,0.4974253475666046
2984,2,2,0.5334724187850952
2985,2,8,0.6691575646400452
2986,1,1,0.2928069531917572
2987,1,1,0.41419878602027893
2988,5,3,0.3923552632331848
2989,5,6,0.9063143134117126
2990,4,4,0.4131856858730316
2991,3,3,0.37348687648773193
2992,4,8,0.6005770564079285
2993,0,0,0.6056264042854309
2994,8,8,0.9890702962875366
2995,4,4,0.6455239057540894
2996,8,8,0.9304232001304626
2997,2,5,0.35892269015312195
2998,5,7,0.4518561363220215
2999,6,6,0.47240787744522095
3000,5,5,0.9607239365577698
3001,1,1,0.9877101182937622
3002,7,7,0.9085785746574402
3003,2,3,0.4986688196659088
3004,4,4,0.6077021956443787
3005,0,2,0.5457068085670471
3006,5,5,0.3928467333316803
3007,6,6,0.9836556911468506
3008,8,8,0.9589565992355347
3009,7,7,0.9368770718574524
3010,6,6,0.9627004861831665
3011,3,5,0.48023101687431335
3012,1,1,0.8676090240478516
3013,3,3,0.35308873653411865
3014,6,8,0.5763554573059082
3015,6,6,0.9590764045715332
3016,4,4,0.3683927059173584
3017,5,5,0.7274013161659241
3018,5,5,0.5720193982124329
3019,5,5,0.5634910464286804
3020,1,1,0.9630668759346008
3021,8,8,0.9402852058410645
3022,7,7,0.985203742980957
3023,3,5,0.3856905698776245
3024,0,0,0.9478572607040405
3025,2,6,0.42526116967201233
3026,5,7,0.7499522566795349
3027,1,1,0.9965113997459412
3028,1,1,0.7215942144393921
3029,1,1,0.6430400609970093
3030,6,6,0.5806523561477661
3031,7,7,0.665030837059021
3032,2,1,0.3947899639606476
3033,1,9,0.5507907867431641
3034,2,2,0.8970596790313721
3035,3,3,0.631321370601654
3036,9,9,0.8179628252983093
3037,8,8,0.9378322958946228
3038,3,3,0.40789568424224854
3039,1,1,0.5877628922462463
3040,7,7,0.9983330368995667
3041,4,4,0.4984256327152252
3042,8,3,0.5126863121986389
3043,4,9,0.43357226252555847
3044,7,4,0.3817645311355591
3045,5,7,0.6681268811225891
3046,8,8,0.893679141998291
3047,6,3,0.45280760526657104
3048,0,0,0.6465612053871155
3049,3,3,0.685991108417511
3050,0,0,0.5719847083091736
3051,8,2,0.38048550486564636
3052,3,2,0.8240258097648621
3053,4,3,0.3549152910709381
3054,4,0,0.39078083634376526
3055,9,1,0.6920324563980103
3056,4,6,0.6921992897987366
3057,6,6,0.9910033941268921
3058,1,1,0.9880468845367432
3059,5,7,0.3768146336078644
3060,7,7,0.6991458535194397
3061,7,7,0.8012650609016418
3062,9,9,0.9251433610916138
3063,0,0,0.5478340983390808
3064,1,1,0.9461380839347839
3065,3,7,0.28974422812461853
3066,1,9,0.43410471081733704
3067,3,4,0.43414270877838135
3068,2,0,0.5600741505622864
3069,4,4,0.46402743458747864
3070,0,4,0.46605008840560913
3071,7,7,0.8224432468414307
3072,8,1,0.7084496021270752
3073,3,3,0.60077965259552
3074,1,1,0.9966461062431335
3075,6,3,0.5160001516342163
3076,2,2,0.6981537342071533
3077,1,1,0.8860173225402832
3078,8,8,0.9571359157562256
3079,8,8,0.43996119499206543
3080,1,1,0.8955022096633911
3081,9,9,0.9743326902389526
3082,7,3,0.40507230162620544
3083,5,3,0.4797913730144501
3084,3,3,0.36470264196395874
3085,2,2,0.3178492486476898
3086,9,9,0.9625236392021179
3087,0,0,0.6140908002853394
3088,6,4,0.5511137247085571
3089,8,8,0.9699538350105286
3090,4,4,0.5515751242637634
3091,1,1,0.762052059173584
3092,5,7,0.3304900825023651
3093,7,7,0.8557533621788025
3094,2,0,0.7970341444015503
3095,4,4,0.49034589529037476
3096,7,7,0.7287597060203552
3097,0,7,0.618190348148346
3098,4,4,0.5544015765190125
3099,9,9,0.9322959780693054
3100,0,8,0.5875803232192993
3101,7,7,0.9966392517089844
3102,0,6,0.29813680052757263
3103,6,6,0.932617723941803
3104,7,7,0.9978565573692322
3105,1,9,0.3278557360172272
3106,8,8,0.85493004322052
3107,5,7,0.7595362663269043
3108,8,3,0.318796306848526
3109,8,8,0.3871985673904419
3110,7,3,0.4091431498527527
3111,0,8,0.6759364008903503
3112,0,0,0.9411556720733643
3113,3,2,0.5145761966705322
3114,2,0,0.28873395919799805
3115,5,2,0.428438663482666
3116,7,5,0.5718735456466675
3117,0,0,0.2655543088912964
3118,6,6,0.8815590143203735
3119,4,6,0.8216226100921631
3120,4,2,0.4347043037414551
3121,9,9,0.6485227942466736
3122,1,1,0.7054257988929749
3123,8,8,0.9133282899856567
3124,6,6,0.9605371356010437
3125,3,3,0.5692330002784729
3126,9,9,0.8040972352027893
3127,4,6,0.6266905665397644
3128,9,9,0.96383136510849
3129,3,5,0.5565189123153687
3130,3,3,0.6635624766349792
3131,7,7,0.47518736124038696
3132,5,5,0.7231269478797913
3133,9,9,0.5339860320091248
3134,7,7,0.8133634924888611
3135,7,7,0.6349020004272461
3136,4,4,0.8873003721237183
3137,5,5,0.6199436187744141
3138,8,8,0.806556224822998
3139,2,9,0.4073454439640045
3140,8,8,0.7345613241195679
3141,9,9,0.9674848914146423
3142,5,5,0.632081925868988
3143,3,3,0.42978644371032715
3144,1,1,0.9831843972206116
3145,9,9,0.3281383812427521
3146,2,3,0.38008058071136475
3147,2,2,0.5272900462150574
3148,0,0,0.40537741780281067
3149,1,9,0.5820887684822083
3150,1,1,0.572004497051239
3151,8,8,0.6570292115211487
3152,1,1,0.9072033166885376
3153,1,1,0.9758007526397705
3154,9,9,0.6743807792663574
3155,8,8,0.9716660976409912
3156,9,9,0.6895636320114136
3157,9,9,0.8957998156547546
3158,0,8,0.8184061050415039
3159,2,2,0.6719095706939697
3160,6,6,0.5813561081886292
3161,9,9,0.7977888584136963
3162,1,1,0.8214661478996277
3163,9,9,0.37701067328453064
3164,0,2,0.6542547345161438
3165,1,1,0.7655640244483948
3166,9,9,0.5438101887702942
3167,2,3,0.39222946763038635
3168,9,8,0.38578686118125916
3169,9,9,0.6202292442321777
3170,9,9,0.6434562802314758
3171,0,1,0.40937796235084534
3172,9,8,0.5841851234436035
3173,9,9,0.972684383392334
3174,2,2,0.3646125793457031
3175,1,1,0.9892573952674866
3176,7,7,0.9948070645332336
3177,0,0,0.6043176054954529
3178,5,5,0.6592521071434021
3179,6,6,0.7091848850250244
3180,3,6,0.8175848722457886
3181,9,9,0.8405427932739258
3182,8,8,0.9652437567710876
3183,3,3,0.5649325847625732
3184,0,0,0.7783445715904236
3185,2,6,0.8454774022102356
3186,7,2,0.3094116151332855
3187,7,7,0.9822162389755249
3188,4,4,0.6180772185325623
3189,8,8,0.8978899717330933
3190,3,3,0.4521275758743286
3191,0,4,0.3305608332157135
3192,5,2,0.5107563734054565
3193,2,4,0.35247525572776794
3194,3,3,0.5665264129638672
3195,5,2,0.2691543698310852
3196,7,5,0.2753620445728302
3197,6,6,0.9679140448570251
3198,6,6,0.6370761394500732
3199,6,6,0.9857146143913269
3200,5,7,0.48136216402053833
3201,6,3,0.39806729555130005
3202,5,3,0.44788071513175964
3203,4,4,0.5100263357162476
3204,5,3,0.36037129163742065
3205,8,8,0.9593005180358887
3206,8,0,0.5731129050254822
3207,0,0,0.38406050205230713
3208,9,9,0.890845537185669
3209,7,5,0.28775542974472046
3210,9,9,0.7111271619796753
3211,0,8,0.4683246612548828
3212,6,6,0.9890010356903076
3213,9,9,0.9679789543151855
3214,6,3,0.4239007830619812
3215,1,1,0.9884390234947205
3216,4,2,0.26526638865470886
3217,7,7,0.8961655497550964
3218,9,7,0.36375266313552856
3219,0,6,0.9012684226036072
3220,3,3,0.26841944456100464
3221,5,5,0.6060488820075989
3222,4,7,0.5257722735404968
3223,7,7,0.9849593043327332
3224,6,6,0.9926818013191223
3225,9,9,0.7475510835647583
3226,8,0,0.8023688197135925
3227,2,2,0.60691899061203
3228,3,3,0.3990716338157654
3229,9,8,0.40281203389167786
3230,3,5,0.37771233916282654
3231,3,3,0.740678608417511
3232,7,7,0.8746479749679565
3233,8,8,0.9773716926574707
3234,3,3,0.7907127737998962
3235,5,5,0.5370626449584961
3236,5,3,0.516486406326294
3237,9,1,0.5457953214645386
3238,6,6,0.7892870306968689
3239,1,1,0.9910125136375427
3240,4,6,0.6347437500953674
3241,7,7,0.9959173798561096
3242,4,4,0.49804648756980896
3243,8,8,0.9852494597434998
3244,7,7,0.9728580713272095
3245,7,7,0.9825066924095154
3246,1,1,0.49793434143066406
3247,3,3,0.5126364231109619
3248,0,0,0.9610592126846313
3249,3,6,0.7308003902435303
3250,2,6,0.9063091278076172
3251,5,5,0.5999939441680908
3252,4,4,0.8459404110908508
3253,9,8,0.2929866909980774
3254,3,3,0.39561551809310913
3255,5,5,0.39195865392684937
3256,4,4,0.5262904167175293
3257,7,7,0.809624195098877
3258,0,7,0.5522351264953613
3259,3,3,0.3781673014163971
3260,7,7,0.9500615000724792
3261,0,0,0.97074955701828
3262,2,7,0.4689580500125885
3263,1,1,0.8727489709854126
3264,5,8,0.4530757665634155
3265,8,8,0.9837925434112549
3266,7,7,0.9406861066818237
3267,3,3,0.47896236181259155
3268,5,5,0.8633941411972046
3269,7,7,0.9449290037155151
3270,8,8,0.9289412498474121
3271,5,8,0.43946099281311035
3272,7,7,0.9494123458862305
3273,8,8,0.7063732147216797
3274,1,9,0.8459837436676025
3275,5,7,0.537335216999054
3276,4,4,0.555571973323822
3277,7,7,0.9855380058288574
3278,0,8,0.5675379633903503
3279,8,8,0.8683370351791382
3280,3,5,0.6690465211868286
3281,2,2,0.9277785420417786
3282,9,9,0.45783862471580505
3283,7,6,0.33322378993034363
3284,4,4,0.4806651771068573
3285,1,1,0.6384692788124084
3286,6,6,0.9940009713172913
3287,5,7,0.6646669507026672
3288,9,9,0.5509897470474243
3289,8,8,0.9898372292518616
3290,5,5,0.8881174921989441
3291,5,5,0.7915743589401245
3292,4,4,0.8486025929450989
3293,1,1,0.9992287158966064
3294,0,0,0.988483726978302
3295,9,9,0.9909844398498535
3296,4,4,0.8894148468971252
3297,4,3,0.30670803785324097
3298,3,3,0.6602012515068054
3299,0,4,0.8514925241470337
3300,4,4,0.4727058708667755
3301,8,0,0.5807815790176392
3302,0,9,0.7164080142974854
3303,8,8,0.8087531924247742
3304,2,2,0.4503273665904999
3305,9,9,0.9916097521781921
3306,5,6,0.5286497473716736
3307,9,9,0.91143798828125
3308,7,7,0.758561372756958
3309,4,4,0.545726478099823
3310,6,6,0.4175945818424225
3311,7,7,0.8331303596496582
3312,9,4,0.38680997490882874
3313,2,2,0.5307765007019043
3314,9,9,0.7486739158630371
3315,3,3,0.36867713928222656
3316,7,7,0.8641815185546875
3317,7,7,0.9923090934753418
3318,8,8,0.86713045835495
3319,2,2,0.4825919270515442
3320,2,7,0.2870732545852661
3321,0,2,0.7160411477088928
3322,2,5,0.734035074710846
3323,5,5,0.642316997051239
3324,3,1,0.539183497428894
3325,6,8,0.6810311079025269
3326,4,6,0.8114331960678101
3327,7,2,0.3078380227088928
3328,2,2,0.6963794827461243
3329,3,3,0.4713984429836273
3330,7,3,0.19650563597679138
3331,8,8,0.9733812212944031
3332,7,4,0.6610234379768372
3333,2,2,0.7454506754875183
3334,5,2,0.8768783807754517
3335,0,0,0.4584806263446808
3336,0,0,0.7405019998550415
3337,7,7,0.8792679905891418
3338,0,0,0.6318786144256592
3339,9,7,0.3695093095302582
3340,6,6,0.908173680305481
3341,1,1,0.9635007977485657
3342,0,8,0.435549795627594
3343,3,5,0.5335826873779297
3344,9,9,0.7009278535842896
3345,7,7,0.9741617441177368
3346,4,4,0.22647830843925476
3347,9,9,0.5471258759498596
3348,1,1,0.9620113372802734
3349,6,2,0.5873066782951355
3350,8,8,0.971507728099823
3351,1,1,0.9777101278305054
3352,2,2,0.7119555473327637
3353,3,3,0.6624999642372131
3354,3,8,0.5845127105712891
3355,5,0,0.4089767634868622
3356,4,2,0.3152879774570465
3357,8,2,0.5759090781211853
3358,9,9,0.535807728767395
3359,7,3,0.5537441372871399
3360,4,4,0.6777302026748657
3361,4,7,0.5272879004478455
3362,1,1,0.8919538259506226
3363,2,9,0.6001108288764954
3364,4,4,0.4548148512840271
3365,9,9,0.8213520646095276
3366,8,8,0.8951246738433838
3367,7,9,0.4263516664505005
3368,9,9,0.9307822585105896
3369,5,3,0.3751775324344635
3370,1,1,0.9991355538368225
3371,2,2,0.45147958397865295
3372,1,1,0.9917096495628357
3373,6,6,0.5046292543411255
3374,6,6,0.8995617628097534
3375,4,4,0.8081170916557312
3376,5,5,0.8796370625495911
3377,7,7,0.7744331359863281
3378,4,4,0.6833882927894592
3379,5,5,0.3019169867038727
3380,8,8,0.9424386620521545
3381,5,5,0.48007792234420776
3382,2,2,0.34676289558410645
3383,8,8,0.9805732369422913
3384,7,7,0.5509343147277832
3385,8,8,0.9576500058174133
3386,2,2,0.5591698288917542
3387,3,6,0.7367140650749207
3388,6,6,0.5620845556259155
3389,1,1,0.8699253797531128
3390,3,7,0.42279529571533203
3391,3,4,0.3331606388092041
3392,1,1,0.6753951907157898
3393,5,3,0.46603184938430786
3394,1,1,0.9992151260375977
3395,9,9,0.9906544089317322
3396,0,2,0.4542173743247986
3397,9,6,0.526801586151123
3398,2,0,0.7422188520431519
3399,0,0,0.6382097005844116
3400,6,2,0.25788795948028564
3401,2,7,0.6988863348960876
3402,4,4,0.8754836916923523
3403,8,8,0.8552393913269043
3404,5,5,0.9337150454521179
3405,7,7,0.6461654901504517
3406,6,4,0.5550589561462402
3407,1,1,0.9816903471946716
3408,2,2,0.3461305499076843
3409,9,1,0.7674978971481323
3410,4,4,0.8124089241027832
3411,5,5,0.6304700374603271
3412,0,0,0.8581315875053406
3413,3,2,0.2070157825946808
3414,3,5,0.3416895568370819
3415,7,2,0.6888277530670166
3416,7,0,0.38075685501098633
3417,7,5,0.3936105966567993
3418,1,1,0.9686698317527771
3419,4,4,0.8042582869529724
3420,5,5,0.4067385196685791
3421,0,4,0.2724018394947052
3422,2,5,0.22103212773799896
3423,8,8,0.8896132111549377
3424,5,5,0.739032506942749
3425,0,0,0.8353599905967712
3426,0,0,0.7818974852561951
3427,6,3,0.30103227496147156
3428,2,2,0.37740468978881836
3429,0,8,0.6330147981643677
3430,8,0,0.6744537949562073
3431,4,4,0.9187642335891724
3432,5,5,0.5508279800415039
3433,4,5,0.3067167103290558
3434,5,5,0.707115650177002
3435,6,6,0.8989965915679932
3436,4,4,0.5042510628700256
3437,7,7,0.9947916865348816
3438,9,1,0.8014594316482544
3439,4,7,0.32184654474258423
3440,2,3,0.7102859020233154
3441,0,0,0.6515253186225891
3442,6,3,0.3320765197277069
3443,4,2,0.782432496547699
3444,0,8,0.3942372500896454
3445,0,0,0.9158889055252075
3446,6,3,0.49115699529647827
3447,4,2,0.6210619211196899
3448,6,6,0.4969032406806946
3449,1,1,0.3066183924674988
3450,9,1,0.6625021696090698
3451,5,5,0.6839532256126404
3452,5,5,0.4016880393028259
3453,2,2,0.785331666469574
3454,2,2,0.8330958485603333
3455,6,3,0.5317005515098572
3456,3,3,0.2979554831981659
3457,4,4,0.3312923312187195
3458,5,5,0.7371212840080261
3459,9,9,0.5418970584869385
3460,1,9,0.49553999304771423
3461,7,7,0.718425989151001
3462,2,2,0.5630610585212708
3463,3,3,0.38682830333709717
3464,9,9,0.6560206413269043
3465,6,5,0.35669052600860596
3466,5,5,0.895873486995697
3467,0,0,0.6699268221855164
3468,2,2,0.5058359503746033
3469,9,1,0.825991690158844
3470,7,5,0.5076132416725159
3471,1,1,0.9859730005264282
3472,7,9,0.2538573443889618
3473,2,2,0.8988791108131409
3474,2,2,0.2837820053100586
3475,0,0,0.8834816813468933
3476,8,8,0.6148406267166138
3477,6,6,0.8592252135276794
3478,4,4,0.6814177632331848
3479,3,5,0.6407092213630676
3480,2,2,0.7784022092819214
3481,7,5,0.5863743424415588
3482,7,7,0.5144425630569458
3483,0,0,0.8855999112129211
3484,4,4,0.7941089272499084
3485,1,1,0.8971329927444458
3486,6,6,0.998772919178009
3487,5,5,0.7669462561607361
3488,1,1,0.7725521922111511
3489,3,7,0.45040014386177063
3490,0,0,0.702509880065918
3491,3,3,0.6513895988464355
3492,9,1,0.758478045463562
3493,0,0,0.4501819610595703
3494,0,9,0.4827040731906891
3495,2,2,0.5410212278366089
3496,5,0,0.5345709919929504
3497,0,1,0.23141156136989594
3498,4,1,0.5830841064453125
3499,0,0,0.9365823864936829
3500,1,1,0.8482135534286499
3501,9,1,0.9313561320304871
3502,8,7,0.496074378490448
3503,4,3,0.2535487115383148
3504,9,9,0.8723016977310181
3505,4,5,0.5929843783378601
3506,2,6,0.4583430886268616
3507,4,4,0.6933930516242981
3508,3,3,0.5539543032646179
3509,3,7,0.2922930121421814
3510,4,4,0.7239230275154114
3511,0,8,0.882357120513916
3512,4,4,0.7566317915916443
3513,3,6,0.8503801226615906
3514,2,5,0.38698336482048035
3515,8,8,0.9824244379997253
3516,9,1,0.5346266627311707
3517,1,1,0.5874154567718506
3518,5,5,0.816843569278717
3519,8,8,0.6365569233894348
3520,1,1,0.9948363304138184
3521,8,8,0.9395111203193665
3522,2,2,0.8306686878204346
3523,4,6,0.9069080352783203
3524,5,4,0.6990984082221985
3525,2,2,0.3623272478580475
3526,4,4,0.9199692606925964
3527,1,1,0.5241043567657471
3528,1,1,0.8275227546691895
3529,6,6,0.5301511883735657
3530,6,6,0.9859004616737366
3531,8,9,0.6388559937477112
3532,5,5,0.37726736068725586
3533,2,2,0.7425271272659302
3534,2,3,0.3451874852180481
3535,5,5,0.6444092988967896
3536,0,0,0.8544648885726929
3537,8,8,0.7391959428787231
3538,2,2,0.6545928716659546
3539,3,4,0.3963518738746643
3540,6,6,0.9535842537879944
3541,2,2,0.8235963582992554
3542,9,9,0.9896440505981445
3543,6,6,0.9897323250770569
3544,1,1,0.5486927032470703
3545,4,4,0.9720848202705383
3546,5,5,0.7738357186317444
3547,9,9,0.9061623811721802
3548,0,0,0.8293033242225647
3549,1,1,0.6867820024490356
3550,0,4,0.3965885639190674
3551,0,7,0.6396042704582214
3552,8,8,0.8946086168289185
3553,1,1,0.9412978291511536
3554,1,9,0.6905868053436279
3555,6,4,0.23177795112133026
3556,6,6,0.9734737277030945
3557,9,6,0.4180190861225128
3558,5,5,0.9144062995910645
3559,4,4,0.7372158169746399
3560,1,1,0.6612136363983154
3561,7,5,0.9322367310523987
3562,8,8,0.7284106016159058
3563,6,6,0.9523853063583374
3564,9,9,0.5723981857299805
3565,1,1,0.9786076545715332
3566,7,7,0.6237953901290894
3567,6,6,0.9951035976409912
3568,0,0,0.8583312034606934
3569,9,6,0.946790874004364
3570,3,5,0.679163932800293
3571,5,4,0.3056223392486572
3572,3,6,0.6931120157241821
3573,2,6,0.7613689303398132
3574,5,7,0.6138334274291992
3575,3,3,0.487385094165802
3576,4,6,0.6084005832672119
3577,9,9,0.4293871223926544
3578,7,7,0.4995933473110199
3579,1,9,0.46271833777427673
3580,4,4,0.33099573850631714
3581,4,4,0.8585731983184814
3582,6,6,0.9079993367195129
3583,1,1,0.9991735816001892
3584,3,3,0.5015602707862854
3585,8,8,0.9895078539848328
3586,8,8,0.8616071343421936
3587,0,1,0.9757993221282959
3588,6,6,0.9969679713249207
3589,7,7,0.705298900604248
3590,7,7,0.9870555400848389
3591,6,6,0.7829795479774475
3592,7,7,0.9477849006652832
3593,2,2,0.4002317488193512
3594,3,3,0.4656762480735779
3595,2,4,0.5081841349601746
3596,2,6,0.41758501529693604
3597,6,6,0.9378457069396973
3598,2,2,0.9255978465080261
3599,7,7,0.980946958065033
3600,4,2,0.5294854044914246
3601,0,2,0.38046902418136597
3602,3,3,0.5329785346984863
3603,6,6,0.7967764735221863
3604,2,2,0.6701853275299072
3605,6,4,0.6021595001220703
3606,3,3,0.5851709246635437
3607,3,2,0.7732794284820557
3608,0,9,0.8767842650413513
3609,9,9,0.894246518611908
3610,5,8,0.33387401700019836
3611,1,1,0.6380449533462524
3612,1,1,0.9527354836463928
3613,5,5,0.467920184135437
3614,3,5,0.5723881125450134
3615,6,7,0.585482120513916
3616,4,4,0.7290887236595154
3617,3,3,0.503896176815033
3618,4,2,0.5616037845611572
3619,1,1,0.7462595701217651
3620,0,6,0.34513744711875916
3621,4,0,0.27164795994758606
3622,5,3,0.537988543510437
3623,5,5,0.7118645906448364
3624,2,4,0.45154106616973877
3625,8,8,0.8171769976615906
3626,9,9,0.8602437973022461
3627,4,2,0.2056737244129181
3628,3,3,0.4772531986236572
3629,1,1,0.9889539480209351
3630,8,8,0.9812304973602295
3631,0,9,0.3486940562725067
3632,1,1,0.8698684573173523
3633,3,3,0.3197474181652069
3634,3,3,0.5085243582725525
3635,4,4,0.6783021688461304
3636,4,6,0.6560750603675842
3637,2,6,0.8529511094093323
3638,9,9,0.5493369698524475
3639,7,7,0.9887216091156006
3640,6,2,0.6333128213882446
3641,8,0,0.5597094297409058
3642,1,1,0.8104474544525146
3643,8,8,0.7836379408836365
3644,9,9,0.9577374458312988
3645,1,9,0.5268215537071228
3646,3,3,0.7128605246543884
3647,1,3,0.47036272287368774
3648,7,7,0.8291223645210266
3649,3,3,0.5641747713088989
3650,0,0,0.7022753953933716
3651,0,0,0.5475923418998718
3652,2,2,0.6863174438476562
3653,8,8,0.48064491152763367
3654,3,5,0.8518611192703247
3655,9,9,0.7962588667869568
3656,2,5,0.44261834025382996
3657,7,2,0.3290081322193146
3658,2,4,0.5523192286491394
3659,6,6,0.9969056248664856
3660,0,0,0.6677044630050659
3661,1,1,0.9978958368301392
3662,6,6,0.5377246737480164
3663,1,1,0.9932070374488831
3664,6,6,0.9569796323776245
3665,7,7,0.39074796438217163
3666,5,5,0.5396588444709778
3667,5,5,0.6006093621253967
3668,2,2,0.41199153661727905
3669,5,7,0.6960615515708923
3670,9,9,0.9570515751838684
3671,4,4,0.6661252975463867
3672,0,8,0.8010221719741821
3673,2,8,0.599082887172699
3674,3,2,0.39052727818489075
3675,4,2,0.3258996605873108
3676,9,1,0.6958063244819641
3677,4,3,0.2784479558467865
3678,1,1,0.9307265877723694
3679,0,8,0.7110555768013
3680,0,3,0.5151516795158386
3681,2,2,0.6734966039657593
3682,3,3,0.39909595251083374
3683,8,8,0.7383868098258972
3684,9,9,0.7790949940681458
3685,2,2,0.8840007185935974
3686,8,8,0.7880141139030457
3687,9,1,0.7470659613609314
3688,5,7,0.45037591457366943
3689,7,7,0.8124662041664124
3690,9,9,0.5131546854972839
3691,1,1,0.9447857141494751
3692,4,4,0.7555963397026062
3693,6,8,0.93414705991745
3694,2,2,0.6978681683540344
3695,8,8,0.9331859350204468
3696,4,2,0.506132960319519
3697,4,3,0.2527298629283905
3698,8,8,0.8981618285179138
3699,9,9,0.7033994197845459
3700,3,4,0.415374755859375
3701,1,1,0.9993149042129517
3702,1,1,0.5008835196495056
3703,6,6,0.9192098379135132
3704,5,2,0.2974231541156769
3705,8,5,0.3682481348514557
3706,4,4,0.7965288162231445
3707,6,4,0.553143322467804
3708,4,6,0.748536229133606
3709,5,5,0.9305452108383179
3710,2,4,0.5702000260353088
3711,6,4,0.4408235251903534
3712,4,4,0.6559857726097107
3713,2,3,0.33923575282096863
3714,3,2,0.4787888824939728
3715,1,6,0.3593657910823822
3716,3,6,0.4627959430217743
3717,6,6,0.9985491633415222
3718,8,8,0.9755333065986633
3719,5,4,0.3113124966621399
3720,2,2,0.8093330264091492
3721,2,4,0.28290364146232605
3722,7,7,0.9985896944999695
3723,1,1,0.9340642690658569
3724,6,6,0.6976462006568909
3725,2,2,0.5739997625350952
3726,5,4,0.31820377707481384
3727,9,9,0.8087082505226135
3728,2,6,0.8434020280838013
3729,8,8,0.9839862585067749
3730,1,1,0.8817940354347229
3731,6,6,0.8914782404899597
3732,9,9,0.8802091479301453
3733,2,5,0.5337043404579163
3734,7,7,0.6285793781280518
3735,5,2,0.539149820804596
3736,3,5,0.3297955095767975
3737,2,2,0.4727192223072052
3738,9,9,0.801170825958252
3739,7,7,0.8764534592628479
3740,0,0,0.9189082980155945
3741,2,7,0.41399815678596497
3742,9,9,0.7919065952301025
3743,3,5,0.4456786811351776
3744,4,4,0.7439508438110352
3745,1,1,0.9944947361946106
3746,7,6,0.7791066765785217
3747,9,9,0.8206945657730103
3748,5,5,0.8050140738487244
3749,8,8,0.9830407500267029
3750,9,8,0.5267297625541687
3751,7,7,0.7376238703727722
3752,3,1,0.44946402311325073
3753,4,3,0.35602766275405884
3754,0,4,0.45368438959121704
3755,9,1,0.28833863139152527
3756,7,7,0.23078028857707977
3757,4,0,0.2439294457435608
3758,2,2,0.44906049966812134
3759,4,4,0.5625140070915222
3760,7,7,0.9582331776618958
3761,0,8,0.543167769908905
3762,1,1,0.5228980779647827
3763,8,8,0.4927191138267517
3764,1,1,0.9843015074729919
3765,0,0,0.9077081084251404
3766,4,7,0.5604488849639893
3767,6,6,0.575598418712616
3768,1,8,0.5478219389915466
3769,9,9,0.4461051821708679
3770,9,1,0.5759406685829163
3771,2,0,0.8101320862770081
3772,1,8,0.47475573420524597
3773,2,5,0.886208176612854
3774,5,4,0.636543333530426
3775,6,6,0.8969660997390747
3776,9,1,0.29967960715293884
3777,7,7,0.8660244345664978
3778,7,4,0.6476117372512817
3779,3,2,0.47712627053260803
3780,4,4,0.4923176169395447
3781,2,2,0.6759331226348877
3782,0,0,0.51491779088974
3783,2,2,0.6530940532684326
3784,5,5,0.8293647170066833
3785,6,5,0.3153080642223358
3786,7,7,0.4141814708709717
3787,3,4,0.7699748277664185
3788,7,7,0.9686393737792969
3789,9,5,0.5458670258522034
3790,4,4,0.8209062814712524
3791,2,4,0.2986425757408142
3792,0,0,0.8934365510940552
3793,6,4,0.375280499458313
3794,1,1,0.9985949397087097
3795,7,7,0.9514312148094177
3796,5,5,0.8328315019607544
3797,6,6,0.31978854537010193
3798,5,5,0.9726769328117371
3799,3,7,0.39690351486206055
3800,9,9,0.6820184588432312
3801,2,2,0.6774794459342957
3802,7,7,0.5406569838523865
3803,8,8,0.8266128897666931
3804,5,2,0.5826828479766846
3805,9,9,0.640133798122406
3806,5,4,0.527230441570282
3807,8,1,0.6430903673171997
3808,5,3,0.2544264495372772
3809,4,4,0.471708208322525
3810,3,3,0.5664845705032349
3811,7,7,0.9933627843856812
3812,9,1,0.7943328619003296
3813,8,8,0.9607744216918945
3814,1,1,0.9026843905448914
3815,2,4,0.530905544757843
3816,2,4,0.33119460940361023
3817,8,8,0.9100159406661987
3818,9,9,0.7093876004219055
3819,3,5,0.3809642791748047
3820,0,2,0.8937810659408569
3821,8,8,0.44615769386291504
3822,4,4,0.5593766570091248
3823,0,0,0.9470847249031067
3824,2,4,0.36701780557632446
3825,0,0,0.8385909199714661
3826,1,1,0.9685404300689697
3827,4,4,0.39994949102401733
3828,1,0,0.23347784578800201
3829,8,8,0.757581889629364
3830,5,5,0.7277700304985046
3831,5,5,0.3965053856372833
3832,7,4,0.5963911414146423
3833,9,9,0.7436567544937134
3834,8,8,0.6566852331161499
3835,3,5,0.6128444671630859
3836,7,7,0.9720973372459412
3837,9,9,0.9253895282745361
3838,1,1,0.8914569616317749
3839,5,5,0.8757688403129578
3840,6,6,0.4156554937362671
3841,9,9,0.9594080448150635
3842,8,8,0.9177883267402649
3843,7,7,0.6283946633338928
3844,2,2,0.5917853116989136
3845,0,8,0.6996560096740723
3846,9,9,0.761337161064148
3847,0,0,0.4481154680252075
3848,8,8,0.9038456678390503
3849,5,5,0.36078131198883057
3850,9,9,0.650231659412384
3851,4,2,0.34980857372283936
3852,2,2,0.8562313318252563
3853,9,9,0.2891378700733185
3854,8,8,0.7486246824264526
3855,1,1,0.9914510846138
3856,9,1,0.5489190816879272
3857,1,8,0.6501266956329346
3858,8,8,0.8679313659667969
3859,3,3,0.6625598669052124
3860,7,7,0.9949865341186523
3861,6,6,0.9283820986747742
3862,4,4,0.3782602846622467
3863,2,2,0.5682162046432495
3864,3,6,0.36432310938835144
3865,7,7,0.6494482755661011
3866,0,2,0.5498458743095398
3867,3,4,0.2952827215194702
3868,5,2,0.38159090280532837
3869,8,8,0.9525012373924255
3870,8,8,0.9054850339889526
3871,8,8,0.7297261357307434
3872,7,5,0.3302839398384094
3873,9,1,0.6182949542999268
3874,6,6,0.9008647799491882
3875,2,7,0.26450762152671814
3876,7,7,0.9920381307601929
3877,4,4,0.6125513911247253
3878,5,5,0.7663203477859497
3879,7,9,0.6562607884407043
3880,6,6,0.92641681432724
3881,7,7,0.8817397952079773
3882,1,1,0.9402803778648376
3883,7,5,0.46276333928108215
3884,3,4,0.49660399556159973
3885,6,6,0.7491967082023621
3886,8,8,0.9131973385810852
3887,2,4,0.27738264203071594
3888,6,6,0.987027108669281
3889,6,6,0.999096155166626
3890,7,4,0.5754156708717346
3891,1,1,0.96373450756073
3892,5,6,0.5486831665039062
3893,9,9,0.6373336911201477
3894,7,7,0.899383544921875
3895,1,1,0.5045008063316345
3896,7,2,0.6176286339759827
3897,0,0,0.9005776643753052
3898,1,1,0.9437499046325684
3899,6,2,0.6589870452880859
3900,3,0,0.3544252812862396
3901,3,1,0.3993985950946808
3902,9,9,0.9010822176933289
3903,0,0,0.4966115355491638
3904,1,1,0.7281750440597534
3905,2,3,0.4625777006149292
3906,3,2,0.30397355556488037
3907,2,7,0.5024182796478271
3908,2,2,0.9580124616622925
3909,5,2,0.3438631296157837
3910,4,7,0.32649141550064087
3911,9,9,0.8431233763694763
3912,8,8,0.8817172050476074
3913,7,7,0.8443748950958252
3914,4,4,0.6718542575836182
3915,4,4,0.6371847987174988
3916,9,9,0.9624450206756592
3917,7,0,0.4011927545070648
3918,6,6,0.8606708645820618
3919,7,7,0.6313375234603882
3920,7,7,0.4253872334957123
3921,1,1,0.9882405996322632
3922,2,8,0.33213818073272705
3923,3,7,0.3518396317958832
3924,5,3,0.2768869996070862
3925,1,1,0.9754624366760254
3926,9,9,0.9334136247634888
3927,0,3,0.31827300786972046
3928,3,7,0.3656773567199707
3929,3,3,0.34986627101898193
3930,1,1,0.9040722846984863
3931,5,5,0.958332896232605
3932,6,4,0.34126541018486023
3933,6,2,0.3252856731414795
3934,2,4,0.45985540747642517
3935,4,7,0.961829662322998
3936,6,6,0.9716508984565735
3937,8,8,0.950718343257904
3938,8,8,0.9943044781684875
3939,9,9,0.8930195569992065
3940,6,6,0.9211505651473999
3941,6,6,0.9185872077941895
3942,1,9,0.812872588634491
3943,0,0,0.9054650068283081
3944,7,7,0.8445326685905457
3945,5,5,0.6584607362747192
3946,8,8,0.9646333456039429
3947,2,4,0.6401115655899048
3948,1,1,0.7337468862533569
3949,5,5,0.6403788924217224
3950,8,8,0.7659826874732971
3951,1,1,0.9661829471588135
3952,4,2,0.5485919713973999
3953,7,3,0.4375498592853546
3954,5,7,0.6905885934829712
3955,0,0,0.9351725578308105
3956,3,3,0.30857744812965393
3957,9,0,0.5202323198318481
3958,9,9,0.9387778639793396
3959,5,5,0.44808340072631836
3960,2,5,0.38878804445266724
3961,8,8,0.5995252132415771
3962,4,7,0.4933043420314789
3963,1,1,0.7240186929702759
3964,9,9,0.7137098908424377
3965,0,0,0.8398259282112122
3966,4,2,0.6175610423088074
3967,4,6,0.4013734757900238
3968,8,8,0.7830260396003723
3969,2,2,0.40401601791381836
3970,9,4,0.40987834334373474
3971,0,0,0.8560803532600403
3972,7,7,0.9653947949409485
3973,9,1,0.719741702079773
3974,8,8,0.9986566305160522
3975,7,7,0.9807983040809631
3976,1,1,0.9593720436096191
3977,3,6,0.8130460977554321
3978,2,6,0.552033007144928
3979,9,9,0.8166338801383972
3980,9,9,0.26711800694465637
3981,5,5,0.3494432866573334
3982,9,9,0.9989249110221863
3983,7,7,0.5831229090690613
3984,6,6,0.654721200466156
3985,7,7,0.880229651927948
3986,7,7,0.5166414976119995
3987,1,1,0.9428859353065491
3988,1,6,0.5069496631622314
3989,2,2,0.4586820602416992
3990,4,4,0.4884701371192932
3991,2,2,0.8263288736343384
3992,0,0,0.9207112789154053
3993,6,6,0.9811074733734131
3994,8,8,0.8129178285598755
3995,7,1,0.32364609837532043
3996,6,1,0.791946530342102
3997,2,2,0.5175138115882874
3998,2,3,0.5108356475830078
3999,9,1,0.5171058177947998
4000,8,4,0.26860395073890686
4001,2,6,0.5052225589752197
4002,4,7,0.7514218091964722
4003,2,0,0.6403481364250183
4004,0,2,0.5351675748825073
4005,5,5,0.48664790391921997
4006,8,8,0.951564610004425
4007,6,6,0.7545952200889587
4008,8,8,0.9922677874565125
4009,2,2,0.8559790253639221
4010,7,4,0.3427509367465973
4011,7,5,0.4034768342971802
4012,3,0,0.4645316004753113
4013,1,1,0.4366284906864166
4014,8,8,0.9678255915641785
4015,1,1,0.9926297664642334
4016,6,6,0.7444785237312317
4017,5,3,0.4262060523033142
4018,9,1,0.6891821026802063
4019,7,7,0.6591876745223999
4020,8,1,0.455523282289505
4021,9,9,0.966923177242279
4022,6,6,0.9437499046325684
4023,4,3,0.40077489614486694
4024,8,8,0.8560481667518616
4025,1,8,0.5294256210327148
4026,9,9,0.4856595993041992
4027,4,2,0.48833703994750977
4028,0,0,0.5595071315765381
4029,4,4,0.45352235436439514
4030,1,1,0.8230860233306885
4031,4,4,0.9201334118843079
4032,3,3,0.492825984954834
4033,6,6,0.9207062721252441
4034,2,2,0.9223491549491882
4035,2,2,0.33731579780578613
4036,7,0,0.8332832455635071
4037,0,0,0.8502541184425354
4038,0,1,0.7281550765037537
4039,7,7,0.9742035865783691
4040,0,0,0.7388949990272522
4041,7,7,0.8682600259780884
4042,4,4,0.26588156819343567
4043,3,3,0.412553995847702
4044,6,4,0.363076776266098
4045,7,7,0.6028282046318054
4046,7,7,0.9849070310592651
4047,4,4,0.8641521334648132
4048,5,7,0.5121094584465027
4049,4,4,0.44866612553596497
4050,3,2,0.7888774275779724
4051,5,3,0.30983319878578186
4052,5,5,0.4724051058292389
4053,4,4,0.6849907040596008
4054,7,0,0.4059125483036041
4055,1,1,0.4210353493690491
4056,0,0,0.7887552976608276
4057,7,7,0.7929111123085022
4058,7,7,0.4168233275413513
4059,1,1,0.9906781911849976
4060,6,6,0.7314956784248352
4061,5,5,0.6519482731819153
4062,0,0,0.5786465406417847
4063,7,7,0.8285571932792664
4064,7,7,0.9978614449501038
4065,4,4,0.554443895816803
4066,6,6,0.5970510840415955
4067,1,1,0.9810521602630615
4068,8,8,0.556935727596283
4069,5,5,0.6300949454307556
4070,9,9,0.7276901006698608
4071,3,6,0.3151216506958008
4072,5,5,0.7075667381286621
4073,6,6,0.8182876706123352
4074,2,2,0.4934443235397339
4075,2,2,0.3957488536834717
4076,7,7,0.7029123306274414
4077,3,3,0.4786081314086914
4078,5,5,0.7797366976737976
4079,8,8,0.9918463826179504
4080,1,1,0.9854346513748169
4081,0,9,0.9384214878082275
4082,6,6,0.9259518384933472
4083,8,8,0.7265090942382812
4084,7,7,0.9610346555709839
4085,8,7,0.4286152720451355
4086,8,0,0.5282266736030579
4087,5,5,0.552035927772522
4088,7,7,0.5536461472511292
4089,5,3,0.2971278727054596
4090,4,2,0.4439747929573059
4091,9,9,0.8100512623786926
4092,7,4,0.523953378200531
4093,3,6,0.3552485704421997
4094,3,5,0.6828766465187073
4095,8,8,0.9186862707138062
4096,8,8,0.6693025231361389
4097,3,6,0.6386967897415161
4098,9,1,0.4515302777290344
4099,4,6,0.36822831630706787
4100,7,7,0.9997687935829163
4101,2,4,0.703545331954956
4102,0,0,0.9624935984611511
4103,8,8,0.38914671540260315
4104,0,0,0.5455586314201355
4105,7,7,0.8624398112297058
4106,3,8,0.5857381820678711
4107,3,1,0.3647397756576538
4108,2,2,0.8252392411231995
4109,5,5,0.844048261642456
4110,2,2,0.8539196848869324
4111,4,1,0.48064959049224854
4112,4,5,0.5402282476425171
4113,0,0,0.9634274244308472
4114,4,6,0.8224769830703735
4115,8,8,0.7461541891098022
4116,2,6,0.8370885848999023
4117,4,4,0.6218641400337219
4118,0,2,0.6301993131637573
4119,6,6,0.619348406791687
4120,4,1,0.685120701789856
4121,5,3,0.28710830211639404
4122,6,6,0.9840400815010071
4123,0,0,0.5774704217910767
4124,8,8,0.3149726390838623
4125,8,0,0.35088229179382324
4126,0,0,0.45664501190185547
4127,6,6,0.46443137526512146
4128,1,1,0.9841660261154175
4129,1,1,0.9835371375083923
4130,6,6,0.8404546976089478
4131,1,1,0.7635841965675354
4132,4,4,0.3880561888217926
4133,2,2,0.8658548593521118
4134,1,1,0.5664956569671631
4135,1,2,0.5020565986633301
4136,2,2,0.7643927931785583
4137,4,3,0.2844279408454895
4138,4,4,0.6612081527709961
4139,5,2,0.38198527693748474
4140,5,5,0.3564763069152832
4141,8,8,0.9835510849952698
4142,8,8,0.6781630516052246
4143,5,5,0.9225872755050659
4144,1,1,0.8190432190895081
4145,8,8,0.9723188281059265
4146,2,2,0.41201066970825195
4147,3,2,0.29528963565826416
4148,3,3,0.3870105743408203
4149,9,9,0.8502606749534607
4150,6,6,0.8893733024597168
4151,6,4,0.330598920583725
4152,5,1,0.7008879780769348
4153,0,8,0.3392728269100189
4154,7,7,0.9953389167785645
4155,3,3,0.27018725872039795
4156,3,3,0.5000219345092773
4157,2,2,0.5895172953605652
4158,7,4,0.48922523856163025
4159,4,4,0.649785578250885
4160,5,5,0.4791731834411621
4161,6,6,0.9749807715415955
4162,0,0,0.8959043025970459
4163,2,6,0.7372006773948669
4164,1,2,0.2915556728839874
4165,8,8,0.8757193684577942
4166,1,1,0.20429939031600952
4167,0,0,0.8010786175727844
4168,9,9,0.918761670589447
4169,3,3,0.5486005544662476
4170,1,1,0.554474413394928
4171,0,0,0.4674247205257416
4172,5,5,0.4359400272369385
4173,4,3,0.36371973156929016
4174,2,3,0.33320701122283936
4175,3,3,0.3277999758720398
4176,3,3,0.5464247465133667
4177,6,6,0.9120126962661743
4178,7,7,0.9978860020637512
4179,6,6,0.8183633089065552
4180,0,0,0.46803033351898193
4181,0,0,0.7704819440841675
4182,5,5,0.8387364745140076
4183,7,7,0.9977126121520996
4184,4,4,0.48619544506073
4185,7,7,0.7818047404289246
4186,7,7,0.950813889503479
4187,0,0,0.7767528295516968
4188,6,6,0.5829556584358215
4189,1,1,0.7683755159378052
4190,3,5,0.3871329128742218
4191,9,9,0.9003492593765259
4192,0,0,0.32958775758743286
4193,9,1,0.5240698456764221
4194,0,0,0.757716953754425
4195,3,5,0.4653348922729492
4196,8,8,0.9783420562744141
4197,4,4,0.7849069833755493
4198,8,0,0.37218165397644043
4199,8,8,0.9343867897987366
4200,4,4,0.4786376357078552
4201,1,1,0.9746949672698975
4202,0,0,0.47353413701057434
4203,2,4,0.42428675293922424
4204,2,2,0.5284416675567627
4205,4,4,0.9837381839752197
4206,1,9,0.44167983531951904
4207,1,1,0.9908336997032166
4208,2,2,0.7129928469657898
4209,4,7,0.9546919465065002
4210,3,1,0.36926573514938354
4211,4,4,0.8369637131690979
4212,1,1,0.953224778175354
4213,4,4,0.8884263038635254
4214,7,7,0.5247253775596619
4215,1,1,0.58202064037323
4216,0,0,0.9085138440132141
4217,0,2,0.4146166145801544
4218,9,9,0.9445006251335144
4219,0,0,0.3567471206188202
4220,4,0,0.582223653793335
4221,2,2,0.4217798411846161
4222,8,8,0.7491569519042969
4223,8,0,0.546134352684021
4224,5,5,0.6757116317749023
4225,5,3,0.28369343280792236
4226,0,8,0.8997696042060852
4227,4,6,0.45310619473457336
4228,0,1,0.4159153401851654
4229,8,8,0.9529926180839539
4230,6,2,0.5576622486114502
4231,2,7,0.5803470015525818
4232,5,5,0.852019190788269
4233,9,9,0.8906724452972412
4234,2,2,0.8959006667137146
4235,9,9,0.8639970421791077
4236,1,1,0.9985916018486023
4237,1,1,0.8982768654823303
4238,5,5,0.3417828381061554
4239,4,4,0.47834500670433044
4240,7,7,0.9919652938842773
4241,5,5,0.4174143373966217
4242,8,2,0.4503245949745178
4243,6,6,0.9649099707603455
4244,2,5,0.46438273787498474
4245,1,9,0.34790685772895813
4246,5,5,0.8398950695991516
4247,5,5,0.44771498441696167
4248,3,5,0.43908461928367615
4249,4,4,0.93486487865448
4250,1,1,0.8700873851776123
4251,8,1,0.9186103940010071
4252,9,9,0.6951799988746643
4253,9,1,0.6468660235404968
4254,8,8,0.9944900274276733
4255,9,9,0.38593608140945435
4256,8,8,0.9787217974662781
4257,6,6,0.9760623574256897
4258,8,8,0.6245874762535095
4259,5,5,0.45648711919784546
4260,8,8,0.9753127098083496
4261,9,8,0.3108731210231781
4262,4,4,0.6552757620811462
4263,6,6,0.7409697771072388
4264,2,4,0.5509344935417175
4265,6,6,0.36980730295181274
4266,3,5,0.3643258810043335
4267,7,7,0.7162166237831116
4268,4,4,0.5209661722183228
4269,0,4,0.4197133183479309
4270,0,3,0.31976521015167236
4271,1,1,0.8006987571716309
4272,7,7,0.9900716543197632
4273,5,0,0.3074418306350708
4274,1,1,0.9925340414047241
4275,5,5,0.5926229357719421
4276,9,1,0.663716733455658
4277,3,5,0.6179048418998718
4278,1,1,0.9805503487586975
4279,6,6,0.7346142530441284
4280,8,0,0.5467113852500916
4281,7,2,0.46284279227256775
4282,3,5,0.3529385030269623
4283,6,6,0.9425162076950073
4284,9,9,0.7603867053985596
4285,1,1,0.36615750193595886
4286,2,0,0.48976409435272217
4287,0,1,0.5592014789581299
4288,1,1,0.9621063470840454
4289,7,7,0.3659087121486664
4290,2,2,0.8244378566741943
4291,6,8,0.3045019805431366
4292,1,1,0.997890055179596
4293,9,6,0.28965482115745544
4294,0,0,0.5003217458724976
4295,0,0,0.7047012448310852
4296,8,1,0.8485007286071777
4297,9,9,0.9635691046714783
4298,9,1,0.49955275654792786
4299,2,8,0.41281819343566895
4300,8,8,0.8935766220092773
4301,6,6,0.5192215442657471
4302,2,5,0.4063946008682251
4303,5,5,0.3265267610549927
4304,6,5,0.20040284097194672
4305,0,0,0.6301025748252869
4306,3,5,0.42878392338752747
4307,3,7,0.471127986907959
4308,0,0,0.9505051374435425
4309,7,5,0.2904402017593384
4310,4,4,0.7392368912696838
4311,7,7,0.9978105425834656
4312,5,2,0.3165439963340759
4313,0,3,0.41321441531181335
4314,1,1,0.9590066075325012
4315,6,2,0.8748247623443604
4316,8,8,0.9236792922019958
4317,8,8,0.9488953948020935
4318,1,1,0.9030342102050781
4319,2,6,0.5131108164787292
4320,1,8,0.7436671257019043
4321,5,3,0.5227057337760925
4322,4,7,0.549781858921051
4323,5,5,0.8774798512458801
4324,9,9,0.7321361303329468
4325,6,6,0.7357451319694519
4326,7,7,0.831102192401886
4327,1,1,0.9976034760475159
4328,0,0,0.9691717624664307
4329,6,6,0.342384934425354
4330,9,9,0.9812316298484802
4331,2,6,0.5509583950042725
4332,7,2,0.3812738358974457
4333,7,2,0.5345122218132019
4334,3,7,0.33314624428749084
4335,9,8,0.28037479519844055
4336,9,9,0.8787744641304016
4337,1,1,0.8317943811416626
4338,9,9,0.4323340952396393
4339,7,7,0.9933264255523682
4340,0,0,0.8766992092132568
4341,1,1,0.9807868599891663
4342,3,6,0.27890557050704956
4343,5,5,0.5603904724121094
4344,4,4,0.6031726598739624
4345,6,4,0.4034237265586853
4346,3,3,0.6385286450386047
4347,8,8,0.9603650569915771
4348,8,8,0.598505437374115
4349,0,8,0.6195192337036133
4350,4,4,0.887952983379364
4351,8,8,0.9316427111625671
4352,3,3,0.5017558932304382
4353,6,4,0.7153978943824768
4354,7,2,0.43098732829093933
4355,0,3,0.8054897785186768
4356,0,0,0.9599534273147583
4357,4,3,0.3532782793045044
4358,5,5,0.6435011029243469
4359,2,8,0.3629530668258667
4360,6,6,0.9714329242706299
4361,8,1,0.6252761483192444
4362,4,4,0.4241274893283844
4363,9,9,0.9493154287338257
4364,9,1,0.5714194774627686
4365,9,9,0.718559741973877
4366,2,6,0.5346441268920898
4367,0,2,0.35031360387802124
4368,4,2,0.4137916564941406
4369,2,2,0.6758277416229248
4370,8,8,0.8680511116981506
4371,1,1,0.9995156526565552
4372,1,1,0.9984360337257385
4373,0,8,0.47574377059936523
4374,0,0,0.5659968256950378
4375,3,4,0.6749880909919739
4376,7,6,0.5188146233558655
4377,4,4,0.6521247029304504
4378,1,1,0.9887883067131042
4379,1,1,0.9979280233383179
4380,9,9,0.5802451968193054
4381,7,7,0.5951452255249023
4382,7,7,0.8672074675559998
4383,4,6,0.36088404059410095
4384,6,5,0.5749940872192383
4385,8,8,0.7756799459457397
4386,6,6,0.3612889051437378
4387,0,0,0.4269011318683624
4388,2,2,0.7730714678764343
4389,8,8,0.9775089025497437
4390,5,5,0.9112246036529541
4391,3,8,0.7940734028816223
4392,5,5,0.7300280332565308
4393,3,3,0.35258856415748596
4394,5,5,0.8896659016609192
4395,7,7,0.9958720803260803
4396,9,9,0.8668204545974731
4397,8,8,0.7499014735221863
4398,4,7,0.27512940764427185
4399,4,3,0.2842942774295807
4400,3,2,0.43469348549842834
4401,1,1,0.8643955588340759
4402,4,4,0.653840959072113
4403,8,8,0.5100531578063965
4404,3,4,0.6871371269226074
4405,6,6,0.9949555993080139
4406,5,5,0.7118300199508667
4407,3,3,0.7368295192718506
4408,0,1,0.7635113000869751
4409,8,8,0.41832393407821655
4410,9,5,0.18112950026988983
4411,5,4,0.3084532916545868
4412,7,7,0.8264891505241394
4413,6,6,0.9706131815910339
4414,2,3,0.3479986786842346
4415,0,0,0.9424189925193787
4416,4,6,0.6147834658622742
4417,9,9,0.7586961984634399
4418,9,1,0.6460137963294983
4419,0,0,0.9463414549827576
4420,5,5,0.6329920887947083
4421,2,5,0.43531835079193115
4422,3,3,0.6869884133338928
4423,6,2,0.45662033557891846
4424,1,1,0.9921604990959167
4425,1,1,0.9990575909614563
4426,0,0,0.9023627042770386
4427,2,2,0.5352301001548767
4428,8,8,0.9086543321609497
4429,2,2,0.870741069316864
4430,1,1,0.7159879803657532
4431,1,1,0.4431602656841278
4432,7,5,0.4997383654117584
4433,5,5,0.7757564783096313
4434,2,2,0.6328398585319519
4435,3,3,0.6074466705322266
4436,4,4,0.4802715480327606
4437,1,1,0.8077552914619446
4438,2,2,0.506687581539154
4439,9,6,0.4616762697696686
4440,2,2,0.4583698809146881
4441,1,1,0.9394906759262085
4442,3,1,0.2771594822406769
4443,4,4,0.9201897382736206
4444,8,8,0.9927843809127808
4445,9,1,0.7639458179473877
4446,0,0,0.34698402881622314
4447,0,8,0.3373039662837982
4448,4,6,0.8746982216835022
4449,9,1,0.6406964659690857
4450,0,0,0.36887040734291077
4451,2,2,0.6705939769744873
4452,2,2,0.4263961911201477
4453,0,0,0.8028643727302551
4454,6,6,0.9952530860900879
4455,8,8,0.992121696472168
4456,7,7,0.9758287072181702
4457,3,5,0.34257954359054565
4458,3,3,0.6611147522926331
4459,8,8,0.9807314276695251
4460,9,9,0.5352289080619812
4461,0,0,0.5808911919593811
4462,2,5,0.8622611165046692
4463,5,5,0.5186313390731812
4464,3,3,0.4409608542919159
4465,6,6,0.9516907930374146
4466,1,1,0.9700685739517212
4467,3,3,0.5461975336074829
4468,9,9,0.6671802401542664
4469,5,3,0.5134989619255066
4470,0,9,0.8177473545074463
4471,5,5,0.645997166633606
4472,4,4,0.8413776159286499
4473,4,4,0.513244092464447
4474,0,0,0.5106770992279053
4475,1,0,0.6465383768081665
4476,1,5,0.4150744378566742
4477,6,3,0.28249648213386536
4478,1,1,0.5851255655288696
4479,7,4,0.9409669041633606
4480,9,9,0.8968031406402588
4481,9,1,0.8454265594482422
4482,6,6,0.4797245264053345
4483,2,2,0.4739404320716858
4484,4,6,0.3268602788448334
4485,3,7,0.4515520930290222
4486,8,1,0.7837266325950623
4487,3,5,0.3240090012550354
4488,4,4,0.8787621259689331
4489,7,7,0.9831534028053284
4490,0,6,0.6102269887924194
4491,2,2,0.5132228136062622
4492,8,8,0.9006991982460022
4493,4,4,0.7292995452880859
4494,8,8,0.6256557106971741
4495,3,5,0.40919217467308044
4496,8,8,0.9913398623466492
4497,8,8,0.9808639287948608
4498,8,8,0.8789603114128113
4499,3,6,0.6283507347106934
4500,3,5,0.459306925535202
4501,5,5,0.8656457662582397
4502,7,7,0.978769063949585
4503,7,3,0.3341916501522064
4504,0,0,0.44892802834510803
4505,4,4,0.9613867402076721
4506,1,1,0.9545857310295105
4507,5,5,0.7269057035446167
4508,9,9,0.8744904398918152
4509,7,7,0.8461443185806274
4510,0,0,0.5454623103141785
4511,6,6,0.9904589653015137
4512,8,0,0.8419099450111389
4513,4,5,0.3721429407596588
4514,9,9,0.8839859962463379
4515,0,0,0.9833486676216125
4516,1,9,0.7008181214332581
4517,8,8,0.587128758430481
4518,9,9,0.9127727746963501
4519,6,6,0.8155477046966553
4520,3,3,0.27312642335891724
4521,9,9,0.3747996687889099
4522,2,2,0.40491122007369995
4523,4,4,0.21887724101543427
4524,4,4,0.6999849081039429
4525,0,7,0.30636700987815857
4526,3,5,0.3663581609725952
4527,3,5,0.42102405428886414
4528,5,4,0.8218169808387756
4529,4,4,0.9130755066871643
4530,5,0,0.3651008605957031
4531,1,1,0.98990797996521
4532,1,1,0.9920697212219238
4533,8,1,0.5816302299499512
4534,2,2,0.7919107675552368
4535,2,6,0.7153236269950867
4536,9,1,0.5642643570899963
4537,3,6,0.6344333291053772
4538,7,5,0.5008067488670349
4539,8,8,0.8718380928039551
4540,9,9,0.9606192708015442
4541,2,2,0.648745059967041
4542,3,4,0.3250077962875366
4543,1,1,0.9009965658187866
4544,7,7,0.9537861347198486
4545,3,4,0.3367390036582947
4546,2,0,0.6681913137435913
4547,3,5,0.4961164593696594
4548,0,0,0.5040574669837952
4549,1,1,0.814887523651123
4550,9,6,0.20572425425052643
4551,5,3,0.4174146354198456
4552,5,5,0.5148351788520813
4553,3,3,0.7361709475517273
4554,4,7,0.6139776706695557
4555,5,7,0.7335809469223022
4556,2,2,0.6005613803863525
4557,0,0,0.9326685070991516
4558,0,0,0.7919321656227112
4559,3,3,0.6284511685371399
4560,1,1,0.9822454452514648
4561,3,5,0.7059721350669861
4562,4,5,0.30485475063323975
4563,7,5,0.6144108772277832
4564,4,4,0.8845768570899963
4565,2,4,0.30486202239990234
4566,8,1,0.9126560688018799
4567,4,4,0.7828957438468933
4568,8,8,0.7982099056243896
4569,9,9,0.7196221351623535
4570,9,3,0.4468795657157898
4571,4,4,0.367173433303833
4572,2,7,0.2644975185394287
4573,4,4,0.524477481842041
4574,3,3,0.2887001931667328
4575,6,6,0.9770888686180115
4576,4,4,0.8995266556739807
4577,6,6,0.355415940284729
4578,4,4,0.9177880883216858
4579,6,6,0.7817327380180359
4580,6,6,0.5201588869094849
4581,3,5,0.44310998916625977
4582,8,1,0.7969292998313904
4583,7,4,0.46032023429870605
4584,4,4,0.4663572609424591
4585,8,0,0.3570220470428467
4586,0,2,0.4646453261375427
4587,5,5,0.4986092448234558
4588,9,9,0.5281120538711548
4589,3,4,0.41586291790008545
4590,9,2,0.9009802341461182
4591,0,0,0.9874287247657776
4592,7,7,0.8201140761375427
4593,5,6,0.3439065217971802
4594,1,1,0.9852429628372192
4595,9,1,0.4449663460254669
4596,7,5,0.733955979347229
4597,9,7,0.34575483202934265
4598,1,1,0.9697422385215759
4599,8,9,0.6676396131515503
4600,4,4,0.30165374279022217
4601,2,2,0.5939860343933105
4602,1,1,0.8926718831062317
4603,6,6,0.6650896668434143
4604,4,4,0.8030211329460144
4605,3,6,0.2944372594356537
4606,0,6,0.6256877779960632
4607,1,1,0.9760619401931763
4608,4,6,0.5742530226707458
4609,8,9,0.5086431503295898
4610,6,6,0.672174334526062
4611,1,1,0.9836065769195557
4612,7,7,0.8690191507339478
4613,1,1,0.7068224549293518
4614,3,7,0.3902242183685303
4615,5,4,0.3552534282207489
4616,4,4,0.9253371953964233
4617,3,2,0.29108521342277527
4618,3,6,0.5488036870956421
4619,9,9,0.43308740854263306
4620,7,7,0.9082452058792114
4621,8,8,0.870966911315918
4622,2,2,0.5027366876602173
4623,5,5,0.47977977991104126
4624,5,5,0.48510071635246277
4625,4,4,0.5405939817428589
4626,5,5,0.810977041721344
4627,4,4,0.5542047619819641
4628,5,5,0.5789909362792969
4629,7,7,0.8125772476196289
4630,2,3,0.3974221646785736
4631,5,5,0.7703206539154053
4632,5,7,0.3765716552734375
4633,1,1,0.9858636260032654
4634,7,5,0.649512529373169
4635,7,7,0.9391997456550598
4636,8,8,0.7760409116744995
4637,3,3,0.5170462131500244
4638,6,6,0.9462807178497314
4639,0,9,0.49238312244415283
4640,2,2,0.9075891971588135
4641,5,5,0.930717408657074
4642,2,2,0.4481346905231476
4643,3,2,0.4906263053417206
4644,7,4,0.2762056887149811
4645,4,4,0.39352595806121826
4646,2,5,0.5208311080932617
4647,1,1,0.9603566527366638
4648,6,6,0.9813054203987122
4649,8,8,0.8555415272712708
4650,6,6,0.9138498306274414
4651,8,8,0.8848230838775635
4652,3,3,0.2858065366744995
4653,2,2,0.926993191242218
4654,7,7,0.5729354619979858
4655,7,5,0.5675883889198303
4656,9,9,0.9659653306007385
4657,7,7,0.9926336407661438
4658,1,1,0.9416141510009766
4659,4,4,0.6414421796798706
4660,7,7,0.23517803847789764
4661,4,3,0.5814445614814758
4662,6,6,0.9478694796562195
4663,1,1,0.9978396892547607
4664,7,7,0.8534834384918213
4665,3,4,0.3952081799507141
4666,0,0,0.9667123556137085
4667,0,8,0.720116138458252
4668,6,6,0.4713336229324341
4669,6,2,0.4016016125679016
4670,8,8,0.8509150147438049
4671,6,6,0.9897443652153015
4672,6,6,0.9189157485961914
4673,0,0,0.8983272910118103
4674,3,3,0.38850241899490356
4675,4,4,0.3859861195087433
4676,7,3,0.24129287898540497
4677,4,4,0.9089144468307495
4678,9,8,0.8877775073051453
4679,4,6,0.5332626700401306
4680,9,9,0.7401888966560364
4681,9,1,0.6546947956085205
4682,3,5,0.5874521136283875
4683,4,4,0.6636642813682556
4684,1,1,0.4310087561607361
4685,4,4,0.40218183398246765
4686,0,8,0.5812856554985046
4687,3,3,0.4772917628288269
4688,7,9,0.38044315576553345
4689,1,1,0.9764449000358582
4690,2,2,0.691616415977478
4691,2,6,0.6458638906478882
4692,8,8,0.6495128273963928
4693,4,7,0.49306410551071167
4694,7,7,0.8459231853485107
4695,8,8,0.8419038653373718
4696,5,3,0.3372386693954468
4697,5,3,0.3306882381439209
4698,6,6,0.9054186940193176
4699,5,2,0.26064997911453247
4700,6,6,0.5533413290977478
4701,0,0,0.910966157913208
4702,6,6,0.8161442279815674
4703,4,6,0.6422587633132935
4704,9,9,0.973142147064209
4705,3,4,0.4197712242603302
4706,2,2,0.4461674392223358
4707,7,9,0.4895121455192566
4708,3,3,0.6716800928115845
4709,8,0,0.3589564859867096
4710,3,3,0.4091871380805969
4711,9,9,0.9560018181800842
4712,4,4,0.655951201915741
4713,1,1,0.9886199235916138
4714,6,6,0.9956324696540833
4715,9,9,0.5759350061416626
4716,9,9,0.8533657789230347
4717,4,4,0.8025095462799072
4718,3,5,0.6045787334442139
4719,9,9,0.9364431500434875
4720,8,0,0.9656704068183899
4721,1,1,0.7977585792541504
4722,6,3,0.4335695803165436
4723,9,9,0.9827401638031006
4724,5,2,0.4149768352508545
4725,9,9,0.8963531851768494
4726,0,0,0.7482818365097046
4727,9,9,0.6999561786651611
4728,7,7,0.9921184778213501
4729,2,2,0.46567127108573914
4730,2,4,0.8970144987106323
4731,4,4,0.8743568062782288
4732,2,6,0.4991384744644165
4733,6,6,0.8121479749679565
4734,4,6,0.8083244562149048
4735,8,8,0.40430980920791626
4736,1,1,0.9959158301353455
4737,9,9,0.960399866104126
4738,5,0,0.35956132411956787
4739,6,6,0.5218497514724731
4740,5,3,0.5039973258972168
4741,1,1,0.9647507667541504
4742,8,8,0.700232207775116
4743,6,6,0.9613898396492004
4744,6,0,0.46932610869407654
4745,7,9,0.27092888951301575
4746,6,6,0.8411418199539185
4747,5,5,0.6513392329216003
4748,0,1,0.5755278468132019
4749,2,2,0.5098764896392822
4750,7,4,0.3680587410926819
4751,6,6,0.7720495462417603
4752,1,4,0.5041361451148987
4753,2,2,0.6373550891876221
4754,3,8,0.7099088430404663
4755,1,1,0.9152008295059204
4756,6,6,0.793368935585022
4757,4,4,0.8564342260360718
4758,9,2,0.30434462428092957
4759,0,0,0.8486817479133606
4760,3,1,0.4818575978279114
4761,9,1,0.4834575951099396
4762,1,1,0.7202747464179993
4763,0,0,0.644058108329773
4764,5,5,0.8364378809928894
4765,3,7,0.294613778591156
4766,1,1,0.9015283584594727
4767,6,6,0.5316882133483887
4768,9,9,0.8710319995880127
4769,8,8,0.982740044593811
4770,9,6,0.614425539970398
4771,0,0,0.9517676830291748
4772,6,6,0.9699796438217163
4773,1,1,0.9883639812469482
4774,6,6,0.6251819133758545
4775,2,5,0.3260628581047058
4776,3,3,0.31345462799072266
4777,5,5,0.5289225578308105
4778,6,6,0.9236329197883606
4779,9,9,0.7465758323669434
4780,0,8,0.6542466282844543
4781,7,7,0.7883674502372742
4782,2,5,0.3401470482349396
4783,4,7,0.5063697695732117
4784,0,8,0.8804190158843994
4785,3,3,0.3926633596420288
4786,6,2,0.3573239743709564
4787,8,8,0.9964620471000671
4788,6,6,0.4629368185997009
4789,9,9,0.8554373979568481
4790,1,1,0.6018438339233398
4791,9,9,0.7797959446907043
4792,0,0,0.5770161151885986
4793,6,1,0.5420653223991394
4794,4,4,0.36467882990837097
4795,5,3,0.4804091155529022
4796,9,9,0.7100580334663391
4797,5,5,0.6242342591285706
4798,4,0,0.4802683889865875
4799,1,9,0.31380680203437805
4800,9,9,0.9659084677696228
4801,2,7,0.6174407601356506
4802,0,0,0.9137985706329346
4803,7,7,0.40187638998031616
4804,3,3,0.6753705143928528
4805,5,5,0.6389951109886169
4806,1,1,0.6435654759407043
4807,8,8,0.8568853139877319
4808,3,5,0.49717971682548523
4809,0,0,0.8562058210372925
4810,5,5,0.9570813179016113
4811,2,0,0.9090369939804077
4812,8,8,0.6057507395744324
4813,8,8,0.9840553998947144
4814,3,4,0.5511133074760437
4815,9,9,0.5010508894920349
4816,6,4,0.5495460033416748
4817,0,0,0.6908566355705261
4818,3,7,0.20500138401985168
4819,5,5,0.7182363271713257
4820,3,5,0.44744712114334106
4821,4,5,0.28425171971321106
4822,1,1,0.9412710666656494
4823,5,4,0.2952352464199066
4824,0,0,0.9673817157745361
4825,7,2,0.36066898703575134
4826,3,2,0.43948644399642944
4827,9,9,0.9128717184066772
4828,4,2,0.49552950263023376
4829,5,3,0.3830738663673401
4830,3,5,0.49903103709220886
4831,1,1,0.9862388968467712
4832,4,6,0.5077855587005615
4833,2,2,0.6079434156417847
4834,4,3,0.4228709638118744
4835,9,9,0.8886746764183044
4836,9,9,0.4317530691623688
4837,7,7,0.9268649816513062
4838,1,1,0.9424408078193665
4839,7,7,0.6943498849868774
4840,0,0,0.48250389099121094
4841,1,1,0.9972721934318542
4842,2,0,0.6175926923751831
4843,1,1,0.998893678188324
4844,5,3,0.4336710274219513
4845,3,3,0.45517268776893616
4846,8,8,0.8958756923675537
4847,4,4,0.393460214138031
4848,1,1,0.9940366744995117
4849,5,5,0.33246105909347534
4850,1,1,0.8282042145729065
4851,9,9,0.9628678560256958
4852,9,0,0.8334253430366516
4853,7,7,0.9762547016143799
4854,0,0,0.5957670211791992
4855,1,1,0.904425323009491
4856,7,7,0.9873821139335632
4857,6,6,0.9959200620651245
4858,2,2,0.7623226046562195
4859,6,6,0.7308477163314819
4860,5,5,0.6589106917381287
4861,0,1,0.4502926468849182
4862,3,0,0.3272911608219147
4863,1,1,0.974199652671814
4864,3,0,0.3768261671066284
4865,8,9,0.6712234616279602
4866,9,9,0.9631442427635193
4867,9,9,0.6674697995185852
4868,0,0,0.39317193627357483
4869,8,8,0.6455151438713074
4870,8,8,0.37761685252189636
4871,7,5,0.373034805059433
4872,9,9,0.5313942432403564
4873,2,8,0.5678724050521851
4874,9,9,0.6604734063148499
4875,1,1,0.9854604601860046
4876,3,3,0.5102227926254272
4877,6,6,0.9926209449768066
4878,7,6,0.43250441551208496
4879,6,6,0.8228086233139038
4880,0,2,0.32701945304870605
4881,8,8,0.9657649993896484
4882,6,6,0.9540106654167175
4883,2,2,0.6550801992416382
4884,4,3,0.4061286747455597
4885,2,2,0.7452566027641296
4886,3,3,0.9353955984115601
4887,5,6,0.44193384051322937
4888,5,5,0.5564467906951904
4889,4,4,0.5733659267425537
4890,1,1,0.9843462705612183
4891,6,6,0.9491528272628784
4892,7,4,0.6901285648345947
4893,1,1,0.9143566489219666
4894,6,6,0.499176025390625
4895,1,1,0.9842624664306641
4896,7,7,0.8443808555603027
4897,1,1,0.7371209859848022
4898,6,6,0.8349288702011108
4899,2,2,0.7019276022911072
4900,3,6,0.6234879493713379
4901,0,0,0.5446668863296509
4902,4,4,0.4750743508338928
4903,2,2,0.43357419967651367
4904,9,9,0.8139034509658813
4905,7,7,0.9958367347717285
4906,5,5,0.5282596945762634
4907,5,5,0.4115709960460663
4908,6,0,0.43724215030670166
4909,0,0,0.7708485126495361
4910,8,9,0.57561856508255
4911,8,1,0.6464191675186157
4912,1,1,0.9716213941574097
4913,1,9,0.7486303448677063
4914,3,3,0.5984165668487549
4915,5,5,0.9586549997329712
4916,6,6,0.8768839836120605
4917,5,2,0.6237258911132812
4918,3,3,0.8204501271247864
4919,8,8,0.9717954993247986
4920,7,7,0.40692463517189026
4921,5,6,0.330074667930603
4922,0,0,0.76205974817276
4923,7,7,0.967815101146698
4924,7,7,0.5902566909790039
4925,5,5,0.7078169584274292
4926,7,5,0.32075971364974976
4927,1,1,0.5968385934829712
4928,9,1,0.5979487895965576
4929,9,1,0.8920356035232544
4930,1,1,0.5833477973937988
4931,9,1,0.4620615839958191
4932,9,7,0.3879297971725464
4933,3,4,0.6990979909896851
4934,5,5,0.6050978899002075
4935,5,5,0.7702575922012329
4936,3,5,0.3058648705482483
4937,0,0,0.7100916504859924
4938,3,9,0.9028477668762207
4939,0,0,0.959234356880188
4940,6,6,0.8521688580513
4941,6,3,0.4099009037017822
4942,5,6,0.5411537289619446
4943,6,4,0.5461762547492981
4944,8,8,0.8583744764328003
4945,9,1,0.8049222826957703
4946,4,6,0.524688184261322
4947,5,3,0.4649532735347748
4948,1,1,0.9544826149940491
4949,1,1,0.941328227519989
4950,2,2,0.6634132266044617
4951,7,2,0.48349303007125854
4952,9,9,0.6762963533401489
4953,0,0,0.9832428097724915
4954,1,1,0.9721691012382507
4955,2,0,0.32713422179222107
4956,5,5,0.7370439171791077
4957,4,4,0.827565610408783
4958,4,4,0.9439152479171753
4959,7,7,0.8047249913215637
4960,4,4,0.6038413643836975
4961,8,8,0.9688647389411926
4962,3,1,0.41227516531944275
4963,3,5,0.4046918749809265
4964,5,4,0.7507796287536621
4965,3,2,0.44195085763931274
4966,5,5,0.6340737342834473
4967,7,2,0.3375904858112335
4968,0,0,0.9454919695854187
4969,1,1,0.9673229455947876
4970,2,6,0.36384034156799316
4971,9,9,0.8988184332847595
4972,8,8,0.8018450140953064
4973,1,1,0.6249101161956787
4974,7,7,0.43898701667785645
4975,3,3,0.45661014318466187
4976,5,5,0.6287142038345337
4977,9,9,0.6381455063819885
4978,1,1,0.8411327004432678
4979,9,6,0.42490866780281067
4980,1,1,0.9178916215896606
4981,1,1,0.6126140356063843
4982,3,5,0.22783760726451874
4983,6,6,0.48315584659576416
4984,7,3,0.46425068378448486
4985,4,5,0.39419806003570557
4986,8,9,0.6922145485877991
4987,3,6,0.530210554599762
4988,5,4,0.473893404006958
4989,6,6,0.8556246161460876
4990,7,5,0.8081769347190857
4991,0,0,0.6161103844642639
4992,1,1,0.996982753276825
4993,7,8,0.6054005026817322
4994,7,7,0.993869423866272
4995,2,5,0.6320160031318665
4996,3,2,0.5396533012390137
4997,3,9,0.42165836691856384
4998,5,5,0.4991476237773895
4999,1,1,0.8224669098854065
5000,7,7,0.9819532632827759
5001,6,6,0.9985826015472412
5002,8,8,0.9134805798530579
5003,4,7,0.5720303654670715
5004,4,4,0.7757200002670288
5005,5,5,0.4331880211830139
5006,7,2,0.49438154697418213
5007,3,3,0.731798529624939
5008,4,4,0.9251022338867188
5009,7,7,0.47121065855026245
5010,7,7,0.8682839274406433
5011,3,6,0.30855315923690796
5012,6,6,0.9112915992736816
5013,0,2,0.7269909381866455
5014,7,7,0.8351424336433411
5015,2,2,0.7334141731262207
5016,6,4,0.34829533100128174
5017,7,7,0.3412170708179474
5018,4,4,0.4343068301677704
5019,1,1,0.9066857099533081
5020,8,8,0.9339829683303833
5021,0,0,0.9612950682640076
5022,2,2,0.5998633503913879
5023,2,6,0.6633388996124268
5024,1,9,0.5724258422851562
5025,5,5,0.7117066383361816
5026,4,4,0.6126546859741211
5027,0,1,0.47845929861068726
5028,9,1,0.7827975153923035
5029,3,6,0.4626027047634125
5030,4,9,0.3973900079727173
5031,4,0,0.5680549740791321
5032,2,2,0.7216598987579346
5033,3,7,0.47048133611679077
5034,8,0,0.5248653292655945
5035,5,5,0.6957660913467407
5036,0,0,0.47673216462135315
5037,0,1,0.456758975982666
5038,4,3,0.4295278787612915
5039,6,6,0.994519054889679
5040,3,3,0.43538105487823486
5041,9,1,0.5125714540481567
5042,2,2,0.6135162115097046
5043,0,9,0.46147897839546204
5044,5,5,0.5309840440750122
5045,7,7,0.5404543876647949
5046,5,5,0.3859971761703491
5047,5,5,0.7791992425918579
5048,1,9,0.47323718667030334
5049,7,7,0.8532463908195496
5050,3,3,0.4817061424255371
5051,1,1,0.9689788818359375
5052,6,6,0.49655672907829285
5053,7,5,0.46182265877723694
5054,9,9,0.9977363348007202
5055,0,0,0.9956620335578918
5056,1,1,0.41514769196510315
5057,2,2,0.6095466613769531
5058,1,1,0.672240674495697
5059,4,4,0.742957592010498
5060,6,6,0.8452248573303223
5061,1,1,0.33713409304618835
5062,5,5,0.4338107109069824
5063,9,9,0.5491893291473389
5064,5,5,0.9267898797988892
5065,0,0,0.6141480207443237
5066,4,4,0.8318865895271301
5067,9,1,0.9924905896186829
5068,4,2,0.5448548197746277
5069,9,9,0.9473190903663635
5070,7,3,0.3851206302642822
5071,1,1,0.6482515335083008
5072,6,4,0.491978257894516
5073,8,8,0.942091703414917
5074,0,4,0.26476380228996277
5075,6,6,0.30731454491615295
5076,5,5,0.5693448185920715
5077,0,0,0.8314169049263
5078,8,8,0.9518073201179504
5079,1,1,0.9836317300796509
5080,7,7,0.6981642246246338
5081,5,5,0.7089855670928955
5082,6,6,0.470058798789978
5083,9,1,0.8416966199874878
5084,3,3,0.41180649399757385
5085,2,2,0.5684519410133362
5086,3,5,0.4611668884754181
5087,9,9,0.44170892238616943
5088,8,5,0.7687863111495972
5089,6,6,0.9448165893554688
5090,1,1,0.8706387877464294
5091,0,0,0.6940391063690186
5092,9,1,0.70086669921875
5093,0,8,0.780758261680603
5094,9,9,0.4599141478538513
5095,8,8,0.933141827583313
5096,7,7,0.5912969708442688
5097,7,3,0.3864107131958008
5098,5,2,0.5488528609275818
5099,2,2,0.5732341408729553
5100,3,4,0.38543015718460083
5101,5,5,0.852756142616272
5102,5,4,0.6347870230674744
5103,7,9,0.5106545686721802
5104,8,8,0.8581238985061646
5105,7,7,0.41977521777153015
5106,6,2,0.401560515165329
5107,9,1,0.7454860210418701
5108,1,1,0.6446371078491211
5109,9,9,0.9022762179374695
5110,8,8,0.9624520540237427
5111,6,6,0.9387835264205933
5112,5,2,0.2628747820854187
5113,6,4,0.6095765829086304
5114,7,7,0.7708803415298462
5115,5,5,0.607504665851593
5116,6,6,0.8726801872253418
5117,7,7,0.523628830909729
5118,2,2,0.6743167042732239
5119,5,0,0.302563339471817
5120,9,9,0.7209258675575256
5121,6,6,0.9710851311683655
5122,6,6,0.3729569911956787
5123,7,2,0.7078694701194763
5124,0,0,0.9913731217384338
5125,1,1,0.9610926508903503
5126,0,2,0.4198002517223358
5127,1,1,0.6132384538650513
5128,3,4,0.5633651614189148
5129,2,6,0.786410391330719
5130,5,5,0.2171424925327301
5131,6,6,0.868205189704895
5132,1,1,0.9546110033988953
5133,2,2,0.8622332811355591
5134,5,6,0.6094233393669128
5135,1,1,0.8795716762542725
5136,9,9,0.49488118290901184
5137,9,9,0.8204538226127625
5138,8,8,0.9607692360877991
5139,6,6,0.9336949586868286
5140,8,8,0.8808596730232239
5141,6,6,0.7012326121330261
5142,8,8,0.6946940422058105
5143,9,9,0.9113263487815857
5144,0,7,0.44125717878341675
5145,4,4,0.9498652815818787
5146,0,2,0.41413989663124084
5147,3,3,0.38855090737342834
5148,3,5,0.5873367786407471
5149,6,6,0.9056380391120911
5150,4,4,0.38271641731262207
5151,9,4,0.27109313011169434
5152,9,8,0.272091269493103
5153,7,7,0.43796640634536743
5154,2,2,0.5218453407287598
5155,3,5,0.5833621025085449
5156,5,8,0.6898062229156494
5157,6,6,0.7959880232810974
5158,4,4,0.8351708650588989
5159,6,6,0.6781370043754578
5160,0,0,0.5893226861953735
5161,3,3,0.4686497747898102
5162,7,5,0.7634438872337341
5163,5,3,0.6897082924842834
5164,0,8,0.5140551924705505
5165,2,4,0.4534648060798645
5166,9,7,0.20728088915348053
5167,2,2,0.8465806245803833
5168,7,7,0.9811035394668579
5169,2,2,0.7892588973045349
5170,9,9,0.4886302053928375
5171,2,2,0.5433370471000671
5172,4,7,0.4473583698272705
5173,0,0,0.9163932800292969
5174,6,6,0.9117345809936523
5175,6,1,0.43952634930610657
5176,3,2,0.5511186718940735
5177,4,2,0.5240422487258911
5178,5,5,0.8025977611541748
5179,5,5,0.6658823490142822
5180,9,9,0.4150155484676361
5181,1,1,0.9621126055717468
5182,1,0,0.2815954387187958
5183,4,4,0.7645052075386047
5184,4,3,0.4335964620113373
5185,3,3,0.5502733588218689
5186,5,5,0.6421421766281128
5187,4,4,0.5908061861991882
5188,8,8,0.9558748006820679
5189,0,8,0.5620362758636475
5190,0,0,0.8154762983322144
5191,3,3,0.6880356669425964
5192,9,1,0.7967202663421631
5193,4,2,0.5424591302871704
5194,7,2,0.331297904253006
5195,4,4,0.8348855972290039
5196,2,8,0.7279574871063232
5197,8,8,0.34523776173591614
5198,3,4,0.21657636761665344
5199,6,6,0.8372763991355896
5200,3,3,0.5548506379127502
5201,1,1,0.45845305919647217
5202,9,1,0.5328803658485413
5203,6,6,0.32890501618385315
5204,3,3,0.4306284487247467
5205,8,8,0.4463516175746918
5206,3,0,0.2572283446788788
5207,8,8,0.3538663685321808
5208,4,4,0.9189562797546387
5209,7,7,0.911449134349823
5210,5,5,0.6140841245651245
5211,7,5,0.3336201310157776
5212,5,3,0.48404553532600403
5213,3,3,0.36558353900909424
5214,1,1,0.5652645826339722
5215,2,1,0.4003436863422394
5216,6,6,0.6700332760810852
5217,1,1,0.9917245507240295
5218,3,5,0.3275738060474396
5219,2,4,0.36621060967445374
5220,0,0,0.945013701915741
5221,7,7,0.8415526747703552
5222,5,3,0.30081111192703247
5223,0,0,0.9626243710517883
5224,0,0,0.5559573769569397
5225,0,0,0.9139029383659363
5226,1,1,0.9757023453712463
5227,4,6,0.5321400761604309
5228,3,3,0.4065804183483124
5229,5,5,0.7969855666160583
5230,8,8,0.9198795557022095
5231,4,4,0.5785438418388367
5232,3,5,0.46026748418807983
5233,1,9,0.7970396280288696
5234,7,7,0.6815287470817566
5235,1,6,0.47875121235847473
5236,0,0,0.8732259273529053
5237,4,2,0.35669031739234924
5238,2,0,0.5825748443603516
5239,4,4,0.9085419774055481
5240,1,9,0.42586979269981384
5241,4,6,0.7306559085845947
5242,0,0,0.8081361651420593
5243,1,1,0.9850897789001465
5244,2,2,0.8999716639518738
5245,1,1,0.9922974705696106
5246,7,7,0.6720452904701233
5247,7,7,0.8654245734214783
5248,9,9,0.9780411124229431
5249,8,8,0.822918713092804
5250,7,7,0.7255924940109253
5251,5,5,0.624273419380188
5252,4,4,0.9498655200004578
5253,0,0,0.6659078598022461
5254,9,9,0.7986032962799072
5255,0,0,0.7950899004936218
5256,0,0,0.9382740259170532
5257,8,8,0.559157133102417
5258,2,2,0.6200154423713684
5259,0,8,0.25735387206077576
5260,0,0,0.9799802303314209
5261,2,9,0.5426434278488159
5262,4,4,0.5104037523269653
5263,8,8,0.9693579077720642
5264,6,6,0.9313094615936279
5265,2,2,0.618976354598999
5266,4,4,0.869425356388092
5267,6,6,0.744232177734375
5268,3,0,0.2732340097427368
5269,5,2,0.36909523606300354
5270,1,1,0.9935269355773926
5271,5,5,0.5148109197616577
5272,3,4,0.4825965464115143
5273,7,7,0.441796213388443
5274,2,2,0.4254765808582306
5275,2,2,0.37909674644470215
5276,9,9,0.7982165813446045
5277,8,0,0.3689366579055786
5278,0,8,0.40857580304145813
5279,0,0,0.871408224105835
5280,0,9,0.7897093892097473
5281,3,6,0.6235932111740112
5282,4,4,0.8545010685920715
5283,4,7,0.353941410779953
5284,6,6,0.9152328372001648
5285,1,1,0.8996989727020264
5286,6,6,0.9945730566978455
5287,7,5,0.625159740447998
5288,4,4,0.6385469436645508
5289,4,5,0.4447983503341675
5290,3,5,0.5728671550750732
5291,9,9,0.7845108509063721
5292,4,7,0.4138314127922058
5293,0,0,0.8385365605354309
5294,8,8,0.9607307314872742
5295,0,0,0.7488766312599182
5296,4,4,0.5815471410751343
5297,6,6,0.7383731007575989
5298,5,3,0.5698011517524719
5299,7,7,0.991084098815918
5300,9,9,0.901381254196167
5301,7,7,0.8649727702140808
5302,0,0,0.8953021764755249
5303,5,5,0.6249222159385681
5304,7,4,0.5597062706947327
5305,7,2,0.30695775151252747
5306,3,3,0.4087561070919037
5307,1,1,0.8644723296165466
5308,9,2,0.24319830536842346
5309,3,3,0.5158829689025879
5310,0,0,0.5863737463951111
5311,9,7,0.3932175636291504
5312,5,5,0.7788593173027039
5313,3,3,0.38279423117637634
5314,7,7,0.30902963876724243
5315,9,9,0.9411692023277283
5316,4,4,0.6149066090583801
5317,4,4,0.9081860184669495
5318,1,0,0.4111841022968292
5319,7,7,0.842958927154541
5320,7,3,0.42564335465431213
5321,1,1,0.7800869345664978
5322,4,4,0.7933250069618225
5323,1,1,0.9949231743812561
5324,2,9,0.49648603796958923
5325,8,8,0.9710120558738708
5326,7,7,0.621854305267334
5327,0,0,0.416180819272995
5328,0,0,0.4130786955356598
5329,4,0,0.46721506118774414
5330,7,7,0.29680439829826355
5331,2,2,0.8879409432411194
5332,9,9,0.8613215684890747
5333,7,7,0.952244222164154
5334,6,6,0.44891420006752014
5335,9,1,0.6323062777519226
5336,3,6,0.8245879411697388
5337,5,3,0.3613280653953552
5338,8,1,0.4706246256828308
5339,0,9,0.26669740676879883
5340,3,4,0.722410261631012
5341,6,6,0.7897551655769348
5342,8,3,0.1881323754787445
5343,3,3,0.5930314064025879
5344,2,3,0.24319365620613098
5345,4,4,0.756465494632721
5346,7,4,0.48155155777931213
5347,1,1,0.832529604434967
5348,1,1,0.9186819791793823
5349,3,3,0.5053995251655579
5350,9,9,0.7927100658416748
5351,7,5,0.4973703920841217
5352,5,3,0.47630324959754944
5353,1,1,0.9844956398010254
5354,0,8,0.8200558423995972
5355,8,8,0.8454453945159912
5356,7,7,0.9876431226730347
5357,0,0,0.45732948184013367
5358,1,8,0.474140465259552
5359,6,6,0.9544073939323425
5360,9,9,0.6671522259712219
5361,3,9,0.23590047657489777
5362,2,4,0.4392331838607788
5363,7,7,0.7266722917556763
5364,7,7,0.4490406811237335
5365,8,6,0.33895671367645264
5366,1,1,0.539701521396637
5367,0,0,0.6035677790641785
5368,3,5,0.3466852009296417
5369,4,4,0.5801182389259338
5370,6,3,0.3898836374282837
5371,7,7,0.5296052694320679
5372,5,8,0.9818251729011536
5373,2,1,0.7453758120536804
5374,0,8,0.8427472710609436
5375,1,1,0.8487216830253601
5376,5,5,0.8402895331382751
5377,5,5,0.40025192499160767
5378,1,3,0.43243473768234253
5379,4,3,0.4975084960460663
5380,1,9,0.598680317401886
5381,3,3,0.40575629472732544
5382,0,0,0.5483334064483643
5383,8,8,0.789282500743866
5384,6,6,0.9701305031776428
5385,2,7,0.29814380407333374
5386,1,1,0.9923732876777649
5387,3,6,0.4874303936958313
5388,6,6,0.7577954530715942
5389,4,4,0.618048906326294
5390,1,1,0.9866190552711487
5391,9,9,0.7685880064964294
5392,0,9,0.7724909782409668
5393,4,7,0.8055709600448608
5394,1,1,0.9828662276268005
5395,0,8,0.44114479422569275
5396,1,1,0.8348132967948914
5397,9,8,0.43564659357070923
5398,8,8,0.3146170973777771
5399,6,3,0.46973803639411926
5400,9,1,0.47610417008399963
5401,2,0,0.8021352291107178
5402,4,4,0.715471625328064
5403,7,7,0.5145115256309509
5404,2,4,0.3647673726081848
5405,2,0,0.7400354146957397
5406,7,7,0.9313862919807434
5407,4,7,0.6448031663894653
5408,9,9,0.6655788421630859
5409,1,1,0.845508873462677
5410,3,7,0.3990192115306854
5411,2,6,0.7241849303245544
5412,6,6,0.978482186794281
5413,3,5,0.9058038592338562
5414,4,4,0.9664634466171265
5415,4,4,0.786223828792572
5416,9,1,0.9951850771903992
5417,4,3,0.5183490514755249
5418,8,8,0.9644252061843872
5419,2,6,0.9753292798995972
5420,6,6,0.9915949702262878
5421,6,6,0.7188194394111633
5422,1,1,0.8038094639778137
5423,6,6,0.9864365458488464
5424,3,5,0.4338213801383972
5425,6,3,0.2566108703613281
5426,5,5,0.46726617217063904
5427,8,8,0.6816077828407288
5428,4,6,0.4866885840892792
5429,6,6,0.9433729648590088
5430,7,7,0.37590867280960083
5431,1,1,0.9461279511451721
5432,9,7,0.3321683406829834
5433,3,5,0.6952282786369324
5434,6,6,0.32187920808792114
5435,7,4,0.7535945773124695
5436,6,6,0.6765108704566956
5437,0,0,0.5588064193725586
5438,7,4,0.4860115945339203
5439,1,1,0.9972993731498718
5440,9,9,0.7274987697601318
5441,5,7,0.5785984396934509
5442,2,4,0.38674792647361755
5443,6,6,0.8297730684280396
5444,7,7,0.46538156270980835
5445,7,7,0.8998081088066101
5446,6,2,0.7059866189956665
5447,5,5,0.4509744346141815
5448,9,9,0.7368860244750977
5449,1,1,0.9988793730735779
5450,5,3,0.5188794732093811
5451,6,6,0.945651650428772
5452,0,0,0.9345663785934448
5453,2,2,0.5656077861785889
5454,0,0,0.9294567108154297
5455,9,7,0.22649915516376495
5456,1,1,0.505623996257782
5457,8,8,0.967969536781311
5458,3,6,0.5762823820114136
5459,5,5,0.27498024702072144
5460,0,3,0.4551701247692108
5461,0,0,0.38918381929397583
5462,0,3,0.32583385705947876
5463,5,5,0.719502329826355
5464,7,7,0.5183774828910828
5465,7,7,0.46203771233558655
5466,8,8,0.8746424913406372
5467,5,5,0.7240241169929504
5468,5,5,0.5715612173080444
5469,5,3,0.5687508583068848
5470,1,1,0.972931444644928
5471,6,6,0.9507733583450317
5472,1,1,0.8877933025360107
5473,5,5,0.6452887058258057
5474,1,1,0.9706594944000244
5475,0,0,0.8657825589179993
5476,6,6,0.9408491253852844
5477,2,2,0.4618137776851654
5478,3,3,0.6640558838844299
5479,2,2,0.5455451607704163
5480,1,1,0.8971030712127686
5481,7,5,0.3134068548679352
5482,5,5,0.28295764327049255
5483,1,1,0.9655898213386536
5484,9,9,0.840247631072998
5485,8,8,0.8726716041564941
5486,3,2,0.4326959550380707
5487,6,6,0.37471291422843933
5488,9,9,0.8952867984771729
5489,7,7,0.8548775911331177
5490,3,5,0.4392733573913574
5491,0,0,0.9258661270141602
5492,2,0,0.33813226222991943
5493,3,5,0.6294859647750854
5494,9,9,0.9501559734344482
5495,4,7,0.49306729435920715
5496,4,6,0.8099117875099182
5497,3,4,0.37743616104125977
5498,9,1,0.8151273727416992
5499,6,6,0.8632557392120361
5500,8,8,0.7871541976928711
5501,6,6,0.9612577557563782
5502,6,6,0.9785943627357483
5503,8,8,0.7475374341011047
5504,5,2,0.4310077428817749
5505,4,6,0.49635300040245056
5506,3,4,0.4845501482486725
5507,6,6,0.927230179309845
5508,7,7,0.8860460519790649
5509,7,7,0.8500217795372009
5510,4,4,0.8985921144485474
5511,3,6,0.9703325033187866
5512,9,7,0.34800243377685547
5513,6,6,0.9591965079307556
5514,2,2,0.7313985228538513
5515,4,4,0.41460567712783813
5516,0,0,0.48877912759780884
5517,1,5,0.5481870174407959
5518,3,8,0.3144276440143585
5519,6,6,0.8404936194419861
5520,4,6,0.4926610589027405
5521,9,9,0.786443829536438
5522,2,5,0.5221492052078247
5523,6,6,0.8286175727844238
5524,0,8,0.5386777520179749
5525,3,4,0.36753079295158386
5526,8,8,0.9895442724227905
5527,7,7,0.5474008917808533
5528,5,5,0.4656575322151184
5529,3,7,0.3840976655483246
5530,3,6,0.6223394870758057
5531,8,8,0.9958822727203369
5532,3,5,0.5420780777931213
5533,2,2,0.7775245308876038
5534,6,2,0.4881215989589691
5535,3,3,0.5217039585113525
5536,6,7,0.23128315806388855
5537,2,5,0.5536149740219116
5538,7,4,0.6596231460571289
5539,4,3,0.4639861583709717
5540,5,2,0.4213040769100189
5541,7,7,0.9928903579711914
5542,9,9,0.9551635980606079
5543,0,0,0.9766602516174316
5544,0,1,0.5234116911888123
5545,6,6,0.8073478937149048
5546,7,7,0.958389937877655
5547,2,2,0.3928947150707245
5548,8,0,0.602725625038147
5549,5,3,0.3333054482936859
5550,5,5,0.6708768606185913
5551,7,7,0.21063894033432007
5552,5,5,0.5190736651420593
5553,5,5,0.719521164894104
5554,9,5,0.329251229763031
5555,4,3,0.36092737317085266
5556,6,6,0.3971159756183624
5557,4,6,0.27217891812324524
5558,7,5,0.33557233214378357
5559,3,2,0.5615875124931335
5560,3,5,0.5415782928466797
5561,6,6,0.9901111721992493
5562,4,7,0.5327571630477905
5563,1,9,0.30697062611579895
5564,6,6,0.9661015868186951
5565,3,3,0.39408260583877563
5566,1,1,0.9073065519332886
5567,6,6,0.7308060526847839
5568,7,7,0.9612748026847839
5569,0,0,0.46573957800865173
5570,5,5,0.5155959725379944
5571,0,7,0.8479165434837341
5572,1,1,0.9816464781761169
5573,9,7,0.2582077980041504
5574,7,7,0.9857110381126404
5575,3,3,0.41638538241386414
5576,5,5,0.48182156682014465
5577,2,2,0.3934350311756134
5578,3,3,0.5433388352394104
5579,9,9,0.8929311037063599
5580,5,3,0.4897809624671936
5581,6,5,0.26041704416275024
5582,4,3,0.5232782959938049
5583,0,0,0.7972882986068726
5584,0,0,0.9600763916969299
5585,0,2,0.46109646558761597
5586,8,8,0.8904624581336975
5587,0,0,0.9571934342384338
5588,3,3,0.6643760204315186
5589,2,2,0.7136211395263672
5590,4,4,0.8291558027267456
5591,5,5,0.4980855882167816
5592,3,5,0.4913058876991272
5593,7,7,0.9429256319999695
5594,9,8,0.6299415826797485
5595,6,6,0.893604040145874
5596,9,9,0.8840444684028625
5597,3,8,0.6599304676055908
5598,1,1,0.9951357245445251
5599,2,2,0.6198046803474426
5600,6,3,0.4404110908508301
5601,7,7,0.8195047378540039
5602,4,4,0.8217835426330566
5603,5,4,0.5783759355545044
5604,1,1,0.9937230944633484
5605,3,5,0.45921188592910767
5606,7,7,0.5021018385887146
5607,6,1,0.5642508268356323
5608,9,9,0.8949704170227051
5609,5,8,0.4039062559604645
5610,8,8,0.31814178824424744
5611,5,5,0.4077865481376648
5612,8,8,0.911611020565033
5613,5,5,0.27887672185897827
5614,8,8,0.9768775701522827
5615,5,5,0.3482680916786194
5616,6,6,0.9862610697746277
5617,5,5,0.8666781187057495
5618,0,9,0.44778457283973694
5619,8,8,0.5521288514137268
5620,3,2,0.429679274559021
5621,8,9,0.70362788438797
5622,1,1,0.2853609621524811
5623,8,8,0.9021729230880737
5624,1,1,0.9985107779502869
5625,5,5,0.7364029288291931
5626,0,0,0.8565490245819092
5627,9,9,0.9399513602256775
5628,8,1,0.993956446647644
5629,6,6,0.7999874949455261
5630,3,4,0.4654133915901184
5631,6,3,0.21443554759025574
5632,3,7,0.46249279379844666
5633,4,4,0.3194800317287445
5634,4,2,0.6114432215690613
5635,7,7,0.9024397730827332
5636,4,4,0.6871336698532104
5637,7,7,0.8005833625793457
5638,4,4,0.4740109145641327
5639,3,1,0.6968060731887817
5640,2,5,0.4848631024360657
5641,4,6,0.46344247460365295
5642,5,7,0.7917962670326233
5643,5,5,0.7052679061889648
5644,7,7,0.6093035936355591
5645,5,3,0.2848077118396759
5646,4,8,0.937361478805542
5647,5,3,0.5055851936340332
5648,8,8,0.4549243152141571
5649,0,0,0.3610338866710663
5650,5,3,0.29594886302948
5651,4,4,0.7385151982307434
5652,0,0,0.7792176008224487
5653,5,5,0.6980114579200745
5654,4,4,0.7577894330024719
5655,3,7,0.4367523491382599
5656,3,2,0.31587594747543335
5657,2,2,0.5361621975898743
5658,4,4,0.680952250957489
5659,2,2,0.3149954676628113
5660,9,9,0.665738582611084
5661,4,7,0.5009093284606934
5662,8,8,0.4142310619354248
5663,8,8,0.933466911315918
5664,6,6,0.7331381440162659
5665,2,0,0.7010226845741272
5666,6,6,0.974563479423523
5667,1,1,0.7112194895744324
5668,7,7,0.9952875375747681
5669,0,0,0.49538126587867737
5670,4,6,0.4178297221660614
5671,3,3,0.508668839931488
5672,8,8,0.9632019996643066
5673,5,5,0.7435997128486633
5674,9,9,0.3482741713523865
5675,7,7,0.7650296688079834
5676,6,6,0.7711317539215088
5677,7,7,0.7812268733978271
5678,1,8,0.34664613008499146
5679,0,0,0.7754070162773132
5680,2,3,0.42503270506858826
5681,3,5,0.5825546383857727
5682,5,5,0.659067690372467
5683,6,6,0.8415269255638123
5684,7,7,0.4775390625
5685,1,1,0.9926828742027283
5686,6,6,0.42860332131385803
5687,2,0,0.3911783993244171
5688,8,8,0.9905062317848206
5689,3,6,0.6966408491134644
5690,7,7,0.6568973660469055
5691,2,3,0.3608638346195221
5692,5,5,0.8289084434509277
5693,7,7,0.8304027915000916
5694,5,5,0.5389407277107239
5695,7,7,0.9314666390419006
5696,7,7,0.9204865097999573
5697,1,1,0.9817958474159241
5698,7,7,0.36788928508758545
5699,4,4,0.8757785558700562
5700,3,4,0.27169084548950195
5701,3,3,0.5010064840316772
5702,4,4,0.43072739243507385
5703,0,1,0.8063402771949768
5704,4,4,0.7965112328529358
5705,2,2,0.5619221925735474
5706,7,7,0.9977078437805176
5707,0,0,0.7782177329063416
5708,2,5,0.5825652480125427
5709,2,5,0.5325329899787903
5710,6,6,0.7291038632392883
5711,6,6,0.9797250628471375
5712,2,2,0.9201257824897766
5713,5,5,0.7808934450149536
5714,2,2,0.32345089316368103
5715,6,6,0.5701184868812561
5716,0,0,0.8992323875427246
5717,6,6,0.3106553256511688
5718,1,1,0.8865703344345093
5719,2,5,0.7052085399627686
5720,9,9,0.9879823327064514
5721,0,0,0.7082070112228394
5722,0,0,0.8328652381896973
5723,1,1,0.9868740439414978
5724,5,5,0.6780387759208679
5725,5,3,0.4435591399669647
5726,1,1,0.9531903862953186
5727,6,6,0.9446486830711365
5728,7,7,0.7509528994560242
5729,8,8,0.6085512638092041
5730,5,1,0.3837008774280548
5731,6,6,0.48407790064811707
5732,3,3,0.25875553488731384
5733,3,5,0.42882809042930603
5734,6,6,0.8791239857673645
5735,0,0,0.9296107888221741
5736,9,9,0.5766701102256775
5737,9,9,0.87668377161026
5738,2,2,0.674494743347168
5739,2,6,0.56741863489151
5740,6,6,0.8289872407913208
5741,1,1,0.8469769358634949
5742,4,4,0.4442715346813202
5743,6,6,0.8904092907905579
5744,2,2,0.7104012966156006
5745,5,5,0.5479966402053833
5746,7,7,0.9749783277511597
5747,8,8,0.8575482964515686
5748,8,8,0.9716108441352844
5749,5,3,0.6056391596794128
5750,6,6,0.8266087174415588
5751,4,4,0.7174658179283142
5752,3,0,0.33223092555999756
5753,2,2,0.5324504971504211
5754,3,5,0.5255030989646912
5755,4,4,0.5054731965065002
5756,4,2,0.4117913544178009
5757,4,4,0.7415817379951477
5758,8,8,0.5947571992874146
5759,9,9,0.8228487968444824
5760,2,2,0.8308790326118469
5761,6,6,0.964463472366333
5762,0,8,0.950433611869812
5763,9,9,0.8276563286781311
5764,7,7,0.992225170135498
5765,9,9,0.7268550395965576
5766,8,8,0.9666281938552856
5767,7,7,0.9602175951004028
5768,7,7,0.5979365706443787
5769,3,3,0.5888011455535889
5770,8,8,0.9980205297470093
5771,2,2,0.6797469258308411
5772,9,9,0.7922291159629822
5773,3,3,0.4018816649913788
5774,5,3,0.401447057723999
5775,7,7,0.4344576895236969
5776,5,5,0.3717694878578186
5777,8,8,0.9944174289703369
5778,7,7,0.9395443201065063
5779,3,3,0.4047234356403351
5780,7,7,0.9935426712036133
5781,0,0,0.35652047395706177
5782,7,7,0.9852827787399292
5783,1,1,0.3489380180835724
5784,6,6,0.5385399460792542
5785,2,2,0.8648724555969238
5786,4,2,0.40141811966896057
5787,0,9,0.5328088998794556
5788,0,0,0.8633559942245483
5789,2,5,0.561550498008728
5790,9,9,0.6307738423347473
5791,8,8,0.7022354006767273
5792,2,2,0.3754621744155884
5793,8,8,0.9372551441192627
5794,7,7,0.4106751084327698
5795,7,7,0.5106977820396423
5796,5,3,0.348537802696228
5797,5,2,0.48080936074256897
5798,0,0,0.6913692951202393
5799,1,1,0.4655359089374542
5800,2,2,0.4093172252178192
5801,9,1,0.8876782059669495
5802,6,6,0.37781375646591187
5803,1,1,0.9642521739006042
5804,0,0,0.8215338587760925
5805,1,1,0.7218049168586731
5806,0,0,0.7096151113510132
5807,6,6,0.9404472708702087
5808,5,5,0.7770140767097473
5809,0,0,0.37894207239151
5810,5,5,0.9073585867881775
5811,7,5,0.503260612487793
5812,4,4,0.37340691685676575
5813,4,4,0.7468765377998352
5814,8,8,0.9316263794898987
5815,3,2,0.3958589732646942
5816,5,5,0.4385947585105896
5817,3,4,0.3416348099708557
5818,7,7,0.973075807094574
5819,2,0,0.7750862240791321
5820,5,5,0.7518590688705444
5821,8,4,0.4556671977043152
5822,3,1,0.311698853969574
5823,5,5,0.8675905466079712
5824,7,7,0.5583130121231079
5825,3,6,0.3485707938671112
5826,7,7,0.47195321321487427
5827,0,0,0.5651586055755615
5828,5,5,0.8269628882408142
5829,4,4,0.7195975184440613
5830,5,5,0.31442660093307495
5831,6,6,0.4841671884059906
5832,9,8,0.3467006981372833
5833,3,4,0.45427635312080383
5834,5,5,0.8284667730331421
5835,3,4,0.3668968677520752
5836,8,1,0.41066882014274597
5837,2,3,0.5873077511787415
5838,4,1,0.30656781792640686
5839,2,6,0.3293808698654175
5840,2,2,0.5241589546203613
5841,6,6,0.9520660042762756
5842,7,2,0.35911187529563904
5843,6,6,0.9778698086738586
5844,0,0,0.9079537987709045
5845,5,5,0.9732909798622131
5846,5,5,0.7086108326911926
5847,8,8,0.7542102932929993
5848,4,7,0.4306834638118744
5849,5,5,0.24400894343852997
5850,6,2,0.8965353965759277
5851,1,1,0.8799264430999756
5852,3,3,0.6095386743545532
5853,5,5,0.4095163345336914
5854,4,4,0.33736857771873474
5855,7,2,0.4588029980659485
5856,3,5,0.8099662065505981
5857,0,8,0.6613989472389221
5858,7,7,0.9941370487213135
5859,2,2,0.6823151111602783
5860,0,0,0.8929885625839233
5861,1,1,0.4207429587841034
5862,2,5,0.33852216601371765
5863,4,4,0.7371527552604675
5864,9,1,0.5095716118812561
5865,6,6,0.7344603538513184
5866,4,4,0.9275954365730286
5867,5,5,0.49369773268699646
5868,9,8,0.6190795302391052
5869,7,7,0.24815697968006134
5870,7,7,0.42898717522621155
5871,6,4,0.2503480017185211
5872,7,5,0.327025830745697
5873,4,5,0.3211812973022461
5874,3,3,0.2809782922267914
5875,1,1,0.9942356944084167
5876,6,6,0.39731550216674805
5877,9,9,0.9261144995689392
5878,4,2,0.4847525954246521
5879,8,1,0.6336804032325745
5880,0,8,0.6665537357330322
5881,3,5,0.6744464039802551
5882,1,9,0.6006033420562744
5883,6,6,0.6102599501609802
5884,4,4,0.460227906703949
5885,4,4,0.9343150854110718
5886,2,2,0.4153333008289337
5887,1,1,0.9896426796913147
5888,4,5,0.4445432126522064
5889,6,6,0.4838676452636719
5890,3,5,0.4307037591934204
5891,0,2,0.5072364807128906
5892,8,8,0.8244248628616333
5893,9,0,0.5306196212768555
5894,7,7,0.6649115681648254
5895,6,6,0.9799863696098328
5896,8,9,0.6881455183029175
5897,4,4,0.9514997005462646
5898,8,8,0.8107502460479736
5899,1,1,0.9994478821754456
5900,4,2,0.21756762266159058
5901,5,5,0.22496680915355682
5902,9,9,0.9706951975822449
5903,4,0,0.6369830965995789
5904,7,6,0.27602440118789673
5905,1,1,0.8460220098495483
5906,4,4,0.9457123875617981
5907,5,5,0.3368699848651886
5908,3,2,0.38223975896835327
5909,1,1,0.8113228678703308
5910,2,8,0.2543586194515228
5911,6,6,0.9033989906311035
5912,4,4,0.48073452711105347
5913,7,7,0.990983247756958
5914,1,1,0.9629830718040466
5915,5,3,0.49069589376449585
5916,9,9,0.6805115342140198
5917,3,4,0.5776652097702026
5918,1,1,0.9777050614356995
5919,4,0,0.31598663330078125
5920,8,8,0.7217539548873901
5921,7,7,0.32771971821784973
5922,7,7,0.5664299726486206
5923,0,1,0.5549347400665283
5924,4,4,0.3808141350746155
5925,3,7,0.6351538896560669
5926,4,2,0.37387412786483765
5927,6,6,0.6457064151763916
5928,7,7,0.6759305596351624
5929,7,7,0.9759097695350647
5930,5,2,0.5438193678855896
5931,4,4,0.48615527153015137
5932,4,4,0.4880654215812683
5933,4,4,0.37151798605918884
5934,3,7,0.8016771674156189
5935,6,6,0.9974247217178345
5936,6,6,0.837155282497406
5937,1,1,0.9886946082115173
5938,9,9,0.790941059589386
5939,9,1,0.5992383360862732
5940,7,2,0.41809555888175964
5941,9,9,0.8600561022758484
5942,4,4,0.864222526550293
5943,3,7,0.5200642347335815
5944,2,2,0.7168273329734802
5945,9,0,0.7220805883407593
5946,8,3,0.3107885718345642
5947,5,5,0.872038722038269
5948,0,0,0.6082146763801575
5949,6,6,0.9982407093048096
5950,9,1,0.7660608291625977
5951,0,0,0.9972499012947083
5952,9,9,0.7463921308517456
5953,7,7,0.45041000843048096
5954,8,8,0.9152463674545288
5955,5,4,0.6002001762390137
5956,4,4,0.44963306188583374
5957,4,6,0.56141597032547
5958,9,9,0.7964962720870972
5959,4,8,0.7610965371131897
5960,2,6,0.7461026310920715
5961,6,6,0.9594614505767822
5962,6,6,0.668934166431427
5963,9,9,0.36064082384109497
5964,9,9,0.5488519668579102
5965,7,7,0.9965607523918152
5966,9,9,0.9791553616523743
5967,9,9,0.9840943217277527
5968,0,2,0.31910741329193115
5969,5,2,0.38317862153053284
5970,1,1,0.9890884160995483
5971,1,1,0.9918125867843628
5972,8,0,0.39734840393066406
5973,6,6,0.9387959837913513
5974,9,9,0.9396069645881653
5975,9,9,0.9616922736167908
5976,5,5,0.7450351119041443
5977,6,6,0.8501142859458923
5978,5,5,0.6139280796051025
5979,5,3,0.5779725313186646
5980,9,9,0.9255077838897705
5981,7,5,0.33210480213165283
5982,9,9,0.507666289806366
5983,4,4,0.830386221408844
5984,5,3,0.37420982122421265
5985,4,4,0.7893117666244507
5986,3,7,0.3882024586200714
5987,3,3,0.3150326907634735
5988,9,9,0.8976503610610962
5989,8,8,0.9931672215461731
5990,8,0,0.6202852725982666
5991,3,3,0.32615140080451965
5992,4,7,0.7163225412368774
5993,8,8,0.9845049381256104
5994,4,2,0.4642122983932495
5995,0,8,0.6245542764663696
5996,4,2,0.6002667546272278
5997,0,0,0.5285916328430176
5998,7,7,0.6853371262550354
5999,2,8,0.37910550832748413
6000,8,8,0.3738659620285034
6001,0,9,0.8638755083084106
6002,2,2,0.9726133346557617
6003,0,0,0.9070367813110352
6004,7,7,0.9584014415740967
6005,4,4,0.6701568365097046
6006,0,0,0.39603957533836365
6007,6,6,0.9936635494232178
6008,3,2,0.41440507769584656
6009,3,6,0.3518523573875427
6010,1,5,0.4752245247364044
6011,7,2,0.4313381016254425
6012,4,2,0.4013018310070038
6013,6,6,0.6176049709320068
6014,5,7,0.23207366466522217
6015,0,8,0.4392141103744507
6016,4,6,0.3387219309806824
6017,9,1,0.2637964189052582
6018,5,6,0.34933096170425415
6019,6,6,0.9971522092819214
6020,6,6,0.7325862050056458
6021,3,3,0.3858036696910858
6022,0,0,0.3480892479419708
6023,5,3,0.5529788136482239
6024,2,3,0.37510260939598083
6025,6,6,0.656527042388916
6026,3,3,0.8589860796928406
6027,3,3,0.545526385307312
6028,8,8,0.6618590354919434
6029,0,0,0.5101955533027649
6030,8,1,0.9646990299224854
6031,5,7,0.5354574918746948
6032,4,4,0.7244035601615906
6033,2,2,0.4790140390396118
6034,9,9,0.5393114686012268
6035,5,5,0.48651745915412903
6036,0,0,0.9817655086517334
6037,5,5,0.5698186159133911
6038,4,4,0.5869168043136597
6039,8,8,0.9442877769470215
6040,2,2,0.33068081736564636
6041,7,1,0.5153951048851013
6042,6,4,0.4510054290294647
6043,5,5,0.7017650008201599
6044,7,7,0.7763605713844299
6045,8,8,0.9710296988487244
6046,2,5,0.494588702917099
6047,0,0,0.8273859620094299
6048,1,1,0.9900690913200378
6049,8,8,0.9983716607093811
6050,2,4,0.28081274032592773
6051,4,4,0.5665149688720703
6052,8,8,0.9935625791549683
6053,4,4,0.4245398938655853
6054,3,5,0.29530036449432373
6055,0,0,0.9538435935974121
6056,4,4,0.5446954369544983
6057,0,8,0.4611538350582123
6058,1,1,0.996412456035614
6059,9,9,0.9287956953048706
6060,3,4,0.5990796685218811
6061,0,9,0.38153767585754395
6062,3,5,0.4138103723526001
6063,6,4,0.44639673829078674
6064,5,5,0.4463198184967041
6065,5,2,0.4345727264881134
6066,2,6,0.3920497000217438
6067,8,8,0.903784990310669
6068,5,3,0.524781346321106
6069,0,8,0.7143370509147644
6070,8,9,0.4848230481147766
6071,7,4,0.5067755579948425
6072,5,7,0.38198864459991455
6073,2,2,0.6029123663902283
6074,4,4,0.894881546497345
6075,3,6,0.38303694128990173
6076,7,4,0.5121239423751831
6077,0,2,0.5813092589378357
6078,2,2,0.8432002663612366
6079,3,5,0.4802517294883728
6080,1,1,0.889458417892456
6081,0,2,0.5451144576072693
6082,0,0,0.8608182668685913
6083,2,4,0.5016458034515381
6084,1,1,0.9036661386489868
6085,2,2,0.3054918050765991
6086,1,9,0.8284112811088562
6087,4,4,0.5374760031700134
6088,6,6,0.9038335084915161
6089,7,4,0.7233144044876099
6090,1,1,0.9458092451095581
6091,0,8,0.6539462208747864
6092,5,5,0.4182279109954834
6093,2,4,0.4165143072605133
6094,5,5,0.8380607962608337
6095,9,9,0.8206691741943359
6096,2,2,0.4621972441673279
6097,5,5,0.7287572622299194
6098,6,6,0.9378491640090942
6099,7,7,0.9371459484100342
6100,1,1,0.7974315285682678
6101,9,9,0.519463062286377
6102,3,1,0.4155910015106201
6103,6,6,0.6228639483451843
6104,1,1,0.9962852001190186
6105,0,0,0.9927319884300232
6106,2,2,0.6069839596748352
6107,9,9,0.9686665534973145
6108,4,4,0.4356212317943573
6109,2,2,0.8530749678611755
6110,9,9,0.9439318180084229
6111,3,8,0.3655191659927368
6112,8,8,0.9272618889808655
6113,2,2,0.37782132625579834
6114,9,9,0.4991154968738556
6115,8,8,0.9665263891220093
6116,5,5,0.6706339120864868
6117,1,1,0.9751588702201843
6118,0,0,0.42503058910369873
6119,1,1,0.9984460473060608
6120,5,5,0.9452358484268188
6121,2,3,0.430743932723999
6122,5,2,0.3315439224243164
6123,6,6,0.8224117159843445
6124,8,7,0.44353562593460083
6125,8,9,0.6063216328620911
6126,3,3,0.5111936926841736
6127,5,2,0.728699803352356
6128,0,0,0.7753733992576599
6129,4,9,0.2990764081478119
6130,1,1,0.47715097665786743
6131,3,6,0.5981506705284119
6132,7,7,0.7303220629692078
6133,0,0,0.8370439410209656
6134,3,2,0.4989081621170044
6135,3,5,0.24686090648174286
6136,9,9,0.23319007456302643
6137,2,2,0.732532262802124
6138,3,2,0.3429587185382843
6139,9,9,0.9585756063461304
6140,9,9,0.8316081166267395
6141,8,8,0.7905377745628357
6142,5,3,0.3208009898662567
6143,9,9,0.5347995162010193
6144,7,7,0.596587598323822
6145,2,3,0.6093057990074158
6146,0,0,0.38473692536354065
6147,9,9,0.909339427947998
6148,4,4,0.4793684780597687
6149,7,7,0.9994310736656189
6150,1,1,0.6765922904014587
6151,7,3,0.43973204493522644
6152,6,6,0.7679687738418579
6153,4,7,0.6148572564125061
6154,4,4,0.3388197124004364
6155,8,0,0.7503331303596497
6156,9,9,0.9733676314353943
6157,0,2,0.47237271070480347
6158,7,0,0.2555140256881714
6159,1,1,0.9851677417755127
6160,2,2,0.6504353284835815
6161,4,6,0.43711698055267334
6162,0,2,0.5115590691566467
6163,3,3,0.48022061586380005
6164,7,4,0.4490020275115967
6165,5,6,0.45726296305656433
6166,1,1,0.6490885019302368
6167,9,9,0.2841723561286926
6168,3,3,0.4064027667045593
6169,5,5,0.45311152935028076
6170,2,2,0.714644730091095
6171,4,4,0.6615747213363647
6172,1,1,0.9409824013710022
6173,1,1,0.99017333984375
6174,3,5,0.4357309639453888
6175,3,6,0.5360322594642639
6176,9,9,0.7797853350639343
6177,2,2,0.5862158536911011
6178,5,5,0.26823025941848755
6179,8,8,0.9158889651298523
6180,0,2,0.3823540210723877
6181,8,1,0.6641467213630676
6182,1,1,0.8250461220741272
6183,5,5,0.6388635039329529
6184,1,1,0.9901028871536255
6185,5,3,0.4101714491844177
6186,9,9,0.9605411887168884
6187,0,9,0.8433095216751099
6188,9,1,0.9426066279411316
6189,2,2,0.5251719951629639
6190,4,4,0.8412633538246155
6191,0,2,0.27143746614456177
6192,6,6,0.9783809781074524
6193,9,9,0.8589873909950256
6194,1,1,0.4285580515861511
6195,1,6,0.5088017582893372
6196,3,2,0.3194607198238373
6197,4,4,0.4058477282524109
6198,9,9,0.9881487488746643
6199,5,5,0.8643696308135986
6200,3,2,0.35776177048683167
6201,3,3,0.4491608142852783
6202,3,2,0.6374918818473816
6203,3,3,0.6563438773155212
6204,4,7,0.9291866421699524
6205,1,9,0.8484102487564087
6206,5,3,0.6645731925964355
6207,9,9,0.9952982068061829
6208,8,8,0.9859592318534851
6209,7,7,0.8420946002006531
6210,4,3,0.6042428016662598
6211,8,8,0.9749093055725098
6212,7,7,0.9113902449607849
6213,3,4,0.6958647966384888
6214,5,5,0.6303876638412476
6215,2,4,0.4184810221195221
6216,5,5,0.36475545167922974
6217,8,8,0.9909523725509644
6218,9,9,0.5762383937835693
6219,7,7,0.981465220451355
6220,2,2,0.5064496994018555
6221,0,8,0.5934300422668457
6222,0,0,0.9526571035385132
6223,7,7,0.9134697318077087
6224,5,5,0.6986567974090576
6225,3,3,0.42218974232673645
6226,5,5,0.9289198517799377
6227,7,5,0.5789656639099121
6228,4,7,0.9414669275283813
6229,6,6,0.5302459597587585
6230,2,2,0.5960424542427063
6231,8,1,0.7709987759590149
6232,2,2,0.43983006477355957
6233,7,7,0.9934617280960083
6234,7,7,0.3529362976551056
6235,6,3,0.2603412866592407
6236,1,1,0.6533852815628052
6237,3,5,0.4383816421031952
6238,8,8,0.8914401531219482
6239,6,6,0.7904784679412842
6240,2,2,0.35365796089172363
6241,0,0,0.7604915499687195
6242,4,0,0.683061420917511
6243,4,4,0.5147284269332886
6244,8,8,0.6828843951225281
6245,6,5,0.6570751070976257
6246,4,4,0.9329978823661804
6247,0,0,0.9367722272872925
6248,2,0,0.6128840446472168
6249,5,5,0.5277716517448425
6250,4,7,0.6680459976196289
6251,1,9,0.4040359556674957
6252,2,2,0.7848358154296875
6253,5,4,0.7508561015129089
6254,4,4,0.7655635476112366
6255,6,6,0.7863466143608093
6256,9,9,0.7455978393554688
6257,5,2,0.6242201924324036
6258,0,0,0.6828089952468872
6259,5,5,0.3827454447746277
6260,2,2,0.4006958603858948
6261,0,8,0.3613644540309906
6262,8,8,0.92231684923172
6263,2,2,0.6226326823234558
6264,6,6,0.7563156485557556
6265,4,4,0.5421525239944458
6266,7,7,0.982952356338501
6267,9,1,0.6621320843696594
6268,5,2,0.4321694076061249
6269,7,7,0.5738041996955872
6270,2,6,0.9469470381736755
6271,6,6,0.41238829493522644
6272,2,5,0.6747474074363708
6273,1,9,0.5297386050224304
6274,9,9,0.7261835336685181
6275,9,9,0.8266478180885315
6276,7,7,0.9063578248023987
6277,2,4,0.5936774611473083
6278,5,5,0.45150455832481384
6279,1,1,0.9798585176467896
6280,8,7,0.5349829792976379
6281,1,1,0.9224569797515869
6282,6,6,0.4553348124027252
6283,3,5,0.5458723902702332
6284,0,0,0.8331107497215271
6285,8,8,0.7852804064750671
6286,8,9,0.9208694696426392
6287,5,5,0.5342745184898376
6288,6,6,0.9253628849983215
6289,9,9,0.5258299112319946
6290,9,1,0.41421109437942505
6291,9,9,0.944215714931488
6292,6,6,0.9388490915298462
6293,3,3,0.7002503871917725
6294,0,0,0.6485547423362732
6295,8,8,0.9823357462882996
6296,8,8,0.9265516996383667
6297,5,5,0.9143691062927246
6298,3,7,0.3638938069343567
6299,3,4,0.764738142490387
6300,1,1,0.8224296569824219
6301,1,1,0.8827229738235474
6302,0,1,0.4921487271785736
6303,7,4,0.24942687153816223
6304,0,0,0.9387427568435669
6305,6,5,0.5564550161361694
6306,0,0,0.6989447474479675
6307,4,7,0.4111880958080292
6308,4,4,0.8583659529685974
6309,6,6,0.9774094820022583
6310,5,5,0.9166179895401001
6311,3,3,0.5233201384544373
6312,2,2,0.7917601466178894
6313,9,9,0.814343273639679
6314,6,6,0.9318286776542664
6315,6,6,0.5991694331169128
6316,7,7,0.5122554302215576
6317,9,7,0.37744322419166565
6318,7,7,0.8783077001571655
6319,7,7,0.6481126546859741
6320,0,8,0.45402973890304565
6321,8,8,0.9675123691558838
6322,4,7,0.9851778149604797
6323,2,2,0.6878638863563538
6324,7,7,0.994408369064331
6325,7,7,0.998634397983551
6326,7,6,0.5275148153305054
6327,4,4,0.7940446734428406
6328,0,0,0.9423827528953552
6329,1,1,0.5340095162391663
6330,6,6,0.3343319594860077
6331,0,0,0.6653640270233154
6332,5,7,0.5992512702941895
6333,3,3,0.8391850590705872
6334,0,2,0.6936489343643188
6335,2,2,0.517620861530304
6336,4,4,0.6167027354240417
6337,9,9,0.9969912767410278
6338,7,7,0.7100555300712585
6339,3,3,0.4713025689125061
6340,3,3,0.43884071707725525
6341,2,7,0.18564854562282562
6342,8,8,0.9010292291641235
6343,8,8,0.9946512579917908
6344,5,5,0.43120452761650085
6345,3,4,0.5026779174804688
6346,8,8,0.9065341949462891
6347,0,0,0.897804319858551
6348,8,8,0.9967016577720642
6349,0,2,0.5938628911972046
6350,0,0,0.868011474609375
6351,0,0,0.6498255729675293
6352,2,2,0.45797351002693176
6353,2,0,0.4226197302341461
6354,7,9,0.8398064970970154
6355,0,0,0.8789230585098267
6356,7,7,0.8279128074645996
6357,7,7,0.5383464694023132
6358,7,7,0.9643995761871338
6359,2,3,0.48811984062194824
6360,2,2,0.39039620757102966
6361,0,8,0.4787464737892151
6362,4,4,0.9719098210334778
6363,0,0,0.9030642509460449
6364,3,3,0.4158904552459717
6365,7,7,0.7186583280563354
6366,8,8,0.42170095443725586
6367,4,4,0.5324771404266357
6368,7,7,0.9475801587104797
6369,9,1,0.3852754831314087
6370,6,5,0.6796179413795471
6371,1,9,0.7935635447502136
6372,1,1,0.6956778764724731
6373,6,6,0.4827393591403961
6374,9,9,0.5686349868774414
6375,3,4,0.34806767106056213
6376,8,0,0.6201027035713196
6377,9,9,0.9735487103462219
6378,5,7,0.45815804600715637
6379,8,8,0.5070328116416931
6380,3,5,0.3506091833114624
6381,9,1,0.9769408106803894
6382,4,5,0.5877536535263062
6383,3,2,0.3898358643054962
6384,7,7,0.40925776958465576
6385,5,5,0.7751376032829285
6386,5,5,0.20290403068065643
6387,2,4,0.36308175325393677
6388,7,2,0.4563632011413574
6389,5,5,0.7492595911026001
6390,7,7,0.997473418712616
6391,9,5,0.47533923387527466
6392,6,3,0.6114962697029114
6393,3,2,0.5873637199401855
6394,0,9,0.9132307767868042
6395,8,8,0.8955555558204651
6396,4,6,0.4723448157310486
6397,5,5,0.8180069327354431
6398,6,4,0.5363155007362366
6399,1,9,0.6639406085014343
6400,0,0,0.5048965215682983
6401,4,4,0.24449925124645233
6402,8,8,0.698925256729126
6403,4,4,0.7580445408821106
6404,7,7,0.9809998273849487
6405,1,9,0.6982898712158203
6406,3,7,0.7385040521621704
6407,2,4,0.3937219977378845
6408,0,8,0.6283844709396362
6409,9,9,0.9061904549598694
6410,1,1,0.9915755391120911
6411,8,8,0.4904021918773651
6412,8,1,0.2802124321460724
6413,6,6,0.7554019689559937
6414,8,8,0.4459954500198364
6415,1,1,0.6219797134399414
6416,7,7,0.9598182439804077
6417,1,1,0.9656358361244202
6418,0,0,0.7899163961410522
6419,9,8,0.5428265929222107
6420,7,7,0.43221697211265564
6421,6,6,0.5649483799934387
6422,4,5,0.4298747181892395
6423,5,4,0.6940221190452576
6424,8,8,0.6461527347564697
6425,2,2,0.8584966659545898
6426,1,1,0.9815223217010498
6427,2,2,0.8768593072891235
6428,5,3,0.3508196771144867
6429,8,1,0.5321627259254456
6430,1,1,0.5126175880432129
6431,1,0,0.3664703965187073
6432,8,8,0.7310765385627747
6433,8,8,0.4937221109867096
6434,0,8,0.9327176809310913
6435,9,9,0.8506616950035095
6436,0,8,0.8412383198738098
6437,0,3,0.2013338953256607
6438,4,4,0.5375823974609375
6439,3,4,0.8068106770515442
6440,3,2,0.3271285891532898
6441,5,3,0.76433926820755
6442,6,0,0.3244180679321289
6443,6,6,0.9618950486183167
6444,3,5,0.4744932949542999
6445,1,1,0.8325594067573547
6446,4,4,0.44092488288879395
6447,4,4,0.5464780926704407
6448,7,7,0.973590075969696
6449,8,8,0.974738597869873
6450,0,0,0.7712389826774597
6451,1,1,0.9766343235969543
6452,4,4,0.3745644986629486
6453,8,8,0.4194323718547821
6454,4,4,0.5827456116676331
6455,6,6,0.7438231706619263
6456,2,2,0.9843132495880127
6457,2,5,0.35575950145721436
6458,2,2,0.9352541565895081
6459,6,6,0.9460902810096741
6460,3,6,0.35108137130737305
6461,4,4,0.7291620373725891
6462,0,0,0.8610749840736389
6463,8,8,0.9142249226570129
6464,1,1,0.8435199856758118
6465,3,3,0.34097820520401
6466,8,5,0.4269973337650299
6467,3,6,0.921231210231781
6468,8,8,0.9764807224273682
6469,9,1,0.27119266986846924
6470,1,1,0.9855550527572632
6471,6,6,0.7183724045753479
6472,1,1,0.7984409332275391
6473,9,9,0.9169684648513794
6474,8,0,0.40686100721359253
6475,2,3,0.37767401337623596
6476,0,0,0.9228277206420898
6477,4,4,0.5285415649414062
6478,7,7,0.5777180194854736
6479,4,4,0.9592697620391846
6480,0,0,0.9524697661399841
6481,0,0,0.39796924591064453
6482,7,7,0.8667342066764832
6483,6,6,0.983606219291687
6484,8,8,0.9930365681648254
6485,9,9,0.5601129531860352
6486,8,1,0.6896411180496216
6487,6,6,0.9482542276382446
6488,2,2,0.8225948810577393
6489,8,8,0.9243623614311218
6490,8,0,0.3846820592880249
6491,0,5,0.2532881200313568
6492,1,1,0.6052793860435486
6493,1,1,0.8293924331665039
6494,0,4,0.6147180795669556
6495,7,7,0.9459908604621887
6496,7,7,0.5244079232215881
6497,4,2,0.611435055732727
6498,4,6,0.6666665077209473
6499,7,5,0.5067481994628906
6500,7,6,0.5609856843948364
6501,2,2,0.5141342878341675
6502,6,6,0.8490886092185974
6503,6,6,0.9515990018844604
6504,7,4,0.41724467277526855
6505,4,2,0.5133407115936279
6506,5,5,0.6429422497749329
6507,4,1,0.3655836582183838
6508,0,0,0.9565408825874329
6509,9,1,0.7789672613143921
6510,4,9,0.45685723423957825
6511,7,7,0.9786650538444519
6512,2,4,0.4099385142326355
6513,5,5,0.4468807280063629
6514,3,2,0.5681436657905579
6515,2,2,0.45569467544555664
6516,2,2,0.6399673819541931
6517,7,5,0.48857635259628296
6518,6,6,0.8546309471130371
6519,2,2,0.7453122735023499
6520,6,6,0.7794687151908875
6521,4,4,0.8295420408248901
6522,9,1,0.6804928779602051
6523,6,6,0.7161402106285095
6524,8,8,0.8218688368797302
6525,3,3,0.4105938971042633
6526,8,8,0.9528341293334961
6527,5,5,0.7261954545974731
6528,5,5,0.4381393790245056
6529,2,2,0.7962616086006165
6530,3,3,0.3706357181072235
6531,4,4,0.9630530476570129
6532,5,5,0.5731066465377808
6533,2,3,0.7020366787910461
6534,7,7,0.9984379410743713
6535,5,7,0.4766639173030853
6536,1,1,0.817453145980835
6537,5,8,0.4821062982082367
6538,3,3,0.42293500900268555
6539,7,7,0.9863241314888
6540,8,8,0.9741999506950378
6541,8,8,0.9638349413871765
6542,9,9,0.6057030558586121
6543,6,5,0.5629725456237793
6544,0,8,0.7267284989356995
6545,9,0,0.7263157367706299
6546,2,2,0.9171287417411804
6547,6,6,0.9748122096061707
6548,0,0,0.5942468047142029
6549,0,8,0.5231139063835144
6550,1,1,0.9827224016189575
6551,4,4,0.6533472537994385
6552,1,1,0.8747929930686951
6553,3,3,0.31852903962135315
6554,5,5,0.4431019723415375
6555,1,1,0.9973644614219666
6556,8,8,0.9616508483886719
6557,9,9,0.6294806599617004
6558,6,6,0.6111032366752625
6559,2,4,0.866951584815979
6560,6,6,0.8759557008743286
6561,9,1,0.5830819010734558
6562,5,5,0.4565810263156891
6563,6,1,0.4448583722114563
6564,5,3,0.673638105392456
6565,9,9,0.496901273727417
6566,1,9,0.3746694028377533
6567,4,4,0.5219003558158875
6568,2,5,0.40910786390304565
6569,8,9,0.3173539936542511
6570,9,2,0.523476243019104
6571,5,5,0.8253474831581116
6572,4,4,0.8771229386329651
6573,7,5,0.6436479687690735
6574,0,0,0.4177609086036682
6575,3,3,0.8233733773231506
6576,7,5,0.35759931802749634
6577,1,1,0.6742587089538574
6578,6,6,0.9323530793190002
6579,9,9,0.8829820156097412
6580,1,1,0.2729220986366272
6581,1,1,0.38408803939819336
6582,4,4,0.9045843482017517
6583,0,0,0.8279057145118713
6584,5,5,0.7151633501052856
6585,1,1,0.9935863614082336
6586,6,6,0.9117845296859741
6587,3,5,0.5758626461029053
6588,0,8,0.8138378858566284
6589,2,2,0.43238282203674316
6590,5,7,0.6037101149559021
6591,5,5,0.46148359775543213
6592,5,5,0.9658951163291931
6593,2,2,0.4832208752632141
6594,8,8,0.9603087306022644
6595,2,2,0.41609659790992737
6596,3,5,0.486025869846344
6597,1,1,0.7835612297058105
6598,6,4,0.2786496579647064
6599,2,6,0.8109558820724487
6600,7,7,0.9992594122886658
6601,0,0,0.6251086592674255
6602,8,8,0.9858924746513367
6603,9,9,0.500868022441864
6604,2,5,0.5577240586280823
6605,6,5,0.2864217460155487
6606,4,2,0.20686471462249756
6607,7,9,0.7090702056884766
6608,5,2,0.4146153926849365
6609,5,5,0.5550408959388733
6610,8,8,0.9906069040298462
6611,8,8,0.9895482063293457
6612,7,7,0.622775673866272
6613,8,1,0.48293137550354004
6614,5,5,0.46307796239852905
6615,7,7,0.8788904547691345
6616,4,0,0.2541843056678772
6617,4,4,0.8472912907600403
6618,0,0,0.8313874006271362
6619,0,9,0.7755252718925476
6620,7,7,0.7054447531700134
6621,0,4,0.36214151978492737
6622,4,4,0.9844743013381958
6623,0,0,0.7551745176315308
6624,4,4,0.7465975880622864
6625,4,2,0.2927109897136688
6626,2,2,0.5211204886436462
6627,5,6,0.6209352016448975
6628,4,4,0.7034531235694885
6629,0,7,0.37987032532691956
6630,7,7,0.9563350677490234
6631,7,4,0.7678629755973816
6632,7,7,0.32055333256721497
6633,0,0,0.7839425206184387
6634,4,4,0.6094306707382202
6635,6,3,0.3533453643321991
6636,2,2,0.47194668650627136
6637,9,9,0.4484672248363495
6638,1,1,0.9516028165817261
6639,1,9,0.5092300176620483
6640,5,3,0.4983568787574768
6641,0,8,0.8421404361724854
6642,9,7,0.6274872422218323
6643,1,1,0.9757627248764038
6644,0,8,0.4921473264694214
6645,6,6,0.8405739068984985
6646,5,7,0.5025315284729004
6647,3,3,0.3998401165008545
6648,0,0,0.7139086127281189
6649,9,9,0.9354719519615173
6650,0,0,0.6243867874145508
6651,6,6,0.8746263980865479
6652,2,2,0.6481386423110962
6653,0,0,0.3134312331676483
6654,4,4,0.7855989336967468
6655,1,1,0.9143131375312805
6656,6,5,0.7409591674804688
6657,7,7,0.550961971282959
6658,6,3,0.387017160654068
6659,1,1,0.9949485063552856
6660,0,0,0.4767339527606964
6661,4,4,0.8581315279006958
6662,6,6,0.3852131962776184
6663,0,0,0.9614474773406982
6664,4,4,0.7684215903282166
6665,4,5,0.6226401925086975
6666,2,4,0.6221198439598083
6667,7,7,0.9706921577453613
6668,6,6,0.9264041185379028
6669,5,2,0.48157817125320435
6670,3,3,0.2718507647514343
6671,5,5,0.425250381231308
6672,9,9,0.9448424577713013
6673,4,2,0.4470217525959015
6674,5,5,0.6473842859268188
6675,2,2,0.7295565009117126
6676,0,2,0.49687284231185913
6677,5,3,0.37507662177085876
6678,7,0,0.3312169015407562
6679,2,4,0.6874155402183533
6680,3,2,0.39381512999534607
6681,9,8,0.29819485545158386
6682,4,4,0.9477254748344421
6683,5,5,0.7886863946914673
6684,8,8,0.9546574950218201
6685,1,1,0.6312925219535828
6686,9,9,0.7034999132156372
6687,3,3,0.4036669135093689
6688,1,7,0.47351008653640747
6689,8,3,0.3119702935218811
6690,5,2,0.37223613262176514
6691,8,8,0.9352922439575195
6692,6,6,0.9972328543663025
6693,6,1,0.3132864534854889
6694,3,7,0.3184228241443634
6695,4,3,0.2923510670661926
6696,0,0,0.5561841726303101
6697,2,2,0.5387916564941406
6698,3,6,0.620710015296936
6699,2,2,0.8979061245918274
6700,6,6,0.49621036648750305
6701,1,1,0.9951596856117249
6702,8,8,0.9059901237487793
6703,2,6,0.8315938115119934
6704,1,9,0.8277003169059753
6705,3,2,0.415423721075058
6706,6,6,0.5709811449050903
6707,2,2,0.34951111674308777
6708,2,2,0.7664711475372314
6709,3,3,0.5466302037239075
6710,3,3,0.43270277976989746
6711,5,5,0.8530179262161255
6712,0,0,0.7987414002418518
6713,2,5,0.4333943724632263
6714,1,9,0.6197379231452942
6715,2,2,0.46524590253829956
6716,8,8,0.8721233010292053
6717,0,9,0.3652788996696472
6718,8,8,0.9650455117225647
6719,2,9,0.40313291549682617
6720,2,2,0.7136579751968384
6721,7,2,0.7302849292755127
6722,3,5,0.32281506061553955
6723,5,7,0.980175793170929
6724,9,9,0.8666632771492004
6725,8,8,0.817314088344574
6726,3,4,0.43390554189682007
6727,6,6,0.9265725612640381
6728,1,1,0.9978529214859009
6729,0,1,0.49190282821655273
6730,8,8,0.8200600743293762
6731,6,6,0.9967748522758484
6732,3,3,0.42281442880630493
6733,5,5,0.6719597578048706
6734,8,8,0.9538237452507019
6735,9,9,0.6260968446731567
6736,4,4,0.6292469501495361
6737,8,0,0.1925288736820221
6738,0,0,0.57591313123703
6739,0,8,0.34012699127197266
6740,2,2,0.7919868230819702
6741,9,0,0.3976110816001892
6742,1,1,0.9787557125091553
6743,8,8,0.9362950325012207
6744,3,3,0.5111488103866577
6745,7,7,0.24962204694747925
6746,2,5,0.5130258798599243
6747,8,8,0.8457682132720947
6748,0,2,0.6395597457885742
6749,9,9,0.7989168763160706
6750,4,3,0.5898697376251221
6751,8,8,0.9867796897888184
6752,9,9,0.8061738610267639
6753,4,6,0.8786137700080872
6754,8,8,0.5229212641716003
6755,9,9,0.5588322281837463
6756,5,3,0.3725583553314209
6757,4,4,0.7269620895385742
6758,8,8,0.9631033539772034
6759,1,9,0.3073282539844513
6760,5,5,0.6858965158462524
6761,5,7,0.4237058162689209
6762,7,2,0.4610617756843567
6763,2,2,0.4243614673614502
6764,5,5,0.8667153716087341
6765,8,8,0.9571818709373474
6766,8,8,0.5683419108390808
6767,1,1,0.9105568528175354
6768,2,2,0.549852728843689
6769,3,3,0.7082217335700989
6770,1,1,0.9959851503372192
6771,5,3,0.523406982421875
6772,0,9,0.7674749493598938
6773,2,2,0.5617167949676514
6774,3,7,0.4717332124710083
6775,0,0,0.8736509084701538
6776,8,8,0.9641945362091064
6777,2,4,0.6602860689163208
6778,2,2,0.5070474147796631
6779,8,1,0.5172298550605774
6780,7,7,0.9937188625335693
6781,3,6,0.3778988718986511
6782,5,0,0.2680070102214813
6783,3,6,0.5765569806098938
6784,9,9,0.9445328712463379
6785,6,6,0.7110072374343872
6786,3,3,0.4397086501121521
6787,5,5,0.7080008387565613
6788,1,1,0.9976112842559814
6789,1,1,0.9313527941703796
6790,7,5,0.4476667642593384
6791,7,7,0.9803834557533264
6792,3,0,0.31091639399528503
6793,3,3,0.5952594876289368
6794,8,8,0.9178025722503662
6795,9,1,0.5133408904075623
6796,6,6,0.5907823443412781
6797,0,0,0.9729358553886414
6798,8,8,0.45012781023979187
6799,0,2,0.5855319499969482
6800,6,6,0.2821122109889984
6801,6,6,0.9980359673500061
6802,4,4,0.7097399234771729
6803,6,6,0.8260072469711304
6804,9,9,0.2266697883605957
6805,1,1,0.9457606077194214
6806,1,1,0.9974658489227295
6807,7,7,0.8340460062026978
6808,0,0,0.5387392640113831
6809,6,2,0.40486717224121094
6810,8,8,0.8731896281242371
6811,9,9,0.34286636114120483
6812,0,9,0.6492801904678345
6813,6,6,0.7283751368522644
6814,9,1,0.9394703507423401
6815,0,0,0.740368664264679
6816,1,1,0.9737797379493713
6817,1,1,0.6097446084022522
6818,7,7,0.9707778692245483
6819,2,2,0.48502790927886963
6820,1,1,0.9960458874702454
6821,0,5,0.5369463562965393
6822,4,4,0.4646718204021454
6823,5,5,0.6131370067596436
6824,0,0,0.5980036854743958
6825,3,5,0.4992229640483856
6826,6,6,0.7463307976722717
6827,3,2,0.5378907322883606
6828,3,3,0.44355058670043945
6829,8,8,0.9796369671821594
6830,1,1,0.5921990275382996
6831,8,8,0.5471793413162231
6832,1,9,0.7521500587463379
6833,3,3,0.46542462706565857
6834,1,1,0.6863089799880981
6835,5,7,0.3924455940723419
6836,4,7,0.9195941090583801
6837,5,7,0.7698343992233276
6838,1,1,0.681622326374054
6839,8,4,0.28159815073013306
6840,9,1,0.6774747967720032
6841,1,9,0.8513367772102356
6842,3,3,0.2333240509033203
6843,1,9,0.8868409991264343
6844,7,7,0.9814898371696472
6845,2,4,0.47780850529670715
6846,9,9,0.7057128548622131
6847,8,8,0.9185242056846619
6848,9,8,0.6218059062957764
6849,4,2,0.5400563478469849
6850,6,6,0.5225950479507446
6851,0,0,0.5640103816986084
6852,9,9,0.3032357692718506
6853,4,5,0.6596809029579163
6854,0,2,0.31175047159194946
6855,4,6,0.3683449327945709
6856,6,5,0.5428931713104248
6857,2,2,0.4771000146865845
6858,1,1,0.43078285455703735
6859,3,1,0.6552936434745789
6860,0,2,0.5473266839981079
6861,8,1,0.6762087345123291
6862,5,2,0.24870800971984863
6863,6,6,0.9673804044723511
6864,0,1,0.3891855776309967
6865,3,3,0.4655521810054779
6866,4,6,0.6837970614433289
6867,6,6,0.978379487991333
6868,9,9,0.7012689113616943
6869,5,3,0.3533018231391907
6870,7,7,0.7326059937477112
6871,9,5,0.3489295542240143
6872,0,6,0.3069343566894531
6873,3,5,0.32196059823036194
6874,6,6,0.6080179810523987
6875,5,5,0.7824914455413818
6876,7,5,0.38623476028442383
6877,0,8,0.7972517609596252
6878,5,5,0.4959518015384674
6879,1,1,0.9687641263008118
6880,2,2,0.6574086546897888
6881,2,4,0.35372284054756165
6882,9,2,0.30328139662742615
6883,7,3,0.22182701528072357
6884,0,0,0.8298609852790833
6885,0,1,0.42143669724464417
6886,1,1,0.9979859590530396
6887,4,6,0.5989297032356262
6888,4,4,0.7728466391563416
6889,5,5,0.8844146132469177
6890,5,5,0.6208344101905823
6891,9,9,0.9697695970535278
6892,6,6,0.679065465927124
6893,3,6,0.7715240120887756
6894,6,6,0.7865850925445557
6895,2,6,0.40508222579956055
6896,6,6,0.500378429889679
6897,9,9,0.4528410732746124
6898,3,5,0.33226853609085083
6899,2,5,0.6575783491134644
6900,3,3,0.5044348835945129
6901,2,9,0.35922372341156006
6902,4,4,0.8523489832878113
6903,9,9,0.6301153302192688
6904,5,5,0.5592941045761108
6905,2,4,0.7447097897529602
6906,1,1,0.8737915754318237
6907,6,6,0.8449659943580627
6908,6,4,0.5607175230979919
6909,4,4,0.410295307636261
6910,7,7,0.997651994228363
6911,6,6,0.9912235736846924
6912,3,9,0.4439519941806793
6913,3,6,0.8337833285331726
6914,8,0,0.2794059216976166
6915,1,1,0.7695960998535156
6916,4,3,0.3435512185096741
6917,6,5,0.2545827329158783
6918,4,4,0.28911998867988586
6919,4,4,0.5452902913093567
6920,5,4,0.6177130341529846
6921,6,6,0.9740559458732605
6922,2,6,0.5128055810928345
6923,0,0,0.953189492225647
6924,5,5,0.4712384045124054
6925,2,2,0.6005265712738037
6926,7,5,0.6045666933059692
6927,5,5,0.678903341293335
6928,2,2,0.9100165367126465
6929,5,5,0.6352218389511108
6930,2,0,0.9525454640388489
6931,5,5,0.616027295589447
6932,9,1,0.6852774024009705
6933,0,3,0.37229254841804504
6934,6,6,0.8783534169197083
6935,7,7,0.7499628067016602
6936,9,9,0.6475677490234375
6937,8,0,0.5030966401100159
6938,3,6,0.3112814128398895
6939,2,2,0.9068936705589294
6940,1,1,0.997766375541687
6941,4,4,0.634138822555542
6942,3,0,0.40790069103240967
6943,4,4,0.8427616357803345
6944,5,3,0.42453423142433167
6945,5,5,0.5763946771621704
6946,6,6,0.8365226984024048
6947,8,8,0.644582211971283
6948,6,4,0.34221598505973816
6949,0,8,0.5340249538421631
6950,8,0,0.5822020769119263
6951,9,4,0.471343457698822
6952,8,8,0.6314716935157776
6953,0,0,0.4364088475704193
6954,7,7,0.43937352299690247
6955,7,7,0.4708009958267212
6956,6,6,0.9992897510528564
6957,6,6,0.5231376886367798
6958,7,7,0.40049266815185547
6959,5,2,0.3211441934108734
6960,9,9,0.7148316502571106
6961,8,8,0.4378358721733093
6962,7,5,0.3954702913761139
6963,9,2,0.21666425466537476
6964,5,5,0.7350282073020935
6965,6,6,0.4986993074417114
6966,0,0,0.5255969166755676
6967,4,7,0.6159681081771851
6968,8,8,0.4779233932495117
6969,2,3,0.27082595229148865
6970,0,0,0.5071042776107788
6971,9,9,0.9487090706825256
6972,1,9,0.8564229607582092
6973,3,5,0.4723808467388153
6974,9,1,0.796072781085968
6975,8,1,0.7815701365470886
6976,3,2,0.5968771576881409
6977,7,2,0.3981657922267914
6978,4,4,0.8449780941009521
6979,5,4,0.7123554944992065
6980,0,0,0.44051235914230347
6981,2,2,0.7698943018913269
6982,1,1,0.8931147456169128
6983,9,1,0.7168064117431641
6984,1,1,0.9726136326789856
6985,0,8,0.8542272448539734
6986,5,5,0.30254796147346497
6987,8,8,0.9232518076896667
6988,4,5,0.4126579761505127
6989,7,4,0.2729349136352539
6990,3,3,0.7908657789230347
6991,1,1,0.9500453472137451
6992,4,5,0.3350124955177307
6993,5,3,0.7157367467880249
6994,3,4,0.7071382403373718
6995,1,1,0.9208261370658875
6996,0,0,0.9634860754013062
6997,8,3,0.4626884460449219
6998,8,8,0.6885291934013367
6999,8,8,0.8834059238433838
7000,2,2,0.3907589018344879
7001,1,1,0.9295892715454102
7002,3,6,0.7707822322845459
7003,7,3,0.7104470133781433
7004,3,0,0.39606040716171265
7005,1,8,0.795263946056366
7006,6,6,0.8216559290885925
7007,9,1,0.639822244644165
7008,1,1,0.8653703927993774
7009,6,6,0.3718651235103607
7010,0,0,0.8559856414794922
7011,7,7,0.7053775787353516
7012,7,7,0.9666410684585571
7013,1,1,0.9349603056907654
7014,3,8,0.3222052752971649
7015,3,3,0.5454508066177368
7016,3,5,0.3618580996990204
7017,1,9,0.8555145263671875
7018,0,0,0.9310085773468018
7019,2,2,0.6088277697563171
7020,7,7,0.9262593984603882
7021,1,1,0.6051048040390015
7022,2,2,0.8017998337745667
7023,2,2,0.41622474789619446
7024,9,9,0.6490336656570435
7025,6,6,0.9379314184188843
7026,3,6,0.34590595960617065
7027,5,9,0.31824398040771484
7028,9,9,0.6033313274383545
7029,4,7,0.5433000326156616
7030,8,4,0.4710303544998169
7031,0,0,0.7055426836013794
7032,4,4,0.570883572101593
7033,8,8,0.5629359483718872
7034,0,0,0.8661796450614929
7035,1,9,0.45661482214927673
7036,3,3,0.3631771504878998
7037,7,5,0.6061599850654602
7038,0,0,0.7912569046020508
7039,4,4,0.41186219453811646
7040,7,0,0.3483113646507263
7041,4,0,0.42418161034584045
7042,8,8,0.8307048678398132
7043,6,6,0.9729942679405212
7044,4,4,0.3440726399421692
7045,3,6,0.34971529245376587
7046,9,9,0.7066406607627869
7047,8,8,0.7836784720420837
7048,2,1,0.3511684536933899
7049,2,2,0.8888956904411316
7050,8,9,0.4380113184452057
7051,3,4,0.514664351940155
7052,1,1,0.9739384651184082
7053,1,1,0.9638873934745789
7054,2,5,0.27470043301582336
7055,8,0,0.4090089201927185
7056,2,2,0.7468886971473694
7057,6,6,0.9270279407501221
7058,9,9,0.9319072961807251
7059,4,4,0.5852568745613098
7060,8,8,0.7512990832328796
7061,4,4,0.7850309610366821
7062,4,6,0.6119949221611023
7063,1,6,0.7174217700958252
7064,5,5,0.5307636260986328
7065,2,2,0.46838340163230896
7066,6,6,0.5457460284233093
7067,9,9,0.9905881881713867
7068,2,0,0.6576097011566162
7069,0,0,0.8443113565444946
7070,7,4,0.8362254500389099
7071,1,1,0.9976580142974854
7072,8,8,0.8651999831199646
7073,9,9,0.606361448764801
7074,3,3,0.47465214133262634
7075,9,1,0.7927361130714417
7076,9,9,0.8712363839149475
7077,0,0,0.8732235431671143
7078,7,7,0.9991901516914368
7079,7,7,0.9928467869758606
7080,5,0,0.2530565559864044
7081,4,8,0.3818032741546631
7082,2,8,0.8734530210494995
7083,6,6,0.5385558009147644
7084,4,4,0.7749685049057007
7085,5,4,0.5532418489456177
7086,7,7,0.9322141408920288
7087,7,7,0.6084974408149719
7088,8,8,0.9745805859565735
7089,7,7,0.9684983491897583
7090,2,5,0.2751714885234833
7091,6,6,0.7001872658729553
7092,2,2,0.8529796600341797
7093,2,4,0.4134596586227417
7094,4,4,0.6921414732933044
7095,4,4,0.8355425000190735
7096,0,0,0.8070134520530701
7097,7,5,0.36254340410232544
7098,1,1,0.9995836615562439
7099,3,5,0.6042093634605408
7100,9,2,0.23199918866157532
7101,6,6,0.9086360335350037
7102,0,0,0.5002875924110413
7103,0,0,0.5563930869102478
7104,2,1,0.18323983252048492
7105,3,2,0.39583298563957214
7106,8,8,0.5787188410758972
7107,2,4,0.3703535795211792
7108,2,5,0.4040292799472809
7109,4,4,0.7159282565116882
7110,3,2,0.3105695843696594
7111,5,5,0.753351092338562
7112,2,0,0.9293270707130432
7113,9,9,0.9659302830696106
7114,1,1,0.9984159469604492
7115,0,0,0.5361352562904358
7116,0,2,0.43186110258102417
7117,6,3,0.4756345748901367
7118,5,5,0.9741621017456055
7119,5,0,0.42769089341163635
7120,7,7,0.2933810353279114
7121,9,9,0.8013590574264526
7122,9,9,0.8997979164123535
7123,6,6,0.9536327123641968
7124,5,2,0.5598337054252625
7125,5,5,0.5314945578575134
7126,0,3,0.4355592429637909
7127,5,3,0.4230082333087921
7128,7,5,0.5441566109657288
7129,1,1,0.8297642469406128
7130,6,6,0.995460569858551
7131,6,6,0.8638937473297119
7132,4,7,0.4132973551750183
7133,1,9,0.5332629084587097
7134,4,6,0.6607709527015686
7135,4,4,0.8431699275970459
7136,1,1,0.9751220345497131
7137,5,5,0.7090876698493958
7138,0,0,0.48434916138648987
7139,0,0,0.9256631135940552
7140,4,4,0.7755274772644043
7141,5,5,0.4447653889656067
7142,8,8,0.7097721099853516
7143,4,4,0.5596368312835693
7144,8,8,0.9943796992301941
7145,3,5,0.6299189925193787
7146,0,9,0.6790728569030762
7147,5,7,0.41959673166275024
7148,0,0,0.42638832330703735
7149,5,6,0.3661220371723175
7150,3,3,0.2525700032711029
7151,1,1,0.7256986498832703
7152,6,5,0.43926119804382324
7153,7,7,0.7332485914230347
7154,0,0,0.7542213797569275
7155,9,9,0.8338189721107483
7156,1,1,0.9851006865501404
7157,5,5,0.7538420557975769
7158,7,7,0.9960632920265198
7159,6,6,0.9314123392105103
7160,5,5,0.8187273144721985
7161,5,4,0.5098484754562378
7162,5,3,0.3370424807071686
7163,6,6,0.9749122262001038
7164,0,0,0.9010472297668457
7165,0,0,0.6102430820465088
7166,1,1,0.9945186972618103
7167,7,7,0.9932289123535156
7168,5,3,0.4695170223712921
7169,1,1,0.5305550694465637
7170,9,5,0.33832263946533203
7171,2,2,0.49357178807258606
7172,4,4,0.4436049163341522
7173,1,6,0.5671055912971497
7174,3,6,0.6985662579536438
7175,7,7,0.6539450287818909
7176,8,8,0.4208540618419647
7177,2,7,0.4114457666873932
7178,0,8,0.7673460245132446
7179,9,9,0.8451952934265137
7180,6,6,0.9817255139350891
7181,6,1,0.4686911106109619
7182,0,8,0.9598753452301025
7183,6,5,0.4164266586303711
7184,5,4,0.4984543025493622
7185,8,8,0.9617183804512024
7186,2,7,0.48656222224235535
7187,7,7,0.9054789543151855
7188,4,7,0.4033753275871277
7189,0,8,0.6102060675621033
7190,2,2,0.76945960521698
7191,7,7,0.6569288372993469
7192,7,7,0.8179525136947632
7193,8,8,0.9096635580062866
7194,8,8,0.924554705619812
7195,7,3,0.2523193359375
7196,0,0,0.9502925872802734
7197,4,2,0.5214456915855408
7198,9,9,0.5155501961708069
7199,1,1,0.7780661582946777
7200,4,4,0.6238076090812683
7201,4,3,0.30563607811927795
7202,3,5,0.4376092553138733
7203,5,7,0.6022889614105225
7204,4,7,0.5244102478027344
7205,6,6,0.8470380902290344
7206,2,2,0.6673763990402222
7207,3,6,0.450154572725296
7208,1,1,0.9885233044624329
7209,0,0,0.9385107159614563
7210,3,6,0.6189702749252319
7211,3,3,0.26561373472213745
7212,3,3,0.3892000913619995
7213,6,2,0.6589322686195374
7214,3,5,0.8169744610786438
7215,1,1,0.9848436713218689
7216,2,2,0.8454948663711548
7217,8,1,0.34822142124176025
7218,9,8,0.581643283367157
7219,7,7,0.615750789642334
7220,9,9,0.4071216881275177
7221,3,3,0.5920804142951965
7222,8,8,0.4954301714897156
7223,7,7,0.9911511540412903
7224,3,1,0.5513393878936768
7225,1,1,0.9775131344795227
7226,7,7,0.7821166515350342
7227,7,4,0.6883241534233093
7228,3,3,0.7684863805770874
7229,2,3,0.32022976875305176
7230,2,5,0.4408312439918518
7231,8,8,0.9141491055488586
7232,9,1,0.8825317621231079
7233,5,3,0.4145359396934509
7234,9,9,0.9680814743041992
7235,2,6,0.41267117857933044
7236,1,1,0.6244030594825745
7237,7,4,0.5384688377380371
7238,4,4,0.5650606155395508
7239,4,4,0.7861651182174683
7240,0,0,0.47908249497413635
7241,5,3,0.4423029124736786
7242,7,7,0.3671422600746155
7243,1,1,0.776444137096405
7244,5,5,0.7742397785186768
7245,4,4,0.4898291826248169
7246,0,2,0.6818217635154724
7247,8,8,0.9462769627571106
7248,4,4,0.6911295056343079
7249,9,9,0.960494875907898
7250,8,8,0.6710919737815857
7251,7,7,0.7918170690536499
7252,8,8,0.9981892704963684
7253,4,5,0.288553386926651
7254,2,2,0.7157889604568481
7255,3,1,0.2937929034233093
7256,4,4,0.8432067632675171
7257,0,8,0.5200937986373901
7258,5,5,0.548263430595398
7259,4,4,0.8567880392074585
7260,1,1,0.7504742741584778
7261,8,8,0.5033840537071228
7262,2,2,0.5637014508247375
7263,5,6,0.6221358180046082
7264,4,4,0.482442170381546
7265,5,6,0.3673687279224396
7266,2,4,0.4797888398170471
7267,5,3,0.38847601413726807
7268,3,3,0.5344758629798889
7269,7,7,0.923922061920166
7270,9,9,0.9395339488983154
7271,7,5,0.5392221212387085
7272,1,1,0.6132001280784607
7273,4,4,0.618647575378418
7274,1,9,0.6216692924499512
7275,3,3,0.477535605430603
7276,1,1,0.9733570218086243
7277,4,4,0.6395490765571594
7278,5,5,0.35597437620162964
7279,5,3,0.5631210803985596
7280,1,9,0.6247587203979492
7281,7,2,0.3723317086696625
7282,1,1,0.9725541472434998
7283,3,6,0.3069235682487488
7284,0,9,0.4182106554508209
7285,1,9,0.6617818474769592
7286,2,2,0.6343554258346558
7287,5,7,0.7514467835426331
7288,7,7,0.9441247582435608
7289,0,0,0.7281302809715271
7290,6,3,0.3216870129108429
7291,3,3,0.778182864189148
7292,5,3,0.46603310108184814
7293,7,7,0.9055579304695129
7294,5,4,0.5353166460990906
7295,5,5,0.6524954438209534
7296,8,8,0.8919358253479004
7297,9,1,0.9799062609672546
7298,4,2,0.6309850811958313
7299,6,6,0.991841197013855
7300,3,5,0.3982751667499542
7301,6,6,0.9971218705177307
7302,6,6,0.7982668280601501
7303,8,8,0.8076499700546265
7304,2,6,0.4698944687843323
7305,6,6,0.9837612509727478
7306,4,4,0.4064304828643799
7307,8,8,0.9799544215202332
7308,4,4,0.8155655860900879
7309,1,1,0.9590944051742554
7310,3,5,0.740632951259613
7311,1,9,0.7872953414916992
7312,2,2,0.7984917163848877
7313,3,5,0.4604901373386383
7314,3,6,0.5795086622238159
7315,0,0,0.4480113387107849
7316,1,1,0.9371122121810913
7317,6,6,0.8374072909355164
7318,4,2,0.5440035462379456
7319,2,2,0.7352795004844666
7320,8,8,0.4782494306564331
7321,2,2,0.33850735425949097
7322,4,4,0.9523762464523315
7323,3,3,0.6550688743591309
7324,1,1,0.669515073299408
7325,4,4,0.9660037159919739
7326,4,4,0.47343114018440247
7327,4,4,0.8644852638244629
7328,4,4,0.6340836882591248
7329,1,1,0.8548933267593384
7330,5,5,0.6952588558197021
7331,5,5,0.9436708092689514
7332,7,7,0.3104482889175415
7333,6,6,0.9793146848678589
7334,5,5,0.579505980014801
7335,4,4,0.5903593301773071
7336,5,4,0.43091803789138794
7337,6,6,0.9736055731773376
7338,5,5,0.9389057159423828
7339,6,6,0.8806825876235962
7340,2,2,0.923842191696167
7341,4,4,0.6310388445854187
7342,7,7,0.45037639141082764
7343,7,2,0.5393949747085571
7344,4,4,0.7115150690078735
7345,6,6,0.9177321791648865
7346,5,5,0.6142100095748901
7347,0,0,0.8787655234336853
7348,2,6,0.3596459925174713
7349,3,3,0.7163686752319336
7350,9,9,0.7621853351593018
7351,2,1,0.7772999405860901
7352,3,3,0.6149216890335083
7353,8,8,0.9928204417228699
7354,0,0,0.9786219000816345
7355,7,7,0.9954278469085693
7356,0,0,0.7673927545547485
7357,6,6,0.72169029712677
7358,8,8,0.9896401762962341
7359,1,1,0.9866516590118408
7360,2,4,0.24565207958221436
7361,8,8,0.8752698302268982
7362,9,1,0.9229673147201538
7363,1,1,0.9937475919723511
7364,5,4,0.6246416568756104
7365,4,4,0.8285802006721497
7366,2,2,0.6804857850074768
7367,3,3,0.4940066337585449
7368,5,5,0.47190985083580017
7369,5,5,0.7105821967124939
7370,3,8,0.4592350721359253
7371,6,6,0.9566224813461304
7372,5,5,0.6869288086891174
7373,0,0,0.9666805267333984
7374,3,3,0.498446524143219
7375,2,0,0.27437981963157654
7376,1,1,0.9864460229873657
7377,3,3,0.6164218187332153
7378,3,5,0.9258318543434143
7379,7,7,0.9383130669593811
7380,7,7,0.7363467812538147
7381,4,4,0.9348523020744324
7382,9,9,0.42484763264656067
7383,4,4,0.493794709444046
7384,3,5,0.5811160802841187
7385,9,1,0.5711637139320374
7386,5,5,0.4628230333328247
7387,1,1,0.9395191073417664
7388,7,7,0.9055315852165222
7389,6,6,0.9217506051063538
7390,6,6,0.36955854296684265
7391,4,4,0.582214891910553
7392,8,8,0.8941746950149536
7393,5,2,0.42017805576324463
7394,1,1,0.9707132577896118
7395,2,5,0.3903386890888214
7396,8,8,0.47716960310935974
7397,4,6,0.8220080733299255
7398,5,3,0.35428130626678467
7399,3,5,0.4081104099750519
7400,3,5,0.3450387716293335
7401,3,5,0.5959236025810242
7402,0,0,0.4586550295352936
7403,4,4,0.7024122476577759
7404,8,8,0.4352527856826782
7405,7,7,0.996217668056488
7406,7,6,0.4258900582790375
7407,9,9,0.5919888019561768
7408,4,3,0.4389205873012543
7409,8,8,0.9390047192573547
7410,4,4,0.649982213973999
7411,5,4,0.32691365480422974
7412,9,9,0.7052227854728699
7413,1,1,0.6102641224861145
7414,8,8,0.7130842804908752
7415,3,3,0.3148594796657562
7416,1,8,0.34530583024024963
7417,3,6,0.7885510921478271
7418,8,8,0.6421242952346802
7419,0,8,0.35215747356414795
7420,3,4,0.514615535736084
7421,5,5,0.5761129856109619
7422,4,3,0.38349515199661255
7423,6,6,0.88335120677948
7424,9,1,0.8569621443748474
7425,2,2,0.6446635127067566
7426,7,7,0.9979926347732544
7427,2,4,0.5463362336158752
7428,0,0,0.9873253107070923
7429,5,5,0.3103697896003723
7430,2,2,0.62534099817276
7431,9,8,0.8971951007843018
7432,7,7,0.9955683350563049
7433,5,5,0.948239803314209
7434,0,0,0.8261459469795227
7435,7,7,0.44521403312683105
7436,0,0,0.620452344417572
7437,3,3,0.3103879392147064
7438,5,5,0.6273164749145508
7439,5,5,0.3463495075702667
7440,3,3,0.765140175819397
7441,8,8,0.5150894522666931
7442,7,7,0.38327866792678833
7443,7,5,0.33569809794425964
7444,9,9,0.569942831993103
7445,6,6,0.8753364086151123
7446,5,9,0.6239314675331116
7447,8,8,0.49625951051712036
7448,9,9,0.8567550778388977
7449,0,6,0.7613518834114075
7450,1,1,0.998751163482666
7451,9,1,0.9869356751441956
7452,4,4,0.25191184878349304
7453,0,1,0.5642215013504028
7454,0,8,0.5522944927215576
7455,1,9,0.8463144898414612
7456,7,7,0.8291757106781006
7457,2,4,0.3046239912509918
7458,2,5,0.7184478640556335
7459,8,8,0.9359440207481384
7460,5,5,0.9053282737731934
7461,9,9,0.9448031783103943
7462,8,1,0.9787718057632446
7463,2,2,0.7790707945823669
7464,8,8,0.9351085424423218
7465,0,8,0.519585907459259
7466,6,6,0.9981297850608826
7467,6,6,0.9643279910087585
7468,8,8,0.989066481590271
7469,6,6,0.7126179337501526
7470,9,9,0.9097739458084106
7471,6,2,0.4316985309123993
7472,1,1,0.36292460560798645
7473,1,1,0.8370504379272461
7474,5,5,0.7965871095657349
7475,3,5,0.6420138478279114
7476,5,5,0.7578845024108887
7477,0,0,0.8365134000778198
7478,7,7,0.6127833724021912
7479,6,6,0.9704410433769226
7480,1,8,0.688868522644043
7481,4,4,0.7366987466812134
7482,4,4,0.455057829618454
7483,1,1,0.913129448890686
7484,1,1,0.9995075464248657
7485,8,8,0.969395637512207
7486,1,1,0.9656669497489929
7487,1,1,0.9632934331893921
7488,2,2,0.5428189039230347
7489,3,3,0.46132534742355347
7490,4,4,0.76106858253479
7491,9,3,0.28608396649360657
7492,9,9,0.5458453297615051
7493,5,5,0.8378274440765381
7494,2,2,0.820056676864624
7495,7,7,0.6426455974578857
7496,3,4,0.5697926878929138
7497,3,5,0.34230756759643555
7498,6,6,0.4967937469482422
7499,9,1,0.9632048606872559
7500,6,6,0.8690071702003479
7501,9,1,0.7376125454902649
7502,8,1,0.5020690560340881
7503,8,8,0.7542652487754822
7504,6,3,0.616539478302002
7505,7,5,0.48914414644241333
7506,4,4,0.9528610110282898
7507,7,7,0.5017672777175903
7508,2,2,0.7040860056877136
7509,3,7,0.2774021625518799
7510,8,8,0.4678209125995636
7511,0,0,0.7860639691352844
7512,9,1,0.7315961122512817
7513,0,9,0.8014145493507385
7514,7,7,0.9970918893814087
7515,8,8,0.584100067615509
7516,1,1,0.9821374416351318
7517,2,2,0.5127043724060059
7518,3,3,0.30733561515808105
7519,2,8,0.6746195554733276
7520,4,4,0.5289795994758606
7521,2,2,0.5469143986701965
7522,9,9,0.9288575053215027
7523,0,0,0.9060370326042175
7524,3,2,0.5431958436965942
7525,8,8,0.9946854114532471
7526,9,9,0.7770195007324219
7527,6,6,0.3641044497489929
7528,5,5,0.7860429286956787
7529,5,3,0.43080928921699524
7530,2,2,0.5249892473220825
7531,4,3,0.5304936766624451
7532,1,1,0.9327811598777771
7533,0,0,0.5710471272468567
7534,6,6,0.5468965768814087
7535,1,1,0.9958855509757996
7536,8,1,0.7338406443595886
7537,4,4,0.2990235984325409
7538,5,5,0.526504397392273
7539,5,3,0.4875933825969696
7540,5,5,0.9346557259559631
7541,0,0,0.680326521396637
7542,8,8,0.6786841750144958
7543,9,9,0.9558348059654236
7544,0,0,0.8339683413505554
7545,5,7,0.6816360354423523
7546,7,7,0.4822643995285034
7547,9,9,0.9487183094024658
7548,6,6,0.888256847858429
7549,3,5,0.6719189286231995
7550,4,4,0.9431595206260681
7551,6,4,0.3829534649848938
7552,4,7,0.8790563344955444
7553,9,8,0.3527836501598358
7554,7,3,0.3613150417804718
7555,1,1,0.9890613555908203
7556,2,7,0.6712348461151123
7557,5,2,0.585335373878479
7558,2,7,0.6225152015686035
7559,8,1,0.9310111403465271
7560,0,0,0.305181086063385
7561,2,7,0.23209989070892334
7562,2,8,0.4641544818878174
7563,9,9,0.8904994130134583
7564,8,8,0.9577863812446594
7565,1,1,0.9071686267852783
7566,9,9,0.6142665147781372
7567,7,7,0.7864376306533813
7568,7,5,0.47518736124038696
7569,3,6,0.45061156153678894
7570,1,1,0.9690379500389099
7571,4,6,0.796657383441925
7572,1,1,0.7669593095779419
7573,1,1,0.8026031255722046
7574,3,3,0.37122464179992676
7575,8,8,0.9180774688720703
7576,8,8,0.960642397403717
7577,1,9,0.5725321769714355
7578,9,1,0.9439783692359924
7579,3,5,0.4941231310367584
7580,8,0,0.6406686902046204
7581,9,1,0.614740252494812
7582,5,3,0.30664169788360596
7583,1,1,0.8377058506011963
7584,1,1,0.9700998067855835
7585,6,6,0.9239570498466492
7586,2,2,0.32142508029937744
7587,7,7,0.5257899761199951
7588,2,5,0.5843152403831482
7589,6,6,0.7486521005630493
7590,2,4,0.4609212279319763
7591,6,6,0.8650974631309509
7592,9,9,0.9437395334243774
7593,6,6,0.6956852674484253
7594,0,0,0.3819112181663513
7595,1,1,0.4567910134792328
7596,3,5,0.6253530383110046
7597,9,9,0.8959457874298096
7598,3,3,0.4321955144405365
7599,8,8,0.682826817035675
7600,8,1,0.3203430771827698
7601,8,8,0.9473699927330017
7602,2,5,0.3120107054710388
7603,9,9,0.8717387914657593
7604,1,1,0.932860255241394
7605,2,6,0.5373775362968445
7606,6,6,0.9035853147506714
7607,0,8,0.601571798324585
7608,5,5,0.6509779691696167
7609,0,7,0.3301289975643158
7610,7,7,0.4658140540122986
7611,7,7,0.3123552203178406
7612,7,7,0.6084889769554138
7613,9,9,0.6753960847854614
7614,4,4,0.8278512358665466
7615,5,3,0.47941115498542786
7616,0,0,0.8927186727523804
7617,2,8,0.4311029016971588
7618,3,3,0.8323619961738586
7619,5,3,0.5283653140068054
7620,5,1,0.74367755651474
7621,8,8,0.8087739944458008
7622,9,9,0.9012367725372314
7623,1,8,0.694850504398346
7624,2,4,0.4476780891418457
7625,7,7,0.9415267705917358
7626,1,1,0.7987089157104492
7627,3,3,0.521737277507782
7628,4,3,0.6776784658432007
7629,6,6,0.6930761337280273
7630,9,9,0.8368488550186157
7631,1,1,0.9145919680595398
7632,0,7,0.6922880411148071
7633,7,7,0.9792872667312622
7634,1,1,0.9140533804893494
7635,9,9,0.9584107398986816
7636,5,5,0.726057231426239
7637,8,8,0.5941508412361145
7638,1,8,0.7116771340370178
7639,9,9,0.8957886099815369
7640,9,9,0.817106306552887
7641,7,6,0.5340517163276672
7642,9,1,0.8011310696601868
7643,8,1,0.9088683724403381
7644,3,3,0.3968504071235657
7645,0,0,0.5546717643737793
7646,2,2,0.6793954372406006
7647,6,6,0.9618349671363831
7648,0,8,0.4637414515018463
7649,2,5,0.35334259271621704
7650,2,2,0.6809178590774536
7651,4,4,0.8790265917778015
7652,0,0,0.8120408654212952
7653,8,8,0.959662675857544
7654,4,4,0.5690758228302002
7655,8,8,0.8229649066925049
7656,1,1,0.9624424576759338
7657,2,5,0.44458794593811035
7658,7,7,0.9491463899612427
7659,2,4,0.595770537853241
7660,7,5,0.4308055639266968
7661,9,9,0.9535743594169617
7662,5,5,0.6607853174209595
7663,2,2,0.5448393225669861
7664,2,2,0.6816689372062683
7665,9,1,0.7337095737457275
7666,2,7,0.3598366975784302
7667,6,4,0.5981708765029907
7668,5,5,0.644330620765686
7669,7,7,0.4732211232185364
7670,2,2,0.761215090751648
7671,5,5,0.8946776986122131
7672,6,6,0.9350346326828003
7673,5,7,0.5264149904251099
7674,1,9,0.66388338804245
7675,8,3,0.35841989517211914
7676,2,2,0.4252830147743225
7677,6,6,0.6807762384414673
7678,8,8,0.9966192245483398
7679,6,6,0.9729936122894287
7680,3,5,0.453477680683136
7681,0,0,0.6019114851951599
7682,8,8,0.49585458636283875
7683,0,0,0.9496979713439941
7684,0,2,0.6959030032157898
7685,9,1,0.7064250707626343
7686,9,0,0.27484655380249023
7687,6,5,0.27645814418792725
7688,8,8,0.7201496362686157
7689,0,8,0.5246444940567017
7690,6,6,0.9328578114509583
7691,6,6,0.9966183304786682
7692,0,0,0.8595024347305298
7693,7,7,0.959671676158905
7694,9,9,0.9954818487167358
7695,8,8,0.9757196307182312
7696,0,0,0.8421506881713867
7697,5,7,0.8140165209770203
7698,0,0,0.9826164245605469
7699,9,9,0.8670575022697449
7700,6,6,0.9832261204719543
7701,0,0,0.9777824878692627
7702,4,4,0.5467523336410522
7703,7,7,0.9948845505714417
7704,1,1,0.8901062607765198
7705,7,5,0.36117634177207947
7706,8,8,0.7935988903045654
7707,8,8,0.7394817471504211
7708,2,4,0.8890151977539062
7709,3,4,0.7300968170166016
7710,9,5,0.2553137540817261
7711,6,4,0.43225908279418945
7712,5,5,0.8155167102813721
7713,5,1,0.2910858392715454
7714,3,3,0.6151968240737915
7715,1,1,0.9974825978279114
7716,5,5,0.8499457240104675
7717,3,3,0.37118279933929443
7718,0,0,0.8392424583435059
7719,2,2,0.3404635488986969
7720,5,5,0.7119537591934204
7721,2,2,0.8548454642295837
7722,7,5,0.3835243582725525
7723,3,4,0.40561315417289734
7724,8,8,0.8131408095359802
7725,4,4,0.694724440574646
7726,4,2,0.3999452590942383
7727,6,6,0.9798702001571655
7728,1,0,0.35771918296813965
7729,9,9,0.8604981899261475
7730,4,4,0.8142070174217224
7731,1,1,0.9513312578201294
7732,7,7,0.9937870502471924
7733,0,0,0.8927013278007507
7734,1,5,0.2426338940858841
7735,4,0,0.43457093834877014
7736,3,3,0.6166734099388123
7737,0,8,0.7401461005210876
7738,2,2,0.700150191783905
7739,9,9,0.9983331561088562
7740,4,4,0.32781746983528137
7741,5,5,0.5726612210273743
7742,0,8,0.5240827798843384
7743,3,3,0.5048302412033081
7744,4,4,0.3882196247577667
7745,7,7,0.8202230930328369
7746,2,2,0.47848328948020935
7747,3,4,0.5939503312110901
7748,0,0,0.9637569785118103
7749,1,1,0.777743399143219
7750,3,2,0.594754159450531
7751,7,7,0.6920839548110962
7752,9,9,0.5106210708618164
7753,9,1,0.7198395133018494
7754,0,0,0.8036426305770874
7755,7,7,0.938988208770752
7756,5,5,0.20162147283554077
7757,6,6,0.9571784734725952
7758,7,7,0.9516341090202332
7759,1,1,0.9322405457496643
7760,2,2,0.47851815819740295
7761,2,3,0.6122255921363831
7762,7,7,0.9887369275093079
7763,4,2,0.24992191791534424
7764,6,6,0.8187777996063232
7765,8,8,0.9609018564224243
7766,4,6,0.9607889652252197
7767,9,9,0.7630523443222046
7768,8,8,0.9518504738807678
7769,4,4,0.41612696647644043
7770,9,9,0.8448664546012878
7771,2,0,0.4409862160682678
7772,3,3,0.6812982559204102
7773,4,4,0.6850956082344055
7774,0,0,0.9521119594573975
7775,2,2,0.44390642642974854
7776,5,5,0.5984057188034058
7777,6,6,0.9762021899223328
7778,0,4,0.43469366431236267
7779,5,2,0.7630298137664795
7780,3,8,0.30186840891838074
7781,5,3,0.3437911570072174
7782,8,8,0.9985436201095581
7783,3,5,0.6460732817649841
7784,7,2,0.4522397518157959
7785,4,2,0.8216973543167114
7786,9,9,0.9104729294776917
7787,5,5,0.5854935050010681
7788,6,6,0.9123610854148865
7789,3,3,0.4199671745300293
7790,8,0,0.5090191960334778
7791,6,4,0.3003959655761719
7792,9,1,0.9738516211509705
7793,8,8,0.9201958179473877
7794,5,6,0.536726713180542
7795,5,6,0.4548754394054413
7796,8,8,0.9880367517471313
7797,3,6,0.49474790692329407
7798,5,5,0.7874500155448914
7799,9,1,0.7253823280334473
7800,0,8,0.8074998259544373
7801,4,4,0.6239481568336487
7802,2,2,0.3112963140010834
7803,0,8,0.6982144713401794
7804,5,7,0.4459899067878723
7805,9,1,0.9241741895675659
7806,9,9,0.7910296320915222
7807,3,6,0.3357076644897461
7808,8,8,0.9131273627281189
7809,0,0,0.6402842998504639
7810,6,6,0.9763672947883606
7811,0,0,0.5075424909591675
7812,2,4,0.6897510886192322
7813,3,0,0.3633059561252594
7814,7,7,0.9115000367164612
7815,0,1,0.6424444317817688
7816,0,4,0.39686518907546997
7817,6,6,0.6740351915359497
7818,9,9,0.8588952422142029
7819,1,9,0.5447302460670471
7820,5,8,0.5033676028251648
7821,2,0,0.5363086462020874
7822,2,6,0.5211765766143799
7823,7,4,0.46972933411598206
7824,9,1,0.40805691480636597
7825,3,6,0.8946750164031982
7826,9,1,0.7570831179618835
7827,3,7,0.6597285866737366
7828,5,5,0.8127059936523438
7829,2,0,0.5786950588226318
7830,2,1,0.30700066685676575
7831,2,4,0.48455995321273804
7832,8,8,0.8007664680480957
7833,8,8,0.7794744968414307
7834,5,4,0.45003271102905273
7835,0,0,0.9904822111129761
7836,0,8,0.5667145252227783
7837,7,7,0.9855061769485474
7838,0,0,0.7617455720901489
7839,3,3,0.3851296305656433
7840,1,1,0.9992073178291321
7841,6,4,0.31206509470939636
7842,5,5,0.2801477611064911
7843,0,9,0.25163888931274414
7844,9,9,0.9582897424697876
7845,2,2,0.6457305550575256
7846,6,3,0.6039838790893555
7847,7,4,0.4197612702846527
7848,4,2,0.8101075887680054
7849,2,0,0.9502359628677368
7850,0,0,0.6638396978378296
7851,0,0,0.7695859670639038
7852,5,7,0.8683740496635437
7853,3,2,0.29198628664016724
7854,3,3,0.6802566647529602
7855,2,5,0.6006569862365723
7856,6,6,0.7234784364700317
7857,4,6,0.24865823984146118
7858,2,2,0.6283906102180481
7859,7,5,0.4355411231517792
7860,8,8,0.8577702641487122
7861,0,9,0.29283860325813293
7862,1,1,0.43030816316604614
7863,0,0,0.6205583214759827
7864,1,1,0.9973100423812866
7865,3,3,0.5736633539199829
7866,6,6,0.9110519886016846
7867,4,4,0.38808172941207886
7868,8,8,0.5277466773986816
7869,0,0,0.818738579750061
7870,6,6,0.9228927493095398
7871,0,0,0.305300772190094
7872,9,9,0.8165203332901001
7873,1,1,0.5094481110572815
7874,6,4,0.5496215224266052
7875,2,2,0.3231828212738037
7876,1,1,0.9836628437042236
7877,0,4,0.38192063570022583
7878,1,1,0.6930181980133057
7879,3,6,0.2962695360183716
7880,0,0,0.848024308681488
7881,3,6,0.6357290148735046
7882,7,7,0.821351170539856
7883,9,9,0.8205106258392334
7884,9,7,0.41574496030807495
7885,3,6,0.8714044690132141
7886,7,7,0.9991381168365479
7887,5,5,0.888839840888977
7888,7,7,0.9921994805335999
7889,1,1,0.7779621481895447
7890,6,6,0.709368884563446
7891,6,6,0.9509973526000977
7892,1,9,0.8075942397117615
7893,1,9,0.7124329209327698
7894,1,1,0.964359700679779
7895,4,4,0.6073611378669739
7896,4,2,0.38337311148643494
7897,2,7,0.8655703067779541
7898,1,1,0.9891427159309387
7899,7,7,0.38034674525260925
7900,0,1,0.24917232990264893
7901,1,1,0.9079270958900452
7902,2,2,0.31330761313438416
7903,1,1,0.7078225016593933
7904,1,1,0.9720556735992432
7905,3,7,0.46406182646751404
7906,2,2,0.3368903696537018
7907,6,3,0.555836021900177
7908,9,9,0.7059487104415894
7909,1,8,0.7838444709777832
7910,3,5,0.5069443583488464
7911,2,5,0.5657420754432678
7912,0,0,0.3502543270587921
7913,8,0,0.7781816124916077
7914,7,7,0.693748950958252
7915,3,5,0.7358760237693787
7916,4,4,0.4680423438549042
7917,6,6,0.6104732155799866
7918,4,5,0.8334984183311462
7919,6,6,0.4653118848800659
7920,9,9,0.636513352394104
7921,4,6,0.30972597002983093
7922,8,8,0.7547529935836792
7923,9,9,0.5483093857765198
7924,3,5,0.4111381471157074
7925,0,0,0.7904781699180603
7926,5,3,0.5746463537216187
7927,7,7,0.5516504645347595
7928,2,3,0.23399755358695984
7929,0,0,0.8627399802207947
7930,2,2,0.7098849415779114
7931,9,9,0.40669482946395874
7932,9,1,0.6363865733146667
7933,3,3,0.3328063488006592
7934,8,8,0.9547245502471924
7935,7,7,0.5625258088111877
7936,1,1,0.9949498176574707
7937,1,1,0.9490295648574829
7938,2,2,0.33581992983818054
7939,2,2,0.5499750375747681
7940,2,6,0.4189663827419281
7941,5,5,0.3483157157897949
7942,9,1,0.7121689915657043
7943,1,1,0.9609116911888123
7944,2,2,0.700090229511261
7945,6,6,0.377902090549469
7946,1,1,0.5108088254928589
7947,2,6,0.5565713047981262
7948,1,1,0.9913747906684875
7949,8,8,0.7775010466575623
7950,9,9,0.7692250609397888
7951,2,2,0.9718567728996277
7952,3,8,0.7189846634864807
7953,1,1,0.9137973785400391
7954,9,1,0.7299982309341431
7955,9,9,0.9179521203041077
7956,4,7,0.4744342565536499
7957,4,4,0.5597823858261108
7958,5,3,0.6899381875991821
7959,5,0,0.2915666997432709
7960,0,0,0.5814576745033264
7961,3,5,0.32406067848205566
7962,3,5,0.7333616614341736
7963,7,4,0.31455692648887634
7964,1,9,0.37300583720207214
7965,7,7,0.9899841547012329
7966,7,7,0.9100843667984009
7967,9,2,0.26383620500564575
7968,8,8,0.8351425528526306
7969,6,6,0.8895624876022339
7970,3,3,0.41157111525535583
7971,5,5,0.47613897919654846
7972,5,5,0.48280787467956543
7973,1,1,0.784809947013855
7974,6,6,0.3486306667327881
7975,2,2,0.4056718647480011
7976,7,4,0.9273049235343933
7977,8,8,0.9834848046302795
7978,4,4,0.5519675612449646
7979,3,3,0.49749699234962463
7980,3,3,0.5540463328361511
7981,5,5,0.73431396484375
7982,9,9,0.9704674482345581
7983,6,8,0.9538547396659851
7984,8,8,0.7475743889808655
7985,5,5,0.4790971577167511
7986,1,8,0.7675294280052185
7987,0,0,0.9252612590789795
7988,6,6,0.9235509634017944
7989,7,5,0.6657443642616272
7990,0,0,0.8475289940834045
7991,9,1,0.5414816737174988
7992,6,6,0.994266927242279
7993,2,2,0.6803372502326965
7994,0,0,0.9505346417427063
7995,8,8,0.8506432175636292
7996,7,7,0.959234893321991
7997,1,1,0.9758650064468384
7998,2,0,0.6951860189437866
7999,6,6,0.9123599529266357
8000,9,9,0.9067850708961487
8001,1,1,0.9428739547729492
8002,6,6,0.9563092589378357
8003,4,5,0.25403934717178345
8004,7,3,0.2797815799713135
8005,1,1,0.7039995193481445
8006,9,3,0.38173291087150574
8007,0,6,0.7786810398101807
8008,0,0,0.7342029809951782
8009,5,6,0.5517134666442871
8010,2,2,0.7079249024391174
8011,8,8,0.7427313923835754
8012,3,3,0.6845158338546753
8013,8,0,0.6194317936897278
8014,2,2,0.9248725771903992
8015,8,8,0.45695802569389343
8016,4,2,0.3245141804218292
8017,0,0,0.9296894073486328
8018,8,8,0.8009033203125
8019,3,6,0.670058012008667
8020,6,3,0.42532989382743835
8021,1,1,0.8441150188446045
8022,2,5,0.2670949697494507
8023,3,5,0.6360111236572266
8024,0,0,0.5570328831672668
8025,5,3,0.3441919982433319
8026,0,0,0.45361873507499695
8027,4,5,0.4158249497413635
8028,1,1,0.9066606163978577
8029,7,7,0.7635020017623901
8030,2,2,0.7563392519950867
8031,0,0,0.7167271971702576
8032,1,1,0.7717954516410828
8033,3,3,0.639948308467865
8034,9,9,0.7734102010726929
8035,1,1,0.607815146446228
8036,6,6,0.4065427780151367
8037,1,1,0.99529629945755
8038,6,6,0.7936913967132568
8039,1,1,0.9764544367790222
8040,2,2,0.577099621295929
8041,8,6,0.5256056189537048
8042,7,7,0.9941025376319885
8043,0,2,0.6338216662406921
8044,9,9,0.7187768816947937
8045,5,5,0.3964077830314636
8046,8,0,0.2965793311595917
8047,0,8,0.8414255380630493
8048,0,0,0.5125966668128967
8049,1,1,0.7498352527618408
8050,7,5,0.25147825479507446
8051,9,9,0.37161487340927124
8052,7,7,0.927444577217102
8053,1,1,0.9033079147338867
8054,9,9,0.6524109244346619
8055,2,2,0.8193057775497437
8056,1,9,0.4784885048866272
8057,9,1,0.5134286880493164
8058,4,7,0.6970625519752502
8059,3,3,0.7675169110298157
8060,6,6,0.9918819069862366
8061,0,0,0.8707159161567688
8062,2,4,0.6263541579246521
8063,0,0,0.43369996547698975
8064,0,0,0.8760175108909607
8065,9,9,0.8846746683120728
8066,9,0,0.6732977032661438
8067,8,8,0.9268168210983276
8068,9,1,0.610256016254425
8069,4,2,0.6522485613822937
8070,5,2,0.4191838800907135
8071,4,5,0.4502946436405182
8072,3,3,0.5199902057647705
8073,0,8,0.7749003171920776
8074,7,7,0.923052191734314
8075,8,8,0.9301407337188721
8076,7,7,0.998359739780426
8077,3,3,0.19716955721378326
8078,7,3,0.5023351907730103
8079,5,3,0.47028419375419617
8080,4,4,0.659326434135437
8081,6,6,0.9561451077461243
8082,5,5,0.6034663319587708
8083,9,9,0.9356501698493958
8084,5,3,0.35815227031707764
8085,2,2,0.8306500911712646
8086,4,4,0.5952694416046143
8087,2,7,0.560583233833313
8088,7,7,0.887844443321228
8089,9,9,0.7067922949790955
8090,6,6,0.9228345155715942
8091,7,7,0.6434836983680725
8092,4,7,0.34487906098365784
8093,7,0,0.5883112549781799
8094,1,1,0.9896382093429565
8095,2,0,0.4809453785419464
8096,3,3,0.789689838886261
8097,1,1,0.9930806756019592
8098,1,9,0.8619482517242432
8099,3,6,0.5998381972312927
8100,6,6,0.665432333946228
8101,8,9,0.6125291585922241
8102,3,3,0.43917325139045715
8103,7,7,0.5021430850028992
8104,7,7,0.9313336610794067
8105,0,0,0.6873867511749268
8106,8,9,0.4966152310371399
8107,1,2,0.5283132195472717
8108,5,5,0.942977249622345
8109,2,6,0.7277147173881531
8110,5,6,0.8749693632125854
8111,5,5,0.6762963533401489
8112,3,4,0.36237379908561707
8113,6,6,0.9356130957603455
8114,3,5,0.567884087562561
8115,5,5,0.4253016412258148
8116,9,9,0.9292556047439575
8117,8,8,0.9251684546470642
8118,4,4,0.3405362665653229
8119,6,3,0.3806776702404022
8120,8,8,0.47916415333747864
8121,0,0,0.800865650177002
8122,4,5,0.45765823125839233
8123,1,1,0.5905858874320984
8124,7,7,0.8892002701759338
8125,8,1,0.9182307124137878
8126,4,2,0.31478697061538696
8127,9,1,0.4718072712421417
8128,7,4,0.8116685152053833
8129,2,4,0.44157174229621887
8130,6,6,0.8411353826522827
8131,3,3,0.3814789950847626
8132,8,8,0.9569389224052429
8133,8,0,0.34973302483558655
8134,6,6,0.8913716077804565
8135,7,2,0.3812001347541809
8136,3,2,0.7422198057174683
8137,8,0,0.8335666656494141
8138,1,1,0.8639401793479919
8139,1,9,0.6548258066177368
8140,5,3,0.29761525988578796
8141,3,3,0.7237926125526428
8142,7,7,0.9004130363464355
8143,9,9,0.8936217427253723
8144,9,9,0.9608815908432007
8145,9,3,0.38937175273895264
8146,8,1,0.5101335048675537
8147,5,5,0.9046632051467896
8148,9,9,0.5241110324859619
8149,9,9,0.9426115155220032
8150,6,6,0.9995934367179871
8151,8,8,0.8065323829650879
8152,8,8,0.9752210974693298
8153,4,0,0.33730342984199524
8154,8,5,0.5883928537368774
8155,1,1,0.9871029257774353
8156,0,0,0.6537633538246155
8157,1,1,0.989812433719635
8158,8,8,0.9097665548324585
8159,8,8,0.9449175000190735
8160,6,6,0.5608316659927368
8161,5,3,0.5280584096908569
8162,9,9,0.6883307099342346
8163,0,0,0.8533639907836914
8164,6,6,0.7891277074813843
8165,1,9,0.5196636915206909
8166,2,5,0.45999032258987427
8167,6,6,0.9317070841789246
8168,6,6,0.8998420238494873
8169,3,6,0.4541919231414795
8170,5,3,0.4463341236114502
8171,6,3,0.21037322282791138
8172,5,3,0.48372578620910645
8173,5,7,0.9513557553291321
8174,3,7,0.5693007111549377
8175,3,5,0.5761874914169312
8176,6,3,0.3500862717628479
8177,8,8,0.6841502785682678
8178,9,1,0.435641884803772
8179,4,4,0.9153426289558411
8180,4,6,0.648378849029541
8181,3,6,0.5021122694015503
8182,8,3,0.26516062021255493
8183,3,5,0.8155915141105652
8184,6,6,0.8625935316085815
8185,0,0,0.8779569864273071
8186,8,8,0.9765943884849548
8187,5,5,0.8666766881942749
8188,7,7,0.4749085605144501
8189,8,0,0.4325540363788605
8190,4,6,0.38708221912384033
8191,6,4,0.5516038537025452
8192,5,5,0.6932748556137085
8193,3,5,0.8670932054519653
8194,1,1,0.8748213648796082
8195,8,8,0.997377872467041
8196,3,9,0.615161120891571
8197,0,8,0.8938422203063965
8198,4,2,0.4143293499946594
8199,4,4,0.8698854446411133
8200,3,3,0.45743706822395325
8201,3,3,0.5211858153343201
8202,5,7,0.6322299838066101
8203,3,3,0.746963381767273
8204,3,6,0.7811972498893738
8205,2,2,0.40697014331817627
8206,7,7,0.8279131650924683
8207,7,7,0.9933916330337524
8208,8,8,0.9314991235733032
8209,2,4,0.661462128162384
8210,0,0,0.991792619228363
8211,5,5,0.4641469717025757
8212,5,3,0.46721041202545166
8213,6,6,0.988810658454895
8214,1,1,0.8194108009338379
8215,1,1,0.987947404384613
8216,3,5,0.368743896484375
8217,9,9,0.7785432934761047
8218,9,6,0.79655921459198
8219,3,6,0.8743321895599365
8220,6,2,0.38869228959083557
8221,7,7,0.9868580102920532
8222,1,8,0.6059828400611877
8223,8,8,0.9753132462501526
8224,3,6,0.6557332873344421
8225,9,0,0.5113980174064636
8226,8,4,0.2467205971479416
8227,7,9,0.4107299745082855
8228,8,8,0.9862646460533142
8229,8,2,0.34662890434265137
8230,0,0,0.8210657835006714
8231,3,9,0.5250727534294128
8232,2,5,0.4603561460971832
8233,4,6,0.8375422358512878
8234,8,1,0.813194751739502
8235,7,7,0.9998061060905457
8236,5,8,0.6607486009597778
8237,7,7,0.6955613493919373
8238,1,1,0.44357606768608093
8239,8,8,0.8577866554260254
8240,7,7,0.993444561958313
8241,3,3,0.3688203692436218
8242,5,3,0.3139159381389618
8243,4,4,0.8867254257202148
8244,4,4,0.6973648071289062
8245,3,5,0.7062230110168457
8246,8,8,0.8962184190750122
8247,6,6,0.9862158298492432
8248,1,8,0.35157540440559387
8249,1,1,0.5020655989646912
8250,6,6,0.8423829674720764
8251,3,3,0.7530936598777771
8252,2,2,0.36346352100372314
8253,2,2,0.40599191188812256
8254,8,8,0.621813952922821
8255,9,1,0.8132577538490295
8256,8,8,0.8553497195243835
8257,3,3,0.5639837980270386
8258,3,3,0.3450728952884674
8259,8,1,0.911961555480957
8260,1,1,0.7597395777702332
8261,1,7,0.34778860211372375
8262,0,0,0.43854576349258423
8263,5,5,0.6149914264678955
8264,2,2,0.7087574601173401
8265,0,0,0.7937724590301514
8266,5,5,0.646979570388794
8267,0,1,0.40417560935020447
8268,5,5,0.290505051612854
8269,8,8,0.45232412219047546
8270,6,6,0.5655066967010498
8271,3,3,0.7069911956787109
8272,9,8,0.39053282141685486
8273,6,6,0.8721061944961548
8274,6,1,0.3021569848060608
8275,3,5,0.36785387992858887
8276,9,0,0.4624279737472534
8277,4,7,0.8628971576690674
8278,8,8,0.8647463917732239
8279,3,3,0.4424732029438019
8280,4,3,0.3697578012943268
8281,3,5,0.8783942461013794
8282,1,1,0.5179491639137268
8283,1,1,0.5492621660232544
8284,2,2,0.5883349180221558
8285,9,9,0.8914067149162292
8286,7,6,0.3520892560482025
8287,8,8,0.9140424132347107
8288,5,5,0.9636238813400269
8289,5,5,0.3520844280719757
8290,8,8,0.4498392641544342
8291,6,2,0.31777283549308777
8292,9,6,0.23957660794258118
8293,0,5,0.22962069511413574
8294,8,8,0.924060046672821
8295,3,0,0.8384947180747986
8296,5,5,0.43109965324401855
8297,1,1,0.9674673080444336
8298,3,3,0.4633096754550934
8299,3,3,0.47213926911354065
8300,5,5,0.42431846261024475
8301,5,4,0.593551754951477
8302,3,6,0.4466124475002289
8303,8,8,0.7939060926437378
8304,1,6,0.4746686816215515
8305,4,3,0.4314398169517517
8306,6,2,0.5920352339744568
8307,4,4,0.8333778977394104
8308,2,5,0.5369320511817932
8309,4,6,0.8344942927360535
8310,3,5,0.7135404944419861
8311,8,9,0.3976389169692993
8312,9,9,0.5547192692756653
8313,6,4,0.32334575057029724
8314,6,6,0.40500399470329285
8315,6,6,0.8907062411308289
8316,5,2,0.4183879792690277
8317,5,2,0.6158257722854614
8318,2,4,0.29957225918769836
8319,7,7,0.7587146759033203
8320,7,9,0.4593873620033264
8321,4,4,0.46382853388786316
8322,4,4,0.5885575413703918
8323,9,9,0.6705038547515869
8324,3,5,0.3737080693244934
8325,8,8,0.6982631087303162
8326,3,5,0.33138471841812134
8327,7,7,0.6307783722877502
8328,7,7,0.8078942894935608
8329,8,8,0.9541728496551514
8330,5,5,0.9674248695373535
8331,3,2,0.47140341997146606
8332,9,9,0.7174517512321472
8333,1,1,0.41919276118278503
8334,6,6,0.38297656178474426
8335,7,5,0.3003471791744232
8336,3,5,0.5859930515289307
8337,3,4,0.7151660919189453
8338,3,2,0.5139250159263611
8339,8,8,0.8805015683174133
8340,5,5,0.4547978937625885
8341,6,6,0.8346039056777954
8342,1,9,0.6824742555618286
8343,3,3,0.4607822895050049
8344,7,4,0.4398627281188965
8345,9,9,0.4242461919784546
8346,6,3,0.5778207182884216
8347,1,1,0.9950841069221497
8348,6,6,0.8815799355506897
8349,4,7,0.5616240501403809
8350,9,9,0.8624405264854431
8351,0,2,0.6023051738739014
8352,5,5,0.5053788423538208
8353,7,7,0.9941529631614685
8354,4,4,0.5707204341888428
8355,9,9,0.9504378437995911
8356,1,1,0.9993347525596619
8357,0,4,0.31786084175109863
8358,0,0,0.9727739095687866
8359,2,6,0.4481710195541382
8360,7,7,0.8623499274253845
8361,8,1,0.9743586182594299
8362,3,7,0.39459332823753357
8363,2,5,0.3700619339942932
8364,7,8,0.3274456858634949
8365,6,6,0.7849739789962769
8366,1,1,0.9976640939712524
8367,6,6,0.7031853199005127
8368,6,6,0.8890420794487
8369,4,4,0.5209214091300964
8370,4,6,0.5819159746170044
8371,2,2,0.6302871108055115
8372,1,1,0.3959828019142151
8373,8,8,0.9058576822280884
8374,4,4,0.8461176156997681
8375,4,4,0.7617640495300293
8376,7,1,0.6239423751831055
8377,8,8,0.8716660141944885
8378,5,4,0.2716655135154724
8379,8,8,0.9993026256561279
8380,9,9,0.6809929013252258
8381,4,3,0.5171183943748474
8382,3,3,0.7305102348327637
8383,2,2,0.47221639752388
8384,2,6,0.6190812587738037
8385,9,1,0.8685237765312195
8386,3,4,0.30375951528549194
8387,0,0,0.5694604516029358
8388,1,1,0.8972541689872742
8389,1,1,0.9941818118095398
8390,1,9,0.481901615858078
8391,1,1,0.9229564666748047
8392,6,6,0.6378862261772156
8393,8,8,0.9119530320167542
8394,7,3,0.38499513268470764
8395,1,1,0.7642620801925659
8396,3,3,0.6509491205215454
8397,0,0,0.44765791296958923
8398,4,4,0.4468577206134796
8399,5,5,0.42007219791412354
8400,0,0,0.649370551109314
8401,3,5,0.341524213552475
8402,0,0,0.8813049793243408
8403,6,6,0.8179193139076233
8404,2,4,0.3975551426410675
8405,0,4,0.48395881056785583
8406,9,9,0.935161292552948
8407,8,8,0.8845106363296509
8408,6,6,0.45648908615112305
8409,8,8,0.9259634017944336
8410,5,5,0.4551735520362854
8411,8,8,0.939899206161499
8412,2,4,0.42353928089141846
8413,9,1,0.5043348073959351
8414,6,6,0.887211799621582
8415,0,0,0.9373033046722412
8416,6,2,0.2741745710372925
8417,1,1,0.900050163269043
8418,8,8,0.9044532775878906
8419,7,2,0.2791344225406647
8420,3,6,0.4194740951061249
8421,2,3,0.5440315008163452
8422,2,8,0.2320871502161026
8423,6,6,0.9925647974014282
8424,5,6,0.46540093421936035
8425,6,2,0.5778321027755737
8426,9,9,0.9771752953529358
8427,2,8,0.48449862003326416
8428,5,5,0.40562039613723755
8429,4,4,0.9204725623130798
8430,9,9,0.3741248548030853
8431,8,8,0.9291502237319946
8432,5,5,0.6501153707504272
8433,3,3,0.40122443437576294
8434,9,9,0.9641163945198059
8435,3,2,0.31116509437561035
8436,5,5,0.6821929216384888
8437,7,7,0.9507631659507751
8438,1,6,0.8521950840950012
8439,8,8,0.8139810562133789
8440,5,5,0.6126832962036133
8441,8,8,0.9939327836036682
8442,6,6,0.7832719683647156
8443,2,7,0.7049378156661987
8444,5,5,0.4884733259677887
8445,1,1,0.8862733244895935
8446,3,3,0.5445655584335327
8447,0,0,0.7765975594520569
8448,4,2,0.35865846276283264
8449,1,1,0.6897046566009521
8450,9,9,0.38336214423179626
8451,5,3,0.41421693563461304
8452,4,4,0.7853496670722961
8453,9,1,0.7918800711631775
8454,2,7,0.31025105714797974
8455,1,1,0.9843946099281311
8456,4,4,0.3886687755584717
8457,2,4,0.6142730712890625
8458,5,5,0.9383264780044556
8459,9,9,0.8885319828987122
8460,8,8,0.9685577750205994
8461,7,5,0.3455161452293396
8462,2,4,0.8139638304710388
8463,1,6,0.20180702209472656
8464,6,6,0.8127462267875671
8465,9,1,0.9366253614425659
8466,7,7,0.8467255234718323
8467,3,3,0.6669411659240723
8468,6,6,0.9834996461868286
8469,5,3,0.5107206702232361
8470,8,8,0.7681803703308105
8471,0,8,0.7132595181465149
8472,2,2,0.9469231963157654
8473,2,2,0.5814415812492371
8474,4,4,0.39465925097465515
8475,9,6,0.4025265872478485
8476,0,3,0.4190424382686615
8477,5,5,0.8514978885650635
8478,5,3,0.5591603517532349
8479,4,4,0.5321335792541504
8480,2,2,0.23252572119235992
8481,3,4,0.46348923444747925
8482,1,1,0.8905037045478821
8483,0,0,0.9058418273925781
8484,3,1,0.5904121994972229
8485,0,0,0.9346047043800354
8486,4,4,0.6020460724830627
8487,4,3,0.4660530388355255
8488,9,7,0.8947620391845703
8489,1,1,0.8866826891899109
8490,3,5,0.5226222276687622
8491,3,7,0.4949447810649872
8492,0,9,0.843909740447998
8493,2,5,0.3701356053352356
8494,1,3,0.3163510859012604
8495,1,1,0.9899795055389404
8496,0,0,0.7813318967819214
8497,4,4,0.7823837995529175
8498,1,1,0.7414447665214539
8499,9,9,0.9253382086753845
8500,4,4,0.9033644795417786
8501,8,8,0.6321531534194946
8502,1,1,0.8790730237960815
8503,1,1,0.8805919885635376
8504,1,1,0.9880567789077759
8505,5,2,0.4087228775024414
8506,9,9,0.9739834666252136
8507,8,8,0.665632963180542
8508,1,9,0.748875617980957
8509,6,6,0.4826168119907379
8510,7,7,0.9646224975585938
8511,2,2,0.28908804059028625
8512,9,9,0.5445000529289246
8513,9,9,0.9202604293823242
8514,7,2,0.29505252838134766
8515,8,8,0.984351396560669
8516,8,2,0.3396744728088379
8517,1,1,0.9860388040542603
8518,9,3,0.31760674715042114
8519,7,7,0.9126940965652466
8520,8,8,0.9561449885368347
8521,9,8,0.7371261715888977
8522,1,1,0.9977403879165649
8523,6,6,0.9721866846084595
8524,6,6,0.46267569065093994
8525,3,6,0.325288861989975
8526,3,4,0.4072084426879883
8527,1,3,0.4520855247974396
8528,3,3,0.3707664906978607
8529,0,0,0.31052738428115845
8530,8,1,0.47099873423576355
8531,8,8,0.9459772109985352
8532,3,3,0.5618942379951477
8533,6,6,0.5666536092758179
8534,6,6,0.995315670967102
8535,7,7,0.8601969480514526
8536,1,0,0.6151329278945923
8537,0,0,0.9048671722412109
8538,7,7,0.4353925585746765
8539,6,6,0.4227525591850281
8540,4,4,0.675048291683197
8541,8,1,0.9192900657653809
8542,2,6,0.8399614691734314
8543,0,0,0.6714876294136047
8544,6,6,0.9650669693946838
8545,6,6,0.6189507246017456
8546,8,0,0.8042734861373901
8547,6,6,0.705363929271698
8548,3,5,0.48277634382247925
8549,1,1,0.9255699515342712
8550,1,1,0.7489940524101257
8551,8,8,0.7414135336875916
8552,6,6,0.6255455017089844
8553,7,1,0.5179968476295471
8554,0,0,0.9861667156219482
8555,5,5,0.7238466739654541
8556,4,4,0.6242514848709106
8557,3,6,0.7799986004829407
8558,2,2,0.4089389443397522
8559,1,1,0.9639235138893127
8560,7,7,0.7753673791885376
8561,8,8,0.9032641649246216
8562,2,2,0.2874380350112915
8563,0,1,0.31884440779685974
8564,1,1,0.943626880645752
8565,7,7,0.9184004068374634
8566,4,0,0.262840211391449
8567,8,8,0.9730284810066223
8568,7,7,0.9937806725502014
8569,6,3,0.5822573900222778
8570,6,6,0.836841344833374
8571,7,7,0.7559929490089417
8572,0,8,0.6637740135192871
8573,6,4,0.3074464797973633
8574,4,4,0.5979967713356018
8575,9,9,0.9810950756072998
8576,2,0,0.3665948510169983
8577,3,2,0.4006155729293823
8578,2,5,0.9004513025283813
8579,1,1,0.8541742563247681
8580,3,0,0.2989174723625183
8581,8,0,0.4120333194732666
8582,6,6,0.977712869644165
8583,8,8,0.9050160050392151
8584,1,1,0.538762629032135
8585,9,9,0.480899453163147
8586,6,6,0.8025231957435608
8587,7,7,0.9374791979789734
8588,6,6,0.9840148091316223
8589,5,3,0.3680129051208496
8590,0,0,0.4604455530643463
8591,6,6,0.8459532856941223
8592,0,0,0.8376166820526123
8593,1,1,0.8614546656608582
8594,3,6,0.68947833776474
8595,1,1,0.6223313808441162
8596,1,1,0.6472631096839905
8597,5,5,0.661294162273407
8598,3,3,0.68491131067276
8599,4,4,0.6169536113739014
8600,3,2,0.3686443567276001
8601,3,4,0.3851759433746338
8602,8,8,0.5037150979042053
8603,1,1,0.9737406373023987
8604,6,3,0.6231571435928345
8605,6,6,0.521588146686554
8606,1,6,0.789514422416687
8607,8,8,0.8623606562614441
8608,8,1,0.35405653715133667
8609,6,6,0.9685950875282288
8610,2,7,0.3100048005580902
8611,7,7,0.8018389940261841
8612,4,4,0.6797382831573486
8613,6,6,0.6810195446014404
8614,8,8,0.9140189290046692
8615,9,9,0.9863399267196655
8616,3,6,0.4194416105747223
8617,3,4,0.6789202690124512
8618,5,3,0.7238154411315918
8619,5,5,0.49909570813179016
8620,3,6,0.260361909866333
8621,1,1,0.9794551134109497
8622,4,4,0.8245097398757935
8623,1,1,0.9549098610877991
8624,9,9,0.3659074306488037
8625,5,5,0.575977623462677
8626,1,6,0.7293657064437866
8627,7,7,0.8882206678390503
8628,7,7,0.2974071502685547
8629,7,7,0.24999195337295532
8630,5,2,0.6871966123580933
8631,2,6,0.34371572732925415
8632,3,8,0.4234723448753357
8633,3,2,0.5650640726089478
8634,6,5,0.4691038429737091
8635,6,6,0.962883710861206
8636,6,6,0.3714653253555298
8637,4,4,0.6556428670883179
8638,0,0,0.9427423477172852
8639,7,0,0.7472380995750427
8640,1,1,0.9955992698669434
8641,7,7,0.7096638083457947
8642,3,6,0.7411611676216125
8643,0,0,0.7313217520713806
8644,8,0,0.29940226674079895
8645,1,1,0.4083578586578369
8646,2,4,0.634473979473114
8647,4,4,0.7877410054206848
8648,1,1,0.9046605825424194
8649,2,3,0.2949100732803345
8650,2,2,0.5566992163658142
8651,4,2,0.45483142137527466
8652,9,9,0.65753173828125
8653,8,1,0.5267825722694397
8654,2,3,0.42861422896385193
8655,8,9,0.7818686962127686
8656,7,7,0.43556034564971924
8657,6,3,0.46834591031074524
8658,3,3,0.6787811517715454
8659,4,4,0.8064857721328735
8660,7,5,0.5782513618469238
8661,2,2,0.45161381363868713
8662,3,3,0.4412081837654114
8663,1,1,0.7922899127006531
8664,5,5,0.6215081214904785
8665,3,4,0.44526082277297974
8666,0,0,0.36659276485443115
8667,4,4,0.6372599005699158
8668,3,6,0.5541581511497498
8669,4,4,0.5578166246414185
8670,9,9,0.760023295879364
8671,4,3,0.3854348659515381
8672,7,4,0.4110618531703949
8673,9,9,0.847618579864502
8674,1,1,0.6256368160247803
8675,7,7,0.9957290291786194
8676,8,8,0.7274724841117859
8677,3,5,0.7002868056297302
8678,1,8,0.40539997816085815
8679,8,8,0.8289118409156799
8680,3,3,0.49606847763061523
8681,2,2,0.406240314245224
8682,5,5,0.5369265675544739
8683,7,7,0.9940943121910095
8684,2,5,0.6540181636810303
8685,7,7,0.6442378759384155
8686,9,9,0.9279313683509827
8687,6,2,0.3934338688850403
8688,8,8,0.9220146536827087
8689,6,6,0.8251286745071411
8690,8,8,0.9090866446495056
8691,6,6,0.7522879242897034
8692,5,5,0.521637499332428
8693,9,9,0.7817557454109192
8694,0,0,0.7039084434509277
8695,4,4,0.7150879502296448
8696,8,8,0.7403654456138611
8697,5,5,0.762026309967041
8698,6,4,0.7430266737937927
8699,4,5,0.4201236367225647
8700,3,2,0.2896476686000824
8701,8,8,0.835215151309967
8702,0,8,0.5772606134414673
8703,4,4,0.40133288502693176
8704,8,8,0.7644145488739014
8705,6,6,0.8403895497322083
8706,7,7,0.800940752029419
8707,2,2,0.34623903036117554
8708,7,6,0.4353306293487549
8709,1,1,0.7459681034088135
8710,7,7,0.9372395277023315
8711,4,2,0.3972070515155792
8712,1,1,0.7240843176841736
8713,2,8,0.6939005255699158
8714,4,4,0.8762437105178833
8715,2,2,0.551986038684845
8716,2,2,0.6066691279411316
8717,8,8,0.9808862805366516
8718,7,7,0.7226033806800842
8719,2,2,0.7026811838150024
8720,2,0,0.9123643636703491
8721,6,6,0.8820561766624451
8722,7,7,0.3243591785430908
8723,5,4,0.565036952495575
8724,6,6,0.6861382126808167
8725,8,8,0.932356059551239
8726,9,1,0.9767544865608215
8727,9,0,0.5037463903427124
8728,6,5,0.455484002828598
8729,5,5,0.3714416027069092
8730,2,4,0.5588279366493225
8731,9,1,0.7454986572265625
8732,8,1,0.8623049855232239
8733,7,2,0.3501774072647095
8734,2,2,0.42916616797447205
8735,3,3,0.6109737753868103
8736,3,3,0.49787113070487976
8737,7,7,0.9453737735748291
8738,4,6,0.4719076156616211
8739,3,6,0.4096323251724243
8740,2,5,0.4650668501853943
8741,1,1,0.7188274264335632
8742,9,1,0.6913708448410034
8743,0,8,0.804142415523529
8744,1,1,0.9902125000953674
8745,5,5,0.5568925738334656
8746,3,5,0.389411598443985
8747,2,2,0.9695059061050415
8748,6,6,0.730915367603302
8749,5,9,0.7265322804450989
8750,9,9,0.6563504934310913
8751,1,1,0.2985188961029053
8752,5,2,0.6078106164932251
8753,4,7,0.45655930042266846
8754,3,3,0.7682610750198364
8755,6,6,0.8764716982841492
8756,2,9,0.4657515287399292
8757,8,6,0.5041431784629822
8758,9,7,0.42422688007354736
8759,7,7,0.7429994940757751
8760,8,8,0.8053858876228333
8761,0,8,0.7179108262062073
8762,8,8,0.9361018538475037
8763,9,9,0.7329485416412354
8764,1,1,0.9190102815628052
8765,2,4,0.486969918012619
8766,5,5,0.41774067282676697
8767,7,3,0.3179829716682434
8768,2,2,0.49079060554504395
8769,0,0,0.9709222316741943
8770,6,6,0.3654210865497589
8771,6,5,0.39890816807746887
8772,1,1,0.9965117573738098
8773,6,2,0.6135976910591125
8774,3,4,0.45295584201812744
8775,1,1,0.5136688351631165
8776,5,5,0.5937923789024353
8777,0,0,0.825510561466217
8778,3,2,0.6740804314613342
8779,7,7,0.6616458892822266
8780,4,4,0.6259065270423889
8781,6,6,0.7380526661872864
8782,5,5,0.7084203362464905
8783,6,4,0.333345890045166
8784,4,4,0.9113549590110779
8785,8,0,0.5377193689346313
8786,3,4,0.5498149991035461
8787,4,6,0.49867936968803406
8788,5,5,0.3986366093158722
8789,5,5,0.7601174712181091
8790,0,8,0.35804513096809387
8791,6,6,0.5968206524848938
8792,6,6,0.793861448764801
8793,7,7,0.6674625873565674
8794,5,5,0.6167172789573669
8795,0,0,0.9571166634559631
8796,9,9,0.8405503034591675
8797,9,9,0.6260805726051331
8798,6,6,0.9577687382698059
8799,1,1,0.866255521774292
8800,0,0,0.9418432712554932
8801,4,2,0.334176242351532
8802,6,6,0.9660354256629944
8803,3,3,0.2798389792442322
8804,6,2,0.5238547921180725
8805,9,9,0.9552708864212036
8806,3,2,0.5859891772270203
8807,6,6,0.9821178317070007
8808,6,6,0.8889453411102295
8809,8,3,0.3467639684677124
8810,2,2,0.2561770975589752
8811,1,1,0.3504200279712677
8812,0,0,0.7636939883232117
8813,1,1,0.7299737334251404
8814,9,9,0.9643795490264893
8815,3,1,0.8684637546539307
8816,7,2,0.36217233538627625
8817,4,5,0.5668366551399231
8818,3,3,0.2156655192375183
8819,0,0,0.48806554079055786
8820,2,0,0.5568444132804871
8821,7,7,0.8383772969245911
8822,6,6,0.9193291068077087
8823,4,7,0.9265781044960022
8824,3,2,0.47823619842529297
8825,0,1,0.5872942209243774
8826,8,8,0.9198836088180542
8827,2,2,0.9212574362754822
8828,0,6,0.5875073671340942
8829,0,0,0.9541118741035461
8830,9,9,0.9993712306022644
8831,6,6,0.7303901314735413
8832,6,6,0.5967469215393066
8833,6,4,0.2672516107559204
8834,8,8,0.8984346389770508
8835,7,5,0.36262527108192444
8836,4,4,0.6272860765457153
8837,1,1,0.8819572925567627
8838,8,8,0.9802548289299011
8839,1,1,0.9423938989639282
8840,2,5,0.32118093967437744
8841,2,0,0.6682755947113037
8842,4,4,0.40837812423706055
8843,8,8,0.765312910079956
8844,5,5,0.6629316210746765
8845,2,2,0.7837111353874207
8846,6,6,0.952174186706543
8847,5,4,0.6178867220878601
8848,3,5,0.340354859828949
8849,9,9,0.8383144736289978
8850,1,1,0.6344655752182007
8851,0,0,0.6846369504928589
8852,7,7,0.9624828696250916
8853,2,2,0.5520550608634949
8854,4,8,0.8882911801338196
8855,4,3,0.29197636246681213
8856,0,0,0.9335827827453613
8857,0,8,0.5959192514419556
8858,6,6,0.6134108304977417
8859,2,4,0.8013432025909424
8860,2,2,0.7714036107063293
8861,4,4,0.6910301446914673
8862,0,0,0.4808531403541565
8863,5,4,0.40790483355522156
8864,9,9,0.9912892580032349
8865,7,7,0.7709938883781433
8866,1,1,0.9571242332458496
8867,8,8,0.9900649189949036
8868,4,6,0.5995193719863892
8869,5,5,0.485329270362854
8870,5,5,0.7110475301742554
8871,9,7,0.39772436022758484
8872,8,7,0.7491918802261353
8873,5,5,0.9145340323448181
8874,7,2,0.3537870943546295
8875,8,6,0.41323184967041016
8876,0,9,0.812358021736145
8877,9,1,0.9340245723724365
8878,8,8,0.9408240914344788
8879,9,9,0.8669257164001465
8880,1,1,0.9869280457496643
8881,6,6,0.7390493154525757
8882,3,3,0.31490954756736755
8883,8,1,0.438912034034729
8884,0,7,0.7904090285301208
8885,3,5,0.6800453662872314
8886,4,5,0.584559977054596
8887,4,4,0.8037625551223755
8888,8,8,0.9846256971359253
8889,4,4,0.9192855954170227
8890,8,8,0.9687206149101257
8891,9,1,0.7687323689460754
8892,8,8,0.8870082497596741
8893,6,6,0.9361602663993835
8894,0,0,0.578339695930481
8895,0,0,0.5760434865951538
8896,8,9,0.5731837153434753
8897,2,2,0.46728724241256714
8898,7,0,0.3298349380493164
8899,4,4,0.7902772426605225
8900,2,6,0.5169966816902161
8901,5,7,0.7888239622116089
8902,6,6,0.8921647667884827
8903,0,0,0.688957929611206
8904,5,5,0.8920100331306458
8905,8,8,0.8076489567756653
8906,4,2,0.3605571985244751
8907,1,1,0.5999934077262878
8908,9,9,0.5547322034835815
8909,0,0,0.7482892870903015
8910,1,1,0.9850502610206604
8911,4,4,0.38311952352523804
8912,4,4,0.6768036484718323
8913,8,8,0.8927456736564636
8914,4,4,0.6623932719230652
8915,9,9,0.7544760704040527
8916,6,6,0.834267795085907
8917,0,0,0.6313821077346802
8918,7,0,0.5361484885215759
8919,7,7,0.6687964797019958
8920,6,6,0.7858983874320984
8921,8,8,0.8955270648002625
8922,9,9,0.5191947221755981
8923,6,2,0.5744605660438538
8924,2,2,0.9086145758628845
8925,0,0,0.8089427947998047
8926,4,4,0.9480677843093872
8927,9,9,0.8693001866340637
8928,4,0,0.3571782112121582
8929,9,9,0.8335316181182861
8930,3,6,0.6106781363487244
8931,9,9,0.8878003358840942
8932,6,2,0.723719596862793
8933,6,6,0.4637678563594818
8934,7,5,0.41679397225379944
8935,0,0,0.6101453900337219
8936,9,9,0.6184876561164856
8937,7,7,0.5472400188446045
8938,1,9,0.6539925336837769
8939,8,7,0.2828355133533478
8940,6,3,0.5228475332260132
8941,0,0,0.27554163336753845
8942,6,6,0.5126641988754272
8943,7,4,0.7315438389778137
8944,4,0,0.38069579005241394
8945,1,1,0.9965272545814514
8946,9,1,0.921397864818573
8947,4,4,0.42583850026130676
8948,6,6,0.7106917500495911
8949,7,7,0.8344691395759583
8950,9,9,0.8105877637863159
8951,8,8,0.9964457154273987
8952,3,6,0.8626348376274109
8953,9,9,0.7567742466926575
8954,2,4,0.6132946610450745
8955,1,1,0.9694757461547852
8956,2,8,0.34826502203941345
8957,7,4,0.3118896782398224
8958,6,6,0.48467811942100525
8959,1,9,0.4460168480873108
8960,0,0,0.7111592292785645
8961,0,0,0.7610868811607361
8962,5,9,0.23765070736408234
8963,6,6,0.8412241339683533
8964,0,8,0.6774169206619263
8965,4,4,0.7862123250961304
8966,3,3,0.6227237582206726
8967,2,2,0.45638149976730347
8968,8,8,0.368830144405365
8969,8,8,0.9978781938552856
8970,0,0,0.7094026803970337
8971,6,6,0.8916310667991638
8972,9,2,0.8517656326293945
8973,5,5,0.7223749756813049
8974,2,2,0.4767502248287201
8975,8,8,0.9962965846061707
8976,7,7,0.48496100306510925
8977,0,0,0.45136967301368713
8978,6,6,0.9331071376800537
8979,5,5,0.7445389032363892
8980,9,9,0.6490282416343689
8981,7,4,0.9168815612792969
8982,2,2,0.6713706851005554
8983,3,4,0.33254575729370117
8984,6,6,0.9619571566581726
8985,9,0,0.6016801595687866
8986,6,6,0.9627131819725037
8987,2,3,0.3068661093711853
8988,2,2,0.8325304985046387
8989,4,4,0.6548234820365906
8990,1,1,0.9845021367073059
8991,0,0,0.741808295249939
8992,5,5,0.9471001625061035
8993,0,7,0.6022574305534363
8994,8,8,0.9961841702461243
8995,9,9,0.6675657033920288
8996,3,7,0.3824274241924286
8997,5,5,0.3755638599395752
8998,9,9,0.9690548777580261
8999,3,5,0.2613029181957245
9000,8,8,0.9756953120231628
9001,1,1,0.9970801472663879
9002,6,6,0.5747911334037781
9003,3,4,0.8597384095191956
9004,7,7,0.9263924956321716
9005,5,5,0.9603434801101685
9006,6,6,0.5653717517852783
9007,2,2,0.2179211974143982
9008,0,0,0.9712689518928528
9009,2,6,0.4918386936187744
9010,8,8,0.44964560866355896
9011,2,6,0.5060345530509949
9012,8,8,0.7149701714515686
9013,7,7,0.9065945744514465
9014,7,7,0.7341235280036926
9015,8,8,0.7401635050773621
9016,1,1,0.6536267399787903
9017,0,0,0.7969499230384827
9018,8,8,0.25712257623672485
9019,9,9,0.6557326316833496
9020,7,9,0.8669167160987854
9021,0,3,0.36240044236183167
9022,3,6,0.40509751439094543
9023,8,8,0.7771090269088745
9024,0,0,0.8412982821464539
9025,5,5,0.812616765499115
9026,9,8,0.4468713402748108
9027,5,7,0.355342298746109
9028,8,8,0.7584761381149292
9029,4,4,0.5120083689689636
9030,2,0,0.6952592730522156
9031,0,0,0.49850761890411377
9032,9,9,0.5939958691596985
9033,2,2,0.5600458979606628
9034,2,6,0.3464241325855255
9035,4,5,0.4179202914237976
9036,4,4,0.5993170142173767
9037,9,9,0.667946994304657
9038,2,6,0.3596175014972687
9039,2,2,0.5074813961982727
9040,2,5,0.43901321291923523
9041,5,3,0.4974263608455658
9042,1,1,0.979642391204834
9043,3,5,0.5176368951797485
9044,2,6,0.6183464527130127
9045,0,0,0.5934274792671204
9046,0,0,0.3504386246204376
9047,4,7,0.4384385049343109
9048,0,9,0.7758914232254028
9049,6,6,0.7422115206718445
9050,5,4,0.525945782661438
9051,8,8,0.9324479103088379
9052,0,0,0.5351709723472595
9053,5,5,0.6330092549324036
9054,8,8,0.7985230088233948
9055,6,6,0.9332178235054016
9056,4,7,0.40663743019104004
9057,8,5,0.26906001567840576
9058,5,5,0.7218345403671265
9059,2,5,0.4688669443130493
9060,9,5,0.42061564326286316
9061,7,7,0.907163679599762
9062,9,9,0.42105111479759216
9063,7,7,0.9991111159324646
9064,1,9,0.7411896586418152
9065,0,2,0.33154892921447754
9066,1,1,0.9173985719680786
9067,9,1,0.8786548972129822
9068,6,6,0.4746655821800232
9069,9,1,0.8921132683753967
9070,2,4,0.4385986030101776
9071,7,7,0.3686211109161377
9072,9,9,0.76047283411026
9073,4,6,0.7401427030563354
9074,4,4,0.6757867932319641
9075,0,0,0.9826829433441162
9076,6,6,0.5982964634895325
9077,2,4,0.42921772599220276
9078,4,7,0.5108354687690735
9079,1,8,0.5635889768600464
9080,3,5,0.3803361654281616
9081,7,7,0.8522840142250061
9082,2,3,0.27593645453453064
9083,8,8,0.9062638282775879
9084,5,5,0.5506728887557983
9085,9,1,0.8396987915039062
9086,0,0,0.9116572737693787
9087,3,5,0.2539554238319397
9088,2,3,0.42870768904685974
9089,3,3,0.8265796303749084
9090,2,2,0.5770546197891235
9091,7,7,0.9946182370185852
9092,6,6,0.5587506294250488
9093,3,5,0.5568462014198303
9094,2,2,0.8348289132118225
9095,5,5,0.7094654440879822
9096,9,9,0.5400325655937195
9097,0,0,0.6339117288589478
9098,5,3,0.4906684458255768
9099,9,9,0.8803909420967102
9100,9,9,0.4712763726711273
9101,8,8,0.9410238265991211
9102,7,7,0.9402983784675598
9103,7,7,0.27784252166748047
9104,4,4,0.898729681968689
9105,8,8,0.5156657099723816
9106,6,6,0.9861814379692078
9107,5,2,0.26776403188705444
9108,2,2,0.9544165730476379
9109,3,3,0.610804557800293
9110,1,1,0.9822514653205872
9111,0,0,0.9976872205734253
9112,4,4,0.9249590635299683
9113,1,6,0.5880411863327026
9114,8,1,0.3771771192550659
9115,8,8,0.796903669834137
9116,4,2,0.6373633742332458
9117,9,1,0.4954826235771179
9118,4,4,0.445917546749115
9119,4,4,0.7235446572303772
9120,3,4,0.3615121841430664
9121,3,5,0.5208534002304077
9122,9,4,0.48714524507522583
9123,2,2,0.5194517374038696
9124,0,0,0.9017817378044128
9125,1,1,0.9780166149139404
9126,1,9,0.2878011167049408
9127,8,8,0.48665016889572144
9128,4,4,0.5819752812385559
9129,4,2,0.4514910876750946
9130,8,8,0.7094659209251404
9131,3,5,0.5479086637496948
9132,2,3,0.3672916293144226
9133,9,8,0.6914445757865906
9134,5,5,0.44219857454299927
9135,7,7,0.7881865501403809
9136,6,6,0.9788941740989685
9137,2,6,0.81577068567276
9138,5,5,0.8169853091239929
9139,4,4,0.4363769292831421
9140,7,7,0.650088906288147
9141,3,6,0.5304114818572998
9142,3,0,0.48397761583328247
9143,9,1,0.58918297290802
9144,0,9,0.38158681988716125
9145,1,9,0.8010614514350891
9146,5,5,0.8770734667778015
9147,9,3,0.3583316504955292
9148,3,5,0.6449278593063354
9149,7,9,0.6227272152900696
9150,6,6,0.9893894791603088
9151,0,0,0.7109546661376953
9152,4,4,0.7363700866699219
9153,2,0,0.7408363819122314
9154,2,2,0.6608253121376038
9155,5,5,0.9574747681617737
9156,6,6,0.8928777575492859
9157,3,3,0.5430376529693604
9158,8,8,0.4981909394264221
9159,9,9,0.4526064395904541
9160,5,5,0.44758784770965576
9161,6,6,0.9233358502388
9162,1,8,0.5815643668174744
9163,4,4,0.3762877583503723
9164,5,3,0.5692066550254822
9165,4,4,0.3689882755279541
9166,6,6,0.5763475894927979
9167,7,7,0.9412974715232849
9168,2,2,0.600119411945343
9169,1,8,0.6375216841697693
9170,0,9,0.7684539556503296
9171,2,2,0.45817941427230835
9172,0,0,0.8693888783454895
9173,4,4,0.7054839134216309
9174,9,9,0.47023633122444153
9175,8,8,0.96684730052948
9176,8,8,0.5179321765899658
9177,9,1,0.5521913766860962
9178,1,1,0.8387817740440369
9179,1,1,0.9977818131446838
9180,5,5,0.8432796001434326
9181,0,0,0.9204100370407104
9182,0,0,0.8921778798103333
9183,8,8,0.5722333788871765
9184,7,7,0.7258191108703613
9185,1,1,0.8755510449409485
9186,7,7,0.9017401337623596
9187,4,4,0.4905107021331787
9188,5,5,0.4566786587238312
9189,4,4,0.41250941157341003
9190,3,5,0.5155400633811951
9191,3,4,0.41981494426727295
9192,2,2,0.3315938115119934
9193,0,0,0.3845934271812439
9194,6,6,0.9797715544700623
9195,6,6,0.9755585789680481
9196,0,0,0.8164123892784119
9197,1,1,0.8441110849380493
9198,3,3,0.38580891489982605
9199,9,9,0.561186671257019
9200,8,8,0.9880191683769226
9201,3,3,0.6100585460662842
9202,7,7,0.9976115226745605
9203,8,8,0.8878282308578491
9204,9,8,0.8435364365577698
9205,4,4,0.7459229230880737
9206,8,8,0.7397032380104065
9207,9,9,0.6183947324752808
9208,0,8,0.7989835143089294
9209,9,1,0.5444960594177246
9210,7,7,0.9425718784332275
9211,1,1,0.7326619029045105
9212,6,6,0.9864339828491211
9213,2,7,0.6853624582290649
9214,9,9,0.30212023854255676
9215,5,3,0.5527417063713074
9216,6,4,0.3754112720489502
9217,9,1,0.8000563979148865
9218,3,5,0.5526110529899597
9219,9,9,0.514068603515625
9220,8,8,0.7784831523895264
9221,7,4,0.3891560733318329
9222,7,7,0.7577151656150818
9223,1,1,0.7295559048652649
9224,6,6,0.682859480381012
9225,5,2,0.3135989010334015
9226,3,3,0.6082414984703064
9227,1,9,0.49273011088371277
9228,3,3,0.8329917192459106
9229,1,2,0.5120148062705994
9230,2,4,0.42839083075523376
9231,7,3,0.3666757047176361
9232,1,1,0.9224429726600647
9233,8,8,0.6904519200325012
9234,2,2,0.5335860848426819
9235,0,0,0.7946017384529114
9236,9,9,0.9738839864730835
9237,7,2,0.4320531487464905
9238,9,9,0.8324773907661438
9239,8,8,0.9933457374572754
9240,8,8,0.849075198173523
9241,6,6,0.9915590286254883
9242,7,7,0.7140049338340759
9243,3,5,0.6864008903503418
9244,7,7,0.9882771372795105
9245,1,1,0.9658436179161072
9246,3,6,0.32245680689811707
9247,9,9,0.9272024035453796
9248,0,8,0.6342166066169739
9249,9,9,0.9820871949195862
9250,3,2,0.4142634868621826
9251,6,6,0.4934198260307312
9252,7,4,0.5765460729598999
9253,2,9,0.4758986234664917
9254,7,5,0.7239710688591003
9255,3,3,0.342488169670105
9256,0,0,0.983410656452179
9257,5,5,0.6258638501167297
9258,9,9,0.8246105313301086
9259,7,7,0.9724867939949036
9260,5,5,0.684679388999939
9261,5,5,0.7090727686882019
9262,0,4,0.4498397409915924
9263,6,6,0.7501887083053589
9264,5,5,0.48433440923690796
9265,1,1,0.8475130796432495
9266,8,8,0.7772458791732788
9267,2,6,0.5291513800621033
9268,7,7,0.36049869656562805
9269,5,1,0.34826692938804626
9270,9,1,0.3879699110984802
9271,0,0,0.9030175805091858
9272,0,0,0.9534216523170471
9273,0,2,0.6555650234222412
9274,8,0,0.456667959690094
9275,8,8,0.6650857925415039
9276,7,7,0.7323450446128845
9277,3,3,0.7768301963806152
9278,7,7,0.6745169162750244
9279,8,8,0.9819760322570801
9280,9,1,0.6394604444503784
9281,3,2,0.6429119110107422
9282,7,2,0.6849212050437927
9283,9,9,0.5349394679069519
9284,7,7,0.9912379384040833
9285,8,8,0.5525296330451965
9286,7,7,0.9649168848991394
9287,9,9,0.9407540559768677
9288,8,8,0.4312560558319092
9289,5,5,0.5132075548171997
9290,4,4,0.853142499923706
9291,8,0,0.5328205823898315
9292,3,0,0.4244565963745117
9293,7,7,0.9273688793182373
9294,6,2,0.34920749068260193
9295,3,5,0.7757378220558167
9296,8,8,0.7069510221481323
9297,2,2,0.6452596187591553
9298,1,8,0.34314459562301636
9299,9,7,0.34192535281181335
9300,5,6,0.33827340602874756
9301,7,5,0.4296746253967285
9302,3,4,0.6096802949905396
9303,9,1,0.869202733039856
9304,5,5,0.4507446587085724
9305,5,4,0.5402610301971436
9306,8,8,0.4514318108558655
9307,7,7,0.8034122586250305
9308,3,3,0.6117427945137024
9309,5,5,0.6825234293937683
9310,3,4,0.6235634684562683
9311,5,5,0.3455981910228729
9312,9,9,0.9111927151679993
9313,7,7,0.5975077748298645
9314,6,6,0.8346807360649109
9315,7,7,0.9489034414291382
9316,3,2,0.3868497908115387
9317,6,6,0.5117401480674744
9318,4,4,0.8298787474632263
9319,3,3,0.40819022059440613
9320,9,9,0.9084285497665405
9321,4,4,0.603245735168457
9322,2,2,0.5409719944000244
9323,1,1,0.9948309063911438
9324,9,6,0.41608887910842896
9325,6,6,0.5453721284866333
9326,0,0,0.9620544910430908
9327,2,3,0.34566813707351685
9328,6,6,0.7362827658653259
9329,7,7,0.8832074403762817
9330,4,4,0.8840884566307068
9331,7,7,0.8352980017662048
9332,9,9,0.9939046502113342
9333,0,0,0.6874915957450867
9334,7,7,0.8773123621940613
9335,4,4,0.4824289083480835
9336,3,5,0.719453752040863
9337,5,1,0.41984474658966064
9338,3,2,0.5357187390327454
9339,1,1,0.759084939956665
9340,1,1,0.9889694452285767
9341,2,6,0.7437386512756348
9342,6,6,0.6753697991371155
9343,8,8,0.855222225189209
9344,2,3,0.36342859268188477
9345,1,1,0.6884541511535645
9346,7,5,0.39825308322906494
9347,8,8,0.9123721718788147
9348,5,2,0.3565797805786133
9349,9,1,0.7674117684364319
9350,6,6,0.5445161461830139
9351,1,1,0.9057942628860474
9352,1,1,0.9420634508132935
9353,5,5,0.46978917717933655
9354,0,0,0.9500049948692322
9355,6,8,0.5815832614898682
9356,0,0,0.6827017664909363
9357,9,1,0.46310070157051086
9358,2,2,0.6175557374954224
9359,6,6,0.282623291015625
9360,5,6,0.3716205060482025
9361,8,0,0.4488600790500641
9362,9,9,0.7100027203559875
9363,5,5,0.44356387853622437
9364,5,5,0.9737042188644409
9365,6,6,0.9744495153427124
9366,2,2,0.5993409752845764
9367,9,9,0.5851397514343262
9368,1,1,0.8205705285072327
9369,5,4,0.4695180654525757
9370,8,8,0.3805806040763855
9371,8,8,0.8384438157081604
9372,7,7,0.9250671863555908
9373,1,1,0.9916541576385498
9374,7,5,0.3744058907032013
9375,3,4,0.6485261917114258
9376,5,5,0.5676940679550171
9377,4,4,0.6702491044998169
9378,9,1,0.44750794768333435
9379,7,7,0.9564345479011536
9380,5,5,0.7970011830329895
9381,2,5,0.4824121594429016
9382,9,9,0.727310836315155
9383,9,9,0.7537052631378174
9384,4,4,0.6117481589317322
9385,7,6,0.34820306301116943
9386,4,2,0.9072925448417664
9387,1,1,0.9605649709701538
9388,3,3,0.6976250410079956
9389,8,8,0.6649211645126343
9390,7,4,0.6328912973403931
9391,9,9,0.7080942988395691
9392,0,3,0.5981162786483765
9393,4,4,0.43920430541038513
9394,5,5,0.2821800410747528
9395,7,7,0.9408825039863586
9396,5,2,0.47462329268455505
9397,2,2,0.41558006405830383
9398,8,1,0.4800359606742859
9399,7,7,0.9987648725509644
9400,6,6,0.9934110045433044
9401,9,1,0.5791186094284058
9402,6,6,0.9435780644416809
9403,9,9,0.9043842554092407
9404,3,5,0.3923529088497162
9405,8,8,0.9611606001853943
9406,5,3,0.5088208913803101
9407,6,6,0.6479045152664185
9408,6,6,0.9451099634170532
9409,9,9,0.8702206015586853
9410,5,5,0.8209559917449951
9411,7,7,0.9209901690483093
9412,8,8,0.9881706237792969
9413,0,0,0.9282391667366028
9414,5,5,0.472158819437027
9415,0,6,0.4183962941169739
9416,7,7,0.9577070474624634
9417,4,2,0.41246506571769714
9418,8,1,0.42099228501319885
9419,2,2,0.9386041760444641
9420,5,5,0.380541056394577
9421,1,1,0.8018935322761536
9422,3,5,0.5835070013999939
9423,2,0,0.3351958394050598
9424,2,2,0.705525815486908
9425,6,6,0.8757325410842896
9426,2,4,0.5066463351249695
9427,1,1,0.8760308623313904
9428,7,2,0.4467563033103943
9429,4,4,0.34412136673927307
9430,6,6,0.7103767395019531
9431,3,5,0.39530470967292786
9432,1,1,0.8850700259208679
9433,3,2,0.42750656604766846
9434,7,7,0.563062310218811
9435,2,7,0.2763558030128479
9436,1,6,0.37990525364875793
9437,3,7,0.6071473956108093
9438,7,7,0.8863896131515503
9439,0,0,0.6743305921554565
9440,8,8,0.7692288756370544
9441,4,4,0.5626201629638672
9442,4,7,0.4301705062389374
9443,5,2,0.8447262644767761
9444,7,2,0.4243922531604767
9445,9,5,0.41499587893486023
9446,5,5,0.5259097814559937
9447,4,4,0.5856709480285645
9448,3,4,0.25905486941337585
9449,9,0,0.6837431192398071
9450,6,6,0.6181449890136719
9451,8,8,0.7317190766334534
9452,2,0,0.6533557772636414
9453,3,3,0.4713521897792816
9454,3,4,0.6721928715705872
9455,1,1,0.6384565830230713
9456,6,6,0.9679204225540161
9457,1,1,0.7990631461143494
9458,7,7,0.9914765954017639
9459,0,0,0.5052559971809387
9460,3,3,0.4774453043937683
9461,4,6,0.7701957821846008
9462,2,0,0.823554277420044
9463,9,9,0.5013853907585144
9464,4,6,0.2922708988189697
9465,5,4,0.4101458191871643
9466,8,8,0.6187617778778076
9467,2,7,0.4868033528327942
9468,7,7,0.3238968849182129
9469,0,0,0.8578413128852844
9470,9,9,0.9740627408027649
9471,6,4,0.2899848520755768
9472,8,8,0.9389904141426086
9473,0,0,0.7640240788459778
9474,8,8,0.9654058218002319
9475,2,2,0.5270787477493286
9476,8,8,0.9892078042030334
9477,5,5,0.8671795129776001
9478,7,7,0.9855985641479492
9479,7,7,0.9159724712371826
9480,2,2,0.8985855579376221
9481,2,5,0.39991700649261475
9482,0,0,0.720984935760498
9483,0,8,0.5485373139381409
9484,0,9,0.6296548247337341
9485,7,4,0.44290658831596375
9486,4,2,0.3486473262310028
9487,1,1,0.9768871665000916
9488,6,3,0.43906164169311523
9489,6,6,0.9980790615081787
9490,8,8,0.8916663527488708
9491,8,8,0.6546411514282227
9492,9,1,0.505641520023346
9493,0,0,0.7037171125411987
9494,9,9,0.7531110048294067
9495,0,0,0.5517616271972656
9496,1,1,0.9975608587265015
9497,3,6,0.5719158053398132
9498,3,6,0.69566810131073
9499,0,0,0.8793103098869324
9500,9,9,0.8904966711997986
9501,6,8,0.3953019678592682
9502,6,6,0.9683547019958496
9503,2,6,0.5519800186157227
9504,6,6,0.9949493408203125
9505,3,4,0.6519722938537598
9506,4,2,0.3097359538078308
9507,0,0,0.7630357146263123
9508,8,8,0.6033908128738403
9509,4,4,0.31171390414237976
9510,1,1,0.7362104058265686
9511,4,4,0.5172467231750488
9512,0,0,0.8193714618682861
9513,6,5,0.40985119342803955
9514,5,4,0.7983587980270386
9515,0,9,0.39207640290260315
9516,9,9,0.9994398951530457
9517,9,1,0.43948373198509216
9518,9,1,0.6310197114944458
9519,9,9,0.874664306640625
9520,1,1,0.5830188989639282
9521,2,2,0.4837249517440796
9522,3,4,0.450253963470459
9523,5,5,0.7359915375709534
9524,4,4,0.7538149356842041
9525,2,2,0.8481407165527344
9526,9,9,0.6331421732902527
9527,6,3,0.4808200001716614
9528,0,8,0.3304857611656189
9529,9,3,0.27799057960510254
9530,6,6,0.91158127784729
9531,6,6,0.8926985859870911
9532,8,8,0.9238296747207642
9533,0,0,0.6275953650474548
9534,6,6,0.6881052255630493
9535,1,6,0.42621198296546936
9536,4,4,0.6042190790176392
9537,6,6,0.9634382724761963
9538,8,9,0.6591905355453491
9539,0,0,0.8782346248626709
9540,5,5,0.7217023968696594
9541,4,4,0.6793413162231445
9542,1,1,0.6295398473739624
9543,2,2,0.4755440354347229
9544,0,0,0.5914298295974731
9545,9,9,0.9814971685409546
9546,6,6,0.9669932126998901
9547,4,4,0.5762478709220886
9548,2,3,0.4448798894882202
9549,4,4,0.6397879719734192
9550,6,6,0.9562107920646667
9551,5,2,0.35848283767700195
9552,9,9,0.9564173817634583
9553,7,4,0.6060357689857483
9554,7,7,0.9981480836868286
9555,4,3,0.2601460814476013
9556,6,6,0.5383540391921997
9557,5,2,0.5333977341651917
9558,0,0,0.8922423124313354
9559,1,9,0.5983200669288635
9560,9,7,0.4595739543437958
9561,0,0,0.4012618362903595
9562,3,3,0.6210567355155945
9563,1,9,0.688679039478302
9564,9,9,0.986129105091095
9565,0,0,0.9691171050071716
9566,9,9,0.8131039142608643
9567,7,4,0.35003647208213806
9568,8,8,0.906829297542572
9569,6,6,0.9331228137016296
9570,7,7,0.92140132188797
9571,6,6,0.9079071283340454
9572,8,8,0.9984519481658936
9573,2,5,0.31928330659866333
9574,4,4,0.9472243189811707
9575,5,5,0.694868266582489
9576,3,5,0.31390437483787537
9577,0,0,0.701647937297821
9578,3,4,0.5035560131072998
9579,2,2,0.8891794681549072
9580,1,1,0.9393625259399414
9581,7,7,0.9865521788597107
9582,5,5,0.9586399793624878
9583,9,0,0.7968355417251587
9584,3,3,0.7480711340904236
9585,4,4,0.7056170105934143
9586,5,5,0.5128232836723328
9587,7,7,0.6458408832550049
9588,1,1,0.9638934135437012
9589,5,5,0.9650276303291321
9590,0,8,0.6693589687347412
9591,1,1,0.6378363966941833
9592,1,1,0.9955663084983826
9593,1,1,0.231275737285614
9594,9,8,0.41572117805480957
9595,7,7,0.6506335735321045
9596,5,3,0.37840408086776733
9597,4,4,0.5933837890625
9598,9,9,0.8774864077568054
9599,7,7,0.9974628686904907
9600,8,8,0.9853609204292297
9601,1,1,0.5783655643463135
9602,0,8,0.8109449744224548
9603,2,4,0.37414470314979553
9604,8,9,0.4203000068664551
9605,5,5,0.7008829116821289
9606,6,1,0.2846623957157135
9607,7,7,0.5660080909729004
9608,0,0,0.7379139065742493
9609,1,6,0.5494414567947388
9610,4,4,0.7376624941825867
9611,8,8,0.9586594104766846
9612,4,4,0.4113873243331909
9613,4,4,0.754486083984375
9614,6,6,0.99439537525177
9615,6,6,0.9701524972915649
9616,5,2,0.4558890163898468
9617,8,8,0.6672289371490479
9618,1,1,0.9810947179794312
9619,8,8,0.9909701347351074
9620,4,7,0.5709852576255798
9621,6,6,0.808399498462677
9622,5,2,0.29368093609809875
9623,9,9,0.7895273566246033
9624,2,2,0.8503596186637878
9625,2,0,0.5401941537857056
9626,1,1,0.941988468170166
9627,4,4,0.536445677280426
9628,9,9,0.9948309063911438
9629,1,1,0.8622301816940308
9630,6,3,0.43365317583084106
9631,7,7,0.5646302700042725
9632,2,2,0.9578595161437988
9633,0,0,0.42357200384140015
9634,1,1,0.9872245788574219
9635,7,7,0.36432093381881714
9636,6,6,0.6395713090896606
9637,5,1,0.6068154573440552
9638,2,2,0.9552125930786133
9639,2,2,0.824059784412384
9640,5,5,0.36793896555900574
9641,6,3,0.6166213750839233
9642,0,0,0.9032232165336609
9643,9,1,0.5486909747123718
9644,0,9,0.5684982538223267
9645,1,1,0.9926738142967224
9646,5,4,0.5864611864089966
9647,3,1,0.3365468382835388
9648,3,2,0.2869931757450104
9649,5,5,0.4687176048755646
9650,8,8,0.8883761167526245
9651,7,7,0.9928193688392639
9652,5,2,0.5778796672821045
9653,6,6,0.41672635078430176
9654,5,7,0.396382600069046
9655,8,8,0.9727897047996521
9656,0,0,0.7830039858818054
9657,5,3,0.712502658367157
9658,9,9,0.4538976550102234
9659,4,3,0.3062480688095093
9660,6,6,0.5076371431350708
9661,5,5,0.6824766397476196
9662,1,1,0.9892656803131104
9663,1,9,0.3643331229686737
9664,0,0,0.5762315988540649
9665,3,5,0.5570408701896667
9666,3,3,0.2846321761608124
9667,9,9,0.9426829218864441
9668,4,7,0.7706054449081421
9669,8,8,0.9898175597190857
9670,1,1,0.775483250617981
9671,7,7,0.992141842842102
9672,7,7,0.8798025250434875
9673,9,1,0.9006010293960571
9674,9,9,0.9805148839950562
9675,4,7,0.3215264081954956
9676,3,8,0.8293583989143372
9677,6,6,0.9779254198074341
9678,3,2,0.4120432436466217
9679,2,2,0.34679079055786133
9680,8,8,0.6051878333091736
9681,2,2,0.27234092354774475
9682,7,7,0.4620891809463501
9683,6,6,0.7888665199279785
9684,7,7,0.7236904501914978
9685,0,0,0.7488439083099365
9686,2,5,0.2962794601917267
9687,1,1,0.6416155695915222
9688,2,2,0.786976158618927
9689,9,7,0.25635093450546265
9690,4,2,0.706609845161438
9691,6,6,0.8245435953140259
9692,9,9,0.7786657810211182
9693,6,6,0.49613940715789795
9694,1,6,0.6417742371559143
9695,0,0,0.708968460559845
9696,1,9,0.5367134809494019
9697,8,8,0.6080729961395264
9698,7,7,0.9762969613075256
9699,0,9,0.47532591223716736
9700,0,0,0.929296612739563
9701,4,4,0.43410322070121765
9702,7,7,0.9982491731643677
9703,4,4,0.6973640322685242
9704,2,3,0.3175745904445648
9705,6,6,0.8303704857826233
9706,9,9,0.6476992964744568
9707,5,7,0.38410305976867676
9708,9,9,0.6506209969520569
9709,0,7,0.41320058703422546
9710,7,7,0.8293208479881287
9711,4,4,0.5347757935523987
9712,5,5,0.5978825092315674
9713,8,8,0.9959130883216858
9714,1,1,0.9436467289924622
9715,4,6,0.4142197370529175
9716,7,4,0.7485271692276001
9717,9,9,0.8807135224342346
9718,9,9,0.9184773564338684
9719,8,8,0.9285364151000977
9720,8,8,0.6605017781257629
9721,6,6,0.39507806301116943
9722,3,3,0.3739132881164551
9723,7,7,0.8666727542877197
9724,0,0,0.9909589290618896
9725,8,8,0.977336585521698
9726,9,9,0.8649263978004456
9727,6,0,0.33831048011779785
9728,2,2,0.49869057536125183
9729,4,6,0.5288771986961365
9730,6,6,0.6772985458374023
9731,2,2,0.5358954668045044
9732,9,9,0.6814631223678589
9733,7,7,0.8509098291397095
9734,4,7,0.417106956243515
9735,6,6,0.46925416588783264
9736,8,8,0.9576866030693054
9737,5,5,0.22009630501270294
9738,6,6,0.8279674649238586
9739,1,1,0.6851123571395874
9740,3,6,0.8574789762496948
9741,5,5,0.48667609691619873
9742,9,9,0.4139978885650635
9743,9,1,0.974364161491394
9744,1,9,0.8068841695785522
9745,3,3,0.5561404824256897
9746,2,1,0.41669899225234985
9747,0,0,0.795704185962677
9748,3,7,0.3034273684024811
9749,0,8,0.6644451022148132
9750,2,2,0.34685027599334717
9751,0,8,0.516619086265564
9752,7,7,0.49529391527175903
9753,3,3,0.5926121473312378
9754,9,9,0.8846486210823059
9755,3,5,0.7760329842567444
9756,5,3,0.3039690852165222
9757,7,7,0.5191336274147034
9758,6,6,0.6191749572753906
9759,5,2,0.43789950013160706
9760,9,7,0.3535645008087158
9761,5,5,0.46354207396507263
9762,6,6,0.9696986675262451
9763,1,1,0.9855849146842957
9764,2,0,0.5053457617759705
9765,4,4,0.6834334135055542
9766,0,0,0.9722219705581665
9767,2,2,0.5967438817024231
9768,7,7,0.9281584620475769
9769,8,8,0.7811166048049927
9770,4,4,0.6893066763877869
9771,4,4,0.8670245409011841
9772,0,0,0.6826250553131104
9773,9,9,0.9747426509857178
9774,5,4,0.44974473118782043
9775,9,9,0.9713103175163269
9776,2,6,0.41189494729042053
9777,9,9,0.38053104281425476
9778,3,5,0.5700060725212097
9779,2,2,0.3814636170864105
9780,4,6,0.5030621886253357
9781,3,5,0.5448156595230103
9782,2,2,0.40290388464927673
9783,2,6,0.8380531668663025
9784,8,0,0.8008386492729187
9785,8,8,0.4132333993911743
9786,6,2,0.32208454608917236
9787,8,0,0.621223509311676
9788,1,1,0.9981381893157959
9789,6,6,0.5079277753829956
9790,8,8,0.5046184659004211
9791,9,6,0.4278497099876404
9792,8,9,0.2815347909927368
9793,2,8,0.413427472114563
9794,1,1,0.4066629409790039
9795,4,4,0.5720807909965515
9796,9,9,0.8804942965507507
9797,1,1,0.5444678068161011
9798,5,5,0.6246134638786316
9799,7,7,0.9042336344718933
9800,1,1,0.996098518371582
9801,6,2,0.35090312361717224
9802,0,0,0.9859423041343689
9803,1,1,0.86346435546875
9804,5,2,0.28087323904037476
9805,2,0,0.6379565596580505
9806,8,8,0.9393912553787231
9807,1,1,0.8088023066520691
9808,1,1,0.654630184173584
9809,3,3,0.4310847818851471
9810,8,5,0.3112616240978241
9811,1,1,0.974811851978302
9812,3,8,0.4414950907230377
9813,1,1,0.9868052005767822
9814,8,8,0.9981661438941956
9815,5,2,0.60255366563797
9816,1,8,0.6631965041160583
9817,9,1,0.7625914216041565
9818,0,8,0.4337230622768402
9819,3,5,0.5424866080284119
9820,0,4,0.4874626398086548
9821,4,4,0.40411511063575745
9822,0,0,0.5570377707481384
9823,5,3,0.4310043454170227
9824,1,1,0.9578494429588318
9825,2,4,0.5283846855163574
9826,0,0,0.790128231048584
9827,4,2,0.3983150124549866
9828,9,9,0.6911482810974121
9829,5,4,0.5116739273071289
9830,1,1,0.9009973406791687
9831,2,6,0.25542131066322327
9832,2,4,0.6274410486221313
9833,7,7,0.49569055438041687
9834,8,0,0.6281627416610718
9835,7,7,0.6886086463928223
9836,2,8,0.4740031361579895
9837,4,4,0.5510974526405334
9838,5,7,0.6878160834312439
9839,3,2,0.26873138546943665
9840,4,7,0.42404142022132874
9841,0,8,0.6282830834388733
9842,6,4,0.6110485196113586
9843,1,1,0.9662705063819885
9844,5,5,0.464796245098114
9845,9,9,0.8223167061805725
9846,8,8,0.8894133567810059
9847,0,0,0.8521177172660828
9848,2,2,0.5828521847724915
9849,0,0,0.6767981648445129
9850,7,4,0.8597359657287598
9851,6,6,0.5389568209648132
9852,0,0,0.4949707090854645
9853,5,6,0.3245762586593628
9854,9,9,0.6751488447189331
9855,7,7,0.7865995168685913
9856,5,7,0.3099035620689392
9857,0,1,0.8534268140792847
9858,4,2,0.2998763620853424
9859,6,6,0.7717215418815613
9860,0,2,0.5120993852615356
9861,6,6,0.9826734662055969
9862,3,1,0.3736891448497772
9863,6,6,0.9824428558349609
9864,8,8,0.3024287223815918
9865,1,1,0.9867559671401978
9866,1,9,0.43084821105003357
9867,8,0,0.5623496770858765
9868,9,9,0.799588143825531
9869,7,2,0.2642120122909546
9870,2,5,0.38042622804641724
9871,9,1,0.9627257585525513
9872,0,9,0.6055737733840942
9873,2,2,0.38006678223609924
9874,2,5,0.43705272674560547
9875,9,9,0.6468202471733093
9876,0,0,0.7247394919395447
9877,6,2,0.6012179255485535
9878,5,4,0.2890393137931824
9879,7,2,0.3302673399448395
9880,7,7,0.4854215681552887
9881,9,1,0.6074035167694092
9882,1,1,0.9932210445404053
9883,7,7,0.5285649299621582
9884,9,1,0.8478571772575378
9885,8,8,0.9627282023429871
9886,4,6,0.48147454857826233
9887,5,5,0.44077831506729126
9888,0,2,0.5101015567779541
9889,8,8,0.9317284822463989
9890,0,0,0.88372802734375
9891,2,4,0.32793882489204407
9892,5,4,0.4529106914997101
9893,2,2,0.6013612151145935
9894,1,1,0.6437060832977295
9895,4,4,0.67807936668396
9896,4,6,0.7735270261764526
9897,8,8,0.9887554049491882
9898,9,9,0.7070091962814331
9899,7,7,0.3761952519416809
9900,8,9,0.7390778064727783
9901,3,1,0.9817257523536682
9902,6,1,0.6785178184509277
9903,6,6,0.5592507719993591
9904,0,0,0.8279604315757751
9905,1,1,0.8722537159919739
9906,1,1,0.8689649701118469
9907,1,1,0.9728435277938843
9908,8,8,0.9822322130203247
9909,1,1,0.8577084541320801
9910,4,7,0.9001910090446472
9911,4,7,0.33142346143722534
9912,0,8,0.3032498061656952
9913,7,7,0.9118919372558594
9914,8,8,0.7350738048553467
9915,2,2,0.8582625389099121
9916,1,1,0.8499716520309448
9917,2,2,0.5293253064155579
9918,5,6,0.35310307145118713
9919,4,2,0.47877007722854614
9920,6,6,0.9340699911117554
9921,0,8,0.48446789383888245
9922,5,5,0.45798590779304504
9923,7,1,0.5809796452522278
9924,4,0,0.48877450823783875
9925,4,4,0.6100068092346191
9926,3,6,0.44973209500312805
9927,9,9,0.8084906339645386
9928,5,2,0.45739102363586426
9929,8,8,0.969776451587677
9930,8,5,0.40627673268318176
9931,0,0,0.8361342549324036
9932,8,8,0.5323727130889893
9933,7,2,0.44017529487609863
9934,4,7,0.6576223969459534
9935,1,1,0.9775946736335754
9936,8,1,0.7567278146743774
9937,4,7,0.513590931892395
9938,9,9,0.9637337327003479
9939,5,5,0.7341492176055908
9940,4,5,0.32643768191337585
9941,1,1,0.9144597053527832
9942,7,9,0.38030916452407837
9943,7,7,0.5834123492240906
9944,7,7,0.8656212091445923
9945,7,7,0.6550155282020569
9946,0,0,0.9383113980293274
9947,3,2,0.5146917104721069
9948,8,8,0.500856876373291
9949,3,1,0.5441251993179321
9950,3,5,0.32941120862960815
9951,0,0,0.9675379395484924
9952,5,5,0.7712352871894836
9953,7,2,0.36692437529563904
9954,0,8,0.4025353789329529
9955,8,8,0.992439866065979
9956,0,1,0.41436535120010376
9957,0,8,0.5253158807754517
9958,9,9,0.5645993947982788
9959,2,3,0.4693073034286499
9960,2,0,0.8757755160331726
9961,3,3,0.6673887968063354
9962,4,2,0.5462785363197327
9963,8,8,0.9407823085784912
9964,2,2,0.28723031282424927
9965,2,2,0.4974847733974457
9966,6,6,0.9205660223960876
9967,3,4,0.48791372776031494
9968,3,5,0.6731943488121033
9969,6,9,0.6849398612976074
9970,2,4,0.5659499764442444
9971,9,9,0.7876858115196228
9972,4,3,0.3574185371398926
9973,0,8,0.6244086027145386
9974,1,1,0.6528483033180237
9975,7,7,0.9567814469337463
9976,5,5,0.4684566259384155
9977,5,3,0.6771838068962097
9978,7,4,0.6067498922348022
9979,3,5,0.4790104329586029
9980,0,0,0.9208447337150574
9981,4,7,0.6709470748901367
9982,2,6,0.9808439612388611
9983,0,1,0.5370446443557739
9984,7,7,0.5756088495254517
9985,5,5,0.5449391603469849
9986,8,8,0.49639323353767395
9987,0,8,0.9069954752922058
9988,8,8,0.8339661955833435
9989,2,4,0.7855095267295837
9990,7,7,0.8683197498321533
9991,0,0,0.47084131836891174
9992,3,3,0.7182270884513855
9993,5,3,0.5734124183654785
9994,3,3,0.6049436926841736
9995,8,3,0.569109320640564
9996,3,6,0.4521257281303406
9997,5,5,0.6667125225067139
9998,1,1,0.8033419251441956
9999,7,7,0.8787967562675476
