test_id,true_label,predicted_label,confidence
0,49,79,0.1735363006591797
1,33,63,0.1223267987370491
2,72,15,0.17195263504981995
3,51,13,0.10903652012348175
4,71,71,0.3994465172290802
5,92,79,0.09838837385177612
6,15,42,0.09077759087085724
7,14,78,0.1206263080239296
8,23,23,0.5087427496910095
9,0,83,0.2703883945941925
10,71,87,0.4636218249797821
11,75,27,0.06008061394095421
12,81,81,0.4337860643863678
13,69,69,0.5622087717056274
14,40,40,0.27966737747192383
15,43,43,0.10538026690483093
16,92,70,0.23011726140975952
17,97,97,0.3255053758621216
18,70,70,0.7046616673469543
19,53,92,0.2908569574356079
20,70,61,0.39696046710014343
21,49,85,0.15793880820274353
22,75,75,0.34559503197669983
23,29,56,0.36451324820518494
24,21,21,0.7300977110862732
25,16,16,0.2821258008480072
26,39,81,0.23499655723571777
27,8,8,0.685913622379303
28,8,89,0.1376277357339859
29,70,11,0.23660777509212494
30,20,20,0.9807589650154114
31,61,61,0.5506765842437744
32,41,41,0.9508402347564697
33,93,73,0.08043701946735382
34,56,47,0.2915903329849243
35,73,93,0.06477905064821243
36,58,26,0.5211862921714783
37,11,35,0.36415618658065796
38,25,25,0.25186339020729065
39,37,17,0.1900479942560196
40,63,63,0.2681138515472412
41,24,76,0.3278716504573822
42,49,67,0.1505032628774643
43,73,73,0.2665431499481201
44,56,56,0.9545744061470032
45,22,22,0.891410231590271
46,41,48,0.286105215549469
47,58,81,0.16273465752601624
48,75,51,0.4041726887226105
49,17,56,0.503675639629364
50,4,4,0.12403508275747299
51,6,6,0.39581406116485596
52,9,83,0.44351205229759216
53,57,25,0.11470695585012436
54,2,2,0.1368560940027237
55,32,51,0.07951971143484116
56,71,71,0.4276242256164551
57,52,52,0.48033809661865234
58,42,42,0.4589861333370209
59,69,30,0.24062927067279816
60,77,77,0.11836279183626175
61,27,33,0.14176125824451447
62,15,39,0.09796999394893646
63,65,33,0.18458831310272217
64,7,62,0.28248122334480286
65,35,70,0.12599067389965057
66,43,88,0.12525147199630737
67,82,14,0.15626971423625946
68,63,63,0.2906162738800049
69,92,34,0.15345561504364014
70,66,64,0.06595593690872192
71,90,37,0.15564994513988495
72,67,61,0.4054582417011261
73,91,13,0.16886499524116516
74,32,67,0.20499658584594727
75,32,11,0.2488824874162674
76,82,82,0.9653932452201843
77,10,10,0.3431721031665802
78,77,77,0.3876110911369324
79,22,61,0.9715980887413025
80,71,71,0.6031265258789062
81,78,36,0.13609956204891205
82,54,54,0.641413688659668
83,6,7,0.3583148419857025
84,29,54,0.32251840829849243
85,89,89,0.24369893968105316
86,78,91,0.1225346177816391
87,33,37,0.1262582391500473
88,11,34,0.11224305629730225
89,67,23,0.17852194607257843
90,22,46,0.17828120291233063
91,18,97,0.22624152898788452
92,27,44,0.1273312121629715
93,21,46,0.3512989580631256
94,13,58,0.2541409730911255
95,21,7,0.14289383590221405
96,50,32,0.132017582654953
97,75,7,0.1889873445034027
98,37,90,0.17791393399238586
99,35,47,0.26386284828186035
100,26,45,0.1347668617963791
101,83,1,0.28204602003097534
102,47,47,0.6430025100708008
103,95,86,0.2479422688484192
104,43,4,0.15856128931045532
105,69,69,0.8542503118515015
106,76,76,0.8826903700828552
107,17,17,0.8929564356803894
108,57,83,0.15272018313407898
109,59,59,0.3978673815727234
110,25,12,0.27849698066711426
111,20,20,0.963556706905365
112,27,27,0.3865428566932678
113,0,70,0.2328568398952484
114,9,9,0.4336812198162079
115,71,60,0.649996817111969
116,8,8,0.3560810089111328
117,43,43,0.4369104504585266
118,57,87,0.0836663469672203
119,56,56,0.7797737121582031
120,85,85,0.4692858159542084
121,10,26,0.39228326082229614
122,19,38,0.22913609445095062
123,92,70,0.37243276834487915
124,33,33,0.46200788021087646
125,20,5,0.19027896225452423
126,21,3,0.2042027860879898
127,50,8,0.1166132315993309
128,70,70,0.31116122007369995
129,46,64,0.2445441633462906
130,11,20,0.2673056125640869
131,16,16,0.8844724893569946
132,1,13,0.05898580327630043
133,74,63,0.41977083683013916
134,33,34,0.1417141556739807
135,91,91,0.8643607497215271
136,60,60,0.813126266002655
137,64,97,0.26105526089668274
138,52,52,0.858720064163208
139,23,23,0.5524876117706299
140,4,74,0.2090650051832199
141,11,11,0.37140020728111267
142,52,52,0.8989229798316956
143,37,89,0.13633380830287933
144,24,7,0.13334214687347412
145,95,30,0.36019688844680786
146,25,13,0.18863415718078613
147,39,39,0.1886843591928482
148,51,51,0.1313358098268509
149,58,90,0.12229659408330917
150,58,20,0.15441882610321045
151,77,88,0.1376749575138092
152,18,97,0.22470495104789734
153,59,49,0.31622403860092163
154,45,45,0.10061091184616089
155,66,4,0.13321122527122498
156,58,13,0.38349029421806335
157,20,20,0.5138999819755554
158,24,79,0.2906692922115326
159,4,42,0.12143673747777939
160,36,36,0.0969630554318428
161,8,78,0.07857344299554825
162,87,97,0.0799560546875
163,10,0,0.3330628275871277
164,30,55,0.08210673928260803
165,47,47,0.2639611065387726
166,54,54,0.912757158279419
167,99,32,0.09610796719789505
168,51,42,0.11142511665821075
169,83,83,0.2381570041179657
170,9,9,0.16153542697429657
171,37,45,0.16722756624221802
172,4,42,0.15819133818149567
173,83,86,0.12135417014360428
174,95,95,0.5264348387718201
175,83,45,0.22675752639770508
176,32,56,0.4061574637889862
177,73,23,0.13633190095424652
178,18,18,0.3875024914741516
179,40,40,0.23545558750629425
180,39,42,0.195718452334404
181,64,14,0.10596472769975662
182,22,78,0.15318667888641357
183,80,65,0.10855250805616379
184,28,37,0.08346768468618393
185,28,38,0.19064709544181824
186,40,98,0.16033627092838287
187,95,95,0.3026776611804962
188,98,45,0.3084726929664612
189,83,70,0.5465385913848877
190,12,12,0.43116915225982666
191,24,75,0.4406566023826599
192,45,62,0.10347107797861099
193,13,13,0.371974378824234
194,94,94,0.9804775714874268
195,24,24,0.4509854316711426
196,58,9,0.13582023978233337
197,63,42,0.319330632686615
198,7,7,0.3088603913784027
199,87,87,0.2961031496524811
200,6,6,0.19431819021701813
201,78,8,0.07796145975589752
202,68,59,0.19255781173706055
203,60,60,0.6608714461326599
204,6,6,0.2496797740459442
205,23,23,0.42275941371917725
206,44,20,0.4247870147228241
207,31,31,0.5224336385726929
208,80,24,0.16985759139060974
209,93,52,0.43710264563560486
210,73,30,0.5981167554855347
211,98,98,0.15894587337970734
212,49,76,0.1955086588859558
213,90,33,0.10707079619169235
214,97,97,0.49114474654197693
215,59,42,0.12463739514350891
216,2,36,0.22216631472110748
217,67,30,0.5882206559181213
218,16,83,0.21307708323001862
219,81,81,0.24187025427818298
220,94,94,0.32505014538764954
221,27,59,0.09065902978181839
222,76,69,0.2687397599220276
223,77,88,0.1245211586356163
224,12,37,0.13984715938568115
225,18,68,0.11671891808509827
226,0,0,0.7186533808708191
227,76,17,0.41923198103904724
228,79,14,0.22369606792926788
229,71,71,0.3398515582084656
230,89,90,0.2633192241191864
231,57,57,0.25896841287612915
232,47,59,0.26279568672180176
233,24,24,0.6174849271774292
234,65,64,0.20695234835147858
235,0,70,0.4486572742462158
236,32,86,0.06898284703493118
237,36,43,0.23040349781513214
238,82,82,0.983380138874054
239,31,31,0.13942034542560577
240,23,23,0.36207932233810425
241,24,24,0.9354063272476196
242,34,34,0.27366816997528076
243,21,32,0.23832666873931885
244,11,2,0.2097468078136444
245,53,92,0.3032553195953369
246,80,80,0.11061302572488785
247,44,91,0.1909969300031662
248,4,33,0.18903562426567078
249,39,39,0.19246867299079895
250,91,91,0.727906346321106
251,16,16,0.156173437833786
252,36,76,0.16093242168426514
253,68,36,0.10044734925031662
254,50,38,0.1955692619085312
255,97,97,0.2515367865562439
256,58,27,0.15980108082294464
257,31,75,0.3126814365386963
258,6,43,0.12006619572639465
259,42,42,0.21626318991184235
260,80,77,0.08909803628921509
261,76,73,0.2516215145587921
262,89,58,0.23080572485923767
263,55,55,0.09051280468702316
264,19,19,0.13931705057621002
265,91,51,0.1473260372877121
266,70,20,0.27971771359443665
267,1,1,0.4239763021469116
268,6,6,0.1747647076845169
269,62,89,0.320040762424469
270,99,10,0.4768073856830597
271,51,51,0.3613929748535156
272,96,96,0.3343139886856079
273,83,33,0.34330064058303833
274,42,42,0.6554329991340637
275,18,91,0.23006638884544373
276,67,67,0.45273062586784363
277,66,36,0.17641103267669678
278,40,69,0.4331600069999695
279,62,70,0.23756784200668335
280,78,78,0.14933468401432037
281,84,87,0.5525308847427368
282,28,28,0.9016421437263489
283,89,85,0.46321773529052734
284,30,30,0.21216751635074615
285,66,8,0.15356548130512238
286,18,18,0.2928841710090637
287,38,19,0.1835363507270813
288,42,42,0.20968973636627197
289,92,92,0.1466086357831955
290,27,63,0.15867388248443604
291,11,80,0.1278921365737915
292,86,86,0.2191876769065857
293,44,44,0.12059184163808823
294,96,41,0.23859915137290955
295,12,12,0.614115297794342
296,16,16,0.1953079253435135
297,67,63,0.14009323716163635
298,43,33,0.15540362894535065
299,89,48,0.1408088505268097
300,96,96,0.13886602222919464
301,12,9,0.48903414607048035
302,40,12,0.12629729509353638
303,7,24,0.23813028633594513
304,86,76,0.1848355531692505
305,77,18,0.10957993566989899
306,76,76,0.9736305475234985
307,31,19,0.11463701725006104
308,18,88,0.16744934022426605
309,28,28,0.6436893343925476
310,19,46,0.12481523305177689
311,18,18,0.3982650935649872
312,41,41,0.9866400361061096
313,42,33,0.3175828158855438
314,43,34,0.1794419139623642
315,31,15,0.13924279808998108
316,93,74,0.14590680599212646
317,15,2,0.06645078957080841
318,10,66,0.11950092017650604
319,8,8,0.8468005061149597
320,37,37,0.2023402601480484
321,89,89,0.33860987424850464
322,32,54,0.30541902780532837
323,67,67,0.5330590009689331
324,12,81,0.2286832332611084
325,2,57,0.28290849924087524
326,19,11,0.11704210191965103
327,91,62,0.13799041509628296
328,94,76,0.185763880610466
329,7,89,0.29397889971733093
330,71,71,0.31986725330352783
331,36,43,0.25644099712371826
332,61,23,0.2489074468612671
333,62,70,0.3236840069293976
334,5,97,0.18123170733451843
335,60,60,0.7655459046363831
336,45,67,0.4655168354511261
337,91,90,0.0704239010810852
338,34,97,0.2109401524066925
339,95,95,0.2893315553665161
340,9,76,0.14223596453666687
341,40,54,0.38349616527557373
342,68,68,0.7566695809364319
343,62,62,0.23461204767227173
344,99,20,0.171930193901062
345,66,66,0.1391010284423828
346,46,21,0.3334546387195587
347,7,24,0.3077928423881531
348,10,18,0.1365642249584198
349,10,4,0.25249409675598145
350,68,68,0.5493284463882446
351,34,43,0.14595340192317963
352,37,12,0.19813141226768494
353,58,89,0.6470117568969727
354,48,26,0.13046324253082275
355,40,40,0.4952238202095032
356,96,33,0.07467888295650482
357,14,8,0.3161591589450836
358,11,35,0.27422264218330383
359,66,42,0.07624205201864243
360,64,63,0.15948054194450378
361,39,39,0.36479610204696655
362,33,60,0.38121262192726135
363,94,94,0.7732256054878235
364,63,63,0.7683896422386169
365,10,10,0.3671218752861023
366,89,26,0.503811776638031
367,92,54,0.9089030623435974
368,90,59,0.1739802360534668
369,65,78,0.09237714856863022
370,90,85,0.43711337447166443
371,33,33,0.6324312686920166
372,28,40,0.36056819558143616
373,29,7,0.15967747569084167
374,87,87,0.1835314780473709
375,86,39,0.2849436104297638
376,7,24,0.37532663345336914
377,0,0,0.4743271768093109
378,94,94,0.994355320930481
379,11,6,0.13058163225650787
380,26,48,0.21029694378376007
381,6,6,0.2360745519399643
382,41,41,0.9644088745117188
383,21,15,0.12731458246707916
384,69,69,0.3242619037628174
385,27,4,0.09338221698999405
386,29,15,0.13088130950927734
387,67,30,0.33666905760765076
388,85,85,0.7429750561714172
389,65,91,0.14378109574317932
390,40,40,0.1467980295419693
391,57,15,0.1773071140050888
392,72,15,0.12021469324827194
393,30,30,0.5341777205467224
394,74,6,0.2927797734737396
395,27,78,0.08662605285644531
396,3,88,0.1359405517578125
397,49,68,0.3875327706336975
398,52,52,0.6889498233795166
399,95,30,0.3615887761116028
400,40,51,0.3486878573894501
401,93,52,0.38219884037971497
402,77,26,0.11542586237192154
403,91,68,0.323784202337265
404,6,6,0.1585879772901535
405,57,1,0.1459563672542572
406,72,95,0.39886337518692017
407,16,16,0.629182755947113
408,98,91,0.1258145421743393
409,89,48,0.29309263825416565
410,40,40,0.33265891671180725
411,96,34,0.40542036294937134
412,71,71,0.6302593350410461
413,3,96,0.1769692450761795
414,2,36,0.15253834426403046
415,66,8,0.26035815477371216
416,27,34,0.0958639606833458
417,8,96,0.1925693303346634
418,53,92,0.25505518913269043
419,33,42,0.30031514167785645
420,55,19,0.09712560474872589
421,81,90,0.1257324069738388
422,88,59,0.26756805181503296
423,96,96,0.5783451199531555
424,68,71,0.6842384338378906
425,42,42,0.6533458232879639
426,77,77,0.1027209609746933
427,10,61,0.0843215063214302
428,27,75,0.10909002274274826
429,32,3,0.21454569697380066
430,79,44,0.12599708139896393
431,98,6,0.09834690392017365
432,18,69,0.2951863408088684
433,51,34,0.15679562091827393
434,2,11,0.12032727152109146
435,19,65,0.14269009232521057
436,31,8,0.09228683263063431
437,67,30,0.2561149299144745
438,36,64,0.2780519127845764
439,10,32,0.2108369767665863
440,16,16,0.4728545546531677
441,5,5,0.27358120679855347
442,81,89,0.2295948565006256
443,85,52,0.2909868061542511
444,26,6,0.21359243988990784
445,85,58,0.5892975926399231
446,65,63,0.11815302819013596
447,22,85,0.12827178835868835
448,55,6,0.15302397310733795
449,85,52,0.10046176612377167
450,22,20,0.10567527264356613
451,22,98,0.17937399446964264
452,10,10,0.20633317530155182
453,18,27,0.07053738087415695
454,98,51,0.07317531853914261
455,9,86,0.6925820112228394
456,26,51,0.15567925572395325
457,27,51,0.241876021027565
458,7,7,0.3108212351799011
459,5,25,0.2102385312318802
460,58,12,0.4919099807739258
461,87,87,0.8757571578025818
462,76,73,0.2860778570175171
463,2,86,0.34151867032051086
464,54,62,0.30304041504859924
465,38,44,0.09621959179639816
466,33,18,0.11131070554256439
467,17,49,0.3311649262905121
468,6,6,0.4618586301803589
469,0,0,0.5428428053855896
470,79,33,0.16616325080394745
471,97,97,0.156426802277565
472,14,16,0.12731485068798065
473,14,7,0.3121447265148163
474,73,26,0.3835802674293518
475,79,41,0.22235213220119476
476,8,33,0.3725791275501251
477,42,42,0.3903210759162903
478,4,34,0.09091552346944809
479,25,81,0.1776517778635025
480,37,42,0.20214156806468964
481,75,75,0.946177065372467
482,74,45,0.15298090875148773
483,41,8,0.1695951372385025
484,0,0,0.6589935421943665
485,99,67,0.4815620183944702
486,79,17,0.21628248691558838
487,87,87,0.20747575163841248
488,67,93,0.13543342053890228
489,72,21,0.15922175347805023
490,38,43,0.13366666436195374
491,25,94,0.2760287821292877
492,49,60,0.6365640759468079
493,3,46,0.1260252445936203
494,74,32,0.1256330907344818
495,69,38,0.12205114215612411
496,36,2,0.12246923893690109
497,77,38,0.09681764990091324
498,89,89,0.14560937881469727
499,71,69,0.5652194023132324
500,31,8,0.1539951115846634
501,50,38,0.10912000387907028
502,90,89,0.16766826808452606
503,11,16,0.20524157583713531
504,2,21,0.11441079527139664
505,41,41,0.9578976631164551
506,38,19,0.17450810968875885
507,58,58,0.88480144739151
508,47,47,0.9448868632316589
509,93,93,0.29123562574386597
510,68,68,0.5971828699111938
511,11,35,0.3570528030395508
512,35,94,0.16422002017498016
513,67,73,0.10544097423553467
514,54,54,0.3767932653427124
515,53,62,0.24368320405483246
516,30,73,0.4090743064880371
517,36,36,0.173765167593956
518,83,62,0.3675927221775055
519,54,54,0.4633404314517975
520,64,64,0.20346207916736603
521,46,89,0.4049876630306244
522,45,66,0.1055397316813469
523,98,8,0.35246920585632324
524,62,62,0.3339386582374573
525,46,87,0.100846067070961
526,95,30,0.3901054561138153
527,88,42,0.21202397346496582
528,37,42,0.21698221564292908
529,18,51,0.16735582053661346
530,29,56,0.42422813177108765
531,63,63,0.4581039547920227
532,8,8,0.7163665890693665
533,33,68,0.3186686038970947
534,35,41,0.24315716326236725
535,6,18,0.09884120523929596
536,76,76,0.3974085748195648
537,19,90,0.18354684114456177
538,99,91,0.32924652099609375
539,53,53,0.24108490347862244
540,15,43,0.13961488008499146
541,57,51,0.14412954449653625
542,2,36,0.3059844970703125
543,27,42,0.10195032507181168
544,27,23,0.19983595609664917
545,93,93,0.13760237395763397
546,81,10,0.08528490364551544
547,54,39,0.21793469786643982
548,71,60,0.4137684404850006
549,26,7,0.12017720192670822
550,25,33,0.4827845096588135
551,35,35,0.2778277099132538
552,30,30,0.2793676257133484
553,72,31,0.13517728447914124
554,8,8,0.38030529022216797
555,42,42,0.2092600166797638
556,62,62,0.2916103005409241
557,56,47,0.48568329215049744
558,78,77,0.09600655734539032
559,47,89,0.24530865252017975
560,73,73,0.18738682568073273
561,43,63,0.08689432591199875
562,20,20,0.45181939005851746
563,83,70,0.2074914127588272
564,63,96,0.3387218415737152
565,49,52,0.14878825843334198
566,28,10,0.21175424754619598
567,26,70,0.20445723831653595
568,45,45,0.19597311317920685
569,36,65,0.08098621666431427
570,36,36,0.4552740752696991
571,68,68,0.560348391532898
572,1,26,0.24957497417926788
573,2,2,0.23692378401756287
574,99,99,0.09211907535791397
575,9,76,0.3471042215824127
576,65,22,0.11754245311021805
577,38,34,0.30224958062171936
578,58,85,0.2908398509025574
579,96,67,0.5149027109146118
580,38,74,0.11471029371023178
581,87,87,0.28658127784729004
582,82,82,0.19934330880641937
583,22,22,0.21010887622833252
584,83,94,0.1428675651550293
585,41,41,0.995566189289093
586,7,97,0.38432395458221436
587,12,42,0.1669319123029709
588,10,10,0.365459680557251
589,35,43,0.3384052515029907
590,44,42,0.08181603252887726
591,81,12,0.22375108301639557
592,91,91,0.7721527218818665
593,56,56,0.4046245515346527
594,9,54,0.23086479306221008
595,24,24,0.43775713443756104
596,3,8,0.11151853203773499
597,30,73,0.23924782872200012
598,1,1,0.45893195271492004
599,39,88,0.253542423248291
600,98,75,0.34976235032081604
601,72,72,0.1498594731092453
602,83,82,0.3714868724346161
603,80,16,0.39366164803504944
604,43,43,0.3800646662712097
605,84,8,0.1974235624074936
606,66,90,0.09771260619163513
607,4,45,0.3029765784740448
608,64,42,0.1438942402601242
609,77,42,0.07276778668165207
610,98,70,0.1458638310432434
611,82,82,0.8486692905426025
612,81,81,0.6794567704200745
613,20,20,0.5266422629356384
614,0,70,0.5408381223678589
615,48,48,0.7230411767959595
616,46,21,0.2139667123556137
617,33,33,0.17581374943256378
618,22,61,0.44567254185676575
619,13,85,0.4509349763393402
620,17,17,0.24878478050231934
621,39,39,0.49314114451408386
622,76,9,0.5712206959724426
623,0,70,0.34505486488342285
624,17,17,0.44503524899482727
625,64,68,0.14052996039390564
626,48,48,0.5780666470527649
627,90,84,0.08670185506343842
628,93,93,0.1560712456703186
629,82,82,0.9548197388648987
630,75,75,0.11708752065896988
631,96,33,0.11040586233139038
632,97,97,0.2665930986404419
633,3,61,0.12786178290843964
634,83,83,0.24614772200584412
635,60,60,0.6161107420921326
636,61,61,0.6066131591796875
637,32,32,0.14311286807060242
638,26,10,0.26777660846710205
639,84,25,0.16415944695472717
640,41,89,0.24807463586330414
641,12,21,0.16482901573181152
642,85,85,0.4210470914840698
643,12,56,0.23270000517368317
644,8,8,0.3695000112056732
645,82,82,0.12664470076560974
646,72,40,0.33389270305633545
647,94,94,0.9349393844604492
648,7,74,0.20880812406539917
649,22,22,0.39481574296951294
650,15,34,0.1014329269528389
651,66,13,0.161441370844841
652,89,89,0.48499128222465515
653,97,17,0.22318468987941742
654,19,42,0.21682943403720856
655,0,1,0.2769891619682312
656,19,16,0.16939547657966614
657,5,5,0.551730751991272
658,56,59,0.19012980163097382
659,36,97,0.19709528982639313
660,45,98,0.11460994184017181
661,1,48,0.7545962333679199
662,94,94,0.6490145921707153
663,66,74,0.12369514256715775
664,86,10,0.10334895551204681
665,82,82,0.9922717809677124
666,17,17,0.6013437509536743
667,64,37,0.13015636801719666
668,99,80,0.06895635277032852
669,34,3,0.12667667865753174
670,30,79,0.11917990446090698
671,73,73,0.2557147741317749
672,83,83,0.8408384323120117
673,6,27,0.07943841069936752
674,1,64,0.1384107619524002
675,28,28,0.8556937575340271
676,77,79,0.17559920251369476
677,91,91,0.819243311882019
678,74,89,0.11220940202474594
679,68,68,0.4890179932117462
680,14,51,0.11210346221923828
681,14,14,0.47642794251441956
682,1,54,0.1366911679506302
683,92,70,0.31732481718063354
684,97,97,0.759920597076416
685,45,42,0.14682826399803162
686,7,88,0.16595400869846344
687,21,77,0.09320589154958725
688,37,49,0.12449011206626892
689,32,80,0.10972043126821518
690,73,30,0.23174519836902618
691,88,88,0.2588798403739929
692,86,22,0.3648868799209595
693,92,82,0.6865633130073547
694,14,4,0.15718066692352295
695,86,16,0.2741312086582184
696,74,4,0.11209152638912201
697,25,20,0.5780298113822937
698,93,73,0.5781217813491821
699,78,48,0.288901686668396
700,77,63,0.06453212350606918
701,88,33,0.07955530285835266
702,42,97,0.06764363497495651
703,10,91,0.22566035389900208
704,65,79,0.43719375133514404
705,26,26,0.16127987205982208
706,31,44,0.0713299810886383
707,85,85,0.19406887888908386
708,78,45,0.356648713350296
709,29,90,0.2146853357553482
710,32,32,0.13146820664405823
711,81,87,0.11393047869205475
712,97,97,0.11117161065340042
713,1,1,0.6944377422332764
714,82,82,0.889449954032898
715,0,57,0.316363126039505
716,21,33,0.14983031153678894
717,15,37,0.18008451163768768
718,56,33,0.3194805085659027
719,57,57,0.2652486264705658
720,97,97,0.09379810839891434
721,76,76,0.3799434006214142
722,60,53,0.21768689155578613
723,87,20,0.20476244390010834
724,46,35,0.17018631100654602
725,1,73,0.4210841953754425
726,61,22,0.3893430233001709
727,75,75,0.5087339282035828
728,62,62,0.8189244866371155
729,21,19,0.30775880813598633
730,61,22,0.505119264125824
731,78,6,0.11012145131826401
732,90,90,0.17232166230678558
733,68,58,0.23767386376857758
734,94,94,0.9966965913772583
735,88,43,0.2176499366760254
736,95,69,0.4931248426437378
737,3,43,0.1418236643075943
738,83,83,0.40308427810668945
739,32,32,0.16559471189975739
740,93,36,0.15051774680614471
741,77,10,0.18878425657749176
742,38,43,0.3041722774505615
743,63,22,0.11577020585536957
744,61,22,0.5309057831764221
745,41,41,0.702170193195343
746,88,45,0.19773763418197632
747,83,83,0.10550344735383987
748,35,61,0.306048184633255
749,82,82,0.8219336271286011
750,50,74,0.19900919497013092
751,15,9,0.4877372682094574
752,48,26,0.2608102858066559
753,25,70,0.22084732353687286
754,4,4,0.14513084292411804
755,71,71,0.25444522500038147
756,8,88,0.16329337656497955
757,98,26,0.1292758285999298
758,67,10,0.167427197098732
759,7,24,0.40807464718818665
760,85,12,0.279990553855896
761,25,5,0.2340998649597168
762,96,96,0.5892253518104553
763,60,71,0.3667451739311218
764,55,88,0.09787718206644058
765,80,65,0.11362341046333313
766,13,82,0.33001646399497986
767,90,90,0.24523398280143738
768,54,54,0.524867594242096
769,15,90,0.16891130805015564
770,76,76,0.8739688396453857
771,39,39,0.2735029458999634
772,95,95,0.4568617343902588
773,24,24,0.7957515120506287
774,7,88,0.18439069390296936
775,64,64,0.25010600686073303
776,70,70,0.6832387447357178
777,88,33,0.1668614000082016
778,81,37,0.2183525115251541
779,0,70,0.35584336519241333
780,12,49,0.18578961491584778
781,64,72,0.12831440567970276
782,31,82,0.19960223138332367
783,79,79,0.16077707707881927
784,86,87,0.5128763914108276
785,60,60,0.5868121981620789
786,22,22,0.828601062297821
787,38,34,0.04982472211122513
788,82,82,0.8971262574195862
789,14,14,0.228633850812912
790,48,48,0.9731993079185486
791,33,89,0.1580347716808319
792,55,3,0.11864142119884491
793,53,57,0.16952034831047058
794,40,99,0.12553465366363525
795,1,10,0.1042095199227333
796,58,13,0.28606072068214417
797,94,94,0.3819466829299927
798,70,62,0.5501514673233032
799,29,63,0.2952982485294342
800,86,10,0.2275756597518921
801,23,23,0.19349326193332672
802,46,46,0.16869553923606873
803,58,89,0.4319782853126526
804,99,99,0.23345635831356049
805,78,7,0.17254531383514404
806,10,86,0.4049976170063019
807,53,53,0.5799537897109985
808,37,37,0.5544100403785706
809,97,42,0.09040924161672592
810,65,36,0.2572357952594757
811,15,37,0.16569393873214722
812,77,47,0.30861979722976685
813,52,47,0.33594903349876404
814,63,63,0.396684467792511
815,32,93,0.5426883101463318
816,6,6,0.5864044427871704
817,36,36,0.5543915033340454
818,6,81,0.19883136451244354
819,7,7,0.4890635013580322
820,36,37,0.3301619589328766
821,74,4,0.2344469428062439
822,13,37,0.3096655607223511
823,22,22,0.15312612056732178
824,32,23,0.1846950203180313
825,54,87,0.12601622939109802
826,62,83,0.28483322262763977
827,84,94,0.14404746890068054
828,57,43,0.08818979561328888
829,25,23,0.13499930500984192
830,11,11,0.4892885684967041
831,62,82,0.3718656301498413
832,85,89,0.16969004273414612
833,31,31,0.24061252176761627
834,26,26,0.19076980650424957
835,16,76,0.322205513715744
836,96,17,0.3087298274040222
837,71,71,0.41043055057525635
838,90,76,0.38161513209342957
839,39,97,0.2161630392074585
840,20,84,0.209365114569664
841,47,47,0.4076557457447052
842,35,98,0.2775461673736572
843,19,31,0.2753170132637024
844,52,59,0.3455137610435486
845,66,44,0.11426075547933578
846,32,13,0.11272566020488739
847,53,50,0.06476831436157227
848,53,53,0.32325705885887146
849,21,21,0.6004650592803955
850,98,26,0.30023840069770813
851,6,6,0.6453197598457336
852,88,77,0.11180883646011353
853,71,71,0.34682199358940125
854,45,43,0.13811567425727844
855,98,1,0.32881367206573486
856,55,90,0.24242715537548065
857,99,10,0.19546382129192352
858,24,24,0.5505491495132446
859,93,45,0.1931012123823166
860,67,99,0.08890149742364883
861,33,96,0.6899641752243042
862,16,16,0.9631063342094421
863,33,1,0.12258627265691757
864,9,86,0.1167558878660202
865,10,5,0.317018061876297
866,46,43,0.1709587126970291
867,68,68,0.762980580329895
868,24,24,0.6536089777946472
869,96,45,0.25389277935028076
870,22,46,0.283773273229599
871,40,33,0.11185499280691147
872,63,38,0.189072385430336
873,53,53,0.6742125153541565
874,10,13,0.19435778260231018
875,14,88,0.2002951055765152
876,41,6,0.060962267220020294
877,77,24,0.3013947308063507
878,54,54,0.4799667298793793
879,84,43,0.12132218480110168
880,20,20,0.33789166808128357
881,29,98,0.27065059542655945
882,76,56,0.23470570147037506
883,36,34,0.22599585354328156
884,1,70,0.36119771003723145
885,26,26,0.3555334210395813
886,99,63,0.13447563350200653
887,2,2,0.3298644423484802
888,96,33,0.32825639843940735
889,69,69,0.7011623978614807
890,36,5,0.11989850550889969
891,18,6,0.17492744326591492
892,90,12,0.25132933259010315
893,66,66,0.12623360753059387
894,52,52,0.6259201169013977
895,37,37,0.1864709109067917
896,99,1,0.13052721321582794
897,97,94,0.1128327026963234
898,12,49,0.2286670058965683
899,55,27,0.17467021942138672
900,15,75,0.1006745994091034
901,85,84,0.08764204382896423
902,15,15,0.17411448061466217
903,16,16,0.41747453808784485
904,33,33,0.30254045128822327
905,99,10,0.3892729878425598
906,80,9,0.1549665480852127
907,28,28,0.7139227986335754
908,69,73,0.17421260476112366
909,51,42,0.24529892206192017
910,72,75,0.190215602517128
911,39,23,0.16776162385940552
912,8,8,0.4888332784175873
913,56,56,0.8123778700828552
914,59,52,0.7683935761451721
915,15,64,0.15865996479988098
916,21,46,0.3399026691913605
917,77,9,0.08554061502218246
918,45,78,0.20963916182518005
919,21,3,0.2148868888616562
920,80,29,0.15864408016204834
921,89,89,0.5395495891571045
922,37,12,0.3238469362258911
923,48,58,0.4535098075866699
924,47,37,0.23653994500637054
925,56,96,0.13425122201442719
926,65,79,0.21085050702095032
927,96,96,0.1366439312696457
928,14,6,0.24287141859531403
929,52,63,0.16923761367797852
930,2,2,0.13490509986877441
931,60,60,0.5673947930335999
932,9,24,0.38072139024734497
933,68,68,0.22956494987010956
934,22,66,0.19155819714069366
935,23,23,0.7259578108787537
936,44,56,0.1406998187303543
937,19,47,0.09796079993247986
938,54,54,0.2537664473056793
939,97,79,0.2097226083278656
940,23,71,0.4222988188266754
941,54,54,0.38939160108566284
942,62,62,0.5502036809921265
943,56,69,0.18757906556129456
944,23,60,0.46816110610961914
945,42,14,0.24835431575775146
946,81,85,0.46634113788604736
947,66,78,0.08982722461223602
948,87,22,0.4046843349933624
949,47,47,0.7250702977180481
950,47,52,0.6106440424919128
951,45,79,0.29302120208740234
952,42,42,0.49048998951911926
953,51,51,0.3378439247608185
954,10,20,0.14960534870624542
955,35,40,0.10730846971273422
956,68,71,0.4553877115249634
957,13,87,0.11088273674249649
958,55,30,0.256953626871109
959,34,38,0.17071838676929474
960,74,74,0.11570349335670471
961,47,47,0.3858465552330017
962,40,59,0.13653437793254852
963,51,88,0.07558528333902359
964,6,26,0.18638329207897186
965,3,72,0.12392254918813705
966,76,76,0.5298401117324829
967,52,52,0.3950718641281128
968,53,62,0.4126226603984833
969,34,34,0.6096587181091309
970,60,60,0.9548499584197998
971,63,63,0.39211276173591614
972,28,10,0.12066449224948883
973,24,24,0.4200267493724823
974,36,39,0.09867334365844727
975,69,69,0.8845046758651733
976,82,59,0.09477081894874573
977,90,90,0.3026476502418518
978,70,70,0.8027587532997131
979,75,45,0.11427859961986542
980,77,26,0.3002101480960846
981,43,43,0.33150726556777954
982,43,43,0.3689374029636383
983,78,33,0.15189261734485626
984,81,59,0.12857013940811157
985,80,41,0.08098645508289337
986,66,66,0.10020192712545395
987,35,43,0.11018133908510208
988,84,91,0.10737555474042892
989,21,98,0.2594185471534729
990,49,49,0.36853837966918945
991,96,33,0.32740962505340576
992,15,15,0.6074733734130859
993,37,91,0.17657570540905
994,2,45,0.28350400924682617
995,89,81,0.2547016739845276
996,36,43,0.12594766914844513
997,9,12,0.46651574969291687
998,53,53,0.742373526096344
999,91,91,0.23255155980587006
1000,65,63,0.42314842343330383
1001,67,23,0.36729004979133606
1002,94,94,0.9558512568473816
1003,40,92,0.1627153605222702
1004,72,41,0.19971758127212524
1005,90,46,0.1098656952381134
1006,86,7,0.38386696577072144
1007,85,1,0.09942678362131119
1008,30,30,0.5408981442451477
1009,92,82,0.16850274801254272
1010,25,70,0.35324808955192566
1011,60,1,0.23071250319480896
1012,2,36,0.2274259775876999
1013,29,85,0.31276658177375793
1014,0,70,0.19575053453445435
1015,9,9,0.4977604150772095
1016,37,59,0.18952012062072754
1017,1,51,0.12435288727283478
1018,50,5,0.07616765797138214
1019,90,66,0.09329236298799515
1020,27,63,0.3647192716598511
1021,52,52,0.6313873529434204
1022,36,42,0.08987846970558167
1023,48,89,0.6817981004714966
1024,71,23,0.3126673698425293
1025,12,81,0.2687496244907379
1026,97,66,0.16898703575134277
1027,0,0,0.8953884840011597
1028,3,3,0.19755281507968903
1029,41,41,0.9345554709434509
1030,21,21,0.20313063263893127
1031,16,16,0.5957561135292053
1032,51,33,0.18962787091732025
1033,72,51,0.05388590693473816
1034,13,13,0.5865136384963989
1035,63,80,0.3052997887134552
1036,81,48,0.2230210155248642
1037,73,30,0.20508091151714325
1038,55,26,0.16103243827819824
1039,30,73,0.41779911518096924
1040,28,86,0.21447321772575378
1041,10,10,0.34886687994003296
1042,84,6,0.14121638238430023
1043,8,90,0.138170525431633
1044,6,45,0.10567903518676758
1045,9,96,0.16972368955612183
1046,93,8,0.08836224675178528
1047,2,66,0.12838323414325714
1048,78,64,0.15750935673713684
1049,26,70,0.3727635145187378
1050,16,7,0.21591107547283173
1051,17,12,0.3749460279941559
1052,39,19,0.08784586936235428
1053,67,67,0.4221140742301941
1054,20,20,0.8604856729507446
1055,3,72,0.12089778482913971
1056,81,13,0.3694427013397217
1057,26,63,0.12249407917261124
1058,96,19,0.16266267001628876
1059,45,39,0.09664921462535858
1060,15,19,0.24770456552505493
1061,29,45,0.1568901538848877
1062,57,57,0.246162548661232
1063,60,60,0.22586752474308014
1064,49,60,0.48050206899642944
1065,36,36,0.24494914710521698
1066,23,23,0.4871099889278412
1067,63,4,0.17616800963878632
1068,72,13,0.24594928324222565
1069,19,15,0.5996549725532532
1070,41,41,0.7427757978439331
1071,55,63,0.18564924597740173
1072,26,1,0.11217383295297623
1073,25,91,0.19211144745349884
1074,49,17,0.5024044513702393
1075,28,23,0.20382598042488098
1076,20,86,0.24303926527500153
1077,33,37,0.33876651525497437
1078,7,7,0.7210501432418823
1079,45,90,0.1331387758255005
1080,7,48,0.5108700394630432
1081,89,48,0.5504520535469055
1082,1,1,0.5948501229286194
1083,90,89,0.4044775068759918
1084,42,63,0.13530759513378143
1085,15,15,0.1486075222492218
1086,23,23,0.34183353185653687
1087,93,69,0.4111489951610565
1088,96,17,0.3559240400791168
1089,59,52,0.44731998443603516
1090,29,6,0.203752800822258
1091,29,29,0.302910178899765
1092,75,90,0.156157448887825
1093,93,93,0.5026166439056396
1094,8,17,0.12403716892004013
1095,70,0,0.24832135438919067
1096,48,48,0.4111957550048828
1097,82,83,0.22895625233650208
1098,84,29,0.12302251160144806
1099,81,37,0.19064080715179443
1100,72,96,0.10879337787628174
1101,38,43,0.07043419033288956
1102,80,63,0.10543807595968246
1103,63,63,0.13189615309238434
1104,76,76,0.9571569561958313
1105,4,33,0.2128104716539383
1106,54,54,0.5859454274177551
1107,60,60,0.45417842268943787
1108,1,42,0.26311665773391724
1109,49,71,0.2498212307691574
1110,1,1,0.23421429097652435
1111,92,54,0.3853386640548706
1112,77,36,0.08513009548187256
1113,30,73,0.29980146884918213
1114,98,98,0.1200447753071785
1115,62,82,0.310606986284256
1116,25,41,0.23366902768611908
1117,26,47,0.430189311504364
1118,55,66,0.18546192348003387
1119,25,74,0.07886628806591034
1120,21,31,0.2450006902217865
1121,25,88,0.21423974633216858
1122,82,1,0.6560372710227966
1123,80,64,0.10818101465702057
1124,19,15,0.18552649021148682
1125,93,93,0.05779476836323738
1126,35,97,0.19146351516246796
1127,61,10,0.17259615659713745
1128,81,81,0.22217099368572235
1129,69,90,0.16933459043502808
1130,9,16,0.6521567106246948
1131,91,23,0.18166080117225647
1132,96,47,0.3948189318180084
1133,34,27,0.11312774568796158
1134,23,6,0.0879620760679245
1135,9,40,0.3741219937801361
1136,0,0,0.8968340158462524
1137,28,62,0.34903669357299805
1138,51,82,0.22958095371723175
1139,91,44,0.12207572162151337
1140,65,14,0.12269775569438934
1141,33,23,0.1747792661190033
1142,5,25,0.19087238609790802
1143,13,13,0.1549094319343567
1144,52,52,0.8620493412017822
1145,58,85,0.287780225276947
1146,65,78,0.1309000849723816
1147,32,47,0.20849941670894623
1148,37,17,0.15653057396411896
1149,63,74,0.2833780348300934
1150,61,86,0.24107439815998077
1151,19,19,0.2799762189388275
1152,2,11,0.44475314021110535
1153,49,76,0.20065777003765106
1154,64,51,0.10676179081201553
1155,58,58,0.9116640090942383
1156,93,66,0.11133897304534912
1157,62,70,0.6569565534591675
1158,52,52,0.8706804513931274
1159,53,10,0.2003815472126007
1160,41,14,0.3469233214855194
1161,33,33,0.517500638961792
1162,84,45,0.30469921231269836
1163,22,16,0.15687571465969086
1164,67,67,0.36934781074523926
1165,44,77,0.14157438278198242
1166,95,12,0.30010685324668884
1167,24,24,0.4516464173793793
1168,46,85,0.28990399837493896
1169,98,15,0.11711235344409943
1170,31,19,0.1578485071659088
1171,83,92,0.17115837335586548
1172,16,16,0.21870370209217072
1173,2,2,0.41101422905921936
1174,47,52,0.3399651348590851
1175,51,46,0.16762301325798035
1176,3,63,0.10776523500680923
1177,18,51,0.1494453251361847
1178,60,60,0.9047420620918274
1179,38,42,0.17816686630249023
1180,95,23,0.13968490064144135
1181,89,88,0.1807747632265091
1182,11,7,0.20133544504642487
1183,63,72,0.15872624516487122
1184,15,34,0.07796954363584518
1185,49,30,0.40733012557029724
1186,63,63,0.3411462604999542
1187,85,89,0.48025283217430115
1188,12,37,0.3401014506816864
1189,38,68,0.06600945442914963
1190,66,78,0.06840469688177109
1191,99,45,0.14314715564250946
1192,72,51,0.13302595913410187
1193,83,53,0.561992883682251
1194,12,12,0.39879894256591797
1195,93,96,0.2366982102394104
1196,51,42,0.23207871615886688
1197,21,21,0.1035526692867279
1198,47,52,0.8406108021736145
1199,21,21,0.430914044380188
1200,43,88,0.3514316976070404
1201,77,56,0.10569401830434799
1202,55,74,0.10629171878099442
1203,36,62,0.11416579782962799
1204,57,54,0.19961777329444885
1205,69,12,0.19061896204948425
1206,5,5,0.1965872198343277
1207,29,37,0.30953696370124817
1208,41,11,0.1416211724281311
1209,14,14,0.14144892990589142
1210,41,41,0.858278751373291
1211,77,77,0.2514093518257141
1212,58,58,0.49795737862586975
1213,60,60,0.8894875049591064
1214,45,26,0.8826130628585815
1215,88,61,0.49732130765914917
1216,19,31,0.18829691410064697
1217,19,19,0.5476503968238831
1218,48,48,0.4550868272781372
1219,5,60,0.1388668268918991
1220,81,42,0.13405518233776093
1221,69,69,0.15921592712402344
1222,77,34,0.20681625604629517
1223,60,23,0.4092409610748291
1224,88,42,0.12232281267642975
1225,92,62,0.566927969455719
1226,31,31,0.48416075110435486
1227,34,78,0.06984974443912506
1228,36,36,0.4050859808921814
1229,30,30,0.4213854670524597
1230,64,63,0.1152392029762268
1231,82,82,0.8562290668487549
1232,88,74,0.13157911598682404
1233,7,8,0.23595571517944336
1234,38,65,0.22584469616413116
1235,57,51,0.20712211728096008
1236,92,54,0.8888788819313049
1237,23,71,0.15455862879753113
1238,11,97,0.09907177090644836
1239,41,11,0.06473131477832794
1240,38,7,0.40674176812171936
1241,90,45,0.18509386479854584
1242,76,59,0.14620818197727203
1243,28,9,0.2595308721065521
1244,24,7,0.5762662887573242
1245,6,9,0.18575435876846313
1246,84,20,0.21735809743404388
1247,76,49,0.20280201733112335
1248,88,43,0.43064942955970764
1249,28,28,0.4089593291282654
1250,98,25,0.08876857161521912
1251,96,96,0.5706415176391602
1252,93,93,0.10183457285165787
1253,64,97,0.21753822267055511
1254,45,42,0.26260948181152344
1255,54,54,0.4500352740287781
1256,26,86,0.2355252355337143
1257,79,33,0.45192453265190125
1258,70,54,0.35195261240005493
1259,46,2,0.2530771493911743
1260,89,89,0.5135425329208374
1261,89,90,0.13930951058864594
1262,64,64,0.1291196346282959
1263,93,86,0.0661594420671463
1264,39,42,0.18737293779850006
1265,53,53,0.7437942028045654
1266,36,74,0.14186161756515503
1267,50,55,0.08962486684322357
1268,56,47,0.4656907618045807
1269,84,16,0.222854882478714
1270,46,98,0.21985654532909393
1271,13,89,0.33839356899261475
1272,5,81,0.3124180734157562
1273,51,51,0.2921319305896759
1274,5,5,0.4062381088733673
1275,56,56,0.5635570287704468
1276,68,33,0.2764020562171936
1277,70,45,0.13980768620967865
1278,92,92,0.27400344610214233
1279,93,95,0.13756494224071503
1280,28,69,0.6663259267807007
1281,18,56,0.19887098670005798
1282,37,8,0.3131672441959381
1283,50,64,0.09937481582164764
1284,81,89,0.41813918948173523
1285,67,30,0.3600265681743622
1286,41,41,0.9429137110710144
1287,35,42,0.46082407236099243
1288,99,39,0.16051407158374786
1289,41,41,0.7930105924606323
1290,79,7,0.3779528737068176
1291,90,12,0.1923910230398178
1292,59,69,0.4396589398384094
1293,59,52,0.16761033236980438
1294,35,35,0.22304286062717438
1295,16,61,0.396348237991333
1296,17,56,0.4638652503490448
1297,64,97,0.1786997765302658
1298,90,33,0.11633044481277466
1299,96,45,0.09734749048948288
1300,3,35,0.19180098176002502
1301,88,88,0.09792764484882355
1302,3,31,0.5905901789665222
1303,45,8,0.0974472314119339
1304,0,83,0.1792123019695282
1305,68,74,0.15922784805297852
1306,33,33,0.37528979778289795
1307,49,12,0.11598136276006699
1308,0,0,0.3235868811607361
1309,18,80,0.1549321562051773
1310,22,36,0.16033270955085754
1311,72,76,0.19297033548355103
1312,4,14,0.10198092460632324
1313,66,88,0.2035733312368393
1314,5,13,0.16669335961341858
1315,46,51,0.17520849406719208
1316,79,6,0.42687150835990906
1317,70,62,0.3320140838623047
1318,9,9,0.638048529624939
1319,49,0,0.12168680131435394
1320,34,88,0.1297849863767624
1321,48,48,0.36926788091659546
1322,71,60,0.5176901817321777
1323,37,84,0.08117320388555527
1324,42,48,0.36404746770858765
1325,6,8,0.1957346349954605
1326,91,91,0.4937928318977356
1327,58,58,0.24969668686389923
1328,42,7,0.23186998069286346
1329,17,13,0.08714427053928375
1330,1,70,0.4503895044326782
1331,5,5,0.23251646757125854
1332,65,51,0.10499980300664902
1333,5,5,0.26749593019485474
1334,38,15,0.5054250955581665
1335,47,47,0.6552837491035461
1336,38,42,0.2115737944841385
1337,63,63,0.7386201620101929
1338,61,35,0.14480720460414886
1339,28,55,0.10271461308002472
1340,99,55,0.07320129871368408
1341,20,20,0.9393359422683716
1342,88,88,0.4113064706325531
1343,50,55,0.09604836255311966
1344,53,20,0.08881387114524841
1345,97,46,0.09280356764793396
1346,59,8,0.49507784843444824
1347,78,78,0.2446981519460678
1348,35,35,0.11896970123052597
1349,50,43,0.25813350081443787
1350,6,82,0.19438296556472778
1351,98,46,0.26153993606567383
1352,33,5,0.15865099430084229
1353,65,30,0.44350144267082214
1354,23,99,0.24482524394989014
1355,68,68,0.5819889307022095
1356,26,25,0.08254754543304443
1357,96,52,0.5109890103340149
1358,17,17,0.505592405796051
1359,65,23,0.20130762457847595
1360,47,47,0.6364235877990723
1361,12,12,0.19997835159301758
1362,94,94,0.9205981492996216
1363,81,13,0.19233901798725128
1364,76,76,0.9657849073410034
1365,91,91,0.20852835476398468
1366,72,3,0.19957762956619263
1367,35,61,0.17298336327075958
1368,18,6,0.12939453125
1369,96,52,0.4054476320743561
1370,92,18,0.1278800219297409
1371,98,46,0.18443730473518372
1372,19,59,0.11317019164562225
1373,0,57,0.4030846655368805
1374,43,42,0.2249760925769806
1375,50,32,0.24012380838394165
1376,43,43,0.5471139550209045
1377,44,59,0.1798464059829712
1378,73,30,0.12137266993522644
1379,4,4,0.08110363781452179
1380,53,53,0.6067262291908264
1381,37,25,0.2732323110103607
1382,8,81,0.24231858551502228
1383,25,84,0.09143596887588501
1384,52,41,0.2243349701166153
1385,29,29,0.4230650067329407
1386,44,25,0.16710029542446136
1387,12,33,0.21174220740795135
1388,38,38,0.1241256520152092
1389,5,61,0.10610643029212952
1390,25,33,0.07721502333879471
1391,41,41,0.908706545829773
1392,81,45,0.18216244876384735
1393,23,23,0.4685441255569458
1394,68,68,0.286781907081604
1395,59,59,0.36280766129493713
1396,81,81,0.6370245218276978
1397,43,36,0.17511975765228271
1398,8,48,0.5139220952987671
1399,11,16,0.16572952270507812
1400,18,63,0.11518310755491257
1401,92,83,0.2193150371313095
1402,5,12,0.19239959120750427
1403,34,80,0.1423158049583435
1404,48,48,0.8122974634170532
1405,80,63,0.16837561130523682
1406,25,12,0.07017894089221954
1407,31,38,0.15801693499088287
1408,8,75,0.12117534875869751
1409,88,88,0.2645183205604553
1410,10,75,0.28737887740135193
1411,50,63,0.13219445943832397
1412,76,15,0.12200518697500229
1413,50,84,0.11117520928382874
1414,95,95,0.48713043332099915
1415,94,94,0.7435526251792908
1416,83,33,0.49751144647598267
1417,52,52,0.8824836611747742
1418,44,9,0.2542949914932251
1419,16,83,0.17060555517673492
1420,99,3,0.09259235858917236
1421,68,68,0.8126489520072937
1422,28,83,0.23400290310382843
1423,15,43,0.42496559023857117
1424,47,96,0.35625791549682617
1425,34,34,0.1933673471212387
1426,57,18,0.10548035800457001
1427,13,58,0.375505656003952
1428,22,61,0.5438982844352722
1429,9,36,0.21136075258255005
1430,90,41,0.11686041206121445
1431,50,61,0.4369112551212311
1432,34,6,0.18170303106307983
1433,43,43,0.646574854850769
1434,20,20,0.9151427745819092
1435,87,81,0.19372153282165527
1436,91,91,0.7659559845924377
1437,80,97,0.11420635133981705
1438,9,9,0.869748055934906
1439,17,42,0.21386650204658508
1440,19,47,0.2920590937137604
1441,57,57,0.7511938214302063
1442,14,7,0.1776234656572342
1443,27,93,0.16466090083122253
1444,46,36,0.27247297763824463
1445,13,13,0.4425240159034729
1446,44,77,0.12309339642524719
1447,24,61,0.2580830454826355
1448,10,7,0.15502704679965973
1449,84,13,0.06362563371658325
1450,4,66,0.11694291234016418
1451,56,56,0.7639204859733582
1452,29,74,0.15775607526302338
1453,29,42,0.20204459130764008
1454,51,91,0.14306455850601196
1455,78,27,0.18212756514549255
1456,62,70,0.4984809458255768
1457,53,20,0.3863673508167267
1458,17,17,0.3532602787017822
1459,28,99,0.2397318333387375
1460,28,61,0.14468824863433838
1461,11,35,0.1969585418701172
1462,65,30,0.11252482980489731
1463,48,45,0.23086199164390564
1464,48,89,0.19266840815544128
1465,12,71,0.33504822850227356
1466,55,56,0.1921354979276657
1467,66,66,0.12063750624656677
1468,98,46,0.38401636481285095
1469,8,8,0.6336534023284912
1470,94,94,0.3139525353908539
1471,25,25,0.20328177511692047
1472,70,70,0.44449079036712646
1473,54,54,0.42276784777641296
1474,12,56,0.7752275466918945
1475,86,16,0.3223819136619568
1476,3,89,0.07973068207502365
1477,76,95,0.2659222185611725
1478,13,81,0.3789708912372589
1479,2,39,0.11084746569395065
1480,7,7,0.3783718943595886
1481,91,54,0.2160603255033493
1482,55,80,0.10223641246557236
1483,45,70,0.2597670257091522
1484,51,70,0.37346237897872925
1485,53,53,0.3071284592151642
1486,28,28,0.3867875039577484
1487,9,9,0.17162339389324188
1488,87,87,0.25961604714393616
1489,13,13,0.3240112364292145
1490,30,97,0.12217820435762405
1491,58,58,0.37164318561553955
1492,61,86,0.3577546775341034
1493,31,80,0.1957726776599884
1494,70,54,0.312728613615036
1495,39,39,0.4994286298751831
1496,3,38,0.077964648604393
1497,47,96,0.4558005928993225
1498,34,88,0.21865145862102509
1499,26,32,0.14398536086082458
1500,50,22,0.14611579477787018
1501,59,96,0.7187023758888245
1502,64,65,0.4999142289161682
1503,37,17,0.36299023032188416
1504,92,92,0.2137095183134079
1505,14,14,0.14016808569431305
1506,26,26,0.3155149817466736
1507,37,20,0.4912548065185547
1508,94,94,0.9497603178024292
1509,29,24,0.1656421273946762
1510,15,17,0.1932421326637268
1511,63,22,0.07433158904314041
1512,7,39,0.12690986692905426
1513,32,95,0.2032317817211151
1514,9,9,0.8403054475784302
1515,43,43,0.6468617916107178
1516,12,37,0.41121751070022583
1517,27,7,0.10601137578487396
1518,78,48,0.427316278219223
1519,97,97,0.1351822018623352
1520,55,4,0.10079436749219894
1521,11,56,0.0802609771490097
1522,69,69,0.2572821378707886
1523,66,14,0.33461397886276245
1524,31,75,0.2878161072731018
1525,20,20,0.9454335570335388
1526,54,54,0.40481871366500854
1527,45,59,0.1375160664319992
1528,86,86,0.9687376022338867
1529,84,81,0.11061893403530121
1530,55,3,0.16341404616832733
1531,3,43,0.13540391623973846
1532,6,88,0.1383695900440216
1533,54,54,0.41046053171157837
1534,69,69,0.7401762008666992
1535,47,47,0.5411550402641296
1536,62,92,0.6455167531967163
1537,57,10,0.60216224193573
1538,85,85,0.1878669261932373
1539,30,73,0.4491667151451111
1540,16,2,0.13999074697494507
1541,11,70,0.07503330707550049
1542,82,6,0.12058460712432861
1543,65,41,0.10492865741252899
1544,59,47,0.33313411474227905
1545,81,90,0.19442494213581085
1546,39,63,0.11569343507289886
1547,79,97,0.12578606605529785
1548,25,5,0.41265010833740234
1549,44,81,0.19345657527446747
1550,16,14,0.07760096341371536
1551,23,67,0.1241735965013504
1552,17,17,0.3893381357192993
1553,49,95,0.1982850581407547
1554,69,95,0.3288244307041168
1555,74,74,0.17912136018276215
1556,63,74,0.26541823148727417
1557,10,41,0.13605782389640808
1558,56,56,0.22516101598739624
1559,43,31,0.13364006578922272
1560,22,70,0.22239471971988678
1561,11,29,0.1558941751718521
1562,9,22,0.1862107366323471
1563,17,76,0.31694266200065613
1564,31,31,0.261745810508728
1565,52,52,0.2363109290599823
1566,52,96,0.31989020109176636
1567,36,43,0.15648262202739716
1568,58,58,0.6609216332435608
1569,79,65,0.17058639228343964
1570,42,78,0.09005225449800491
1571,32,27,0.09500021487474442
1572,15,8,0.10187509655952454
1573,15,15,0.15222033858299255
1574,79,79,0.13688194751739502
1575,56,56,0.42518916726112366
1576,3,72,0.11094588786363602
1577,77,95,0.30665287375450134
1578,57,62,0.27178242802619934
1579,5,5,0.5627357363700867
1580,76,23,0.350262314081192
1581,84,14,0.1195763498544693
1582,47,52,0.8356908559799194
1583,79,37,0.13993048667907715
1584,64,64,0.0700882226228714
1585,3,21,0.11038864403963089
1586,22,87,0.37476661801338196
1587,84,43,0.13406547904014587
1588,15,49,0.1860450804233551
1589,83,83,0.5146750807762146
1590,19,19,0.27574682235717773
1591,64,85,0.13014429807662964
1592,61,61,0.6370120048522949
1593,33,33,0.35121282935142517
1594,16,9,0.24826185405254364
1595,76,59,0.3348160684108734
1596,96,96,0.2028266340494156
1597,87,89,0.15820170938968658
1598,92,82,0.21193672716617584
1599,39,97,0.18143093585968018
1600,60,60,0.25826209783554077
1601,59,15,0.13578227162361145
1602,74,72,0.07578909397125244
1603,27,84,0.20141859352588654
1604,68,68,0.6885398626327515
1605,7,18,0.2394382506608963
1606,23,23,0.41378897428512573
1607,42,42,0.3656212091445923
1608,47,62,0.48682063817977905
1609,2,35,0.08995269984006882
1610,20,5,0.17898042500019073
1611,80,33,0.1836739182472229
1612,24,20,0.2912176549434662
1613,17,17,0.2830817997455597
1614,12,19,0.1239401176571846
1615,55,44,0.10945329070091248
1616,13,48,0.39549893140792847
1617,17,37,0.44727590680122375
1618,67,34,0.10895655304193497
1619,21,3,0.17819051444530487
1620,42,42,0.49121907353401184
1621,21,21,0.40407487750053406
1622,46,35,0.16571758687496185
1623,79,79,0.13246974349021912
1624,21,37,0.19819016754627228
1625,61,61,0.6788644790649414
1626,64,31,0.19365525245666504
1627,41,41,0.8820180296897888
1628,16,84,0.19251306354999542
1629,40,28,0.09774849563837051
1630,54,70,0.26961830258369446
1631,70,54,0.5678390264511108
1632,65,3,0.18297956883907318
1633,84,20,0.1936391443014145
1634,64,4,0.20205147564411163
1635,37,84,0.3468669056892395
1636,59,52,0.514041006565094
1637,92,70,0.5409572720527649
1638,71,40,0.1695365458726883
1639,17,17,0.510242760181427
1640,96,59,0.276586651802063
1641,94,94,0.9188081622123718
1642,39,39,0.4717731177806854
1643,93,48,0.11634556204080582
1644,79,28,0.14292365312576294
1645,34,84,0.11890709400177002
1646,26,70,0.10915891826152802
1647,33,33,0.8053652048110962
1648,24,26,0.08816565573215485
1649,12,8,0.400018572807312
1650,53,53,0.18602506816387177
1651,88,88,0.1185581311583519
1652,20,20,0.9131699204444885
1653,47,96,0.35993191599845886
1654,98,4,0.14795845746994019
1655,25,20,0.10540395975112915
1656,45,58,0.2009931057691574
1657,25,94,0.630700409412384
1658,61,10,0.4655052721500397
1659,56,56,0.6419392824172974
1660,68,68,0.8855528235435486
1661,27,79,0.06968925148248672
1662,13,13,0.25583186745643616
1663,92,92,0.42795631289482117
1664,12,85,0.305916428565979
1665,46,11,0.29871609807014465
1666,76,76,0.7201482653617859
1667,67,67,0.7403048872947693
1668,27,20,0.1028219610452652
1669,2,36,0.13062117993831635
1670,78,72,0.11806587874889374
1671,48,48,0.8188481330871582
1672,3,4,0.30956271290779114
1673,98,45,0.16381485760211945
1674,20,24,0.32236871123313904
1675,8,8,0.9608914256095886
1676,43,89,0.1966535896062851
1677,57,10,0.2056092470884323
1678,63,31,0.37025994062423706
1679,7,7,0.43481722474098206
1680,10,10,0.6120592355728149
1681,47,56,0.661873459815979
1682,46,84,0.15534785389900208
1683,52,96,0.34048527479171753
1684,90,13,0.36981093883514404
1685,69,69,0.120302215218544
1686,78,8,0.20822912454605103
1687,15,31,0.15321829915046692
1688,78,42,0.12247875332832336
1689,29,47,0.13152766227722168
1690,61,61,0.4299006760120392
1691,5,94,0.5528686046600342
1692,30,23,0.1693233996629715
1693,86,86,0.17270483076572418
1694,85,72,0.05842166393995285
1695,33,33,0.4169425368309021
1696,10,22,0.15721620619297028
1697,44,93,0.14112631976604462
1698,34,66,0.13060584664344788
1699,24,24,0.32721972465515137
1700,56,16,0.4027440547943115
1701,61,61,0.7820513248443604
1702,62,62,0.21188412606716156
1703,38,84,0.10226718336343765
1704,72,79,0.10298556834459305
1705,44,93,0.18511401116847992
1706,53,53,0.1862572729587555
1707,7,7,0.3317496180534363
1708,38,79,0.14068223536014557
1709,17,12,0.28991690278053284
1710,40,6,0.17167799174785614
1711,91,86,0.16980326175689697
1712,83,83,0.12925566732883453
1713,82,82,0.9047573804855347
1714,10,61,0.9409247040748596
1715,21,21,0.1852748543024063
1716,30,30,0.5189663767814636
1717,65,66,0.11965645849704742
1718,47,96,0.2717283368110657
1719,57,0,0.5630196928977966
1720,16,13,0.13331371545791626
1721,81,26,0.1511707454919815
1722,30,95,0.46924325823783875
1723,72,79,0.07384548336267471
1724,96,47,0.36486318707466125
1725,88,33,0.18095706403255463
1726,62,51,0.09358126670122147
1727,95,30,0.3236970901489258
1728,27,18,0.16218353807926178
1729,61,42,0.10532046109437943
1730,2,97,0.13129082322120667
1731,50,14,0.12025751173496246
1732,21,75,0.37822234630584717
1733,87,48,0.3339378833770752
1734,5,91,0.13088715076446533
1735,69,21,0.8541539311408997
1736,37,13,0.19293509423732758
1737,59,27,0.1632005274295807
1738,0,0,0.9006028175354004
1739,78,38,0.129917711019516
1740,20,39,0.09005463868379593
1741,85,85,0.5642454624176025
1742,54,54,0.23620478808879852
1743,53,53,0.18845941126346588
1744,73,73,0.31425613164901733
1745,69,49,0.3331545293331146
1746,3,3,0.15200217068195343
1747,35,35,0.09781520068645477
1748,49,49,0.44947996735572815
1749,33,33,0.7008360028266907
1750,73,73,0.6024129986763
1751,99,38,0.3047276437282562
1752,97,18,0.1556386500597
1753,89,89,0.3119896650314331
1754,3,31,0.07229563593864441
1755,54,99,0.1110566034913063
1756,90,90,0.1982288658618927
1757,45,35,0.20416462421417236
1758,11,95,0.133877694606781
1759,1,88,0.1451958417892456
1760,51,70,0.3211040794849396
1761,28,28,0.2557004988193512
1762,79,84,0.18606360256671906
1763,47,52,0.397847980260849
1764,54,20,0.18018464744091034
1765,83,16,0.2639514207839966
1766,40,20,0.17795589566230774
1767,14,14,0.12923301756381989
1768,26,67,0.31260815262794495
1769,27,30,0.23807157576084137
1770,12,12,0.6478255987167358
1771,42,42,0.3359534442424774
1772,44,85,0.15707077085971832
1773,29,29,0.5553597211837769
1774,59,96,0.309148907661438
1775,8,13,0.13525575399398804
1776,17,37,0.19817112386226654
1777,56,56,0.1388510912656784
1778,46,35,0.11096297204494476
1779,80,74,0.16239477694034576
1780,1,51,0.12720730900764465
1781,82,82,0.8614734411239624
1782,51,96,0.3159206807613373
1783,34,43,0.1807762086391449
1784,86,86,0.8221886157989502
1785,96,52,0.29140862822532654
1786,86,86,0.32964980602264404
1787,93,63,0.15318383276462555
1788,38,31,0.16662292182445526
1789,20,20,0.47073131799697876
1790,19,89,0.37649309635162354
1791,2,36,0.3375592529773712
1792,20,5,0.3103504776954651
1793,91,26,0.16545167565345764
1794,55,45,0.103487029671669
1795,65,15,0.23159144818782806
1796,64,63,0.1638561189174652
1797,90,58,0.29551583528518677
1798,70,62,0.24020758271217346
1799,34,33,0.11138785630464554
1800,11,41,0.3154575824737549
1801,55,29,0.3028571903705597
1802,68,68,0.37175145745277405
1803,52,52,0.4058969020843506
1804,6,6,0.5832909345626831
1805,79,79,0.18466374278068542
1806,22,26,0.15164922177791595
1807,22,40,0.4513873755931854
1808,86,86,0.4978976249694824
1809,10,22,0.3719412088394165
1810,1,1,0.5380640029907227
1811,75,43,0.1321052610874176
1812,48,48,0.23955920338630676
1813,5,34,0.17549070715904236
1814,90,39,0.13669508695602417
1815,67,79,0.05213800072669983
1816,99,99,0.270637184381485
1817,33,15,0.2645781934261322
1818,82,82,0.5511770248413086
1819,76,76,0.4431839883327484
1820,51,74,0.19956694543361664
1821,92,64,0.12229648977518082
1822,65,87,0.23575955629348755
1823,77,77,0.31020012497901917
1824,70,70,0.23821429908275604
1825,12,12,0.7747865915298462
1826,91,64,0.07052125781774521
1827,83,94,0.6916332244873047
1828,95,95,0.6246477961540222
1829,48,41,0.23135024309158325
1830,52,47,0.429526686668396
1831,30,30,0.21305857598781586
1832,49,76,0.320376992225647
1833,11,35,0.18402312695980072
1834,3,7,0.19093801081180573
1835,17,15,0.25531914830207825
1836,80,33,0.13904798030853271
1837,94,94,0.9024425745010376
1838,29,95,0.11365272849798203
1839,87,48,0.17517927289009094
1840,49,49,0.2242860496044159
1841,64,78,0.07862500101327896
1842,57,24,0.10630108416080475
1843,42,64,0.07659907639026642
1844,95,73,0.42209866642951965
1845,28,10,0.24520760774612427
1846,16,83,0.4464220106601715
1847,99,51,0.39700162410736084
1848,46,2,0.23528340458869934
1849,31,33,0.2676039934158325
1850,25,55,0.09998530894517899
1851,2,15,0.13682031631469727
1852,95,93,0.2588344216346741
1853,21,21,0.11897093057632446
1854,83,62,0.1836453527212143
1855,59,52,0.7641802430152893
1856,56,56,0.9655488133430481
1857,28,28,0.7432107925415039
1858,17,17,0.7161853313446045
1859,53,46,0.13259537518024445
1860,71,71,0.4531335234642029
1861,7,16,0.10429801046848297
1862,94,94,0.35380467772483826
1863,53,53,0.5333766341209412
1864,89,81,0.2856338322162628
1865,10,34,0.39225703477859497
1866,28,16,0.19714802503585815
1867,7,99,0.12788602709770203
1868,36,54,0.15628954768180847
1869,79,33,0.6399217247962952
1870,53,53,0.5167142748832703
1871,87,22,0.28380149602890015
1872,43,97,0.08670836687088013
1873,76,17,0.4432736933231354
1874,69,40,0.15225955843925476
1875,22,97,0.27179422974586487
1876,17,19,0.2950812578201294
1877,6,6,0.5217326879501343
1878,53,62,0.24810993671417236
1879,68,60,0.5740971565246582
1880,44,93,0.152587890625
1881,89,33,0.11349701881408691
1882,15,26,0.19227881729602814
1883,80,38,0.2032138556241989
1884,45,6,0.1740759015083313
1885,95,95,0.08078155666589737
1886,37,12,0.21667370200157166
1887,80,97,0.11745059490203857
1888,28,28,0.6646432876586914
1889,13,89,0.2710062861442566
1890,23,23,0.6093565821647644
1891,52,52,0.4551704227924347
1892,24,24,0.6452327966690063
1893,21,18,0.17135415971279144
1894,55,68,0.44624289870262146
1895,99,10,0.1458783745765686
1896,98,56,0.24677826464176178
1897,21,42,0.0715024471282959
1898,59,76,0.13581186532974243
1899,9,7,0.2577691376209259
1900,81,81,0.2781561315059662
1901,88,42,0.11659884452819824
1902,93,52,0.07122455537319183
1903,61,22,0.3491106629371643
1904,17,17,0.3794463276863098
1905,44,95,0.17151500284671783
1906,49,59,0.09206875413656235
1907,81,81,0.3577069640159607
1908,78,26,0.10973348468542099
1909,94,43,0.13414888083934784
1910,40,40,0.6918277144432068
1911,60,60,0.8307700157165527
1912,80,77,0.15391114354133606
1913,58,89,0.58433997631073
1914,4,14,0.21817505359649658
1915,88,45,0.2586418092250824
1916,18,91,0.15862302482128143
1917,24,84,0.08498178422451019
1918,36,36,0.5865280032157898
1919,26,85,0.18089944124221802
1920,74,74,0.3745291233062744
1921,88,97,0.14333374798297882
1922,56,47,0.3076060116291046
1923,3,80,0.12636591494083405
1924,65,47,0.057572975754737854
1925,0,0,0.8936601281166077
1926,43,43,0.39829787611961365
1927,22,81,0.18713675439357758
1928,47,42,0.14793705940246582
1929,65,49,0.17912380397319794
1930,22,69,0.15481317043304443
1931,69,69,0.6289313435554504
1932,9,9,0.9027519822120667
1933,78,22,0.13481031358242035
1934,4,91,0.09533696621656418
1935,69,69,0.41945958137512207
1936,46,46,0.2463458925485611
1937,97,64,0.23516477644443512
1938,29,24,0.10356307029724121
1939,18,27,0.127049520611763
1940,64,85,0.16355237364768982
1941,98,98,0.2075357586145401
1942,65,18,0.13908761739730835
1943,36,36,0.8896024823188782
1944,94,16,0.3552341163158417
1945,84,26,0.28470760583877563
1946,91,89,0.1399010717868805
1947,20,20,0.6462684869766235
1948,36,36,0.40402939915657043
1949,50,63,0.13305215537548065
1950,76,76,0.30759143829345703
1951,29,75,0.17399835586547852
1952,63,86,0.13531740009784698
1953,6,6,0.21042832732200623
1954,30,27,0.14930114150047302
1955,99,71,0.19439393281936646
1956,55,69,0.07908597588539124
1957,21,3,0.11376242339611053
1958,38,63,0.18951620161533356
1959,83,62,0.4429416060447693
1960,67,49,0.29470905661582947
1961,31,15,0.1136104092001915
1962,49,17,0.33953621983528137
1963,39,39,0.3539496064186096
1964,66,33,0.10479361563920975
1965,66,97,0.20667189359664917
1966,53,53,0.9139966368675232
1967,54,70,0.5539907217025757
1968,41,41,0.6526566743850708
1969,36,36,0.6808496117591858
1970,61,10,0.3581300973892212
1971,88,88,0.3161746859550476
1972,30,30,0.30144771933555603
1973,19,27,0.12048090249300003
1974,95,95,0.6413025856018066
1975,41,41,0.6095836758613586
1976,89,48,0.2554952800273895
1977,19,75,0.2780865728855133
1978,46,46,0.5331838130950928
1979,78,26,0.2042279839515686
1980,37,29,0.1676817685365677
1981,31,31,0.23936492204666138
1982,22,22,0.7075790762901306
1983,2,92,0.2007688730955124
1984,78,75,0.07777807116508484
1985,13,41,0.6241858005523682
1986,73,76,0.19212588667869568
1987,51,86,0.16196732223033905
1988,95,30,0.19520963728427887
1989,2,44,0.07818356156349182
1990,38,63,0.14107365906238556
1991,98,43,0.15744538605213165
1992,28,28,0.302437424659729
1993,18,42,0.06295428425073624
1994,42,42,0.5946767926216125
1995,7,79,0.0955277606844902
1996,88,85,0.059766385704278946
1997,61,10,0.3100002110004425
1998,12,12,0.4974893629550934
1999,8,89,0.19794057309627533
2000,92,84,0.15453869104385376
2001,41,41,0.8696342706680298
2002,33,33,0.27685296535491943
2003,65,27,0.0994262620806694
2004,17,17,0.5555096864700317
2005,51,38,0.16338931024074554
2006,99,99,0.19755412638187408
2007,35,11,0.21793487668037415
2008,67,73,0.49567410349845886
2009,63,63,0.17227841913700104
2010,63,36,0.2785692512989044
2011,9,9,0.8412714004516602
2012,58,45,0.14978796243667603
2013,96,96,0.6211926341056824
2014,77,7,0.16792160272598267
2015,1,1,0.564592182636261
2016,36,2,0.1784781515598297
2017,53,82,0.19702662527561188
2018,83,0,0.18058151006698608
2019,13,58,0.31941741704940796
2020,98,29,0.14342796802520752
2021,21,3,0.28367742896080017
2022,35,11,0.22442570328712463
2023,39,39,0.5397343039512634
2024,49,23,0.22034932672977448
2025,81,89,0.28315162658691406
2026,35,94,0.457100510597229
2027,3,21,0.3485015034675598
2028,77,36,0.25238358974456787
2029,89,33,0.1615915596485138
2030,30,95,0.8670439124107361
2031,85,85,0.7939847111701965
2032,59,37,0.4120524227619171
2033,48,48,0.22567903995513916
2034,98,70,0.31099969148635864
2035,38,38,0.06465029716491699
2036,80,37,0.154644176363945
2037,39,42,0.3244507908821106
2038,82,9,0.17291322350502014
2039,43,43,0.2296324074268341
2040,12,76,0.39456918835639954
2041,21,21,0.41593480110168457
2042,18,18,0.11280115693807602
2043,25,33,0.08786153793334961
2044,5,12,0.06859131902456284
2045,25,96,0.11830852180719376
2046,63,63,0.5674356818199158
2047,78,43,0.08400461077690125
2048,4,78,0.18235085904598236
2049,40,40,0.2790611684322357
2050,29,21,0.23359599709510803
2051,15,66,0.1005726233124733
2052,39,73,0.41656196117401123
2053,49,23,0.22461463510990143
2054,93,30,0.4793729782104492
2055,39,83,0.37671658396720886
2056,77,65,0.11486996710300446
2057,69,9,0.14504289627075195
2058,53,53,0.8411708474159241
2059,64,65,0.10579625517129898
2060,12,12,0.7319227457046509
2061,57,40,0.1879427284002304
2062,5,5,0.5703678727149963
2063,17,17,0.16114503145217896
2064,97,8,0.13206900656223297
2065,37,68,0.2956830561161041
2066,48,48,0.30442559719085693
2067,79,79,0.42770150303840637
2068,5,5,0.4244235157966614
2069,83,83,0.5544535517692566
2070,16,86,0.09600241482257843
2071,41,89,0.08049917966127396
2072,48,45,0.3963564932346344
2073,54,51,0.14962247014045715
2074,79,9,0.09309978038072586
2075,67,27,0.09553679823875427
2076,73,10,0.2438976764678955
2077,0,0,0.3106305003166199
2078,19,8,0.39712396264076233
2079,14,46,0.29461470246315
2080,29,29,0.09368997067213058
2081,84,20,0.21482625603675842
2082,48,78,0.15677855908870697
2083,36,39,0.093394435942173
2084,76,85,0.22405752539634705
2085,95,30,0.32730385661125183
2086,20,20,0.9960811734199524
2087,59,52,0.6202970147132874
2088,57,19,0.18777038156986237
2089,67,33,0.11636922508478165
2090,6,43,0.19333036243915558
2091,71,71,0.18671776354312897
2092,21,31,0.29288527369499207
2093,7,78,0.1165073961019516
2094,91,91,0.16735543310642242
2095,92,16,0.49792078137397766
2096,87,87,0.36892861127853394
2097,91,91,0.3117523193359375
2098,16,48,0.2793063223361969
2099,86,79,0.288887619972229
2100,58,58,0.4432200491428375
2101,89,89,0.5127416253089905
2102,97,66,0.09284579753875732
2103,83,26,0.20666684210300446
2104,72,79,0.0888529121875763
2105,85,72,0.10832735896110535
2106,41,16,0.2822202146053314
2107,3,19,0.1525815725326538
2108,20,20,0.9097933173179626
2109,10,5,0.14262698590755463
2110,74,18,0.10463117808103561
2111,49,17,0.3603608310222626
2112,63,72,0.09446150809526443
2113,91,91,0.5764850974082947
2114,56,56,0.4928731918334961
2115,92,70,0.5099968314170837
2116,19,79,0.14201635122299194
2117,64,65,0.13926400244235992
2118,28,28,0.9344978928565979
2119,11,72,0.09335149824619293
2120,41,28,0.1334943175315857
2121,81,85,0.18231257796287537
2122,90,90,0.24374593794345856
2123,89,41,0.19248871505260468
2124,86,86,0.1821695864200592
2125,22,94,0.158241868019104
2126,41,41,0.09883879870176315
2127,50,97,0.14384925365447998
2128,27,27,0.1914338767528534
2129,87,87,0.2502031922340393
2130,21,19,0.11744016408920288
2131,34,51,0.2256903052330017
2132,36,36,0.7314825057983398
2133,90,13,0.46429410576820374
2134,94,16,0.4281995892524719
2135,71,71,0.4189608693122864
2136,31,66,0.15729744732379913
2137,62,62,0.36468505859375
2138,95,95,0.42462509870529175
2139,33,96,0.48760151863098145
2140,38,38,0.22535651922225952
2141,95,86,0.2153589129447937
2142,41,90,0.06594555824995041
2143,24,7,0.516018271446228
2144,89,59,0.3166048526763916
2145,15,15,0.45769113302230835
2146,81,6,0.16043779253959656
2147,8,42,0.5975183844566345
2148,48,48,0.3116670548915863
2149,30,30,0.32305964827537537
2150,52,47,0.43605104088783264
2151,79,42,0.05454682558774948
2152,20,32,0.15481999516487122
2153,68,68,0.8891480565071106
2154,16,20,0.2157701849937439
2155,78,93,0.1343427300453186
2156,45,25,0.14115215837955475
2157,31,59,0.17857050895690918
2158,66,38,0.22376705706119537
2159,52,52,0.7783134579658508
2160,43,43,0.15702199935913086
2161,20,20,0.9283304810523987
2162,98,5,0.19895923137664795
2163,24,24,0.6644101142883301
2164,71,71,0.4909442365169525
2165,49,49,0.16399504244327545
2166,44,39,0.06020108610391617
2167,46,6,0.1388092190027237
2168,62,51,0.19061081111431122
2169,22,88,0.14026184380054474
2170,11,37,0.5264223217964172
2171,89,89,0.7537404298782349
2172,99,80,0.2773827612400055
2173,73,93,0.20735573768615723
2174,26,26,0.2730656862258911
2175,53,9,0.20357011258602142
2176,10,10,0.6864000558853149
2177,41,37,0.1440887600183487
2178,12,37,0.2061648964881897
2179,2,89,0.17522180080413818
2180,4,4,0.2501387596130371
2181,39,93,0.23094148933887482
2182,19,19,0.2795023024082184
2183,56,56,0.6650732755661011
2184,74,27,0.1579304337501526
2185,79,60,0.10637669265270233
2186,73,23,0.30550065636634827
2187,46,36,0.13471516966819763
2188,3,63,0.22572311758995056
2189,22,10,0.24484783411026
2190,6,6,0.10513509064912796
2191,59,76,0.31822463870048523
2192,54,97,0.10885000228881836
2193,87,87,0.7232424020767212
2194,2,6,0.3809380829334259
2195,87,9,0.23060230910778046
2196,49,25,0.17346327006816864
2197,91,91,0.5112454891204834
2198,37,25,0.2956179976463318
2199,53,13,0.13770465552806854
2200,51,42,0.06114613637328148
2201,7,14,0.3834759593009949
2202,99,99,0.688126266002655
2203,13,58,0.18021024763584137
2204,25,46,0.07068648934364319
2205,66,66,0.40518686175346375
2206,80,9,0.16795679926872253
2207,22,76,0.4380667209625244
2208,73,30,0.12940624356269836
2209,83,2,0.15527501702308655
2210,14,19,0.08488106727600098
2211,42,42,0.19724011421203613
2212,86,86,0.18387284874916077
2213,22,22,0.1570633500814438
2214,90,68,0.1400904506444931
2215,74,26,0.09588947147130966
2216,24,24,0.265265554189682
2217,84,8,0.14213262498378754
2218,91,73,0.19178925454616547
2219,97,97,0.65862637758255
2220,88,34,0.15646348893642426
2221,4,43,0.24088557064533234
2222,26,26,0.7699607610702515
2223,22,33,0.07525484263896942
2224,19,19,0.295829176902771
2225,67,67,0.17093874514102936
2226,73,67,0.13969717919826508
2227,84,41,0.13083487749099731
2228,98,11,0.07793962955474854
2229,6,82,0.9389832615852356
2230,35,33,0.17066971957683563
2231,29,29,0.46252334117889404
2232,51,51,0.225401371717453
2233,59,8,0.36822593212127686
2234,62,82,0.5500772595405579
2235,60,60,0.6498336791992188
2236,68,60,0.5310809016227722
2237,44,8,0.12062856554985046
2238,83,83,0.455168753862381
2239,0,61,0.232658252120018
2240,41,41,0.309500515460968
2241,90,33,0.11338213086128235
2242,48,48,0.6395645141601562
2243,82,82,0.2357802838087082
2244,67,73,0.6228303909301758
2245,28,86,0.25054189562797546
2246,28,28,0.38544607162475586
2247,71,71,0.5213279724121094
2248,79,79,0.49606576561927795
2249,43,88,0.4162093997001648
2250,17,17,0.6874018907546997
2251,5,16,0.16089101135730743
2252,17,12,0.4885168969631195
2253,7,7,0.4099413752555847
2254,84,99,0.1489705592393875
2255,57,6,0.12868575751781464
2256,27,79,0.13706524670124054
2257,57,33,0.3246448040008545
2258,68,68,0.23520487546920776
2259,26,70,0.15556278824806213
2260,59,56,0.6620784997940063
2261,4,63,0.24561071395874023
2262,87,87,0.27773168683052063
2263,99,61,0.4207899868488312
2264,3,21,0.1581469625234604
2265,66,97,0.17917850613594055
2266,38,79,0.17960897088050842
2267,15,15,0.47970613837242126
2268,75,75,0.1974358856678009
2269,20,20,0.6175318360328674
2270,47,47,0.5785714387893677
2271,0,47,0.6660988926887512
2272,14,14,0.14623121917247772
2273,85,85,0.34712058305740356
2274,62,62,0.3431737720966339
2275,55,24,0.13397936522960663
2276,63,63,0.29038238525390625
2277,69,95,0.22146496176719666
2278,3,7,0.09138207137584686
2279,77,30,0.08600764721632004
2280,73,95,0.2000228315591812
2281,38,34,0.4336262345314026
2282,59,96,0.18069244921207428
2283,52,47,0.2730969190597534
2284,84,12,0.39486634731292725
2285,37,17,0.3723304867744446
2286,60,60,0.5689184665679932
2287,21,21,0.35784587264060974
2288,96,47,0.6462071537971497
2289,68,68,0.14553549885749817
2290,16,16,0.23985189199447632
2291,19,19,0.4963042438030243
2292,40,9,0.2449229210615158
2293,70,92,0.5035368204116821
2294,61,22,0.41450631618499756
2295,10,28,0.16878369450569153
2296,57,76,0.12714432179927826
2297,81,81,0.12664268910884857
2298,68,68,0.7427284121513367
2299,12,51,0.30927351117134094
2300,10,43,0.21738643944263458
2301,38,43,0.08244873583316803
2302,10,10,0.4001091718673706
2303,47,47,0.5422383546829224
2304,76,49,0.4532192051410675
2305,11,36,0.12944166362285614
2306,72,95,0.613654613494873
2307,23,23,0.1422400325536728
2308,1,48,0.2105875164270401
2309,14,87,0.10998746752738953
2310,31,15,0.25289851427078247
2311,30,76,0.11126696318387985
2312,93,42,0.16960762441158295
2313,54,70,0.42392203211784363
2314,9,6,0.17720246315002441
2315,15,19,0.7882223725318909
2316,2,2,0.22389890253543854
2317,26,45,0.4535110890865326
2318,65,44,0.08729048818349838
2319,32,93,0.11442460864782333
2320,12,12,0.4397364556789398
2321,58,58,0.38865894079208374
2322,73,67,0.4937930107116699
2323,76,76,0.9680983424186707
2324,95,86,0.08311833441257477
2325,67,67,0.6617698073387146
2326,95,95,0.5572385787963867
2327,26,70,0.21116778254508972
2328,92,70,0.42937520146369934
2329,47,56,0.2112882435321808
2330,84,23,0.30338573455810547
2331,29,88,0.132560133934021
2332,51,18,0.1805669516324997
2333,44,28,0.22722721099853516
2334,45,26,0.1435258686542511
2335,60,60,0.5710189938545227
2336,34,35,0.14004957675933838
2337,97,36,0.11930263042449951
2338,1,1,0.2509140372276306
2339,93,12,0.11463907361030579
2340,97,94,0.17986607551574707
2341,19,43,0.25971949100494385
2342,19,91,0.1775820553302765
2343,92,70,0.34690719842910767
2344,69,44,0.11608807742595673
2345,65,35,0.08607929944992065
2346,95,95,0.3765126168727875
2347,78,88,0.17653678357601166
2348,5,5,0.10023292154073715
2349,34,63,0.12669727206230164
2350,76,76,0.4202173948287964
2351,25,32,0.10131055861711502
2352,50,86,0.13034296035766602
2353,30,30,0.5140504837036133
2354,69,69,0.8226533532142639
2355,59,52,0.5355194211006165
2356,34,34,0.36587148904800415
2357,77,42,0.21539877355098724
2358,46,40,0.3113217055797577
2359,66,22,0.3392277956008911
2360,31,31,0.44578075408935547
2361,73,67,0.29862287640571594
2362,87,20,0.4033272862434387
2363,90,4,0.1132320761680603
2364,18,9,0.09041358530521393
2365,6,88,0.1624160259962082
2366,38,42,0.08970897644758224
2367,81,89,0.25723856687545776
2368,25,25,0.15383930504322052
2369,81,90,0.40874478220939636
2370,64,97,0.12026519328355789
2371,70,45,0.5729811191558838
2372,37,17,0.7492033243179321
2373,76,76,0.6077231168746948
2374,31,34,0.1780644655227661
2375,0,0,0.6253622174263
2376,90,89,0.3216184079647064
2377,32,1,0.26294776797294617
2378,5,5,0.20152412354946136
2379,56,8,0.18351273238658905
2380,41,41,0.9379218816757202
2381,80,57,0.10521939396858215
2382,5,20,0.3834501802921295
2383,52,47,0.740939736366272
2384,51,4,0.13374456763267517
2385,25,58,0.13604304194450378
2386,20,16,0.31740912795066833
2387,61,22,0.25880518555641174
2388,98,35,0.24332404136657715
2389,20,16,0.2019067406654358
2390,32,4,0.17500509321689606
2391,35,46,0.29299548268318176
2392,5,90,0.1645621955394745
2393,72,69,0.15216927230358124
2394,61,61,0.9280024766921997
2395,43,26,0.32512331008911133
2396,58,58,0.9623571038246155
2397,36,36,0.23468127846717834
2398,99,40,0.21039322018623352
2399,60,60,0.7553356885910034
2400,70,70,0.669049859046936
2401,38,26,0.13590486347675323
2402,59,89,0.18090444803237915
2403,26,48,0.38334009051322937
2404,56,23,0.3643389642238617
2405,78,74,0.21132917702198029
2406,83,83,0.4275922477245331
2407,23,23,0.7668797969818115
2408,52,52,0.4417310655117035
2409,32,17,0.35425910353660583
2410,54,54,0.6314882636070251
2411,33,33,0.2773844599723816
2412,61,61,0.5686270594596863
2413,49,59,0.16174766421318054
2414,53,83,0.33453091979026794
2415,15,24,0.47513407468795776
2416,50,44,0.06739581376314163
2417,3,3,0.46760544180870056
2418,12,69,0.40139687061309814
2419,86,86,0.2735942304134369
2420,55,63,0.15810227394104004
2421,58,58,0.9649237394332886
2422,5,84,0.13176709413528442
2423,30,95,0.5759229063987732
2424,26,66,0.08857956528663635
2425,10,70,0.3155892491340637
2426,0,10,0.2342851459980011
2427,11,92,0.0946025624871254
2428,9,11,0.14714911580085754
2429,33,33,0.4288729727268219
2430,53,53,0.39203983545303345
2431,33,89,0.14737959206104279
2432,94,94,0.7072656750679016
2433,46,30,0.1562473177909851
2434,99,39,0.08481071889400482
2435,34,36,0.18649668991565704
2436,1,1,0.19159996509552002
2437,17,76,0.654157280921936
2438,63,63,0.21537329256534576
2439,69,69,0.4566589295864105
2440,66,78,0.13705730438232422
2441,37,96,0.1457655280828476
2442,67,67,0.5623887777328491
2443,40,40,0.3619605302810669
2444,93,76,0.20510011911392212
2445,24,24,0.48815393447875977
2446,82,82,0.27728602290153503
2447,23,96,0.2882489264011383
2448,30,85,0.15964661538600922
2449,66,99,0.050052836537361145
2450,30,73,0.24796178936958313
2451,11,1,0.19053083658218384
2452,11,11,0.21356633305549622
2453,94,94,0.789251983165741
2454,88,29,0.27392739057540894
2455,37,9,0.13254530727863312
2456,29,15,0.19926634430885315
2457,46,36,0.3074501156806946
2458,95,95,0.5567319989204407
2459,54,54,0.5843202471733093
2460,41,41,0.9795777201652527
2461,6,6,0.3321441113948822
2462,19,31,0.08507148176431656
2463,22,22,0.7737038135528564
2464,3,7,0.23124052584171295
2465,32,64,0.11836595088243484
2466,55,43,0.10623136162757874
2467,53,53,0.594078004360199
2468,72,3,0.2796240746974945
2469,33,47,0.28010958433151245
2470,20,39,0.517701268196106
2471,63,63,0.5725579857826233
2472,12,76,0.48873475193977356
2473,64,63,0.13095895946025848
2474,23,68,0.25292307138442993
2475,22,37,0.06396452337503433
2476,75,75,0.2971612513065338
2477,8,18,0.10189119726419449
2478,33,96,0.14083793759346008
2479,66,22,0.27532848715782166
2480,55,32,0.1447376310825348
2481,72,25,0.1857028603553772
2482,73,1,0.3468959927558899
2483,84,34,0.05248912051320076
2484,13,58,0.3499656319618225
2485,96,42,0.19937866926193237
2486,65,63,0.09447301179170609
2487,22,97,0.0994991809129715
2488,0,0,0.6427490711212158
2489,19,19,0.2624349892139435
2490,80,66,0.11060512810945511
2491,23,23,0.4789079427719116
2492,85,13,0.31219547986984253
2493,68,12,0.23303259909152985
2494,86,28,0.31832361221313477
2495,37,37,0.2391040027141571
2496,81,63,0.1218641996383667
2497,35,35,0.26894712448120117
2498,98,22,0.4119606018066406
2499,8,12,0.2594720423221588
2500,23,23,0.347798615694046
2501,76,76,0.38291484117507935
2502,74,74,0.26697221398353577
2503,89,85,0.6182978749275208
2504,60,60,0.6869475245475769
2505,69,69,0.5299080610275269
2506,96,47,0.23151415586471558
2507,32,91,0.10491349548101425
2508,29,29,0.7148193717002869
2509,64,65,0.14049473404884338
2510,9,9,0.9218942523002625
2511,16,16,0.23814044892787933
2512,0,0,0.3277108669281006
2513,74,86,0.13384348154067993
2514,17,17,0.7241867184638977
2515,54,89,0.07122866064310074
2516,62,62,0.7091555595397949
2517,6,89,0.24004097282886505
2518,34,29,0.36051976680755615
2519,65,43,0.15738624334335327
2520,8,12,0.29001039266586304
2521,46,42,0.11758365482091904
2522,67,67,0.36953890323638916
2523,53,45,0.26146313548088074
2524,23,12,0.3522230088710785
2525,78,26,0.16427741944789886
2526,61,61,0.39742377400398254
2527,26,89,0.1390460729598999
2528,64,81,0.3070395886898041
2529,25,25,0.30239027738571167
2530,70,70,0.5213069915771484
2531,96,96,0.5022236704826355
2532,67,67,0.2669895887374878
2533,22,14,0.2060956507921219
2534,45,63,0.2995961606502533
2535,65,37,0.3184334933757782
2536,96,33,0.11826305836439133
2537,79,24,0.16115856170654297
2538,23,23,0.5882400870323181
2539,76,76,0.35137680172920227
2540,26,33,0.17278319597244263
2541,57,6,0.10040546953678131
2542,16,87,0.36204299330711365
2543,64,66,0.09139327704906464
2544,34,34,0.17953960597515106
2545,82,82,0.5329738855361938
2546,66,66,0.29866817593574524
2547,83,94,0.15783725678920746
2548,72,27,0.13283216953277588
2549,71,71,0.37683650851249695
2550,9,56,0.28307396173477173
2551,60,60,0.8027764558792114
2552,35,64,0.1508277952671051
2553,43,42,0.3356967270374298
2554,29,17,0.24170218408107758
2555,93,42,0.2545166313648224
2556,58,13,0.32969799637794495
2557,94,16,0.16404607892036438
2558,5,81,0.13540534675121307
2559,83,83,0.4377072751522064
2560,92,62,0.4951724708080292
2561,26,51,0.22595004737377167
2562,39,39,0.12132290005683899
2563,86,78,0.1925356239080429
2564,93,7,0.09482239931821823
2565,16,16,0.6493600606918335
2566,85,85,0.8321349620819092
2567,27,43,0.18878285586833954
2568,76,31,0.3155517578125
2569,89,9,0.3331807553768158
2570,42,59,0.15904659032821655
2571,18,9,0.3665090501308441
2572,14,6,0.16028030216693878
2573,4,21,0.20257647335529327
2574,73,67,0.5070053339004517
2575,71,69,0.22527283430099487
2576,20,25,0.6126020550727844
2577,20,89,0.32455316185951233
2578,16,20,0.13239675760269165
2579,51,51,0.5707685947418213
2580,88,88,0.2154674232006073
2581,5,39,0.2618221044540405
2582,25,25,0.24265430867671967
2583,64,32,0.12051774561405182
2584,59,90,0.13116160035133362
2585,77,74,0.1757965087890625
2586,22,8,0.1235557347536087
2587,3,84,0.06400975584983826
2588,68,68,0.3334104120731354
2589,28,28,0.5000425577163696
2590,44,74,0.059941720217466354
2591,13,13,0.293951153755188
2592,73,73,0.5698235630989075
2593,98,11,0.12014696002006531
2594,52,52,0.8324494361877441
2595,44,77,0.08697395026683807
2596,99,89,0.1855175495147705
2597,17,37,0.22308307886123657
2598,31,31,0.4069001078605652
2599,50,45,0.11459646373987198
2600,87,5,0.3342769145965576
2601,44,45,0.14500223100185394
2602,85,85,0.8137145042419434
2603,58,58,0.4381413161754608
2604,57,53,0.6467284560203552
2605,45,83,0.28617724776268005
2606,28,42,0.15941081941127777
2607,5,84,0.16235306859016418
2608,11,91,0.12781119346618652
2609,81,33,0.2734423577785492
2610,46,34,0.07288409769535065
2611,67,73,0.4157755970954895
2612,96,47,0.48314806818962097
2613,69,71,0.2792038321495056
2614,19,42,0.1629815399646759
2615,55,77,0.08301468193531036
2616,75,75,0.17765161395072937
2617,31,74,0.12817145884037018
2618,97,39,0.06529614329338074
2619,66,42,0.15455855429172516
2620,51,77,0.11185162514448166
2621,71,54,0.2583661675453186
2622,29,63,0.2202831506729126
2623,4,27,0.14616911113262177
2624,89,85,0.22638878226280212
2625,99,78,0.26135537028312683
2626,67,67,0.5430803894996643
2627,39,99,0.3081947863101959
2628,52,59,0.3250957131385803
2629,59,59,0.41699519753456116
2630,12,26,0.21223393082618713
2631,96,96,0.3538050055503845
2632,16,2,0.07333964854478836
2633,36,36,0.35165348649024963
2634,64,97,0.0945848748087883
2635,27,51,0.07596421241760254
2636,81,81,0.4391328990459442
2637,37,37,0.31939318776130676
2638,11,21,0.2988017499446869
2639,85,85,0.5635330677032471
2640,50,61,0.08950848877429962
2641,35,97,0.10746604949235916
2642,78,48,0.42734283208847046
2643,6,70,0.19165581464767456
2644,72,7,0.07302047312259674
2645,70,70,0.5624927282333374
2646,74,74,0.16355501115322113
2647,42,88,0.34688904881477356
2648,0,0,0.9173239469528198
2649,41,41,0.9541414976119995
2650,39,39,0.1984388530254364
2651,87,87,0.34212544560432434
2652,80,64,0.10441349446773529
2653,44,24,0.09359832853078842
2654,47,47,0.6293341517448425
2655,95,24,0.2953171730041504
2656,10,22,0.21895715594291687
2657,21,21,0.2717463970184326
2658,63,63,0.7100334167480469
2659,55,32,0.1549433022737503
2660,69,9,0.11307495087385178
2661,20,20,0.9416117072105408
2662,85,89,0.33241966366767883
2663,78,14,0.11922669410705566
2664,23,25,0.0801796242594719
2665,13,89,0.3998928666114807
2666,92,43,0.2370217889547348
2667,98,70,0.20719526708126068
2668,84,20,0.48897725343704224
2669,75,75,0.23564818501472473
2670,10,86,0.34081214666366577
2671,4,26,0.12364321947097778
2672,52,52,0.4018743336200714
2673,55,30,0.11432284861803055
2674,61,58,0.14940808713436127
2675,89,89,0.2969386875629425
2676,57,57,0.5554401278495789
2677,50,43,0.24514766037464142
2678,42,39,0.10541898012161255
2679,40,81,0.09256388992071152
2680,91,91,0.2867182493209839
2681,88,88,0.2115926444530487
2682,73,44,0.09719064086675644
2683,49,1,0.5757464170455933
2684,20,20,0.9988611936569214
2685,2,70,0.1729309856891632
2686,16,16,0.970410168170929
2687,26,33,0.08087810128927231
2688,91,91,0.987975001335144
2689,88,16,0.12567736208438873
2690,85,37,0.3205180764198303
2691,28,28,0.7250676155090332
2692,27,27,0.15664736926555634
2693,83,83,0.24149872362613678
2694,54,54,0.8463168740272522
2695,65,28,0.08409766107797623
2696,71,69,0.5727034211158752
2697,77,14,0.1632954478263855
2698,13,13,0.44439467787742615
2699,56,56,0.43654632568359375
2700,76,76,0.3167586624622345
2701,37,17,0.45032021403312683
2702,3,74,0.128510981798172
2703,72,77,0.10086005181074142
2704,63,38,0.1618063896894455
2705,46,76,0.19061556458473206
2706,75,31,0.18376746773719788
2707,90,81,0.3124779462814331
2708,26,26,0.4942491352558136
2709,60,60,0.7461398839950562
2710,49,49,0.5455214977264404
2711,50,17,0.06379322707653046
2712,15,17,0.2443050891160965
2713,2,63,0.12210267037153244
2714,78,43,0.27426883578300476
2715,94,94,0.6048238277435303
2716,86,87,0.08220366388559341
2717,25,5,0.2623199224472046
2718,11,51,0.23482172191143036
2719,13,89,0.21124178171157837
2720,4,44,0.09464658051729202
2721,40,44,0.07345395535230637
2722,47,90,0.14120860397815704
2723,44,12,0.097051702439785
2724,90,96,0.19363448023796082
2725,95,95,0.32543814182281494
2726,78,18,0.0857563316822052
2727,7,7,0.4761523902416229
2728,78,85,0.06701546907424927
2729,39,10,0.2317865639925003
2730,40,69,0.14982204139232635
2731,69,73,0.25702965259552
2732,72,31,0.22037145495414734
2733,64,38,0.11705251783132553
2734,47,47,0.4602336585521698
2735,60,60,0.3542250394821167
2736,78,61,0.26299765706062317
2737,36,35,0.3510780930519104
2738,75,75,0.3737492561340332
2739,36,36,0.2748441696166992
2740,82,82,0.5659576654434204
2741,88,43,0.38708800077438354
2742,38,27,0.1422007977962494
2743,36,51,0.11054864525794983
2744,81,81,0.22011698782444
2745,72,89,0.14505626261234283
2746,50,32,0.06063341721892357
2747,2,45,0.09690923988819122
2748,52,52,0.3341202139854431
2749,68,68,0.9505947232246399
2750,44,93,0.24063242971897125
2751,6,83,0.29764634370803833
2752,53,57,0.21250051259994507
2753,56,39,0.07409001886844635
2754,32,67,0.1895417720079422
2755,46,97,0.4172976613044739
2756,34,34,0.5177258849143982
2757,83,6,0.22027243673801422
2758,74,4,0.1307322382926941
2759,19,32,0.19085504114627838
2760,43,43,0.4643687605857849
2761,77,31,0.13227534294128418
2762,87,94,0.24815689027309418
2763,26,26,0.24683062732219696
2764,63,42,0.5120756030082703
2765,5,71,0.48186442255973816
2766,79,6,0.1310463547706604
2767,85,89,0.29320913553237915
2768,38,38,0.15763811767101288
2769,80,44,0.14948926866054535
2770,59,59,0.4442703425884247
2771,5,5,0.4743490517139435
2772,73,73,0.27222269773483276
2773,32,32,0.9052513837814331
2774,15,92,0.13983744382858276
2775,24,9,0.49223247170448303
2776,93,77,0.1340455561876297
2777,2,8,0.3236282467842102
2778,88,42,0.26404163241386414
2779,49,49,0.3000248670578003
2780,11,20,0.24518927931785583
2781,38,97,0.1299770027399063
2782,62,62,0.6060829758644104
2783,7,70,0.18148182332515717
2784,6,54,0.42656058073043823
2785,61,61,0.9819824695587158
2786,27,91,0.12468697875738144
2787,5,87,0.19546973705291748
2788,41,41,0.3346485495567322
2789,37,25,0.11442263424396515
2790,10,20,0.7041609883308411
2791,43,43,0.14817683398723602
2792,69,23,0.1305737942457199
2793,21,21,0.23013606667518616
2794,73,73,0.4298907220363617
2795,68,68,0.4910759925842285
2796,88,88,0.28089016675949097
2797,10,0,0.22804850339889526
2798,65,51,0.11359421163797379
2799,4,74,0.12446849793195724
2800,47,96,0.34102627635002136
2801,59,59,0.3645613491535187
2802,20,24,0.2251051962375641
2803,35,45,0.29074132442474365
2804,2,48,0.2519392669200897
2805,88,88,0.3719017207622528
2806,83,5,0.14878615736961365
2807,72,10,0.18849311769008636
2808,4,39,0.09088145196437836
2809,3,14,0.1424957811832428
2810,60,60,0.4260933995246887
2811,82,82,0.14513809978961945
2812,61,61,0.1973254531621933
2813,68,60,0.28121089935302734
2814,92,82,0.6271016597747803
2815,22,70,0.5527159571647644
2816,84,5,0.2235749512910843
2817,87,87,0.5316837430000305
2818,32,67,0.3071897327899933
2819,91,91,0.2635344862937927
2820,38,65,0.062230952084064484
2821,36,36,0.23977477848529816
2822,9,9,0.8744229078292847
2823,63,63,0.29827600717544556
2824,57,83,0.2745301425457001
2825,50,44,0.0717981606721878
2826,97,56,0.1818457990884781
2827,27,42,0.2306799739599228
2828,34,97,0.15035445988178253
2829,69,29,0.09767322987318039
2830,1,91,0.19983281195163727
2831,82,82,0.3057522177696228
2832,13,17,0.2391248345375061
2833,84,37,0.09407058358192444
2834,15,15,0.8095396161079407
2835,97,66,0.11418060958385468
2836,22,61,0.32430869340896606
2837,27,80,0.09822244197130203
2838,18,14,0.2352886199951172
2839,79,7,0.23368452489376068
2840,98,46,0.15248529613018036
2841,74,74,0.1588491052389145
2842,97,43,0.17474542558193207
2843,13,85,0.2532200217247009
2844,78,77,0.14459314942359924
2845,88,43,0.295597642660141
2846,98,26,0.1835053563117981
2847,78,45,0.2261342704296112
2848,5,53,0.09642283618450165
2849,4,63,0.23470546305179596
2850,17,17,0.721468448638916
2851,60,60,0.4214492738246918
2852,44,79,0.06277067959308624
2853,69,38,0.09186261892318726
2854,53,53,0.2758646309375763
2855,37,85,0.2596868574619293
2856,82,82,0.8609678745269775
2857,44,89,0.201040580868721
2858,3,86,0.10798075795173645
2859,24,7,0.4386051297187805
2860,27,8,0.10048076510429382
2861,6,88,0.3054528534412384
2862,38,38,0.14937563240528107
2863,35,46,0.29876580834388733
2864,21,13,0.08108556270599365
2865,0,92,0.3048552870750427
2866,16,22,0.4468212127685547
2867,84,84,0.09993413835763931
2868,11,11,0.28744274377822876
2869,41,87,0.12070229649543762
2870,98,53,0.12250054627656937
2871,89,89,0.7421644926071167
2872,99,27,0.09292490035295486
2873,31,34,0.19650663435459137
2874,46,46,0.1236402615904808
2875,68,68,0.915450930595398
2876,47,20,0.40316981077194214
2877,47,52,0.5478368997573853
2878,11,46,0.10887433588504791
2879,95,55,0.14093926548957825
2880,70,70,0.3510265648365021
2881,23,23,0.3386933207511902
2882,58,16,0.08292519301176071
2883,50,39,0.17464576661586761
2884,27,42,0.1620238870382309
2885,8,59,0.6306596994400024
2886,47,96,0.4767870604991913
2887,27,75,0.10190725326538086
2888,3,4,0.12395969033241272
2889,68,81,0.1268780380487442
2890,53,53,0.38323676586151123
2891,34,39,0.15108798444271088
2892,68,68,0.8338508009910583
2893,96,8,0.2998678684234619
2894,53,53,0.45568427443504333
2895,19,88,0.171514630317688
2896,70,70,0.28568193316459656
2897,21,50,0.11440490931272507
2898,90,89,0.1392863392829895
2899,11,44,0.16835688054561615
2900,21,3,0.35435718297958374
2901,4,88,0.2906644940376282
2902,1,1,0.19138039648532867
2903,53,53,0.1208953857421875
2904,29,47,0.1592455953359604
2905,93,29,0.12524870038032532
2906,14,14,0.2699398398399353
2907,91,91,0.9819341897964478
2908,71,23,0.3592914640903473
2909,88,42,0.16895762085914612
2910,98,10,0.30253422260284424
2911,89,81,0.33554819226264954
2912,27,38,0.14425604045391083
2913,71,60,0.3600642681121826
2914,64,64,0.08334456384181976
2915,94,16,0.3445638418197632
2916,61,63,0.16214117407798767
2917,20,5,0.2631980776786804
2918,83,62,0.3604867458343506
2919,3,7,0.22615522146224976
2920,38,42,0.16368290781974792
2921,99,28,0.1329757124185562
2922,5,42,0.136877179145813
2923,11,46,0.22870907187461853
2924,84,91,0.1271597146987915
2925,88,46,0.36428171396255493
2926,6,20,0.46896958351135254
2927,67,55,0.1398840993642807
2928,5,87,0.18761004507541656
2929,31,31,0.4734220504760742
2930,65,66,0.19846931099891663
2931,59,47,0.5313019752502441
2932,30,30,0.5221825242042542
2933,97,97,0.24734432995319366
2934,64,35,0.11828736960887909
2935,46,36,0.1860237717628479
2936,22,22,0.7410829067230225
2937,51,36,0.09943431615829468
2938,25,45,0.36435580253601074
2939,18,6,0.11862249672412872
2940,78,27,0.1251537799835205
2941,56,42,0.3018065392971039
2942,88,42,0.1328895092010498
2943,24,24,0.5926779508590698
2944,5,12,0.1536872833967209
2945,22,16,0.20809230208396912
2946,15,15,0.049566999077796936
2947,67,73,0.28346458077430725
2948,15,43,0.2566017806529999
2949,2,94,0.047416772693395615
2950,60,23,0.3363807797431946
2951,41,41,0.5315443277359009
2952,11,66,0.1476769894361496
2953,70,1,0.2256442904472351
2954,76,19,0.16968025267124176
2955,81,88,0.18917562067508698
2956,89,8,0.18157225847244263
2957,24,38,0.1022782251238823
2958,30,73,0.685976505279541
2959,50,43,0.20248334109783173
2960,0,0,0.33949336409568787
2961,75,75,0.39280420541763306
2962,63,18,0.11666933447122574
2963,9,81,0.0914744958281517
2964,36,79,0.10889685899019241
2965,20,20,0.6377496123313904
2966,7,20,0.21720387041568756
2967,74,97,0.26852181553840637
2968,24,29,0.2616158425807953
2969,73,73,0.5268169045448303
2970,32,67,0.16270193457603455
2971,35,53,0.1914953738451004
2972,82,82,0.3524269759654999
2973,87,24,0.36806201934814453
2974,31,59,0.17441673576831818
2975,14,14,0.3648734390735626
2976,73,67,0.2397114783525467
2977,47,96,0.5219343304634094
2978,65,61,0.14237898588180542
2979,77,77,0.0617976151406765
2980,51,64,0.18214024603366852
2981,61,61,0.6277462840080261
2982,30,30,0.09103666990995407
2983,32,66,0.05807584524154663
2984,66,97,0.0841016173362732
2985,29,29,0.6581372022628784
2986,97,42,0.1882510781288147
2987,16,16,0.35345447063446045
2988,0,0,0.6666285395622253
2989,82,57,0.24901032447814941
2990,43,80,0.10966422408819199
2991,23,23,0.2798764109611511
2992,89,13,0.2743625342845917
2993,9,44,0.0803065076470375
2994,16,16,0.17645829916000366
2995,68,68,0.33033299446105957
2996,2,91,0.09204688668251038
2997,45,52,0.20039483904838562
2998,44,8,0.18497030436992645
2999,23,73,0.15024326741695404
3000,38,80,0.08049269765615463
3001,56,29,0.20668192207813263
3002,40,40,0.5048425793647766
3003,35,11,0.17727966606616974
3004,73,27,0.08280204981565475
3005,0,0,0.46923673152923584
3006,88,40,0.1429741084575653
3007,23,56,0.26380455493927
3008,7,70,0.1122305616736412
3009,42,33,0.17211657762527466
3010,77,64,0.10190469026565552
3011,9,11,0.11026538908481598
3012,35,6,0.27661025524139404
3013,96,33,0.4700705409049988
3014,83,83,0.25032883882522583
3015,94,94,0.22625689208507538
3016,3,3,0.1695127934217453
3017,90,90,0.2810283899307251
3018,75,75,0.37745100259780884
3019,38,79,0.1611994057893753
3020,14,29,0.20447567105293274
3021,71,60,0.6578269600868225
3022,36,46,0.1606781929731369
3023,3,42,0.4300672113895416
3024,78,88,0.15469026565551758
3025,21,21,0.25465720891952515
3026,13,13,0.45451924204826355
3027,48,8,0.2036166787147522
3028,83,0,0.49349379539489746
3029,50,24,0.33507463335990906
3030,79,80,0.17585408687591553
3031,55,33,0.1151220053434372
3032,33,33,0.3603137135505676
3033,21,25,0.09953762590885162
3034,60,60,0.7596333622932434
3035,8,8,0.4358155429363251
3036,84,34,0.13404102623462677
3037,92,70,0.4735987186431885
3038,6,29,0.25394561886787415
3039,51,42,0.19094187021255493
3040,25,87,0.2674270272254944
3041,27,44,0.07653024047613144
3042,86,86,0.8335860371589661
3043,27,63,0.16390825808048248
3044,8,59,0.3463187515735626
3045,21,7,0.28917166590690613
3046,12,33,0.19407516717910767
3047,44,44,0.08597033470869064
3048,75,97,0.07052337378263474
3049,27,42,0.29053986072540283
3050,50,36,0.16507740318775177
3051,80,34,0.1567232608795166
3052,54,45,0.37491244077682495
3053,94,94,0.2303609848022461
3054,48,41,0.35147613286972046
3055,41,41,0.7521880269050598
3056,53,82,0.3479612469673157
3057,14,10,0.6268386840820312
3058,55,44,0.07671099901199341
3059,53,70,0.2008880227804184
3060,12,89,0.29925736784935
3061,7,79,0.2590422034263611
3062,46,50,0.1075226217508316
3063,95,95,0.6906189322471619
3064,38,39,0.27225497364997864
3065,67,67,0.7209662199020386
3066,0,0,0.9299136400222778
3067,72,76,0.27381229400634766
3068,11,54,0.12418534606695175
3069,27,10,0.06938758492469788
3070,1,92,0.2080104947090149
3071,73,73,0.39020493626594543
3072,25,90,0.14567644894123077
3073,47,47,0.3569827973842621
3074,42,39,0.0916534885764122
3075,75,75,0.48138195276260376
3076,81,47,0.23691359162330627
3077,69,69,0.32422980666160583
3078,10,26,0.2143920511007309
3079,24,7,0.1711985468864441
3080,87,25,0.16978482902050018
3081,35,98,0.12934719026088715
3082,69,3,0.09668827056884766
3083,86,39,0.3410332202911377
3084,59,37,0.43265944719314575
3085,84,88,0.08486034721136093
3086,63,63,0.476136177778244
3087,86,81,0.18814557790756226
3088,23,33,0.12341958284378052
3089,82,6,0.18492133915424347
3090,14,15,0.14967113733291626
3091,10,26,0.3221435248851776
3092,26,26,0.08658434450626373
3093,62,54,0.3419387638568878
3094,6,7,0.0993976965546608
3095,10,78,0.10263065993785858
3096,17,17,0.6473791003227234
3097,76,65,0.0702253058552742
3098,56,76,0.33238935470581055
3099,63,52,0.3445670008659363
3100,85,58,0.19336651265621185
3101,99,40,0.5837438702583313
3102,64,44,0.10370351374149323
3103,7,48,0.1770731806755066
3104,42,88,0.5641844272613525
3105,24,24,0.3045480251312256
3106,13,56,0.5186967253684998
3107,6,6,0.25959569215774536
3108,37,37,0.37971779704093933
3109,16,16,0.4548203945159912
3110,33,33,0.2679770290851593
3111,48,83,0.19319455325603485
3112,44,44,0.06967693567276001
3113,80,59,0.07991992682218552
3114,19,19,0.5506799221038818
3115,82,82,0.4584749639034271
3116,46,8,0.12412603199481964
3117,33,33,0.25871512293815613
3118,31,66,0.125280499458313
3119,86,86,0.44103604555130005
3120,59,12,0.12997284531593323
3121,3,31,0.23892633616924286
3122,9,9,0.37607622146606445
3123,57,57,0.755226194858551
3124,54,99,0.10757167637348175
3125,43,43,0.5057858824729919
3126,35,35,0.2176981419324875
3127,93,90,0.0732806846499443
3128,62,70,0.21546168625354767
3129,88,42,0.3611515760421753
3130,64,63,0.10890399664640427
3131,78,85,0.1930958777666092
3132,45,20,0.177911177277565
3133,36,32,0.10821946710348129
3134,1,60,0.158771812915802
3135,43,42,0.2114339917898178
3136,34,51,0.5779052376747131
3137,71,71,0.4005107283592224
3138,87,15,0.20766229927539825
3139,39,12,0.13488638401031494
3140,18,18,0.09815908968448639
3141,57,94,0.3220960795879364
3142,67,67,0.3355143964290619
3143,4,4,0.15991917252540588
3144,73,13,0.1347726434469223
3145,41,58,0.42484402656555176
3146,76,9,0.2822008728981018
3147,73,67,0.45382723212242126
3148,43,79,0.10519010573625565
3149,94,94,0.7483704090118408
3150,25,90,0.21092723309993744
3151,63,2,0.13955779373645782
3152,71,71,0.7306697964668274
3153,15,15,0.2088690549135208
3154,52,47,0.4578803479671478
3155,38,38,0.11004401743412018
3156,30,73,0.18748992681503296
3157,64,86,0.11399324983358383
3158,30,30,0.34949979186058044
3159,23,68,0.16550502181053162
3160,35,35,0.11158451437950134
3161,74,50,0.09145735949277878
3162,36,36,0.7432494759559631
3163,76,76,0.6555472612380981
3164,96,47,0.4169940650463104
3165,17,17,0.5417909622192383
3166,31,31,0.1290178745985031
3167,76,49,0.5777820348739624
3168,88,59,0.25535374879837036
3169,3,74,0.16172771155834198
3170,63,64,0.3996889889240265
3171,2,46,0.2903570234775543
3172,77,41,0.1431254893541336
3173,49,49,0.3572583794593811
3174,92,70,0.39694395661354065
3175,17,89,0.3356117308139801
3176,80,59,0.20334720611572266
3177,89,89,0.16643473505973816
3178,3,47,0.32575997710227966
3179,88,88,0.19437693059444427
3180,26,22,0.19314441084861755
3181,41,41,0.7589500546455383
3182,79,79,0.243186354637146
3183,32,49,0.18009111285209656
3184,62,6,0.23741446435451508
3185,55,33,0.16510729491710663
3186,20,20,0.6346573233604431
3187,98,2,0.09493253380060196
3188,26,26,0.5983101725578308
3189,17,17,0.13293518126010895
3190,1,1,0.32002100348472595
3191,32,98,0.31448566913604736
3192,43,43,0.32524609565734863
3193,85,82,0.26966962218284607
3194,72,86,0.3727952241897583
3195,59,52,0.4004208743572235
3196,24,24,0.5818158388137817
3197,13,85,0.43707475066185
3198,31,94,0.12730951607227325
3199,14,18,0.18242652714252472
3200,42,34,0.14636245369911194
3201,40,86,0.3893716633319855
3202,33,39,0.15752488374710083
3203,20,20,0.45192229747772217
3204,68,68,0.7610434889793396
3205,23,73,0.22270415723323822
3206,62,62,0.4240190088748932
3207,24,7,0.12484795600175858
3208,55,44,0.0996210053563118
3209,10,8,0.17889244854450226
3210,22,45,0.42349761724472046
3211,70,26,0.20098966360092163
3212,79,66,0.11715003848075867
3213,73,73,0.5302945971488953
3214,45,45,0.11260729283094406
3215,84,5,0.32549262046813965
3216,9,9,0.4279491901397705
3217,70,54,0.43963152170181274
3218,96,52,0.642081081867218
3219,97,81,0.30897074937820435
3220,33,49,0.2223392277956009
3221,67,73,0.39148736000061035
3222,21,21,0.19039997458457947
3223,90,59,0.12218579649925232
3224,62,46,0.14192436635494232
3225,57,67,0.20271912217140198
3226,25,25,0.2811349928379059
3227,54,54,0.6990684866905212
3228,69,69,0.42321380972862244
3229,40,98,0.10713053494691849
3230,41,41,0.5482549667358398
3231,93,89,0.23658986389636993
3232,9,83,0.37697848677635193
3233,83,6,0.39172956347465515
3234,7,24,0.06546100974082947
3235,25,26,0.25090864300727844
3236,13,58,0.3690403997898102
3237,90,89,0.732323408126831
3238,16,39,0.10935699194669724
3239,12,71,0.22632168233394623
3240,48,48,0.3768838047981262
3241,50,35,0.31882423162460327
3242,37,37,0.49987462162971497
3243,49,17,0.26376086473464966
3244,60,60,0.3972652554512024
3245,36,1,0.14250317215919495
3246,37,56,0.10591617971658707
3247,39,33,0.12908202409744263
3248,65,39,0.08155593276023865
3249,91,99,0.10841049253940582
3250,70,47,0.09609854221343994
3251,90,89,0.5018514394760132
3252,99,23,0.4754089415073395
3253,10,61,0.36390411853790283
3254,4,74,0.2205199897289276
3255,21,86,0.3213183879852295
3256,48,48,0.8718099594116211
3257,36,36,0.3326028287410736
3258,31,31,0.27950742840766907
3259,66,8,0.12297661602497101
3260,5,70,0.12706708908081055
3261,92,48,0.19590547680854797
3262,93,91,0.3839016854763031
3263,60,99,0.20995023846626282
3264,50,74,0.23444759845733643
3265,93,44,0.08349782228469849
3266,28,18,0.2017182856798172
3267,49,37,0.14725211262702942
3268,32,2,0.23526766896247864
3269,79,69,0.2439863532781601
3270,98,10,0.12558966875076294
3271,86,86,0.9585467576980591
3272,30,73,0.28432026505470276
3273,64,2,0.1613270342350006
3274,18,1,0.18941468000411987
3275,44,44,0.09196200966835022
3276,13,89,0.28804489970207214
3277,99,73,0.5410047173500061
3278,27,93,0.06909266114234924
3279,69,9,0.7926194071769714
3280,87,16,0.39084678888320923
3281,6,90,0.09621105343103409
3282,22,28,0.19065886735916138
3283,50,89,0.08458992093801498
3284,90,13,0.483937531709671
3285,71,30,0.1654268503189087
3286,20,14,0.23560379445552826
3287,91,51,0.12900415062904358
3288,90,13,0.2592799961566925
3289,71,71,0.5395090579986572
3290,49,76,0.4907398521900177
3291,42,56,0.37903669476509094
3292,57,61,0.2665990889072418
3293,20,20,0.9089994430541992
3294,63,42,0.14056552946567535
3295,67,73,0.3823963701725006
3296,12,49,0.12954077124595642
3297,91,20,0.43649521470069885
3298,39,85,0.12406963109970093
3299,20,6,0.20010565221309662
3300,73,73,0.4213537871837616
3301,52,52,0.4270907938480377
3302,69,76,0.25459057092666626
3303,56,8,0.20694366097450256
3304,10,28,0.15828253328800201
3305,51,26,0.1359785497188568
3306,44,6,0.27277901768684387
3307,62,70,0.41269344091415405
3308,62,83,0.21521815657615662
3309,43,34,0.10512535274028778
3310,30,30,0.6473998427391052
3311,6,82,0.5828807353973389
3312,99,61,0.5598096251487732
3313,35,2,0.06447139382362366
3314,79,79,0.5401657223701477
3315,35,32,0.17320314049720764
3316,9,69,0.15907686948776245
3317,20,20,0.300007700920105
3318,79,79,0.6283217072486877
3319,15,17,0.5277758240699768
3320,87,87,0.42396000027656555
3321,37,31,0.21392583847045898
3322,20,91,0.23973138630390167
3323,60,60,0.9142481684684753
3324,33,33,0.7301809787750244
3325,67,30,0.10868173092603683
3326,92,54,0.14210595190525055
3327,73,18,0.15083980560302734
3328,88,14,0.124905064702034
3329,38,80,0.12038709968328476
3330,90,25,0.11493796855211258
3331,70,10,0.2788006365299225
3332,77,98,0.14977151155471802
3333,84,89,0.2382003366947174
3334,16,16,0.3552117943763733
3335,18,81,0.16894134879112244
3336,80,65,0.23194748163223267
3337,51,62,0.2883971035480499
3338,42,8,0.13863371312618256
3339,68,68,0.983027458190918
3340,18,77,0.13274654746055603
3341,24,7,0.62115877866745
3342,19,79,0.15028484165668488
3343,6,64,0.10906398296356201
3344,57,70,0.23459456861019135
3345,21,21,0.4268191158771515
3346,42,37,0.19085554778575897
3347,39,37,0.3721349835395813
3348,10,10,0.1288946270942688
3349,20,20,0.8671059012413025
3350,9,90,0.15813453495502472
3351,4,74,0.2721756398677826
3352,51,33,0.17954003810882568
3353,1,62,0.3062478303909302
3354,14,39,0.19914110004901886
3355,53,53,0.19781023263931274
3356,7,85,0.4261046350002289
3357,60,60,0.7551244497299194
3358,53,87,0.1762460619211197
3359,90,81,0.20095938444137573
3360,43,88,0.27247127890586853
3361,62,92,0.23785744607448578
3362,38,43,0.2796764075756073
3363,76,76,0.9226194024085999
3364,84,41,0.37708160281181335
3365,46,29,0.11582078784704208
3366,32,89,0.4380100965499878
3367,54,70,0.3020092248916626
3368,34,8,0.10773573815822601
3369,29,85,0.08038420230150223
3370,65,22,0.176407128572464
3371,72,45,0.2431686669588089
3372,65,14,0.21020644903182983
3373,10,10,0.1121494472026825
3374,25,90,0.24438150227069855
3375,7,6,0.3240770101547241
3376,48,48,0.5558146834373474
3377,90,58,0.2676331102848053
3378,94,94,0.8003039956092834
3379,42,79,0.08744239062070847
3380,4,63,0.12852151691913605
3381,55,79,0.06956958025693893
3382,99,42,0.13718102872371674
3383,68,33,0.4848819971084595
3384,6,54,0.6929287314414978
3385,24,11,0.13462041318416595
3386,82,82,0.5203517079353333
3387,43,42,0.21782708168029785
3388,71,71,0.43472376465797424
3389,31,19,0.12456994503736496
3390,75,33,0.13821840286254883
3391,26,26,0.5860881209373474
3392,49,12,0.5604414343833923
3393,98,46,0.22037208080291748
3394,25,25,0.23117563128471375
3395,62,54,0.30401384830474854
3396,73,54,0.2084784060716629
3397,2,2,0.12282447516918182
3398,81,37,0.3184413015842438
3399,99,20,0.38130462169647217
3400,11,11,0.6068460941314697
3401,31,37,0.1741056740283966
3402,82,82,0.9375228881835938
3403,56,42,0.18251502513885498
3404,3,4,0.09334657341241837
3405,88,42,0.1727929562330246
3406,62,83,0.29975369572639465
3407,8,8,0.8641366958618164
3408,73,93,0.42615947127342224
3409,20,19,0.16431429982185364
3410,44,68,0.2064477503299713
3411,80,3,0.18618039786815643
3412,89,89,0.514819324016571
3413,0,0,0.4148407578468323
3414,23,23,0.49628064036369324
3415,16,48,0.08590500801801682
3416,96,96,0.35391420125961304
3417,24,7,0.1331009864807129
3418,26,0,0.15895237028598785
3419,93,35,0.08048483729362488
3420,6,6,0.1817735880613327
3421,53,92,0.28739356994628906
3422,93,32,0.09621748328208923
3423,19,19,0.2503623962402344
3424,49,60,0.7773174047470093
3425,11,94,0.20794622600078583
3426,45,8,0.2537170648574829
3427,27,97,0.09022308140993118
3428,26,78,0.09663979709148407
3429,82,0,0.3532939553260803
3430,84,72,0.061542730778455734
3431,28,28,0.11149128526449203
3432,1,62,0.1923697590827942
3433,56,31,0.13433882594108582
3434,26,79,0.6931285858154297
3435,57,57,0.377054363489151
3436,60,60,0.6726882457733154
3437,18,84,0.2831760346889496
3438,55,38,0.13656412065029144
3439,71,23,0.3787957429885864
3440,56,56,0.33955490589141846
3441,47,59,0.39838117361068726
3442,21,21,0.17004545032978058
3443,36,56,0.22685937583446503
3444,9,9,0.2841225862503052
3445,41,74,0.08983053267002106
3446,24,20,0.2013653963804245
3447,75,75,0.8462182283401489
3448,5,25,0.21562276780605316
3449,32,32,0.23850670456886292
3450,12,12,0.1717231720685959
3451,57,60,0.11806929111480713
3452,84,20,0.3294050395488739
3453,76,56,0.18897178769111633
3454,65,9,0.36900997161865234
3455,12,49,0.3575582206249237
3456,21,8,0.17521627247333527
3457,23,33,0.3866845965385437
3458,76,76,0.7884659171104431
3459,29,29,0.791227400302887
3460,57,57,0.35887113213539124
3461,75,7,0.22131943702697754
3462,32,32,0.837168276309967
3463,25,20,0.5540651082992554
3464,96,52,0.5286656618118286
3465,56,56,0.5042859315872192
3466,49,49,0.4422440826892853
3467,8,8,0.7389057278633118
3468,19,46,0.14771059155464172
3469,98,80,0.07917855679988861
3470,39,80,0.15394537150859833
3471,71,71,0.6233579516410828
3472,46,98,0.16571123898029327
3473,3,26,0.1488579511642456
3474,41,96,0.3422199487686157
3475,64,66,0.10417018085718155
3476,37,89,0.31075069308280945
3477,8,8,0.6216750741004944
3478,13,81,0.18410080671310425
3479,99,36,0.1946083903312683
3480,31,38,0.24600337445735931
3481,35,2,0.20137445628643036
3482,52,52,0.5100581645965576
3483,73,91,0.31026601791381836
3484,89,8,0.5619465112686157
3485,2,36,0.19136175513267517
3486,54,14,0.18152499198913574
3487,97,97,0.19242340326309204
3488,73,73,0.7186524868011475
3489,95,12,0.6321016550064087
3490,1,33,0.1861608922481537
3491,12,56,0.36192625761032104
3492,0,53,0.32938137650489807
3493,51,44,0.10112165659666061
3494,23,60,0.34511303901672363
3495,73,73,0.534622311592102
3496,72,44,0.09783007204532623
3497,83,62,0.1963677704334259
3498,74,66,0.2454095482826233
3499,1,92,0.2305694967508316
3500,12,12,0.2398262470960617
3501,38,38,0.4119473695755005
3502,51,26,0.14805740118026733
3503,29,88,0.17259979248046875
3504,77,64,0.10850812494754791
3505,44,27,0.1898171454668045
3506,18,9,0.13457442820072174
3507,10,10,0.22607266902923584
3508,16,78,0.12374471873044968
3509,43,82,0.2074507772922516
3510,0,0,0.4725342094898224
3511,7,24,0.34724336862564087
3512,70,62,0.5452003479003906
3513,17,17,0.35365912318229675
3514,3,75,0.11904139071702957
3515,6,79,0.12694840133190155
3516,83,70,0.4555315375328064
3517,65,72,0.09471055865287781
3518,0,70,0.37581518292427063
3519,46,45,0.1876668632030487
3520,85,69,0.12452352792024612
3521,62,62,0.22140802443027496
3522,18,80,0.14515842497348785
3523,81,32,0.24820773303508759
3524,40,79,0.09381929039955139
3525,48,48,0.8106687664985657
3526,4,42,0.08198364078998566
3527,2,61,0.16618883609771729
3528,21,22,0.1711685061454773
3529,24,45,0.06092517450451851
3530,95,95,0.3141729235649109
3531,53,1,0.4019807279109955
3532,89,89,0.3681389093399048
3533,50,35,0.18008911609649658
3534,35,94,0.2496499866247177
3535,98,35,0.12341916561126709
3536,32,89,0.14427988231182098
3537,58,13,0.32954686880111694
3538,97,80,0.23877473175525665
3539,56,56,0.8688709139823914
3540,78,6,0.3679981231689453
3541,60,60,0.6606976389884949
3542,79,24,0.26901769638061523
3543,84,8,0.25496706366539
3544,28,28,0.7086734175682068
3545,46,36,0.1693168580532074
3546,90,89,0.6268476247787476
3547,43,43,0.21722890436649323
3548,9,16,0.4527047872543335
3549,42,42,0.13249215483665466
3550,84,42,0.28248685598373413
3551,59,47,0.43629753589630127
3552,27,78,0.12501536309719086
3553,17,19,0.3600454032421112
3554,62,51,0.16587530076503754
3555,23,23,0.529742419719696
3556,31,56,0.10803820937871933
3557,11,24,0.10075899958610535
3558,48,48,0.5326513648033142
3559,82,62,0.30761781334877014
3560,87,56,0.10433521121740341
3561,28,20,0.23738062381744385
3562,14,18,0.22429150342941284
3563,99,5,0.12635576725006104
3564,13,10,0.18301692605018616
3565,66,98,0.23172317445278168
3566,35,9,0.1498059183359146
3567,42,97,0.0930592268705368
3568,20,20,0.5383792519569397
3569,2,2,0.06480716913938522
3570,16,46,0.149244487285614
3571,68,90,0.17600835859775543
3572,23,23,0.5320696234703064
3573,93,86,0.17171397805213928
3574,79,56,0.17827124893665314
3575,87,87,0.6557895541191101
3576,41,41,0.9671812653541565
3577,2,97,0.2687770128250122
3578,96,88,0.22354227304458618
3579,39,14,0.10170654952526093
3580,49,33,0.1149669662117958
3581,57,45,0.10127440840005875
3582,96,96,0.35808777809143066
3583,12,85,0.33479055762290955
3584,38,15,0.16190552711486816
3585,65,96,0.07029584795236588
3586,39,84,0.21390162408351898
3587,93,73,0.20852795243263245
3588,83,18,0.21563461422920227
3589,32,61,0.4848310649394989
3590,19,48,0.1690564751625061
3591,8,8,0.3428857922554016
3592,53,53,0.45968958735466003
3593,69,69,0.7126484513282776
3594,72,93,0.12987153232097626
3595,23,39,0.263733446598053
3596,29,48,0.18481387197971344
3597,43,32,0.08468819409608841
3598,88,89,0.18249113857746124
3599,11,13,0.19973696768283844
3600,96,33,0.2485298216342926
3601,62,62,0.3402402400970459
3602,54,48,0.2919272482395172
3603,2,46,0.14620301127433777
3604,73,73,0.3987022936344147
3605,34,34,0.49866390228271484
3606,48,8,0.5904217958450317
3607,34,38,0.3177242577075958
3608,34,34,0.10609745234251022
3609,94,94,0.92853182554245
3610,88,88,0.10328658670186996
3611,67,67,0.4878474473953247
3612,71,71,0.545059084892273
3613,97,37,0.16847051680088043
3614,7,26,0.30925294756889343
3615,35,89,0.15160752832889557
3616,77,2,0.1364336609840393
3617,95,30,0.5807215571403503
3618,44,86,0.4213666319847107
3619,45,20,0.5922939777374268
3620,27,4,0.10233023017644882
3621,80,38,0.12066274136304855
3622,84,43,0.22420372068881989
3623,99,48,0.2164849191904068
3624,52,47,0.4958736300468445
3625,92,70,0.35839518904685974
3626,70,83,0.1629011183977127
3627,16,56,0.18037065863609314
3628,88,19,0.19065655767917633
3629,25,54,0.16739623248577118
3630,58,13,0.11982591450214386
3631,79,79,0.2691337466239929
3632,54,29,0.06283207982778549
3633,73,73,0.6076804399490356
3634,50,87,0.23375050723552704
3635,47,52,0.8811131715774536
3636,51,45,0.1144610270857811
3637,78,89,0.2070823311805725
3638,26,45,0.38858848810195923
3639,50,85,0.13282693922519684
3640,17,68,0.3275398015975952
3641,86,86,0.3019016683101654
3642,72,95,0.1010739654302597
3643,87,37,0.12881071865558624
3644,34,34,0.15586504340171814
3645,47,52,0.5918108224868774
3646,25,5,0.14546158909797668
3647,72,90,0.16368332505226135
3648,29,29,0.6598895192146301
3649,95,67,0.261849969625473
3650,86,86,0.3231889307498932
3651,92,92,0.46150681376457214
3652,78,8,0.14955097436904907
3653,3,21,0.45677006244659424
3654,28,28,0.6263062953948975
3655,58,13,0.4309258759021759
3656,66,66,0.19196771085262299
3657,78,40,0.2798249423503876
3658,38,19,0.12064090371131897
3659,22,78,0.16809847950935364
3660,66,48,0.11311665177345276
3661,95,95,0.4541102945804596
3662,45,49,0.4337644577026367
3663,97,8,0.487852543592453
3664,65,65,0.15462574362754822
3665,54,13,0.11971607804298401
3666,71,33,0.15335658192634583
3667,70,51,0.1572519689798355
3668,80,43,0.1431715190410614
3669,85,85,0.4686809778213501
3670,28,87,0.29834696650505066
3671,41,41,0.9964770674705505
3672,71,71,0.5828202962875366
3673,64,92,0.05440850183367729
3674,75,66,0.1852741539478302
3675,90,81,0.5637322664260864
3676,7,20,0.18878796696662903
3677,37,37,0.22187235951423645
3678,23,23,0.5111257433891296
3679,54,39,0.11781199276447296
3680,84,43,0.13696835935115814
3681,86,98,0.2358497828245163
3682,8,89,0.13704238831996918
3683,22,61,0.392437607049942
3684,51,42,0.2884582579135895
3685,75,24,0.13626010715961456
3686,26,26,0.5444750189781189
3687,11,43,0.14623171091079712
3688,3,13,0.14323939383029938
3689,46,36,0.19810260832309723
3690,64,32,0.16159884631633759
3691,92,70,0.466948539018631
3692,55,63,0.09308095276355743
3693,39,26,0.36008721590042114
3694,66,78,0.1650388538837433
3695,86,86,0.3817571997642517
3696,85,85,0.14495006203651428
3697,0,70,0.2650492489337921
3698,8,8,0.05946388095617294
3699,27,42,0.2706991732120514
3700,57,40,0.11127466708421707
3701,13,81,0.2957870066165924
3702,94,94,0.6854349374771118
3703,40,80,0.13812175393104553
3704,61,22,0.398994505405426
3705,94,94,0.43450817465782166
3706,17,12,0.19673867523670197
3707,11,40,0.14937259256839752
3708,1,51,0.11385689675807953
3709,4,42,0.08608376979827881
3710,49,12,0.4022911489009857
3711,77,25,0.04697823524475098
3712,0,0,0.887475848197937
3713,1,64,0.13940413296222687
3714,80,26,0.15376906096935272
3715,48,48,0.7554168701171875
3716,39,48,0.17102757096290588
3717,55,55,0.06406936049461365
3718,38,38,0.11366889625787735
3719,12,12,0.435464471578598
3720,35,34,0.11288894712924957
3721,12,68,0.20579202473163605
3722,78,75,0.27598387002944946
3723,87,70,0.3394719362258911
3724,11,2,0.19499796628952026
3725,0,0,0.8283967971801758
3726,95,95,0.5102578401565552
3727,90,89,0.2720971405506134
3728,10,61,0.7711625695228577
3729,88,51,0.2607886791229248
3730,10,94,0.17500370740890503
3731,97,97,0.4812985956668854
3732,48,8,0.44245144724845886
3733,63,27,0.18851609528064728
3734,51,43,0.28823164105415344
3735,52,47,0.3376867473125458
3736,47,89,0.23498475551605225
3737,85,12,0.14574170112609863
3738,69,73,0.39013975858688354
3739,65,56,0.13603773713111877
3740,81,37,0.2578834891319275
3741,30,30,0.373934805393219
3742,51,51,0.2849452793598175
3743,69,71,0.24561172723770142
3744,28,28,0.24116499722003937
3745,4,59,0.07076425850391388
3746,31,33,0.4901348948478699
3747,97,97,0.35348495841026306
3748,48,7,0.2921016216278076
3749,64,66,0.15082243084907532
3750,80,79,0.15145890414714813
3751,0,0,0.6400137543678284
3752,0,0,0.22961704432964325
3753,5,5,0.5467265248298645
3754,45,26,0.07419206947088242
3755,13,13,0.2845330536365509
3756,90,17,0.20411571860313416
3757,85,83,0.28087547421455383
3758,56,56,0.5000303387641907
3759,51,26,0.07915911823511124
3760,34,39,0.07561337947845459
3761,44,83,0.22055652737617493
3762,91,91,0.25797516107559204
3763,85,41,0.26870009303092957
3764,56,56,0.9593905806541443
3765,10,20,0.46584320068359375
3766,46,6,0.18504701554775238
3767,93,73,0.21632717549800873
3768,77,77,0.5167213678359985
3769,81,12,0.26203688979148865
3770,82,82,0.7797916531562805
3771,18,8,0.1275833547115326
3772,66,63,0.21777847409248352
3773,56,59,0.4230602979660034
3774,49,49,0.6768982410430908
3775,0,83,0.1618756800889969
3776,70,92,0.3734133243560791
3777,63,63,0.6312469244003296
3778,99,65,0.12030956894159317
3779,14,14,0.09133856743574142
3780,5,5,0.4428904354572296
3781,26,45,0.434847354888916
3782,24,79,0.19635707139968872
3783,86,86,0.19972674548625946
3784,64,26,0.08946020156145096
3785,55,24,0.14041125774383545
3786,1,70,0.23342639207839966
3787,94,94,0.9312810301780701
3788,74,4,0.16214683651924133
3789,6,45,0.1813766062259674
3790,25,20,0.26467829942703247
3791,52,96,0.7201711535453796
3792,90,89,0.18339087069034576
3793,5,87,0.21066392958164215
3794,40,10,0.3258558511734009
3795,41,41,0.7291997671127319
3796,49,73,0.27948111295700073
3797,76,9,0.15544557571411133
3798,19,51,0.11006850749254227
3799,44,81,0.36313313245773315
3800,49,76,0.23544111847877502
3801,57,0,0.41288384795188904
3802,85,4,0.112664133310318
3803,63,63,0.13443349301815033
3804,91,91,0.9932925701141357
3805,63,26,0.1556164175271988
3806,94,94,0.7175554633140564
3807,55,7,0.07767504453659058
3808,59,59,0.27030906081199646
3809,21,21,0.19721579551696777
3810,59,17,0.2452753186225891
3811,47,47,0.6406217217445374
3812,31,74,0.10994982719421387
3813,60,68,0.4073716700077057
3814,44,8,0.1645958572626114
3815,25,0,0.17626696825027466
3816,11,28,0.17866528034210205
3817,97,56,0.27882760763168335
3818,96,52,0.3934266269207001
3819,3,4,0.09876775741577148
3820,46,29,0.1834365874528885
3821,85,85,0.13989759981632233
3822,56,69,0.22911545634269714
3823,34,43,0.28243982791900635
3824,50,29,0.15521250665187836
3825,41,48,0.5574252009391785
3826,87,56,0.3591054081916809
3827,38,97,0.3596177101135254
3828,83,83,0.5668922662734985
3829,45,26,0.11062497645616531
3830,77,77,0.13031220436096191
3831,15,64,0.2185642272233963
3832,47,47,0.6775156259536743
3833,68,68,0.9907943606376648
3834,46,46,0.153506338596344
3835,87,87,0.3575727045536041
3836,61,22,0.634876012802124
3837,69,73,0.36290648579597473
3838,49,49,0.3845822215080261
3839,86,66,0.153289794921875
3840,89,89,0.11043208092451096
3841,36,43,0.2691969871520996
3842,59,52,0.2037145048379898
3843,67,67,0.21969030797481537
3844,54,88,0.13939449191093445
3845,72,21,0.6134579181671143
3846,3,90,0.2630658745765686
3847,62,62,0.1731310784816742
3848,60,47,0.25337526202201843
3849,97,97,0.17143559455871582
3850,40,36,0.14143478870391846
3851,69,69,0.40101978182792664
3852,4,32,0.1474757045507431
3853,94,98,0.17185570299625397
3854,65,38,0.17917819321155548
3855,39,84,0.1995217502117157
3856,87,87,0.5092313289642334
3857,48,48,0.6454871892929077
3858,93,8,0.4870123267173767
3859,38,18,0.11664295941591263
3860,67,73,0.5487427711486816
3861,26,77,0.08593087643384933
3862,1,37,0.09296447783708572
3863,10,1,0.21878647804260254
3864,41,14,0.2977333962917328
3865,47,47,0.3293305039405823
3866,78,26,0.06981758773326874
3867,87,16,0.33641478419303894
3868,13,58,0.504055917263031
3869,11,98,0.33740827441215515
3870,57,57,0.9814755916595459
3871,45,45,0.25137996673583984
3872,39,30,0.1916995346546173
3873,8,8,0.9905168414115906
3874,55,43,0.17685829102993011
3875,21,3,0.2828783392906189
3876,65,86,0.15558458864688873
3877,97,97,0.19364309310913086
3878,90,12,0.44511678814888
3879,98,2,0.12710228562355042
3880,63,63,0.43368276953697205
3881,78,27,0.13807663321495056
3882,44,42,0.17125338315963745
3883,44,26,0.09538006782531738
3884,15,26,0.09122051298618317
3885,53,43,0.2066909372806549
3886,97,87,0.27210140228271484
3887,13,81,0.2658349275588989
3888,9,97,0.18308937549591064
3889,75,75,0.23248295485973358
3890,73,1,0.12228228896856308
3891,84,8,0.3965455889701843
3892,84,40,0.08716899901628494
3893,48,16,0.32748544216156006
3894,12,13,0.3508780598640442
3895,25,81,0.13084451854228973
3896,7,7,0.23939982056617737
3897,90,85,0.37529268860816956
3898,7,7,0.5536230206489563
3899,55,77,0.16422297060489655
3900,90,81,0.12129055708646774
3901,86,87,0.5639565587043762
3902,67,79,0.11153680086135864
3903,54,54,0.7396507859230042
3904,77,78,0.10617919266223907
3905,60,60,0.6844608783721924
3906,9,16,0.3112412691116333
3907,54,56,0.46645432710647583
3908,34,37,0.08102840930223465
3909,68,68,0.2401961088180542
3910,25,88,0.175739124417305
3911,71,23,0.24585957825183868
3912,20,20,0.539315402507782
3913,89,90,0.16687491536140442
3914,24,29,0.09542148560285568
3915,84,8,0.3581717908382416
3916,4,72,0.1275634467601776
3917,59,59,0.32547006011009216
3918,26,70,0.3364587128162384
3919,18,93,0.1374357044696808
3920,37,37,0.17558637261390686
3921,98,55,0.12308675050735474
3922,64,34,0.26531118154525757
3923,74,63,0.12805747985839844
3924,94,94,0.9783824682235718
3925,5,10,0.41737350821495056
3926,43,69,0.15409673750400543
3927,97,66,0.21059240400791168
3928,23,73,0.2591375410556793
3929,93,30,0.33586832880973816
3930,15,97,0.15773798525333405
3931,17,19,0.15175895392894745
3932,1,1,0.24538736045360565
3933,58,81,0.2115299105644226
3934,31,93,0.1201271265745163
3935,8,30,0.17420440912246704
3936,45,44,0.07970211654901505
3937,28,28,0.2845754325389862
3938,23,23,0.48455893993377686
3939,19,19,0.8192846775054932
3940,88,16,0.43589991331100464
3941,87,25,0.29494723677635193
3942,82,82,0.4778905510902405
3943,26,26,0.16556979715824127
3944,33,33,0.6138819456100464
3945,63,33,0.11807817220687866
3946,16,94,0.3766755163669586
3947,13,13,0.633420467376709
3948,91,9,0.19054067134857178
3949,76,76,0.2605147659778595
3950,76,17,0.3113555312156677
3951,38,97,0.19205151498317719
3952,10,98,0.3678157925605774
3953,70,70,0.5339803695678711
3954,17,17,0.4533900022506714
3955,78,22,0.3013513386249542
3956,56,95,0.19746048748493195
3957,75,75,0.5659068822860718
3958,57,47,0.5604931712150574
3959,79,7,0.2289312332868576
3960,90,33,0.060573380440473557
3961,38,27,0.09661374241113663
3962,51,83,0.46035099029541016
3963,27,31,0.17043304443359375
3964,71,71,0.35551825165748596
3965,96,96,0.5587945580482483
3966,6,31,0.16185036301612854
3967,40,40,0.6296568512916565
3968,51,88,0.2914685308933258
3969,47,47,0.7815080285072327
3970,37,12,0.3307192325592041
3971,41,41,0.9538295865058899
3972,66,8,0.10857473313808441
3973,67,67,0.20436766743659973
3974,41,48,0.09559429436922073
3975,82,82,0.7084486484527588
3976,14,14,0.2807919681072235
3977,23,60,0.18464037775993347
3978,6,83,0.46977221965789795
3979,98,21,0.20411813259124756
3980,11,51,0.11098258197307587
3981,7,7,0.20889748632907867
3982,65,74,0.14701220393180847
3983,64,77,0.081992968916893
3984,40,82,0.3122963011264801
3985,15,5,0.325948566198349
3986,1,48,0.1603221297264099
3987,29,24,0.6343254446983337
3988,38,3,0.07619135081768036
3989,75,16,0.20869188010692596
3990,40,16,0.08436285704374313
3991,31,31,0.7680379748344421
3992,60,60,0.6062974333763123
3993,79,79,0.07991337031126022
3994,63,63,0.37144726514816284
3995,6,45,0.13430382311344147
3996,36,10,0.11970143765211105
3997,31,19,0.32989051938056946
3998,21,86,0.1239984929561615
3999,52,52,0.28176194429397583
4000,71,60,0.31924867630004883
4001,1,1,0.4261235296726227
4002,61,43,0.1632959246635437
4003,34,42,0.22259511053562164
4004,34,41,0.14206312596797943
4005,77,51,0.5817530751228333
4006,35,54,0.1776752769947052
4007,37,17,0.3041241466999054
4008,7,7,0.0685640200972557
4009,70,41,0.15805529057979584
4010,20,20,0.7597939968109131
4011,93,78,0.10480644553899765
4012,41,10,0.10422763973474503
4013,92,24,0.10320847481489182
4014,87,87,0.7948400974273682
4015,46,37,0.06612719595432281
4016,30,30,0.4259411692619324
4017,30,73,0.2853957414627075
4018,46,22,0.23171792924404144
4019,85,81,0.5304825901985168
4020,32,19,0.15491046011447906
4021,14,14,0.22243359684944153
4022,51,62,0.15701651573181152
4023,24,24,0.7882711291313171
4024,5,91,0.24565988779067993
4025,49,49,0.30287185311317444
4026,61,46,0.37452250719070435
4027,89,58,0.26213550567626953
4028,48,86,0.19621096551418304
4029,98,98,0.1262056678533554
4030,7,78,0.32330700755119324
4031,94,94,0.7462372779846191
4032,37,12,0.23479004204273224
4033,94,94,0.22880946099758148
4034,94,87,0.3058106005191803
4035,52,59,0.3688599169254303
4036,11,46,0.12210870534181595
4037,61,61,0.7477307319641113
4038,41,41,0.3525732457637787
4039,50,26,0.11700206249952316
4040,84,33,0.2732262909412384
4041,76,76,0.31238240003585815
4042,18,44,0.30076277256011963
4043,64,5,0.22479493916034698
4044,80,80,0.08506578952074051
4045,62,82,0.40592390298843384
4046,11,45,0.4058830142021179
4047,41,41,0.781445324420929
4048,69,69,0.7327092289924622
4049,34,77,0.12252514809370041
4050,2,91,0.35903844237327576
4051,45,42,0.30018487572669983
4052,62,6,0.12059818208217621
4053,87,59,0.21238894760608673
4054,99,99,0.16749563813209534
4055,45,24,0.2256210297346115
4056,2,35,0.139932319521904
4057,27,77,0.18112903833389282
4058,91,45,0.12610915303230286
4059,19,31,0.2051669955253601
4060,56,56,0.5040583610534668
4061,20,20,0.9410248398780823
4062,92,92,0.40280449390411377
4063,54,54,0.5997480154037476
4064,75,75,0.46004819869995117
4065,9,33,0.13087160885334015
4066,83,57,0.3271390497684479
4067,27,33,0.065799281001091
4068,95,95,0.6606238484382629
4069,49,25,0.26910674571990967
4070,14,80,0.09392807632684708
4071,2,2,0.09299463033676147
4072,43,43,0.38542988896369934
4073,96,96,0.3925474286079407
4074,95,67,0.20022501051425934
4075,66,41,0.09780320525169373
4076,81,42,0.14115886390209198
4077,9,9,0.1382327675819397
4078,44,33,0.12499749660491943
4079,99,99,0.2677825093269348
4080,87,87,0.5172014236450195
4081,79,79,0.10965922474861145
4082,11,88,0.1357342153787613
4083,59,89,0.30600523948669434
4084,18,44,0.07856856286525726
4085,62,73,0.15751580893993378
4086,96,52,0.46816033124923706
4087,94,89,0.2763232886791229
4088,49,49,0.7280506491661072
4089,47,33,0.28179439902305603
4090,72,50,0.11017479002475739
4091,26,74,0.14704585075378418
4092,71,71,0.5588571429252625
4093,76,76,0.5180171728134155
4094,21,3,0.12362011522054672
4095,81,81,0.4342055916786194
4096,30,21,0.16347721219062805
4097,99,10,0.11157035082578659
4098,64,63,0.13449238240718842
4099,92,82,0.1705305576324463
4100,0,0,0.7257146835327148
4101,6,3,0.10124937444925308
4102,74,7,0.23140668869018555
4103,82,82,0.9724242687225342
4104,13,39,0.21857865154743195
4105,69,69,0.37775304913520813
4106,8,8,0.4703550934791565
4107,3,14,0.08257932215929031
4108,74,63,0.16304156184196472
4109,89,89,0.3197260797023773
4110,11,22,0.3417053818702698
4111,16,61,0.6934148669242859
4112,92,70,0.3620102107524872
4113,79,79,0.1709682196378708
4114,86,16,0.173024520277977
4115,72,76,0.12810540199279785
4116,95,25,0.16012977063655853
4117,38,38,0.1599167287349701
4118,42,42,0.15244993567466736
4119,65,30,0.07953041791915894
4120,61,75,0.26837044954299927
4121,68,68,0.37959855794906616
4122,17,17,0.7841576933860779
4123,41,41,0.16414505243301392
4124,49,96,0.19739505648612976
4125,20,48,0.16396471858024597
4126,4,13,0.10069211572408676
4127,75,38,0.12568148970603943
4128,48,70,0.23592068254947662
4129,13,81,0.34530726075172424
4130,60,60,0.7917049527168274
4131,67,42,0.3263804614543915
4132,62,62,0.3862825632095337
4133,17,17,0.40546101331710815
4134,37,12,0.14546965062618256
4135,32,56,0.12126217782497406
4136,59,85,0.599919855594635
4137,59,17,0.5353978872299194
4138,38,38,0.10633481293916702
4139,70,20,0.17286416888237
4140,79,99,0.09666482359170914
4141,11,46,0.3935282528400421
4142,49,49,0.35465100407600403
4143,44,91,0.5403070449829102
4144,0,0,0.5240693092346191
4145,26,6,0.18799778819084167
4146,45,33,0.07930919528007507
4147,48,48,0.9373123645782471
4148,1,51,0.1906537562608719
4149,33,33,0.19016417860984802
4150,57,57,0.24486792087554932
4151,10,45,0.11423952132463455
4152,37,12,0.38021737337112427
4153,97,97,0.12539586424827576
4154,44,88,0.18097533285617828
4155,43,78,0.07624933868646622
4156,63,80,0.1349276751279831
4157,55,4,0.1036340519785881
4158,37,37,0.32176434993743896
4159,20,83,0.15908633172512054
4160,49,23,0.513582706451416
4161,19,19,0.17057256400585175
4162,16,48,0.1126394271850586
4163,26,39,0.16211006045341492
4164,21,21,0.17290695011615753
4165,79,67,0.16280660033226013
4166,40,40,0.5330492258071899
4167,68,71,0.361039400100708
4168,74,43,0.1592806726694107
4169,95,73,0.8102795481681824
4170,46,46,0.10435868054628372
4171,94,94,0.9477240443229675
4172,68,71,0.2039342224597931
4173,13,13,0.30149346590042114
4174,22,26,0.20856355130672455
4175,83,92,0.18709219992160797
4176,46,97,0.15893816947937012
4177,74,88,0.15378014743328094
4178,35,35,0.34375283122062683
4179,60,16,0.37685486674308777
4180,11,35,0.2270456701517105
4181,21,21,0.3973068594932556
4182,34,64,0.1353335678577423
4183,39,64,0.16057416796684265
4184,65,65,0.12312868982553482
4185,13,81,0.46357589960098267
4186,20,20,0.25854432582855225
4187,21,21,0.4409332275390625
4188,99,82,0.12698239088058472
4189,68,68,0.8337923288345337
4190,88,99,0.10658673197031021
4191,93,52,0.18405894935131073
4192,49,60,0.6243889331817627
4193,69,69,0.7128015160560608
4194,17,17,0.5861890316009521
4195,55,99,0.09925967454910278
4196,81,81,0.3608885407447815
4197,63,47,0.17612208425998688
4198,14,42,0.30463707447052
4199,73,55,0.07390711456537247
4200,17,89,0.28814420104026794
4201,13,85,0.5483975410461426
4202,95,95,0.44149038195610046
4203,99,94,0.41929173469543457
4204,61,86,0.42661306262016296
4205,24,24,0.26836293935775757
4206,22,87,0.4792492389678955
4207,23,23,0.8103879690170288
4208,94,16,0.46476081013679504
4209,33,96,0.3688223958015442
4210,90,90,0.33251020312309265
4211,8,90,0.2029353678226471
4212,68,60,0.7025770545005798
4213,52,52,0.2800368368625641
4214,20,20,0.8989949226379395
4215,64,63,0.3637407720088959
4216,54,54,0.7652382850646973
4217,53,53,0.4788230359554291
4218,3,78,0.10892829298973083
4219,4,7,0.1304132044315338
4220,88,30,0.10551748424768448
4221,53,53,0.8808429837226868
4222,27,44,0.11955258250236511
4223,5,75,0.3025641143321991
4224,47,47,0.7857933640480042
4225,97,64,0.12158265709877014
4226,5,85,0.097055584192276
4227,35,2,0.1470024287700653
4228,71,49,0.36783522367477417
4229,54,6,0.233116015791893
4230,54,54,0.3936021029949188
4231,17,17,0.347076416015625
4232,56,56,0.2922798693180084
4233,54,70,0.3491257429122925
4234,15,27,0.20410941541194916
4235,69,69,0.5608474612236023
4236,65,5,0.3159797787666321
4237,24,7,0.2327008843421936
4238,42,42,0.1477469503879547
4239,8,8,0.9133053421974182
4240,72,20,0.07501262426376343
4241,77,77,0.08223326504230499
4242,75,48,0.36553755402565
4243,66,86,0.38241690397262573
4244,93,95,0.5218079090118408
4245,94,94,0.8721242547035217
4246,27,37,0.19903366267681122
4247,98,46,0.716597318649292
4248,75,66,0.15548290312290192
4249,44,36,0.06384000182151794
4250,37,38,0.17699141800403595
4251,8,89,0.1789436787366867
4252,10,61,0.5963701605796814
4253,84,97,0.10925481468439102
4254,72,36,0.0944155603647232
4255,34,34,0.30920544266700745
4256,37,85,0.30660176277160645
4257,2,36,0.25157976150512695
4258,86,86,0.5182582139968872
4259,20,20,0.831662654876709
4260,90,49,0.1568523794412613
4261,49,59,0.27739205956459045
4262,95,30,0.5075729489326477
4263,29,45,0.1546965390443802
4264,34,34,0.24033355712890625
4265,46,41,0.27311956882476807
4266,43,43,0.11035800725221634
4267,72,33,0.07504768669605255
4268,18,18,0.22132602334022522
4269,51,33,0.18046191334724426
4270,87,87,0.7586569786071777
4271,18,91,0.18557439744472504
4272,41,41,0.2661069631576538
4273,93,44,0.12916187942028046
4274,72,20,0.14200086891651154
4275,95,73,0.3202742040157318
4276,19,19,0.7251233458518982
4277,34,64,0.1963106393814087
4278,42,30,0.2840828001499176
4279,79,38,0.11946598440408707
4280,79,24,0.35238203406333923
4281,17,84,0.2211122065782547
4282,73,73,0.5659857392311096
4283,97,97,0.12854428589344025
4284,45,8,0.1033082976937294
4285,97,34,0.17159678041934967
4286,29,89,0.18406318128108978
4287,86,7,0.06739309430122375
4288,29,26,0.20829416811466217
4289,0,0,0.8646398782730103
4290,19,19,0.08954935520887375
4291,12,12,0.2783927321434021
4292,91,38,0.11777117103338242
4293,75,91,0.2044336497783661
4294,97,14,0.13654150068759918
4295,50,45,0.16247431933879852
4296,13,13,0.5698484182357788
4297,61,61,0.3700863718986511
4298,74,77,0.11335811018943787
4299,85,85,0.3583658039569855
4300,29,48,0.6459319591522217
4301,67,63,0.1028558611869812
4302,50,22,0.1716165542602539
4303,43,88,0.2547004818916321
4304,50,42,0.23367086052894592
4305,3,31,0.5047585368156433
4306,25,10,0.13511890172958374
4307,13,48,0.4373584985733032
4308,50,20,0.1550263911485672
4309,56,56,0.3110986053943634
4310,60,60,0.5086866617202759
4311,30,79,0.11126772314310074
4312,61,73,0.11980650573968887
4313,34,88,0.19548925757408142
4314,84,94,0.21349745988845825
4315,1,1,0.6196158528327942
4316,58,58,0.36036282777786255
4317,35,54,0.31386011838912964
4318,4,27,0.0993797555565834
4319,77,77,0.10606430470943451
4320,42,42,0.2954559624195099
4321,22,89,0.21703554689884186
4322,87,87,0.7225940823554993
4323,38,80,0.11549299210309982
4324,11,22,0.2107924073934555
4325,9,9,0.15308089554309845
4326,32,9,0.08507205545902252
4327,12,12,0.4092986285686493
4328,50,51,0.19739185273647308
4329,8,48,0.12103483825922012
4330,96,47,0.3604123294353485
4331,61,61,0.4125915765762329
4332,9,9,0.20080846548080444
4333,43,88,0.1554296314716339
4334,9,9,0.38543468713760376
4335,58,89,0.5339189171791077
4336,92,70,0.5660858154296875
4337,32,86,0.07851328700780869
4338,32,32,0.14853832125663757
4339,25,81,0.12716044485569
4340,0,0,0.6181603670120239
4341,34,69,0.22962775826454163
4342,75,75,0.6156936287879944
4343,68,44,0.14730410277843475
4344,27,93,0.13738080859184265
4345,15,64,0.19672620296478271
4346,0,53,0.1917097121477127
4347,38,31,0.2146340310573578
4348,10,25,0.20883280038833618
4349,3,88,0.13406819105148315
4350,44,97,0.09122861921787262
4351,30,73,0.32522106170654297
4352,43,89,0.4326886832714081
4353,59,15,0.08935368806123734
4354,50,65,0.11327391862869263
4355,40,9,0.10786677896976471
4356,67,73,0.37761765718460083
4357,76,76,0.0701795369386673
4358,49,17,0.4101070165634155
4359,98,32,0.1915314942598343
4360,57,0,0.4161517918109894
4361,16,16,0.5232455730438232
4362,56,56,0.587623655796051
4363,84,48,0.19795788824558258
4364,75,75,0.4736265242099762
4365,50,64,0.16090822219848633
4366,90,90,0.20752650499343872
4367,10,10,0.3806304633617401
4368,83,83,0.2862081229686737
4369,22,8,0.21910248696804047
4370,59,56,0.529362142086029
4371,93,30,0.195090651512146
4372,36,57,0.2743029296398163
4373,51,13,0.30022668838500977
4374,6,6,0.5426298975944519
4375,74,91,0.2959665060043335
4376,82,82,0.9383453726768494
4377,1,54,0.1913474202156067
4378,97,64,0.1374284327030182
4379,12,17,0.13110388815402985
4380,79,56,0.08202490210533142
4381,49,17,0.3028136193752289
4382,94,35,0.16427364945411682
4383,39,39,0.20231834053993225
4384,25,87,0.27834567427635193
4385,98,29,0.13183331489562988
4386,10,31,0.1707756072282791
4387,58,89,0.3987712264060974
4388,79,21,0.1709243357181549
4389,54,39,0.09345480054616928
4390,64,50,0.08980273455381393
4391,1,8,0.4215308129787445
4392,24,24,0.3618335723876953
4393,46,46,0.6970607042312622
4394,51,51,0.15050454437732697
4395,45,25,0.21624308824539185
4396,70,54,0.4890511929988861
4397,29,42,0.3097313344478607
4398,96,17,0.35743969678878784
4399,2,2,0.44621673226356506
4400,7,24,0.5941674113273621
4401,95,14,0.12616004049777985
4402,27,27,0.1589556336402893
4403,83,53,0.2143140733242035
4404,89,89,0.4047582745552063
4405,7,33,0.1911080777645111
4406,52,52,0.3166653513908386
4407,24,24,0.46284568309783936
4408,49,49,0.4717525243759155
4409,5,94,0.2296460121870041
4410,80,66,0.1812727153301239
4411,53,84,0.1082456037402153
4412,75,75,0.3125191032886505
4413,55,31,0.11460002511739731
4414,14,93,0.18027740716934204
4415,15,68,0.3177448511123657
4416,69,68,0.17828287184238434
4417,51,43,0.15105044841766357
4418,24,24,0.34727203845977783
4419,19,8,0.5223209857940674
4420,2,2,0.3519715666770935
4421,68,68,0.48462456464767456
4422,24,24,0.22477735579013824
4423,75,89,0.35174599289894104
4424,75,75,0.4116770327091217
4425,41,41,0.8407672643661499
4426,13,7,0.10635074228048325
4427,44,90,0.0780523419380188
4428,41,47,0.07783082127571106
4429,31,42,0.09574577212333679
4430,74,51,0.17325930297374725
4431,18,18,0.19614721834659576
4432,43,43,0.2779428958892822
4433,0,0,0.5680885910987854
4434,13,45,0.19768784940242767
4435,15,32,0.3326462209224701
4436,7,18,0.2023327797651291
4437,17,17,0.7492972016334534
4438,83,56,0.21672770380973816
4439,92,64,0.11878221482038498
4440,79,79,0.2784242630004883
4441,34,42,0.15571948885917664
4442,74,6,0.08158768713474274
4443,86,86,0.9775791764259338
4444,20,20,0.6734510660171509
4445,50,26,0.07748419046401978
4446,72,15,0.12266138195991516
4447,14,91,0.08731897175312042
4448,86,69,0.20631861686706543
4449,88,81,0.1485804319381714
4450,98,46,0.12016844004392624
4451,4,50,0.07139614224433899
4452,77,43,0.12533046305179596
4453,1,70,0.34500181674957275
4454,79,99,0.06941793113946915
4455,12,26,0.07542852312326431
4456,87,87,0.7791480422019958
4457,78,99,0.13221091032028198
4458,65,65,0.18256905674934387
4459,1,70,0.23000101745128632
4460,59,52,0.5026544332504272
4461,48,48,0.29485875368118286
4462,83,18,0.10449202358722687
4463,58,13,0.3683048486709595
4464,13,86,0.09582462161779404
4465,56,96,0.5580664873123169
4466,94,94,0.4456048309803009
4467,50,86,0.26019275188446045
4468,13,13,0.5811052918434143
4469,55,34,0.07130462676286697
4470,97,8,0.2213510423898697
4471,10,10,0.6139607429504395
4472,7,7,0.5366824269294739
4473,21,83,0.18641816079616547
4474,19,19,0.23802557587623596
4475,22,22,0.5657404065132141
4476,54,46,0.08470534533262253
4477,75,75,0.6281967759132385
4478,75,75,0.6338111162185669
4479,27,73,0.6411543488502502
4480,5,25,0.28258946537971497
4481,75,75,0.19024190306663513
4482,6,18,0.16450268030166626
4483,75,90,0.1494823843240738
4484,35,11,0.2569860517978668
4485,19,8,0.16545172035694122
4486,79,33,0.09488730877637863
4487,48,6,0.4952433407306671
4488,18,7,0.14294886589050293
4489,12,71,0.2865375876426697
4490,32,56,0.1531035453081131
4491,3,38,0.10028184950351715
4492,60,60,0.4400932490825653
4493,65,1,0.1937461942434311
4494,85,90,0.26993682980537415
4495,77,78,0.16364368796348572
4496,43,43,0.43217453360557556
4497,65,59,0.1169179156422615
4498,85,8,0.18948960304260254
4499,96,47,0.5403763651847839
4500,98,9,0.7268498539924622
4501,66,3,0.11161410063505173
4502,62,82,0.28989794850349426
4503,73,73,0.4466792643070221
4504,83,14,0.3874341547489166
4505,65,64,0.10791067034006119
4506,58,13,0.4408910870552063
4507,12,17,0.2959277331829071
4508,19,37,0.3565172553062439
4509,38,85,0.1311579942703247
4510,27,12,0.26753970980644226
4511,81,87,0.5755414962768555
4512,21,8,0.25010040402412415
4513,29,29,0.9036803245544434
4514,51,44,0.07846754044294357
4515,58,58,0.7921508550643921
4516,88,64,0.1518307328224182
4517,89,37,0.15413698554039001
4518,5,12,0.2199477106332779
4519,15,57,0.15222039818763733
4520,10,0,0.30538755655288696
4521,37,48,0.39026740193367004
4522,95,73,0.717973530292511
4523,50,23,0.0800594836473465
4524,30,69,0.27032580971717834
4525,74,94,0.3666110634803772
4526,98,46,0.10881756991147995
4527,33,68,0.41358691453933716
4528,40,5,0.10119688510894775
4529,50,84,0.10304298251867294
4530,52,96,0.5096084475517273
4531,14,51,0.20902471244335175
4532,63,31,0.32727500796318054
4533,72,55,0.16795004904270172
4534,53,53,0.5681691765785217
4535,91,91,0.9734522700309753
4536,81,13,0.5675534605979919
4537,73,99,0.09590800851583481
4538,16,20,0.1896171122789383
4539,32,27,0.06968750059604645
4540,90,23,0.17811799049377441
4541,33,33,0.3365440368652344
4542,52,52,0.5477585792541504
4543,41,70,0.25402897596359253
4544,11,35,0.3012737035751343
4545,38,43,0.35610607266426086
4546,14,7,0.3993328809738159
4547,56,75,0.31179264187812805
4548,43,97,0.21111522614955902
4549,80,51,0.17140239477157593
4550,65,3,0.11772806942462921
4551,46,79,0.18850918114185333
4552,92,70,0.2220391035079956
4553,52,52,0.5078341960906982
4554,75,75,0.774849534034729
4555,78,15,0.1447494477033615
4556,60,60,0.7396090030670166
4557,70,70,0.5073767304420471
4558,36,26,0.26278257369995117
4559,19,72,0.04564450681209564
4560,2,35,0.2000260204076767
4561,8,97,0.15497633814811707
4562,61,61,0.538909375667572
4563,55,17,0.33477985858917236
4564,24,24,0.26972541213035583
4565,47,47,0.2875480353832245
4566,30,95,0.15579794347286224
4567,70,70,0.5821368098258972
4568,25,5,0.5733058452606201
4569,7,89,0.13959184288978577
4570,28,65,0.12734700739383698
4571,67,73,0.6457624435424805
4572,53,26,0.11681579798460007
4573,28,28,0.19212892651557922
4574,11,36,0.15761815011501312
4575,54,54,0.20728492736816406
4576,74,42,0.20582373440265656
4577,66,97,0.14362171292304993
4578,41,41,0.6550270915031433
4579,4,86,0.18301449716091156
4580,95,95,0.6169915795326233
4581,47,47,0.9241383671760559
4582,52,52,0.4186182916164398
4583,59,82,0.281581848859787
4584,68,68,0.19550073146820068
4585,21,21,0.1351124346256256
4586,13,48,0.11506699025630951
4587,62,92,0.357977032661438
4588,58,58,0.6443470120429993
4589,92,25,0.1911870390176773
4590,18,41,0.10941170901060104
4591,24,24,0.6361575126647949
4592,30,27,0.11380200833082199
4593,78,38,0.1588229537010193
4594,14,32,0.416827529668808
4595,86,86,0.6373463869094849
4596,78,99,0.10857047885656357
4597,76,49,0.16457849740982056
4598,68,68,0.8511518836021423
4599,56,42,0.13872182369232178
4600,70,62,0.5227607488632202
4601,31,93,0.3033815026283264
4602,97,97,0.8254871368408203
4603,72,34,0.09433396905660629
4604,7,18,0.15557903051376343
4605,84,75,0.13527658581733704
4606,43,88,0.12952671945095062
4607,61,61,0.40432989597320557
4608,33,33,0.160413458943367
4609,42,42,0.5331352949142456
4610,89,89,0.6732205152511597
4611,42,42,0.34943532943725586
4612,38,26,0.1831178516149521
4613,92,0,0.23153041303157806
4614,24,95,0.3704761862754822
4615,49,60,0.4419722557067871
4616,7,75,0.30307134985923767
4617,52,52,0.6452613472938538
4618,66,97,0.19634243845939636
4619,99,22,0.1741616129875183
4620,96,59,0.1679987758398056
4621,34,42,0.1820835918188095
4622,14,92,0.08389056473970413
4623,11,42,0.14470656216144562
4624,92,62,0.18406878411769867
4625,29,29,0.2775934338569641
4626,4,63,0.2507511377334595
4627,3,74,0.1711486577987671
4628,55,72,0.16970974206924438
4629,61,61,0.4719025194644928
4630,90,44,0.1465684473514557
4631,94,94,0.3891826272010803
4632,29,56,0.24670156836509705
4633,90,81,0.6922938823699951
4634,43,64,0.196883887052536
4635,21,21,0.3786507844924927
4636,66,66,0.4391852021217346
4637,57,82,0.19123853743076324
4638,25,84,0.14882056415081024
4639,37,56,0.08797347545623779
4640,0,0,0.40905463695526123
4641,1,1,0.50466388463974
4642,56,69,0.4037165939807892
4643,30,67,0.5781255960464478
4644,80,3,0.31894925236701965
4645,93,72,0.15939025580883026
4646,8,88,0.13635151088237762
4647,23,39,0.15674245357513428
4648,98,15,0.12483609467744827
4649,64,45,0.10113900899887085
4650,69,95,0.41825050115585327
4651,68,68,0.8506306409835815
4652,72,72,0.25980687141418457
4653,1,18,0.1197381243109703
4654,35,35,0.09066010266542435
4655,92,34,0.16567711532115936
4656,22,13,0.3043612241744995
4657,52,52,0.7393592596054077
4658,90,89,0.19310137629508972
4659,91,1,0.3273571729660034
4660,37,17,0.1702135056257248
4661,71,71,0.20902515947818756
4662,27,91,0.12155407667160034
4663,89,89,0.5921676754951477
4664,28,38,0.31133148074150085
4665,56,15,0.13807760179042816
4666,0,14,0.21471428871154785
4667,79,97,0.1068996712565422
4668,20,5,0.33107617497444153
4669,18,33,0.2613995373249054
4670,39,68,0.5691690444946289
4671,79,79,0.5156170129776001
4672,45,51,0.6485652923583984
4673,96,96,0.38192057609558105
4674,68,42,0.12311125546693802
4675,24,24,0.20058630406856537
4676,0,45,0.23414811491966248
4677,42,33,0.130644291639328
4678,81,58,0.2624139189720154
4679,80,79,0.1265953630208969
4680,81,81,0.5617685914039612
4681,87,46,0.15597906708717346
4682,33,68,0.20506903529167175
4683,9,9,0.39999645948410034
4684,46,83,0.20708629488945007
4685,59,33,0.310641884803772
4686,7,7,0.38350021839141846
4687,64,64,0.12742845714092255
4688,70,11,0.13736598193645477
4689,25,25,0.2924315631389618
4690,46,46,0.36753758788108826
4691,89,89,0.3759918510913849
4692,93,21,0.18976612389087677
4693,58,58,0.3495142161846161
4694,37,37,0.24144470691680908
4695,91,91,0.7436466217041016
4696,3,42,0.12385959178209305
4697,57,57,0.7109142541885376
4698,75,9,0.2585963308811188
4699,5,54,0.7403593063354492
4700,80,74,0.12114503979682922
4701,70,70,0.47083780169487
4702,64,42,0.1760989874601364
4703,34,34,0.2522519528865814
4704,22,48,0.31760939955711365
4705,54,54,0.47465574741363525
4706,34,33,0.09902912378311157
4707,32,80,0.1324966549873352
4708,9,72,0.3898301422595978
4709,31,8,0.2016720473766327
4710,77,88,0.1219603568315506
4711,43,43,0.39230501651763916
4712,33,33,0.6104128360748291
4713,79,2,0.08971954882144928
4714,63,31,0.27628931403160095
4715,63,3,0.12137547880411148
4716,1,64,0.11499623209238052
4717,99,91,0.2917495667934418
4718,27,81,0.08665318042039871
4719,12,33,0.42693576216697693
4720,74,42,0.14265595376491547
4721,93,45,0.075785793364048
4722,20,20,0.6710809469223022
4723,60,94,0.32671085000038147
4724,66,48,0.19442801177501678
4725,40,9,0.2271224856376648
4726,59,33,0.4125228822231293
4727,92,88,0.2132073938846588
4728,46,56,0.14756909012794495
4729,47,47,0.4911300837993622
4730,52,52,0.4838689863681793
4731,89,89,0.438777357339859
4732,6,7,0.3601982891559601
4733,93,63,0.43464744091033936
4734,94,94,0.19414938986301422
4735,54,54,0.6402760744094849
4736,15,47,0.17492569983005524
4737,96,96,0.2897215485572815
4738,79,93,0.09032052010297775
4739,49,39,0.2100663185119629
4740,13,81,0.31000667810440063
4741,41,41,0.9245350360870361
4742,14,88,0.11381196230649948
4743,30,30,0.5501329898834229
4744,76,76,0.6418584585189819
4745,21,74,0.1066402941942215
4746,82,82,0.914456844329834
4747,52,52,0.37621527910232544
4748,79,27,0.0764731764793396
4749,4,74,0.10731784254312515
4750,46,35,0.36185845732688904
4751,14,88,0.21291624009609222
4752,43,43,0.4590778350830078
4753,32,89,0.21222801506519318
4754,34,38,0.1696321964263916
4755,83,24,0.2158793807029724
4756,13,89,0.2715228796005249
4757,19,19,0.12607339024543762
4758,31,31,0.1662311553955078
4759,67,67,0.6381104588508606
4760,0,70,0.2127339094877243
4761,95,28,0.5049203038215637
4762,32,29,0.10520009696483612
4763,33,12,0.31011486053466797
4764,71,23,0.34693074226379395
4765,8,8,0.8050395846366882
4766,64,36,0.14954331517219543
4767,53,10,0.20190183818340302
4768,47,96,0.3330203592777252
4769,22,90,0.08460986614227295
4770,30,30,0.2413565069437027
4771,22,22,0.17698834836483002
4772,7,26,0.19682669639587402
4773,84,5,0.3019454777240753
4774,56,17,0.6127500534057617
4775,92,18,0.1159856840968132
4776,30,95,0.4875440001487732
4777,23,23,0.10402411967515945
4778,63,63,0.09646864980459213
4779,22,80,0.06883683800697327
4780,57,22,0.29386723041534424
4781,24,24,0.7315336465835571
4782,23,23,0.3678205609321594
4783,32,97,0.12047658115625381
4784,72,12,0.5663344860076904
4785,82,82,0.3226702809333801
4786,64,64,0.18975549936294556
4787,43,43,0.2057395577430725
4788,13,58,0.5267904996871948
4789,98,35,0.1857573240995407
4790,26,47,0.4796755313873291
4791,55,3,0.2135019302368164
4792,83,57,0.16009046137332916
4793,12,12,0.428297758102417
4794,76,76,0.47921544313430786
4795,47,47,0.4023250639438629
4796,24,24,0.9180361032485962
4797,92,62,0.2645651400089264
4798,40,91,0.1327783614397049
4799,86,86,0.2593466639518738
4800,39,39,0.3026081919670105
4801,31,19,0.18282580375671387
4802,37,13,0.273380845785141
4803,71,71,0.4717109799385071
4804,39,45,0.13562825322151184
4805,72,67,0.34151560068130493
4806,87,20,0.1462824046611786
4807,17,12,0.18938817083835602
4808,13,41,0.14066454768180847
4809,39,1,0.2362484484910965
4810,35,73,0.07468359917402267
4811,54,54,0.12293657660484314
4812,88,88,0.21384944021701813
4813,1,36,0.1639396995306015
4814,61,61,0.7382534146308899
4815,24,24,0.41294172406196594
4816,69,23,0.45836156606674194
4817,4,86,0.07455528527498245
4818,9,87,0.25242969393730164
4819,98,21,0.2334257960319519
4820,74,63,0.14085401594638824
4821,58,86,0.16672056913375854
4822,76,76,0.3022218644618988
4823,96,25,0.2817801237106323
4824,4,87,0.17360836267471313
4825,84,84,0.1455303430557251
4826,30,95,0.6065112352371216
4827,88,33,0.1565408855676651
4828,79,79,0.5392454266548157
4829,5,23,0.22322340309619904
4830,10,16,0.25029680132865906
4831,33,47,0.08924874663352966
4832,54,7,0.08163478970527649
4833,36,34,0.13737891614437103
4834,46,14,0.1171252653002739
4835,6,6,0.21845224499702454
4836,46,35,0.2854764759540558
4837,86,86,0.41920900344848633
4838,39,81,0.305722713470459
4839,83,83,0.1834416538476944
4840,77,26,0.12199018150568008
4841,69,23,0.4844931364059448
4842,65,43,0.27906641364097595
4843,14,22,0.16774412989616394
4844,33,33,0.21678225696086884
4845,61,61,0.8333672285079956
4846,35,91,0.14557114243507385
4847,20,39,0.12683475017547607
4848,9,9,0.4955274164676666
4849,37,37,0.47014471888542175
4850,63,85,0.23091278970241547
4851,82,82,0.8393918871879578
4852,46,58,0.11922022700309753
4853,72,80,0.06521139293909073
4854,77,77,0.12354094535112381
4855,16,83,0.42901691794395447
4856,64,43,0.20987273752689362
4857,46,46,0.32157862186431885
4858,23,23,0.3938068449497223
4859,22,22,0.32484331727027893
4860,75,75,0.7718860507011414
4861,78,31,0.06594842672348022
4862,46,84,0.17647379636764526
4863,10,1,0.127793550491333
4864,85,85,0.5605674982070923
4865,7,89,0.15223923325538635
4866,68,68,0.8475415110588074
4867,31,26,0.13939833641052246
4868,91,91,0.7934786081314087
4869,28,99,0.12353385239839554
4870,58,75,0.29816702008247375
4871,55,6,0.0628071278333664
4872,91,91,0.9583606123924255
4873,19,19,0.3892560601234436
4874,59,47,0.18970809876918793
4875,44,79,0.283995121717453
4876,98,2,0.1603153496980667
4877,27,84,0.12201015651226044
4878,34,61,0.056159306317567825
4879,17,17,0.24512067437171936
4880,25,87,0.6369860768318176
4881,58,86,0.2573346495628357
4882,29,38,0.13965797424316406
4883,85,85,0.21870309114456177
4884,85,27,0.1281529814004898
4885,25,5,0.18671917915344238
4886,35,36,0.08430593460798264
4887,12,45,0.1515347957611084
4888,8,59,0.357209175825119
4889,34,60,0.20011746883392334
4890,16,16,0.9474111795425415
4891,86,87,0.11891966313123703
4892,48,48,0.2925233840942383
4893,49,49,0.5441355109214783
4894,15,84,0.1334933340549469
4895,55,8,0.14831021428108215
4896,53,54,0.2612016499042511
4897,99,39,0.31157228350639343
4898,66,13,0.13484203815460205
4899,26,10,0.33016544580459595
4900,88,51,0.21981306374073029
4901,64,37,0.17491182684898376
4902,87,87,0.8472844362258911
4903,41,63,0.2812795341014862
4904,17,17,0.25142645835876465
4905,40,7,0.23444604873657227
4906,6,6,0.11503775417804718
4907,55,97,0.13800571858882904
4908,8,7,0.7209473848342896
4909,95,95,0.4648068845272064
4910,94,25,0.14874276518821716
4911,3,52,0.17385274171829224
4912,2,83,0.2945879101753235
4913,56,56,0.8063817024230957
4914,66,66,0.5190181136131287
4915,4,85,0.2110307663679123
4916,68,60,0.6526467800140381
4917,11,35,0.36615899205207825
4918,20,20,0.8981180787086487
4919,49,76,0.2832440435886383
4920,23,23,0.5307192802429199
4921,72,51,0.14945660531520844
4922,16,10,0.10109788179397583
4923,0,57,0.8377675414085388
4924,86,28,0.18833938241004944
4925,59,47,0.16980864107608795
4926,93,44,0.11813310533761978
4927,48,48,0.6362091302871704
4928,40,40,0.10562943667173386
4929,33,38,0.11822094023227692
4930,17,39,0.06288973987102509
4931,52,59,0.3683978021144867
4932,54,51,0.43610531091690063
4933,94,94,0.29895296692848206
4934,87,87,0.23415987193584442
4935,77,63,0.12597033381462097
4936,79,44,0.08084765821695328
4937,5,87,0.3045618236064911
4938,91,23,0.3287864625453949
4939,28,1,0.17525683343410492
4940,30,67,0.365392804145813
4941,7,7,0.4592263698577881
4942,25,75,0.21687869727611542
4943,42,18,0.0812784731388092
4944,75,41,0.8267675042152405
4945,31,63,0.12858544290065765
4946,14,33,0.45092153549194336
4947,94,94,0.913851261138916
4948,57,57,0.468408465385437
4949,63,97,0.19078660011291504
4950,81,90,0.2756541073322296
4951,4,95,0.3104586601257324
4952,99,30,0.29416799545288086
4953,45,45,0.1692061722278595
4954,32,32,0.46603521704673767
4955,11,98,0.16243024170398712
4956,9,84,0.12781421840190887
4957,59,96,0.37789228558540344
4958,81,41,0.3433937430381775
4959,40,56,0.47767165303230286
4960,48,28,0.121330127120018
4961,6,6,0.2841106355190277
4962,98,35,0.1437760889530182
4963,70,83,0.3240688443183899
4964,93,97,0.08875226229429245
4965,0,0,0.6205261945724487
4966,14,24,0.40251919627189636
4967,49,49,0.4500190019607544
4968,51,19,0.1918451339006424
4969,4,90,0.09519567340612411
4970,14,26,0.1977958232164383
4971,42,42,0.4051225185394287
4972,80,77,0.116275854408741
4973,68,68,0.6805168390274048
4974,78,24,0.5020797252655029
4975,47,47,0.8867010474205017
4976,31,66,0.19826065003871918
4977,62,70,0.18056689202785492
4978,62,0,0.30562227964401245
4979,90,48,0.1310216337442398
4980,8,42,0.3853515684604645
4981,9,89,0.13131335377693176
4982,51,51,0.3135245442390442
4983,91,91,0.3322088420391083
4984,80,51,0.142572283744812
4985,79,79,0.487565815448761
4986,22,86,0.4375159442424774
4987,18,96,0.24350222945213318
4988,61,61,0.44388794898986816
4989,62,57,0.2599116861820221
4990,54,54,0.5040051937103271
4991,34,1,0.16258056461811066
4992,42,42,0.20577116310596466
4993,33,33,0.3807968199253082
4994,16,97,0.1336662322282791
4995,99,0,0.4998418092727661
4996,99,35,0.15726736187934875
4997,27,58,0.23713071644306183
4998,13,85,0.24639742076396942
4999,39,39,0.6303529143333435
5000,56,56,0.30766865611076355
5001,53,70,0.23244309425354004
5002,82,82,0.5799406170845032
5003,48,14,0.4370497465133667
5004,76,76,0.20683416724205017
5005,82,82,0.933418333530426
5006,49,49,0.33006542921066284
5007,40,29,0.40288418531417847
5008,58,13,0.3826974928379059
5009,58,19,0.4025952219963074
5010,28,65,0.17231710255146027
5011,37,17,0.23856425285339355
5012,38,31,0.14103101193904877
5013,93,44,0.08336534351110458
5014,68,68,0.6764086484909058
5015,13,13,0.42954888939857483
5016,42,89,0.17338061332702637
5017,35,54,0.18844817578792572
5018,68,68,0.9726492762565613
5019,47,88,0.16151481866836548
5020,13,12,0.22375667095184326
5021,91,1,0.3869459629058838
5022,53,84,0.22805127501487732
5023,23,23,0.6889501810073853
5024,29,25,0.1121101975440979
5025,89,89,0.31153979897499084
5026,35,35,0.34172138571739197
5027,43,43,0.3937901258468628
5028,62,54,0.5291807651519775
5029,15,31,0.301972895860672
5030,9,9,0.8991714715957642
5031,97,79,0.21453474462032318
5032,15,10,0.23350420594215393
5033,44,42,0.18819068372249603
5034,75,77,0.0914071798324585
5035,84,13,0.3050803244113922
5036,33,89,0.18657061457633972
5037,41,41,0.6305449604988098
5038,6,19,0.13342738151550293
5039,71,71,0.5844619870185852
5040,78,63,0.05096258595585823
5041,17,17,0.3711847960948944
5042,76,76,0.42235177755355835
5043,78,21,0.3500764071941376
5044,88,88,0.2079451084136963
5045,49,60,0.2890639901161194
5046,35,46,0.2610166668891907
5047,54,51,0.19407443702220917
5048,86,87,0.6484745740890503
5049,12,52,0.2653258442878723
5050,74,7,0.07027669996023178
5051,80,74,0.09337005764245987
5052,33,33,0.21033863723278046
5053,49,47,0.21612510085105896
5054,5,72,0.07790804654359818
5055,63,66,0.13092057406902313
5056,78,8,0.2400878220796585
5057,41,55,0.13474366068840027
5058,36,22,0.5486764311790466
5059,37,80,0.18521246314048767
5060,66,97,0.26820915937423706
5061,98,20,0.2289848029613495
5062,76,76,0.30609655380249023
5063,8,8,0.1677362322807312
5064,13,13,0.3434993028640747
5065,53,45,0.20583617687225342
5066,87,81,0.27975428104400635
5067,19,19,0.10353701561689377
5068,38,56,0.1163673922419548
5069,18,51,0.1262352615594864
5070,32,32,0.8762744665145874
5071,88,79,0.2814110517501831
5072,4,4,0.06767094880342484
5073,78,45,0.10041727125644684
5074,99,86,0.33540523052215576
5075,75,89,0.05855071544647217
5076,21,21,0.16823597252368927
5077,74,59,0.11424785852432251
5078,97,97,0.23753122985363007
5079,75,93,0.10380936414003372
5080,64,34,0.087883859872818
5081,52,81,0.3350352644920349
5082,94,84,0.23151518404483795
5083,10,61,0.5067757964134216
5084,34,19,0.1156918928027153
5085,14,34,0.3327246308326721
5086,21,8,0.2942538559436798
5087,61,63,0.18364465236663818
5088,1,63,0.11532220244407654
5089,80,55,0.0858406350016594
5090,21,21,0.21042400598526
5091,81,90,0.136414036154747
5092,98,35,0.273844450712204
5093,69,5,0.1496330201625824
5094,52,52,0.6816257238388062
5095,63,79,0.10132806748151779
5096,20,20,0.6512795090675354
5097,91,91,0.3009498119354248
5098,68,68,0.8783543109893799
5099,64,43,0.12438548356294632
5100,76,76,0.9651535749435425
5101,5,36,0.15479613840579987
5102,9,56,0.2575801908969879
5103,43,19,0.3156410753726959
5104,49,30,0.49682536721229553
5105,55,26,0.17391237616539001
5106,55,74,0.1776270568370819
5107,32,26,0.17518970370292664
5108,83,82,0.48351186513900757
5109,42,42,0.597592830657959
5110,58,87,0.16916832327842712
5111,44,51,0.1982652097940445
5112,48,89,0.38060444593429565
5113,15,64,0.17793531715869904
5114,48,48,0.1656797230243683
5115,17,12,0.2711242139339447
5116,28,28,0.4422433078289032
5117,35,22,0.44302403926849365
5118,11,84,0.1727866530418396
5119,15,17,0.2303192913532257
5120,21,21,0.7060818672180176
5121,81,87,0.1924375295639038
5122,59,59,0.3143596351146698
5123,14,14,0.17200474441051483
5124,37,37,0.22453425824642181
5125,75,21,0.30377820134162903
5126,2,23,0.3101896643638611
5127,10,99,0.11557429283857346
5128,19,27,0.06146368384361267
5129,58,89,0.27715227007865906
5130,90,90,0.397622287273407
5131,43,2,0.18554425239562988
5132,3,31,0.4393148422241211
5133,71,12,0.15951678156852722
5134,23,71,0.2673361003398895
5135,28,97,0.22053839266300201
5136,68,12,0.3410585820674896
5137,80,17,0.624394953250885
5138,61,26,0.32394152879714966
5139,87,22,0.09150367230176926
5140,25,32,0.13314825296401978
5141,89,89,0.21125678718090057
5142,42,42,0.1910955011844635
5143,74,7,0.11658129841089249
5144,91,13,0.22013261914253235
5145,47,47,0.8537914156913757
5146,5,5,0.35950416326522827
5147,22,11,0.15743619203567505
5148,6,45,0.13118107616901398
5149,58,13,0.3843313753604889
5150,91,63,0.3635709881782532
5151,61,61,0.7742757201194763
5152,91,32,0.3334881663322449
5153,71,30,0.14310897886753082
5154,74,24,0.15124905109405518
5155,82,26,0.21578368544578552
5156,66,7,0.3133135437965393
5157,30,30,0.3690696358680725
5158,47,47,0.9811546206474304
5159,38,28,0.11046705394983292
5160,45,45,0.07362289726734161
5161,54,54,0.2409316599369049
5162,48,48,0.8429484963417053
5163,13,13,0.4920336604118347
5164,85,85,0.2482549399137497
5165,3,27,0.15571360290050507
5166,28,27,0.10454976558685303
5167,21,59,0.08607996255159378
5168,44,10,0.09937503188848495
5169,27,85,0.28216424584388733
5170,0,1,0.3249463140964508
5171,8,8,0.676323652267456
5172,28,28,0.7211218476295471
5173,27,30,0.37771499156951904
5174,98,47,0.2812924385070801
5175,48,45,0.19406482577323914
5176,81,89,0.41982290148735046
5177,36,34,0.24056515097618103
5178,29,43,0.09165152907371521
5179,86,41,0.19374608993530273
5180,19,34,0.144756019115448
5181,82,33,0.1662956029176712
5182,89,33,0.06983621418476105
5183,35,2,0.21151834726333618
5184,13,13,0.6265421509742737
5185,42,42,0.4033362865447998
5186,60,60,0.7303873896598816
5187,69,69,0.6824449896812439
5188,12,68,0.30613529682159424
5189,89,89,0.5350510478019714
5190,50,32,0.13211409747600555
5191,24,24,0.5998121500015259
5192,49,49,0.33087217807769775
5193,12,69,0.13419979810714722
5194,71,71,0.579146146774292
5195,25,89,0.11514800786972046
5196,71,71,0.4781479835510254
5197,46,98,0.275094211101532
5198,14,4,0.23495031893253326
5199,88,88,0.1620960235595703
5200,64,45,0.1267203539609909
5201,13,59,0.209558367729187
5202,25,25,0.4019385576248169
5203,11,20,0.14590442180633545
5204,44,41,0.5056400299072266
5205,17,17,0.401309072971344
5206,18,77,0.13214506208896637
5207,74,75,0.27280211448669434
5208,75,3,0.12187071889638901
5209,14,18,0.3179659843444824
5210,42,8,0.1447933465242386
5211,83,57,0.27460312843322754
5212,60,90,0.3440399765968323
5213,30,39,0.10737086087465286
5214,57,24,0.692352831363678
5215,94,16,0.3927815556526184
5216,48,56,0.20895707607269287
5217,75,75,0.11269088834524155
5218,15,14,0.0613878108561039
5219,51,97,0.17490701377391815
5220,93,91,0.10656967014074326
5221,93,30,0.545138418674469
5222,41,7,0.15233267843723297
5223,52,52,0.7369244694709778
5224,52,52,0.3235001862049103
5225,12,49,0.3421969413757324
5226,64,43,0.21074436604976654
5227,87,87,0.21125534176826477
5228,99,73,0.4349423050880432
5229,86,16,0.18381893634796143
5230,5,84,0.14420345425605774
5231,42,42,0.4014812111854553
5232,71,68,0.4224978983402252
5233,64,4,0.07807649672031403
5234,99,95,0.18648497760295868
5235,49,56,0.259870707988739
5236,22,22,0.35517069697380066
5237,52,52,0.3545003831386566
5238,59,96,0.25353869795799255
5239,5,5,0.23562102019786835
5240,60,60,0.9252011179924011
5241,71,71,0.49540168046951294
5242,72,56,0.0965280532836914
5243,74,74,0.23500792682170868
5244,19,7,0.14038804173469543
5245,56,56,0.8955584168434143
5246,24,24,0.198221355676651
5247,30,27,0.09550794214010239
5248,76,76,0.615774393081665
5249,15,5,0.08443551510572433
5250,39,70,0.29911699891090393
5251,16,16,0.6607667207717896
5252,21,51,0.09272680431604385
5253,15,43,0.15472060441970825
5254,38,88,0.10706503689289093
5255,30,46,0.12230770289897919
5256,55,30,0.09856679290533066
5257,98,89,0.17008724808692932
5258,25,51,0.06516455113887787
5259,40,69,0.4909118115901947
5260,82,82,0.9521220922470093
5261,3,88,0.28292715549468994
5262,67,73,0.15301179885864258
5263,47,52,0.5666537880897522
5264,71,71,0.573065459728241
5265,52,47,0.2979998290538788
5266,47,59,0.3351461589336395
5267,60,17,0.1298283040523529
5268,55,28,0.08276954293251038
5269,16,84,0.2535286247730255
5270,61,61,0.4701797664165497
5271,36,36,0.5280558466911316
5272,90,90,0.20825131237506866
5273,32,85,0.1760672628879547
5274,21,14,0.1330455094575882
5275,30,23,0.2769058048725128
5276,78,77,0.09911660850048065
5277,43,43,0.07021306455135345
5278,81,13,0.20341509580612183
5279,88,42,0.20509716868400574
5280,49,49,0.22774583101272583
5281,96,33,0.3533679246902466
5282,10,62,0.4245798885822296
5283,95,73,0.6949488520622253
5284,33,33,0.7771580815315247
5285,15,32,0.08608094602823257
5286,85,85,0.2362002432346344
5287,89,89,0.32639041543006897
5288,79,79,0.2577345371246338
5289,26,54,0.15071874856948853
5290,18,79,0.22165833413600922
5291,97,64,0.09923750162124634
5292,14,45,0.24754752218723297
5293,15,97,0.10644460469484329
5294,16,85,0.12802566587924957
5295,75,24,0.1496259868144989
5296,6,6,0.2904331088066101
5297,92,82,0.7311791181564331
5298,88,88,0.21590732038021088
5299,64,86,0.14525550603866577
5300,54,92,0.12021396309137344
5301,71,71,0.41598355770111084
5302,6,6,0.46272584795951843
5303,96,96,0.27299878001213074
5304,8,8,0.7918214797973633
5305,67,73,0.4258999824523926
5306,0,0,0.6166059970855713
5307,78,74,0.1603078842163086
5308,92,28,0.1896776407957077
5309,57,0,0.45946258306503296
5310,66,90,0.1048603281378746
5311,48,37,0.34990230202674866
5312,67,34,0.2315545380115509
5313,60,60,0.6097234487533569
5314,89,89,0.9819207787513733
5315,16,16,0.24469858407974243
5316,42,42,0.6949023008346558
5317,58,89,0.335650771856308
5318,61,2,0.05793340504169464
5319,22,70,0.36749768257141113
5320,75,75,0.8766677379608154
5321,37,37,0.4994674026966095
5322,3,56,0.12073344737291336
5323,60,60,0.6270998120307922
5324,9,40,0.2537823021411896
5325,27,84,0.06538325548171997
5326,83,45,0.27140140533447266
5327,89,56,0.12415441125631332
5328,42,26,0.1916343867778778
5329,88,97,0.17957791686058044
5330,44,47,0.19721192121505737
5331,2,43,0.22966575622558594
5332,62,92,0.28298819065093994
5333,94,16,0.14834751188755035
5334,32,50,0.09543341398239136
5335,95,56,0.6931324005126953
5336,66,15,0.08504264056682587
5337,8,8,0.30035600066185
5338,40,46,0.1010025143623352
5339,44,93,0.11409874260425568
5340,45,1,0.08988287299871445
5341,26,81,0.07391101121902466
5342,48,48,0.24936571717262268
5343,87,98,0.08382818102836609
5344,59,59,0.4869467318058014
5345,35,46,0.2074642777442932
5346,61,10,0.26841476559638977
5347,64,79,0.13599015772342682
5348,43,26,0.1355961263179779
5349,25,5,0.2613672912120819
5350,48,48,0.8026231527328491
5351,45,45,0.15169328451156616
5352,36,36,0.46892282366752625
5353,29,24,0.10221259295940399
5354,51,77,0.25876396894454956
5355,76,76,0.690973699092865
5356,74,42,0.17171642184257507
5357,61,61,0.9197091460227966
5358,56,32,0.09038310497999191
5359,55,86,0.17771531641483307
5360,44,42,0.17741556465625763
5361,50,43,0.11268270760774612
5362,8,63,0.24238771200180054
5363,27,78,0.19065800309181213
5364,22,9,0.12300457805395126
5365,61,61,0.8264704346656799
5366,77,33,0.2435178905725479
5367,85,75,0.28950586915016174
5368,95,95,0.3102724254131317
5369,78,69,0.20792201161384583
5370,0,0,0.6581942439079285
5371,80,38,0.3070063292980194
5372,26,45,0.31733500957489014
5373,33,33,0.5774206519126892
5374,49,32,0.28465649485588074
5375,51,51,0.2633919417858124
5376,36,36,0.36921942234039307
5377,98,65,0.09489832818508148
5378,39,15,0.0662352591753006
5379,76,49,0.5895202159881592
5380,95,95,0.4344281256198883
5381,31,99,0.17317454516887665
5382,45,6,0.11855246126651764
5383,27,63,0.11914795637130737
5384,60,60,0.7031896114349365
5385,3,7,0.19734983146190643
5386,51,51,0.4562850594520569
5387,94,94,0.3049052357673645
5388,67,6,0.1660793274641037
5389,6,66,0.18753966689109802
5390,62,82,0.4879707098007202
5391,98,88,0.15512144565582275
5392,28,28,0.2664005160331726
5393,26,26,0.4254418611526489
5394,61,61,0.9569497108459473
5395,29,29,0.7630593776702881
5396,64,85,0.12176743149757385
5397,95,19,0.14738519489765167
5398,4,52,0.21720118820667267
5399,42,42,0.4039250910282135
5400,17,37,0.5072904825210571
5401,99,48,0.3106031119823456
5402,30,23,0.32270658016204834
5403,86,86,0.24388407170772552
5404,83,70,0.23684445023536682
5405,78,78,0.12359936535358429
5406,25,68,0.09769290685653687
5407,50,63,0.28537410497665405
5408,97,76,0.6216676831245422
5409,67,77,0.10802558064460754
5410,52,52,0.8333571553230286
5411,28,36,0.2306058257818222
5412,44,41,0.3552882969379425
5413,28,72,0.27223989367485046
5414,22,32,0.20076455175876617
5415,5,20,0.5244655609130859
5416,35,16,0.5764130353927612
5417,37,17,0.20647001266479492
5418,66,20,0.10130257904529572
5419,88,84,0.08463830500841141
5420,95,73,0.505659282207489
5421,1,1,0.5457467436790466
5422,57,16,0.09089852124452591
5423,12,12,0.6698437929153442
5424,44,45,0.17170093953609467
5425,97,97,0.1964205503463745
5426,78,85,0.5927684903144836
5427,7,14,0.22750124335289001
5428,94,94,0.6959775686264038
5429,85,85,0.8468477725982666
5430,48,48,0.6725780367851257
5431,16,16,0.9524745345115662
5432,85,12,0.13901299238204956
5433,63,63,0.24892160296440125
5434,59,52,0.41605615615844727
5435,70,54,0.26941320300102234
5436,62,62,0.20879852771759033
5437,58,58,0.5532029271125793
5438,54,82,0.43764758110046387
5439,60,60,0.8127151727676392
5440,9,9,0.5813542008399963
5441,44,18,0.18732047080993652
5442,23,49,0.3216690719127655
5443,71,73,0.24284467101097107
5444,10,6,0.2895846962928772
5445,89,89,0.8378990888595581
5446,31,31,0.15180866420269012
5447,67,73,0.31033796072006226
5448,56,56,0.790088951587677
5449,42,88,0.26305586099624634
5450,70,70,0.4629523754119873
5451,73,45,0.2725602090358734
5452,43,1,0.0767008513212204
5453,43,39,0.07994668185710907
5454,86,86,0.5815002918243408
5455,15,17,0.6030123829841614
5456,24,24,0.571016252040863
5457,84,8,0.13578535616397858
5458,42,42,0.09425549954175949
5459,60,17,0.22810621559619904
5460,48,48,0.3295237720012665
5461,19,15,0.23695123195648193
5462,93,49,0.2296828180551529
5463,16,61,0.5852494239807129
5464,30,39,0.1802995353937149
5465,13,17,0.36685144901275635
5466,21,3,0.28977543115615845
5467,78,8,0.17316856980323792
5468,68,71,0.2417028546333313
5469,48,8,0.22151286900043488
5470,56,52,0.7392409443855286
5471,74,42,0.2280709445476532
5472,42,43,0.32673758268356323
5473,20,20,0.7266774773597717
5474,14,62,0.07113397121429443
5475,78,41,0.16786494851112366
5476,62,62,0.3779829144477844
5477,76,76,0.29331734776496887
5478,42,34,0.14060652256011963
5479,28,10,0.20387005805969238
5480,74,74,0.11721663177013397
5481,78,28,0.0763319879770279
5482,28,28,0.9538336396217346
5483,27,44,0.07312970608472824
5484,51,19,0.12735393643379211
5485,83,62,0.2627187669277191
5486,48,48,0.12131176888942719
5487,79,79,0.6831457018852234
5488,67,73,0.37983793020248413
5489,43,79,0.22153209149837494
5490,90,8,0.2427033632993698
5491,18,77,0.1703394651412964
5492,40,63,0.13736532628536224
5493,88,88,0.33137068152427673
5494,15,15,0.12503066658973694
5495,89,89,0.6894517540931702
5496,0,0,0.6479504704475403
5497,80,66,0.15446607768535614
5498,95,55,0.14381980895996094
5499,59,33,0.23265528678894043
5500,67,72,0.16415099799633026
5501,57,64,0.0711248591542244
5502,64,64,0.10201309621334076
5503,55,21,0.1065627783536911
5504,72,4,0.34298771619796753
5505,39,39,0.447597861289978
5506,1,82,0.3409368693828583
5507,14,82,0.22891400754451752
5508,10,98,0.13348738849163055
5509,40,76,0.344320684671402
5510,66,42,0.1999368816614151
5511,32,32,0.6517795324325562
5512,11,62,0.13209883868694305
5513,4,67,0.12336713820695877
5514,54,54,0.5880805253982544
5515,14,37,0.08776964247226715
5516,15,15,0.3276897966861725
5517,84,84,0.4182525873184204
5518,7,7,0.2823448181152344
5519,15,31,0.6198189854621887
5520,70,70,0.5729358792304993
5521,45,70,0.16276627779006958
5522,28,39,0.29120275378227234
5523,27,44,0.11708275973796844
5524,36,36,0.43329787254333496
5525,31,31,0.11378553509712219
5526,80,37,0.13321897387504578
5527,16,22,0.10293296724557877
5528,59,96,0.3168078064918518
5529,6,6,0.4296770691871643
5530,19,29,0.42884600162506104
5531,87,87,0.7058727741241455
5532,15,47,0.2013961672782898
5533,81,8,0.17026406526565552
5534,25,34,0.14321528375148773
5535,98,98,0.13778021931648254
5536,2,50,0.07725589722394943
5537,68,68,0.6302965879440308
5538,47,47,0.7859593629837036
5539,18,77,0.18830931186676025
5540,66,63,0.24544014036655426
5541,66,78,0.09989745914936066
5542,17,85,0.2620736062526703
5543,65,96,0.179389089345932
5544,90,13,0.10857359319925308
5545,98,97,0.10241899639368057
5546,45,63,0.11072517186403275
5547,76,76,0.1974525898694992
5548,95,3,0.16590125858783722
5549,5,5,0.1268763393163681
5550,89,89,0.9674317836761475
5551,69,69,0.3501102328300476
5552,57,46,0.1363854557275772
5553,60,71,0.5045114159584045
5554,95,30,0.4024512767791748
5555,16,86,0.17241817712783813
5556,7,7,0.551307737827301
5557,52,47,0.2948329448699951
5558,6,82,0.8087121844291687
5559,7,24,0.38243556022644043
5560,67,73,0.47230833768844604
5561,60,60,0.8163056969642639
5562,67,63,0.13318994641304016
5563,52,52,0.4434370994567871
5564,2,57,0.08629736304283142
5565,94,88,0.4463382661342621
5566,25,84,0.2353922575712204
5567,23,23,0.566065788269043
5568,58,13,0.4087447226047516
5569,65,42,0.37075313925743103
5570,38,8,0.19465844333171844
5571,85,85,0.3715289235115051
5572,48,48,0.9680757522583008
5573,82,82,0.7251014113426208
5574,21,21,0.7079035639762878
5575,55,55,0.10621656477451324
5576,69,60,0.2198399305343628
5577,39,42,0.15556050837039948
5578,12,95,0.1385364681482315
5579,29,42,0.30051663517951965
5580,5,68,0.4784436523914337
5581,17,12,0.23787638545036316
5582,87,9,0.38786089420318604
5583,78,4,0.07925194501876831
5584,70,54,0.28343677520751953
5585,30,73,0.4538830816745758
5586,87,64,0.09148625284433365
5587,94,25,0.20381629467010498
5588,75,86,0.4631250500679016
5589,44,18,0.1400052011013031
5590,73,1,0.09958785772323608
5591,67,63,0.23905420303344727
5592,62,70,0.31138288974761963
5593,41,41,0.9336378574371338
5594,1,82,0.3604765832424164
5595,16,46,0.14881278574466705
5596,85,85,0.24110527336597443
5597,80,76,0.16880615055561066
5598,29,6,0.32030007243156433
5599,44,61,0.12144883722066879
5600,69,90,0.1392216831445694
5601,26,33,0.16050595045089722
5602,46,46,0.34126052260398865
5603,20,20,0.9463999271392822
5604,7,14,0.16525569558143616
5605,93,63,0.13924624025821686
5606,63,63,0.3659426271915436
5607,53,28,0.17193198204040527
5608,40,71,0.2652938961982727
5609,37,37,0.5365909337997437
5610,33,33,0.6520223021507263
5611,76,49,0.1250392198562622
5612,48,48,0.7402457594871521
5613,63,63,0.3317256271839142
5614,84,84,0.3321613371372223
5615,31,31,0.7765095829963684
5616,54,54,0.1838206648826599
5617,28,28,0.43626517057418823
5618,72,67,0.07206390798091888
5619,34,51,0.08381379395723343
5620,47,47,0.5799537897109985
5621,63,63,0.30268263816833496
5622,54,54,0.39696601033210754
5623,35,98,0.6763520240783691
5624,93,8,0.12422804534435272
5625,61,8,0.33166682720184326
5626,2,64,0.11602717638015747
5627,51,15,0.1087920218706131
5628,7,7,0.11115510016679764
5629,59,47,0.7901085019111633
5630,68,68,0.9154996275901794
5631,81,13,0.18184249103069305
5632,81,81,0.42168089747428894
5633,39,73,0.3848381042480469
5634,13,13,0.20345574617385864
5635,37,81,0.3405279219150543
5636,35,2,0.26735928654670715
5637,81,81,0.4117029309272766
5638,51,33,0.5852759480476379
5639,18,6,0.1137256771326065
5640,4,72,0.14819486439228058
5641,23,69,0.3724185824394226
5642,93,3,0.17612908780574799
5643,94,94,0.8976373672485352
5644,77,42,0.31948012113571167
5645,47,47,0.9633424878120422
5646,51,6,0.22607949376106262
5647,5,5,0.4316849112510681
5648,90,59,0.20234183967113495
5649,86,16,0.5110849738121033
5650,48,48,0.5210216045379639
5651,96,33,0.06825325638055801
5652,23,73,0.2817661464214325
5653,79,45,0.14128579199314117
5654,13,85,0.17059607803821564
5655,98,6,0.2954106628894806
5656,71,73,0.4020288288593292
5657,60,60,0.8555889129638672
5658,62,62,0.32333675026893616
5659,39,96,0.11695441603660583
5660,68,68,0.1740763634443283
5661,52,52,0.5468480587005615
5662,14,18,0.13168369233608246
5663,21,7,0.19634424149990082
5664,15,9,0.3626425862312317
5665,77,77,0.17285293340682983
5666,94,94,0.7008259892463684
5667,73,91,0.14894457161426544
5668,70,70,0.6476596593856812
5669,59,59,0.3719596862792969
5670,55,55,0.053769465535879135
5671,76,42,0.1303941011428833
5672,72,93,0.10570915043354034
5673,3,3,0.0847967118024826
5674,18,44,0.08450673520565033
5675,0,0,0.7313948273658752
5676,99,61,0.8557377457618713
5677,24,24,0.8833664059638977
5678,56,56,0.22207441926002502
5679,0,0,0.3655044436454773
5680,82,57,0.13266044855117798
5681,72,31,0.1921556442975998
5682,37,15,0.20824649930000305
5683,20,20,0.9598840475082397
5684,54,54,0.5372593402862549
5685,11,58,0.3125372529029846
5686,9,15,0.14141963422298431
5687,86,40,0.15681706368923187
5688,65,65,0.2528006434440613
5689,78,88,0.16794802248477936
5690,22,46,0.4239502251148224
5691,48,48,0.43630659580230713
5692,1,1,0.30043914914131165
5693,33,4,0.26234719157218933
5694,77,21,0.2016889601945877
5695,49,49,0.3805753290653229
5696,89,85,0.23018717765808105
5697,36,36,0.49415916204452515
5698,42,42,0.3073800802230835
5699,20,20,0.6648185849189758
5700,2,38,0.14181070029735565
5701,32,64,0.18370036780834198
5702,87,33,0.12585794925689697
5703,71,71,0.6305348873138428
5704,36,35,0.15854832530021667
5705,95,7,0.11777270585298538
5706,27,23,0.3393349051475525
5707,36,36,0.21480733156204224
5708,54,54,0.35982584953308105
5709,92,78,0.0673837810754776
5710,88,66,0.13452883064746857
5711,6,6,0.45162051916122437
5712,31,29,0.3147258758544922
5713,54,54,0.3733448386192322
5714,32,32,0.20214499533176422
5715,58,58,0.23195499181747437
5716,10,10,0.2087084949016571
5717,64,72,0.12162747234106064
5718,93,55,0.14602720737457275
5719,3,94,0.5368509292602539
5720,55,91,0.6827336549758911
5721,49,49,0.2871756851673126
5722,56,56,0.1943308413028717
5723,33,96,0.2657797634601593
5724,99,24,0.16429370641708374
5725,62,33,0.15524595975875854
5726,34,11,0.13236412405967712
5727,53,0,0.33931854367256165
5728,17,37,0.17706942558288574
5729,93,93,0.34117287397384644
5730,66,66,0.2472878396511078
5731,0,83,0.5002895593643188
5732,58,13,0.6634250283241272
5733,4,16,0.4637569785118103
5734,37,12,0.1665256917476654
5735,1,1,0.1224152073264122
5736,58,58,0.17689888179302216
5737,66,8,0.3305032551288605
5738,58,90,0.09585455805063248
5739,88,25,0.11414170265197754
5740,39,94,0.4110323190689087
5741,40,54,0.16601182520389557
5742,82,83,0.4564605951309204
5743,68,68,0.2934083640575409
5744,4,4,0.09800155460834503
5745,55,14,0.46560242772102356
5746,65,78,0.10516773909330368
5747,72,43,0.14623335003852844
5748,13,13,0.2072654515504837
5749,17,37,0.5657532811164856
5750,30,73,0.2875460386276245
5751,67,59,0.29460978507995605
5752,50,86,0.07643456757068634
5753,1,1,0.7257061004638672
5754,59,59,0.15321797132492065
5755,73,69,0.10194206982851028
5756,58,89,0.33952444791793823
5757,90,58,0.335833877325058
5758,56,43,0.11072295904159546
5759,44,44,0.14120110869407654
5760,16,45,0.14589712023735046
5761,32,43,0.12942467629909515
5762,15,57,0.17402084171772003
5763,90,90,0.4384844899177551
5764,99,78,0.1620374470949173
5765,56,56,0.14385096728801727
5766,40,40,0.6110132932662964
5767,63,4,0.23828072845935822
5768,22,94,0.505176842212677
5769,2,44,0.14732111990451813
5770,14,54,0.35872671008110046
5771,72,79,0.19719964265823364
5772,76,8,0.2700154185295105
5773,73,30,0.3378743827342987
5774,2,36,0.2898401916027069
5775,79,45,0.11510174721479416
5776,5,5,0.2111242711544037
5777,39,95,0.47293978929519653
5778,12,32,0.12484806030988693
5779,43,43,0.26616179943084717
5780,91,91,0.4363228976726532
5781,97,88,0.13280422985553741
5782,80,22,0.11740536987781525
5783,65,65,0.14331793785095215
5784,62,62,0.47413966059684753
5785,33,42,0.20148076117038727
5786,86,64,0.10454791784286499
5787,66,88,0.29580792784690857
5788,24,26,0.12111402302980423
5789,62,70,0.449250191450119
5790,49,47,0.17228008806705475
5791,30,73,0.40510094165802
5792,24,8,0.17784695327281952
5793,73,58,0.2331995815038681
5794,31,31,0.26381734013557434
5795,55,95,0.09452386945486069
5796,59,56,0.5990543365478516
5797,46,26,0.11385093629360199
5798,11,46,0.13805991411209106
5799,20,20,0.6877298951148987
5800,83,7,0.20940959453582764
5801,80,51,0.17306770384311676
5802,38,43,0.2441076785326004
5803,30,30,0.4166562557220459
5804,93,73,0.32749077677726746
5805,65,93,0.388708233833313
5806,41,41,0.9961153268814087
5807,0,0,0.8834004402160645
5808,35,64,0.13151147961616516
5809,54,92,0.26375600695610046
5810,9,40,0.2865435481071472
5811,16,12,0.21045047044754028
5812,87,86,0.17741966247558594
5813,81,48,0.15122580528259277
5814,12,12,0.2431420534849167
5815,49,32,0.14641231298446655
5816,60,23,0.17772336304187775
5817,81,89,0.2961691617965698
5818,89,89,0.23471389710903168
5819,42,81,0.2189650684595108
5820,51,51,0.43663763999938965
5821,36,46,0.1578466296195984
5822,59,56,0.18318988382816315
5823,92,15,0.27954205870628357
5824,7,62,0.25141021609306335
5825,94,94,0.5185092091560364
5826,80,9,0.12586484849452972
5827,56,59,0.43779051303863525
5828,37,15,0.20443132519721985
5829,63,38,0.19693797826766968
5830,74,89,0.09652161598205566
5831,46,31,0.3037799596786499
5832,34,38,0.14484307169914246
5833,88,42,0.18632164597511292
5834,85,58,0.46402809023857117
5835,24,91,0.27110615372657776
5836,28,28,0.4456999599933624
5837,56,56,0.8040322065353394
5838,51,42,0.23268234729766846
5839,41,41,0.9585510492324829
5840,62,70,0.11425541341304779
5841,7,24,0.16461992263793945
5842,6,45,0.19177758693695068
5843,38,42,0.11908583343029022
5844,26,46,0.09742376953363419
5845,22,22,0.10393929481506348
5846,52,90,0.1410389393568039
5847,32,32,0.3920951783657074
5848,70,70,0.33115607500076294
5849,28,28,0.9310606718063354
5850,96,33,0.40160784125328064
5851,44,91,0.15652166306972504
5852,57,5,0.1063292920589447
5853,13,13,0.5000399947166443
5854,47,47,0.7132546901702881
5855,8,48,0.5118866562843323
5856,73,30,0.2744671106338501
5857,17,17,0.4473506212234497
5858,14,62,0.22166813910007477
5859,18,82,0.21635118126869202
5860,91,18,0.08321984112262726
5861,82,32,0.1648414433002472
5862,19,88,0.0761839896440506
5863,57,0,0.42279648780822754
5864,71,60,0.8951464295387268
5865,16,16,0.8436591029167175
5866,54,29,0.40678897500038147
5867,7,7,0.29128512740135193
5868,52,47,0.4154554009437561
5869,26,49,0.1906314492225647
5870,50,63,0.09906162321567535
5871,81,24,0.22239693999290466
5872,74,74,0.14044004678726196
5873,50,74,0.12407563626766205
5874,74,74,0.24237453937530518
5875,71,71,0.4668738842010498
5876,85,85,0.9689770936965942
5877,8,42,0.17101924121379852
5878,31,79,0.2813439965248108
5879,28,28,0.5042018890380859
5880,17,17,0.49164557456970215
5881,26,10,0.20342808961868286
5882,10,22,0.2139713615179062
5883,93,26,0.12809380888938904
5884,16,16,0.16708166897296906
5885,0,10,0.43334534764289856
5886,37,52,0.6928218603134155
5887,26,26,0.6405502557754517
5888,71,71,0.5874437689781189
5889,34,50,0.09223337471485138
5890,50,26,0.1650049388408661
5891,99,61,0.4569064676761627
5892,44,27,0.22856083512306213
5893,58,5,0.12649331986904144
5894,16,28,0.2262551337480545
5895,8,19,0.11656387895345688
5896,34,92,0.23463983833789825
5897,35,77,0.09581349045038223
5898,86,94,0.5830228924751282
5899,41,41,0.33582451939582825
5900,0,83,0.5283215641975403
5901,19,19,0.1511070728302002
5902,44,78,0.06347129493951797
5903,46,5,0.07744857668876648
5904,6,82,0.4434121251106262
5905,42,42,0.47337836027145386
5906,62,70,0.43995895981788635
5907,73,73,0.1761564463376999
5908,31,56,0.6747240424156189
5909,73,30,0.25817349553108215
5910,62,51,0.19155536592006683
5911,97,33,0.1411217600107193
5912,97,93,0.0996420755982399
5913,0,0,0.891851007938385
5914,57,57,0.5569241642951965
5915,19,43,0.14423152804374695
5916,46,11,0.055181026458740234
5917,53,53,0.4127463102340698
5918,69,76,0.605102002620697
5919,47,47,0.5765702128410339
5920,13,81,0.26636239886283875
5921,84,11,0.1410951018333435
5922,67,67,0.13242626190185547
5923,43,74,0.08974834531545639
5924,80,7,0.20167511701583862
5925,59,41,0.12674370408058167
5926,20,25,0.17613980174064636
5927,76,76,0.20341438055038452
5928,65,97,0.16229470074176788
5929,79,79,0.22800669074058533
5930,99,61,0.5503091216087341
5931,62,92,0.31193092465400696
5932,58,5,0.3450583517551422
5933,55,27,0.07121996581554413
5934,26,45,0.1657429039478302
5935,1,73,0.2246072143316269
5936,46,15,0.39356470108032227
5937,90,26,0.25626444816589355
5938,66,64,0.10942967981100082
5939,69,23,0.1995040327310562
5940,39,37,0.1096724197268486
5941,71,60,0.6155806183815002
5942,88,79,0.0912240520119667
5943,6,82,0.11370468884706497
5944,51,43,0.2533031702041626
5945,34,29,0.20118467509746552
5946,31,19,0.311257004737854
5947,80,88,0.1171550527215004
5948,67,99,0.11852540075778961
5949,78,42,0.08521141111850739
5950,84,81,0.2522125840187073
5951,23,49,0.29295098781585693
5952,23,60,0.34237006306648254
5953,68,68,0.35379040241241455
5954,74,24,0.27221763134002686
5955,78,26,0.10528408735990524
5956,78,45,0.21469075977802277
5957,86,89,0.3370363712310791
5958,1,97,0.20862451195716858
5959,61,22,0.45295074582099915
5960,2,77,0.08268632739782333
5961,72,30,0.17576448619365692
5962,32,77,0.06476353108882904
5963,64,25,0.16271698474884033
5964,43,88,0.2987614572048187
5965,60,60,0.8074029088020325
5966,27,80,0.06069529801607132
5967,62,64,0.1571192443370819
5968,91,39,0.12466982752084732
5969,81,81,0.154098778963089
5970,64,64,0.11192762851715088
5971,35,11,0.19170038402080536
5972,32,77,0.1594771444797516
5973,91,27,0.11367257684469223
5974,85,85,0.34587031602859497
5975,70,62,0.46790435910224915
5976,28,40,0.2173021286725998
5977,59,96,0.13169237971305847
5978,22,61,0.5072253942489624
5979,43,63,0.14062531292438507
5980,35,46,0.29624730348587036
5981,9,9,0.13345466554164886
5982,74,63,0.21365952491760254
5983,84,20,0.6708185076713562
5984,72,31,0.0836116373538971
5985,81,12,0.2709881067276001
5986,95,95,0.49703696370124817
5987,16,26,0.10579213500022888
5988,25,16,0.4876670241355896
5989,12,41,0.17006035149097443
5990,24,24,0.28317394852638245
5991,61,61,0.9308740496635437
5992,50,24,0.14446333050727844
5993,9,83,0.2554408013820648
5994,8,45,0.34418705105781555
5995,20,20,0.8930383324623108
5996,11,57,0.17667414247989655
5997,49,17,0.3108479678630829
5998,0,54,0.5802314281463623
5999,55,33,0.12437241524457932
6000,31,31,0.1255461424589157
6001,18,18,0.21007288992404938
6002,35,6,0.10426682233810425
6003,23,23,0.49759700894355774
6004,47,83,0.30970045924186707
6005,47,89,0.1498594731092453
6006,30,30,0.2795581817626953
6007,88,88,0.148156076669693
6008,32,94,0.6688593626022339
6009,40,23,0.20558972656726837
6010,97,32,0.1030118316411972
6011,17,17,0.6486946940422058
6012,81,81,0.18599119782447815
6013,76,73,0.269410640001297
6014,62,62,0.37127235531806946
6015,39,37,0.1934930682182312
6016,72,30,0.5828046798706055
6017,95,12,0.23950806260108948
6018,9,20,0.30084869265556335
6019,30,67,0.27043524384498596
6020,86,57,0.42232072353363037
6021,98,46,0.20474007725715637
6022,48,83,0.28909391164779663
6023,11,2,0.14549143612384796
6024,88,42,0.17897695302963257
6025,9,69,0.137214794754982
6026,88,88,0.3186463713645935
6027,21,93,0.0754152163863182
6028,36,22,0.33817604184150696
6029,55,26,0.0813421979546547
6030,82,82,0.9542300701141357
6031,40,23,0.20528151094913483
6032,47,47,0.5456433296203613
6033,10,10,0.12611503899097443
6034,61,36,0.15109440684318542
6035,92,1,0.17546065151691437
6036,93,73,0.39295274019241333
6037,15,15,0.24934513866901398
6038,54,70,0.3252730667591095
6039,88,88,0.12924525141716003
6040,33,33,0.15107840299606323
6041,35,8,0.26993533968925476
6042,39,99,0.44437578320503235
6043,70,54,0.44364213943481445
6044,15,15,0.2915656864643097
6045,36,2,0.06560304015874863
6046,94,94,0.9216889142990112
6047,70,62,0.43181875348091125
6048,96,59,0.36506524682044983
6049,70,70,0.5829235315322876
6050,92,70,0.5165116786956787
6051,16,1,0.08811841905117035
6052,3,31,0.533376157283783
6053,86,32,0.07625968754291534
6054,71,45,0.08400025218725204
6055,42,42,0.17935825884342194
6056,99,22,0.24431024491786957
6057,16,16,0.9342592358589172
6058,46,46,0.10274704545736313
6059,28,28,0.6662988066673279
6060,98,35,0.35573962330818176
6061,42,34,0.18658606708049774
6062,17,47,0.4557705819606781
6063,89,89,0.5961758494377136
6064,14,7,0.2438519299030304
6065,57,95,0.3742576837539673
6066,81,12,0.19043952226638794
6067,74,42,0.147203266620636
6068,4,39,0.2781125009059906
6069,10,87,0.3840291202068329
6070,81,81,0.2042301446199417
6071,40,40,0.4632166624069214
6072,49,37,0.16046659648418427
6073,29,20,0.3177589774131775
6074,87,25,0.125040665268898
6075,58,58,0.41175341606140137
6076,36,97,0.2764134705066681
6077,65,9,0.2564190924167633
6078,83,92,0.34921517968177795
6079,10,61,0.6871864795684814
6080,34,51,0.09776820987462997
6081,12,90,0.14175303280353546
6082,5,25,0.19030284881591797
6083,17,17,0.8330214619636536
6084,29,29,0.6082299947738647
6085,80,72,0.10978106409311295
6086,80,88,0.11582203209400177
6087,6,29,0.7610621452331543
6088,65,84,0.05429510772228241
6089,9,9,0.9629403948783875
6090,55,3,0.19731560349464417
6091,38,74,0.10942133516073227
6092,88,64,0.21310800313949585
6093,28,42,0.1460123062133789
6094,43,43,0.2940209209918976
6095,57,57,0.42539599537849426
6096,50,36,0.12899735569953918
6097,99,61,0.2681831121444702
6098,20,20,0.44162821769714355
6099,0,70,0.2202475666999817
6100,32,32,0.080213762819767
6101,90,89,0.16525518894195557
6102,70,70,0.4256560504436493
6103,14,42,0.13992133736610413
6104,31,63,0.10345138609409332
6105,88,42,0.18400593101978302
6106,56,56,0.580909013748169
6107,23,69,0.09096251428127289
6108,71,68,0.6132916808128357
6109,4,88,0.25084343552589417
6110,11,16,0.196496844291687
6111,4,42,0.13305461406707764
6112,39,23,0.22652271389961243
6113,66,21,0.15460598468780518
6114,96,96,0.23538880050182343
6115,63,63,0.19850681722164154
6116,13,29,0.10468538105487823
6117,39,39,0.24294668436050415
6118,27,59,0.14380939304828644
6119,31,31,0.30737608671188354
6120,84,48,0.24075071513652802
6121,7,6,0.21308334171772003
6122,37,37,0.129692941904068
6123,18,74,0.12223952263593674
6124,43,43,0.1898280829191208
6125,96,96,0.20825956761837006
6126,2,98,0.16969631612300873
6127,6,6,0.18148043751716614
6128,59,36,0.08400822430849075
6129,78,23,0.25512823462486267
6130,19,19,0.46142563223838806
6131,39,13,0.2718590795993805
6132,97,89,0.06613510847091675
6133,6,6,0.2782899737358093
6134,39,45,0.19578394293785095
6135,77,64,0.25170257687568665
6136,74,42,0.35029876232147217
6137,52,52,0.5950127243995667
6138,5,58,0.31487953662872314
6139,61,10,0.39470046758651733
6140,21,66,0.13459627330303192
6141,20,20,0.5256681442260742
6142,50,63,0.13254807889461517
6143,65,43,0.12636198103427887
6144,48,48,0.5872470736503601
6145,39,45,0.2411259263753891
6146,14,26,0.1298065334558487
6147,74,50,0.10168813169002533
6148,36,88,0.17785800993442535
6149,12,12,0.2702955901622772
6150,93,73,0.47812578082084656
6151,43,19,0.2793247699737549
6152,51,42,0.3472059667110443
6153,79,79,0.08643361181020737
6154,78,78,0.1269323080778122
6155,6,6,0.39344522356987
6156,4,63,0.08341854810714722
6157,36,64,0.10513825714588165
6158,32,32,0.3182213306427002
6159,25,32,0.2993829846382141
6160,97,97,0.07665889710187912
6161,94,87,0.24686968326568604
6162,34,77,0.0747663825750351
6163,34,34,0.22664332389831543
6164,59,56,0.6327736973762512
6165,22,22,0.22301308810710907
6166,16,70,0.14841853082180023
6167,70,70,0.38941675424575806
6168,9,83,0.2064831405878067
6169,25,10,0.14051640033721924
6170,77,67,0.17578361928462982
6171,74,22,0.21506164968013763
6172,17,17,0.21950887143611908
6173,28,30,0.33596542477607727
6174,47,47,0.86195969581604
6175,43,8,0.09687408804893494
6176,13,4,0.08275739848613739
6177,50,26,0.08079998940229416
6178,97,1,0.11183733493089676
6179,49,49,0.5423724055290222
6180,78,43,0.24082867801189423
6181,68,40,0.07581789046525955
6182,99,95,0.24453380703926086
6183,52,32,0.10332045704126358
6184,28,28,0.22730238735675812
6185,80,72,0.05576827749609947
6186,43,19,0.18456140160560608
6187,23,39,0.06403958052396774
6188,23,23,0.3446978032588959
6189,55,23,0.11380672454833984
6190,74,96,0.15620525181293488
6191,87,87,0.41761985421180725
6192,50,91,0.0654057189822197
6193,5,22,0.17906033992767334
6194,51,79,0.12923645973205566
6195,63,51,0.2745172381401062
6196,2,1,0.15545037388801575
6197,57,43,0.31172946095466614
6198,99,22,0.4197063148021698
6199,53,83,0.4027940332889557
6200,85,85,0.24296557903289795
6201,74,51,0.14357514679431915
6202,72,73,0.3435407280921936
6203,75,44,0.08665739744901657
6204,94,12,0.14450566470623016
6205,95,95,0.3503469228744507
6206,40,40,0.31569480895996094
6207,33,37,0.13006463646888733
6208,49,96,0.1417199671268463
6209,64,48,0.0889471098780632
6210,8,42,0.23801861703395844
6211,37,81,0.13013845682144165
6212,0,24,0.236970454454422
6213,86,87,0.31359007954597473
6214,9,11,0.07434748113155365
6215,51,88,0.18788853287696838
6216,40,40,0.12034887075424194
6217,9,9,0.9531241059303284
6218,39,39,0.4553300738334656
6219,70,1,0.43627113103866577
6220,96,52,0.4743117392063141
6221,44,6,0.16492730379104614
6222,62,62,0.5011946558952332
6223,32,17,0.14167694747447968
6224,61,22,0.13094915449619293
6225,35,35,0.1204746887087822
6226,8,33,0.14733915030956268
6227,2,43,0.21757474541664124
6228,66,13,0.18246661126613617
6229,66,3,0.1288641393184662
6230,46,45,0.2607540190219879
6231,73,73,0.10472249984741211
6232,56,59,0.3154670298099518
6233,20,20,0.9748781323432922
6234,95,30,0.43893611431121826
6235,68,68,0.6035103797912598
6236,52,47,0.3442293405532837
6237,94,94,0.5737583041191101
6238,22,22,0.5346791744232178
6239,9,9,0.17679645121097565
6240,23,67,0.27140408754348755
6241,11,70,0.4283931255340576
6242,55,74,0.21625016629695892
6243,44,18,0.07845082879066467
6244,47,7,0.3544360101222992
6245,20,20,0.9846327304840088
6246,17,17,0.1805882453918457
6247,11,53,0.08871961385011673
6248,73,95,0.3868559002876282
6249,96,47,0.6191328167915344
6250,60,71,0.5161359310150146
6251,28,28,0.5790837407112122
6252,10,10,0.3220757246017456
6253,0,0,0.8830684423446655
6254,10,83,0.3594072163105011
6255,31,3,0.07502133399248123
6256,44,35,0.0574190616607666
6257,29,29,0.38157573342323303
6258,24,24,0.3077986240386963
6259,23,71,0.3957384526729584
6260,52,52,0.5081763863563538
6261,60,60,0.6024625897407532
6262,81,13,0.3037141263484955
6263,57,0,0.2711910307407379
6264,52,96,0.34096598625183105
6265,87,83,0.1201857253909111
6266,27,8,0.13500051200389862
6267,22,61,0.13779905438423157
6268,83,54,0.3089984953403473
6269,22,86,0.15808874368667603
6270,40,99,0.19428911805152893
6271,56,56,0.4467776119709015
6272,1,1,0.1533040851354599
6273,45,92,0.16935566067695618
6274,29,56,0.1291205734014511
6275,60,60,0.8669304251670837
6276,65,63,0.16182218492031097
6277,7,7,0.16855420172214508
6278,88,37,0.12647764384746552
6279,48,48,0.3334425389766693
6280,8,37,0.0998377650976181
6281,29,91,0.13710610568523407
6282,18,18,0.12900897860527039
6283,71,71,0.4261517822742462
6284,80,44,0.10363923013210297
6285,55,27,0.06857240200042725
6286,80,42,0.11644425988197327
6287,73,67,0.3949323892593384
6288,27,44,0.1631878912448883
6289,5,5,0.6514020562171936
6290,69,15,0.2048056423664093
6291,46,2,0.29171833395957947
6292,64,63,0.08751988410949707
6293,42,42,0.23188559710979462
6294,90,13,0.2999331057071686
6295,52,47,0.4457761347293854
6296,1,63,0.06100435182452202
6297,39,39,0.9242130517959595
6298,39,84,0.12547166645526886
6299,86,86,0.3680973947048187
6300,75,31,0.11477028578519821
6301,2,2,0.23824869096279144
6302,36,36,0.1290280818939209
6303,13,66,0.16310255229473114
6304,57,69,0.10399975627660751
6305,30,30,0.1369359940290451
6306,74,63,0.2648296058177948
6307,85,44,0.1017693355679512
6308,33,74,0.208179771900177
6309,6,24,0.4331016540527344
6310,3,97,0.30721768736839294
6311,72,81,0.13895516097545624
6312,54,54,0.19318953156471252
6313,47,29,0.2589283883571625
6314,91,1,0.23568759858608246
6315,71,71,0.6071188449859619
6316,7,68,0.27851176261901855
6317,98,45,0.27134978771209717
6318,69,30,0.45858895778656006
6319,56,47,0.271496057510376
6320,14,38,0.13722197711467743
6321,50,19,0.11596372723579407
6322,37,37,0.4367819130420685
6323,40,87,0.40262287855148315
6324,97,97,0.08809613436460495
6325,72,80,0.08661047369241714
6326,88,33,0.16095644235610962
6327,10,22,0.14671872556209564
6328,75,97,0.10392395406961441
6329,83,16,0.30423644185066223
6330,74,44,0.08395496755838394
6331,66,66,0.1279791295528412
6332,52,52,0.4080912470817566
6333,52,59,0.4461735188961029
6334,86,16,0.17948010563850403
6335,66,42,0.22148530185222626
6336,24,24,0.4170965254306793
6337,69,69,0.5804674029350281
6338,41,41,0.8440237045288086
6339,13,13,0.4608064889907837
6340,39,13,0.11771124601364136
6341,5,68,0.23433680832386017
6342,61,61,0.8444303274154663
6343,48,48,0.24009384214878082
6344,44,7,0.2027854174375534
6345,23,71,0.5340876579284668
6346,38,19,0.1153293326497078
6347,44,69,0.07583369314670563
6348,64,50,0.08380864560604095
6349,30,95,0.46870335936546326
6350,2,2,0.13761624693870544
6351,54,11,0.2528935968875885
6352,12,60,0.4485035240650177
6353,21,21,0.1568589210510254
6354,56,76,0.19764624536037445
6355,72,30,0.13893024623394012
6356,93,54,0.27883872389793396
6357,46,98,0.23198451101779938
6358,73,73,0.6602932214736938
6359,47,4,0.2704077661037445
6360,89,48,0.4748779535293579
6361,24,24,0.2826453149318695
6362,52,59,0.5390737652778625
6363,75,21,0.1877012401819229
6364,20,20,0.3734469711780548
6365,67,7,0.2234191745519638
6366,92,70,0.35975849628448486
6367,96,17,0.24707630276679993
6368,5,81,0.2520639896392822
6369,63,63,0.3347195088863373
6370,39,91,0.06677314639091492
6371,67,61,0.4330402910709381
6372,45,27,0.09830277413129807
6373,67,67,0.15739195048809052
6374,2,98,0.3227909803390503
6375,79,18,0.1791657954454422
6376,76,76,0.233721062541008
6377,27,77,0.0925736129283905
6378,81,81,0.34859856963157654
6379,89,37,0.29032230377197266
6380,83,70,0.2070084810256958
6381,60,54,0.13893410563468933
6382,48,48,0.4103474020957947
6383,2,92,0.10479897260665894
6384,2,84,0.22813862562179565
6385,30,73,0.48005741834640503
6386,2,69,0.30762577056884766
6387,21,21,0.1464129239320755
6388,82,82,0.4148496985435486
6389,90,79,0.07894430309534073
6390,94,94,0.658609926700592
6391,74,63,0.19693583250045776
6392,71,71,0.3158564865589142
6393,75,79,0.35315054655075073
6394,79,38,0.10209903866052628
6395,42,42,0.2072415053844452
6396,75,75,0.21494287252426147
6397,14,62,0.073719322681427
6398,89,85,0.2717183530330658
6399,50,36,0.26632753014564514
6400,83,53,0.1358141005039215
6401,42,42,0.2794875502586365
6402,67,67,0.7276849746704102
6403,81,81,0.8073379397392273
6404,73,67,0.6219615340232849
6405,52,52,0.5079013109207153
6406,17,17,0.5551643967628479
6407,76,76,0.20774412155151367
6408,5,84,0.08701932430267334
6409,42,88,0.11247477680444717
6410,68,9,0.2218039631843567
6411,13,13,0.30464181303977966
6412,37,37,0.25135543942451477
6413,94,94,0.27301380038261414
6414,92,92,0.3013438284397125
6415,0,83,0.3766535222530365
6416,48,48,0.7017689347267151
6417,15,26,0.09582126140594482
6418,15,44,0.06817007809877396
6419,39,39,0.24781663715839386
6420,40,59,0.24497081339359283
6421,82,60,0.4583384692668915
6422,31,15,0.20163138210773468
6423,94,46,0.3984239399433136
6424,99,78,0.20334681868553162
6425,68,68,0.8329358696937561
6426,52,52,0.39481568336486816
6427,19,15,0.40084969997406006
6428,4,26,0.310574471950531
6429,54,47,0.18823403120040894
6430,89,90,0.2432948499917984
6431,40,91,0.17050297558307648
6432,27,90,0.23752018809318542
6433,97,42,0.09481647610664368
6434,14,7,0.16011933982372284
6435,93,97,0.34491294622421265
6436,66,97,0.29266873002052307
6437,74,26,0.12244957685470581
6438,26,20,0.19559665024280548
6439,36,64,0.09657880663871765
6440,9,20,0.23504577577114105
6441,66,91,0.20221465826034546
6442,44,48,0.10049770772457123
6443,59,56,0.21342769265174866
6444,33,33,0.4310966432094574
6445,79,44,0.2108319103717804
6446,63,4,0.235139861702919
6447,97,97,0.37740570306777954
6448,43,94,0.33935877680778503
6449,48,8,0.7382543087005615
6450,78,78,0.1782943159341812
6451,25,25,0.24028456211090088
6452,32,58,0.29325661063194275
6453,18,8,0.2539314329624176
6454,40,69,0.4105594754219055
6455,44,78,0.16714529693126678
6456,80,63,0.09527513384819031
6457,16,16,0.8013771772384644
6458,45,32,0.21526412665843964
6459,45,37,0.10952800512313843
6460,12,12,0.3081662952899933
6461,99,23,0.37614721059799194
6462,18,18,0.1985177993774414
6463,6,54,0.5334329009056091
6464,41,89,0.33739709854125977
6465,46,32,0.24546106159687042
6466,69,73,0.2470770627260208
6467,18,96,0.46938177943229675
6468,44,79,0.2922585904598236
6469,34,42,0.44974038004875183
6470,32,32,0.5248876810073853
6471,30,30,0.3137127459049225
6472,9,69,0.509918212890625
6473,72,85,0.09853534400463104
6474,85,85,0.10088001936674118
6475,15,15,0.3017955422401428
6476,92,62,0.5687670111656189
6477,5,5,0.28973907232284546
6478,71,71,0.6160112023353577
6479,52,52,0.6799029111862183
6480,56,56,0.50146484375
6481,88,88,0.5914481282234192
6482,22,22,0.8079589605331421
6483,64,38,0.08338825404644012
6484,31,17,0.22158575057983398
6485,63,22,0.21409039199352264
6486,14,6,0.2600940763950348
6487,56,13,0.1531454175710678
6488,99,99,0.22689682245254517
6489,72,95,0.475532203912735
6490,22,22,0.7662520408630371
6491,20,20,0.5628124475479126
6492,67,27,0.09913206845521927
6493,57,39,0.5220143795013428
6494,93,75,0.42921116948127747
6495,29,29,0.5542563199996948
6496,72,55,0.1787991225719452
6497,91,91,0.9785359501838684
6498,64,74,0.12206535786390305
6499,36,64,0.11085446178913116
6500,22,61,0.6537222862243652
6501,49,49,0.2695885896682739
6502,26,26,0.2248770147562027
6503,84,14,0.20374250411987305
6504,47,47,0.4033247232437134
6505,34,83,0.2378028780221939
6506,85,85,0.400692880153656
6507,9,9,0.5690562129020691
6508,22,96,0.089321568608284
6509,29,29,0.37477803230285645
6510,39,73,0.2689169645309448
6511,32,15,0.09306968748569489
6512,94,94,0.8620131015777588
6513,93,7,0.09204965829849243
6514,25,27,0.07612043619155884
6515,18,7,0.12559092044830322
6516,53,53,0.8561831712722778
6517,12,13,0.1803112030029297
6518,27,38,0.11853261291980743
6519,10,57,0.25647810101509094
6520,99,62,0.1823124885559082
6521,88,78,0.08941681683063507
6522,16,8,0.12564755976200104
6523,91,67,0.35316458344459534
6524,78,88,0.21729256212711334
6525,7,24,0.5110971927642822
6526,72,44,0.06899019330739975
6527,12,37,0.3831554353237152
6528,97,56,0.1761026680469513
6529,37,12,0.19893090426921844
6530,86,23,0.3403782844543457
6531,87,87,0.2024078518152237
6532,57,51,0.1683405637741089
6533,36,36,0.1393994390964508
6534,35,31,0.10579312592744827
6535,44,24,0.4003155827522278
6536,57,6,0.2198973447084427
6537,27,91,0.26544299721717834
6538,31,31,0.08338828384876251
6539,3,51,0.07834609597921371
6540,26,26,0.17096564173698425
6541,7,7,0.4433014392852783
6542,96,33,0.129782035946846
6543,39,39,0.12336915731430054
6544,43,74,0.09873003512620926
6545,34,29,0.43839767575263977
6546,89,95,0.14790932834148407
6547,48,84,0.1503743976354599
6548,56,56,0.6659570932388306
6549,18,80,0.12379825115203857
6550,45,62,0.20330490171909332
6551,92,62,0.47384756803512573
6552,97,74,0.11513286083936691
6553,8,8,0.34763893485069275
6554,18,33,0.4861332178115845
6555,66,64,0.09692826122045517
6556,81,81,0.41358524560928345
6557,37,73,0.20939333736896515
6558,51,51,0.44291916489601135
6559,10,61,0.3119717538356781
6560,77,89,0.25270989537239075
6561,97,74,0.08010784536600113
6562,33,33,0.6931319832801819
6563,60,60,0.2738947570323944
6564,43,43,0.3249974846839905
6565,10,96,0.16107062995433807
6566,50,42,0.1932941973209381
6567,31,31,0.4893965423107147
6568,84,5,0.23848861455917358
6569,49,19,0.1716742366552353
6570,78,5,0.2894741892814636
6571,24,24,0.3513246476650238
6572,68,68,0.48753055930137634
6573,98,56,0.06886111944913864
6574,58,58,0.8924592137336731
6575,51,51,0.09740894287824631
6576,93,97,0.1433284878730774
6577,36,97,0.14300861954689026
6578,74,38,0.10550383478403091
6579,78,75,0.14094913005828857
6580,55,93,0.1501399725675583
6581,50,46,0.1482449620962143
6582,25,32,0.2070869505405426
6583,65,15,0.0783250480890274
6584,86,14,0.08579263091087341
6585,35,43,0.31423693895339966
6586,33,12,0.19528964161872864
6587,92,51,0.28285518288612366
6588,37,96,0.20856279134750366
6589,71,73,0.166012704372406
6590,61,91,0.292829692363739
6591,5,39,0.2899274528026581
6592,79,79,0.1653657704591751
6593,71,71,0.09729800373315811
6594,20,20,0.8608466386795044
6595,59,33,0.17092877626419067
6596,67,67,0.3331981897354126
6597,28,28,0.4617076814174652
6598,76,76,0.5158430933952332
6599,31,37,0.2849632799625397
6600,50,79,0.1292993575334549
6601,62,53,0.3955884873867035
6602,9,9,0.21540753543376923
6603,4,81,0.1707664430141449
6604,54,54,0.2049403339624405
6605,38,38,0.13577993214130402
6606,11,46,0.1719605177640915
6607,59,52,0.5995650887489319
6608,84,5,0.16723492741584778
6609,63,85,0.1610756367444992
6610,66,32,0.18240132927894592
6611,35,35,0.3166305720806122
6612,52,52,0.834208071231842
6613,73,73,0.261984258890152
6614,87,87,0.872212290763855
6615,62,54,0.3166494071483612
6616,15,7,0.21747787296772003
6617,11,46,0.2533322870731354
6618,59,8,0.45413345098495483
6619,20,20,0.6537009477615356
6620,47,52,0.32956790924072266
6621,96,60,0.843966007232666
6622,26,55,0.1187761202454567
6623,36,25,0.29121777415275574
6624,35,35,0.2722301483154297
6625,77,18,0.28681015968322754
6626,38,27,0.06186717748641968
6627,24,24,0.35406896471977234
6628,2,0,0.49397939443588257
6629,17,8,0.21547840535640717
6630,36,97,0.12171994894742966
6631,80,80,0.09863004088401794
6632,74,93,0.13027027249336243
6633,41,41,0.9837281703948975
6634,32,82,0.2755174934864044
6635,23,25,0.1466488391160965
6636,76,76,0.2526104152202606
6637,44,24,0.23183366656303406
6638,91,67,0.2759220600128174
6639,21,21,0.07757853716611862
6640,81,13,0.16499073803424835
6641,53,13,0.20161937177181244
6642,55,95,0.5324401259422302
6643,47,96,0.6465247273445129
6644,79,65,0.11107883602380753
6645,19,13,0.19053404033184052
6646,31,6,0.09977846592664719
6647,82,82,0.9776650071144104
6648,64,97,0.10506293177604675
6649,3,39,0.18859423696994781
6650,49,49,0.3065451979637146
6651,35,42,0.09710967540740967
6652,97,97,0.425740122795105
6653,58,81,0.2575435936450958
6654,43,43,0.34747469425201416
6655,20,20,0.8090927600860596
6656,86,22,0.23482827842235565
6657,22,81,0.30188941955566406
6658,32,43,0.1837581992149353
6659,18,96,0.11504819989204407
6660,53,53,0.788623571395874
6661,60,60,0.7524328827857971
6662,36,6,0.15671691298484802
6663,83,70,0.28111207485198975
6664,18,7,0.2342512309551239
6665,32,32,0.44333508610725403
6666,66,51,0.11798915266990662
6667,99,45,0.3991401493549347
6668,51,80,0.12796522676944733
6669,35,20,0.29384538531303406
6670,69,69,0.8913323879241943
6671,28,36,0.07736916840076447
6672,11,2,0.21516871452331543
6673,22,22,0.7859204411506653
6674,49,49,0.26587381958961487
6675,21,21,0.287228524684906
6676,93,10,0.14064921438694
6677,1,54,0.4146919548511505
6678,55,15,0.10679765045642853
6679,51,78,0.12510819733142853
6680,55,73,0.15478070080280304
6681,51,34,0.23215317726135254
6682,67,54,0.062103014439344406
6683,92,80,0.1557094305753708
6684,76,76,0.4958020746707916
6685,52,37,0.11425123363733292
6686,31,42,0.0788789838552475
6687,82,82,0.5964898467063904
6688,75,75,0.26852691173553467
6689,61,61,0.9756954312324524
6690,55,55,0.11426357179880142
6691,90,85,0.2868574261665344
6692,78,78,0.26268622279167175
6693,34,50,0.112837053835392
6694,87,76,0.31078973412513733
6695,39,15,0.293403685092926
6696,85,85,0.41783493757247925
6697,70,70,0.3642839789390564
6698,2,35,0.13080565631389618
6699,14,75,0.09308723360300064
6700,45,46,0.13653673231601715
6701,1,1,0.3702765703201294
6702,95,95,0.4172753095626831
6703,90,63,0.07997071743011475
6704,64,42,0.12452790141105652
6705,55,33,0.2017982304096222
6706,12,19,0.12192212790250778
6707,91,73,0.32994982600212097
6708,47,47,0.7808818221092224
6709,2,35,0.09066010266542435
6710,99,61,0.2841731607913971
6711,79,45,0.1800585687160492
6712,13,16,0.2731624245643616
6713,8,88,0.38056546449661255
6714,84,25,0.11370450258255005
6715,27,27,0.0938577950000763
6716,11,32,0.11860372126102448
6717,71,71,0.47081026434898376
6718,21,21,0.45167139172554016
6719,28,42,0.16183876991271973
6720,8,70,0.21226371824741364
6721,55,97,0.11103757470846176
6722,67,86,0.2219555675983429
6723,75,75,0.8110377192497253
6724,40,40,0.13045309484004974
6725,17,37,0.22377189993858337
6726,4,37,0.2547167241573334
6727,95,30,0.38798341155052185
6728,63,63,0.3361569941043854
6729,51,51,0.2276270091533661
6730,48,48,0.6511264443397522
6731,65,65,0.18277324736118317
6732,6,88,0.24189642071723938
6733,39,8,0.25847819447517395
6734,39,25,0.3915923833847046
6735,42,57,0.05433828383684158
6736,49,30,0.16482648253440857
6737,14,14,0.6901159286499023
6738,83,62,0.251450777053833
6739,23,23,0.1888677477836609
6740,78,16,0.15964822471141815
6741,47,47,0.8767982721328735
6742,81,13,0.35750794410705566
6743,41,13,0.18845941126346588
6744,76,59,0.2370457500219345
6745,99,42,0.15094800293445587
6746,97,46,0.08312630653381348
6747,24,79,0.1830858290195465
6748,24,40,0.34643831849098206
6749,76,76,0.17241781949996948
6750,57,57,0.6746029257774353
6751,80,74,0.1249384880065918
6752,16,42,0.2151896208524704
6753,44,91,0.46099358797073364
6754,54,54,0.5900194644927979
6755,92,54,0.19422653317451477
6756,30,30,0.29096803069114685
6757,4,74,0.11668553203344345
6758,2,35,0.14371439814567566
6759,1,95,0.2508421242237091
6760,39,39,0.34444278478622437
6761,98,2,0.09409098327159882
6762,90,17,0.7107285857200623
6763,74,84,0.07927033305168152
6764,81,8,0.23793327808380127
6765,74,74,0.18046313524246216
6766,64,63,0.11270377784967422
6767,42,78,0.1305178999900818
6768,59,59,0.3023374080657959
6769,69,69,0.20124609768390656
6770,67,63,0.1573438048362732
6771,66,3,0.0944993644952774
6772,10,4,0.07074961066246033
6773,52,52,0.839120090007782
6774,22,61,0.1269501894712448
6775,11,98,0.12274259328842163
6776,69,12,0.19757413864135742
6777,39,20,0.4081440269947052
6778,15,15,0.1455155909061432
6779,77,80,0.13798430562019348
6780,36,34,0.22847147285938263
6781,23,23,0.5797605514526367
6782,41,41,0.9967231154441833
6783,94,47,0.536426305770874
6784,45,29,0.21069630980491638
6785,17,17,0.3118118345737457
6786,14,92,0.21645909547805786
6787,62,70,0.2349167913198471
6788,9,42,0.20063115656375885
6789,4,88,0.3704290986061096
6790,37,37,0.2268168330192566
6791,13,12,0.2524407207965851
6792,77,42,0.12384095788002014
6793,69,69,0.5331065058708191
6794,72,77,0.16907696425914764
6795,22,61,0.5145517587661743
6796,75,75,0.923367977142334
6797,45,20,0.601471483707428
6798,3,68,0.330653578042984
6799,8,48,0.7771914601325989
6800,24,69,0.15432503819465637
6801,28,57,0.1522594541311264
6802,4,43,0.1190987080335617
6803,57,14,0.05999396741390228
6804,10,10,0.17231450974941254
6805,2,65,0.12762907147407532
6806,0,0,0.8032247424125671
6807,89,26,0.14681510627269745
6808,7,24,0.27578654885292053
6809,94,94,0.7796831130981445
6810,68,33,0.1936536282300949
6811,66,66,0.19849950075149536
6812,17,49,0.18026703596115112
6813,5,47,0.08817174285650253
6814,90,13,0.47130241990089417
6815,77,32,0.1280307173728943
6816,34,39,0.06889979541301727
6817,77,46,0.05981674790382385
6818,26,26,0.28589290380477905
6819,35,35,0.33146560192108154
6820,52,52,0.8640860915184021
6821,70,62,0.5189962983131409
6822,29,26,0.15747497975826263
6823,94,94,0.35407188534736633
6824,37,37,0.47433000802993774
6825,83,83,0.40098774433135986
6826,40,7,0.10232463479042053
6827,0,83,0.6735916137695312
6828,92,62,0.3987809121608734
6829,96,52,0.7679862380027771
6830,4,36,0.14923694729804993
6831,78,26,0.1448647379875183
6832,80,88,0.14605161547660828
6833,6,54,0.7430525422096252
6834,85,58,0.28012096881866455
6835,59,59,0.7089503407478333
6836,96,96,0.5656598210334778
6837,8,58,0.09149499982595444
6838,70,76,0.11017503589391708
6839,62,62,0.6626688241958618
6840,25,0,0.29511019587516785
6841,22,6,0.12339016050100327
6842,1,45,0.06490123271942139
6843,82,53,0.1011350229382515
6844,93,2,0.17575521767139435
6845,82,82,0.6408761739730835
6846,96,52,0.1763683408498764
6847,70,70,0.6967089176177979
6848,8,48,0.2229137271642685
6849,19,7,0.15166954696178436
6850,67,73,0.3302103877067566
6851,4,15,0.10548610985279083
6852,86,46,0.12433003634214401
6853,19,31,0.2704123258590698
6854,17,33,0.11185549199581146
6855,32,26,0.06405580788850784
6856,38,77,0.1217203363776207
6857,57,9,0.2638399004936218
6858,84,89,0.2953704595565796
6859,10,58,0.1867895871400833
6860,40,16,0.42883360385894775
6861,12,81,0.3496229946613312
6862,33,33,0.3453949987888336
6863,94,87,0.1892465054988861
6864,68,68,0.28903183341026306
6865,8,48,0.11152664572000504
6866,89,89,0.3822043836116791
6867,69,69,0.5350964069366455
6868,95,95,0.14547041058540344
6869,43,43,0.2668195068836212
6870,60,60,0.6723998785018921
6871,11,89,0.16188232600688934
6872,0,70,0.39892950654029846
6873,12,76,0.27345821261405945
6874,90,90,0.5492260456085205
6875,2,11,0.20425434410572052
6876,54,54,0.7806276679039001
6877,45,24,0.2631550431251526
6878,65,61,0.7026968598365784
6879,50,34,0.0871821716427803
6880,3,19,0.40682974457740784
6881,68,68,0.23037709295749664
6882,17,17,0.3363935947418213
6883,35,2,0.2106197029352188
6884,81,81,0.7484626770019531
6885,32,29,0.09987637400627136
6886,9,9,0.9939876794815063
6887,99,45,0.1488925963640213
6888,77,77,0.10843519121408463
6889,84,7,0.08416274935007095
6890,22,61,0.9565180540084839
6891,30,10,0.08581118285655975
6892,23,23,0.18404646217823029
6893,36,22,0.1725786030292511
6894,73,73,0.1388677954673767
6895,80,36,0.08698134869337082
6896,92,70,0.42876413464546204
6897,92,70,0.37123969197273254
6898,31,59,0.2177218794822693
6899,9,69,0.5282876491546631
6900,86,48,0.26212385296821594
6901,91,91,0.9136031270027161
6902,26,48,0.22474180161952972
6903,85,85,0.38010644912719727
6904,30,12,0.21205584704875946
6905,12,70,0.11977649480104446
6906,54,54,0.9571064114570618
6907,39,81,0.37278077006340027
6908,76,23,0.19282549619674683
6909,45,47,0.15641839802265167
6910,67,73,0.36730700731277466
6911,51,34,0.07504741102457047
6912,57,23,0.24678295850753784
6913,19,56,0.2959749102592468
6914,48,48,0.2537238597869873
6915,81,39,0.13872134685516357
6916,55,56,0.19846557080745697
6917,38,38,0.262699693441391
6918,27,10,0.08815348148345947
6919,54,84,0.15999670326709747
6920,81,81,0.3929244577884674
6921,84,33,0.1517602652311325
6922,0,94,0.8461652994155884
6923,64,88,0.08431998640298843
6924,42,42,0.2885778546333313
6925,77,18,0.23047950863838196
6926,52,47,0.4595896601676941
6927,92,54,0.775452733039856
6928,82,62,0.4107629060745239
6929,12,71,0.3078549802303314
6930,89,89,0.19764238595962524
6931,53,53,0.6815474033355713
6932,21,10,0.23172861337661743
6933,18,18,0.16614824533462524
6934,92,18,0.059365224093198776
6935,36,36,0.26335933804512024
6936,44,36,0.11670543998479843
6937,35,42,0.1792014241218567
6938,31,63,0.2705780565738678
6939,62,62,0.7272302508354187
6940,41,44,0.08157937973737717
6941,65,18,0.18625669181346893
6942,28,28,0.8853310346603394
6943,20,20,0.8413417339324951
6944,92,54,0.8676785826683044
6945,33,33,0.4161803126335144
6946,21,3,0.38857823610305786
6947,86,41,0.41845154762268066
6948,72,72,0.16553474962711334
6949,18,7,0.0640789195895195
6950,56,56,0.8040676116943359
6951,88,89,0.13643796741962433
6952,76,30,0.18629276752471924
6953,71,71,0.43139949440956116
6954,48,89,0.42619603872299194
6955,12,90,0.1968068927526474
6956,45,20,0.2587418854236603
6957,60,60,0.7688148021697998
6958,99,26,0.1230781078338623
6959,84,28,0.5481199026107788
6960,24,24,0.3194274604320526
6961,37,37,0.1437719613313675
6962,86,16,0.45945805311203003
6963,76,23,0.38444066047668457
6964,84,78,0.09706937521696091
6965,51,29,0.16350625455379486
6966,60,60,0.7993242144584656
6967,97,97,0.16114135086536407
6968,29,72,0.13352647423744202
6969,65,80,0.14028890430927277
6970,88,7,0.0735485628247261
6971,7,8,0.25461021065711975
6972,83,84,0.14691823720932007
6973,59,47,0.5999334454536438
6974,96,96,0.26319998502731323
6975,53,53,0.47584155201911926
6976,32,32,0.4926944077014923
6977,79,7,0.2650296986103058
6978,87,16,0.30148187279701233
6979,33,63,0.13528390228748322
6980,46,35,0.11823288351297379
6981,22,81,0.2739514112472534
6982,38,37,0.37150639295578003
6983,47,52,0.6411398649215698
6984,24,2,0.05637317895889282
6985,3,32,0.19560739398002625
6986,54,54,0.361032098531723
6987,85,39,0.23418498039245605
6988,65,61,0.17261803150177002
6989,75,75,0.756287157535553
6990,4,63,0.16560418903827667
6991,80,65,0.1576555371284485
6992,76,60,0.4131525456905365
6993,92,83,0.16747012734413147
6994,84,59,0.11555556207895279
6995,61,78,0.1452949345111847
6996,31,43,0.16652706265449524
6997,66,19,0.11602866649627686
6998,39,39,0.3346562683582306
6999,29,9,0.1275453269481659
7000,35,35,0.21546204388141632
7001,91,91,0.6214174032211304
7002,64,91,0.20676438510417938
7003,7,7,0.46927788853645325
7004,80,33,0.3566223978996277
7005,96,47,0.3043116331100464
7006,89,44,0.19176539778709412
7007,83,57,0.3314802348613739
7008,32,1,0.24777752161026
7009,1,73,0.26072967052459717
7010,85,47,0.17344525456428528
7011,75,3,0.25225627422332764
7012,9,9,0.7552887797355652
7013,25,87,0.24123063683509827
7014,87,46,0.08126409351825714
7015,59,59,0.2707352936267853
7016,38,80,0.1546822190284729
7017,82,82,0.5146917104721069
7018,27,7,0.05557703226804733
7019,6,6,0.6711426973342896
7020,26,27,0.09206964075565338
7021,34,43,0.17157267034053802
7022,14,14,0.20518331229686737
7023,14,20,0.1182766705751419
7024,46,28,0.22885867953300476
7025,70,0,0.1494656503200531
7026,17,17,0.19810013473033905
7027,84,79,0.2018851637840271
7028,97,97,0.19576774537563324
7029,49,22,0.11753793060779572
7030,69,69,0.2155972123146057
7031,59,96,0.6506544947624207
7032,50,74,0.14650312066078186
7033,86,86,0.6636863350868225
7034,61,88,0.09396723657846451
7035,40,70,0.15782704949378967
7036,66,8,0.20973332226276398
7037,50,26,0.12029732763767242
7038,29,29,0.6364699006080627
7039,49,23,0.36888450384140015
7040,26,70,0.2004634290933609
7041,53,53,0.5591658353805542
7042,73,73,0.35091304779052734
7043,85,85,0.708259105682373
7044,46,46,0.47979724407196045
7045,81,12,0.26700305938720703
7046,25,81,0.17755688726902008
7047,68,1,0.2471051812171936
7048,71,95,0.26894450187683105
7049,14,70,0.18036559224128723
7050,87,94,0.3162812292575836
7051,37,68,0.1888631135225296
7052,86,86,0.5335856676101685
7053,72,39,0.15546314418315887
7054,28,28,0.7313758134841919
7055,93,97,0.15933385491371155
7056,62,62,0.36159417033195496
7057,72,90,0.1940508484840393
7058,41,41,0.17738991975784302
7059,98,50,0.153414785861969
7060,51,63,0.41822949051856995
7061,46,46,0.14954188466072083
7062,36,36,0.5656441450119019
7063,20,20,0.6429629325866699
7064,57,92,0.16833782196044922
7065,1,14,0.17337727546691895
7066,96,33,0.3880142867565155
7067,16,35,0.12790215015411377
7068,38,56,0.12096424400806427
7069,59,96,0.3567139804363251
7070,85,8,0.15575727820396423
7071,95,28,0.09423206746578217
7072,23,39,0.10738557577133179
7073,14,14,0.25696608424186707
7074,53,41,0.20428137481212616
7075,50,79,0.08911357074975967
7076,2,5,0.21557657420635223
7077,9,98,0.24534067511558533
7078,42,48,0.20576871931552887
7079,21,21,0.5070936679840088
7080,12,81,0.4254092574119568
7081,73,30,0.3093428909778595
7082,29,24,0.5817056894302368
7083,81,81,0.12876352667808533
7084,63,2,0.19646255671977997
7085,64,63,0.21298572421073914
7086,89,89,0.43879422545433044
7087,97,54,0.1339486688375473
7088,63,59,0.10105141997337341
7089,84,39,0.17910058796405792
7090,84,16,0.371626079082489
7091,6,6,0.19570474326610565
7092,3,8,0.13295938074588776
7093,9,57,0.12812352180480957
7094,44,21,0.0627293586730957
7095,7,7,0.4343445301055908
7096,39,88,0.15102779865264893
7097,1,1,0.5909267663955688
7098,68,68,0.930359423160553
7099,83,83,0.21226823329925537
7100,71,60,0.7788381576538086
7101,69,39,0.1127743273973465
7102,84,68,0.06450657546520233
7103,23,23,0.6497563719749451
7104,51,51,0.20005583763122559
7105,40,40,0.49446234107017517
7106,63,59,0.1594572514295578
7107,17,17,0.4242149591445923
7108,31,19,0.6557421088218689
7109,48,48,0.7703293561935425
7110,48,48,0.3168303072452545
7111,2,5,0.1354379802942276
7112,50,85,0.1364021748304367
7113,66,42,0.1577228307723999
7114,98,6,0.14952966570854187
7115,44,34,0.16631591320037842
7116,12,85,0.18849563598632812
7117,14,29,0.19476622343063354
7118,56,1,0.11434990167617798
7119,58,13,0.569959282875061
7120,70,70,0.6819829344749451
7121,85,85,0.27783921360969543
7122,70,2,0.15500204265117645
7123,94,94,0.9439592361450195
7124,41,13,0.1424107402563095
7125,97,46,0.2898910939693451
7126,5,16,0.21409574151039124
7127,80,63,0.25716543197631836
7128,15,26,0.1163984090089798
7129,62,62,0.539267897605896
7130,2,36,0.26178768277168274
7131,58,81,0.6359934210777283
7132,56,59,0.46952444314956665
7133,13,89,0.3316360414028168
7134,72,20,0.42464902997016907
7135,97,55,0.1474466323852539
7136,25,86,0.29844263195991516
7137,87,8,0.10239461809396744
7138,19,86,0.225051149725914
7139,92,62,0.3849477171897888
7140,24,7,0.11051756888628006
7141,34,27,0.06379347294569016
7142,93,27,0.10426366329193115
7143,45,45,0.5276368856430054
7144,78,6,0.2155749648809433
7145,68,68,0.5740342140197754
7146,89,21,0.24754272401332855
7147,31,31,0.476271390914917
7148,73,95,0.3651862144470215
7149,85,85,0.5989438891410828
7150,50,36,0.12186285108327866
7151,95,49,0.2380770891904831
7152,80,15,0.18906955420970917
7153,96,43,0.1773587018251419
7154,76,76,0.3573004901409149
7155,32,79,0.15157264471054077
7156,77,32,0.14606578648090363
7157,19,19,0.8152416348457336
7158,59,59,0.34126949310302734
7159,84,15,0.1692621260881424
7160,48,48,0.5698937177658081
7161,10,15,0.1280229538679123
7162,32,42,0.20809553563594818
7163,98,35,0.6992546319961548
7164,33,33,0.3294985890388489
7165,69,69,0.4456256031990051
7166,14,54,0.4033300280570984
7167,69,49,0.3491359353065491
7168,36,88,0.16511668264865875
7169,72,93,0.09953810274600983
7170,65,54,0.2901037931442261
7171,94,16,0.21233586966991425
7172,86,86,0.33005332946777344
7173,64,55,0.07401791214942932
7174,16,16,0.45274800062179565
7175,90,45,0.1097399890422821
7176,56,84,0.1788601577281952
7177,4,74,0.2048538327217102
7178,96,94,0.1556587517261505
7179,83,83,0.2852904200553894
7180,71,60,0.35699376463890076
7181,51,42,0.20951567590236664
7182,41,89,0.08333011716604233
7183,65,88,0.17064149677753448
7184,61,61,0.6312451362609863
7185,63,97,0.13472971320152283
7186,96,96,0.3712460398674011
7187,62,70,0.3163239359855652
7188,85,85,0.4835669994354248
7189,74,63,0.1760745644569397
7190,57,40,0.11133521795272827
7191,23,39,0.349038690328598
7192,20,77,0.10963737219572067
7193,38,63,0.20400509238243103
7194,15,19,0.34746208786964417
7195,25,87,0.3297279179096222
7196,72,35,0.055757198482751846
7197,62,62,0.6137368679046631
7198,37,45,0.14695776998996735
7199,62,83,0.27203741669654846
7200,15,7,0.08024173974990845
7201,47,96,0.549685001373291
7202,75,78,0.10575500875711441
7203,26,70,0.1595960408449173
7204,28,28,0.5842169523239136
7205,27,37,0.23530353605747223
7206,37,97,0.10881485790014267
7207,58,58,0.8462702631950378
7208,46,28,0.06744229793548584
7209,48,48,0.9676839113235474
7210,52,52,0.36864030361175537
7211,79,54,0.3116745054721832
7212,71,12,0.5152219533920288
7213,7,24,0.3696652948856354
7214,60,60,0.5496274828910828
7215,60,41,0.17459529638290405
7216,38,36,0.1270550638437271
7217,49,49,0.24299971759319305
7218,62,26,0.2646208703517914
7219,0,0,0.24049201607704163
7220,19,34,0.26287955045700073
7221,46,11,0.30937162041664124
7222,90,95,0.17933842539787292
7223,5,84,0.10888443142175674
7224,22,87,0.21673548221588135
7225,34,44,0.133462592959404
7226,75,75,0.4045678377151489
7227,41,48,0.3064742982387543
7228,65,97,0.11011584103107452
7229,51,42,0.11074093729257584
7230,65,75,0.5791376233100891
7231,46,46,0.7093228101730347
7232,1,1,0.3835536241531372
7233,14,7,0.3330889940261841
7234,17,37,0.4859215319156647
7235,65,97,0.12447088956832886
7236,98,20,0.1442926824092865
7237,45,48,0.5403344631195068
7238,14,6,0.23644880950450897
7239,90,81,0.30877044796943665
7240,35,88,0.1269681602716446
7241,30,93,0.2552831470966339
7242,8,8,0.985629141330719
7243,21,3,0.2110733687877655
7244,28,28,0.6406750082969666
7245,18,33,0.32485368847846985
7246,65,33,0.13794907927513123
7247,32,33,0.09733714163303375
7248,34,27,0.08601152896881104
7249,48,8,0.7562914490699768
7250,75,30,0.2022961676120758
7251,29,48,0.2740533649921417
7252,92,83,0.21077486872673035
7253,76,76,0.8476966023445129
7254,30,30,0.412157267332077
7255,93,91,0.13980023562908173
7256,4,32,0.16618612408638
7257,37,26,0.14484110474586487
7258,82,83,0.3515928387641907
7259,9,8,0.49671968817710876
7260,11,11,0.2544766962528229
7261,54,54,0.5641762018203735
7262,8,8,0.4205078184604645
7263,43,42,0.31976842880249023
7264,67,67,0.12058596312999725
7265,30,8,0.05594973266124725
7266,8,8,0.7060368061065674
7267,40,11,0.06922711431980133
7268,53,10,0.592075526714325
7269,1,70,0.17730776965618134
7270,93,32,0.06148851290345192
7271,26,93,0.0878695622086525
7272,93,93,0.21089927852153778
7273,6,42,0.24886490404605865
7274,87,84,0.0836498886346817
7275,22,16,0.24219802021980286
7276,91,26,0.12970145046710968
7277,24,24,0.4680294692516327
7278,75,75,0.9675623774528503
7279,34,76,0.1187441423535347
7280,86,16,0.22570575773715973
7281,8,8,0.6681205034255981
7282,8,8,0.3797774612903595
7283,42,63,0.3149937391281128
7284,51,82,0.1056712344288826
7285,94,16,0.4573136568069458
7286,81,81,0.27329328656196594
7287,18,18,0.2324814349412918
7288,85,41,0.6824562549591064
7289,48,48,0.3330153524875641
7290,35,35,0.216457799077034
7291,20,26,0.2406875491142273
7292,50,32,0.10009255260229111
7293,19,31,0.2149781733751297
7294,55,55,0.1340739130973816
7295,26,26,0.45458170771598816
7296,64,75,0.20230109989643097
7297,78,13,0.11901173740625381
7298,15,37,0.14188365638256073
7299,72,38,0.31105244159698486
7300,93,1,0.14929728209972382
7301,65,31,0.28587642312049866
7302,95,75,0.34254440665245056
7303,87,87,0.34618857502937317
7304,72,72,0.13232269883155823
7305,35,6,0.19787275791168213
7306,27,33,0.17326898872852325
7307,36,36,0.2354118376970291
7308,97,44,0.12112273275852203
7309,73,1,0.3855106234550476
7310,35,68,0.22595568001270294
7311,12,12,0.1761275827884674
7312,24,41,0.2103177160024643
7313,70,70,0.4729524850845337
7314,4,63,0.2625277638435364
7315,26,45,0.08941449224948883
7316,71,60,0.4997612237930298
7317,34,43,0.18746566772460938
7318,67,28,0.2971338927745819
7319,20,13,0.19686102867126465
7320,85,58,0.22640886902809143
7321,74,74,0.12703782320022583
7322,99,99,0.3357846438884735
7323,92,92,0.26787009835243225
7324,99,81,0.22498396039009094
7325,21,21,0.21136502921581268
7326,50,36,0.16148756444454193
7327,36,63,0.09031137079000473
7328,82,82,0.6308373212814331
7329,95,73,0.8049655556678772
7330,71,71,0.19580985605716705
7331,61,61,0.3200698792934418
7332,23,23,0.599617600440979
7333,15,29,0.3405197262763977
7334,77,17,0.11636210978031158
7335,40,40,0.32781925797462463
7336,74,50,0.14022542536258698
7337,25,68,0.1974540650844574
7338,19,19,0.6057990789413452
7339,67,73,0.41298067569732666
7340,6,24,0.6300981044769287
7341,61,9,0.17111505568027496
7342,68,68,0.27879270911216736
7343,46,22,0.1615014374256134
7344,5,5,0.2218458652496338
7345,10,87,0.20404930412769318
7346,11,2,0.19290101528167725
7347,41,41,0.32295626401901245
7348,55,30,0.32378560304641724
7349,96,47,0.4748077988624573
7350,57,57,0.5986176133155823
7351,30,65,0.2845517098903656
7352,96,38,0.1278427094221115
7353,88,88,0.14828425645828247
7354,92,51,0.20881108939647675
7355,72,21,0.137950137257576
7356,51,47,0.26099151372909546
7357,19,15,0.48011595010757446
7358,40,67,0.37484365701675415
7359,2,36,0.1032332181930542
7360,76,8,0.17441189289093018
7361,54,70,0.5280634760856628
7362,22,83,0.22700926661491394
7363,68,68,0.9730609655380249
7364,70,64,0.19487839937210083
7365,0,83,0.30862581729888916
7366,5,25,0.12682880461215973
7367,42,17,0.34220510721206665
7368,11,35,0.061669811606407166
7369,61,70,0.1927575320005417
7370,88,88,0.12012223899364471
7371,67,67,0.5979686379432678
7372,77,18,0.2274290770292282
7373,34,42,0.12534669041633606
7374,29,25,0.09741241484880447
7375,97,64,0.2202700823545456
7376,13,13,0.310955673456192
7377,29,1,0.16794046759605408
7378,8,8,0.4147065281867981
7379,15,81,0.16141724586486816
7380,70,41,0.10278524458408356
7381,29,6,0.15339994430541992
7382,19,19,0.3897959887981415
7383,40,28,0.22687622904777527
7384,47,52,0.6396011114120483
7385,8,15,0.16056326031684875
7386,50,63,0.1582580804824829
7387,26,91,0.39801034331321716
7388,89,37,0.48960086703300476
7389,58,58,0.3142528235912323
7390,86,40,0.15125083923339844
7391,85,81,0.3296680450439453
7392,61,86,0.14349393546581268
7393,96,96,0.3261745572090149
7394,75,58,0.1781969964504242
7395,80,80,0.2127985656261444
7396,95,23,0.3522292673587799
7397,17,68,0.29834744334220886
7398,93,85,0.13051459193229675
7399,80,55,0.10710747539997101
7400,3,86,0.23279188573360443
7401,53,53,0.35437896847724915
7402,23,23,0.7133891582489014
7403,55,86,0.12290993332862854
7404,27,43,0.14994770288467407
7405,40,79,0.2861579358577728
7406,9,18,0.1698879450559616
7407,42,42,0.19957254827022552
7408,50,33,0.15914775431156158
7409,92,70,0.2364245057106018
7410,87,12,0.13381122052669525
7411,43,42,0.47606050968170166
7412,42,38,0.22104798257350922
7413,79,24,0.1923554688692093
7414,52,52,0.5810208916664124
7415,9,9,0.14595355093479156
7416,32,86,0.19559483230113983
7417,42,42,0.14832232892513275
7418,57,84,0.13147249817848206
7419,56,17,0.30494335293769836
7420,99,36,0.4161221385002136
7421,57,18,0.19038191437721252
7422,81,81,0.617461621761322
7423,9,9,0.9962664246559143
7424,70,0,0.5391722321510315
7425,51,42,0.33584851026535034
7426,50,36,0.08718683570623398
7427,42,43,0.10254357010126114
7428,10,10,0.3033083379268646
7429,70,18,0.07984039187431335
7430,40,54,0.14290596544742584
7431,40,94,0.2103164941072464
7432,63,64,0.08076252788305283
7433,50,63,0.42467132210731506
7434,19,29,0.1040499359369278
7435,62,54,0.4359041750431061
7436,28,28,0.319469153881073
7437,94,94,0.9440732002258301
7438,52,52,0.4154898524284363
7439,86,86,0.3637765944004059
7440,98,46,0.2520732581615448
7441,13,13,0.6380918622016907
7442,70,92,0.4801349639892578
7443,9,54,0.12430480122566223
7444,19,86,0.44394052028656006
7445,15,42,0.13209432363510132
7446,68,49,0.23939798772335052
7447,66,51,0.21443846821784973
7448,24,24,0.5947765111923218
7449,63,42,0.4549187421798706
7450,56,47,0.3158535659313202
7451,60,71,0.24789947271347046
7452,12,12,0.47885391116142273
7453,53,26,0.40828269720077515
7454,36,96,0.10919040441513062
7455,98,46,0.07167286425828934
7456,20,20,0.8512498140335083
7457,92,70,0.38000330328941345
7458,24,24,0.7079391479492188
7459,16,16,0.9644250869750977
7460,26,26,0.3512589931488037
7461,12,49,0.5353754758834839
7462,33,47,0.22813698649406433
7463,45,14,0.1453917920589447
7464,71,23,0.3479596674442291
7465,61,22,0.2984704375267029
7466,30,73,0.37119802832603455
7467,45,89,0.17159077525138855
7468,75,75,0.5312199592590332
7469,94,94,0.8804245591163635
7470,29,29,0.8093873858451843
7471,48,8,0.10163087397813797
7472,97,29,0.13928435742855072
7473,95,76,0.26773175597190857
7474,12,12,0.8593252897262573
7475,80,77,0.11443672329187393
7476,63,63,0.5982136130332947
7477,85,89,0.21120229363441467
7478,33,33,0.5533230304718018
7479,23,23,0.7031474709510803
7480,32,1,0.29967010021209717
7481,46,81,0.33138033747673035
7482,70,36,0.1787348836660385
7483,51,47,0.27590274810791016
7484,8,8,0.6355645060539246
7485,29,42,0.32976773381233215
7486,56,47,0.7229070663452148
7487,11,70,0.1692650318145752
7488,60,60,0.43790683150291443
7489,48,81,0.2235087752342224
7490,21,21,0.11589039862155914
7491,21,4,0.15731844305992126
7492,60,60,0.627564549446106
7493,56,56,0.617841899394989
7494,63,96,0.17016758024692535
7495,42,73,0.10755395889282227
7496,33,96,0.4605354964733124
7497,79,30,0.2902756333351135
7498,17,17,0.7698349356651306
7499,20,16,0.20417305827140808
7500,16,8,0.32437649369239807
7501,7,79,0.22080616652965546
7502,91,91,0.41639915108680725
7503,34,88,0.09715954214334488
7504,14,14,0.16347746551036835
7505,92,92,0.33364665508270264
7506,6,6,0.25644001364707947
7507,89,88,0.2885720133781433
7508,13,13,0.29053014516830444
7509,85,85,0.3765401840209961
7510,96,96,0.47803059220314026
7511,27,42,0.16180561482906342
7512,81,81,0.28883132338523865
7513,63,42,0.22764497995376587
7514,59,9,0.36545559763908386
7515,10,10,0.3619212508201599
7516,78,88,0.16880567371845245
7517,18,33,0.08144382387399673
7518,53,0,0.31365999579429626
7519,17,33,0.11673489958047867
7520,27,78,0.10034708678722382
7521,43,15,0.1652986854314804
7522,61,1,0.22444210946559906
7523,54,70,0.4007619321346283
7524,25,94,0.23255029320716858
7525,79,42,0.15125976502895355
7526,68,49,0.23066434264183044
7527,31,74,0.12949006259441376
7528,69,69,0.19482001662254333
7529,64,63,0.06446533650159836
7530,83,22,0.45030227303504944
7531,41,41,0.395206093788147
7532,23,71,0.3100696802139282
7533,35,8,0.1473775953054428
7534,96,17,0.5243886113166809
7535,20,20,0.992421567440033
7536,87,72,0.13327960669994354
7537,90,90,0.1507072150707245
7538,52,52,0.7818575501441956
7539,26,97,0.37462812662124634
7540,83,53,0.5195064544677734
7541,67,3,0.17218750715255737
7542,20,20,0.9020441174507141
7543,20,81,0.0739130899310112
7544,7,86,0.2883172631263733
7545,83,84,0.2736222743988037
7546,27,24,0.07643546909093857
7547,45,83,0.33663904666900635
7548,68,68,0.19411177933216095
7549,93,10,0.1728546917438507
7550,86,55,0.08559103310108185
7551,12,17,0.37673136591911316
7552,60,60,0.5710065960884094
7553,73,25,0.12237392365932465
7554,99,22,0.22584570944309235
7555,1,83,0.16739356517791748
7556,92,82,0.46833837032318115
7557,80,97,0.06572173535823822
7558,26,29,0.1902441382408142
7559,58,81,0.10362859815359116
7560,88,88,0.33922016620635986
7561,97,34,0.11410712450742722
7562,88,8,0.4287591278553009
7563,19,84,0.06788688153028488
7564,34,99,0.12948094308376312
7565,23,23,0.3551626205444336
7566,19,60,0.23361390829086304
7567,13,48,0.16508010029792786
7568,44,87,0.14289329946041107
7569,48,48,0.9808730483055115
7570,58,78,0.13104422390460968
7571,16,16,0.6356936693191528
7572,63,67,0.06402584165334702
7573,80,7,0.40789029002189636
7574,55,30,0.27005136013031006
7575,4,15,0.08698446303606033
7576,32,32,0.15119224786758423
7577,46,49,0.21529102325439453
7578,98,32,0.17162933945655823
7579,32,32,0.29467564821243286
7580,45,45,0.35765230655670166
7581,87,16,0.4493884742259979
7582,97,37,0.20942822098731995
7583,12,33,0.30132079124450684
7584,8,78,0.0865228921175003
7585,45,45,0.3437739908695221
7586,92,92,0.3245525658130646
7587,31,34,0.15443839132785797
7588,62,53,0.28668421506881714
7589,61,61,0.4707183539867401
7590,89,89,0.707676112651825
7591,62,62,0.7471210360527039
7592,78,22,0.3395247459411621
7593,83,82,0.328846275806427
7594,45,26,0.1686302274465561
7595,85,63,0.43426772952079773
7596,28,28,0.7715727686882019
7597,37,37,0.3790040612220764
7598,54,54,0.34474197030067444
7599,30,48,0.19441290199756622
7600,95,95,0.5956986546516418
7601,7,7,0.19900859892368317
7602,59,49,0.4809877872467041
7603,24,24,0.6042314171791077
7604,94,94,0.8793339133262634
7605,7,7,0.4793006181716919
7606,94,94,0.30600959062576294
7607,94,94,0.9086956977844238
7608,11,35,0.26680105924606323
7609,42,89,0.17638714611530304
7610,65,96,0.48893997073173523
7611,47,52,0.5721626281738281
7612,40,86,0.315674751996994
7613,38,97,0.10561974346637726
7614,4,43,0.1099947839975357
7615,80,4,0.1801167130470276
7616,82,82,0.9705728888511658
7617,46,36,0.27730464935302734
7618,75,75,0.8850198984146118
7619,51,33,0.12763990461826324
7620,74,24,0.17676350474357605
7621,34,42,0.10933445394039154
7622,5,61,0.34087538719177246
7623,85,89,0.18237707018852234
7624,30,30,0.4870968163013458
7625,74,36,0.13567832112312317
7626,22,61,0.18871363997459412
7627,95,86,0.17422160506248474
7628,81,89,0.3893483281135559
7629,92,70,0.27390241622924805
7630,91,74,0.14503417909145355
7631,52,52,0.7687333822250366
7632,51,51,0.20481723546981812
7633,44,24,0.26419100165367126
7634,62,83,0.23016397655010223
7635,65,7,0.23588456213474274
7636,76,79,0.30706554651260376
7637,84,16,0.16711850464344025
7638,0,92,0.3523821234703064
7639,43,77,0.08766093105077744
7640,48,48,0.5530589818954468
7641,67,33,0.14452113211154938
7642,62,83,0.17082275450229645
7643,89,45,0.1557697057723999
7644,83,1,0.09480974823236465
7645,18,33,0.18526843190193176
7646,31,81,0.46591082215309143
7647,19,63,0.25895291566848755
7648,8,12,0.13412143290042877
7649,68,68,0.49992620944976807
7650,97,76,0.26213598251342773
7651,3,31,0.20500034093856812
7652,83,83,0.36368921399116516
7653,70,70,0.28477659821510315
7654,39,6,0.25379544496536255
7655,0,0,0.4470119774341583
7656,86,26,0.1739698350429535
7657,77,51,0.6587360501289368
7658,58,13,0.47094109654426575
7659,19,39,0.14536148309707642
7660,89,12,0.22597724199295044
7661,90,13,0.3051222562789917
7662,81,89,0.09067490696907043
7663,61,61,0.9490174055099487
7664,41,41,0.3094319999217987
7665,80,33,0.12209884822368622
7666,52,52,0.7678358554840088
7667,66,65,0.06260449439287186
7668,68,68,0.8702115416526794
7669,80,88,0.11485431343317032
7670,43,4,0.1511353999376297
7671,11,63,0.07169245183467865
7672,25,5,0.22431397438049316
7673,27,63,0.09368735551834106
7674,35,36,0.16720439493656158
7675,50,74,0.07586003094911575
7676,88,97,0.16029389202594757
7677,14,7,0.14323291182518005
7678,75,75,0.31495457887649536
7679,53,53,0.22199009358882904
7680,3,15,0.14749379456043243
7681,5,32,0.2038571983575821
7682,35,2,0.16509801149368286
7683,82,82,0.3611558675765991
7684,7,7,0.5351682901382446
7685,90,97,0.0848393514752388
7686,61,61,0.3961445987224579
7687,7,7,0.5609637498855591
7688,91,51,0.122842937707901
7689,1,70,0.46457546949386597
7690,5,5,0.35131019353866577
7691,17,37,0.20578941702842712
7692,72,56,0.6450900435447693
7693,41,13,0.3798551559448242
7694,94,94,0.8615435361862183
7695,33,33,0.3749806582927704
7696,67,80,0.08317755162715912
7697,33,39,0.2205851525068283
7698,39,59,0.1667301058769226
7699,23,23,0.6641943454742432
7700,6,65,0.08626361936330795
7701,31,59,0.19678126275539398
7702,63,63,0.13230480253696442
7703,71,60,0.3898129463195801
7704,67,67,0.1789209097623825
7705,93,59,0.1253012716770172
7706,84,89,0.3448919653892517
7707,46,54,0.12078501284122467
7708,74,64,0.11325257271528244
7709,33,60,0.3379936218261719
7710,77,15,0.10268868505954742
7711,65,15,0.07577072829008102
7712,50,29,0.13586509227752686
7713,98,6,0.08559282124042511
7714,51,92,0.21617752313613892
7715,72,38,0.13656412065029144
7716,36,36,0.7925305962562561
7717,3,67,0.13303707540035248
7718,41,41,0.9648476243019104
7719,47,47,0.3454420268535614
7720,54,54,0.3618758022785187
7721,87,12,0.35359200835227966
7722,37,16,0.13032390177249908
7723,75,75,0.14261645078659058
7724,74,63,0.11849132925271988
7725,71,49,0.22389665246009827
7726,14,24,0.7367724776268005
7727,57,3,0.17617595195770264
7728,9,89,0.09632366895675659
7729,44,5,0.29456818103790283
7730,57,53,0.4134470820426941
7731,83,83,0.9086155891418457
7732,45,25,0.08547477424144745
7733,61,82,0.44187188148498535
7734,52,47,0.46943336725234985
7735,63,42,0.2013496607542038
7736,89,40,0.13312412798404694
7737,10,22,0.6884620785713196
7738,85,85,0.20162805914878845
7739,39,39,0.411513090133667
7740,7,18,0.3131396770477295
7741,25,96,0.3010266125202179
7742,98,45,0.6773274540901184
7743,74,57,0.12317094951868057
7744,70,70,0.6623916029930115
7745,70,70,0.7361041307449341
7746,49,23,0.31445446610450745
7747,70,62,0.47312626242637634
7748,87,87,0.44286414980888367
7749,90,89,0.18328550457954407
7750,15,41,0.08888374269008636
7751,65,96,0.08368386328220367
7752,97,78,0.07864423096179962
7753,36,36,0.22474201023578644
7754,83,83,0.570530116558075
7755,82,82,0.6362200379371643
7756,51,19,0.2192998081445694
7757,32,97,0.1588548868894577
7758,7,24,0.18988269567489624
7759,74,32,0.13007999956607819
7760,80,42,0.4194992482662201
7761,2,46,0.19871176779270172
7762,28,9,0.4166938364505768
7763,78,43,0.1577622890472412
7764,40,43,0.10919375717639923
7765,36,36,0.17545519769191742
7766,91,90,0.11288965493440628
7767,91,13,0.1937398463487625
7768,99,48,0.6066944003105164
7769,73,73,0.7000116109848022
7770,24,69,0.48153215646743774
7771,83,83,0.4175429940223694
7772,42,56,0.1414353996515274
7773,92,62,0.27703577280044556
7774,90,17,0.23009978234767914
7775,50,50,0.10601018369197845
7776,82,82,0.9726094603538513
7777,24,24,0.5828873515129089
7778,65,34,0.10978109389543533
7779,16,39,0.13940507173538208
7780,40,22,0.1947801560163498
7781,39,39,0.14658832550048828
7782,7,7,0.3227706849575043
7783,31,59,0.11708459258079529
7784,10,36,0.09583938866853714
7785,51,84,0.08964160084724426
7786,96,96,0.3855137228965759
7787,51,63,0.14524231851100922
7788,29,8,0.20460809767246246
7789,66,78,0.07610740512609482
7790,83,53,0.2687350809574127
7791,30,30,0.538707971572876
7792,84,84,0.14066553115844727
7793,29,36,0.1784965842962265
7794,5,5,0.1393367201089859
7795,10,26,0.1958620846271515
7796,53,10,0.5175508856773376
7797,74,8,0.13818736374378204
7798,72,91,0.15864089131355286
7799,34,17,0.5103721022605896
7800,15,15,0.27280086278915405
7801,44,8,0.4697716534137726
7802,25,73,0.15759217739105225
7803,66,11,0.10331372171640396
7804,10,69,0.15280257165431976
7805,55,36,0.15059110522270203
7806,48,48,0.8931083083152771
7807,95,30,0.3923584818840027
7808,63,66,0.07986991107463837
7809,64,78,0.13735082745552063
7810,77,8,0.10434979200363159
7811,3,25,0.20392493903636932
7812,13,13,0.4482537806034088
7813,18,82,0.36981743574142456
7814,92,54,0.4554396867752075
7815,55,33,0.21509075164794922
7816,13,13,0.31878721714019775
7817,30,32,0.13283871114253998
7818,29,7,0.18392924964427948
7819,91,70,0.15787704288959503
7820,91,91,0.8007354736328125
7821,61,61,0.9628137350082397
7822,75,75,0.27316856384277344
7823,58,12,0.3140968382358551
7824,60,71,0.3410830795764923
7825,70,70,0.4483022391796112
7826,46,46,0.2598508298397064
7827,52,52,0.7868693470954895
7828,94,20,0.2257518470287323
7829,89,13,0.17376692593097687
7830,90,44,0.058122213929891586
7831,56,59,0.26653236150741577
7832,57,6,0.27711769938468933
7833,43,45,0.28071051836013794
7834,60,60,0.652934193611145
7835,45,58,0.1695614904165268
7836,30,30,0.5565699338912964
7837,59,89,0.20536713302135468
7838,78,26,0.4041966199874878
7839,6,29,0.1969216912984848
7840,80,42,0.2692004442214966
7841,80,51,0.14027000963687897
7842,54,54,0.2540852129459381
7843,83,10,0.3785666227340698
7844,60,60,0.4546529948711395
7845,76,76,0.538449764251709
7846,92,54,0.09857512265443802
7847,18,33,0.24700912833213806
7848,14,8,0.07939392328262329
7849,26,5,0.1406412273645401
7850,9,9,0.9453961849212646
7851,81,90,0.28719550371170044
7852,85,85,0.3975900113582611
7853,32,3,0.15358895063400269
7854,63,63,0.5767051577568054
7855,43,53,0.14435121417045593
7856,56,40,0.10913387686014175
7857,87,94,0.3972417414188385
7858,78,68,0.11010758578777313
7859,45,29,0.1329844892024994
7860,99,67,0.5440939664840698
7861,70,0,0.41467469930648804
7862,8,26,0.11017841100692749
7863,12,90,0.15806622803211212
7864,65,33,0.12314889580011368
7865,80,51,0.1761922985315323
7866,58,41,0.07554657012224197
7867,17,17,0.2222345620393753
7868,39,30,0.08894621580839157
7869,53,0,0.4223427176475525
7870,66,39,0.12854376435279846
7871,48,48,0.19744977355003357
7872,25,10,0.1976548731327057
7873,88,50,0.1492007076740265
7874,32,13,0.24336275458335876
7875,97,74,0.19056226313114166
7876,87,56,0.21499548852443695
7877,37,12,0.139791339635849
7878,40,28,0.21010510623455048
7879,91,85,0.674164891242981
7880,16,84,0.335635244846344
7881,27,77,0.10743166506290436
7882,33,33,0.17019064724445343
7883,86,87,0.24774277210235596
7884,89,89,0.5649340748786926
7885,5,43,0.10179227590560913
7886,76,69,0.4440633952617645
7887,83,7,0.20367930829524994
7888,74,74,0.31711867451667786
7889,85,89,0.16772715747356415
7890,24,7,0.42979949712753296
7891,93,75,0.30137577652931213
7892,32,61,0.14837434887886047
7893,76,76,0.27799054980278015
7894,45,44,0.09307605773210526
7895,5,10,0.182569682598114
7896,52,47,0.3915911018848419
7897,46,97,0.06539403647184372
7898,72,91,0.11878398805856705
7899,40,40,0.43677186965942383
7900,58,58,0.23632101714611053
7901,84,5,0.18698865175247192
7902,6,6,0.3882268965244293
7903,91,81,0.5524535775184631
7904,38,51,0.20674921572208405
7905,35,35,0.2325790971517563
7906,66,42,0.23802034556865692
7907,25,47,0.28186893463134766
7908,79,79,0.14684365689754486
7909,57,53,0.5853626132011414
7910,23,60,0.0900806412100792
7911,14,14,0.2918577194213867
7912,15,63,0.33719712495803833
7913,86,86,0.9537672400474548
7914,75,75,0.16012969613075256
7915,45,20,0.15067769587039948
7916,6,77,0.10504932701587677
7917,22,16,0.20999078452587128
7918,33,33,0.44694703817367554
7919,76,76,0.3573855459690094
7920,52,59,0.4083484411239624
7921,41,90,0.31606584787368774
7922,90,49,0.2245560586452484
7923,22,53,0.2875725030899048
7924,34,45,0.24981072545051575
7925,45,33,0.17561718821525574
7926,66,56,0.16453708708286285
7927,7,7,0.07262320816516876
7928,95,30,0.5591415762901306
7929,11,2,0.10369116067886353
7930,1,53,0.28739434480667114
7931,23,23,0.5670245885848999
7932,3,67,0.16006837785243988
7933,22,58,0.2495458871126175
7934,5,5,0.21594008803367615
7935,80,44,0.061442241072654724
7936,93,93,0.2177237719297409
7937,27,33,0.09887261688709259
7938,86,28,0.4829932749271393
7939,69,79,0.6345860958099365
7940,92,62,0.5522237420082092
7941,53,53,0.5938717126846313
7942,54,1,0.16914919018745422
7943,63,43,0.12071825563907623
7944,18,18,0.16539205610752106
7945,84,45,0.2733314633369446
7946,66,22,0.20973558723926544
7947,8,8,0.1542384773492813
7948,59,96,0.3943389654159546
7949,8,8,0.46963009238243103
7950,42,63,0.11458761245012283
7951,62,62,0.420430064201355
7952,29,29,0.12076468765735626
7953,30,67,0.2686944007873535
7954,73,73,0.5380131602287292
7955,2,2,0.19449461996555328
7956,96,47,0.18667453527450562
7957,39,68,0.0975167378783226
7958,4,63,0.07042918354272842
7959,22,51,0.17238497734069824
7960,45,90,0.08290303498506546
7961,83,89,0.19469022750854492
7962,58,54,0.18869544565677643
7963,73,73,0.40631207823753357
7964,18,18,0.17081166803836823
7965,84,94,0.2673874795436859
7966,4,89,0.21835264563560486
7967,5,39,0.17416103184223175
7968,2,26,0.06938222050666809
7969,18,18,0.2025890052318573
7970,23,23,0.48551473021507263
7971,29,24,0.4365420639514923
7972,85,85,0.12647579610347748
7973,34,45,0.13168928027153015
7974,42,93,0.07670201361179352
7975,16,16,0.2730751931667328
7976,86,16,0.3242447078227997
7977,65,23,0.1261632889509201
7978,95,95,0.3621353805065155
7979,45,99,0.06855980306863785
7980,97,22,0.5524956583976746
7981,0,70,0.07776504009962082
7982,20,56,0.1059509739279747
7983,46,32,0.133319690823555
7984,44,93,0.07963107526302338
7985,86,86,0.311576783657074
7986,92,70,0.2974129021167755
7987,29,7,0.36294981837272644
7988,85,85,0.30352669954299927
7989,82,82,0.9327516555786133
7990,91,42,0.07042448967695236
7991,82,82,0.20963945984840393
7992,17,17,0.8543393015861511
7993,38,80,0.06302455812692642
7994,58,68,0.15867620706558228
7995,12,12,0.48164618015289307
7996,26,47,0.1886579394340515
7997,54,29,0.2244872897863388
7998,28,28,0.8175055980682373
7999,58,58,0.1109011322259903
8000,79,29,0.1279018223285675
8001,1,1,0.40491098165512085
8002,4,26,0.1646350771188736
8003,95,79,0.09969796985387802
8004,10,83,0.25936800241470337
8005,3,48,0.12775178253650665
8006,33,5,0.12663714587688446
8007,23,25,0.06371411681175232
8008,91,22,0.13320229947566986
8009,73,32,0.11358468979597092
8010,1,1,0.31572094559669495
8011,1,54,0.14383888244628906
8012,35,35,0.2052404284477234
8013,10,57,0.3464135527610779
8014,19,15,0.21383540332317352
8015,88,45,0.11335710436105728
8016,11,11,0.16789975762367249
8017,29,19,0.39696523547172546
8018,56,86,0.17645299434661865
8019,0,57,0.13263100385665894
8020,54,54,0.5385090708732605
8021,61,22,0.463543564081192
8022,20,48,0.3932841122150421
8023,13,13,0.1658274531364441
8024,17,60,0.278618186712265
8025,53,82,0.7282842993736267
8026,89,89,0.8872196078300476
8027,18,51,0.3685848116874695
8028,81,81,0.5228833556175232
8029,6,6,0.6886928081512451
8030,96,96,0.3791351616382599
8031,41,48,0.42658984661102295
8032,26,8,0.28967371582984924
8033,26,8,0.10863994061946869
8034,25,25,0.23328018188476562
8035,60,60,0.47796523571014404
8036,22,58,0.26498517394065857
8037,73,49,0.16217662394046783
8038,4,34,0.11285966634750366
8039,47,84,0.1340140551328659
8040,24,6,0.13531145453453064
8041,18,24,0.13599185645580292
8042,78,26,0.1558997631072998
8043,17,17,0.5830815434455872
8044,7,79,0.22773145139217377
8045,0,0,0.4577616751194
8046,87,16,0.1631261110305786
8047,26,39,0.231253981590271
8048,95,73,0.35577523708343506
8049,14,88,0.3948935270309448
8050,56,96,0.2964130640029907
8051,18,77,0.12763841450214386
8052,12,12,0.13724812865257263
8053,54,70,0.574123740196228
8054,21,38,0.2032162845134735
8055,79,7,0.11138058453798294
8056,8,8,0.9723498225212097
8057,43,80,0.15269896388053894
8058,39,97,0.07207982987165451
8059,24,11,0.046899594366550446
8060,40,22,0.7301692366600037
8061,53,82,0.16597366333007812
8062,35,11,0.19457565248012543
8063,21,64,0.11498427391052246
8064,31,79,0.09904076904058456
8065,8,8,0.09810083359479904
8066,57,56,0.2313968986272812
8067,33,33,0.5639605522155762
8068,82,88,0.22286207973957062
8069,35,46,0.2072121649980545
8070,6,66,0.12898322939872742
8071,5,94,0.25433191657066345
8072,40,0,0.16781236231327057
8073,65,97,0.09279719740152359
8074,22,61,0.4933524429798126
8075,16,16,0.21819305419921875
8076,64,66,0.27019599080085754
8077,57,94,0.20234130322933197
8078,98,2,0.09458938241004944
8079,64,63,0.1630731076002121
8080,88,45,0.21723797917366028
8081,55,81,0.09864331781864166
8082,58,58,0.5886858701705933
8083,27,78,0.14203374087810516
8084,36,67,0.180281862616539
8085,13,13,0.43962523341178894
8086,91,91,0.9010292291641235
8087,84,25,0.20490096509456635
8088,9,9,0.22618511319160461
8089,5,12,0.21714580059051514
8090,9,23,0.15213997662067413
8091,65,64,0.13309124112129211
8092,85,42,0.17036297917366028
8093,70,1,0.3501181900501251
8094,59,96,0.5474945902824402
8095,93,85,0.2828027307987213
8096,2,61,0.5682723522186279
8097,59,47,0.3860120177268982
8098,79,73,0.454780250787735
8099,70,70,0.6716467142105103
8100,34,26,0.12897318601608276
8101,97,66,0.10023059695959091
8102,86,22,0.08312320709228516
8103,49,49,0.7873114943504333
8104,18,7,0.08783413469791412
8105,55,19,0.07139497250318527
8106,70,70,0.269215852022171
8107,73,32,0.24478669464588165
8108,38,17,0.1746257096529007
8109,34,43,0.0970381572842598
8110,61,61,0.8656622171401978
8111,69,40,0.3443261384963989
8112,37,97,0.27997711300849915
8113,64,18,0.07899536192417145
8114,24,24,0.3245423138141632
8115,3,51,0.4143381714820862
8116,78,78,0.23118865489959717
8117,74,1,0.1776401400566101
8118,33,94,0.28484413027763367
8119,35,84,0.07889634370803833
8120,1,1,0.5630600452423096
8121,84,84,0.10103435069322586
8122,22,88,0.11889325827360153
8123,86,22,0.1075822040438652
8124,4,7,0.08969219028949738
8125,91,91,0.5169458389282227
8126,13,13,0.23451101779937744
8127,90,52,0.22021420300006866
8128,68,68,0.879783570766449
8129,60,71,0.49316421151161194
8130,84,63,0.13399633765220642
8131,0,70,0.28719472885131836
8132,34,34,0.5526205897331238
8133,18,70,0.27245524525642395
8134,32,26,0.14184725284576416
8135,92,70,0.34113407135009766
8136,14,7,0.1689235419034958
8137,96,12,0.23614521324634552
8138,35,42,0.1700202077627182
8139,86,20,0.33832067251205444
8140,3,3,0.14565476775169373
8141,89,89,0.5575606226921082
8142,79,27,0.12562693655490875
8143,15,36,0.2197505235671997
8144,66,25,0.08331524580717087
8145,35,98,0.12431152164936066
8146,50,66,0.15023085474967957
8147,12,37,0.14098535478115082
8148,41,41,0.9618248343467712
8149,31,63,0.3178742825984955
8150,34,43,0.23525787889957428
8151,93,26,0.13161960244178772
8152,84,79,0.17356260120868683
8153,26,29,0.21770964562892914
8154,74,48,0.1169450655579567
8155,78,77,0.2031235694885254
8156,50,1,0.18677538633346558
8157,57,65,0.12843270599842072
8158,54,28,0.5145484805107117
8159,2,45,0.14261716604232788
8160,95,67,0.4852506220340729
8161,44,44,0.1777786761522293
8162,66,97,0.2333776354789734
8163,60,60,0.9053615927696228
8164,26,42,0.1912594586610794
8165,58,81,0.21940778195858002
8166,82,82,0.7804586291313171
8167,67,45,0.395874559879303
8168,98,83,0.17099766433238983
8169,89,89,0.18672293424606323
8170,28,20,0.5032691359519958
8171,55,63,0.3122369349002838
8172,95,12,0.1617460548877716
8173,76,76,0.5198680758476257
8174,60,60,0.8966467976570129
8175,76,76,0.10010000318288803
8176,91,91,0.9820243120193481
8177,37,63,0.27659061551094055
8178,2,88,0.12979719042778015
8179,3,74,0.12582716345787048
8180,62,62,0.30938124656677246
8181,43,34,0.06585940718650818
8182,91,58,0.1830570548772812
8183,48,48,0.9774636626243591
8184,63,63,0.2161169797182083
8185,34,63,0.11136795580387115
8186,56,45,0.13460643589496613
8187,34,43,0.19741719961166382
8188,53,6,0.3127135932445526
8189,3,12,0.08647545427083969
8190,28,28,0.9570947289466858
8191,8,8,0.3505440354347229
8192,40,95,0.141275092959404
8193,44,79,0.0898452028632164
8194,33,82,0.24729472398757935
8195,61,61,0.954180121421814
8196,60,60,0.7929919958114624
8197,73,67,0.15978848934173584
8198,61,26,0.1413615196943283
8199,26,51,0.07854108512401581
8200,59,96,0.07968348264694214
8201,4,97,0.11985089629888535
8202,49,90,0.19792203605175018
8203,92,53,0.11403651535511017
8204,92,70,0.45750677585601807
8205,6,88,0.2896365821361542
8206,72,86,0.2932336628437042
8207,86,25,0.11905989795923233
8208,18,18,0.13785240054130554
8209,20,20,0.8816938400268555
8210,55,72,0.12484102696180344
8211,0,8,0.16664935648441315
8212,85,85,0.6042987108230591
8213,75,38,0.1669708788394928
8214,18,79,0.13948622345924377
8215,23,23,0.4178864359855652
8216,74,65,0.11953692883253098
8217,95,56,0.09830480068922043
8218,81,81,0.20066048204898834
8219,58,89,0.5210351943969727
8220,73,73,0.6287471055984497
8221,60,60,0.7223631739616394
8222,21,31,0.11268346756696701
8223,14,92,0.2909354567527771
8224,19,85,0.253940612077713
8225,87,87,0.20225489139556885
8226,47,96,0.26039302349090576
8227,79,79,0.20689931511878967
8228,90,1,0.31858718395233154
8229,75,40,0.16048918664455414
8230,73,27,0.12124504148960114
8231,15,15,0.21369998157024384
8232,41,45,0.31332311034202576
8233,39,21,0.23193809390068054
8234,99,22,0.13599231839179993
8235,11,97,0.0878915935754776
8236,94,94,0.29092636704444885
8237,45,45,0.22595348954200745
8238,91,91,0.2059609293937683
8239,36,36,0.24301858246326447
8240,77,56,0.5553624629974365
8241,3,3,0.1481316089630127
8242,75,75,0.12490157783031464
8243,92,92,0.33577877283096313
8244,94,94,0.10322171449661255
8245,61,61,0.1453525871038437
8246,50,85,0.39876243472099304
8247,38,38,0.2020319104194641
8248,12,12,0.24654445052146912
8249,1,1,0.593685507774353
8250,0,10,0.33017054200172424
8251,30,30,0.6830804347991943
8252,84,25,0.10951685160398483
8253,98,35,0.2631781995296478
8254,29,29,0.6339477896690369
8255,7,7,0.1368207484483719
8256,18,84,0.092384934425354
8257,48,16,0.17671765387058258
8258,89,13,0.28928864002227783
8259,91,91,0.9758186936378479
8260,84,45,0.11060498654842377
8261,63,47,0.14062310755252838
8262,62,70,0.47929665446281433
8263,31,31,0.24040813744068146
8264,40,24,0.11027348041534424
8265,55,56,0.226735457777977
8266,30,30,0.522793173789978
8267,61,61,0.38573703169822693
8268,86,86,0.560642659664154
8269,47,96,0.1875114142894745
8270,33,96,0.33786073327064514
8271,11,1,0.17363236844539642
8272,25,20,0.352297306060791
8273,14,34,0.14480134844779968
8274,28,28,0.670280933380127
8275,75,74,0.10496792942285538
8276,11,12,0.35923096537590027
8277,81,87,0.2831736207008362
8278,61,61,0.13744477927684784
8279,73,67,0.20431725680828094
8280,79,79,0.45822781324386597
8281,5,5,0.1803503781557083
8282,88,46,0.05094289407134056
8283,56,60,0.6902640461921692
8284,81,12,0.1888698786497116
8285,31,47,0.29050561785697937
8286,84,20,0.321926087141037
8287,69,38,0.19886167347431183
8288,30,30,0.3702743351459503
8289,6,82,0.16672703623771667
8290,68,59,0.11587316542863846
8291,70,70,0.5403867363929749
8292,12,81,0.3231833577156067
8293,74,51,0.33069127798080444
8294,7,33,0.19326382875442505
8295,21,87,0.2873814105987549
8296,55,40,0.0866234079003334
8297,71,71,0.38468456268310547
8298,5,97,0.12597934901714325
8299,14,14,0.2823695242404938
8300,48,48,0.9395521283149719
8301,18,18,0.27469414472579956
8302,0,0,0.7973551750183105
8303,70,70,0.3411785066127777
8304,38,15,0.1710989773273468
8305,26,7,0.16128632426261902
8306,24,7,0.4296763837337494
8307,69,69,0.20002970099449158
8308,16,22,0.47956913709640503
8309,9,9,0.5091477632522583
8310,42,42,0.14963100850582123
8311,41,41,0.7879220843315125
8312,39,27,0.07320372015237808
8313,27,75,0.5503767728805542
8314,0,0,0.6384708881378174
8315,70,70,0.11557798087596893
8316,85,85,0.20878523588180542
8317,9,94,0.2210710048675537
8318,43,4,0.11774812638759613
8319,79,69,0.2881050705909729
8320,77,7,0.08793327212333679
8321,75,75,0.2666519284248352
8322,74,74,0.3228796422481537
8323,80,38,0.20410200953483582
8324,42,42,0.2338823527097702
8325,67,19,0.2543146014213562
8326,8,15,0.18719762563705444
8327,0,0,0.7811013460159302
8328,36,43,0.13050131499767303
8329,89,85,0.16529861092567444
8330,43,43,0.3062197268009186
8331,46,45,0.09100627899169922
8332,69,69,0.4467959403991699
8333,56,89,0.07110881805419922
8334,42,27,0.10241664946079254
8335,10,22,0.29113534092903137
8336,71,71,0.43342795968055725
8337,98,98,0.4146342873573303
8338,55,30,0.2837722599506378
8339,40,69,0.10174699127674103
8340,16,5,0.19453123211860657
8341,0,6,0.11976650357246399
8342,21,30,0.1616649180650711
8343,2,2,0.243721604347229
8344,1,1,0.37900790572166443
8345,64,31,0.30211934447288513
8346,52,96,0.414909303188324
8347,43,43,0.46331554651260376
8348,83,62,0.4484381675720215
8349,65,56,0.050409432500600815
8350,68,68,0.6221104860305786
8351,18,13,0.42230087518692017
8352,1,34,0.11455139517784119
8353,25,73,0.19519126415252686
8354,96,96,0.13117583096027374
8355,46,98,0.18374314904212952
8356,47,47,0.44857946038246155
8357,90,90,0.3403633236885071
8358,2,2,0.5035127997398376
8359,28,28,0.6012453436851501
8360,37,56,0.2946358025074005
8361,61,2,0.12460816651582718
8362,31,31,0.3133791387081146
8363,77,6,0.10487614572048187
8364,4,27,0.08266609907150269
8365,92,70,0.382999062538147
8366,38,31,0.14137707650661469
8367,93,30,0.42756882309913635
8368,28,28,0.21676643192768097
8369,39,39,0.22188332676887512
8370,18,6,0.14904148876667023
8371,41,41,0.9315439462661743
8372,44,8,0.33660033345222473
8373,49,49,0.6846363544464111
8374,1,92,0.3618010878562927
8375,11,11,0.5369025468826294
8376,19,42,0.06435498595237732
8377,91,50,0.07406748086214066
8378,82,82,0.17041566967964172
8379,4,4,0.1456080973148346
8380,60,60,0.4520490765571594
8381,34,88,0.10812557488679886
8382,56,56,0.8493409156799316
8383,19,70,0.10644128918647766
8384,32,32,0.7281476855278015
8385,74,42,0.23086827993392944
8386,87,87,0.1545007824897766
8387,99,55,0.15561525523662567
8388,72,73,0.23198486864566803
8389,98,36,0.19084006547927856
8390,8,33,0.2697088122367859
8391,58,86,0.26175668835639954
8392,93,73,0.3773671090602875
8393,87,78,0.16308851540088654
8394,87,83,0.11078828573226929
8395,24,24,0.13228179514408112
8396,35,86,0.14119423925876617
8397,43,82,0.3845312297344208
8398,52,47,0.6035252213478088
8399,6,82,0.7521202564239502
8400,4,30,0.3015863597393036
8401,33,33,0.3951755166053772
8402,8,8,0.5446696281433105
8403,63,77,0.15420947968959808
8404,26,26,0.29264795780181885
8405,34,34,0.40653297305107117
8406,39,10,0.31565871834754944
8407,97,78,0.08002969622612
8408,47,52,0.39802128076553345
8409,75,78,0.20258450508117676
8410,33,81,0.1543523371219635
8411,87,87,0.8829619884490967
8412,49,96,0.3162692189216614
8413,46,46,0.4407286047935486
8414,16,16,0.932959258556366
8415,33,33,0.9617292284965515
8416,76,23,0.1663254052400589
8417,41,41,0.9923751950263977
8418,97,63,0.1971883922815323
8419,8,7,0.11628654599189758
8420,75,79,0.0910426452755928
8421,17,37,0.34746354818344116
8422,80,18,0.1524295061826706
8423,93,93,0.5048788785934448
8424,27,80,0.11440593004226685
8425,4,4,0.2926587164402008
8426,41,41,0.1258426010608673
8427,49,60,0.5279107093811035
8428,30,73,0.37815067172050476
8429,31,72,0.11704769730567932
8430,21,21,0.09762104600667953
8431,77,18,0.2209041267633438
8432,90,81,0.08467093855142593
8433,54,54,0.9354462027549744
8434,87,87,0.31288227438926697
8435,86,86,0.39249348640441895
8436,37,37,0.13186004757881165
8437,47,12,0.20775404572486877
8438,66,42,0.21711494028568268
8439,2,35,0.125613734126091
8440,73,73,0.46917012333869934
8441,55,93,0.18992923200130463
8442,25,70,0.1563485711812973
8443,62,62,0.5560417771339417
8444,26,26,0.15131856501102448
8445,19,57,0.18096110224723816
8446,28,99,0.14084720611572266
8447,15,89,0.3363873362541199
8448,14,54,0.30562451481819153
8449,59,14,0.06936215609312057
8450,69,76,0.17391888797283173
8451,45,70,0.4345565736293793
8452,92,48,0.3367151618003845
8453,39,39,0.5520288944244385
8454,42,88,0.1736954152584076
8455,58,90,0.10138104110956192
8456,49,56,0.1975748986005783
8457,48,48,0.3187950551509857
8458,44,33,0.1781681627035141
8459,71,71,0.3590659499168396
8460,48,89,0.2186886966228485
8461,69,68,0.11162262409925461
8462,9,21,0.5664918422698975
8463,77,84,0.10741391032934189
8464,25,37,0.15096183121204376
8465,35,97,0.07109318673610687
8466,23,71,0.3983019292354584
8467,66,64,0.15793603658676147
8468,66,48,0.2212604135274887
8469,88,42,0.06264008581638336
8470,82,82,0.9817076921463013
8471,1,45,0.17815236747264862
8472,39,23,0.38395753502845764
8473,88,88,0.27235299348831177
8474,93,87,0.11867596954107285
8475,82,56,0.5051836967468262
8476,7,14,0.39857393503189087
8477,17,9,0.5888462066650391
8478,56,59,0.5727849006652832
8479,40,28,0.5369685292243958
8480,70,70,0.23627911508083344
8481,1,77,0.12210000306367874
8482,68,60,0.28269854187965393
8483,59,52,0.8963639736175537
8484,69,69,0.6052755117416382
8485,45,26,0.1975717693567276
8486,16,16,0.9005866646766663
8487,6,83,0.25484499335289
8488,85,85,0.5879160761833191
8489,12,12,0.48027467727661133
8490,99,20,0.35825034976005554
8491,88,14,0.20416578650474548
8492,40,40,0.7221053838729858
8493,68,17,0.39571094512939453
8494,36,36,0.25379180908203125
8495,23,69,0.2388066202402115
8496,17,93,0.23119816184043884
8497,13,26,0.15930216014385223
8498,20,10,0.1743834763765335
8499,46,26,0.14701390266418457
8500,75,27,0.10282228142023087
8501,61,22,0.3129442632198334
8502,70,62,0.270063579082489
8503,58,58,0.20424805581569672
8504,42,51,0.13647310435771942
8505,51,18,0.17732380330562592
8506,75,3,0.07456788420677185
8507,73,99,0.14586952328681946
8508,70,70,0.5199005007743835
8509,37,37,0.23901009559631348
8510,28,28,0.46874311566352844
8511,90,89,0.33895400166511536
8512,95,30,0.15415209531784058
8513,88,14,0.11495812982320786
8514,68,17,0.4454892873764038
8515,38,38,0.22911927103996277
8516,95,95,0.3808393180370331
8517,77,79,0.3903091251850128
8518,16,43,0.23149339854717255
8519,58,48,0.15980742871761322
8520,99,64,0.08290639519691467
8521,39,99,0.4749760031700134
8522,56,95,0.14216594398021698
8523,17,17,0.7735657691955566
8524,33,96,0.39228367805480957
8525,77,63,0.16899657249450684
8526,63,63,0.09481731802225113
8527,87,94,0.696127712726593
8528,75,35,0.14826220273971558
8529,4,42,0.10868600010871887
8530,16,99,0.0890364944934845
8531,94,94,0.9536210894584656
8532,55,22,0.06153836101293564
8533,76,76,0.9327090382575989
8534,60,49,0.3700442612171173
8535,97,97,0.09532050788402557
8536,1,91,0.3372601866722107
8537,0,0,0.3261972963809967
8538,75,75,0.3486565351486206
8539,31,31,0.38718268275260925
8540,55,93,0.13960452377796173
8541,71,71,0.6013582944869995
8542,75,3,0.22606231272220612
8543,52,47,0.6656572818756104
8544,6,7,0.201091468334198
8545,43,43,0.41481032967567444
8546,14,84,0.061059847474098206
8547,84,77,0.07856132090091705
8548,14,6,0.3165976107120514
8549,51,35,0.09629969298839569
8550,1,26,0.2437266707420349
8551,88,80,0.14735321700572968
8552,53,53,0.42640918493270874
8553,66,30,0.10967140644788742
8554,5,25,0.19508714973926544
8555,56,59,0.4190301299095154
8556,32,26,0.4400525391101837
8557,52,17,0.36089658737182617
8558,40,28,0.27499088644981384
8559,24,24,0.38076627254486084
8560,86,87,0.36808907985687256
8561,54,70,0.16219252347946167
8562,54,54,0.2905043959617615
8563,88,42,0.2850046753883362
8564,61,61,0.9635416269302368
8565,87,87,0.8782916069030762
8566,54,54,0.44368821382522583
8567,24,24,0.7593327760696411
8568,10,16,0.08388260751962662
8569,85,63,0.3188278079032898
8570,17,37,0.3494061529636383
8571,90,12,0.36107003688812256
8572,22,22,0.8866070508956909
8573,86,86,0.8044394254684448
8574,77,84,0.1429324895143509
8575,79,79,0.6314505934715271
8576,94,33,0.10578794032335281
8577,45,26,0.24020268023014069
8578,0,83,0.36058473587036133
8579,39,39,0.46208664774894714
8580,89,89,0.3346600830554962
8581,82,82,0.6591281294822693
8582,41,14,0.20173358917236328
8583,87,25,0.12723231315612793
8584,91,91,0.24501825869083405
8585,73,37,0.09138267487287521
8586,4,77,0.14045485854148865
8587,62,62,0.2636796236038208
8588,72,37,0.14914162456989288
8589,98,94,0.40620356798171997
8590,10,64,0.16053809225559235
8591,11,35,0.20112226903438568
8592,28,28,0.6975045800209045
8593,38,42,0.12703727185726166
8594,74,33,0.09535747021436691
8595,70,70,0.5947450995445251
8596,13,13,0.19708643853664398
8597,7,7,0.5044283270835876
8598,15,15,0.5459054708480835
8599,24,7,0.06933335959911346
8600,76,76,0.4973566234111786
8601,98,46,0.2620183229446411
8602,67,55,0.13132567703723907
8603,79,6,0.106004998087883
8604,15,38,0.2059079259634018
8605,47,47,0.559766948223114
8606,47,47,0.8048318028450012
8607,93,32,0.4064849019050598
8608,73,67,0.4344867467880249
8609,13,81,0.37366461753845215
8610,26,26,0.4166334569454193
8611,70,70,0.4580264687538147
8612,95,30,0.37415608763694763
8613,60,60,0.842938244342804
8614,70,70,0.670081615447998
8615,11,2,0.1657426804304123
8616,82,82,0.15901435911655426
8617,66,89,0.26567837595939636
8618,34,29,0.3895561099052429
8619,6,3,0.12928415834903717
8620,65,97,0.08541923761367798
8621,62,62,0.4599802792072296
8622,74,58,0.5390490293502808
8623,46,17,0.2442321628332138
8624,36,43,0.2925804555416107
8625,88,63,0.12071453034877777
8626,96,59,0.2636055052280426
8627,48,48,0.584161102771759
8628,79,65,0.35132116079330444
8629,50,63,0.12075727432966232
8630,19,19,0.14666225016117096
8631,83,47,0.279692679643631
8632,66,63,0.12750199437141418
8633,68,68,0.20794999599456787
8634,97,27,0.17724262177944183
8635,64,39,0.22076033055782318
8636,16,16,0.35124462842941284
8637,61,88,0.22288236021995544
8638,16,13,0.2518043518066406
8639,84,20,0.5748848915100098
8640,18,65,0.11086469143629074
8641,29,29,0.4657999575138092
8642,63,59,0.19082169234752655
8643,57,70,0.3790578544139862
8644,9,9,0.2595434784889221
8645,38,78,0.06776592880487442
8646,43,51,0.10105982422828674
8647,74,63,0.1681889295578003
8648,15,15,0.44128936529159546
8649,1,1,0.2730146646499634
8650,67,74,0.3349737823009491
8651,91,33,0.12168212234973907
8652,1,1,0.42584407329559326
8653,84,32,0.07864370197057724
8654,69,96,0.2507299482822418
8655,13,90,0.3078114986419678
8656,10,94,0.40886521339416504
8657,33,33,0.3683684468269348
8658,80,55,0.10716963559389114
8659,68,68,0.6948649883270264
8660,30,30,0.6218435764312744
8661,8,8,0.4397384524345398
8662,3,7,0.14017146825790405
8663,13,81,0.2453276813030243
8664,45,45,0.2809092700481415
8665,18,91,0.12735392153263092
8666,20,41,0.1817609816789627
8667,35,34,0.13168251514434814
8668,28,28,0.5416891574859619
8669,93,27,0.22444486618041992
8670,5,12,0.3318236768245697
8671,53,53,0.18910181522369385
8672,34,26,0.11491937935352325
8673,27,8,0.12443053722381592
8674,93,73,0.3300100564956665
8675,18,18,0.20866195857524872
8676,44,98,0.15752820670604706
8677,93,73,0.29048362374305725
8678,37,12,0.20114624500274658
8679,77,74,0.11544476449489594
8680,46,21,0.16929936408996582
8681,31,31,0.8057517409324646
8682,69,69,0.7017392516136169
8683,47,96,0.3167693018913269
8684,57,20,0.25215399265289307
8685,30,71,0.06851737201213837
8686,85,85,0.33151963353157043
8687,80,63,0.2692381739616394
8688,1,36,0.3081890642642975
8689,82,82,0.25468510389328003
8690,45,82,0.19194625318050385
8691,66,97,0.3647673726081848
8692,18,18,0.126931831240654
8693,58,89,0.6446430087089539
8694,31,31,0.5380731225013733
8695,42,42,0.4797641932964325
8696,23,23,0.37718522548675537
8697,90,85,0.3760872781276703
8698,18,14,0.2502566874027252
8699,83,83,0.7540268898010254
8700,19,31,0.17602649331092834
8701,51,51,0.56039959192276
8702,80,42,0.24501411616802216
8703,23,23,0.4884370267391205
8704,64,59,0.15991953015327454
8705,61,61,0.9940454959869385
8706,40,34,0.23423027992248535
8707,51,64,0.12937206029891968
8708,99,99,0.3676331043243408
8709,28,23,0.47111210227012634
8710,19,38,0.22720833122730255
8711,63,28,0.07268382608890533
8712,7,7,0.2853090167045593
8713,97,97,0.47877073287963867
8714,78,27,0.20367760956287384
8715,34,36,0.24514691531658173
8716,84,60,0.4106060564517975
8717,13,81,0.4062126874923706
8718,50,24,0.7303320169448853
8719,17,23,0.17402181029319763
8720,28,28,0.9730886220932007
8721,29,84,0.160425066947937
8722,10,10,0.18228760361671448
8723,57,16,0.6034994125366211
8724,83,83,0.4129486680030823
8725,83,62,0.434940904378891
8726,53,62,0.4230347275733948
8727,73,73,0.3647644519805908
8728,7,7,0.7607585191726685
8729,59,59,0.5219824910163879
8730,82,82,0.9932512640953064
8731,34,43,0.6097808480262756
8732,15,15,0.16712775826454163
8733,68,68,0.6634044647216797
8734,68,68,0.2254805713891983
8735,34,34,0.2629225254058838
8736,82,82,0.8156863451004028
8737,75,58,0.21368630230426788
8738,37,17,0.4473380744457245
8739,8,8,0.2236570417881012
8740,94,94,0.40875282883644104
8741,16,76,0.7098668813705444
8742,24,24,0.6353414058685303
8743,21,21,0.13830192387104034
8744,8,8,0.17615929245948792
8745,96,96,0.39207932353019714
8746,53,84,0.217354878783226
8747,49,2,0.09758200496435165
8748,38,63,0.4882770776748657
8749,85,13,0.19110466539859772
8750,27,44,0.06675829738378525
8751,32,15,0.2265770137310028
8752,96,96,0.4905543029308319
8753,20,20,0.5525272488594055
8754,29,29,0.5074494481086731
8755,43,63,0.14869830012321472
8756,69,69,0.267627477645874
8757,94,12,0.2858425974845886
8758,26,26,0.8022894859313965
8759,92,51,0.12421775609254837
8760,23,60,0.35861966013908386
8761,91,91,0.36281639337539673
8762,34,15,0.1474832445383072
8763,48,48,0.8313415050506592
8764,71,23,0.45334357023239136
8765,53,36,0.42170092463493347
8766,25,20,0.12936681509017944
8767,0,0,0.3902481496334076
8768,59,56,0.33003944158554077
8769,57,6,0.22063232958316803
8770,69,69,0.7127954363822937
8771,73,73,0.3149558901786804
8772,27,27,0.10087789595127106
8773,12,53,0.11047318577766418
8774,42,42,0.3622002601623535
8775,61,61,0.5431739687919617
8776,21,46,0.2574552595615387
8777,72,30,0.1812763512134552
8778,88,42,0.37450674176216125
8779,28,10,0.22476573288440704
8780,15,12,0.07935354113578796
8781,24,69,0.6878884434700012
8782,1,70,0.22763027250766754
8783,77,65,0.11982744932174683
8784,67,73,0.21897973120212555
8785,82,82,0.9388382434844971
8786,5,36,0.19919240474700928
8787,64,27,0.1209874227643013
8788,51,19,0.08673253655433655
8789,52,59,0.3713591396808624
8790,79,79,0.2294868677854538
8791,70,70,0.5991965532302856
8792,46,3,0.1258428394794464
8793,1,66,0.1538873314857483
8794,59,59,0.4561663866043091
8795,87,87,0.5388956665992737
8796,68,60,0.2985931634902954
8797,88,88,0.1497388482093811
8798,76,76,0.8957579135894775
8799,45,45,0.38777869939804077
8800,15,15,0.202456995844841
8801,79,6,0.2508397698402405
8802,1,10,0.10021732747554779
8803,35,11,0.1413685381412506
8804,94,16,0.20174533128738403
8805,79,79,0.23245561122894287
8806,16,10,0.13658878207206726
8807,49,71,0.42709288001060486
8808,26,36,0.25825032591819763
8809,72,3,0.11977691948413849
8810,60,60,0.2086917757987976
8811,73,73,0.7100061178207397
8812,9,9,0.7810835838317871
8813,75,7,0.20787063241004944
8814,5,47,0.0971505418419838
8815,72,59,0.08086254447698593
8816,27,77,0.07848482578992844
8817,67,63,0.13821399211883545
8818,38,17,0.7119187116622925
8819,18,56,0.686287522315979
8820,45,42,0.10424763709306717
8821,36,19,0.07582248002290726
8822,40,3,0.16110557317733765
8823,96,52,0.5966492295265198
8824,35,88,0.302643358707428
8825,7,75,0.13063205778598785
8826,85,85,0.7231118679046631
8827,30,30,0.6293480396270752
8828,14,82,0.20569194853305817
8829,51,51,0.49464917182922363
8830,79,79,0.274050235748291
8831,76,33,0.13421568274497986
8832,99,91,0.1889970898628235
8833,86,86,0.6785423159599304
8834,15,88,0.38064053654670715
8835,29,20,0.18157123029232025
8836,63,74,0.15004025399684906
8837,66,64,0.10601820051670074
8838,62,26,0.24102655053138733
8839,80,93,0.20684432983398438
8840,24,24,0.7130414247512817
8841,57,57,0.2260989099740982
8842,43,88,0.41061386466026306
8843,78,13,0.19934514164924622
8844,33,96,0.19772762060165405
8845,99,8,0.11774218827486038
8846,95,56,0.4421807825565338
8847,93,27,0.1832374930381775
8848,72,27,0.18840909004211426
8849,71,71,0.6390926241874695
8850,77,51,0.138625368475914
8851,86,22,0.14074991643428802
8852,64,33,0.0743522047996521
8853,4,45,0.20297013223171234
8854,23,3,0.12508796155452728
8855,62,70,0.5974465608596802
8856,50,44,0.10128611326217651
8857,17,37,0.30230313539505005
8858,98,41,0.6692236065864563
8859,21,37,0.05639789626002312
8860,32,32,0.295872300863266
8861,57,57,0.3110434114933014
8862,99,61,0.7615020275115967
8863,2,46,0.21578732132911682
8864,6,42,0.18212002515792847
8865,70,98,0.42079034447669983
8866,82,82,0.3265685737133026
8867,82,82,0.4642324447631836
8868,94,94,0.4071996808052063
8869,95,95,0.6576787829399109
8870,81,42,0.11110096424818039
8871,96,52,0.3324877917766571
8872,77,32,0.10503623634576797
8873,33,33,0.2405567318201065
8874,67,67,0.48824557662010193
8875,31,31,0.22507129609584808
8876,60,49,0.3810475468635559
8877,7,20,0.26945534348487854
8878,74,41,0.4078298509120941
8879,63,45,0.12380637973546982
8880,62,62,0.8114427328109741
8881,82,62,0.2685176730155945
8882,36,43,0.12614242732524872
8883,12,29,0.16521583497524261
8884,31,31,0.4282577335834503
8885,47,96,0.3570110499858856
8886,75,75,0.10881680995225906
8887,77,94,0.4877617061138153
8888,29,29,0.7094911336898804
8889,94,94,0.94755619764328
8890,27,63,0.21576833724975586
8891,70,51,0.1269238144159317
8892,95,95,0.12455594539642334
8893,32,72,0.1540442705154419
8894,38,9,0.3015981912612915
8895,67,45,0.22471080720424652
8896,37,37,0.29661399126052856
8897,2,13,0.10643771290779114
8898,65,64,0.3127375841140747
8899,40,64,0.10687964409589767
8900,53,82,0.106023870408535
8901,87,87,0.6151434183120728
8902,95,95,0.21643033623695374
8903,53,53,0.5826295018196106
8904,42,42,0.16567915678024292
8905,43,3,0.10101237893104553
8906,89,89,0.33583033084869385
8907,69,69,0.44762739539146423
8908,93,40,0.08253475278615952
8909,81,89,0.14155231416225433
8910,84,82,0.10982903093099594
8911,71,71,0.3490025997161865
8912,31,37,0.17016103863716125
8913,33,33,0.3526688814163208
8914,73,49,0.5447478890419006
8915,75,58,0.3466881513595581
8916,85,81,0.16472360491752625
8917,47,47,0.9081509113311768
8918,97,97,0.1590883582830429
8919,54,62,0.2817927896976471
8920,13,81,0.5373762845993042
8921,24,42,0.14765818417072296
8922,46,46,0.14367197453975677
8923,62,58,0.24532142281532288
8924,92,70,0.33994755148887634
8925,53,53,0.6358761787414551
8926,98,15,0.13545385003089905
8927,66,47,0.13535729050636292
8928,45,70,0.5172871351242065
8929,48,48,0.6822466850280762
8930,94,94,0.40497463941574097
8931,16,22,0.47193846106529236
8932,69,9,0.14211878180503845
8933,60,60,0.3758869171142578
8934,27,37,0.1417917162179947
8935,35,50,0.16721121966838837
8936,59,79,0.1220739483833313
8937,47,52,0.5486356616020203
8938,44,73,0.12246563285589218
8939,57,83,0.21686184406280518
8940,4,4,0.1415235549211502
8941,83,0,0.40041646361351013
8942,89,89,0.34627699851989746
8943,71,71,0.5746515989303589
8944,58,68,0.7436211109161377
8945,52,52,0.4959166646003723
8946,46,29,0.15494504570960999
8947,58,90,0.4271198511123657
8948,98,35,0.15748712420463562
8949,22,76,0.07141798734664917
8950,62,70,0.22524386644363403
8951,47,52,0.9137991070747375
8952,2,65,0.1434508115053177
8953,58,58,0.8865432739257812
8954,77,77,0.24949286878108978
8955,96,96,0.7389472126960754
8956,86,13,0.15283524990081787
8957,33,45,0.23514756560325623
8958,13,13,0.48485544323921204
8959,69,60,0.18745659291744232
8960,97,74,0.37174496054649353
8961,14,14,0.10666974633932114
8962,51,51,0.402315616607666
8963,2,43,0.09583120793104172
8964,4,63,0.2463713139295578
8965,29,42,0.09189846366643906
8966,58,70,0.3128526508808136
8967,44,42,0.09461917728185654
8968,6,88,0.16712185740470886
8969,80,38,0.30722561478614807
8970,81,81,0.29798954725265503
8971,99,73,0.32867079973220825
8972,28,28,0.216627299785614
8973,50,88,0.19339880347251892
8974,57,43,0.1173989549279213
8975,88,42,0.09948079288005829
8976,25,62,0.23653407394886017
8977,38,51,0.27033624053001404
8978,71,73,0.3050766885280609
8979,47,47,0.5432347655296326
8980,53,57,0.11917705833911896
8981,48,48,0.9977877140045166
8982,79,79,0.28120526671409607
8983,59,56,0.2652909755706787
8984,29,35,0.10223273187875748
8985,82,82,0.8564477562904358
8986,90,89,0.0946149006485939
8987,26,30,0.20514322817325592
8988,81,5,0.12819163501262665
8989,17,17,0.2620956003665924
8990,14,75,0.1647309958934784
8991,69,69,0.9121214151382446
8992,25,25,0.16659648716449738
8993,32,90,0.46188798546791077
8994,39,39,0.38095179200172424
8995,14,54,0.288074791431427
8996,89,90,0.390071839094162
8997,3,74,0.19067278504371643
8998,67,67,0.3001813590526581
8999,78,40,0.1964634507894516
9000,28,28,0.40361422300338745
9001,98,98,0.2748206555843353
9002,88,26,0.15837374329566956
9003,20,20,0.828239381313324
9004,3,79,0.13284938037395477
9005,18,43,0.09889921545982361
9006,60,60,0.34859323501586914
9007,48,48,0.35477378964424133
9008,69,9,0.08093017339706421
9009,18,6,0.19445207715034485
9010,41,86,0.4923814833164215
9011,6,6,0.19094054400920868
9012,39,26,0.40686726570129395
9013,44,12,0.18217575550079346
9014,15,32,0.15233615040779114
9015,37,17,0.3655867874622345
9016,57,15,0.08281267434358597
9017,48,48,0.9966566562652588
9018,98,61,0.07619956880807877
9019,89,59,0.14385738968849182
9020,67,73,0.7200330495834351
9021,77,50,0.06340087950229645
9022,38,43,0.14350949227809906
9023,71,23,0.18302014470100403
9024,21,21,0.09525194764137268
9025,96,96,0.46780359745025635
9026,11,48,0.38635244965553284
9027,13,48,0.10668836534023285
9028,84,84,0.16240866482257843
9029,73,30,0.4757387936115265
9030,58,33,0.16519372165203094
9031,73,30,0.3605910539627075
9032,35,11,0.16105835139751434
9033,31,76,0.31401583552360535
9034,83,70,0.21825245022773743
9035,59,81,0.0722237080335617
9036,77,27,0.09075946360826492
9037,50,4,0.13444475829601288
9038,41,13,0.23838651180267334
9039,89,89,0.2066938728094101
9040,19,31,0.11295688152313232
9041,54,54,0.13651001453399658
9042,4,7,0.06953400373458862
9043,68,68,0.75514155626297
9044,9,9,0.3911307156085968
9045,91,91,0.8701014518737793
9046,67,73,0.4358183443546295
9047,19,7,0.09304056316614151
9048,40,72,0.14387285709381104
9049,71,71,0.5016015768051147
9050,57,33,0.07738469541072845
9051,38,38,0.09463746100664139
9052,9,9,0.8945419192314148
9053,82,82,0.9539197087287903
9054,3,72,0.11839127540588379
9055,76,76,0.9153925776481628
9056,20,20,0.18991488218307495
9057,60,71,0.46512889862060547
9058,42,42,0.30281713604927063
9059,94,94,0.2882390022277832
9060,26,77,0.13594739139080048
9061,72,85,0.10147222131490707
9062,6,14,0.21367062628269196
9063,25,36,0.11177916824817657
9064,61,10,0.23187457025051117
9065,36,57,0.08860857784748077
9066,4,88,0.1774834394454956
9067,14,4,0.16137318313121796
9068,61,36,0.20675331354141235
9069,60,60,0.43970105051994324
9070,14,3,0.12548524141311646
9071,62,62,0.7066187858581543
9072,27,23,0.28490540385246277
9073,66,38,0.07468181103467941
9074,16,85,0.4948844313621521
9075,67,67,0.17748095095157623
9076,93,93,0.4575078785419464
9077,23,23,0.2658440172672272
9078,33,33,0.47080084681510925
9079,88,78,0.11605631560087204
9080,18,89,0.1470257043838501
9081,58,58,0.588914692401886
9082,0,1,0.5497337579727173
9083,83,83,0.5896658897399902
9084,23,23,0.20683592557907104
9085,85,18,0.11398795247077942
9086,56,52,0.13979730010032654
9087,20,84,0.18028073012828827
9088,45,79,0.08605273813009262
9089,20,20,0.986868679523468
9090,30,30,0.19179677963256836
9091,96,52,0.37461283802986145
9092,19,97,0.15805383026599884
9093,15,79,0.1670854687690735
9094,98,11,0.08053860813379288
9095,51,77,0.08170800656080246
9096,26,20,0.41808944940567017
9097,0,83,0.8348666429519653
9098,56,56,0.8110498785972595
9099,47,47,0.5431119799613953
9100,57,48,0.32885289192199707
9101,59,52,0.770762026309967
9102,10,25,0.057548005133867264
9103,51,69,0.26749277114868164
9104,65,44,0.09892693907022476
9105,3,89,0.13704782724380493
9106,23,73,0.12006840854883194
9107,9,9,0.7905808091163635
9108,77,44,0.11986039578914642
9109,43,45,0.15812619030475616
9110,15,33,0.1710396260023117
9111,55,59,0.08628668636083603
9112,77,77,0.224406898021698
9113,19,75,0.09418594837188721
9114,73,73,0.22146058082580566
9115,77,38,0.12494579702615738
9116,7,24,0.5324946641921997
9117,29,56,0.29730886220932007
9118,4,3,0.16468356549739838
9119,61,61,0.4795208275318146
9120,64,14,0.12440299242734909
9121,30,30,0.3020962178707123
9122,39,39,0.8827951550483704
9123,70,51,0.06472557783126831
9124,19,14,0.23375138640403748
9125,51,43,0.22710488736629486
9126,9,81,0.12174574285745621
9127,17,17,0.6856094598770142
9128,28,28,0.12359945476055145
9129,45,99,0.05916307121515274
9130,28,8,0.13360707461833954
9131,12,37,0.34930619597435
9132,83,41,0.1769445836544037
9133,49,49,0.3858940899372101
9134,63,36,0.3328137695789337
9135,71,71,0.3334078788757324
9136,12,37,0.19894054532051086
9137,11,45,0.08347073197364807
9138,77,88,0.15600405633449554
9139,35,25,0.08929028362035751
9140,29,96,0.4094228446483612
9141,40,79,0.10534578561782837
9142,15,43,0.11882031708955765
9143,84,20,0.16484113037586212
9144,19,19,0.502945065498352
9145,66,1,0.29898878931999207
9146,70,70,0.6338887810707092
9147,62,62,0.5252549648284912
9148,34,34,0.24522548913955688
9149,94,22,0.22408826649188995
9150,72,67,0.47375455498695374
9151,35,41,0.19493676722049713
9152,50,26,0.13835427165031433
9153,99,89,0.19731807708740234
9154,33,33,0.506646990776062
9155,90,90,0.1504712700843811
9156,16,16,0.8448883891105652
9157,56,56,0.47798967361450195
9158,4,14,0.14264538884162903
9159,24,24,0.6531462669372559
9160,60,71,0.45343318581581116
9161,3,75,0.5957755446434021
9162,19,15,0.1821473240852356
9163,14,14,0.24082928895950317
9164,23,39,0.24103416502475739
9165,68,68,0.6262295842170715
9166,91,1,0.1275864839553833
9167,81,13,0.4953194260597229
9168,61,22,0.3033137321472168
9169,90,89,0.2319634109735489
9170,21,21,0.2271578013896942
9171,57,57,0.8008201718330383
9172,22,22,0.27174410223960876
9173,87,20,0.16352863609790802
9174,82,82,0.7401068210601807
9175,12,12,0.18086619675159454
9176,38,18,0.17109480500221252
9177,10,28,0.07510863989591599
9178,93,86,0.23593135178089142
9179,77,77,0.15193158388137817
9180,84,42,0.1350404918193817
9181,41,41,0.5230274200439453
9182,64,74,0.16908423602581024
9183,76,94,0.4108300805091858
9184,25,81,0.18756745755672455
9185,91,91,0.9296122193336487
9186,94,0,0.2176581174135208
9187,42,45,0.11752336472272873
9188,79,44,0.09626007080078125
9189,19,55,0.13720378279685974
9190,76,75,0.09252003580331802
9191,87,13,0.40942779183387756
9192,18,82,0.3190722167491913
9193,51,47,0.353976845741272
9194,1,1,0.37312376499176025
9195,50,29,0.11051618307828903
9196,37,84,0.24908630549907684
9197,6,38,0.20584508776664734
9198,45,61,0.3595851957798004
9199,23,67,0.12408488988876343
9200,0,0,0.5269064903259277
9201,55,55,0.13629725575447083
9202,91,84,0.08281568437814713
9203,89,51,0.17916636168956757
9204,95,79,0.21147426962852478
9205,48,42,0.19532795250415802
9206,45,8,0.47567248344421387
9207,54,54,0.432888925075531
9208,69,76,0.5538592338562012
9209,82,82,0.19458499550819397
9210,68,68,0.9411773085594177
9211,56,56,0.40497490763664246
9212,94,97,0.14401130378246307
9213,80,44,0.05375104770064354
9214,40,56,0.2440548986196518
9215,67,67,0.5527405142784119
9216,71,71,0.2934366762638092
9217,5,23,0.5229788422584534
9218,50,97,0.1148197129368782
9219,60,60,0.9023542404174805
9220,79,79,0.5526396036148071
9221,0,0,0.4493175745010376
9222,44,45,0.07520473748445511
9223,55,7,0.10360389202833176
9224,46,2,0.19523262977600098
9225,80,26,0.1049267053604126
9226,2,2,0.3486844599246979
9227,32,32,0.441764235496521
9228,92,0,0.3540382981300354
9229,45,61,0.23064538836479187
9230,69,76,0.20862287282943726
9231,97,13,0.09108316898345947
9232,13,89,0.230404332280159
9233,30,93,0.07153943926095963
9234,27,24,0.32955002784729004
9235,74,91,0.19536620378494263
9236,8,84,0.08626151084899902
9237,17,17,0.5156720876693726
9238,42,42,0.1656910926103592
9239,91,20,0.3233437240123749
9240,11,46,0.2791391909122467
9241,36,17,0.155807763338089
9242,69,69,0.5632578730583191
9243,50,43,0.09161091595888138
9244,57,94,0.1001538410782814
9245,84,97,0.0687294453382492
9246,90,49,0.09067416936159134
9247,85,90,0.1228039339184761
9248,3,31,0.29364654421806335
9249,91,71,0.21612730622291565
9250,79,38,0.07907257229089737
9251,76,76,0.728676438331604
9252,13,41,0.34351345896720886
9253,8,8,0.9807948470115662
9254,92,70,0.29303228855133057
9255,69,56,0.14937712252140045
9256,82,92,0.14568960666656494
9257,7,8,0.12344453483819962
9258,73,91,0.3693635165691376
9259,89,89,0.4023675322532654
9260,32,35,0.17102821171283722
9261,42,42,0.7120751142501831
9262,39,95,0.43943774700164795
9263,26,26,0.39162707328796387
9264,80,34,0.36398282647132874
9265,74,4,0.11176033318042755
9266,15,43,0.28232264518737793
9267,74,61,0.15225259959697723
9268,16,16,0.2335730493068695
9269,57,82,0.5610765218734741
9270,94,94,0.19782046973705292
9271,60,33,0.34720978140830994
9272,33,38,0.09596824645996094
9273,83,22,0.16012591123580933
9274,62,62,0.42136678099632263
9275,85,81,0.09045922011137009
9276,48,48,0.7462553381919861
9277,33,59,0.19298040866851807
9278,11,0,0.2046298235654831
9279,5,47,0.20710253715515137
9280,2,35,0.11377798765897751
9281,18,79,0.16761237382888794
9282,75,75,0.7024189829826355
9283,75,75,0.6064563393592834
9284,4,26,0.12900295853614807
9285,3,37,0.16713847219944
9286,72,42,0.09544994682073593
9287,17,17,0.6513687968254089
9288,89,37,0.37042543292045593
9289,70,70,0.1693161278963089
9290,19,43,0.2080463171005249
9291,36,97,0.2113547921180725
9292,77,63,0.2837846279144287
9293,67,67,0.22330044209957123
9294,83,0,0.37555131316185
9295,63,51,0.16461026668548584
9296,2,20,0.13564008474349976
9297,92,62,0.5526895523071289
9298,17,37,0.5869723558425903
9299,98,15,0.17690886557102203
9300,99,73,0.4911700487136841
9301,77,26,0.24588684737682343
9302,56,56,0.90151047706604
9303,22,70,0.4281805157661438
9304,84,27,0.10023108124732971
9305,14,54,0.22398363053798676
9306,71,60,0.33323854207992554
9307,94,94,0.7848751544952393
9308,44,67,0.1066068783402443
9309,73,85,0.22005462646484375
9310,41,41,0.8172191381454468
9311,96,52,0.536583662033081
9312,91,91,0.318755567073822
9313,85,47,0.5179484486579895
9314,43,88,0.28992217779159546
9315,82,82,0.4380173981189728
9316,40,99,0.09969685971736908
9317,97,23,0.17746761441230774
9318,42,8,0.22390808165073395
9319,96,33,0.19580961763858795
9320,47,47,0.3234736919403076
9321,22,13,0.08321923762559891
9322,1,53,0.4475952386856079
9323,46,84,0.09052268415689468
9324,78,78,0.1719730943441391
9325,72,63,0.2910361588001251
9326,93,85,0.18616151809692383
9327,85,85,0.8410114049911499
9328,18,58,0.14894624054431915
9329,63,74,0.11836639046669006
9330,65,16,0.07499522715806961
9331,25,5,0.4403018653392792
9332,44,39,0.18380270898342133
9333,2,51,0.108824223279953
9334,86,16,0.2650876045227051
9335,45,60,0.2305535227060318
9336,59,59,0.6578071713447571
9337,2,11,0.31396427750587463
9338,54,46,0.3233878016471863
9339,11,11,0.1190384104847908
9340,56,76,0.1268201619386673
9341,75,55,0.12526266276836395
9342,47,52,0.3806595206260681
9343,76,30,0.19798964262008667
9344,20,20,0.23971900343894958
9345,48,41,0.5903234481811523
9346,97,97,0.4697849452495575
9347,9,9,0.8431530594825745
9348,45,81,0.1891973316669464
9349,38,27,0.11277308315038681
9350,84,88,0.194715678691864
9351,3,3,0.29263871908187866
9352,36,38,0.11539193987846375
9353,43,88,0.4232812523841858
9354,84,88,0.13096337020397186
9355,18,18,0.23524409532546997
9356,6,82,0.3835856020450592
9357,9,76,0.30509841442108154
9358,72,39,0.11878829449415207
9359,38,80,0.13069581985473633
9360,6,6,0.1337752342224121
9361,75,75,0.2656468451023102
9362,15,19,0.4570282995700836
9363,29,24,0.18853364884853363
9364,35,35,0.10061729699373245
9365,25,20,0.8137739896774292
9366,95,30,0.41788411140441895
9367,3,21,0.2431764453649521
9368,58,12,0.16824312508106232
9369,74,26,0.12624242901802063
9370,44,8,0.09711284190416336
9371,83,70,0.3106987774372101
9372,91,91,0.1622326821088791
9373,74,74,0.20699582993984222
9374,86,66,0.11752860248088837
9375,25,28,0.08343706279993057
9376,38,27,0.1033177524805069
9377,58,58,0.9698959589004517
9378,36,16,0.6480863094329834
9379,90,32,0.38062602281570435
9380,8,56,0.22163042426109314
9381,49,1,0.19550374150276184
9382,65,33,0.13121920824050903
9383,95,95,0.24021467566490173
9384,92,22,0.11567731946706772
9385,14,62,0.5693808794021606
9386,81,81,0.11858246475458145
9387,0,25,0.10408331453800201
9388,58,19,0.1491265445947647
9389,96,96,0.12269515544176102
9390,1,8,0.1136675626039505
9391,61,73,0.16193866729736328
9392,59,67,0.23717471957206726
9393,21,21,0.47978731989860535
9394,60,60,0.949110209941864
9395,89,44,0.18064193427562714
9396,82,82,0.572013795375824
9397,10,16,0.1938810646533966
9398,80,21,0.07989700883626938
9399,52,52,0.9260952472686768
9400,65,97,0.28137919306755066
9401,55,36,0.07484879344701767
9402,32,32,0.21736794710159302
9403,77,19,0.18327035009860992
9404,69,23,0.5612146258354187
9405,26,91,0.09537754207849503
9406,42,42,0.3357017934322357
9407,79,15,0.20389819145202637
9408,46,46,0.1878959834575653
9409,20,20,0.8433023691177368
9410,38,65,0.12351668626070023
9411,52,52,0.7675540447235107
9412,15,15,0.4713088870048523
9413,7,23,0.15804657340049744
9414,65,21,0.06617890298366547
9415,63,63,0.36594054102897644
9416,96,96,0.44270023703575134
9417,26,86,0.33839064836502075
9418,29,29,0.4118596315383911
9419,3,39,0.18322746455669403
9420,79,28,0.1108359843492508
9421,39,39,0.4998933970928192
9422,30,95,0.12343322485685349
9423,99,23,0.3883678913116455
9424,2,25,0.11965376883745193
9425,8,8,0.49660158157348633
9426,19,29,0.16939780116081238
9427,52,52,0.7033696174621582
9428,69,41,0.31730565428733826
9429,58,81,0.40431711077690125
9430,54,74,0.0851699635386467
9431,82,82,0.8350492119789124
9432,3,74,0.19168074429035187
9433,82,42,0.10157223790884018
9434,93,93,0.21310774981975555
9435,70,45,0.5279495120048523
9436,99,96,0.08115683495998383
9437,21,21,0.25932514667510986
9438,17,52,0.34928497672080994
9439,56,37,0.11112239211797714
9440,64,64,0.20379699766635895
9441,74,97,0.09865722060203552
9442,1,51,0.31585583090782166
9443,62,54,0.4182862639427185
9444,61,61,0.7888644933700562
9445,85,32,0.24100907146930695
9446,78,66,0.10025086253881454
9447,58,58,0.531177818775177
9448,28,63,0.18935854732990265
9449,53,57,0.12499992549419403
9450,74,33,0.09083293378353119
9451,47,59,0.3649442791938782
9452,5,87,0.23361627757549286
9453,34,98,0.2570440471172333
9454,81,90,0.2360866218805313
9455,64,18,0.09372541308403015
9456,77,77,0.1471293419599533
9457,30,73,0.22079458832740784
9458,66,22,0.1942322552204132
9459,4,39,0.14087142050266266
9460,45,45,0.2003656029701233
9461,30,93,0.25571200251579285
9462,98,31,0.2169150859117508
9463,44,78,0.10971904546022415
9464,95,39,0.12637531757354736
9465,87,87,0.48060551285743713
9466,63,80,0.12420924007892609
9467,87,87,0.934678852558136
9468,26,74,0.17339514195919037
9469,41,41,0.9837430119514465
9470,70,70,0.2745157778263092
9471,22,43,0.15454243123531342
9472,21,21,0.33316999673843384
9473,32,12,0.11382672190666199
9474,90,89,0.6275726556777954
9475,36,32,0.13263612985610962
9476,85,85,0.5866286158561707
9477,74,36,0.12324726581573486
9478,87,87,0.12559112906455994
9479,21,4,0.14636793732643127
9480,87,87,0.37522852420806885
9481,71,71,0.35353827476501465
9482,53,92,0.19218409061431885
9483,27,27,0.30042460560798645
9484,63,74,0.21357139945030212
9485,1,70,0.35424256324768066
9486,8,8,0.20874238014221191
9487,93,24,0.1712377816438675
9488,98,14,0.17048019170761108
9489,61,61,0.3017612397670746
9490,88,33,0.1340315192937851
9491,37,13,0.31435447931289673
9492,10,91,0.3477170169353485
9493,83,53,0.33083251118659973
9494,91,91,0.1256542205810547
9495,85,85,0.23320254683494568
9496,34,91,0.1264956295490265
9497,24,78,0.10596410930156708
9498,50,44,0.15289267897605896
9499,49,23,0.17071029543876648
9500,12,12,0.3115052580833435
9501,28,28,0.5682846903800964
9502,74,74,0.44117316603660583
9503,44,45,0.10645885020494461
9504,58,25,0.19362977147102356
9505,45,44,0.061459075659513474
9506,87,87,0.7661254405975342
9507,79,7,0.20870830118656158
9508,32,36,0.15619736909866333
9509,14,7,0.17116610705852509
9510,47,52,0.4769749939441681
9511,31,33,0.4795718789100647
9512,77,90,0.12757687270641327
9513,59,59,0.3302011787891388
9514,60,49,0.2685994803905487
9515,71,71,0.52995365858078
9516,25,17,0.4686983823776245
9517,67,67,0.5948221683502197
9518,81,81,0.31076017022132874
9519,98,20,0.40845808386802673
9520,54,70,0.4180578887462616
9521,67,73,0.44268709421157837
9522,17,15,0.21148794889450073
9523,21,21,0.5213486552238464
9524,1,1,0.6940391659736633
9525,88,42,0.18835163116455078
9526,21,21,0.12934477627277374
9527,77,40,0.08856771886348724
9528,95,99,0.11191859096288681
9529,91,25,0.21389631927013397
9530,12,12,0.7224858403205872
9531,15,43,0.13075105845928192
9532,82,82,0.2993374764919281
9533,22,22,0.07984498143196106
9534,16,25,0.18421515822410583
9535,66,75,0.19665884971618652
9536,25,91,0.1958942711353302
9537,1,6,0.08664518594741821
9538,29,74,0.10164270550012589
9539,29,7,0.28545311093330383
9540,73,73,0.5017112493515015
9541,27,39,0.07699237763881683
9542,81,85,0.3920620083808899
9543,63,3,0.3080105185508728
9544,53,45,0.22626444697380066
9545,23,73,0.3536602556705475
9546,13,87,0.2697274684906006
9547,86,86,0.9752469658851624
9548,44,42,0.33920925855636597
9549,71,60,0.45949047803878784
9550,28,28,0.3555232286453247
9551,75,75,0.3220352828502655
9552,98,98,0.1908285766839981
9553,64,83,0.29462963342666626
9554,79,48,0.1277877688407898
9555,16,16,0.9460504055023193
9556,8,8,0.9284597635269165
9557,77,18,0.15006116032600403
9558,22,22,0.735032320022583
9559,81,86,0.20415957272052765
9560,87,87,0.4731272757053375
9561,10,18,0.16451367735862732
9562,65,65,0.21055355668067932
9563,62,62,0.6553599834442139
9564,49,17,0.42571330070495605
9565,70,70,0.33965665102005005
9566,57,57,0.41874122619628906
9567,74,44,0.1450110822916031
9568,64,42,0.14522665739059448
9569,40,61,0.2891094386577606
9570,91,91,0.267389178276062
9571,23,23,0.743339478969574
9572,13,89,0.374860554933548
9573,80,27,0.18720175325870514
9574,6,88,0.09237640351057053
9575,42,88,0.42902660369873047
9576,46,51,0.19825096428394318
9577,30,30,0.29016128182411194
9578,95,74,0.15133102238178253
9579,35,35,0.46370694041252136
9580,5,20,0.07207231968641281
9581,41,38,0.15787379443645477
9582,36,36,0.578053891658783
9583,59,56,0.2175663411617279
9584,12,85,0.2267785668373108
9585,43,43,0.15156233310699463
9586,86,39,0.1203126534819603
9587,97,39,0.21694163978099823
9588,53,57,0.201635479927063
9589,50,56,0.07458648085594177
9590,80,97,0.16109216213226318
9591,3,3,0.20458616316318512
9592,61,61,0.622317373752594
9593,20,20,0.9356865882873535
9594,22,87,0.33104079961776733
9595,57,57,0.2558799386024475
9596,25,85,0.39635100960731506
9597,71,23,0.55086350440979
9598,55,55,0.11345382779836655
9599,68,68,0.9763247966766357
9600,20,20,0.4222972095012665
9601,33,60,0.4881754517555237
9602,67,67,0.3332946002483368
9603,87,87,0.2081144005060196
9604,16,94,0.6494138836860657
9605,41,41,0.19664481282234192
9606,66,7,0.3191763460636139
9607,44,24,0.1408429592847824
9608,25,5,0.3740713596343994
9609,63,51,0.3621063530445099
9610,1,62,0.3551628887653351
9611,15,71,0.12711310386657715
9612,42,43,0.3515399098396301
9613,6,43,0.32156017422676086
9614,85,90,0.369675874710083
9615,8,48,0.5930159687995911
9616,2,46,0.1203521341085434
9617,5,5,0.13796325027942657
9618,45,29,0.19597193598747253
9619,5,33,0.10531559586524963
9620,71,13,0.18787427246570587
9621,56,56,0.841405987739563
9622,99,56,0.10165775567293167
9623,73,23,0.206358402967453
9624,78,91,0.07916643470525742
9625,2,39,0.20204931497573853
9626,76,96,0.10348250716924667
9627,50,43,0.09184321761131287
9628,30,30,0.5531869530677795
9629,53,26,0.2620084285736084
9630,91,67,0.3922198414802551
9631,81,68,0.22182467579841614
9632,65,91,0.21260061860084534
9633,92,54,0.6709194183349609
9634,23,23,0.2534789741039276
9635,11,9,0.07029051333665848
9636,95,73,0.2035101354122162
9637,40,40,0.7229098081588745
9638,30,46,0.07139167189598083
9639,62,83,0.29336312413215637
9640,35,24,0.5237353444099426
9641,23,23,0.5683586597442627
9642,78,4,0.09855338931083679
9643,96,96,0.17086955904960632
9644,67,67,0.7289488911628723
9645,36,51,0.16601797938346863
9646,8,8,0.9731001853942871
9647,15,89,0.29792267084121704
9648,4,24,0.25985461473464966
9649,80,97,0.08594872802495956
9650,27,27,0.16771318018436432
9651,60,60,0.6742316484451294
9652,7,83,0.26827630400657654
9653,54,23,0.49153342843055725
9654,48,48,0.715455949306488
9655,16,16,0.9776175618171692
9656,57,82,0.3286852240562439
9657,94,94,0.7173326015472412
9658,30,93,0.2694716453552246
9659,92,92,0.3316095173358917
9660,43,43,0.24873314797878265
9661,62,62,0.31972306966781616
9662,58,58,0.46710193157196045
9663,19,19,0.13872674107551575
9664,23,23,0.5756375193595886
9665,38,74,0.19078008830547333
9666,28,65,0.06644634902477264
9667,96,33,0.20152698457241058
9668,95,95,0.41311147809028625
9669,10,20,0.2564568817615509
9670,99,61,0.17676228284835815
9671,86,86,0.7188150882720947
9672,53,53,0.29101213812828064
9673,89,48,0.21696250140666962
9674,11,5,0.11011430621147156
9675,52,52,0.6849073171615601
9676,58,90,0.16054461896419525
9677,54,54,0.18176230788230896
9678,85,85,0.8452963829040527
9679,74,63,0.1613423377275467
9680,72,61,0.21736431121826172
9681,82,82,0.25570154190063477
9682,72,27,0.083290696144104
9683,73,46,0.33079540729522705
9684,43,46,0.2680344879627228
9685,37,37,0.41047635674476624
9686,34,18,0.1075611487030983
9687,47,47,0.47454842925071716
9688,52,52,0.6067428588867188
9689,40,45,0.0984865203499794
9690,53,53,0.7261500954627991
9691,45,42,0.25402116775512695
9692,8,42,0.46183544397354126
9693,83,6,0.16708721220493317
9694,3,3,0.3157939016819
9695,90,81,0.24657240509986877
9696,40,69,0.11385773867368698
9697,28,49,0.2483745515346527
9698,53,53,0.569972574710846
9699,32,65,0.12629668414592743
9700,59,56,0.8739423155784607
9701,4,33,0.1917663812637329
9702,33,89,0.29932835698127747
9703,62,82,0.21361050009727478
9704,89,48,0.565496027469635
9705,44,79,0.3298575282096863
9706,12,12,0.30091288685798645
9707,4,27,0.07903439551591873
9708,89,37,0.14870043098926544
9709,98,2,0.15606854856014252
9710,78,86,0.093221515417099
9711,82,83,0.2880728244781494
9712,91,60,0.09423298388719559
9713,31,31,0.3257830739021301
9714,91,91,0.4009658396244049
9715,47,81,0.16666731238365173
9716,9,9,0.8888489603996277
9717,73,73,0.8124086260795593
9718,69,69,0.5424816012382507
9719,36,36,0.1124671995639801
9720,57,26,0.13994675874710083
9721,91,51,0.08804970979690552
9722,95,95,0.23289130628108978
9723,37,17,0.2580159604549408
9724,61,61,0.6540467739105225
9725,83,83,0.3281710147857666
9726,69,69,0.3932052552700043
9727,11,86,0.2696775496006012
9728,80,51,0.13247543573379517
9729,76,76,0.10568293184041977
9730,31,87,0.134288489818573
9731,10,62,0.21789447963237762
9732,90,33,0.20494206249713898
9733,98,35,0.24257892370224
9734,94,94,0.8281317949295044
9735,24,24,0.28595662117004395
9736,39,42,0.132207453250885
9737,1,53,0.5122312903404236
9738,33,33,0.48327505588531494
9739,29,96,0.27396225929260254
9740,29,19,0.08269408345222473
9741,7,56,0.14785133302211761
9742,39,48,0.49266743659973145
9743,15,22,0.12389612197875977
9744,99,35,0.19391484558582306
9745,3,3,0.18222510814666748
9746,41,41,0.9153280258178711
9747,66,8,0.17127013206481934
9748,80,36,0.1624041497707367
9749,27,27,0.416136771440506
9750,45,88,0.1358737200498581
9751,55,26,0.23922379314899445
9752,32,32,0.3491147458553314
9753,5,5,0.28042733669281006
9754,45,33,0.5540325045585632
9755,9,9,0.9118050932884216
9756,72,40,0.06782055646181107
9757,33,86,0.1759958416223526
9758,38,19,0.2298910915851593
9759,40,79,0.13181330263614655
9760,24,7,0.13008789718151093
9761,59,47,0.47489267587661743
9762,65,65,0.16911308467388153
9763,46,58,0.09207131713628769
9764,38,16,0.11425919085741043
9765,23,23,0.4224599003791809
9766,39,39,0.2577565908432007
9767,25,81,0.17365676164627075
9768,97,39,0.11175820976495743
9769,66,1,0.16320084035396576
9770,46,91,0.11860983818769455
9771,52,52,0.6093717813491821
9772,29,85,0.2456815242767334
9773,56,90,0.2584719955921173
9774,98,42,0.16246236860752106
9775,82,82,0.6260220408439636
9776,41,78,0.1504688262939453
9777,38,1,0.11946907639503479
9778,51,82,0.17255768179893494
9779,79,18,0.0761336013674736
9780,19,34,0.2227553427219391
9781,18,18,0.281493604183197
9782,95,73,0.6665355563163757
9783,64,64,0.1632770448923111
9784,78,5,0.14942766726016998
9785,96,96,0.5879935026168823
9786,49,49,0.31120774149894714
9787,64,32,0.11013288795948029
9788,40,40,0.08331163972616196
9789,36,9,0.2552703320980072
9790,97,97,0.763298511505127
9791,40,28,0.3119604289531708
9792,45,14,0.12549518048763275
9793,49,49,0.27891412377357483
9794,62,62,0.3193667232990265
9795,10,73,0.22938565909862518
9796,56,52,0.15613465011119843
9797,4,74,0.11121837049722672
9798,77,96,0.2480066865682602
9799,81,81,0.5594212412834167
9800,91,36,0.23112811148166656
9801,5,81,0.3810926675796509
9802,87,87,0.8775392174720764
9803,3,3,0.15296456217765808
9804,50,74,0.1328219622373581
9805,80,42,0.09221680462360382
9806,86,86,0.41451016068458557
9807,89,48,0.4875851571559906
9808,17,17,0.6827261447906494
9809,12,81,0.43439388275146484
9810,80,32,0.33221182227134705
9811,72,25,0.11439356207847595
9812,79,24,0.28306981921195984
9813,67,64,0.1679002344608307
9814,40,40,0.24204757809638977
9815,13,13,0.6466718912124634
9816,98,50,0.10210096836090088
9817,37,85,0.29915153980255127
9818,21,97,0.08011607080698013
9819,76,76,0.9770714640617371
9820,32,85,0.10725690424442291
9821,59,59,0.36345750093460083
9822,49,12,0.14841806888580322
9823,30,30,0.3877386152744293
9824,60,60,0.6403804421424866
9825,80,9,0.1130511611700058
9826,51,51,0.303079754114151
9827,66,72,0.12338140606880188
9828,87,5,0.11567223817110062
9829,38,43,0.1361589878797531
9830,63,21,0.14730988442897797
9831,53,62,0.29787003993988037
9832,4,20,0.1186271384358406
9833,48,48,0.16944633424282074
9834,24,7,0.20622248947620392
9835,13,58,0.5036108493804932
9836,31,31,0.6677617430686951
9837,29,56,0.11462173610925674
9838,84,8,0.4197804629802704
9839,46,2,0.09196241199970245
9840,61,32,0.33066487312316895
9841,24,24,0.36707454919815063
9842,34,79,0.12027069926261902
9843,98,35,0.3105095326900482
9844,45,53,0.14005522429943085
9845,99,54,0.08984054625034332
9846,27,63,0.14473819732666016
9847,51,50,0.15177877247333527
9848,91,32,0.11861484497785568
9849,0,0,0.724155068397522
9850,72,98,0.15201596915721893
9851,50,63,0.15396909415721893
9852,57,57,0.27869322896003723
9853,4,63,0.08534759283065796
9854,60,60,0.8493146896362305
9855,81,33,0.3404451310634613
9856,86,20,0.26325562596321106
9857,9,5,0.17664171755313873
9858,11,34,0.2045312374830246
9859,92,45,0.10117285698652267
9860,99,23,0.18579339981079102
9861,77,67,0.07729433476924896
9862,57,57,0.8261821269989014
9863,14,62,0.3083745241165161
9864,2,36,0.21837294101715088
9865,70,70,0.269734263420105
9866,69,69,0.5634766221046448
9867,69,69,0.48532187938690186
9868,32,91,0.9023303389549255
9869,79,15,0.14790891110897064
9870,44,18,0.14112965762615204
9871,58,81,0.23069852590560913
9872,0,10,0.5592068433761597
9873,20,45,0.16397322714328766
9874,7,82,0.6478525996208191
9875,45,7,0.13496248424053192
9876,82,82,0.8261215090751648
9877,79,79,0.15660583972930908
9878,58,58,0.22823426127433777
9879,73,67,0.20778785645961761
9880,58,5,0.1725063920021057
9881,75,74,0.10545657575130463
9882,85,41,0.3432261347770691
9883,55,77,0.12214483320713043
9884,70,70,0.49885302782058716
9885,29,44,0.22838108241558075
9886,97,64,0.06995654851198196
9887,11,11,0.2566906213760376
9888,53,0,0.2236853986978531
9889,37,12,0.18649035692214966
9890,73,73,0.2862612307071686
9891,28,62,0.24172821640968323
9892,86,65,0.09162377566099167
9893,50,33,0.4631189703941345
9894,24,24,0.6385294795036316
9895,31,60,0.15703053772449493
9896,95,95,0.4219663739204407
9897,1,1,0.31265440583229065
9898,2,2,0.502633810043335
9899,36,30,0.3162377178668976
9900,59,52,0.5098496079444885
9901,99,55,0.12788406014442444
9902,55,93,0.11500246077775955
9903,85,85,0.5820221900939941
9904,0,70,0.3573359251022339
9905,23,23,0.541436493396759
9906,64,14,0.10800774395465851
9907,82,89,0.28474995493888855
9908,62,83,0.33193108439445496
9909,31,36,0.0937330424785614
9910,86,86,0.8102883100509644
9911,57,0,0.24504037201404572
9912,72,65,0.061644550412893295
9913,73,73,0.24855376780033112
9914,42,42,0.25517702102661133
9915,91,91,0.1277109980583191
9916,84,81,0.3302842974662781
9917,85,85,0.1278049647808075
9918,90,89,0.3945244252681732
9919,69,69,0.5441279411315918
9920,82,82,0.8220705986022949
9921,21,38,0.07517203688621521
9922,89,89,0.4597509205341339
9923,68,96,0.35172149538993835
9924,68,68,0.6071771383285522
9925,76,76,0.9346460103988647
9926,31,74,0.1845049262046814
9927,58,58,0.7097459435462952
9928,8,8,0.969306230545044
9929,37,8,0.11412779241800308
9930,13,13,0.5198012590408325
9931,30,73,0.3485126495361328
9932,78,78,0.17263638973236084
9933,43,88,0.24916091561317444
9934,33,96,0.20310907065868378
9935,99,73,0.24803385138511658
9936,42,39,0.05828041583299637
9937,12,90,0.23607896268367767
9938,92,70,0.21462662518024445
9939,8,89,0.2300277054309845
9940,82,82,0.8120149374008179
9941,78,43,0.09348428249359131
9942,97,7,0.08150099217891693
9943,62,92,0.4492075741291046
9944,74,38,0.10379538685083389
9945,4,33,0.43630969524383545
9946,69,30,0.15280702710151672
9947,29,74,0.09249008446931839
9948,97,97,0.18732337653636932
9949,74,80,0.1278264820575714
9950,56,96,0.3422134518623352
9951,18,33,0.17613552510738373
9952,74,14,0.16519419848918915
9953,3,90,0.06232620030641556
9954,95,23,0.15195214748382568
9955,54,51,0.3541748821735382
9956,53,70,0.06574273109436035
9957,45,88,0.14004231989383698
9958,16,35,0.12708060443401337
9959,73,73,0.7179872393608093
9960,29,29,0.25877344608306885
9961,33,33,0.5056679844856262
9962,6,6,0.5750782489776611
9963,86,86,0.44542863965034485
9964,19,19,0.2917867600917816
9965,97,97,0.2556968629360199
9966,4,77,0.13436351716518402
9967,9,3,0.23986953496932983
9968,53,83,0.5439983606338501
9969,89,81,0.22739216685295105
9970,18,82,0.2603789269924164
9971,87,85,0.09716139733791351
9972,26,39,0.2448493093252182
9973,49,49,0.5224545001983643
9974,11,81,0.16000042855739594
9975,14,51,0.17241311073303223
9976,65,36,0.13247303664684296
9977,83,92,0.24131634831428528
9978,3,21,0.22607922554016113
9979,27,27,0.3158499002456665
9980,30,30,0.40110790729522705
9981,52,52,0.8438174724578857
9982,74,64,0.18368615210056305
9983,29,88,0.10892470926046371
9984,96,4,0.09163637459278107
9985,90,90,0.3140100836753845
9986,14,1,0.32928696274757385
9987,77,88,0.23554660379886627
9988,65,15,0.2375158816576004
9989,7,59,0.3316797614097595
9990,75,75,0.5053822994232178
9991,27,12,0.10049276053905487
9992,16,70,0.4974232316017151
9993,30,30,0.7370168566703796
9994,50,49,0.11643560975790024
9995,83,82,0.29372164607048035
9996,14,63,0.3609873354434967
9997,51,51,0.311620831489563
9998,42,42,0.249776229262352
9999,70,70,0.5730050206184387
