test_id,true_label,predicted_label,confidence
0,7,7,0.9999980926513672
1,2,2,0.9999957084655762
2,1,1,0.9999386072158813
3,0,0,0.9999802112579346
4,4,4,0.999858021736145
5,1,1,0.9999837875366211
6,4,4,0.9883309006690979
7,9,9,0.9831621646881104
8,5,5,0.9990373849868774
9,9,9,0.9998584985733032
10,0,0,0.9999982118606567
11,6,6,0.9999780654907227
12,9,9,0.9999009370803833
13,0,0,0.9999997615814209
14,1,1,0.9999678134918213
15,5,5,0.9998582601547241
16,9,9,0.9996837377548218
17,7,7,0.9999996423721313
18,3,5,0.6641497611999512
19,4,4,0.9999955892562866
20,9,9,0.9937002658843994
21,6,6,0.9996877908706665
22,6,6,0.9999057054519653
23,5,5,0.9999980926513672
24,4,4,0.99967360496521
25,0,0,0.999990701675415
26,7,7,0.9999696016311646
27,4,4,0.9999983310699463
28,0,0,0.999911904335022
29,1,1,0.9970672726631165
30,3,3,0.9999885559082031
31,1,1,0.9995827078819275
32,3,3,0.9999964237213135
33,4,4,0.999873161315918
34,7,7,0.9999949932098389
35,2,2,0.9998921155929565
36,7,7,0.9993541836738586
37,1,1,0.9999397993087769
38,2,2,0.997389018535614
39,1,1,0.999982476234436
40,1,1,0.9990358352661133
41,7,7,0.9977719187736511
42,4,4,0.9991331696510315
43,2,2,0.999176561832428
44,3,3,0.9996458292007446
45,5,5,0.9999783039093018
46,1,1,0.9968066215515137
47,2,2,0.9999996423721313
48,4,4,0.9812059998512268
49,4,4,0.9999668598175049
50,6,6,0.9998917579650879
51,3,3,0.9998757839202881
52,5,5,0.9999983310699463
53,5,5,0.9999368190765381
54,6,6,0.9999997615814209
55,0,0,0.9999954700469971
56,4,4,0.9999985694885254
57,1,1,0.9999678134918213
58,9,9,0.9999954700469971
59,5,5,0.9903523325920105
60,7,7,0.9999678134918213
61,8,8,0.9998906850814819
62,9,9,0.9694442749023438
63,3,3,0.9981830716133118
64,7,7,0.9999778270721436
65,4,4,0.9979156851768494
66,6,6,0.9997150301933289
67,4,4,0.9993618130683899
68,3,3,0.9999793767929077
69,0,0,0.9999798536300659
70,7,7,0.9999932050704956
71,0,0,0.9999992847442627
72,2,2,0.9998979568481445
73,9,9,0.9883180260658264
74,1,1,0.9999557733535767
75,7,7,0.9999232292175293
76,3,3,0.999902606010437
77,2,2,0.9992120265960693
78,9,9,0.5565531849861145
79,7,7,0.9999744892120361
80,7,7,0.9876967072486877
81,6,6,0.9993749260902405
82,2,2,0.9999972581863403
83,7,7,0.9999961853027344
84,8,8,0.9999722242355347
85,4,4,0.9999810457229614
86,7,7,0.9999935626983643
87,3,3,0.9985565543174744
88,6,6,0.9999959468841553
89,1,1,0.9990346431732178
90,3,3,0.9998763799667358
91,6,6,0.9999947547912598
92,9,9,0.934887707233429
93,3,3,0.9993663430213928
94,1,1,0.9990382194519043
95,4,4,0.9666842222213745
96,1,1,0.9910615086555481
97,7,7,0.9958510398864746
98,6,6,0.998354971408844
99,9,9,0.9999938011169434
100,6,6,0.9999860525131226
101,0,0,0.9999998807907104
102,5,5,0.9999995231628418
103,4,4,0.9999972581863403
104,9,9,0.9996562004089355
105,9,9,0.9999918937683105
106,2,2,0.9999481439590454
107,1,1,0.9973956346511841
108,9,9,0.9992964267730713
109,4,4,0.9999986886978149
110,8,8,0.9999788999557495
111,7,7,0.9780303239822388
112,3,3,0.9999943971633911
113,9,9,0.999991774559021
114,7,7,0.9996204376220703
115,4,9,0.684775710105896
116,4,4,0.9993694424629211
117,4,4,0.9999860525131226
118,9,9,0.9984101057052612
119,2,2,0.9317007660865784
120,5,5,0.9999536275863647
121,4,4,0.9949800372123718
122,7,7,0.9999614953994751
123,6,6,0.9999932050704956
124,7,7,0.9998552799224854
125,9,9,0.9924535155296326
126,0,0,0.9992104768753052
127,5,5,0.9999977350234985
128,8,8,0.9999974966049194
129,5,5,0.9999942779541016
130,6,6,0.999886155128479
131,6,6,0.9999358654022217
132,5,5,0.999998927116394
133,7,7,0.9997864365577698
134,8,8,0.999962568283081
135,1,1,0.9999889135360718
136,0,0,0.9999942779541016
137,1,1,0.9999253749847412
138,6,6,0.9999991655349731
139,4,4,0.9962064027786255
140,6,6,0.9996993541717529
141,7,7,0.999997615814209
142,3,3,0.999911904335022
143,1,1,0.99997878074646
144,7,7,0.9999653100967407
145,1,1,0.9985047578811646
146,8,8,0.9999771118164062
147,2,2,0.9999674558639526
148,0,0,0.9999992847442627
149,2,2,0.9078951478004456
150,9,9,0.9999476671218872
151,9,9,0.9651376605033875
152,5,5,0.999922513961792
153,5,5,0.9999973773956299
154,1,1,0.9995622038841248
155,5,5,0.9999856948852539
156,6,6,0.9999563694000244
157,0,0,0.9999924898147583
158,3,3,0.9881234765052795
159,4,4,0.9945825934410095
160,4,4,0.9876875281333923
161,6,6,0.9999711513519287
162,5,5,0.9999998807907104
163,4,4,0.9999573230743408
164,6,6,0.9999809265136719
165,5,5,0.9999898672103882
166,4,4,0.9997379183769226
167,5,5,0.9994006156921387
168,1,1,0.999991774559021
169,4,4,0.9999511241912842
170,4,4,0.9999402761459351
171,7,7,0.9939033389091492
172,2,2,0.9999959468841553
173,3,3,0.9984350800514221
174,2,2,0.9999352693557739
175,7,7,0.8921191692352295
176,1,1,0.999852180480957
177,8,8,0.9998067021369934
178,1,1,0.999997615814209
179,8,8,0.999920129776001
180,1,1,0.9999896287918091
181,8,8,0.9999164342880249
182,5,5,0.9999949932098389
183,0,0,0.9999990463256836
184,8,8,0.9459999203681946
185,9,9,0.9987925291061401
186,2,2,0.9999958276748657
187,5,5,0.9999855756759644
188,0,0,1.0
189,1,1,0.9955025315284729
190,1,1,0.9993985891342163
191,1,1,0.9942781925201416
192,0,0,0.999997615814209
193,9,9,0.9338515400886536
194,0,0,0.9999884366989136
195,3,3,0.9677107334136963
196,1,1,0.9999638795852661
197,6,6,0.9999641180038452
198,4,4,0.9999841451644897
199,2,2,0.999504804611206
200,3,3,0.9997960925102234
201,6,6,0.9999995231628418
202,1,1,0.9999359846115112
203,1,1,0.9997947812080383
204,1,1,0.9998843669891357
205,3,3,0.9999654293060303
206,9,9,0.9998354911804199
207,5,5,0.9999195337295532
208,2,2,0.9999812841415405
209,9,9,0.9897881746292114
210,4,4,0.9999096393585205
211,5,5,0.999860405921936
212,9,9,0.9997724890708923
213,3,3,0.999679684638977
214,9,9,0.9965488314628601
215,0,0,0.9999854564666748
216,3,3,0.9999984502792358
217,6,6,0.9821957945823669
218,5,5,0.9999725818634033
219,5,5,0.9999872446060181
220,7,7,0.9966975450515747
221,2,2,0.9773847460746765
222,2,2,0.9996947050094604
223,7,7,0.9999854564666748
224,1,1,0.9992426633834839
225,2,2,0.9999843835830688
226,8,8,0.9994989633560181
227,4,4,0.9989778995513916
228,1,1,0.9999701976776123
229,7,7,0.999810516834259
230,3,3,0.9992319345474243
231,3,3,0.9990630745887756
232,8,8,0.9991059899330139
233,8,8,0.999956488609314
234,7,7,0.999876856803894
235,9,9,0.9981223940849304
236,2,2,0.9999936819076538
237,2,2,0.9999946355819702
238,4,4,0.9999955892562866
239,1,1,0.9999631643295288
240,5,5,0.9999908208847046
241,9,9,0.9965097308158875
242,8,8,0.9981610178947449
243,7,7,0.9938932657241821
244,2,2,0.9988270401954651
245,3,3,0.9818986058235168
246,0,0,0.9999892711639404
247,4,4,0.8783461451530457
248,4,4,0.9999511241912842
249,2,2,0.9999046325683594
250,4,4,0.9822843074798584
251,1,1,0.9942290782928467
252,9,9,0.999968409538269
253,5,5,0.999996542930603
254,7,7,0.9999531507492065
255,7,7,0.9995657801628113
256,2,2,0.9997305274009705
257,8,8,0.9994686245918274
258,2,2,0.9999748468399048
259,6,0,0.8506166338920593
260,8,8,0.9999986886978149
261,5,5,0.9997538924217224
262,7,7,0.9999994039535522
263,7,7,0.9999934434890747
264,9,9,0.6913754940032959
265,1,1,0.9999890327453613
266,8,8,0.9765045642852783
267,1,1,0.9999945163726807
268,8,8,0.9999715089797974
269,0,0,0.9999051094055176
270,3,3,0.999035120010376
271,0,0,0.9999575614929199
272,1,1,0.9999836683273315
273,9,9,0.9999676942825317
274,9,9,0.9999969005584717
275,4,4,0.9993693232536316
276,1,1,0.9999940395355225
277,8,8,0.9998906850814819
278,2,2,0.9989965558052063
279,1,1,0.9998971223831177
280,2,2,0.9999939203262329
281,9,9,0.9999997615814209
282,7,7,0.9512376189231873
283,5,5,0.9999997615814209
284,9,9,0.9995961785316467
285,2,2,0.9999982118606567
286,6,6,0.9988014698028564
287,4,4,0.9852399826049805
288,1,1,0.9999730587005615
289,5,5,0.9993206262588501
290,8,8,0.8166944980621338
291,2,2,0.9999197721481323
292,9,9,0.9884294271469116
293,2,2,0.999929666519165
294,0,0,0.9999938011169434
295,4,4,0.9996837377548218
296,0,0,0.9999998807907104
297,0,0,0.9999614953994751
298,2,2,0.9999960660934448
299,8,8,0.9999988079071045
300,4,4,0.9949386119842529
301,7,7,0.9995300769805908
302,1,1,0.9999839067459106
303,2,2,0.995576024055481
304,4,4,0.9996503591537476
305,0,0,0.9999877214431763
306,2,2,0.9999916553497314
307,7,7,0.9997989535331726
308,4,4,0.99957674741745
309,3,3,0.9998714923858643
310,3,3,0.999963641166687
311,0,0,0.9999580383300781
312,0,0,0.9999961853027344
313,3,3,0.9928515553474426
314,1,1,0.9999898672103882
315,9,9,0.9999779462814331
316,6,6,0.9997124075889587
317,5,5,0.9999630451202393
318,2,2,0.9933346509933472
319,5,5,0.9999747276306152
320,9,9,0.5710875391960144
321,2,2,0.6156056523323059
322,9,9,0.9967660903930664
323,3,3,0.999981164932251
324,0,0,0.915229082107544
325,4,4,0.9992151260375977
326,2,2,0.8848438262939453
327,0,0,0.9999998807907104
328,7,7,0.9996390342712402
329,1,1,0.9999959468841553
330,1,1,0.9999923706054688
331,2,2,0.999991774559021
332,1,1,0.9999978542327881
333,5,5,0.9995256662368774
334,3,3,0.9999104738235474
335,3,3,0.9996138215065002
336,9,9,0.987203061580658
337,7,7,0.9772117137908936
338,8,8,0.9977091550827026
339,6,6,0.9826305508613586
340,5,5,0.9101626873016357
341,6,6,0.99212247133255
342,1,1,0.9999977350234985
343,3,3,0.9992375373840332
344,8,8,0.9999275207519531
345,1,1,0.9999904632568359
346,0,0,0.9999464750289917
347,5,5,0.9999904632568359
348,1,1,0.9999481439590454
349,3,3,0.9985419511795044
350,1,1,0.9996373653411865
351,5,5,0.9999905824661255
352,5,5,0.9998351335525513
353,6,6,0.9989909529685974
354,1,1,0.9997451901435852
355,8,8,0.9998255372047424
356,5,5,0.9999982118606567
357,1,1,0.9997586607933044
358,7,7,0.9864107966423035
359,9,9,0.9574777483940125
360,4,4,0.9901187419891357
361,6,6,0.9999984502792358
362,2,2,0.9966997504234314
363,2,2,0.99983811378479
364,5,5,0.9999899864196777
365,0,0,0.9999945163726807
366,6,6,0.9977771639823914
367,5,5,0.9999649524688721
368,6,6,0.9994115829467773
369,3,3,0.9990181922912598
370,7,7,0.9999866485595703
371,2,2,0.9999879598617554
372,0,0,0.9987251162528992
373,8,8,0.999972939491272
374,8,8,0.9999909400939941
375,5,5,0.9999986886978149
376,4,4,0.9929311275482178
377,1,1,0.999970555305481
378,1,1,0.9999865293502808
379,4,4,0.999993085861206
380,0,0,0.9999479055404663
381,3,3,0.9921405911445618
382,3,3,0.9999548196792603
383,7,7,0.9999256134033203
384,6,6,0.9999994039535522
385,1,1,0.999994158744812
386,6,6,0.9921190738677979
387,2,2,0.9997740387916565
388,1,1,0.9998762607574463
389,9,9,0.9869584441184998
390,2,2,0.9997605681419373
391,8,8,0.9959903359413147
392,6,6,0.9999966621398926
393,1,1,0.9999445676803589
394,9,9,0.9995262622833252
395,5,5,0.999996542930603
396,2,2,0.9999918937683105
397,5,5,0.9999226331710815
398,4,4,0.9999785423278809
399,4,4,0.9997019171714783
400,2,2,0.9907265901565552
401,8,8,0.9999371767044067
402,3,3,0.9970372915267944
403,8,8,0.999609649181366
404,2,2,0.996945321559906
405,4,4,0.9988881945610046
406,5,5,0.9994029998779297
407,0,0,0.9999938011169434
408,3,3,0.9994470477104187
409,1,1,0.9999855756759644
410,7,7,0.9999997615814209
411,7,7,0.9984704852104187
412,5,5,0.9711892008781433
413,7,7,0.9999942779541016
414,9,9,0.995860755443573
415,7,7,0.9989250302314758
416,1,1,0.9999865293502808
417,9,9,0.9980727434158325
418,2,2,0.999993085861206
419,1,1,0.9999138116836548
420,4,4,0.9247859120368958
421,2,2,0.9968827962875366
422,9,9,0.9996471405029297
423,2,2,0.9999634027481079
424,0,0,0.9999963045120239
425,4,4,0.9999812841415405
426,9,9,0.9998428821563721
427,1,1,0.9999489784240723
428,4,4,0.9995155334472656
429,8,8,0.9999957084655762
430,1,1,0.9999314546585083
431,8,8,0.9999744892120361
432,4,4,0.9999779462814331
433,5,5,0.9999988079071045
434,9,9,0.9998990297317505
435,8,8,0.9789430499076843
436,8,8,0.9998611211776733
437,3,3,0.9994482398033142
438,7,7,0.9999182224273682
439,6,6,0.9968011379241943
440,0,0,0.9999970197677612
441,0,0,0.9999995231628418
442,3,3,0.999942421913147
443,0,0,0.9956598877906799
444,2,2,0.9996379613876343
445,6,0,0.8874275088310242
446,6,6,0.997752845287323
447,4,4,0.8884232640266418
448,9,9,0.8066842555999756
449,3,5,0.8844440579414368
450,3,3,0.9822532534599304
451,3,3,0.9995220899581909
452,2,2,0.989180326461792
453,3,3,0.9982118606567383
454,9,9,0.9999793767929077
455,1,1,0.9999039173126221
456,2,2,0.9622271656990051
457,6,6,0.9923230409622192
458,8,8,0.9999998807907104
459,0,0,0.9999926090240479
460,5,5,0.9996939897537231
461,6,6,0.9999796152114868
462,6,6,0.9604504704475403
463,6,6,0.9999983310699463
464,3,3,0.9981885552406311
465,8,8,0.9998610019683838
466,8,8,0.9999972581863403
467,2,2,0.9999122619628906
468,7,7,0.99703049659729
469,5,5,0.9998867511749268
470,8,8,0.9999929666519165
471,9,9,0.9930197596549988
472,6,6,0.9999738931655884
473,1,1,0.9996281862258911
474,8,8,0.9999986886978149
475,4,4,0.9876056909561157
476,1,1,0.9999676942825317
477,2,2,0.9999861717224121
478,5,5,0.9894998669624329
479,9,9,0.9743385910987854
480,1,1,0.9995768666267395
481,9,9,0.9999396800994873
482,7,7,0.9999991655349731
483,5,5,0.9996259212493896
484,4,4,0.9999791383743286
485,0,0,0.9999849796295166
486,8,8,0.9999940395355225
487,9,9,0.9997277855873108
488,9,9,0.9994896650314331
489,1,1,0.9999510049819946
490,0,0,0.969481348991394
491,5,5,0.995053231716156
492,2,2,0.989345133304596
493,3,3,0.9999876022338867
494,7,7,0.9999997615814209
495,8,0,0.5827463865280151
496,9,9,0.9999872446060181
497,4,4,0.9253801703453064
498,0,0,0.9998157620429993
499,6,6,0.9990264177322388
500,3,3,0.9999988079071045
501,9,9,0.9999659061431885
502,5,5,0.9997887015342712
503,2,2,0.9999983310699463
504,1,1,0.9996238946914673
505,3,3,0.9999333620071411
506,1,1,0.9998993873596191
507,3,3,0.9985125660896301
508,6,6,0.9678934812545776
509,5,5,0.9999809265136719
510,7,7,0.9995923638343811
511,4,4,0.9454328417778015
512,2,2,0.9999988079071045
513,2,2,0.9999912977218628
514,6,6,0.9999067783355713
515,3,3,0.9996647834777832
516,2,2,0.9999933242797852
517,6,6,0.9999969005584717
518,5,5,0.9999988079071045
519,4,4,0.9909411072731018
520,8,8,0.9996204376220703
521,9,9,0.9972660541534424
522,7,7,0.9996957778930664
523,1,1,0.9896296858787537
524,3,3,0.9997169375419617
525,0,0,0.999998927116394
526,3,3,0.9996026158332825
527,8,8,0.9999701976776123
528,3,3,0.9976460337638855
529,1,1,0.9999973773956299
530,9,9,0.9991613626480103
531,3,3,0.9985119700431824
532,4,4,0.9906045794487
533,4,4,0.9999949932098389
534,6,6,0.9997321963310242
535,4,4,0.9999878406524658
536,2,2,0.9998237490653992
537,1,1,0.9999864101409912
538,8,8,0.9997656941413879
539,2,2,0.9999018907546997
540,5,5,0.9999707937240601
541,4,4,0.9996275901794434
542,8,8,0.9951850771903992
543,8,8,0.9424301981925964
544,4,4,0.9999964237213135
545,0,0,0.9998935461044312
546,0,0,0.9999972581863403
547,2,2,0.9988850951194763
548,3,3,0.9999593496322632
549,2,2,0.9998292922973633
550,7,7,0.9465592503547668
551,7,7,0.9043687582015991
552,0,0,0.9959775805473328
553,8,8,0.9994661211967468
554,7,7,0.9999834299087524
555,4,4,0.9995180368423462
556,4,4,0.9998927116394043
557,7,7,0.9994139671325684
558,9,9,0.9999009370803833
559,6,6,0.9992990493774414
560,9,9,0.9999362230300903
561,0,0,0.9970042109489441
562,9,9,0.9999212026596069
563,8,8,0.9999685287475586
564,0,0,0.9999144077301025
565,4,4,0.9854893088340759
566,6,6,0.9985162615776062
567,0,0,0.9995347261428833
568,6,6,0.9999076128005981
569,3,3,0.9992578625679016
570,5,5,0.9999847412109375
571,4,4,0.7083302140235901
572,8,8,0.9998250603675842
573,3,3,0.9999364614486694
574,3,3,0.9996500015258789
575,9,9,0.9994381070137024
576,3,3,0.9999268054962158
577,3,3,0.9999969005584717
578,3,3,0.9697838425636292
579,7,7,0.999984860420227
580,8,8,0.9994049072265625
581,0,0,0.9999880790710449
582,8,2,0.9584991335868835
583,2,2,0.9736312031745911
584,1,1,0.9997506737709045
585,7,7,0.9999954700469971
586,0,0,0.9999967813491821
587,6,6,0.9992364645004272
588,5,5,0.9999892711639404
589,4,4,0.9998212456703186
590,3,3,0.9999912977218628
591,8,8,0.9402410984039307
592,0,0,0.9999995231628418
593,9,9,0.979192852973938
594,6,6,0.9999557733535767
595,3,3,0.9999700784683228
596,8,8,0.999972939491272
597,0,0,0.9687946438789368
598,9,9,0.9994148015975952
599,9,9,0.9999312162399292
600,6,6,0.9999797344207764
601,8,8,0.9965963959693909
602,6,6,0.9999997615814209
603,8,8,0.9997076392173767
604,5,5,0.9999973773956299
605,7,7,0.9932483434677124
606,8,8,0.9997195601463318
607,6,6,0.9999980926513672
608,0,0,0.9999852180480957
609,2,2,0.999990701675415
610,4,4,0.9902451038360596
611,0,0,0.9994764924049377
612,2,2,0.9999815225601196
613,2,2,0.989866316318512
614,3,3,0.9999572038650513
615,1,1,0.998609185218811
616,9,9,0.9999035596847534
617,7,7,0.9965870380401611
618,5,5,0.9995430707931519
619,1,8,0.43244484066963196
620,0,0,0.9999572038650513
621,8,8,0.9999929666519165
622,4,4,0.9999979734420776
623,6,6,0.9999862909317017
624,2,2,0.9995248317718506
625,6,6,0.7467620372772217
626,7,7,0.9999996423721313
627,9,9,0.9983556866645813
628,3,3,0.993125319480896
629,2,2,0.9980282187461853
630,9,9,0.9999675750732422
631,8,8,0.9997794032096863
632,2,2,0.9999901056289673
633,2,2,0.999996542930603
634,9,9,0.9999837875366211
635,2,2,0.9986501336097717
636,7,7,0.9999995231628418
637,3,3,0.9914189577102661
638,5,5,0.9999961853027344
639,9,9,0.999788224697113
640,1,1,0.9994630217552185
641,8,8,0.9996453523635864
642,0,0,0.9987919926643372
643,2,2,0.999987006187439
644,0,0,0.9999904632568359
645,5,5,0.9994282126426697
646,2,2,0.9946241974830627
647,1,1,0.9999682903289795
648,3,3,0.9999958276748657
649,7,7,0.9998413324356079
650,6,6,0.9997815489768982
651,7,7,0.9999983310699463
652,1,1,0.9999980926513672
653,2,2,0.99997878074646
654,5,5,0.9998499155044556
655,8,8,0.9740076661109924
656,0,0,0.9999998807907104
657,3,3,0.9999597072601318
658,7,7,0.9929526448249817
659,2,7,0.6122639179229736
660,4,4,0.9999746084213257
661,0,0,0.9995142221450806
662,9,9,0.9999924898147583
663,1,1,0.9999983310699463
664,8,8,0.9999585151672363
665,6,6,0.9999997615814209
666,7,7,0.9998891353607178
667,7,7,0.988721489906311
668,4,4,0.9999908208847046
669,3,3,0.9999338388442993
670,4,4,0.996760904788971
671,9,9,0.999932050704956
672,1,1,0.999983549118042
673,9,9,0.9998495578765869
674,5,5,0.9874094128608704
675,1,1,0.9999971389770508
676,7,7,0.9994868040084839
677,3,3,0.9987636804580688
678,9,9,0.9998555183410645
679,7,7,0.9998737573623657
680,6,6,0.9999865293502808
681,9,9,0.9999775886535645
682,1,1,0.9997870326042175
683,3,3,0.999618411064148
684,7,7,0.737881064414978
685,8,8,0.9971528053283691
686,3,3,0.9999967813491821
687,3,3,0.9999411106109619
688,6,6,0.9865905046463013
689,7,7,0.982297420501709
690,2,2,0.9999668598175049
691,8,8,0.9989550113677979
692,5,5,0.9999740123748779
693,8,8,0.9993139505386353
694,5,5,0.9999982118606567
695,1,1,0.9999721050262451
696,1,1,0.9797807931900024
697,4,4,0.9999874830245972
698,4,4,0.9927217364311218
699,3,3,0.9999756813049316
700,1,1,0.9986209869384766
701,0,0,0.9999903440475464
702,7,7,0.9989718198776245
703,7,7,0.998904824256897
704,0,0,0.9999915361404419
705,7,7,0.999984860420227
706,9,9,0.9999294281005859
707,4,4,0.974928081035614
708,4,4,0.9989572763442993
709,8,8,0.9999706745147705
710,5,5,0.9999978542327881
711,5,5,0.9999938011169434
712,4,4,0.9814650416374207
713,0,0,0.9999229907989502
714,8,8,0.9999513626098633
715,2,2,0.9996650218963623
716,1,1,0.9902674555778503
717,0,0,0.5550325512886047
718,8,8,0.9998897314071655
719,4,4,0.9999417066574097
720,5,8,0.8787480592727661
721,0,0,0.9993526339530945
722,4,4,0.9999524354934692
723,0,0,0.9854427576065063
724,6,6,0.9999911785125732
725,1,1,0.9999692440032959
726,7,7,0.5024455189704895
727,3,3,0.9999353885650635
728,2,2,0.9997950196266174
729,6,6,0.9998024106025696
730,7,7,0.9961750507354736
731,2,2,0.9999969005584717
732,6,6,0.9999995231628418
733,9,9,0.999981164932251
734,3,3,0.9998418092727661
735,1,1,0.9999881982803345
736,4,4,0.9989174604415894
737,6,6,0.9999507665634155
738,2,2,0.9998780488967896
739,5,5,0.9998651742935181
740,4,4,0.5152789950370789
741,2,2,0.9980301260948181
742,0,0,0.9999994039535522
743,6,6,0.9994582533836365
744,2,2,0.9998512268066406
745,1,1,0.99998939037323
746,7,7,0.9998992681503296
747,3,3,0.9999470710754395
748,4,4,0.9996895790100098
749,1,1,0.9999525547027588
750,0,0,0.9999947547912598
751,5,5,0.9999940395355225
752,4,4,0.9999725818634033
753,3,3,0.9999982118606567
754,1,1,0.9999852180480957
755,1,1,0.9996215105056763
756,7,7,0.9997268319129944
757,4,4,0.9999935626983643
758,9,9,0.9999877214431763
759,9,9,0.9999661445617676
760,4,4,0.9545196890830994
761,8,8,0.9885452389717102
762,4,4,0.9996572732925415
763,0,0,0.9986968636512756
764,2,2,0.9995884299278259
765,4,4,0.999977707862854
766,5,5,0.9999991655349731
767,1,1,0.9999104738235474
768,1,1,0.9999799728393555
769,6,6,0.9994812607765198
770,4,4,0.999987006187439
771,7,7,0.9996570348739624
772,1,1,0.9998842477798462
773,9,9,0.9999665021896362
774,4,4,0.9954965114593506
775,2,2,0.9999656677246094
776,4,4,0.999840497970581
777,1,1,0.9997915625572205
778,5,5,0.9999932050704956
779,5,5,0.999994158744812
780,3,3,0.9851744771003723
781,8,8,0.9945051074028015
782,3,3,0.9999260902404785
783,1,1,0.9999905824661255
784,4,4,0.9999790191650391
785,5,5,0.9998527765274048
786,6,6,0.9838700890541077
787,8,8,0.9998315572738647
788,9,9,0.9999938011169434
789,4,4,0.9977847933769226
790,1,1,0.9999525547027588
791,5,5,0.9880935549736023
792,3,3,0.9999653100967407
793,8,8,0.9999992847442627
794,0,0,0.9999998807907104
795,3,3,0.9978228807449341
796,2,2,0.9999946355819702
797,5,5,0.9976119995117188
798,1,1,0.9992563128471375
799,2,2,0.9999998807907104
800,8,8,0.997820258140564
801,3,3,0.9999071359634399
802,4,4,0.9999666213989258
803,4,4,0.9999986886978149
804,0,0,0.9916588664054871
805,8,8,0.9999994039535522
806,8,8,0.9999994039535522
807,3,3,0.9998421669006348
808,3,3,0.9995794892311096
809,1,1,0.9999613761901855
810,7,7,0.8219909071922302
811,3,3,0.999993085861206
812,5,5,0.9999973773956299
813,9,9,0.7662041187286377
814,6,6,0.999976634979248
815,3,3,0.9999109506607056
816,2,2,0.9999262094497681
817,6,6,0.9999395608901978
818,1,1,0.9998794794082642
819,3,3,0.9999604225158691
820,6,6,0.99998939037323
821,0,0,0.999966025352478
822,7,7,0.9999984502792358
823,2,2,0.9978823065757751
824,1,1,0.9999911785125732
825,7,7,0.9999860525131226
826,1,1,0.9999979734420776
827,4,4,0.9327482581138611
828,2,2,0.9999879598617554
829,4,4,0.8213215470314026
830,2,2,0.9999052286148071
831,1,1,0.9999747276306152
832,7,7,0.9998078942298889
833,9,9,0.9969229102134705
834,6,6,0.9990676045417786
835,1,1,0.9998998641967773
836,1,1,0.9999465942382812
837,2,2,0.9994569420814514
838,4,4,0.9999854564666748
839,8,8,0.9935734868049622
840,1,1,0.999963641166687
841,7,7,0.99988853931427
842,7,7,0.9728158712387085
843,4,4,0.9999945163726807
844,8,8,0.8740979433059692
845,0,0,0.9999994039535522
846,7,9,0.8030285239219666
847,3,3,0.9999212026596069
848,1,1,0.9999793767929077
849,3,3,0.9999785423278809
850,1,1,0.9999326467514038
851,0,0,0.9999996423721313
852,7,7,0.9999507665634155
853,7,7,0.9999837875366211
854,0,0,0.9999902248382568
855,3,3,0.9999926090240479
856,5,5,0.9999812841415405
857,5,5,0.9995636343955994
858,2,2,0.9999916553497314
859,7,7,0.999933123588562
860,6,6,0.9999992847442627
861,6,6,0.999964714050293
862,9,9,0.9995086193084717
863,2,2,0.9998927116394043
864,8,8,0.9999990463256836
865,3,3,0.9999514818191528
866,5,5,0.9954414367675781
867,2,2,0.9999827146530151
868,2,2,0.9997565150260925
869,5,5,0.9999995231628418
870,6,6,0.965142548084259
871,0,0,0.9999996423721313
872,8,8,0.9991480112075806
873,2,2,0.9999206066131592
874,9,9,0.9991594552993774
875,2,2,0.9997852444648743
876,8,8,0.9999880790710449
877,8,8,0.9957745671272278
878,8,8,0.9971820116043091
879,8,8,0.9999781847000122
880,7,7,0.9997106194496155
881,4,4,0.8437989354133606
882,9,9,0.8091630339622498
883,3,3,0.7373702526092529
884,0,0,0.9998542070388794
885,6,6,0.9984849095344543
886,6,6,0.9999797344207764
887,3,3,0.9989089965820312
888,2,2,0.999701201915741
889,1,1,0.9999934434890747
890,3,3,0.9421099424362183
891,2,2,0.9999959468841553
892,2,2,0.9999738931655884
893,9,9,0.9995724558830261
894,3,3,0.9814226627349854
895,0,0,0.9995637536048889
896,0,0,0.9921688437461853
897,5,5,0.9999704360961914
898,7,7,0.9066640138626099
899,8,8,0.9999990463256836
900,1,1,0.9354886412620544
901,4,4,0.9995278120040894
902,4,4,0.9475186467170715
903,6,6,0.9925587177276611
904,0,0,0.992259681224823
905,2,2,0.9999368190765381
906,9,9,0.9992302656173706
907,1,1,0.9999094009399414
908,4,4,0.9999333620071411
909,7,7,0.9975258708000183
910,4,4,0.9999943971633911
911,7,7,0.9999741315841675
912,3,3,0.9999420642852783
913,9,9,0.9999817609786987
914,8,8,0.9999974966049194
915,8,8,0.999739944934845
916,4,4,0.9821135401725769
917,7,7,0.9999958276748657
918,1,1,0.9998158812522888
919,2,2,0.9999310970306396
920,1,1,0.9999501705169678
921,2,2,0.9999988079071045
922,2,2,0.9998927116394043
923,3,3,0.999997615814209
924,2,2,0.9623288512229919
925,3,3,0.9999915361404419
926,2,2,0.5412848591804504
927,3,3,0.9998300075531006
928,9,9,0.9995554089546204
929,1,1,0.9999158382415771
930,7,7,0.9896256327629089
931,4,4,0.9954255223274231
932,0,0,0.9990106821060181
933,3,3,0.9999264478683472
934,5,5,0.9999521970748901
935,5,5,0.9999951124191284
936,8,8,0.9956642985343933
937,6,6,0.9999982118606567
938,3,5,0.9931156039237976
939,2,2,0.9789764285087585
940,6,6,0.9910998940467834
941,7,7,0.9999972581863403
942,6,6,0.999935507774353
943,6,6,0.9997366070747375
944,3,3,0.9977380037307739
945,2,2,0.9999849796295166
946,7,7,0.9994850158691406
947,8,9,0.8566563129425049
948,1,1,0.9999516010284424
949,1,1,0.9999665021896362
950,7,7,0.9989816546440125
951,5,5,0.9850014448165894
952,6,6,0.999700665473938
953,4,4,0.9997641444206238
954,9,9,0.9997493624687195
955,5,5,0.9999704360961914
956,1,1,0.9386928677558899
957,3,3,0.975999116897583
958,3,3,0.9487839937210083
959,4,4,0.9974691867828369
960,7,7,0.9681938886642456
961,8,8,0.9999996423721313
962,9,9,0.988849937915802
963,1,1,0.9998726844787598
964,1,1,0.9997308850288391
965,6,0,0.5746086835861206
966,9,9,0.9994621872901917
967,1,1,0.9999895095825195
968,4,4,0.9998897314071655
969,4,4,0.9627676606178284
970,5,5,0.9999247789382935
971,4,4,0.9999887943267822
972,0,0,1.0
973,6,6,0.9999995231628418
974,2,2,0.9999978542327881
975,2,2,0.9962749481201172
976,3,3,0.9977588653564453
977,1,1,0.9985862970352173
978,5,5,0.9999744892120361
979,1,1,0.9998028874397278
980,2,2,0.9999998807907104
981,0,0,0.9999959468841553
982,3,3,0.9631718993186951
983,8,8,0.9999951124191284
984,1,1,0.9999003410339355
985,2,2,0.9999939203262329
986,6,6,0.9991902709007263
987,7,7,0.9999207258224487
988,1,1,0.9989179372787476
989,6,6,0.9998698234558105
990,2,2,0.9998108744621277
991,3,3,0.999882698059082
992,9,9,0.996612012386322
993,0,0,0.9999986886978149
994,1,1,0.9982911944389343
995,2,2,0.9998218417167664
996,2,2,0.9999995231628418
997,0,0,0.9999998807907104
998,8,8,0.9996854066848755
999,9,9,0.9992885589599609
1000,9,9,0.999452531337738
1001,0,0,0.9999858140945435
1002,2,2,0.9999148845672607
1003,5,5,0.9999562501907349
1004,1,1,0.9988405108451843
1005,9,9,0.9999542236328125
1006,7,7,0.9998049139976501
1007,8,8,0.9998574256896973
1008,1,1,0.9999716281890869
1009,0,0,0.9999386072158813
1010,4,4,0.992711067199707
1011,1,1,0.9999892711639404
1012,7,7,0.9793463945388794
1013,9,9,0.999272882938385
1014,6,5,0.9817866683006287
1015,4,4,0.9974476099014282
1016,2,2,0.9999066591262817
1017,6,6,0.999914288520813
1018,8,8,0.9999958276748657
1019,1,1,0.999850869178772
1020,3,3,0.9999682903289795
1021,7,7,0.9623841643333435
1022,5,5,0.999380350112915
1023,4,4,0.9999924898147583
1024,4,4,0.9997753500938416
1025,1,1,0.9999948740005493
1026,8,8,0.9498640894889832
1027,1,1,0.9999653100967407
1028,3,3,0.9999550580978394
1029,8,8,0.9999986886978149
1030,1,1,0.9999779462814331
1031,2,2,0.9916479587554932
1032,5,5,0.9507263898849487
1033,8,1,0.5181854963302612
1034,0,0,0.9999990463256836
1035,6,6,0.9999867677688599
1036,2,2,0.9999891519546509
1037,1,1,0.9999366998672485
1038,1,1,0.9999903440475464
1039,7,7,0.5071350336074829
1040,1,1,0.9998193383216858
1041,5,5,0.999998927116394
1042,3,3,0.9996911287307739
1043,4,4,0.9999006986618042
1044,6,6,0.9432616829872131
1045,9,9,0.6038769483566284
1046,5,5,0.9999760389328003
1047,0,0,0.999906063079834
1048,9,9,0.9999934434890747
1049,2,2,0.9999990463256836
1050,2,2,0.9703669548034668
1051,4,4,0.9955001473426819
1052,8,8,0.9991657733917236
1053,2,2,0.9999583959579468
1054,1,1,0.9996615648269653
1055,7,7,0.9989321827888489
1056,2,2,0.9992973804473877
1057,4,4,0.9999736547470093
1058,9,9,0.9998542070388794
1059,4,4,0.9998661279678345
1060,4,4,0.9999426603317261
1061,0,0,0.9999918937683105
1062,3,3,0.9651508927345276
1063,9,9,0.9999462366104126
1064,2,2,0.9999643564224243
1065,2,2,0.9999899864196777
1066,3,3,0.9999490976333618
1067,3,3,0.9990280866622925
1068,8,8,0.9826631546020508
1069,3,3,0.9924654960632324
1070,5,5,0.9999997615814209
1071,7,7,0.9999240636825562
1072,3,5,0.6915577054023743
1073,5,5,0.9999979734420776
1074,8,8,0.9999991655349731
1075,1,1,0.9999711513519287
1076,2,2,0.9997703433036804
1077,4,4,0.9995176792144775
1078,4,4,0.9997478127479553
1079,6,6,0.9988964796066284
1080,4,4,0.9991902709007263
1081,9,9,0.9953466057777405
1082,5,5,0.9998207688331604
1083,1,1,0.9997380375862122
1084,0,0,0.9999986886978149
1085,6,6,0.9998838901519775
1086,9,9,0.9987609386444092
1087,5,5,0.9999946355819702
1088,9,9,0.9999529123306274
1089,5,5,0.9998148083686829
1090,9,9,0.9951497912406921
1091,7,7,0.9995790123939514
1092,3,3,0.9999619722366333
1093,8,8,0.9999282360076904
1094,0,0,0.9999908208847046
1095,3,3,0.9999462366104126
1096,7,7,0.9756548404693604
1097,1,1,0.9998956918716431
1098,3,3,0.9995703101158142
1099,6,6,0.9990805387496948
1100,7,7,0.9999818801879883
1101,8,8,0.9979987740516663
1102,5,5,0.9999996423721313
1103,9,9,0.9994615912437439
1104,7,7,0.9999796152114868
1105,9,9,0.9999687671661377
1106,6,6,0.9999995231628418
1107,9,9,0.978734016418457
1108,6,6,0.9976093769073486
1109,3,3,0.9998762607574463
1110,7,7,0.9999978542327881
1111,4,4,0.9999196529388428
1112,4,6,0.5036109685897827
1113,5,5,0.9999997615814209
1114,3,3,0.6381703615188599
1115,5,5,0.9995100498199463
1116,4,4,0.998581051826477
1117,7,7,0.9999508857727051
1118,8,8,0.9979548454284668
1119,7,7,0.9759563207626343
1120,8,8,0.9999948740005493
1121,0,0,0.9997081160545349
1122,7,7,0.9977818131446838
1123,6,6,0.9999874830245972
1124,8,8,0.997453510761261
1125,8,8,0.9996534585952759
1126,7,7,0.9999645948410034
1127,3,3,0.9999806880950928
1128,3,3,0.9536863565444946
1129,1,1,0.9998226761817932
1130,9,9,0.9997350573539734
1131,5,5,0.9999903440475464
1132,2,2,0.9999902248382568
1133,7,7,0.9987909197807312
1134,3,3,0.9999779462814331
1135,5,5,0.9999551773071289
1136,1,1,0.9999730587005615
1137,1,1,0.9999074935913086
1138,2,2,0.9907063841819763
1139,1,1,0.9999527931213379
1140,4,4,0.9999254941940308
1141,7,7,0.9999451637268066
1142,4,4,0.9999731779098511
1143,7,7,0.9888736009597778
1144,5,5,0.9999973773956299
1145,4,4,0.9988262057304382
1146,5,5,0.9999468326568604
1147,4,4,0.9718763828277588
1148,0,0,0.9999996423721313
1149,8,8,0.999985933303833
1150,3,3,0.9960684776306152
1151,6,6,0.9994257688522339
1152,9,9,0.9997691512107849
1153,6,6,0.9947260022163391
1154,0,0,0.9986911416053772
1155,2,2,0.9996715784072876
1156,7,7,0.6601881384849548
1157,4,4,0.999152660369873
1158,4,4,0.999997615814209
1159,4,4,0.9984419941902161
1160,4,4,0.9999344348907471
1161,6,6,0.9990260601043701
1162,6,6,0.9999973773956299
1163,4,4,0.9999947547912598
1164,7,7,0.9970285296440125
1165,9,9,0.9966991543769836
1166,3,3,0.6470420360565186
1167,4,4,0.9998558759689331
1168,5,5,0.9999992847442627
1169,5,5,0.9998500347137451
1170,8,8,0.9999955892562866
1171,7,7,0.9999836683273315
1172,3,3,0.999997615814209
1173,7,7,0.9774119853973389
1174,2,2,0.9999972581863403
1175,7,7,0.9999949932098389
1176,0,0,0.9999769926071167
1177,2,2,0.9999840259552002
1178,4,4,0.5310396552085876
1179,1,1,0.9996515512466431
1180,1,1,0.999988317489624
1181,6,6,0.9290098547935486
1182,6,8,0.5783222913742065
1183,9,9,0.999984622001648
1184,2,2,0.998674750328064
1185,8,8,0.9999704360961914
1186,7,7,0.9999880790710449
1187,2,2,0.9975947737693787
1188,0,0,0.9999946355819702
1189,1,1,0.9999688863754272
1190,5,5,0.9999996423721313
1191,0,0,0.5658426880836487
1192,9,9,0.8424519896507263
1193,1,1,0.9999817609786987
1194,7,7,0.9992530941963196
1195,0,0,0.9999996423721313
1196,6,6,0.9998846054077148
1197,0,0,0.999940037727356
1198,8,8,0.9999533891677856
1199,6,6,0.98105388879776
1200,8,8,0.7720931172370911
1201,1,1,0.9999637603759766
1202,8,8,0.9853380918502808
1203,0,0,0.9999995231628418
1204,3,3,0.9725236892700195
1205,3,3,0.9999978542327881
1206,7,7,0.8861016035079956
1207,2,2,0.9999979734420776
1208,3,3,0.999305248260498
1209,6,6,0.9921666383743286
1210,2,2,0.9999961853027344
1211,1,1,0.9998828172683716
1212,6,6,0.9970583915710449
1213,1,1,0.9999960660934448
1214,1,1,0.9998701810836792
1215,3,3,0.9998984336853027
1216,7,7,0.983833372592926
1217,9,9,0.9911816120147705
1218,0,0,0.9999977350234985
1219,8,8,0.9980168342590332
1220,0,0,0.9994655251502991
1221,5,5,0.9999974966049194
1222,4,4,0.9999992847442627
1223,0,0,0.9999821186065674
1224,2,2,0.9956583976745605
1225,8,8,0.9999983310699463
1226,7,2,0.9262102842330933
1227,2,2,0.9998726844787598
1228,9,9,0.9982581734657288
1229,8,8,0.9999748468399048
1230,4,4,0.9992320537567139
1231,0,0,0.9999909400939941
1232,9,4,0.5182181596755981
1233,5,5,0.9999918937683105
1234,8,8,0.9991965889930725
1235,5,5,0.9998372793197632
1236,1,1,0.9998809099197388
1237,2,2,0.9998762607574463
1238,1,1,0.9999953508377075
1239,3,3,0.9795665144920349
1240,1,1,0.9998410940170288
1241,7,7,0.9992597699165344
1242,4,4,0.5406009554862976
1243,5,5,0.9998999834060669
1244,7,7,0.9992758631706238
1245,2,2,0.9999994039535522
1246,0,0,0.999605119228363
1247,9,5,0.6682769656181335
1248,8,8,0.9716084599494934
1249,8,8,0.9999997615814209
1250,6,6,0.994965136051178
1251,2,2,0.9992795586585999
1252,5,5,0.9983431100845337
1253,4,4,0.9999256134033203
1254,1,1,0.9999964237213135
1255,9,9,0.9996545314788818
1256,2,2,0.9888519644737244
1257,1,1,0.9999711513519287
1258,5,5,0.9997968077659607
1259,8,8,0.9996248483657837
1260,7,7,0.5597010850906372
1261,0,0,0.9999995231628418
1262,2,2,0.9993182420730591
1263,4,4,0.8992323875427246
1264,4,4,0.9995400905609131
1265,3,3,0.9999661445617676
1266,6,6,0.9998866319656372
1267,8,8,0.9999291896820068
1268,8,8,0.9999779462814331
1269,2,2,0.9999055862426758
1270,4,4,0.9865002036094666
1271,0,0,0.999966025352478
1272,5,5,0.9999887943267822
1273,0,0,0.9983041286468506
1274,4,4,0.9966899156570435
1275,4,4,0.9999148845672607
1276,7,7,0.9998059868812561
1277,9,9,0.9999929666519165
1278,3,3,0.9999958276748657
1279,4,4,0.9831507802009583
1280,1,1,0.99996018409729
1281,5,5,0.9970353841781616
1282,9,9,0.9984857439994812
1283,7,7,0.9970671534538269
1284,3,3,0.9999567270278931
1285,5,5,0.9999994039535522
1286,8,8,0.9999403953552246
1287,8,8,0.9999961853027344
1288,0,0,0.9998847246170044
1289,5,5,0.998494029045105
1290,3,3,0.870042622089386
1291,3,3,0.9995386600494385
1292,6,6,0.9556788802146912
1293,6,6,0.9999953508377075
1294,0,0,0.9999996423721313
1295,1,1,0.999983549118042
1296,6,6,0.989385187625885
1297,0,0,0.9999991655349731
1298,3,3,0.9996907711029053
1299,5,5,0.6500452756881714
1300,4,4,0.9982349872589111
1301,4,4,0.9974730610847473
1302,1,1,0.9999027252197266
1303,2,2,0.9999157190322876
1304,9,9,0.9999773502349854
1305,1,1,0.9999938011169434
1306,4,4,0.9999842643737793
1307,6,6,0.9999819993972778
1308,9,9,0.9999655485153198
1309,9,9,0.9999731779098511
1310,3,3,0.9993269443511963
1311,9,9,0.9999403953552246
1312,8,8,0.996523916721344
1313,4,4,0.9999723434448242
1314,4,4,0.9999927282333374
1315,3,3,0.9959421753883362
1316,1,1,0.999996542930603
1317,3,3,0.9999679327011108
1318,1,1,0.9999032020568848
1319,8,8,0.525282621383667
1320,8,8,0.999930739402771
1321,7,7,0.9998630285263062
1322,9,9,0.9999986886978149
1323,4,4,0.9999996423721313
1324,8,8,0.9997935891151428
1325,8,8,0.9991289973258972
1326,7,7,0.5660788416862488
1327,9,9,0.9988757967948914
1328,7,7,0.9937729239463806
1329,1,1,0.999954104423523
1330,4,4,0.9954610466957092
1331,5,5,0.9991986155509949
1332,6,6,0.9999998807907104
1333,0,0,1.0
1334,5,5,0.999171257019043
1335,2,2,0.9999145269393921
1336,2,2,0.9999659061431885
1337,2,2,0.980398952960968
1338,1,1,0.9999531507492065
1339,5,5,0.9984978437423706
1340,5,5,0.9995893836021423
1341,2,2,0.9999821186065674
1342,4,4,0.9999877214431763
1343,9,9,0.9998089671134949
1344,6,6,0.9983188509941101
1345,2,2,0.9990563988685608
1346,7,7,0.9999809265136719
1347,7,7,0.9990517497062683
1348,2,2,0.9999808073043823
1349,2,2,0.9994162321090698
1350,1,1,0.9999940395355225
1351,1,1,0.9999113082885742
1352,2,2,0.9978072047233582
1353,8,8,0.9999957084655762
1354,3,3,0.9993317723274231
1355,7,7,0.9324609637260437
1356,2,2,0.996986448764801
1357,4,4,0.9879075884819031
1358,1,1,0.999984622001648
1359,7,7,0.9999810457229614
1360,1,1,0.9998664855957031
1361,7,7,0.9999958276748657
1362,6,6,0.9999982118606567
1363,7,7,0.986544668674469
1364,8,8,0.853652834892273
1365,2,2,0.9863854050636292
1366,7,7,0.9994252920150757
1367,3,3,0.9999983310699463
1368,1,1,0.9999524354934692
1369,7,7,0.9999992847442627
1370,5,5,0.9999909400939941
1371,8,8,0.9999998807907104
1372,2,2,0.9994627833366394
1373,6,6,0.9999973773956299
1374,2,2,0.999968409538269
1375,2,2,0.9993233680725098
1376,5,5,0.9999998807907104
1377,6,6,0.9931417107582092
1378,5,5,0.9921424388885498
1379,0,0,0.9999996423721313
1380,9,9,0.9997541308403015
1381,2,2,0.9999982118606567
1382,4,4,0.9999831914901733
1383,3,3,0.9983433485031128
1384,3,3,0.999591052532196
1385,9,9,0.991782546043396
1386,7,7,0.9999202489852905
1387,6,6,0.9999759197235107
1388,6,6,0.9999234676361084
1389,8,8,0.9999984502792358
1390,0,0,0.999998927116394
1391,4,4,0.9967066645622253
1392,1,1,0.9998525381088257
1393,5,5,0.7777271866798401
1394,8,8,0.9869553446769714
1395,2,2,0.9997636675834656
1396,9,9,0.9999889135360718
1397,1,1,0.9999707937240601
1398,8,8,0.9999221563339233
1399,0,0,0.9995442032814026
1400,6,6,0.9993444085121155
1401,7,7,0.9996060729026794
1402,2,2,0.9918047189712524
1403,1,1,0.9578840136528015
1404,0,0,0.9999403953552246
1405,5,5,0.9999887943267822
1406,5,5,0.9998133778572083
1407,2,2,0.9999982118606567
1408,0,0,0.9995160102844238
1409,2,2,0.9995562434196472
1410,2,2,0.99982088804245
1411,0,0,0.9999850988388062
1412,2,2,0.9974743723869324
1413,4,4,0.9932623505592346
1414,9,9,0.43597567081451416
1415,8,8,0.9817487597465515
1416,0,0,0.9999983310699463
1417,9,9,0.999947190284729
1418,9,9,0.999976634979248
1419,4,4,0.9993682503700256
1420,6,6,0.9999189376831055
1421,5,5,0.9999892711639404
1422,4,4,0.9997597336769104
1423,9,9,0.9999903440475464
1424,1,1,0.9999876022338867
1425,8,8,0.8973941206932068
1426,3,3,0.999995231628418
1427,4,4,0.9822524785995483
1428,9,9,0.9995941519737244
1429,9,9,0.9547469615936279
1430,1,1,0.9999465942382812
1431,2,2,0.9995279312133789
1432,2,2,0.9999969005584717
1433,8,8,0.9941417574882507
1434,1,1,0.9999929666519165
1435,9,9,0.9973838925361633
1436,6,6,0.9836134910583496
1437,4,4,0.9323070645332336
1438,0,0,0.7861842513084412
1439,9,9,0.9911254048347473
1440,4,4,0.7498921751976013
1441,8,8,0.9939942955970764
1442,3,3,0.9999977350234985
1443,8,8,0.9999998807907104
1444,6,6,0.999523401260376
1445,0,0,0.9999920129776001
1446,2,2,0.9999377727508545
1447,5,5,0.9999872446060181
1448,1,1,0.9999822378158569
1449,9,9,0.9997362494468689
1450,6,6,0.9999991655349731
1451,2,2,0.9999488592147827
1452,9,9,0.9999972581863403
1453,4,4,0.9199260473251343
1454,0,0,0.9998935461044312
1455,9,9,0.9990938901901245
1456,6,6,0.9998272061347961
1457,0,0,0.9999992847442627
1458,6,6,0.9983415603637695
1459,2,2,0.9158946871757507
1460,5,5,0.9999991655349731
1461,4,4,0.9999779462814331
1462,2,2,0.9946094751358032
1463,3,3,0.9986151456832886
1464,8,8,0.9989842772483826
1465,4,4,0.994076132774353
1466,5,5,0.996679425239563
1467,5,5,0.9998452663421631
1468,0,0,0.9951516389846802
1469,3,3,0.991754412651062
1470,8,8,0.9960149526596069
1471,5,5,0.9999988079071045
1472,3,3,0.9732956886291504
1473,5,5,0.9999995231628418
1474,8,8,0.9998267292976379
1475,6,6,0.9892693161964417
1476,5,5,0.9995459914207458
1477,7,7,0.9959249496459961
1478,6,6,0.9996641874313354
1479,3,3,0.9999889135360718
1480,3,3,0.9999542236328125
1481,9,9,0.9995939135551453
1482,6,6,0.9855266809463501
1483,1,1,0.9999011754989624
1484,1,1,0.9999799728393555
1485,2,2,0.999958872795105
1486,9,9,0.9999508857727051
1487,0,0,0.9999911785125732
1488,4,4,0.9996740818023682
1489,3,3,0.9997068047523499
1490,3,3,0.9987406134605408
1491,6,6,0.9999854564666748
1492,9,9,0.9911755323410034
1493,5,5,1.0
1494,7,7,0.9999277591705322
1495,3,3,0.9998160004615784
1496,7,7,0.9949336647987366
1497,7,7,0.9999938011169434
1498,7,7,0.9999885559082031
1499,8,8,0.9997005462646484
1500,7,7,0.9601410031318665
1501,9,9,0.9999839067459106
1502,8,8,0.9998480081558228
1503,3,3,0.9993197917938232
1504,0,0,0.9999865293502808
1505,7,7,0.9899407029151917
1506,2,2,0.9999994039535522
1507,7,7,0.9996856451034546
1508,9,9,0.9969993829727173
1509,4,4,0.9673107862472534
1510,5,5,0.9988318085670471
1511,4,4,0.9996356964111328
1512,9,9,0.9999120235443115
1513,3,3,0.9999711513519287
1514,2,2,0.9999879598617554
1515,1,1,0.9999371767044067
1516,4,4,0.9720034003257751
1517,0,0,0.9999997615814209
1518,2,2,0.9994608759880066
1519,3,3,0.9999892711639404
1520,7,7,0.9887599945068359
1521,5,5,0.9999927282333374
1522,7,7,0.62546306848526
1523,8,8,0.9940635561943054
1524,8,8,0.9998055100440979
1525,5,5,0.9985927939414978
1526,0,0,0.9999955892562866
1527,1,5,0.5768424868583679
1528,1,1,0.9999679327011108
1529,4,4,0.9999997615814209
1530,8,8,0.798687219619751
1531,3,3,0.967070996761322
1532,9,9,0.9998311996459961
1533,0,0,0.9997127652168274
1534,0,0,0.9999101161956787
1535,0,0,0.9999822378158569
1536,6,6,0.9998015761375427
1537,6,6,0.9998830556869507
1538,2,2,0.9999016523361206
1539,3,3,0.9999923706054688
1540,7,7,0.999988317489624
1541,8,8,0.9999570846557617
1542,4,4,0.9999867677688599
1543,7,7,0.9991288781166077
1544,7,7,0.9999996423721313
1545,9,9,0.9959184527397156
1546,2,2,0.9999380111694336
1547,4,4,0.9942657351493835
1548,1,1,0.9993557333946228
1549,4,4,0.8769151568412781
1550,5,5,0.999996542930603
1551,2,2,0.9878597855567932
1552,4,4,0.9976315498352051
1553,9,9,0.9301151633262634
1554,9,9,0.59883052110672
1555,1,1,0.9999834299087524
1556,8,8,0.9998855590820312
1557,4,4,0.9996277093887329
1558,0,0,0.999128520488739
1559,9,9,0.9020699262619019
1560,8,8,0.999969482421875
1561,4,4,0.999721348285675
1562,8,8,0.9996932744979858
1563,7,7,0.9999830722808838
1564,7,7,0.9999792575836182
1565,0,0,0.9999970197677612
1566,7,7,0.989281177520752
1567,8,8,0.9999805688858032
1568,8,8,0.9996064305305481
1569,6,6,0.782760739326477
1570,0,0,0.8524388074874878
1571,4,4,0.9924858808517456
1572,8,8,0.999897837638855
1573,8,8,0.9998860359191895
1574,2,2,0.9999904632568359
1575,4,4,0.9995054006576538
1576,7,7,0.9995655417442322
1577,6,6,0.9999974966049194
1578,6,6,0.9999921321868896
1579,6,6,0.9970111846923828
1580,4,4,0.9996460676193237
1581,7,7,0.9452238082885742
1582,1,1,0.9999572038650513
1583,8,8,0.9990565180778503
1584,8,8,0.9985936284065247
1585,2,2,0.9999904632568359
1586,3,3,0.9999014139175415
1587,6,6,0.995997428894043
1588,3,3,0.9999778270721436
1589,0,0,0.9999961853027344
1590,0,0,0.9999983310699463
1591,3,3,0.9998569488525391
1592,7,7,0.9999648332595825
1593,6,6,0.9995936751365662
1594,9,9,0.9978137016296387
1595,7,7,0.9050315618515015
1596,9,9,0.9996160268783569
1597,9,9,0.989309549331665
1598,5,5,0.9999982118606567
1599,4,4,0.9997856020927429
1600,3,3,0.9133236408233643
1601,3,3,0.9743132591247559
1602,6,6,0.9998836517333984
1603,1,1,0.9997106194496155
1604,2,2,0.999997615814209
1605,3,3,0.9999713897705078
1606,7,7,0.9999836683273315
1607,3,3,0.9963171482086182
1608,3,3,0.9999799728393555
1609,2,2,0.997914731502533
1610,0,0,0.9999217987060547
1611,3,3,0.6534749865531921
1612,3,3,0.9970697164535522
1613,8,8,0.999977707862854
1614,4,4,0.9801467061042786
1615,3,3,0.9997060894966125
1616,6,6,0.9999412298202515
1617,3,3,0.990544319152832
1618,5,5,0.9997294545173645
1619,0,0,0.9999880790710449
1620,2,2,0.9999164342880249
1621,0,0,0.7830197215080261
1622,9,9,0.9996925592422485
1623,0,0,0.9999996423721313
1624,7,7,0.999990701675415
1625,4,4,0.9999630451202393
1626,6,6,0.981063723564148
1627,9,9,0.9999698400497437
1628,3,3,0.9891011118888855
1629,5,5,0.9999996423721313
1630,1,1,0.99998939037323
1631,9,9,0.9996672868728638
1632,6,6,0.9999111890792847
1633,1,1,0.9999871253967285
1634,4,4,0.9037182331085205
1635,5,5,0.9999810457229614
1636,4,4,0.9999493360519409
1637,5,5,0.9999277591705322
1638,0,0,0.9999978542327881
1639,5,5,0.9999914169311523
1640,9,9,0.9986183643341064
1641,5,5,0.9987123012542725
1642,2,2,0.9994943141937256
1643,1,1,0.9999904632568359
1644,2,2,0.9993395209312439
1645,9,9,0.99979168176651
1646,1,1,0.9999521970748901
1647,9,9,0.9998939037322998
1648,9,9,0.9997546076774597
1649,4,4,0.9998905658721924
1650,0,0,0.9999673366546631
1651,8,8,0.9999927282333374
1652,4,4,0.9984147548675537
1653,5,5,0.9999480247497559
1654,2,2,0.9550492167472839
1655,9,9,0.9999872446060181
1656,2,2,0.9999959468841553
1657,1,1,0.9999922513961792
1658,2,2,0.9997971653938293
1659,1,1,0.9999595880508423
1660,7,7,0.9991508722305298
1661,3,3,0.9999111890792847
1662,6,6,0.9999985694885254
1663,8,8,0.9999985694885254
1664,8,8,0.9999760389328003
1665,4,4,0.999752938747406
1666,9,9,0.9999940395355225
1667,1,1,0.9999419450759888
1668,9,9,0.9998100399971008
1669,8,8,0.9996125102043152
1670,5,5,0.9999072551727295
1671,7,7,0.99378502368927
1672,5,5,0.9999533891677856
1673,1,1,0.9993211030960083
1674,1,1,0.9999594688415527
1675,8,8,0.9999958276748657
1676,6,6,0.9970287680625916
1677,5,5,0.9999908208847046
1678,2,2,0.8163514733314514
1679,4,4,0.9998164772987366
1680,4,4,0.9999097585678101
1681,3,3,0.9325147271156311
1682,2,2,0.9998482465744019
1683,3,3,0.9999983310699463
1684,5,5,0.9999799728393555
1685,6,6,0.9999983310699463
1686,8,8,0.9898882508277893
1687,8,8,0.9932801127433777
1688,6,6,0.9994447827339172
1689,2,2,0.9987719655036926
1690,3,3,0.9976492524147034
1691,1,1,0.9799720644950867
1692,0,0,0.9999980926513672
1693,5,5,0.9999982118606567
1694,8,8,0.9986360669136047
1695,9,9,0.9947932362556458
1696,2,2,0.9963299632072449
1697,9,9,0.9988282322883606
1698,6,6,0.9999996423721313
1699,7,7,0.999998927116394
1700,0,0,0.9999797344207764
1701,4,4,0.9792988300323486
1702,8,8,0.9939014911651611
1703,7,7,0.9998824596405029
1704,1,1,0.9999740123748779
1705,7,7,0.9999929666519165
1706,4,4,0.999524712562561
1707,1,1,0.9988927245140076
1708,0,0,0.9999758005142212
1709,9,5,0.5357034802436829
1710,7,7,0.9999918937683105
1711,2,2,0.9999630451202393
1712,0,0,0.9987528324127197
1713,0,0,0.9999923706054688
1714,9,9,0.9993399977684021
1715,1,1,0.9999837875366211
1716,7,7,0.7607704401016235
1717,8,0,0.6501762270927429
1718,7,7,0.9970288872718811
1719,8,8,0.9999986886978149
1720,4,4,0.9999898672103882
1721,7,7,0.9784285426139832
1722,2,2,0.6215211153030396
1723,0,0,1.0
1724,4,4,0.9999138116836548
1725,6,6,0.9913819432258606
1726,0,0,0.9999967813491821
1727,3,3,0.9988987445831299
1728,1,1,0.9998691082000732
1729,1,1,0.9999610185623169
1730,3,3,0.9773699641227722
1731,3,3,0.9999892711639404
1732,9,9,0.9977472424507141
1733,6,6,0.9999991655349731
1734,7,7,0.9999912977218628
1735,4,4,0.999906063079834
1736,1,1,0.9999511241912842
1737,5,3,0.3088580369949341
1738,3,3,0.9999929666519165
1739,0,0,0.9999992847442627
1740,8,8,0.9944906234741211
1741,7,7,0.9996987581253052
1742,3,3,0.9999829530715942
1743,9,9,0.9999443292617798
1744,6,6,0.9999959468841553
1745,9,9,0.9999890327453613
1746,3,3,0.9996925592422485
1747,5,5,0.9999886751174927
1748,0,0,0.9964897036552429
1749,2,2,0.9998676776885986
1750,7,7,0.9996228218078613
1751,4,4,0.9099904894828796
1752,5,5,0.9999752044677734
1753,1,1,0.9999681711196899
1754,7,2,0.514424204826355
1755,5,5,0.9984033703804016
1756,8,8,0.9999253749847412
1757,0,0,0.9999759197235107
1758,8,8,0.9999057054519653
1759,8,8,0.9712393879890442
1760,1,1,0.9999760389328003
1761,5,5,0.9979950189590454
1762,0,0,0.9984110593795776
1763,3,3,0.9989432692527771
1764,0,0,0.9999972581863403
1765,3,3,0.9989743232727051
1766,1,1,0.999862551689148
1767,4,4,0.9975121021270752
1768,0,0,0.9999969005584717
1769,3,3,0.9978355765342712
1770,7,7,0.9999988079071045
1771,2,2,0.9997479319572449
1772,7,7,0.9821604490280151
1773,1,1,0.7475050091743469
1774,8,8,0.9804573655128479
1775,0,0,0.9999223947525024
1776,7,7,0.998569130897522
1777,0,0,0.9999921321868896
1778,4,4,0.998969316482544
1779,3,3,0.9999771118164062
1780,1,1,0.9999676942825317
1781,9,9,0.9997454285621643
1782,8,8,0.9308344125747681
1783,7,7,0.9999899864196777
1784,7,7,0.9999960660934448
1785,1,1,0.9980487823486328
1786,4,4,0.9997562766075134
1787,9,9,0.9998798370361328
1788,9,9,0.9996925592422485
1789,3,3,0.9961245656013489
1790,2,7,0.6232253909111023
1791,1,1,0.999984622001648
1792,7,7,0.9994926452636719
1793,9,9,0.9999792575836182
1794,0,0,0.9996774196624756
1795,2,2,0.9999998807907104
1796,0,0,0.9999412298202515
1797,3,3,0.9452295899391174
1798,3,3,0.9999566078186035
1799,7,7,0.9999953508377075
1800,6,6,0.9107673168182373
1801,9,9,0.9999414682388306
1802,2,2,0.9996250867843628
1803,3,3,0.9999762773513794
1804,3,3,0.9999972581863403
1805,7,7,0.9999940395355225
1806,7,7,0.999524712562561
1807,0,0,0.9985081553459167
1808,0,0,0.9975793957710266
1809,7,7,0.9940577745437622
1810,5,5,0.9999802112579346
1811,2,2,0.9991362690925598
1812,9,9,0.9998676776885986
1813,8,8,0.9996826648712158
1814,7,7,0.9997636675834656
1815,4,4,0.9999717473983765
1816,4,4,0.9996434450149536
1817,2,2,0.9999504089355469
1818,6,6,0.9995095729827881
1819,6,6,0.9670506119728088
1820,1,1,0.9999716281890869
1821,9,9,0.9999986886978149
1822,6,6,0.9287455081939697
1823,8,8,0.9852794408798218
1824,2,2,0.999993085861206
1825,9,9,0.9949554800987244
1826,0,0,0.9999711513519287
1827,8,8,0.9999978542327881
1828,3,3,0.8767752647399902
1829,1,1,0.9995334148406982
1830,1,1,0.9999711513519287
1831,6,6,0.9991313815116882
1832,3,3,0.9996179342269897
1833,5,5,0.9999209642410278
1834,1,1,0.9999890327453613
1835,1,1,0.999987006187439
1836,1,1,0.9999626874923706
1837,3,3,0.9999319314956665
1838,1,1,0.9966878294944763
1839,2,2,0.9997170567512512
1840,3,3,0.9993574023246765
1841,0,0,0.9997275471687317
1842,2,2,0.9999680519104004
1843,0,0,0.9988508224487305
1844,1,1,0.999904990196228
1845,3,3,0.9999663829803467
1846,5,5,0.999992847442627
1847,5,5,0.9997789263725281
1848,7,7,0.9999843835830688
1849,4,4,0.9219383001327515
1850,8,8,0.9920571446418762
1851,9,9,0.9991680383682251
1852,6,6,0.998961329460144
1853,9,9,0.9990973472595215
1854,6,6,0.9999985694885254
1855,8,8,0.9988706707954407
1856,3,3,0.9994237422943115
1857,6,6,0.9991286396980286
1858,6,6,0.9999955892562866
1859,8,8,0.9999871253967285
1860,5,5,0.9995872378349304
1861,1,1,0.9992727637290955
1862,4,4,0.9957401752471924
1863,2,2,0.9996695518493652
1864,4,4,0.9999791383743286
1865,4,4,0.9889658093452454
1866,5,5,0.9999666213989258
1867,1,1,0.9999929666519165
1868,1,1,0.9853158593177795
1869,9,9,0.9999697208404541
1870,0,0,0.9999994039535522
1871,2,2,0.9993108510971069
1872,4,4,0.9999716281890869
1873,9,9,0.9999904632568359
1874,5,5,0.9999366998672485
1875,7,7,0.9999957084655762
1876,1,1,0.9999936819076538
1877,8,8,0.9999454021453857
1878,8,8,0.4609701335430145
1879,5,5,0.9999644756317139
1880,6,6,0.8164070248603821
1881,9,9,0.9995105266571045
1882,8,8,0.9996763467788696
1883,7,7,0.9893256425857544
1884,1,1,0.9999719858169556
1885,1,1,0.9977341890335083
1886,6,6,0.9994999170303345
1887,7,7,0.9999867677688599
1888,6,6,0.9951727986335754
1889,3,3,0.9991077780723572
1890,2,2,1.0
1891,2,2,0.9999874830245972
1892,0,0,0.9999815225601196
1893,8,8,0.9999903440475464
1894,9,9,0.996908962726593
1895,2,2,0.9999656677246094
1896,5,5,0.9999731779098511
1897,1,1,0.999987006187439
1898,0,0,0.9989944100379944
1899,8,8,0.9994460940361023
1900,1,1,0.9952291250228882
1901,9,4,0.981151282787323
1902,5,5,0.9999417066574097
1903,7,7,0.8708574771881104
1904,9,9,0.9991350769996643
1905,6,6,0.999997615814209
1906,9,9,0.9999611377716064
1907,0,0,0.9999912977218628
1908,6,6,0.9994339346885681
1909,1,1,0.9893414378166199
1910,5,5,0.9977808594703674
1911,5,5,0.9992899894714355
1912,8,8,0.9999809265136719
1913,3,3,0.9846641421318054
1914,8,8,0.9999626874923706
1915,2,2,0.999902606010437
1916,6,6,0.9996814727783203
1917,5,5,0.9999786615371704
1918,0,0,0.999984860420227
1919,7,7,0.9999938011169434
1920,4,4,0.9882347583770752
1921,6,6,0.9999998807907104
1922,1,1,0.999955415725708
1923,3,3,0.9999579191207886
1924,4,4,0.9958176016807556
1925,7,7,0.9999803304672241
1926,3,3,0.9995892643928528
1927,2,2,0.9999737739562988
1928,3,3,0.9999641180038452
1929,4,4,0.9754769206047058
1930,2,2,0.9997492432594299
1931,5,5,0.9999759197235107
1932,2,2,0.9998495578765869
1933,7,7,0.9978390336036682
1934,1,1,0.9999719858169556
1935,7,7,0.9999973773956299
1936,2,2,0.9998776912689209
1937,6,6,0.9992249011993408
1938,4,4,0.9897682070732117
1939,1,1,0.9999078512191772
1940,5,5,0.9981914162635803
1941,7,7,0.9821406006813049
1942,8,8,0.9999115467071533
1943,6,6,0.9994811415672302
1944,0,0,0.9994144439697266
1945,1,1,0.9992976188659668
1946,8,8,0.9999996423721313
1947,2,2,0.9988773465156555
1948,5,5,0.9754071831703186
1949,7,7,0.9927787184715271
1950,7,7,0.9999992847442627
1951,6,6,0.999990701675415
1952,9,9,0.9644009470939636
1953,3,3,0.9998600482940674
1954,5,5,0.9964949488639832
1955,8,8,0.9674885869026184
1956,4,4,0.9342422485351562
1957,2,2,0.9999948740005493
1958,4,4,0.9999887943267822
1959,0,0,0.9999817609786987
1960,8,8,0.9999793767929077
1961,8,8,0.9999693632125854
1962,3,3,0.9999299049377441
1963,4,4,0.996164083480835
1964,9,9,0.9999337196350098
1965,2,2,0.9985791444778442
1966,7,7,0.9999997615814209
1967,5,5,0.9999874830245972
1968,8,8,0.9972729086875916
1969,6,6,0.9952912330627441
1970,5,5,0.9999380111694336
1971,6,6,0.9997987151145935
1972,0,0,0.999995231628418
1973,8,8,0.9832372069358826
1974,6,6,0.9999743700027466
1975,7,7,0.9999929666519165
1976,3,3,0.9889436960220337
1977,6,6,0.999731719493866
1978,4,4,0.9972752928733826
1979,9,9,0.998468816280365
1980,4,4,0.9999992847442627
1981,6,6,0.989463210105896
1982,6,6,0.9369877576828003
1983,3,3,0.9999958276748657
1984,2,2,0.9932123422622681
1985,4,4,0.9999644756317139
1986,1,1,0.9999735355377197
1987,0,0,0.8171534538269043
1988,1,1,0.9998923540115356
1989,4,4,0.9400580525398254
1990,6,6,0.9993559718132019
1991,2,2,0.9998971223831177
1992,9,9,0.9984500408172607
1993,1,1,0.9898819327354431
1994,1,1,0.9997692704200745
1995,0,0,0.9999810457229614
1996,6,6,0.998190701007843
1997,3,3,0.9999675750732422
1998,9,9,0.9994682669639587
1999,5,5,0.9982446432113647
2000,6,6,0.9997289776802063
2001,5,5,0.9992573857307434
2002,6,6,0.9999504089355469
2003,5,5,0.9999992847442627
2004,8,8,0.9928272366523743
2005,4,4,0.999454915523529
2006,6,6,0.9996318817138672
2007,4,4,0.9999786615371704
2008,3,3,0.9999867677688599
2009,9,9,0.997568666934967
2010,1,1,0.9987927675247192
2011,3,3,0.9999115467071533
2012,4,4,0.9999061822891235
2013,1,1,0.9990973472595215
2014,9,9,0.9995560050010681
2015,1,1,0.9998331069946289
2016,7,7,0.8680394291877747
2017,1,1,0.999977707862854
2018,1,2,0.6310863494873047
2019,9,9,0.9999858140945435
2020,3,3,0.9987525939941406
2021,5,5,0.9999934434890747
2022,4,4,0.9999494552612305
2023,0,0,0.9839942455291748
2024,7,7,0.9941980838775635
2025,3,3,0.9969828724861145
2026,6,6,0.99998939037323
2027,1,1,0.9972692131996155
2028,7,7,0.9960898160934448
2029,5,5,0.9993388056755066
2030,5,5,0.9999746084213257
2031,3,3,0.9999970197677612
2032,3,3,0.9999978542327881
2033,0,0,0.9999805688858032
2034,1,1,0.9998548030853271
2035,5,3,0.5188501477241516
2036,7,7,0.9999806880950928
2037,5,5,0.9980752468109131
2038,8,8,0.9999333620071411
2039,6,6,0.9999735355377197
2040,5,5,0.9288960695266724
2041,1,1,0.9998708963394165
2042,0,0,0.9999996423721313
2043,4,8,0.9758340120315552
2044,2,2,0.9968906044960022
2045,3,3,0.9984642267227173
2046,4,4,0.9999395608901978
2047,6,6,0.9854921698570251
2048,7,7,0.9871625304222107
2049,9,9,0.9850099682807922
2050,8,8,0.9993599057197571
2051,1,1,0.9999904632568359
2052,8,8,0.9970627427101135
2053,4,4,0.506086528301239
2054,9,9,0.9984960556030273
2055,2,2,0.9988400340080261
2056,8,8,0.9999802112579346
2057,6,6,0.9996742010116577
2058,2,2,0.9939265847206116
2059,7,7,0.999504804611206
2060,0,0,0.9998958110809326
2061,0,0,0.9999696016311646
2062,6,6,0.9999990463256836
2063,7,7,0.9841567873954773
2064,5,5,0.999945878982544
2065,8,8,0.9998641014099121
2066,6,6,0.9992935657501221
2067,0,0,0.9999395608901978
2068,9,9,0.9907094240188599
2069,3,3,0.9999819993972778
2070,7,7,0.6006016731262207
2071,1,1,0.9993423819541931
2072,3,3,0.9996229410171509
2073,5,5,0.9994107484817505
2074,4,4,0.9968584775924683
2075,3,3,0.99982088804245
2076,3,3,0.99998939037323
2077,5,5,0.9999817609786987
2078,5,5,0.9999996423721313
2079,6,6,0.9998319149017334
2080,3,3,0.999799907207489
2081,0,0,0.9999899864196777
2082,2,2,0.9996734857559204
2083,3,3,0.9999873638153076
2084,4,4,0.9886640906333923
2085,2,2,0.9999351501464844
2086,3,3,0.9999929666519165
2087,0,0,0.9999985694885254
2088,9,9,0.9997089505195618
2089,9,9,0.9980915188789368
2090,4,4,0.8704562783241272
2091,7,7,0.9999823570251465
2092,2,2,0.9999983310699463
2093,8,8,0.8691275715827942
2094,4,4,0.9883508682250977
2095,7,7,0.9993364214897156
2096,0,0,0.9999980926513672
2097,6,6,0.9997465014457703
2098,2,0,0.5617110729217529
2099,8,8,0.9999783039093018
2100,5,5,0.9999911785125732
2101,2,2,0.9999079704284668
2102,8,8,0.9999988079071045
2103,5,5,0.9999977350234985
2104,7,7,0.9993846416473389
2105,3,3,0.9590368270874023
2106,0,0,0.9999526739120483
2107,8,0,0.8374667763710022
2108,2,2,0.9999873638153076
2109,3,7,0.6919338703155518
2110,2,2,0.9999927282333374
2111,8,8,0.9999972581863403
2112,2,2,0.999988317489624
2113,5,5,0.9999707937240601
2114,5,5,0.9999973773956299
2115,7,7,0.998772919178009
2116,6,6,0.9935343265533447
2117,4,4,0.9999657869338989
2118,6,0,0.877576470375061
2119,8,8,0.9999996423721313
2120,4,4,0.999995231628418
2121,8,8,0.9925036430358887
2122,2,2,0.9997503161430359
2123,7,7,0.9993091821670532
2124,4,4,0.999995231628418
2125,5,5,0.7732258439064026
2126,2,2,0.9999936819076538
2127,0,0,0.9999998807907104
2128,3,3,0.9999872446060181
2129,9,8,0.9152011275291443
2130,4,9,0.8502376675605774
2131,6,6,0.9896671772003174
2132,7,7,0.9999222755432129
2133,2,2,0.999974250793457
2134,5,5,0.9999103546142578
2135,6,1,0.6544815301895142
2136,1,1,0.9997572302818298
2137,1,1,0.999990701675415
2138,2,2,0.9998607635498047
2139,3,3,0.9999465942382812
2140,6,6,0.9999996423721313
2141,7,7,0.9999934434890747
2142,8,8,0.9999759197235107
2143,7,7,0.999651312828064
2144,6,6,0.9858399629592896
2145,4,4,0.9999856948852539
2146,8,8,0.9999101161956787
2147,9,9,0.9982094764709473
2148,4,4,0.6406069993972778
2149,8,8,0.9980997443199158
2150,6,6,0.9998480081558228
2151,3,3,0.9975311160087585
2152,8,8,0.9999967813491821
2153,3,3,0.9997262358665466
2154,1,1,0.9999855756759644
2155,0,0,0.9999972581863403
2156,6,6,0.9998750686645508
2157,2,2,0.9999303817749023
2158,2,2,0.9998019337654114
2159,5,5,0.9999939203262329
2160,6,6,0.9997740387916565
2161,9,9,0.9929310083389282
2162,5,5,0.998999297618866
2163,8,8,0.9999991655349731
2164,1,1,0.9999876022338867
2165,4,4,0.9999992847442627
2166,1,1,0.9994590878486633
2167,7,7,0.9999966621398926
2168,8,8,0.9997406601905823
2169,4,4,0.9764236807823181
2170,6,6,1.0
2171,1,1,0.999099850654602
2172,8,8,0.9999948740005493
2173,4,4,0.9999524354934692
2174,3,3,0.9475528001785278
2175,1,1,0.9996925592422485
2176,2,2,0.9999817609786987
2177,8,8,0.9999411106109619
2178,0,0,0.9999988079071045
2179,8,8,0.998696506023407
2180,5,5,0.999974250793457
2181,9,9,0.999970555305481
2182,1,1,0.5518897175788879
2183,4,4,0.999995231628418
2184,2,2,0.9999865293502808
2185,0,0,0.9150879979133606
2186,2,2,0.8789194822311401
2187,7,7,0.9999997615814209
2188,0,0,0.9988613128662109
2189,9,9,0.8143960237503052
2190,0,0,0.9999862909317017
2191,2,2,0.9999990463256836
2192,5,5,0.9999512434005737
2193,7,7,0.9980892539024353
2194,6,6,0.9998409748077393
2195,7,7,0.7853782773017883
2196,9,9,0.9997460246086121
2197,4,4,0.9953605532646179
2198,2,2,0.9918276071548462
2199,6,6,0.9995133876800537
2200,2,2,0.9995456337928772
2201,4,4,0.998890221118927
2202,4,4,0.9998443126678467
2203,8,8,0.9999500513076782
2204,0,0,0.9999781847000122
2205,4,4,0.999961256980896
2206,4,4,0.9999001026153564
2207,5,5,0.9999970197677612
2208,8,8,0.9976540207862854
2209,0,0,0.9998644590377808
2210,6,6,0.9995999932289124
2211,8,8,0.9996770620346069
2212,9,9,0.9994194507598877
2213,8,8,0.9999998807907104
2214,5,5,0.9999918937683105
2215,6,6,0.9946022629737854
2216,9,9,0.999468982219696
2217,0,0,1.0
2218,4,4,0.9991740584373474
2219,8,8,0.999879002571106
2220,7,7,0.9999997615814209
2221,1,1,0.9986155033111572
2222,3,3,0.9863322973251343
2223,4,4,0.9994705319404602
2224,5,5,0.9982340335845947
2225,8,8,0.926359236240387
2226,0,0,0.9999996423721313
2227,9,9,0.9999330043792725
2228,1,1,0.9999314546585083
2229,3,3,0.9982835054397583
2230,3,3,0.999988317489624
2231,6,6,0.9999996423721313
2232,9,9,0.9987980127334595
2233,8,8,0.999962329864502
2234,7,7,0.999777615070343
2235,1,1,0.9995734095573425
2236,0,0,0.9999994039535522
2237,5,5,0.999082088470459
2238,7,7,0.9998856782913208
2239,1,1,0.9999594688415527
2240,7,7,1.0
2241,5,5,0.9999934434890747
2242,2,2,0.9997126460075378
2243,7,7,0.9999704360961914
2244,9,9,0.9999911785125732
2245,1,1,0.9996090531349182
2246,8,8,0.9996439218521118
2247,5,5,0.9999756813049316
2248,2,2,0.9998155236244202
2249,4,4,0.9999997615814209
2250,9,9,0.9998874664306641
2251,4,4,0.9975016713142395
2252,7,7,0.9999477863311768
2253,2,2,0.9985128045082092
2254,2,2,0.9995591044425964
2255,3,3,0.9998188614845276
2256,4,4,0.9999873638153076
2257,9,9,0.9998883008956909
2258,1,1,0.9995984435081482
2259,9,9,0.9993442893028259
2260,2,2,0.9999986886978149
2261,1,1,0.9999209642410278
2262,7,7,0.9997757077217102
2263,9,9,0.9999985694885254
2264,4,4,0.9999867677688599
2265,4,4,0.9999455213546753
2266,1,1,0.5253369212150574
2267,6,6,0.9999932050704956
2268,7,7,0.9830191731452942
2269,2,2,0.9999637603759766
2270,7,7,0.9998440742492676
2271,8,8,0.9999327659606934
2272,8,8,0.9769206047058105
2273,1,1,0.9995580315589905
2274,9,9,0.9999388456344604
2275,7,7,0.9999678134918213
2276,1,1,0.6142759919166565
2277,1,1,0.9987125396728516
2278,7,7,0.9999970197677612
2279,5,5,0.9999492168426514
2280,3,3,0.8850737810134888
2281,3,3,0.9999974966049194
2282,5,5,0.9999145269393921
2283,1,1,0.9999814033508301
2284,3,3,0.9968218803405762
2285,7,7,0.9999706745147705
2286,6,6,0.9999481439590454
2287,1,1,0.9999890327453613
2288,3,3,0.994170606136322
2289,8,8,0.9998407363891602
2290,7,7,0.9998924732208252
2291,5,5,0.9996119141578674
2292,9,9,0.9990678429603577
2293,9,9,0.4056454300880432
2294,0,0,0.9999498128890991
2295,0,0,0.9999990463256836
2296,2,2,0.9996015429496765
2297,8,8,0.9999768733978271
2298,8,8,0.9993634819984436
2299,2,2,0.999554455280304
2300,3,3,0.996815025806427
2301,7,7,0.9999972581863403
2302,1,1,0.9997994303703308
2303,3,3,0.9999929666519165
2304,0,0,0.9999932050704956
2305,3,3,0.999869704246521
2306,4,4,0.9981855750083923
2307,4,4,0.9997301697731018
2308,3,3,0.9621330499649048
2309,8,8,0.9983898401260376
2310,9,9,0.9993608593940735
2311,2,2,0.9998284578323364
2312,3,3,0.9998592138290405
2313,9,9,0.9965448975563049
2314,7,7,0.9982884526252747
2315,1,1,0.9999274015426636
2316,1,1,0.9999679327011108
2317,7,7,0.9999334812164307
2318,0,0,0.9976499676704407
2319,4,4,0.9999858140945435
2320,9,9,0.9280098676681519
2321,6,6,0.9999961853027344
2322,5,5,0.9999836683273315
2323,9,9,0.9999829530715942
2324,1,1,0.9999620914459229
2325,7,7,0.9490806460380554
2326,0,0,0.997623860836029
2327,2,2,0.9962728023529053
2328,0,0,0.9999898672103882
2329,0,0,0.8220462799072266
2330,4,4,0.9998669624328613
2331,6,6,0.9999101161956787
2332,7,7,0.9999954700469971
2333,0,0,0.9992755055427551
2334,7,7,0.9997591376304626
2335,1,1,0.9999932050704956
2336,4,4,0.9999990463256836
2337,6,6,0.9999998807907104
2338,4,4,0.9998025298118591
2339,5,5,0.9986900687217712
2340,4,4,0.9999997615814209
2341,9,9,0.9998059868812561
2342,9,9,0.9965811371803284
2343,1,1,0.9769468903541565
2344,7,7,0.9999934434890747
2345,9,9,0.9996752738952637
2346,5,5,0.999998927116394
2347,3,3,0.9999808073043823
2348,3,3,0.9999147653579712
2349,8,8,0.9999971389770508
2350,2,2,0.9999978542327881
2351,3,3,0.9866809844970703
2352,6,6,0.9999984502792358
2353,2,2,0.9999912977218628
2354,2,2,0.9999986886978149
2355,1,1,0.9961268305778503
2356,1,1,0.9998667240142822
2357,1,1,0.9999892711639404
2358,1,1,0.998940646648407
2359,1,1,0.9999899864196777
2360,6,6,0.9999854564666748
2361,9,9,0.9998675584793091
2362,8,8,0.9999961853027344
2363,4,4,0.96821129322052
2364,3,3,0.9999113082885742
2365,7,7,0.9998302459716797
2366,1,1,0.9998928308486938
2367,6,6,0.9999114274978638
2368,4,4,0.9999911785125732
2369,5,5,0.8178610801696777
2370,0,0,0.9932877421379089
2371,4,4,0.9750805497169495
2372,7,7,0.9994350075721741
2373,4,4,0.9999972581863403
2374,2,2,0.9998890161514282
2375,4,4,0.9991834759712219
2376,0,0,0.9999885559082031
2377,7,7,0.9998583793640137
2378,0,0,0.9862290620803833
2379,1,1,0.9999479055404663
2380,9,9,0.7401311993598938
2381,8,8,0.9994766116142273
2382,8,8,0.9989967942237854
2383,6,6,0.9999852180480957
2384,0,0,0.9942242503166199
2385,0,0,0.9999977350234985
2386,4,4,0.9690598249435425
2387,9,1,0.8747565150260925
2388,6,6,0.9994494318962097
2389,8,8,0.9999970197677612
2390,2,2,0.9999867677688599
2391,2,2,0.9999916553497314
2392,3,3,0.9998672008514404
2393,8,8,0.9998037219047546
2394,4,4,0.9965060949325562
2395,8,8,0.9922282099723816
2396,2,2,0.9997825026512146
2397,2,2,0.999943733215332
2398,1,1,0.9993155002593994
2399,7,7,0.9999933242797852
2400,5,5,0.9908650517463684
2401,4,4,0.9999887943267822
2402,4,4,0.9998059868812561
2403,0,0,0.9999953508377075
2404,4,4,0.9968692660331726
2405,3,3,0.9998321533203125
2406,9,9,0.6832990050315857
2407,7,7,0.9999996423721313
2408,3,3,0.6809402108192444
2409,1,1,0.998603880405426
2410,0,0,0.9999916553497314
2411,1,1,0.9999842643737793
2412,2,2,0.9999116659164429
2413,5,5,0.9999716281890869
2414,9,9,0.8668304085731506
2415,2,2,0.9982478618621826
2416,1,1,0.999955415725708
2417,0,0,0.9930769205093384
2418,1,1,0.999954342842102
2419,8,8,0.9999276399612427
2420,9,9,0.9999475479125977
2421,1,1,0.9998447895050049
2422,6,6,0.9001897573471069
2423,8,8,0.9999970197677612
2424,3,3,0.999466598033905
2425,8,8,0.9990695118904114
2426,9,9,0.9974984526634216
2427,3,3,0.9999910593032837
2428,6,6,0.9999600648880005
2429,2,2,0.9946901798248291
2430,8,8,0.9999675750732422
2431,3,3,0.9999711513519287
2432,2,2,0.9997054934501648
2433,2,2,0.6524597406387329
2434,1,1,0.9993208646774292
2435,0,0,0.999995231628418
2436,4,4,0.9999512434005737
2437,2,2,0.9919775128364563
2438,9,9,0.999691367149353
2439,2,2,0.9999991655349731
2440,4,4,0.9999799728393555
2441,3,3,0.995701014995575
2442,7,7,0.9999738931655884
2443,9,9,0.9999890327453613
2444,1,1,0.9998897314071655
2445,5,5,0.9999788999557495
2446,2,2,0.9999973773956299
2447,4,9,0.8467331528663635
2448,9,9,0.9748281836509705
2449,0,0,0.9980230331420898
2450,3,3,0.9957708716392517
2451,8,8,0.9999978542327881
2452,5,5,0.9999897480010986
2453,3,3,0.9999816417694092
2454,6,5,0.568233072757721
2455,0,0,0.9820871949195862
2456,9,9,0.9997054934501648
2457,4,4,0.9961014986038208
2458,6,6,0.9999990463256836
2459,2,2,0.9965318441390991
2460,5,5,0.9999001026153564
2461,0,0,0.9999862909317017
2462,2,0,0.9836411476135254
2463,7,7,0.9988491535186768
2464,4,4,0.9986238479614258
2465,6,6,0.9999971389770508
2466,6,6,0.9998667240142822
2467,8,8,0.9999959468841553
2468,6,6,0.9999972581863403
2469,6,6,0.9991963505744934
2470,8,8,0.9999904632568359
2471,6,6,0.9999920129776001
2472,9,9,0.9961929321289062
2473,1,1,0.9266960024833679
2474,7,7,0.9995482563972473
2475,2,2,0.9999878406524658
2476,5,5,0.9997549653053284
2477,9,9,0.9998953342437744
2478,9,9,0.9978640675544739
2479,0,0,0.9992924928665161
2480,7,7,0.9045251607894897
2481,2,2,0.9998383522033691
2482,7,7,0.999996542930603
2483,6,6,0.9999948740005493
2484,7,7,0.999647855758667
2485,0,0,0.9999699592590332
2486,6,6,0.9999991655349731
2487,5,5,0.9999951124191284
2488,2,2,0.6681680083274841
2489,4,4,0.9977319240570068
2490,7,7,0.9994970560073853
2491,2,2,0.9999357461929321
2492,0,0,0.9999879598617554
2493,9,9,0.9999388456344604
2494,9,9,0.9999880790710449
2495,2,2,0.9999969005584717
2496,2,2,0.9973279237747192
2497,9,9,0.9999207258224487
2498,4,4,0.9985552430152893
2499,4,4,0.9999380111694336
2500,2,2,0.9997681975364685
2501,3,3,0.9999346733093262
2502,3,3,0.9999294281005859
2503,2,2,0.9999996423721313
2504,1,1,0.9986433386802673
2505,7,7,0.9999997615814209
2506,0,0,0.9999978542327881
2507,7,7,0.8785703182220459
2508,6,6,0.9991045594215393
2509,4,4,0.9997455477714539
2510,1,1,0.9998143315315247
2511,3,3,0.9997915625572205
2512,8,8,0.9983294606208801
2513,7,7,0.9992867112159729
2514,4,4,0.8761473298072815
2515,5,5,0.9999412298202515
2516,9,9,0.9941083192825317
2517,2,2,0.9999867677688599
2518,5,5,0.9999983310699463
2519,1,1,0.9999244213104248
2520,8,8,0.9999847412109375
2521,7,7,0.992741584777832
2522,3,3,0.9995391368865967
2523,7,7,0.9938187003135681
2524,1,1,0.9998406171798706
2525,5,5,0.9986482262611389
2526,5,5,0.9995367527008057
2527,0,0,0.9999921321868896
2528,9,9,0.9959889054298401
2529,1,1,0.9999879598617554
2530,4,4,0.9997413754463196
2531,0,0,0.9999992847442627
2532,6,6,0.9667413234710693
2533,3,3,0.997417688369751
2534,3,3,0.6876999139785767
2535,6,6,0.999976634979248
2536,0,0,0.9999934434890747
2537,4,4,0.9998481273651123
2538,9,9,0.9999988079071045
2539,7,7,0.9988898634910583
2540,5,5,0.999870777130127
2541,1,1,0.9999898672103882
2542,6,6,0.9999552965164185
2543,8,8,0.9995536208152771
2544,9,9,0.9992520213127136
2545,5,5,0.9999946355819702
2546,5,5,0.999998927116394
2547,7,7,0.9993886947631836
2548,9,9,0.9859601259231567
2549,3,3,0.999875545501709
2550,8,8,0.9999867677688599
2551,3,3,0.9821856617927551
2552,8,8,0.9997966885566711
2553,1,1,0.999980092048645
2554,5,5,1.0
2555,3,3,0.9999678134918213
2556,5,5,0.9987605810165405
2557,0,0,0.9999967813491821
2558,5,5,0.9999997615814209
2559,5,5,0.9983591437339783
2560,3,3,0.9771957397460938
2561,8,8,0.9999997615814209
2562,6,6,0.9997598528862
2563,7,7,0.9999659061431885
2564,7,7,0.9980251789093018
2565,7,7,1.0
2566,3,3,0.9999610185623169
2567,7,7,0.9999977350234985
2568,0,0,0.9988977909088135
2569,5,5,0.999698281288147
2570,9,9,0.9995476603507996
2571,0,0,0.9994447827339172
2572,2,2,0.9999831914901733
2573,5,5,0.9928119778633118
2574,5,5,0.9986255168914795
2575,3,3,0.9999940395355225
2576,1,1,0.9983386993408203
2577,7,7,0.9989870190620422
2578,7,7,0.6580426096916199
2579,8,8,0.9999945163726807
2580,6,6,0.9998949766159058
2581,5,5,0.9999512434005737
2582,9,9,0.8645144104957581
2583,3,3,0.9997633099555969
2584,8,8,0.999975323677063
2585,9,9,0.9998210072517395
2586,5,5,0.999976396560669
2587,3,3,0.998400866985321
2588,7,7,0.9999750852584839
2589,9,9,0.999303936958313
2590,1,1,0.9999357461929321
2591,7,7,0.9999864101409912
2592,0,0,0.9999812841415405
2593,0,0,0.9999847412109375
2594,3,3,0.9998338222503662
2595,7,7,1.0
2596,2,2,0.999531626701355
2597,5,3,0.5722717046737671
2598,8,8,0.9789507985115051
2599,1,1,0.9999563694000244
2600,8,8,0.9999732971191406
2601,6,6,0.9995457530021667
2602,2,2,0.9997664093971252
2603,9,9,0.9909846782684326
2604,5,5,0.9998630285263062
2605,7,7,0.9999890327453613
2606,5,5,0.9999912977218628
2607,7,7,0.769472062587738
2608,8,8,0.9999426603317261
2609,6,6,0.9986140727996826
2610,2,2,0.9981086254119873
2611,5,5,0.9998748302459717
2612,1,1,0.999542236328125
2613,4,4,0.9999964237213135
2614,8,8,0.9999916553497314
2615,4,4,0.9999896287918091
2616,5,5,0.9999691247940063
2617,8,8,0.9996606111526489
2618,3,3,0.8349575996398926
2619,0,0,0.9999984502792358
2620,6,6,0.9997114539146423
2621,2,2,0.9999991655349731
2622,7,7,0.9999611377716064
2623,3,3,0.999946117401123
2624,3,3,0.9998878240585327
2625,2,2,0.9997914433479309
2626,1,1,0.9999929666519165
2627,0,0,0.9999997615814209
2628,7,7,0.9990535378456116
2629,3,3,0.9091233015060425
2630,4,4,0.8182236552238464
2631,0,0,0.9789628386497498
2632,3,3,0.9999852180480957
2633,9,9,0.9999653100967407
2634,3,3,0.9999518394470215
2635,2,2,0.6405838131904602
2636,8,8,0.9991108775138855
2637,9,9,0.9999912977218628
2638,0,0,0.9999415874481201
2639,3,3,0.9996763467788696
2640,8,8,0.9999834299087524
2641,0,0,0.9996383190155029
2642,7,7,0.9994068145751953
2643,6,6,0.9999895095825195
2644,5,5,0.9999986886978149
2645,4,4,0.9973045587539673
2646,7,7,0.999984860420227
2647,3,3,0.999992847442627
2648,9,9,0.89726722240448
2649,0,0,0.9999620914459229
2650,8,8,0.999919056892395
2651,6,6,0.9991196990013123
2652,2,2,0.9998631477355957
2653,5,5,0.9999991655349731
2654,6,1,0.9879065752029419
2655,1,1,0.9999712705612183
2656,0,0,0.9997223019599915
2657,0,0,0.9999997615814209
2658,4,4,0.9942625164985657
2659,4,4,0.9942142367362976
2660,0,0,0.9997962117195129
2661,1,1,0.9999350309371948
2662,2,2,0.9999973773956299
2663,3,3,0.9999666213989258
2664,2,2,0.9999960660934448
2665,7,7,0.9988523721694946
2666,7,7,0.9996614456176758
2667,8,8,0.9999862909317017
2668,5,5,0.9987668991088867
2669,2,2,0.9999979734420776
2670,5,5,0.9992850422859192
2671,7,7,0.9988222718238831
2672,6,6,0.9975842237472534
2673,9,9,0.9962615370750427
2674,1,1,0.9992682337760925
2675,4,4,0.9999945163726807
2676,1,1,0.9997251629829407
2677,6,6,0.999967098236084
2678,4,4,0.7519620656967163
2679,2,2,0.9999929666519165
2680,4,4,0.9996151924133301
2681,3,3,0.9996830224990845
2682,5,5,0.9999979734420776
2683,4,4,0.9998810291290283
2684,3,3,0.9977454543113708
2685,9,9,0.9924651384353638
2686,5,5,0.9999825954437256
2687,0,0,0.9998871088027954
2688,1,1,0.9999945163726807
2689,5,5,0.9866353869438171
2690,3,3,0.9998830556869507
2691,8,8,0.9999936819076538
2692,9,9,0.9999134540557861
2693,1,1,0.9999628067016602
2694,9,9,0.9992392063140869
2695,7,7,0.979699432849884
2696,9,9,0.9995099306106567
2697,5,5,0.9997262358665466
2698,5,5,0.9999769926071167
2699,2,2,0.9985901713371277
2700,7,7,0.9947019219398499
2701,4,4,0.9999077320098877
2702,6,6,0.9999827146530151
2703,0,0,0.9995439648628235
2704,1,1,0.999951958656311
2705,1,1,0.9805012941360474
2706,1,1,0.9997174143791199
2707,0,0,0.9999998807907104
2708,4,4,0.9996153116226196
2709,4,4,0.9993788003921509
2710,7,7,0.9997133612632751
2711,6,6,0.9999992847442627
2712,3,3,0.9999912977218628
2713,0,0,0.9916183352470398
2714,0,0,0.9999991655349731
2715,4,4,0.9909405708312988
2716,3,3,0.999993085861206
2717,0,0,0.9999825954437256
2718,6,6,0.9969762563705444
2719,1,1,0.9999103546142578
2720,9,9,0.8337451815605164
2721,6,6,0.9073605537414551
2722,1,1,0.9993364214897156
2723,3,3,0.9999163150787354
2724,8,8,0.9995527863502502
2725,1,1,0.9999796152114868
2726,2,2,0.999987006187439
2727,5,5,0.9999934434890747
2728,6,6,0.9999891519546509
2729,2,2,0.9999985694885254
2730,7,7,0.9853984117507935
2731,3,3,0.9999544620513916
2732,6,6,0.9987927675247192
2733,0,0,0.9999949932098389
2734,1,1,0.9443813562393188
2735,9,9,0.9978269934654236
2736,7,7,0.998916506767273
2737,6,6,0.9998058676719666
2738,6,6,0.9999583959579468
2739,8,8,0.9994009733200073
2740,9,9,0.9950559139251709
2741,2,2,0.9999847412109375
2742,9,9,0.4481671452522278
2743,5,5,0.9980455636978149
2744,8,8,0.9999791383743286
2745,3,3,0.99993896484375
2746,1,1,0.9999717473983765
2747,0,0,0.9999814033508301
2748,0,0,0.9996114373207092
2749,7,7,0.9999425411224365
2750,6,6,0.9857695698738098
2751,6,6,0.8864915370941162
2752,2,2,0.9999997615814209
2753,1,1,0.9840927124023438
2754,6,6,0.9992407560348511
2755,9,9,0.9998607635498047
2756,3,3,0.9950721859931946
2757,1,1,0.9999966621398926
2758,8,8,0.8570270538330078
2759,6,6,0.9999974966049194
2760,9,9,0.861513614654541
2761,0,0,0.9999796152114868
2762,6,6,0.9998940229415894
2763,0,0,0.9999980926513672
2764,0,0,0.9999951124191284
2765,0,0,0.9999992847442627
2766,6,6,0.9996893405914307
2767,3,3,0.9999450445175171
2768,5,5,0.9999996423721313
2769,9,9,0.9893217086791992
2770,3,3,0.9767867922782898
2771,4,4,0.7585337162017822
2772,5,5,0.9999865293502808
2773,5,5,0.9999978542327881
2774,8,8,0.9999998807907104
2775,5,5,0.9999507665634155
2776,3,3,0.9999146461486816
2777,0,0,0.9999220371246338
2778,4,4,0.9132372140884399
2779,0,0,0.9999974966049194
2780,2,2,0.9561460614204407
2781,9,9,0.9989907145500183
2782,6,6,0.9973266124725342
2783,8,8,0.9996575117111206
2784,2,2,0.9997332692146301
2785,3,3,0.9999531507492065
2786,1,1,0.9998584985733032
2787,2,2,0.9999924898147583
2788,1,1,0.9999082088470459
2789,1,1,0.9998346567153931
2790,5,5,0.9999994039535522
2791,6,6,0.9992921352386475
2792,9,9,0.9997879862785339
2793,8,8,0.9984642267227173
2794,0,0,0.9999071359634399
2795,6,6,0.9999955892562866
2796,6,6,0.9997889399528503
2797,5,5,0.9999938011169434
2798,5,5,0.9999949932098389
2799,3,3,0.9997602105140686
2800,8,8,0.9999896287918091
2801,6,6,0.9998639822006226
2802,2,2,0.9995297193527222
2803,1,1,0.9994407296180725
2804,4,4,0.9996627569198608
2805,5,5,0.9999511241912842
2806,4,4,0.9999881982803345
2807,3,3,0.9999949932098389
2808,7,7,0.992620050907135
2809,8,8,0.999724805355072
2810,5,5,0.9934911131858826
2811,0,0,0.9968740940093994
2812,9,9,0.9977904558181763
2813,3,3,0.9986131191253662
2814,5,5,0.999686598777771
2815,1,1,0.9994632601737976
2816,1,1,0.9999728202819824
2817,0,0,0.9999927282333374
2818,4,4,0.9934467673301697
2819,4,4,0.9999760389328003
2820,7,7,0.9973759651184082
2821,0,0,0.9999713897705078
2822,1,1,0.9999746084213257
2823,7,7,0.5948694348335266
2824,0,0,0.9999865293502808
2825,1,1,0.9974538683891296
2826,6,6,0.9999994039535522
2827,1,1,0.999428927898407
2828,4,4,0.9895762205123901
2829,5,5,0.9996559619903564
2830,6,6,0.9998188614845276
2831,6,6,0.9985294342041016
2832,5,5,0.999954104423523
2833,7,7,0.9999982118606567
2834,8,8,0.9986397624015808
2835,4,4,0.9997203946113586
2836,4,4,0.9612480401992798
2837,7,7,0.999998927116394
2838,2,2,0.9999803304672241
2839,5,5,0.9999645948410034
2840,3,3,0.9999958276748657
2841,7,7,0.9997612833976746
2842,0,0,0.9989787340164185
2843,7,7,0.9986293315887451
2844,7,7,0.9999994039535522
2845,9,9,0.9990426898002625
2846,6,6,0.9999179840087891
2847,4,4,0.9911420345306396
2848,2,2,0.9997437596321106
2849,8,8,0.9999998807907104
2850,5,5,0.9794263243675232
2851,7,7,0.9709253907203674
2852,8,8,0.9999507665634155
2853,3,3,0.9978148937225342
2854,9,9,0.9882814288139343
2855,5,5,0.9999995231628418
2856,8,8,0.9999951124191284
2857,9,9,0.9999905824661255
2858,9,9,0.9972948431968689
2859,8,8,0.9998502731323242
2860,6,6,0.9487050175666809
2861,2,2,0.9999204874038696
2862,8,8,0.9996412992477417
2863,9,9,0.9635627865791321
2864,2,2,0.9993225336074829
2865,3,3,0.9999909400939941
2866,6,6,0.9995456337928772
2867,1,1,0.9997566342353821
2868,1,1,0.9999955892562866
2869,8,8,0.9997627139091492
2870,9,9,0.999840497970581
2871,3,3,0.9997647404670715
2872,4,4,0.9865651726722717
2873,0,0,0.9999978542327881
2874,7,7,0.9999936819076538
2875,9,9,0.9990310668945312
2876,6,6,0.9946316480636597
2877,4,4,0.992402195930481
2878,1,1,0.9999181032180786
2879,4,4,0.9999681711196899
2880,1,1,0.999987006187439
2881,3,3,0.9972731471061707
2882,4,4,0.9960975646972656
2883,9,9,0.9998762607574463
2884,3,3,0.998843789100647
2885,1,1,0.9982226490974426
2886,4,4,0.9991936087608337
2887,7,7,0.9999897480010986
2888,7,7,0.9989619255065918
2889,4,4,0.9999817609786987
2890,7,7,0.9997345805168152
2891,2,2,0.9999443292617798
2892,9,9,0.999995231628418
2893,3,3,0.9999059438705444
2894,0,0,0.9960640072822571
2895,8,8,0.9999998807907104
2896,8,0,0.9870163798332214
2897,8,8,0.9999988079071045
2898,4,4,0.9974108338356018
2899,0,0,0.9999955892562866
2900,4,4,0.9994152784347534
2901,4,4,0.9429423213005066
2902,1,1,0.9976038336753845
2903,5,5,0.9999982118606567
2904,2,2,0.9999997615814209
2905,8,8,0.9998559951782227
2906,3,3,0.9993033409118652
2907,4,4,0.9366512894630432
2908,9,9,0.9999972581863403
2909,5,5,0.9998681545257568
2910,2,2,0.9990177154541016
2911,8,8,0.9996339082717896
2912,1,1,0.9999599456787109
2913,5,5,0.9996825456619263
2914,3,3,0.9999363422393799
2915,7,7,0.9982360601425171
2916,9,9,0.9993129968643188
2917,4,4,0.9994611144065857
2918,2,2,0.9999849796295166
2919,5,5,0.9988896250724792
2920,6,6,0.9990180730819702
2921,3,3,0.5104888677597046
2922,5,5,0.9999996423721313
2923,9,9,0.9999316930770874
2924,3,3,0.9992234706878662
2925,5,5,0.9984790682792664
2926,9,9,0.9996013045310974
2927,3,3,0.5579904913902283
2928,1,1,0.9999947547912598
2929,9,9,0.9998792409896851
2930,5,5,0.9906889200210571
2931,3,3,0.9999184608459473
2932,0,0,0.9998548030853271
2933,6,6,0.9992116689682007
2934,9,9,0.9995449185371399
2935,8,8,0.999996542930603
2936,4,4,0.9957430958747864
2937,0,0,0.9999873638153076
2938,4,4,0.9645524024963379
2939,9,5,0.9516387581825256
2940,2,2,0.9984678626060486
2941,9,9,0.9999723434448242
2942,0,0,0.999998927116394
2943,1,1,0.9918543100357056
2944,0,0,0.9986604452133179
2945,3,3,0.9960902333259583
2946,1,1,0.999512791633606
2947,6,6,0.9999841451644897
2948,5,5,0.999994158744812
2949,8,8,0.9999964237213135
2950,1,1,0.9999754428863525
2951,5,5,0.9999827146530151
2952,3,3,0.9447258114814758
2953,3,5,0.7715519666671753
2954,0,0,0.999160647392273
2955,3,3,0.9999853372573853
2956,5,5,0.9920840263366699
2957,5,5,0.9999598264694214
2958,9,9,0.999992847442627
2959,2,2,0.7521212697029114
2960,8,8,0.9990572333335876
2961,7,7,0.9640814661979675
2962,0,0,0.9999990463256836
2963,4,4,0.9999619722366333
2964,9,9,0.9989956021308899
2965,1,1,0.9999854564666748
2966,9,9,0.9996315240859985
2967,7,7,0.9999995231628418
2968,7,7,0.999371349811554
2969,5,5,0.9996778964996338
2970,5,5,0.7718082070350647
2971,2,2,0.9999717473983765
2972,0,0,0.9997448325157166
2973,9,9,0.9999953508377075
2974,1,1,0.9999872446060181
2975,8,8,0.9858154058456421
2976,6,6,0.7938234806060791
2977,2,2,0.9999481439590454
2978,3,3,0.9999662637710571
2979,9,9,0.9072536826133728
2980,6,6,0.9999958276748657
2981,2,2,0.9996683597564697
2982,1,1,0.9999969005584717
2983,9,9,0.9999361038208008
2984,1,1,0.9999548196792603
2985,3,3,0.999962568283081
2986,5,5,0.9999628067016602
2987,5,5,0.9999935626983643
2988,0,0,0.9999852180480957
2989,3,3,0.9999388456344604
2990,8,8,0.9904420971870422
2991,3,3,0.9975874423980713
2992,3,3,0.9995337724685669
2993,7,7,0.9473155736923218
2994,6,6,0.999147891998291
2995,6,6,0.4603404402732849
2996,0,0,0.9999985694885254
2997,1,1,0.9999804496765137
2998,4,4,0.986627995967865
2999,0,0,0.99998939037323
3000,6,6,0.996119499206543
3001,9,9,0.9994767308235168
3002,8,8,0.9999780654907227
3003,1,1,0.9999768733978271
3004,2,2,0.9996534585952759
3005,9,8,0.7425379753112793
3006,9,9,0.9999223947525024
3007,5,5,0.9989696741104126
3008,9,9,0.9999872446060181
3009,7,7,0.9999334812164307
3010,3,3,0.9995222091674805
3011,7,7,0.9989362359046936
3012,8,8,0.9975689053535461
3013,0,0,0.9999970197677612
3014,1,1,0.9999548196792603
3015,3,3,0.9999914169311523
3016,0,0,0.9956710338592529
3017,4,4,0.9998001456260681
3018,6,6,0.9999871253967285
3019,1,1,0.9999107122421265
3020,0,0,0.9997772574424744
3021,2,2,0.9865841269493103
3022,5,5,0.9999951124191284
3023,8,8,0.9909414649009705
3024,4,4,0.9998661279678345
3025,4,4,0.9999715089797974
3026,1,1,0.9995625615119934
3027,1,1,0.9999860525131226
3028,5,5,0.9999998807907104
3029,4,4,0.9972680807113647
3030,6,0,0.8084964156150818
3031,6,6,0.9999998807907104
3032,0,0,0.9999887943267822
3033,6,6,0.9995837807655334
3034,9,9,0.9986213445663452
3035,2,2,0.9999617338180542
3036,6,6,0.9999938011169434
3037,2,2,0.9999704360961914
3038,7,7,0.9993312358856201
3039,1,1,0.995900571346283
3040,7,7,0.9999184608459473
3041,9,9,0.9998152852058411
3042,4,4,0.9999904632568359
3043,0,0,0.9999439716339111
3044,0,0,0.9999346733093262
3045,3,3,0.9999855756759644
3046,8,8,0.9999909400939941
3047,2,2,0.999936580657959
3048,2,2,0.999981164932251
3049,3,3,0.9995279312133789
3050,1,1,0.9999895095825195
3051,6,6,0.9999064207077026
3052,0,0,1.0
3053,5,5,0.9999985694885254
3054,7,7,0.9998244643211365
3055,7,7,0.9999724626541138
3056,9,9,0.991763710975647
3057,2,2,0.9999955892562866
3058,6,6,0.9982245564460754
3059,7,7,0.9940623641014099
3060,9,9,0.8267124891281128
3061,7,7,0.999886155128479
3062,8,8,0.9184055328369141
3063,6,6,0.9992801547050476
3064,8,8,0.9999971389770508
3065,8,8,0.9995416402816772
3066,4,4,0.9999843835830688
3067,6,6,0.999777615070343
3068,8,8,0.9999252557754517
3069,4,4,0.9823389649391174
3070,1,1,0.9999407529830933
3071,2,2,0.9999983310699463
3072,8,8,0.9999991655349731
3073,1,2,0.9375211000442505
3074,3,3,0.9999953508377075
3075,9,9,0.999967098236084
3076,4,4,0.9999638795852661
3077,0,0,0.9997827410697937
3078,3,3,0.9960924983024597
3079,7,7,0.9999990463256836
3080,3,3,0.999996542930603
3081,2,2,0.9999910593032837
3082,3,3,0.9999468326568604
3083,3,3,0.9993485808372498
3084,7,7,0.9969467520713806
3085,3,3,0.9997660517692566
3086,4,4,0.9954882264137268
3087,0,0,0.9999881982803345
3088,6,6,0.9995726943016052
3089,2,2,0.9999853372573853
3090,0,0,0.9999688863754272
3091,8,8,0.9997782111167908
3092,1,1,0.9994760155677795
3093,5,5,0.9999812841415405
3094,3,3,0.9996668100357056
3095,5,5,0.9999935626983643
3096,4,4,0.9999761581420898
3097,1,1,0.9998940229415894
3098,7,7,0.9999328851699829
3099,1,1,0.9999735355377197
3100,5,5,0.9923965334892273
3101,7,7,0.9992668032646179
3102,5,5,0.9968564510345459
3103,7,7,0.99978107213974
3104,3,3,0.999983549118042
3105,2,2,0.9999977350234985
3106,2,2,0.9995654225349426
3107,7,7,0.9992357492446899
3108,3,3,0.9895111918449402
3109,7,7,0.9876114726066589
3110,3,3,0.9985577464103699
3111,7,7,0.999880313873291
3112,8,8,0.9998040795326233
3113,5,5,0.9999837875366211
3114,4,4,0.9969809651374817
3115,5,5,0.9376916289329529
3116,2,2,0.9999996423721313
3117,5,5,0.995553195476532
3118,6,6,0.9999067783355713
3119,5,5,0.9999982118606567
3120,3,3,0.9999039173126221
3121,6,6,0.9991267323493958
3122,7,7,0.9991999268531799
3123,4,4,0.9998629093170166
3124,1,1,0.9991604089736938
3125,7,7,0.9999990463256836
3126,1,1,0.999974250793457
3127,5,5,0.9992826581001282
3128,2,2,0.999994158744812
3129,3,3,0.9904434084892273
3130,6,0,0.5139266848564148
3131,3,3,0.9999674558639526
3132,1,1,0.99676114320755
3133,4,4,0.9006066918373108
3134,2,2,0.9982159733772278
3135,6,6,0.9999783039093018
3136,7,7,0.9919525980949402
3137,4,4,0.99994957447052
3138,3,3,0.9831241369247437
3139,8,8,0.9995356798171997
3140,0,0,0.9999995231628418
3141,6,6,0.9999126195907593
3142,2,2,0.9999903440475464
3143,1,1,0.9998908042907715
3144,6,6,0.9999995231628418
3145,5,5,0.9994041919708252
3146,3,3,0.9932361245155334
3147,9,9,0.9999918937683105
3148,1,1,0.9999790191650391
3149,9,9,0.998766303062439
3150,3,3,0.9990839958190918
3151,2,2,0.9992940425872803
3152,1,1,0.9998602867126465
3153,8,8,0.999956488609314
3154,4,4,0.9999226331710815
3155,4,4,0.9997250437736511
3156,6,6,0.9999591112136841
3157,5,5,0.9547697305679321
3158,8,8,0.9999865293502808
3159,6,6,0.99996018409729
3160,9,9,0.9993755221366882
3161,7,7,0.999843955039978
3162,7,7,0.9999972581863403
3163,8,8,0.9999978542327881
3164,6,6,0.9997451901435852
3165,9,9,0.9998258948326111
3166,7,7,0.9830737709999084
3167,3,3,0.9993667006492615
3168,9,9,0.9999767541885376
3169,4,4,0.9999896287918091
3170,0,0,0.9997698664665222
3171,5,5,0.9981707334518433
3172,4,4,0.9522284269332886
3173,6,6,0.9979754090309143
3174,4,4,0.9999939203262329
3175,1,1,0.9999057054519653
3176,2,2,0.9938825368881226
3177,3,3,0.9999960660934448
3178,0,0,0.9997311234474182
3179,0,0,0.9999992847442627
3180,2,2,0.9999966621398926
3181,6,6,0.9990206956863403
3182,6,6,0.9999996423721313
3183,5,5,0.9999816417694092
3184,7,7,0.9991512298583984
3185,0,0,0.9991167187690735
3186,8,8,0.9990988969802856
3187,6,6,0.9999910593032837
3188,4,4,0.9999967813491821
3189,7,7,0.8359957337379456
3190,9,9,0.9992350339889526
3191,0,0,0.9999685287475586
3192,7,7,0.999974250793457
3193,3,3,0.9994077682495117
3194,4,4,0.999700665473938
3195,2,2,0.9999996423721313
3196,1,1,0.9987491369247437
3197,8,8,0.9999911785125732
3198,8,8,0.9999508857727051
3199,5,5,0.9999957084655762
3200,9,9,0.9999746084213257
3201,2,2,0.9999909400939941
3202,7,7,0.9990524649620056
3203,1,1,0.9998865127563477
3204,8,8,0.9979426264762878
3205,8,8,0.9956296682357788
3206,8,8,0.9843331575393677
3207,2,2,0.9996455907821655
3208,7,7,0.9998140931129456
3209,6,6,0.9999082088470459
3210,0,0,0.9999924898147583
3211,1,1,0.9996961355209351
3212,2,2,0.9997618794441223
3213,7,7,0.9989294409751892
3214,1,1,0.9999027252197266
3215,0,0,0.9999996423721313
3216,8,8,0.9993690848350525
3217,3,3,0.9999727010726929
3218,6,6,0.5426362752914429
3219,0,0,0.9999819993972778
3220,5,5,0.9999997615814209
3221,3,3,0.9999227523803711
3222,6,6,0.9770466685295105
3223,2,2,0.9999955892562866
3224,8,8,0.9999901056289673
3225,7,7,0.7935730814933777
3226,0,0,0.9999992847442627
3227,1,1,0.9998270869255066
3228,4,4,0.9991267323493958
3229,2,2,0.9984027743339539
3230,1,1,0.9999856948852539
3231,1,1,0.9999039173126221
3232,4,4,0.9980394244194031
3233,4,4,0.9994489550590515
3234,4,4,0.9999938011169434
3235,4,4,0.9886202812194824
3236,7,7,0.9893546104431152
3237,1,1,0.9998435974121094
3238,6,6,0.998410701751709
3239,2,2,0.9996857643127441
3240,9,9,0.9771286249160767
3241,9,9,0.9999878406524658
3242,0,0,0.9891758561134338
3243,0,0,0.9999943971633911
3244,1,1,0.9999929666519165
3245,8,8,0.9995957016944885
3246,8,8,0.9998904466629028
3247,4,4,0.9994935989379883
3248,3,3,0.9998557567596436
3249,4,4,0.9991914629936218
3250,2,2,0.9806981086730957
3251,0,0,0.9632652401924133
3252,6,6,0.9995796084403992
3253,1,1,0.9999825954437256
3254,6,6,0.9972373247146606
3255,1,1,0.9997598528862
3256,2,2,0.9996836185455322
3257,2,2,0.9999537467956543
3258,2,2,0.9999992847442627
3259,1,1,0.9994687438011169
3260,2,2,0.9924724102020264
3261,3,3,0.9993332028388977
3262,7,7,0.9967966675758362
3263,8,8,0.9583773612976074
3264,1,1,0.9997379183769226
3265,0,0,0.9999998807907104
3266,0,0,0.9990541338920593
3267,2,2,0.9980801343917847
3268,1,1,0.9999409914016724
3269,6,6,0.9994761347770691
3270,6,6,0.9999433755874634
3271,0,0,0.9999991655349731
3272,1,1,0.9999810457229614
3273,6,6,0.9991068243980408
3274,2,2,0.999991774559021
3275,5,5,0.9998480081558228
3276,1,1,0.9999476671218872
3277,7,7,0.9998481273651123
3278,4,4,0.9999692440032959
3279,8,8,1.0
3280,2,2,0.9958789348602295
3281,1,1,0.999983549118042
3282,4,4,0.9961894154548645
3283,3,3,0.9999666213989258
3284,8,8,0.9996962547302246
3285,3,3,0.9999579191207886
3286,9,9,0.9999526739120483
3287,9,9,0.999915361404419
3288,4,4,0.6528869867324829
3289,8,8,0.8254460692405701
3290,3,3,0.9997459053993225
3291,4,4,0.9989435076713562
3292,7,7,0.9999910593032837
3293,2,2,0.9999872446060181
3294,7,7,0.9999599456787109
3295,5,5,0.9999921321868896
3296,7,7,0.9998062252998352
3297,0,0,0.9999879598617554
3298,4,4,0.999936580657959
3299,3,3,0.9999464750289917
3300,3,3,0.9988542795181274
3301,2,2,0.9999979734420776
3302,6,6,0.9976409673690796
3303,7,7,0.996269702911377
3304,6,6,0.999761164188385
3305,0,0,0.9992499947547913
3306,0,0,0.9999799728393555
3307,6,6,0.9999997615814209
3308,7,7,0.9999797344207764
3309,7,7,0.9999920129776001
3310,0,0,0.9999904632568359
3311,5,5,0.9999997615814209
3312,5,5,0.9998207688331604
3313,8,8,0.9999127388000488
3314,1,1,0.9999871253967285
3315,0,0,0.9999985694885254
3316,7,7,0.7078005075454712
3317,0,0,0.9921473860740662
3318,2,2,0.9999366998672485
3319,8,8,0.9984690546989441
3320,1,1,0.9999589920043945
3321,5,5,0.9998224377632141
3322,0,0,0.9996811151504517
3323,8,8,0.9999735355377197
3324,8,8,0.9999886751174927
3325,0,0,0.9999997615814209
3326,3,3,0.998464822769165
3327,2,2,0.9999831914901733
3328,7,7,0.998935878276825
3329,7,7,0.9693294167518616
3330,2,2,0.9893643856048584
3331,6,6,0.9997566342353821
3332,4,4,0.9998847246170044
3333,7,7,0.976847767829895
3334,5,5,0.9990653395652771
3335,5,5,0.9999961853027344
3336,5,5,0.9972077012062073
3337,2,2,0.9918773174285889
3338,9,9,0.9996365308761597
3339,2,2,0.9975172281265259
3340,8,8,0.9999849796295166
3341,4,4,0.9990948438644409
3342,6,6,0.9967309236526489
3343,8,8,0.999229907989502
3344,6,6,0.9963943362236023
3345,5,5,0.999483585357666
3346,0,0,0.9999970197677612
3347,0,0,0.9921802282333374
3348,8,8,0.9999918937683105
3349,7,7,0.9992846846580505
3350,6,6,0.9997221827507019
3351,1,1,0.9996311664581299
3352,7,7,0.9996912479400635
3353,1,1,0.9999016523361206
3354,1,1,0.9999836683273315
3355,2,2,0.9999988079071045
3356,7,7,0.9999959468841553
3357,4,4,0.9999899864196777
3358,0,0,0.9994639754295349
3359,0,0,0.9999986886978149
3360,7,7,0.9999948740005493
3361,7,7,0.999340832233429
3362,6,6,0.9999967813491821
3363,3,3,0.9998206496238708
3364,8,8,0.9999964237213135
3365,6,6,0.9972363710403442
3366,4,4,0.9999309778213501
3367,2,2,0.9997915625572205
3368,0,0,0.9999978542327881
3369,9,9,0.5392590761184692
3370,4,4,0.9999421834945679
3371,0,0,0.9999994039535522
3372,5,5,0.9999736547470093
3373,7,7,0.9992161989212036
3374,8,8,0.9999991655349731
3375,2,2,0.999721348285675
3376,7,7,0.9917787909507751
3377,4,4,0.989401638507843
3378,7,7,0.9999953508377075
3379,1,1,0.9999878406524658
3380,1,1,0.9999738931655884
3381,3,3,0.9986584186553955
3382,6,6,0.9999797344207764
3383,6,6,0.9997668862342834
3384,2,2,0.9763904809951782
3385,9,9,0.9999560117721558
3386,1,1,0.9999203681945801
3387,9,9,0.9996379613876343
3388,4,4,0.9455562233924866
3389,8,8,0.9999830722808838
3390,3,3,0.9999037981033325
3391,6,6,0.9999446868896484
3392,9,9,0.9998846054077148
3393,5,5,0.9999988079071045
3394,9,9,0.9994964599609375
3395,6,6,0.9999587535858154
3396,2,2,0.9999923706054688
3397,4,4,0.9999997615814209
3398,6,6,0.9999146461486816
3399,7,7,0.9997835755348206
3400,7,7,0.9999991655349731
3401,0,0,0.9997490048408508
3402,6,6,0.9988502264022827
3403,6,6,0.9999746084213257
3404,9,9,0.9993444085121155
3405,4,4,0.9403338432312012
3406,8,8,0.9999001026153564
3407,3,3,0.9998279809951782
3408,5,5,0.999984860420227
3409,3,3,0.999991774559021
3410,4,4,0.992999792098999
3411,9,9,0.999913215637207
3412,0,0,0.9993717074394226
3413,0,0,0.9999994039535522
3414,5,5,0.9997557997703552
3415,2,2,0.9998499155044556
3416,5,5,0.9998641014099121
3417,0,0,0.9999765157699585
3418,7,7,0.9999377727508545
3419,1,1,0.9999816417694092
3420,1,1,0.9999504089355469
3421,1,1,0.999968409538269
3422,6,0,0.674410879611969
3423,7,7,0.9987731575965881
3424,6,6,0.999932050704956
3425,7,7,0.9852486252784729
3426,9,9,0.9999868869781494
3427,6,6,0.996180534362793
3428,6,6,0.9999489784240723
3429,4,4,0.9831548929214478
3430,1,1,0.9974676370620728
3431,4,4,0.9999927282333374
3432,3,3,0.9990472197532654
3433,1,1,0.9999822378158569
3434,1,1,0.9999926090240479
3435,2,2,0.9999966621398926
3436,2,2,0.999517560005188
3437,4,4,0.9907634854316711
3438,1,1,0.9999616146087646
3439,0,0,0.9999586343765259
3440,8,8,0.999997615814209
3441,7,2,0.4890292286872864
3442,6,6,0.9998276233673096
3443,3,3,0.9999685287475586
3444,4,4,0.9998229146003723
3445,0,0,0.9999997615814209
3446,0,0,0.9985972046852112
3447,6,6,0.9949799180030823
3448,3,3,0.7306070327758789
3449,3,3,0.999853253364563
3450,0,0,0.9974656105041504
3451,7,7,0.5092282295227051
3452,1,1,0.9999533891677856
3453,7,7,0.9996069073677063
3454,1,1,0.9999972581863403
3455,1,1,0.9999895095825195
3456,3,3,0.6460139155387878
3457,1,1,0.8495170474052429
3458,0,0,0.9999977350234985
3459,9,9,0.9999580383300781
3460,9,9,0.9886599779129028
3461,7,7,0.9999966621398926
3462,5,5,0.9999995231628418
3463,4,4,0.9999860525131226
3464,1,1,0.9977481961250305
3465,4,4,0.9997674822807312
3466,8,8,0.999976634979248
3467,9,9,0.9999363422393799
3468,5,5,0.9999315738677979
3469,3,3,0.9999817609786987
3470,5,5,0.9999953508377075
3471,1,1,0.99996018409729
3472,9,9,0.9999055862426758
3473,8,8,0.9998067021369934
3474,2,2,0.9686408638954163
3475,3,3,0.9724637269973755
3476,3,3,0.9997026324272156
3477,9,9,0.9996471405029297
3478,9,9,0.9998805522918701
3479,0,0,0.9999942779541016
3480,1,1,0.999971866607666
3481,0,0,0.9999990463256836
3482,2,2,0.9999173879623413
3483,9,9,0.9999388456344604
3484,3,3,0.9999794960021973
3485,9,9,0.999990701675415
3486,3,3,0.9999942779541016
3487,3,3,0.9999881982803345
3488,6,6,0.9999691247940063
3489,2,2,0.9985300302505493
3490,4,4,0.9904392957687378
3491,9,9,0.9995480179786682
3492,8,8,0.9996427297592163
3493,3,3,0.9992814660072327
3494,7,7,0.9985150694847107
3495,4,4,0.9997715353965759
3496,0,0,0.999747097492218
3497,4,4,0.9993163347244263
3498,7,7,0.9970914125442505
3499,8,8,0.9999955892562866
3500,4,4,0.9999830722808838
3501,9,9,0.999603807926178
3502,8,8,0.9999381303787231
3503,9,1,0.419079452753067
3504,9,9,0.9978541731834412
3505,7,7,0.9999322891235352
3506,5,5,0.9999972581863403
3507,9,9,0.9998897314071655
3508,2,2,0.9997673630714417
3509,8,8,0.9998493194580078
3510,2,2,0.9999532699584961
3511,2,2,0.9851427674293518
3512,0,0,0.9999986886978149
3513,2,2,0.9999799728393555
3514,2,2,0.9999377727508545
3515,3,3,0.9999905824661255
3516,8,8,0.9993230104446411
3517,4,4,0.9999872446060181
3518,6,6,0.9966564178466797
3519,8,8,0.99983811378479
3520,6,4,0.9808031320571899
3521,8,8,0.9999740123748779
3522,2,2,0.9963171482086182
3523,4,4,0.9999706745147705
3524,6,6,0.9999845027923584
3525,7,7,0.9901372194290161
3526,9,9,0.9999243021011353
3527,3,3,0.9998836517333984
3528,3,3,0.9994226694107056
3529,9,9,0.9991917014122009
3530,4,4,0.99896240234375
3531,3,3,0.9999361038208008
3532,1,1,0.9999194145202637
3533,4,4,0.5206241011619568
3534,4,8,0.6286318302154541
3535,7,7,0.9999908208847046
3536,0,0,0.9980315566062927
3537,5,5,0.9999724626541138
3538,9,9,0.9980553388595581
3539,6,6,0.999984622001648
3540,0,0,0.9992960691452026
3541,4,4,0.9986059069633484
3542,4,4,0.9999405145645142
3543,4,4,0.998542308807373
3544,4,4,0.9996333122253418
3545,6,6,0.9999994039535522
3546,1,1,0.9999920129776001
3547,2,2,0.9993754029273987
3548,3,3,0.9998443126678467
3549,3,3,0.9976140260696411
3550,6,6,0.6467447280883789
3551,4,4,0.9997425675392151
3552,5,5,0.9999474287033081
3553,9,9,0.9997678399085999
3554,6,6,0.9999991655349731
3555,8,8,0.9994988441467285
3556,5,5,0.9999754428863525
3557,6,6,0.9951503872871399
3558,5,5,0.7670297026634216
3559,8,8,0.5641098618507385
3560,6,6,0.9999986886978149
3561,4,4,0.9993897676467896
3562,1,1,0.9999843835830688
3563,8,8,0.9999550580978394
3564,6,6,0.9988746047019958
3565,5,5,0.9932631850242615
3566,2,2,0.9999946355819702
3567,8,8,0.9453172087669373
3568,4,4,0.9999932050704956
3569,5,5,0.9999954700469971
3570,5,5,0.9999971389770508
3571,4,4,0.9959347248077393
3572,7,7,0.9999959468841553
3573,7,7,0.9968522191047668
3574,0,0,0.9991006851196289
3575,7,7,0.9992172718048096
3576,8,8,0.9998138546943665
3577,2,2,0.9996777772903442
3578,2,2,0.9998688697814941
3579,3,3,0.9999909400939941
3580,7,7,0.9974391460418701
3581,0,0,0.9999960660934448
3582,1,1,0.9971509575843811
3583,8,8,0.9998809099197388
3584,0,0,1.0
3585,7,7,0.9999581575393677
3586,1,1,0.9997581839561462
3587,9,9,0.9994122982025146
3588,8,8,0.9999161958694458
3589,7,7,0.9998452663421631
3590,5,5,0.9999995231628418
3591,5,5,0.9992502331733704
3592,9,9,0.999472439289093
3593,1,1,0.9999665021896362
3594,7,7,0.999998927116394
3595,5,5,0.9999984502792358
3596,4,4,0.9971023201942444
3597,9,2,0.3145484924316406
3598,1,1,0.9946601986885071
3599,2,2,0.9398309588432312
3600,2,2,0.9985063672065735
3601,1,1,0.9589918851852417
3602,6,6,0.9999997615814209
3603,6,6,1.0
3604,7,7,0.9816666841506958
3605,1,1,0.9999494552612305
3606,1,1,0.9970735311508179
3607,4,4,0.99233478307724
3608,0,0,0.9999995231628418
3609,7,7,0.9999831914901733
3610,4,4,0.9999970197677612
3611,2,2,0.9999686479568481
3612,4,4,0.9974228143692017
3613,0,0,0.99998939037323
3614,6,6,0.9999927282333374
3615,4,4,0.9998544454574585
3616,7,7,0.9998106360435486
3617,6,6,0.9998462200164795
3618,9,9,0.9949706196784973
3619,5,5,0.9999996423721313
3620,3,3,0.9999865293502808
3621,4,4,0.9985218644142151
3622,6,6,0.9999728202819824
3623,5,5,0.9999984502792358
3624,0,0,0.9999921321868896
3625,1,1,0.9999579191207886
3626,8,8,0.9942130446434021
3627,8,8,0.9996516704559326
3628,2,2,0.9999909400939941
3629,8,8,0.990397572517395
3630,3,3,0.9999880790710449
3631,5,5,0.9999951124191284
3632,7,7,0.9999939203262329
3633,8,8,0.9999997615814209
3634,0,0,0.9999129772186279
3635,8,8,0.9985225796699524
3636,5,5,0.9999574422836304
3637,7,7,0.9992793202400208
3638,1,1,0.9999798536300659
3639,1,1,0.9999736547470093
3640,0,0,0.9998500347137451
3641,1,1,0.9998916387557983
3642,3,3,0.9999978542327881
3643,7,7,0.9999783039093018
3644,8,8,0.9999880790710449
3645,5,5,0.9999680519104004
3646,0,0,0.9999598264694214
3647,7,7,0.9992627501487732
3648,1,1,0.9999982118606567
3649,1,1,0.9996432065963745
3650,0,0,0.9999977350234985
3651,1,1,0.9999829530715942
3652,1,1,0.9999798536300659
3653,4,4,0.9936987161636353
3654,5,5,0.9279839992523193
3655,2,2,0.9999575614929199
3656,7,7,0.9996505975723267
3657,6,6,0.9999954700469971
3658,2,2,0.9930022358894348
3659,3,3,0.9999995231628418
3660,0,0,0.9999977350234985
3661,2,2,0.9999868869781494
3662,8,8,0.7924118638038635
3663,5,5,0.9991758465766907
3664,9,9,0.9995384216308594
3665,6,6,0.9999943971633911
3666,9,9,0.9997993111610413
3667,7,7,0.9993847608566284
3668,2,2,0.9999957084655762
3669,1,1,0.99994957447052
3670,3,3,0.9999986886978149
3671,6,6,0.9999977350234985
3672,4,4,0.9794263243675232
3673,1,1,0.999969482421875
3674,8,8,0.9470376968383789
3675,2,2,0.9999994039535522
3676,4,4,0.999968409538269
3677,0,0,0.9999988079071045
3678,5,5,0.9999947547912598
3679,1,1,0.9999779462814331
3680,0,0,0.9999849796295166
3681,2,2,0.9699121117591858
3682,2,2,0.9999681711196899
3683,6,6,0.9998231530189514
3684,4,4,0.9991217255592346
3685,4,4,0.9999610185623169
3686,3,3,0.999835729598999
3687,9,9,0.9999135732650757
3688,6,6,0.9907190203666687
3689,1,1,0.9999799728393555
3690,6,6,0.9952601790428162
3691,5,5,0.999997615814209
3692,7,7,0.9999984502792358
3693,9,9,0.9993945360183716
3694,2,2,0.9974867105484009
3695,0,0,0.9999942779541016
3696,2,2,0.9999790191650391
3697,6,6,0.9997918009757996
3698,0,0,0.9999697208404541
3699,1,1,0.9999651908874512
3700,4,4,0.9999650716781616
3701,3,3,0.999976634979248
3702,5,5,0.6800068616867065
3703,2,2,0.9999929666519165
3704,8,8,0.9999996423721313
3705,8,8,0.9999849796295166
3706,0,0,0.9999113082885742
3707,8,8,0.9999697208404541
3708,8,8,0.9999921321868896
3709,9,9,0.9853083491325378
3710,0,0,0.9961165189743042
3711,9,9,0.9997311234474182
3712,6,6,0.9999990463256836
3713,7,7,0.9997199177742004
3714,6,6,0.9999631643295288
3715,3,3,0.99997878074646
3716,9,9,0.9913625121116638
3717,3,3,0.999457061290741
3718,4,4,0.8054993748664856
3719,7,7,0.9997534155845642
3720,7,7,0.999980092048645
3721,7,7,0.9986557960510254
3722,4,4,0.9999532699584961
3723,9,9,0.9998273253440857
3724,0,0,0.9999918937683105
3725,6,6,0.9998362064361572
3726,4,9,0.9924418926239014
3727,8,8,0.7158560156822205
3728,4,4,0.9992870688438416
3729,2,2,0.9990552067756653
3730,7,7,0.8259255886077881
3731,2,2,0.9999890327453613
3732,8,8,0.9998206496238708
3733,1,1,0.9999324083328247
3734,0,0,0.9986459612846375
3735,0,0,0.9999738931655884
3736,7,7,0.998900294303894
3737,8,8,0.9995181560516357
3738,3,3,0.9908992052078247
3739,3,3,0.9855517148971558
3740,3,3,0.9997392296791077
3741,1,1,0.9999979734420776
3742,3,3,0.8269340395927429
3743,7,7,0.9998992681503296
3744,6,6,0.9993851184844971
3745,1,1,0.9997580647468567
3746,3,3,0.9999799728393555
3747,1,1,0.9992606043815613
3748,6,6,0.9988466501235962
3749,6,6,0.9725772142410278
3750,5,5,0.999995231628418
3751,7,2,0.692714512348175
3752,4,4,0.9999983310699463
3753,7,7,0.9999862909317017
3754,5,5,0.9998824596405029
3755,9,9,0.9993103742599487
3756,5,5,0.9974377155303955
3757,8,8,0.967548668384552
3758,4,4,0.9995766282081604
3759,9,9,0.9999421834945679
3760,9,9,0.9998718500137329
3761,1,1,0.9995772242546082
3762,6,6,0.89237380027771
3763,5,5,0.9997591376304626
3764,0,0,0.9993390440940857
3765,1,1,0.999985933303833
3766,3,3,0.9928096532821655
3767,7,2,0.6945459842681885
3768,0,0,0.9999899864196777
3769,3,3,0.9984639883041382
3770,4,4,0.999993085861206
3771,8,8,0.9999145269393921
3772,2,2,0.9987177848815918
3773,2,2,0.9999074935913086
3774,0,0,0.9998779296875
3775,2,2,0.9999713897705078
3776,5,5,0.9993619322776794
3777,1,1,0.9999184608459473
3778,5,2,0.4665663242340088
3779,1,1,0.99996018409729
3780,4,4,0.5669441819190979
3781,8,8,0.9998996257781982
3782,8,8,0.9983008503913879
3783,9,9,0.9995183944702148
3784,1,1,0.9999185800552368
3785,2,2,0.9962344765663147
3786,1,1,0.9998593330383301
3787,3,3,0.9973962306976318
3788,5,5,0.9999998807907104
3789,1,1,0.9999574422836304
3790,0,0,0.9992062449455261
3791,9,9,0.9991377592086792
3792,4,4,0.9999256134033203
3793,4,4,0.9997832179069519
3794,8,8,0.9883630871772766
3795,3,3,0.9978353381156921
3796,2,2,0.6961163878440857
3797,5,5,0.9999927282333374
3798,9,9,0.9990885257720947
3799,7,7,0.9989204406738281
3800,6,6,0.9831635355949402
3801,6,6,0.9981293082237244
3802,2,2,0.9999998807907104
3803,0,0,0.9999918937683105
3804,0,0,0.9999821186065674
3805,0,0,0.999998927116394
3806,5,5,0.9816833734512329
3807,8,8,0.9999996423721313
3808,7,8,0.8901271224021912
3809,1,1,0.999954104423523
3810,5,5,0.9992541670799255
3811,2,2,0.8748429417610168
3812,3,3,0.999977707862854
3813,8,8,0.9999899864196777
3814,5,5,0.9999994039535522
3815,1,1,0.9999922513961792
3816,8,8,0.999956488609314
3817,2,2,0.9996411800384521
3818,0,0,0.8848081827163696
3819,4,4,0.9999957084655762
3820,9,9,0.9994896650314331
3821,9,9,0.9909133911132812
3822,6,6,0.9999996423721313
3823,2,2,0.9999679327011108
3824,3,3,0.9999774694442749
3825,3,3,0.9999872446060181
3826,5,5,0.9999908208847046
3827,6,6,0.9999992847442627
3828,4,4,0.9999810457229614
3829,8,8,0.9999940395355225
3830,0,0,0.9999997615814209
3831,9,9,0.9957255125045776
3832,2,2,0.9997792840003967
3833,8,8,0.9967843294143677
3834,3,3,0.9999035596847534
3835,6,6,0.999988317489624
3836,7,7,0.9526605010032654
3837,5,5,0.9999983310699463
3838,7,7,0.8631911277770996
3839,2,2,0.9999740123748779
3840,9,9,0.9998120665550232
3841,4,4,0.9999988079071045
3842,9,9,0.9999991655349731
3843,1,1,0.9999475479125977
3844,2,2,0.9999719858169556
3845,8,8,0.9999996423721313
3846,6,6,0.9994590878486633
3847,0,0,0.9999099969863892
3848,7,7,0.9981356859207153
3849,0,0,0.9999934434890747
3850,9,9,0.6298940777778625
3851,1,1,0.9994248151779175
3852,1,1,0.9996029734611511
3853,6,6,0.8679359555244446
3854,7,7,0.9999971389770508
3855,5,5,0.9972468614578247
3856,9,9,0.9956120252609253
3857,9,9,0.9995765089988708
3858,1,1,0.9999325275421143
3859,9,9,0.9957874417304993
3860,5,5,0.999981164932251
3861,9,9,0.9997245669364929
3862,2,2,0.9958071708679199
3863,5,5,0.9999746084213257
3864,0,0,0.9999711513519287
3865,4,4,0.9999996423721313
3866,1,1,0.9996845722198486
3867,0,0,0.9999167919158936
3868,8,8,0.9999113082885742
3869,9,9,0.7889336347579956
3870,0,0,0.9999892711639404
3871,8,8,0.8725960850715637
3872,9,9,0.9999942779541016
3873,8,8,0.9996763467788696
3874,9,9,0.998363196849823
3875,4,4,0.9998331069946289
3876,2,2,0.9956552982330322
3877,5,5,0.9999972581863403
3878,7,7,0.9998923540115356
3879,9,9,0.999800980091095
3880,8,8,0.9999357461929321
3881,9,9,0.9991955161094666
3882,8,8,0.9999994039535522
3883,0,0,0.9999992847442627
3884,9,9,0.9999716281890869
3885,9,9,0.999930739402771
3886,6,6,0.9999977350234985
3887,8,8,0.9999980926513672
3888,9,9,0.9999383687973022
3889,9,9,0.9999961853027344
3890,5,5,0.9999885559082031
3891,9,9,0.9999611377716064
3892,8,8,0.9998294115066528
3893,5,5,0.9493411183357239
3894,1,1,0.9998742341995239
3895,0,0,0.9999943971633911
3896,3,3,0.9999731779098511
3897,3,3,0.9989522695541382
3898,5,5,0.9999822378158569
3899,2,2,0.9992184638977051
3900,1,1,0.9999394416809082
3901,6,6,0.999875545501709
3902,5,5,0.9495347738265991
3903,0,0,0.9999998807907104
3904,2,2,0.9990314245223999
3905,8,8,0.9999927282333374
3906,1,1,0.8972421288490295
3907,5,5,0.9999998807907104
3908,6,6,0.999934196472168
3909,2,2,0.9997077584266663
3910,3,3,0.999993085861206
3911,0,0,0.99989914894104
3912,2,2,0.9999982118606567
3913,2,2,0.9998050332069397
3914,6,6,0.9999831914901733
3915,4,4,0.999923586845398
3916,3,3,0.9997583031654358
3917,5,5,0.9999618530273438
3918,5,5,0.9923213124275208
3919,1,1,0.9999938011169434
3920,7,7,0.9999996423721313
3921,2,2,0.9999862909317017
3922,1,1,0.9999129772186279
3923,6,6,0.9994530081748962
3924,9,9,0.9987671375274658
3925,1,1,0.9999386072158813
3926,9,9,0.9828261733055115
3927,9,9,0.9999918937683105
3928,5,5,0.9999699592590332
3929,5,5,0.999922513961792
3930,1,1,0.9999978542327881
3931,6,6,0.9999829530715942
3932,2,2,0.9999871253967285
3933,2,2,0.9999998807907104
3934,8,8,0.9999982118606567
3935,6,6,0.9998695850372314
3936,7,7,0.996494710445404
3937,1,1,0.9998520612716675
3938,4,4,0.9994714856147766
3939,6,6,0.9968087077140808
3940,0,0,0.996955394744873
3941,4,4,0.9526878595352173
3942,0,0,0.9968801736831665
3943,3,3,0.9793261289596558
3944,3,3,0.9998725652694702
3945,2,2,0.9999330043792725
3946,2,2,0.9601688981056213
3947,3,3,0.9999769926071167
3948,6,6,0.9997531771659851
3949,8,8,0.9999877214431763
3950,9,9,0.9994924068450928
3951,8,8,0.7883540987968445
3952,5,5,0.9999614953994751
3953,3,3,0.9997770190238953
3954,8,8,0.9971417784690857
3955,5,5,0.9999910593032837
3956,4,4,0.9999505281448364
3957,5,5,0.9999693632125854
3958,2,2,0.9988883137702942
3959,0,0,0.9999998807907104
3960,5,5,0.9999992847442627
3961,6,6,0.9992702603340149
3962,3,3,0.9898113012313843
3963,2,2,0.9999924898147583
3964,8,8,0.9999265670776367
3965,3,3,0.9999043941497803
3966,9,9,0.9999374151229858
3967,9,9,0.997510552406311
3968,5,5,0.986315906047821
3969,7,7,0.9992935657501221
3970,9,9,0.9994388222694397
3971,4,4,0.9952335953712463
3972,6,6,0.9999226331710815
3973,7,7,0.9999938011169434
3974,1,1,0.9995810389518738
3975,3,3,0.9999969005584717
3976,7,7,0.9576831459999084
3977,3,3,0.9995467066764832
3978,6,6,0.9993364214897156
3979,6,6,0.9999939203262329
3980,0,0,0.9999964237213135
3981,9,9,0.9999158382415771
3982,0,0,0.9999713897705078
3983,1,1,0.999747097492218
3984,9,9,0.9818195104598999
3985,9,9,0.9331620335578918
3986,2,2,0.998058021068573
3987,8,8,0.9971973896026611
3988,8,8,0.9974182844161987
3989,0,0,0.9999344348907471
3990,1,1,0.9999198913574219
3991,6,6,0.9998966455459595
3992,9,9,0.9998109936714172
3993,7,7,0.9999905824661255
3994,5,5,0.9996215105056763
3995,3,3,0.8164266347885132
3996,4,4,0.9968085885047913
3997,7,7,0.9776595234870911
3998,4,4,0.9993687272071838
3999,9,9,0.9999988079071045
4000,9,9,0.9750730395317078
4001,4,4,0.8416301012039185
4002,3,3,0.9979888200759888
4003,6,6,0.9999779462814331
4004,3,3,0.9998206496238708
4005,1,1,0.9999070167541504
4006,1,1,0.9999797344207764
4007,7,7,0.7451367378234863
4008,6,6,0.9999994039535522
4009,9,9,0.9994990825653076
4010,1,1,0.9999792575836182
4011,8,8,0.99994957447052
4012,4,4,0.9967479705810547
4013,1,1,0.9992200136184692
4014,1,1,0.9999767541885376
4015,9,9,0.9987732768058777
4016,9,9,0.9997958540916443
4017,4,4,0.7455303072929382
4018,3,3,0.9803522825241089
4019,6,6,0.9997237324714661
4020,8,8,0.9999710321426392
4021,1,1,0.999977707862854
4022,6,6,0.9991338849067688
4023,0,0,0.9999932050704956
4024,4,4,0.9998902082443237
4025,1,1,0.9999773502349854
4026,3,3,0.9999701976776123
4027,7,7,0.8943611979484558
4028,7,7,0.9999932050704956
4029,4,4,0.998856782913208
4030,9,9,0.9948746562004089
4031,5,5,0.9999086856842041
4032,1,1,0.9997461438179016
4033,0,0,0.9999992847442627
4034,0,0,0.9999805688858032
4035,1,1,0.9999871253967285
4036,1,1,0.9999967813491821
4037,6,6,0.9971246123313904
4038,2,2,0.9999425411224365
4039,1,1,0.9999871253967285
4040,9,9,0.999998927116394
4041,8,8,0.9996681213378906
4042,4,4,0.9999499320983887
4043,0,0,0.9999977350234985
4044,3,5,0.5953167080879211
4045,6,6,0.9999841451644897
4046,4,4,0.9999669790267944
4047,9,9,0.9997647404670715
4048,0,0,0.9984192848205566
4049,7,7,0.9999995231628418
4050,1,1,0.9997572302818298
4051,6,6,0.9999760389328003
4052,5,5,0.9996838569641113
4053,7,7,0.8122809529304504
4054,5,5,0.9999945163726807
4055,2,2,0.9999573230743408
4056,5,5,0.999970555305481
4057,1,1,0.9999951124191284
4058,8,8,0.9999963045120239
4059,5,5,0.999901533126831
4060,4,4,0.9985895752906799
4061,7,7,0.9999392032623291
4062,0,0,0.9999980926513672
4063,6,6,0.9657353162765503
4064,7,7,0.9999978542327881
4065,0,0,0.6022866368293762
4066,2,2,0.9999686479568481
4067,5,5,0.9999691247940063
4068,8,8,0.9999864101409912
4069,1,1,0.999996542930603
4070,0,0,0.9999990463256836
4071,4,4,0.9992071986198425
4072,5,5,0.9999785423278809
4073,7,7,0.9999998807907104
4074,1,1,0.9984473586082458
4075,8,0,0.6271134614944458
4076,5,5,0.9999593496322632
4077,1,1,0.9997734427452087
4078,9,9,0.45941945910453796
4079,0,0,0.9999215602874756
4080,0,0,0.9999241828918457
4081,6,6,0.9982501864433289
4082,0,0,0.999946117401123
4083,7,7,0.9999996423721313
4084,3,3,0.9994874000549316
4085,1,1,0.9999783039093018
4086,8,8,0.9973800778388977
4087,3,3,0.999663233757019
4088,9,9,0.997639536857605
4089,7,7,0.9999936819076538
4090,0,0,0.9999500513076782
4091,0,0,0.9999562501907349
4092,8,8,0.9997467398643494
4093,9,9,0.9924224019050598
4094,5,5,0.9998595714569092
4095,9,9,0.9969557523727417
4096,8,8,0.9999861717224121
4097,3,3,0.9999971389770508
4098,2,2,0.9989644289016724
4099,7,7,0.9962819218635559
4100,2,2,0.9990079998970032
4101,9,9,0.9998408555984497
4102,7,7,0.9566228985786438
4103,2,2,0.9999207258224487
4104,1,1,0.999956488609314
4105,1,1,0.9999167919158936
4106,3,3,0.9999878406524658
4107,7,7,0.9988402724266052
4108,5,5,0.9999995231628418
4109,3,3,0.9998378753662109
4110,1,1,0.999937891960144
4111,9,9,0.9997298121452332
4112,8,8,0.9975747466087341
4113,2,2,0.9998261332511902
4114,2,2,0.9969563484191895
4115,2,2,0.9999959468841553
4116,8,8,0.9965808987617493
4117,8,8,0.9998394250869751
4118,5,5,0.999934196472168
4119,7,7,0.9998186230659485
4120,3,3,0.9991773962974548
4121,8,8,0.9999260902404785
4122,9,9,0.9999657869338989
4123,8,8,0.987740695476532
4124,8,8,0.9783896207809448
4125,6,6,0.9988490343093872
4126,8,8,0.9690667390823364
4127,2,2,0.9999641180038452
4128,3,3,0.9969378709793091
4129,9,9,0.997512936592102
4130,7,7,0.9999953508377075
4131,5,5,0.9999699592590332
4132,6,6,0.9999377727508545
4133,2,2,0.9999514818191528
4134,9,9,0.99704509973526
4135,2,2,0.9999475479125977
4136,8,8,0.999982476234436
4137,8,8,0.9985775947570801
4138,1,1,0.9999889135360718
4139,6,6,0.999502420425415
4140,8,8,0.9955193996429443
4141,8,8,0.9990344047546387
4142,7,7,0.9992119073867798
4143,9,9,0.9993902444839478
4144,1,1,0.9999943971633911
4145,8,8,0.9989848732948303
4146,0,0,0.998094379901886
4147,1,1,0.9984747767448425
4148,7,7,0.998389720916748
4149,2,2,0.9986893534660339
4150,0,0,0.9999998807907104
4151,7,7,0.9952772855758667
4152,5,5,0.9998563528060913
4153,1,1,0.999996542930603
4154,9,9,0.9957082271575928
4155,0,0,0.9999983310699463
4156,2,2,0.9949187636375427
4157,0,0,0.9999895095825195
4158,9,9,0.9998329877853394
4159,8,8,0.9996045231819153
4160,6,6,0.994776725769043
4161,2,2,0.9999274015426636
4162,3,3,0.9999995231628418
4163,9,9,0.9530880451202393
4164,3,3,0.9999877214431763
4165,8,8,0.9993497729301453
4166,0,0,0.9999942779541016
4167,2,2,0.9998281002044678
4168,1,1,0.9999715089797974
4169,1,1,0.9999874830245972
4170,1,1,0.9991175532341003
4171,1,1,0.9992281198501587
4172,4,4,0.9999207258224487
4173,2,2,0.9997695088386536
4174,9,9,0.9979351758956909
4175,7,7,0.999993085861206
4176,2,7,0.6378434896469116
4177,5,5,0.9998340606689453
4178,1,1,0.9918175339698792
4179,1,1,0.9999896287918091
4180,2,2,0.9995772242546082
4181,1,1,0.9999934434890747
4182,9,9,0.9999710321426392
4183,9,9,0.9999582767486572
4184,9,9,0.9990805387496948
4185,1,1,0.9988705515861511
4186,0,0,0.9999996423721313
4187,2,2,0.9955750703811646
4188,0,0,0.9999964237213135
4189,2,2,0.9999644756317139
4190,1,1,0.999891996383667
4191,1,1,0.9999877214431763
4192,4,4,0.9993436932563782
4193,6,6,0.9941989183425903
4194,4,4,0.8711872696876526
4195,1,1,0.9998797178268433
4196,5,5,0.9845336675643921
4197,4,4,0.9998526573181152
4198,9,9,0.9999935626983643
4199,7,7,0.9843682646751404
4200,7,7,0.9999997615814209
4201,1,1,0.6159840226173401
4202,5,5,0.9999853372573853
4203,6,6,0.9984232187271118
4204,2,2,0.9999797344207764
4205,2,2,0.8640069365501404
4206,2,2,0.9999146461486816
4207,8,8,0.789458692073822
4208,0,0,0.9999357461929321
4209,6,6,0.9999734163284302
4210,9,9,0.9999598264694214
4211,6,6,0.9801576733589172
4212,1,1,0.9932050704956055
4213,9,9,0.9995208978652954
4214,7,7,0.9996916055679321
4215,7,7,0.9994940757751465
4216,1,1,0.9908111095428467
4217,4,4,0.9991821646690369
4218,8,8,0.999957799911499
4219,5,5,0.9999974966049194
4220,3,3,0.9999662637710571
4221,4,4,0.9970410466194153
4222,3,3,0.999953031539917
4223,4,4,0.9997972846031189
4224,9,7,0.9702234268188477
4225,7,7,0.999247670173645
4226,5,5,0.9999949932098389
4227,0,0,0.9999940395355225
4228,7,7,0.9998295307159424
4229,4,4,0.9999749660491943
4230,8,8,0.9996689558029175
4231,8,8,0.9999502897262573
4232,1,1,0.9990910291671753
4233,5,5,0.9999978542327881
4234,3,3,0.9999853372573853
4235,9,9,0.9993495345115662
4236,5,5,0.9999997615814209
4237,9,9,0.999976634979248
4238,7,3,0.8461787104606628
4239,6,6,0.9938547015190125
4240,9,9,0.99989914894104
4241,0,0,0.9999998807907104
4242,3,3,0.9995827078819275
4243,6,6,0.999697208404541
4244,3,3,0.9992061257362366
4245,9,9,0.9999651908874512
4246,8,8,0.9999873638153076
4247,2,2,0.9997590184211731
4248,2,2,0.7863422632217407
4249,1,1,0.9999688863754272
4250,2,2,0.9998237490653992
4251,8,8,0.9999959468841553
4252,6,6,0.9999969005584717
4253,8,8,0.9999879598617554
4254,5,5,0.9999904632568359
4255,5,5,0.9930495023727417
4256,3,3,0.7383806109428406
4257,9,9,0.9999643564224243
4258,4,4,0.999998927116394
4259,9,9,0.9963781237602234
4260,2,2,0.9991439580917358
4261,5,5,0.9999159574508667
4262,1,1,0.9993693232536316
4263,5,5,0.9998164772987366
4264,1,1,0.999901533126831
4265,4,4,0.6421486735343933
4266,4,4,0.9974794983863831
4267,1,1,0.9999905824661255
4268,4,4,0.9998179078102112
4269,4,4,0.9972473978996277
4270,3,3,0.9998949766159058
4271,5,5,0.9849145412445068
4272,9,9,0.9999266862869263
4273,1,1,0.9999562501907349
4274,2,2,0.9999574422836304
4275,2,2,0.9999737739562988
4276,3,3,0.9999097585678101
4277,3,3,0.9993816614151001
4278,0,0,0.9999998807907104
4279,2,2,0.9995056390762329
4280,9,9,0.9996880292892456
4281,0,0,0.999994158744812
4282,0,0,0.9999924898147583
4283,9,9,0.9999337196350098
4284,9,9,0.8800902366638184
4285,6,6,0.9994682669639587
4286,0,0,0.9971906542778015
4287,9,9,0.9976212382316589
4288,3,3,0.9999691247940063
4289,2,2,0.9904935956001282
4290,8,8,0.9999914169311523
4291,4,4,0.8251162767410278
4292,1,1,0.9999405145645142
4293,9,9,0.9983680844306946
4294,9,9,0.998103141784668
4295,7,7,0.9999823570251465
4296,2,2,0.9999810457229614
4297,7,7,0.9964497089385986
4298,9,9,0.9999971389770508
4299,9,9,0.9928779006004333
4300,5,5,0.9838798642158508
4301,9,9,0.9980454444885254
4302,5,5,0.9999148845672607
4303,1,1,0.9999693632125854
4304,1,1,0.9999762773513794
4305,8,8,0.9998635053634644
4306,3,3,0.4764339029788971
4307,5,5,0.9997780919075012
4308,1,1,0.9991729855537415
4309,9,9,0.9740239381790161
4310,5,5,0.9999840259552002
4311,3,3,0.99912029504776
4312,5,5,0.9999983310699463
4313,4,4,0.7956823706626892
4314,9,9,0.9865245819091797
4315,5,5,0.9972649812698364
4316,9,9,0.996331512928009
4317,3,3,0.9229289293289185
4318,1,1,0.9996864795684814
4319,9,9,0.9999938011169434
4320,0,0,0.9999899864196777
4321,9,9,0.9999673366546631
4322,7,7,0.9999985694885254
4323,5,5,0.9985489249229431
4324,4,4,0.9996451139450073
4325,9,9,0.9984713196754456
4326,2,2,0.9999034404754639
4327,0,0,0.9958623647689819
4328,1,1,0.9999847412109375
4329,0,0,0.9999018907546997
4330,5,5,0.9987545013427734
4331,1,1,0.9996728897094727
4332,4,4,0.9999899864196777
4333,9,9,0.9984462857246399
4334,3,3,0.996476948261261
4335,3,3,0.9947439432144165
4336,6,6,0.9999779462814331
4337,1,1,0.9999585151672363
4338,5,5,0.9998738765716553
4339,2,2,0.9999587535858154
4340,5,5,0.9998413324356079
4341,2,2,0.999782145023346
4342,2,2,0.9999258518218994
4343,0,0,0.9997435212135315
4344,9,9,0.9636667370796204
4345,2,2,0.9999996423721313
4346,6,6,0.9997451901435852
4347,6,6,0.9999707937240601
4348,0,0,1.0
4349,1,1,0.9995335340499878
4350,2,2,0.9960792660713196
4351,0,0,0.9999997615814209
4352,3,3,0.9999392032623291
4353,0,0,0.9999417066574097
4354,2,2,0.9999266862869263
4355,5,5,0.9996393918991089
4356,5,5,0.9886667728424072
4357,7,7,0.9999994039535522
4358,9,9,0.9979239702224731
4359,5,5,0.9972475171089172
4360,5,5,0.932604193687439
4361,0,0,0.9999362230300903
4362,8,8,0.9999948740005493
4363,9,9,0.9997647404670715
4364,5,5,0.9999971389770508
4365,0,0,0.9999825954437256
4366,3,3,0.9999852180480957
4367,2,2,0.9996260404586792
4368,5,5,0.9993017911911011
4369,9,9,0.668127179145813
4370,0,0,0.9999555349349976
4371,8,8,0.9998219609260559
4372,8,8,0.9999990463256836
4373,4,4,0.9981706142425537
4374,5,5,0.9917981624603271
4375,8,8,0.9999707937240601
4376,8,8,0.9999949932098389
4377,4,4,0.9969903230667114
4378,5,5,0.9999995231628418
4379,4,4,0.9992689490318298
4380,8,8,0.8725959062576294
4381,5,5,0.9999799728393555
4382,4,9,0.7312686443328857
4383,9,9,0.9996434450149536
4384,2,2,0.9567300081253052
4385,2,2,0.9999243021011353
4386,1,1,0.9999678134918213
4387,2,2,0.9990013241767883
4388,6,6,0.9998237490653992
4389,8,8,0.9999094009399414
4390,8,8,0.9989562034606934
4391,7,7,0.9955398440361023
4392,0,0,0.9999992847442627
4393,3,3,0.9824376702308655
4394,6,6,0.9999929666519165
4395,6,6,0.999828577041626
4396,4,4,0.999314546585083
4397,3,3,0.9995948672294617
4398,8,8,0.9995724558830261
4399,8,8,0.9832839965820312
4400,7,7,0.7892202138900757
4401,2,2,0.9973369240760803
4402,2,2,0.9999628067016602
4403,0,0,0.880246102809906
4404,0,0,0.9999915361404419
4405,9,9,0.8650479912757874
4406,3,3,0.999984860420227
4407,9,9,0.9999545812606812
4408,9,9,0.996357262134552
4409,1,1,0.99996018409729
4410,9,9,0.9993777275085449
4411,8,8,0.9999808073043823
4412,6,6,0.9999908208847046
4413,6,6,0.9981868863105774
4414,4,4,0.9999563694000244
4415,2,2,0.9991776347160339
4416,6,6,0.9999954700469971
4417,9,9,0.9999923706054688
4418,2,2,0.9999657869338989
4419,8,8,0.9752202033996582
4420,5,5,0.9997442364692688
4421,4,4,0.9978430271148682
4422,5,5,0.9997045397758484
4423,7,7,0.9998564720153809
4424,9,9,0.9992848038673401
4425,9,9,0.9837914705276489
4426,9,9,0.9999585151672363
4427,2,2,0.9986442923545837
4428,1,1,0.9999306201934814
4429,8,8,0.9996598958969116
4430,3,3,0.9998970031738281
4431,4,4,0.9948824644088745
4432,0,0,0.999984860420227
4433,7,7,0.9787458777427673
4434,8,8,0.9997919201850891
4435,3,3,0.9902647733688354
4436,9,9,0.9999597072601318
4437,3,3,0.9904856085777283
4438,4,4,0.9918919801712036
4439,6,6,0.9988570213317871
4440,5,5,0.9993636012077332
4441,6,6,0.9999163150787354
4442,2,2,0.9999717473983765
4443,3,3,0.9037134647369385
4444,9,9,0.9999855756759644
4445,2,2,0.9999229907989502
4446,6,6,0.9999985694885254
4447,0,0,0.9999576807022095
4448,0,0,0.9999963045120239
4449,6,6,0.9643787145614624
4450,1,1,0.999991774559021
4451,2,2,0.9893167614936829
4452,8,8,0.9999728202819824
4453,7,7,0.9999544620513916
4454,9,9,0.9619413018226624
4455,8,8,0.9810838103294373
4456,2,2,0.9999958276748657
4457,0,0,0.9999866485595703
4458,4,4,0.9991360306739807
4459,7,7,0.999997615814209
4460,7,7,0.9975035786628723
4461,5,5,0.999987006187439
4462,0,0,0.9999973773956299
4463,5,5,0.9998663663864136
4464,6,6,1.0
4465,4,4,0.9996515512466431
4466,6,6,0.9999973773956299
4467,7,7,0.9998806715011597
4468,4,4,0.9999645948410034
4469,3,3,0.9994328618049622
4470,0,0,0.9999557733535767
4471,7,7,0.9999886751174927
4472,5,5,0.999964714050293
4473,0,0,0.9999597072601318
4474,7,7,1.0
4475,4,4,0.9986829161643982
4476,2,2,0.999937891960144
4477,0,0,0.935226321220398
4478,8,8,0.9999821186065674
4479,9,9,0.8820573687553406
4480,9,9,0.9999395608901978
4481,4,4,0.9827969074249268
4482,2,2,0.9988234639167786
4483,4,4,0.9601183533668518
4484,6,6,0.9999463558197021
4485,7,7,0.999993085861206
4486,8,8,0.999896764755249
4487,7,7,0.9864546060562134
4488,6,6,0.9936140179634094
4489,9,9,0.9992049336433411
4490,4,4,0.9999964237213135
4491,1,1,0.9948046803474426
4492,3,3,0.9999911785125732
4493,7,7,0.9998922348022461
4494,3,3,0.9821977019309998
4495,0,0,0.999997615814209
4496,8,8,0.9999853372573853
4497,8,8,0.8551300168037415
4498,7,7,0.9955132603645325
4499,6,6,0.9996893405914307
4500,9,8,0.4812639653682709
4501,3,3,0.9999470710754395
4502,9,9,0.9998475313186646
4503,2,2,0.9998637437820435
4504,2,2,0.8847616910934448
4505,9,9,0.9899077415466309
4506,2,2,0.9995902180671692
4507,1,2,0.8072986006736755
4508,8,8,0.9991863369941711
4509,3,3,0.9998176693916321
4510,2,2,0.9987229704856873
4511,9,9,0.9835512042045593
4512,6,6,0.9999220371246338
4513,8,8,0.9934481978416443
4514,4,4,0.961317777633667
4515,0,0,0.9999725818634033
4516,1,1,0.9999943971633911
4517,2,2,0.9999991655349731
4518,8,8,0.9999991655349731
4519,4,4,0.9993935823440552
4520,5,5,0.9997696280479431
4521,2,2,0.998489499092102
4522,7,7,0.9999996423721313
4523,8,8,0.999767005443573
4524,1,1,0.9999854564666748
4525,1,1,0.9999984502792358
4526,3,3,0.9992005228996277
4527,0,0,0.9999829530715942
4528,3,3,0.9413304328918457
4529,5,5,0.9999986886978149
4530,7,7,0.9999629259109497
4531,0,0,0.9998445510864258
4532,3,3,0.9999357461929321
4533,1,1,0.9999672174453735
4534,9,9,0.9967418313026428
4535,3,3,0.9999815225601196
4536,6,5,0.8152797222137451
4537,3,3,0.9999622106552124
4538,1,1,0.999618649482727
4539,7,7,0.9999978542327881
4540,7,7,0.9990202188491821
4541,3,3,0.9999325275421143
4542,0,0,0.9999998807907104
4543,8,8,0.9417972564697266
4544,4,4,0.9998576641082764
4545,8,8,0.9999966621398926
4546,2,2,0.9999910593032837
4547,6,4,0.5074458718299866
4548,5,5,0.9470752477645874
4549,2,2,0.9999793767929077
4550,9,9,0.9992533326148987
4551,7,7,0.9897183179855347
4552,3,3,0.9992648959159851
4553,9,9,0.9999895095825195
4554,0,0,0.9992603659629822
4555,9,9,0.9994082450866699
4556,9,9,0.992973804473877
4557,6,6,0.9999935626983643
4558,4,4,0.9997676014900208
4559,2,2,0.9999933242797852
4560,9,9,0.9999191761016846
4561,7,7,0.9989342093467712
4562,2,2,0.9998817443847656
4563,1,1,0.9986683130264282
4564,1,1,0.9998384714126587
4565,6,6,0.9997835755348206
4566,7,7,0.8452824950218201
4567,4,4,0.8942885398864746
4568,7,7,0.9992994070053101
4569,5,5,0.999932050704956
4570,9,9,0.9998561143875122
4571,6,8,0.47537463903427124
4572,8,8,0.9998043179512024
4573,2,2,0.9990381002426147
4574,1,1,0.9989452958106995
4575,4,2,0.500390887260437
4576,4,4,0.9999510049819946
4577,5,5,0.9982366561889648
4578,7,7,0.6413770914077759
4579,6,6,0.9911778569221497
4580,1,1,0.9999892711639404
4581,3,3,0.9999837875366211
4582,2,2,0.9997885823249817
4583,5,5,0.9995848536491394
4584,9,9,0.9985162615776062
4585,9,9,0.9995754361152649
4586,3,3,0.9996775388717651
4587,6,6,0.9999933242797852
4588,1,1,0.9998869895935059
4589,1,1,0.9998223185539246
4590,4,4,0.9999960660934448
4591,6,6,0.9999904632568359
4592,9,9,0.9999498128890991
4593,7,7,0.999591052532196
4594,2,2,0.9981972575187683
4595,1,1,0.9999666213989258
4596,5,5,0.9999955892562866
4597,1,1,0.999937891960144
4598,4,4,0.9993916749954224
4599,6,6,0.9999213218688965
4600,3,3,0.9999984502792358
4601,8,8,0.9406874775886536
4602,1,1,0.9999918937683105
4603,1,1,0.9999878406524658
4604,0,0,0.9880011677742004
4605,3,3,0.999724805355072
4606,1,1,0.9999122619628906
4607,6,6,0.9998730421066284
4608,8,8,0.9994120597839355
4609,4,4,0.999929666519165
4610,9,9,0.9997453093528748
4611,0,0,0.9999885559082031
4612,7,7,0.9999983310699463
4613,3,3,0.9998086094856262
4614,0,0,0.998956561088562
4615,2,2,0.9878872632980347
4616,9,9,0.999995231628418
4617,0,0,0.9979363679885864
4618,6,6,0.9999685287475586
4619,6,6,0.9701381325721741
4620,6,6,0.990943968296051
4621,3,3,0.9999815225601196
4622,6,6,0.9999558925628662
4623,7,7,0.9999997615814209
4624,7,7,0.999855637550354
4625,2,2,0.9999033212661743
4626,8,8,0.9999957084655762
4627,6,6,0.9998041987419128
4628,0,0,0.9999971389770508
4629,8,8,0.9999990463256836
4630,3,3,0.9972136616706848
4631,0,0,0.9999995231628418
4632,2,2,0.9952595829963684
4633,9,9,0.9994933605194092
4634,8,8,0.9999816417694092
4635,3,3,0.9420450925827026
4636,2,2,0.9999985694885254
4637,5,5,0.9999995231628418
4638,3,3,0.999775230884552
4639,8,8,0.8196792602539062
4640,8,8,0.9732794761657715
4641,0,0,0.9997393488883972
4642,0,0,0.9999765157699585
4643,1,1,0.9997162222862244
4644,9,9,0.9999510049819946
4645,5,5,0.9999983310699463
4646,1,1,0.9998505115509033
4647,3,3,0.9999916553497314
4648,9,9,0.9998482465744019
4649,6,6,0.9999871253967285
4650,0,0,0.9999865293502808
4651,1,1,0.9999934434890747
4652,4,4,0.9999545812606812
4653,1,1,0.9999445676803589
4654,7,7,0.9998832941055298
4655,1,1,0.9996770620346069
4656,2,2,0.8146636486053467
4657,3,3,0.9667433500289917
4658,7,7,0.9997517466545105
4659,9,9,0.996313750743866
4660,7,7,0.9977089166641235
4661,4,4,0.9999974966049194
4662,9,9,0.9922385811805725
4663,9,9,0.9999828338623047
4664,3,3,0.9998534917831421
4665,9,9,0.9880273342132568
4666,2,2,0.9999957084655762
4667,8,8,0.9999896287918091
4668,2,2,0.9998857975006104
4669,7,7,0.9999947547912598
4670,1,1,0.9999896287918091
4671,8,8,0.9520290493965149
4672,0,0,0.9999932050704956
4673,9,9,0.9999593496322632
4674,1,1,0.988057017326355
4675,0,0,0.9999985694885254
4676,1,1,0.9998574256896973
4677,7,7,0.9999170303344727
4678,7,7,0.9999972581863403
4679,9,9,0.9906517267227173
4680,6,6,0.9999998807907104
4681,9,9,0.9940847754478455
4682,9,9,0.9994968175888062
4683,9,9,0.9999760389328003
4684,2,2,0.9999221563339233
4685,1,1,0.9999136924743652
4686,6,6,0.9999912977218628
4687,1,1,0.9999308586120605
4688,3,3,0.9985613226890564
4689,5,5,0.9999957084655762
4690,7,7,0.900273323059082
4691,1,1,0.9999899864196777
4692,9,9,0.9977285265922546
4693,7,7,0.9976027607917786
4694,6,6,0.9998311996459961
4695,4,4,0.9946513772010803
4696,5,5,0.9979875087738037
4697,7,7,0.9999957084655762
4698,6,6,0.9993438124656677
4699,6,6,0.7079319357872009
4700,9,9,0.99906986951828
4701,9,9,0.9999055862426758
4702,6,6,0.9908608198165894
4703,3,3,0.9973224997520447
4704,6,6,0.9997617602348328
4705,2,2,0.9999997615814209
4706,9,9,0.999947190284729
4707,8,8,0.9999792575836182
4708,1,1,0.999991774559021
4709,2,2,0.9999991655349731
4710,2,2,0.9999808073043823
4711,5,5,0.9997705817222595
4712,5,5,0.9767947793006897
4713,2,2,0.9989877343177795
4714,3,3,0.9999508857727051
4715,7,7,0.9999884366989136
4716,2,2,0.999822199344635
4717,1,1,0.9999768733978271
4718,0,0,0.9999998807907104
4719,1,1,0.999659538269043
4720,0,0,0.9957310557365417
4721,4,4,0.9948318004608154
4722,5,5,0.9997360110282898
4723,2,2,0.9514439105987549
4724,8,8,0.9811584949493408
4725,2,2,0.9998435974121094
4726,8,8,0.9998006224632263
4727,3,3,0.9999531507492065
4728,5,5,0.9999939203262329
4729,1,1,0.9999622106552124
4730,7,7,0.9999995231628418
4731,8,8,0.7583461999893188
4732,1,1,0.9999899864196777
4733,1,1,0.9996483325958252
4734,2,2,0.9999927282333374
4735,9,9,0.9650951623916626
4736,7,7,0.9978342652320862
4737,8,8,0.9871597290039062
4738,4,4,0.9975192546844482
4739,0,0,0.9423824548721313
4740,3,3,0.49516013264656067
4741,0,0,0.9991936087608337
4742,7,7,0.9993236064910889
4743,8,8,0.976904571056366
4744,8,8,0.9999290704727173
4745,4,4,0.9991084933280945
4746,7,7,0.9987253546714783
4747,7,7,0.9999996423721313
4748,8,8,0.9999034404754639
4749,5,5,0.9999723434448242
4750,8,8,0.9999982118606567
4751,4,4,0.955406129360199
4752,9,9,0.9999948740005493
4753,8,8,0.9999709129333496
4754,1,1,0.9999445676803589
4755,3,3,0.9998194575309753
4756,8,8,0.9999960660934448
4757,0,0,0.9999986886978149
4758,3,3,0.9999531507492065
4759,1,1,0.9994630217552185
4760,7,7,0.9999343156814575
4761,9,8,0.899053692817688
4762,5,5,0.9999918937683105
4763,5,5,0.9664186835289001
4764,1,1,0.9999860525131226
4765,6,6,0.9999071359634399
4766,5,5,0.9999961853027344
4767,7,7,0.9999996423721313
4768,4,4,0.999923586845398
4769,9,9,0.9999886751174927
4770,3,3,0.9999387264251709
4771,5,5,0.9998956918716431
4772,4,4,0.9976145029067993
4773,7,7,0.9999494552612305
4774,1,1,0.9999876022338867
4775,2,2,0.9999963045120239
4776,0,0,0.99871826171875
4777,8,8,0.9996992349624634
4778,1,1,0.9993056058883667
4779,6,6,0.9999995231628418
4780,0,0,0.9999994039535522
4781,7,7,0.9999996423721313
4782,3,3,0.9999978542327881
4783,4,9,0.8601781725883484
4784,7,7,0.9999942779541016
4785,3,3,0.9959128499031067
4786,9,9,0.9999817609786987
4787,6,6,0.9999839067459106
4788,0,0,0.9999161958694458
4789,8,8,0.999755322933197
4790,6,6,0.9996961355209351
4791,4,4,0.9986376166343689
4792,8,8,1.0
4793,7,7,0.9999432563781738
4794,7,7,0.9849820137023926
4795,9,9,0.9999957084655762
4796,3,3,0.9999135732650757
4797,8,8,0.9999920129776001
4798,6,6,0.9530153870582581
4799,9,9,0.9996767044067383
4800,7,7,0.9999992847442627
4801,2,2,0.9999501705169678
4802,3,3,0.9998881816864014
4803,4,4,0.9999845027923584
4804,0,0,0.9999366998672485
4805,2,2,0.9999901056289673
4806,1,1,0.9997474551200867
4807,8,0,0.9448804259300232
4808,3,3,0.7879047393798828
4809,5,5,0.9999992847442627
4810,5,5,0.9999910593032837
4811,7,7,0.9999996423721313
4812,2,2,0.9998946189880371
4813,4,4,0.9976987242698669
4814,6,0,0.5742841958999634
4815,7,7,0.9984419941902161
4816,2,2,0.9990843534469604
4817,8,8,0.9999960660934448
4818,3,3,0.9999957084655762
4819,0,0,0.9999716281890869
4820,8,8,0.9999802112579346
4821,7,7,0.9999940395355225
4822,8,8,0.9999818801879883
4823,9,4,0.564495325088501
4824,0,0,0.999987006187439
4825,8,8,0.9980390667915344
4826,4,4,0.9851604700088501
4827,4,4,0.9968794584274292
4828,5,5,0.9998489618301392
4829,8,8,0.9999121427536011
4830,5,5,0.999996542930603
4831,6,6,0.9998745918273926
4832,6,6,0.9999833106994629
4833,3,3,0.9992414712905884
4834,0,0,0.9545148611068726
4835,9,9,0.9997943043708801
4836,3,3,0.9991140961647034
4837,7,7,0.6746707558631897
4838,6,6,0.9684763550758362
4839,8,8,0.9559627771377563
4840,9,9,0.9989888072013855
4841,3,3,0.9975616931915283
4842,4,4,0.9971201419830322
4843,9,9,0.9999951124191284
4844,5,5,0.9999895095825195
4845,8,8,0.999495267868042
4846,9,9,0.9963273406028748
4847,1,1,0.9987469911575317
4848,2,2,0.9999969005584717
4849,8,8,0.9999382495880127
4850,8,8,0.9999934434890747
4851,6,6,0.9981095790863037
4852,8,8,0.9998471736907959
4853,1,1,0.9999786615371704
4854,3,3,0.9992455244064331
4855,7,7,0.9998107552528381
4856,9,9,0.9999630451202393
4857,0,0,0.9984034895896912
4858,1,1,0.9999723434448242
4859,1,1,0.999987006187439
4860,4,9,0.9132529497146606
4861,7,7,0.9995306730270386
4862,0,0,0.9999953508377075
4863,8,8,0.9930958151817322
4864,1,1,0.9994269609451294
4865,7,7,0.9999997615814209
4866,4,4,0.9935253858566284
4867,5,5,0.9999939203262329
4868,7,7,0.998878538608551
4869,1,1,0.9999481439590454
4870,2,2,0.9999982118606567
4871,1,1,0.9998317956924438
4872,1,1,0.9999498128890991
4873,3,3,0.9994082450866699
4874,9,9,0.9844036102294922
4875,6,6,0.9999146461486816
4876,2,2,0.9938202500343323
4877,1,1,0.9998515844345093
4878,2,2,0.9998677968978882
4879,8,8,0.8688635230064392
4880,0,0,0.9958551526069641
4881,7,7,0.9999986886978149
4882,6,6,0.959473192691803
4883,6,6,0.9991698265075684
4884,9,9,0.9997007846832275
4885,3,3,0.9994601607322693
4886,7,7,0.524225115776062
4887,0,0,0.9995611310005188
4888,5,5,0.9777140021324158
4889,2,2,0.9999997615814209
4890,8,8,0.9101284146308899
4891,0,0,0.9999971389770508
4892,5,5,0.9999958276748657
4893,4,4,0.9939284324645996
4894,3,3,0.999313473701477
4895,8,8,0.9999933242797852
4896,4,4,0.9546732902526855
4897,6,6,0.9997262358665466
4898,6,6,0.9996908903121948
4899,2,2,0.9996763467788696
4900,7,7,0.998867392539978
4901,9,9,0.9999915361404419
4902,5,5,0.9996775388717651
4903,1,1,0.9995017051696777
4904,3,3,0.9998804330825806
4905,2,2,0.9999955892562866
4906,4,4,0.9999761581420898
4907,3,3,0.9975627660751343
4908,6,6,0.9999728202819824
4909,1,1,0.9985021352767944
4910,9,9,0.9984354376792908
4911,4,4,0.8442233204841614
4912,4,4,0.9995892643928528
4913,7,7,0.9999393224716187
4914,6,6,0.9999855756759644
4915,5,5,0.999497652053833
4916,4,4,0.9999663829803467
4917,1,1,0.9999812841415405
4918,9,9,0.9656140804290771
4919,9,9,0.9999262094497681
4920,2,2,0.9999879598617554
4921,7,7,0.9244248270988464
4922,8,8,0.9999371767044067
4923,0,0,0.9999959468841553
4924,1,1,0.99595046043396
4925,3,3,0.9979290962219238
4926,6,6,0.9999924898147583
4927,1,1,0.9999959468841553
4928,3,3,0.9999885559082031
4929,4,4,0.9950417876243591
4930,1,1,0.9994365572929382
4931,1,1,0.9999918937683105
4932,1,1,0.9999580383300781
4933,5,5,0.9999967813491821
4934,6,6,0.9981967806816101
4935,0,0,0.9999996423721313
4936,7,7,0.9999918937683105
4937,0,0,0.9994376301765442
4938,7,7,0.9999674558639526
4939,2,2,0.9888817667961121
4940,3,3,0.999942421913147
4941,2,2,0.9970909357070923
4942,5,5,0.996971607208252
4943,2,2,0.9984152317047119
4944,2,2,0.9996670484542847
4945,9,9,0.9999796152114868
4946,4,4,0.9999583959579468
4947,9,9,0.9999933242797852
4948,8,8,0.9994964599609375
4949,1,1,0.9999960660934448
4950,2,2,0.9954966306686401
4951,1,1,0.9920839071273804
4952,6,6,0.96165531873703
4953,1,1,0.9999908208847046
4954,2,2,0.9999421834945679
4955,7,7,0.9999994039535522
4956,8,4,0.7568607926368713
4957,0,0,0.9999916553497314
4958,0,0,0.9999998807907104
4959,0,0,0.9995612502098083
4960,8,8,0.9999786615371704
4961,2,2,0.9999986886978149
4962,2,2,0.9999983310699463
4963,9,9,0.9959807395935059
4964,2,2,0.99994957447052
4965,2,2,0.9999995231628418
4966,7,7,0.9500978589057922
4967,9,9,0.9999254941940308
4968,9,9,0.9999226331710815
4969,2,2,0.9997424483299255
4970,7,7,0.9999382495880127
4971,5,5,0.9999440908432007
4972,1,1,0.9999276399612427
4973,3,3,0.9999994039535522
4974,4,4,0.9974169731140137
4975,9,9,0.9999831914901733
4976,4,4,0.9963487386703491
4977,1,1,0.9999909400939941
4978,8,8,0.5082377791404724
4979,5,5,0.999809205532074
4980,6,6,0.9999750852584839
4981,2,2,0.9999958276748657
4982,8,8,0.9997891783714294
4983,3,3,0.9999974966049194
4984,1,1,0.9998729228973389
4985,2,2,0.9947264790534973
4986,8,8,0.998482882976532
4987,4,4,0.9999145269393921
4988,9,9,0.9993560910224915
4989,9,9,0.9992628693580627
4990,3,3,0.9908753633499146
4991,7,7,0.9999547004699707
4992,0,0,0.9999995231628418
4993,7,7,0.9999037981033325
4994,7,7,0.9999725818634033
4995,2,2,0.9987743496894836
4996,3,3,0.9998149275779724
4997,2,2,0.996785044670105
4998,4,4,0.9995558857917786
4999,0,0,0.9999998807907104
5000,3,3,0.9999935626983643
5001,9,9,0.9999334812164307
5002,9,9,0.9999990463256836
5003,8,8,1.0
5004,4,4,0.9999995231628418
5005,1,1,0.9999550580978394
5006,0,0,0.9999852180480957
5007,6,6,0.999993085861206
5008,0,0,0.9998419284820557
5009,9,9,0.9998666048049927
5010,6,6,0.9999954700469971
5011,8,8,0.9997668862342834
5012,6,6,0.9999977350234985
5013,1,1,0.9999897480010986
5014,1,1,0.9999943971633911
5015,9,9,0.99943608045578
5016,8,8,0.9999992847442627
5017,9,9,0.9999942779541016
5018,2,2,0.9999899864196777
5019,3,3,0.9999843835830688
5020,5,5,0.999945878982544
5021,5,5,0.9999996423721313
5022,9,9,0.9999947547912598
5023,4,4,0.9999964237213135
5024,2,2,0.9999217987060547
5025,1,1,0.9999450445175171
5026,9,9,0.9999866485595703
5027,4,4,0.999593198299408
5028,3,3,0.9999750852584839
5029,9,9,0.99996018409729
5030,6,6,0.9999957084655762
5031,0,0,0.9999991655349731
5032,4,4,0.9996447563171387
5033,0,0,0.9999995231628418
5034,6,6,0.9999990463256836
5035,0,0,0.9999797344207764
5036,1,1,0.9999905824661255
5037,2,2,0.9999628067016602
5038,3,3,0.9998325109481812
5039,4,4,0.9999760389328003
5040,7,7,0.9999101161956787
5041,8,8,0.9999997615814209
5042,9,9,0.9999603033065796
5043,0,0,0.9999996423721313
5044,1,1,0.9999784231185913
5045,2,2,0.9999076128005981
5046,3,3,0.9911676645278931
5047,4,4,0.999880313873291
5048,7,7,0.9997135996818542
5049,8,8,0.9985067248344421
5050,9,9,0.9999691247940063
5051,0,0,0.9999908208847046
5052,1,1,0.9999035596847534
5053,2,2,0.9982519745826721
5054,3,3,0.9996271133422852
5055,4,4,0.9999810457229614
5056,5,5,0.9999922513961792
5057,6,6,0.9999891519546509
5058,7,7,0.9998664855957031
5059,8,8,0.9998075366020203
5060,9,9,0.9999963045120239
5061,8,8,0.9999167919158936
5062,3,3,0.9940773248672485
5063,4,4,0.9997240900993347
5064,7,7,0.9999610185623169
5065,8,8,0.9614710211753845
5066,6,6,0.9999657869338989
5067,3,3,0.7808493971824646
5068,4,4,0.9893423318862915
5069,0,0,0.9999970197677612
5070,9,9,0.999985933303833
5071,7,7,0.9999926090240479
5072,1,1,0.9998891353607178
5073,9,9,0.9999959468841553
5074,3,3,0.9963122010231018
5075,8,8,0.9999480247497559
5076,4,4,0.9999918937683105
5077,7,7,0.999977707862854
5078,3,3,0.901820957660675
5079,0,0,0.9999997615814209
5080,9,9,0.9999996423721313
5081,1,1,0.999990701675415
5082,4,4,0.9999788999557495
5083,5,5,0.9999328851699829
5084,4,4,0.9960793852806091
5085,6,6,0.9998294115066528
5086,2,2,0.989452600479126
5087,0,0,0.9999997615814209
5088,6,6,0.9907399415969849
5089,2,2,0.9995716214179993
5090,1,1,0.999750554561615
5091,1,1,0.9998792409896851
5092,1,1,0.9998620748519897
5093,1,1,0.9995653033256531
5094,7,7,0.9999752044677734
5095,2,2,0.999991774559021
5096,4,4,0.9999877214431763
5097,7,7,0.999699592590332
5098,5,5,0.9999998807907104
5099,2,2,0.9989616870880127
5100,9,9,0.9998770952224731
5101,4,4,0.9998931884765625
5102,5,5,0.9999998807907104
5103,8,8,0.9999749660491943
5104,4,4,0.9999817609786987
5105,2,2,0.9994509816169739
5106,9,9,0.9990478157997131
5107,7,7,0.9999598264694214
5108,0,0,0.999990701675415
5109,0,0,0.9999953508377075
5110,7,7,0.9998593330383301
5111,5,5,0.9999715089797974
5112,1,1,0.9999303817749023
5113,1,1,0.9999794960021973
5114,7,7,0.9998399019241333
5115,6,6,0.9999833106994629
5116,6,6,0.9999686479568481
5117,6,6,0.9999284744262695
5118,8,8,0.9996009469032288
5119,2,2,0.9999713897705078
5120,2,2,0.9997360110282898
5121,7,7,0.9984034895896912
5122,7,7,0.9999490976333618
5123,4,4,0.9999983310699463
5124,0,0,0.9999991655349731
5125,2,2,0.999711811542511
5126,4,4,0.9998753070831299
5127,2,2,0.9565727114677429
5128,1,1,0.999984622001648
5129,8,8,0.9999990463256836
5130,9,9,0.999970555305481
5131,6,6,0.9999822378158569
5132,1,1,0.9999794960021973
5133,0,0,0.9999994039535522
5134,5,5,0.9999629259109497
5135,9,9,0.9996485710144043
5136,6,6,0.9998958110809326
5137,9,9,0.999971866607666
5138,8,8,0.9712148308753967
5139,0,0,0.9999995231628418
5140,3,3,0.8373172879219055
5141,0,0,0.9999922513961792
5142,8,8,0.9996008276939392
5143,3,3,0.9998192191123962
5144,9,9,0.9999687671661377
5145,6,6,0.998068630695343
5146,3,3,0.9988825917243958
5147,0,0,0.9999991655349731
5148,1,1,0.9998956918716431
5149,2,2,0.9999995231628418
5150,3,3,0.9999992847442627
5151,4,4,0.9984397292137146
5152,5,5,0.999962568283081
5153,6,6,0.9999994039535522
5154,7,7,0.9998422861099243
5155,0,0,0.9995158910751343
5156,1,1,0.9999940395355225
5157,2,2,0.9999961853027344
5158,3,3,0.999962568283081
5159,4,9,0.5239819288253784
5160,5,5,0.9999990463256836
5161,6,6,0.9999920129776001
5162,7,7,0.995414137840271
5163,8,8,0.9999163150787354
5164,9,9,0.9999597072601318
5165,0,0,0.929214358329773
5166,1,1,0.9999771118164062
5167,2,2,0.9999996423721313
5168,3,3,0.9999934434890747
5169,4,4,0.9999865293502808
5170,5,5,0.9999997615814209
5171,6,6,0.9999693632125854
5172,7,7,0.9840223789215088
5173,8,8,0.998454213142395
5174,5,5,0.9999494552612305
5175,4,4,0.9999454021453857
5176,8,8,0.9970856308937073
5177,7,7,0.995478093624115
5178,4,4,0.9999926090240479
5179,7,7,0.9999998807907104
5180,7,7,0.9985865354537964
5181,3,3,0.9999880790710449
5182,9,9,0.9998887777328491
5183,8,8,0.9995610117912292
5184,8,8,0.9999891519546509
5185,3,3,0.9999852180480957
5186,1,1,0.9999938011169434
5187,5,5,0.9999978542327881
5188,8,8,0.9999998807907104
5189,2,2,0.9999998807907104
5190,7,7,0.999789297580719
5191,4,4,0.9999861717224121
5192,2,2,0.9999979734420776
5193,1,1,0.9999185800552368
5194,5,5,0.9997335076332092
5195,4,4,0.9999891519546509
5196,5,5,0.9999996423721313
5197,5,5,0.9999990463256836
5198,8,8,0.9999991655349731
5199,6,6,0.801134467124939
5200,4,4,0.9998912811279297
5201,4,4,0.9835567474365234
5202,4,4,0.9992523789405823
5203,1,1,0.9957432150840759
5204,8,8,0.9992191791534424
5205,7,7,0.9999344348907471
5206,5,5,0.999998927116394
5207,5,5,0.9999909400939941
5208,1,1,0.9999749660491943
5209,8,8,0.9994586110115051
5210,9,9,0.9971047043800354
5211,1,1,0.9999878406524658
5212,3,3,0.9999357461929321
5213,6,6,0.9999104738235474
5214,3,3,0.9999010562896729
5215,3,3,0.9999969005584717
5216,2,2,0.9999990463256836
5217,2,2,0.9999896287918091
5218,6,6,0.9999675750732422
5219,9,9,0.9999709129333496
5220,9,9,0.9999369382858276
5221,6,6,0.99913090467453
5222,5,5,0.9999986886978149
5223,5,5,0.9999998807907104
5224,3,3,0.9999887943267822
5225,3,3,0.999983549118042
5226,8,8,0.9999948740005493
5227,1,1,0.999983549118042
5228,6,6,0.9979123473167419
5229,5,5,0.9999992847442627
5230,6,6,0.9999990463256836
5231,8,8,0.9999990463256836
5232,1,1,0.9999849796295166
5233,9,9,0.9999786615371704
5234,7,7,0.9999822378158569
5235,6,6,0.9999971389770508
5236,8,8,0.9999892711639404
5237,3,3,0.9999244213104248
5238,7,7,0.9999600648880005
5239,4,4,0.9993332028388977
5240,7,7,0.9969797730445862
5241,0,0,0.9999994039535522
5242,9,9,0.9999790191650391
5243,0,0,0.9187352657318115
5244,0,0,0.9969300627708435
5245,3,3,0.9999802112579346
5246,7,7,0.7716495990753174
5247,9,9,0.9999616146087646
5248,3,3,0.999990701675415
5249,0,0,0.999874472618103
5250,2,2,0.9997751116752625
5251,0,0,0.9969348907470703
5252,1,1,0.9997290968894958
5253,0,0,0.9999767541885376
5254,1,1,0.9998007416725159
5255,0,0,0.9999803304672241
5256,4,4,0.9999978542327881
5257,0,0,0.9999898672103882
5258,1,1,0.9997381567955017
5259,0,0,0.9999964237213135
5260,4,4,0.9636227488517761
5261,7,7,0.9779611229896545
5262,9,9,0.9983382225036621
5263,6,6,0.9999842643737793
5264,2,2,0.999982476234436
5265,6,6,0.9996625185012817
5266,2,2,0.9999992847442627
5267,2,2,0.9999995231628418
5268,9,9,0.9728677868843079
5269,9,9,0.9971331357955933
5270,0,0,0.9999865293502808
5271,1,1,0.9999933242797852
5272,2,2,0.999995231628418
5273,3,3,0.9999195337295532
5274,4,4,0.9999622106552124
5275,5,5,0.9999939203262329
5276,6,6,0.9999982118606567
5277,7,7,0.9999994039535522
5278,8,8,0.8046155571937561
5279,9,9,0.9999847412109375
5280,0,0,0.9999997615814209
5281,1,1,0.9999731779098511
5282,2,2,0.9999972581863403
5283,3,3,0.9998233914375305
5284,4,4,0.9990473389625549
5285,5,5,0.9999990463256836
5286,6,6,0.9999957084655762
5287,7,7,0.9999992847442627
5288,8,8,0.6309880614280701
5289,9,9,0.9999955892562866
5290,0,0,0.9999977350234985
5291,1,1,0.9999834299087524
5292,2,2,0.9998962879180908
5293,3,3,0.9999172687530518
5294,4,4,0.9999984502792358
5295,5,5,0.9999995231628418
5296,6,6,0.9999798536300659
5297,7,7,0.9999974966049194
5298,8,8,0.9437747597694397
5299,9,9,0.9999380111694336
5300,8,8,0.9999246597290039
5301,0,0,0.9999947547912598
5302,5,5,0.9999946355819702
5303,6,6,0.999992847442627
5304,6,6,0.9999954700469971
5305,0,0,0.9999997615814209
5306,8,8,0.9999494552612305
5307,0,0,0.9999995231628418
5308,2,2,0.9999604225158691
5309,3,3,0.9999634027481079
5310,7,7,0.9999877214431763
5311,9,9,0.9996811151504517
5312,4,4,0.9999415874481201
5313,7,7,0.9999996423721313
5314,1,1,0.9999593496322632
5315,9,9,0.9999583959579468
5316,1,1,0.9999760389328003
5317,7,7,0.9999966621398926
5318,1,1,0.9999831914901733
5319,4,4,0.9996532201766968
5320,0,0,0.999994158744812
5321,0,0,0.9999997615814209
5322,4,4,0.9994688630104065
5323,1,1,0.9999039173126221
5324,7,7,0.9998766183853149
5325,5,5,0.9999963045120239
5326,7,7,0.9999977350234985
5327,1,1,0.9999513626098633
5328,3,3,0.9998972415924072
5329,3,3,0.999803364276886
5330,3,3,0.9998169541358948
5331,1,1,0.9913459420204163
5332,6,6,0.9999842643737793
5333,9,9,0.9999973773956299
5334,7,7,0.9999966621398926
5335,4,4,0.9990046620368958
5336,3,3,0.9997630715370178
5337,0,0,0.9999997615814209
5338,2,2,0.9999923706054688
5339,5,5,0.9999961853027344
5340,2,2,1.0
5341,6,6,0.9999674558639526
5342,0,0,0.9999997615814209
5343,8,8,0.9961389899253845
5344,9,9,0.9999949932098389
5345,4,4,0.9996652603149414
5346,3,3,0.9999583959579468
5347,5,5,0.9999954700469971
5348,4,4,0.9990414977073669
5349,8,8,0.9996412992477417
5350,1,1,0.999964714050293
5351,5,5,0.9999947547912598
5352,9,9,0.9999995231628418
5353,0,0,1.0
5354,6,6,0.9999963045120239
5355,4,4,0.9999698400497437
5356,3,3,0.9999749660491943
5357,6,6,0.9999973773956299
5358,3,3,0.9989833235740662
5359,3,3,0.999993085861206
5360,8,8,0.998261034488678
5361,1,1,0.9999778270721436
5362,4,4,0.9999760389328003
5363,7,7,0.9998503923416138
5364,5,5,0.9999967813491821
5365,7,7,0.999997615814209
5366,2,2,0.999991774559021
5367,2,2,0.999636173248291
5368,0,0,0.9999998807907104
5369,0,0,0.9999998807907104
5370,1,1,0.9999904632568359
5371,7,7,0.9997109770774841
5372,7,7,0.9997257590293884
5373,9,9,0.9999995231628418
5374,5,5,0.9999964237213135
5375,9,9,0.9998084902763367
5376,8,8,0.999996542930603
5377,9,9,0.9999768733978271
5378,6,6,0.9999933242797852
5379,8,8,0.9816858768463135
5380,8,8,0.9890164136886597
5381,2,2,0.9999971389770508
5382,3,3,0.9997225403785706
5383,6,6,0.9999948740005493
5384,1,1,0.9999947547912598
5385,2,2,1.0
5386,9,9,0.999984622001648
5387,8,8,0.999932050704956
5388,9,9,0.9999536275863647
5389,5,5,0.9999765157699585
5390,2,2,0.999990701675415
5391,6,6,0.9999833106994629
5392,2,2,0.9999974966049194
5393,4,4,0.9999982118606567
5394,8,8,0.9996722936630249
5395,4,4,0.9989960789680481
5396,6,6,0.9999377727508545
5397,5,5,0.9999817609786987
5398,0,0,0.9999908208847046
5399,1,1,0.9999774694442749
5400,5,5,0.9999957084655762
5401,6,6,0.9966524243354797
5402,7,7,0.9999982118606567
5403,8,8,0.9999880790710449
5404,9,9,0.9999939203262329
5405,0,0,0.9999871253967285
5406,1,1,0.9998210072517395
5407,2,2,0.9981091022491455
5408,3,3,0.999963641166687
5409,4,4,0.9985241293907166
5410,5,5,0.9999995231628418
5411,6,6,1.0
5412,7,7,0.9999996423721313
5413,8,8,0.9999890327453613
5414,9,9,0.9999988079071045
5415,0,0,0.9999979734420776
5416,1,1,0.9991015195846558
5417,2,2,0.9996399879455566
5418,3,3,0.9999966621398926
5419,4,4,0.9999982118606567
5420,5,5,0.999991774559021
5421,6,6,0.9999879598617554
5422,7,7,0.9999995231628418
5423,8,8,0.9994400143623352
5424,9,9,0.9993973970413208
5425,7,7,0.9999970197677612
5426,4,4,1.0
5427,2,2,0.9972742199897766
5428,0,0,0.9999972581863403
5429,9,9,0.999984622001648
5430,0,0,0.9999995231628418
5431,1,1,0.9999531507492065
5432,5,5,0.9999922513961792
5433,8,8,0.9999819993972778
5434,8,8,0.9999845027923584
5435,0,0,0.9999912977218628
5436,2,2,0.9999991655349731
5437,7,7,0.9999984502792358
5438,8,8,0.999998927116394
5439,4,4,0.9999984502792358
5440,4,4,0.9993640780448914
5441,6,6,0.9999988079071045
5442,1,1,0.9999750852584839
5443,0,0,0.9999182224273682
5444,4,4,0.9999947547912598
5445,5,5,0.9999986886978149
5446,3,3,0.9999750852584839
5447,9,9,0.9999785423278809
5448,4,4,0.9999697208404541
5449,2,2,0.9897239208221436
5450,0,0,0.7318198680877686
5451,5,5,0.9999990463256836
5452,0,0,0.9999834299087524
5453,1,1,0.9999463558197021
5454,3,3,0.9995443224906921
5455,2,2,0.9999924898147583
5456,9,9,0.9999957084655762
5457,1,1,0.9929296374320984
5458,6,6,0.9999998807907104
5459,0,0,0.9998276233673096
5460,1,1,0.9999470710754395
5461,1,1,0.9999903440475464
5462,8,8,0.9998223185539246
5463,0,0,0.9999973773956299
5464,4,4,0.9999974966049194
5465,7,7,0.9999992847442627
5466,7,7,0.9999982118606567
5467,6,6,0.9999997615814209
5468,3,3,0.9999566078186035
5469,6,6,0.9999886751174927
5470,0,0,0.9998494386672974
5471,7,7,0.9999966621398926
5472,3,3,0.9999990463256836
5473,5,5,0.9999920129776001
5474,4,4,0.9999992847442627
5475,2,2,0.9999985694885254
5476,4,4,0.9999984502792358
5477,1,1,0.9999539852142334
5478,8,8,0.9999948740005493
5479,3,3,0.9998326301574707
5480,5,5,0.999996542930603
5481,6,6,0.9999996423721313
5482,7,7,0.9999997615814209
5483,0,0,0.9999982118606567
5484,6,6,0.9999996423721313
5485,7,7,0.9999991655349731
5486,1,1,0.9999867677688599
5487,2,2,0.9999783039093018
5488,5,5,0.9999994039535522
5489,8,8,0.9999997615814209
5490,1,1,0.9999808073043823
5491,9,9,0.9999808073043823
5492,3,3,0.999988317489624
5493,8,8,0.9992040991783142
5494,2,2,1.0
5495,8,8,0.9999622106552124
5496,7,7,0.9999749660491943
5497,6,6,0.9999992847442627
5498,7,7,1.0
5499,1,1,0.9999088048934937
5500,4,4,1.0
5501,6,6,0.9999998807907104
5502,2,2,0.9994193315505981
5503,9,9,0.999992847442627
5504,3,3,0.9974742531776428
5505,0,0,0.9999874830245972
5506,1,1,0.9999895095825195
5507,2,2,0.9999706745147705
5508,3,3,0.9999966621398926
5509,4,4,0.9999916553497314
5510,5,5,0.9999946355819702
5511,6,6,0.9999951124191284
5512,7,7,0.9999535083770752
5513,0,0,0.9999997615814209
5514,1,1,0.9999741315841675
5515,2,2,0.9999974966049194
5516,3,3,0.9999206066131592
5517,4,4,0.9999920129776001
5518,5,5,0.9999864101409912
5519,0,0,0.999561607837677
5520,1,1,0.9999915361404419
5521,2,2,0.999995231628418
5522,8,8,0.9853727221488953
5523,9,9,0.9964768290519714
5524,1,1,0.9999868869781494
5525,4,4,0.9991798996925354
5526,0,0,0.9999836683273315
5527,9,9,0.9808292388916016
5528,5,5,0.9999631643295288
5529,0,0,0.9999974966049194
5530,8,8,0.999946117401123
5531,0,0,0.9999996423721313
5532,7,7,0.9997007846832275
5533,7,7,0.9996902942657471
5534,1,1,0.9999819993972778
5535,1,1,0.9999842643737793
5536,2,2,0.9979822635650635
5537,9,9,0.9990764856338501
5538,3,3,0.9999728202819824
5539,6,6,0.9999414682388306
5540,7,7,0.999995231628418
5541,2,2,0.9999909400939941
5542,3,3,0.9999582767486572
5543,8,8,0.9998873472213745
5544,1,1,0.9999834299087524
5545,2,2,0.9999967813491821
5546,9,9,0.999944806098938
5547,8,8,0.9632732272148132
5548,8,8,0.9998574256896973
5549,7,7,0.9999979734420776
5550,1,1,0.9999954700469971
5551,7,7,0.999995231628418
5552,1,1,0.9999268054962158
5553,1,1,0.9999994039535522
5554,0,0,0.9999978542327881
5555,3,3,0.9999909400939941
5556,4,4,0.9997761845588684
5557,2,2,0.9999939203262329
5558,6,6,0.9999804496765137
5559,4,4,0.998380184173584
5560,7,7,0.9996069073677063
5561,4,4,0.9994743466377258
5562,2,2,0.999963641166687
5563,7,7,0.9999929666519165
5564,4,4,0.9848610162734985
5565,9,9,0.9999673366546631
5566,1,1,0.99998939037323
5567,0,0,0.9999798536300659
5568,6,6,0.9999991655349731
5569,8,8,0.9918055534362793
5570,5,5,0.9999979734420776
5571,5,5,0.9999997615814209
5572,5,5,0.9999988079071045
5573,3,3,0.94124436378479
5574,5,5,0.9999997615814209
5575,9,9,0.9999279975891113
5576,7,7,0.9999967813491821
5577,4,4,0.999242901802063
5578,8,8,0.9968177080154419
5579,5,5,0.9999942779541016
5580,9,9,0.9996802806854248
5581,6,6,0.9999837875366211
5582,9,9,0.9993206262588501
5583,3,3,0.9957525730133057
5584,0,0,0.9999997615814209
5585,3,3,0.9999898672103882
5586,8,8,0.9334816932678223
5587,9,9,0.9999874830245972
5588,1,1,0.9997225403785706
5589,8,8,0.9999927282333374
5590,1,1,0.9999133348464966
5591,6,6,0.9999880790710449
5592,0,0,0.9999995231628418
5593,0,0,0.9999967813491821
5594,1,1,0.9982049465179443
5595,2,2,0.9997778534889221
5596,3,3,0.9997988343238831
5597,4,4,0.9986257553100586
5598,5,5,1.0
5599,6,6,0.9999842643737793
5600,7,7,0.5072795152664185
5601,8,8,0.9992881417274475
5602,9,9,0.9998637437820435
5603,0,0,0.9998549222946167
5604,1,1,0.9999750852584839
5605,2,2,0.9999945163726807
5606,3,3,0.9999923706054688
5607,4,4,0.999508261680603
5608,5,5,0.9990195035934448
5609,6,6,1.0
5610,7,7,0.9999685287475586
5611,8,8,0.9933910369873047
5612,9,9,0.9998615980148315
5613,0,0,0.9999880790710449
5614,1,1,0.9999052286148071
5615,2,2,0.9999954700469971
5616,3,3,0.999332845211029
5617,4,4,0.8999249339103699
5618,5,5,0.9999934434890747
5619,6,6,0.9999059438705444
5620,7,7,0.9961257576942444
5621,8,8,0.9999967813491821
5622,9,9,0.9994482398033142
5623,3,3,0.9408639073371887
5624,5,5,0.9999998807907104
5625,3,3,0.999980092048645
5626,2,2,0.9985210299491882
5627,9,9,0.9997922778129578
5628,3,3,0.9998911619186401
5629,2,2,0.9999980926513672
5630,1,1,0.9997137188911438
5631,4,4,0.9996473789215088
5632,5,5,0.9999998807907104
5633,5,5,0.9999992847442627
5634,2,2,0.7139195203781128
5635,3,3,0.9999364614486694
5636,2,2,0.9996256828308105
5637,1,1,0.9999785423278809
5638,3,3,0.9980806112289429
5639,9,9,0.9995245933532715
5640,7,7,0.9999951124191284
5641,2,2,0.9997887015342712
5642,1,1,0.9966260194778442
5643,2,2,0.9999872446060181
5644,8,8,0.9999289512634277
5645,9,9,0.9995133876800537
5646,1,1,0.9999339580535889
5647,8,8,0.9995167255401611
5648,8,8,0.9986847043037415
5649,7,7,0.9924370646476746
5650,8,8,0.9999585151672363
5651,1,1,0.999991774559021
5652,0,0,0.9999996423721313
5653,0,0,0.9999086856842041
5654,7,7,0.829303503036499
5655,7,7,0.9671285152435303
5656,8,8,0.9999912977218628
5657,7,7,0.9999531507492065
5658,5,5,0.9999997615814209
5659,0,0,1.0
5660,6,6,0.9999855756759644
5661,1,1,0.9998283386230469
5662,5,5,0.9999865293502808
5663,7,7,0.9998811483383179
5664,4,4,0.999620795249939
5665,6,6,0.9999969005584717
5666,1,1,0.999966025352478
5667,2,2,0.9991292357444763
5668,5,5,0.9999971389770508
5669,0,0,1.0
5670,7,7,0.9999768733978271
5671,9,9,0.999998927116394
5672,9,9,0.9999966621398926
5673,0,0,1.0
5674,3,3,0.9989558458328247
5675,8,8,0.9973932504653931
5676,4,4,0.9584919810295105
5677,4,4,0.9956349730491638
5678,8,8,0.9873408675193787
5679,1,1,0.9999791383743286
5680,8,8,0.9995054006576538
5681,6,6,0.9999943971633911
5682,5,5,0.9999969005584717
5683,9,9,0.9998791217803955
5684,0,0,0.9999997615814209
5685,0,0,1.0
5686,0,0,0.9999979734420776
5687,3,3,0.9997808337211609
5688,7,7,0.9974017143249512
5689,1,1,0.9999979734420776
5690,6,6,0.9999731779098511
5691,4,4,0.9992828965187073
5692,2,2,0.9999998807907104
5693,6,6,0.9999972581863403
5694,6,6,0.9999929666519165
5695,0,0,0.9999997615814209
5696,4,4,0.9994519352912903
5697,5,5,0.9999963045120239
5698,4,4,0.9925640225410461
5699,1,1,0.9999676942825317
5700,3,3,0.9998328685760498
5701,8,8,0.9999538660049438
5702,6,6,0.9999853372573853
5703,3,3,0.9894729256629944
5704,9,9,0.99993896484375
5705,9,9,0.9998983144760132
5706,5,5,0.9999978542327881
5707,9,9,0.9999933242797852
5708,3,3,0.9996905326843262
5709,7,7,0.9688049554824829
5710,8,8,0.9997425675392151
5711,5,5,0.9999978542327881
5712,6,6,0.9999897480010986
5713,4,4,0.9998113512992859
5714,7,7,0.9954513907432556
5715,6,6,0.999954104423523
5716,2,2,0.9999997615814209
5717,2,2,0.9998735189437866
5718,0,0,0.9999969005584717
5719,9,9,0.9930341243743896
5720,4,4,0.9960954785346985
5721,0,0,0.9999994039535522
5722,1,1,0.9999908208847046
5723,2,2,0.9999982118606567
5724,3,3,0.999984622001648
5725,4,4,0.9999885559082031
5726,5,5,0.9997522234916687
5727,6,6,0.9998675584793091
5728,7,7,0.9997478127479553
5729,8,8,0.9999933242797852
5730,9,9,0.9999868869781494
5731,0,0,0.9998656511306763
5732,1,1,0.9999159574508667
5733,2,2,0.9999905824661255
5734,3,7,0.7265728712081909
5735,5,5,0.9966607093811035
5736,6,6,0.9636630415916443
5737,0,0,0.9999949932098389
5738,1,1,0.9999880790710449
5739,2,2,0.9999792575836182
5740,3,3,0.9995926022529602
5741,4,4,0.9999915361404419
5742,5,5,0.999982476234436
5743,6,6,0.9981202483177185
5744,8,8,0.9999443292617798
5745,7,7,0.9961716532707214
5746,1,1,0.9995146989822388
5747,3,3,0.9999947547912598
5748,2,2,0.99997878074646
5749,8,8,0.9201555252075195
5750,0,0,0.9999958276748657
5751,7,7,0.9999904632568359
5752,5,5,0.9713293313980103
5753,9,9,0.9999529123306274
5754,9,9,0.9994240999221802
5755,6,6,0.9999990463256836
5756,0,0,0.9978274703025818
5757,9,9,0.9998818635940552
5758,4,4,0.9999988079071045
5759,1,1,0.9992461204528809
5760,3,3,0.9996907711029053
5761,2,2,0.9999785423278809
5762,1,1,0.9999383687973022
5763,2,2,0.9999209642410278
5764,3,3,0.9998810291290283
5765,8,8,0.9999997615814209
5766,3,3,0.9999905824661255
5767,2,2,0.9999996423721313
5768,6,6,0.9999967813491821
5769,5,5,0.9994564652442932
5770,6,6,0.9998118281364441
5771,8,8,0.9986374974250793
5772,2,2,0.9999744892120361
5773,7,7,0.9999721050262451
5774,4,4,0.9998664855957031
5775,8,8,0.9999963045120239
5776,1,1,0.9999536275863647
5777,8,8,0.9999915361404419
5778,0,0,0.9999833106994629
5779,5,5,0.9999628067016602
5780,3,3,0.9998953342437744
5781,9,9,0.9999775886535645
5782,4,4,0.9999520778656006
5783,1,1,0.9999936819076538
5784,9,9,0.9994519352912903
5785,2,2,0.9999985694885254
5786,1,1,0.999984622001648
5787,9,9,0.9999905824661255
5788,6,6,0.9999997615814209
5789,7,7,0.9999960660934448
5790,9,9,0.9999891519546509
5791,0,0,0.9999936819076538
5792,4,4,0.9999997615814209
5793,6,6,0.9999885559082031
5794,1,1,0.9999078512191772
5795,7,7,0.9999994039535522
5796,3,3,0.9999914169311523
5797,8,8,0.9999985694885254
5798,7,7,0.9999899864196777
5799,2,2,0.999971866607666
5800,9,9,0.9999755620956421
5801,6,6,0.9973090887069702
5802,5,5,0.9576131701469421
5803,8,8,0.9960501790046692
5804,3,3,0.9999829530715942
5805,9,9,0.999936580657959
5806,0,0,0.9999924898147583
5807,5,5,0.999624490737915
5808,7,7,0.9999940395355225
5809,1,1,0.9999417066574097
5810,6,6,0.9999978542327881
5811,1,1,0.9999876022338867
5812,0,0,0.9999914169311523
5813,9,9,0.9999992847442627
5814,3,3,0.9998431205749512
5815,3,3,0.9997941851615906
5816,4,4,0.999998927116394
5817,4,4,0.9999988079071045
5818,0,0,0.9999961853027344
5819,6,6,0.9999581575393677
5820,2,2,0.9999650716781616
5821,5,5,0.9999109506607056
5822,4,4,0.9999994039535522
5823,2,2,0.9998273253440857
5824,3,3,0.9953699707984924
5825,4,4,0.9999955892562866
5826,6,6,0.9999624490737915
5827,0,0,0.999826967716217
5828,0,0,0.9591251015663147
5829,2,2,0.9999783039093018
5830,0,0,0.9998881816864014
5831,1,1,0.9998277425765991
5832,4,4,0.9998966455459595
5833,5,5,0.99992835521698
5834,6,6,0.9999985694885254
5835,7,7,0.8902159333229065
5836,8,8,0.9999966621398926
5837,9,9,0.9998931884765625
5838,0,0,0.999990701675415
5839,1,1,0.9999836683273315
5840,2,2,0.9999418258666992
5841,3,3,0.8125539422035217
5842,4,4,0.4809113144874573
5843,5,5,0.9996787309646606
5844,6,6,0.9999997615814209
5845,7,7,0.9977115392684937
5846,8,8,0.9999961853027344
5847,0,0,0.9999973773956299
5848,1,1,0.9999901056289673
5849,2,2,0.9999631643295288
5850,3,3,0.999983549118042
5851,4,4,0.9992709755897522
5852,5,5,0.9999986886978149
5853,6,6,0.9999940395355225
5854,7,7,0.9996122717857361
5855,8,8,0.9999973773956299
5856,9,9,0.9999810457229614
5857,8,8,0.9991955161094666
5858,7,7,0.9241480231285095
5859,1,1,0.9999969005584717
5860,3,3,0.9998113512992859
5861,7,7,0.9995673298835754
5862,5,5,0.9999673366546631
5863,2,2,0.999988317489624
5864,8,8,0.9999979734420776
5865,0,0,0.9999988079071045
5866,7,7,0.9994714856147766
5867,5,5,0.9999638795852661
5868,9,9,0.9999948740005493
5869,9,9,0.9999948740005493
5870,0,0,0.9999701976776123
5871,9,9,0.9999597072601318
5872,1,1,0.9999912977218628
5873,1,1,0.9999300241470337
5874,5,5,0.9998010993003845
5875,8,8,0.9999905824661255
5876,8,8,1.0
5877,6,6,0.9044013023376465
5878,3,3,0.8005807995796204
5879,2,2,0.9999816417694092
5880,1,1,0.999957799911499
5881,8,8,1.0
5882,3,3,0.9999322891235352
5883,2,2,0.9999896287918091
5884,6,6,0.9999996423721313
5885,5,5,0.9999313354492188
5886,6,6,0.9999918937683105
5887,7,7,0.6534387469291687
5888,4,4,0.6306615471839905
5889,1,1,0.9999880790710449
5890,0,0,0.999471127986908
5891,5,5,0.9990614056587219
5892,3,3,0.9993427395820618
5893,1,1,0.9999946355819702
5894,9,9,0.9999603033065796
5895,2,2,0.9998785257339478
5896,1,1,0.9999932050704956
5897,9,9,0.9998980760574341
5898,6,6,0.9999991655349731
5899,0,0,0.9999878406524658
5900,4,4,0.9999990463256836
5901,6,6,0.9999916553497314
5902,1,1,0.9999924898147583
5903,7,7,0.9989097118377686
5904,3,3,0.9999713897705078
5905,8,8,0.999972939491272
5906,7,7,0.9860601425170898
5907,2,2,0.999852180480957
5908,9,9,0.9999969005584717
5909,6,6,0.9999872446060181
5910,5,5,0.9999969005584717
5911,8,8,0.9999983310699463
5912,3,3,0.9906901121139526
5913,5,5,0.9995681643486023
5914,7,7,0.9994019269943237
5915,1,1,0.9999967813491821
5916,6,6,0.9995830655097961
5917,1,1,0.9999954700469971
5918,0,0,0.9999037981033325
5919,9,9,0.9999675750732422
5920,6,6,0.9999922513961792
5921,2,2,0.9972302317619324
5922,5,5,0.9986565113067627
5923,4,4,0.9993032217025757
5924,2,2,0.9988870024681091
5925,3,3,0.9999573230743408
5926,4,4,0.9613345265388489
5927,4,4,0.9999983310699463
5928,6,6,0.9999990463256836
5929,0,0,0.9999827146530151
5930,0,0,0.9999995231628418
5931,2,2,0.9999978542327881
5932,0,0,0.9999492168426514
5933,1,1,0.999854326248169
5934,2,2,0.9984732270240784
5935,3,3,0.9989473223686218
5936,4,4,0.7454953789710999
5937,5,3,0.5497987866401672
5938,6,6,0.9994786381721497
5939,7,7,0.9990045428276062
5940,8,8,0.9999985694885254
5941,9,9,0.9993675351142883
5942,0,0,0.9989180564880371
5943,1,1,0.9988183379173279
5944,2,2,0.997250497341156
5945,3,3,0.999110758304596
5946,4,4,0.9998912811279297
5947,5,5,0.9997745156288147
5948,6,6,0.9999475479125977
5949,7,7,0.9992684721946716
5950,8,8,0.9987362027168274
5951,9,9,0.9972617626190186
5952,0,0,0.999573290348053
5953,1,1,0.9989921450614929
5954,2,2,0.9998942613601685
5955,3,8,0.9335340261459351
5956,4,4,0.9961430430412292
5957,5,5,0.9995232820510864
5958,6,6,0.9999775886535645
5959,7,7,0.9997555613517761
5960,8,8,0.9998829364776611
5961,9,9,0.9461706280708313
5962,8,8,0.9999871253967285
5963,6,6,0.9992837309837341
5964,5,5,0.9999172687530518
5965,0,0,0.9961398243904114
5966,6,6,0.9998736381530762
5967,8,8,0.9997984766960144
5968,9,9,0.9998077750205994
5969,4,4,0.9986318945884705
5970,1,1,0.9993550181388855
5971,9,9,0.9997677206993103
5972,5,5,0.9974915981292725
5973,3,3,0.2862307131290436
5974,0,0,0.9997662901878357
5975,4,4,0.993511974811554
5976,8,8,0.9999904632568359
5977,9,9,0.9940496683120728
5978,1,1,0.9994915723800659
5979,4,4,0.9994588494300842
5980,0,0,0.9993428587913513
5981,5,5,0.9426623582839966
5982,5,5,0.9948073029518127
5983,2,2,0.9934636354446411
5984,1,1,0.9986051917076111
5985,5,5,0.9969128370285034
5986,4,4,0.9868735671043396
5987,0,0,0.9671579599380493
5988,7,7,0.9979731440544128
5989,6,6,0.9995504021644592
5990,0,0,0.9999923706054688
5991,1,1,0.9999613761901855
5992,7,7,0.998950183391571
5993,0,0,0.9999922513961792
5994,6,6,0.9999866485595703
5995,8,8,0.9999828338623047
5996,9,9,0.9997021555900574
5997,5,9,0.5283371806144714
5998,1,1,0.9921993613243103
5999,7,7,0.9996260404586792
6000,9,9,0.9973641037940979
6001,8,8,0.9997678399085999
6002,6,6,0.9998354911804199
6003,0,0,0.998927652835846
6004,8,8,0.9836196303367615
6005,1,1,0.995125949382782
6006,7,7,0.9979361295700073
6007,7,7,0.9996263980865479
6008,1,1,0.9989511966705322
6009,3,3,0.9847264885902405
6010,2,2,0.9989874958992004
6011,3,3,0.905616819858551
6012,1,1,0.9997691512107849
6013,4,4,0.9998843669891357
6014,2,2,0.9999440908432007
6015,0,0,0.9988775849342346
6016,0,0,0.9999866485595703
6017,7,7,0.9999650716781616
6018,8,8,0.9999356269836426
6019,4,4,0.9042325615882874
6020,6,6,0.9997707009315491
6021,4,4,0.9969375133514404
6022,9,9,0.999929666519165
6023,3,3,0.9490310549736023
6024,8,8,0.999940037727356
6025,4,4,0.9997530579566956
6026,7,7,0.9757073521614075
6027,2,2,0.9980756044387817
6028,5,5,0.9724990129470825
6029,6,6,0.9999139308929443
6030,3,3,0.9988583326339722
6031,6,6,0.9996874332427979
6032,9,9,0.999893307685852
6033,6,6,0.9998377561569214
6034,3,3,0.9993740916252136
6035,2,2,0.6966445446014404
6036,2,2,0.9999761581420898
6037,4,4,0.9479690194129944
6038,6,6,0.9999983310699463
6039,9,9,0.9998319149017334
6040,0,0,0.999742329120636
6041,2,2,0.9999815225601196
6042,5,5,0.9926030039787292
6043,5,5,0.9998985528945923
6044,1,1,0.999816358089447
6045,3,3,0.9555386900901794
6046,3,3,0.9996353387832642
6047,9,9,0.9995280504226685
6048,7,7,0.9995182752609253
6049,8,8,0.9999722242355347
6050,7,7,0.9999768733978271
6051,2,2,0.9992546439170837
6052,2,2,0.9998657703399658
6053,5,5,0.9983975291252136
6054,7,7,0.998970627784729
6055,9,9,0.9988276362419128
6056,8,8,0.9999960660934448
6057,2,2,0.9996888637542725
6058,1,1,0.9998339414596558
6059,3,5,0.4260856807231903
6060,1,1,0.9996814727783203
6061,3,3,0.9997554421424866
6062,0,0,0.9999988079071045
6063,1,1,0.9993183612823486
6064,2,2,0.9999957084655762
6065,3,3,0.9962354302406311
6066,4,4,0.9999713897705078
6067,5,5,0.9999995231628418
6068,6,6,1.0
6069,7,7,0.9999990463256836
6070,8,8,0.9998461008071899
6071,9,9,0.9136292934417725
6072,0,0,0.9979053735733032
6073,1,1,0.999383807182312
6074,2,2,0.999997615814209
6075,3,3,0.9997393488883972
6076,4,4,0.998590886592865
6077,5,5,0.9999998807907104
6078,6,6,0.9999982118606567
6079,7,7,0.9999988079071045
6080,8,8,0.9996486902236938
6081,9,9,0.9299724102020264
6082,0,0,0.9999715089797974
6083,1,1,0.9992853999137878
6084,2,2,0.999971866607666
6085,3,3,0.9996002316474915
6086,4,4,0.9995304346084595
6087,5,5,0.9999663829803467
6088,6,6,0.9999973773956299
6089,7,7,0.9999964237213135
6090,8,8,0.9999889135360718
6091,9,5,0.5405469536781311
6092,1,1,0.9999618530273438
6093,2,2,0.9908918738365173
6094,6,6,0.9999978542327881
6095,5,5,0.9999996423721313
6096,3,3,0.9999125003814697
6097,0,0,0.9999967813491821
6098,7,7,0.9999951124191284
6099,0,0,0.9999938011169434
6100,4,4,0.9999468326568604
6101,1,1,0.9848251938819885
6102,4,4,0.9999990463256836
6103,3,3,0.9995455145835876
6104,6,6,0.9999973773956299
6105,7,7,0.9999861717224121
6106,2,2,0.9999872446060181
6107,3,3,0.9999487400054932
6108,1,1,0.999976396560669
6109,2,2,0.9982581734657288
6110,1,1,0.9995021820068359
6111,2,2,0.9997735619544983
6112,9,9,0.9947816729545593
6113,6,6,0.9996633529663086
6114,0,0,0.9999998807907104
6115,1,1,0.9994138479232788
6116,3,3,0.9999233484268188
6117,0,0,0.9999997615814209
6118,2,2,0.9999020099639893
6119,7,7,0.9999996423721313
6120,5,5,0.9999966621398926
6121,7,7,0.9994121789932251
6122,6,6,0.9999978542327881
6123,2,2,0.9999986886978149
6124,9,9,0.9961339235305786
6125,1,1,0.9999969005584717
6126,9,9,0.9992504715919495
6127,0,0,1.0
6128,6,6,0.9999996423721313
6129,0,0,1.0
6130,6,6,0.9999991655349731
6131,0,0,1.0
6132,2,2,0.999995231628418
6133,0,0,0.9999998807907104
6134,6,6,0.9999078512191772
6135,1,1,0.9999631643295288
6136,5,5,0.9999998807907104
6137,8,8,0.999697208404541
6138,4,4,0.9999998807907104
6139,3,3,0.9997126460075378
6140,0,0,0.9999927282333374
6141,1,1,0.9999889135360718
6142,5,5,0.9999996423721313
6143,4,4,0.999988317489624
6144,4,4,0.9999655485153198
6145,8,8,0.9999974966049194
6146,5,5,0.9999998807907104
6147,7,7,0.9999990463256836
6148,5,5,1.0
6149,7,7,0.9999945163726807
6150,8,8,0.999998927116394
6151,3,3,0.999947190284729
6152,4,4,0.9999756813049316
6153,8,8,0.9999986886978149
6154,8,8,0.9999891519546509
6155,5,5,0.999998927116394
6156,2,2,0.9999943971633911
6157,9,9,0.8558439016342163
6158,7,7,0.9999935626983643
6159,1,1,0.999854564666748
6160,3,3,0.9998733997344971
6161,8,8,0.9985315799713135
6162,1,1,0.9999791383743286
6163,0,0,0.9999053478240967
6164,7,7,0.9999994039535522
6165,5,5,0.9999706745147705
6166,9,9,0.5298479199409485
6167,6,6,0.9999996423721313
6168,9,9,0.9743253588676453
6169,4,4,0.9999998807907104
6170,7,7,0.9999837875366211
6171,7,7,0.9999977350234985
6172,9,9,0.7333573698997498
6173,9,9,0.9622260928153992
6174,3,3,0.9773479700088501
6175,4,4,0.9999057054519653
6176,4,4,0.9999767541885376
6177,3,3,0.9999570846557617
6178,8,8,0.9999938011169434
6179,6,6,0.9987874627113342
6180,2,2,0.999962329864502
6181,0,0,0.9999943971633911
6182,1,1,0.9999756813049316
6183,2,2,0.9999973773956299
6184,3,3,0.9999773502349854
6185,4,4,0.9999570846557617
6186,5,5,0.9999986886978149
6187,6,6,0.9999990463256836
6188,7,7,0.9946388602256775
6189,8,8,0.9999881982803345
6190,9,9,0.9999985694885254
6191,0,0,0.9999996423721313
6192,1,1,0.999990701675415
6193,2,2,0.9999686479568481
6194,3,3,0.9999902248382568
6195,4,4,0.99998939037323
6196,5,5,0.9999821186065674
6197,6,6,0.9999985694885254
6198,7,7,0.9999827146530151
6199,8,8,0.9999995231628418
6200,9,9,0.9999642372131348
6201,0,0,0.9999998807907104
6202,1,1,0.9999862909317017
6203,2,2,0.9999877214431763
6204,3,3,0.9999632835388184
6205,4,4,0.9997617602348328
6206,5,5,0.9999994039535522
6207,6,6,0.9999985694885254
6208,7,7,0.9999446868896484
6209,8,8,0.9999990463256836
6210,9,9,0.9999961853027344
6211,0,0,0.9999997615814209
6212,8,8,0.9999899864196777
6213,3,3,0.99676513671875
6214,9,9,0.9999532699584961
6215,5,5,0.9999858140945435
6216,5,5,0.999997615814209
6217,2,2,0.9999988079071045
6218,6,6,0.999997615814209
6219,8,8,0.9999988079071045
6220,4,4,0.9999995231628418
6221,9,9,0.9999969005584717
6222,1,1,0.9999653100967407
6223,7,7,0.9998342990875244
6224,1,1,0.9999880790710449
6225,2,2,0.9999628067016602
6226,3,3,0.9999822378158569
6227,5,5,0.9999386072158813
6228,9,9,0.9999204874038696
6229,6,6,0.9999774694442749
6230,9,9,0.9999750852584839
6231,1,1,0.999963641166687
6232,1,1,0.9999920129776001
6233,1,1,0.9999767541885376
6234,2,2,0.9998581409454346
6235,9,9,0.9999039173126221
6236,5,5,0.9999986886978149
6237,6,6,0.9999666213989258
6238,8,8,0.999994158744812
6239,1,1,0.9998703002929688
6240,2,2,0.9999884366989136
6241,0,0,0.999994158744812
6242,7,7,0.9996030926704407
6243,7,7,0.9473688006401062
6244,5,5,0.9999990463256836
6245,8,8,0.9999958276748657
6246,2,2,0.9999934434890747
6247,9,9,0.9999902248382568
6248,8,8,0.9999994039535522
6249,9,9,0.9999935626983643
6250,0,0,0.9999929666519165
6251,4,4,0.9997983574867249
6252,6,6,0.9999802112579346
6253,7,7,0.9999932050704956
6254,1,1,0.9999790191650391
6255,3,3,0.9999738931655884
6256,4,4,0.9997827410697937
6257,5,5,0.9999997615814209
6258,6,6,0.9999983310699463
6259,0,0,0.9999988079071045
6260,3,3,0.9999061822891235
6261,6,6,0.9999947547912598
6262,8,8,0.9999996423721313
6263,7,7,0.9999438524246216
6264,0,0,0.9999953508377075
6265,4,4,0.9999232292175293
6266,2,2,0.9998730421066284
6267,7,7,0.9997531771659851
6268,4,4,0.9999980926513672
6269,7,7,0.9999650716781616
6270,5,5,0.9999992847442627
6271,4,4,0.999665379524231
6272,3,3,0.9999184608459473
6273,4,4,0.9999897480010986
6274,2,2,0.9999994039535522
6275,8,8,0.9999994039535522
6276,1,1,0.999984622001648
6277,5,5,0.9999896287918091
6278,1,1,0.9999109506607056
6279,2,2,0.9994322657585144
6280,0,0,1.0
6281,2,2,0.9999682903289795
6282,5,5,0.9999985694885254
6283,6,6,0.9999386072158813
6284,4,4,0.9999706745147705
6285,3,3,0.9999961853027344
6286,0,0,0.999998927116394
6287,0,0,0.999998927116394
6288,0,0,0.9999994039535522
6289,3,3,0.9998607635498047
6290,3,3,0.9999033212661743
6291,5,5,0.9999994039535522
6292,7,7,0.9999912977218628
6293,0,0,0.9999995231628418
6294,6,6,0.999987006187439
6295,4,4,0.9999948740005493
6296,8,8,0.9999995231628418
6297,8,8,0.9999997615814209
6298,6,6,0.9999886751174927
6299,3,3,0.9999963045120239
6300,4,4,0.9998114705085754
6301,6,6,0.9999984502792358
6302,9,9,0.9999959468841553
6303,9,9,0.9999920129776001
6304,8,8,0.9999738931655884
6305,2,2,0.9994480013847351
6306,7,7,0.9997250437736511
6307,7,7,0.9999994039535522
6308,1,1,0.9999502897262573
6309,0,0,1.0
6310,1,1,0.9998685121536255
6311,2,2,0.9999991655349731
6312,3,3,0.9999604225158691
6313,4,4,0.9999988079071045
6314,5,5,0.9999974966049194
6315,6,6,0.9999935626983643
6316,7,7,0.999975323677063
6317,8,8,0.9999707937240601
6318,9,9,0.9999971389770508
6319,0,0,0.9999998807907104
6320,1,1,0.9999914169311523
6321,2,2,0.9999997615814209
6322,3,3,0.9999992847442627
6323,4,4,0.9999048709869385
6324,5,5,0.9999983310699463
6325,6,6,0.9999997615814209
6326,7,7,0.9999992847442627
6327,8,8,0.9999850988388062
6328,0,0,0.9999995231628418
6329,1,1,0.9999934434890747
6330,2,2,0.9999996423721313
6331,3,3,0.9999792575836182
6332,4,4,0.9999986886978149
6333,5,5,0.9999994039535522
6334,6,6,0.9999978542327881
6335,7,7,0.9999997615814209
6336,8,8,0.9999686479568481
6337,2,2,0.9999749660491943
6338,1,1,0.999922513961792
6339,7,7,0.9999951124191284
6340,2,2,1.0
6341,5,5,0.9999994039535522
6342,0,0,0.9999983310699463
6343,8,8,0.9999126195907593
6344,0,0,0.9999945163726807
6345,2,2,0.999993085861206
6346,7,7,0.9999996423721313
6347,8,8,0.9494139552116394
6348,8,8,0.9999607801437378
6349,3,3,0.9999847412109375
6350,6,6,0.9999994039535522
6351,0,0,0.999940037727356
6352,2,2,0.9999904632568359
6353,7,7,0.999988317489624
6354,6,6,0.9999995231628418
6355,6,6,0.9999994039535522
6356,1,1,0.9995090961456299
6357,2,2,0.9999979734420776
6358,8,8,0.9999935626983643
6359,8,8,0.8625272512435913
6360,7,7,0.9999980926513672
6361,7,7,0.9999984502792358
6362,4,4,0.9999974966049194
6363,7,7,0.9999986886978149
6364,7,7,0.9999994039535522
6365,3,3,0.9999994039535522
6366,7,7,0.9999998807907104
6367,4,4,0.9999969005584717
6368,5,5,0.9999998807907104
6369,4,4,0.9999979734420776
6370,3,3,0.9999579191207886
6371,3,3,0.9999419450759888
6372,8,8,0.9993107318878174
6373,4,4,0.9999995231628418
6374,1,1,0.999994158744812
6375,1,1,0.9999814033508301
6376,9,9,0.9993953704833984
6377,7,7,0.9998970031738281
6378,4,4,0.9999831914901733
6379,3,3,0.9999971389770508
6380,7,7,0.9999388456344604
6381,3,3,0.9999985694885254
6382,3,3,0.9999995231628418
6383,0,0,0.999994158744812
6384,2,2,0.9999994039535522
6385,5,5,0.9999873638153076
6386,5,5,0.9999996423721313
6387,6,6,0.9999986886978149
6388,6,6,0.999963641166687
6389,3,3,0.9999490976333618
6390,5,5,0.999961256980896
6391,2,2,0.9898008704185486
6392,5,5,0.9969075322151184
6393,9,9,0.9979991316795349
6394,9,9,0.9999920129776001
6395,8,8,0.9998964071273804
6396,4,4,0.9999775886535645
6397,1,1,0.9999892711639404
6398,0,0,0.9999006986618042
6399,6,6,0.9999969005584717
6400,0,0,0.9930214285850525
6401,9,9,0.9997377991676331
6402,6,6,0.9998612403869629
6403,8,8,0.9996023774147034
6404,8,8,0.9999872446060181
6405,5,5,0.9999997615814209
6406,6,6,0.9999871253967285
6407,1,1,0.999987006187439
6408,1,1,0.9998937845230103
6409,9,9,0.9999440908432007
6410,8,8,0.9998303651809692
6411,9,9,0.9996857643127441
6412,2,2,0.9999936819076538
6413,3,3,0.999995231628418
6414,5,5,0.9999979734420776
6415,5,5,1.0
6416,9,9,0.9998701810836792
6417,4,4,0.9998089671134949
6418,2,2,0.988007664680481
6419,1,1,0.999968409538269
6420,9,9,0.999305248260498
6421,3,3,0.9996284246444702
6422,9,9,0.9997732043266296
6423,2,2,0.9999994039535522
6424,0,0,0.9999761581420898
6425,6,6,0.9999747276306152
6426,0,0,0.9998313188552856
6427,4,4,0.9999299049377441
6428,0,0,0.9987320303916931
6429,0,0,1.0
6430,1,1,0.9999387264251709
6431,2,2,0.9999902248382568
6432,3,3,0.9999450445175171
6433,4,4,0.9999953508377075
6434,7,7,0.9990246295928955
6435,8,8,0.9999990463256836
6436,9,9,0.9999973773956299
6437,0,0,0.9999994039535522
6438,1,1,0.9999439716339111
6439,2,2,0.9999542236328125
6440,3,3,0.9999960660934448
6441,7,7,0.9996966123580933
6442,8,8,0.9999995231628418
6443,9,9,0.9999657869338989
6444,0,0,0.9999994039535522
6445,1,1,0.9999231100082397
6446,2,2,0.9993040561676025
6447,3,3,0.9999293088912964
6448,4,4,0.99996018409729
6449,7,7,0.9997559189796448
6450,8,8,0.9999963045120239
6451,9,9,0.9999983310699463
6452,7,7,0.9998090863227844
6453,3,3,0.999725878238678
6454,0,0,0.9999995231628418
6455,3,3,0.9999743700027466
6456,1,1,0.9999678134918213
6457,8,8,0.9999995231628418
6458,7,7,0.9991670846939087
6459,6,6,0.9999963045120239
6460,4,4,0.9976089000701904
6461,0,0,0.9999996423721313
6462,2,2,0.9999735355377197
6463,6,6,0.9999974966049194
6464,8,8,0.9999990463256836
6465,3,3,0.9997864365577698
6466,2,2,0.9999841451644897
6467,8,8,0.9999980926513672
6468,1,1,0.9996278285980225
6469,2,2,0.9999890327453613
6470,0,0,0.9999485015869141
6471,7,7,0.9957290291786194
6472,1,1,0.9999568462371826
6473,0,0,0.9999885559082031
6474,4,4,0.9996362924575806
6475,4,4,0.999996542930603
6476,5,5,0.9999997615814209
6477,8,8,0.99991774559021
6478,0,0,0.9999992847442627
6479,6,6,0.9999727010726929
6480,2,2,0.9998956918716431
6481,3,3,0.9998854398727417
6482,1,1,0.999988317489624
6483,5,5,0.9999996423721313
6484,1,1,0.9999823570251465
6485,8,8,0.9999895095825195
6486,5,5,0.9999997615814209
6487,9,9,0.9999918937683105
6488,4,4,0.9999954700469971
6489,0,0,0.9999998807907104
6490,7,7,0.9981194138526917
6491,5,5,0.9999980926513672
6492,8,8,0.9999297857284546
6493,8,8,0.9999994039535522
6494,3,3,0.9999336004257202
6495,8,9,0.5802904367446899
6496,9,9,0.9999533891677856
6497,2,2,0.9999706745147705
6498,6,6,0.9999793767929077
6499,2,2,0.999722421169281
6500,5,5,0.9999998807907104
6501,3,3,0.9999911785125732
6502,1,1,0.9999523162841797
6503,7,7,0.9978840947151184
6504,3,3,0.9999816417694092
6505,9,0,0.7231806516647339
6506,1,1,0.9998531341552734
6507,9,9,0.9998332262039185
6508,9,9,0.9999942779541016
6509,6,6,0.9999977350234985
6510,0,0,0.9999991655349731
6511,3,3,0.9869270920753479
6512,9,9,0.9996825456619263
6513,2,2,0.9999232292175293
6514,8,8,0.9999923706054688
6515,1,1,0.999896764755249
6516,4,4,0.9999932050704956
6517,3,3,0.9992356300354004
6518,5,5,0.9999972581863403
6519,2,2,0.9999978542327881
6520,9,9,0.9999788999557495
6521,2,2,0.9999935626983643
6522,5,5,0.9999992847442627
6523,8,8,0.9968319535255432
6524,9,9,0.9999908208847046
6525,5,5,0.9999984502792358
6526,0,0,0.9998520612716675
6527,1,1,0.9999046325683594
6528,2,2,0.9999653100967407
6529,4,4,0.9994940757751465
6530,5,5,0.9998705387115479
6531,6,6,0.9999765157699585
6532,0,0,0.9923518300056458
6533,1,1,0.9999536275863647
6534,2,2,0.9995620846748352
6535,3,3,0.9999839067459106
6536,4,4,0.9999756813049316
6537,5,5,0.9999881982803345
6538,6,6,0.9970671534538269
6539,7,7,0.9999986886978149
6540,1,1,0.9994495511054993
6541,2,2,0.9999915361404419
6542,3,3,0.9920309782028198
6543,4,4,0.999977707862854
6544,5,5,0.9998503923416138
6545,1,1,0.9998645782470703
6546,0,0,0.9973664879798889
6547,4,4,0.9999206066131592
6548,5,5,0.999994158744812
6549,6,6,0.9999799728393555
6550,6,6,0.9999921321868896
6551,3,3,0.9999769926071167
6552,4,4,0.99937903881073
6553,4,4,0.6923432946205139
6554,2,2,0.9631803035736084
6555,8,9,0.5776117444038391
6556,1,1,0.9994145631790161
6557,0,0,0.8357057571411133
6558,6,6,0.9543363451957703
6559,4,4,0.8968513011932373
6560,9,9,0.6597240567207336
6561,7,7,0.7666319608688354
6562,2,2,0.9994919300079346
6563,3,3,0.9991170763969421
6564,3,3,0.9905878305435181
6565,9,9,0.9989995360374451
6566,2,2,0.9999973773956299
6567,0,0,0.9996908903121948
6568,9,9,0.976987361907959
6569,3,3,0.7132692337036133
6570,3,3,0.9937777519226074
6571,9,7,0.8196918964385986
6572,1,7,0.6111593842506409
6573,5,5,0.9991088509559631
6574,2,2,0.9984007477760315
6575,3,3,0.9878299832344055
6576,7,1,0.9365494847297668
6577,7,7,0.9677519202232361
6578,8,5,0.5621689558029175
6579,4,4,0.9966440200805664
6580,0,0,0.9993008375167847
6581,2,2,0.9999550580978394
6582,4,4,0.9999927282333374
6583,0,0,0.999924898147583
6584,2,2,0.9982359409332275
6585,4,4,0.9999903440475464
6586,7,7,0.9999939203262329
6587,8,8,0.9999991655349731
6588,0,0,0.9999880790710449
6589,7,7,0.9925127029418945
6590,0,0,0.9998393058776855
6591,6,6,0.9999833106994629
6592,9,9,0.9937130808830261
6593,3,3,0.9996683597564697
6594,2,2,0.9989903569221497
6595,8,8,0.9999998807907104
6596,6,6,0.9991538524627686
6597,0,3,0.8880385160446167
6598,5,5,0.9002841114997864
6599,7,7,0.971396803855896
6600,5,5,0.9999819993972778
6601,1,1,0.9999657869338989
6602,0,0,0.9997798800468445
6603,8,8,0.9586607813835144
6604,1,1,0.9999911785125732
6605,6,6,0.9924544095993042
6606,7,7,0.9999948740005493
6607,2,2,0.9998596906661987
6608,9,9,0.7910332679748535
6609,7,7,0.9985780715942383
6610,9,9,0.9997689127922058
6611,5,5,0.9998238682746887
6612,8,8,0.9999985694885254
6613,6,6,0.9843666553497314
6614,2,2,0.9994877576828003
6615,6,6,0.999583899974823
6616,2,2,0.9999843835830688
6617,8,8,0.9733173847198486
6618,1,1,0.9969272017478943
6619,7,7,0.999858021736145
6620,5,5,0.999992847442627
6621,0,0,0.9988780617713928
6622,1,1,0.9995052814483643
6623,1,1,0.9919352531433105
6624,3,3,0.9995521903038025
6625,8,8,0.513087272644043
6626,4,4,0.9993519186973572
6627,9,9,0.9951230883598328
6628,1,1,0.9981439113616943
6629,8,8,0.9997376799583435
6630,6,6,0.9999973773956299
6631,8,8,0.9915613532066345
6632,9,9,0.9791601300239563
6633,0,0,0.9999992847442627
6634,1,1,0.999972939491272
6635,2,2,0.9996575117111206
6636,3,3,0.9843772649765015
6637,4,4,0.9992990493774414
6638,5,5,0.9999920129776001
6639,6,6,0.9999905824661255
6640,7,7,0.9999986886978149
6641,8,8,0.992660641670227
6642,9,9,0.9975714087486267
6643,0,0,0.9948198199272156
6644,1,1,0.9998557567596436
6645,2,2,0.9996140599250793
6646,3,3,0.9995692372322083
6647,4,4,0.9999816417694092
6648,7,7,0.9995883107185364
6649,8,8,0.9999886751174927
6650,9,9,0.9967597126960754
6651,0,6,0.322208434343338
6652,1,1,0.999915599822998
6653,7,7,0.9999878406524658
6654,8,8,0.9999574422836304
6655,9,9,0.9997797608375549
6656,9,9,0.999987006187439
6657,8,8,0.9997000694274902
6658,9,9,0.9995220899581909
6659,8,8,0.9999687671661377
6660,4,4,0.9999796152114868
6661,1,1,0.999527096748352
6662,7,7,0.9753955006599426
6663,7,7,0.9999839067459106
6664,3,3,0.999920129776001
6665,3,3,0.9999960660934448
6666,7,7,0.9999593496322632
6667,6,6,0.9996495246887207
6668,6,6,0.9997144341468811
6669,6,6,0.9987757802009583
6670,1,1,0.9999561309814453
6671,9,9,0.9999799728393555
6672,0,0,0.9992361068725586
6673,1,1,0.9999229907989502
6674,7,7,0.9999850988388062
6675,6,6,0.9999035596847534
6676,3,3,0.9999436140060425
6677,2,2,0.9670202732086182
6678,1,1,0.9999690055847168
6679,7,7,0.9999958276748657
6680,1,1,0.9999407529830933
6681,3,3,0.9998961687088013
6682,9,9,0.9999731779098511
6683,1,1,0.9999784231185913
6684,7,7,0.9998747110366821
6685,6,6,0.9999911785125732
6686,8,8,0.9997947812080383
6687,4,4,0.999980092048645
6688,1,1,0.9982931017875671
6689,4,4,0.9998940229415894
6690,3,3,0.9994418025016785
6691,6,6,0.9925991296768188
6692,9,9,0.9910861849784851
6693,6,6,0.9996699094772339
6694,1,1,0.9960530996322632
6695,4,4,0.9998738765716553
6696,4,4,0.9999990463256836
6697,7,7,0.99997878074646
6698,2,2,0.9999983310699463
6699,4,4,0.9998742341995239
6700,4,4,0.9993603825569153
6701,0,0,0.9999996423721313
6702,1,1,0.9999473094940186
6703,2,2,0.999957799911499
6704,3,3,0.9999369382858276
6705,4,4,0.9999873638153076
6706,5,5,0.9947612881660461
6707,6,6,0.9999749660491943
6708,7,7,0.9978011250495911
6709,8,8,0.9981192946434021
6710,9,9,0.9998186230659485
6711,0,0,0.9999995231628418
6712,1,1,0.9999599456787109
6713,2,2,0.9999051094055176
6714,3,3,0.9999887943267822
6715,4,4,0.9999336004257202
6716,5,5,0.9999854564666748
6717,6,6,0.9999704360961914
6718,9,9,0.9997954964637756
6719,0,0,0.9999960660934448
6720,1,1,0.9999321699142456
6721,2,2,0.8203640580177307
6722,3,3,0.9998335838317871
6723,4,4,0.9991217255592346
6724,7,7,0.9696481823921204
6725,8,8,0.9932754039764404
6726,1,1,0.9999392032623291
6727,3,3,0.9999985694885254
6728,5,5,0.9999313354492188
6729,1,1,0.999994158744812
6730,7,7,0.9800347089767456
6731,7,7,0.9996011853218079
6732,2,2,0.9966557025909424
6733,1,1,0.9998871088027954
6734,4,4,0.9999412298202515
6735,8,8,0.9996833801269531
6736,3,3,0.9999411106109619
6737,4,4,0.9999160766601562
6738,4,4,0.9998372793197632
6739,3,3,0.998641312122345
6740,9,9,0.793953001499176
6741,7,7,0.9737074971199036
6742,4,4,0.9999758005142212
6743,1,1,0.9987340569496155
6744,2,2,0.950768232345581
6745,3,3,0.9998038411140442
6746,5,5,0.9985003471374512
6747,9,9,0.9991827607154846
6748,1,1,0.9999607801437378
6749,6,6,0.9820438623428345
6750,0,0,0.9999616146087646
6751,1,1,0.9999016523361206
6752,0,0,0.9999997615814209
6753,0,0,0.9999756813049316
6754,2,2,0.9998874664306641
6755,8,8,0.7736249566078186
6756,7,7,0.9894720911979675
6757,1,1,0.9999510049819946
6758,1,1,0.9993652701377869
6759,4,4,0.9996733665466309
6760,0,0,0.999991774559021
6761,4,4,0.9882704019546509
6762,7,7,0.9983881711959839
6763,3,3,0.9997947812080383
6764,6,6,0.9997668862342834
6765,8,8,0.9930618405342102
6766,0,0,0.9999996423721313
6767,3,3,0.9999904632568359
6768,7,7,0.9945340156555176
6769,4,4,0.9835954904556274
6770,0,0,0.9999998807907104
6771,6,6,0.9999094009399414
6772,9,9,0.9998076558113098
6773,2,2,0.9997966885566711
6774,6,6,0.9999125003814697
6775,5,5,0.9986329674720764
6776,8,8,0.9982185959815979
6777,6,6,0.9999568462371826
6778,9,9,0.999976634979248
6779,0,0,0.9999992847442627
6780,4,4,0.9891722202301025
6781,0,0,0.9999979734420776
6782,6,6,0.9994901418685913
6783,1,6,0.5357125401496887
6784,9,9,0.9998414516448975
6785,2,2,0.9930354952812195
6786,0,0,0.9999988079071045
6787,9,9,0.9995514750480652
6788,5,5,0.9996635913848877
6789,1,1,0.9999803304672241
6790,3,3,0.9997275471687317
6791,7,7,0.9991258978843689
6792,6,6,0.9999713897705078
6793,9,9,0.9999200105667114
6794,3,3,0.9998668432235718
6795,0,0,0.9999990463256836
6796,2,2,0.9756002426147461
6797,2,2,0.9996300935745239
6798,0,0,0.9999600648880005
6799,1,1,0.9999911785125732
6800,2,2,0.9999377727508545
6801,3,3,0.9996551275253296
6802,4,4,0.999996542930603
6803,5,5,0.9999980926513672
6804,6,6,0.9999995231628418
6805,7,7,0.9999773502349854
6806,8,8,0.9980593323707581
6807,9,9,0.9884268641471863
6808,0,0,0.9999675750732422
6809,1,1,0.9998468160629272
6810,2,2,0.9999949932098389
6811,3,3,0.9998219609260559
6812,4,4,0.9999529123306274
6813,5,5,0.9999880790710449
6814,6,6,0.9999970197677612
6815,7,7,0.9999996423721313
6816,8,8,0.9999679327011108
6817,9,9,0.9644159078598022
6818,0,0,0.999606192111969
6819,1,1,0.9999934434890747
6820,2,2,0.9999655485153198
6821,3,3,0.9997500777244568
6822,4,4,0.9999939203262329
6823,5,5,0.999998927116394
6824,6,6,0.9999995231628418
6825,7,7,0.9999978542327881
6826,8,8,0.9999878406524658
6827,9,9,0.9883644580841064
6828,2,2,0.9999996423721313
6829,1,1,0.9999892711639404
6830,7,7,0.9999572038650513
6831,2,2,0.9999833106994629
6832,5,5,0.9999765157699585
6833,0,0,0.9999710321426392
6834,8,8,0.9999853372573853
6835,0,0,0.9972067475318909
6836,2,2,0.9999587535858154
6837,7,7,0.9999866485595703
6838,8,8,0.9999996423721313
6839,8,8,0.9998476505279541
6840,3,3,0.9999215602874756
6841,0,0,0.9954381585121155
6842,6,6,0.9999982118606567
6843,0,0,0.9999252557754517
6844,2,2,0.9999098777770996
6845,7,7,0.9999799728393555
6846,6,6,0.9999984502792358
6847,6,6,0.9017783999443054
6848,1,1,0.9999771118164062
6849,2,2,0.9999783039093018
6850,8,8,0.9999998807907104
6851,8,8,0.9989224672317505
6852,7,7,0.9999678134918213
6853,7,7,0.9998812675476074
6854,4,4,0.9999560117721558
6855,7,7,0.9999994039535522
6856,7,7,0.9999573230743408
6857,3,3,0.9999946355819702
6858,7,7,0.9999914169311523
6859,4,4,0.999988317489624
6860,5,5,0.9999998807907104
6861,4,4,0.9999998807907104
6862,3,3,0.9999699592590332
6863,3,3,0.9999204874038696
6864,8,8,0.9997952580451965
6865,4,4,0.9999872446060181
6866,5,5,0.999997615814209
6867,4,4,0.9994150400161743
6868,1,1,0.9999951124191284
6869,1,1,0.9999879598617554
6870,9,9,0.999790370464325
6871,7,7,0.9999914169311523
6872,4,4,0.9997181296348572
6873,3,3,0.9999879598617554
6874,7,7,0.9999994039535522
6875,3,3,0.9999992847442627
6876,3,3,0.999995231628418
6877,0,0,0.9998518228530884
6878,2,2,0.999581515789032
6879,5,5,0.9999985694885254
6880,5,5,0.9999932050704956
6881,6,6,0.9999998807907104
6882,3,3,0.999984622001648
6883,1,1,0.9730868339538574
6884,5,5,0.9999980926513672
6885,2,2,0.9999622106552124
6886,5,5,0.9999463558197021
6887,9,9,0.9998947381973267
6888,9,9,0.9999555349349976
6889,8,8,0.9999986886978149
6890,4,4,0.9999874830245972
6891,1,1,0.9999829530715942
6892,0,0,0.9999969005584717
6893,6,6,0.9996640682220459
6894,0,0,0.8586426377296448
6895,9,9,0.9147780537605286
6896,6,6,0.9999849796295166
6897,8,8,0.9999895095825195
6898,8,8,0.9998841285705566
6899,5,5,0.9999018907546997
6900,6,6,0.999981164932251
6901,1,1,0.9999979734420776
6902,1,1,0.999885082244873
6903,9,9,0.9999229907989502
6904,8,8,0.9999970197677612
6905,9,9,0.9991905093193054
6906,2,2,0.999703586101532
6907,3,3,0.9998983144760132
6908,5,5,0.9999996423721313
6909,5,5,0.9999700784683228
6910,9,9,0.9974420070648193
6911,4,4,0.9999978542327881
6912,2,2,0.9998036026954651
6913,1,1,0.9999947547912598
6914,9,9,0.9987247586250305
6915,4,4,0.9999918937683105
6916,9,9,0.9999204874038696
6917,1,1,0.9999959468841553
6918,3,3,0.9999712705612183
6919,9,9,0.9786859750747681
6920,2,2,0.9999840259552002
6921,0,0,0.9999861717224121
6922,6,6,0.9999555349349976
6923,0,0,0.9998670816421509
6924,4,4,0.999927282333374
6925,0,0,0.9998069405555725
6926,6,6,0.994246780872345
6927,0,0,0.9999983310699463
6928,1,1,0.9999946355819702
6929,2,2,0.9999005794525146
6930,3,3,0.9998131394386292
6931,4,4,0.9999533891677856
6932,5,5,0.9999998807907104
6933,6,6,0.9999970197677612
6934,7,7,0.9999806880950928
6935,8,8,0.9999990463256836
6936,9,9,0.9999837875366211
6937,0,0,0.9999921321868896
6938,1,1,0.9999873638153076
6939,2,2,0.9999802112579346
6940,3,3,0.9999539852142334
6941,4,4,0.9997466206550598
6942,5,5,0.9999997615814209
6943,6,6,0.9999556541442871
6944,7,7,0.9997187256813049
6945,8,8,0.9315292239189148
6946,9,9,0.9999759197235107
6947,0,0,0.9999973773956299
6948,1,1,0.9999963045120239
6949,2,2,0.9999939203262329
6950,3,3,0.9999231100082397
6951,4,4,0.9999439716339111
6952,5,5,0.9999862909317017
6953,6,6,0.9998024106025696
6954,7,7,0.9231658577919006
6955,8,8,0.9999978542327881
6956,9,9,0.9999841451644897
6957,3,3,0.9999850988388062
6958,8,8,0.999984622001648
6959,0,0,0.9999985694885254
6960,7,7,0.9999991655349731
6961,1,1,0.9999891519546509
6962,0,0,0.9998288154602051
6963,7,7,0.9999974966049194
6964,5,5,0.9996564388275146
6965,5,5,0.9999786615371704
6966,6,6,0.9999960660934448
6967,9,9,0.9973057508468628
6968,0,0,0.9999954700469971
6969,1,1,0.9999760389328003
6970,0,0,0.9999916553497314
6971,0,0,0.9999376535415649
6972,8,8,0.9999997615814209
6973,3,3,0.9999932050704956
6974,4,4,0.9999388456344604
6975,3,3,0.9999711513519287
6976,1,1,0.9999668598175049
6977,5,5,0.9999994039535522
6978,0,0,0.9999932050704956
6979,0,0,0.999996542930603
6980,9,9,0.9961047172546387
6981,5,5,0.9985960125923157
6982,3,3,0.9999933242797852
6983,4,4,0.9997695088386536
6984,9,9,0.999508261680603
6985,3,3,0.9999977350234985
6986,7,7,0.9993392825126648
6987,6,6,0.9999982118606567
6988,9,9,0.9997838139533997
6989,2,2,0.9999991655349731
6990,4,4,0.9911264777183533
6991,5,5,0.9999997615814209
6992,7,7,0.9999954700469971
6993,2,2,0.9999977350234985
6994,6,6,0.9998660087585449
6995,4,4,0.9999933242797852
6996,9,9,0.9957481026649475
6997,4,4,0.9973655343055725
6998,9,9,0.9999291896820068
6999,4,4,0.9995720982551575
7000,1,1,0.9999241828918457
7001,2,2,0.99896240234375
7002,2,2,0.9999617338180542
7003,5,5,0.9999160766601562
7004,8,8,0.9999997615814209
7005,1,1,0.9999843835830688
7006,3,3,0.9999969005584717
7007,2,2,0.999998927116394
7008,9,9,0.9999021291732788
7009,4,4,0.999962568283081
7010,3,3,0.9999526739120483
7011,8,8,1.0
7012,2,2,0.9999998807907104
7013,2,2,0.9999979734420776
7014,1,1,0.9999828338623047
7015,2,2,0.9999977350234985
7016,8,8,0.9999624490737915
7017,6,6,0.999984622001648
7018,5,5,0.9999945163726807
7019,1,1,0.9999635219573975
7020,6,6,0.9998557567596436
7021,7,7,0.9998196959495544
7022,2,2,0.9999997615814209
7023,1,1,0.9999765157699585
7024,3,3,0.9999423027038574
7025,9,9,0.9997794032096863
7026,3,3,0.9999847412109375
7027,8,8,0.999993085861206
7028,7,7,0.9999583959579468
7029,5,5,0.9999973773956299
7030,7,7,0.9887569546699524
7031,0,0,0.9993368983268738
7032,7,7,0.9998905658721924
7033,4,4,0.9972477555274963
7034,8,8,0.9999998807907104
7035,8,8,0.9968448877334595
7036,5,5,1.0
7037,0,0,0.9999992847442627
7038,6,6,0.9999998807907104
7039,6,6,0.999998927116394
7040,3,3,0.9999544620513916
7041,7,7,0.9999716281890869
7042,6,6,0.9999983310699463
7043,9,9,0.9988429546356201
7044,9,9,0.9993833303451538
7045,4,4,0.9997729659080505
7046,8,8,0.9999760389328003
7047,4,4,0.9991281628608704
7048,1,1,0.9999537467956543
7049,0,0,0.9906332492828369
7050,6,6,0.9996837377548218
7051,6,6,0.9999275207519531
7052,0,0,1.0
7053,1,1,0.999992847442627
7054,2,2,0.9974895715713501
7055,3,3,0.9999942779541016
7056,4,4,0.9998927116394043
7057,5,5,0.9999943971633911
7058,6,6,0.9999278783798218
7059,7,7,0.9999871253967285
7060,8,8,0.9999909400939941
7061,9,9,0.9987094402313232
7062,0,0,0.9999996423721313
7063,1,1,0.9999874830245972
7064,2,2,0.9995633959770203
7065,3,3,0.9999904632568359
7066,4,4,0.9999995231628418
7067,5,5,0.9999957084655762
7068,6,6,0.9998706579208374
7069,7,7,0.9999645948410034
7070,8,8,0.9995012283325195
7071,9,9,0.999035120010376
7072,0,0,0.9999990463256836
7073,1,1,0.9999805688858032
7074,2,2,0.9999350309371948
7075,3,3,0.9998898506164551
7076,4,4,0.9999973773956299
7077,5,5,0.9999996423721313
7078,6,6,0.9999984502792358
7079,7,7,0.9999130964279175
7080,8,8,0.9999604225158691
7081,9,9,0.9934564232826233
7082,7,7,0.9999991655349731
7083,4,4,0.9999417066574097
7084,0,0,0.9999709129333496
7085,4,4,0.9999728202819824
7086,0,0,0.9999985694885254
7087,1,1,0.9999501705169678
7088,7,7,0.9999977350234985
7089,9,9,0.9969817996025085
7090,5,5,0.9999903440475464
7091,1,1,0.9999772310256958
7092,4,4,0.9999986886978149
7093,2,2,0.9971839785575867
7094,8,9,0.5484222173690796
7095,9,9,0.9954695701599121
7096,4,4,0.9999995231628418
7097,3,3,0.9998138546943665
7098,7,7,0.9999240636825562
7099,8,8,0.9931769371032715
7100,2,2,0.9979652166366577
7101,4,4,0.9999260902404785
7102,4,4,0.9980685114860535
7103,3,3,0.9999860525131226
7104,3,3,0.9999969005584717
7105,6,6,0.9999978542327881
7106,9,9,0.9919528365135193
7107,9,9,0.9991570711135864
7108,5,5,0.9999798536300659
7109,8,8,0.9999978542327881
7110,6,6,0.9999984502792358
7111,7,7,0.9999879598617554
7112,0,0,0.9999943971633911
7113,6,6,0.9999344348907471
7114,8,8,1.0
7115,2,2,0.9986754059791565
7116,6,6,0.9999980926513672
7117,3,3,0.9999871253967285
7118,9,9,0.9954869151115417
7119,3,3,0.9997720122337341
7120,2,2,0.9998962879180908
7121,8,8,0.7145270109176636
7122,6,6,0.9999438524246216
7123,1,1,0.9999892711639404
7124,7,7,0.9999970197677612
7125,4,4,0.9999819993972778
7126,8,8,0.9999240636825562
7127,8,8,0.9999732971191406
7128,9,9,0.9997268319129944
7129,0,0,0.9999980926513672
7130,3,3,0.9999462366104126
7131,3,3,0.9999929666519165
7132,9,9,0.9998495578765869
7133,0,0,0.999992847442627
7134,5,5,0.9999911785125732
7135,2,2,0.998077392578125
7136,9,9,0.9982458353042603
7137,4,4,0.9999071359634399
7138,1,1,0.9996213912963867
7139,0,0,0.9999978542327881
7140,3,3,0.9999958276748657
7141,7,7,0.9999971389770508
7142,5,5,0.9999923706054688
7143,8,8,0.9999691247940063
7144,7,7,0.9999920129776001
7145,7,7,0.9999902248382568
7146,8,8,0.9999561309814453
7147,2,2,0.9999972581863403
7148,9,9,0.9978600144386292
7149,7,7,0.9999823570251465
7150,1,1,0.9999431371688843
7151,2,2,0.9997063279151917
7152,6,6,0.9999898672103882
7153,4,4,0.9983635544776917
7154,2,2,0.9975866079330444
7155,5,5,0.9999998807907104
7156,2,2,0.9991276860237122
7157,3,3,0.9999872446060181
7158,6,6,0.9999088048934937
7159,6,6,0.9999879598617554
7160,5,5,0.9999891519546509
7161,0,0,0.9999951124191284
7162,0,0,0.9999277591705322
7163,2,2,0.9999687671661377
7164,8,8,0.9999980926513672
7165,1,1,0.9999759197235107
7166,6,6,0.9999895095825195
7167,1,1,0.9999417066574097
7168,0,0,0.9999978542327881
7169,4,4,0.9999061822891235
7170,3,3,0.9995843768119812
7171,1,1,0.9999834299087524
7172,6,6,0.9999927282333374
7173,1,1,0.9999706745147705
7174,9,9,0.9981516003608704
7175,0,0,0.9999998807907104
7176,1,1,0.999991774559021
7177,4,4,0.9993637204170227
7178,5,5,0.9997474551200867
7179,6,6,0.9936326146125793
7180,7,7,0.9999961853027344
7181,8,8,0.9999192953109741
7182,9,9,0.9998051524162292
7183,1,1,0.9999498128890991
7184,2,2,0.9999872446060181
7185,3,3,0.9999624490737915
7186,4,4,0.9997926354408264
7187,5,5,0.9999949932098389
7188,6,6,0.9999926090240479
7189,7,7,0.9996987581253052
7190,0,0,0.9999518394470215
7191,1,1,0.9999125003814697
7192,2,2,0.999984860420227
7193,3,3,0.9998007416725159
7194,4,4,0.9999973773956299
7195,5,5,0.9996258020401001
7196,6,6,0.9997655749320984
7197,7,7,0.99979168176651
7198,8,8,0.9921269416809082
7199,9,9,0.9999914169311523
7200,8,8,0.9997652173042297
7201,4,4,0.9999973773956299
7202,0,0,0.9999856948852539
7203,0,0,0.9999998807907104
7204,7,7,0.9990087747573853
7205,2,2,0.9996243715286255
7206,4,4,0.9999657869338989
7207,3,3,0.9999426603317261
7208,8,8,0.9742484092712402
7209,6,6,0.9985218644142151
7210,6,6,0.9899364709854126
7211,3,3,0.995101809501648
7212,2,2,0.934571385383606
7213,6,6,0.9997909665107727
7214,3,3,0.9999512434005737
7215,3,3,0.9995951056480408
7216,0,0,0.6915733814239502
7217,1,1,0.9998236298561096
7218,4,4,0.9999871253967285
7219,7,7,0.9999804496765137
7220,8,8,0.9999631643295288
7221,0,0,0.9999990463256836
7222,3,3,0.9999773502349854
7223,1,1,0.9998308420181274
7224,9,9,0.9999769926071167
7225,0,0,0.9999969005584717
7226,1,1,0.9996610879898071
7227,9,9,0.9999858140945435
7228,1,1,0.999592125415802
7229,2,2,0.9976478219032288
7230,7,7,0.9990260601043701
7231,0,0,0.9999973773956299
7232,1,1,0.9996604919433594
7233,3,3,0.9980229139328003
7234,8,8,0.9999150037765503
7235,2,2,0.9928814172744751
7236,9,9,0.999968409538269
7237,2,2,0.9997232556343079
7238,7,7,0.9920169115066528
7239,6,6,0.9999425411224365
7240,5,5,0.9928171634674072
7241,5,5,0.9992343187332153
7242,9,9,0.9999878406524658
7243,9,9,0.999984622001648
7244,8,8,0.999994158744812
7245,2,2,0.9998514652252197
7246,9,9,0.9999967813491821
7247,1,1,0.9995995163917542
7248,3,3,0.8799608945846558
7249,2,2,0.9760828018188477
7250,3,3,0.99996018409729
7251,4,4,0.9999995231628418
7252,3,3,0.9983686804771423
7253,1,1,0.9993680119514465
7254,9,9,0.9999995231628418
7255,0,0,0.9999942779541016
7256,9,9,0.9999309778213501
7257,3,3,0.9999667406082153
7258,6,6,0.992479681968689
7259,8,8,0.9585456848144531
7260,7,7,0.9998117089271545
7261,0,0,0.9999896287918091
7262,1,1,0.9997852444648743
7263,0,0,0.9999852180480957
7264,5,5,0.9999758005142212
7265,8,8,0.9995747208595276
7266,2,2,0.9995920062065125
7267,7,7,0.9804798364639282
7268,7,7,0.9707279801368713
7269,0,0,0.9999969005584717
7270,1,1,0.9999933242797852
7271,2,2,0.9976479411125183
7272,3,3,0.999137282371521
7273,4,4,0.9999984502792358
7274,5,5,0.9999945163726807
7275,6,6,0.999995231628418
7276,7,7,0.9999072551727295
7277,8,8,0.9785998463630676
7278,9,9,0.9994292855262756
7279,0,0,0.999995231628418
7280,1,1,0.9999914169311523
7281,2,2,0.9999880790710449
7282,3,3,0.9999111890792847
7283,4,4,0.9999591112136841
7284,5,5,0.9999986886978149
7285,6,6,0.9999879598617554
7286,7,7,0.9998992681503296
7287,8,8,0.9860848188400269
7288,9,9,0.9997202754020691
7289,0,0,0.9999995231628418
7290,1,1,0.999991774559021
7291,2,2,0.9995686411857605
7292,3,3,0.9999377727508545
7293,4,4,0.9996601343154907
7294,5,5,0.999996542930603
7295,6,6,0.9999897480010986
7296,7,7,0.9999284744262695
7297,8,8,0.9998077750205994
7298,9,9,0.9998119473457336
7299,1,1,0.9999772310256958
7300,7,7,0.9999476671218872
7301,4,4,0.9999464750289917
7302,8,8,0.9999433755874634
7303,1,1,0.9999904632568359
7304,5,5,0.9996172189712524
7305,6,6,0.9999960660934448
7306,5,5,0.9999992847442627
7307,7,7,0.9997640252113342
7308,2,2,0.9999574422836304
7309,8,8,0.9728691577911377
7310,6,6,0.9999971389770508
7311,3,3,0.9999916553497314
7312,3,3,0.9999935626983643
7313,8,8,1.0
7314,6,6,0.9999939203262329
7315,5,5,0.9999549388885498
7316,4,4,0.9999971389770508
7317,0,0,0.9999958276748657
7318,9,9,0.9999806880950928
7319,1,1,0.9998350143432617
7320,7,7,0.9996803998947144
7321,2,2,0.9999463558197021
7322,9,9,0.999765932559967
7323,1,1,0.9999927282333374
7324,5,5,0.9999868869781494
7325,1,1,0.9999933242797852
7326,3,3,0.9999969005584717
7327,2,2,0.9999872446060181
7328,2,2,0.9999843835830688
7329,3,3,0.9998037219047546
7330,0,0,0.9999985694885254
7331,6,6,0.9999942779541016
7332,4,4,0.999890923500061
7333,3,3,0.9789282083511353
7334,7,7,0.9997708201408386
7335,6,6,0.9998524188995361
7336,9,9,0.9999842643737793
7337,0,0,0.9999289512634277
7338,4,4,0.9757256507873535
7339,8,8,0.9999961853027344
7340,1,1,0.9999964237213135
7341,4,4,0.9999765157699585
7342,0,0,0.9999992847442627
7343,6,6,0.9999803304672241
7344,1,1,0.9999868869781494
7345,2,2,0.999434769153595
7346,6,6,0.9999991655349731
7347,9,9,0.9999885559082031
7348,2,2,0.999527096748352
7349,2,2,0.999254047870636
7350,3,3,0.9996569156646729
7351,5,5,0.9999837875366211
7352,5,5,0.9999635219573975
7353,1,1,0.9999966621398926
7354,0,0,0.9903501272201538
7355,7,7,0.9999961853027344
7356,7,7,0.9991475343704224
7357,9,9,0.999956488609314
7358,6,6,0.9999970197677612
7359,2,2,0.9998965263366699
7360,9,9,0.9999891519546509
7361,4,4,0.9998461008071899
7362,7,7,0.9999984502792358
7363,0,0,0.9999910593032837
7364,2,2,0.9998679161071777
7365,3,3,0.999876856803894
7366,4,4,0.9999876022338867
7367,0,0,0.9999984502792358
7368,0,0,0.9999997615814209
7369,8,8,0.9999980926513672
7370,8,8,0.999908447265625
7371,8,8,0.999992847442627
7372,5,5,0.9999693632125854
7373,1,1,0.9996261596679688
7374,3,3,0.9999707937240601
7375,7,7,0.999927282333374
7376,4,4,0.9999256134033203
7377,9,9,0.9992604851722717
7378,8,8,0.9998407363891602
7379,8,8,0.9999457597732544
7380,9,9,0.9996756315231323
7381,0,0,0.9999786615371704
7382,9,9,0.9995063543319702
7383,8,8,0.9999966621398926
7384,9,9,0.9983481168746948
7385,0,0,0.9999996423721313
7386,2,2,0.9996253252029419
7387,6,6,0.9999700784683228
7388,5,5,0.9999978542327881
7389,6,6,0.9999529123306274
7390,7,7,0.9991818070411682
7391,4,4,0.9973287582397461
7392,7,7,0.990592896938324
7393,5,5,0.999983549118042
7394,4,4,0.9925355911254883
7395,1,1,0.9998973608016968
7396,3,3,0.9997525811195374
7397,5,5,0.9999992847442627
7398,3,3,0.9998934268951416
7399,1,1,0.9999496936798096
7400,2,2,0.9995723366737366
7401,3,3,0.9786256551742554
7402,4,4,0.9997649788856506
7403,5,5,0.9999161958694458
7404,6,6,0.9996446371078491
7405,1,1,0.9991033673286438
7406,2,2,0.9998249411582947
7407,3,3,0.9993751645088196
7408,4,4,0.9996095299720764
7409,6,6,0.999998927116394
7410,0,0,0.9999675750732422
7411,1,1,0.9999432563781738
7412,2,2,0.9999963045120239
7413,4,4,0.9966890215873718
7414,5,5,0.9999973773956299
7415,6,6,0.9999107122421265
7416,7,7,0.999858021736145
7417,8,8,0.999972939491272
7418,1,1,0.9998787641525269
7419,7,7,0.9923118948936462
7420,2,2,0.9955111742019653
7421,4,4,0.9999096393585205
7422,1,1,0.9999687671661377
7423,4,4,0.9930160045623779
7424,1,1,0.999974250793457
7425,4,4,0.9997555613517761
7426,9,9,0.9989853501319885
7427,6,6,0.99936443567276
7428,8,8,0.9999889135360718
7429,4,4,0.999982476234436
7430,5,5,0.9992493987083435
7431,3,3,0.99973064661026
7432,7,7,0.8273180723190308
7433,8,8,0.9847524762153625
7434,4,4,0.7286842465400696
7435,3,3,0.9999898672103882
7436,3,3,0.9998832941055298
7437,5,5,0.9999203681945801
7438,6,6,0.9999245405197144
7439,7,7,0.9990957975387573
7440,0,0,0.9999672174453735
7441,6,6,0.9954219460487366
7442,1,1,0.9999593496322632
7443,6,6,0.9999642372131348
7444,8,8,0.9998546838760376
7445,7,7,0.9875091910362244
7446,0,0,0.9941092729568481
7447,1,1,0.9992520213127136
7448,5,5,0.9999955892562866
7449,0,0,0.999981164932251
7450,8,8,0.9988155364990234
7451,5,5,0.979490339756012
7452,0,0,0.9989702701568604
7453,1,1,0.9999327659606934
7454,5,5,0.9986698627471924
7455,8,8,0.9997255206108093
7456,4,4,0.9999547004699707
7457,2,2,0.9985191226005554
7458,3,3,0.9999501705169678
7459,9,9,0.9976154565811157
7460,7,7,0.999923825263977
7461,6,6,0.9995675683021545
7462,9,9,0.9996570348739624
7463,1,1,0.9998842477798462
7464,9,9,0.9999657869338989
7465,0,0,0.9998409748077393
7466,6,6,0.9999325275421143
7467,7,7,0.9999970197677612
7468,1,1,0.9999057054519653
7469,2,2,0.9996517896652222
7470,3,3,0.9999351501464844
7471,9,9,0.9992923736572266
7472,2,2,0.9938189387321472
7473,4,4,0.9717938303947449
7474,5,5,0.999996542930603
7475,5,5,0.999998927116394
7476,3,3,0.8874438405036926
7477,7,7,0.9992246627807617
7478,5,5,0.9999500513076782
7479,3,3,0.9992116689682007
7480,1,1,0.999991774559021
7481,8,8,0.9992856383323669
7482,2,2,0.9988911747932434
7483,2,2,0.9968294501304626
7484,3,3,0.9996834993362427
7485,0,0,0.9999796152114868
7486,2,2,0.9990621209144592
7487,9,9,0.9998317956924438
7488,4,4,0.9998290538787842
7489,9,9,0.9999948740005493
7490,7,7,0.9979204535484314
7491,0,0,0.9853748083114624
7492,2,2,0.9941654205322266
7493,7,7,0.9997099041938782
7494,4,4,0.9989099502563477
7495,9,9,0.9992824196815491
7496,9,9,0.9997928738594055
7497,2,2,0.9999415874481201
7498,5,5,0.9976893663406372
7499,9,9,0.9999557733535767
7500,8,8,0.999967098236084
7501,3,3,0.9999532699584961
7502,8,8,0.9995228052139282
7503,6,6,0.9965012073516846
7504,7,7,0.9989049434661865
7505,0,0,0.9985595345497131
7506,0,0,0.9999995231628418
7507,1,1,0.9995649456977844
7508,2,2,0.9999877214431763
7509,3,3,0.9999942779541016
7510,4,4,0.9999959468841553
7511,5,5,0.9955073595046997
7512,6,6,0.9999785423278809
7513,7,7,0.9999624490737915
7514,8,8,0.9983847141265869
7515,9,9,0.9999767541885376
7516,0,0,0.9999985694885254
7517,1,1,0.9998924732208252
7518,2,2,0.9999401569366455
7519,3,3,0.9997300505638123
7520,4,4,0.9999687671661377
7521,5,5,0.9999805688858032
7522,6,6,0.9999728202819824
7523,7,7,0.9995272159576416
7524,8,8,0.9962602853775024
7525,9,9,0.999446451663971
7526,0,0,0.999998927116394
7527,1,1,0.9997889399528503
7528,2,2,0.9999700784683228
7529,3,3,0.9999186992645264
7530,4,4,0.9985744953155518
7531,5,5,0.9999245405197144
7532,6,6,0.9999786615371704
7533,7,7,0.9985931515693665
7534,8,8,0.9992635846138
7535,9,9,0.9997792840003967
7536,0,0,0.9999988079071045
7537,0,0,0.9999998807907104
7538,7,7,0.9988762736320496
7539,2,2,0.9890206456184387
7540,6,6,0.9999290704727173
7541,5,5,0.999824583530426
7542,5,5,0.9999134540557861
7543,3,3,0.9999939203262329
7544,7,7,0.9996021389961243
7545,8,8,0.98249751329422
7546,6,6,0.9999676942825317
7547,6,6,0.9999912977218628
7548,6,6,0.999954342842102
7549,6,6,0.9999675750732422
7550,4,4,0.9988510608673096
7551,3,3,0.9999488592147827
7552,8,8,0.9995796084403992
7553,8,8,0.9956884980201721
7554,3,3,0.9999785423278809
7555,0,0,0.9999991655349731
7556,1,1,0.9999161958694458
7557,9,9,0.9999675750732422
7558,0,0,0.9995237588882446
7559,5,5,0.9999562501907349
7560,4,4,0.9999136924743652
7561,1,1,0.999955415725708
7562,9,9,0.9994029998779297
7563,1,1,0.9999614953994751
7564,2,2,0.9999421834945679
7565,7,7,0.9336302280426025
7566,0,0,0.9999995231628418
7567,1,1,0.999816358089447
7568,3,3,0.9998891353607178
7569,8,8,0.9994927644729614
7570,2,2,0.9999725818634033
7571,9,9,0.9999947547912598
7572,2,2,0.9995706677436829
7573,7,7,0.9997135996818542
7574,4,4,0.9926440119743347
7575,2,2,0.9999539852142334
7576,6,6,0.9999935626983643
7577,5,5,0.9999970197677612
7578,5,5,0.9999856948852539
7579,9,9,0.9999194145202637
7580,9,9,0.9912625551223755
7581,1,1,0.9999600648880005
7582,1,1,0.9999539852142334
7583,5,5,0.9999558925628662
7584,7,7,0.9988577365875244
7585,6,6,0.9999945163726807
7586,8,8,0.999969482421875
7587,2,2,0.9998165965080261
7588,9,9,0.9998764991760254
7589,4,4,0.9999947547912598
7590,3,3,0.9999892711639404
7591,1,1,0.9999955892562866
7592,9,9,0.9999780654907227
7593,0,0,0.9999986886978149
7594,9,9,0.9998094439506531
7595,3,3,0.9994865655899048
7596,6,6,0.9999933242797852
7597,8,8,0.9999840259552002
7598,7,7,0.9999983310699463
7599,0,0,0.999967098236084
7600,1,1,0.9999179840087891
7601,0,0,0.999997615814209
7602,5,5,0.9999338388442993
7603,8,8,0.9997850060462952
7604,2,2,0.9999866485595703
7605,7,7,0.9998931884765625
7606,7,7,0.9994261264801025
7607,0,0,0.9999998807907104
7608,1,1,0.999396800994873
7609,2,2,0.9999419450759888
7610,3,3,0.9995608925819397
7611,4,4,0.9999977350234985
7612,5,5,0.9999887943267822
7613,6,6,0.9999974966049194
7614,7,7,0.9999998807907104
7615,8,8,0.9999991655349731
7616,9,9,0.9997958540916443
7617,0,0,0.9999996423721313
7618,1,1,0.9999977350234985
7619,2,2,0.9536750912666321
7620,3,3,0.999931812286377
7621,4,4,0.9998493194580078
7622,5,5,0.9999946355819702
7623,8,8,0.9999997615814209
7624,9,9,0.999983549118042
7625,0,0,0.9999997615814209
7626,1,1,0.9999905824661255
7627,2,2,0.9986739158630371
7628,3,3,0.9999607801437378
7629,4,4,0.9999783039093018
7630,5,5,0.9999661445617676
7631,6,6,0.9998522996902466
7632,7,7,1.0
7633,8,8,0.9999911785125732
7634,9,9,0.9999265670776367
7635,2,2,0.9996602535247803
7636,1,1,0.9999396800994873
7637,2,2,0.978772759437561
7638,1,1,0.9999641180038452
7639,3,3,0.9995957016944885
7640,9,9,0.9996424913406372
7641,9,9,0.9996374845504761
7642,8,8,0.9998743534088135
7643,5,5,0.9999499320983887
7644,3,3,0.9998281002044678
7645,7,7,0.999990701675415
7646,0,0,0.9999996423721313
7647,7,7,0.9999996423721313
7648,7,7,0.9999681711196899
7649,5,5,0.9999428987503052
7650,7,7,0.9999885559082031
7651,9,9,0.9956670999526978
7652,9,9,0.9997138381004333
7653,4,4,0.999991774559021
7654,7,7,0.9999994039535522
7655,0,0,0.9999998807907104
7656,3,3,0.999810516834259
7657,4,4,0.9968546032905579
7658,1,1,0.9999958276748657
7659,5,5,0.9999837875366211
7660,8,8,0.9999344348907471
7661,1,1,0.9999731779098511
7662,4,4,0.9998999834060669
7663,8,8,0.9999996423721313
7664,4,4,0.9984619617462158
7665,1,1,0.9999741315841675
7666,8,8,0.9999991655349731
7667,6,6,0.9999997615814209
7668,6,6,0.9999184608459473
7669,4,4,0.9999955892562866
7670,6,6,0.9999867677688599
7671,0,0,0.9920579791069031
7672,5,5,0.9989792108535767
7673,5,5,0.9964818954467773
7674,3,3,0.9999972581863403
7675,3,3,0.9999603033065796
7676,5,5,0.9998852014541626
7677,7,7,0.9999945163726807
7678,2,2,0.9999973773956299
7679,5,5,0.9983377456665039
7680,9,9,0.9991416931152344
7681,6,6,0.9999994039535522
7682,9,9,0.9999796152114868
7683,2,2,0.9725382328033447
7684,6,6,0.9999994039535522
7685,2,2,0.9999983310699463
7686,1,1,0.9999964237213135
7687,2,2,0.9995425939559937
7688,0,0,0.9999998807907104
7689,8,8,0.9961636066436768
7690,3,3,0.9999135732650757
7691,8,8,0.9999135732650757
7692,3,3,0.99950110912323
7693,0,0,0.9999991655349731
7694,8,8,0.9997473359107971
7695,7,7,0.9999974966049194
7696,4,4,0.9999722242355347
7697,9,9,0.9983223080635071
7698,5,5,0.9994043111801147
7699,0,0,0.9999992847442627
7700,9,9,0.9998552799224854
7701,7,7,0.9999805688858032
7702,0,0,0.9999328851699829
7703,0,0,0.9999994039535522
7704,4,4,0.9998712539672852
7705,6,6,0.9999997615814209
7706,0,0,0.999998927116394
7707,9,9,0.9996101260185242
7708,1,1,0.9999669790267944
7709,6,6,1.0
7710,2,2,0.9999715089797974
7711,7,7,0.9985063672065735
7712,6,6,1.0
7713,8,8,0.9998890161514282
7714,3,3,0.9999819993972778
7715,5,5,0.999974250793457
7716,2,2,0.9999996423721313
7717,1,1,0.9999960660934448
7718,8,8,0.9986242055892944
7719,3,3,0.9999091625213623
7720,8,8,0.9988705515861511
7721,6,6,0.9999984502792358
7722,1,1,0.9999560117721558
7723,0,0,0.9999998807907104
7724,2,2,0.9997596144676208
7725,1,1,0.9999364614486694
7726,4,4,0.9999750852584839
7727,0,0,0.9999998807907104
7728,1,1,0.9996408224105835
7729,2,2,0.999765932559967
7730,3,3,0.9998551607131958
7731,4,4,0.9995421171188354
7732,5,5,0.9999632835388184
7733,6,6,0.9998965263366699
7734,7,7,0.9997474551200867
7735,8,8,0.9870387315750122
7736,9,9,0.7532676458358765
7737,0,0,0.9999996423721313
7738,1,1,0.9993988275527954
7739,2,2,0.9998383522033691
7740,3,3,0.9999922513961792
7741,4,4,0.9993894100189209
7742,5,5,0.9999984502792358
7743,6,6,0.9998865127563477
7744,7,7,0.9996764659881592
7745,8,8,0.9999699592590332
7746,9,9,0.9987902045249939
7747,0,0,0.9999860525131226
7748,1,1,0.9998761415481567
7749,2,2,0.9998093247413635
7750,3,3,0.9999706745147705
7751,4,4,0.9999604225158691
7752,5,5,0.9999997615814209
7753,6,6,0.9999971389770508
7754,7,7,0.9992285966873169
7755,8,8,0.9998306035995483
7756,9,9,0.9989839196205139
7757,7,7,0.988172709941864
7758,6,6,0.9999984502792358
7759,4,4,0.9999532699584961
7760,7,7,0.9998944997787476
7761,6,6,0.9999997615814209
7762,2,2,0.9999409914016724
7763,3,3,0.9998822212219238
7764,4,4,0.9979793429374695
7765,8,8,0.9999927282333374
7766,7,7,0.9999978542327881
7767,8,8,0.9999980926513672
7768,6,6,0.9999982118606567
7769,9,9,0.9999430179595947
7770,8,8,0.9999445676803589
7771,3,3,0.9999743700027466
7772,2,2,0.9998537302017212
7773,2,2,0.9997567534446716
7774,8,8,0.9999573230743408
7775,4,4,0.999883770942688
7776,8,8,0.9999977350234985
7777,5,5,0.9999431371688843
7778,6,6,0.9999980926513672
7779,5,5,0.999695897102356
7780,0,0,0.9999994039535522
7781,2,2,0.9994370341300964
7782,0,0,0.9999604225158691
7783,1,1,0.9971544742584229
7784,1,1,0.9997650980949402
7785,2,2,0.9998584985733032
7786,9,9,0.999426007270813
7787,6,6,0.9999998807907104
7788,8,8,0.9999516010284424
7789,2,2,0.9997026324272156
7790,1,1,0.9934958219528198
7791,0,0,0.9999685287475586
7792,6,6,0.9999998807907104
7793,5,5,0.9999997615814209
7794,2,2,0.9999700784683228
7795,9,9,0.9999707937240601
7796,7,7,0.9996100068092346
7797,5,5,0.9981959462165833
7798,3,3,0.9999343156814575
7799,9,9,0.9988503456115723
7800,3,2,0.5801047086715698
7801,7,7,0.9999133348464966
7802,1,1,0.9986618757247925
7803,8,8,0.9999939203262329
7804,3,3,0.9999245405197144
7805,8,8,0.9999727010726929
7806,1,1,0.998482882976532
7807,9,9,0.999969482421875
7808,5,5,0.9999963045120239
7809,5,5,0.9999979734420776
7810,0,0,0.9999929666519165
7811,1,1,0.9996919631958008
7812,1,1,0.9774148464202881
7813,9,9,0.9929457306861877
7814,8,8,0.9999998807907104
7815,2,2,0.9999613761901855
7816,6,6,0.9999964237213135
7817,0,0,0.9999970197677612
7818,4,4,0.9999955892562866
7819,5,5,0.9999995231628418
7820,0,0,0.9999661445617676
7821,3,2,0.7991620302200317
7822,1,1,0.9976378679275513
7823,8,8,0.9998682737350464
7824,6,6,0.999992847442627
7825,7,7,0.9998955726623535
7826,5,5,0.9999871253967285
7827,9,9,0.9999979734420776
7828,9,9,0.9999159574508667
7829,3,3,0.999970555305481
7830,0,0,0.9999662637710571
7831,3,3,0.9997995495796204
7832,1,1,0.9999417066574097
7833,4,4,0.9999984502792358
7834,4,4,0.9999823570251465
7835,0,0,0.9999948740005493
7836,4,4,0.9999958276748657
7837,9,9,0.9982351064682007
7838,0,0,0.9999878406524658
7839,1,1,0.9554318189620972
7840,2,2,0.9996405839920044
7841,3,3,0.9993403553962708
7842,5,5,0.9665106534957886
7843,6,6,0.9992382526397705
7844,7,7,0.9995765089988708
7845,8,8,0.93226158618927
7846,0,0,0.9999990463256836
7847,1,1,0.9181333780288696
7848,2,2,0.9997290968894958
7849,3,3,0.9830002784729004
7850,5,5,0.9878169894218445
7851,6,6,0.9816644191741943
7852,7,7,0.9998819828033447
7853,8,8,0.818223237991333
7854,9,9,0.9999516010284424
7855,0,0,0.9999947547912598
7856,1,1,0.9442688822746277
7857,2,2,0.998392641544342
7858,3,3,0.9996219873428345
7859,5,5,0.999963641166687
7860,6,6,0.9956573247909546
7861,7,7,0.9975774884223938
7862,8,8,0.8922855854034424
7863,9,9,0.9999128580093384
7864,9,9,0.9999755620956421
7865,7,7,0.9997511506080627
7866,0,0,0.9999792575836182
7867,9,9,0.9999890327453613
7868,0,0,0.9999867677688599
7869,1,1,0.999103844165802
7870,5,5,0.9998964071273804
7871,8,8,0.9999933242797852
7872,8,8,0.9999696016311646
7873,0,0,0.999997615814209
7874,9,9,0.9999475479125977
7875,3,3,0.999800980091095
7876,2,2,0.9949051141738892
7877,7,7,0.9969853758811951
7878,8,8,0.9999876022338867
7879,4,4,0.9999983310699463
7880,6,6,0.9999805688858032
7881,1,1,0.999968409538269
7882,0,0,0.9999992847442627
7883,4,4,0.9999982118606567
7884,9,9,0.9999904632568359
7885,4,4,0.9999756813049316
7886,2,2,0.9968076944351196
7887,0,0,0.9999473094940186
7888,5,5,0.9977893829345703
7889,0,0,0.9999861717224121
7890,1,1,0.9999104738235474
7891,6,6,0.9995120763778687
7892,9,9,0.9997456669807434
7893,3,3,0.999954104423523
7894,2,2,0.9982230067253113
7895,9,9,0.9999293088912964
7896,1,1,0.9972624778747559
7897,6,6,0.9996664524078369
7898,0,0,0.9995025396347046
7899,1,1,0.964504599571228
7900,1,1,0.9915868043899536
7901,8,8,0.9994649291038513
7902,7,7,0.6935189366340637
7903,7,7,0.9900141954421997
7904,6,6,0.9996358156204224
7905,3,3,0.9919623732566833
7906,6,6,0.9999188184738159
7907,0,0,0.9999005794525146
7908,7,7,0.9981811046600342
7909,2,2,0.9990476965904236
7910,4,4,0.9999432563781738
7911,1,1,0.9967181086540222
7912,7,7,0.9977861642837524
7913,0,0,0.9999947547912598
7914,6,6,0.9993333220481873
7915,7,7,0.8277739882469177
7916,1,1,0.992592990398407
7917,2,2,0.9957342743873596
7918,5,5,0.9998534917831421
7919,8,8,0.9985124468803406
7920,1,1,0.9871695041656494
7921,8,8,0.8451611399650574
7922,2,2,0.9997687935829163
7923,8,8,0.9955215454101562
7924,7,7,0.9907978773117065
7925,6,6,0.9954590797424316
7926,8,8,0.9999308586120605
7927,7,7,0.9871726036071777
7928,1,1,0.6895676851272583
7929,6,6,0.9996039271354675
7930,2,2,0.99970942735672
7931,9,9,0.9998663663864136
7932,3,3,0.9999914169311523
7933,0,0,0.9999910593032837
7934,1,1,0.9994576573371887
7935,2,2,0.9999842643737793
7936,3,3,0.9999957084655762
7937,4,4,0.9999809265136719
7938,5,5,0.9999994039535522
7939,6,6,0.9999971389770508
7940,7,7,0.9999312162399292
7941,8,8,0.9999909400939941
7942,9,9,0.9999545812606812
7943,0,0,0.999683141708374
7944,1,1,0.9998471736907959
7945,2,2,0.9989466071128845
7946,3,3,0.9999790191650391
7947,4,4,0.999983549118042
7948,5,5,0.9999990463256836
7949,6,6,0.9999608993530273
7950,7,7,0.9999513626098633
7951,8,8,0.9968847632408142
7952,9,9,0.9988422989845276
7953,0,0,1.0
7954,1,1,0.9998966455459595
7955,2,2,0.999958872795105
7956,3,3,0.9999936819076538
7957,4,4,0.9999300241470337
7958,5,5,0.9999996423721313
7959,6,6,0.9999990463256836
7960,7,7,0.9999995231628418
7961,8,8,0.9999864101409912
7962,9,9,0.9999790191650391
7963,8,8,0.9998812675476074
7964,9,9,0.990730345249176
7965,5,5,0.9999996423721313
7966,7,7,0.9999260902404785
7967,0,0,0.9999998807907104
7968,3,3,0.9999996423721313
7969,1,1,0.9999744892120361
7970,6,6,0.999988317489624
7971,8,8,0.9647285342216492
7972,4,4,0.9999505281448364
7973,1,1,0.9999279975891113
7974,5,5,0.9999997615814209
7975,6,6,0.999940037727356
7976,4,4,0.999983549118042
7977,2,2,0.9999959468841553
7978,7,7,0.9716008305549622
7979,8,8,0.999966025352478
7980,1,1,0.9999611377716064
7981,3,3,0.9999964237213135
7982,4,4,0.9848036766052246
7983,3,3,0.9997833371162415
7984,4,4,0.9999057054519653
7985,7,7,0.9856733083724976
7986,2,2,0.9996137022972107
7987,0,0,0.9999940395355225
7988,5,5,0.9999862909317017
7989,0,0,0.9999830722808838
7990,1,1,0.9518042802810669
7991,9,9,0.8487827181816101
7992,2,2,0.999987006187439
7993,3,3,0.9999850988388062
7994,2,2,0.9999725818634033
7995,3,3,0.9999979734420776
7996,5,5,0.9999755620956421
7997,5,5,0.9999992847442627
7998,7,7,0.9999969005584717
7999,8,8,0.9966405630111694
8000,4,4,0.9970704317092896
8001,9,9,0.9999898672103882
8002,9,9,0.9998407363891602
8003,7,7,0.99904865026474
8004,1,1,0.9999407529830933
8005,1,1,0.9999823570251465
8006,9,9,0.9999619722366333
8007,0,0,0.9999972581863403
8008,7,7,0.9979425072669983
8009,8,8,0.9999959468841553
8010,3,3,0.9996261596679688
8011,4,4,0.9996917247772217
8012,8,8,0.9983487129211426
8013,6,6,1.0
8014,3,3,0.9999426603317261
8015,8,8,0.9999908208847046
8016,0,0,0.978534460067749
8017,9,9,0.9999662637710571
8018,6,6,0.9999994039535522
8019,2,2,0.9997795224189758
8020,1,1,0.9983362555503845
8021,0,0,0.9999529123306274
8022,1,1,0.9987677335739136
8023,0,0,0.9999896287918091
8024,6,6,0.9999849796295166
8025,2,2,1.0
8026,3,3,0.9999985694885254
8027,8,8,0.9999995231628418
8028,9,9,0.9982150793075562
8029,0,0,0.999992847442627
8030,7,7,0.9976876974105835
8031,2,2,0.9991905093193054
8032,3,3,0.9999028444290161
8033,4,4,0.9999561309814453
8034,5,5,0.9999992847442627
8035,5,5,0.999998927116394
8036,2,2,0.9999970197677612
8037,8,8,0.9999810457229614
8038,5,5,0.9999994039535522
8039,4,4,0.9998078942298889
8040,6,6,0.9999967813491821
8041,6,6,0.9999926090240479
8042,6,6,0.9999982118606567
8043,7,7,0.9917609691619873
8044,9,9,0.987239420413971
8045,1,1,0.9998970031738281
8046,8,8,0.9999983310699463
8047,2,2,0.9966450333595276
8048,1,1,0.9998948574066162
8049,5,5,0.9999983310699463
8050,3,3,0.9999880790710449
8051,4,4,0.9999825954437256
8052,7,7,0.9999955892562866
8053,9,9,0.9999954700469971
8054,4,4,0.9999992847442627
8055,0,0,0.9999872446060181
8056,0,0,0.9999972581863403
8057,0,0,0.9999624490737915
8058,1,1,0.9995520710945129
8059,2,1,0.6333246827125549
8060,3,3,0.9999063014984131
8061,4,4,0.847962498664856
8062,5,5,0.9973502159118652
8063,6,6,0.9972482323646545
8064,7,7,0.9977836012840271
8065,8,8,0.9876625537872314
8066,9,9,0.9900127649307251
8067,0,0,0.9999994039535522
8068,1,1,0.9999040365219116
8069,2,2,0.8286644816398621
8070,3,3,0.999998927116394
8071,4,4,0.9586858153343201
8072,5,5,0.9999967813491821
8073,6,6,0.9999581575393677
8074,7,7,0.9999773502349854
8075,8,8,0.9954843521118164
8076,9,9,0.9992433786392212
8077,0,0,0.9999889135360718
8078,1,1,0.9992111921310425
8079,2,2,0.9895719289779663
8080,3,3,0.9999871253967285
8081,4,4,0.9894068837165833
8082,5,5,0.9999676942825317
8083,6,6,0.999983549118042
8084,9,9,0.9984649419784546
8085,0,0,0.9999998807907104
8086,1,1,0.9999645948410034
8087,3,3,0.9999691247940063
8088,1,1,0.9998811483383179
8089,5,5,0.9999998807907104
8090,1,1,0.9988921284675598
8091,2,2,0.6620226502418518
8092,4,4,0.9884644150733948
8093,9,9,0.9885990619659424
8094,2,1,0.5239006876945496
8095,4,4,0.6858014464378357
8096,6,6,0.9999147653579712
8097,8,8,0.9995216131210327
8098,0,0,0.9999799728393555
8099,1,1,0.9999920129776001
8100,1,1,0.9999076128005981
8101,9,9,0.9997314810752869
8102,2,2,0.9955028891563416
8103,6,6,0.999761164188385
8104,6,6,0.9894700050354004
8105,8,0,0.5362041592597961
8106,7,7,0.9649094343185425
8107,4,4,0.9619130492210388
8108,2,2,0.9996434450149536
8109,9,9,0.9965403079986572
8110,7,7,0.9991064667701721
8111,0,0,0.9999969005584717
8112,2,2,0.9995452761650085
8113,1,1,0.9999920129776001
8114,0,0,0.9999685287475586
8115,3,3,0.9939308166503906
8116,6,6,0.9999830722808838
8117,0,0,1.0
8118,1,1,0.9999897480010986
8119,2,2,0.9992658495903015
8120,3,3,0.9997932314872742
8121,4,4,0.9999898672103882
8122,5,5,0.9999902248382568
8123,6,6,0.9999831914901733
8124,7,7,0.9999943971633911
8125,8,8,0.9999985694885254
8126,9,9,0.9999871253967285
8127,0,0,1.0
8128,1,1,0.5003067255020142
8129,2,2,0.999951958656311
8130,3,3,0.9999769926071167
8131,4,4,0.9999669790267944
8132,5,5,0.9999781847000122
8133,6,6,0.9999897480010986
8134,7,7,0.9999979734420776
8135,8,8,0.9999922513961792
8136,9,9,0.999921441078186
8137,0,0,0.9999991655349731
8138,1,1,0.9987674951553345
8139,2,2,0.9997780919075012
8140,3,3,0.999937891960144
8141,4,4,0.9999173879623413
8142,5,5,0.9999914169311523
8143,6,6,0.9983314871788025
8144,7,7,0.9969049096107483
8145,8,8,0.9999979734420776
8146,9,9,0.9858378767967224
8147,8,8,0.9999949932098389
8148,6,6,0.9999963045120239
8149,5,5,0.999998927116394
8150,9,9,0.9999686479568481
8151,7,7,0.9998582601547241
8152,0,0,1.0
8153,2,2,0.9994683861732483
8154,3,3,0.999972939491272
8155,4,4,0.9999977350234985
8156,3,3,0.9996665716171265
8157,8,8,0.9999998807907104
8158,5,5,0.9999662637710571
8159,1,1,0.9999468326568604
8160,5,5,0.9892549514770508
8161,2,2,0.9999916553497314
8162,3,3,0.999997615814209
8163,0,0,0.9999672174453735
8164,1,1,0.9997281432151794
8165,2,2,0.9938977360725403
8166,1,1,0.9999014139175415
8167,3,3,0.9999939203262329
8168,2,2,0.9999256134033203
8169,6,6,0.9999964237213135
8170,5,5,0.9999206066131592
8171,3,3,0.9998973608016968
8172,0,0,0.9999833106994629
8173,7,7,0.9999955892562866
8174,2,2,0.9997707009315491
8175,7,7,0.9999948740005493
8176,4,4,0.9999871253967285
8177,6,6,0.9999958276748657
8178,4,4,0.9999849796295166
8179,0,0,0.9999995231628418
8180,5,5,0.9999954700469971
8181,9,9,0.9998661279678345
8182,9,9,0.9969558715820312
8183,8,8,0.9785842299461365
8184,9,9,0.9995973706245422
8185,5,5,0.9999988079071045
8186,3,3,0.999672532081604
8187,1,1,0.9999383687973022
8188,7,7,0.9999459981918335
8189,4,4,0.9999991655349731
8190,7,7,0.9999915361404419
8191,6,6,0.9999469518661499
8192,5,5,0.9999920129776001
8193,4,4,0.9998146891593933
8194,0,0,0.9995965361595154
8195,0,0,0.9999914169311523
8196,6,6,0.9982933402061462
8197,6,6,0.9997968077659607
8198,2,2,0.9986140727996826
8199,0,0,0.9999855756759644
8200,6,6,0.999971866607666
8201,3,3,0.999902606010437
8202,7,7,0.9998413324356079
8203,7,7,0.9998772144317627
8204,4,4,0.9999836683273315
8205,4,4,0.9992696642875671
8206,3,3,0.9999966621398926
8207,9,9,0.9999979734420776
8208,2,2,0.9995105266571045
8209,8,8,0.9999954700469971
8210,9,9,0.9999954700469971
8211,6,6,0.9999998807907104
8212,0,0,0.9990419745445251
8213,9,9,0.9999760389328003
8214,5,5,0.9999985694885254
8215,3,3,0.9999299049377441
8216,8,8,0.9996073842048645
8217,8,8,0.9999536275863647
8218,7,7,0.9974914789199829
8219,1,1,0.9999587535858154
8220,4,4,0.9999967813491821
8221,0,0,0.9999959468841553
8222,4,4,0.9999990463256836
8223,8,8,0.9999948740005493
8224,5,5,0.9999995231628418
8225,2,2,0.9998812675476074
8226,3,3,0.9999345541000366
8227,9,9,0.9999531507492065
8228,0,0,0.9887263178825378
8229,1,1,0.9997832179069519
8230,9,9,0.9998692274093628
8231,1,1,0.9994522929191589
8232,5,5,0.9999831914901733
8233,1,1,0.9999693632125854
8234,7,7,0.9993793964385986
8235,4,4,0.9999945163726807
8236,8,8,0.9992191791534424
8237,6,6,0.9999964237213135
8238,2,2,0.9992055296897888
8239,1,1,0.9986149072647095
8240,6,6,0.9999877214431763
8241,8,8,0.9999231100082397
8242,8,8,0.999643087387085
8243,0,0,0.9896060228347778
8244,1,1,0.9973322153091431
8245,2,2,0.9913756251335144
8246,3,3,0.873311460018158
8247,4,4,0.9997977614402771
8248,7,7,0.9999984502792358
8249,8,8,0.9999992847442627
8250,9,9,0.9999829530715942
8251,0,0,0.999984622001648
8252,1,1,0.9998677968978882
8253,2,2,0.9885395169258118
8254,3,3,0.9986672401428223
8255,4,4,0.9442543983459473
8256,6,6,0.9998984336853027
8257,7,7,0.9997771382331848
8258,8,8,0.9936164617538452
8259,9,9,0.9943445920944214
8260,0,0,0.9987367987632751
8261,1,1,0.9998660087585449
8262,2,2,0.9958143830299377
8263,3,3,0.9997058510780334
8264,4,4,0.9991186261177063
8265,7,7,0.9987701773643494
8266,8,8,0.9999982118606567
8267,9,9,0.9994798302650452
8268,1,1,0.9998576641082764
8269,4,4,0.9998527765274048
8270,5,5,0.9999580383300781
8271,3,3,0.9997808337211609
8272,3,3,0.9932170510292053
8273,0,0,0.8234769105911255
8274,9,9,0.9999843835830688
8275,5,5,0.999358594417572
8276,4,4,0.9999284744262695
8277,3,3,0.9754771590232849
8278,0,0,0.9271107912063599
8279,8,8,0.8769168257713318
8280,4,4,0.9998986721038818
8281,6,6,0.9996857643127441
8282,7,7,0.9978548884391785
8283,0,0,0.999643087387085
8284,7,7,0.9995679259300232
8285,7,7,0.9999732971191406
8286,1,1,0.9947972893714905
8287,6,6,0.9915580749511719
8288,9,9,0.9999126195907593
8289,1,1,0.9999247789382935
8290,3,3,0.9924837946891785
8291,6,6,0.9998481273651123
8292,2,2,0.9985139966011047
8293,3,3,0.9997475743293762
8294,8,8,0.9948254823684692
8295,2,2,0.9996742010116577
8296,3,3,0.9893956780433655
8297,8,8,0.9999321699142456
8298,9,9,0.9979481101036072
8299,5,5,0.9964739680290222
8300,8,8,0.9999943971633911
8301,8,8,0.9998393058776855
8302,7,7,0.9999750852584839
8303,1,1,0.9999051094055176
8304,7,7,0.9972361922264099
8305,1,1,0.9997449517250061
8306,1,1,0.999396800994873
8307,0,0,0.9999995231628418
8308,3,3,0.9980159997940063
8309,4,4,0.9997108578681946
8310,2,2,0.9929879307746887
8311,6,6,0.5554561018943787
8312,4,4,0.9999309778213501
8313,7,7,0.999832034111023
8314,4,4,0.9996613264083862
8315,2,2,0.9927735924720764
8316,7,2,0.8418676257133484
8317,4,4,0.9823108911514282
8318,2,2,0.9997076392173767
8319,9,9,0.999498724937439
8320,2,2,0.9984334111213684
8321,7,7,0.999910831451416
8322,9,9,0.9973965883255005
8323,2,2,0.999160885810852
8324,1,1,0.9998641014099121
8325,0,0,0.6897631883621216
8326,6,6,0.9943329095840454
8327,5,5,0.9994663596153259
8328,3,3,0.9999926090240479
8329,4,4,0.9997795224189758
8330,8,8,0.9995900988578796
8331,5,5,0.9999994039535522
8332,9,9,0.9615822434425354
8333,6,6,0.9999525547027588
8334,9,9,0.9999295473098755
8335,0,0,0.9999830722808838
8336,6,6,0.9999836683273315
8337,3,3,0.9988061189651489
8338,0,0,0.9999988079071045
8339,8,8,0.9924027919769287
8340,1,1,0.9999459981918335
8341,6,6,0.9999923706054688
8342,0,0,0.9998761415481567
8343,0,0,0.9999990463256836
8344,1,1,0.9999672174453735
8345,2,2,0.9999920129776001
8346,3,3,0.9998950958251953
8347,4,4,0.9999289512634277
8348,5,5,0.9999997615814209
8349,6,6,0.9998192191123962
8350,7,7,0.9999947547912598
8351,0,0,0.9952664375305176
8352,1,1,0.9999403953552246
8353,2,2,0.9994487166404724
8354,3,3,0.9908239841461182
8355,4,4,0.9991395473480225
8356,7,7,0.9999972581863403
8357,8,8,0.9994575381278992
8358,9,9,0.9983142614364624
8359,0,0,0.9999591112136841
8360,1,1,0.9997335076332092
8361,2,2,0.9976546764373779
8362,3,3,0.999624490737915
8363,4,4,0.9999560117721558
8364,7,7,0.9999977350234985
8365,2,2,0.9999998807907104
8366,5,5,0.9999991655349731
8367,1,1,0.9999239444732666
8368,6,6,0.9999880790710449
8369,4,4,0.9996654987335205
8370,3,3,0.999995231628418
8371,9,9,0.9999954700469971
8372,9,9,0.9992641806602478
8373,0,0,0.9999837875366211
8374,9,9,0.9990148544311523
8375,7,7,0.9659042358398438
8376,1,1,0.9904159307479858
8377,6,6,0.9999642372131348
8378,4,4,0.9978972673416138
8379,3,3,0.9999047517776489
8380,6,6,0.9999955892562866
8381,2,2,0.9822339415550232
8382,0,0,0.9690570831298828
8383,9,9,0.9993333220481873
8384,8,8,0.9999971389770508
8385,6,6,0.9999840259552002
8386,5,5,0.9999994039535522
8387,7,7,0.9984702467918396
8388,0,0,0.9998986721038818
8389,0,0,0.9995253086090088
8390,1,1,0.9999226331710815
8391,7,7,0.9990422129631042
8392,4,4,0.9999685287475586
8393,3,3,0.999774158000946
8394,2,2,0.9999028444290161
8395,4,4,0.9998888969421387
8396,1,1,0.9990198612213135
8397,3,3,0.9952346682548523
8398,7,7,0.999975323677063
8399,6,6,0.9999990463256836
8400,4,4,0.9999792575836182
8401,7,7,0.9999991655349731
8402,7,7,0.9999381303787231
8403,7,7,0.9999904632568359
8404,9,9,0.9999029636383057
8405,8,8,0.9999803304672241
8406,4,4,0.8513847589492798
8407,3,3,0.9998359680175781
8408,8,5,0.7874783873558044
8409,2,2,0.9999476671218872
8410,8,8,0.5542833805084229
8411,3,3,0.999972939491272
8412,5,5,0.9999674558639526
8413,8,8,0.9996036887168884
8414,0,0,0.9999758005142212
8415,5,5,0.9999991655349731
8416,4,4,0.9902058243751526
8417,7,7,0.9999971389770508
8418,1,1,0.9999020099639893
8419,3,3,0.9954202771186829
8420,1,1,0.9999947547912598
8421,7,7,0.9999996423721313
8422,9,9,0.9998219609260559
8423,6,6,0.9999324083328247
8424,2,2,0.9999967813491821
8425,0,0,0.9999637603759766
8426,9,9,0.99970942735672
8427,1,1,0.9999614953994751
8428,7,7,0.9999994039535522
8429,3,3,0.9999223947525024
8430,3,3,0.9983626008033752
8431,9,9,0.9997113347053528
8432,1,1,0.9999834299087524
8433,6,6,0.9999954700469971
8434,4,4,0.9999412298202515
8435,3,3,0.9933332800865173
8436,9,9,0.9999967813491821
8437,8,8,0.9999958276748657
8438,2,2,0.9999911785125732
8439,1,1,0.999987006187439
8440,8,8,0.9999998807907104
8441,6,6,0.9999966621398926
8442,4,4,0.9970405697822571
8443,1,1,0.9999866485595703
8444,5,5,0.9993590712547302
8445,5,5,0.999997615814209
8446,6,6,0.999998927116394
8447,5,5,0.9999998807907104
8448,0,0,0.9999997615814209
8449,1,1,0.999983549118042
8450,2,2,0.9999700784683228
8451,3,3,0.9999885559082031
8452,4,4,0.9999899864196777
8453,5,5,0.9999909400939941
8454,6,6,1.0
8455,7,7,1.0
8456,8,8,0.9998576641082764
8457,9,9,0.999955415725708
8458,0,0,0.9999967813491821
8459,1,1,0.9997883439064026
8460,2,2,0.9999953508377075
8461,3,3,0.9999889135360718
8462,4,4,0.9999406337738037
8463,5,5,0.9999982118606567
8464,6,6,0.9999998807907104
8465,7,7,0.9999798536300659
8466,8,8,0.9999979734420776
8467,9,9,0.9999799728393555
8468,0,0,0.9999860525131226
8469,1,1,0.9983757734298706
8470,2,2,0.999957799911499
8471,3,3,0.9999985694885254
8472,4,4,0.9998742341995239
8473,5,5,0.999995231628418
8474,6,6,0.9999955892562866
8475,7,7,0.9999990463256836
8476,8,8,0.9973306655883789
8477,9,9,0.9999575614929199
8478,6,6,0.9999657869338989
8479,9,9,0.999889612197876
8480,7,7,0.9999998807907104
8481,0,0,0.9999972581863403
8482,2,2,0.9999912977218628
8483,3,3,0.9999493360519409
8484,4,4,0.9999468326568604
8485,3,3,0.9997614026069641
8486,8,8,0.9792328476905823
8487,5,5,0.999998927116394
8488,1,1,0.9991208910942078
8489,3,3,0.9998805522918701
8490,0,0,0.9995193481445312
8491,1,1,0.997497022151947
8492,2,2,0.9984416365623474
8493,1,1,0.977035403251648
8494,3,3,0.9999740123748779
8495,2,2,0.9999363422393799
8496,0,0,0.9999052286148071
8497,7,7,0.9995195865631104
8498,2,2,0.99983811378479
8499,6,6,0.9999393224716187
8500,4,4,0.9999852180480957
8501,0,0,0.9999990463256836
8502,5,5,0.9984444975852966
8503,9,9,0.9998952150344849
8504,9,9,0.979476273059845
8505,8,8,0.9999696016311646
8506,9,9,0.9995050430297852
8507,5,5,0.999993085861206
8508,3,3,0.986605703830719
8509,1,1,0.9967909455299377
8510,7,7,0.999748170375824
8511,4,4,0.998403012752533
8512,7,7,0.9999382495880127
8513,0,0,0.9997599720954895
8514,0,0,0.9999915361404419
8515,6,6,0.9991913437843323
8516,6,6,0.9999954700469971
8517,6,6,0.9999923706054688
8518,3,3,0.9999949932098389
8519,7,7,0.999843955039978
8520,4,9,0.6905666589736938
8521,2,2,0.9990307092666626
8522,8,8,0.9291797876358032
8523,9,9,0.9977396726608276
8524,8,8,0.998689591884613
8525,7,7,0.9998303651809692
8526,1,1,0.999816358089447
8527,4,9,0.4482060372829437
8528,0,0,0.9999998807907104
8529,4,4,0.9990962743759155
8530,8,8,0.9982820749282837
8531,5,5,0.9999828338623047
8532,2,2,0.9999829530715942
8533,3,3,0.9999920129776001
8534,9,9,0.9999513626098633
8535,0,0,0.9999996423721313
8536,1,1,0.9998394250869751
8537,9,9,0.9998053908348083
8538,1,1,0.9997661709785461
8539,5,5,0.9999954700469971
8540,1,1,0.9999488592147827
8541,7,7,0.9996181726455688
8542,6,6,0.9997788071632385
8543,1,1,0.99970942735672
8544,2,2,0.9999678134918213
8545,1,1,0.999790370464325
8546,6,6,0.999921441078186
8547,8,8,0.999997615814209
8548,0,0,0.9999988079071045
8549,1,1,0.999988317489624
8550,2,2,0.9999909400939941
8551,3,3,0.9999841451644897
8552,4,4,0.9999921321868896
8553,5,5,0.9998204112052917
8554,6,6,0.9999996423721313
8555,7,7,0.9999998807907104
8556,8,8,0.9999998807907104
8557,9,9,0.9999781847000122
8558,0,0,0.9999816417694092
8559,1,1,0.9999884366989136
8560,2,2,0.9999995231628418
8561,3,3,0.999567449092865
8562,4,4,0.9999750852584839
8563,5,5,0.9999940395355225
8564,6,6,0.9999842643737793
8565,7,7,0.9998701810836792
8566,8,8,1.0
8567,0,0,1.0
8568,1,1,0.9999971389770508
8569,2,2,0.9999829530715942
8570,3,3,0.9999080896377563
8571,5,5,0.9999889135360718
8572,6,6,0.9999984502792358
8573,7,7,0.9999998807907104
8574,8,8,0.9999994039535522
8575,1,1,0.9999761581420898
8576,0,0,0.9999994039535522
8577,4,4,0.9997891783714294
8578,5,5,0.9998373985290527
8579,6,6,0.9999909400939941
8580,6,6,0.9999940395355225
8581,3,3,0.9999198913574219
8582,4,4,0.9999815225601196
8583,4,4,0.9997406601905823
8584,2,2,0.9704814553260803
8585,8,8,1.0
8586,1,1,0.9999955892562866
8587,0,0,1.0
8588,6,6,0.9999949932098389
8589,4,4,0.9999649524688721
8590,9,9,0.9999741315841675
8591,7,7,0.9999876022338867
8592,2,2,0.9999927282333374
8593,9,9,0.9996017813682556
8594,2,2,0.9999219179153442
8595,0,0,1.0
8596,9,9,0.999790608882904
8597,3,3,0.9997650980949402
8598,3,3,0.9983786344528198
8599,9,9,0.9999967813491821
8600,1,1,0.9999717473983765
8601,5,5,0.9999884366989136
8602,2,2,0.9995792508125305
8603,3,3,0.9997538924217224
8604,1,1,0.9999438524246216
8605,6,6,0.999925971031189
8606,7,7,0.9999773502349854
8607,3,3,0.9896382093429565
8608,7,7,0.9999303817749023
8609,8,8,0.9999995231628418
8610,4,4,0.999948263168335
8611,0,0,0.9999992847442627
8612,2,2,0.9999978542327881
8613,4,4,0.9994004964828491
8614,0,0,0.9999995231628418
8615,2,2,0.9996405839920044
8616,4,4,0.9998787641525269
8617,7,7,0.9998461008071899
8618,8,8,1.0
8619,0,0,1.0
8620,7,7,0.9999905824661255
8621,0,0,0.9999986886978149
8622,6,6,0.9999959468841553
8623,9,9,0.9999321699142456
8624,3,3,0.9994099140167236
8625,2,2,0.99998939037323
8626,4,4,0.9999984502792358
8627,8,8,0.9999997615814209
8628,6,6,0.9998472929000854
8629,0,0,0.9999986886978149
8630,5,5,0.9999819993972778
8631,7,7,0.9999806880950928
8632,5,5,0.9999946355819702
8633,1,1,0.9999704360961914
8634,0,0,0.999998927116394
8635,8,8,0.999998927116394
8636,1,1,0.9999849796295166
8637,6,6,0.9997895359992981
8638,7,7,0.9999821186065674
8639,2,2,0.999841570854187
8640,9,9,0.9999213218688965
8641,7,7,0.9999990463256836
8642,9,9,0.9999966621398926
8643,5,5,0.9999977350234985
8644,6,6,0.9999650716781616
8645,5,5,0.99968421459198
8646,2,2,0.999990701675415
8647,6,6,0.9999470710754395
8648,2,2,0.9999958276748657
8649,8,8,0.9999998807907104
8650,1,1,0.9999359846115112
8651,7,7,0.9999823570251465
8652,5,5,0.9999948740005493
8653,5,5,0.9913424253463745
8654,7,7,0.9998189806938171
8655,3,3,0.9997790455818176
8656,5,5,0.9998974800109863
8657,0,0,1.0
8658,1,1,0.9999825954437256
8659,1,1,0.9999948740005493
8660,3,3,0.9999587535858154
8661,8,8,0.9999969005584717
8662,4,4,0.9999839067459106
8663,9,9,0.9999816417694092
8664,4,4,0.999976634979248
8665,5,5,0.9999878406524658
8666,1,1,0.9999759197235107
8667,8,8,0.9999556541442871
8668,6,6,0.9999998807907104
8669,8,8,0.9999994039535522
8670,9,9,0.9999983310699463
8671,0,0,0.9999992847442627
8672,1,1,0.9999955892562866
8673,2,2,0.9999767541885376
8674,3,3,0.9999243021011353
8675,4,4,1.0
8676,5,5,0.9999991655349731
8677,6,6,0.9999961853027344
8678,7,7,0.9999513626098633
8679,8,8,0.9999862909317017
8680,9,9,0.9999617338180542
8681,0,0,0.9999940395355225
8682,1,1,0.9999656677246094
8683,2,2,0.9999887943267822
8684,3,3,0.9999877214431763
8685,4,4,1.0
8686,5,5,0.9999988079071045
8687,6,6,0.9999583959579468
8688,7,7,0.9998751878738403
8689,8,8,0.9999997615814209
8690,9,9,0.9999154806137085
8691,0,0,0.9999986886978149
8692,1,1,0.999988317489624
8693,2,2,0.9999829530715942
8694,3,3,0.9999843835830688
8695,4,4,0.9999896287918091
8696,5,5,1.0
8697,6,6,0.9999984502792358
8698,7,7,0.999990701675415
8699,8,8,0.9999973773956299
8700,9,9,0.999777615070343
8701,3,3,0.9999961853027344
8702,5,5,0.9999969005584717
8703,3,3,0.9998816251754761
8704,2,2,0.9999960660934448
8705,9,9,0.9999227523803711
8706,3,3,0.9999997615814209
8707,2,2,0.99998939037323
8708,1,1,0.999983549118042
8709,4,4,0.9999936819076538
8710,5,5,0.9999929666519165
8711,5,5,0.9999992847442627
8712,2,2,0.9999812841415405
8713,3,3,0.9999927282333374
8714,2,2,0.9999806880950928
8715,1,1,0.9999676942825317
8716,3,3,0.9999854564666748
8717,9,9,0.9998887777328491
8718,7,7,0.9999649524688721
8719,2,2,0.9999619722366333
8720,1,1,0.9999911785125732
8721,2,2,0.9999881982803345
8722,8,8,0.9998350143432617
8723,9,9,0.9987896084785461
8724,1,1,0.9999915361404419
8725,8,8,0.9999991655349731
8726,8,8,0.9999775886535645
8727,7,7,0.9999942779541016
8728,8,8,0.9999918937683105
8729,1,1,0.9998828172683716
8730,0,0,0.9999997615814209
8731,0,0,0.9999998807907104
8732,6,6,0.9999970197677612
8733,7,7,0.9999884366989136
8734,7,7,0.9999998807907104
8735,8,8,0.9979652166366577
8736,7,7,0.9987297654151917
8737,5,5,0.9999998807907104
8738,0,0,0.9999808073043823
8739,6,6,0.9999785423278809
8740,1,1,0.9999939203262329
8741,5,5,0.9999994039535522
8742,7,7,0.99859219789505
8743,4,4,0.9999974966049194
8744,6,6,0.999845027923584
8745,1,1,0.9999926090240479
8746,2,2,0.9999922513961792
8747,5,5,0.9999721050262451
8748,0,0,0.9999990463256836
8749,7,7,0.9999963045120239
8750,9,9,0.9999525547027588
8751,9,9,0.9999974966049194
8752,0,0,0.9999984502792358
8753,3,3,0.9998735189437866
8754,4,4,0.9999998807907104
8755,4,4,0.9999927282333374
8756,8,8,0.9991528987884521
8757,4,4,0.9999881982803345
8758,1,1,0.9999861717224121
8759,8,8,0.9999899864196777
8760,6,6,0.9999867677688599
8761,5,5,0.9999998807907104
8762,9,9,0.9999929666519165
8763,0,0,0.9999985694885254
8764,0,0,0.9999946355819702
8765,0,0,0.9999979734420776
8766,3,3,0.9999967813491821
8767,7,7,0.9999569654464722
8768,1,1,0.9999773502349854
8769,6,6,0.9999935626983643
8770,4,4,0.9999979734420776
8771,6,6,0.9999991655349731
8772,0,0,0.9999996423721313
8773,4,4,0.9999970197677612
8774,5,5,0.9999998807907104
8775,4,4,0.999944806098938
8776,1,1,0.9999529123306274
8777,3,3,0.9999994039535522
8778,8,8,0.9999966621398926
8779,6,6,0.9999877214431763
8780,3,3,0.9999997615814209
8781,9,9,0.9995740056037903
8782,9,9,0.9998158812522888
8783,5,5,0.9999997615814209
8784,9,9,0.9999760389328003
8785,3,3,0.9996026158332825
8786,7,7,0.9999990463256836
8787,8,8,0.9996217489242554
8788,5,5,0.9999464750289917
8789,6,6,0.9999979734420776
8790,4,4,0.9999991655349731
8791,7,7,0.9999963045120239
8792,6,6,0.9999949932098389
8793,2,2,0.9999958276748657
8794,2,2,0.9999909400939941
8795,0,0,0.9999972581863403
8796,9,9,0.9999805688858032
8797,4,4,0.9999945163726807
8798,0,0,0.9999994039535522
8799,1,1,0.9998971223831177
8800,2,2,0.9999997615814209
8801,3,3,0.9999673366546631
8802,4,4,0.9999998807907104
8803,5,5,0.9999998807907104
8804,6,6,0.999962568283081
8805,7,7,0.999980092048645
8806,8,8,0.99897301197052
8807,9,9,0.9999761581420898
8808,0,0,0.9999994039535522
8809,1,1,0.9999732971191406
8810,2,2,0.9999291896820068
8811,3,3,0.9999853372573853
8812,4,4,0.9999865293502808
8813,5,5,0.9999998807907104
8814,6,6,0.9999886751174927
8815,7,7,0.999995231628418
8816,8,8,0.9999496936798096
8817,9,9,0.9999825954437256
8818,0,0,0.9999986886978149
8819,1,1,0.9999204874038696
8820,2,2,0.9998714923858643
8821,3,3,0.999832272529602
8822,4,4,0.9999786615371704
8823,5,5,0.9999748468399048
8824,6,6,0.9999901056289673
8825,7,7,0.9996464252471924
8826,8,8,0.9999576807022095
8827,9,9,0.9999520778656006
8828,6,6,0.999997615814209
8829,4,4,0.9999794960021973
8830,2,2,0.999982476234436
8831,6,6,0.9999970197677612
8832,4,4,0.9999980926513672
8833,7,7,0.9999772310256958
8834,5,5,0.9999998807907104
8835,5,5,0.9999997615814209
8836,4,4,0.9999979734420776
8837,7,7,0.9999321699142456
8838,2,2,0.9999991655349731
8839,9,9,0.9998230338096619
8840,3,3,0.9999971389770508
8841,9,9,0.9999960660934448
8842,3,3,0.9998717308044434
8843,8,8,0.9994592070579529
8844,2,2,0.9999946355819702
8845,0,0,0.9999994039535522
8846,9,9,0.9998855590820312
8847,5,5,0.9999547004699707
8848,6,6,0.9999765157699585
8849,0,0,0.9999951124191284
8850,1,1,0.999996542930603
8851,0,0,0.9999983310699463
8852,6,6,0.9999996423721313
8853,5,5,0.9999994039535522
8854,3,3,0.9999819993972778
8855,5,5,0.9999961853027344
8856,3,3,0.999991774559021
8857,8,8,0.9999679327011108
8858,0,0,0.9999998807907104
8859,0,0,0.9999935626983643
8860,3,3,0.9999873638153076
8861,4,4,0.9999852180480957
8862,1,1,0.9999783039093018
8863,5,5,0.9999701976776123
8864,3,3,0.9999927282333374
8865,0,0,0.9999969005584717
8866,8,8,0.9995254278182983
8867,3,3,0.9999563694000244
8868,0,0,0.9999797344207764
8869,6,6,0.9999244213104248
8870,2,2,0.9999946355819702
8871,7,7,0.999997615814209
8872,8,8,0.9999991655349731
8873,1,1,0.9999752044677734
8874,7,7,0.9999978542327881
8875,1,1,0.9999759197235107
8876,3,3,0.999966025352478
8877,8,8,0.9999991655349731
8878,5,5,0.9999992847442627
8879,4,4,0.9999994039535522
8880,2,2,0.9999954700469971
8881,0,0,0.9999988079071045
8882,9,9,0.9977682828903198
8883,7,7,0.9999990463256836
8884,6,6,0.9999990463256836
8885,7,7,0.9999514818191528
8886,4,4,0.9999816417694092
8887,1,1,0.9994121789932251
8888,6,6,0.9999991655349731
8889,2,2,0.9997974038124084
8890,6,6,0.9999465942382812
8891,7,7,0.9999982118606567
8892,1,1,0.9996833801269531
8893,9,9,0.9999994039535522
8894,8,8,0.9999996423721313
8895,0,0,0.9999992847442627
8896,6,6,0.9999752044677734
8897,9,9,0.9999480247497559
8898,4,4,0.9999982118606567
8899,9,9,0.9999911785125732
8900,9,9,0.9999796152114868
8901,6,6,0.9998061060905457
8902,2,2,0.9999722242355347
8903,3,3,0.9999886751174927
8904,7,7,0.9998363256454468
8905,1,1,0.9999611377716064
8906,9,9,0.9999868869781494
8907,2,2,0.9999988079071045
8908,2,2,0.9999706745147705
8909,5,5,0.9999996423721313
8910,3,3,0.9999914169311523
8911,7,7,0.9999630451202393
8912,8,8,0.9997908473014832
8913,0,0,0.999994158744812
8914,1,1,0.9999750852584839
8915,2,2,0.999997615814209
8916,3,3,0.9999905824661255
8917,4,4,0.9998242259025574
8918,7,7,0.9996727705001831
8919,8,8,1.0
8920,9,9,0.9999969005584717
8921,0,0,0.9999982118606567
8922,1,1,0.9999574422836304
8923,2,2,0.9999368190765381
8924,3,3,0.99997878074646
8925,4,4,0.9999991655349731
8926,7,7,0.9999661445617676
8927,8,8,0.9999997615814209
8928,9,9,0.9999932050704956
8929,0,0,0.9999991655349731
8930,1,1,0.9998849630355835
8931,7,7,0.998316764831543
8932,8,8,0.9999991655349731
8933,9,9,0.9999991655349731
8934,8,8,0.9999996423721313
8935,9,9,0.9999997615814209
8936,2,2,0.9999936819076538
8937,6,6,0.9999881982803345
8938,1,1,0.999962329864502
8939,3,3,0.99996018409729
8940,5,5,0.9999992847442627
8941,4,4,0.9999771118164062
8942,8,8,0.9989972710609436
8943,2,2,0.999950647354126
8944,6,6,0.9994946718215942
8945,4,4,0.9999908208847046
8946,3,3,0.9999517202377319
8947,4,4,0.9999642372131348
8948,5,5,0.9998748302459717
8949,9,9,0.9999992847442627
8950,2,2,0.9999821186065674
8951,0,0,0.9999983310699463
8952,3,3,0.9681642651557922
8953,9,9,0.9999951124191284
8954,4,4,0.9969393014907837
8955,9,9,0.9999939203262329
8956,7,7,0.9967825412750244
8957,3,3,0.99997878074646
8958,8,8,0.999992847442627
8959,7,7,0.9988401532173157
8960,4,4,0.9999963045120239
8961,4,4,0.9998718500137329
8962,9,9,0.9999858140945435
8963,8,8,0.9999798536300659
8964,5,5,0.9999985694885254
8965,8,8,1.0
8966,2,2,0.999996542930603
8967,6,6,0.999902606010437
8968,6,6,0.9999974966049194
8969,2,2,0.9998736381530762
8970,3,3,0.9999837875366211
8971,1,1,0.9999774694442749
8972,3,3,0.9999992847442627
8973,2,2,0.9999620914459229
8974,7,7,0.9844251871109009
8975,3,3,0.9996304512023926
8976,1,1,0.9999005794525146
8977,9,9,0.9999926090240479
8978,0,0,0.9999982118606567
8979,1,1,0.9999382495880127
8980,1,1,0.999785840511322
8981,3,3,0.9998683929443359
8982,5,5,0.9998596906661987
8983,0,0,0.9999794960021973
8984,7,7,0.9976118803024292
8985,8,8,0.9999998807907104
8986,1,1,0.999942421913147
8987,5,5,0.9999998807907104
8988,1,1,0.9999239444732666
8989,4,4,0.9999991655349731
8990,6,6,0.9999977350234985
8991,0,0,0.9999998807907104
8992,0,0,0.9999992847442627
8993,4,4,0.999988317489624
8994,9,9,0.9999953508377075
8995,1,1,0.9999186992645264
8996,6,6,0.9999983310699463
8997,6,6,0.9999866485595703
8998,9,9,0.999809205532074
8999,0,0,0.9999943971633911
9000,7,7,0.9999592304229736
9001,6,6,0.9999918937683105
9002,1,1,0.9998335838317871
9003,1,1,0.999745786190033
9004,0,0,0.9999864101409912
9005,1,1,0.9998239874839783
9006,2,2,0.9999617338180542
9007,3,3,0.9998832941055298
9008,4,4,0.9999476671218872
9009,7,2,0.9058836102485657
9010,2,2,0.9998654127120972
9011,3,3,0.996859073638916
9012,4,4,0.9915355443954468
9013,5,5,0.9997971653938293
9014,6,6,0.9974395036697388
9015,7,2,0.9616909623146057
9016,0,0,0.9590673446655273
9017,1,1,0.9997459053993225
9018,2,2,0.9995425939559937
9019,7,2,0.7334839701652527
9020,8,8,0.9999977350234985
9021,6,6,0.9999967813491821
9022,3,3,0.998837411403656
9023,9,9,0.9997714161872864
9024,7,2,0.5533187985420227
9025,1,1,0.945417582988739
9026,9,9,0.9999797344207764
9027,3,3,0.9986478686332703
9028,9,9,0.999538779258728
9029,6,6,0.9999713897705078
9030,1,1,0.9999426603317261
9031,7,7,0.9995753169059753
9032,2,2,0.9998661279678345
9033,4,4,0.999902606010437
9034,4,4,0.9999772310256958
9035,5,5,0.9999624490737915
9036,7,2,0.6483067870140076
9037,0,0,0.9999864101409912
9038,0,0,0.999277651309967
9039,1,1,0.9992815852165222
9040,6,6,0.9988070726394653
9041,6,6,0.9998997449874878
9042,8,8,0.9999998807907104
9043,2,2,0.999967098236084
9044,7,7,0.999850869178772
9045,7,7,0.9952784776687622
9046,2,2,0.999546229839325
9047,4,4,0.9999678134918213
9048,2,2,0.9999973773956299
9049,1,1,0.9998495578765869
9050,6,6,0.9995537400245667
9051,1,1,0.9743135571479797
9052,0,0,0.9999680519104004
9053,6,6,0.9999910593032837
9054,9,9,0.999210000038147
9055,8,8,0.9999980926513672
9056,3,3,0.999962568283081
9057,9,9,0.9999759197235107
9058,6,6,0.9999728202819824
9059,3,3,0.9994180202484131
9060,0,0,0.9999998807907104
9061,1,1,0.9998123049736023
9062,2,2,0.9992557168006897
9063,3,3,0.9999181032180786
9064,4,4,0.9999905824661255
9065,5,5,0.9999994039535522
9066,6,6,0.9999995231628418
9067,7,7,0.9999949932098389
9068,8,8,0.9991950392723083
9069,9,9,0.9981069564819336
9070,0,0,0.9999819993972778
9071,1,1,0.8212487101554871
9072,2,2,0.9999628067016602
9073,3,3,0.9996412992477417
9074,4,4,0.9999994039535522
9075,5,5,0.9999996423721313
9076,6,6,0.9999970197677612
9077,7,7,1.0
9078,8,8,0.9999992847442627
9079,9,9,0.9987058639526367
9080,0,0,0.9999990463256836
9081,1,1,0.9999105930328369
9082,2,2,0.9999911785125732
9083,3,3,0.9999990463256836
9084,4,4,0.9995645880699158
9085,5,5,0.99982750415802
9086,6,6,0.9999978542327881
9087,7,7,0.9999996423721313
9088,8,8,0.9998983144760132
9089,9,9,0.9998109936714172
9090,1,1,0.9999920129776001
9091,6,6,0.9999921321868896
9092,8,8,0.9999033212661743
9093,9,9,0.9989546537399292
9094,9,9,0.9991950392723083
9095,0,0,0.9999443292617798
9096,1,1,0.999703586101532
9097,2,2,0.9999934434890747
9098,4,4,0.9999988079071045
9099,4,4,0.9999978542327881
9100,3,3,0.9999984502792358
9101,7,7,0.9999994039535522
9102,4,4,0.9999722242355347
9103,4,4,0.9996819496154785
9104,4,4,0.999962568283081
9105,0,0,0.9999914169311523
9106,3,3,0.9999992847442627
9107,8,8,0.9999995231628418
9108,7,7,0.9999852180480957
9109,5,5,0.9999998807907104
9110,8,8,0.997154951095581
9111,2,2,0.999996542930603
9112,1,1,0.9984000325202942
9113,7,7,0.9997404217720032
9114,5,5,0.9999984502792358
9115,3,3,0.9999761581420898
9116,8,8,0.9994311928749084
9117,5,5,0.9999980926513672
9118,2,2,0.9999785423278809
9119,5,5,0.9999809265136719
9120,1,1,0.999943733215332
9121,1,1,0.9999798536300659
9122,6,6,0.9999922513961792
9123,2,2,0.9999954700469971
9124,1,1,0.9999887943267822
9125,3,3,0.999994158744812
9126,8,8,0.9999507665634155
9127,6,6,0.9999513626098633
9128,4,4,0.9999452829360962
9129,2,2,0.9999892711639404
9130,6,6,0.9999827146530151
9131,2,2,0.9999653100967407
9132,5,5,0.9999958276748657
9133,5,5,0.9999992847442627
9134,0,0,0.9999722242355347
9135,2,2,0.999997615814209
9136,8,8,0.9998263716697693
9137,0,0,0.9999939203262329
9138,6,6,0.9999994039535522
9139,8,8,0.9999613761901855
9140,1,1,0.999982476234436
9141,7,7,0.998127281665802
9142,9,9,0.9999300241470337
9143,1,1,0.9999958276748657
9144,9,9,0.9999010562896729
9145,2,2,0.9999955892562866
9146,6,6,0.9999139308929443
9147,7,7,0.9999980926513672
9148,6,6,0.9999769926071167
9149,6,6,0.9999865293502808
9150,8,8,0.9999287128448486
9151,7,7,0.9999604225158691
9152,4,4,0.999997615814209
9153,9,9,0.9995080232620239
9154,2,2,0.999996542930603
9155,1,1,0.9997718930244446
9156,3,3,0.9999005794525146
9157,3,3,0.9999912977218628
9158,0,0,0.9808835983276367
9159,5,5,0.9999961853027344
9160,5,5,0.9999994039535522
9161,8,8,0.9999616146087646
9162,0,0,0.9999929666519165
9163,3,3,0.9979833364486694
9164,7,7,0.9999994039535522
9165,9,9,0.9999288320541382
9166,7,7,0.9999939203262329
9167,0,0,0.9999992847442627
9168,2,2,0.9997343420982361
9169,7,7,0.999988317489624
9170,9,9,0.9994753003120422
9171,1,1,0.9999828338623047
9172,7,7,0.9984796643257141
9173,8,8,0.9999740123748779
9174,0,0,0.9999992847442627
9175,3,3,0.9999940395355225
9176,5,5,0.9999920129776001
9177,3,3,0.9999996423721313
9178,6,6,0.9999992847442627
9179,0,0,0.9999996423721313
9180,1,1,0.99992835521698
9181,2,2,0.9999834299087524
9182,3,3,0.9999101161956787
9183,4,4,0.9997844099998474
9184,5,5,0.9999967813491821
9185,6,6,0.9999817609786987
9186,7,7,0.9997259974479675
9187,8,8,0.9999909400939941
9188,9,9,0.9997029900550842
9189,0,0,0.9999997615814209
9190,1,1,0.9999736547470093
9191,2,2,0.9998262524604797
9192,3,3,0.9997406601905823
9193,4,4,0.9999951124191284
9194,5,5,0.9999704360961914
9195,6,6,0.9999942779541016
9196,7,7,0.999713122844696
9197,8,8,0.9999128580093384
9198,9,9,0.99998939037323
9199,0,0,0.9999969005584717
9200,1,1,0.9999305009841919
9201,2,2,0.9999914169311523
9202,3,3,0.9969485402107239
9203,4,4,0.9999768733978271
9204,7,7,0.9998169541358948
9205,8,8,0.9993849992752075
9206,9,9,0.9999949932098389
9207,6,6,0.9999544620513916
9208,4,4,0.9764202237129211
9209,2,2,0.9961357712745667
9210,6,6,0.9800293445587158
9211,4,4,0.9567732214927673
9212,7,7,0.9995941519737244
9213,8,8,0.9999963045120239
9214,9,9,0.9985800981521606
9215,2,2,0.9998880624771118
9216,9,9,0.9976813793182373
9217,3,3,0.9993083477020264
9218,9,9,0.9999544620513916
9219,3,3,0.999969482421875
9220,0,0,0.9999994039535522
9221,0,0,0.9999979734420776
9222,1,1,0.999950647354126
9223,0,0,0.9999970197677612
9224,4,4,0.9999473094940186
9225,2,2,0.999313473701477
9226,6,6,0.9999573230743408
9227,3,3,0.9995527863502502
9228,5,5,0.9999932050704956
9229,3,3,0.9999669790267944
9230,0,0,0.9999912977218628
9231,3,3,0.9996488094329834
9232,4,4,0.9999791383743286
9233,1,1,0.9999202489852905
9234,5,5,0.9999669790267944
9235,3,3,0.999984860420227
9236,0,0,0.9999990463256836
9237,8,8,0.9999061822891235
9238,3,3,0.9999642372131348
9239,0,0,0.9999998807907104
9240,6,6,0.9998854398727417
9241,1,1,0.9999635219573975
9242,7,7,0.99993896484375
9243,8,8,0.9996529817581177
9244,0,0,0.9999912977218628
9245,9,9,0.9993059635162354
9246,2,2,0.9999797344207764
9247,6,6,0.9999836683273315
9248,7,7,0.998150110244751
9249,1,1,0.9999611377716064
9250,9,9,0.9999916553497314
9251,6,6,0.999990701675415
9252,9,9,0.9958562254905701
9253,4,4,0.9856410026550293
9254,9,9,0.9999918937683105
9255,9,9,0.9993659853935242
9256,6,6,0.9998304843902588
9257,7,7,0.9963991641998291
9258,1,1,0.999930739402771
9259,2,2,0.999308705329895
9260,5,5,0.9999973773956299
9261,3,3,0.9999427795410156
9262,7,7,0.999931812286377
9263,8,8,0.9999727010726929
9264,0,0,0.9999972581863403
9265,1,1,0.9976993203163147
9266,2,2,0.9999964237213135
9267,4,4,0.9998831748962402
9268,5,5,0.9999986886978149
9269,6,6,0.9999984502792358
9270,7,7,0.9999988079071045
9271,8,8,0.9999990463256836
9272,9,9,0.999990701675415
9273,0,0,0.9999984502792358
9274,1,1,0.9999281167984009
9275,3,3,0.999958872795105
9276,4,4,0.9999991655349731
9277,5,5,0.99998939037323
9278,6,6,0.9999984502792358
9279,7,7,0.9999998807907104
9280,8,8,0.9328394532203674
9281,0,0,0.9998681545257568
9282,1,1,0.999991774559021
9283,3,3,0.9999978542327881
9284,4,4,0.9999972581863403
9285,7,7,0.9999995231628418
9286,8,8,0.9999979734420776
9287,9,9,0.9999845027923584
9288,7,7,0.9999996423721313
9289,5,5,0.9999972581863403
9290,5,5,0.999997615814209
9291,1,1,0.9999785423278809
9292,9,9,0.9999039173126221
9293,9,9,0.9998756647109985
9294,7,7,0.9999990463256836
9295,1,1,0.9999511241912842
9296,0,0,0.9977376461029053
9297,0,0,0.9999563694000244
9298,5,5,0.9999996423721313
9299,9,9,0.99997878074646
9300,7,7,1.0
9301,1,1,0.9999675750732422
9302,7,7,0.9999996423721313
9303,2,2,0.9996246099472046
9304,2,2,0.9999799728393555
9305,3,3,0.9999723434448242
9306,6,6,1.0
9307,8,8,0.9999998807907104
9308,3,3,0.9896116256713867
9309,2,2,0.9995728135108948
9310,0,0,0.9999372959136963
9311,0,0,0.9997957348823547
9312,6,6,0.9999970197677612
9313,1,1,0.9999362230300903
9314,7,7,0.9999973773956299
9315,5,5,0.9999761581420898
9316,8,8,0.99899822473526
9317,6,6,0.9999910593032837
9318,2,2,0.9997764229774475
9319,9,9,0.9987780451774597
9320,4,4,0.9998144507408142
9321,8,8,0.9999955892562866
9322,8,8,0.9999997615814209
9323,7,7,0.9999998807907104
9324,1,1,0.9999706745147705
9325,0,0,0.9998924732208252
9326,8,8,0.9999895095825195
9327,7,7,0.9999997615814209
9328,7,7,0.999998927116394
9329,5,5,0.9999998807907104
9330,8,8,0.9999997615814209
9331,5,5,0.9999182224273682
9332,3,3,0.9997497200965881
9333,4,4,0.9999940395355225
9334,6,6,0.9999984502792358
9335,1,1,0.9997405409812927
9336,1,1,0.9999735355377197
9337,5,5,0.9999924898147583
9338,5,5,0.9999990463256836
9339,0,0,0.9999017715454102
9340,7,7,0.9999955892562866
9341,2,2,0.9997788071632385
9342,3,3,0.9923088550567627
9343,6,6,0.9999954700469971
9344,4,4,0.9999382495880127
9345,1,1,0.999988317489624
9346,2,2,0.9979777932167053
9347,4,4,0.9998902082443237
9348,1,1,0.9999911785125732
9349,5,5,0.9999997615814209
9350,4,4,0.9993289709091187
9351,2,2,0.9999822378158569
9352,0,0,0.999997615814209
9353,4,4,0.9999487400054932
9354,8,8,0.9999980926513672
9355,6,6,0.9999985694885254
9356,1,1,0.999834418296814
9357,9,9,0.9999388456344604
9358,0,0,0.999998927116394
9359,2,2,0.9999994039535522
9360,5,5,0.9999954700469971
9361,6,6,0.9999992847442627
9362,9,9,0.9999891519546509
9363,3,3,0.9999531507492065
9364,6,6,0.9999885559082031
9365,3,3,0.9999717473983765
9366,6,6,0.9998904466629028
9367,0,0,1.0
9368,1,1,0.9999939203262329
9369,2,2,0.9998831748962402
9370,3,3,0.9999630451202393
9371,4,4,0.9998894929885864
9372,5,5,0.9999954700469971
9373,6,6,0.9999992847442627
9374,7,7,0.9999918937683105
9375,8,8,0.9990099668502808
9376,9,9,0.9999977350234985
9377,0,0,0.9989991784095764
9378,1,1,0.9999966621398926
9379,2,2,0.9998973608016968
9380,3,3,0.9999605417251587
9381,4,4,0.9978340268135071
9382,5,5,0.9977964162826538
9383,6,6,0.9999690055847168
9384,7,7,0.9999991655349731
9385,8,8,0.9492311477661133
9386,9,9,0.9999834299087524
9387,0,0,0.9999854564666748
9388,1,1,0.9999479055404663
9389,2,2,0.9999973773956299
9390,3,3,0.9999873638153076
9391,5,5,0.9999957084655762
9392,6,6,0.9998700618743896
9393,7,7,0.9999996423721313
9394,8,8,0.9986556768417358
9395,1,1,0.9999673366546631
9396,0,0,0.9999829530715942
9397,9,9,0.9997010231018066
9398,5,5,0.9999955892562866
9399,7,7,0.9999985694885254
9400,5,5,0.9999697208404541
9401,1,1,0.9999781847000122
9402,8,8,0.9999924898147583
9403,6,6,0.9999998807907104
9404,9,9,0.9998090863227844
9405,0,0,0.9999357461929321
9406,4,4,0.9999308586120605
9407,1,1,0.999984622001648
9408,9,9,0.9999982118606567
9409,3,3,0.999990701675415
9410,8,8,0.9980206489562988
9411,4,4,0.9969655871391296
9412,4,4,0.9999785423278809
9413,7,7,0.9999725818634033
9414,0,0,0.9999982118606567
9415,1,1,0.9999895095825195
9416,9,9,0.999811589717865
9417,2,2,0.9999994039535522
9418,8,8,0.9999974966049194
9419,7,7,0.9999996423721313
9420,8,8,0.9999998807907104
9421,2,2,0.9885022640228271
9422,5,5,0.9998365640640259
9423,9,9,0.9941913485527039
9424,6,6,0.9999982118606567
9425,0,0,0.9981160163879395
9426,6,6,0.9997598528862
9427,5,5,0.9999642372131348
9428,5,5,0.9999992847442627
9429,3,3,0.9999600648880005
9430,3,3,0.9999938011169434
9431,3,3,0.9999991655349731
9432,9,9,0.9999986886978149
9433,8,8,0.9997019171714783
9434,1,1,0.9999940395355225
9435,1,1,0.999996542930603
9436,0,0,0.9999735355377197
9437,6,6,0.9999899864196777
9438,1,1,0.9999767541885376
9439,0,0,0.9999778270721436
9440,0,0,0.9999843835830688
9441,6,6,0.9999642372131348
9442,2,2,0.9999003410339355
9443,1,1,0.9999785423278809
9444,1,1,0.9999170303344727
9445,3,3,0.9999986886978149
9446,2,2,0.8652134537696838
9447,7,7,0.9995096921920776
9448,7,7,0.9999457597732544
9449,8,8,0.9999796152114868
9450,8,8,0.9110556840896606
9451,7,7,0.9999945163726807
9452,8,8,0.9999867677688599
9453,4,4,0.9999161958694458
9454,6,6,0.9999334812164307
9455,0,0,0.999984860420227
9456,2,2,0.991726279258728
9457,0,0,0.9999967813491821
9458,7,7,0.9999817609786987
9459,0,0,0.9999980926513672
9460,3,3,0.999997615814209
9461,6,6,0.9999979734420776
9462,8,8,0.9999995231628418
9463,7,7,0.9944961667060852
9464,1,1,0.9999810457229614
9465,5,5,0.9999886751174927
9466,9,9,0.9998944997787476
9467,9,9,0.9999866485595703
9468,3,3,0.9999964237213135
9469,7,7,0.9999291896820068
9470,2,2,0.9999839067459106
9471,4,4,0.9986469149589539
9472,9,9,0.9999946355819702
9473,4,4,0.9999741315841675
9474,3,3,0.9989250302314758
9475,6,6,1.0
9476,2,2,0.999995231628418
9477,2,2,0.9944427609443665
9478,5,5,0.9999274015426636
9479,3,3,0.9999496936798096
9480,2,2,0.9999295473098755
9481,5,5,0.9999979734420776
9482,5,5,0.9999884366989136
9483,9,9,0.9999536275863647
9484,4,4,0.9998879432678223
9485,1,1,0.9999853372573853
9486,7,7,0.9999943971633911
9487,2,2,0.9999990463256836
9488,0,0,0.9995524287223816
9489,1,1,0.9995325803756714
9490,2,2,0.9997416138648987
9491,3,3,0.9992976188659668
9492,4,4,0.9848436713218689
9493,5,5,0.999993085861206
9494,6,6,0.9999462366104126
9495,7,7,0.9999749660491943
9496,8,8,0.9999748468399048
9497,9,9,0.9975021481513977
9498,0,0,0.9999986886978149
9499,1,1,0.9999896287918091
9500,2,2,0.9879311323165894
9501,3,3,0.9999181032180786
9502,4,4,0.999339759349823
9503,5,5,0.9999754428863525
9504,6,6,0.9999990463256836
9505,7,7,0.7889347076416016
9506,8,8,0.999996542930603
9507,9,9,0.9980185031890869
9508,0,0,0.9999562501907349
9509,1,1,0.9980290532112122
9510,2,2,0.9999949932098389
9511,3,3,0.9997389912605286
9512,4,4,0.9974485039710999
9513,5,5,0.9998512268066406
9514,6,6,0.9998892545700073
9515,7,7,0.999961256980896
9516,8,8,0.9999997615814209
9517,9,9,0.993535041809082
9518,1,1,0.9997017979621887
9519,0,0,0.9999997615814209
9520,1,1,0.9999823570251465
9521,2,2,0.9998897314071655
9522,7,7,0.9995699524879456
9523,5,5,0.9999556541442871
9524,3,3,0.9998641014099121
9525,4,4,0.9999761581420898
9526,4,4,0.999957799911499
9527,0,0,0.9937008619308472
9528,0,0,0.9999996423721313
9529,6,6,0.9999961853027344
9530,9,9,0.741226077079773
9531,6,6,0.9999176263809204
9532,6,6,0.9999328851699829
9533,5,5,0.9999967813491821
9534,7,7,0.9937044978141785
9535,2,2,0.9999445676803589
9536,3,3,0.9998413324356079
9537,4,4,0.9995110034942627
9538,4,4,0.9529829025268555
9539,9,9,0.9928614497184753
9540,1,1,0.8562141060829163
9541,4,4,0.9864870309829712
9542,0,0,0.9992577433586121
9543,7,7,0.9999921321868896
9544,9,9,0.9980694651603699
9545,5,5,0.9999964237213135
9546,7,7,0.9997896552085876
9547,2,2,0.9999967813491821
9548,3,3,0.9999973773956299
9549,1,1,0.9999139308929443
9550,4,4,0.9999269247055054
9551,4,4,0.9999792575836182
9552,0,0,0.9999830722808838
9553,9,9,0.9997771382331848
9554,9,9,0.9333456158638
9555,6,6,0.9999990463256836
9556,1,1,0.9935816526412964
9557,8,8,0.9999912977218628
9558,3,3,0.9999784231185913
9559,3,3,0.9998069405555725
9560,7,7,0.9973917007446289
9561,3,3,0.9998675584793091
9562,9,9,0.9941712021827698
9563,8,8,0.9999927282333374
9564,8,8,0.9995988011360168
9565,4,4,0.9999972581863403
9566,7,7,0.9999955892562866
9567,7,7,0.9999891519546509
9568,6,6,0.9999841451644897
9569,2,2,0.9994146823883057
9570,1,1,0.9999934434890747
9571,9,9,0.9943426847457886
9572,8,8,0.9999932050704956
9573,7,7,0.9999990463256836
9574,8,8,0.9999996423721313
9575,8,8,0.9999845027923584
9576,7,7,0.9977219700813293
9577,2,2,0.9997337460517883
9578,2,2,0.9999833106994629
9579,3,3,0.9999732971191406
9580,9,9,0.9963052272796631
9581,3,3,0.9999984502792358
9582,3,3,0.9999182224273682
9583,5,5,0.9999985694885254
9584,5,5,0.9999992847442627
9585,0,0,0.9999973773956299
9586,7,7,0.9995892643928528
9587,9,9,0.9173062443733215
9588,5,5,0.9999768733978271
9589,6,6,0.999990701675415
9590,5,5,0.9999998807907104
9591,1,1,0.997546374797821
9592,4,4,0.9999221563339233
9593,1,1,0.9999855756759644
9594,1,1,0.9885375499725342
9595,2,2,0.9956166744232178
9596,8,8,0.9992716908454895
9597,2,2,0.9999991655349731
9598,6,6,0.9999948740005493
9599,1,1,0.9997994303703308
9600,5,5,0.9999833106994629
9601,0,0,0.9999969005584717
9602,1,1,0.9998798370361328
9603,2,2,0.9999489784240723
9604,3,3,0.9993712306022644
9605,4,4,0.9998341798782349
9606,5,5,0.9998974800109863
9607,6,6,0.9978107810020447
9608,7,7,0.9999748468399048
9609,8,8,0.9999998807907104
9610,9,9,0.9998593330383301
9611,0,0,0.9999984502792358
9612,1,1,0.9252326488494873
9613,2,2,0.9993844032287598
9614,3,3,0.9936609268188477
9615,4,4,0.9986756443977356
9616,5,5,0.9999997615814209
9617,6,6,0.9992610812187195
9618,7,7,0.9908473491668701
9619,8,8,0.9999970197677612
9620,9,9,0.9295554757118225
9621,0,0,0.9999744892120361
9622,1,1,0.9974938631057739
9623,2,2,0.9999560117721558
9624,3,3,0.9959081411361694
9625,4,4,0.9642339944839478
9626,5,5,0.9999953508377075
9627,6,6,0.9914336204528809
9628,7,7,0.9987249970436096
9629,8,8,0.9990467429161072
9630,8,8,0.999998927116394
9631,0,0,0.9999947547912598
9632,6,6,0.9991119503974915
9633,0,0,0.9999977350234985
9634,0,0,0.5153905749320984
9635,2,2,0.9999966621398926
9636,3,3,0.8766636848449707
9637,7,7,0.9915279150009155
9638,9,9,0.9980505704879761
9639,4,4,0.9993234872817993
9640,7,7,0.999663233757019
9641,1,1,0.9985455274581909
9642,9,7,0.7959855794906616
9643,1,1,0.8442429900169373
9644,7,7,0.9829478859901428
9645,1,1,0.9996283054351807
9646,4,4,0.9991875290870667
9647,0,0,0.9999994039535522
9648,0,0,0.9999995231628418
9649,1,1,0.9992189407348633
9650,7,7,0.9999645948410034
9651,5,5,0.9999890327453613
9652,7,7,0.8684074282646179
9653,1,1,0.9752762913703918
9654,3,3,0.9739111065864563
9655,3,5,0.7901719212532043
9656,3,3,0.997833788394928
9657,1,1,0.999859094619751
9658,6,6,0.9998489618301392
9659,9,9,0.9999868869781494
9660,7,7,0.9991452693939209
9661,1,1,0.967979907989502
9662,3,3,0.9996954202651978
9663,0,0,0.999680757522583
9664,2,7,0.7697670459747314
9665,6,6,0.9998719692230225
9666,0,0,0.9992061257362366
9667,8,8,0.9999996423721313
9668,9,9,0.999996542930603
9669,4,4,0.5825278759002686
9670,3,3,0.999849796295166
9671,5,5,0.9999960660934448
9672,4,4,0.9964067339897156
9673,8,8,0.9999995231628418
9674,1,1,0.9997872710227966
9675,5,5,0.9999926090240479
9676,9,9,0.9998675584793091
9677,0,0,0.9873884320259094
9678,6,6,0.9994322657585144
9679,6,3,0.3547837734222412
9680,3,3,0.9993359446525574
9681,8,8,0.9999922513961792
9682,1,1,0.9999716281890869
9683,4,4,0.9977328777313232
9684,7,7,0.9991432428359985
9685,5,5,0.999990701675415
9686,2,2,0.9994751811027527
9687,0,0,0.9998495578765869
9688,0,0,0.9999314546585083
9689,1,1,0.999869704246521
9690,7,7,0.9997726082801819
9691,8,8,0.9999017715454102
9692,9,7,0.651880145072937
9693,6,6,0.9759716391563416
9694,8,8,0.9997583031654358
9695,8,8,0.9998993873596191
9696,2,2,0.9980941414833069
9697,3,3,0.9874610304832458
9698,6,6,0.966648519039154
9699,1,1,0.9981693029403687
9700,2,2,0.9714483618736267
9701,9,9,0.999103844165802
9702,5,5,0.9999980926513672
9703,2,2,0.9999340772628784
9704,0,0,0.9999982118606567
9705,1,1,0.9999910593032837
9706,2,2,0.9999637603759766
9707,3,3,0.9999951124191284
9708,4,4,0.9997515082359314
9709,5,5,0.9999794960021973
9710,6,6,0.999932050704956
9711,7,7,0.9991742968559265
9712,8,8,0.9989583492279053
9713,9,9,0.9993475079536438
9714,0,0,0.9999089241027832
9715,1,1,0.9999706745147705
9716,2,2,0.6428451538085938
9717,3,3,0.9999873638153076
9718,4,4,0.9999945163726807
9719,5,5,0.9982688426971436
9720,6,6,0.9973815083503723
9721,7,7,0.9991350769996643
9722,8,8,0.9999740123748779
9723,9,9,0.9996870756149292
9724,0,0,0.9999752044677734
9725,1,1,0.9999572038650513
9726,2,2,0.9395031929016113
9727,3,3,0.9999836683273315
9728,4,4,0.9997684359550476
9729,5,6,0.8412231206893921
9730,6,6,0.998359739780426
9731,7,7,0.980628490447998
9732,8,8,0.9996778964996338
9733,9,9,0.9886893630027771
9734,7,7,0.9864149689674377
9735,4,4,0.9625430703163147
9736,6,6,0.9677794575691223
9737,1,1,0.9999611377716064
9738,4,4,0.9977779984474182
9739,0,0,0.9999396800994873
9740,9,9,0.997891366481781
9741,9,9,0.9705787301063538
9742,3,3,0.9998581409454346
9743,7,7,0.9994819760322571
9744,8,8,0.9381415247917175
9745,4,4,0.9910849928855896
9746,7,7,0.9739993214607239
9747,5,5,0.9997809529304504
9748,8,8,0.9999597072601318
9749,5,5,0.9923344254493713
9750,3,3,0.9997991919517517
9751,2,2,0.9926306009292603
9752,2,2,0.9911449551582336
9753,0,0,0.9999953508377075
9754,5,5,0.999420166015625
9755,8,8,0.9106939435005188
9756,6,6,0.9960196614265442
9757,0,0,0.9999979734420776
9758,3,3,0.9996836185455322
9759,8,8,0.9999858140945435
9760,1,1,0.9998517036437988
9761,0,0,0.9999796152114868
9762,3,3,0.9766056537628174
9763,0,0,0.9999459981918335
9764,4,4,0.9998393058776855
9765,7,7,0.9986685514450073
9766,4,4,0.9999732971191406
9767,9,9,0.9992524981498718
9768,2,2,0.4708201289176941
9769,9,9,0.9999675750732422
9770,5,0,0.9750249981880188
9771,7,7,0.9965671300888062
9772,1,1,0.9999897480010986
9773,7,7,0.9678242802619934
9774,1,1,0.9999774694442749
9775,6,6,0.9999607801437378
9776,6,6,0.9993095397949219
9777,5,5,0.9913724660873413
9778,6,6,0.9999357461929321
9779,2,2,0.7470390796661377
9780,8,8,0.9853716492652893
9781,7,7,0.9355506896972656
9782,6,6,0.9558358192443848
9783,4,4,0.9999278783798218
9784,9,9,0.9995765089988708
9785,9,9,0.9999974966049194
9786,5,5,0.9999067783355713
9787,3,3,0.9999101161956787
9788,7,7,0.9910038709640503
9789,4,4,0.9983916878700256
9790,3,3,0.9988093376159668
9791,0,0,0.9999948740005493
9792,4,4,0.5273200273513794
9793,6,6,0.6543183326721191
9794,6,6,0.9999821186065674
9795,1,1,0.9996795654296875
9796,1,1,0.9999449253082275
9797,3,3,0.999882698059082
9798,2,2,0.9994761347770691
9799,1,1,0.9999805688858032
9800,0,0,0.9901729822158813
9801,0,0,0.9999997615814209
9802,1,1,0.9999864101409912
9803,2,2,0.9999929666519165
9804,3,3,0.9992395639419556
9805,4,4,0.9999998807907104
9806,7,7,0.9999958276748657
9807,8,8,0.9999963045120239
9808,9,9,0.9993433356285095
9809,0,0,0.9999955892562866
9810,1,1,0.9999784231185913
9811,2,2,0.9987381100654602
9812,3,3,0.999921441078186
9813,4,4,0.9999064207077026
9814,5,5,0.9999723434448242
9815,6,6,0.9997841715812683
9816,7,7,0.9998899698257446
9817,8,8,0.9996631145477295
9818,0,0,0.999992847442627
9819,1,1,0.9999485015869141
9820,2,2,0.9999743700027466
9821,3,3,0.999992847442627
9822,4,4,0.9999974966049194
9823,7,7,0.9999978542327881
9824,8,8,0.999910831451416
9825,9,9,0.9999986886978149
9826,0,0,0.9999479055404663
9827,8,8,0.9999948740005493
9828,3,3,0.9296380877494812
9829,9,9,0.999880313873291
9830,5,5,0.9999955892562866
9831,5,5,0.9999370574951172
9832,2,2,0.9972053170204163
9833,6,6,0.9997491240501404
9834,8,8,0.9868851900100708
9835,4,4,0.9999604225158691
9836,1,1,0.9999710321426392
9837,7,7,0.9999681711196899
9838,1,1,0.9999819993972778
9839,2,2,0.5496020913124084
9840,3,3,0.9556556940078735
9841,5,5,0.9999890327453613
9842,6,6,0.9998600482940674
9843,9,9,0.998060405254364
9844,1,1,0.9999148845672607
9845,1,1,0.9999210834503174
9846,1,1,0.999900221824646
9847,2,2,0.9964381456375122
9848,1,1,0.9999759197235107
9849,2,2,0.9999126195907593
9850,0,0,0.9989377856254578
9851,7,7,0.9999983310699463
9852,7,7,0.999922513961792
9853,5,5,0.9999233484268188
9854,8,8,0.9993059635162354
9855,2,2,0.9998792409896851
9856,9,9,0.9068076014518738
9857,8,8,0.9959259033203125
9858,6,6,0.982817530632019
9859,7,7,0.9999940395355225
9860,3,3,0.9947192668914795
9861,4,4,0.9999988079071045
9862,6,6,0.9969700574874878
9863,8,8,0.9269635081291199
9864,7,7,0.999909520149231
9865,0,0,0.9999897480010986
9866,4,4,0.9999970197677612
9867,2,2,0.9995139837265015
9868,7,7,0.9999427795410156
9869,7,7,0.9999996423721313
9870,5,5,0.9999639987945557
9871,4,4,0.9999977350234985
9872,3,3,0.9999841451644897
9873,4,4,0.9998204112052917
9874,2,2,0.9997336268424988
9875,8,8,0.9997652173042297
9876,1,1,0.9997900128364563
9877,5,5,0.9999997615814209
9878,1,1,0.9999397993087769
9879,0,0,0.7883814573287964
9880,2,2,0.9999254941940308
9881,3,3,0.9993711113929749
9882,3,3,0.9997360110282898
9883,5,5,0.9984776377677917
9884,7,7,0.9998594522476196
9885,0,0,0.9999970197677612
9886,6,6,0.9980785846710205
9887,8,8,0.9988564252853394
9888,6,0,0.7902458310127258
9889,3,3,0.9999866485595703
9890,9,9,0.999201238155365
9891,9,9,0.9620853662490845
9892,8,8,0.6452029943466187
9893,2,2,0.9941018223762512
9894,7,7,0.9999072551727295
9895,7,7,0.9999643564224243
9896,1,1,0.9999490976333618
9897,0,0,0.9999995231628418
9898,1,1,0.9999954700469971
9899,7,7,0.9999847412109375
9900,8,8,0.9997534155845642
9901,9,9,0.9997969269752502
9902,0,0,0.997916042804718
9903,1,1,0.9997372031211853
9904,2,8,0.8011546730995178
9905,3,3,0.9077655673027039
9906,4,4,0.9791056513786316
9907,5,5,0.999971866607666
9908,6,6,0.9999562501907349
9909,7,7,0.9998862743377686
9910,8,8,0.9998283386230469
9911,0,0,0.9999765157699585
9912,1,1,0.99989914894104
9913,2,2,0.9918366074562073
9914,3,3,0.9349840879440308
9915,4,4,0.9999732971191406
9916,7,7,0.9993332028388977
9917,8,8,0.9999997615814209
9918,9,9,0.9999681711196899
9919,7,7,0.9993773102760315
9920,8,8,0.9999986886978149
9921,6,6,0.9996806383132935
9922,4,4,0.9481381773948669
9923,1,1,0.9999698400497437
9924,9,9,0.9946494698524475
9925,3,3,0.9717550873756409
9926,8,8,0.9979028701782227
9927,4,4,0.9999649524688721
9928,4,4,0.9994146823883057
9929,7,7,0.9999765157699585
9930,0,0,0.9999998807907104
9931,1,1,0.9999760389328003
9932,9,9,0.9993879795074463
9933,2,2,0.999985933303833
9934,8,8,0.9999918937683105
9935,7,7,0.9997559189796448
9936,8,8,0.999357283115387
9937,2,2,0.9989270567893982
9938,6,6,0.9999682903289795
9939,0,0,0.9999834299087524
9940,6,6,0.9988489151000977
9941,5,5,0.9964116215705872
9942,3,3,0.9995357990264893
9943,3,3,0.9998898506164551
9944,3,3,0.9195658564567566
9945,9,9,0.999043881893158
9946,1,1,0.999966025352478
9947,4,4,0.9983850717544556
9948,0,0,0.9999973773956299
9949,6,6,0.9999880790710449
9950,1,1,0.9999499320983887
9951,0,0,0.999996542930603
9952,0,0,0.9999994039535522
9953,6,6,0.9998180270195007
9954,2,2,0.9994730353355408
9955,1,1,0.99979168176651
9956,1,1,0.9999222755432129
9957,7,7,0.999516487121582
9958,7,7,0.9996415376663208
9959,8,8,0.9786422252655029
9960,4,4,0.9998871088027954
9961,6,6,0.9999854564666748
9962,0,0,0.9999951124191284
9963,7,7,0.9999173879623413
9964,0,0,0.9999909400939941
9965,3,3,0.9956185221672058
9966,6,6,0.9999717473983765
9967,8,8,0.99994957447052
9968,7,7,0.9999309778213501
9969,1,1,0.9999573230743408
9970,5,5,0.9993411898612976
9971,2,2,0.9996145963668823
9972,4,4,0.9996771812438965
9973,9,9,0.9999735355377197
9974,4,4,0.9998218417167664
9975,3,3,0.8925542831420898
9976,6,6,0.9979323148727417
9977,4,4,0.9998648166656494
9978,1,1,0.9999593496322632
9979,7,7,0.9998220801353455
9980,2,2,0.9988872408866882
9981,6,6,0.9996582269668579
9982,5,6,0.7289706468582153
9983,0,0,0.9999998807907104
9984,1,1,0.9999902248382568
9985,2,2,0.9928550124168396
9986,3,3,0.9996106028556824
9987,4,4,0.9999970197677612
9988,5,5,0.9999996423721313
9989,6,6,0.9999897480010986
9990,7,7,0.9999943971633911
9991,8,8,0.999874472618103
9992,9,9,0.9999446868896484
9993,0,0,0.9998961687088013
9994,1,1,0.9999927282333374
9995,2,2,0.9999794960021973
9996,3,3,0.9994887113571167
9997,4,4,0.9998148083686829
9998,5,5,0.9997190833091736
9999,6,6,0.9999901056289673
