test_id,true_label,predicted_label,confidence
0,3,3,0.7057867050170898
1,8,1,0.6372649073600769
2,8,8,0.8892879486083984
3,0,8,0.6182869076728821
4,6,3,0.5319501757621765
5,6,5,0.343810111284256
6,1,1,0.5723415613174438
7,6,6,0.5539968609809875
8,3,3,0.7113814949989319
9,1,1,0.9941843152046204
10,0,4,0.4915989935398102
11,9,9,0.9983647465705872
12,5,5,0.4964505434036255
13,7,7,0.9359274506568909
14,9,9,0.9502168893814087
15,8,8,0.7893999814987183
16,5,5,0.4906294643878937
17,7,3,0.3505556881427765
18,8,8,0.9848560690879822
19,6,6,0.997857391834259
20,7,7,0.8779386281967163
21,0,0,0.882482647895813
22,4,2,0.4309079647064209
23,9,9,0.8739035725593567
24,5,4,0.9217572808265686
25,2,2,0.4439106583595276
26,4,4,0.5528419613838196
27,0,0,0.4168397784233093
28,9,9,0.7044754028320312
29,6,4,0.5744790434837341
30,6,6,0.4387646019458771
31,5,5,0.32466286420822144
32,4,2,0.5204829573631287
33,5,5,0.5659007430076599
34,9,9,0.9163726568222046
35,2,3,0.362361341714859
36,4,4,0.7639884352684021
37,1,1,0.6814627647399902
38,9,9,0.972008228302002
39,5,5,0.7572427988052368
40,4,0,0.7968506217002869
41,6,6,0.9167183041572571
42,5,7,0.8595786094665527
43,6,6,0.7838938236236572
44,0,9,0.5898053646087646
45,9,9,0.9678109884262085
46,3,5,0.5084998607635498
47,9,9,0.45070064067840576
48,7,7,0.7181286811828613
49,6,6,0.43382352590560913
50,9,9,0.8693957328796387
51,8,8,0.7724488377571106
52,0,5,0.36560770869255066
53,3,3,0.8347766399383545
54,8,8,0.9325682520866394
55,8,8,0.8908500075340271
56,7,7,0.6056497097015381
57,7,5,0.4349968135356903
58,4,5,0.5366281270980835
59,6,4,0.307691752910614
60,7,7,0.9635195136070251
61,3,3,0.5430927872657776
62,6,8,0.3530469536781311
63,3,0,0.41924089193344116
64,6,6,0.6218320727348328
65,2,2,0.5962589383125305
66,1,1,0.8414514660835266
67,2,8,0.5590760707855225
68,3,3,0.4781378507614136
69,7,1,0.5392079949378967
70,2,2,0.3656702935695648
71,6,5,0.45872962474823
72,8,8,0.9392610192298889
73,8,8,0.9862855076789856
74,0,9,0.772771954536438
75,2,2,0.8976868391036987
76,9,7,0.8060060739517212
77,3,3,0.7229848504066467
78,3,5,0.5658932328224182
79,8,8,0.34893590211868286
80,8,8,0.9971756935119629
81,1,1,0.5691803693771362
82,1,1,0.9759920835494995
83,7,7,0.5458638668060303
84,2,2,0.24502219259738922
85,5,7,0.7708574533462524
86,2,2,0.639892578125
87,7,8,0.2437600940465927
88,8,8,0.6541277170181274
89,9,9,0.9757260084152222
90,0,0,0.9341364502906799
91,3,4,0.35285964608192444
92,8,8,0.9166408181190491
93,6,6,0.8465983867645264
94,4,4,0.6050096750259399
95,6,6,0.8266924023628235
96,6,6,0.7187288999557495
97,0,8,0.44235000014305115
98,0,0,0.8474889397621155
99,7,7,0.7197323441505432
100,4,4,0.5594295859336853
101,5,5,0.587693989276886
102,6,6,0.7688475251197815
103,3,3,0.5900706052780151
104,1,1,0.8729246854782104
105,1,1,0.5811083316802979
106,3,3,0.47278156876564026
107,6,6,0.9974935054779053
108,8,8,0.9185560345649719
109,7,5,0.7015718221664429
110,4,4,0.4227887690067291
111,0,0,0.9807071685791016
112,6,2,0.8513036370277405
113,2,2,0.9330132007598877
114,1,9,0.8590417504310608
115,3,7,0.4110696613788605
116,0,0,0.621087908744812
117,4,4,0.3605586588382721
118,2,3,0.5127946734428406
119,7,5,0.68160080909729
120,8,8,0.8645185232162476
121,3,7,0.5193042755126953
122,1,9,0.3460650146007538
123,2,2,0.5542418956756592
124,8,8,0.6256054043769836
125,0,0,0.509250283241272
126,8,8,0.49771565198898315
127,3,3,0.6064903736114502
128,5,6,0.3270670175552368
129,2,2,0.5190970301628113
130,4,4,0.6458972096443176
131,1,1,0.959598958492279
132,8,8,0.5920398831367493
133,9,9,0.8771611452102661
134,1,1,0.8907983303070068
135,2,2,0.47945231199264526
136,9,9,0.7691161632537842
137,7,7,0.9825207591056824
138,2,4,0.6227472424507141
139,9,8,0.7109184861183167
140,6,4,0.7619413733482361
141,5,5,0.8954535722732544
142,6,6,0.6475529074668884
143,3,7,0.4073420464992523
144,8,8,0.9376232624053955
145,7,3,0.5406129360198975
146,6,6,0.6612494587898254
147,2,6,0.8690946698188782
148,5,2,0.27874845266342163
149,2,3,0.6694702506065369
150,8,1,0.5170771479606628
151,9,1,0.8219778537750244
152,6,6,0.7574318051338196
153,0,0,0.7320205569267273
154,0,0,0.4155333638191223
155,5,5,0.7798206806182861
156,2,3,0.3461325466632843
157,9,9,0.9875131249427795
158,5,3,0.7226822972297668
159,4,4,0.7953000664710999
160,2,2,0.5657251477241516
161,1,1,0.9960845708847046
162,6,6,0.2954651117324829
163,6,6,0.59185391664505
164,8,8,0.6832984089851379
165,4,4,0.6190478205680847
166,8,8,0.8842669129371643
167,4,6,0.42829450964927673
168,5,3,0.36202970147132874
169,0,0,0.5200318098068237
170,9,9,0.9914647936820984
171,9,9,0.6521522402763367
172,9,1,0.38884437084198
173,8,8,0.6274567246437073
174,9,1,0.5541790127754211
175,9,9,0.9835702180862427
176,3,6,0.39601555466651917
177,7,7,0.9257356524467468
178,5,3,0.5633276104927063
179,0,9,0.5635988712310791
180,0,9,0.3952085077762604
181,5,5,0.5831127166748047
182,2,6,0.6764351725578308
183,2,2,0.5053154826164246
184,3,5,0.48190444707870483
185,8,8,0.7957684397697449
186,6,6,0.7066236138343811
187,3,4,0.5233807563781738
188,4,3,0.5803671479225159
189,0,8,0.9686771035194397
190,5,6,0.3773082494735718
191,8,8,0.4509439468383789
192,0,0,0.9667633175849915
193,1,1,0.6998089551925659
194,7,7,0.5318338871002197
195,2,4,0.53924959897995
196,8,8,0.9979439377784729
197,8,5,0.47574883699417114
198,7,7,0.8423119783401489
199,8,8,0.8486870527267456
200,5,5,0.7810395359992981
201,1,0,0.5719019174575806
202,8,8,0.8911081552505493
203,7,7,0.642632782459259
204,1,1,0.9854169487953186
205,3,3,0.7800657749176025
206,0,8,0.4879838228225708
207,5,5,0.5259508490562439
208,7,7,0.9256519675254822
209,9,9,0.5080813765525818
210,7,5,0.3780794143676758
211,4,0,0.4591647684574127
212,5,5,0.6891515851020813
213,9,9,0.7115532755851746
214,8,8,0.5587441921234131
215,0,0,0.40631693601608276
216,7,7,0.5575428009033203
217,9,9,0.986451268196106
218,8,0,0.5243539214134216
219,2,7,0.824411928653717
220,7,7,0.7765910625457764
221,6,3,0.3656851053237915
222,9,9,0.9838452339172363
223,4,5,0.4383103549480438
224,3,3,0.8839160203933716
225,9,9,0.9710659980773926
226,6,3,0.38652411103248596
227,4,2,0.7353574633598328
228,7,3,0.7623208165168762
229,6,2,0.37173882126808167
230,5,5,0.5973325371742249
231,1,1,0.9495450854301453
232,5,7,0.3294050991535187
233,8,1,0.5883035659790039
234,8,8,0.8699039220809937
235,0,0,0.998771607875824
236,4,4,0.7880801558494568
237,0,0,0.46561378240585327
238,5,5,0.6493346095085144
239,5,2,0.48377376794815063
240,1,1,0.9945517182350159
241,1,1,0.6682178974151611
242,8,0,0.4772489070892334
243,9,9,0.39190027117729187
244,0,0,0.7667297124862671
245,3,6,0.44084739685058594
246,1,1,0.6903239488601685
247,9,8,0.6792492270469666
248,2,2,0.4754522144794464
249,2,0,0.5939436554908752
250,5,7,0.5824352502822876
251,3,3,0.8256558179855347
252,9,9,0.9992963075637817
253,9,9,0.7434560060501099
254,4,6,0.3588174879550934
255,0,7,0.5776665806770325
256,3,3,0.3471565544605255
257,0,0,0.9190996885299683
258,0,8,0.9848740696907043
259,9,1,0.5632107257843018
260,8,8,0.5455911755561829
261,1,1,0.6497752070426941
262,5,3,0.26683077216148376
263,7,5,0.4017173945903778
264,0,0,0.8313335180282593
265,8,8,0.5743523836135864
266,2,8,0.5637332797050476
267,4,4,0.9681475162506104
268,7,7,0.9993818998336792
269,0,0,0.4126901924610138
270,2,5,0.4857332408428192
271,3,3,0.41594749689102173
272,6,6,0.9943196773529053
273,3,5,0.4579710364341736
274,8,8,0.9772844314575195
275,5,2,0.4298783242702484
276,0,0,0.9666691422462463
277,3,3,0.3424634635448456
278,4,7,0.4259282648563385
279,3,5,0.6218624114990234
280,9,9,0.8267987370491028
281,0,0,0.5433170199394226
282,6,3,0.41618213057518005
283,1,1,0.9926360249519348
284,0,9,0.594429075717926
285,9,9,0.9999436140060425
286,1,1,0.8267894983291626
287,0,8,0.8916862607002258
288,7,7,0.5276879072189331
289,9,9,0.9658324122428894
290,1,1,0.844421923160553
291,2,2,0.792595624923706
292,6,6,0.8452730178833008
293,9,1,0.8765453100204468
294,3,3,0.5576398968696594
295,4,4,0.5688852071762085
296,6,6,0.9983565211296082
297,0,0,0.7760546207427979
298,0,0,0.8971655964851379
299,6,6,0.9874622225761414
300,6,6,0.9243481159210205
301,6,6,0.828436553478241
302,3,2,0.37723198533058167
303,2,5,0.38201698660850525
304,6,6,0.501778781414032
305,1,9,0.5575454235076904
306,8,9,0.6746344566345215
307,2,2,0.585762083530426
308,1,1,0.9209028482437134
309,6,4,0.5200062394142151
310,8,8,0.7813006043434143
311,6,6,0.9978979825973511
312,8,0,0.5921868085861206
313,0,0,0.28266358375549316
314,4,3,0.4765295386314392
315,0,0,0.7796018719673157
316,7,7,0.43170422315597534
317,7,7,0.8917390704154968
318,5,5,0.8516149520874023
319,5,5,0.6495916247367859
320,3,3,0.7948933243751526
321,5,3,0.5383579730987549
322,2,2,0.3693223297595978
323,3,2,0.39368560910224915
324,4,5,0.466462105512619
325,1,6,0.24369490146636963
326,7,7,0.8489808440208435
327,5,5,0.85715252161026
328,4,4,0.6155802011489868
329,6,6,0.9390962719917297
330,1,1,0.7997821569442749
331,9,9,0.5242231488227844
332,3,6,0.5060405135154724
333,6,6,0.886664628982544
334,6,6,0.8128110766410828
335,9,9,0.5941369533538818
336,3,3,0.8568319082260132
337,8,8,0.799005389213562
338,0,0,0.7768430709838867
339,7,7,0.7387595176696777
340,2,4,0.7601146101951599
341,6,6,0.586207389831543
342,2,2,0.45676320791244507
343,5,7,0.5583784580230713
344,8,0,0.39988747239112854
345,5,5,0.77845698595047
346,4,4,0.4795171618461609
347,6,6,0.929645836353302
348,8,8,0.5263797640800476
349,9,1,0.6512746810913086
350,9,9,0.9441084861755371
351,1,1,0.9153088331222534
352,0,8,0.892074465751648
353,2,0,0.7609380483627319
354,2,6,0.3480454087257385
355,7,4,0.7369234561920166
356,3,2,0.4198743402957916
357,2,7,0.29740193486213684
358,8,1,0.9852773547172546
359,0,0,0.8089117407798767
360,9,9,0.957963228225708
361,5,5,0.6568121314048767
362,8,8,0.9965373277664185
363,1,0,0.7036296725273132
364,9,9,0.9120110869407654
365,4,7,0.8460262417793274
366,1,4,0.4391575753688812
367,3,1,0.4684738516807556
368,8,0,0.3763847053050995
369,1,1,0.9125784039497375
370,4,4,0.8270494341850281
371,7,7,0.9959331154823303
372,9,9,0.8017751574516296
373,4,4,0.7386041283607483
374,2,2,0.6975358724594116
375,7,7,0.9286673665046692
376,0,9,0.3424569368362427
377,7,7,0.2860773205757141
378,0,8,0.39326366782188416
379,6,6,0.9602614641189575
380,6,6,0.9966503977775574
381,9,9,0.8294004797935486
382,0,0,0.9437913298606873
383,9,1,0.40938326716423035
384,2,5,0.6989907622337341
385,8,0,0.8182672262191772
386,7,7,0.9716023802757263
387,2,4,0.5400968790054321
388,2,3,0.41098281741142273
389,5,5,0.9446601867675781
390,1,1,0.9784008264541626
391,2,2,0.5771250128746033
392,6,6,0.9665672183036804
393,2,5,0.5475960969924927
394,9,7,0.3202919065952301
395,6,6,0.9827570915222168
396,2,5,0.43449562788009644
397,3,7,0.3258937895298004
398,0,0,0.8496617674827576
399,3,8,0.7209667563438416
400,9,9,0.9898410439491272
401,8,1,0.5795336365699768
402,7,7,0.870651125907898
403,8,0,0.5405233502388
404,8,8,0.6822174787521362
405,4,4,0.8816784620285034
406,0,0,0.9499802589416504
407,1,1,0.5942972302436829
408,8,8,0.961317777633667
409,2,2,0.6880970001220703
410,7,7,0.6911684274673462
411,9,8,0.5027072429656982
412,3,5,0.7530686855316162
413,6,6,0.9537457823753357
414,1,1,0.9102717041969299
415,9,9,0.8893227577209473
416,0,0,0.4745219647884369
417,7,7,0.5799665451049805
418,3,5,0.29576054215431213
419,7,7,0.6766835451126099
420,4,4,0.38016438484191895
421,5,7,0.8398245573043823
422,0,8,0.5805342197418213
423,0,0,0.5167019367218018
424,2,2,0.7714928388595581
425,9,9,0.8290395736694336
426,3,6,0.6911653876304626
427,4,3,0.4588378667831421
428,0,9,0.6372601389884949
429,6,6,0.7829087972640991
430,2,2,0.4006354808807373
431,5,5,0.6279994249343872
432,3,3,0.5572118759155273
433,7,5,0.3487052023410797
434,3,9,0.7478722929954529
435,7,7,0.9631863832473755
436,2,6,0.22951070964336395
437,5,2,0.7164493799209595
438,3,3,0.5923373699188232
439,1,1,0.5761126279830933
440,1,1,0.9526259899139404
441,4,4,0.4795788526535034
442,9,9,0.94118332862854
443,9,8,0.8649351596832275
444,5,3,0.40039554238319397
445,7,7,0.3564709424972534
446,5,5,0.39529573917388916
447,0,0,0.860797107219696
448,2,2,0.7879071831703186
449,2,0,0.7719186544418335
450,2,9,0.4367232322692871
451,9,9,0.8042623400688171
452,7,7,0.7121666073799133
453,3,3,0.5776817202568054
454,9,9,0.9487059712409973
455,4,4,0.8737834095954895
456,3,4,0.41106152534484863
457,5,5,0.5295078754425049
458,4,4,0.7533925771713257
459,6,8,0.22004224359989166
460,5,2,0.4894062280654907
461,6,6,0.6715908050537109
462,1,1,0.7816314697265625
463,4,5,0.5638078451156616
464,3,3,0.41730430722236633
465,4,4,0.6798096895217896
466,4,7,0.6742581129074097
467,3,5,0.45603033900260925
468,7,7,0.7033095359802246
469,8,8,0.8792914748191833
470,3,4,0.47747519612312317
471,7,7,0.8258721232414246
472,8,8,0.9826410412788391
473,0,8,0.6027250289916992
474,5,5,0.5265985727310181
475,7,7,0.8832090497016907
476,6,2,0.38775575160980225
477,0,0,0.4944062829017639
478,5,2,0.6701430082321167
479,4,7,0.5577727556228638
480,8,9,0.8104808330535889
481,6,6,0.9733610153198242
482,8,8,0.9614603519439697
483,5,5,0.4774113893508911
484,5,7,0.5635306239128113
485,9,0,0.3685300350189209
486,9,9,0.9925393462181091
487,9,9,0.7324928641319275
488,5,3,0.5932331681251526
489,0,0,0.8670744299888611
490,1,1,0.9735499620437622
491,0,0,0.7976564168930054
492,8,8,0.5420264601707458
493,1,1,0.9974839687347412
494,1,1,0.4719049632549286
495,8,8,0.6381305456161499
496,0,0,0.46218883991241455
497,2,2,0.43166303634643555
498,2,4,0.5243470668792725
499,0,0,0.929703414440155
500,4,6,0.5242488384246826
501,6,6,0.615506649017334
502,5,5,0.5454791784286499
503,4,4,0.5639394521713257
504,9,9,0.7267242074012756
505,4,4,0.6913142204284668
506,7,7,0.6015686392784119
507,9,9,0.8596968650817871
508,9,1,0.7293785214424133
509,4,4,0.9635011553764343
510,5,5,0.6092090606689453
511,6,6,0.9938305020332336
512,6,6,0.9929310083389282
513,1,1,0.7420204281806946
514,5,5,0.8994857668876648
515,3,5,0.6981679797172546
516,8,8,0.8579733371734619
517,9,1,0.6726775169372559
518,5,3,0.5946424007415771
519,8,8,0.6405619382858276
520,5,5,0.8297478556632996
521,7,7,0.8633007407188416
522,0,0,0.9216567277908325
523,7,7,0.9828718900680542
524,0,0,0.9456074833869934
525,5,6,0.6164212226867676
526,0,4,0.3813149929046631
527,0,0,0.9707051515579224
528,4,0,0.5742825269699097
529,6,6,0.817326545715332
530,9,9,0.8035035133361816
531,0,5,0.4661705791950226
532,9,1,0.3800216317176819
533,5,5,0.6102784276008606
534,6,6,0.9936445951461792
535,6,6,0.9877332448959351
536,6,6,0.9983692765235901
537,2,6,0.5094408988952637
538,9,8,0.3444628417491913
539,0,0,0.5672405958175659
540,1,1,0.7672211527824402
541,7,7,0.3750785291194916
542,6,6,0.9976953864097595
543,7,7,0.9738966226577759
544,5,5,0.9227638244628906
545,9,9,0.9615399241447449
546,1,1,0.9906003475189209
547,6,9,0.7530785202980042
548,2,2,0.6210446357727051
549,5,3,0.5319499373435974
550,5,5,0.39327991008758545
551,5,5,0.3180571496486664
552,8,9,0.5205313563346863
553,5,5,0.5879130363464355
554,9,9,0.6747909188270569
555,4,2,0.45016369223594666
556,6,4,0.641962468624115
557,4,5,0.4109424650669098
558,3,3,0.942830502986908
559,2,2,0.9532843828201294
560,0,0,0.9814576506614685
561,7,7,0.8897143602371216
562,6,6,0.7457095384597778
563,2,2,0.3660595417022705
564,2,4,0.412483811378479
565,3,5,0.7826420664787292
566,9,9,0.793862521648407
567,7,5,0.485077828168869
568,9,9,0.68880695104599
569,2,4,0.5853659510612488
570,6,6,0.3225176930427551
571,7,7,0.9830464720726013
572,1,1,0.9077014923095703
573,3,8,0.313384473323822
574,6,3,0.6757573485374451
575,6,6,0.759273111820221
576,8,8,0.9883005619049072
577,9,8,0.4054863452911377
578,7,7,0.9829156398773193
579,5,6,0.34666624665260315
580,4,4,0.7668967247009277
581,0,0,0.5757326483726501
582,8,0,0.7002812623977661
583,4,4,0.42787405848503113
584,0,0,0.9733582735061646
585,9,9,0.6143184900283813
586,3,5,0.5274869203567505
587,4,4,0.8791916966438293
588,8,8,0.9846633672714233
589,9,9,0.9483057260513306
590,6,3,0.6470491290092468
591,9,1,0.8280596137046814
592,2,2,0.9167835712432861
593,6,6,0.7900834083557129
594,1,1,0.9368929862976074
595,4,4,0.8462669849395752
596,7,7,0.9725003242492676
597,3,2,0.37744882702827454
598,5,3,0.4978957772254944
599,3,3,0.6511219143867493
600,8,8,0.4290526807308197
601,5,5,0.8946311473846436
602,0,0,0.6896734237670898
603,2,2,0.8253720998764038
604,1,1,0.986890435218811
605,6,6,0.8798009157180786
606,4,0,0.207930326461792
607,3,5,0.5684176087379456
608,3,3,0.6498270034790039
609,9,9,0.9901981353759766
610,6,6,0.8747383952140808
611,9,9,0.6919647455215454
612,8,8,0.984742283821106
613,8,8,0.9944871068000793
614,5,5,0.7511083483695984
615,8,8,0.6917139887809753
616,6,6,0.7052419781684875
617,6,6,0.4029506742954254
618,2,7,0.7678163051605225
619,1,1,0.7615146636962891
620,7,7,0.9951629638671875
621,7,7,0.3546265661716461
622,1,1,0.9936007857322693
623,2,2,0.7112780213356018
624,7,7,0.9528939127922058
625,9,9,0.9001426100730896
626,9,9,0.8987365365028381
627,4,4,0.9044915437698364
628,4,7,0.7517746090888977
629,1,8,0.2886199355125427
630,2,8,0.31683799624443054
631,5,2,0.3658415973186493
632,6,6,0.6029443740844727
633,8,3,0.42922067642211914
634,7,7,0.7864848971366882
635,6,6,0.6668215990066528
636,8,8,0.513619065284729
637,3,3,0.3467824161052704
638,0,8,0.4732418954372406
639,5,5,0.6499502062797546
640,5,3,0.4401807487010956
641,3,4,0.6481074690818787
642,0,7,0.29214897751808167
643,7,7,0.9904593229293823
644,9,9,0.8435912132263184
645,1,1,0.6253552436828613
646,3,3,0.5832247734069824
647,4,4,0.41276806592941284
648,4,4,0.9039185047149658
649,5,5,0.8654242157936096
650,3,3,0.6755838394165039
651,9,9,0.8713966608047485
652,5,5,0.40000736713409424
653,6,4,0.33735719323158264
654,9,9,0.34993788599967957
655,2,0,0.5691971778869629
656,1,1,0.8044387102127075
657,1,1,0.5996662974357605
658,4,4,0.7410614490509033
659,1,1,0.7752107977867126
660,9,9,0.888446033000946
661,4,4,0.5653557181358337
662,7,7,0.998890221118927
663,6,6,0.47658613324165344
664,3,3,0.7238569259643555
665,8,0,0.6355827450752258
666,9,9,0.6526755690574646
667,0,0,0.6353923678398132
668,1,9,0.7271901369094849
669,3,2,0.6864586472511292
670,6,6,0.9212197661399841
671,3,5,0.5143082141876221
672,6,0,0.27331990003585815
673,3,3,0.5960243940353394
674,2,2,0.5470553040504456
675,0,0,0.734780490398407
676,3,4,0.9788424372673035
677,1,9,0.6897000670433044
678,0,0,0.5056631565093994
679,5,2,0.337412029504776
680,9,8,0.6173050403594971
681,6,6,0.9872231483459473
682,4,4,0.3159603774547577
683,8,8,0.43780919909477234
684,9,9,0.8116068840026855
685,6,4,0.7921074032783508
686,9,9,0.43925797939300537
687,6,2,0.30754104256629944
688,3,3,0.3375740349292755
689,0,7,0.35092639923095703
690,3,2,0.39721307158470154
691,2,2,0.7589890956878662
692,2,0,0.4564674496650696
693,7,7,0.9766139388084412
694,8,8,0.931003749370575
695,3,3,0.49834638833999634
696,8,8,0.925945520401001
697,2,4,0.30473336577415466
698,7,7,0.9212003350257874
699,5,5,0.5068236589431763
700,7,7,0.9963686466217041
701,2,0,0.7261953949928284
702,4,6,0.6054240465164185
703,8,8,0.5435776710510254
704,7,7,0.9268283247947693
705,4,4,0.7272806763648987
706,2,2,0.7247326970100403
707,9,5,0.4215637147426605
708,8,8,0.7165727615356445
709,8,8,0.9144706130027771
710,6,2,0.5376920700073242
711,8,8,0.5043545365333557
712,8,8,0.8912527561187744
713,7,7,0.42569294571876526
714,4,5,0.3337428569793701
715,3,3,0.5316411256790161
716,3,3,0.49101296067237854
717,8,9,0.7148914933204651
718,4,4,0.6460624933242798
719,9,8,0.3582560122013092
720,4,7,0.37263980507850647
721,8,8,0.6239357590675354
722,8,8,0.8245095610618591
723,1,1,0.8220891356468201
724,8,8,0.7622957825660706
725,2,0,0.48620879650115967
726,1,1,0.912362277507782
727,3,5,0.3674895167350769
728,6,4,0.5942532420158386
729,5,5,0.5957594513893127
730,4,3,0.5345916748046875
731,2,0,0.5132184028625488
732,7,9,0.46851831674575806
733,9,9,0.49186667799949646
734,9,1,0.5237320065498352
735,4,4,0.4986761808395386
736,1,1,0.5231465101242065
737,4,0,0.4322124421596527
738,1,1,0.8023887872695923
739,3,7,0.6354362368583679
740,2,5,0.7269963622093201
741,7,7,0.994265615940094
742,0,0,0.5178906917572021
743,7,7,0.9835809469223022
744,9,2,0.47428077459335327
745,7,7,0.9190423488616943
746,6,2,0.4357587993144989
747,6,6,0.9860007166862488
748,2,2,0.7986662983894348
749,5,3,0.6291946172714233
750,9,9,0.9908097982406616
751,2,0,0.8179913759231567
752,9,9,0.9912776947021484
753,1,1,0.925334632396698
754,2,2,0.9515889883041382
755,2,4,0.6246697902679443
756,6,6,0.8470913171768188
757,8,8,0.6969327330589294
758,2,2,0.8659970760345459
759,1,1,0.8306272029876709
760,3,7,0.33085697889328003
761,6,5,0.31948256492614746
762,6,4,0.29948750138282776
763,0,0,0.8959223628044128
764,1,1,0.7648549675941467
765,2,2,0.7697663307189941
766,7,2,0.3837323784828186
767,0,8,0.32749423384666443
768,5,2,0.4977302849292755
769,4,2,0.5471817255020142
770,6,1,0.5066556930541992
771,1,1,0.39661481976509094
772,6,6,0.9497458338737488
773,4,3,0.4880859851837158
774,0,0,0.8594474196434021
775,2,4,0.3858664929866791
776,2,2,0.3639722168445587
777,6,6,0.9930465817451477
778,0,0,0.9502691030502319
779,5,6,0.5490492582321167
780,9,9,0.8324005603790283
781,1,1,0.841592013835907
782,7,7,0.945417046546936
783,6,6,0.7921552658081055
784,7,7,0.939902663230896
785,0,0,0.6970791816711426
786,3,3,0.6347511410713196
787,9,9,0.35997435450553894
788,6,6,0.6032889485359192
789,8,0,0.46721047163009644
790,3,0,0.8439158797264099
791,0,0,0.9913625121116638
792,3,5,0.5641748309135437
793,4,7,0.32337838411331177
794,7,7,0.8516322374343872
795,7,7,0.6571363806724548
796,1,9,0.48689812421798706
797,4,6,0.6915673613548279
798,7,7,0.7299849987030029
799,2,2,0.4561872184276581
800,7,7,0.990425169467926
801,1,1,0.9863150119781494
802,4,0,0.5234332084655762
803,7,7,0.988335371017456
804,4,7,0.5495748519897461
805,4,4,0.9436441659927368
806,8,0,0.5079836249351501
807,4,4,0.7159947156906128
808,7,2,0.3676077723503113
809,7,4,0.22797814011573792
810,5,5,0.9084381461143494
811,3,3,0.4115118086338043
812,7,7,0.9828348159790039
813,2,2,0.6126222014427185
814,0,0,0.6860424280166626
815,8,8,0.9687985777854919
816,9,9,0.773301899433136
817,5,3,0.548927366733551
818,8,4,0.29933223128318787
819,3,0,0.703155517578125
820,6,9,0.23385468125343323
821,2,2,0.5111343860626221
822,0,0,0.8717482686042786
823,8,8,0.9968945980072021
824,7,7,0.9537907838821411
825,3,3,0.3196219503879547
826,7,4,0.41009965538978577
827,6,6,0.9936652183532715
828,5,4,0.4338969588279724
829,3,1,0.252043217420578
830,1,0,0.8353527188301086
831,3,3,0.810485303401947
832,2,2,0.92653489112854
833,2,3,0.5189054012298584
834,5,2,0.5977753400802612
835,4,4,0.7013967037200928
836,1,1,0.9285255670547485
837,2,2,0.4511965215206146
838,9,9,0.833992063999176
839,2,2,0.956463634967804
840,7,7,0.9996770620346069
841,0,0,0.5034761428833008
842,7,7,0.9862117767333984
843,2,2,0.6120322942733765
844,1,2,0.5364564061164856
845,3,3,0.3845452666282654
846,2,2,0.3283587396144867
847,0,0,0.9850772023200989
848,2,6,0.46896710991859436
849,4,4,0.5116413831710815
850,7,5,0.7977887988090515
851,9,9,0.7753422260284424
852,8,8,0.5117873549461365
853,9,1,0.9101869463920593
854,0,0,0.9452908039093018
855,7,7,0.7687766551971436
856,7,7,0.9828885793685913
857,0,8,0.5817517638206482
858,7,7,0.9932771325111389
859,8,8,0.8821224570274353
860,4,4,0.9364627003669739
861,6,6,0.8019163608551025
862,3,3,0.4246836006641388
863,3,5,0.47812411189079285
864,0,0,0.8993163704872131
865,1,1,0.6644786596298218
866,3,3,0.545555591583252
867,7,7,0.7153587937355042
868,0,0,0.9610232710838318
869,1,1,0.8147906064987183
870,3,3,0.49341362714767456
871,1,1,0.9991984963417053
872,4,4,0.8451752662658691
873,2,0,0.6661391258239746
874,3,3,0.9603657722473145
875,8,8,0.9401553869247437
876,4,2,0.4952308237552643
877,2,2,0.5940119624137878
878,3,4,0.3801005482673645
879,7,7,0.957526683807373
880,8,8,0.9224209785461426
881,4,4,0.46948444843292236
882,3,0,0.4226495027542114
883,0,0,0.663245439529419
884,9,9,0.705815851688385
885,0,0,0.5386067032814026
886,0,8,0.7449809908866882
887,1,1,0.5101979374885559
888,0,1,0.6724243760108948
889,4,6,0.6807329058647156
890,4,4,0.5171517133712769
891,6,6,0.9630597829818726
892,7,7,0.5393093228340149
893,6,5,0.5019308924674988
894,1,1,0.8876336216926575
895,1,1,0.7932249903678894
896,3,6,0.30352675914764404
897,7,7,0.7039375901222229
898,3,7,0.35364830493927
899,5,5,0.5692856311798096
900,2,5,0.3384794294834137
901,6,6,0.5120882391929626
902,6,6,0.9990406632423401
903,5,5,0.7937756776809692
904,8,0,0.49824580550193787
905,7,4,0.27195242047309875
906,1,1,0.5625077486038208
907,6,6,0.48186030983924866
908,8,8,0.9482178092002869
909,8,8,0.6746476292610168
910,5,3,0.4852321445941925
911,3,3,0.9841048121452332
912,0,3,0.3711927533149719
913,4,4,0.710252046585083
914,0,0,0.4823833107948303
915,1,9,0.600075364112854
916,3,4,0.779273509979248
917,8,8,0.9294105768203735
918,8,8,0.8448786735534668
919,0,2,0.520764946937561
920,6,6,0.5987664461135864
921,9,9,0.9525502324104309
922,9,9,0.624172031879425
923,9,9,0.24696341156959534
924,5,5,0.320905864238739
925,5,5,0.4029742181301117
926,8,8,0.5876787900924683
927,6,6,0.4812963306903839
928,0,0,0.9529399871826172
929,0,8,0.7524887323379517
930,4,4,0.9507797360420227
931,2,2,0.837398111820221
932,3,7,0.37923771142959595
933,2,3,0.7460062503814697
934,7,7,0.99982750415802
935,2,3,0.385845422744751
936,2,2,0.40327560901641846
937,5,5,0.5200261473655701
938,9,1,0.8882684111595154
939,8,8,0.6081047058105469
940,9,1,0.5987551212310791
941,1,7,0.5143451690673828
942,7,7,0.7587011456489563
943,4,4,0.7195038795471191
944,0,0,0.9598372578620911
945,3,3,0.4858723282814026
946,0,0,0.9361789226531982
947,1,1,0.652233362197876
948,3,4,0.9580028057098389
949,8,8,0.9490097761154175
950,3,3,0.5157493352890015
951,9,9,0.6108688712120056
952,6,6,0.8209356069564819
953,1,1,0.6157251000404358
954,4,4,0.6187357902526855
955,7,7,0.959316074848175
956,0,0,0.8010857701301575
957,3,6,0.3958670496940613
958,7,7,0.36094775795936584
959,8,8,0.9312025904655457
960,9,9,0.8602991700172424
961,1,8,0.32814714312553406
962,1,1,0.890302300453186
963,6,6,0.9855747222900391
964,6,5,0.8299967050552368
965,6,0,0.32099616527557373
966,6,6,0.4135240316390991
967,9,9,0.6725648641586304
968,1,1,0.9836736917495728
969,9,9,0.9513462781906128
970,9,1,0.8444373607635498
971,4,4,0.9755222201347351
972,2,2,0.4912862181663513
973,1,1,0.8843267560005188
974,7,7,0.6685396432876587
975,0,0,0.9112078547477722
976,6,6,0.6425124406814575
977,8,8,0.7702160477638245
978,1,1,0.6509665846824646
979,9,9,0.6733224987983704
980,2,6,0.7393372058868408
981,9,1,0.449026882648468
982,0,7,0.7479352951049805
983,4,4,0.8649433255195618
984,7,7,0.9566135406494141
985,8,8,0.5962982177734375
986,3,5,0.3709166944026947
987,1,1,0.9567155241966248
988,2,5,0.2963753342628479
989,0,0,0.697422981262207
990,1,1,0.9822871088981628
991,5,5,0.7335159182548523
992,8,8,0.5458186268806458
993,4,3,0.27303993701934814
994,6,6,0.3057914078235626
995,3,5,0.4176264703273773
996,8,8,0.8304779529571533
997,1,8,0.5575721263885498
998,3,3,0.9670040011405945
999,8,8,0.9928836822509766
1000,5,5,0.918390154838562
1001,0,0,0.9446741342544556
1002,8,3,0.422269344329834
1003,4,4,0.48874813318252563
1004,8,8,0.738150417804718
1005,1,1,0.9914222359657288
1006,1,1,0.9385035037994385
1007,8,8,0.7720885872840881
1008,9,9,0.44547832012176514
1009,6,9,0.7620628476142883
1010,0,0,0.9927358627319336
1011,8,8,0.9343361258506775
1012,6,2,0.2999314069747925
1013,1,1,0.9560953974723816
1014,3,3,0.5115681886672974
1015,4,4,0.4168635904788971
1016,1,1,0.969866931438446
1017,6,6,0.9834845662117004
1018,0,0,0.9314005970954895
1019,5,8,0.8155572414398193
1020,1,1,0.995406985282898
1021,1,8,0.3486197888851166
1022,0,0,0.8067330718040466
1023,0,0,0.8773976564407349
1024,3,3,0.8480796217918396
1025,5,5,0.6970571875572205
1026,0,2,0.23825311660766602
1027,0,0,0.9480544924736023
1028,6,6,0.8299344182014465
1029,6,6,0.9993942975997925
1030,3,3,0.844829261302948
1031,3,8,0.5594112873077393
1032,6,3,0.28027474880218506
1033,3,3,0.7667765021324158
1034,6,3,0.641266942024231
1035,6,2,0.31320920586586
1036,0,6,0.21545040607452393
1037,7,7,0.7492507100105286
1038,2,2,0.9672027230262756
1039,2,2,0.5549697279930115
1040,7,5,0.5166603922843933
1041,5,5,0.815342903137207
1042,5,4,0.5012477040290833
1043,2,4,0.6467334032058716
1044,8,8,0.8952963352203369
1045,5,5,0.6654669642448425
1046,2,2,0.8387994766235352
1047,1,8,0.6406972408294678
1048,1,1,0.9639075398445129
1049,4,1,0.5490564703941345
1050,3,0,0.9028946161270142
1051,2,2,0.17913910746574402
1052,0,8,0.5484725832939148
1053,3,5,0.6965327262878418
1054,1,1,0.9544148445129395
1055,5,5,0.7479832172393799
1056,3,3,0.6453993320465088
1057,7,3,0.33345621824264526
1058,6,1,0.41637301445007324
1059,8,8,0.486800879240036
1060,9,9,0.9402298927307129
1061,1,1,0.4363378882408142
1062,6,3,0.5635321140289307
1063,4,4,0.709829568862915
1064,9,7,0.2540629804134369
1065,3,2,0.1993059366941452
1066,9,9,0.6779916286468506
1067,0,0,0.6317986845970154
1068,9,9,0.9160357117652893
1069,6,6,0.9956637024879456
1070,3,3,0.7295459508895874
1071,6,6,0.8605313301086426
1072,0,8,0.8559585809707642
1073,7,7,0.9807487726211548
1074,3,3,0.7893092036247253
1075,8,8,0.735529899597168
1076,0,0,0.901961088180542
1077,0,0,0.9816646575927734
1078,0,0,0.9195770621299744
1079,6,6,0.9600518941879272
1080,6,6,0.281808465719223
1081,6,6,0.6744802594184875
1082,9,9,0.6866504549980164
1083,2,2,0.8559963703155518
1084,5,5,0.5230884552001953
1085,4,4,0.7412052750587463
1086,4,4,0.7471532225608826
1087,6,6,0.4003588557243347
1088,3,3,0.48850518465042114
1089,6,6,0.9283921718597412
1090,0,0,0.8113400936126709
1091,8,8,0.9873326420783997
1092,6,7,0.38935038447380066
1093,0,4,0.3075155019760132
1094,6,5,0.35991236567497253
1095,2,2,0.464278906583786
1096,7,7,0.9724197387695312
1097,5,5,0.3629125952720642
1098,1,1,0.9269729852676392
1099,2,2,0.8953883647918701
1100,7,9,0.2948482036590576
1101,8,8,0.9837155938148499
1102,8,8,0.8542677164077759
1103,0,0,0.7312110066413879
1104,9,9,0.4170256555080414
1105,4,3,0.4447062909603119
1106,9,9,0.9613820314407349
1107,7,7,0.6985732316970825
1108,2,2,0.6905297040939331
1109,0,0,0.43810781836509705
1110,2,2,0.7684247493743896
1111,8,8,0.9784826636314392
1112,3,3,0.6494219303131104
1113,8,8,0.5707603693008423
1114,9,3,0.5112969279289246
1115,1,9,0.5818977952003479
1116,5,3,0.3089582026004791
1117,5,5,0.8953354954719543
1118,4,7,0.8957564830780029
1119,7,7,0.9917851686477661
1120,5,5,0.39447519183158875
1121,3,3,0.4436616003513336
1122,8,8,0.8800203204154968
1123,3,3,0.6549500823020935
1124,3,2,0.7964005470275879
1125,6,6,0.8289968371391296
1126,2,0,0.9117700457572937
1127,8,8,0.8234557509422302
1128,4,5,0.2811422646045685
1129,3,2,0.4397980272769928
1130,7,4,0.665489137172699
1131,1,1,0.9622132778167725
1132,2,3,0.3208741843700409
1133,4,4,0.5963086485862732
1134,1,8,0.46425890922546387
1135,6,3,0.4082730710506439
1136,9,1,0.6144012212753296
1137,0,3,0.36823204159736633
1138,5,5,0.4812683165073395
1139,8,8,0.7840174436569214
1140,6,6,0.504050076007843
1141,1,1,0.896824061870575
1142,8,8,0.9894410371780396
1143,6,6,0.9971376657485962
1144,1,1,0.668531060218811
1145,4,5,0.3036642074584961
1146,2,4,0.9046944975852966
1147,6,3,0.4393259882926941
1148,2,2,0.6013510823249817
1149,7,7,0.6120767593383789
1150,2,7,0.5870289206504822
1151,2,2,0.5317206978797913
1152,0,0,0.9257753491401672
1153,8,8,0.36365124583244324
1154,6,6,0.8144883513450623
1155,9,0,0.4540059566497803
1156,1,1,0.415022075176239
1157,7,1,0.6073931455612183
1158,1,1,0.9202588200569153
1159,8,8,0.757297933101654
1160,8,8,0.9221006631851196
1161,0,0,0.8501750826835632
1162,7,7,0.9624649882316589
1163,3,7,0.5292783975601196
1164,8,8,0.9435462355613708
1165,0,0,0.655860960483551
1166,3,4,0.3471124470233917
1167,4,2,0.32777443528175354
1168,3,3,0.6256275177001953
1169,7,0,0.3536597490310669
1170,7,7,0.954083263874054
1171,9,9,0.982036292552948
1172,2,2,0.44213783740997314
1173,3,3,0.7220185399055481
1174,1,1,0.5660994052886963
1175,9,9,0.6325897574424744
1176,1,1,0.6072452068328857
1177,9,1,0.8483998775482178
1178,6,2,0.6275759339332581
1179,3,3,0.5123732089996338
1180,3,3,0.5763133764266968
1181,3,3,0.41659659147262573
1182,1,1,0.9825155735015869
1183,0,0,0.5635312795639038
1184,6,3,0.713786780834198
1185,1,1,0.8835712671279907
1186,4,4,0.6439473628997803
1187,1,1,0.9411774277687073
1188,0,0,0.8722344040870667
1189,0,0,0.5153123140335083
1190,1,1,0.788355827331543
1191,1,1,0.8179097175598145
1192,6,6,0.6859629154205322
1193,5,3,0.5153224468231201
1194,4,4,0.412335067987442
1195,6,6,0.9200680255889893
1196,2,2,0.4784453809261322
1197,0,0,0.9268702864646912
1198,7,7,0.8896229267120361
1199,9,1,0.6792086362838745
1200,8,8,0.745424747467041
1201,7,7,0.8783841133117676
1202,2,5,0.4013685882091522
1203,0,0,0.5521739721298218
1204,6,6,0.9950900077819824
1205,8,8,0.954807698726654
1206,1,1,0.9477196931838989
1207,4,8,0.3177582323551178
1208,3,9,0.3201455771923065
1209,7,2,0.399330198764801
1210,0,0,0.9973177313804626
1211,6,6,0.8752789497375488
1212,1,1,0.9781434535980225
1213,8,8,0.9509906768798828
1214,5,5,0.874169647693634
1215,7,7,0.9213269352912903
1216,8,1,0.6026568412780762
1217,4,2,0.5371202826499939
1218,8,8,0.8392567038536072
1219,3,5,0.5434734225273132
1220,9,3,0.271397203207016
1221,9,8,0.3916555941104889
1222,9,1,0.832137942314148
1223,8,0,0.911345899105072
1224,7,7,0.31244540214538574
1225,6,6,0.5744339823722839
1226,6,6,0.9205713868141174
1227,3,7,0.5531532168388367
1228,5,4,0.2961167097091675
1229,1,1,0.9900145530700684
1230,5,3,0.34866276383399963
1231,9,9,0.8971832990646362
1232,1,1,0.9783471822738647
1233,4,8,0.4359898567199707
1234,1,1,0.9516716599464417
1235,5,5,0.8573118448257446
1236,7,7,0.8669355511665344
1237,0,0,0.8322839140892029
1238,1,1,0.9193015098571777
1239,5,5,0.41200342774391174
1240,2,6,0.5268393754959106
1241,0,0,0.3534797132015228
1242,8,1,0.8624666929244995
1243,8,8,0.7006058692932129
1244,5,5,0.5081048607826233
1245,6,8,0.5859163403511047
1246,7,3,0.5784622430801392
1247,3,3,0.2375674992799759
1248,2,4,0.652209460735321
1249,4,4,0.8315739035606384
1250,7,9,0.43750065565109253
1251,2,5,0.3827371895313263
1252,5,3,0.46324387192726135
1253,8,1,0.5936079621315002
1254,2,0,0.6188864707946777
1255,4,4,0.8025429248809814
1256,9,8,0.6023748517036438
1257,2,2,0.3690165877342224
1258,1,9,0.35097450017929077
1259,8,8,0.987824559211731
1260,1,9,0.6471641659736633
1261,9,8,0.4301091432571411
1262,8,8,0.926567554473877
1263,8,8,0.5994085073471069
1264,8,8,0.5632972717285156
1265,9,9,0.49580147862434387
1266,0,0,0.5635442733764648
1267,4,4,0.9830126166343689
1268,3,2,0.4092002809047699
1269,3,5,0.3729965388774872
1270,1,1,0.8761794567108154
1271,8,8,0.9015013575553894
1272,4,7,0.7896708846092224
1273,6,6,0.8898107409477234
1274,3,3,0.8061907887458801
1275,3,3,0.4933113753795624
1276,5,1,0.4906059503555298
1277,2,3,0.5019788146018982
1278,2,2,0.7324325442314148
1279,8,5,0.4363308548927307
1280,3,3,0.4380147159099579
1281,8,8,0.9813993573188782
1282,9,9,0.5015236139297485
1283,5,3,0.3921815752983093
1284,8,8,0.9249069094657898
1285,9,8,0.8500992059707642
1286,8,0,0.4364277422428131
1287,9,9,0.6312695741653442
1288,1,1,0.9953065514564514
1289,6,6,0.9733812212944031
1290,5,5,0.62453693151474
1291,9,1,0.6135588884353638
1292,4,6,0.42014649510383606
1293,4,7,0.5689210891723633
1294,8,0,0.36301398277282715
1295,0,0,0.9634819030761719
1296,7,5,0.3491300940513611
1297,2,0,0.9807893633842468
1298,9,1,0.5520403385162354
1299,7,7,0.7530393600463867
1300,4,3,0.6688267588615417
1301,1,1,0.7674070000648499
1302,6,2,0.4418729543685913
1303,4,2,0.3966805040836334
1304,4,4,0.6520901918411255
1305,9,8,0.5191630125045776
1306,1,2,0.1765097975730896
1307,2,0,0.8108118176460266
1308,5,4,0.3403729796409607
1309,6,6,0.732469379901886
1310,0,0,0.8130636215209961
1311,8,8,0.9926431775093079
1312,6,6,0.7667884230613708
1313,1,1,0.8661721348762512
1314,9,9,0.5382053256034851
1315,4,8,0.4782760441303253
1316,5,5,0.9747914671897888
1317,9,9,0.9875200986862183
1318,5,3,0.6570985913276672
1319,0,0,0.7542979717254639
1320,7,7,0.6449615955352783
1321,2,5,0.39635246992111206
1322,0,1,0.46307826042175293
1323,0,0,0.5937828421592712
1324,4,2,0.21477867662906647
1325,2,4,0.48349013924598694
1326,6,4,0.40290507674217224
1327,6,6,0.7431966066360474
1328,5,3,0.7908141016960144
1329,5,5,0.6864754557609558
1330,2,5,0.31020256876945496
1331,8,8,0.9210704565048218
1332,1,1,0.8985098004341125
1333,7,4,0.32417821884155273
1334,3,2,0.9312376379966736
1335,1,1,0.8930425643920898
1336,4,4,0.4241885244846344
1337,5,5,0.4526461660861969
1338,6,6,0.9052692651748657
1339,5,5,0.48923254013061523
1340,1,1,0.9113802313804626
1341,4,4,0.6807951927185059
1342,7,3,0.2647901773452759
1343,0,0,0.7450404167175293
1344,9,1,0.6200804114341736
1345,4,2,0.5485655665397644
1346,3,9,0.7331253290176392
1347,8,8,0.9286671876907349
1348,2,3,0.4520941972732544
1349,8,8,0.9751431941986084
1350,4,4,0.6973482370376587
1351,7,7,0.9879261255264282
1352,2,2,0.6607998013496399
1353,3,4,0.26266995072364807
1354,1,1,0.9677616357803345
1355,5,3,0.5644298791885376
1356,2,4,0.5186775922775269
1357,9,1,0.5388558506965637
1358,8,8,0.6426631808280945
1359,9,9,0.9151647686958313
1360,7,7,0.8704259991645813
1361,9,9,0.9194746613502502
1362,5,5,0.884661853313446
1363,1,1,0.980796217918396
1364,4,4,0.596877932548523
1365,0,0,0.9394702911376953
1366,8,8,0.9826226234436035
1367,2,2,0.427668958902359
1368,3,3,0.4211178719997406
1369,8,8,0.9704721570014954
1370,9,9,0.7523923516273499
1371,1,1,0.846985399723053
1372,1,1,0.5670487284660339
1373,3,3,0.471593976020813
1374,2,0,0.629281759262085
1375,4,4,0.8231197595596313
1376,9,1,0.862598717212677
1377,3,3,0.374142050743103
1378,1,1,0.49030622839927673
1379,7,7,0.8950145244598389
1380,4,5,0.31584060192108154
1381,6,9,0.6224182844161987
1382,2,0,0.9973552227020264
1383,8,2,0.41756653785705566
1384,9,9,0.7702439427375793
1385,5,5,0.9604089260101318
1386,3,3,0.9087432622909546
1387,9,9,0.35574740171432495
1388,5,3,0.325645387172699
1389,5,4,0.950251579284668
1390,6,6,0.9837606549263
1391,7,2,0.6029184460639954
1392,2,2,0.9920845031738281
1393,4,3,0.6260354518890381
1394,6,5,0.6291699409484863
1395,3,3,0.39284050464630127
1396,1,1,0.9706180095672607
1397,0,0,0.9660046696662903
1398,7,7,0.3742244839668274
1399,2,0,0.41407516598701477
1400,5,2,0.5777159929275513
1401,4,4,0.5873109698295593
1402,7,7,0.997386634349823
1403,6,2,0.3864079713821411
1404,1,1,0.9759305119514465
1405,1,1,0.7473376393318176
1406,9,9,0.9890418648719788
1407,8,8,0.9461463093757629
1408,1,1,0.840412437915802
1409,0,0,0.3859836161136627
1410,1,1,0.973042368888855
1411,3,5,0.5515666007995605
1412,1,1,0.7859699130058289
1413,1,1,0.9651955366134644
1414,1,1,0.9796425700187683
1415,7,7,0.8750033378601074
1416,3,3,0.5820954442024231
1417,9,9,0.9216282963752747
1418,6,4,0.4525254964828491
1419,8,8,0.9558258652687073
1420,4,7,0.5092127919197083
1421,6,6,0.822539210319519
1422,8,8,0.47593188285827637
1423,4,4,0.9857708215713501
1424,9,1,0.7356578707695007
1425,4,3,0.6080673336982727
1426,7,7,0.619465172290802
1427,9,1,0.6928331851959229
1428,7,7,0.9737312197685242
1429,6,3,0.41905108094215393
1430,8,8,0.5753780603408813
1431,4,4,0.45537713170051575
1432,9,9,0.9968792200088501
1433,7,7,0.6558993458747864
1434,0,0,0.5828988552093506
1435,1,1,0.7113551497459412
1436,6,3,0.9276531338691711
1437,1,1,0.9628019332885742
1438,5,3,0.3761453330516815
1439,9,1,0.8838827610015869
1440,0,8,0.3573155701160431
1441,4,4,0.7036001682281494
1442,3,5,0.6467204689979553
1443,4,2,0.3573732078075409
1444,1,1,0.813901424407959
1445,3,3,0.6262518167495728
1446,0,0,0.7953211069107056
1447,8,8,0.7488620281219482
1448,4,4,0.5431441068649292
1449,6,6,0.9863157868385315
1450,2,2,0.5621800422668457
1451,2,6,0.45698973536491394
1452,6,6,0.937485933303833
1453,5,2,0.46684136986732483
1454,3,5,0.5073540210723877
1455,6,6,0.9272418022155762
1456,2,5,0.462611585855484
1457,1,1,0.9442673921585083
1458,1,8,0.4414108991622925
1459,8,8,0.6435743570327759
1460,6,6,0.8308308124542236
1461,0,0,0.6361379027366638
1462,4,4,0.889782726764679
1463,0,0,0.7559508085250854
1464,1,1,0.7158655524253845
1465,9,1,0.7605512738227844
1466,7,7,0.9318147301673889
1467,1,1,0.9477311372756958
1468,3,3,0.5949457883834839
1469,7,7,0.5228674411773682
1470,7,2,0.2794210910797119
1471,8,8,0.6541709303855896
1472,7,7,0.7222515940666199
1473,7,7,0.9967196583747864
1474,3,7,0.642577052116394
1475,9,9,0.8300873637199402
1476,7,7,0.9764199256896973
1477,7,7,0.9622964859008789
1478,7,7,0.8863985538482666
1479,2,3,0.263688325881958
1480,1,1,0.7480776906013489
1481,2,2,0.9293144345283508
1482,8,0,0.5757448673248291
1483,6,6,0.9179155230522156
1484,4,4,0.3826367259025574
1485,0,9,0.31360653042793274
1486,7,7,0.9818826913833618
1487,9,1,0.8762872219085693
1488,8,8,0.9850363731384277
1489,6,6,0.6829248666763306
1490,8,8,0.7309707999229431
1491,4,3,0.4970380663871765
1492,9,1,0.4360118508338928
1493,1,1,0.6609256863594055
1494,7,7,0.5372293591499329
1495,2,0,0.713401734828949
1496,2,2,0.551862359046936
1497,8,8,0.9359359741210938
1498,5,3,0.6741674542427063
1499,8,1,0.48409196734428406
1500,1,1,0.7194107174873352
1501,2,6,0.342034250497818
1502,2,2,0.8318445086479187
1503,4,5,0.5312214493751526
1504,1,1,0.951751172542572
1505,2,2,0.42015576362609863
1506,5,4,0.4459834396839142
1507,2,0,0.4849857687950134
1508,8,8,0.8718000054359436
1509,1,1,0.933814525604248
1510,8,8,0.7626489400863647
1511,1,1,0.9853091835975647
1512,8,8,0.5543139576911926
1513,6,5,0.5395498871803284
1514,0,0,0.5687940120697021
1515,2,2,0.7487625479698181
1516,4,2,0.5443035960197449
1517,1,1,0.9844001531600952
1518,3,3,0.9090561866760254
1519,6,6,0.9774757623672485
1520,7,7,0.4914686381816864
1521,7,7,0.48845410346984863
1522,4,4,0.5796802043914795
1523,4,4,0.5154377818107605
1524,3,3,0.7796953320503235
1525,3,0,0.2780217230319977
1526,4,5,0.4231491982936859
1527,5,3,0.6398983597755432
1528,2,2,0.8468849658966064
1529,4,5,0.3573860228061676
1530,3,9,0.6510124802589417
1531,7,7,0.37509599328041077
1532,8,8,0.9733970165252686
1533,4,7,0.8144490122795105
1534,4,4,0.8793748021125793
1535,4,4,0.8032183051109314
1536,5,3,0.3144267499446869
1537,4,2,0.41912978887557983
1538,3,3,0.25698184967041016
1539,2,2,0.6574945449829102
1540,8,8,0.9976045489311218
1541,4,2,0.48991861939430237
1542,5,5,0.6998378038406372
1543,5,5,0.4639468789100647
1544,4,4,0.38037359714508057
1545,1,9,0.604625403881073
1546,4,4,0.9657582640647888
1547,2,0,0.7358238697052002
1548,5,4,0.33692407608032227
1549,1,1,0.9588008522987366
1550,6,9,0.5343238711357117
1551,4,4,0.7753901481628418
1552,3,3,0.42442914843559265
1553,4,4,0.8917167782783508
1554,4,4,0.7606809139251709
1555,0,0,0.5927044749259949
1556,8,8,0.5876721143722534
1557,8,8,0.9866430759429932
1558,4,4,0.7586938738822937
1559,5,5,0.5885015726089478
1560,7,7,0.9963961243629456
1561,5,2,0.36007431149482727
1562,6,6,0.9634621739387512
1563,9,1,0.5577988624572754
1564,1,1,0.8387516736984253
1565,6,6,0.9061006307601929
1566,7,7,0.9855572581291199
1567,2,3,0.4225250482559204
1568,0,9,0.8067392706871033
1569,1,1,0.9497150778770447
1570,4,4,0.4993910491466522
1571,5,7,0.9020549058914185
1572,6,6,0.6664420366287231
1573,0,0,0.8012924194335938
1574,0,9,0.46528348326683044
1575,2,2,0.8616886734962463
1576,7,4,0.40333274006843567
1577,5,3,0.4410844147205353
1578,6,6,0.9737553000450134
1579,0,0,0.8159709572792053
1580,6,7,0.26155582070350647
1581,2,8,0.4284684360027313
1582,9,9,0.8923684358596802
1583,1,3,0.20748935639858246
1584,7,2,0.39907214045524597
1585,7,3,0.394981324672699
1586,5,5,0.8253980875015259
1587,2,0,0.8510748147964478
1588,5,5,0.5905929207801819
1589,6,6,0.9430623054504395
1590,4,4,0.3272269070148468
1591,1,1,0.9160834550857544
1592,4,4,0.4482935070991516
1593,3,3,0.6280695796012878
1594,3,5,0.5908295512199402
1595,3,9,0.5037188529968262
1596,0,7,0.6254659295082092
1597,3,3,0.4378551244735718
1598,5,5,0.6836820244789124
1599,5,3,0.4751148521900177
1600,8,9,0.6451438665390015
1601,9,9,0.838637113571167
1602,7,7,0.6755883693695068
1603,3,3,0.3249906897544861
1604,1,1,0.979436457157135
1605,3,7,0.351979523897171
1606,3,6,0.3075169622898102
1607,3,9,0.36998310685157776
1608,4,5,0.34284478425979614
1609,4,7,0.27785617113113403
1610,2,7,0.3402188718318939
1611,3,3,0.8691901564598083
1612,3,8,0.46944230794906616
1613,8,8,0.6216830611228943
1614,1,1,0.9686864018440247
1615,7,3,0.5000476241111755
1616,7,7,0.9739020466804504
1617,0,0,0.970680832862854
1618,7,7,0.3157083988189697
1619,4,2,0.48421183228492737
1620,5,8,0.48683127760887146
1621,1,1,0.9677093625068665
1622,4,4,0.36294838786125183
1623,2,4,0.40144020318984985
1624,4,4,0.8569719791412354
1625,3,4,0.4613361954689026
1626,9,4,0.3417705297470093
1627,9,9,0.7493813633918762
1628,4,7,0.8483037948608398
1629,9,9,0.8333491086959839
1630,9,9,0.9495508074760437
1631,1,1,0.9750837087631226
1632,8,8,0.7806646227836609
1633,1,1,0.6904354095458984
1634,6,6,0.9512750506401062
1635,7,7,0.8865014910697937
1636,5,5,0.6257925033569336
1637,5,2,0.22590865194797516
1638,4,4,0.6222443580627441
1639,9,9,0.9886457920074463
1640,7,3,0.6188742518424988
1641,6,6,0.916667640209198
1642,5,4,0.4046758711338043
1643,9,9,0.5907193422317505
1644,2,6,0.5196946263313293
1645,4,4,0.6649113893508911
1646,0,0,0.9826746582984924
1647,7,7,0.9994767308235168
1648,8,8,0.42374712228775024
1649,5,4,0.3831336796283722
1650,5,5,0.9880713224411011
1651,0,0,0.6523208022117615
1652,0,0,0.668038547039032
1653,9,1,0.6545810103416443
1654,9,9,0.9286053776741028
1655,8,8,0.9877661466598511
1656,2,2,0.5418516397476196
1657,5,5,0.9233546853065491
1658,4,4,0.8194712996482849
1659,8,8,0.8334410786628723
1660,3,4,0.450307697057724
1661,6,6,0.940596878528595
1662,3,9,0.321197509765625
1663,6,6,0.8579169511795044
1664,0,0,0.8287699222564697
1665,6,6,0.9905581474304199
1666,6,6,0.7875181436538696
1667,6,6,0.944531261920929
1668,9,1,0.6160027384757996
1669,6,6,0.5823183655738831
1670,6,6,0.4243346154689789
1671,8,8,0.9847304821014404
1672,6,6,0.8211180567741394
1673,2,2,0.320534884929657
1674,4,4,0.8781211376190186
1675,5,7,0.40436112880706787
1676,8,8,0.9603068828582764
1677,1,1,0.9767375588417053
1678,2,2,0.7411834001541138
1679,7,7,0.9310877323150635
1680,6,6,0.7522610425949097
1681,5,5,0.4028983414173126
1682,7,7,0.881618857383728
1683,8,8,0.9046717882156372
1684,1,8,0.4765690863132477
1685,8,4,0.23776622116565704
1686,0,0,0.8110860586166382
1687,8,8,0.6796263456344604
1688,6,9,0.3200779855251312
1689,9,8,0.4633312225341797
1690,2,2,0.5680264234542847
1691,8,8,0.9955198764801025
1692,9,9,0.8434236645698547
1693,4,8,0.9866927266120911
1694,0,0,0.9785142540931702
1695,9,9,0.845710277557373
1696,4,0,0.45207247138023376
1697,9,9,0.9060268402099609
1698,5,5,0.5628117918968201
1699,7,7,0.4819721281528473
1700,5,3,0.29480668902397156
1701,5,5,0.4218388497829437
1702,9,9,0.654728353023529
1703,5,5,0.541691780090332
1704,3,0,0.48866453766822815
1705,0,0,0.6621612906455994
1706,1,1,0.9787826538085938
1707,9,9,0.8876168727874756
1708,7,2,0.1975127011537552
1709,2,2,0.5465089082717896
1710,4,4,0.7262499928474426
1711,1,1,0.8425700664520264
1712,0,0,0.9338417649269104
1713,8,1,0.7582361102104187
1714,0,2,0.5020138621330261
1715,3,5,0.7412339448928833
1716,1,1,0.90376877784729
1717,7,7,0.9985573887825012
1718,0,8,0.5222206115722656
1719,0,0,0.8727670311927795
1720,4,4,0.4477445185184479
1721,8,0,0.3771277666091919
1722,6,6,0.9551762342453003
1723,2,7,0.251786470413208
1724,4,4,0.5086660981178284
1725,0,0,0.9874699115753174
1726,0,0,0.9149311184883118
1727,9,1,0.4192935526371002
1728,0,5,0.38178861141204834
1729,8,8,0.9561358094215393
1730,4,4,0.3204297423362732
1731,5,3,0.47076237201690674
1732,9,9,0.5535808801651001
1733,3,3,0.6380077004432678
1734,9,1,0.6566901803016663
1735,0,0,0.5850448608398438
1736,5,5,0.29204192757606506
1737,6,7,0.3650568723678589
1738,5,5,0.8838623762130737
1739,0,9,0.8745113015174866
1740,1,1,0.9286643266677856
1741,4,4,0.36194300651550293
1742,8,8,0.9934043288230896
1743,1,1,0.999009370803833
1744,0,0,0.9469214081764221
1745,5,5,0.8581163287162781
1746,2,4,0.39014190435409546
1747,1,9,0.7255192995071411
1748,0,0,0.9334692358970642
1749,2,4,0.7487434148788452
1750,8,8,0.9697636961936951
1751,1,9,0.5367370843887329
1752,5,3,0.6019729375839233
1753,6,6,0.9198313355445862
1754,7,7,0.9719972014427185
1755,7,7,0.9919773936271667
1756,2,3,0.4163097143173218
1757,6,6,0.3510361313819885
1758,2,2,0.4866323173046112
1759,5,3,0.7291637659072876
1760,0,0,0.6779022216796875
1761,1,1,0.6790252327919006
1762,4,4,0.9256705641746521
1763,2,2,0.3590065538883209
1764,5,4,0.5037655234336853
1765,4,4,0.7170416712760925
1766,6,4,0.49053627252578735
1767,2,2,0.5426260232925415
1768,2,2,0.4439097046852112
1769,1,0,0.48972007632255554
1770,7,7,0.8430178165435791
1771,2,4,0.8050156831741333
1772,8,0,0.23581098020076752
1773,5,5,0.6036898493766785
1774,5,6,0.4337702691555023
1775,3,1,0.6039631366729736
1776,0,0,0.9426147937774658
1777,4,4,0.8712159991264343
1778,8,8,0.7466291189193726
1779,3,5,0.5489673614501953
1780,7,7,0.5188994407653809
1781,6,6,0.9987791180610657
1782,3,2,0.5222119092941284
1783,8,8,0.9712374806404114
1784,1,1,0.9055829048156738
1785,0,2,0.8332511186599731
1786,1,9,0.4109143614768982
1787,3,5,0.3323884606361389
1788,3,6,0.7370409965515137
1789,0,3,0.4776727557182312
1790,7,7,0.6774492859840393
1791,4,4,0.4821856617927551
1792,9,9,0.9113674759864807
1793,5,7,0.4846135377883911
1794,3,4,0.5779995322227478
1795,6,6,0.5584048628807068
1796,0,0,0.5949788689613342
1797,1,1,0.8526296019554138
1798,4,4,0.37887558341026306
1799,4,4,0.4794919490814209
1800,4,4,0.8015490770339966
1801,4,4,0.9295524954795837
1802,2,2,0.8085833787918091
1803,2,5,0.5930576324462891
1804,5,1,0.26399582624435425
1805,8,8,0.9929719567298889
1806,1,1,0.611250638961792
1807,5,7,0.4503919184207916
1808,9,9,0.6929340362548828
1809,8,8,0.8199495673179626
1810,1,1,0.9465682506561279
1811,1,1,0.9717411398887634
1812,5,3,0.36432084441185
1813,3,2,0.5628881454467773
1814,9,9,0.972417950630188
1815,9,9,0.8925219774246216
1816,7,0,0.3701378107070923
1817,6,6,0.8849285840988159
1818,5,5,0.7928628325462341
1819,0,0,0.964796781539917
1820,8,9,0.4054674804210663
1821,4,3,0.5571871399879456
1822,7,0,0.4635522663593292
1823,0,3,0.4893643260002136
1824,9,9,0.9561057686805725
1825,2,2,0.9035695791244507
1826,8,8,0.9942066669464111
1827,4,4,0.9553725123405457
1828,7,7,0.4791759252548218
1829,1,9,0.5744963884353638
1830,3,5,0.32474181056022644
1831,9,9,0.9203795790672302
1832,6,6,0.6492529511451721
1833,8,8,0.9821681976318359
1834,9,9,0.829811692237854
1835,0,4,0.5210248231887817
1836,4,2,0.5979099273681641
1837,9,6,0.7046501636505127
1838,6,8,0.4011947214603424
1839,7,7,0.9981837868690491
1840,8,9,0.24307884275913239
1841,9,9,0.87001633644104
1842,4,4,0.5606955885887146
1843,8,8,0.8194978833198547
1844,9,9,0.4808114767074585
1845,7,7,0.872821569442749
1846,2,2,0.9558353424072266
1847,5,5,0.38931775093078613
1848,3,3,0.7585754990577698
1849,7,7,0.9833193421363831
1850,1,0,0.4075174927711487
1851,0,0,0.9879634380340576
1852,2,8,0.250413715839386
1853,9,9,0.9448047876358032
1854,5,5,0.49975109100341797
1855,5,5,0.9446392059326172
1856,8,8,0.9761491417884827
1857,5,5,0.8743018507957458
1858,4,7,0.40232008695602417
1859,2,5,0.4246722459793091
1860,8,8,0.9815067052841187
1861,3,3,0.43554234504699707
1862,5,5,0.3328329920768738
1863,5,4,0.32454046607017517
1864,7,7,0.9930145740509033
1865,7,7,0.8360676765441895
1866,8,8,0.9864891767501831
1867,6,4,0.3742608428001404
1868,2,7,0.9875915050506592
1869,8,8,0.9844622611999512
1870,2,2,0.6100820899009705
1871,3,3,0.49916669726371765
1872,5,5,0.48261943459510803
1873,6,3,0.27933695912361145
1874,8,8,0.8897565603256226
1875,0,0,0.9304903745651245
1876,2,2,0.5007834434509277
1877,3,3,0.42611682415008545
1878,7,7,0.980989933013916
1879,0,0,0.8714654445648193
1880,1,1,0.8198068737983704
1881,9,9,0.8845627903938293
1882,1,1,0.9389747381210327
1883,3,4,0.8356556296348572
1884,7,4,0.44409817457199097
1885,5,5,0.7536267638206482
1886,8,8,0.33104589581489563
1887,3,3,0.38671037554740906
1888,2,2,0.8499053120613098
1889,9,9,0.9519745111465454
1890,6,6,0.38362225890159607
1891,8,8,0.8995482921600342
1892,6,6,0.2640860378742218
1893,9,9,0.7515000700950623
1894,3,3,0.9326898455619812
1895,8,0,0.36656472086906433
1896,9,9,0.9671816229820251
1897,8,8,0.42244669795036316
1898,0,5,0.5096918940544128
1899,7,7,0.8936262130737305
1900,8,8,0.9844383597373962
1901,5,5,0.9100831747055054
1902,0,2,0.35762161016464233
1903,0,0,0.8876351118087769
1904,1,1,0.9327977299690247
1905,3,2,0.5593999028205872
1906,9,3,0.5194991230964661
1907,1,1,0.7752161026000977
1908,5,5,0.6352523565292358
1909,3,4,0.2010783851146698
1910,4,4,0.5334827303886414
1911,4,6,0.439992755651474
1912,0,0,0.8612709045410156
1913,9,9,0.692854106426239
1914,9,9,0.8938104510307312
1915,9,9,0.9860734939575195
1916,9,8,0.26781347393989563
1917,8,8,0.9011915326118469
1918,2,2,0.5479674339294434
1919,4,4,0.6036593317985535
1920,2,2,0.5347338318824768
1921,2,0,0.41826653480529785
1922,5,5,0.7373692393302917
1923,1,1,0.8588486909866333
1924,9,3,0.41953688859939575
1925,1,1,0.3276517689228058
1926,0,8,0.41637760400772095
1927,9,9,0.8235751390457153
1928,4,4,0.37769076228141785
1929,2,4,0.75728440284729
1930,1,1,0.8213889598846436
1931,6,6,0.781404435634613
1932,0,0,0.47499173879623413
1933,3,5,0.8720018267631531
1934,7,2,0.284467875957489
1935,6,4,0.4395586848258972
1936,3,3,0.43435096740722656
1937,1,9,0.7264617681503296
1938,8,8,0.5452015399932861
1939,6,3,0.433573842048645
1940,5,5,0.3117547035217285
1941,7,0,0.5728632807731628
1942,2,2,0.6424168348312378
1943,8,8,0.9596443176269531
1944,4,5,0.32789769768714905
1945,4,7,0.34392067790031433
1946,8,8,0.9583472609519958
1947,3,3,0.5468546152114868
1948,5,5,0.8370280265808105
1949,0,0,0.8754662275314331
1950,5,5,0.7210173606872559
1951,7,7,0.9423157572746277
1952,4,4,0.8719755411148071
1953,4,0,0.8419235348701477
1954,2,0,0.641721248626709
1955,2,7,0.9500138163566589
1956,7,7,0.9553787708282471
1957,3,7,0.28110188245773315
1958,6,4,0.4217525124549866
1959,0,8,0.7789327502250671
1960,2,5,0.7674734592437744
1961,7,7,0.812400221824646
1962,6,6,0.9856733083724976
1963,2,0,0.9481363892555237
1964,3,3,0.5316104888916016
1965,0,0,0.8610634207725525
1966,7,7,0.9895632863044739
1967,7,7,0.5818843841552734
1968,8,8,0.9976726174354553
1969,1,9,0.9405649304389954
1970,1,1,0.9511916041374207
1971,4,4,0.46700066328048706
1972,6,2,0.3326658010482788
1973,0,0,0.8669933676719666
1974,6,6,0.9857263565063477
1975,6,6,0.6327826976776123
1976,5,5,0.9769485592842102
1977,5,3,0.3203900158405304
1978,6,6,0.9167735576629639
1979,3,3,0.3932211101055145
1980,9,9,0.661172091960907
1981,3,6,0.4937642216682434
1982,6,6,0.9641215801239014
1983,8,7,0.5211592316627502
1984,7,7,0.7535200119018555
1985,6,2,0.6110578179359436
1986,4,4,0.3922528922557831
1987,9,9,0.4690704941749573
1988,5,5,0.7788031697273254
1989,6,5,0.41368547081947327
1990,4,3,0.29160869121551514
1991,1,1,0.9918145537376404
1992,6,6,0.981402575969696
1993,3,3,0.31616878509521484
1994,8,9,0.6613088250160217
1995,2,2,0.46712467074394226
1996,3,3,0.47247421741485596
1997,9,9,0.5389025211334229
1998,8,8,0.40407633781433105
1999,5,5,0.5050826072692871
2000,1,1,0.8322763442993164
2001,5,5,0.4757094979286194
2002,4,4,0.27203986048698425
2003,5,3,0.3717605769634247
2004,7,7,0.9925540089607239
2005,5,5,0.5896218419075012
2006,7,7,0.9813831448554993
2007,8,8,0.9797235727310181
2008,9,9,0.6825395226478577
2009,1,1,0.6352213621139526
2010,7,1,0.2535999119281769
2011,2,2,0.4313558340072632
2012,5,5,0.9319358468055725
2013,6,6,0.377323716878891
2014,8,8,0.965272843837738
2015,4,6,0.7509824633598328
2016,6,6,0.5420941114425659
2017,5,3,0.44001275300979614
2018,3,3,0.8081566095352173
2019,9,9,0.9418527483940125
2020,9,9,0.9825654029846191
2021,8,0,0.6212428212165833
2022,5,3,0.49486956000328064
2023,5,3,0.5288569331169128
2024,6,6,0.47335416078567505
2025,4,4,0.854287326335907
2026,5,3,0.46047866344451904
2027,9,3,0.2737155556678772
2028,7,7,0.9953213334083557
2029,3,5,0.6449358463287354
2030,4,4,0.510596752166748
2031,1,1,0.9196606278419495
2032,4,4,0.5938471555709839
2033,2,2,0.6594361066818237
2034,3,4,0.7933450937271118
2035,6,6,0.9827961921691895
2036,5,3,0.370678186416626
2037,5,3,0.45941779017448425
2038,2,3,0.4021674394607544
2039,8,1,0.6451024413108826
2040,0,0,0.8358468413352966
2041,0,0,0.7747735381126404
2042,1,1,0.9634503722190857
2043,8,8,0.5736890435218811
2044,3,5,0.5732269287109375
2045,1,1,0.8117732405662537
2046,3,3,0.8607922196388245
2047,5,3,0.6933500170707703
2048,8,8,0.8274003863334656
2049,3,4,0.7728983163833618
2050,8,8,0.99212646484375
2051,5,3,0.5037719011306763
2052,8,8,0.9993422627449036
2053,6,2,0.4042775630950928
2054,3,3,0.5622464418411255
2055,5,5,0.5121948719024658
2056,5,5,0.9263379573822021
2057,5,5,0.6806929111480713
2058,0,8,0.7485883235931396
2059,9,9,0.3544121980667114
2060,5,3,0.6223046183586121
2061,5,7,0.41556939482688904
2062,7,7,0.35413578152656555
2063,1,1,0.8943246603012085
2064,8,8,0.9657336473464966
2065,2,4,0.40464022755622864
2066,2,4,0.5557793378829956
2067,7,4,0.49787092208862305
2068,3,5,0.316374272108078
2069,4,4,0.5788081288337708
2070,2,2,0.959394097328186
2071,9,9,0.7720125913619995
2072,6,6,0.7470263242721558
2073,2,2,0.7430793642997742
2074,2,2,0.9537976980209351
2075,4,4,0.44917744398117065
2076,3,3,0.7866994142532349
2077,0,0,0.7522131204605103
2078,2,6,0.6298639178276062
2079,0,2,0.7973134517669678
2080,1,9,0.5994518399238586
2081,3,3,0.3611671030521393
2082,2,2,0.7870938181877136
2083,2,5,0.4970795512199402
2084,7,7,0.9994789958000183
2085,0,2,0.4042143225669861
2086,1,1,0.9124050140380859
2087,0,4,0.7211714386940002
2088,7,7,0.6504086852073669
2089,7,7,0.9805842638015747
2090,2,4,0.49194085597991943
2091,0,2,0.34114643931388855
2092,1,1,0.9756562113761902
2093,6,6,0.9990221261978149
2094,5,5,0.8183206915855408
2095,0,0,0.7468549609184265
2096,2,8,0.4607275128364563
2097,2,2,0.8559043407440186
2098,0,8,0.5351098775863647
2099,1,1,0.8180729150772095
2100,2,2,0.48804113268852234
2101,6,6,0.9329224228858948
2102,0,0,0.8615526556968689
2103,1,1,0.7301143407821655
2104,6,6,0.9879794120788574
2105,6,6,0.8588885068893433
2106,5,5,0.41761597990989685
2107,3,3,0.8555417060852051
2108,4,3,0.5128435492515564
2109,0,0,0.937614917755127
2110,0,0,0.7606906294822693
2111,9,9,0.5556111931800842
2112,1,1,0.7803225517272949
2113,0,0,0.9871899485588074
2114,2,3,0.3260992467403412
2115,5,5,0.7517820596694946
2116,9,9,0.9461803436279297
2117,7,7,0.4945337474346161
2118,8,8,0.8064099550247192
2119,6,6,0.9142735600471497
2120,4,8,0.40486735105514526
2121,6,6,0.6071548461914062
2122,0,0,0.8795706033706665
2123,2,2,0.9041013717651367
2124,0,0,0.6541839241981506
2125,1,1,0.7724148631095886
2126,9,1,0.7030786275863647
2127,2,4,0.36510926485061646
2128,4,6,0.9015125036239624
2129,9,0,0.5227205157279968
2130,0,2,0.4495411515235901
2131,7,7,0.913411557674408
2132,2,2,0.3926713168621063
2133,3,3,0.7855739593505859
2134,4,4,0.44467005133628845
2135,8,8,0.988145112991333
2136,0,9,0.7011799812316895
2137,2,4,0.9368748664855957
2138,6,6,0.9662998914718628
2139,8,8,0.9577671885490417
2140,9,9,0.9864882826805115
2141,7,7,0.6231763362884521
2142,1,0,0.545908510684967
2143,9,9,0.9514135718345642
2144,3,5,0.4261130094528198
2145,7,4,0.9705696105957031
2146,2,2,0.7393019199371338
2147,7,7,0.5990948677062988
2148,9,9,0.9644418358802795
2149,6,6,0.9712173342704773
2150,9,9,0.8765085935592651
2151,5,3,0.4001563489437103
2152,7,7,0.9771984815597534
2153,8,8,0.8289245367050171
2154,5,5,0.5834483504295349
2155,9,8,0.6901455521583557
2156,8,8,0.9550766348838806
2157,3,5,0.5638084411621094
2158,9,9,0.8554174304008484
2159,8,7,0.24406102299690247
2160,0,0,0.6578551530838013
2161,5,3,0.326645165681839
2162,5,5,0.5352309942245483
2163,7,7,0.9874402284622192
2164,1,1,0.9354241490364075
2165,2,0,0.8992199301719666
2166,0,0,0.8126322627067566
2167,7,7,0.4131265878677368
2168,5,3,0.45972269773483276
2169,8,8,0.9469253420829773
2170,2,2,0.9127684831619263
2171,2,7,0.360678493976593
2172,5,4,0.71562659740448
2173,3,3,0.5395154356956482
2174,9,9,0.6154626607894897
2175,3,4,0.29457101225852966
2176,1,1,0.6367813348770142
2177,9,9,0.8994458317756653
2178,3,9,0.6925013065338135
2179,1,1,0.7634360194206238
2180,4,4,0.8942723274230957
2181,3,3,0.3501496911048889
2182,4,4,0.6981530785560608
2183,4,4,0.4977591633796692
2184,9,9,0.9490338563919067
2185,0,0,0.6466071605682373
2186,9,1,0.44984012842178345
2187,5,3,0.4914241433143616
2188,9,9,0.9975473284721375
2189,2,2,0.9571986198425293
2190,9,1,0.9006211757659912
2191,4,3,0.35068464279174805
2192,0,6,0.5689509510993958
2193,2,0,0.9617929458618164
2194,8,8,0.9228174090385437
2195,4,5,0.6297518014907837
2196,8,8,0.6840133666992188
2197,6,6,0.5320585370063782
2198,8,8,0.7788082957267761
2199,2,6,0.37235894799232483
2200,0,0,0.9914796352386475
2201,5,5,0.4666478931903839
2202,9,9,0.827865481376648
2203,6,2,0.458356112241745
2204,9,9,0.9717817902565002
2205,5,5,0.2866888642311096
2206,1,9,0.5206161141395569
2207,3,3,0.3370172679424286
2208,4,4,0.8356849551200867
2209,4,4,0.41519081592559814
2210,2,2,0.4645758867263794
2211,7,7,0.974284827709198
2212,2,2,0.5952345728874207
2213,4,6,0.579629123210907
2214,4,4,0.49058371782302856
2215,0,0,0.9183970093727112
2216,2,7,0.6522062420845032
2217,8,8,0.937085747718811
2218,4,4,0.9872093200683594
2219,5,7,0.45071280002593994
2220,1,1,0.9744870662689209
2221,2,2,0.9434276819229126
2222,6,6,0.5833488702774048
2223,8,8,0.8601618409156799
2224,1,1,0.6723129749298096
2225,7,7,0.9805968403816223
2226,2,6,0.9674763083457947
2227,8,2,0.3332979083061218
2228,7,7,0.7511834502220154
2229,4,4,0.9119798541069031
2230,3,3,0.46461591124534607
2231,3,0,0.43855246901512146
2232,0,3,0.572735071182251
2233,3,2,0.4706646502017975
2234,7,7,0.9334720373153687
2235,2,2,0.7730115652084351
2236,5,8,0.5840962529182434
2237,6,6,0.7037954926490784
2238,1,1,0.9898744821548462
2239,7,7,0.9480823278427124
2240,9,1,0.46605023741722107
2241,0,0,0.8115650415420532
2242,2,3,0.7091402411460876
2243,3,3,0.2981770932674408
2244,9,9,0.5865464806556702
2245,8,8,0.640575647354126
2246,9,9,0.4403274655342102
2247,5,5,0.5636852979660034
2248,0,0,0.371867835521698
2249,0,0,0.984984278678894
2250,7,9,0.37150412797927856
2251,6,5,0.4583348333835602
2252,3,3,0.8738905191421509
2253,3,6,0.31566742062568665
2254,8,8,0.8189854025840759
2255,1,8,0.9398494958877563
2256,4,4,0.907518208026886
2257,0,0,0.9638732075691223
2258,1,1,0.9593157172203064
2259,5,5,0.7289488911628723
2260,4,4,0.9047613739967346
2261,3,3,0.7606863975524902
2262,2,4,0.413670152425766
2263,6,6,0.9311118125915527
2264,0,0,0.6653025150299072
2265,8,8,0.9821107983589172
2266,8,8,0.9648662805557251
2267,6,6,0.5904790163040161
2268,3,6,0.5673202872276306
2269,3,3,0.4949966371059418
2270,2,4,0.5798458456993103
2271,9,2,0.3050151467323303
2272,7,7,0.7799659371376038
2273,5,5,0.6329883337020874
2274,1,1,0.9832079410552979
2275,6,6,0.784839391708374
2276,0,0,0.3890554904937744
2277,5,5,0.8441001176834106
2278,9,9,0.8866156935691833
2279,9,9,0.9775566458702087
2280,4,0,0.44518718123435974
2281,5,5,0.8756569623947144
2282,9,9,0.9454960227012634
2283,4,3,0.4625999629497528
2284,8,8,0.840925931930542
2285,3,5,0.6521066427230835
2286,3,5,0.7442728877067566
2287,2,2,0.40478426218032837
2288,5,4,0.37341615557670593
2289,1,1,0.9722213745117188
2290,9,9,0.9265755414962769
2291,5,5,0.9375169277191162
2292,5,3,0.38914504647254944
2293,8,1,0.875961184501648
2294,1,9,0.32056912779808044
2295,8,8,0.9233160614967346
2296,9,9,0.9781391024589539
2297,7,7,0.8774057626724243
2298,0,0,0.7774173617362976
2299,6,3,0.692510187625885
2300,3,2,0.3670642673969269
2301,2,2,0.5229541659355164
2302,0,0,0.9364829659461975
2303,2,2,0.7990588545799255
2304,6,6,0.9771643280982971
2305,9,7,0.4702429175376892
2306,3,3,0.8166025876998901
2307,9,9,0.8300747871398926
2308,1,1,0.985779881477356
2309,6,3,0.5671977996826172
2310,6,5,0.43781912326812744
2311,7,7,0.8616491556167603
2312,2,6,0.3810655474662781
2313,6,6,0.7479755878448486
2314,3,5,0.31339773535728455
2315,2,2,0.8482718467712402
2316,5,2,0.5497374534606934
2317,5,5,0.8440696597099304
2318,2,2,0.915123462677002
2319,7,7,0.513611912727356
2320,5,3,0.42951035499572754
2321,2,7,0.24127592146396637
2322,0,0,0.9480166435241699
2323,8,1,0.9198513031005859
2324,0,2,0.38620686531066895
2325,7,5,0.5400933623313904
2326,7,7,0.9632521867752075
2327,1,1,0.3718598783016205
2328,7,7,0.9020281434059143
2329,4,6,0.7565630674362183
2330,0,0,0.8205880522727966
2331,2,2,0.2726759612560272
2332,2,2,0.8864514827728271
2333,6,6,0.9963316321372986
2334,1,1,0.9478264451026917
2335,5,5,0.41875794529914856
2336,9,9,0.8488085865974426
2337,7,7,0.6266961693763733
2338,6,6,0.7477867603302002
2339,2,2,0.6717106699943542
2340,7,7,0.9914406538009644
2341,0,0,0.9561940431594849
2342,5,3,0.41193637251853943
2343,6,6,0.6525639295578003
2344,0,0,0.9231888651847839
2345,1,1,0.9003810286521912
2346,1,1,0.8757285475730896
2347,8,8,0.8560127019882202
2348,4,4,0.7405588030815125
2349,5,5,0.5905779600143433
2350,3,6,0.4561860263347626
2351,1,9,0.5359908938407898
2352,2,2,0.4382297992706299
2353,4,4,0.5727331042289734
2354,8,8,0.9107680320739746
2355,9,8,0.5042711496353149
2356,8,8,0.4615602195262909
2357,1,1,0.6705753803253174
2358,7,3,0.4757170081138611
2359,2,4,0.6380013823509216
2360,7,7,0.5841837525367737
2361,2,2,0.3370959758758545
2362,3,4,0.37871721386909485
2363,2,6,0.6978465914726257
2364,6,6,0.8242583274841309
2365,7,5,0.23547223210334778
2366,9,0,0.5115411877632141
2367,4,4,0.41446563601493835
2368,0,0,0.8875181078910828
2369,1,1,0.9939350485801697
2370,0,0,0.9827806949615479
2371,4,0,0.34253254532814026
2372,5,5,0.43881505727767944
2373,0,0,0.9990860223770142
2374,8,8,0.9476380944252014
2375,0,0,0.71855628490448
2376,7,0,0.7043687701225281
2377,6,4,0.4731140434741974
2378,1,1,0.8914623260498047
2379,0,0,0.5399744510650635
2380,8,8,0.9254316687583923
2381,5,5,0.9443358182907104
2382,9,9,0.9541792869567871
2383,2,2,0.5465312004089355
2384,5,5,0.4254049062728882
2385,4,5,0.34691599011421204
2386,4,7,0.42537522315979004
2387,9,9,0.504341185092926
2388,0,0,0.8017577528953552
2389,6,6,0.9316598773002625
2390,1,4,0.354070246219635
2391,2,2,0.3418804407119751
2392,5,2,0.5841052532196045
2393,1,1,0.8700371980667114
2394,6,6,0.877973198890686
2395,7,7,0.8374475240707397
2396,1,9,0.2765200138092041
2397,5,5,0.3762822151184082
2398,8,8,0.9396560192108154
2399,8,8,0.9965883493423462
2400,0,0,0.9977219700813293
2401,3,3,0.6616032719612122
2402,9,9,0.9563055634498596
2403,4,4,0.7396882176399231
2404,0,0,0.3145837187767029
2405,3,6,0.975830078125
2406,4,4,0.7201941609382629
2407,9,9,0.8173280358314514
2408,2,2,0.9089272618293762
2409,4,2,0.5193647742271423
2410,3,3,0.4970228672027588
2411,0,0,0.5773552060127258
2412,6,6,0.706743061542511
2413,4,6,0.9417882561683655
2414,5,3,0.4863053560256958
2415,6,6,0.48626595735549927
2416,6,2,0.26404547691345215
2417,7,7,0.956642746925354
2418,8,8,0.9705867171287537
2419,4,7,0.5904597640037537
2420,8,1,0.43122196197509766
2421,8,4,0.35657668113708496
2422,3,3,0.28197795152664185
2423,2,6,0.7187056541442871
2424,8,8,0.49045369029045105
2425,0,0,0.889100968837738
2426,2,0,0.6245410442352295
2427,5,5,0.46344104409217834
2428,6,6,0.9813073873519897
2429,8,8,0.8506855964660645
2430,7,5,0.4538656771183014
2431,8,8,0.9002179503440857
2432,9,0,0.773472011089325
2433,9,9,0.45479923486709595
2434,0,0,0.48466891050338745
2435,6,4,0.3963272273540497
2436,6,6,0.8064578175544739
2437,8,8,0.9156270623207092
2438,1,1,0.9794132709503174
2439,1,9,0.5070611834526062
2440,7,9,0.3876100778579712
2441,4,4,0.36900749802589417
2442,4,3,0.41185247898101807
2443,2,2,0.3632982671260834
2444,3,5,0.39682701230049133
2445,6,6,0.9973594546318054
2446,9,9,0.4465520977973938
2447,6,1,0.39595502614974976
2448,2,2,0.9005235433578491
2449,4,2,0.2904864549636841
2450,1,1,0.9344276189804077
2451,8,8,0.929077684879303
2452,2,4,0.4413717985153198
2453,3,4,0.9396909475326538
2454,1,1,0.9300898909568787
2455,6,3,0.39969173073768616
2456,8,1,0.8318411707878113
2457,6,6,0.9959241151809692
2458,8,8,0.9091500043869019
2459,5,5,0.9010714888572693
2460,9,9,0.9506148099899292
2461,0,0,0.5766022801399231
2462,1,1,0.9687038064002991
2463,0,0,0.9861636757850647
2464,2,2,0.2712295353412628
2465,9,9,0.9922210574150085
2466,2,2,0.4834371507167816
2467,9,9,0.46327635645866394
2468,0,0,0.8641232848167419
2469,9,9,0.8671066164970398
2470,7,7,0.8866599202156067
2471,8,8,0.9590324759483337
2472,5,6,0.43572431802749634
2473,0,0,0.9418169260025024
2474,6,6,0.9496938586235046
2475,6,6,0.990029513835907
2476,8,8,0.997696578502655
2477,1,1,0.9310689568519592
2478,6,6,0.9079501032829285
2479,5,4,0.37448471784591675
2480,8,8,0.8573932647705078
2481,7,4,0.5097811222076416
2482,9,1,0.6751171350479126
2483,2,2,0.38707035779953003
2484,1,1,0.9932264685630798
2485,6,6,0.9195216298103333
2486,7,4,0.6618289351463318
2487,5,5,0.6985068321228027
2488,6,6,0.5857153534889221
2489,3,2,0.2448934018611908
2490,0,0,0.4103769361972809
2491,9,0,0.6869183778762817
2492,8,8,0.8653818368911743
2493,9,1,0.5508753657341003
2494,5,2,0.2754800021648407
2495,9,8,0.30550843477249146
2496,9,9,0.637764573097229
2497,9,8,0.3980758488178253
2498,3,3,0.4361688196659088
2499,6,5,0.21890400350093842
2500,4,4,0.4612068831920624
2501,4,4,0.8133139610290527
2502,8,8,0.9939927458763123
2503,8,8,0.5517021417617798
2504,1,1,0.9753450155258179
2505,7,7,0.529887855052948
2506,3,0,0.3735576570034027
2507,0,0,0.4578859508037567
2508,6,4,0.5161079168319702
2509,2,4,0.3534315228462219
2510,4,4,0.6736291646957397
2511,8,1,0.5602055788040161
2512,2,3,0.38490644097328186
2513,2,2,0.9693400859832764
2514,9,3,0.5985676050186157
2515,2,2,0.45009884238243103
2516,2,3,0.4857417345046997
2517,9,9,0.8425258994102478
2518,7,7,0.9903057813644409
2519,4,3,0.4367597699165344
2520,1,1,0.6286347508430481
2521,9,5,0.6828837394714355
2522,1,1,0.6304904222488403
2523,4,4,0.3165011703968048
2524,3,3,0.6581893563270569
2525,5,0,0.31855079531669617
2526,3,7,0.418802946805954
2527,8,8,0.9924069046974182
2528,9,9,0.4913961589336395
2529,3,3,0.5091020464897156
2530,6,6,0.9127253890037537
2531,2,2,0.7743463516235352
2532,0,1,0.6477153301239014
2533,8,3,0.8114269971847534
2534,9,9,0.7776212096214294
2535,0,6,0.5742539167404175
2536,5,5,0.7472522258758545
2537,1,1,0.9398432970046997
2538,5,4,0.36389583349227905
2539,8,8,0.5969879031181335
2540,2,2,0.3790784776210785
2541,1,1,0.9235135912895203
2542,2,8,0.9691051244735718
2543,3,5,0.620063304901123
2544,2,2,0.617552638053894
2545,4,7,0.8412854075431824
2546,8,8,0.9462919235229492
2547,4,2,0.39521417021751404
2548,0,0,0.6155520677566528
2549,6,6,0.6567721366882324
2550,4,7,0.45853590965270996
2551,2,2,0.48611220717430115
2552,9,9,0.9762002825737
2553,8,8,0.9133806228637695
2554,4,4,0.47721534967422485
2555,7,9,0.8310867547988892
2556,6,6,0.5258246064186096
2557,2,9,0.40766412019729614
2558,4,2,0.4832119047641754
2559,7,7,0.9042706489562988
2560,7,7,0.6771087050437927
2561,6,6,0.9984326958656311
2562,4,4,0.8266701698303223
2563,2,2,0.5732021927833557
2564,2,2,0.9178593158721924
2565,3,5,0.545183002948761
2566,2,2,0.8576449155807495
2567,4,3,0.6712953448295593
2568,9,7,0.32294777035713196
2569,0,0,0.9943753480911255
2570,0,5,0.5503246784210205
2571,9,9,0.910135805606842
2572,6,6,0.9522626996040344
2573,5,7,0.4478059411048889
2574,8,8,0.9684117436408997
2575,5,4,0.716312825679779
2576,2,2,0.6714986562728882
2577,4,4,0.6355307698249817
2578,8,8,0.8376086354255676
2579,8,0,0.4198892414569855
2580,6,5,0.37549617886543274
2581,4,4,0.4126717150211334
2582,5,5,0.3601219952106476
2583,7,7,0.984926700592041
2584,6,6,0.9669779539108276
2585,3,5,0.6817163228988647
2586,7,5,0.3936748504638672
2587,0,0,0.8185594081878662
2588,4,4,0.5826608538627625
2589,0,0,0.45988577604293823
2590,5,5,0.2911568284034729
2591,8,8,0.5830134749412537
2592,2,4,0.6584939956665039
2593,8,8,0.9484438896179199
2594,0,0,0.9181563854217529
2595,4,4,0.8397573232650757
2596,9,1,0.5422179698944092
2597,2,5,0.4169623553752899
2598,3,5,0.6749289035797119
2599,6,3,0.5444179177284241
2600,8,8,0.6222667694091797
2601,1,1,0.9647812247276306
2602,6,6,0.9993995428085327
2603,0,1,0.5376816391944885
2604,8,8,0.9854173064231873
2605,4,4,0.4551234543323517
2606,3,5,0.34632495045661926
2607,1,1,0.9651812314987183
2608,4,4,0.7084649205207825
2609,5,4,0.4102429151535034
2610,2,2,0.8856416344642639
2611,4,4,0.6638211607933044
2612,3,5,0.597851037979126
2613,6,4,0.5159874558448792
2614,0,0,0.9466331005096436
2615,7,7,0.9923336505889893
2616,1,1,0.97691810131073
2617,3,2,0.33470144867897034
2618,5,5,0.5796469449996948
2619,7,7,0.39861857891082764
2620,1,1,0.7938399910926819
2621,8,8,0.9965372085571289
2622,0,0,0.40884271264076233
2623,4,4,0.43703585863113403
2624,8,1,0.5696333050727844
2625,2,2,0.8500533699989319
2626,7,7,0.9041574001312256
2627,7,7,0.8033008575439453
2628,0,0,0.8222855925559998
2629,2,4,0.3994634449481964
2630,2,2,0.5729703307151794
2631,4,4,0.7736286520957947
2632,3,3,0.3554561734199524
2633,3,2,0.2846122682094574
2634,1,7,0.6231462359428406
2635,6,4,0.8989551663398743
2636,1,1,0.8486773371696472
2637,6,6,0.8942927122116089
2638,4,4,0.6268337965011597
2639,6,6,0.7783147096633911
2640,7,7,0.7737722396850586
2641,4,4,0.4561527967453003
2642,7,6,0.43931204080581665
2643,3,4,0.32271116971969604
2644,8,8,0.3660389482975006
2645,1,1,0.998040497303009
2646,3,3,0.5159845352172852
2647,1,0,0.226744145154953
2648,4,4,0.5264533162117004
2649,6,6,0.9682853817939758
2650,5,9,0.46222615242004395
2651,5,0,0.7895632982254028
2652,7,7,0.9941478967666626
2653,4,0,0.4595946967601776
2654,5,5,0.5243287086486816
2655,4,0,0.4405601918697357
2656,9,9,0.7618503570556641
2657,7,9,0.20743469893932343
2658,7,7,0.9740669131278992
2659,2,2,0.44218847155570984
2660,3,5,0.4969549775123596
2661,3,4,0.35357680916786194
2662,6,2,0.46602824330329895
2663,7,7,0.5367240905761719
2664,4,4,0.9577471017837524
2665,1,1,0.9658908843994141
2666,6,3,0.6617112755775452
2667,1,1,0.9893736243247986
2668,0,8,0.49349164962768555
2669,6,6,0.9574314951896667
2670,9,9,0.4107607901096344
2671,6,1,0.635513961315155
2672,0,3,0.31322795152664185
2673,2,4,0.4724297821521759
2674,0,0,0.7833446860313416
2675,2,5,0.4595305621623993
2676,4,6,0.637703001499176
2677,7,7,0.8290421962738037
2678,0,0,0.8868985176086426
2679,0,0,0.9733967781066895
2680,0,0,0.9790425896644592
2681,0,0,0.7319269776344299
2682,7,4,0.4744076430797577
2683,5,5,0.9755880832672119
2684,3,3,0.4166001081466675
2685,2,7,0.5084826946258545
2686,7,7,0.8015339374542236
2687,8,8,0.9975050091743469
2688,5,3,0.7014167308807373
2689,5,5,0.5549746155738831
2690,2,1,0.641986072063446
2691,2,2,0.9007934927940369
2692,8,8,0.9714158177375793
2693,9,9,0.951589822769165
2694,1,1,0.6407395005226135
2695,2,6,0.543963611125946
2696,2,4,0.3252565860748291
2697,0,8,0.610113263130188
2698,3,3,0.776941180229187
2699,4,4,0.755605936050415
2700,9,9,0.4643957018852234
2701,1,0,0.8155825138092041
2702,6,2,0.3251829147338867
2703,9,0,0.7560290694236755
2704,0,8,0.23964658379554749
2705,8,0,0.7575622200965881
2706,3,3,0.5438039898872375
2707,6,6,0.7047359943389893
2708,4,4,0.4743078649044037
2709,6,6,0.7585388422012329
2710,7,7,0.9286797046661377
2711,5,3,0.4818803071975708
2712,1,1,0.6061466932296753
2713,8,8,0.9452338218688965
2714,9,8,0.5058096647262573
2715,0,0,0.9898540377616882
2716,5,7,0.2959030568599701
2717,0,0,0.24844896793365479
2718,5,2,0.2834746539592743
2719,4,5,0.6240829825401306
2720,3,3,0.5682505369186401
2721,8,6,0.6915817856788635
2722,5,4,0.6661481261253357
2723,2,8,0.556763768196106
2724,0,0,0.9030556082725525
2725,8,8,0.9470910429954529
2726,5,5,0.6875957250595093
2727,9,8,0.5955458283424377
2728,2,5,0.5870654582977295
2729,5,3,0.4250972867012024
2730,6,6,0.9882631897926331
2731,5,5,0.6015867590904236
2732,7,7,0.9933943152427673
2733,3,2,0.48983943462371826
2734,7,7,0.9970217347145081
2735,2,3,0.5873725414276123
2736,8,8,0.66737961769104
2737,8,0,0.8221595883369446
2738,4,4,0.7369362711906433
2739,2,2,0.6803046464920044
2740,1,1,0.30607762932777405
2741,6,6,0.9558656215667725
2742,2,5,0.8076117038726807
2743,9,9,0.8001021146774292
2744,9,9,0.7244623899459839
2745,8,8,0.9419481754302979
2746,2,1,0.30003470182418823
2747,3,1,0.32925230264663696
2748,1,1,0.9602445363998413
2749,0,0,0.9990587830543518
2750,5,5,0.6047913432121277
2751,2,2,0.49733611941337585
2752,3,3,0.26392367482185364
2753,7,7,0.935947597026825
2754,9,9,0.3661733865737915
2755,5,7,0.5177697539329529
2756,9,9,0.513210654258728
2757,1,9,0.43598151206970215
2758,1,9,0.5562020540237427
2759,3,3,0.5675961375236511
2760,2,2,0.29278677701950073
2761,7,7,0.9800569415092468
2762,4,2,0.5587145686149597
2763,4,4,0.9194456338882446
2764,1,1,0.9664471745491028
2765,9,9,0.8973625302314758
2766,4,4,0.9668043851852417
2767,5,3,0.37684327363967896
2768,5,5,0.49674779176712036
2769,2,9,0.6293003559112549
2770,7,4,0.4695395231246948
2771,7,4,0.5353299975395203
2772,6,6,0.7269681096076965
2773,1,1,0.37939396500587463
2774,2,5,0.4534364938735962
2775,3,3,0.5198695063591003
2776,7,7,0.8690672516822815
2777,5,5,0.5926052927970886
2778,4,7,0.5656905174255371
2779,3,2,0.5107182860374451
2780,7,7,0.8124512434005737
2781,7,7,0.5601970553398132
2782,0,0,0.5350048542022705
2783,0,0,0.6788862347602844
2784,1,1,0.8157173991203308
2785,4,2,0.6783943176269531
2786,4,4,0.7578659653663635
2787,3,3,0.5162032246589661
2788,7,1,0.30273541808128357
2789,9,1,0.7878333926200867
2790,8,8,0.8966296911239624
2791,7,7,0.9966778755187988
2792,0,0,0.9882516264915466
2793,9,9,0.9770225286483765
2794,0,0,0.37408894300460815
2795,3,3,0.40651407837867737
2796,7,7,0.9844592809677124
2797,6,6,0.8025006055831909
2798,3,5,0.8664303421974182
2799,8,1,0.7439283132553101
2800,4,4,0.8752346634864807
2801,5,5,0.6435718536376953
2802,6,6,0.997811496257782
2803,5,5,0.940998375415802
2804,3,2,0.22983373701572418
2805,4,4,0.9614120721817017
2806,2,2,0.4295281767845154
2807,9,9,0.839789628982544
2808,2,3,0.3581222891807556
2809,4,4,0.5299449563026428
2810,9,4,0.34598684310913086
2811,2,7,0.36353400349617004
2812,0,0,0.7336191534996033
2813,1,1,0.9906028509140015
2814,1,9,0.7183327674865723
2815,3,8,0.5202315449714661
2816,7,4,0.47082504630088806
2817,9,9,0.9564656019210815
2818,5,6,0.6572651267051697
2819,1,1,0.972963273525238
2820,6,6,0.9100072383880615
2821,0,7,0.6878955364227295
2822,3,5,0.5024409294128418
2823,3,3,0.3583897650241852
2824,7,7,0.5307323932647705
2825,2,2,0.31830036640167236
2826,4,4,0.8450683355331421
2827,5,5,0.9580162763595581
2828,2,4,0.6119941473007202
2829,3,6,0.8138111233711243
2830,6,6,0.9802948832511902
2831,3,3,0.3409852087497711
2832,3,3,0.6481966376304626
2833,0,0,0.9634524583816528
2834,4,4,0.69764244556427
2835,4,5,0.3364729583263397
2836,3,8,0.44680050015449524
2837,8,8,0.9296475648880005
2838,1,1,0.5506545901298523
2839,2,5,0.3435315489768982
2840,3,3,0.5066213011741638
2841,2,2,0.7514352798461914
2842,7,4,0.3473369777202606
2843,1,8,0.5611379146575928
2844,4,3,0.45078396797180176
2845,5,4,0.506965160369873
2846,6,6,0.8705559968948364
2847,8,8,0.7463201880455017
2848,6,6,0.3888780474662781
2849,6,6,0.6056592464447021
2850,5,5,0.7901629209518433
2851,4,4,0.33106034994125366
2852,2,2,0.6141270399093628
2853,9,9,0.9586726427078247
2854,9,7,0.8248932361602783
2855,3,3,0.4903639554977417
2856,2,2,0.5300837159156799
2857,0,0,0.8440778851509094
2858,4,4,0.6961033940315247
2859,1,7,0.47627517580986023
2860,5,5,0.7059941291809082
2861,5,5,0.550582230091095
2862,6,6,0.7703556418418884
2863,6,6,0.8580916523933411
2864,5,5,0.980676531791687
2865,6,6,0.9018752574920654
2866,9,9,0.9393570423126221
2867,7,3,0.4273304045200348
2868,9,8,0.4492810368537903
2869,4,4,0.49113497138023376
2870,8,8,0.9455004930496216
2871,3,3,0.834627091884613
2872,1,1,0.8942415118217468
2873,9,9,0.5455933809280396
2874,8,8,0.41539475321769714
2875,1,8,0.7526048421859741
2876,9,8,0.43633171916007996
2877,0,0,0.8315821886062622
2878,3,3,0.3180524408817291
2879,0,2,0.36195895075798035
2880,4,4,0.9730442762374878
2881,7,7,0.7177361249923706
2882,7,7,0.7270381450653076
2883,2,2,0.9907032251358032
2884,6,6,0.48472505807876587
2885,5,5,0.7138887047767639
2886,6,6,0.7881969809532166
2887,9,1,0.5518233776092529
2888,7,3,0.691451907157898
2889,7,5,0.6253461837768555
2890,5,5,0.6778205633163452
2891,7,2,0.622439444065094
2892,0,0,0.5184550881385803
2893,8,8,0.9976456761360168
2894,6,6,0.8380113244056702
2895,7,5,0.5830527544021606
2896,8,8,0.9953319430351257
2897,3,3,0.6709654927253723
2898,8,6,0.7345747351646423
2899,9,4,0.36614319682121277
2900,3,5,0.6310046315193176
2901,2,2,0.9244857430458069
2902,9,9,0.5751285552978516
2903,2,2,0.2855745255947113
2904,7,7,0.9890674948692322
2905,4,4,0.8318527936935425
2906,1,9,0.7196012139320374
2907,9,9,0.5310884714126587
2908,7,5,0.3159463405609131
2909,0,0,0.6250988245010376
2910,8,7,0.6644170880317688
2911,1,1,0.9959419369697571
2912,2,4,0.563984215259552
2913,0,0,0.8883640170097351
2914,6,6,0.5511834621429443
2915,5,5,0.9321655631065369
2916,1,1,0.9094556570053101
2917,4,4,0.9863374829292297
2918,2,2,0.8326102495193481
2919,8,8,0.9924641847610474
2920,2,5,0.32861921191215515
2921,8,8,0.9985176920890808
2922,3,3,0.802649974822998
2923,3,7,0.4804089069366455
2924,1,1,0.9829317331314087
2925,4,4,0.5740351676940918
2926,9,9,0.7562085390090942
2927,8,8,0.85617995262146
2928,1,1,0.9915430545806885
2929,1,1,0.9188098311424255
2930,7,3,0.29768532514572144
2931,9,9,0.7081477046012878
2932,9,9,0.685201108455658
2933,4,4,0.8754818439483643
2934,6,3,0.3852367401123047
2935,8,8,0.508103609085083
2936,5,5,0.825544536113739
2937,3,3,0.6173660159111023
2938,2,2,0.4263036847114563
2939,2,2,0.6632645130157471
2940,3,0,0.4240577518939972
2941,8,8,0.8481348156929016
2942,5,5,0.967975378036499
2943,1,1,0.9833012819290161
2944,9,9,0.5681673288345337
2945,7,7,0.68341064453125
2946,9,9,0.8855701088905334
2947,1,1,0.9485730528831482
2948,5,4,0.5968433022499084
2949,3,4,0.42251351475715637
2950,1,1,0.8854796290397644
2951,0,0,0.5076567530632019
2952,3,5,0.3407365381717682
2953,8,8,0.9837886095046997
2954,9,1,0.46813857555389404
2955,2,5,0.6181342601776123
2956,0,8,0.6139689683914185
2957,8,8,0.5166066288948059
2958,0,8,0.29069244861602783
2959,7,4,0.46660250425338745
2960,9,9,0.7979849576950073
2961,4,4,0.4878149926662445
2962,8,1,0.44135069847106934
2963,3,0,0.3620781898498535
2964,0,8,0.889742910861969
2965,7,7,0.44198259711265564
2966,0,2,0.3221738934516907
2967,7,7,0.9688122272491455
2968,0,0,0.9277249574661255
2969,5,5,0.6653484106063843
2970,5,3,0.3555544316768646
2971,4,4,0.9366220235824585
2972,3,3,0.3454863429069519
2973,0,0,0.9094222187995911
2974,9,9,0.9672815203666687
2975,9,1,0.28038322925567627
2976,0,7,0.3351791501045227
2977,2,6,0.5044227242469788
2978,2,7,0.42929214239120483
2979,0,0,0.9323955774307251
2980,8,8,0.9698939323425293
2981,4,6,0.3932402729988098
2982,4,4,0.9799340963363647
2983,5,5,0.6294357776641846
2984,2,4,0.39743122458457947
2985,2,9,0.7048630714416504
2986,1,8,0.8635121583938599
2987,1,3,0.4774705767631531
2988,5,4,0.41500794887542725
2989,5,4,0.7902389168739319
2990,4,4,0.42724260687828064
2991,3,3,0.6844480633735657
2992,4,8,0.5641112327575684
2993,0,8,0.41464704275131226
2994,8,8,0.9616041779518127
2995,4,4,0.5526978969573975
2996,8,8,0.9707842469215393
2997,2,5,0.7036179900169373
2998,5,5,0.9608413577079773
2999,6,4,0.7931833267211914
3000,5,5,0.9912837743759155
3001,1,1,0.9963170289993286
3002,7,7,0.6136142611503601
3003,2,3,0.3404737114906311
3004,4,4,0.3686784505844116
3005,0,0,0.3300352990627289
3006,5,5,0.5099602341651917
3007,6,6,0.9890867471694946
3008,8,8,0.8784255385398865
3009,7,7,0.8975417017936707
3010,6,6,0.9909109473228455
3011,3,3,0.3700156509876251
3012,1,9,0.5432948470115662
3013,3,4,0.3027132749557495
3014,6,9,0.33554932475090027
3015,6,6,0.9605203866958618
3016,4,2,0.511431097984314
3017,5,5,0.9153800010681152
3018,5,5,0.5872716903686523
3019,5,5,0.48865213990211487
3020,1,1,0.6341524124145508
3021,8,8,0.8147013783454895
3022,7,7,0.8720486164093018
3023,3,5,0.86759352684021
3024,0,0,0.9694324731826782
3025,2,6,0.38531237840652466
3026,5,7,0.8995113372802734
3027,1,1,0.993168830871582
3028,1,1,0.9874656796455383
3029,1,1,0.6240769028663635
3030,6,6,0.7606156468391418
3031,7,7,0.49911031126976013
3032,2,1,0.4277927279472351
3033,1,1,0.6990863084793091
3034,2,2,0.7508636116981506
3035,3,3,0.6091921329498291
3036,9,9,0.8544527888298035
3037,8,8,0.7800428867340088
3038,3,0,0.5026237964630127
3039,1,1,0.4809010922908783
3040,7,7,0.998415470123291
3041,4,4,0.5656468868255615
3042,8,8,0.8713052272796631
3043,4,8,0.5049835443496704
3044,7,7,0.46816486120224
3045,5,7,0.5158498883247375
3046,8,8,0.8871120810508728
3047,6,3,0.457058310508728
3048,0,0,0.9108095765113831
3049,3,3,0.726789116859436
3050,0,0,0.814617931842804
3051,8,2,0.3506934642791748
3052,3,2,0.6202590465545654
3053,4,5,0.5901573300361633
3054,4,8,0.5189325213432312
3055,9,6,0.4128141403198242
3056,4,5,0.39942049980163574
3057,6,6,0.9360519051551819
3058,1,1,0.9947052597999573
3059,5,7,0.47035446763038635
3060,7,7,0.5741391181945801
3061,7,7,0.667714536190033
3062,9,9,0.6386831402778625
3063,0,0,0.8837834000587463
3064,1,1,0.8943057656288147
3065,3,3,0.5502049326896667
3066,1,1,0.7624078392982483
3067,3,4,0.3937040865421295
3068,2,0,0.7861924171447754
3069,4,4,0.8304982781410217
3070,0,0,0.4839489161968231
3071,7,7,0.5678921937942505
3072,8,1,0.7796299457550049
3073,3,3,0.3686616122722626
3074,1,1,0.9670218229293823
3075,6,3,0.6917731761932373
3076,2,2,0.8859085440635681
3077,1,1,0.8557760119438171
3078,8,8,0.9207356572151184
3079,8,1,0.6656748652458191
3080,1,1,0.4553641974925995
3081,9,9,0.9221142530441284
3082,7,7,0.3887987434864044
3083,5,3,0.6392742395401001
3084,3,3,0.5426008701324463
3085,2,6,0.3061447739601135
3086,9,9,0.9900712966918945
3087,0,0,0.836937665939331
3088,6,6,0.5440709590911865
3089,8,8,0.8820964694023132
3090,4,4,0.6629957556724548
3091,1,0,0.39194104075431824
3092,5,5,0.3357963263988495
3093,7,7,0.9221264123916626
3094,2,0,0.5427740812301636
3095,4,4,0.37998998165130615
3096,7,7,0.9934802055358887
3097,0,0,0.7707608938217163
3098,4,4,0.49220260977745056
3099,9,9,0.8837485909461975
3100,0,0,0.7265844345092773
3101,7,7,0.9991299510002136
3102,0,4,0.4025721549987793
3103,6,6,0.9576224684715271
3104,7,7,0.998551070690155
3105,1,1,0.8799225687980652
3106,8,8,0.8649919629096985
3107,5,7,0.4200277626514435
3108,8,4,0.3990759253501892
3109,8,8,0.5478314757347107
3110,7,5,0.6266143321990967
3111,0,0,0.5756691694259644
3112,0,0,0.9722521305084229
3113,3,0,0.24873808026313782
3114,2,8,0.7356624007225037
3115,5,3,0.6834185123443604
3116,7,7,0.8763434290885925
3117,0,0,0.3547739088535309
3118,6,6,0.8035203814506531
3119,4,3,0.562899112701416
3120,4,4,0.6039687395095825
3121,9,1,0.5149713158607483
3122,1,1,0.7974594831466675
3123,8,8,0.9815783500671387
3124,6,6,0.7256816625595093
3125,3,3,0.8188848495483398
3126,9,9,0.9796961545944214
3127,4,6,0.509476363658905
3128,9,9,0.8272737264633179
3129,3,3,0.5253379344940186
3130,3,5,0.4761626124382019
3131,7,4,0.6456845998764038
3132,5,5,0.7925622463226318
3133,9,9,0.5220187902450562
3134,7,7,0.9034806489944458
3135,7,5,0.5153676867485046
3136,4,4,0.7772464752197266
3137,5,5,0.8424245715141296
3138,8,8,0.8652408719062805
3139,2,8,0.27737078070640564
3140,8,8,0.8399920463562012
3141,9,9,0.9924227595329285
3142,5,5,0.8982009887695312
3143,3,3,0.35331496596336365
3144,1,1,0.9926658272743225
3145,9,9,0.5543491244316101
3146,2,2,0.4681350886821747
3147,2,2,0.843573272228241
3148,0,0,0.5486963987350464
3149,1,9,0.6375396847724915
3150,1,9,0.5414712429046631
3151,8,8,0.715489387512207
3152,1,1,0.9610829949378967
3153,1,1,0.9202147722244263
3154,9,0,0.40478482842445374
3155,8,8,0.9447466731071472
3156,9,9,0.9871382713317871
3157,9,9,0.9993807077407837
3158,0,8,0.6862739324569702
3159,2,2,0.7546629905700684
3160,6,2,0.6360383629798889
3161,9,9,0.6904693245887756
3162,1,1,0.9575961232185364
3163,9,9,0.7725827693939209
3164,0,2,0.942672073841095
3165,1,9,0.46100229024887085
3166,9,9,0.9304240345954895
3167,2,2,0.47016486525535583
3168,9,4,0.7584182024002075
3169,9,9,0.6743316650390625
3170,9,9,0.8425148725509644
3171,0,1,0.7761900424957275
3172,9,8,0.5415148138999939
3173,9,9,0.8601278066635132
3174,2,1,0.36743420362472534
3175,1,1,0.9816381931304932
3176,7,7,0.9962221384048462
3177,0,2,0.5214270949363708
3178,5,7,0.5854166150093079
3179,6,6,0.960481584072113
3180,3,3,0.4173024892807007
3181,9,9,0.6904666423797607
3182,8,8,0.9748198986053467
3183,3,3,0.7332584857940674
3184,0,0,0.6059625744819641
3185,2,6,0.2960147261619568
3186,7,4,0.5028204917907715
3187,7,7,0.9961642026901245
3188,4,3,0.3476313650608063
3189,8,8,0.9814044833183289
3190,3,3,0.7440871596336365
3191,0,8,0.2577698230743408
3192,5,2,0.505275547504425
3193,2,4,0.7673218250274658
3194,3,3,0.716554582118988
3195,5,2,0.24565331637859344
3196,7,7,0.9186451435089111
3197,6,6,0.8797149658203125
3198,6,6,0.9203723669052124
3199,6,6,0.9898821711540222
3200,5,5,0.65208500623703
3201,6,3,0.5064552426338196
3202,5,5,0.2973191440105438
3203,4,4,0.6599050164222717
3204,5,3,0.3879868686199188
3205,8,8,0.6006669402122498
3206,8,8,0.4833439886569977
3207,0,0,0.7667632699012756
3208,9,9,0.9395307898521423
3209,7,3,0.5278463363647461
3210,9,9,0.9756735563278198
3211,0,9,0.6483620405197144
3212,6,6,0.9800727367401123
3213,9,9,0.9550155401229858
3214,6,3,0.3200550079345703
3215,1,1,0.9852325916290283
3216,4,5,0.4153852164745331
3217,7,7,0.9965060949325562
3218,9,7,0.3306596279144287
3219,0,6,0.4825764000415802
3220,3,7,0.26370611786842346
3221,5,5,0.6362782120704651
3222,4,7,0.4366067349910736
3223,7,7,0.9466534852981567
3224,6,6,0.9948282837867737
3225,9,9,0.9332832098007202
3226,8,8,0.47862550616264343
3227,2,4,0.7363205552101135
3228,3,3,0.5611326694488525
3229,9,8,0.31894969940185547
3230,3,5,0.2558179795742035
3231,3,3,0.7485094666481018
3232,7,7,0.9701058268547058
3233,8,8,0.9191315174102783
3234,3,3,0.7503402829170227
3235,5,5,0.33305683732032776
3236,5,3,0.280063658952713
3237,9,9,0.6482503414154053
3238,6,6,0.8940801024436951
3239,1,1,0.9386501908302307
3240,4,0,0.6035585999488831
3241,7,7,0.9952540397644043
3242,4,4,0.42609238624572754
3243,8,8,0.986027717590332
3244,7,7,0.9821004271507263
3245,7,7,0.949426531791687
3246,1,1,0.5105079412460327
3247,3,5,0.6210021376609802
3248,0,0,0.9610239267349243
3249,3,4,0.31051546335220337
3250,2,6,0.45151442289352417
3251,5,5,0.6514279246330261
3252,4,4,0.7346891164779663
3253,9,8,0.45003533363342285
3254,3,3,0.5950072407722473
3255,5,7,0.602217435836792
3256,4,4,0.8750454783439636
3257,7,7,0.991407036781311
3258,0,0,0.5610753893852234
3259,3,3,0.5798829793930054
3260,7,7,0.8814732432365417
3261,0,0,0.9995254278182983
3262,2,7,0.7402967810630798
3263,1,1,0.8606600165367126
3264,5,0,0.2918795049190521
3265,8,8,0.9243888854980469
3266,7,7,0.9460927248001099
3267,3,5,0.9103283882141113
3268,5,5,0.9584797620773315
3269,7,7,0.9343656897544861
3270,8,8,0.751921534538269
3271,5,6,0.4329313635826111
3272,7,7,0.9823582768440247
3273,8,8,0.6972205638885498
3274,1,1,0.7737629413604736
3275,5,7,0.733008623123169
3276,4,7,0.7340908646583557
3277,7,7,0.9740801453590393
3278,0,0,0.7155789732933044
3279,8,8,0.619773805141449
3280,3,5,0.7712220549583435
3281,2,2,0.9600716829299927
3282,9,9,0.48630478978157043
3283,7,2,0.42814141511917114
3284,4,4,0.6841473579406738
3285,1,8,0.6509667634963989
3286,6,6,0.994807779788971
3287,5,5,0.6675257086753845
3288,9,9,0.297665536403656
3289,8,8,0.9799235463142395
3290,5,5,0.9737198352813721
3291,5,5,0.49225643277168274
3292,4,4,0.8543633818626404
3293,1,1,0.9897395968437195
3294,0,0,0.9955087900161743
3295,9,9,0.9929042458534241
3296,4,4,0.9095329642295837
3297,4,3,0.3676190972328186
3298,3,3,0.7293865084648132
3299,0,4,0.5634298324584961
3300,4,4,0.6400712132453918
3301,8,0,0.3308924734592438
3302,0,0,0.5483445525169373
3303,8,8,0.9395963549613953
3304,2,2,0.7248164415359497
3305,9,9,0.9949136972427368
3306,5,4,0.36331263184547424
3307,9,9,0.9753043055534363
3308,7,7,0.5634190440177917
3309,4,4,0.5817605257034302
3310,6,2,0.48735910654067993
3311,7,9,0.5827998518943787
3312,9,2,0.3221902549266815
3313,2,2,0.48528093099594116
3314,9,9,0.5218192934989929
3315,3,3,0.49907931685447693
3316,7,7,0.9815919399261475
3317,7,7,0.9627698659896851
3318,8,8,0.6689473390579224
3319,2,2,0.6049574017524719
3320,2,5,0.2389814406633377
3321,0,2,0.46451979875564575
3322,2,5,0.8950680494308472
3323,5,5,0.7362200021743774
3324,3,6,0.886834442615509
3325,6,7,0.6352417469024658
3326,4,4,0.5991483330726624
3327,7,3,0.4948325455188751
3328,2,2,0.7280822396278381
3329,3,3,0.2489059716463089
3330,7,5,0.43762168288230896
3331,8,8,0.988370418548584
3332,7,7,0.9637226462364197
3333,2,2,0.8847562074661255
3334,5,2,0.49901121854782104
3335,0,0,0.38771793246269226
3336,0,0,0.46009567379951477
3337,7,7,0.8634136319160461
3338,0,0,0.7769671082496643
3339,9,3,0.559681236743927
3340,6,6,0.6311507225036621
3341,1,1,0.9531654715538025
3342,0,8,0.9165866374969482
3343,3,5,0.31002628803253174
3344,9,1,0.3317481577396393
3345,7,7,0.9982359409332275
3346,4,0,0.4095839262008667
3347,9,9,0.5803409814834595
3348,1,1,0.8886292576789856
3349,6,6,0.44824138283729553
3350,8,8,0.7953349947929382
3351,1,1,0.9493325352668762
3352,2,2,0.5400106310844421
3353,3,3,0.6616771221160889
3354,3,8,0.25721922516822815
3355,5,0,0.30141934752464294
3356,4,7,0.2927664518356323
3357,8,4,0.32159486413002014
3358,9,9,0.8023484349250793
3359,7,7,0.38461586833000183
3360,4,4,0.7048676013946533
3361,4,7,0.9479886889457703
3362,1,1,0.9624976515769958
3363,2,6,0.3014189898967743
3364,4,2,0.38177353143692017
3365,9,9,0.5919314622879028
3366,8,0,0.585945725440979
3367,7,7,0.5859772562980652
3368,9,9,0.9249625205993652
3369,5,5,0.5049837827682495
3370,1,1,0.976989209651947
3371,2,5,0.7549954652786255
3372,1,1,0.9533592462539673
3373,6,6,0.6509570479393005
3374,6,6,0.767694890499115
3375,4,4,0.4597153961658478
3376,5,5,0.7128375172615051
3377,7,7,0.26416707038879395
3378,4,4,0.6849240660667419
3379,5,3,0.4062877595424652
3380,8,8,0.8613548874855042
3381,5,5,0.71799236536026
3382,2,2,0.3494764268398285
3383,8,8,0.9760513305664062
3384,7,7,0.6826325058937073
3385,8,8,0.9934260845184326
3386,2,2,0.8087306618690491
3387,3,3,0.628925621509552
3388,6,6,0.3537504971027374
3389,1,1,0.9590743184089661
3390,3,5,0.6203228831291199
3391,3,0,0.33880355954170227
3392,1,9,0.82230144739151
3393,5,3,0.8425568342208862
3394,1,1,0.9294367432594299
3395,9,9,0.9854705333709717
3396,0,2,0.23261162638664246
3397,9,9,0.8306002020835876
3398,2,0,0.9089381098747253
3399,0,8,0.6869182586669922
3400,6,0,0.31249621510505676
3401,2,7,0.6877169013023376
3402,4,6,0.7961718440055847
3403,8,8,0.8509042263031006
3404,5,5,0.9644263982772827
3405,7,7,0.9280864000320435
3406,6,6,0.8309676647186279
3407,1,1,0.9558318853378296
3408,2,4,0.4510718882083893
3409,9,1,0.616877555847168
3410,4,4,0.8782981634140015
3411,5,2,0.4959927201271057
3412,0,0,0.9358517527580261
3413,3,3,0.21595971286296844
3414,3,5,0.3220813572406769
3415,7,5,0.4915185868740082
3416,7,4,0.2538011968135834
3417,7,4,0.6805406808853149
3418,1,1,0.8729363679885864
3419,4,4,0.8650494813919067
3420,5,3,0.535525381565094
3421,0,0,0.8750710487365723
3422,2,5,0.5771195292472839
3423,8,8,0.9712841510772705
3424,5,5,0.8671144843101501
3425,0,0,0.8574422597885132
3426,0,0,0.9513508081436157
3427,6,6,0.3015897870063782
3428,2,2,0.7007659673690796
3429,0,0,0.5971370935440063
3430,8,0,0.5042526721954346
3431,4,4,0.9303112030029297
3432,5,5,0.7885635495185852
3433,4,4,0.2969898283481598
3434,5,7,0.7538297772407532
3435,6,6,0.9958680868148804
3436,4,4,0.7942534685134888
3437,7,7,0.9980713725090027
3438,9,9,0.9055129885673523
3439,4,5,0.4869946837425232
3440,2,3,0.5088241696357727
3441,0,0,0.5275626182556152
3442,6,3,0.44482481479644775
3443,4,4,0.5520661473274231
3444,0,5,0.3090452551841736
3445,0,0,0.9943031072616577
3446,6,5,0.7271420359611511
3447,4,4,0.6254289746284485
3448,6,2,0.30025339126586914
3449,1,1,0.48612383008003235
3450,9,1,0.6827471256256104
3451,5,5,0.7048497200012207
3452,5,5,0.4644559621810913
3453,2,2,0.598869800567627
3454,2,2,0.8860510587692261
3455,6,3,0.7387933135032654
3456,3,6,0.40681955218315125
3457,4,7,0.41200539469718933
3458,5,5,0.5592783689498901
3459,9,2,0.21497279405593872
3460,1,1,0.8187603950500488
3461,7,5,0.5264186263084412
3462,2,2,0.8895847201347351
3463,3,3,0.4815710186958313
3464,9,1,0.8589661121368408
3465,6,6,0.9520408511161804
3466,5,5,0.9801178574562073
3467,0,0,0.7679186463356018
3468,2,2,0.5917574763298035
3469,9,1,0.5306538343429565
3470,7,5,0.6364515423774719
3471,1,9,0.7064541578292847
3472,7,9,0.7258492708206177
3473,2,2,0.8911970853805542
3474,2,6,0.35349997878074646
3475,0,2,0.4131632149219513
3476,8,8,0.6630954146385193
3477,6,6,0.8389139771461487
3478,4,4,0.5646485686302185
3479,3,5,0.5282498002052307
3480,2,2,0.6900588274002075
3481,7,7,0.5717735886573792
3482,7,7,0.8569710850715637
3483,0,0,0.8356946706771851
3484,4,4,0.9770237803459167
3485,1,1,0.9158477187156677
3486,6,6,0.9955114126205444
3487,5,5,0.5667873024940491
3488,1,1,0.7946333885192871
3489,3,3,0.6426830887794495
3490,0,0,0.744140088558197
3491,3,5,0.5905919075012207
3492,9,9,0.890929102897644
3493,0,0,0.3924451172351837
3494,0,9,0.40592098236083984
3495,2,7,0.554222583770752
3496,5,0,0.7370237708091736
3497,0,1,0.4977257549762726
3498,4,0,0.5034632682800293
3499,0,0,0.989361584186554
3500,1,1,0.6883184313774109
3501,9,0,0.7779004573822021
3502,8,5,0.37724870443344116
3503,4,3,0.314776748418808
3504,9,9,0.980679988861084
3505,4,4,0.6726640462875366
3506,2,3,0.5059914588928223
3507,4,2,0.5606685876846313
3508,3,3,0.7535583972930908
3509,3,9,0.711262583732605
3510,4,4,0.6662437915802002
3511,0,0,0.3613032400608063
3512,4,4,0.9103949666023254
3513,3,5,0.3269341289997101
3514,2,7,0.33023637533187866
3515,8,8,0.9936439990997314
3516,9,9,0.5203037858009338
3517,1,1,0.9723705649375916
3518,5,5,0.6745370626449585
3519,8,8,0.7629857063293457
3520,1,1,0.960112988948822
3521,8,8,0.7564469575881958
3522,2,2,0.9178867936134338
3523,4,6,0.91538006067276
3524,5,4,0.503155529499054
3525,2,2,0.6826000809669495
3526,4,4,0.5899171829223633
3527,1,1,0.9046557545661926
3528,1,1,0.3114188611507416
3529,6,6,0.8001143336296082
3530,6,6,0.9877989292144775
3531,8,9,0.6977601647377014
3532,5,5,0.7211072444915771
3533,2,2,0.4400669038295746
3534,2,3,0.4209614396095276
3535,5,5,0.8716446757316589
3536,0,0,0.9058668613433838
3537,8,8,0.6687393188476562
3538,2,2,0.8822863101959229
3539,3,8,0.42363303899765015
3540,6,6,0.989944338798523
3541,2,2,0.8223167657852173
3542,9,9,0.9983446598052979
3543,6,6,0.7136797308921814
3544,1,1,0.6729530692100525
3545,4,4,0.9720780849456787
3546,5,5,0.5585935711860657
3547,9,9,0.9565587639808655
3548,0,8,0.617098331451416
3549,1,8,0.6623687148094177
3550,0,4,0.4581287205219269
3551,0,0,0.6281696557998657
3552,8,8,0.6137545108795166
3553,1,1,0.8023694157600403
3554,1,9,0.673176109790802
3555,6,5,0.27056723833084106
3556,6,6,0.9939602613449097
3557,9,8,0.38373902440071106
3558,5,5,0.9632775187492371
3559,4,4,0.7592490315437317
3560,1,9,0.7536302804946899
3561,7,5,0.9449941515922546
3562,8,8,0.7414458990097046
3563,6,6,0.9184951782226562
3564,9,0,0.3404425084590912
3565,1,1,0.9919499158859253
3566,7,7,0.8139180541038513
3567,6,6,0.9689432978630066
3568,0,0,0.9966070652008057
3569,9,6,0.9716028571128845
3570,3,5,0.6824626922607422
3571,5,6,0.4892856180667877
3572,3,3,0.6119605898857117
3573,2,6,0.44968581199645996
3574,5,7,0.3714493215084076
3575,3,9,0.2872667610645294
3576,4,6,0.35195526480674744
3577,9,9,0.8095450401306152
3578,7,9,0.6318073272705078
3579,1,1,0.8274348378181458
3580,4,4,0.5523597002029419
3581,4,4,0.9236134886741638
3582,6,6,0.9239413142204285
3583,1,1,0.9896953105926514
3584,3,5,0.5582706928253174
3585,8,8,0.992084264755249
3586,8,8,0.9427536725997925
3587,0,0,0.46685031056404114
3588,6,6,0.9985548853874207
3589,7,7,0.8138653039932251
3590,7,7,0.8165146708488464
3591,6,6,0.6529911756515503
3592,7,7,0.9416308403015137
3593,2,2,0.3694313168525696
3594,3,5,0.7054169178009033
3595,2,4,0.4523882269859314
3596,2,4,0.7800913453102112
3597,6,6,0.9489593505859375
3598,2,2,0.9542509317398071
3599,7,7,0.9142290949821472
3600,4,2,0.27677685022354126
3601,0,0,0.33826544880867004
3602,3,3,0.4783044159412384
3603,6,6,0.5842779874801636
3604,2,2,0.478863388299942
3605,6,4,0.7818196415901184
3606,3,3,0.5334586501121521
3607,3,2,0.9304686784744263
3608,0,9,0.5685282349586487
3609,9,9,0.9688335061073303
3610,5,5,0.35711246728897095
3611,1,1,0.5501179099082947
3612,1,1,0.8474979996681213
3613,5,5,0.6764724254608154
3614,3,5,0.8050928711891174
3615,6,2,0.6119455695152283
3616,4,2,0.7386554479598999
3617,3,3,0.7422840595245361
3618,4,2,0.37453362345695496
3619,1,1,0.6855597496032715
3620,0,0,0.5859715938568115
3621,4,0,0.528631865978241
3622,5,5,0.4624857008457184
3623,5,5,0.7597498893737793
3624,2,4,0.35618355870246887
3625,8,8,0.4817924499511719
3626,9,9,0.9904475212097168
3627,4,4,0.7963081002235413
3628,3,3,0.6052179336547852
3629,1,1,0.8168227672576904
3630,8,8,0.9744890332221985
3631,0,9,0.45191389322280884
3632,1,1,0.8271711468696594
3633,3,3,0.7362061738967896
3634,3,3,0.5259363651275635
3635,4,4,0.7689412832260132
3636,4,4,0.5013017058372498
3637,2,4,0.38614892959594727
3638,9,9,0.51743084192276
3639,7,7,0.6970259547233582
3640,6,2,0.6643809676170349
3641,8,8,0.5367404818534851
3642,1,1,0.8521939516067505
3643,8,8,0.7775208353996277
3644,9,9,0.8200016617774963
3645,1,9,0.8755351901054382
3646,3,3,0.7689259052276611
3647,1,1,0.5665411353111267
3648,7,7,0.9299454092979431
3649,3,3,0.40562766790390015
3650,0,0,0.8954092860221863
3651,0,0,0.96417236328125
3652,2,2,0.7270062565803528
3653,8,8,0.7999082803726196
3654,3,5,0.4947565495967865
3655,9,9,0.7981549501419067
3656,2,3,0.5325496196746826
3657,7,7,0.4122346043586731
3658,2,4,0.7881065607070923
3659,6,6,0.9906258583068848
3660,0,0,0.9131401777267456
3661,1,1,0.995747983455658
3662,6,4,0.5429171919822693
3663,1,1,0.997478187084198
3664,6,6,0.9866302013397217
3665,7,7,0.7245582938194275
3666,5,5,0.5672544240951538
3667,5,5,0.6190639138221741
3668,2,2,0.5112253427505493
3669,5,3,0.5933085680007935
3670,9,9,0.9658841490745544
3671,4,4,0.6660186648368835
3672,0,0,0.8049143552780151
3673,2,0,0.3349056541919708
3674,3,3,0.5709124207496643
3675,4,2,0.6602423787117004
3676,9,1,0.4922790825366974
3677,4,4,0.3295532763004303
3678,1,1,0.9915750622749329
3679,0,8,0.7012061476707458
3680,0,0,0.20116710662841797
3681,2,4,0.6458117365837097
3682,3,3,0.4934241473674774
3683,8,2,0.34538543224334717
3684,9,9,0.9576511979103088
3685,2,2,0.7945421934127808
3686,8,8,0.8791415095329285
3687,9,1,0.8116689324378967
3688,5,3,0.6641606092453003
3689,7,7,0.892139196395874
3690,9,9,0.5990349650382996
3691,1,1,0.9909569621086121
3692,4,4,0.3766748905181885
3693,6,5,0.5899770855903625
3694,2,2,0.5368662476539612
3695,8,8,0.7667429447174072
3696,4,4,0.550433874130249
3697,4,4,0.633148193359375
3698,8,8,0.9754899740219116
3699,9,9,0.9585658311843872
3700,3,4,0.3578711152076721
3701,1,1,0.989013671875
3702,1,1,0.9086083769798279
3703,6,6,0.7356725931167603
3704,5,7,0.3445952832698822
3705,8,8,0.9001777768135071
3706,4,4,0.9308676719665527
3707,6,3,0.4708516299724579
3708,4,6,0.7425070405006409
3709,5,5,0.7521017789840698
3710,2,2,0.6085986495018005
3711,6,2,0.3877815902233124
3712,4,4,0.5847485065460205
3713,2,2,0.28497716784477234
3714,3,3,0.6687864661216736
3715,1,4,0.6139057278633118
3716,3,6,0.786236584186554
3717,6,6,0.9912646412849426
3718,8,8,0.9904621243476868
3719,5,5,0.7208483219146729
3720,2,2,0.7452497482299805
3721,2,0,0.9735919833183289
3722,7,7,0.9936378598213196
3723,1,1,0.850872814655304
3724,6,3,0.32359322905540466
3725,2,2,0.4880249500274658
3726,5,5,0.4230421185493469
3727,9,9,0.6032366156578064
3728,2,6,0.3992109000682831
3729,8,8,0.7958382368087769
3730,1,1,0.946208655834198
3731,6,6,0.8983365893363953
3732,9,9,0.8239219188690186
3733,2,5,0.8041592240333557
3734,7,5,0.5160584449768066
3735,5,2,0.7124728560447693
3736,3,5,0.4361039698123932
3737,2,2,0.838764488697052
3738,9,9,0.7659018635749817
3739,7,7,0.9415635466575623
3740,0,0,0.8160437941551208
3741,2,2,0.5413036346435547
3742,9,9,0.9752293825149536
3743,3,3,0.5146881341934204
3744,4,4,0.8425295352935791
3745,1,1,0.9718714356422424
3746,7,2,0.34493738412857056
3747,9,9,0.9393391013145447
3748,5,5,0.7002091407775879
3749,8,8,0.9115993976593018
3750,9,8,0.5065594911575317
3751,7,7,0.9722315073013306
3752,3,1,0.7403237819671631
3753,4,2,0.33521902561187744
3754,0,0,0.7957351207733154
3755,9,8,0.2118450105190277
3756,7,0,0.24122671782970428
3757,4,5,0.3602360785007477
3758,2,3,0.43565136194229126
3759,4,4,0.8107583522796631
3760,7,7,0.9926361441612244
3761,0,0,0.47561579942703247
3762,1,8,0.5399759411811829
3763,8,8,0.8327708840370178
3764,1,1,0.9919915795326233
3765,0,0,0.593258798122406
3766,4,7,0.3526891767978668
3767,6,6,0.7183539271354675
3768,1,1,0.8269762396812439
3769,9,9,0.8675926923751831
3770,9,1,0.8641076683998108
3771,2,0,0.989107608795166
3772,1,8,0.5938482880592346
3773,2,5,0.7285611629486084
3774,5,4,0.6760510206222534
3775,6,6,0.7315307259559631
3776,9,9,0.4229985177516937
3777,7,7,0.9310123920440674
3778,7,4,0.7614755630493164
3779,3,2,0.655528724193573
3780,4,4,0.32843533158302307
3781,2,2,0.8607579469680786
3782,0,0,0.983871579170227
3783,2,2,0.4047142267227173
3784,5,5,0.891564667224884
3785,6,2,0.2563844323158264
3786,7,7,0.45831742882728577
3787,3,4,0.39720141887664795
3788,7,7,0.9825882911682129
3789,9,5,0.48074087500572205
3790,4,4,0.7462869882583618
3791,2,3,0.40196937322616577
3792,0,0,0.9847427606582642
3793,6,5,0.332027405500412
3794,1,1,0.9955334663391113
3795,7,7,0.5170390605926514
3796,5,5,0.9236282706260681
3797,6,6,0.33936983346939087
3798,5,5,0.9467397332191467
3799,3,7,0.5511023998260498
3800,9,9,0.6270177364349365
3801,2,0,0.7824105620384216
3802,7,7,0.843350350856781
3803,8,8,0.8366894125938416
3804,5,2,0.42566391825675964
3805,9,9,0.9907615780830383
3806,5,3,0.3779996931552887
3807,8,8,0.7912341952323914
3808,5,3,0.3038698136806488
3809,4,4,0.7191754579544067
3810,3,3,0.5464855432510376
3811,7,7,0.9984513521194458
3812,9,9,0.72747403383255
3813,8,8,0.9890077114105225
3814,1,1,0.8583682775497437
3815,2,4,0.3151579797267914
3816,2,4,0.8454626202583313
3817,8,8,0.9229855537414551
3818,9,9,0.911396861076355
3819,3,3,0.7443626523017883
3820,0,2,0.5677474737167358
3821,8,8,0.5625324249267578
3822,4,4,0.6989207863807678
3823,0,0,0.8691474795341492
3824,2,2,0.6789388060569763
3825,0,0,0.8370074033737183
3826,1,1,0.3917037546634674
3827,4,4,0.5933331251144409
3828,1,3,0.33865806460380554
3829,8,8,0.603768527507782
3830,5,3,0.6111310720443726
3831,5,0,0.6932858824729919
3832,7,3,0.2683171033859253
3833,9,9,0.9057528376579285
3834,8,2,0.4149251878261566
3835,3,5,0.545771062374115
3836,7,7,0.9877591729164124
3837,9,9,0.7883581519126892
3838,1,1,0.8399503827095032
3839,5,5,0.9669556617736816
3840,6,3,0.6141834259033203
3841,9,9,0.9823174476623535
3842,8,8,0.8282660245895386
3843,7,7,0.6541369557380676
3844,2,2,0.4975244700908661
3845,0,0,0.7327834367752075
3846,9,9,0.9605951905250549
3847,0,1,0.5029512643814087
3848,8,8,0.8879774212837219
3849,5,5,0.38999542593955994
3850,9,9,0.8124227523803711
3851,4,4,0.35857129096984863
3852,2,2,0.8787838816642761
3853,9,3,0.5393813252449036
3854,8,8,0.4537939429283142
3855,1,1,0.9765051603317261
3856,9,9,0.6299915313720703
3857,1,8,0.5772853493690491
3858,8,8,0.6595630645751953
3859,3,3,0.630895733833313
3860,7,7,0.9981998205184937
3861,6,6,0.9620751142501831
3862,4,4,0.7030546069145203
3863,2,2,0.6604690551757812
3864,3,9,0.7158820033073425
3865,7,7,0.5894822478294373
3866,0,2,0.7207745313644409
3867,3,5,0.5972194075584412
3868,5,2,0.48526531457901
3869,8,8,0.9642652273178101
3870,8,8,0.8547406792640686
3871,8,8,0.9051143527030945
3872,7,7,0.6709242463111877
3873,9,9,0.8911319971084595
3874,6,6,0.5533332824707031
3875,2,2,0.49329617619514465
3876,7,7,0.9887228012084961
3877,4,4,0.6507323980331421
3878,5,5,0.7965326309204102
3879,7,7,0.3678404688835144
3880,6,6,0.6418886184692383
3881,7,7,0.9795904159545898
3882,1,1,0.807793140411377
3883,7,7,0.6688030362129211
3884,3,4,0.35676077008247375
3885,6,4,0.31149759888648987
3886,8,8,0.8571467995643616
3887,2,3,0.5091230869293213
3888,6,6,0.8466728925704956
3889,6,6,0.9960930943489075
3890,7,7,0.7597230076789856
3891,1,1,0.658900797367096
3892,5,6,0.7093478441238403
3893,9,9,0.8753762245178223
3894,7,7,0.8795250058174133
3895,1,1,0.7923471927642822
3896,7,5,0.38147106766700745
3897,0,0,0.9688693284988403
3898,1,1,0.753588080406189
3899,6,2,0.3603045642375946
3900,3,6,0.881067156791687
3901,3,8,0.5868625044822693
3902,9,9,0.6223788261413574
3903,0,8,0.523875892162323
3904,1,1,0.7088488936424255
3905,2,2,0.35269349813461304
3906,3,0,0.46829333901405334
3907,2,2,0.4868527948856354
3908,2,2,0.937593400478363
3909,5,5,0.7154046893119812
3910,4,2,0.53484046459198
3911,9,9,0.9666146636009216
3912,8,8,0.8918025493621826
3913,7,7,0.7303861379623413
3914,4,4,0.7700446844100952
3915,4,4,0.7278878092765808
3916,9,9,0.6631135940551758
3917,7,0,0.5731474161148071
3918,6,6,0.5246127247810364
3919,7,7,0.528049647808075
3920,7,7,0.261765718460083
3921,1,1,0.4770832359790802
3922,2,1,0.3118457496166229
3923,3,3,0.3626457750797272
3924,5,4,0.35263317823410034
3925,1,1,0.7672715783119202
3926,9,9,0.9888291954994202
3927,0,0,0.7917702794075012
3928,3,6,0.692736029624939
3929,3,3,0.37694984674453735
3930,1,1,0.9878684282302856
3931,5,5,0.9746446013450623
3932,6,6,0.6026447415351868
3933,6,2,0.30011364817619324
3934,2,2,0.7679407596588135
3935,4,7,0.8010374307632446
3936,6,6,0.8299569487571716
3937,8,8,0.6668422818183899
3938,8,8,0.9717687368392944
3939,9,9,0.8815581798553467
3940,6,3,0.4567246735095978
3941,6,6,0.9450424909591675
3942,1,1,0.8617703914642334
3943,0,0,0.9533185362815857
3944,7,7,0.9698390960693359
3945,5,5,0.6185553073883057
3946,8,8,0.995456337928772
3947,2,4,0.78913414478302
3948,1,8,0.3175341784954071
3949,5,3,0.3557840585708618
3950,8,8,0.9331598877906799
3951,1,1,0.9202004671096802
3952,4,4,0.5584791898727417
3953,7,5,0.3784984350204468
3954,5,7,0.562904953956604
3955,0,0,0.9900979399681091
3956,3,3,0.32091182470321655
3957,9,0,0.7620713710784912
3958,9,9,0.987951934337616
3959,5,3,0.35326138138771057
3960,2,2,0.6479751467704773
3961,8,1,0.5343446135520935
3962,4,7,0.6625881791114807
3963,1,5,0.7208461165428162
3964,9,9,0.4329645335674286
3965,0,0,0.7751127481460571
3966,4,4,0.7288649678230286
3967,4,4,0.6682437062263489
3968,8,2,0.4898114502429962
3969,2,2,0.6628140807151794
3970,9,4,0.7943232655525208
3971,0,0,0.7347571849822998
3972,7,7,0.986225962638855
3973,9,7,0.5002011060714722
3974,8,8,0.977257251739502
3975,7,7,0.9660617709159851
3976,1,5,0.3495166003704071
3977,3,6,0.8498303294181824
3978,2,2,0.3490520417690277
3979,9,9,0.7790994048118591
3980,9,9,0.4398428797721863
3981,5,3,0.4210227429866791
3982,9,9,0.9897283315658569
3983,7,7,0.6889666318893433
3984,6,6,0.7540981769561768
3985,7,7,0.9594636559486389
3986,7,7,0.6391571760177612
3987,1,1,0.9480454921722412
3988,1,3,0.3456145226955414
3989,2,2,0.5848270058631897
3990,4,4,0.6911048889160156
3991,2,5,0.3901764452457428
3992,0,0,0.9958404898643494
3993,6,6,0.9459880590438843
3994,8,8,0.9272547960281372
3995,7,3,0.3264983892440796
3996,6,7,0.23821717500686646
3997,2,2,0.39900627732276917
3998,2,5,0.3695821166038513
3999,9,9,0.32346609234809875
4000,8,0,0.7581114172935486
4001,2,6,0.5091458559036255
4002,4,5,0.2592839300632477
4003,2,0,0.7836576104164124
4004,0,2,0.443862646818161
4005,5,5,0.46105262637138367
4006,8,8,0.9881337285041809
4007,6,6,0.9130561947822571
4008,8,8,0.9939212799072266
4009,2,2,0.9424757361412048
4010,7,2,0.3958931565284729
4011,7,7,0.2639020085334778
4012,3,6,0.23545074462890625
4013,1,1,0.4414048194885254
4014,8,8,0.9211206436157227
4015,1,1,0.8049708604812622
4016,6,5,0.40159299969673157
4017,5,5,0.4567316770553589
4018,9,9,0.9141139388084412
4019,7,7,0.4426301419734955
4020,8,8,0.7957528829574585
4021,9,9,0.9014206528663635
4022,6,6,0.57038414478302
4023,4,4,0.3190457820892334
4024,8,8,0.9530565142631531
4025,1,1,0.956915020942688
4026,9,0,0.36621037125587463
4027,4,4,0.6509011387825012
4028,0,0,0.6829213500022888
4029,4,6,0.40390098094940186
4030,1,1,0.9516305327415466
4031,4,4,0.5842827558517456
4032,3,3,0.5389490723609924
4033,6,6,0.9862667322158813
4034,2,2,0.8564310669898987
4035,2,5,0.40812063217163086
4036,7,0,0.8313812017440796
4037,0,0,0.9856967926025391
4038,0,9,0.47190138697624207
4039,7,7,0.6770597100257874
4040,0,0,0.872517466545105
4041,7,7,0.9059430956840515
4042,4,0,0.3636956512928009
4043,3,3,0.6990993022918701
4044,6,2,0.4349305331707001
4045,7,7,0.7352337837219238
4046,7,7,0.9085531830787659
4047,4,4,0.8903825283050537
4048,5,7,0.3769381046295166
4049,4,4,0.5163073539733887
4050,3,2,0.5421553254127502
4051,5,3,0.38721099495887756
4052,5,5,0.6651642322540283
4053,4,4,0.9624184966087341
4054,7,0,0.7499364614486694
4055,1,0,0.3700200617313385
4056,0,8,0.5506561994552612
4057,7,7,0.6552503705024719
4058,7,7,0.5341238975524902
4059,1,1,0.9605609774589539
4060,6,3,0.6374670267105103
4061,5,5,0.3832010328769684
4062,0,8,0.6082674860954285
4063,7,7,0.8141459226608276
4064,7,7,0.9888216257095337
4065,4,4,0.4102106988430023
4066,6,6,0.7160196900367737
4067,1,1,0.8653215765953064
4068,8,8,0.9442740678787231
4069,5,5,0.769297182559967
4070,9,9,0.9439968466758728
4071,3,3,0.5193856358528137
4072,5,5,0.9448947906494141
4073,6,6,0.73109370470047
4074,2,2,0.42816001176834106
4075,2,2,0.5475736260414124
4076,7,7,0.5124525427818298
4077,3,5,0.5590407252311707
4078,5,5,0.9292476177215576
4079,8,8,0.9782213568687439
4080,1,1,0.7133988738059998
4081,0,9,0.9828411340713501
4082,6,3,0.339385062456131
4083,8,8,0.9467051029205322
4084,7,7,0.9704750776290894
4085,8,2,0.29703477025032043
4086,8,8,0.8131397366523743
4087,5,5,0.7031670212745667
4088,7,7,0.6810556650161743
4089,5,3,0.3749387860298157
4090,4,4,0.8226674199104309
4091,9,9,0.9540737867355347
4092,7,7,0.9718911051750183
4093,3,3,0.5415740013122559
4094,3,3,0.5089137554168701
4095,8,8,0.5996828079223633
4096,8,8,0.9204020500183105
4097,3,4,0.4932490587234497
4098,9,0,0.3956490457057953
4099,4,4,0.33111849427223206
4100,7,7,0.999815046787262
4101,2,4,0.5419365763664246
4102,0,0,0.9422715306282043
4103,8,0,0.5668370127677917
4104,0,0,0.86029052734375
4105,7,7,0.964252233505249
4106,3,0,0.8256055116653442
4107,3,3,0.3260596990585327
4108,2,2,0.4595685601234436
4109,5,5,0.602405846118927
4110,2,2,0.8740806579589844
4111,4,4,0.3039405941963196
4112,4,5,0.780924379825592
4113,0,0,0.9841281771659851
4114,4,3,0.34507834911346436
4115,8,8,0.4058626890182495
4116,2,2,0.5954329967498779
4117,4,4,0.7183879613876343
4118,0,2,0.6951741576194763
4119,6,6,0.4698854684829712
4120,4,0,0.7047871947288513
4121,5,3,0.42544639110565186
4122,6,6,0.9444913864135742
4123,0,2,0.5180889964103699
4124,8,8,0.6654707193374634
4125,8,0,0.7763552665710449
4126,0,0,0.5714086890220642
4127,6,6,0.5863847732543945
4128,1,1,0.9755144715309143
4129,1,1,0.964910626411438
4130,6,6,0.6127894520759583
4131,1,1,0.8690078854560852
4132,4,4,0.7122348546981812
4133,2,2,0.6129292249679565
4134,1,1,0.5710480809211731
4135,1,5,0.5933905243873596
4136,2,2,0.49580809473991394
4137,4,4,0.33439236879348755
4138,4,4,0.7782148122787476
4139,5,2,0.5123826861381531
4140,5,7,0.6620811223983765
4141,8,8,0.9897845387458801
4142,8,8,0.9253438115119934
4143,5,5,0.9595338106155396
4144,1,1,0.9662699699401855
4145,8,8,0.9870915412902832
4146,2,2,0.6193263530731201
4147,3,7,0.33554980158805847
4148,3,2,0.30807334184646606
4149,9,9,0.8543779253959656
4150,6,6,0.7448246479034424
4151,6,6,0.5721156597137451
4152,5,1,0.8225030303001404
4153,0,0,0.6265938878059387
4154,7,7,0.9981321692466736
4155,3,6,0.4086073637008667
4156,3,3,0.7709966897964478
4157,2,7,0.2723051905632019
4158,7,7,0.4694118797779083
4159,4,4,0.896867573261261
4160,5,5,0.5068426132202148
4161,6,6,0.9251453280448914
4162,0,0,0.9150797128677368
4163,2,6,0.7505876421928406
4164,1,1,0.6163631677627563
4165,8,8,0.762199342250824
4166,1,0,0.30959007143974304
4167,0,0,0.86882483959198
4168,9,9,0.8208854794502258
4169,3,4,0.20448261499404907
4170,1,9,0.21183092892169952
4171,0,0,0.9482300281524658
4172,5,5,0.7135264873504639
4173,4,3,0.23635724186897278
4174,2,2,0.8893266916275024
4175,3,7,0.5191399455070496
4176,3,3,0.5629557371139526
4177,6,6,0.40203988552093506
4178,7,7,0.9979952573776245
4179,6,6,0.7969361543655396
4180,0,8,0.38859549164772034
4181,0,0,0.9894718527793884
4182,5,5,0.9075214266777039
4183,7,7,0.9962989687919617
4184,4,4,0.6239805817604065
4185,7,7,0.563663125038147
4186,7,7,0.9758416414260864
4187,0,0,0.8921532034873962
4188,6,6,0.8806885480880737
4189,1,1,0.644105076789856
4190,3,7,0.6635148525238037
4191,9,9,0.5464193820953369
4192,0,0,0.9376349449157715
4193,9,0,0.33990854024887085
4194,0,0,0.9202131628990173
4195,3,3,0.609828531742096
4196,8,8,0.7911344170570374
4197,4,4,0.3352609872817993
4198,8,0,0.31105855107307434
4199,8,8,0.5953149795532227
4200,4,4,0.6879250407218933
4201,1,1,0.861430823802948
4202,0,0,0.7768805027008057
4203,2,2,0.49589791893959045
4204,2,6,0.4477127194404602
4205,4,4,0.820665180683136
4206,1,1,0.5775278210639954
4207,1,1,0.9793369770050049
4208,2,2,0.3735990524291992
4209,4,7,0.8975164890289307
4210,3,1,0.5249552726745605
4211,4,4,0.6095601916313171
4212,1,1,0.9051631093025208
4213,4,4,0.4918835759162903
4214,7,7,0.5508366227149963
4215,1,1,0.6207956075668335
4216,0,0,0.726946234703064
4217,0,0,0.655398428440094
4218,9,9,0.9653887152671814
4219,0,0,0.9451077580451965
4220,4,0,0.5945923328399658
4221,2,2,0.4240345358848572
4222,8,0,0.495460569858551
4223,8,8,0.7217010855674744
4224,5,5,0.44571635127067566
4225,5,5,0.43362605571746826
4226,0,8,0.6788948178291321
4227,4,4,0.2896951138973236
4228,0,0,0.5408926010131836
4229,8,8,0.9364227652549744
4230,6,3,0.6024710536003113
4231,2,2,0.5672748684883118
4232,5,5,0.9503800272941589
4233,9,9,0.7189831733703613
4234,2,2,0.822152853012085
4235,9,9,0.9919137954711914
4236,1,1,0.9922437071800232
4237,1,1,0.4223271310329437
4238,5,5,0.5466333031654358
4239,4,4,0.7535942196846008
4240,7,7,0.9810165762901306
4241,5,5,0.5319174528121948
4242,8,8,0.36654457449913025
4243,6,6,0.944336473941803
4244,2,7,0.5800355672836304
4245,1,1,0.8829993009567261
4246,5,5,0.7902348637580872
4247,5,5,0.579102098941803
4248,3,5,0.48907309770584106
4249,4,4,0.8493963479995728
4250,1,1,0.7643314003944397
4251,8,0,0.5026320815086365
4252,9,9,0.8189635872840881
4253,9,9,0.8425432443618774
4254,8,8,0.9965205192565918
4255,9,9,0.7369624972343445
4256,8,8,0.9933077096939087
4257,6,6,0.997563362121582
4258,8,8,0.9658417701721191
4259,5,3,0.3765980899333954
4260,8,8,0.9316115975379944
4261,9,0,0.41507887840270996
4262,4,4,0.6050314903259277
4263,6,9,0.6194654703140259
4264,2,4,0.7927151322364807
4265,6,6,0.8664672374725342
4266,3,6,0.3618869483470917
4267,7,7,0.29335102438926697
4268,4,4,0.6258626580238342
4269,0,0,0.6321020722389221
4270,0,0,0.3017483949661255
4271,1,8,0.5571471452713013
4272,7,7,0.9566628336906433
4273,5,3,0.36489221453666687
4274,1,1,0.6601817607879639
4275,5,5,0.4340115785598755
4276,9,9,0.5194829702377319
4277,3,3,0.6459636092185974
4278,1,1,0.9792958498001099
4279,6,6,0.9329847693443298
4280,8,0,0.7987352013587952
4281,7,2,0.660836398601532
4282,3,5,0.685306191444397
4283,6,6,0.9409313201904297
4284,9,9,0.9299908876419067
4285,1,1,0.6836259961128235
4286,2,0,0.7127494215965271
4287,0,2,0.4211257994174957
4288,1,1,0.9047635793685913
4289,7,7,0.4955573081970215
4290,2,3,0.34556522965431213
4291,6,6,0.4650110602378845
4292,1,1,0.9439864158630371
4293,9,9,0.6265265941619873
4294,0,2,0.391454815864563
4295,0,0,0.8427162170410156
4296,8,1,0.9356393814086914
4297,9,9,0.9709280729293823
4298,9,9,0.8552853465080261
4299,2,8,0.4384433329105377
4300,8,8,0.8684483766555786
4301,6,6,0.7554152607917786
4302,2,5,0.6571788787841797
4303,5,5,0.28428521752357483
4304,6,5,0.5061505436897278
4305,0,0,0.9926005005836487
4306,3,5,0.567539393901825
4307,3,3,0.4623452425003052
4308,0,0,0.9057345390319824
4309,7,5,0.2576870024204254
4310,4,4,0.5117351412773132
4311,7,7,0.9921444654464722
4312,5,5,0.5154165029525757
4313,0,3,0.5245629549026489
4314,1,1,0.9842324256896973
4315,6,2,0.7032263875007629
4316,8,8,0.9680674076080322
4317,8,8,0.8928138017654419
4318,1,1,0.9475918412208557
4319,2,2,0.6065050959587097
4320,1,8,0.6435114145278931
4321,5,3,0.4940970540046692
4322,4,7,0.6546362042427063
4323,5,5,0.8715051412582397
4324,9,9,0.9707870483398438
4325,6,6,0.7112414836883545
4326,7,7,0.9204075336456299
4327,1,9,0.5414788722991943
4328,0,0,0.9837760329246521
4329,6,4,0.253764271736145
4330,9,9,0.9360785484313965
4331,2,6,0.3760916590690613
4332,7,2,0.29155606031417847
4333,7,7,0.7368486523628235
4334,3,4,0.6450403332710266
4335,9,8,0.4401927888393402
4336,9,9,0.971345841884613
4337,1,1,0.8984237909317017
4338,9,1,0.49880167841911316
4339,7,7,0.978154182434082
4340,0,0,0.9646124243736267
4341,1,1,0.9790801405906677
4342,3,3,0.335578054189682
4343,5,5,0.7012014389038086
4344,4,4,0.7464869618415833
4345,6,6,0.6443782448768616
4346,3,3,0.5553737878799438
4347,8,8,0.9604833722114563
4348,8,8,0.5915665030479431
4349,0,0,0.6749115586280823
4350,4,4,0.7758499979972839
4351,8,8,0.9614128470420837
4352,3,3,0.4336516559123993
4353,6,4,0.3627496063709259
4354,7,7,0.27382010221481323
4355,0,3,0.4659559726715088
4356,0,0,0.9958202838897705
4357,4,3,0.36825278401374817
4358,5,5,0.8269957900047302
4359,2,2,0.8857526183128357
4360,6,9,0.7607956528663635
4361,8,8,0.9843489527702332
4362,4,4,0.5035194158554077
4363,9,9,0.8501963019371033
4364,9,1,0.8113746047019958
4365,9,9,0.8081327676773071
4366,2,5,0.3899809420108795
4367,0,2,0.3821043372154236
4368,4,4,0.49078384041786194
4369,2,2,0.7808771133422852
4370,8,8,0.9971334934234619
4371,1,1,0.9707872867584229
4372,1,1,0.9676042199134827
4373,0,0,0.7111307382583618
4374,0,0,0.4609757959842682
4375,3,4,0.8408895134925842
4376,7,2,0.8207358121871948
4377,4,4,0.6495225429534912
4378,1,0,0.7464043498039246
4379,1,1,0.9949774146080017
4380,9,9,0.6123970150947571
4381,7,7,0.9207286834716797
4382,7,7,0.7751365303993225
4383,4,5,0.579965353012085
4384,6,5,0.5874461531639099
4385,8,8,0.889473557472229
4386,6,2,0.4246935546398163
4387,0,2,0.4495706856250763
4388,2,2,0.6864852905273438
4389,8,8,0.9347515106201172
4390,5,5,0.9550224542617798
4391,3,2,0.5489484667778015
4392,5,5,0.49925729632377625
4393,3,7,0.4296179711818695
4394,5,5,0.9787584543228149
4395,7,7,0.9973836541175842
4396,9,9,0.9645339846611023
4397,8,8,0.8414720296859741
4398,4,7,0.27044615149497986
4399,4,4,0.3671010434627533
4400,3,4,0.7667521238327026
4401,1,1,0.9029149413108826
4402,4,4,0.5977700352668762
4403,8,8,0.7061659693717957
4404,3,4,0.9450341463088989
4405,6,1,0.43190622329711914
4406,5,5,0.6943952441215515
4407,3,3,0.8750993013381958
4408,0,1,0.44419682025909424
4409,8,0,0.5339788794517517
4410,9,4,0.27546852827072144
4411,5,5,0.49401965737342834
4412,7,7,0.9014849066734314
4413,6,6,0.9485427737236023
4414,2,3,0.2619950771331787
4415,0,0,0.9676055312156677
4416,4,2,0.40666699409484863
4417,9,9,0.7254524827003479
4418,9,9,0.9827548861503601
4419,0,0,0.8649328947067261
4420,5,3,0.3719137907028198
4421,2,7,0.3446274697780609
4422,3,3,0.5348677635192871
4423,6,3,0.4059372842311859
4424,1,1,0.9740630984306335
4425,1,1,0.9903000593185425
4426,0,0,0.9827462434768677
4427,2,2,0.5172989368438721
4428,8,8,0.9770039916038513
4429,2,2,0.6689128279685974
4430,1,1,0.9580660462379456
4431,1,1,0.784456193447113
4432,7,5,0.3241819441318512
4433,5,5,0.8173004388809204
4434,2,2,0.641154944896698
4435,3,3,0.7398854494094849
4436,4,4,0.41750743985176086
4437,1,1,0.8822656869888306
4438,2,2,0.44866758584976196
4439,9,9,0.4734500050544739
4440,2,4,0.3133414089679718
4441,1,1,0.8484676480293274
4442,3,0,0.24564702808856964
4443,4,4,0.8360181450843811
4444,8,8,0.8703685998916626
4445,9,1,0.7995216846466064
4446,0,1,0.4021853506565094
4447,0,0,0.3573039472103119
4448,4,6,0.7921713590621948
4449,9,1,0.7446566224098206
4450,0,0,0.551855742931366
4451,2,2,0.5402270555496216
4452,2,2,0.36922168731689453
4453,0,0,0.8629788160324097
4454,6,6,0.9910334944725037
4455,8,8,0.9918471574783325
4456,7,7,0.998196542263031
4457,3,3,0.5919055938720703
4458,3,3,0.8134310245513916
4459,8,8,0.9752918481826782
4460,9,9,0.8829059600830078
4461,0,8,0.6869526505470276
4462,2,5,0.8366641402244568
4463,5,5,0.43490123748779297
4464,3,3,0.296879380941391
4465,6,6,0.4511176645755768
4466,1,1,0.977152943611145
4467,3,3,0.505333662033081
4468,9,9,0.5943111181259155
4469,5,3,0.6519337296485901
4470,0,8,0.6068379282951355
4471,5,5,0.5024031400680542
4472,4,4,0.7628827095031738
4473,4,4,0.7087301015853882
4474,0,9,0.504172146320343
4475,1,1,0.4154352843761444
4476,1,5,0.3646128177642822
4477,6,2,0.5054137110710144
4478,1,1,0.914905846118927
4479,7,7,0.8878829479217529
4480,9,9,0.9948520064353943
4481,9,9,0.7737517356872559
4482,6,6,0.6619821190834045
4483,2,0,0.28259289264678955
4484,4,4,0.5301655530929565
4485,3,7,0.8138670921325684
4486,8,8,0.45763760805130005
4487,3,3,0.6897578239440918
4488,4,4,0.6364154815673828
4489,7,7,0.9977436065673828
4490,0,0,0.41953328251838684
4491,2,2,0.41163134574890137
4492,8,8,0.9175511598587036
4493,4,4,0.6111800670623779
4494,8,8,0.8318735361099243
4495,3,5,0.3498985171318054
4496,8,0,0.9146816730499268
4497,8,8,0.9942525029182434
4498,8,8,0.5548174977302551
4499,3,9,0.2471027374267578
4500,3,3,0.5155255198478699
4501,5,5,0.6575435400009155
4502,7,7,0.9481749534606934
4503,7,3,0.2787666618824005
4504,0,2,0.30262354016304016
4505,4,4,0.8303636312484741
4506,1,1,0.5402922034263611
4507,5,5,0.694908082485199
4508,9,7,0.42893728613853455
4509,7,7,0.9616788029670715
4510,0,0,0.8680803179740906
4511,6,6,0.9989961981773376
4512,8,8,0.54327392578125
4513,4,5,0.4975590109825134
4514,9,9,0.9140316843986511
4515,0,0,0.9736418724060059
4516,1,9,0.6212263107299805
4517,8,8,0.720012903213501
4518,9,9,0.8694459199905396
4519,6,6,0.8254151940345764
4520,3,5,0.4576418101787567
4521,9,9,0.4247021973133087
4522,2,2,0.6495589017868042
4523,4,2,0.3019207715988159
4524,4,4,0.7666826248168945
4525,0,6,0.35830047726631165
4526,3,3,0.6269710659980774
4527,3,3,0.6958227753639221
4528,5,5,0.4530757963657379
4529,4,4,0.8228633999824524
4530,5,8,0.34533822536468506
4531,1,1,0.9830038547515869
4532,1,1,0.9604436755180359
4533,8,8,0.7661541700363159
4534,2,6,0.4386001527309418
4535,2,2,0.585511326789856
4536,9,9,0.5967519879341125
4537,3,3,0.6135085225105286
4538,7,5,0.5563647747039795
4539,8,8,0.6381655931472778
4540,9,9,0.9353421926498413
4541,2,2,0.7876764535903931
4542,3,3,0.6930968165397644
4543,1,1,0.8284900188446045
4544,7,7,0.6198716759681702
4545,3,4,0.522193193435669
4546,2,5,0.6013627648353577
4547,3,7,0.43904241919517517
4548,0,4,0.6730768084526062
4549,1,1,0.9401739239692688
4550,9,0,0.37596356868743896
4551,5,5,0.34845325350761414
4552,5,5,0.5373915433883667
4553,3,3,0.4353073537349701
4554,4,4,0.7865954041481018
4555,5,7,0.7931653261184692
4556,2,8,0.4193136692047119
4557,0,0,0.915995717048645
4558,0,0,0.8890262246131897
4559,3,3,0.4712066352367401
4560,1,1,0.8924890160560608
4561,3,5,0.4823088049888611
4562,4,4,0.417916864156723
4563,7,5,0.5407823920249939
4564,4,4,0.6798402070999146
4565,2,4,0.6565358638763428
4566,8,0,0.40913063287734985
4567,4,4,0.9159237146377563
4568,8,8,0.7237781286239624
4569,9,9,0.9663328528404236
4570,9,3,0.6933215856552124
4571,4,7,0.4547973871231079
4572,2,7,0.765676736831665
4573,4,6,0.5356204509735107
4574,3,2,0.2458944320678711
4575,6,6,0.9864948987960815
4576,4,4,0.8758708834648132
4577,6,3,0.3917628526687622
4578,4,4,0.7854933142662048
4579,6,6,0.2501576840877533
4580,6,4,0.4249390661716461
4581,3,3,0.5104824900627136
4582,8,1,0.52652508020401
4583,7,7,0.9624999761581421
4584,4,0,0.6373171210289001
4585,8,8,0.5588451623916626
4586,0,2,0.49927839636802673
4587,5,5,0.536198079586029
4588,9,9,0.9260804653167725
4589,3,4,0.4203345775604248
4590,9,2,0.768564760684967
4591,0,0,0.9998083710670471
4592,7,7,0.9917293190956116
4593,5,5,0.4931356906890869
4594,1,1,0.6741040349006653
4595,9,9,0.47371339797973633
4596,7,5,0.38627445697784424
4597,9,9,0.46106117963790894
4598,1,1,0.9250795245170593
4599,8,9,0.4841431975364685
4600,4,7,0.8085392713546753
4601,2,2,0.5998212099075317
4602,1,1,0.8624295592308044
4603,6,6,0.43898963928222656
4604,4,4,0.624976634979248
4605,3,2,0.452146977186203
4606,0,9,0.2717076539993286
4607,1,1,0.8388847708702087
4608,4,4,0.7083548903465271
4609,8,9,0.7983642816543579
4610,6,6,0.26177021861076355
4611,1,1,0.997166097164154
4612,7,7,0.5033683180809021
4613,1,1,0.503014087677002
4614,3,5,0.7939464449882507
4615,5,4,0.7043225169181824
4616,4,4,0.706606388092041
4617,3,3,0.3968106210231781
4618,3,5,0.3206895887851715
4619,9,9,0.7968484163284302
4620,7,7,0.745573103427887
4621,8,8,0.6692622900009155
4622,2,2,0.7047892212867737
4623,5,5,0.6306726932525635
4624,5,5,0.5926617980003357
4625,4,2,0.48883113265037537
4626,5,5,0.8898906707763672
4627,4,2,0.43368566036224365
4628,5,5,0.7493784427642822
4629,7,7,0.9096262454986572
4630,2,4,0.3133864104747772
4631,5,5,0.7780984044075012
4632,5,4,0.2575129270553589
4633,1,1,0.9914291501045227
4634,7,2,0.3402247726917267
4635,7,7,0.8272935748100281
4636,8,8,0.9965351819992065
4637,3,3,0.553771436214447
4638,6,6,0.46913009881973267
4639,0,9,0.5269667506217957
4640,2,2,0.9240646362304688
4641,5,5,0.9487079977989197
4642,2,2,0.43821367621421814
4643,3,3,0.3437362313270569
4644,7,4,0.3742233216762543
4645,4,5,0.5816502571105957
4646,2,5,0.5801308751106262
4647,1,1,0.945840060710907
4648,6,6,0.9089284539222717
4649,8,8,0.8789888620376587
4650,6,6,0.8682121634483337
4651,8,8,0.7183204293251038
4652,3,3,0.5589232444763184
4653,2,2,0.9671899676322937
4654,7,7,0.8092159628868103
4655,7,5,0.6168566942214966
4656,9,9,0.7667844295501709
4657,7,7,0.9983158111572266
4658,1,1,0.9786673188209534
4659,4,7,0.7846531271934509
4660,7,3,0.3094468414783478
4661,4,3,0.4731432795524597
4662,6,6,0.9894634485244751
4663,1,1,0.9997037053108215
4664,7,7,0.29448384046554565
4665,3,3,0.42328736186027527
4666,0,0,0.9753801822662354
4667,0,0,0.7221659421920776
4668,6,6,0.8884056806564331
4669,6,2,0.4560505151748657
4670,8,8,0.5195173621177673
4671,6,6,0.9986935257911682
4672,6,6,0.9942528605461121
4673,0,0,0.9813123345375061
4674,3,3,0.6926167607307434
4675,4,4,0.40555235743522644
4676,7,7,0.36342284083366394
4677,4,4,0.7285048365592957
4678,9,8,0.6284447908401489
4679,4,4,0.44976261258125305
4680,9,9,0.6623568534851074
4681,9,1,0.585293173789978
4682,3,3,0.6519967317581177
4683,4,4,0.8279308676719666
4684,1,1,0.9512795805931091
4685,4,4,0.6237881183624268
4686,0,8,0.5096426010131836
4687,3,3,0.7458047866821289
4688,7,7,0.5881509184837341
4689,1,1,0.8969404101371765
4690,2,2,0.8065866231918335
4691,2,6,0.6339706182479858
4692,8,8,0.6056480407714844
4693,4,2,0.3707125782966614
4694,7,7,0.3533569276332855
4695,8,8,0.6084327101707458
4696,5,3,0.5060206651687622
4697,5,3,0.44079387187957764
4698,6,6,0.37310895323753357
4699,5,5,0.48726341128349304
4700,6,5,0.2656104862689972
4701,0,0,0.9340091347694397
4702,6,6,0.8201647400856018
4703,4,4,0.5476648807525635
4704,9,9,0.9791601300239563
4705,3,4,0.8256567120552063
4706,2,4,0.4964343011379242
4707,7,7,0.3785172998905182
4708,3,3,0.8797948360443115
4709,8,0,0.46350643038749695
4710,3,3,0.395720899105072
4711,9,9,0.9866209030151367
4712,4,4,0.5142103433609009
4713,1,1,0.9091203212738037
4714,6,6,0.9978460073471069
4715,9,9,0.7987592220306396
4716,9,9,0.7691056728363037
4717,4,5,0.5729592442512512
4718,3,5,0.5252227783203125
4719,9,1,0.549124538898468
4720,8,0,0.6521239876747131
4721,1,1,0.4980303943157196
4722,6,3,0.4873145818710327
4723,9,9,0.9254230260848999
4724,5,2,0.3271195888519287
4725,9,1,0.5870763063430786
4726,0,0,0.9679988026618958
4727,9,9,0.9961209893226624
4728,7,7,0.9784656167030334
4729,2,3,0.3589581847190857
4730,2,4,0.7595840692520142
4731,4,4,0.8160229921340942
4732,2,6,0.5987341403961182
4733,6,4,0.814324140548706
4734,4,4,0.8241853713989258
4735,8,8,0.3249596059322357
4736,1,1,0.9915410876274109
4737,9,9,0.696624219417572
4738,5,0,0.47118958830833435
4739,6,5,0.45273029804229736
4740,5,3,0.6802993416786194
4741,1,1,0.9687623381614685
4742,8,8,0.9492080211639404
4743,6,6,0.8079918622970581
4744,6,0,0.7997574806213379
4745,7,0,0.39672714471817017
4746,6,6,0.6861526370048523
4747,5,2,0.3986092805862427
4748,0,1,0.7571433782577515
4749,2,5,0.2986341714859009
4750,7,4,0.25871512293815613
4751,6,6,0.7846677303314209
4752,1,8,0.6317142248153687
4753,2,9,0.7359510660171509
4754,3,0,0.415029376745224
4755,1,1,0.747184693813324
4756,6,6,0.4740525782108307
4757,4,7,0.7657366394996643
4758,9,4,0.2925160229206085
4759,0,0,0.8668099641799927
4760,3,3,0.39979490637779236
4761,9,9,0.9779886603355408
4762,1,1,0.5789569616317749
4763,0,0,0.30908727645874023
4764,5,5,0.815859854221344
4765,3,3,0.551074206829071
4766,1,1,0.833523154258728
4767,6,6,0.629091203212738
4768,9,9,0.9747819304466248
4769,8,8,0.9838340878486633
4770,9,9,0.4145362079143524
4771,0,0,0.9742587804794312
4772,6,6,0.9890820980072021
4773,1,1,0.9981532692909241
4774,6,6,0.9636712670326233
4775,2,3,0.5649620294570923
4776,3,3,0.38937297463417053
4777,5,5,0.911058247089386
4778,6,6,0.6793572306632996
4779,9,9,0.7547495365142822
4780,0,0,0.7218831777572632
4781,7,7,0.8750840425491333
4782,2,2,0.9236931204795837
4783,4,7,0.36364293098449707
4784,0,8,0.5978847146034241
4785,3,3,0.7901757955551147
4786,6,2,0.2925094962120056
4787,8,8,0.9956116080284119
4788,6,4,0.4149538278579712
4789,9,9,0.7882698178291321
4790,1,1,0.7954833507537842
4791,9,9,0.4861757755279541
4792,0,0,0.6092680096626282
4793,6,1,0.70723956823349
4794,4,2,0.2944096028804779
4795,5,5,0.6729472279548645
4796,9,9,0.6756772398948669
4797,5,5,0.6014989018440247
4798,4,4,0.5389301180839539
4799,1,0,0.3859609067440033
4800,9,9,0.9753130674362183
4801,2,7,0.5814984440803528
4802,0,0,0.8710889220237732
4803,7,7,0.38099992275238037
4804,3,3,0.7740326523780823
4805,5,3,0.5841970443725586
4806,1,1,0.9812312722206116
4807,8,8,0.9115398526191711
4808,3,5,0.6463730931282043
4809,0,0,0.9901359677314758
4810,5,5,0.6356666088104248
4811,2,0,0.98628169298172
4812,8,8,0.2746025621891022
4813,8,8,0.9942996501922607
4814,3,4,0.48673245310783386
4815,9,9,0.9796667098999023
4816,6,6,0.7719761729240417
4817,0,0,0.9522618651390076
4818,3,1,0.5438324809074402
4819,5,5,0.8313359022140503
4820,3,5,0.549893319606781
4821,4,4,0.36850953102111816
4822,1,1,0.9237958788871765
4823,5,4,0.8672017455101013
4824,0,0,0.9893201589584351
4825,7,7,0.4476933181285858
4826,3,2,0.48606517910957336
4827,9,9,0.8601551651954651
4828,4,4,0.7656980156898499
4829,5,3,0.45426833629608154
4830,3,3,0.6551552414894104
4831,1,1,0.9887222051620483
4832,4,4,0.7448869347572327
4833,2,5,0.32092034816741943
4834,4,5,0.30439990758895874
4835,9,9,0.9396793842315674
4836,9,9,0.9207510948181152
4837,7,7,0.9860914349555969
4838,1,1,0.5234242677688599
4839,7,7,0.8553993701934814
4840,0,0,0.9617699980735779
4841,1,1,0.7013360857963562
4842,2,2,0.6397605538368225
4843,1,1,0.9742166996002197
4844,5,3,0.6817941069602966
4845,3,4,0.37409111857414246
4846,8,8,0.842479407787323
4847,4,5,0.8807611465454102
4848,1,1,0.9743601083755493
4849,5,5,0.7367955446243286
4850,1,9,0.7085345983505249
4851,9,9,0.9784295558929443
4852,9,0,0.669375479221344
4853,7,7,0.9788743853569031
4854,0,0,0.9466379880905151
4855,1,1,0.8830694556236267
4856,7,7,0.886739194393158
4857,6,6,0.9669374823570251
4858,2,2,0.7698833346366882
4859,6,4,0.6518486142158508
4860,5,5,0.7285447716712952
4861,0,0,0.46529608964920044
4862,3,2,0.5754473209381104
4863,1,1,0.9504302740097046
4864,3,3,0.4812816381454468
4865,8,9,0.2581825256347656
4866,9,9,0.9614760279655457
4867,9,9,0.3917529881000519
4868,0,8,0.5561818480491638
4869,8,8,0.2641162574291229
4870,8,8,0.9112520217895508
4871,7,4,0.7416816353797913
4872,9,9,0.8285971283912659
4873,2,2,0.5515390038490295
4874,9,8,0.5460811257362366
4875,1,1,0.9752258658409119
4876,3,6,0.35121431946754456
4877,6,6,0.7199892997741699
4878,7,7,0.6603143811225891
4879,6,6,0.5387193560600281
4880,0,9,0.4569183588027954
4881,8,8,0.9685301184654236
4882,6,6,0.998570442199707
4883,2,2,0.48140543699264526
4884,4,4,0.575060248374939
4885,2,2,0.7210574150085449
4886,3,3,0.9521188735961914
4887,5,3,0.7526475787162781
4888,5,5,0.8049619197845459
4889,4,7,0.5657732486724854
4890,1,1,0.9960401058197021
4891,6,6,0.9325827360153198
4892,7,7,0.661183774471283
4893,1,1,0.6122514009475708
4894,6,6,0.45627835392951965
4895,1,1,0.5968626141548157
4896,7,7,0.8339174389839172
4897,1,0,0.38607242703437805
4898,6,6,0.7243039608001709
4899,2,2,0.5816579461097717
4900,3,3,0.4909278452396393
4901,0,0,0.8969598412513733
4902,4,2,0.46969395875930786
4903,2,8,0.37498900294303894
4904,9,9,0.9043192267417908
4905,7,7,0.9995942711830139
4906,5,5,0.5693064332008362
4907,5,5,0.5987347960472107
4908,6,6,0.4503278434276581
4909,0,0,0.7951785326004028
4910,8,9,0.6422107219696045
4911,8,8,0.6712852716445923
4912,1,1,0.5205273628234863
4913,1,1,0.5416951775550842
4914,3,3,0.8042626976966858
4915,5,5,0.9166168570518494
4916,6,6,0.9017667770385742
4917,5,3,0.46884864568710327
4918,3,3,0.9689368009567261
4919,8,8,0.8785079717636108
4920,7,7,0.700072705745697
4921,5,9,0.40741825103759766
4922,0,0,0.8846588134765625
4923,7,7,0.9839605689048767
4924,7,6,0.7174501419067383
4925,5,5,0.6238020062446594
4926,7,7,0.4589003622531891
4927,1,0,0.5041478276252747
4928,9,9,0.885527491569519
4929,9,1,0.6772730350494385
4930,1,1,0.7602890133857727
4931,9,8,0.8298113942146301
4932,9,9,0.5104004740715027
4933,3,5,0.5549255013465881
4934,5,5,0.6213072538375854
4935,5,5,0.7311357259750366
4936,3,3,0.793319821357727
4937,0,0,0.5483020544052124
4938,3,9,0.5158584117889404
4939,0,0,0.9624181389808655
4940,6,6,0.9340046644210815
4941,6,3,0.481884241104126
4942,5,0,0.3980405628681183
4943,6,6,0.5091114044189453
4944,8,8,0.9597398638725281
4945,9,1,0.821155309677124
4946,4,2,0.42968231439590454
4947,5,5,0.5719544887542725
4948,1,1,0.9845351576805115
4949,1,1,0.8062336444854736
4950,2,2,0.649050772190094
4951,7,4,0.308430016040802
4952,9,1,0.532143235206604
4953,0,0,0.9923629760742188
4954,1,1,0.8912010192871094
4955,2,8,0.8671072721481323
4956,5,5,0.6317901015281677
4957,4,4,0.6285921931266785
4958,4,4,0.8986096978187561
4959,7,7,0.7030022144317627
4960,4,6,0.5487173199653625
4961,8,8,0.9683027267456055
4962,3,3,0.45116540789604187
4963,3,3,0.7035720348358154
4964,5,2,0.4282533526420593
4965,3,6,0.3209001421928406
4966,5,5,0.7209900617599487
4967,7,4,0.3004567325115204
4968,0,0,0.9963777661323547
4969,1,1,0.9589244723320007
4970,2,6,0.8944456577301025
4971,9,9,0.9477089643478394
4972,8,8,0.9573261737823486
4973,1,9,0.7257941365242004
4974,7,7,0.4899823069572449
4975,3,3,0.5693736672401428
4976,5,5,0.8002920150756836
4977,9,9,0.9831094145774841
4978,1,1,0.8679450154304504
4979,9,9,0.8293672204017639
4980,1,9,0.4037229120731354
4981,1,0,0.7762563228607178
4982,3,5,0.44205042719841003
4983,6,5,0.29736337065696716
4984,7,3,0.3864961862564087
4985,4,4,0.3572445511817932
4986,8,9,0.6448968648910522
4987,3,3,0.4878682792186737
4988,5,5,0.6178504228591919
4989,6,6,0.8306765556335449
4990,7,5,0.8888704180717468
4991,0,8,0.6787930727005005
4992,1,1,0.9584579467773438
4993,7,7,0.5231058597564697
4994,7,7,0.980599582195282
4995,2,5,0.7693531513214111
4996,3,2,0.4936901926994324
4997,3,5,0.4517333507537842
4998,5,5,0.558198094367981
4999,1,1,0.9816986322402954
5000,7,7,0.9982621073722839
5001,6,6,0.9981946349143982
5002,8,8,0.9164322018623352
5003,4,4,0.2956795394420624
5004,4,4,0.9052680134773254
5005,5,4,0.4214572608470917
5006,7,2,0.3679254949092865
5007,3,3,0.6627965569496155
5008,4,7,0.6540380716323853
5009,7,0,0.6113235354423523
5010,7,7,0.9772846698760986
5011,3,5,0.27609920501708984
5012,6,6,0.700908362865448
5013,0,2,0.7856336236000061
5014,7,7,0.6856145858764648
5015,2,2,0.5049349069595337
5016,6,4,0.32446590065956116
5017,7,7,0.32373958826065063
5018,4,4,0.3935432732105255
5019,1,1,0.916225790977478
5020,8,8,0.9081110954284668
5021,0,0,0.9903244972229004
5022,2,2,0.689845085144043
5023,2,8,0.31375107169151306
5024,1,1,0.785645067691803
5025,5,7,0.4349166452884674
5026,4,4,0.5986603498458862
5027,0,0,0.8653919100761414
5028,9,9,0.5179176330566406
5029,3,3,0.7157347798347473
5030,4,0,0.7193920612335205
5031,4,0,0.5478264689445496
5032,2,2,0.724163830280304
5033,3,5,0.4654591381549835
5034,8,0,0.8202033638954163
5035,5,5,0.8867664933204651
5036,0,0,0.8343753814697266
5037,0,8,0.44982224702835083
5038,4,5,0.2999776601791382
5039,6,6,0.9436377286911011
5040,3,3,0.6366636753082275
5041,9,1,0.6403010487556458
5042,2,2,0.621837854385376
5043,0,7,0.39026832580566406
5044,5,5,0.6066715121269226
5045,7,7,0.9698709845542908
5046,5,5,0.4998648464679718
5047,5,5,0.7753682136535645
5048,1,9,0.48925307393074036
5049,7,7,0.7474031448364258
5050,3,5,0.8302289247512817
5051,1,1,0.8562576174736023
5052,6,6,0.37111005187034607
5053,7,5,0.6198412179946899
5054,9,9,0.998051643371582
5055,0,0,0.9970806241035461
5056,1,9,0.7829779982566833
5057,2,4,0.326670378446579
5058,1,9,0.343219131231308
5059,4,4,0.9502946138381958
5060,6,6,0.3080536723136902
5061,1,1,0.40075990557670593
5062,5,2,0.7517141103744507
5063,9,9,0.47863441705703735
5064,5,5,0.9681901931762695
5065,0,0,0.7933230996131897
5066,4,4,0.6151477098464966
5067,9,1,0.9804454445838928
5068,4,5,0.28954410552978516
5069,9,9,0.5955363512039185
5070,7,3,0.6309554576873779
5071,1,9,0.39793112874031067
5072,6,4,0.35823726654052734
5073,8,8,0.8835605978965759
5074,0,0,0.3353496491909027
5075,6,6,0.4206995666027069
5076,5,5,0.7320260405540466
5077,0,0,0.590901792049408
5078,8,8,0.8233672380447388
5079,1,1,0.9400189518928528
5080,7,7,0.8828570246696472
5081,5,5,0.42446064949035645
5082,6,6,0.4348706007003784
5083,9,9,0.9425461292266846
5084,3,5,0.5982877016067505
5085,2,2,0.3787151873111725
5086,3,7,0.547344446182251
5087,9,9,0.7547322511672974
5088,8,5,0.5930389165878296
5089,6,6,0.9064040184020996
5090,1,9,0.7062616944313049
5091,0,0,0.9897866249084473
5092,9,9,0.9773985147476196
5093,0,0,0.6559863686561584
5094,9,1,0.4800751209259033
5095,8,8,0.9931386113166809
5096,7,0,0.6675471067428589
5097,7,7,0.2993738651275635
5098,5,9,0.4001283645629883
5099,2,2,0.7525331974029541
5100,3,5,0.45463278889656067
5101,5,3,0.6008553504943848
5102,5,2,0.38204213976860046
5103,7,7,0.7374597787857056
5104,8,8,0.7883480191230774
5105,7,7,0.8150826096534729
5106,6,5,0.33255189657211304
5107,9,9,0.9301442503929138
5108,1,9,0.7265830636024475
5109,9,0,0.69866544008255
5110,8,8,0.9740123152732849
5111,6,6,0.820198655128479
5112,5,9,0.31090956926345825
5113,6,4,0.8294852375984192
5114,7,7,0.996038556098938
5115,5,5,0.7084326148033142
5116,6,6,0.26588520407676697
5117,7,7,0.5346677899360657
5118,2,4,0.42821380496025085
5119,5,7,0.47977858781814575
5120,9,9,0.3753683567047119
5121,6,6,0.9923868179321289
5122,6,6,0.6333146691322327
5123,7,2,0.5261704921722412
5124,0,0,0.9994893074035645
5125,1,1,0.3873360753059387
5126,0,0,0.5029986500740051
5127,1,1,0.6760677695274353
5128,3,4,0.895052433013916
5129,2,6,0.7504419088363647
5130,5,8,0.5037345290184021
5131,6,6,0.6963168978691101
5132,1,1,0.943433940410614
5133,2,2,0.8842301368713379
5134,5,6,0.5696425437927246
5135,1,1,0.8448987603187561
5136,9,9,0.9266500473022461
5137,9,9,0.532707691192627
5138,8,8,0.911054790019989
5139,6,6,0.7057933807373047
5140,8,8,0.9831330180168152
5141,6,1,0.3035714030265808
5142,8,8,0.8580505847930908
5143,9,9,0.9884433150291443
5144,0,8,0.5282134413719177
5145,4,4,0.9646098613739014
5146,0,4,0.28882816433906555
5147,3,3,0.42135223746299744
5148,3,5,0.5349670052528381
5149,6,6,0.6239323616027832
5150,4,4,0.5559568405151367
5151,9,4,0.31922397017478943
5152,9,9,0.33682289719581604
5153,7,7,0.5645275115966797
5154,2,2,0.24749423563480377
5155,3,3,0.7315034866333008
5156,5,5,0.9491220116615295
5157,6,6,0.9918992519378662
5158,4,4,0.8625717759132385
5159,6,6,0.7954367399215698
5160,0,0,0.9119074940681458
5161,3,3,0.5682176947593689
5162,7,5,0.5822646617889404
5163,5,3,0.4944171607494354
5164,0,0,0.9391035437583923
5165,2,2,0.5714198350906372
5166,9,0,0.2198105752468109
5167,2,2,0.9489445090293884
5168,7,7,0.8910672664642334
5169,2,2,0.8758390545845032
5170,9,9,0.9174366593360901
5171,2,2,0.5815819501876831
5172,4,9,0.26742276549339294
5173,0,0,0.9847416281700134
5174,6,6,0.9701589941978455
5175,6,6,0.9832111597061157
5176,3,3,0.28358978033065796
5177,4,4,0.5730178356170654
5178,5,5,0.5859758853912354
5179,5,5,0.6031237840652466
5180,9,9,0.6506689786911011
5181,1,1,0.9328292608261108
5182,1,1,0.38236871361732483
5183,4,4,0.36631444096565247
5184,4,5,0.37178003787994385
5185,3,3,0.5140898823738098
5186,5,5,0.5065444111824036
5187,4,4,0.6271954774856567
5188,8,8,0.8394362926483154
5189,0,0,0.7430761456489563
5190,0,0,0.5285819172859192
5191,3,3,0.4266223907470703
5192,9,1,0.9917219281196594
5193,4,2,0.37884360551834106
5194,7,3,0.3208044469356537
5195,4,4,0.8373382091522217
5196,2,0,0.5094479918479919
5197,8,4,0.28776752948760986
5198,3,0,0.3327764868736267
5199,6,6,0.5801383256912231
5200,3,5,0.5105649828910828
5201,1,1,0.7747308015823364
5202,9,9,0.5698084235191345
5203,6,6,0.38540637493133545
5204,3,3,0.8655316233634949
5205,8,0,0.4498423635959625
5206,3,7,0.3678116798400879
5207,8,2,0.41433244943618774
5208,4,4,0.9131392240524292
5209,7,7,0.9985936284065247
5210,5,5,0.3588911294937134
5211,7,3,0.5427643060684204
5212,5,3,0.42473986744880676
5213,3,7,0.28420713543891907
5214,1,1,0.34200960397720337
5215,2,1,0.46509769558906555
5216,6,6,0.8578550219535828
5217,1,1,0.9879962801933289
5218,3,5,0.3158860504627228
5219,2,2,0.39123404026031494
5220,0,0,0.8148199319839478
5221,7,7,0.9352901577949524
5222,5,5,0.42888784408569336
5223,0,0,0.9884598255157471
5224,0,0,0.38934528827667236
5225,0,0,0.7448477149009705
5226,1,1,0.8784778714179993
5227,4,4,0.7168343663215637
5228,3,3,0.3469541072845459
5229,5,5,0.5660889744758606
5230,8,4,0.3317568600177765
5231,4,4,0.5413475036621094
5232,3,5,0.7526669502258301
5233,1,9,0.5395525693893433
5234,7,7,0.7355632781982422
5235,1,3,0.6387118101119995
5236,0,0,0.9141026139259338
5237,4,4,0.5326204299926758
5238,2,0,0.6076542735099792
5239,4,4,0.4496144950389862
5240,1,1,0.8189595341682434
5241,4,6,0.6797376871109009
5242,0,0,0.7216201424598694
5243,1,1,0.9967173933982849
5244,2,2,0.7517352104187012
5245,1,1,0.9713829755783081
5246,7,5,0.6553504467010498
5247,7,7,0.6463080048561096
5248,9,9,0.9890897870063782
5249,8,8,0.8955313563346863
5250,7,7,0.7014374732971191
5251,5,5,0.6464827656745911
5252,4,4,0.9552793502807617
5253,0,0,0.9057477116584778
5254,9,9,0.8230735659599304
5255,0,0,0.8373408317565918
5256,0,0,0.9419224858283997
5257,8,8,0.5956645607948303
5258,2,5,0.47469961643218994
5259,0,0,0.4831324815750122
5260,0,0,0.9898075461387634
5261,2,9,0.6439674496650696
5262,4,4,0.5135363936424255
5263,8,8,0.9497714042663574
5264,6,6,0.7197533845901489
5265,2,2,0.39045634865760803
5266,4,4,0.89504474401474
5267,6,6,0.8896389007568359
5268,3,3,0.4176572263240814
5269,5,5,0.8234834671020508
5270,1,1,0.9851293563842773
5271,5,5,0.8091352581977844
5272,3,3,0.3654979467391968
5273,7,9,0.7076603770256042
5274,2,4,0.7845371961593628
5275,2,2,0.8984469771385193
5276,9,8,0.4778285622596741
5277,8,9,0.5725855827331543
5278,0,0,0.6594446897506714
5279,0,0,0.8598155379295349
5280,0,0,0.4284270107746124
5281,3,3,0.27180367708206177
5282,4,4,0.8870880603790283
5283,4,2,0.5924623608589172
5284,6,6,0.8382216691970825
5285,1,1,0.7522991299629211
5286,6,6,0.7737199068069458
5287,7,5,0.4346122741699219
5288,4,4,0.8236945867538452
5289,4,4,0.5760971307754517
5290,3,7,0.44613420963287354
5291,9,9,0.8865734338760376
5292,4,5,0.3423428237438202
5293,0,0,0.5206080675125122
5294,8,8,0.9981487989425659
5295,0,0,0.8441930413246155
5296,4,4,0.6154965758323669
5297,6,6,0.5719321370124817
5298,5,4,0.5439866185188293
5299,7,7,0.9893679022789001
5300,9,9,0.6050322651863098
5301,7,7,0.37910789251327515
5302,0,0,0.8543998599052429
5303,5,5,0.5194719433784485
5304,7,9,0.3772129416465759
5305,7,7,0.5732146501541138
5306,3,3,0.5433386564254761
5307,1,9,0.5788757801055908
5308,9,1,0.6170380711555481
5309,3,3,0.5020613074302673
5310,0,8,0.44426441192626953
5311,9,5,0.4125661551952362
5312,5,5,0.9837338924407959
5313,3,3,0.3439479172229767
5314,7,9,0.3760972321033478
5315,9,9,0.9616597294807434
5316,4,4,0.8192153573036194
5317,4,4,0.7506526708602905
5318,1,0,0.7634737491607666
5319,7,7,0.9933783411979675
5320,7,5,0.6098654866218567
5321,1,9,0.7199142575263977
5322,4,4,0.7040581107139587
5323,1,1,0.9644165635108948
5324,2,8,0.27710825204849243
5325,8,8,0.9690889120101929
5326,7,3,0.413025826215744
5327,0,0,0.23082558810710907
5328,0,8,0.7561429142951965
5329,4,0,0.759060263633728
5330,7,3,0.45114144682884216
5331,2,2,0.7296385765075684
5332,9,9,0.9871756434440613
5333,7,7,0.9430078268051147
5334,6,6,0.8798858523368835
5335,9,8,0.38411712646484375
5336,3,6,0.655257523059845
5337,5,2,0.43591758608818054
5338,8,8,0.44553154706954956
5339,0,0,0.39612293243408203
5340,3,4,0.8688340187072754
5341,6,6,0.9347189664840698
5342,8,2,0.46615198254585266
5343,3,5,0.6339075565338135
5344,2,5,0.4537954330444336
5345,4,4,0.7360759973526001
5346,7,7,0.4563370645046234
5347,1,1,0.9084497094154358
5348,1,1,0.9345667958259583
5349,3,3,0.6363714933395386
5350,9,9,0.8026347756385803
5351,7,3,0.3108668029308319
5352,5,3,0.6860818266868591
5353,1,1,0.7085962891578674
5354,0,0,0.5125752687454224
5355,8,8,0.8376347422599792
5356,7,7,0.987145185470581
5357,0,0,0.797102153301239
5358,1,8,0.4759071171283722
5359,6,6,0.9665552377700806
5360,9,9,0.4487983286380768
5361,3,9,0.27872946858406067
5362,2,4,0.7577748894691467
5363,7,7,0.8562179803848267
5364,7,7,0.33184757828712463
5365,8,8,0.8386154174804688
5366,1,9,0.5549605488777161
5367,0,0,0.3728554844856262
5368,3,2,0.2868603467941284
5369,4,2,0.8145078420639038
5370,6,3,0.5580347180366516
5371,7,7,0.761699914932251
5372,5,8,0.47646939754486084
5373,2,2,0.565841555595398
5374,0,8,0.5646198391914368
5375,1,1,0.6333242654800415
5376,5,5,0.8164052367210388
5377,5,3,0.35752633213996887
5378,1,1,0.41014808416366577
5379,4,3,0.35191506147384644
5380,1,9,0.662526547908783
5381,3,3,0.6986210346221924
5382,0,0,0.928065299987793
5383,8,8,0.9943675398826599
5384,6,6,0.9684731960296631
5385,2,3,0.549787163734436
5386,1,1,0.9824888706207275
5387,3,6,0.621068000793457
5388,6,5,0.4289935529232025
5389,4,4,0.7985260486602783
5390,1,1,0.6595228314399719
5391,9,9,0.6603479981422424
5392,0,9,0.4958111047744751
5393,4,4,0.5146177411079407
5394,1,1,0.9929960370063782
5395,0,0,0.7120057344436646
5396,1,9,0.673923671245575
5397,9,8,0.5712823867797852
5398,8,5,0.331888347864151
5399,6,3,0.6695936322212219
5400,9,1,0.46964123845100403
5401,2,0,0.9349556565284729
5402,4,4,0.8226408958435059
5403,7,7,0.4869382977485657
5404,2,2,0.6835882663726807
5405,2,0,0.8632643222808838
5406,7,7,0.7478538751602173
5407,4,7,0.5071117877960205
5408,9,0,0.40122243762016296
5409,1,1,0.9546244740486145
5410,3,5,0.4070691764354706
5411,2,6,0.8580418229103088
5412,6,6,0.9907752871513367
5413,3,5,0.8881707787513733
5414,4,4,0.9075291752815247
5415,4,4,0.8008323311805725
5416,9,1,0.8046309947967529
5417,4,4,0.4639498293399811
5418,8,8,0.8642744421958923
5419,2,6,0.8939623236656189
5420,6,6,0.9978867173194885
5421,6,6,0.4417458474636078
5422,1,1,0.884710967540741
5423,6,6,0.9964460730552673
5424,3,3,0.502364993095398
5425,6,4,0.43872472643852234
5426,5,3,0.5153522491455078
5427,8,8,0.43204399943351746
5428,4,7,0.7068135738372803
5429,6,6,0.9959663152694702
5430,7,7,0.8446207642555237
5431,1,1,0.6723998188972473
5432,9,9,0.4764151871204376
5433,3,5,0.6344462633132935
5434,6,6,0.7252918481826782
5435,7,4,0.47001194953918457
5436,6,6,0.7353116869926453
5437,0,0,0.4947473704814911
5438,7,4,0.7690442204475403
5439,1,1,0.9717615246772766
5440,9,9,0.8913512229919434
5441,5,7,0.35090938210487366
5442,2,2,0.4513816237449646
5443,6,6,0.7633445262908936
5444,7,7,0.5795831084251404
5445,7,7,0.7091560363769531
5446,6,3,0.45496830344200134
5447,5,5,0.7180039286613464
5448,9,9,0.9917247295379639
5449,1,1,0.9586457014083862
5450,5,3,0.7570371627807617
5451,6,6,0.9927756786346436
5452,0,0,0.85736083984375
5453,2,2,0.728763997554779
5454,0,0,0.9470397233963013
5455,9,1,0.45518025755882263
5456,1,1,0.2404453158378601
5457,8,8,0.9969509840011597
5458,3,6,0.5897188782691956
5459,5,2,0.2740228474140167
5460,0,5,0.4905323386192322
5461,0,3,0.5444064140319824
5462,0,2,0.4647785723209381
5463,5,5,0.4892885088920593
5464,7,7,0.7255862355232239
5465,7,4,0.4875667989253998
5466,8,8,0.24793341755867004
5467,5,9,0.3895595073699951
5468,5,5,0.4103522300720215
5469,5,3,0.6572756767272949
5470,1,1,0.963997483253479
5471,6,6,0.8750445246696472
5472,1,1,0.8545345664024353
5473,5,5,0.6404065489768982
5474,1,1,0.8017861247062683
5475,0,0,0.9165404438972473
5476,6,6,0.9329572916030884
5477,2,8,0.48317500948905945
5478,3,3,0.7608876824378967
5479,2,2,0.30070313811302185
5480,1,1,0.9746651649475098
5481,7,7,0.3683389723300934
5482,5,5,0.3583237826824188
5483,1,1,0.7542039752006531
5484,9,9,0.7390714883804321
5485,8,8,0.9823862314224243
5486,3,3,0.355690062046051
5487,6,3,0.42291292548179626
5488,9,9,0.4071810841560364
5489,7,7,0.8396176099777222
5490,3,5,0.3896660804748535
5491,0,0,0.8984280824661255
5492,2,2,0.4461989402770996
5493,3,3,0.3562127649784088
5494,9,9,0.9605832099914551
5495,4,7,0.4764048457145691
5496,4,6,0.9562566876411438
5497,3,3,0.3582180440425873
5498,9,1,0.5222107768058777
5499,6,6,0.6745160222053528
5500,8,1,0.4609341621398926
5501,6,6,0.9136499166488647
5502,6,6,0.9236940741539001
5503,8,8,0.9030636548995972
5504,5,6,0.28169161081314087
5505,4,4,0.8626534938812256
5506,3,6,0.24728740751743317
5507,6,6,0.5011582970619202
5508,7,7,0.700348973274231
5509,7,5,0.4955124855041504
5510,4,4,0.8616297841072083
5511,3,6,0.978202760219574
5512,9,9,0.6224702596664429
5513,6,6,0.9659093618392944
5514,2,2,0.4872846305370331
5515,4,4,0.332154244184494
5516,0,0,0.34820204973220825
5517,1,5,0.618367075920105
5518,3,3,0.4652271866798401
5519,6,6,0.8010262250900269
5520,4,3,0.5665246248245239
5521,9,9,0.8848353624343872
5522,2,5,0.36962684988975525
5523,6,6,0.9429212212562561
5524,0,8,0.6206833720207214
5525,3,7,0.8696078062057495
5526,8,8,0.9622434973716736
5527,7,4,0.39211228489875793
5528,5,7,0.3922322988510132
5529,3,8,0.5313161611557007
5530,3,6,0.25800150632858276
5531,8,8,0.9915153980255127
5532,3,3,0.5551233887672424
5533,2,2,0.39177045226097107
5534,6,4,0.37278762459754944
5535,3,3,0.5033316612243652
5536,6,5,0.47646865248680115
5537,2,5,0.44361621141433716
5538,7,0,0.4115246832370758
5539,4,3,0.5615708827972412
5540,5,5,0.3550299406051636
5541,7,7,0.9909560084342957
5542,9,9,0.6621022820472717
5543,0,0,0.9936919212341309
5544,0,0,0.33955666422843933
5545,6,6,0.9486913681030273
5546,7,7,0.9905309081077576
5547,2,3,0.345723032951355
5548,8,2,0.3617687225341797
5549,5,2,0.5412105321884155
5550,5,5,0.5708340406417847
5551,7,9,0.26377326250076294
5552,5,5,0.8256398439407349
5553,5,5,0.6092790365219116
5554,9,8,0.7244217395782471
5555,4,4,0.3578871786594391
5556,6,6,0.7626639604568481
5557,4,4,0.4688509404659271
5558,7,5,0.42236533761024475
5559,3,2,0.39763307571411133
5560,3,5,0.6077211499214172
5561,6,6,0.9917141795158386
5562,4,7,0.43130770325660706
5563,1,1,0.5461851954460144
5564,6,6,0.9783817529678345
5565,3,4,0.757922887802124
5566,1,1,0.8173259496688843
5567,6,6,0.6505723595619202
5568,7,7,0.9901097416877747
5569,0,0,0.4039366543292999
5570,5,5,0.9065529108047485
5571,0,0,0.6237707734107971
5572,1,9,0.5482811331748962
5573,9,3,0.4126182496547699
5574,7,7,0.9973938465118408
5575,3,3,0.7190737128257751
5576,5,3,0.5028622150421143
5577,2,4,0.6622181534767151
5578,3,3,0.6805298328399658
5579,9,9,0.9650977253913879
5580,5,5,0.5623698234558105
5581,6,3,0.566736102104187
5582,4,5,0.6087270379066467
5583,0,0,0.9124176502227783
5584,0,0,0.9974203109741211
5585,0,0,0.4736816883087158
5586,8,0,0.5300918221473694
5587,0,0,0.9835350513458252
5588,3,3,0.6354659795761108
5589,2,2,0.5149962902069092
5590,4,4,0.7915534377098083
5591,5,3,0.4720383584499359
5592,3,3,0.5141584873199463
5593,7,7,0.6575748920440674
5594,9,1,0.47686946392059326
5595,6,4,0.6687189936637878
5596,9,9,0.5016494989395142
5597,3,8,0.7736759185791016
5598,1,1,0.9404487013816833
5599,2,2,0.5673711895942688
5600,6,5,0.330740362405777
5601,7,7,0.774705708026886
5602,4,4,0.7331162691116333
5603,5,4,0.5455213189125061
5604,1,1,0.9709926247596741
5605,3,3,0.7185420393943787
5606,7,9,0.6579069495201111
5607,6,0,0.7273212671279907
5608,9,9,0.9824573397636414
5609,5,4,0.2693799138069153
5610,8,8,0.45173409581184387
5611,5,5,0.6752915978431702
5612,8,8,0.963764488697052
5613,5,5,0.45768100023269653
5614,8,8,0.8532072305679321
5615,5,2,0.598547101020813
5616,6,6,0.8643901348114014
5617,5,5,0.7894318103790283
5618,0,9,0.6643518805503845
5619,8,8,0.9623361229896545
5620,3,4,0.4209892451763153
5621,8,9,0.8468419313430786
5622,1,1,0.7557282447814941
5623,8,8,0.9981075525283813
5624,1,1,0.9106131792068481
5625,5,5,0.9466032981872559
5626,0,2,0.47158104181289673
5627,9,9,0.9127538800239563
5628,8,1,0.9244697690010071
5629,6,3,0.38581860065460205
5630,3,4,0.7048020958900452
5631,6,3,0.32166820764541626
5632,3,3,0.4214083254337311
5633,4,4,0.5268397927284241
5634,4,2,0.36183252930641174
5635,7,7,0.9854661226272583
5636,4,4,0.865849494934082
5637,7,7,0.8755103349685669
5638,4,4,0.627044141292572
5639,3,2,0.6115148663520813
5640,2,3,0.5310609340667725
5641,4,6,0.33701059222221375
5642,5,7,0.493907630443573
5643,5,5,0.6427209377288818
5644,7,7,0.3531744182109833
5645,5,3,0.35686784982681274
5646,4,8,0.9817666411399841
5647,5,3,0.7440558075904846
5648,8,4,0.25186899304389954
5649,0,0,0.7016122937202454
5650,5,3,0.4920828938484192
5651,4,4,0.6302279829978943
5652,0,0,0.9036515355110168
5653,5,5,0.8492224812507629
5654,4,4,0.7822513580322266
5655,3,5,0.6583297848701477
5656,3,2,0.33757469058036804
5657,2,1,0.4059634506702423
5658,4,4,0.5561659336090088
5659,2,5,0.34980952739715576
5660,9,9,0.8638504147529602
5661,4,7,0.9147627949714661
5662,8,8,0.35672345757484436
5663,8,8,0.8721046447753906
5664,6,6,0.7492281794548035
5665,2,0,0.8469695448875427
5666,6,6,0.9302133321762085
5667,1,1,0.8862954378128052
5668,7,7,0.9589903354644775
5669,0,0,0.7574071288108826
5670,4,7,0.424057275056839
5671,3,3,0.5446043014526367
5672,8,8,0.931933581829071
5673,5,5,0.599509596824646
5674,9,9,0.7268092036247253
5675,7,7,0.9312571287155151
5676,6,6,0.7893130779266357
5677,7,7,0.921866774559021
5678,1,4,0.2906956970691681
5679,0,0,0.6572003960609436
5680,2,0,0.3859797716140747
5681,3,5,0.461544394493103
5682,5,5,0.4142254889011383
5683,6,2,0.46816879510879517
5684,7,7,0.9468470215797424
5685,1,1,0.8593092560768127
5686,6,6,0.3321588635444641
5687,2,0,0.5504485368728638
5688,8,8,0.9549522399902344
5689,3,5,0.5187456011772156
5690,7,4,0.35660120844841003
5691,2,2,0.5208212733268738
5692,5,5,0.7239103317260742
5693,7,7,0.787492036819458
5694,5,5,0.8424880504608154
5695,7,7,0.9297569990158081
5696,7,7,0.9207019805908203
5697,1,1,0.8687373995780945
5698,7,5,0.6274727582931519
5699,4,4,0.9603279829025269
5700,3,7,0.36729884147644043
5701,3,3,0.5536165833473206
5702,4,4,0.7692188620567322
5703,0,0,0.5344588756561279
5704,4,4,0.8407110571861267
5705,2,2,0.8528240919113159
5706,7,7,0.9864196181297302
5707,0,0,0.7716898322105408
5708,2,5,0.42607736587524414
5709,2,3,0.39066004753112793
5710,6,6,0.3968964219093323
5711,6,6,0.7695661187171936
5712,2,4,0.6299872398376465
5713,5,5,0.6454088091850281
5714,2,2,0.5621244311332703
5715,6,6,0.6360719799995422
5716,0,0,0.9784416556358337
5717,6,8,0.16171611845493317
5718,1,1,0.8540496230125427
5719,2,5,0.3138701617717743
5720,9,9,0.9777075052261353
5721,0,0,0.8360520005226135
5722,0,0,0.5751828551292419
5723,1,1,0.8593913316726685
5724,5,5,0.6148759126663208
5725,5,5,0.46055710315704346
5726,1,1,0.9741031527519226
5727,6,6,0.5060840845108032
5728,7,7,0.916325569152832
5729,8,1,0.778664767742157
5730,5,1,0.32755184173583984
5731,6,6,0.9581298828125
5732,3,3,0.6528072357177734
5733,3,3,0.5607244372367859
5734,6,6,0.7148510217666626
5735,0,0,0.9445306658744812
5736,9,9,0.47579336166381836
5737,9,9,0.8722897171974182
5738,2,2,0.3744077682495117
5739,2,6,0.5754296183586121
5740,6,6,0.5691515207290649
5741,1,1,0.8366836905479431
5742,4,4,0.3790534436702728
5743,6,6,0.4158842861652374
5744,2,2,0.7346787452697754
5745,5,5,0.49292489886283875
5746,7,7,0.9793506264686584
5747,8,8,0.7299100756645203
5748,8,8,0.8624245524406433
5749,5,3,0.55679851770401
5750,6,6,0.4650925397872925
5751,4,4,0.5677151679992676
5752,3,1,0.41490408778190613
5753,2,3,0.4321395754814148
5754,3,5,0.739173412322998
5755,4,4,0.6081159710884094
5756,4,7,0.5356646180152893
5757,4,4,0.50601726770401
5758,8,8,0.5189726948738098
5759,9,9,0.732812225818634
5760,2,2,0.7281133532524109
5761,6,6,0.9981667995452881
5762,0,8,0.8054455518722534
5763,9,1,0.5205156207084656
5764,7,7,0.9977145195007324
5765,9,9,0.973042368888855
5766,8,8,0.980562150478363
5767,7,7,0.7328656315803528
5768,7,7,0.8570017218589783
5769,3,3,0.8088427186012268
5770,8,8,0.9527153372764587
5771,2,6,0.4510135352611542
5772,9,9,0.6352999210357666
5773,3,3,0.31717944145202637
5774,5,5,0.5210091471672058
5775,7,7,0.8782521486282349
5776,5,5,0.47231972217559814
5777,8,8,0.9693596959114075
5778,7,7,0.9976553916931152
5779,3,3,0.6696932315826416
5780,7,7,0.8538264036178589
5781,0,0,0.4985462427139282
5782,7,7,0.9604735374450684
5783,1,0,0.9025463461875916
5784,6,6,0.3799217641353607
5785,2,2,0.8868273496627808
5786,4,4,0.6373781561851501
5787,0,3,0.46815842390060425
5788,0,0,0.929997980594635
5789,2,2,0.4951034486293793
5790,9,9,0.438541978597641
5791,8,8,0.6404813528060913
5792,2,2,0.41372472047805786
5793,8,8,0.9178720712661743
5794,7,9,0.30420196056365967
5795,7,7,0.5274588465690613
5796,5,5,0.4727858304977417
5797,5,2,0.5233162641525269
5798,0,0,0.5448873043060303
5799,1,1,0.8606412410736084
5800,2,2,0.5043473839759827
5801,9,1,0.6405227184295654
5802,6,4,0.6642190217971802
5803,1,1,0.9239681363105774
5804,0,0,0.7350963354110718
5805,1,1,0.8773592114448547
5806,0,0,0.7428393363952637
5807,6,6,0.9277101755142212
5808,5,3,0.5320426821708679
5809,0,3,0.44295787811279297
5810,5,7,0.7039480209350586
5811,7,7,0.3921034336090088
5812,4,3,0.4986622929573059
5813,4,7,0.6049625277519226
5814,8,8,0.9147054553031921
5815,3,5,0.3482854962348938
5816,5,5,0.5242821574211121
5817,3,4,0.7062758207321167
5818,7,7,0.990511953830719
5819,2,0,0.48867568373680115
5820,5,5,0.6662845015525818
5821,8,4,0.4246903955936432
5822,3,3,0.2900623083114624
5823,5,5,0.9030269384384155
5824,7,9,0.8198032379150391
5825,3,2,0.3317870795726776
5826,7,7,0.5387983918190002
5827,0,0,0.9552716612815857
5828,5,5,0.98222416639328
5829,4,4,0.8996859788894653
5830,5,3,0.4557574987411499
5831,6,8,0.3337607681751251
5832,9,9,0.5823191404342651
5833,3,2,0.35313576459884644
5834,5,2,0.6148589253425598
5835,3,2,0.3374197483062744
5836,8,8,0.6220579147338867
5837,2,3,0.5384676456451416
5838,4,9,0.6165735125541687
5839,2,6,0.6746498942375183
5840,2,2,0.6147804856300354
5841,6,6,0.9285719990730286
5842,7,5,0.43223777413368225
5843,6,6,0.9571290016174316
5844,0,0,0.6107848882675171
5845,5,5,0.7897496819496155
5846,5,5,0.9063481092453003
5847,8,8,0.5429016351699829
5848,4,3,0.38931459188461304
5849,5,7,0.4803754985332489
5850,6,2,0.6821558475494385
5851,1,1,0.8773562908172607
5852,3,5,0.40084215998649597
5853,5,3,0.5409038662910461
5854,4,6,0.2894247770309448
5855,7,5,0.4265850782394409
5856,3,5,0.7160172462463379
5857,0,8,0.5329288840293884
5858,7,7,0.9899270534515381
5859,2,2,0.4987086057662964
5860,0,0,0.8704561591148376
5861,1,1,0.6838860511779785
5862,2,5,0.41554737091064453
5863,4,4,0.8548710942268372
5864,9,1,0.800101637840271
5865,6,4,0.3806075155735016
5866,4,4,0.9715954065322876
5867,5,5,0.6886511445045471
5868,9,8,0.5794981122016907
5869,7,3,0.3544396162033081
5870,7,7,0.7589071989059448
5871,6,5,0.3659743368625641
5872,7,4,0.4181261360645294
5873,4,4,0.7661603093147278
5874,3,3,0.5541509389877319
5875,1,1,0.993463397026062
5876,6,3,0.47583913803100586
5877,9,9,0.9893989562988281
5878,4,2,0.46643438935279846
5879,8,8,0.6544039845466614
5880,0,0,0.5493943095207214
5881,3,5,0.4590144157409668
5882,1,1,0.6493299007415771
5883,6,6,0.46642136573791504
5884,4,4,0.654281735420227
5885,4,4,0.8879228234291077
5886,2,2,0.4037143588066101
5887,1,1,0.886445164680481
5888,4,5,0.6378265023231506
5889,6,2,0.6651745438575745
5890,3,3,0.6993662714958191
5891,0,0,0.5815667510032654
5892,8,8,0.8892703056335449
5893,9,0,0.4501318335533142
5894,7,5,0.532799243927002
5895,6,6,0.935849130153656
5896,8,9,0.4336780309677124
5897,4,4,0.9375078082084656
5898,8,8,0.7665795087814331
5899,1,1,0.9916553497314453
5900,4,2,0.30209770798683167
5901,5,6,0.5683117508888245
5902,9,9,0.7824992537498474
5903,4,0,0.8338236808776855
5904,7,6,0.39464321732521057
5905,1,1,0.9493078589439392
5906,4,4,0.973556637763977
5907,5,5,0.4713771939277649
5908,3,7,0.6962041854858398
5909,1,9,0.8508092164993286
5910,2,3,0.33122608065605164
5911,6,6,0.9237313866615295
5912,4,4,0.5663202404975891
5913,7,7,0.9997890591621399
5914,1,1,0.5578874945640564
5915,5,3,0.34390905499458313
5916,9,1,0.5850778818130493
5917,3,4,0.7288072109222412
5918,1,1,0.6599549055099487
5919,4,0,0.8243832588195801
5920,8,8,0.9103991389274597
5921,7,7,0.7202324271202087
5922,7,7,0.9250160455703735
5923,0,1,0.9670823812484741
5924,4,5,0.4265778064727783
5925,3,5,0.5110411643981934
5926,4,4,0.485445111989975
5927,6,3,0.5634960532188416
5928,7,7,0.6662090420722961
5929,7,7,0.971653938293457
5930,5,2,0.30712637305259705
5931,4,5,0.3359242379665375
5932,4,2,0.39378589391708374
5933,4,4,0.9148044586181641
5934,3,7,0.6866063475608826
5935,6,6,0.9982782602310181
5936,6,6,0.975792407989502
5937,1,1,0.9681339859962463
5938,9,9,0.7821845412254333
5939,9,1,0.5071776509284973
5940,7,2,0.5630909204483032
5941,9,9,0.881020724773407
5942,4,4,0.9062446355819702
5943,3,7,0.6043612360954285
5944,2,2,0.4432355761528015
5945,9,7,0.5328506231307983
5946,8,8,0.5794123411178589
5947,5,5,0.9750325679779053
5948,0,0,0.8863055109977722
5949,6,6,0.9986642599105835
5950,9,0,0.910784125328064
5951,0,0,0.9944189786911011
5952,9,9,0.933229923248291
5953,7,5,0.6789902448654175
5954,8,8,0.6016902923583984
5955,5,0,0.6503974795341492
5956,4,2,0.3524864912033081
5957,4,4,0.4281071126461029
5958,9,9,0.6715239882469177
5959,4,8,0.3653146028518677
5960,2,2,0.4556882977485657
5961,6,6,0.6915472745895386
5962,6,9,0.42106640338897705
5963,9,9,0.8924102187156677
5964,9,9,0.5039178729057312
5965,7,7,0.9763387441635132
5966,9,9,0.9601120948791504
5967,9,9,0.9081945419311523
5968,0,0,0.39555469155311584
5969,5,2,0.7091740369796753
5970,1,1,0.947807788848877
5971,1,1,0.9880996346473694
5972,8,0,0.5841771364212036
5973,6,6,0.8011119365692139
5974,9,9,0.9610297679901123
5975,9,9,0.8071722388267517
5976,5,5,0.655659019947052
5977,6,6,0.931647777557373
5978,5,5,0.8851777911186218
5979,5,3,0.45581477880477905
5980,9,9,0.8421190977096558
5981,7,7,0.525032639503479
5982,9,9,0.8336501717567444
5983,4,4,0.483627051115036
5984,5,3,0.6361092329025269
5985,4,4,0.6385244131088257
5986,3,3,0.46124187111854553
5987,3,5,0.4036470055580139
5988,9,9,0.9988865256309509
5989,8,8,0.977480411529541
5990,8,8,0.6381664276123047
5991,3,2,0.3436048626899719
5992,4,7,0.7250462770462036
5993,8,8,0.9731584191322327
5994,4,7,0.3920222818851471
5995,0,0,0.7997496128082275
5996,4,2,0.6124230027198792
5997,0,0,0.7709373831748962
5998,7,7,0.9113327264785767
5999,2,2,0.3775327503681183
6000,8,8,0.34332841634750366
6001,0,0,0.6697831749916077
6002,2,2,0.8070319294929504
6003,0,0,0.9578770399093628
6004,7,7,0.7566882371902466
6005,4,4,0.43304118514060974
6006,0,0,0.40863895416259766
6007,6,6,0.9685800075531006
6008,3,2,0.7763128876686096
6009,3,3,0.311323881149292
6010,1,5,0.5441692471504211
6011,7,5,0.31564944982528687
6012,4,2,0.6973405480384827
6013,6,6,0.8558575510978699
6014,5,4,0.26379188895225525
6015,0,8,0.47578758001327515
6016,4,6,0.2961064577102661
6017,9,9,0.876085102558136
6018,5,5,0.5556149482727051
6019,6,6,0.9781070351600647
6020,6,6,0.4075034260749817
6021,3,5,0.378175288438797
6022,0,0,0.35658225417137146
6023,5,3,0.5849756598472595
6024,2,7,0.4038905203342438
6025,6,4,0.3607730269432068
6026,3,3,0.5668759346008301
6027,3,3,0.9271149039268494
6028,8,8,0.26517555117607117
6029,0,0,0.7142719030380249
6030,8,1,0.770101010799408
6031,5,5,0.5356765389442444
6032,4,4,0.8526535034179688
6033,2,2,0.7944527864456177
6034,9,9,0.9146974682807922
6035,5,5,0.28381669521331787
6036,0,0,0.986962080001831
6037,5,5,0.6752930879592896
6038,4,4,0.7280840277671814
6039,8,8,0.48111987113952637
6040,2,2,0.5367428064346313
6041,7,1,0.790120542049408
6042,6,6,0.5949594378471375
6043,5,5,0.8368867635726929
6044,7,4,0.5261973142623901
6045,8,8,0.9985522627830505
6046,2,2,0.47552019357681274
6047,0,0,0.9841609597206116
6048,1,1,0.9854926466941833
6049,8,8,0.9970417618751526
6050,2,4,0.5504748225212097
6051,4,4,0.5830980539321899
6052,8,8,0.9955564141273499
6053,4,4,0.5349007248878479
6054,3,4,0.5799996852874756
6055,0,8,0.7308804988861084
6056,4,4,0.5692870616912842
6057,0,0,0.5187668800354004
6058,1,1,0.968741774559021
6059,9,9,0.9624651074409485
6060,3,3,0.3800267279148102
6061,0,9,0.4271094799041748
6062,3,7,0.6340793371200562
6063,6,4,0.37740376591682434
6064,5,3,0.5439016819000244
6065,5,2,0.37220340967178345
6066,2,6,0.4618067443370819
6067,8,8,0.6898708343505859
6068,5,0,0.39773643016815186
6069,0,8,0.5927586555480957
6070,8,9,0.9127252697944641
6071,7,4,0.8036084175109863
6072,5,5,0.5763322114944458
6073,2,2,0.5672883987426758
6074,4,4,0.515023410320282
6075,3,6,0.7962472438812256
6076,7,7,0.6310935616493225
6077,0,0,0.535553514957428
6078,2,2,0.7520264983177185
6079,3,3,0.4343797564506531
6080,1,1,0.9797936081886292
6081,0,0,0.5218178033828735
6082,0,8,0.5356491804122925
6083,2,3,0.3117295205593109
6084,1,1,0.9795442223548889
6085,2,3,0.4984613358974457
6086,1,1,0.9059324264526367
6087,4,4,0.526802122592926
6088,6,6,0.9582479596138
6089,7,7,0.4673658311367035
6090,1,1,0.9357727766036987
6091,0,8,0.5012223720550537
6092,5,3,0.7926311492919922
6093,2,2,0.40784400701522827
6094,5,4,0.3815481960773468
6095,9,9,0.44122743606567383
6096,2,2,0.5063457489013672
6097,5,5,0.4899922311306
6098,6,6,0.8728619813919067
6099,7,7,0.8965778350830078
6100,1,1,0.9524410367012024
6101,9,0,0.42890194058418274
6102,3,4,0.597642719745636
6103,6,6,0.9298587441444397
6104,1,1,0.997869610786438
6105,0,0,0.9838081002235413
6106,2,2,0.9847429990768433
6107,9,9,0.9604960083961487
6108,4,4,0.45863527059555054
6109,2,2,0.9639797806739807
6110,9,9,0.9892928600311279
6111,3,2,0.3051484525203705
6112,8,8,0.4537566006183624
6113,2,5,0.6701015830039978
6114,9,9,0.7389514446258545
6115,8,8,0.9224578142166138
6116,5,5,0.6049610376358032
6117,1,1,0.9856314659118652
6118,0,0,0.7934274077415466
6119,1,1,0.996404767036438
6120,5,5,0.8806066513061523
6121,2,5,0.8588137030601501
6122,5,4,0.27725866436958313
6123,6,6,0.9873992204666138
6124,8,0,0.6771271228790283
6125,8,9,0.8416551947593689
6126,3,3,0.5570604205131531
6127,5,2,0.48749226331710815
6128,0,0,0.8910848498344421
6129,4,3,0.3711911737918854
6130,1,1,0.518513560295105
6131,3,6,0.4125065505504608
6132,7,7,0.5399226546287537
6133,0,0,0.4510903060436249
6134,3,4,0.4467312693595886
6135,3,3,0.3617231547832489
6136,9,7,0.2467290163040161
6137,2,2,0.7235373258590698
6138,3,2,0.7019761800765991
6139,9,9,0.8948569893836975
6140,9,9,0.983107328414917
6141,8,8,0.921406090259552
6142,5,3,0.45287734270095825
6143,9,9,0.8434136509895325
6144,7,5,0.45977455377578735
6145,2,3,0.882374107837677
6146,0,4,0.3378666937351227
6147,9,9,0.8855217099189758
6148,4,4,0.9621148109436035
6149,7,7,0.9766800403594971
6150,1,1,0.6091556549072266
6151,7,4,0.3044227659702301
6152,6,6,0.9428983926773071
6153,4,4,0.6786651611328125
6154,4,4,0.4083680510520935
6155,8,0,0.9096029996871948
6156,9,9,0.9822530746459961
6157,0,4,0.4979204833507538
6158,7,0,0.3506892919540405
6159,1,1,0.97661292552948
6160,2,2,0.5109909772872925
6161,4,6,0.40598732233047485
6162,0,7,0.25148719549179077
6163,3,3,0.4246599078178406
6164,7,4,0.43268752098083496
6165,5,3,0.5885790586471558
6166,1,8,0.3526449203491211
6167,9,7,0.20258766412734985
6168,3,5,0.42690202593803406
6169,5,3,0.2735957205295563
6170,2,2,0.720001757144928
6171,4,4,0.8558663725852966
6172,1,1,0.8215815424919128
6173,1,1,0.9964426159858704
6174,3,3,0.4052686393260956
6175,3,3,0.6390072107315063
6176,9,9,0.9057033658027649
6177,2,5,0.36334705352783203
6178,5,7,0.3817980885505676
6179,8,8,0.9377903938293457
6180,0,2,0.3920789957046509
6181,8,1,0.912619948387146
6182,1,1,0.9684820771217346
6183,5,5,0.6836608052253723
6184,1,1,0.9046704173088074
6185,5,5,0.36383920907974243
6186,9,9,0.9676548838615417
6187,0,0,0.47819724678993225
6188,9,9,0.5801246166229248
6189,2,2,0.8108267188072205
6190,4,4,0.8503020405769348
6191,0,0,0.6442084908485413
6192,6,6,0.8016282320022583
6193,9,9,0.9647436141967773
6194,1,8,0.6895509958267212
6195,1,7,0.4039616584777832
6196,3,3,0.5499380826950073
6197,4,3,0.4071457087993622
6198,9,9,0.9750539064407349
6199,5,5,0.8183537721633911
6200,3,3,0.6993182301521301
6201,3,3,0.37320494651794434
6202,3,2,0.5854051113128662
6203,3,3,0.5389010310173035
6204,4,7,0.8188431859016418
6205,1,1,0.9378027319908142
6206,5,3,0.6271026134490967
6207,9,9,0.9675633907318115
6208,8,8,0.8945322632789612
6209,7,7,0.8899795413017273
6210,4,3,0.5924571752548218
6211,8,8,0.9269328713417053
6212,7,7,0.9347667694091797
6213,3,2,0.5307426452636719
6214,5,5,0.6580578088760376
6215,2,0,0.3527405560016632
6216,5,5,0.6579038500785828
6217,8,8,0.9745327234268188
6218,9,6,0.7233560681343079
6219,7,7,0.9849062561988831
6220,2,5,0.6784436106681824
6221,0,0,0.8785240650177002
6222,0,0,0.9722497463226318
6223,7,7,0.9659251570701599
6224,5,5,0.954271137714386
6225,3,6,0.3912228047847748
6226,5,5,0.8321368098258972
6227,7,5,0.3371424674987793
6228,4,7,0.9736649990081787
6229,6,6,0.8962299823760986
6230,2,2,0.8329145312309265
6231,8,0,0.27270275354385376
6232,2,6,0.3593393564224243
6233,7,7,0.9980400204658508
6234,7,7,0.2673804461956024
6235,6,3,0.40664345026016235
6236,1,1,0.7210528254508972
6237,3,5,0.7609689235687256
6238,8,8,0.983386218547821
6239,6,6,0.8179059028625488
6240,2,2,0.5124765038490295
6241,0,0,0.46327143907546997
6242,4,0,0.6799952983856201
6243,4,4,0.42695900797843933
6244,8,8,0.45927685499191284
6245,6,6,0.38376981019973755
6246,4,4,0.9682190418243408
6247,0,0,0.577410876750946
6248,2,2,0.6956683397293091
6249,5,5,0.7181143760681152
6250,4,7,0.45193028450012207
6251,1,9,0.48863112926483154
6252,2,2,0.7335042953491211
6253,5,4,0.7905216813087463
6254,4,4,0.9034323692321777
6255,6,4,0.6059111952781677
6256,9,9,0.638914942741394
6257,5,5,0.716030478477478
6258,0,0,0.5724188089370728
6259,5,5,0.8483321070671082
6260,2,2,0.6141262054443359
6261,0,2,0.7960965633392334
6262,8,8,0.7599029541015625
6263,2,2,0.6158111691474915
6264,6,6,0.7362839579582214
6265,4,4,0.9738699197769165
6266,7,7,0.9974244832992554
6267,9,9,0.7189252972602844
6268,5,5,0.6008136868476868
6269,7,7,0.774619996547699
6270,2,6,0.8605402112007141
6271,6,4,0.3747096657752991
6272,2,5,0.6279918551445007
6273,1,1,0.3977088928222656
6274,9,9,0.9289238452911377
6275,9,9,0.6185373067855835
6276,7,7,0.7704523205757141
6277,2,4,0.4082103967666626
6278,5,5,0.660337507724762
6279,1,1,0.9834238290786743
6280,8,2,0.31764650344848633
6281,1,1,0.9306896328926086
6282,6,4,0.6197802424430847
6283,3,3,0.8321707248687744
6284,0,0,0.865968644618988
6285,8,0,0.499215692281723
6286,8,9,0.4317476749420166
6287,5,5,0.371031790971756
6288,6,6,0.9848201870918274
6289,9,9,0.6535355448722839
6290,9,1,0.44126176834106445
6291,9,9,0.9690784811973572
6292,6,2,0.6508634090423584
6293,3,3,0.6960928440093994
6294,0,0,0.7332088351249695
6295,8,8,0.9557621479034424
6296,8,8,0.9717956185340881
6297,5,5,0.9628713130950928
6298,3,5,0.5676836967468262
6299,3,3,0.302045613527298
6300,1,1,0.3434283435344696
6301,1,1,0.7217074036598206
6302,0,1,0.36130252480506897
6303,7,7,0.4104399085044861
6304,0,0,0.9569811820983887
6305,6,4,0.35057151317596436
6306,0,0,0.9645227789878845
6307,4,7,0.33241337537765503
6308,4,4,0.8808378577232361
6309,6,6,0.9934531450271606
6310,5,5,0.988544762134552
6311,3,8,0.38908150792121887
6312,2,2,0.5684493780136108
6313,9,9,0.9048629403114319
6314,6,6,0.9614061713218689
6315,6,1,0.39212894439697266
6316,7,7,0.500717282295227
6317,9,7,0.5011810064315796
6318,7,7,0.9473865032196045
6319,7,7,0.9282181262969971
6320,0,0,0.6816450357437134
6321,8,8,0.8798320889472961
6322,4,7,0.9742341637611389
6323,2,2,0.7825967073440552
6324,7,7,0.9885998964309692
6325,7,7,0.998127281665802
6326,7,4,0.5283402800559998
6327,4,4,0.7017989754676819
6328,0,0,0.9606243371963501
6329,1,1,0.5066678524017334
6330,6,6,0.8868779540061951
6331,0,0,0.9047371745109558
6332,5,5,0.4220098853111267
6333,3,3,0.9074933528900146
6334,0,2,0.5673390030860901
6335,2,2,0.4825173318386078
6336,4,4,0.9331169724464417
6337,9,9,0.9845677614212036
6338,7,5,0.7394383549690247
6339,3,3,0.5673784017562866
6340,3,6,0.5006131529808044
6341,2,2,0.4396677017211914
6342,8,8,0.7850834727287292
6343,8,8,0.9780811667442322
6344,5,3,0.5673128366470337
6345,3,3,0.3108197748661041
6346,8,8,0.9722633957862854
6347,0,0,0.8932388424873352
6348,8,8,0.9974585175514221
6349,0,8,0.43824347853660583
6350,0,0,0.9624233245849609
6351,0,0,0.9032833576202393
6352,2,2,0.6842175722122192
6353,2,4,0.3453430235385895
6354,7,7,0.48423564434051514
6355,0,0,0.6728153228759766
6356,7,7,0.3972509503364563
6357,7,4,0.5215966105461121
6358,7,7,0.5528439283370972
6359,2,3,0.3875385820865631
6360,2,2,0.6413794159889221
6361,0,8,0.5111480951309204
6362,4,4,0.9555773138999939
6363,0,0,0.9972975850105286
6364,3,3,0.2960040271282196
6365,7,7,0.7434049844741821
6366,8,8,0.6558642983436584
6367,4,4,0.4179772138595581
6368,7,7,0.9330520033836365
6369,9,9,0.4807066023349762
6370,6,3,0.7302106022834778
6371,1,1,0.8030170202255249
6372,1,1,0.7411426305770874
6373,6,6,0.8984178304672241
6374,9,9,0.9644873142242432
6375,3,4,0.4132119417190552
6376,8,0,0.6965923309326172
6377,9,9,0.9595025181770325
6378,5,5,0.5586729645729065
6379,8,1,0.6567781567573547
6380,3,5,0.40575262904167175
6381,9,1,0.8724169135093689
6382,4,3,0.49267879128456116
6383,3,5,0.39793282747268677
6384,7,7,0.9262205362319946
6385,5,5,0.37123388051986694
6386,5,2,0.36313262581825256
6387,2,4,0.46789783239364624
6388,7,7,0.6114668250083923
6389,5,5,0.7486375570297241
6390,7,7,0.9982859492301941
6391,9,9,0.9811621904373169
6392,6,3,0.5809170603752136
6393,3,2,0.8048979043960571
6394,0,9,0.6517516374588013
6395,8,8,0.8563790321350098
6396,4,6,0.6553486585617065
6397,5,5,0.8117724657058716
6398,6,4,0.4966384470462799
6399,1,1,0.9123863577842712
6400,0,8,0.5516535043716431
6401,4,7,0.3851415514945984
6402,8,8,0.4175008237361908
6403,4,4,0.827670693397522
6404,7,7,0.9761248230934143
6405,1,9,0.31423690915107727
6406,3,9,0.42956891655921936
6407,2,2,0.5400065779685974
6408,0,0,0.963745653629303
6409,9,9,0.8568183183670044
6410,1,1,0.9817839860916138
6411,8,3,0.34491774439811707
6412,8,9,0.5017572641372681
6413,6,6,0.5640846490859985
6414,8,4,0.2438458353281021
6415,1,9,0.78253573179245
6416,7,7,0.9861230850219727
6417,1,1,0.8802452683448792
6418,0,0,0.6128212213516235
6419,9,1,0.44958433508872986
6420,7,7,0.5396935343742371
6421,6,6,0.3621177673339844
6422,4,5,0.43486547470092773
6423,5,4,0.7713029384613037
6424,8,0,0.8518773317337036
6425,2,2,0.6321840286254883
6426,1,1,0.9797598719596863
6427,2,2,0.9705528020858765
6428,5,6,0.4597945809364319
6429,8,6,0.5815723538398743
6430,1,1,0.583215594291687
6431,1,0,0.5252919793128967
6432,8,8,0.6200224757194519
6433,8,8,0.6718207001686096
6434,0,8,0.9602458477020264
6435,9,9,0.9192245602607727
6436,0,8,0.6974397301673889
6437,0,0,0.8666477799415588
6438,4,4,0.9326727390289307
6439,3,4,0.8501216173171997
6440,3,1,0.290234237909317
6441,5,3,0.5483586192131042
6442,6,6,0.5111857056617737
6443,6,6,0.9506794214248657
6444,3,3,0.661919116973877
6445,1,1,0.7475500702857971
6446,4,4,0.5858093500137329
6447,4,7,0.6065749526023865
6448,7,7,0.9288540482521057
6449,8,8,0.9212365746498108
6450,0,0,0.4808194041252136
6451,1,1,0.6511362791061401
6452,4,2,0.35822123289108276
6453,8,1,0.7087313532829285
6454,4,7,0.6400715708732605
6455,6,6,0.6121542453765869
6456,2,2,0.91371089220047
6457,2,2,0.6772578358650208
6458,2,2,0.7985511422157288
6459,6,6,0.9110093712806702
6460,3,4,0.21322284638881683
6461,4,4,0.5193570256233215
6462,0,0,0.8594422936439514
6463,8,8,0.7825194597244263
6464,1,1,0.8741995096206665
6465,3,5,0.34508979320526123
6466,8,3,0.27112704515457153
6467,3,3,0.5538129210472107
6468,8,8,0.9992934465408325
6469,9,0,0.34847381711006165
6470,1,1,0.781060516834259
6471,6,6,0.9350375533103943
6472,1,1,0.8096324801445007
6473,9,9,0.6195958256721497
6474,8,8,0.5544432401657104
6475,2,3,0.8170130252838135
6476,0,0,0.8616499900817871
6477,4,7,0.3364025354385376
6478,7,7,0.9344924688339233
6479,4,4,0.6129327416419983
6480,0,0,0.9064404964447021
6481,0,4,0.3752177655696869
6482,7,7,0.8322651982307434
6483,6,6,0.8402460217475891
6484,8,8,0.9653177261352539
6485,9,9,0.36168038845062256
6486,8,1,0.438701331615448
6487,6,6,0.9702258706092834
6488,2,7,0.45888957381248474
6489,8,8,0.8994751572608948
6490,8,1,0.3367099165916443
6491,0,8,0.47779834270477295
6492,1,1,0.4132309854030609
6493,1,1,0.46077221632003784
6494,0,0,0.3996240794658661
6495,7,7,0.942169725894928
6496,7,7,0.6159809827804565
6497,4,4,0.736860454082489
6498,4,6,0.8526151776313782
6499,7,7,0.8571697473526001
6500,7,6,0.6071202158927917
6501,2,7,0.31860417127609253
6502,6,3,0.5091123580932617
6503,6,6,0.6712542772293091
6504,7,7,0.521037220954895
6505,4,4,0.4070931077003479
6506,5,5,0.6775185465812683
6507,4,2,0.3863343298435211
6508,0,0,0.999504566192627
6509,9,9,0.8200284242630005
6510,4,9,0.7602866888046265
6511,7,7,0.7174502015113831
6512,2,2,0.4162554144859314
6513,5,7,0.9083160161972046
6514,3,2,0.3737652599811554
6515,2,5,0.3079134523868561
6516,2,2,0.8202511668205261
6517,7,7,0.7376571297645569
6518,6,6,0.9476924538612366
6519,2,2,0.7344217300415039
6520,6,6,0.5587301850318909
6521,4,4,0.843292236328125
6522,9,1,0.6250592470169067
6523,6,6,0.48169296979904175
6524,8,8,0.8249297738075256
6525,3,9,0.5251822471618652
6526,8,8,0.8894693851470947
6527,5,5,0.7922825813293457
6528,5,7,0.7994101643562317
6529,2,2,0.6995986104011536
6530,3,5,0.6685338020324707
6531,4,4,0.7140612602233887
6532,5,5,0.8381648659706116
6533,2,3,0.7956221103668213
6534,7,7,0.9958829879760742
6535,5,7,0.6095894575119019
6536,1,1,0.9595776796340942
6537,5,8,0.8783696293830872
6538,3,3,0.5631428360939026
6539,7,7,0.9852663278579712
6540,8,8,0.9666124582290649
6541,8,8,0.5340905785560608
6542,9,9,0.40351757407188416
6543,6,3,0.5159462690353394
6544,0,8,0.6861748695373535
6545,9,0,0.736791729927063
6546,2,2,0.9473050832748413
6547,6,6,0.9445408582687378
6548,0,0,0.919792115688324
6549,0,8,0.48482662439346313
6550,1,1,0.9344154596328735
6551,4,4,0.557285487651825
6552,1,1,0.8132154941558838
6553,3,3,0.48875707387924194
6554,5,5,0.4652217626571655
6555,1,1,0.9031848311424255
6556,8,8,0.8753605484962463
6557,9,9,0.8116531372070312
6558,6,6,0.931006908416748
6559,2,4,0.6744096279144287
6560,6,6,0.8972398638725281
6561,9,1,0.6917293071746826
6562,5,5,0.7032328248023987
6563,6,6,0.6139667630195618
6564,5,3,0.5682058930397034
6565,9,9,0.9026002883911133
6566,1,9,0.6552687883377075
6567,4,4,0.4903867542743683
6568,2,2,0.7206124067306519
6569,8,8,0.7176918983459473
6570,9,9,0.34331414103507996
6571,5,7,0.5050085783004761
6572,4,4,0.8309174180030823
6573,7,5,0.4694048762321472
6574,0,0,0.5415370464324951
6575,3,5,0.48790162801742554
6576,7,5,0.46463948488235474
6577,1,3,0.27897030115127563
6578,6,6,0.8954452276229858
6579,9,9,0.9550192952156067
6580,1,2,0.6603266596794128
6581,1,9,0.8831287026405334
6582,4,4,0.6609079837799072
6583,0,0,0.9554209113121033
6584,5,5,0.5529516339302063
6585,1,1,0.9908902049064636
6586,6,6,0.9862356781959534
6587,3,3,0.582466721534729
6588,0,8,0.7187478542327881
6589,2,2,0.6832032203674316
6590,5,5,0.4817049205303192
6591,5,5,0.5195571184158325
6592,5,5,0.9017865657806396
6593,2,2,0.3868861198425293
6594,8,0,0.47509506344795227
6595,2,2,0.3740958273410797
6596,3,5,0.7412866353988647
6597,1,1,0.9073183536529541
6598,6,9,0.49271368980407715
6599,2,4,0.5712120532989502
6600,7,7,0.9991476535797119
6601,0,0,0.7943881154060364
6602,8,8,0.9523268342018127
6603,9,9,0.5615264773368835
6604,2,5,0.5367581844329834
6605,6,6,0.32262396812438965
6606,4,3,0.7016838192939758
6607,7,7,0.846289873123169
6608,5,2,0.4721719026565552
6609,5,5,0.44713038206100464
6610,8,8,0.9617924094200134
6611,8,8,0.9875819683074951
6612,7,5,0.46748751401901245
6613,8,1,0.52395099401474
6614,5,5,0.5423519015312195
6615,7,7,0.7862610816955566
6616,4,7,0.7100947499275208
6617,4,4,0.4147908091545105
6618,0,0,0.9393323659896851
6619,0,0,0.36968356370925903
6620,7,7,0.6580768823623657
6621,0,0,0.6110608577728271
6622,4,4,0.954021692276001
6623,0,0,0.6112397313117981
6624,4,4,0.4333362579345703
6625,4,7,0.28723621368408203
6626,2,3,0.26131805777549744
6627,5,6,0.44445890188217163
6628,4,4,0.5296931266784668
6629,0,8,0.36314794421195984
6630,7,7,0.8193340301513672
6631,7,2,0.3936375677585602
6632,7,7,0.43474116921424866
6633,0,0,0.7835041284561157
6634,4,4,0.8040600419044495
6635,6,3,0.7557594776153564
6636,2,4,0.4116046130657196
6637,9,9,0.8117223381996155
6638,1,1,0.8750569820404053
6639,1,9,0.4950801432132721
6640,5,5,0.2896472215652466
6641,0,0,0.3343167006969452
6642,9,9,0.374320924282074
6643,1,1,0.8418745398521423
6644,0,0,0.6399363875389099
6645,6,6,0.6290931701660156
6646,5,5,0.5115891098976135
6647,3,3,0.5596352219581604
6648,0,0,0.6818933486938477
6649,9,9,0.9159749150276184
6650,0,0,0.7687295079231262
6651,6,6,0.5044100880622864
6652,2,2,0.588502049446106
6653,0,0,0.46450549364089966
6654,4,4,0.42888543009757996
6655,1,1,0.9178990721702576
6656,6,5,0.5891472697257996
6657,7,7,0.6791952848434448
6658,6,3,0.6736907362937927
6659,1,1,0.821179986000061
6660,0,0,0.6778319478034973
6661,4,4,0.83404541015625
6662,6,6,0.5291953682899475
6663,0,0,0.9745702743530273
6664,4,4,0.7175958752632141
6665,4,5,0.5886324048042297
6666,2,4,0.8551106452941895
6667,7,7,0.884675145149231
6668,6,6,0.9825754165649414
6669,5,4,0.6288703680038452
6670,3,3,0.4367488920688629
6671,5,6,0.31418293714523315
6672,9,9,0.8720254302024841
6673,4,2,0.4536918103694916
6674,5,5,0.8148903250694275
6675,2,2,0.37042325735092163
6676,0,0,0.6853988170623779
6677,5,6,0.5688306093215942
6678,7,2,0.320688396692276
6679,2,4,0.4781321585178375
6680,3,3,0.4396084249019623
6681,9,7,0.24015551805496216
6682,4,4,0.9842419028282166
6683,5,5,0.8113160729408264
6684,8,8,0.9884385466575623
6685,1,1,0.3311481773853302
6686,9,9,0.8748655319213867
6687,3,2,0.336071252822876
6688,1,5,0.2412383109331131
6689,8,9,0.3815416991710663
6690,5,5,0.39087578654289246
6691,8,8,0.8305750489234924
6692,6,6,0.9957309365272522
6693,6,1,0.4191097915172577
6694,3,7,0.3377743065357208
6695,4,4,0.3996262550354004
6696,0,0,0.5104318857192993
6697,2,2,0.7313927412033081
6698,3,3,0.42104271054267883
6699,2,2,0.7977186441421509
6700,6,0,0.41493991017341614
6701,1,1,0.9869610071182251
6702,8,8,0.9555028676986694
6703,2,6,0.6502957940101624
6704,1,9,0.9637687802314758
6705,3,4,0.5295178294181824
6706,6,3,0.4591604471206665
6707,2,2,0.5546658635139465
6708,2,2,0.8556260466575623
6709,3,5,0.4401242434978485
6710,3,3,0.3411591649055481
6711,5,5,0.9146866798400879
6712,0,0,0.7873994708061218
6713,2,7,0.29455962777137756
6714,1,1,0.48815324902534485
6715,2,0,0.3886483609676361
6716,8,8,0.4300045669078827
6717,0,0,0.9767829179763794
6718,8,8,0.9373357892036438
6719,2,9,0.3190716803073883
6720,2,2,0.776387095451355
6721,7,7,0.915155291557312
6722,3,3,0.5144655704498291
6723,5,7,0.8399137258529663
6724,9,9,0.9787425994873047
6725,8,8,0.8436582684516907
6726,3,2,0.3953820765018463
6727,6,6,0.8878069519996643
6728,1,1,0.9967553019523621
6729,0,2,0.5953716039657593
6730,8,8,0.7438145279884338
6731,6,6,0.9941898584365845
6732,3,3,0.43841874599456787
6733,5,5,0.8173990249633789
6734,8,4,0.3930192291736603
6735,9,9,0.6546101570129395
6736,4,3,0.3486977517604828
6737,8,0,0.2972795069217682
6738,0,0,0.9860230684280396
6739,0,0,0.2762587368488312
6740,2,2,0.6399355530738831
6741,9,1,0.4603149890899658
6742,1,1,0.9881255626678467
6743,8,8,0.9720256924629211
6744,3,3,0.47930940985679626
6745,7,7,0.4931751787662506
6746,2,5,0.47947752475738525
6747,8,8,0.9283797144889832
6748,0,2,0.48853999376296997
6749,9,9,0.9597800374031067
6750,4,6,0.45267820358276367
6751,8,8,0.9500285983085632
6752,9,9,0.6210760474205017
6753,4,6,0.9385337233543396
6754,8,8,0.7367697358131409
6755,9,7,0.7368384003639221
6756,5,7,0.35710686445236206
6757,4,4,0.8009634017944336
6758,8,8,0.9341350197792053
6759,1,9,0.8604432940483093
6760,5,5,0.8902817964553833
6761,5,7,0.4609396159648895
6762,7,7,0.42820194363594055
6763,2,4,0.39932355284690857
6764,5,5,0.740382969379425
6765,8,8,0.6726536154747009
6766,8,8,0.7828384637832642
6767,1,1,0.9467763304710388
6768,2,2,0.6975720524787903
6769,3,3,0.6380298733711243
6770,1,1,0.9890128374099731
6771,5,3,0.5200499892234802
6772,0,9,0.6211533546447754
6773,2,2,0.5552929639816284
6774,3,3,0.3336423933506012
6775,0,0,0.975526750087738
6776,8,8,0.9631242752075195
6777,2,4,0.7550734281539917
6778,2,2,0.5845107436180115
6779,8,1,0.504625141620636
6780,7,7,0.9830347299575806
6781,3,4,0.29076600074768066
6782,5,2,0.3698626160621643
6783,3,4,0.6319923400878906
6784,9,9,0.9607371091842651
6785,6,6,0.6063782572746277
6786,3,3,0.6447411775588989
6787,5,5,0.772475004196167
6788,1,1,0.9972339272499084
6789,1,1,0.9543367028236389
6790,7,5,0.7526236176490784
6791,7,7,0.9065547585487366
6792,3,9,0.4071929156780243
6793,3,5,0.47771528363227844
6794,8,8,0.9199432134628296
6795,9,1,0.3317863643169403
6796,6,5,0.2849196493625641
6797,0,0,0.9958035349845886
6798,8,8,0.981589138507843
6799,0,9,0.6116539835929871
6800,6,4,0.689392626285553
6801,6,6,0.9506782293319702
6802,4,4,0.8848721385002136
6803,6,6,0.5664599537849426
6804,9,0,0.20884735882282257
6805,1,1,0.9812794923782349
6806,1,1,0.9730696678161621
6807,7,7,0.9068177342414856
6808,0,0,0.8435751795768738
6809,6,6,0.6710261106491089
6810,8,8,0.9396230578422546
6811,9,9,0.9722344279289246
6812,0,0,0.5306663513183594
6813,6,6,0.7006908655166626
6814,9,1,0.5997514128684998
6815,0,0,0.7705960273742676
6816,1,1,0.929551899433136
6817,1,1,0.6277905702590942
6818,7,7,0.9762575030326843
6819,2,2,0.752630889415741
6820,1,1,0.9772900342941284
6821,0,2,0.4029296934604645
6822,4,2,0.7054849863052368
6823,5,5,0.9315090775489807
6824,0,2,0.5310691595077515
6825,3,3,0.4540042281150818
6826,6,6,0.9440176486968994
6827,3,2,0.7052682042121887
6828,3,3,0.7327298521995544
6829,8,8,0.9919058084487915
6830,1,1,0.9270899295806885
6831,8,8,0.8844146132469177
6832,1,9,0.951325535774231
6833,3,3,0.8295289278030396
6834,1,1,0.893969714641571
6835,5,5,0.7713260650634766
6836,4,7,0.6482471823692322
6837,5,5,0.4695397913455963
6838,1,1,0.8716899752616882
6839,8,2,0.2918003499507904
6840,9,9,0.8728317618370056
6841,1,1,0.6696855425834656
6842,3,3,0.2746448516845703
6843,1,1,0.8631327748298645
6844,7,7,0.9945743680000305
6845,2,4,0.45198965072631836
6846,9,9,0.8896141052246094
6847,8,8,0.9484484195709229
6848,9,8,0.3839699625968933
6849,4,5,0.2646731436252594
6850,6,6,0.5710537433624268
6851,0,8,0.7821195721626282
6852,9,7,0.7703588604927063
6853,4,5,0.6999432444572449
6854,0,0,0.5455244779586792
6855,4,5,0.28356102108955383
6856,6,3,0.4299539029598236
6857,2,3,0.5749471783638
6858,1,1,0.5798957347869873
6859,3,2,0.3926806151866913
6860,0,2,0.5297463536262512
6861,8,0,0.5165974497795105
6862,5,6,0.5359673500061035
6863,6,6,0.9100088477134705
6864,0,8,0.39668360352516174
6865,3,4,0.3797928988933563
6866,4,6,0.9238495230674744
6867,6,6,0.8893546462059021
6868,9,1,0.6369785666465759
6869,5,1,0.3568688929080963
6870,7,7,0.7395040392875671
6871,9,5,0.3030974864959717
6872,0,3,0.44006118178367615
6873,3,4,0.5091084837913513
6874,6,6,0.4242399334907532
6875,5,5,0.746887743473053
6876,7,3,0.3216690719127655
6877,0,8,0.7406758666038513
6878,5,5,0.5719360113143921
6879,1,1,0.49419015645980835
6880,2,3,0.38584935665130615
6881,2,4,0.2471877485513687
6882,9,9,0.5179537534713745
6883,7,3,0.31709206104278564
6884,0,0,0.9561749696731567
6885,0,0,0.31786224246025085
6886,1,1,0.9601463079452515
6887,4,6,0.5269448757171631
6888,4,4,0.8049100041389465
6889,5,5,0.31664925813674927
6890,5,5,0.8397790789604187
6891,9,9,0.6926471590995789
6892,6,6,0.7704293131828308
6893,3,3,0.6481766700744629
6894,6,6,0.9101552367210388
6895,2,2,0.2919991910457611
6896,6,4,0.3743950128555298
6897,9,9,0.69513338804245
6898,3,5,0.8179184198379517
6899,2,5,0.4862005114555359
6900,3,5,0.3863692879676819
6901,2,0,0.28154662251472473
6902,4,4,0.70065838098526
6903,9,9,0.7854461669921875
6904,5,0,0.6795657873153687
6905,2,4,0.6466952562332153
6906,1,1,0.9258521199226379
6907,6,6,0.8708075284957886
6908,6,4,0.43982794880867004
6909,4,2,0.563992440700531
6910,7,7,0.984162449836731
6911,6,6,0.9401143193244934
6912,3,7,0.5075581669807434
6913,3,3,0.4202748239040375
6914,8,2,0.2675635516643524
6915,1,1,0.8405121564865112
6916,4,3,0.6985824108123779
6917,6,6,0.58041912317276
6918,4,4,0.9139273166656494
6919,4,2,0.4542537033557892
6920,5,4,0.6425133347511292
6921,6,6,0.9849711060523987
6922,2,6,0.7827339768409729
6923,0,0,0.8944563865661621
6924,5,5,0.5051827430725098
6925,2,3,0.3609040379524231
6926,7,0,0.2578296959400177
6927,5,5,0.6723969578742981
6928,2,2,0.5145347118377686
6929,5,5,0.7479237914085388
6930,2,0,0.9914509654045105
6931,5,5,0.5602262616157532
6932,9,9,0.6879169940948486
6933,0,3,0.4331687390804291
6934,6,4,0.500430703163147
6935,7,7,0.9021347165107727
6936,9,9,0.3155094087123871
6937,8,8,0.7317228317260742
6938,3,3,0.5589709877967834
6939,2,2,0.9749495387077332
6940,1,1,0.9482432007789612
6941,4,4,0.27401888370513916
6942,3,3,0.31578418612480164
6943,4,4,0.7795019745826721
6944,5,7,0.37849122285842896
6945,5,5,0.5358732342720032
6946,6,6,0.7133911848068237
6947,8,0,0.6386349201202393
6948,6,5,0.3143846094608307
6949,0,0,0.46195146441459656
6950,8,0,0.8768328428268433
6951,9,9,0.4122602343559265
6952,8,8,0.4124695956707001
6953,0,0,0.40711531043052673
6954,7,9,0.3574169874191284
6955,7,7,0.8338273763656616
6956,6,6,0.9991378784179688
6957,6,6,0.5622122883796692
6958,7,3,0.6326681971549988
6959,5,4,0.5878098607063293
6960,9,9,0.409895658493042
6961,8,1,0.34997475147247314
6962,7,5,0.5398809313774109
6963,9,9,0.8480014204978943
6964,5,5,0.5956342816352844
6965,6,6,0.4286886155605316
6966,0,0,0.49119704961776733
6967,4,3,0.6526151299476624
6968,8,9,0.5770710706710815
6969,2,2,0.3800285756587982
6970,0,3,0.5143157839775085
6971,9,9,0.9291905760765076
6972,1,1,0.9440780878067017
6973,3,5,0.7636532783508301
6974,9,1,0.7814008593559265
6975,8,1,0.9573193788528442
6976,3,0,0.9543851017951965
6977,7,3,0.3524094521999359
6978,4,4,0.7342169880867004
6979,5,4,0.9122558832168579
6980,0,0,0.8461061716079712
6981,2,2,0.8925679326057434
6982,1,1,0.7988162040710449
6983,9,9,0.593926727771759
6984,1,1,0.8592085838317871
6985,0,8,0.4611590802669525
6986,5,5,0.4055934250354767
6987,8,8,0.8851897716522217
6988,4,4,0.4738437235355377
6989,7,4,0.6328787803649902
6990,3,3,0.7861568331718445
6991,1,1,0.9814444780349731
6992,4,4,0.2719458341598511
6993,5,3,0.9009755849838257
6994,3,4,0.703233540058136
6995,1,9,0.5317051410675049
6996,0,0,0.8598461151123047
6997,8,6,0.3950206935405731
6998,8,8,0.7359721660614014
6999,8,0,0.35708287358283997
7000,2,8,0.2784019708633423
7001,1,1,0.9538200497627258
7002,3,6,0.5113214254379272
7003,7,7,0.4106278419494629
7004,3,0,0.49199748039245605
7005,1,9,0.4497728943824768
7006,6,6,0.943527340888977
7007,9,1,0.511010468006134
7008,1,1,0.9708004593849182
7009,6,3,0.6713862419128418
7010,0,0,0.9214099049568176
7011,7,7,0.8111928701400757
7012,7,7,0.9141942262649536
7013,1,1,0.98827064037323
7014,3,3,0.5290817022323608
7015,3,3,0.585210919380188
7016,3,5,0.6002582311630249
7017,1,0,0.4397312104701996
7018,0,0,0.8777511715888977
7019,2,4,0.6195299625396729
7020,7,9,0.5584606528282166
7021,1,1,0.6948875784873962
7022,2,2,0.5033940672874451
7023,2,3,0.4329340159893036
7024,9,9,0.8577723503112793
7025,6,6,0.9859012961387634
7026,3,9,0.25704455375671387
7027,5,2,0.39320704340934753
7028,9,9,0.49415504932403564
7029,4,7,0.561514139175415
7030,8,4,0.6583556532859802
7031,0,0,0.6990715861320496
7032,4,4,0.5756449699401855
7033,8,8,0.9150561690330505
7034,0,0,0.7796802520751953
7035,1,9,0.47106727957725525
7036,3,3,0.6016467213630676
7037,7,3,0.3360929787158966
7038,0,0,0.6387885808944702
7039,4,4,0.7065845727920532
7040,7,4,0.3657211661338806
7041,4,0,0.7344351410865784
7042,8,8,0.8645432591438293
7043,6,6,0.9941902160644531
7044,4,0,0.20112915337085724
7045,3,3,0.44488832354545593
7046,9,9,0.41723963618278503
7047,8,8,0.976187527179718
7048,2,4,0.2740182876586914
7049,2,2,0.9182325601577759
7050,8,0,0.4187889099121094
7051,3,3,0.4037744402885437
7052,1,1,0.9955130219459534
7053,1,1,0.9853001236915588
7054,2,0,0.5342465043067932
7055,8,8,0.612486720085144
7056,2,2,0.6664780974388123
7057,6,6,0.9780898094177246
7058,9,9,0.9945933222770691
7059,4,6,0.673025906085968
7060,8,8,0.8509896397590637
7061,4,7,0.42723503708839417
7062,4,6,0.4947965145111084
7063,1,1,0.6506921648979187
7064,5,5,0.7751679420471191
7065,2,2,0.485164076089859
7066,6,3,0.36301735043525696
7067,9,9,0.7136827111244202
7068,2,0,0.8895302414894104
7069,0,0,0.9720112681388855
7070,7,4,0.5633903741836548
7071,1,1,0.9916406869888306
7072,8,8,0.72580486536026
7073,9,9,0.9736779928207397
7074,3,5,0.5606757402420044
7075,9,9,0.8127446174621582
7076,9,9,0.9334152936935425
7077,0,0,0.947027325630188
7078,7,7,0.9981885552406311
7079,7,7,0.9982892870903015
7080,5,2,0.5168728232383728
7081,4,4,0.27267488837242126
7082,2,2,0.6850910186767578
7083,6,3,0.36245328187942505
7084,4,4,0.5947081446647644
7085,5,2,0.23226316273212433
7086,7,7,0.9939098358154297
7087,7,4,0.34905585646629333
7088,8,8,0.6654820442199707
7089,7,7,0.9129867553710938
7090,2,5,0.5790354609489441
7091,6,6,0.6315916776657104
7092,2,2,0.8487833142280579
7093,2,2,0.5498775243759155
7094,4,4,0.9193956255912781
7095,4,2,0.5125693678855896
7096,0,0,0.8933834433555603
7097,7,5,0.3589385449886322
7098,1,1,0.9984264373779297
7099,3,5,0.5340344309806824
7100,9,3,0.2771413326263428
7101,6,6,0.9712855815887451
7102,0,0,0.9007765650749207
7103,0,8,0.5113856196403503
7104,2,5,0.2770625352859497
7105,3,3,0.5204458832740784
7106,8,8,0.7476997375488281
7107,2,4,0.6775216460227966
7108,2,5,0.5184245109558105
7109,4,4,0.782426655292511
7110,3,3,0.47560203075408936
7111,5,5,0.9522756934165955
7112,2,0,0.9695976376533508
7113,9,9,0.8502717018127441
7114,1,1,0.9827423095703125
7115,0,0,0.8636668920516968
7116,0,0,0.8918759822845459
7117,6,1,0.6546680927276611
7118,5,5,0.9807640314102173
7119,5,9,0.35488227009773254
7120,7,7,0.8337839841842651
7121,9,9,0.8214953541755676
7122,9,9,0.9981928467750549
7123,6,6,0.9031041264533997
7124,5,5,0.3671598732471466
7125,5,5,0.3462671637535095
7126,0,8,0.9306435585021973
7127,5,8,0.5822940468788147
7128,7,5,0.5256189703941345
7129,1,1,0.9692755937576294
7130,6,6,0.9213240146636963
7131,6,6,0.6060271263122559
7132,4,4,0.6229802966117859
7133,1,1,0.6510047316551208
7134,4,6,0.759546160697937
7135,4,4,0.8952825665473938
7136,1,9,0.6749591827392578
7137,5,5,0.8687704205513
7138,0,0,0.7429935336112976
7139,0,0,0.7237282991409302
7140,4,4,0.6737700700759888
7141,5,2,0.3119473457336426
7142,8,8,0.9485825896263123
7143,4,2,0.45653122663497925
7144,8,8,0.9822832942008972
7145,3,5,0.6607608199119568
7146,0,0,0.7002286314964294
7147,5,5,0.6682753562927246
7148,0,0,0.4688553512096405
7149,5,6,0.36118847131729126
7150,3,6,0.5807448029518127
7151,1,8,0.6256058812141418
7152,6,5,0.41991257667541504
7153,7,7,0.8509950637817383
7154,0,0,0.5572628974914551
7155,9,9,0.6439211368560791
7156,1,1,0.9678843021392822
7157,5,5,0.8055378794670105
7158,7,7,0.9958523511886597
7159,6,6,0.7277706265449524
7160,5,5,0.4694674015045166
7161,5,7,0.3907604515552521
7162,5,3,0.44297295808792114
7163,6,6,0.9762560725212097
7164,0,0,0.9772809147834778
7165,0,0,0.8964115977287292
7166,1,1,0.9899083375930786
7167,7,7,0.9961637258529663
7168,5,3,0.5985139012336731
7169,1,1,0.7322268486022949
7170,9,9,0.5886760354042053
7171,2,2,0.4788079559803009
7172,4,6,0.4793684184551239
7173,1,3,0.4867308735847473
7174,3,3,0.4100922644138336
7175,7,7,0.8679229617118835
7176,8,8,0.7376209497451782
7177,2,0,0.4696148931980133
7178,0,8,0.6958014369010925
7179,9,9,0.7253978252410889
7180,6,6,0.9732740521430969
7181,6,2,0.33772650361061096
7182,0,8,0.9489575028419495
7183,6,6,0.4480137825012207
7184,5,5,0.4627247452735901
7185,8,8,0.8998486995697021
7186,2,8,0.30155619978904724
7187,7,7,0.5379369854927063
7188,4,4,0.6374292373657227
7189,0,8,0.6580305695533752
7190,2,2,0.8959923386573792
7191,7,7,0.6249598264694214
7192,7,7,0.9618504047393799
7193,8,8,0.9164634346961975
7194,8,8,0.9809677004814148
7195,7,5,0.3715043067932129
7196,0,0,0.9976869821548462
7197,4,3,0.5751732587814331
7198,9,9,0.9444688558578491
7199,1,1,0.577738881111145
7200,4,6,0.5184190273284912
7201,4,8,0.270262748003006
7202,3,7,0.3763183057308197
7203,5,7,0.748782217502594
7204,4,4,0.5619828701019287
7205,6,6,0.7593719363212585
7206,2,2,0.8458514213562012
7207,3,3,0.5860772728919983
7208,1,1,0.9353119730949402
7209,0,0,0.919520914554596
7210,3,3,0.4095526337623596
7211,3,9,0.8346458673477173
7212,3,3,0.47814738750457764
7213,6,7,0.40903186798095703
7214,3,5,0.9064953923225403
7215,1,1,0.9887007474899292
7216,2,2,0.8460524082183838
7217,8,4,0.3209119141101837
7218,9,0,0.5273571014404297
7219,7,7,0.9050609469413757
7220,9,4,0.3890082836151123
7221,3,3,0.7956945300102234
7222,8,8,0.7365429997444153
7223,7,7,0.8677119612693787
7224,3,3,0.3854006826877594
7225,1,1,0.9303303360939026
7226,7,7,0.8650352954864502
7227,7,3,0.3682738244533539
7228,3,3,0.6135984659194946
7229,2,3,0.46839213371276855
7230,2,2,0.4959977865219116
7231,8,8,0.7830532193183899
7232,9,9,0.829104483127594
7233,5,5,0.503713071346283
7234,9,9,0.703314483165741
7235,2,6,0.5946201682090759
7236,1,1,0.33626216650009155
7237,7,7,0.7373150587081909
7238,4,4,0.7108601927757263
7239,4,9,0.34986525774002075
7240,0,0,0.6967319250106812
7241,5,3,0.556745171546936
7242,7,7,0.2322545051574707
7243,1,1,0.867870032787323
7244,5,5,0.9041638374328613
7245,4,4,0.8510022759437561
7246,0,2,0.5460825562477112
7247,8,9,0.4868060052394867
7248,4,2,0.46411213278770447
7249,9,9,0.9908644556999207
7250,8,1,0.4930407404899597
7251,7,7,0.7701327204704285
7252,8,8,0.8288992643356323
7253,4,4,0.6348371505737305
7254,2,3,0.5231548547744751
7255,3,3,0.34042397141456604
7256,4,4,0.8619397282600403
7257,0,4,0.3028557300567627
7258,5,5,0.42137086391448975
7259,4,4,0.9130060076713562
7260,1,1,0.8197888135910034
7261,8,0,0.8973240852355957
7262,2,2,0.4326896071434021
7263,5,5,0.38383588194847107
7264,4,6,0.6220628023147583
7265,5,5,0.556703507900238
7266,2,4,0.7687573432922363
7267,5,4,0.3241625428199768
7268,3,3,0.666585385799408
7269,7,7,0.5329068899154663
7270,9,9,0.8664181232452393
7271,7,7,0.6599435210227966
7272,1,1,0.9191743731498718
7273,4,4,0.9713000655174255
7274,1,1,0.7988758087158203
7275,3,3,0.381354957818985
7276,1,1,0.461877703666687
7277,4,4,0.8761580586433411
7278,5,3,0.30362850427627563
7279,5,5,0.6929746866226196
7280,1,9,0.5834280848503113
7281,7,7,0.4654746949672699
7282,1,1,0.976355791091919
7283,3,6,0.7539841532707214
7284,0,0,0.5337923765182495
7285,1,1,0.8234524130821228
7286,2,2,0.5399252772331238
7287,5,5,0.4944233000278473
7288,7,7,0.8740797638893127
7289,0,0,0.8057459592819214
7290,6,6,0.5926014184951782
7291,3,3,0.8789064288139343
7292,5,3,0.7546238303184509
7293,7,7,0.9921739101409912
7294,5,5,0.36213114857673645
7295,5,3,0.540306806564331
7296,8,8,0.979552686214447
7297,9,9,0.787047266960144
7298,4,2,0.8017963171005249
7299,6,6,0.9802621603012085
7300,3,3,0.5956781506538391
7301,6,6,0.9369925856590271
7302,6,6,0.7133112549781799
7303,8,8,0.798262357711792
7304,2,3,0.6365658044815063
7305,6,6,0.918032169342041
7306,4,4,0.467854768037796
7307,8,8,0.9943556785583496
7308,4,4,0.9265738725662231
7309,1,1,0.8388566970825195
7310,3,5,0.4867163598537445
7311,1,0,0.3617028295993805
7312,2,2,0.48457613587379456
7313,3,3,0.40156665444374084
7314,3,6,0.8392799496650696
7315,0,0,0.7381862998008728
7316,1,1,0.7332568168640137
7317,6,3,0.5991430878639221
7318,4,7,0.3471091091632843
7319,2,2,0.5391742587089539
7320,8,0,0.7448703646659851
7321,2,2,0.859531044960022
7322,4,4,0.9194670915603638
7323,3,3,0.5902780890464783
7324,1,9,0.4248179793357849
7325,4,4,0.8388795256614685
7326,4,4,0.7430973649024963
7327,4,4,0.6618301272392273
7328,4,4,0.7088341116905212
7329,1,1,0.5123785138130188
7330,5,5,0.8096810579299927
7331,5,5,0.9783247113227844
7332,7,7,0.8232468366622925
7333,6,6,0.973205029964447
7334,5,5,0.6287080645561218
7335,4,4,0.6326904296875
7336,5,5,0.7279825806617737
7337,6,6,0.9901964664459229
7338,5,5,0.9686375856399536
7339,6,6,0.7719447016716003
7340,2,5,0.49927976727485657
7341,4,4,0.8906739950180054
7342,7,7,0.7153735160827637
7343,7,2,0.5194189548492432
7344,4,9,0.45919886231422424
7345,6,6,0.5689266920089722
7346,5,5,0.9605562686920166
7347,0,0,0.8815717101097107
7348,2,2,0.45639005303382874
7349,3,3,0.9408758282661438
7350,9,9,0.952251672744751
7351,2,1,0.9439883232116699
7352,3,3,0.7401328682899475
7353,8,8,0.9953351616859436
7354,0,0,0.9362601041793823
7355,7,7,0.9902025461196899
7356,0,0,0.447002649307251
7357,6,6,0.7145317196846008
7358,8,8,0.9719088077545166
7359,1,1,0.8703687787055969
7360,2,7,0.39329326152801514
7361,8,8,0.9911532998085022
7362,9,9,0.81904137134552
7363,1,1,0.9681993722915649
7364,5,4,0.5596082806587219
7365,4,4,0.8775842785835266
7366,2,2,0.5465224981307983
7367,3,3,0.4523242712020874
7368,5,5,0.8403398990631104
7369,5,5,0.5784772038459778
7370,3,8,0.8038108944892883
7371,6,6,0.9562934637069702
7372,5,5,0.7803614139556885
7373,0,0,0.977111279964447
7374,3,3,0.39377230405807495
7375,2,7,0.6238663196563721
7376,1,1,0.956120491027832
7377,3,3,0.43330585956573486
7378,3,5,0.8354923725128174
7379,7,7,0.6666805148124695
7380,7,7,0.9403086304664612
7381,4,4,0.8933058977127075
7382,9,8,0.5113433599472046
7383,4,4,0.7576159834861755
7384,3,7,0.8980074524879456
7385,9,9,0.8377683758735657
7386,5,7,0.7321264743804932
7387,1,1,0.9648741483688354
7388,7,7,0.7802725434303284
7389,6,9,0.4369291365146637
7390,6,1,0.5033764839172363
7391,4,4,0.7757927179336548
7392,8,8,0.7971332669258118
7393,5,2,0.4553731381893158
7394,1,1,0.9979066848754883
7395,2,5,0.6036334037780762
7396,8,8,0.7995554804801941
7397,4,6,0.5322206616401672
7398,5,3,0.8164454698562622
7399,3,5,0.6008672118186951
7400,3,3,0.5798492431640625
7401,3,3,0.8123899698257446
7402,0,0,0.5093315839767456
7403,4,4,0.8535732626914978
7404,8,0,0.3661228120326996
7405,7,7,0.9960541725158691
7406,7,6,0.25814300775527954
7407,9,9,0.8192685842514038
7408,4,3,0.5109848976135254
7409,8,8,0.8466875553131104
7410,4,4,0.5364724397659302
7411,5,4,0.5255061984062195
7412,9,9,0.5893324613571167
7413,1,1,0.5602522492408752
7414,8,8,0.4095844328403473
7415,3,3,0.6811531186103821
7416,1,8,0.25640878081321716
7417,3,6,0.8276991844177246
7418,8,8,0.6129422187805176
7419,0,0,0.5338297486305237
7420,3,4,0.3465791940689087
7421,5,5,0.3706589937210083
7422,4,7,0.6803856492042542
7423,6,6,0.9244562983512878
7424,9,9,0.5826970934867859
7425,2,2,0.771978497505188
7426,7,7,0.9710947871208191
7427,2,2,0.8118599653244019
7428,0,0,0.9104808568954468
7429,5,5,0.34491777420043945
7430,2,2,0.6504339575767517
7431,9,8,0.5186371803283691
7432,7,7,0.999043881893158
7433,5,5,0.7508265972137451
7434,0,0,0.9063723087310791
7435,7,7,0.621135413646698
7436,0,0,0.7303237915039062
7437,3,3,0.5641852021217346
7438,5,5,0.524448037147522
7439,5,3,0.699200451374054
7440,3,3,0.4331662356853485
7441,8,9,0.6185625195503235
7442,7,7,0.5688046216964722
7443,7,2,0.40478378534317017
7444,9,1,0.5777667164802551
7445,6,6,0.95719313621521
7446,5,9,0.7031328678131104
7447,8,0,0.5679614543914795
7448,9,9,0.8470762372016907
7449,0,0,0.4997408092021942
7450,1,1,0.9846728444099426
7451,9,9,0.5827407836914062
7452,4,4,0.8443159461021423
7453,0,9,0.5033093690872192
7454,0,0,0.989887535572052
7455,1,9,0.9548707008361816
7456,7,4,0.6716552972793579
7457,2,7,0.454053670167923
7458,2,5,0.6564018130302429
7459,8,8,0.9947255253791809
7460,5,5,0.9640233516693115
7461,9,9,0.9682899713516235
7462,8,1,0.9902464151382446
7463,2,2,0.5484969615936279
7464,8,8,0.7978207468986511
7465,0,8,0.48889511823654175
7466,6,6,0.9839447140693665
7467,6,6,0.9367643594741821
7468,8,8,0.9978556036949158
7469,6,6,0.7690975069999695
7470,9,9,0.946358323097229
7471,6,2,0.581085741519928
7472,1,1,0.5997418761253357
7473,1,3,0.29821979999542236
7474,5,5,0.7858845591545105
7475,3,5,0.5821161866188049
7476,5,5,0.40911680459976196
7477,0,0,0.8014199733734131
7478,7,7,0.6000401377677917
7479,6,6,0.9818224906921387
7480,1,1,0.9298625588417053
7481,4,4,0.8142396807670593
7482,4,4,0.5986636281013489
7483,1,1,0.8401840925216675
7484,1,1,0.9946541786193848
7485,8,8,0.9636600613594055
7486,1,1,0.8367831707000732
7487,1,1,0.9665682315826416
7488,2,2,0.4395027160644531
7489,3,3,0.6559475064277649
7490,4,4,0.3122037649154663
7491,9,7,0.23494000732898712
7492,9,9,0.8137419819831848
7493,5,5,0.7057124376296997
7494,2,2,0.8004036545753479
7495,7,7,0.6975138187408447
7496,3,4,0.6511470079421997
7497,3,5,0.3011793792247772
7498,6,6,0.39834317564964294
7499,9,1,0.6856898069381714
7500,6,6,0.9127833843231201
7501,9,9,0.7477903962135315
7502,8,8,0.6215327978134155
7503,8,8,0.313773512840271
7504,6,3,0.5226014852523804
7505,7,9,0.3968353867530823
7506,4,4,0.9829587340354919
7507,7,5,0.5638421773910522
7508,2,2,0.578136146068573
7509,3,7,0.6300944685935974
7510,8,3,0.8306490182876587
7511,0,0,0.9197344183921814
7512,9,9,0.8282865881919861
7513,0,9,0.8634540438652039
7514,7,7,0.9984588623046875
7515,8,8,0.5449082851409912
7516,1,1,0.9947487711906433
7517,2,7,0.6210583448410034
7518,3,4,0.3883393704891205
7519,2,8,0.5992653965950012
7520,4,4,0.7228759527206421
7521,2,2,0.6650971174240112
7522,9,9,0.9167126417160034
7523,0,0,0.9620680212974548
7524,3,4,0.4558563232421875
7525,8,8,0.901323139667511
7526,9,9,0.5769157409667969
7527,6,5,0.2762777507305145
7528,5,5,0.806254506111145
7529,5,3,0.4687488377094269
7530,2,2,0.7325845956802368
7531,4,3,0.4892778992652893
7532,1,0,0.2767515480518341
7533,0,0,0.7893403768539429
7534,6,6,0.9572188854217529
7535,1,1,0.9119071364402771
7536,8,1,0.359287291765213
7537,4,4,0.6053762435913086
7538,5,5,0.8520490527153015
7539,5,5,0.34912019968032837
7540,5,5,0.8984699845314026
7541,0,0,0.9369514584541321
7542,8,8,0.8577513098716736
7543,9,9,0.8522165417671204
7544,0,0,0.7436003088951111
7545,5,7,0.6920852661132812
7546,7,7,0.8489791750907898
7547,9,9,0.8627459406852722
7548,6,6,0.8018767237663269
7549,3,5,0.5952192544937134
7550,4,4,0.967329740524292
7551,6,4,0.3593292832374573
7552,4,7,0.7140148282051086
7553,9,1,0.5701765418052673
7554,7,5,0.5783553719520569
7555,1,1,0.9871386885643005
7556,2,0,0.44432491064071655
7557,5,2,0.48774486780166626
7558,2,2,0.7225229144096375
7559,8,1,0.8503886461257935
7560,0,9,0.8984888195991516
7561,2,2,0.7722001075744629
7562,2,4,0.3197922110557556
7563,9,9,0.7183455228805542
7564,8,8,0.7883765697479248
7565,1,1,0.9565510153770447
7566,9,9,0.9873629808425903
7567,7,7,0.9077842235565186
7568,7,5,0.509468674659729
7569,3,5,0.6520240902900696
7570,1,1,0.950252890586853
7571,4,6,0.7426816821098328
7572,1,9,0.6572375297546387
7573,1,0,0.36369502544403076
7574,3,3,0.19810941815376282
7575,8,8,0.6882873177528381
7576,8,8,0.8278546929359436
7577,1,1,0.7076044678688049
7578,9,1,0.6637076139450073
7579,3,5,0.4652527868747711
7580,8,0,0.629327118396759
7581,9,1,0.5780101418495178
7582,5,3,0.32843151688575745
7583,1,1,0.6689257025718689
7584,1,1,0.5344182848930359
7585,6,6,0.9922469854354858
7586,2,1,0.4004715085029602
7587,7,7,0.6386768817901611
7588,2,5,0.7023341059684753
7589,6,6,0.5986335873603821
7590,2,4,0.4696827828884125
7591,6,6,0.8328272104263306
7592,9,9,0.7247394323348999
7593,6,6,0.7301836013793945
7594,0,0,0.8662794232368469
7595,1,9,0.4791872501373291
7596,3,5,0.858145534992218
7597,9,9,0.46189597249031067
7598,3,3,0.6845402717590332
7599,8,8,0.8868206143379211
7600,8,0,0.6843120455741882
7601,8,8,0.9739993214607239
7602,2,3,0.39332303404808044
7603,9,9,0.9393651485443115
7604,1,1,0.8858709335327148
7605,2,6,0.3970281183719635
7606,6,6,0.8282645344734192
7607,0,0,0.6872982978820801
7608,5,5,0.6295781135559082
7609,0,3,0.3214509189128876
7610,7,4,0.3547177016735077
7611,7,0,0.4394480586051941
7612,7,9,0.47245651483535767
7613,9,9,0.8062413930892944
7614,4,4,0.6223511099815369
7615,5,5,0.619255542755127
7616,0,0,0.930372953414917
7617,2,8,0.4605882465839386
7618,3,3,0.9318290948867798
7619,5,4,0.33732500672340393
7620,5,1,0.33913129568099976
7621,8,8,0.9263142943382263
7622,9,9,0.8412333130836487
7623,1,8,0.44262248277664185
7624,2,4,0.600944459438324
7625,7,7,0.702368438243866
7626,1,1,0.878486156463623
7627,3,3,0.4249401390552521
7628,4,3,0.5489506721496582
7629,6,6,0.951855480670929
7630,9,9,0.7870584726333618
7631,1,1,0.9208589792251587
7632,0,7,0.37452369928359985
7633,7,7,0.49666309356689453
7634,1,1,0.8285440802574158
7635,9,9,0.737704873085022
7636,5,7,0.5517534613609314
7637,8,1,0.7880887985229492
7638,1,8,0.49981391429901123
7639,9,9,0.910752534866333
7640,9,9,0.5184103846549988
7641,7,3,0.3006494641304016
7642,9,9,0.765014111995697
7643,8,9,0.5418366193771362
7644,3,5,0.6774911880493164
7645,0,6,0.242998406291008
7646,2,2,0.5558950304985046
7647,6,6,0.8549448847770691
7648,0,8,0.4842720031738281
7649,2,3,0.42172008752822876
7650,2,2,0.8257076144218445
7651,4,4,0.8571856021881104
7652,0,0,0.9740433096885681
7653,8,8,0.9849560856819153
7654,4,4,0.35938045382499695
7655,8,8,0.7437873482704163
7656,1,1,0.989834725856781
7657,2,7,0.6521782875061035
7658,7,7,0.8195511698722839
7659,2,4,0.37372657656669617
7660,7,4,0.5238717794418335
7661,9,9,0.7546417117118835
7662,5,5,0.8036551475524902
7663,2,2,0.5460298657417297
7664,2,2,0.5175187587738037
7665,9,9,0.8707443475723267
7666,2,7,0.6760312914848328
7667,6,6,0.6117957234382629
7668,5,3,0.45204806327819824
7669,7,7,0.5139307975769043
7670,2,2,0.8832939267158508
7671,5,5,0.8189146518707275
7672,6,6,0.9632331728935242
7673,5,5,0.47171324491500854
7674,1,8,0.6089252233505249
7675,8,3,0.6213493347167969
7676,2,2,0.39957374334335327
7677,6,6,0.3682871162891388
7678,8,8,0.9974676370620728
7679,6,6,0.9568027257919312
7680,3,7,0.4451068341732025
7681,0,0,0.9345610737800598
7682,8,8,0.8935877680778503
7683,0,0,0.969312310218811
7684,0,2,0.6277217268943787
7685,9,1,0.6863905191421509
7686,9,9,0.5470290184020996
7687,6,4,0.20785166323184967
7688,8,8,0.7357855439186096
7689,0,0,0.610081136226654
7690,6,6,0.9590915441513062
7691,6,6,0.8031167984008789
7692,0,0,0.9896776676177979
7693,7,7,0.9411374926567078
7694,9,9,0.9674422144889832
7695,8,8,0.9301463961601257
7696,0,0,0.9543387293815613
7697,5,3,0.2642887830734253
7698,0,0,0.9930644631385803
7699,9,9,0.9813443422317505
7700,6,6,0.9537801742553711
7701,0,0,0.9802344441413879
7702,4,4,0.6300601959228516
7703,7,7,0.9896887540817261
7704,1,1,0.9826976656913757
7705,7,4,0.3704157769680023
7706,8,1,0.5991169214248657
7707,8,3,0.24256965517997742
7708,2,4,0.4880317449569702
7709,3,3,0.49712419509887695
7710,9,9,0.5922755599021912
7711,6,4,0.4841988682746887
7712,5,5,0.6976080536842346
7713,5,2,0.29330500960350037
7714,3,3,0.5636138916015625
7715,1,1,0.9970217347145081
7716,5,5,0.8991268277168274
7717,3,4,0.4928675591945648
7718,0,0,0.9564396739006042
7719,2,7,0.355997234582901
7720,5,5,0.6924566030502319
7721,2,2,0.7619156241416931
7722,7,7,0.46459388732910156
7723,3,4,0.4962369501590729
7724,8,8,0.9940744042396545
7725,4,4,0.684226930141449
7726,4,2,0.33174756169319153
7727,6,6,0.8347049951553345
7728,1,1,0.43640705943107605
7729,9,9,0.8951788544654846
7730,4,4,0.6949766278266907
7731,1,1,0.5389503240585327
7732,7,7,0.9829875230789185
7733,0,0,0.9375085234642029
7734,1,0,0.270820677280426
7735,4,0,0.5807265639305115
7736,3,3,0.5521087646484375
7737,0,0,0.8239790201187134
7738,2,2,0.8578848838806152
7739,9,9,0.9968247413635254
7740,4,2,0.45181500911712646
7741,5,5,0.4376114010810852
7742,0,0,0.6580882668495178
7743,3,3,0.511256217956543
7744,4,3,0.8440353870391846
7745,7,7,0.8132727146148682
7746,2,0,0.9079164862632751
7747,3,4,0.360485702753067
7748,0,0,0.9942194223403931
7749,1,9,0.4067594110965729
7750,3,2,0.5503278374671936
7751,7,9,0.8713797330856323
7752,9,9,0.9382755160331726
7753,9,9,0.6423115134239197
7754,0,0,0.7240777611732483
7755,7,7,0.8760454058647156
7756,5,5,0.6351048946380615
7757,6,6,0.4993167221546173
7758,7,7,0.9573083519935608
7759,1,1,0.983028769493103
7760,2,2,0.20689323544502258
7761,2,3,0.6999253630638123
7762,7,7,0.9906278848648071
7763,4,4,0.24141566455364227
7764,6,6,0.7894142866134644
7765,8,8,0.8924492597579956
7766,4,6,0.802146315574646
7767,9,9,0.9940953254699707
7768,8,8,0.9846583604812622
7769,4,7,0.7492459416389465
7770,9,9,0.9097492098808289
7771,2,2,0.33511704206466675
7772,3,2,0.35080912709236145
7773,4,4,0.4523848295211792
7774,0,0,0.994597315788269
7775,2,2,0.3205145597457886
7776,5,5,0.5989658832550049
7777,6,6,0.9743031859397888
7778,0,6,0.4262577295303345
7779,5,5,0.35095295310020447
7780,3,8,0.4880942702293396
7781,5,3,0.4698445200920105
7782,8,8,0.9612746834754944
7783,3,5,0.43152469396591187
7784,7,7,0.45042142271995544
7785,4,2,0.7781285643577576
7786,9,9,0.9488034844398499
7787,5,5,0.8186439871788025
7788,6,6,0.8602574467658997
7789,3,3,0.8184265494346619
7790,8,8,0.8167228698730469
7791,6,6,0.7124215960502625
7792,9,1,0.9513956904411316
7793,8,8,0.9687775373458862
7794,5,6,0.3535948097705841
7795,5,4,0.30352842807769775
7796,8,8,0.9960795044898987
7797,3,6,0.39577099680900574
7798,5,5,0.5677505135536194
7799,9,9,0.6667934060096741
7800,0,0,0.6737477779388428
7801,4,4,0.9461029767990112
7802,2,2,0.7857464551925659
7803,0,1,0.829735517501831
7804,5,5,0.40014562010765076
7805,9,9,0.7466495037078857
7806,9,9,0.8989436626434326
7807,3,3,0.33869659900665283
7808,8,8,0.8998353481292725
7809,0,0,0.7578851580619812
7810,6,6,0.9014951586723328
7811,0,0,0.9786091446876526
7812,2,4,0.8153905272483826
7813,3,3,0.2745078504085541
7814,7,7,0.7679605484008789
7815,0,1,0.7953460812568665
7816,0,4,0.5541849136352539
7817,6,6,0.7101230025291443
7818,9,9,0.8159924745559692
7819,1,1,0.829022228717804
7820,5,5,0.4555787444114685
7821,2,0,0.5481939315795898
7822,2,4,0.543420672416687
7823,7,7,0.525790274143219
7824,9,9,0.7871124148368835
7825,3,6,0.6041922569274902
7826,9,1,0.9177972078323364
7827,3,5,0.8133998513221741
7828,5,5,0.924786388874054
7829,2,0,0.7493804097175598
7830,2,9,0.6476876735687256
7831,2,4,0.5445192456245422
7832,8,8,0.9800621867179871
7833,8,8,0.569376528263092
7834,5,5,0.43611016869544983
7835,0,0,0.9892362952232361
7836,0,0,0.5899367928504944
7837,7,7,0.9993621706962585
7838,0,0,0.9908270239830017
7839,3,4,0.2809920608997345
7840,1,1,0.9899907112121582
7841,6,4,0.3448965549468994
7842,5,4,0.6757616400718689
7843,0,0,0.2087835818529129
7844,9,9,0.9780820608139038
7845,2,2,0.8900663256645203
7846,6,3,0.9021027088165283
7847,7,4,0.34572020173072815
7848,4,2,0.567067563533783
7849,2,0,0.9618693590164185
7850,0,0,0.6170793175697327
7851,0,0,0.8808399438858032
7852,5,7,0.7785390615463257
7853,3,3,0.42464491724967957
7854,3,3,0.8576329946517944
7855,2,5,0.41805005073547363
7856,6,2,0.34366464614868164
7857,4,6,0.2749619483947754
7858,2,5,0.49029308557510376
7859,7,5,0.45128610730171204
7860,8,8,0.8441899418830872
7861,0,7,0.47634002566337585
7862,1,8,0.2644900381565094
7863,0,0,0.861427366733551
7864,1,1,0.9730601906776428
7865,3,3,0.6946004033088684
7866,6,6,0.9608359336853027
7867,4,4,0.5657598972320557
7868,8,8,0.9379122257232666
7869,0,0,0.909984827041626
7870,6,6,0.8264046311378479
7871,0,0,0.29946380853652954
7872,9,9,0.920278787612915
7873,1,1,0.7339202165603638
7874,6,4,0.3368706703186035
7875,2,2,0.6286653876304626
7876,1,1,0.9982407093048096
7877,0,0,0.5280091762542725
7878,1,1,0.5904971361160278
7879,3,3,0.41749730706214905
7880,0,0,0.7371382713317871
7881,3,6,0.29849374294281006
7882,7,7,0.836235761642456
7883,9,9,0.6191596984863281
7884,9,9,0.4232274293899536
7885,3,3,0.8516207337379456
7886,7,7,0.9998030066490173
7887,5,5,0.8041145205497742
7888,7,7,0.9983832836151123
7889,1,1,0.9702920913696289
7890,6,6,0.8554101586341858
7891,6,6,0.9618278741836548
7892,1,9,0.6131907105445862
7893,1,9,0.6723001003265381
7894,1,1,0.8739219307899475
7895,4,4,0.679944634437561
7896,4,4,0.5434700846672058
7897,2,0,0.5079885721206665
7898,1,1,0.9934216141700745
7899,7,3,0.6430734992027283
7900,0,9,0.2080996036529541
7901,1,1,0.8998859524726868
7902,2,7,0.5104198455810547
7903,1,1,0.6639110445976257
7904,1,1,0.966332197189331
7905,3,3,0.4072039723396301
7906,2,4,0.8445486426353455
7907,6,3,0.38185423612594604
7908,9,9,0.707463264465332
7909,1,9,0.5828328132629395
7910,3,5,0.3390069603919983
7911,2,2,0.5871209502220154
7912,0,0,0.7661854028701782
7913,8,8,0.32538115978240967
7914,7,7,0.6920522451400757
7915,3,5,0.9043097496032715
7916,4,4,0.46186473965644836
7917,6,6,0.4025903344154358
7918,4,5,0.7054007053375244
7919,6,3,0.8131489753723145
7920,9,3,0.28142422437667847
7921,4,2,0.4830489158630371
7922,8,8,0.9131349921226501
7923,9,7,0.7452119588851929
7924,3,5,0.611746609210968
7925,0,0,0.934015691280365
7926,5,3,0.5067799091339111
7927,7,7,0.4264647960662842
7928,2,2,0.7002667784690857
7929,0,0,0.8135506510734558
7930,2,2,0.4318839907646179
7931,9,1,0.47669166326522827
7932,9,0,0.3503188192844391
7933,3,3,0.37356245517730713
7934,8,8,0.8851268291473389
7935,7,7,0.5613293051719666
7936,1,1,0.9856879711151123
7937,1,1,0.8718459606170654
7938,2,2,0.6966688632965088
7939,2,2,0.3479277789592743
7940,2,6,0.6803614497184753
7941,5,5,0.3550563156604767
7942,9,1,0.8017528057098389
7943,1,1,0.6456194519996643
7944,2,2,0.7367740869522095
7945,6,4,0.9002072215080261
7946,1,1,0.5298070907592773
7947,2,5,0.44657883048057556
7948,1,1,0.9920056462287903
7949,8,1,0.5965626835823059
7950,9,9,0.974528431892395
7951,2,2,0.855035662651062
7952,3,8,0.6956800818443298
7953,1,3,0.5469153523445129
7954,9,9,0.7034404873847961
7955,9,9,0.9777165055274963
7956,4,3,0.4236961007118225
7957,4,4,0.8261595964431763
7958,5,4,0.4871056377887726
7959,5,0,0.6463837623596191
7960,0,3,0.34340113401412964
7961,3,4,0.4812176823616028
7962,3,5,0.6152719259262085
7963,7,7,0.569736123085022
7964,1,9,0.5220814347267151
7965,7,7,0.9154607057571411
7966,7,7,0.7452496290206909
7967,9,4,0.3484843671321869
7968,8,8,0.9099338054656982
7969,6,6,0.745708703994751
7970,3,5,0.6220163106918335
7971,5,5,0.8880106806755066
7972,5,3,0.28012606501579285
7973,1,1,0.9862216711044312
7974,6,4,0.4752086400985718
7975,2,2,0.5174086093902588
7976,7,4,0.5147507190704346
7977,8,8,0.874019205570221
7978,4,4,0.35446417331695557
7979,3,3,0.7413424849510193
7980,3,3,0.37027508020401
7981,5,5,0.7113721966743469
7982,9,9,0.9951621890068054
7983,6,4,0.5318815112113953
7984,8,8,0.459941029548645
7985,5,5,0.6387508511543274
7986,1,8,0.54683917760849
7987,0,0,0.9536540508270264
7988,6,6,0.6667622327804565
7989,7,5,0.804378867149353
7990,0,0,0.7673712372779846
7991,9,9,0.7559362053871155
7992,6,6,0.9629949927330017
7993,2,0,0.623405396938324
7994,0,0,0.7959420680999756
7995,8,8,0.9387478828430176
7996,7,7,0.939370334148407
7997,1,1,0.8274427652359009
7998,2,0,0.5717675685882568
7999,6,6,0.9110020399093628
8000,9,9,0.5794872045516968
8001,1,1,0.9554368853569031
8002,6,6,0.9481748342514038
8003,4,4,0.3185501992702484
8004,7,5,0.39165031909942627
8005,1,1,0.9648488163948059
8006,9,8,0.5227378010749817
8007,0,3,0.28002533316612244
8008,0,0,0.9161554574966431
8009,5,3,0.7381218671798706
8010,2,2,0.5563707947731018
8011,8,8,0.618908166885376
8012,3,3,0.782552182674408
8013,8,8,0.8394112586975098
8014,2,2,0.6434290409088135
8015,8,8,0.9291623830795288
8016,4,6,0.4461989998817444
8017,0,0,0.8619301915168762
8018,8,8,0.5111074447631836
8019,3,3,0.6390713453292847
8020,6,3,0.2688761055469513
8021,1,1,0.6534618735313416
8022,2,5,0.5802141427993774
8023,3,3,0.45930519700050354
8024,0,0,0.6113550066947937
8025,5,5,0.5379846096038818
8026,0,0,0.37434670329093933
8027,4,7,0.43598851561546326
8028,1,1,0.6705916523933411
8029,7,7,0.4941629469394684
8030,2,2,0.8634131550788879
8031,0,8,0.6803191304206848
8032,1,1,0.965305507183075
8033,3,3,0.6792937517166138
8034,9,9,0.6672375798225403
8035,1,4,0.2798731327056885
8036,6,6,0.9099370837211609
8037,1,1,0.9775781631469727
8038,6,6,0.9969199895858765
8039,1,1,0.8036390542984009
8040,2,2,0.6554021835327148
8041,8,6,0.395729124546051
8042,7,7,0.9991284012794495
8043,0,0,0.7102856040000916
8044,9,9,0.5403808951377869
8045,5,5,0.6390697956085205
8046,8,0,0.3932417333126068
8047,0,8,0.8885965347290039
8048,0,2,0.4614016115665436
8049,1,1,0.9822905659675598
8050,7,2,0.4858197569847107
8051,9,9,0.4810565412044525
8052,7,7,0.7800301909446716
8053,1,1,0.731097936630249
8054,9,9,0.9056180715560913
8055,2,2,0.5763880610466003
8056,1,1,0.6479363441467285
8057,9,1,0.5235683917999268
8058,4,0,0.3644764721393585
8059,3,3,0.8719342947006226
8060,6,6,0.984616756439209
8061,0,0,0.9167976975440979
8062,2,4,0.38081660866737366
8063,0,0,0.45304355025291443
8064,0,0,0.7512136101722717
8065,9,9,0.9977310299873352
8066,9,0,0.9137753844261169
8067,8,8,0.9851518273353577
8068,9,9,0.8976544737815857
8069,4,2,0.5650508999824524
8070,5,3,0.448958158493042
8071,4,3,0.6133921146392822
8072,3,2,0.2699233293533325
8073,0,8,0.6743080019950867
8074,7,7,0.9817306995391846
8075,8,8,0.8279125094413757
8076,7,7,0.9816644191741943
8077,3,5,0.38243913650512695
8078,7,3,0.38196754455566406
8079,5,3,0.42130520939826965
8080,4,4,0.7344523668289185
8081,6,6,0.97786945104599
8082,5,5,0.6161681413650513
8083,9,9,0.5356237888336182
8084,5,5,0.6056349277496338
8085,2,2,0.7381260991096497
8086,4,6,0.2901097536087036
8087,2,7,0.9208906292915344
8088,7,7,0.9238226413726807
8089,9,9,0.9811310768127441
8090,6,3,0.5795002579689026
8091,7,7,0.606256365776062
8092,4,7,0.1892002671957016
8093,7,0,0.44211113452911377
8094,1,1,0.9594658613204956
8095,2,2,0.7138643860816956
8096,3,3,0.9586430788040161
8097,1,1,0.938279926776886
8098,1,1,0.7162784337997437
8099,3,5,0.6554170250892639
8100,6,8,0.4792521893978119
8101,8,8,0.881350040435791
8102,3,3,0.3716195523738861
8103,7,7,0.8613396286964417
8104,7,7,0.8854405283927917
8105,0,0,0.43887704610824585
8106,8,8,0.8437952399253845
8107,1,1,0.989188015460968
8108,5,5,0.9111871123313904
8109,2,6,0.4762798249721527
8110,5,6,0.8398781418800354
8111,5,5,0.703497588634491
8112,3,6,0.295601487159729
8113,6,6,0.9960936903953552
8114,3,8,0.35959136486053467
8115,5,3,0.405661016702652
8116,9,9,0.9370933771133423
8117,8,8,0.6911420226097107
8118,4,0,0.5105396509170532
8119,6,3,0.4309920072555542
8120,8,8,0.7880656123161316
8121,0,0,0.9796024560928345
8122,4,3,0.494582861661911
8123,1,1,0.6843423843383789
8124,7,7,0.9316830635070801
8125,8,1,0.8588128089904785
8126,4,2,0.35756951570510864
8127,9,9,0.643312394618988
8128,7,4,0.41817253828048706
8129,2,4,0.6680882573127747
8130,6,6,0.9395095109939575
8131,3,3,0.5949583649635315
8132,8,8,0.8830953240394592
8133,8,8,0.6616769433021545
8134,6,2,0.446939617395401
8135,7,7,0.26695460081100464
8136,3,3,0.45763179659843445
8137,8,0,0.5640541315078735
8138,1,1,0.7340787053108215
8139,1,9,0.6143156886100769
8140,5,5,0.4262194335460663
8141,3,3,0.6071751713752747
8142,7,7,0.9263359904289246
8143,9,9,0.901808500289917
8144,9,9,0.8827469944953918
8145,9,0,0.30210354924201965
8146,8,0,0.4304637312889099
8147,5,5,0.6635873317718506
8148,9,9,0.40131816267967224
8149,9,9,0.9051570296287537
8150,6,6,0.9997023940086365
8151,8,8,0.9432785511016846
8152,8,8,0.9572557210922241
8153,4,4,0.3789970874786377
8154,8,8,0.5455436706542969
8155,1,1,0.9895097017288208
8156,0,0,0.6192353367805481
8157,1,1,0.9869579672813416
8158,8,8,0.9909533262252808
8159,8,8,0.9803873896598816
8160,6,6,0.6955577731132507
8161,5,7,0.49433082342147827
8162,9,1,0.3858347535133362
8163,0,0,0.8978025317192078
8164,6,6,0.9908430576324463
8165,1,1,0.7804456353187561
8166,2,5,0.42282745242118835
8167,6,6,0.9490487575531006
8168,6,6,0.4976896643638611
8169,3,6,0.4858638346195221
8170,5,5,0.6135225296020508
8171,6,9,0.4943697452545166
8172,5,3,0.7196716070175171
8173,5,5,0.3945094645023346
8174,3,7,0.3680415153503418
8175,3,3,0.5521829128265381
8176,6,6,0.7561748027801514
8177,8,0,0.36095473170280457
8178,9,9,0.7636817693710327
8179,4,4,0.6523028016090393
8180,4,4,0.677435040473938
8181,3,3,0.5733230113983154
8182,8,3,0.3558950126171112
8183,3,5,0.6065236330032349
8184,6,6,0.7445176243782043
8185,0,0,0.9300050139427185
8186,8,8,0.9521421790122986
8187,5,5,0.8347747325897217
8188,7,7,0.8628926277160645
8189,8,9,0.6431383490562439
8190,4,6,0.6706161499023438
8191,6,4,0.48832908272743225
8192,5,5,0.541426956653595
8193,3,5,0.7117803692817688
8194,1,5,0.6505448222160339
8195,8,8,0.9944669008255005
8196,3,0,0.569233775138855
8197,0,8,0.5383532643318176
8198,4,4,0.5852158665657043
8199,4,9,0.38813892006874084
8200,3,3,0.5493922233581543
8201,3,3,0.41603121161460876
8202,5,4,0.6136603951454163
8203,3,3,0.5670632719993591
8204,3,3,0.6273145079612732
8205,2,4,0.3688330054283142
8206,7,7,0.860843300819397
8207,7,7,0.9414389729499817
8208,8,8,0.5188896656036377
8209,2,4,0.7605447173118591
8210,0,0,0.9996477365493774
8211,5,5,0.7511126399040222
8212,5,3,0.27427953481674194
8213,6,6,0.901422381401062
8214,1,1,0.8136706948280334
8215,1,9,0.5360527038574219
8216,3,3,0.4255402088165283
8217,9,9,0.7949557304382324
8218,9,6,0.29311880469322205
8219,3,1,0.2885621190071106
8220,6,2,0.5264042615890503
8221,7,7,0.9397850632667542
8222,1,8,0.5833523273468018
8223,8,8,0.9642322063446045
8224,3,3,0.6290143132209778
8225,9,0,0.5741481184959412
8226,8,4,0.6178783178329468
8227,7,7,0.6887916922569275
8228,8,8,0.9904472827911377
8229,8,3,0.38705992698669434
8230,0,0,0.8134225606918335
8231,3,3,0.6522064208984375
8232,2,5,0.37075603008270264
8233,4,4,0.4943055808544159
8234,8,1,0.6818982362747192
8235,7,7,0.9998003840446472
8236,5,5,0.24396339058876038
8237,7,7,0.9915879368782043
8238,1,1,0.8526337146759033
8239,8,8,0.8485787510871887
8240,7,7,0.9985470175743103
8241,3,0,0.5187591910362244
8242,5,7,0.5007895231246948
8243,4,4,0.5910837054252625
8244,4,4,0.8525221943855286
8245,3,5,0.7688260078430176
8246,8,8,0.5777432322502136
8247,6,6,0.9923940896987915
8248,1,1,0.7509397268295288
8249,1,1,0.7181708216667175
8250,6,6,0.2962130010128021
8251,3,3,0.9148614406585693
8252,2,2,0.504357635974884
8253,2,2,0.5585193037986755
8254,8,8,0.3320578336715698
8255,9,9,0.8990074396133423
8256,8,8,0.9348949790000916
8257,3,3,0.8065028786659241
8258,3,3,0.2993353307247162
8259,8,9,0.6884503364562988
8260,1,1,0.9435402750968933
8261,1,1,0.2247789353132248
8262,0,0,0.44216376543045044
8263,5,5,0.8526237607002258
8264,2,2,0.8896304965019226
8265,0,0,0.5224481225013733
8266,5,5,0.5021817684173584
8267,0,9,0.2705276906490326
8268,5,7,0.5291215181350708
8269,8,8,0.4480348229408264
8270,6,6,0.41241157054901123
8271,3,3,0.6544113159179688
8272,9,1,0.9721512794494629
8273,6,6,0.7447311878204346
8274,6,6,0.4135274589061737
8275,3,5,0.45888009667396545
8276,9,0,0.5122156143188477
8277,4,7,0.529960036277771
8278,8,8,0.7425761222839355
8279,3,3,0.7239670753479004
8280,4,4,0.7132338285446167
8281,3,5,0.7114165425300598
8282,1,1,0.9635045528411865
8283,1,1,0.7367469668388367
8284,2,2,0.7081462144851685
8285,9,9,0.9517912864685059
8286,7,4,0.2976105213165283
8287,8,8,0.9636848568916321
8288,5,5,0.9945354461669922
8289,5,5,0.9658682346343994
8290,8,8,0.5388038754463196
8291,6,7,0.6274327039718628
8292,9,9,0.832924485206604
8293,0,4,0.2708924412727356
8294,8,8,0.9855705499649048
8295,3,0,0.47149601578712463
8296,5,5,0.5116543769836426
8297,1,1,0.6017645597457886
8298,3,2,0.4103420674800873
8299,3,3,0.6192368865013123
8300,5,4,0.3130338191986084
8301,5,4,0.6329306960105896
8302,3,6,0.5936954617500305
8303,8,8,0.3928830325603485
8304,1,9,0.26032260060310364
8305,4,4,0.4782868027687073
8306,6,2,0.516309380531311
8307,4,4,0.8067560195922852
8308,2,5,0.41496720910072327
8309,4,4,0.39759254455566406
8310,3,3,0.5562241077423096
8311,8,8,0.6578691005706787
8312,9,1,0.7358601093292236
8313,6,6,0.4039342701435089
8314,6,6,0.4227401614189148
8315,6,6,0.5110280513763428
8316,5,5,0.6524098515510559
8317,5,3,0.4455636441707611
8318,2,7,0.3875989019870758
8319,7,7,0.870303213596344
8320,7,3,0.6881800293922424
8321,4,4,0.6607134938240051
8322,4,4,0.5185500979423523
8323,9,9,0.6921880841255188
8324,3,7,0.3865984082221985
8325,8,8,0.7265730500221252
8326,3,4,0.2915043830871582
8327,7,9,0.4388669431209564
8328,7,7,0.7422891855239868
8329,8,8,0.7702484130859375
8330,5,5,0.9921590089797974
8331,3,4,0.563238263130188
8332,9,9,0.4952394664287567
8333,1,1,0.7942488789558411
8334,6,4,0.4171103537082672
8335,7,3,0.5572068691253662
8336,3,5,0.687194287776947
8337,3,3,0.7415640354156494
8338,3,8,0.4689222276210785
8339,8,8,0.9934698343276978
8340,5,3,0.4821361005306244
8341,6,3,0.413954496383667
8342,1,1,0.5433433651924133
8343,3,3,0.605911374092102
8344,7,7,0.3599381446838379
8345,9,9,0.684930682182312
8346,6,3,0.6966633200645447
8347,1,1,0.989523708820343
8348,6,6,0.5100634694099426
8349,4,7,0.5530813932418823
8350,9,9,0.9183259010314941
8351,0,0,0.903608500957489
8352,5,2,0.44558772444725037
8353,7,7,0.9963235855102539
8354,4,4,0.3131290376186371
8355,9,9,0.9952006340026855
8356,1,1,0.9962232112884521
8357,0,4,0.3215228021144867
8358,0,0,0.9585026502609253
8359,2,2,0.3216947615146637
8360,7,7,0.8053028583526611
8361,8,1,0.7876759767532349
8362,3,3,0.4775465726852417
8363,2,9,0.5065765380859375
8364,7,9,0.4790741801261902
8365,6,6,0.6334314346313477
8366,1,1,0.9062909483909607
8367,6,6,0.7422587275505066
8368,6,6,0.9284495115280151
8369,4,2,0.4150394797325134
8370,4,4,0.5788061618804932
8371,2,2,0.5539587736129761
8372,1,1,0.4029298722743988
8373,8,8,0.5205676555633545
8374,4,4,0.7017750144004822
8375,4,4,0.49355000257492065
8376,7,7,0.7193064093589783
8377,8,8,0.9679179191589355
8378,5,5,0.33948618173599243
8379,8,8,0.9952084422111511
8380,9,9,0.7565571665763855
8381,4,3,0.3393630385398865
8382,3,3,0.8707054853439331
8383,2,2,0.5426321625709534
8384,2,3,0.6888750791549683
8385,9,0,0.4596659243106842
8386,3,3,0.6220075488090515
8387,0,0,0.5769053101539612
8388,1,1,0.8030827641487122
8389,1,0,0.7693817615509033
8390,1,1,0.8055918216705322
8391,1,1,0.7247188687324524
8392,6,6,0.7701771259307861
8393,8,8,0.9254962205886841
8394,7,3,0.4753382205963135
8395,1,1,0.6700753569602966
8396,3,3,0.864991307258606
8397,0,2,0.4499889314174652
8398,4,4,0.5549334287643433
8399,5,4,0.3254319429397583
8400,0,9,0.45371001958847046
8401,3,4,0.6697767972946167
8402,0,0,0.8948553800582886
8403,6,6,0.9182195067405701
8404,2,4,0.45129460096359253
8405,0,0,0.456951767206192
8406,9,9,0.7479063272476196
8407,8,8,0.9698612093925476
8408,6,3,0.37383803725242615
8409,8,8,0.7743951082229614
8410,5,3,0.5828046202659607
8411,8,8,0.9022115468978882
8412,2,4,0.5251880288124084
8413,9,9,0.935584545135498
8414,6,6,0.9951308965682983
8415,0,0,0.9049230813980103
8416,6,3,0.423726350069046
8417,1,9,0.5926951169967651
8418,8,8,0.747604250907898
8419,7,7,0.44563522934913635
8420,3,6,0.758463978767395
8421,2,2,0.6417022347450256
8422,2,2,0.25290828943252563
8423,6,6,0.9811148047447205
8424,5,6,0.4169268310070038
8425,6,4,0.40186426043510437
8426,9,9,0.7709398865699768
8427,2,0,0.464030921459198
8428,5,5,0.40324667096138
8429,4,4,0.8178694248199463
8430,9,8,0.39955398440361023
8431,8,8,0.865479052066803
8432,5,5,0.5380733609199524
8433,3,3,0.33246833086013794
8434,9,9,0.5155332684516907
8435,3,9,0.4094565808773041
8436,5,5,0.8670651912689209
8437,7,4,0.5484812259674072
8438,1,4,0.37808018922805786
8439,8,1,0.45290741324424744
8440,5,3,0.5306411385536194
8441,8,8,0.9752341508865356
8442,6,6,0.4755353033542633
8443,2,7,0.3962137699127197
8444,5,5,0.7142747044563293
8445,1,0,0.39268234372138977
8446,3,3,0.5537300109863281
8447,0,0,0.9209478497505188
8448,4,3,0.37900224328041077
8449,1,3,0.44746512174606323
8450,9,1,0.5255662798881531
8451,5,4,0.7093112468719482
8452,4,4,0.7326208353042603
8453,9,1,0.7973823547363281
8454,2,2,0.3518657982349396
8455,1,1,0.9908129572868347
8456,4,4,0.43652623891830444
8457,2,4,0.748079240322113
8458,5,5,0.949141263961792
8459,9,9,0.8592197299003601
8460,8,8,0.9783726334571838
8461,7,7,0.523329496383667
8462,2,5,0.3100809156894684
8463,1,3,0.2617379128932953
8464,6,6,0.9489790797233582
8465,9,9,0.5899584293365479
8466,7,7,0.4860663414001465
8467,3,3,0.6323398351669312
8468,6,6,0.957973062992096
8469,5,3,0.609444260597229
8470,8,8,0.4833947420120239
8471,0,0,0.650995135307312
8472,2,2,0.6322446465492249
8473,2,7,0.8299934267997742
8474,4,4,0.7333463430404663
8475,9,9,0.8032804727554321
8476,0,3,0.3672684133052826
8477,5,5,0.9539840817451477
8478,5,4,0.6573305130004883
8479,4,4,0.33757245540618896
8480,2,2,0.40399351716041565
8481,3,3,0.47852182388305664
8482,1,1,0.7250938415527344
8483,0,0,0.9463834762573242
8484,3,2,0.42415735125541687
8485,0,0,0.9396921992301941
8486,4,4,0.6404467225074768
8487,4,2,0.429984986782074
8488,9,9,0.7303763628005981
8489,1,8,0.37296172976493835
8490,3,5,0.647783100605011
8491,3,4,0.5786088705062866
8492,0,9,0.5991643071174622
8493,2,7,0.40313589572906494
8494,1,3,0.1723955273628235
8495,1,1,0.8732543587684631
8496,0,0,0.6608555316925049
8497,4,4,0.6774069666862488
8498,1,1,0.5568518042564392
8499,9,9,0.7716051936149597
8500,4,4,0.9075685739517212
8501,8,8,0.9446759223937988
8502,1,1,0.9711306095123291
8503,1,1,0.920650064945221
8504,1,1,0.9814828038215637
8505,5,5,0.7010130882263184
8506,9,9,0.8477046489715576
8507,8,8,0.49487146735191345
8508,1,9,0.7904770374298096
8509,6,1,0.713451623916626
8510,7,7,0.9993124008178711
8511,2,2,0.33455389738082886
8512,9,9,0.9666318297386169
8513,9,1,0.6958670616149902
8514,7,2,0.46430784463882446
8515,8,8,0.9206568598747253
8516,8,8,0.2551121413707733
8517,1,1,0.9940989017486572
8518,9,3,0.2202194482088089
8519,7,7,0.9514914155006409
8520,8,8,0.8871263265609741
8521,9,8,0.7069902420043945
8522,1,1,0.9946342706680298
8523,6,6,0.8282921314239502
8524,6,6,0.8850765824317932
8525,3,6,0.3803068995475769
8526,3,4,0.29491543769836426
8527,1,1,0.4204418659210205
8528,3,3,0.33310413360595703
8529,0,0,0.291259229183197
8530,8,8,0.663608968257904
8531,8,8,0.9706411361694336
8532,3,4,0.4458372890949249
8533,6,6,0.8381178379058838
8534,6,6,0.9932659864425659
8535,7,7,0.4492482542991638
8536,1,0,0.8121305704116821
8537,0,0,0.9671077132225037
8538,7,7,0.5874098539352417
8539,6,6,0.36007916927337646
8540,4,4,0.4705003499984741
8541,8,1,0.8653480410575867
8542,2,6,0.46277010440826416
8543,0,0,0.9586829543113708
8544,6,6,0.9772955775260925
8545,6,6,0.7462863922119141
8546,8,0,0.636462926864624
8547,6,6,0.773135781288147
8548,3,7,0.4980526864528656
8549,1,1,0.7406087517738342
8550,1,1,0.3815089166164398
8551,8,8,0.9071418046951294
8552,6,3,0.4104069769382477
8553,7,9,0.5172893404960632
8554,0,0,0.9377393126487732
8555,5,5,0.7213469743728638
8556,4,8,0.281949520111084
8557,3,3,0.7721480131149292
8558,2,2,0.4259990155696869
8559,1,1,0.8589801788330078
8560,7,7,0.9069255590438843
8561,8,8,0.9453412890434265
8562,2,2,0.35140344500541687
8563,0,7,0.42611634731292725
8564,1,0,0.5455106496810913
8565,7,7,0.9444900155067444
8566,4,8,0.41481080651283264
8567,8,8,0.9402194619178772
8568,7,7,0.986868679523468
8569,6,3,0.3551791310310364
8570,6,6,0.8465223908424377
8571,7,7,0.9458106160163879
8572,0,0,0.6806879639625549
8573,6,4,0.4122629165649414
8574,4,4,0.8243309855461121
8575,9,9,0.9957927465438843
8576,2,0,0.49738553166389465
8577,3,6,0.6551702618598938
8578,2,5,0.8027075529098511
8579,1,1,0.9215447306632996
8580,3,0,0.4721183776855469
8581,8,4,0.27882036566734314
8582,6,6,0.8470097780227661
8583,8,8,0.941753089427948
8584,1,9,0.4141983389854431
8585,9,9,0.5935001969337463
8586,6,4,0.32015785574913025
8587,7,7,0.9986934065818787
8588,6,6,0.9574223160743713
8589,5,3,0.4519517123699188
8590,0,0,0.8390271663665771
8591,6,6,0.8838486075401306
8592,0,0,0.8752379417419434
8593,1,1,0.7469490170478821
8594,3,3,0.901108980178833
8595,1,1,0.40408942103385925
8596,1,1,0.9566043615341187
8597,5,5,0.81573885679245
8598,3,3,0.7785887718200684
8599,4,2,0.48633575439453125
8600,3,3,0.5017030239105225
8601,3,5,0.4072454273700714
8602,8,8,0.8277043104171753
8603,1,1,0.9667020440101624
8604,6,3,0.7043064832687378
8605,6,6,0.7741615176200867
8606,1,1,0.984197199344635
8607,8,8,0.8539358377456665
8608,8,0,0.47894856333732605
8609,6,6,0.9030840992927551
8610,2,2,0.33364465832710266
8611,7,7,0.6645712852478027
8612,4,4,0.8350743055343628
8613,6,6,0.603106677532196
8614,8,8,0.9110758900642395
8615,9,9,0.9367526769638062
8616,3,6,0.3861004412174225
8617,3,4,0.854925811290741
8618,5,3,0.813247561454773
8619,5,7,0.6073934435844421
8620,3,1,0.2425890415906906
8621,1,1,0.7258381843566895
8622,4,4,0.7503061294555664
8623,1,1,0.9117732048034668
8624,9,7,0.42593085765838623
8625,5,5,0.5779918432235718
8626,1,6,0.5301955938339233
8627,7,7,0.9971122741699219
8628,7,3,0.5313695073127747
8629,7,7,0.3593451976776123
8630,5,2,0.8395834565162659
8631,2,5,0.5632349848747253
8632,3,3,0.7869757413864136
8633,3,2,0.48055601119995117
8634,6,3,0.3906664550304413
8635,6,6,0.9410848021507263
8636,6,5,0.36584562063217163
8637,4,4,0.812614381313324
8638,0,0,0.8732236623764038
8639,7,0,0.8393535017967224
8640,1,1,0.9388816356658936
8641,7,7,0.8022046089172363
8642,3,6,0.5999553203582764
8643,0,0,0.6228631138801575
8644,8,2,0.28026890754699707
8645,1,0,0.5428610444068909
8646,2,7,0.7457057237625122
8647,4,4,0.6384925246238708
8648,1,1,0.9656327366828918
8649,2,2,0.4794163107872009
8650,2,5,0.8541601896286011
8651,4,4,0.5127697587013245
8652,9,9,0.5811517238616943
8653,8,8,0.7621353268623352
8654,2,3,0.6421521902084351
8655,8,8,0.7775461673736572
8656,7,7,0.582097053527832
8657,6,2,0.3358214497566223
8658,3,3,0.7596402764320374
8659,4,4,0.4678501784801483
8660,7,5,0.8241965174674988
8661,2,2,0.43406054377555847
8662,3,3,0.5550336837768555
8663,1,1,0.7061169147491455
8664,5,5,0.8516332507133484
8665,3,7,0.4443577229976654
8666,0,0,0.7766596078872681
8667,4,4,0.8150892853736877
8668,3,6,0.7110898494720459
8669,4,4,0.6294519901275635
8670,9,3,0.43065619468688965
8671,4,5,0.5721681118011475
8672,7,7,0.4457864463329315
8673,9,7,0.5339722633361816
8674,1,1,0.5753263235092163
8675,7,7,0.9991410970687866
8676,8,0,0.9030571579933167
8677,3,5,0.7230772972106934
8678,1,9,0.3101426362991333
8679,8,1,0.7823289036750793
8680,3,3,0.4201532006263733
8681,2,2,0.278715580701828
8682,5,5,0.41375431418418884
8683,7,7,0.8825491666793823
8684,2,3,0.5955583453178406
8685,7,7,0.5354779958724976
8686,9,9,0.899596631526947
8687,6,6,0.7686971426010132
8688,8,2,0.3416528105735779
8689,6,6,0.7090449929237366
8690,8,8,0.9679480791091919
8691,6,2,0.19152575731277466
8692,5,5,0.6298987865447998
8693,9,9,0.9759529232978821
8694,0,0,0.5807085633277893
8695,4,4,0.4779699742794037
8696,8,8,0.6281466484069824
8697,5,5,0.9559216499328613
8698,6,4,0.49595144391059875
8699,4,3,0.4413546919822693
8700,3,5,0.6015482544898987
8701,8,8,0.8540480136871338
8702,0,8,0.6733331084251404
8703,4,4,0.48554322123527527
8704,8,8,0.9432525634765625
8705,6,6,0.8719238042831421
8706,7,7,0.6559184789657593
8707,2,2,0.4223874807357788
8708,7,4,0.5354872345924377
8709,1,1,0.9073889851570129
8710,7,7,0.9282737970352173
8711,4,0,0.3348980247974396
8712,1,1,0.4155624806880951
8713,2,2,0.4864676892757416
8714,4,4,0.8304851055145264
8715,2,2,0.7714962363243103
8716,2,4,0.543187141418457
8717,8,8,0.934099018573761
8718,7,7,0.9760109186172485
8719,2,2,0.4637652039527893
8720,2,0,0.856529712677002
8721,6,4,0.4061092734336853
8722,7,7,0.522810697555542
8723,5,7,0.644124448299408
8724,6,6,0.4547234773635864
8725,8,8,0.9938153028488159
8726,9,9,0.5907583236694336
8727,9,0,0.626180112361908
8728,6,6,0.5559147000312805
8729,5,3,0.2879111170768738
8730,2,2,0.3300664722919464
8731,9,9,0.7937423586845398
8732,8,1,0.919679582118988
8733,7,7,0.977863073348999
8734,2,4,0.5717435479164124
8735,3,3,0.4282195568084717
8736,3,3,0.5491715669631958
8737,7,7,0.5705926418304443
8738,4,4,0.42281264066696167
8739,3,3,0.6187097430229187
8740,2,2,0.2531575858592987
8741,1,0,0.6519514918327332
8742,9,1,0.8764057755470276
8743,0,1,0.688372015953064
8744,1,1,0.7607724070549011
8745,5,5,0.5811625123023987
8746,3,3,0.4063473045825958
8747,2,2,0.9715434312820435
8748,6,6,0.5628214478492737
8749,5,4,0.5701148509979248
8750,9,9,0.9295875430107117
8751,1,1,0.4700206518173218
8752,5,5,0.40410658717155457
8753,4,7,0.7843767404556274
8754,3,3,0.9347056150436401
8755,6,6,0.5068707466125488
8756,2,1,0.5579808950424194
8757,8,4,0.49827611446380615
8758,9,7,0.5487180948257446
8759,7,7,0.7143759727478027
8760,8,8,0.8694345355033875
8761,0,8,0.8125170469284058
8762,8,8,0.7438608407974243
8763,9,9,0.9943898320198059
8764,1,8,0.6135541796684265
8765,2,4,0.4969955384731293
8766,5,5,0.521041989326477
8767,7,3,0.35725051164627075
8768,2,2,0.37860941886901855
8769,0,0,0.9954856038093567
8770,6,4,0.29209354519844055
8771,6,6,0.7557331919670105
8772,1,1,0.9987654685974121
8773,6,2,0.8652622699737549
8774,3,3,0.5529447793960571
8775,1,3,0.5849961638450623
8776,5,5,0.7496883273124695
8777,0,0,0.8095303177833557
8778,3,0,0.5370960831642151
8779,7,7,0.9534669518470764
8780,4,4,0.5305275321006775
8781,6,6,0.3212381899356842
8782,5,5,0.8089726567268372
8783,6,5,0.6857398152351379
8784,4,4,0.877223551273346
8785,8,8,0.5142974257469177
8786,3,4,0.36103132367134094
8787,4,4,0.7573782801628113
8788,5,3,0.5450577735900879
8789,5,5,0.8845612406730652
8790,0,7,0.49390918016433716
8791,6,6,0.5605863928794861
8792,6,4,0.4163275957107544
8793,7,7,0.8963320851325989
8794,5,5,0.6254898309707642
8795,0,0,0.9939633011817932
8796,9,9,0.7685294151306152
8797,9,9,0.9235166311264038
8798,6,6,0.9261123538017273
8799,1,1,0.703802764415741
8800,0,0,0.9886825680732727
8801,4,2,0.19923727214336395
8802,6,6,0.9536259770393372
8803,3,5,0.2608232796192169
8804,6,6,0.29617518186569214
8805,9,9,0.5845053195953369
8806,3,2,0.4664948880672455
8807,6,6,0.9547508358955383
8808,6,6,0.8585813045501709
8809,8,3,0.44426241517066956
8810,2,2,0.5356085300445557
8811,1,7,0.5927184224128723
8812,0,0,0.9744830131530762
8813,1,1,0.8353813290596008
8814,9,9,0.9949047565460205
8815,3,1,0.7390925884246826
8816,7,7,0.46717900037765503
8817,4,4,0.7012263536453247
8818,3,3,0.6343206167221069
8819,0,0,0.577633261680603
8820,2,0,0.8552325367927551
8821,7,7,0.8275335431098938
8822,6,6,0.8514938354492188
8823,4,4,0.5745410323143005
8824,3,3,0.4725663363933563
8825,0,8,0.832554042339325
8826,8,8,0.9808340668678284
8827,2,2,0.8814743757247925
8828,0,5,0.6458078026771545
8829,0,0,0.7861140966415405
8830,9,9,0.9822454452514648
8831,6,6,0.6529698371887207
8832,6,6,0.4798232614994049
8833,6,4,0.5623734593391418
8834,8,8,0.9115135073661804
8835,7,7,0.7645211815834045
8836,4,4,0.7156224846839905
8837,1,1,0.9219605922698975
8838,8,8,0.9637585282325745
8839,1,1,0.8170348405838013
8840,2,7,0.49697765707969666
8841,2,0,0.6321033835411072
8842,4,4,0.3841473460197449
8843,8,2,0.2428039163351059
8844,5,5,0.42463815212249756
8845,2,2,0.8515372276306152
8846,6,6,0.9671139121055603
8847,5,4,0.8323670029640198
8848,3,3,0.47796085476875305
8849,9,9,0.8674786686897278
8850,1,1,0.488704115152359
8851,0,0,0.6192514300346375
8852,7,7,0.939532458782196
8853,2,4,0.7956486940383911
8854,4,8,0.9642868638038635
8855,4,4,0.7912440299987793
8856,0,0,0.9075579643249512
8857,0,8,0.3934520483016968
8858,6,6,0.5768545269966125
8859,2,2,0.5343932509422302
8860,2,2,0.9195683598518372
8861,4,4,0.6615005135536194
8862,0,0,0.4349062442779541
8863,5,4,0.5401706099510193
8864,9,9,0.8170880079269409
8865,7,7,0.7739325761795044
8866,1,1,0.8400156497955322
8867,8,8,0.9953782558441162
8868,4,9,0.3622150719165802
8869,5,3,0.41659215092658997
8870,5,5,0.8419530391693115
8871,9,9,0.9591978192329407
8872,8,7,0.26156333088874817
8873,5,5,0.8824302554130554
8874,7,6,0.35480958223342896
8875,8,8,0.4647499918937683
8876,0,9,0.6764702200889587
8877,9,9,0.6033843755722046
8878,8,8,0.6613144874572754
8879,9,1,0.5318365693092346
8880,1,1,0.8537474870681763
8881,6,6,0.9785270690917969
8882,3,4,0.41658130288124084
8883,8,1,0.5871480107307434
8884,0,7,0.9737348556518555
8885,3,5,0.60804682970047
8886,4,7,0.4773172438144684
8887,4,4,0.7033817768096924
8888,8,8,0.8657089471817017
8889,4,4,0.9215667843818665
8890,8,8,0.9659900069236755
8891,9,9,0.8287385106086731
8892,8,8,0.5663948059082031
8893,6,6,0.9378007650375366
8894,0,3,0.32367080450057983
8895,0,0,0.9103218913078308
8896,8,9,0.6171957850456238
8897,2,2,0.5760120153427124
8898,7,0,0.5349634885787964
8899,4,4,0.8698498010635376
8900,2,4,0.5205445289611816
8901,5,7,0.9340130090713501
8902,6,6,0.941611647605896
8903,0,0,0.7663314342498779
8904,5,5,0.7486791014671326
8905,8,8,0.9568506479263306
8906,4,7,0.5444400906562805
8907,1,1,0.8562517166137695
8908,9,9,0.5466879606246948
8909,0,0,0.8777862191200256
8910,1,1,0.9578532576560974
8911,4,2,0.3856867551803589
8912,4,4,0.29026511311531067
8913,8,8,0.8648417592048645
8914,4,4,0.6570056080818176
8915,9,9,0.957256019115448
8916,6,2,0.452669620513916
8917,0,0,0.8693645596504211
8918,7,0,0.7241947054862976
8919,7,7,0.5113295912742615
8920,6,6,0.9079522490501404
8921,8,8,0.8201894164085388
8922,9,9,0.7533660531044006
8923,6,2,0.5674615502357483
8924,2,2,0.7921016216278076
8925,0,0,0.7244930267333984
8926,4,4,0.8886352777481079
8927,9,9,0.9653248190879822
8928,4,2,0.4254376292228699
8929,9,9,0.7887976169586182
8930,3,2,0.3959362208843231
8931,9,9,0.9945914149284363
8932,6,2,0.6650968790054321
8933,6,6,0.293470561504364
8934,7,5,0.5524582266807556
8935,0,0,0.6948970556259155
8936,9,9,0.7021888494491577
8937,7,7,0.6344669461250305
8938,1,1,0.6162444353103638
8939,8,3,0.41546010971069336
8940,6,7,0.4994156062602997
8941,0,0,0.5748735070228577
8942,6,2,0.5766196846961975
8943,7,4,0.3062644302845001
8944,4,1,0.4520864188671112
8945,1,1,0.9402212500572205
8946,9,9,0.6183658242225647
8947,4,4,0.763939619064331
8948,6,3,0.3772677183151245
8949,7,7,0.8082453608512878
8950,9,9,0.8145976662635803
8951,8,8,0.973642885684967
8952,3,3,0.49214640259742737
8953,9,9,0.8623495697975159
8954,2,4,0.8107908964157104
8955,1,1,0.5455454587936401
8956,2,1,0.36670663952827454
8957,7,6,0.26388227939605713
8958,6,4,0.5116850733757019
8959,1,9,0.5744292140007019
8960,0,0,0.6145379543304443
8961,0,4,0.3679494261741638
8962,5,7,0.5043527483940125
8963,6,6,0.9533349871635437
8964,0,8,0.4826657474040985
8965,4,4,0.42187127470970154
8966,3,3,0.5151790380477905
8967,2,2,0.5971400737762451
8968,8,8,0.4389647841453552
8969,8,8,0.9935343265533447
8970,0,0,0.8399267792701721
8971,6,6,0.9588677883148193
8972,9,3,0.6571627259254456
8973,5,5,0.6769009828567505
8974,2,2,0.5036374926567078
8975,8,8,0.9901224970817566
8976,7,2,0.5138399600982666
8977,0,4,0.2928260564804077
8978,6,6,0.5996171236038208
8979,5,5,0.9379692673683167
8980,9,8,0.696474552154541
8981,7,4,0.6910290122032166
8982,2,2,0.4727458357810974
8983,3,5,0.8112642168998718
8984,6,6,0.9435673356056213
8985,9,0,0.5299932360649109
8986,6,6,0.9655826091766357
8987,2,5,0.482478529214859
8988,2,2,0.7121866345405579
8989,4,3,0.417627215385437
8990,1,1,0.9986674785614014
8991,0,0,0.936418890953064
8992,5,5,0.9074676036834717
8993,0,9,0.8544610142707825
8994,8,8,0.9927234053611755
8995,9,9,0.990643322467804
8996,3,7,0.6614172458648682
8997,5,2,0.4408338963985443
8998,9,9,0.9570996165275574
8999,3,5,0.4697128236293793
9000,8,8,0.962378978729248
9001,1,1,0.6500902771949768
9002,6,3,0.40075117349624634
9003,3,4,0.5035250782966614
9004,7,7,0.7647453546524048
9005,5,5,0.930971086025238
9006,6,6,0.7217841744422913
9007,2,7,0.4276764392852783
9008,0,0,0.9007719159126282
9009,2,2,0.2495601773262024
9010,8,8,0.5403644442558289
9011,2,6,0.7117108702659607
9012,8,8,0.6135083436965942
9013,7,7,0.8718160390853882
9014,7,7,0.6050316691398621
9015,8,8,0.5513627529144287
9016,1,1,0.9415184259414673
9017,0,0,0.7370093464851379
9018,8,0,0.3553446829319
9019,9,1,0.776000440120697
9020,7,9,0.7423803210258484
9021,0,0,0.578790545463562
9022,3,3,0.7816428542137146
9023,8,8,0.843917727470398
9024,0,0,0.9065160751342773
9025,5,5,0.7464557886123657
9026,9,0,0.5675070881843567
9027,5,5,0.5649253129959106
9028,8,8,0.860620379447937
9029,4,4,0.5485869646072388
9030,2,2,0.5935542583465576
9031,0,8,0.4926214814186096
9032,9,1,0.5630502700805664
9033,2,2,0.4707576334476471
9034,2,4,0.8484481573104858
9035,4,7,0.6400919556617737
9036,4,7,0.5056222677230835
9037,9,9,0.9435946345329285
9038,2,4,0.574019730091095
9039,2,2,0.34247010946273804
9040,2,5,0.6604111790657043
9041,5,3,0.4084489941596985
9042,1,1,0.9474761486053467
9043,3,0,0.6476535201072693
9044,2,2,0.480045348405838
9045,0,0,0.9415029883384705
9046,0,1,0.5209478139877319
9047,4,2,0.2578366994857788
9048,0,9,0.40844470262527466
9049,6,7,0.421132355928421
9050,5,3,0.47359633445739746
9051,8,8,0.9745851159095764
9052,0,1,0.3598293662071228
9053,5,5,0.776461124420166
9054,8,8,0.7136601209640503
9055,6,6,0.9036357402801514
9056,4,7,0.5393005013465881
9057,8,3,0.44095686078071594
9058,5,5,0.30220988392829895
9059,2,5,0.5999058485031128
9060,9,9,0.7340437769889832
9061,7,7,0.9827762842178345
9062,9,9,0.6380332708358765
9063,7,7,0.9997093081474304
9064,1,9,0.5653813481330872
9065,0,0,0.5513408780097961
9066,1,1,0.7027690410614014
9067,9,1,0.725411593914032
9068,6,3,0.5549043416976929
9069,9,1,0.8025668263435364
9070,2,4,0.8355247974395752
9071,7,3,0.6635472178459167
9072,9,9,0.913181722164154
9073,4,6,0.4052045941352844
9074,4,4,0.721866250038147
9075,0,0,0.9239084124565125
9076,6,6,0.8062145113945007
9077,2,2,0.6205756664276123
9078,4,4,0.4033605456352234
9079,1,1,0.6810060739517212
9080,3,3,0.6879903078079224
9081,7,7,0.9738302826881409
9082,2,3,0.5460044145584106
9083,8,8,0.569874107837677
9084,5,5,0.6269680261611938
9085,9,1,0.4855293035507202
9086,0,0,0.985539436340332
9087,3,5,0.2695499658584595
9088,2,3,0.41406866908073425
9089,3,3,0.9713799357414246
9090,2,2,0.5888203978538513
9091,7,7,0.9985784292221069
9092,6,2,0.5460982918739319
9093,3,5,0.4259469509124756
9094,2,2,0.7806898951530457
9095,5,5,0.6483883261680603
9096,9,9,0.8610725998878479
9097,0,0,0.6505408883094788
9098,5,5,0.6720616221427917
9099,9,9,0.620363712310791
9100,9,9,0.7012819051742554
9101,8,8,0.8961257338523865
9102,7,7,0.6991706490516663
9103,7,7,0.7825819849967957
9104,4,4,0.923915445804596
9105,8,0,0.7128353118896484
9106,6,6,0.7836942076683044
9107,5,3,0.3427008092403412
9108,2,2,0.7221627831459045
9109,3,3,0.46379607915878296
9110,1,1,0.9812011122703552
9111,0,0,0.9933359622955322
9112,4,4,0.9889189600944519
9113,1,3,0.3028036057949066
9114,8,8,0.5464705228805542
9115,8,8,0.9882329106330872
9116,4,4,0.7153876423835754
9117,9,9,0.7743641138076782
9118,4,4,0.7570739388465881
9119,4,4,0.5839473605155945
9120,3,3,0.4350629448890686
9121,3,3,0.5136014223098755
9122,9,5,0.25519847869873047
9123,2,2,0.5984451174736023
9124,0,0,0.9918261766433716
9125,1,1,0.9630597829818726
9126,1,0,0.4619177281856537
9127,8,8,0.851391077041626
9128,4,3,0.5439691543579102
9129,4,4,0.3797076344490051
9130,8,8,0.5453757643699646
9131,3,5,0.664234459400177
9132,2,1,0.27245455980300903
9133,9,0,0.5425221920013428
9134,5,5,0.5404216051101685
9135,7,7,0.5253583192825317
9136,6,6,0.6743079423904419
9137,2,6,0.7787014842033386
9138,5,5,0.9936922788619995
9139,4,4,0.7543853521347046
9140,7,7,0.47705745697021484
9141,3,3,0.5724895596504211
9142,3,0,0.3622223436832428
9143,9,9,0.20570111274719238
9144,0,8,0.4921703040599823
9145,1,1,0.48776471614837646
9146,5,5,0.9204337000846863
9147,9,3,0.5128891468048096
9148,3,5,0.7931190133094788
9149,7,1,0.5775919556617737
9150,6,6,0.9882440567016602
9151,0,0,0.5157073736190796
9152,4,2,0.4291556179523468
9153,2,0,0.5695760250091553
9154,2,2,0.765814483165741
9155,5,5,0.9279513955116272
9156,6,6,0.897348940372467
9157,3,3,0.85639888048172
9158,8,8,0.8983359336853027
9159,9,9,0.7915385961532593
9160,5,5,0.45092514157295227
9161,6,6,0.9178813099861145
9162,1,1,0.43831607699394226
9163,4,2,0.6635435223579407
9164,5,5,0.8396917581558228
9165,4,4,0.8756922483444214
9166,6,6,0.6558372974395752
9167,7,7,0.9724383354187012
9168,2,2,0.8959701061248779
9169,1,8,0.774818480014801
9170,0,9,0.5867431163787842
9171,2,2,0.45204439759254456
9172,0,0,0.9481719136238098
9173,4,4,0.42049917578697205
9174,9,9,0.6803631782531738
9175,8,0,0.749664306640625
9176,8,0,0.44095954298973083
9177,9,9,0.5060479044914246
9178,1,1,0.8650157451629639
9179,1,1,0.9963591694831848
9180,5,5,0.8101637959480286
9181,0,0,0.9959866404533386
9182,0,0,0.992672860622406
9183,8,8,0.747163712978363
9184,7,7,0.9450151920318604
9185,1,1,0.591973066329956
9186,7,7,0.8051973581314087
9187,4,4,0.8241603374481201
9188,5,2,0.2851080596446991
9189,4,4,0.5213114619255066
9190,3,4,0.36541905999183655
9191,3,4,0.4602522552013397
9192,2,4,0.3666421175003052
9193,0,4,0.6336691379547119
9194,6,6,0.8571398854255676
9195,6,6,0.9928816556930542
9196,0,0,0.90493243932724
9197,1,1,0.8580695390701294
9198,3,3,0.778141438961029
9199,9,9,0.8513612747192383
9200,8,8,0.9402831196784973
9201,3,3,0.8943110108375549
9202,7,7,0.9891419410705566
9203,8,8,0.770439088344574
9204,9,8,0.734857439994812
9205,4,4,0.7481989860534668
9206,8,0,0.7891737818717957
9207,9,9,0.8083406686782837
9208,0,8,0.759120523929596
9209,9,1,0.8722255825996399
9210,7,7,0.9593305587768555
9211,1,1,0.5516754984855652
9212,6,6,0.870658278465271
9213,2,7,0.5287950038909912
9214,9,9,0.32869085669517517
9215,5,3,0.6069124341011047
9216,6,4,0.6047458648681641
9217,9,0,0.8340063691139221
9218,3,5,0.532660186290741
9219,9,3,0.36329978704452515
9220,8,8,0.598882794380188
9221,7,4,0.3957318365573883
9222,7,3,0.3678622245788574
9223,1,9,0.2262628674507141
9224,6,6,0.807346522808075
9225,5,2,0.5020970106124878
9226,3,4,0.8290295004844666
9227,1,9,0.6486176252365112
9228,3,3,0.9797717928886414
9229,1,2,0.31053659319877625
9230,2,4,0.26626405119895935
9231,7,5,0.49267578125
9232,1,1,0.8620091676712036
9233,8,8,0.8407580256462097
9234,2,2,0.39095404744148254
9235,0,0,0.7962111234664917
9236,9,9,0.9793733358383179
9237,7,3,0.555622398853302
9238,9,9,0.7970837354660034
9239,8,8,0.9932917356491089
9240,8,8,0.9567844867706299
9241,6,6,0.736511766910553
9242,7,7,0.7733885645866394
9243,3,3,0.6273972988128662
9244,7,7,0.9884058237075806
9245,1,1,0.769851803779602
9246,3,3,0.42682623863220215
9247,9,9,0.9486423134803772
9248,0,0,0.6489944458007812
9249,9,9,0.9147440195083618
9250,3,5,0.5377833247184753
9251,6,6,0.9095673561096191
9252,7,4,0.6503192186355591
9253,2,0,0.6640276908874512
9254,7,5,0.5146530270576477
9255,3,3,0.5307819843292236
9256,0,0,0.9968445301055908
9257,5,3,0.4855637550354004
9258,9,9,0.5219477415084839
9259,7,7,0.9802220463752747
9260,5,5,0.8840129971504211
9261,5,5,0.9812641143798828
9262,0,5,0.44506385922431946
9263,6,6,0.4582732319831848
9264,5,5,0.702772855758667
9265,1,1,0.8655893206596375
9266,8,8,0.8577889204025269
9267,2,1,0.6600021123886108
9268,7,7,0.3112910985946655
9269,5,0,0.4083869755268097
9270,9,9,0.6918970942497253
9271,0,0,0.4475259780883789
9272,0,0,0.9926072359085083
9273,0,7,0.5270470380783081
9274,8,8,0.4619695246219635
9275,8,8,0.9571343660354614
9276,7,7,0.7062776684761047
9277,3,5,0.5247510075569153
9278,7,7,0.5086427330970764
9279,8,8,0.9556121230125427
9280,9,9,0.6316587328910828
9281,3,4,0.563937783241272
9282,7,2,0.4254681468009949
9283,9,9,0.9739147424697876
9284,7,7,0.9886732697486877
9285,8,1,0.7806534767150879
9286,7,7,0.8126108646392822
9287,9,9,0.8086203336715698
9288,8,4,0.4438304603099823
9289,5,5,0.5416524410247803
9290,4,4,0.6526913642883301
9291,8,8,0.7747001051902771
9292,3,7,0.3157505691051483
9293,7,7,0.7776876091957092
9294,6,3,0.3129887878894806
9295,3,5,0.5222849249839783
9296,8,8,0.4851744472980499
9297,2,2,0.46452125906944275
9298,1,8,0.47368815541267395
9299,9,9,0.8227866888046265
9300,5,6,0.3372364640235901
9301,7,3,0.5410081148147583
9302,3,4,0.42322084307670593
9303,9,9,0.5407903790473938
9304,5,5,0.7167932391166687
9305,5,7,0.30899402499198914
9306,8,3,0.559119701385498
9307,7,7,0.9567604660987854
9308,3,3,0.6321558356285095
9309,5,3,0.6226226687431335
9310,3,3,0.5765936970710754
9311,5,5,0.46452412009239197
9312,9,9,0.46189138293266296
9313,7,4,0.4767895042896271
9314,6,6,0.6253160238265991
9315,7,7,0.9429399967193604
9316,3,3,0.2828826904296875
9317,6,3,0.34363558888435364
9318,4,4,0.8356758952140808
9319,3,5,0.496432900428772
9320,9,9,0.8480599522590637
9321,4,4,0.9330472350120544
9322,2,5,0.28305599093437195
9323,1,1,0.8732295632362366
9324,9,9,0.6529277563095093
9325,6,5,0.3948705494403839
9326,0,0,0.8228375315666199
9327,2,3,0.492674320936203
9328,6,3,0.5590571761131287
9329,7,7,0.9771197438240051
9330,4,2,0.48590025305747986
9331,7,7,0.39808884263038635
9332,9,9,0.9713281989097595
9333,0,0,0.5687045454978943
9334,7,7,0.959579348564148
9335,4,4,0.8291434049606323
9336,3,5,0.867843747138977
9337,5,9,0.30872973799705505
9338,3,3,0.5892937183380127
9339,1,1,0.7881498336791992
9340,1,1,0.9652242064476013
9341,2,3,0.32553717494010925
9342,6,6,0.6251763105392456
9343,8,8,0.8179144859313965
9344,2,3,0.6250345706939697
9345,1,1,0.8815401196479797
9346,7,5,0.5685163736343384
9347,8,8,0.93571537733078
9348,5,7,0.6791391968727112
9349,9,1,0.5996300578117371
9350,6,6,0.37677645683288574
9351,1,1,0.8043712973594666
9352,1,1,0.47494328022003174
9353,5,5,0.411846399307251
9354,0,0,0.9492571353912354
9355,6,3,0.38286224007606506
9356,0,0,0.9825924634933472
9357,9,9,0.9735876321792603
9358,2,2,0.9144602417945862
9359,6,6,0.4630899727344513
9360,5,5,0.2942112684249878
9361,8,2,0.40321215987205505
9362,9,9,0.7322720289230347
9363,5,2,0.3001381754875183
9364,5,5,0.9043294787406921
9365,6,6,0.9856314659118652
9366,2,2,0.4449387788772583
9367,9,9,0.7172214984893799
9368,1,1,0.8671594858169556
9369,5,6,0.7761017680168152
9370,8,9,0.47518736124038696
9371,8,8,0.6563872694969177
9372,7,7,0.9515220522880554
9373,1,1,0.9781369566917419
9374,7,7,0.40647250413894653
9375,3,4,0.60406094789505
9376,5,2,0.38863885402679443
9377,4,4,0.8039687871932983
9378,9,9,0.9287803173065186
9379,7,7,0.9911242723464966
9380,5,3,0.7046952843666077
9381,2,5,0.31038331985473633
9382,9,9,0.24597570300102234
9383,9,9,0.7822977304458618
9384,4,4,0.7988839149475098
9385,7,5,0.5674989223480225
9386,4,2,0.8787017464637756
9387,1,1,0.9353136420249939
9388,3,3,0.9046332240104675
9389,8,8,0.6628249287605286
9390,7,7,0.9132285714149475
9391,9,9,0.9376217126846313
9392,0,3,0.7258058190345764
9393,4,4,0.4700916111469269
9394,5,5,0.38750961422920227
9395,7,7,0.9895269870758057
9396,5,2,0.6041327118873596
9397,2,2,0.5701995491981506
9398,8,1,0.820699155330658
9399,7,7,0.9955348968505859
9400,6,6,0.9851576089859009
9401,9,9,0.5847915410995483
9402,6,6,0.3522759974002838
9403,9,9,0.5152463912963867
9404,3,5,0.275993674993515
9405,8,8,0.9640263319015503
9406,5,5,0.3376275599002838
9407,6,6,0.7797834873199463
9408,6,6,0.531667947769165
9409,9,0,0.34405162930488586
9410,5,5,0.8581928610801697
9411,7,7,0.9138786196708679
9412,8,8,0.9786888957023621
9413,0,0,0.9566834568977356
9414,5,3,0.70157390832901
9415,0,1,0.5161657333374023
9416,7,7,0.8661243915557861
9417,4,4,0.4180556535720825
9418,8,1,0.6471154093742371
9419,2,2,0.9531172513961792
9420,5,3,0.36956655979156494
9421,1,9,0.691241979598999
9422,3,5,0.58635014295578
9423,2,4,0.8355976939201355
9424,2,2,0.7606394290924072
9425,6,6,0.9754049181938171
9426,2,4,0.7475745677947998
9427,1,1,0.8434562683105469
9428,7,0,0.25023457407951355
9429,4,5,0.46497249603271484
9430,6,6,0.8081841468811035
9431,3,3,0.4898761510848999
9432,1,1,0.8866727948188782
9433,3,5,0.3488975167274475
9434,7,3,0.3815059959888458
9435,2,3,0.34575968980789185
9436,1,6,0.7589406371116638
9437,3,7,0.38609033823013306
9438,7,7,0.781107485294342
9439,0,0,0.47591909766197205
9440,8,8,0.9651355743408203
9441,4,4,0.7172732353210449
9442,4,4,0.586431086063385
9443,5,2,0.8113959431648254
9444,7,7,0.9281871914863586
9445,9,5,0.24186405539512634
9446,5,3,0.6144899129867554
9447,4,4,0.7903242111206055
9448,3,5,0.44615286588668823
9449,9,0,0.7302732467651367
9450,6,3,0.5726616382598877
9451,8,8,0.7112024426460266
9452,2,0,0.6939795017242432
9453,3,3,0.4607692360877991
9454,3,3,0.30120140314102173
9455,1,1,0.9737848043441772
9456,6,6,0.9914289116859436
9457,1,1,0.7813888788223267
9458,7,7,0.9988516569137573
9459,0,0,0.9512619972229004
9460,3,3,0.5516005754470825
9461,4,6,0.8865450620651245
9462,2,0,0.7688250541687012
9463,9,8,0.713837742805481
9464,4,6,0.5393351316452026
9465,5,2,0.74959796667099
9466,8,8,0.5943483114242554
9467,2,9,0.6332025527954102
9468,7,7,0.5640538930892944
9469,0,0,0.7346521615982056
9470,9,9,0.9792642593383789
9471,6,7,0.399047315120697
9472,8,8,0.7318598031997681
9473,0,0,0.8485497832298279
9474,8,8,0.8330501317977905
9475,2,2,0.8280316591262817
9476,8,8,0.89287930727005
9477,5,5,0.8976255655288696
9478,7,7,0.9955624341964722
9479,7,7,0.9415255784988403
9480,2,2,0.847639799118042
9481,2,5,0.3696472942829132
9482,0,2,0.5642361640930176
9483,0,0,0.7309269905090332
9484,0,9,0.8327772617340088
9485,7,7,0.8542100191116333
9486,4,4,0.4360778033733368
9487,1,1,0.9555906653404236
9488,6,6,0.5181512832641602
9489,6,6,0.8559137582778931
9490,8,8,0.43654951453208923
9491,8,4,0.5717188715934753
9492,9,9,0.7367381453514099
9493,0,0,0.6575780510902405
9494,9,1,0.587416410446167
9495,0,0,0.8902997374534607
9496,1,1,0.990326464176178
9497,3,2,0.4478509724140167
9498,3,3,0.4199633300304413
9499,0,0,0.8662191033363342
9500,9,9,0.5444120764732361
9501,6,2,0.3394390046596527
9502,6,6,0.9206380248069763
9503,2,6,0.5571403503417969
9504,6,6,0.9960834980010986
9505,3,3,0.34604817628860474
9506,4,2,0.5422402024269104
9507,0,0,0.43757182359695435
9508,8,8,0.8453928828239441
9509,4,5,0.5673820376396179
9510,1,1,0.8628396987915039
9511,4,4,0.7497147917747498
9512,0,0,0.7449957728385925
9513,6,3,0.4188997745513916
9514,5,1,0.7929049730300903
9515,0,9,0.8870910406112671
9516,9,9,0.9992362260818481
9517,9,6,0.5521916747093201
9518,9,9,0.8782404661178589
9519,9,9,0.9144712090492249
9520,1,1,0.7412548661231995
9521,2,2,0.32319092750549316
9522,3,4,0.7273451685905457
9523,5,5,0.6839091777801514
9524,4,4,0.8842393159866333
9525,2,2,0.8090837001800537
9526,9,9,0.9038069248199463
9527,6,5,0.4991838037967682
9528,0,8,0.5829985737800598
9529,9,7,0.5183076858520508
9530,6,6,0.9890899062156677
9531,6,6,0.9744746088981628
9532,8,8,0.9107946157455444
9533,0,0,0.41003310680389404
9534,6,6,0.8713549375534058
9535,1,1,0.6392346620559692
9536,4,4,0.6807623505592346
9537,6,6,0.7770941853523254
9538,8,9,0.567263662815094
9539,0,0,0.9677248001098633
9540,5,5,0.9465451836585999
9541,4,4,0.47483521699905396
9542,1,9,0.569306492805481
9543,2,2,0.9813295602798462
9544,0,0,0.4847188889980316
9545,9,9,0.9944989085197449
9546,6,6,0.9704511761665344
9547,4,4,0.7820421457290649
9548,2,3,0.35389047861099243
9549,4,5,0.4200546145439148
9550,6,6,0.9842604994773865
9551,5,5,0.4524003267288208
9552,9,9,0.5834684371948242
9553,7,7,0.5364854335784912
9554,7,7,0.9995774626731873
9555,4,4,0.4072299599647522
9556,6,6,0.6522878408432007
9557,5,2,0.5898252725601196
9558,0,0,0.945323646068573
9559,1,1,0.5482515692710876
9560,9,8,0.5163763165473938
9561,0,0,0.5441870093345642
9562,3,3,0.8896651268005371
9563,1,1,0.4372445344924927
9564,9,9,0.8921198844909668
9565,0,0,0.9944767355918884
9566,9,9,0.9591064453125
9567,7,3,0.28498175740242004
9568,8,8,0.9505901336669922
9569,6,6,0.6330658197402954
9570,7,7,0.7224615812301636
9571,6,6,0.9826777577400208
9572,8,8,0.9311468601226807
9573,2,5,0.3017520308494568
9574,4,4,0.9751977324485779
9575,5,5,0.803167462348938
9576,3,3,0.3946239948272705
9577,0,0,0.9030249714851379
9578,3,3,0.43314653635025024
9579,2,2,0.5469335317611694
9580,1,8,0.8082238435745239
9581,7,7,0.9977778792381287
9582,5,5,0.93890380859375
9583,9,9,0.6809999942779541
9584,3,3,0.8865344524383545
9585,4,4,0.771311342716217
9586,5,3,0.7627905011177063
9587,7,7,0.42283856868743896
9588,1,1,0.9905152320861816
9589,5,5,0.9893558621406555
9590,0,8,0.5297961831092834
9591,1,1,0.8864834904670715
9592,1,1,0.9115012288093567
9593,1,4,0.3892017602920532
9594,9,3,0.37891680002212524
9595,7,7,0.9955134987831116
9596,5,3,0.6068351864814758
9597,4,4,0.9036915302276611
9598,9,9,0.9011481404304504
9599,7,7,0.9997554421424866
9600,8,8,0.9591290354728699
9601,1,5,0.6980764865875244
9602,0,8,0.5152612328529358
9603,2,2,0.3681800663471222
9604,8,8,0.6609865427017212
9605,5,5,0.4082026183605194
9606,6,6,0.3976553976535797
9607,7,7,0.44595271348953247
9608,0,0,0.9249854683876038
9609,1,6,0.7399330735206604
9610,4,4,0.793254017829895
9611,8,8,0.9841160178184509
9612,4,5,0.3746824562549591
9613,4,4,0.9354989528656006
9614,6,6,0.9942222237586975
9615,6,6,0.9439358711242676
9616,5,4,0.7822543978691101
9617,8,8,0.7150279879570007
9618,1,1,0.9965018033981323
9619,8,8,0.9833532571792603
9620,4,4,0.41172534227371216
9621,6,6,0.760320782661438
9622,5,4,0.4382123053073883
9623,9,9,0.9951932430267334
9624,2,2,0.4238746762275696
9625,2,2,0.7492671012878418
9626,1,1,0.9758350849151611
9627,4,4,0.6000750064849854
9628,9,9,0.9983966946601868
9629,1,1,0.9674069285392761
9630,6,6,0.6486207246780396
9631,7,7,0.5173506140708923
9632,2,2,0.9674046039581299
9633,0,0,0.3827623426914215
9634,1,1,0.813561737537384
9635,7,4,0.3667077422142029
9636,6,6,0.7884219884872437
9637,5,4,0.5162264704704285
9638,2,2,0.9341049194335938
9639,2,2,0.7905197739601135
9640,5,0,0.5718461275100708
9641,6,5,0.47430670261383057
9642,0,0,0.9275127649307251
9643,9,0,0.4371284544467926
9644,0,0,0.38172081112861633
9645,1,1,0.9926804900169373
9646,5,5,0.2879686951637268
9647,3,3,0.37758249044418335
9648,3,3,0.4491065442562103
9649,5,5,0.6001768112182617
9650,8,8,0.8174057006835938
9651,7,7,0.990753173828125
9652,5,8,0.5655351877212524
9653,6,6,0.9962201714515686
9654,5,7,0.6895656585693359
9655,8,8,0.9955304265022278
9656,0,0,0.565188467502594
9657,5,3,0.7543295621871948
9658,9,9,0.924674391746521
9659,4,3,0.5807256102561951
9660,6,3,0.3067544996738434
9661,5,5,0.266300767660141
9662,1,1,0.8837791681289673
9663,1,1,0.7401773929595947
9664,0,0,0.8588422536849976
9665,3,5,0.8235827684402466
9666,3,2,0.47001418471336365
9667,9,9,0.7933357357978821
9668,4,7,0.9684744477272034
9669,8,8,0.9835984110832214
9670,1,9,0.46704694628715515
9671,7,7,0.9175387620925903
9672,7,7,0.9874030351638794
9673,9,1,0.5267138481140137
9674,9,9,0.9939197301864624
9675,4,7,0.7728345990180969
9676,3,5,0.3847169280052185
9677,6,6,0.9553431272506714
9678,3,2,0.3678215444087982
9679,2,5,0.429313063621521
9680,8,8,0.9606876969337463
9681,2,3,0.4148707985877991
9682,7,7,0.49911031126976013
9683,6,3,0.2759411036968231
9684,7,7,0.8604012727737427
9685,0,0,0.6052100658416748
9686,2,5,0.4629153311252594
9687,1,1,0.8981971144676208
9688,2,2,0.7998966574668884
9689,9,9,0.5712826251983643
9690,4,2,0.6393898725509644
9691,6,9,0.4912409782409668
9692,9,0,0.46787115931510925
9693,6,3,0.5816996097564697
9694,1,9,0.25467348098754883
9695,0,0,0.9023423790931702
9696,1,1,0.656278133392334
9697,8,0,0.673054039478302
9698,7,7,0.9688087701797485
9699,0,9,0.7605050802230835
9700,0,0,0.6842350959777832
9701,4,7,0.5107347965240479
9702,7,7,0.988404393196106
9703,4,1,0.3699812889099121
9704,2,5,0.5629855990409851
9705,6,3,0.2801385521888733
9706,9,9,0.84928959608078
9707,5,5,0.5470153093338013
9708,9,1,0.6095386743545532
9709,0,9,0.21520115435123444
9710,7,7,0.7440863251686096
9711,4,4,0.786375880241394
9712,5,5,0.6503037214279175
9713,8,8,0.9907392263412476
9714,1,0,0.5089664459228516
9715,4,4,0.3723098337650299
9716,7,5,0.606004536151886
9717,9,1,0.4545799195766449
9718,9,9,0.7507752180099487
9719,8,8,0.9858161211013794
9720,8,0,0.3220413327217102
9721,6,3,0.6526568531990051
9722,3,3,0.8222326040267944
9723,7,7,0.4215918481349945
9724,0,0,0.932763934135437
9725,8,8,0.8541346788406372
9726,9,1,0.49279919266700745
9727,6,6,0.5449727773666382
9728,2,4,0.48364606499671936
9729,4,2,0.7203811407089233
9730,6,6,0.3728480637073517
9731,2,2,0.8099289536476135
9732,9,9,0.2605588436126709
9733,7,7,0.9828689098358154
9734,4,7,0.6522644758224487
9735,6,6,0.5453831553459167
9736,8,8,0.9363804459571838
9737,5,5,0.3603932857513428
9738,6,6,0.7962895631790161
9739,1,1,0.8440139889717102
9740,3,6,0.9309735298156738
9741,5,5,0.6873868703842163
9742,9,8,0.5703473687171936
9743,9,1,0.7323752641677856
9744,1,9,0.530504584312439
9745,3,3,0.35165509581565857
9746,2,0,0.9291135668754578
9747,0,0,0.9354420304298401
9748,3,7,0.5190456509590149
9749,0,0,0.4811113774776459
9750,2,2,0.3147454559803009
9751,0,0,0.7422624230384827
9752,7,7,0.47247081995010376
9753,3,3,0.4832615256309509
9754,9,9,0.7427874207496643
9755,3,5,0.7313017249107361
9756,5,7,0.5364993214607239
9757,7,5,0.3093021810054779
9758,6,6,0.5397908687591553
9759,5,5,0.5183684229850769
9760,9,9,0.5357364416122437
9761,5,5,0.5890317559242249
9762,6,6,0.991245687007904
9763,1,1,0.9872167706489563
9764,2,2,0.4612583816051483
9765,4,4,0.7814691662788391
9766,0,0,0.9315134882926941
9767,2,2,0.6421663165092468
9768,7,7,0.9619119167327881
9769,8,8,0.5352678298950195
9770,4,7,0.5995433330535889
9771,4,4,0.9691039323806763
9772,0,0,0.4444276690483093
9773,9,9,0.8659839630126953
9774,5,4,0.33578386902809143
9775,9,9,0.9953786134719849
9776,2,4,0.6562639474868774
9777,9,6,0.2605021893978119
9778,3,3,0.4845678508281708
9779,2,4,0.6008938550949097
9780,4,4,0.7205113768577576
9781,3,5,0.5017398595809937
9782,2,2,0.42980146408081055
9783,2,2,0.7833427786827087
9784,8,8,0.5280652046203613
9785,8,0,0.5064676403999329
9786,6,0,0.6140109896659851
9787,8,8,0.540727436542511
9788,1,1,0.9989680051803589
9789,6,4,0.4710614085197449
9790,8,0,0.2096322476863861
9791,9,9,0.38491061329841614
9792,8,9,0.6538501977920532
9793,2,5,0.39264029264450073
9794,1,2,0.478763610124588
9795,4,4,0.7045437097549438
9796,9,9,0.6982207298278809
9797,1,1,0.921821117401123
9798,5,0,0.5649520754814148
9799,7,7,0.9130113124847412
9800,1,1,0.9504202604293823
9801,6,3,0.5880563855171204
9802,0,0,0.987828254699707
9803,1,1,0.8794516921043396
9804,5,5,0.35667410492897034
9805,2,0,0.7229897975921631
9806,8,8,0.9927454590797424
9807,1,1,0.6622197031974792
9808,1,1,0.7318508625030518
9809,3,3,0.6922426819801331
9810,8,8,0.5645459294319153
9811,1,1,0.47028806805610657
9812,3,8,0.4405157268047333
9813,1,1,0.9388020038604736
9814,8,8,0.9997751116752625
9815,5,5,0.585213303565979
9816,1,1,0.6088535785675049
9817,9,1,0.7929853200912476
9818,0,8,0.6217713952064514
9819,3,5,0.49555614590644836
9820,0,8,0.7017777562141418
9821,4,2,0.4948278069496155
9822,0,0,0.7499200105667114
9823,5,3,0.6810033917427063
9824,1,9,0.7309030294418335
9825,2,4,0.5961094498634338
9826,0,0,0.9598873257637024
9827,4,2,0.48169058561325073
9828,9,9,0.504806399345398
9829,5,7,0.7306501865386963
9830,1,1,0.8833225965499878
9831,2,2,0.5577748417854309
9832,2,4,0.5627721548080444
9833,7,7,0.8826639652252197
9834,8,0,0.5640949010848999
9835,7,7,0.5302426218986511
9836,2,2,0.3421078324317932
9837,4,4,0.5378885865211487
9838,5,5,0.6092847585678101
9839,3,3,0.2965427041053772
9840,4,7,0.7390583157539368
9841,0,0,0.4873139560222626
9842,6,4,0.5478501319885254
9843,1,1,0.9428749084472656
9844,5,5,0.5974008440971375
9845,9,9,0.9648480415344238
9846,8,8,0.8944286108016968
9847,0,0,0.8792256712913513
9848,2,2,0.4057868421077728
9849,0,2,0.6773470640182495
9850,7,4,0.9045542478561401
9851,6,6,0.47910377383232117
9852,0,0,0.8722893595695496
9853,5,6,0.6659466028213501
9854,9,9,0.9675631523132324
9855,7,7,0.7481085658073425
9856,5,9,0.5365674495697021
9857,0,1,0.9782038927078247
9858,4,2,0.4757630228996277
9859,6,6,0.3061538338661194
9860,0,2,0.2721618115901947
9861,6,6,0.9954426288604736
9862,3,1,0.5962170958518982
9863,6,6,0.883914053440094
9864,8,9,0.43692541122436523
9865,1,1,0.9329180717468262
9866,1,0,0.7241083979606628
9867,8,8,0.8016647696495056
9868,9,1,0.7007582783699036
9869,7,7,0.5566312074661255
9870,2,2,0.48991096019744873
9871,9,9,0.7323490381240845
9872,0,9,0.4970063269138336
9873,2,2,0.19497008621692657
9874,2,2,0.333686500787735
9875,9,9,0.6463496088981628
9876,0,0,0.9429057240486145
9877,6,2,0.7046118378639221
9878,5,2,0.5056070685386658
9879,7,5,0.4096567630767822
9880,7,7,0.35534340143203735
9881,9,9,0.7425981760025024
9882,1,1,0.9444600343704224
9883,7,7,0.5839670896530151
9884,9,1,0.6426126956939697
9885,8,8,0.932981550693512
9886,4,4,0.876126766204834
9887,5,5,0.3669314384460449
9888,0,0,0.256537526845932
9889,8,8,0.6410132646560669
9890,0,0,0.9959000945091248
9891,2,2,0.23115098476409912
9892,5,5,0.5473052859306335
9893,2,2,0.5103570818901062
9894,1,1,0.846276044845581
9895,4,4,0.869132399559021
9896,4,6,0.3322224020957947
9897,8,8,0.988828718662262
9898,9,9,0.8802531957626343
9899,7,7,0.7157897353172302
9900,8,9,0.6256343722343445
9901,3,4,0.28216660022735596
9902,6,1,0.913483738899231
9903,6,4,0.3958234488964081
9904,0,0,0.9092360138893127
9905,1,1,0.48668286204338074
9906,1,1,0.5437400937080383
9907,1,1,0.7860352396965027
9908,8,8,0.8044769167900085
9909,1,1,0.8233442306518555
9910,4,7,0.7329451441764832
9911,4,9,0.34195753931999207
9912,0,0,0.5281201004981995
9913,7,7,0.9849568009376526
9914,8,8,0.7702853679656982
9915,2,2,0.9324392080307007
9916,1,1,0.5002167820930481
9917,2,2,0.7069115042686462
9918,5,3,0.27002188563346863
9919,4,2,0.4442579448223114
9920,6,6,0.7473685145378113
9921,0,0,0.6755439043045044
9922,5,5,0.5975728034973145
9923,7,9,0.20175571739673615
9924,4,8,0.5574964880943298
9925,4,4,0.7074475884437561
9926,3,4,0.28773149847984314
9927,9,8,0.8876810669898987
9928,5,4,0.24824215471744537
9929,8,8,0.9322290420532227
9930,8,5,0.42674681544303894
9931,0,0,0.948712170124054
9932,8,0,0.4687938392162323
9933,7,2,0.4033530354499817
9934,4,7,0.634783923625946
9935,1,1,0.8181902170181274
9936,8,8,0.9059259295463562
9937,4,4,0.3830963969230652
9938,9,9,0.9797030091285706
9939,5,5,0.5848692059516907
9940,4,5,0.5536515116691589
9941,1,1,0.939969539642334
9942,7,7,0.6082248687744141
9943,7,7,0.8821654915809631
9944,7,7,0.8659353256225586
9945,7,4,0.7409452795982361
9946,0,0,0.9562206268310547
9947,3,3,0.37487855553627014
9948,8,8,0.4306798577308655
9949,3,3,0.5846832394599915
9950,3,3,0.5492193102836609
9951,0,0,0.9876297116279602
9952,5,5,0.969257116317749
9953,7,7,0.5285748243331909
9954,0,0,0.698901891708374
9955,8,8,0.9915618300437927
9956,0,0,0.8885539770126343
9957,0,1,0.7512208819389343
9958,9,9,0.9739900231361389
9959,2,3,0.8008065819740295
9960,2,0,0.9432156085968018
9961,3,3,0.890564501285553
9962,4,4,0.49218428134918213
9963,8,8,0.8512747883796692
9964,2,4,0.3075144290924072
9965,2,4,0.7721816301345825
9966,6,6,0.965707540512085
9967,3,4,0.5435380935668945
9968,3,7,0.2725093960762024
9969,6,9,0.519127607345581
9970,2,2,0.7746975421905518
9971,9,9,0.9935059547424316
9972,4,3,0.4063303768634796
9973,0,8,0.5369029641151428
9974,1,1,0.6807410717010498
9975,7,7,0.9986121654510498
9976,5,2,0.44160470366477966
9977,5,5,0.4914546608924866
9978,7,4,0.6460989713668823
9979,3,3,0.48475104570388794
9980,0,0,0.9565679430961609
9981,4,7,0.7527841329574585
9982,2,6,0.6472331285476685
9983,0,0,0.476095587015152
9984,7,4,0.43282341957092285
9985,5,3,0.4904480576515198
9986,8,8,0.8761410117149353
9987,0,0,0.5034286975860596
9988,8,8,0.6599822640419006
9989,2,4,0.7050719261169434
9990,7,7,0.9530802369117737
9991,0,0,0.7884799242019653
9992,3,3,0.706824541091919
9993,5,5,0.5108219385147095
9994,3,3,0.5225679874420166
9995,8,5,0.49260321259498596
9996,3,5,0.3697287142276764
9997,5,5,0.486897736787796
9998,1,1,0.6277349591255188
9999,7,7,0.9701369404792786
